timestamp_utc,sequence,frame,attacker_slot,attacker_name,attacker_base,attacker_char_id,action_id,action_name,victim_slot,victim_name,victim_base,victim_char_id,source_kind,source_confidence,source_score,source_age_frames,property_a,property_a_text,property_b,property_b_text,property_b_route_inference,phase_property_a,phase_property_b,runtime_status_20,actor,base_damage,final_damage,chip_damage,outcome,trigger_reasons,hp_before,hp_after,max_hp,recoverable_before,recoverable_after,red_health_generated,attacker_meter_before,attacker_meter_after,victim_meter_before,victim_meter_after,combo_before,combo_after,combo_scale_before,combo_scale_after,team_correction,baroque_active,baroque_red_spent,roll_power_flags,puddle_stacks,victim_action_before,victim_action_after,victim_action_path,reaction_phase_before,reaction_phase_after,reaction_phase_path,max_hitstun,max_blockstun,reaction_family_before,reaction_family_after,position_x_before,position_x_after,position_y_before,position_y_after,height_before,height_after,position_delta_x,position_delta_y,velocity_x_est,velocity_y_est,knockdown_observed,wall_reaction_observed,air_recovery_observed,position_stabilized_observed,sample_count,correlation_notes
2026-07-28T15:06:50Z,1,467,P1-C1,Ryu,2454108608,12,256,5A,P2-C1,Ken the Eagle,2457778656,1,move_definition,high,104.0,0,9,"Mid, Light Hit",64,Standard-strike baseline,standard-strike baseline,0,0,0,0,0,800,0,hit,"[""HP -800""]",44000,43200,44000,0,0,0,50000,50000,23749,24025,0,0,1.0,1.0,1.0,False,0,0,0,1,1,0x0001 Action 1 > 0x0040 Standing Hitstun > 0x0001 Action 1,hitstun,neutral,hitstun > neutral,21,0,0,0,0.7698439359664917,3.3069326877593994,0.0,0.0,0.0,0.0,2.5370887517929077,0.0,0.13353098693646884,0.0,False,False,False,False,19,source age 0f; current move definition; action ID matched; distance 0.00
2026-07-28T15:06:54Z,2,502,P1-C1,Ryu,2454108608,12,267,j.C,P2-C1,Ken the Eagle,2457778656,1,move_definition,medium,80.0,0,20,"High, Heavy Hit",64,Standard-strike baseline,standard-strike baseline,0,0,0,0,0,11642,0,hit,"[""HP -2560"",""hitstun +21"",""reaction neutral->hitstun""]",44000,32358,44000,0,4660,4660,50000,50000,24025,28057,0,0,1.0,1.0,1.0,False,0,0,0,1,96,0x0001 Action 1 > 0x0041 Overhead Hitstun > 0x0001 Action 1 > 0x0040 Standing Hitstun > 0x0042 Low Hitstun > 0x0040 Standing Hitstun > 0x0060 Soft Knockdown,neutral,knockdown,hitstun > knockdown,21,0,0,0,0.3794480562210083,1.362770915031433,-62.1952018737793,28.454042434692383,0.0,0.0,0.9833228588104248,90.64924430847168,0.05175383467423288,4.771012858340614,True,False,False,False,19,source age 0f; current move definition; action ID matched
2026-07-28T15:06:54Z,3,510,P1-C1,Ryu,2454108608,12,256,5A,P2-C1,Ken the Eagle,2457778656,1,move_definition,high,92.0,0,9,"Mid, Light Hit",64,Standard-strike baseline,standard-strike baseline,0,0,0,0,0,11053,0,hit,"[""HP -800"",""hitstun +12"",""last-hit/action transition""]",41440,30387,44000,1024,5449,4425,50000,50000,24914,28739,0,0,1.0,1.0,1.0,False,0,0,0,65,82,0x0001 Action 1 > 0x0040 Standing Hitstun > 0x0042 Low Hitstun > 0x0040 Standing Hitstun > 0x0060 Soft Knockdown > 0x005B Soft Knockdown > 0x0051 Bounce Launch > 0x0052 Bounce Off,hitstun,knockdown,hitstun > knockdown,21,0,0,0,0.6183149218559265,0.3510860502719879,0.0,83.16651153564453,0.0,0.0,-0.2672288715839386,83.16651153564453,-0.014064677451786241,4.377184817665501,True,True,False,False,19,source age 0f; current move definition; distance 0.12
2026-07-28T15:06:55Z,4,511,P1-C1,Ryu,2454108608,12,257,5B,P2-C1,Ken the Eagle,2457778656,1,move_definition,high,104.0,0,10,"Mid, Medium Hit",64,Standard-strike baseline,standard-strike baseline,0,0,0,0,0,10253,0,hit,"[""HP -1368"",""last-hit/action transition"",""hitstun +11""]",40640,30387,44000,1344,5449,4105,50000,50000,25190,28739,0,0,1.0,1.0,1.0,False,0,0,0,1,82,0x0040 Standing Hitstun > 0x0042 Low Hitstun > 0x0040 Standing Hitstun > 0x0060 Soft Knockdown > 0x005B Soft Knockdown > 0x0051 Bounce Launch > 0x0052 Bounce Off,hitstun,knockdown,hitstun > knockdown,21,0,0,0,0.8020040988922119,0.07225029170513153,0.0,86.77067565917969,0.0,0.0,-0.7297538071870804,86.77067565917969,-0.038408095115109495,4.566877666272615,True,True,False,False,19,source age 0f; current move definition; action ID matched; distance 0.00
2026-07-28T15:06:55Z,5,513,P1-C1,Ryu,2454108608,12,260,2B,P2-C1,Ken the Eagle,2457778656,1,move_definition,high,104.0,0,34,"Low, Medium Hit",64,Standard-strike baseline,standard-strike baseline,0,0,0,0,0,8885,0,hit,"[""HP -1224"",""hitstun +6""]",39272,30387,44000,1892,5449,3557,50000,50000,25664,28739,0,0,1.0,1.0,1.0,False,0,0,0,64,82,0x0040 Standing Hitstun > 0x0042 Low Hitstun > 0x0040 Standing Hitstun > 0x0060 Soft Knockdown > 0x005B Soft Knockdown > 0x0051 Bounce Launch > 0x0052 Bounce Off,hitstun,knockdown,hitstun > knockdown,21,0,0,0,1.2494663000106812,0.38075077533721924,0.0,0.0,0.0,0.0,-0.8687155246734619,0.0,-0.04572186971965589,0.0,True,True,False,False,19,source age 0f; current move definition; action ID matched; distance 0.00
2026-07-28T15:06:55Z,6,515,P1-C1,Ryu,2454108608,12,258,5C,P2-C1,Ken the Eagle,2457778656,1,move_definition,high,104.0,0,12,"Mid, Heavy Hit",64,Standard-strike baseline,standard-strike baseline,0,0,0,0,0,7661,0,hit,"[""HP -2108"",""hitstun +11""]",38048,30387,44000,2382,5449,3067,50000,50000,26087,28739,0,0,1.0,1.0,1.0,False,0,0,0,66,92,0x0042 Low Hitstun > 0x0040 Standing Hitstun > 0x0060 Soft Knockdown > 0x005B Soft Knockdown > 0x0051 Bounce Launch > 0x0052 Bounce Off > 0x005C Hard Knockdown,hitstun,knockdown,hitstun > knockdown,21,0,0,0,0.8543294072151184,0.43521612882614136,0.0,0.0,0.0,0.0,-0.41911327838897705,0.0,-0.022058593599419845,0.0,True,True,False,False,19,source age 0f; current move definition; action ID matched; distance 0.01
2026-07-28T15:06:56Z,7,518,P1-C1,Ryu,2454108608,12,261,2C,P2-C1,Ken the Eagle,2457778656,1,move_definition,medium,74.0,0,36,"Low, Heavy Hit",64,Standard-strike baseline,standard-strike baseline,0,0,0,0,0,5553,0,hit,"[""HP -1919"",""hitstun +2"",""reaction hitstun->knockdown""]",35940,30387,44000,3226,5449,2223,50000,50000,26817,28739,0,0,1.0,1.0,1.0,False,0,0,0,64,119,0x0040 Standing Hitstun > 0x0060 Soft Knockdown > 0x005B Soft Knockdown > 0x0051 Bounce Launch > 0x0052 Bounce Off > 0x005C Hard Knockdown > 0x0077 Get Up Face Down,hitstun,wakeup,hitstun > knockdown > wakeup,21,0,0,0,1.2406853437423706,0.6394838094711304,0.0,0.0,0.0,0.0,-0.6012015342712402,0.0,-0.0316421860142758,0.0,True,True,False,False,19,source age 0f; current move definition; distance 11.78
2026-07-28T15:06:56Z,8,520,P1-C1,Ryu,2454108608,12,262,6C,P2-C1,Ken the Eagle,2457778656,1,move_definition,medium,80.0,0,12,"Mid, Heavy Hit",64,Standard-strike baseline,standard-strike baseline,0,0,0,0,0,3634,0,hit,"[""HP -1663""]",34021,30387,44000,3994,5449,1455,50000,50000,27482,28739,0,0,1.0,1.0,1.0,False,0,0,0,96,1,0x0060 Soft Knockdown > 0x005B Soft Knockdown > 0x0051 Bounce Launch > 0x0052 Bounce Off > 0x005C Hard Knockdown > 0x0077 Get Up Face Down > 0x0001 Action 1,knockdown,hitstun,knockdown > wakeup > hitstun,21,0,0,0,1.4718981981277466,0.818693220615387,21.682085037231445,0.0,0.0,0.0,-0.6532049775123596,-21.682085037231445,-0.03437920934275577,-1.1411623703806024,True,True,False,False,19,source age 0f; current move definition; action ID matched
2026-07-28T15:06:57Z,9,524,P1-C1,Ryu,2454108608,12,315,Donkey H,P2-C1,Ken the Eagle,2457778656,1,move_definition,medium,80.0,0,12,"Mid, Heavy Hit",262208,"Standard-strike baseline, Special chip route B, one-eighth damage",standard-strike baseline; special chip route,0,0,0,0,0,1971,0,hit,"[""HP -1971""]",32358,30387,44000,4660,5449,789,50000,50000,28057,28739,0,0,1.0,1.0,1.0,False,0,0,0,91,1,0x005B Soft Knockdown > 0x0051 Bounce Launch > 0x0052 Bounce Off > 0x005C Hard Knockdown > 0x0077 Get Up Face Down > 0x0001 Action 1,knockdown,hitstun,knockdown > wakeup > hitstun,21,0,0,0,0.3389766216278076,0.8158304691314697,75.96522521972656,0.0,0.0,0.0,0.4768538475036621,-75.96522521972656,0.025097570921245375,-3.9981697484066614,True,True,False,False,19,source age 0f; current move definition; action ID matched
2026-07-28T15:06:59Z,10,538,P1-C1,Ryu,2454108608,12,315,Donkey H,P2-C1,Ken the Eagle,2457778656,1,move_definition_latched,high,92.0,0,12,"Mid, Heavy Hit",262208,"Standard-strike baseline, Special chip route B, one-eighth damage",standard-strike baseline; special chip route,0,0,0,0,0,0,0,"hit, no HP loss","[""reaction wakeup->hitstun""]",30387,30387,44000,5449,0,-5449,50000,50000,28739,28739,0,0,1.0,1.0,1.0,False,0,0,0,119,1,0x0001 Action 1,wakeup,hitstun,hitstun,21,0,0,0,0.7899466156959534,0.8182617425918579,0.0,0.0,0.0,0.0,0.02831512689590454,0.0,0.0014902698366265547,0.0,False,False,False,True,19,source age 0f; current move definition; distance 0.00
2026-07-28T15:12:38Z,11,4915,P2-C2,Casshan,2465118752,2,430,assist standby,P1-C2,Chun-Li,2461448704,13,unresolved_attacker,low,7.37,0,0,"No guard category, No strength tier",0,No property B bits,none,0,0,0,0,0,4600,0,hit,"[""HP -4600""]",46000,41400,46000,0,4600,4600,28739,29015,50000,50000,0,0,1.0,1.0,1.0,False,0,0,0,430,1,0x01AE Action 430 > 0x01A2 Action 418 > 0x01A9 Action 425 > 0x0001 Action 1 > 0x0002 Action 2 > 0x0001 Action 1,neutral,neutral,neutral,0,0,0,0,10.780903816223145,0.6966503262519836,4.556118488311768,0.0,0.0,0.0,-10.084253489971161,-4.556118488311768,-0.5307501836826927,-0.23979570991114565,False,False,False,False,19,closest opposing fighter at 4.63
2026-07-28T15:12:39Z,12,4917,P1-C2,Chun-Li,2461448704,13,418,Tag In,P2-C1,Ken the Eagle,2457778656,1,move_definition,medium,80.0,0,12,"Mid, Heavy Hit",64,Standard-strike baseline,standard-strike baseline,0,0,0,0,0,800,0,hit,"[""HP -800"",""reaction hitstun->knockdown""]",44000,43200,44000,0,0,0,50000,50000,28739,29015,0,0,1.0,1.0,1.0,False,0,0,0,1,1,0x0001 Action 1 > 0x0059 Spiral Knockdown > 0x0066 Knockdown Face Up > 0x0071 Get Up Face Up > 0x0020 Action 32 > 0x0001 Action 1,hitstun,hitstun,hitstun > knockdown > wakeup,21,0,0,0,2.752822160720825,0.6971558332443237,-13.47661304473877,0.0,0.0,0.0,-2.0556663274765015,13.47661304473877,-0.10819296460402639,0.7092954234073037,True,False,False,False,19,source age 0f; current move definition; action ID matched
2026-07-28T15:12:40Z,13,4925,P1-C2,Chun-Li,2461448704,13,418,Tag In,P2-C1,Ken the Eagle,2457778656,1,move_definition_latched,high,92.0,0,12,"Mid, Heavy Hit",64,Standard-strike baseline,standard-strike baseline,0,0,0,0,0,0,0,"hit, no HP loss","[""reaction wakeup->hitstun""]",43200,43200,44000,320,0,-320,50000,50000,29015,29015,0,0,1.0,1.0,1.0,False,0,0,0,113,1,0x0020 Action 32 > 0x0001 Action 1,wakeup,hitstun,hitstun,21,0,0,0,0.8504173755645752,0.6966322660446167,0.0,0.0,0.0,0.0,-0.1537851095199585,0.0,-0.008093953132629395,0.0,False,False,False,True,19,source age 0f; current move definition; distance 0.00
2026-07-28T15:12:49Z,14,5041,P1-C2,Chun-Li,2461448704,13,418,Tag In,P2-C1,Ken the Eagle,2457778656,1,move_definition_latched,high,92.0,0,12,"Mid, Heavy Hit",64,Standard-strike baseline,standard-strike baseline,0,0,0,0,0,3359,0,hit,"[""HP -540""]",44000,40641,44000,0,1345,1345,50000,50000,29015,30176,0,0,1.0,1.0,1.0,False,0,0,0,1,1,0x0001 Action 1 > 0x0040 Standing Hitstun > 0x0042 Low Hitstun > 0x0060 Soft Knockdown > 0x0066 Knockdown Face Up > 0x0067 Wakeup Transition > 0x0071 Get Up Face Up > 0x0020 Action 32 > 0x0001 Action 1,hitstun,hitstun,hitstun > knockdown > wakeup,21,0,0,0,0.9403853416442871,0.6182535886764526,0.0,0.0,0.0,0.0,-0.3221317529678345,0.0,-0.01695430278778076,0.0,True,False,False,False,19,source age 0f; current move definition; distance 0.02
2026-07-28T15:12:50Z,15,5043,P1-C2,Chun-Li,2461448704,13,260,2B,P2-C1,Ken the Eagle,2457778656,1,move_definition,high,92.0,0,34,"Low, Medium Hit",64,Standard-strike baseline,standard-strike baseline,0,0,0,0,0,3359,0,hit,"[""HP -893""]",43460,40101,44000,216,1561,1345,50000,50000,29202,30363,0,0,1.0,1.0,1.0,False,0,0,0,64,64,0x0040 Standing Hitstun > 0x0042 Low Hitstun > 0x0060 Soft Knockdown > 0x0066 Knockdown Face Up > 0x0067 Wakeup Transition > 0x0071 Get Up Face Up > 0x0020 Action 32 > 0x0001 Action 1 > 0x0040 Standing Hitstun,hitstun,hitstun,hitstun > knockdown > wakeup,21,0,0,0,1.3027195930480957,1.0705665349960327,0.0,0.0,0.0,0.0,-0.232153058052063,0.0,-0.012218582002740157,0.0,True,False,False,True,19,source age 0f; current move definition; distance 0.00
2026-07-28T15:12:50Z,16,5044,P1-C2,Chun-Li,2461448704,13,261,2C,P2-C1,Ken the Eagle,2457778656,1,move_definition,medium,86.0,0,36,"Low, Heavy Hit",64,Standard-strike baseline,standard-strike baseline,0,0,0,0,0,3359,0,hit,"[""HP -1926"",""hitstun +5"",""last-hit/action transition"",""hitstun +9"",""reaction hitstun->knockdown""]",42567,39208,44000,574,1919,1345,50000,50000,29510,30671,0,0,1.0,1.0,1.0,False,0,0,0,64,64,0x0042 Low Hitstun > 0x0060 Soft Knockdown > 0x0066 Knockdown Face Up > 0x0067 Wakeup Transition > 0x0071 Get Up Face Up > 0x0020 Action 32 > 0x0001 Action 1 > 0x0040 Standing Hitstun,hitstun,hitstun,hitstun > knockdown > wakeup,21,0,0,0,0.9374312162399292,0.9789752960205078,0.0,0.0,0.0,0.0,0.04154407978057861,0.0,0.0021865305147672955,0.0,True,False,False,True,19,source age 0f; current move definition; action ID matched; distance 9.57
2026-07-28T15:12:51Z,17,5053,P1-C1,Ryu,2454108608,12,315,Donkey H,P2-C1,Ken the Eagle,2457778656,1,move_definition_latched,medium,68.0,0,12,"Mid, Heavy Hit",262208,"Standard-strike baseline, Special chip route B, one-eighth damage",standard-strike baseline; special chip route,0,0,0,0,0,3359,0,hit,"[""reaction wakeup->hitstun""]",40641,37282,44000,1345,2690,1345,50000,50000,30176,31337,0,0,1.0,1.0,1.0,False,0,0,0,113,113,0x0020 Action 32 > 0x0001 Action 1 > 0x0040 Standing Hitstun > 0x0042 Low Hitstun > 0x0060 Soft Knockdown > 0x0066 Knockdown Face Up > 0x0071 Get Up Face Up,wakeup,wakeup,hitstun > knockdown > wakeup,21,0,0,0,0.2889489531517029,0.7773102521896362,-66.49231719970703,0.0,0.0,0.0,0.48836129903793335,66.49231719970703,0.025703226265154387,3.4995956420898438,True,False,False,False,19,source age 0f; current move definition
2026-07-28T15:12:52Z,18,5060,P1-C2,Chun-Li,2461448704,13,259,2A,P2-C1,Ken the Eagle,2457778656,1,move_definition,high,104.0,0,9,"Mid, Light Hit",64,Standard-strike baseline,standard-strike baseline,0,0,0,0,0,7076,0,hit,"[""HP -540""]",40641,33565,44000,1345,4179,2834,50000,50000,30176,32622,0,0,1.0,1.0,1.0,False,0,0,0,1,66,0x0001 Action 1 > 0x0040 Standing Hitstun > 0x0042 Low Hitstun > 0x0060 Soft Knockdown > 0x0066 Knockdown Face Up > 0x0071 Get Up Face Up > 0x0001 Action 1 > 0x0040 Standing Hitstun > 0x0042 Low Hitstun,hitstun,hitstun,hitstun > knockdown > wakeup,21,0,0,0,0.6182535886764526,1.55095636844635,0.0,3.979604959487915,0.0,0.0,0.9327027797698975,3.979604959487915,0.04908961998788934,0.2094528926046271,True,False,False,False,19,source age 0f; current move definition; action ID matched; distance 0.00
2026-07-28T15:12:53Z,19,5062,P1-C2,Chun-Li,2461448704,13,260,2B,P2-C1,Ken the Eagle,2457778656,1,move_definition,high,104.0,0,34,"Low, Medium Hit",64,Standard-strike baseline,standard-strike baseline,0,0,0,0,0,6536,0,hit,"[""HP -893"",""hitstun +6""]",40101,33565,44000,1561,4179,2618,50000,50000,30363,32622,0,0,1.0,1.0,1.0,False,0,0,0,64,96,0x0040 Standing Hitstun > 0x0042 Low Hitstun > 0x0060 Soft Knockdown > 0x0066 Knockdown Face Up > 0x0071 Get Up Face Up > 0x0001 Action 1 > 0x0040 Standing Hitstun > 0x0042 Low Hitstun > 0x0060 Soft Knockdown,hitstun,knockdown,hitstun > knockdown > wakeup,21,0,0,0,1.0705665349960327,2.736217498779297,0.0,0.0,0.0,0.0,1.6656509637832642,0.0,0.08766584019911916,0.0,True,False,False,False,19,source age 0f; current move definition; action ID matched; distance 0.00
2026-07-28T15:12:53Z,20,5063,P1-C2,Chun-Li,2461448704,13,261,2C,P2-C1,Ken the Eagle,2457778656,1,move_definition,medium,86.0,0,36,"Low, Heavy Hit",64,Standard-strike baseline,standard-strike baseline,0,0,0,0,0,5643,0,hit,"[""HP -1926"",""last-hit/action transition"",""hitstun +9"",""reaction hitstun->knockdown""]",39208,33565,44000,1919,4179,2260,50000,50000,30671,32622,0,0,1.0,1.0,1.0,False,0,0,0,64,102,0x0042 Low Hitstun > 0x0060 Soft Knockdown > 0x0066 Knockdown Face Up > 0x0071 Get Up Face Up > 0x0001 Action 1 > 0x0040 Standing Hitstun > 0x0042 Low Hitstun > 0x0060 Soft Knockdown > 0x0066 Knockdown Face Up,hitstun,knockdown,hitstun > knockdown > wakeup,21,0,0,0,0.9789752960205078,2.1204214096069336,0.0,0.0,0.0,0.0,1.1414461135864258,0.0,0.06007611124139083,0.0,True,False,False,False,19,source age 0f; current move definition; action ID matched; distance 10.78
2026-07-28T15:12:54Z,21,5073,P1-C2,Chun-Li,2461448704,13,261,2C,P2-C1,Ken the Eagle,2457778656,1,move_definition_latched,high,92.0,0,36,"Low, Heavy Hit",64,Standard-strike baseline,standard-strike baseline,0,0,0,0,0,7434,0,hit,"[""reaction wakeup->hitstun""]",37282,29848,44000,2690,5668,2978,50000,50000,31337,33907,0,0,1.0,1.0,1.0,False,0,0,0,113,96,0x0001 Action 1 > 0x0040 Standing Hitstun > 0x0042 Low Hitstun > 0x0060 Soft Knockdown > 0x0066 Knockdown Face Up > 0x0071 Get Up Face Up > 0x0040 Standing Hitstun > 0x0042 Low Hitstun > 0x0060 Soft Knockdown,wakeup,knockdown,hitstun > knockdown > wakeup,21,0,0,0,0.7509308457374573,1.9970371723175049,0.0,19.114013671875,0.0,0.0,1.2461063265800476,19.114013671875,0.06558454350421303,1.0060007195723684,True,False,False,False,19,source age 0f; current move definition; distance 0.02
2026-07-28T15:12:55Z,22,5074,P1-C2,Chun-Li,2461448704,13,259,2A,P2-C1,Ken the Eagle,2457778656,1,move_definition,high,104.0,0,9,"Mid, Light Hit",64,Standard-strike baseline,standard-strike baseline,0,0,0,0,0,7434,0,hit,"[""HP -1053""]",37282,29848,44000,2690,5668,2978,50000,50000,31337,33907,0,0,1.0,1.0,1.0,False,0,0,0,1,96,0x0001 Action 1 > 0x0040 Standing Hitstun > 0x0042 Low Hitstun > 0x0060 Soft Knockdown > 0x0066 Knockdown Face Up > 0x0071 Get Up Face Up > 0x0040 Standing Hitstun > 0x0042 Low Hitstun > 0x0060 Soft Knockdown,hitstun,knockdown,hitstun > knockdown > wakeup,21,0,0,0,0.8701955080032349,2.7255699634552,0.0,6.84805154800415,0.0,0.0,1.8553744554519653,6.84805154800415,0.0976512871290508,0.36042376568442897,True,False,False,False,19,source age 0f; current move definition; action ID matched; distance 0.00
2026-07-28T15:12:55Z,23,5076,P1-C2,Chun-Li,2461448704,13,261,2C,P2-C1,Ken the Eagle,2457778656,1,move_definition_latched,high,98.75,3,36,"Low, Heavy Hit",64,Standard-strike baseline,standard-strike baseline,0,0,0,0,0,6381,0,hit,"[""HP -846"",""hitstun +5""]",36229,29848,44000,3112,5668,2556,50000,50000,31700,33907,0,0,1.0,1.0,1.0,False,0,0,0,64,102,0x0040 Standing Hitstun > 0x0042 Low Hitstun > 0x0060 Soft Knockdown > 0x0066 Knockdown Face Up > 0x0071 Get Up Face Up > 0x0040 Standing Hitstun > 0x0042 Low Hitstun > 0x0060 Soft Knockdown > 0x0066 Knockdown Face Up,hitstun,knockdown,hitstun > knockdown > wakeup,21,0,0,0,1.4678407907485962,1.8807590007781982,0.0,0.0,0.0,0.0,0.41291821002960205,0.0,0.021732537369979054,0.0,True,False,False,False,19,source age 3f; current move definition; action ID matched; distance 0.00
2026-07-28T15:12:55Z,24,5078,P1-C2,Chun-Li,2461448704,13,261,2C,P2-C1,Ken the Eagle,2457778656,1,move_definition,medium,86.0,0,36,"Low, Heavy Hit",64,Standard-strike baseline,standard-strike baseline,0,0,0,0,0,5535,0,hit,"[""HP -1818"",""hitstun +4"",""reaction hitstun->knockdown""]",35383,29848,44000,3451,5668,2217,50000,50000,31992,33907,0,0,1.0,1.0,1.0,False,0,0,0,66,113,0x0042 Low Hitstun > 0x0060 Soft Knockdown > 0x0066 Knockdown Face Up > 0x0071 Get Up Face Up > 0x0040 Standing Hitstun > 0x0042 Low Hitstun > 0x0060 Soft Knockdown > 0x0066 Knockdown Face Up > 0x0071 Get Up Face Up,hitstun,wakeup,hitstun > knockdown > wakeup,21,0,0,0,1.6590774059295654,0.7837280631065369,0.0,0.0,0.0,0.0,-0.8753493428230286,0.0,-0.04607101804331729,0.0,True,False,False,False,19,source age 0f; current move definition; action ID matched; distance 7.96
2026-07-28T15:12:57Z,25,5085,P1-C2,Chun-Li,2461448704,13,259,2A,P2-C1,Ken the Eagle,2457778656,1,move_definition,high,104.0,0,9,"Mid, Light Hit",64,Standard-strike baseline,standard-strike baseline,0,0,0,0,0,3717,0,hit,"[""HP -540""]",33565,29848,44000,4179,5668,1489,50000,50000,32622,33907,0,0,1.0,1.0,1.0,False,0,0,0,113,1,0x0071 Get Up Face Up > 0x0040 Standing Hitstun > 0x0042 Low Hitstun > 0x0060 Soft Knockdown > 0x0066 Knockdown Face Up > 0x0071 Get Up Face Up > 0x0001 Action 1,wakeup,hitstun,wakeup > hitstun > knockdown,21,0,0,0,0.7812924981117249,0.8702404499053955,0.0,0.0,0.0,0.0,0.08894795179367065,0.0,0.0046814711470352975,0.0,True,False,False,True,19,source age 0f; current move definition; action ID matched; distance 0.08
2026-07-28T15:12:57Z,26,5086,P1-C2,Chun-Li,2461448704,13,259,2A,P2-C1,Ken the Eagle,2457778656,1,move_definition,high,104.0,0,9,"Mid, Light Hit",64,Standard-strike baseline,standard-strike baseline,0,0,0,0,0,3177,0,hit,"[""HP -513"",""reaction wakeup->hitstun"",""last-hit/action transition""]",33025,29848,44000,4395,5668,1273,50000,50000,32809,33907,0,0,1.0,1.0,1.0,False,0,0,0,113,1,0x0040 Standing Hitstun > 0x0042 Low Hitstun > 0x0060 Soft Knockdown > 0x0066 Knockdown Face Up > 0x0071 Get Up Face Up > 0x0001 Action 1,wakeup,hitstun,hitstun > knockdown > wakeup,21,0,0,0,0.7622353434562683,0.8699764013290405,0.0,0.0,0.0,0.0,0.10774105787277222,0.0,0.005670581993303801,0.0,True,False,False,True,19,source age 0f; current move definition; action ID matched; distance 0.00
2026-07-28T15:12:57Z,27,5087,P1-C2,Chun-Li,2461448704,13,259,2A,P2-C1,Ken the Eagle,2457778656,1,move_definition,high,92.0,0,9,"Mid, Light Hit",64,Standard-strike baseline,standard-strike baseline,0,0,0,0,0,2664,0,hit,"[""HP -846"",""hitstun +1"",""hitstun +6""]",32512,29848,44000,4601,1668,-2933,50000,50000,32985,33907,0,0,1.0,1.0,1.0,False,0,0,0,64,1,0x0040 Standing Hitstun > 0x0042 Low Hitstun > 0x0060 Soft Knockdown > 0x0066 Knockdown Face Up > 0x0071 Get Up Face Up > 0x0001 Action 1,hitstun,hitstun,hitstun > knockdown > wakeup,21,0,0,0,1.0648958683013916,0.8984073996543884,0.0,0.0,0.0,0.0,-0.16648846864700317,0.0,-0.00876255098142122,0.0,True,False,False,True,19,source age 0f; current move definition; distance 0.00
2026-07-28T15:12:57Z,28,5089,P1-C2,Chun-Li,2461448704,13,261,2C,P2-C1,Ken the Eagle,2457778656,1,move_definition,medium,86.0,0,36,"Low, Heavy Hit",64,Standard-strike baseline,standard-strike baseline,0,0,0,0,0,1818,0,hit,"[""HP -1818"",""hitstun +12"",""reaction hitstun->knockdown""]",31666,29848,44000,4940,356,-4584,50000,50000,33277,34649,0,0,1.0,1.0,1.0,False,0,0,0,66,1,0x0042 Low Hitstun > 0x0060 Soft Knockdown > 0x0066 Knockdown Face Up > 0x0071 Get Up Face Up > 0x0001 Action 1,hitstun,hitstun,hitstun > knockdown > wakeup,21,0,0,0,1.199631929397583,1.1415444612503052,0.0,5.553696155548096,0.0,0.0,-0.05808746814727783,5.553696155548096,-0.0030572351656462018,0.2922997976604261,True,False,False,False,19,source age 0f; current move definition; action ID matched; distance 7.77
2026-07-28T15:12:59Z,29,5098,P1-C2,Chun-Li,2461448704,13,261,2C,P2-C1,Ken the Eagle,2457778656,1,move_definition_latched,high,92.0,0,36,"Low, Heavy Hit",64,Standard-strike baseline,standard-strike baseline,0,0,0,0,0,0,0,"hit, no HP loss","[""reaction wakeup->hitstun""]",29848,29848,44000,5668,356,-5312,50000,50000,33907,34649,0,0,1.0,1.0,1.0,False,0,0,0,113,103,0x0001 Action 1 > 0x0060 Soft Knockdown > 0x0066 Knockdown Face Up > 0x0067 Wakeup Transition,wakeup,wakeup,hitstun > knockdown > wakeup,21,0,0,0,0.7976326942443848,0.9805440902709961,0.0,0.0,0.0,0.0,0.18291139602661133,0.0,0.009626915580347964,0.0,True,False,False,True,19,source age 0f; current move definition; distance 0.00
2026-07-28T15:13:00Z,30,5107,P1-C1,Ryu,2454108608,12,315,Donkey H,P2-C1,Ken the Eagle,2457778656,1,move_definition_latched,high,92.0,0,12,"Mid, Heavy Hit",262208,"Standard-strike baseline, Special chip route B, one-eighth damage",standard-strike baseline; special chip route,0,0,0,0,0,1140,0,hit,"[""HP -1140"",""reaction hitstun->knockdown""]",36848,35708,44000,0,0,0,50000,50000,33907,34649,0,0,1.0,1.0,1.0,False,0,0,0,1,1,0x0001 Action 1 > 0x0060 Soft Knockdown > 0x0066 Knockdown Face Up > 0x0067 Wakeup Transition > 0x0071 Get Up Face Up > 0x0001 Action 1,hitstun,hitstun,hitstun > knockdown > wakeup,21,0,0,0,1.2066214084625244,1.0617568492889404,0.0,0.0,0.0,0.0,-0.14486455917358398,0.0,-0.00762445048282021,0.0,True,False,False,True,19,source age 0f; current move definition; distance 1.14
2026-07-28T15:13:02Z,31,5118,P1-C2,Chun-Li,2461448704,13,261,2C,P2-C1,Ken the Eagle,2457778656,1,move_definition_latched,high,92.0,0,36,"Low, Heavy Hit",64,Standard-strike baseline,standard-strike baseline,0,0,0,0,0,0,0,"hit, no HP loss","[""reaction wakeup->hitstun""]",35708,35708,44000,356,1448,1092,50000,50000,34649,35895,0,0,1.0,1.0,1.0,False,0,0,0,113,91,0x0001 Action 1 > 0x005B Soft Knockdown,wakeup,knockdown,hitstun > knockdown,21,0,0,0,0.9593452215194702,0.6389194130897522,0.0,60.71022033691406,0.0,0.0,-0.320425808429718,60.71022033691406,-0.016864516233143053,3.1952747545744242,True,False,False,False,19,source age 0f; current move definition; distance 0.00
2026-07-28T15:13:03Z,32,5133,P1-C2,Chun-Li,2461448704,13,309,SBK H,P2-C1,Ken the Eagle,2457778656,1,move_definition,medium,80.0,0,12,"Mid, Heavy Hit",262208,"Standard-strike baseline, Special chip route B, one-eighth damage",standard-strike baseline; special chip route,12,262208,0,0,0,4965,0,hit,"[""HP -400""]",44000,39035,44000,0,0,0,50000,50000,34649,36361,0,0,1.0,1.0,1.0,False,0,0,0,1,1,0x0001 Action 1 > 0x005B Soft Knockdown > 0x0001 Action 1,hitstun,neutral,hitstun > knockdown > neutral,21,0,0,0,1.1826660633087158,1.115343689918518,0.0,0.0,0.0,0.0,-0.06732237339019775,0.0,-0.003543282810010408,0.0,True,False,False,True,19,source age 0f; current move definition; action ID matched
2026-07-28T15:13:04Z,33,5134,P1-C2,Chun-Li,2461448704,13,309,SBK H,P2-C1,Ken the Eagle,2457778656,1,move_definition,medium,80.0,0,12,"Mid, Heavy Hit",262208,"Standard-strike baseline, Special chip route B, one-eighth damage",standard-strike baseline; special chip route,12,262208,0,0,0,4565,0,hit,"[""HP -1695"",""reaction hitstun->knockdown"",""last-hit/action transition""]",43600,39035,44000,160,0,-160,50000,50000,34786,36361,0,0,1.0,1.0,1.0,False,0,0,0,1,1,0x005B Soft Knockdown > 0x0001 Action 1,hitstun,neutral,knockdown > neutral,21,0,0,0,0.8693135380744934,1.1134037971496582,48.24982833862305,0.0,0.0,0.0,0.2440902590751648,-48.24982833862305,0.012846855740798148,-2.539464649401213,True,False,False,False,19,source age 0f; current move definition; action ID matched
2026-07-28T15:13:04Z,34,5135,P1-C2,Chun-Li,2461448704,13,309,SBK H,P2-C1,Ken the Eagle,2457778656,1,move_definition,medium,80.0,0,12,"Mid, Heavy Hit",262208,"Standard-strike baseline, Special chip route B, one-eighth damage",standard-strike baseline; special chip route,12,262208,0,0,0,2870,0,hit,"[""HP -783""]",41905,39035,44000,838,0,-838,50000,50000,35370,36361,0,0,1.0,1.0,1.0,False,0,0,0,91,1,0x005B Soft Knockdown > 0x0001 Action 1,knockdown,neutral,knockdown > neutral,21,0,0,0,0.7990658283233643,1.115044116973877,50.7623291015625,0.0,0.0,0.0,0.3159782886505127,-50.7623291015625,0.016630436244763826,-2.671701531661184,True,False,False,False,19,source age 0f; current move definition; action ID matched
2026-07-28T15:13:04Z,35,5136,P1-C2,Chun-Li,2461448704,13,309,SBK H,P2-C1,Ken the Eagle,2457778656,1,move_definition,medium,80.0,0,12,"Mid, Heavy Hit",262208,"Standard-strike baseline, Special chip route B, one-eighth damage",standard-strike baseline; special chip route,12,262208,0,0,0,2087,0,hit,"[""HP -739""]",41122,39035,44000,1152,0,-1152,50000,50000,35641,36361,0,0,1.0,1.0,1.0,False,0,0,0,91,1,0x005B Soft Knockdown > 0x0001 Action 1,knockdown,neutral,knockdown > neutral,21,0,0,0,0.6311137676239014,1.1174172163009644,57.97649002075195,0.0,0.0,0.0,0.486303448677063,-57.97649002075195,0.025594918351424367,-3.0513942116185238,True,False,False,False,19,source age 0f; current move definition; action ID matched
2026-07-28T15:13:04Z,36,5137,P1-C2,Chun-Li,2461448704,13,309,SBK H,P2-C1,Ken the Eagle,2457778656,1,move_definition,medium,80.0,0,12,"Mid, Heavy Hit",262208,"Standard-strike baseline, Special chip route B, one-eighth damage",standard-strike baseline; special chip route,12,262208,0,0,0,1348,0,hit,"[""HP -696""]",40383,39035,44000,1448,0,-1448,50000,50000,35895,36361,0,0,1.0,1.0,1.0,False,0,0,0,91,1,0x005B Soft Knockdown > 0x0001 Action 1,knockdown,neutral,knockdown > neutral,21,0,0,0,0.6389194130897522,1.1178576946258545,60.71022033691406,0.0,0.0,0.0,0.4789382815361023,-60.71022033691406,0.025207277975584332,-3.1952747545744242,True,False,False,False,19,source age 0f; current move definition; action ID matched
2026-07-28T15:13:04Z,37,5138,P1-C2,Chun-Li,2461448704,13,309,SBK H,P2-C1,Ken the Eagle,2457778656,1,move_definition,medium,80.0,0,12,"Mid, Heavy Hit",262208,"Standard-strike baseline, Special chip route B, one-eighth damage",standard-strike baseline; special chip route,12,262208,0,0,0,652,0,hit,"[""HP -652""]",39687,39035,44000,1727,0,-1727,50000,50000,36135,36361,0,0,1.0,1.0,1.0,False,0,0,0,91,1,0x005B Soft Knockdown > 0x0001 Action 1,knockdown,neutral,knockdown > neutral,21,0,0,0,0.5252385139465332,1.1176738739013672,64.87735748291016,0.0,0.0,0.0,0.592435359954834,-64.87735748291016,0.031180808418675474,-3.4145977622584294,True,False,False,False,19,source age 0f; current move definition; action ID matched
2026-07-28T15:18:53Z,38,9097,P1-C2,Chun-Li,2461448704,13,309,SBK H,P2-C1,Ken the Eagle,2457778656,1,move_definition_latched,high,92.0,0,12,"Mid, Heavy Hit",262208,"Standard-strike baseline, Special chip route B, one-eighth damage",standard-strike baseline; special chip route,12,262208,0,0,0,4400,0,hit,"[""HP -4400""]",44000,39600,44000,0,4400,4400,50000,50000,36361,37693,0,0,1.0,1.0,1.0,False,0,0,0,1,1,0x0001 Action 1,neutral,neutral,neutral,0,0,0,0,1.1131746768951416,1.1131561994552612,0.0,0.0,0.0,0.0,-1.8477439880371094e-05,0.0,-9.238719940185547e-06,0.0,False,False,False,False,2,source age 0f; current move definition; distance 0.00
2026-07-28T15:19:28Z,39,10285,P1-C1,Ryu,2454108608,12,256,5A,P2-C1,Frank West,2457778656,30,move_definition,high,104.0,0,9,"Mid, Light Hit",64,Standard-strike baseline,standard-strike baseline,0,0,0,0,0,13380,0,hit,"[""HP -800""]",50000,36620,50000,0,5357,5357,10565,17808,10000,14630,0,0,1.0,1.0,1.0,False,0,0,0,7,91,0x0001 Action 1 > 0x0040 Standing Hitstun > 0x0042 Low Hitstun > 0x0040 Standing Hitstun > 0x0060 Soft Knockdown > 0x005B Soft Knockdown > 0x0051 Bounce Launch > 0x0052 Bounce Off > 0x005B Soft Knockdown,neutral,knockdown,neutral > hitstun > knockdown,21,0,0,0,1.4703617095947266,1.0394861698150635,0.0,46.356895446777344,0.0,0.0,-0.4308755397796631,46.356895446777344,-0.02267765998840332,2.4398366024619653,True,True,False,False,19,source age 0f; current move definition; action ID matched; distance 0.00
2026-07-28T15:19:29Z,40,10286,P1-C1,Ryu,2454108608,12,257,5B,P2-C1,Frank West,2457778656,30,move_definition,high,92.0,0,10,"Mid, Medium Hit",64,Standard-strike baseline,standard-strike baseline,0,0,0,0,0,12580,0,hit,"[""HP -1368"",""hitstun +8"",""reaction neutral->hitstun"",""last-hit/action transition""]",49200,36620,50000,320,5357,5037,11328,18068,10276,14630,0,0,1.0,1.0,1.0,False,0,0,0,1,91,0x0040 Standing Hitstun > 0x0042 Low Hitstun > 0x0040 Standing Hitstun > 0x0060 Soft Knockdown > 0x005B Soft Knockdown > 0x0051 Bounce Launch > 0x0052 Bounce Off > 0x005B Soft Knockdown,neutral,knockdown,hitstun > knockdown,21,0,0,0,0.8948573470115662,0.8121063709259033,0.0,63.119728088378906,0.0,0.0,-0.08275097608566284,63.119728088378906,-0.00435531453082436,3.3220909520199426,True,True,False,False,19,source age 0f; current move definition; distance 0.00
2026-07-28T15:19:29Z,41,10287,P1-C1,Ryu,2454108608,12,260,2B,P2-C1,Frank West,2457778656,30,move_definition,high,92.0,0,34,"Low, Medium Hit",64,Standard-strike baseline,standard-strike baseline,0,0,0,0,0,12150,0,hit,"[""HP -1224"",""hitstun +2"",""hitstun +5""]",47832,35682,50000,868,5733,4865,12023,18502,10750,14955,0,0,1.0,1.0,1.0,False,0,0,0,64,91,0x0040 Standing Hitstun > 0x0042 Low Hitstun > 0x0040 Standing Hitstun > 0x0060 Soft Knockdown > 0x005B Soft Knockdown > 0x0051 Bounce Launch > 0x0052 Bounce Off > 0x005B Soft Knockdown,hitstun,knockdown,hitstun > knockdown,21,0,0,0,0.9910643100738525,0.8015739917755127,0.0,52.922489166259766,0.0,0.0,-0.18949031829833984,52.922489166259766,-0.009973174647281044,2.7853941666452506,True,True,False,False,19,source age 0f; current move definition; distance 0.00
2026-07-28T15:19:29Z,42,10289,P1-C1,Ryu,2454108608,12,258,5C,P2-C1,Frank West,2457778656,30,move_definition,high,104.0,0,12,"Mid, Heavy Hit",64,Standard-strike baseline,standard-strike baseline,0,0,0,0,0,11779,0,hit,"[""HP -2108"",""hitstun +12""]",46608,34829,50000,1358,6075,4717,13192,18895,11173,15250,0,0,1.0,1.0,1.0,False,0,0,0,66,80,0x0042 Low Hitstun > 0x0040 Standing Hitstun > 0x0060 Soft Knockdown > 0x005B Soft Knockdown > 0x0051 Bounce Launch > 0x0052 Bounce Off > 0x005B Soft Knockdown > 0x0050 Hard Knockdown,hitstun,knockdown,hitstun > knockdown,21,0,0,0,0.8276015520095825,1.0713744163513184,0.0,46.92237854003906,0.0,0.0,0.24377286434173584,46.92237854003906,0.012830150754828202,2.4695988705283716,True,True,False,False,19,source age 0f; current move definition; action ID matched; distance 0.01
2026-07-28T15:19:30Z,43,10291,P1-C1,Ryu,2454108608,12,261,2C,P2-C1,Frank West,2457778656,30,move_definition,medium,74.0,0,36,"Low, Heavy Hit",64,Standard-strike baseline,standard-strike baseline,0,0,0,0,0,10439,0,hit,"[""HP -1919"",""reaction hitstun->knockdown""]",44500,34061,50000,2202,6383,4181,14274,19249,11903,15515,0,0,1.0,1.0,1.0,False,0,0,0,64,80,0x0040 Standing Hitstun > 0x0060 Soft Knockdown > 0x005B Soft Knockdown > 0x0051 Bounce Launch > 0x0052 Bounce Off > 0x005B Soft Knockdown > 0x0050 Hard Knockdown,hitstun,knockdown,hitstun > knockdown,21,0,0,0,1.56089186668396,1.3109281063079834,0.0,42.051517486572266,0.0,0.0,-0.24996376037597656,42.051517486572266,-0.013155987388209292,2.213237762451172,True,True,False,False,19,source age 0f; current move definition; distance 10.40
2026-07-28T15:19:30Z,44,10293,P1-C1,Ryu,2454108608,12,262,6C,P2-C1,Frank West,2457778656,30,move_definition,medium,68.0,0,12,"Mid, Heavy Hit",64,Standard-strike baseline,standard-strike baseline,0,0,0,0,0,9204,0,hit,"[""HP -1663""]",42581,33377,50000,2970,6657,3687,15237,19564,12568,15751,0,0,1.0,1.0,1.0,False,0,0,0,96,80,0x0060 Soft Knockdown > 0x005B Soft Knockdown > 0x0051 Bounce Launch > 0x0052 Bounce Off > 0x005B Soft Knockdown > 0x0050 Hard Knockdown,knockdown,knockdown,knockdown,21,0,0,0,1.3051354885101318,1.679004192352295,28.730587005615234,39.783695220947266,0.0,0.0,0.3738687038421631,11.053108215332031,0.01967730020221911,0.5817425376490543,True,True,False,False,19,source age 0f; current move definition
2026-07-28T15:19:31Z,45,10295,P1-C1,Ryu,2454108608,12,315,Donkey H,P2-C1,Frank West,2457778656,30,move_definition,medium,80.0,0,12,"Mid, Heavy Hit",262208,"Standard-strike baseline, Special chip route B, one-eighth damage",standard-strike baseline; special chip route,0,0,0,0,0,7541,0,hit,"[""HP -1971""]",40918,33377,50000,3636,6657,3021,16408,19564,13143,15751,0,0,1.0,1.0,1.0,False,0,0,0,91,80,0x005B Soft Knockdown > 0x0051 Bounce Launch > 0x0052 Bounce Off > 0x005B Soft Knockdown > 0x0050 Hard Knockdown,knockdown,knockdown,knockdown,21,0,0,0,0.7964383363723755,2.3857414722442627,60.692256927490234,0.0,0.0,0.0,1.5893031358718872,-60.692256927490234,0.08364753346694143,-3.19432931197317,True,True,False,False,19,source age 0f; current move definition; action ID matched
2026-07-28T15:19:32Z,46,10301,P1-C1,Ryu,2454108608,12,257,5B,P2-C1,Frank West,2457778656,30,move_definition,medium,68.0,0,10,"Mid, Medium Hit",64,Standard-strike baseline,standard-strike baseline,0,0,0,0,0,5570,0,hit,"[""HP -963""]",38947,33377,50000,4425,6657,2232,16983,19759,13825,15751,0,0,1.0,1.0,1.0,False,0,0,0,82,6,0x0052 Bounce Off > 0x005B Soft Knockdown > 0x0050 Hard Knockdown > 0x0049 Knockdown Face Up > 0x0071 Get Up Face Up > 0x0006 Action 6,knockdown,hitstun,knockdown > wakeup > hitstun,21,0,0,0,1.1302695274353027,1.0643435716629028,52.14791488647461,-39.515621185302734,0.0,0.0,-0.0659259557723999,-91.66353607177734,-0.0034697871459157844,-4.8243966353567025,True,True,False,False,19,source age 0f; current move definition
2026-07-28T15:19:32Z,47,10302,P1-C1,Ryu,2454108608,12,262,6C,P2-C1,Frank West,2457778656,30,move_definition,medium,80.0,0,12,"Mid, Heavy Hit",64,Standard-strike baseline,standard-strike baseline,0,0,0,0,0,7167,0,hit,"[""HP -1364"",""last-hit/action transition"",""hitstun +4""]",37984,30817,50000,4811,7681,2870,17808,20944,14159,16640,0,0,1.0,1.0,1.0,False,0,0,0,82,6,0x005B Soft Knockdown > 0x0050 Hard Knockdown > 0x0049 Knockdown Face Up > 0x0071 Get Up Face Up > 0x0006 Action 6,knockdown,hitstun,knockdown > wakeup > hitstun,21,0,0,0,1.0206220149993896,1.3399885892868042,46.96842956542969,-27.061100006103516,0.0,0.0,0.31936657428741455,-74.0295295715332,0.016808767067758662,-3.896291030080695,True,False,False,False,19,source age 0f; current move definition; action ID matched
2026-07-28T15:19:33Z,48,10305,P1-C1,Ryu,2454108608,12,309,Tatsu H,P2-C1,Frank West,2457778656,30,move_definition,medium,80.0,0,12,"Mid, Heavy Hit",262208,"Standard-strike baseline, Special chip route B, one-eighth damage",standard-strike baseline; special chip route,12,262208,0,0,0,7483,0,hit,"[""HP -938""]",36620,29137,50000,5357,8353,2996,18502,21981,14630,17222,0,0,1.0,1.0,1.0,False,0,0,0,91,7,0x005B Soft Knockdown > 0x0050 Hard Knockdown > 0x0049 Knockdown Face Up > 0x0071 Get Up Face Up > 0x0006 Action 6 > 0x0041 Overhead Hitstun > 0x0007 Action 7,knockdown,neutral,knockdown > wakeup > hitstun > neutral,21,0,0,0,0.8121063709259033,0.7051108479499817,63.119728088378906,-37.2613410949707,0.0,0.0,-0.10699552297592163,-100.38106918334961,-0.005631343314522191,-5.283214167544716,True,False,False,False,19,source age 0f; current move definition; action ID matched
2026-07-28T15:19:33Z,49,10307,P1-C1,Ryu,2454108608,12,309,Tatsu H,P2-C1,Frank West,2457778656,30,move_definition,medium,80.0,0,12,"Mid, Heavy Hit",262208,"Standard-strike baseline, Special chip route B, one-eighth damage",standard-strike baseline; special chip route,12,262208,0,0,0,8141,0,hit,"[""HP -853""]",35682,27541,50000,5733,8992,3259,18895,22719,14955,17775,0,0,1.0,1.0,1.0,False,0,0,0,80,64,0x0050 Hard Knockdown > 0x0049 Knockdown Face Up > 0x0071 Get Up Face Up > 0x0006 Action 6 > 0x0041 Overhead Hitstun > 0x0007 Action 7 > 0x0040 Standing Hitstun,knockdown,hitstun,knockdown > wakeup > hitstun > neutral,21,0,0,0,0.7542311549186707,0.7347062230110168,55.205806732177734,-32.842926025390625,0.0,0.0,-0.01952493190765381,-88.04873275756836,-0.0010276279951396741,-4.634143829345703,True,False,False,False,19,source age 0f; current move definition; action ID matched
2026-07-28T15:19:33Z,50,10309,P1-C1,Ryu,2454108608,12,309,Tatsu H,P2-C1,Frank West,2457778656,30,move_definition,medium,80.0,0,12,"Mid, Heavy Hit",262208,"Standard-strike baseline, Special chip route B, one-eighth damage",standard-strike baseline; special chip route,12,262208,0,0,0,7288,0,hit,"[""HP -768""]",34829,27541,50000,6075,8992,2917,19249,22719,15250,17775,0,0,1.0,1.0,1.0,False,0,0,0,80,64,0x0050 Hard Knockdown > 0x0049 Knockdown Face Up > 0x0071 Get Up Face Up > 0x0006 Action 6 > 0x0041 Overhead Hitstun > 0x0007 Action 7 > 0x0040 Standing Hitstun,knockdown,hitstun,knockdown > wakeup > hitstun > neutral,21,0,0,0,1.3145686388015747,0.7689060568809509,48.2692756652832,0.0,0.0,0.0,-0.5456625819206238,-48.2692756652832,-0.028719083258980198,-2.5404881929096423,True,False,False,False,19,source age 0f; current move definition; action ID matched
2026-07-28T15:19:34Z,51,10310,P1-C1,Ryu,2454108608,12,309,Tatsu H,P2-C1,Frank West,2457778656,30,move_definition,medium,80.0,0,12,"Mid, Heavy Hit",262208,"Standard-strike baseline, Special chip route B, one-eighth damage",standard-strike baseline; special chip route,12,262208,0,0,0,7240,0,hit,"[""HP -684""]",34061,26821,50000,6383,9280,2897,19564,23051,15515,18024,0,0,1.0,1.0,1.0,False,0,0,0,80,64,0x0050 Hard Knockdown > 0x0049 Knockdown Face Up > 0x0071 Get Up Face Up > 0x0006 Action 6 > 0x0041 Overhead Hitstun > 0x0007 Action 7 > 0x0040 Standing Hitstun,knockdown,hitstun,knockdown > wakeup > hitstun > neutral,21,0,0,0,1.3109281063079834,0.5581821799278259,42.051517486572266,0.0,0.0,0.0,-0.7527459263801575,-42.051517486572266,-0.03961820665158724,-2.213237762451172,True,False,False,False,19,source age 0f; current move definition; action ID matched
2026-07-28T15:19:35Z,52,10319,P1-C1,Ryu,2454108608,12,267,j.C,P2-C1,Frank West,2457778656,30,move_definition,medium,80.0,0,20,"High, Heavy Hit",64,Standard-strike baseline,standard-strike baseline,0,0,0,0,0,12573,0,hit,"[""reaction wakeup->hitstun""]",33377,20804,50000,6657,11688,5031,19759,26549,15751,20109,0,0,1.0,1.0,1.0,False,0,0,0,113,82,0x0006 Action 6 > 0x0041 Overhead Hitstun > 0x0007 Action 7 > 0x0040 Standing Hitstun > 0x0042 Low Hitstun > 0x0040 Standing Hitstun > 0x0051 Bounce Launch > 0x0052 Bounce Off,wakeup,knockdown,hitstun > neutral > knockdown,21,0,0,0,0.9519209861755371,1.2844464778900146,-50.14188003540039,67.29400634765625,0.0,0.0,0.33252549171447754,117.43588638305664,0.01750134166918303,6.180836125424034,True,True,False,False,19,source age 0f; current move definition; action ID matched
2026-07-28T15:19:35Z,53,10320,P1-C1,Ryu,2454108608,12,267,j.C,P2-C1,Frank West,2457778656,30,move_definition,medium,68.0,0,20,"High, Heavy Hit",64,Standard-strike baseline,standard-strike baseline,0,0,0,0,0,12573,0,hit,"[""HP -2560""]",33377,20804,50000,6657,11688,5031,20944,26549,15751,20109,0,0,1.0,1.0,1.0,False,0,0,0,6,82,0x0006 Action 6 > 0x0041 Overhead Hitstun > 0x0007 Action 7 > 0x0040 Standing Hitstun > 0x0042 Low Hitstun > 0x0040 Standing Hitstun > 0x0051 Bounce Launch > 0x0052 Bounce Off,hitstun,knockdown,hitstun > neutral > knockdown,21,0,0,0,1.0643435716629028,0.8332765698432922,-39.515621185302734,76.90821075439453,0.0,0.0,-0.2310670018196106,116.42383193969727,-0.012161421148400558,6.127570102089329,True,True,False,False,19,source age 0f; current move definition
2026-07-28T15:19:36Z,54,10323,P1-C1,Ryu,2454108608,12,325,Air Tatsu H,P2-C1,Frank West,2457778656,30,move_definition,medium,80.0,0,12,"Mid, Heavy Hit",262208,"Standard-strike baseline, Special chip route B, one-eighth damage",standard-strike baseline; special chip route,12,262208,0,0,0,10552,0,hit,"[""HP -1680"",""hitstun +21"",""reaction neutral->hitstun""]",30817,20265,50000,7681,11904,4223,21981,26798,16640,20296,0,0,1.0,1.0,1.0,False,0,0,0,65,82,0x0007 Action 7 > 0x0040 Standing Hitstun > 0x0042 Low Hitstun > 0x0040 Standing Hitstun > 0x0051 Bounce Launch > 0x0052 Bounce Off,hitstun,knockdown,neutral > hitstun > knockdown,21,0,0,0,0.5405516028404236,0.7370910048484802,-47.436405181884766,47.866519927978516,0.0,0.0,0.19653940200805664,95.30292510986328,0.010344179053055612,5.01594342683491,True,True,False,False,19,source age 0f; current move definition; action ID matched
2026-07-28T15:19:36Z,55,10325,P1-C1,Ryu,2454108608,12,325,Air Tatsu H,P2-C1,Frank West,2457778656,30,move_definition,medium,80.0,0,12,"Mid, Heavy Hit",262208,"Standard-strike baseline, Special chip route B, one-eighth damage",standard-strike baseline; special chip route,12,262208,0,0,0,9786,0,hit,"[""HP -1596"",""hitstun +5""]",29137,19351,50000,8353,12270,3917,22719,27610,17222,20611,0,0,1.0,1.0,1.0,False,0,0,0,64,91,0x0040 Standing Hitstun > 0x0042 Low Hitstun > 0x0040 Standing Hitstun > 0x0051 Bounce Launch > 0x0052 Bounce Off > 0x005B Soft Knockdown,hitstun,knockdown,hitstun > knockdown,21,0,0,0,0.6393043994903564,0.819672703742981,-37.34061813354492,63.44883346557617,0.0,0.0,0.1803683042526245,100.7894515991211,0.009493068644874975,5.30470797890111,True,True,False,False,19,source age 0f; current move definition; action ID matched
2026-07-28T15:19:37Z,56,10328,P1-C1,Ryu,2454108608,12,256,5A,P2-C1,Frank West,2457778656,30,move_definition,high,92.0,0,9,"Mid, Light Hit",64,Standard-strike baseline,standard-strike baseline,0,0,0,0,0,9542,0,hit,"[""HP -720""]",27541,17999,50000,8992,12811,3819,23051,28235,17775,21078,0,0,1.0,1.0,1.0,False,0,0,0,64,91,0x0040 Standing Hitstun > 0x0042 Low Hitstun > 0x0040 Standing Hitstun > 0x0051 Bounce Launch > 0x0052 Bounce Off > 0x005B Soft Knockdown,hitstun,knockdown,hitstun > knockdown,21,0,0,0,0.7689060568809509,1.3938579559326172,0.0,0.0,0.0,0.0,0.6249518990516663,0.0,0.032892205213245596,0.0,True,True,False,False,19,source age 0f; current move definition; distance 0.00
2026-07-28T15:19:37Z,57,10329,P1-C1,Ryu,2454108608,12,257,5B,P2-C1,Frank West,2457778656,30,move_definition,high,92.0,0,10,"Mid, Medium Hit",64,Standard-strike baseline,standard-strike baseline,0,0,0,0,0,8822,0,hit,"[""HP -1224"",""hitstun +6"",""hitstun +7""]",26821,17999,50000,9280,12811,3531,23747,28235,18024,21078,0,0,1.0,1.0,1.0,False,0,0,0,64,1,0x0040 Standing Hitstun > 0x0042 Low Hitstun > 0x0040 Standing Hitstun > 0x0051 Bounce Launch > 0x0052 Bounce Off > 0x005B Soft Knockdown > 0x0001 Action 1,hitstun,neutral,hitstun > knockdown > neutral,21,0,0,0,0.5581821799278259,1.1746050119400024,0.0,0.0,0.0,0.0,0.6164228320121765,0.0,0.03244330694800929,0.0,True,True,False,False,19,source age 0f; current move definition; distance 0.00
2026-07-28T15:19:38Z,58,10331,P1-C1,Ryu,2454108608,12,260,2B,P2-C1,Frank West,2457778656,30,move_definition,high,92.0,0,34,"Low, Medium Hit",64,Standard-strike baseline,standard-strike baseline,0,0,0,0,0,7598,0,hit,"[""HP -1087""]",25597,17999,50000,9770,12811,3041,24380,28235,18449,21078,0,0,1.0,1.0,1.0,False,0,0,0,64,1,0x0040 Standing Hitstun > 0x0042 Low Hitstun > 0x0040 Standing Hitstun > 0x0051 Bounce Launch > 0x0052 Bounce Off > 0x005B Soft Knockdown > 0x0001 Action 1,hitstun,neutral,hitstun > knockdown > neutral,21,0,0,0,1.4429820775985718,1.8529908657073975,0.0,0.0,0.0,0.0,0.4100087881088257,0.0,0.02157940990046451,0.0,True,True,False,False,19,source age 0f; current move definition; distance 0.00
2026-07-28T15:19:38Z,59,10333,P1-C1,Ryu,2454108608,12,258,5C,P2-C1,Frank West,2457778656,30,move_definition,high,92.0,0,12,"Mid, Heavy Hit",64,Standard-strike baseline,standard-strike baseline,0,0,0,0,0,6511,0,hit,"[""HP -1859"",""hitstun +14""]",24510,17999,50000,10205,12811,2606,25435,28303,18826,21170,0,0,1.0,1.0,1.0,False,0,0,0,66,416,0x0042 Low Hitstun > 0x0040 Standing Hitstun > 0x0051 Bounce Launch > 0x0052 Bounce Off > 0x005B Soft Knockdown > 0x0001 Action 1 > 0x01A0 Action 416,hitstun,neutral,hitstun > knockdown > neutral,21,0,0,0,0.6367475390434265,2.8800430297851562,0.0,0.0,0.0,0.0,2.2432954907417297,0.0,0.11806818372324894,0.0,True,True,False,False,19,source age 0f; current move definition; distance 0.00
2026-07-28T15:19:38Z,60,10335,P1-C1,Ryu,2454108608,12,315,Donkey H,P2-C1,Frank West,2457778656,30,move_definition,medium,80.0,0,12,"Mid, Heavy Hit",262208,"Standard-strike baseline, Special chip route B, one-eighth damage",standard-strike baseline; special chip route,0,0,0,0,0,4652,0,hit,"[""HP -1847"",""hitstun +15"",""reaction hitstun->knockdown""]",22651,17999,50000,10949,12811,1862,26549,28303,19470,21170,0,0,1.0,1.0,1.0,False,0,0,0,64,417,0x0040 Standing Hitstun > 0x0051 Bounce Launch > 0x0052 Bounce Off > 0x005B Soft Knockdown > 0x0001 Action 1 > 0x01A0 Action 416 > 0x01A1 Action 417,hitstun,neutral,hitstun > knockdown > neutral,21,0,0,0,0.9243613481521606,9.480355262756348,0.0,18.741079330444336,0.0,0.0,8.555993914604187,18.741079330444336,0.45031546918969406,0.9863725963391756,True,True,False,False,19,source age 0f; current move definition; action ID matched
2026-07-28T15:19:39Z,61,10341,P1-C1,Ryu,2454108608,12,256,5A,P2-C1,Frank West,2457778656,30,move_definition,medium,68.0,0,9,"Mid, Light Hit",64,Standard-strike baseline,standard-strike baseline,0,0,0,0,0,2805,0,hit,"[""HP -539""]",20804,17999,50000,11688,12519,831,26798,31300,20109,23073,0,0,1.0,1.0,1.0,False,0,0,0,82,430,0x0052 Bounce Off > 0x005B Soft Knockdown > 0x0001 Action 1 > 0x01A0 Action 416 > 0x01A1 Action 417 > 0x01AE Action 430,knockdown,neutral,knockdown > neutral,21,0,0,0,0.3754042387008667,8.726272583007812,67.66905212402344,7.249248027801514,0.0,0.0,8.350868344306946,-60.419804096221924,0.43951938654247086,-3.179989689274838,True,True,False,False,19,source age 0f; current move definition
2026-07-28T15:19:40Z,62,10342,P1-C1,Ryu,2454108608,12,257,5B,P2-C1,Frank West,2457778656,30,move_definition,medium,80.0,0,10,"Mid, Medium Hit",64,Standard-strike baseline,standard-strike baseline,0,0,0,0,0,2266,0,hit,"[""HP -914"",""last-hit/action transition"",""hitstun +5""]",20265,17999,50000,11904,12463,559,27350,32892,20296,24071,0,0,1.0,1.0,1.0,False,0,0,0,82,430,0x005B Soft Knockdown > 0x0001 Action 1 > 0x01A0 Action 416 > 0x01A1 Action 417 > 0x01AE Action 430,knockdown,neutral,knockdown > neutral,21,0,0,0,0.7370910048484802,8.279008865356445,47.866519927978516,7.342185020446777,0.0,0.0,7.541917860507965,-40.52433490753174,0.3969430452898929,-2.132859731975355,True,False,False,False,19,source age 0f; current move definition; action ID matched
2026-07-28T15:19:40Z,63,10344,P1-C1,Ryu,2454108608,12,313,Donkey L,P2-C1,Frank West,2457778656,30,move_definition,medium,80.0,0,12,"Mid, Heavy Hit",262208,"Standard-strike baseline, Special chip route B, one-eighth damage",standard-strike baseline; special chip route,0,0,0,0,0,1352,0,hit,"[""HP -1352"",""hitstun +4""]",19351,17999,50000,12270,12371,101,28235,33782,20611,24737,0,0,1.0,1.0,1.0,False,0,0,0,91,430,0x005B Soft Knockdown > 0x0001 Action 1 > 0x01A0 Action 416 > 0x01A1 Action 417 > 0x01AE Action 430,knockdown,neutral,knockdown > neutral,21,0,0,0,0.819672703742981,7.406989574432373,63.44883346557617,3.7328763008117676,0.0,0.0,6.587316870689392,-59.715957164764404,0.34670088793102066,-3.1429451139349687,True,False,False,False,19,source age 0f; current move definition; action ID matched
2026-07-28T15:19:42Z,64,10352,P2-C2,Doronjo,2465118752,6,418,Tag In,P1-C1,Ryu,2454108608,12,move_definition,medium,80.0,0,12,"Mid, Heavy Hit",64,Standard-strike baseline,standard-strike baseline,0,0,0,0,0,0,0,block,"[""blockstun +14"",""reaction neutral->blockstun""]",48000,48000,48000,0,0,0,21170,24737,28303,33782,0,0,1.0,1.0,1.0,False,0,0,0,3,3,0x0030 Block > 0x0101 Action 257 > 0x0104 Action 260 > 0x0102 Action 258 > 0x0138 Action 312 > 0x0003 Action 3,neutral,neutral,blockstun > neutral,0,14,0,0,0.5739916563034058,0.8491450548171997,-47.783512115478516,-55.654205322265625,0.0,0.0,0.27515339851379395,-7.870693206787109,0.014481757816515471,-0.41424701088353205,False,False,False,False,19,source age 0f; current move definition; action ID matched
2026-07-28T15:19:42Z,65,10354,P1-C1,Ryu,2454108608,12,256,5A,P2-C2,Doronjo,2465118752,6,move_definition,medium,88.0,0,9,"Mid, Light Hit",64,Standard-strike baseline,standard-strike baseline,0,0,0,0,0,10301,0,hit,"[""HP -800"",""hitstun +12"",""reaction neutral->hitstun"",""last-hit/action transition""]",48000,37699,48000,0,4123,4123,28803,34226,21170,25459,0,0,1.0,1.0,1.0,False,0,0,0,418,266,0x01A9 Action 425 > 0x0040 Standing Hitstun > 0x0042 Low Hitstun > 0x0040 Standing Hitstun > 0x005B Soft Knockdown > 0x00A0 Air Recovery > 0x0013 Action 19 > 0x0015 Action 21 > 0x010A Action 266,neutral,hitstun,hitstun > knockdown > air_recovery,21,0,0,0,0.6039048433303833,0.7649668455123901,0.0,16.626602172851562,0.0,0.0,0.16106200218200684,16.626602172851562,0.008476947483263518,0.8750843248869243,True,False,True,False,19,source age 0f; current move definition; distance 0.13
2026-07-28T15:19:42Z,66,10355,P1-C1,Ryu,2454108608,12,257,5B,P2-C2,Doronjo,2465118752,6,move_definition,high,92.0,0,10,"Mid, Medium Hit",64,Standard-strike baseline,standard-strike baseline,0,0,0,0,0,9501,0,hit,"[""HP -1368"",""hitstun +5"",""last-hit/action transition""]",47200,37699,48000,320,4123,3803,29436,34436,21446,25739,0,0,1.0,1.0,1.0,False,0,0,0,425,266,0x0040 Standing Hitstun > 0x0042 Low Hitstun > 0x0040 Standing Hitstun > 0x005B Soft Knockdown > 0x00A0 Air Recovery > 0x0013 Action 19 > 0x0015 Action 21 > 0x010A Action 266,hitstun,hitstun,hitstun > knockdown > air_recovery,21,0,0,0,0.9058229327201843,1.209837794303894,0.0,0.0,0.0,0.0,0.3040148615837097,0.0,0.0160007821886163,0.0,True,False,True,False,19,source age 0f; current move definition; distance 0.00
2026-07-28T15:19:42Z,67,10356,P1-C1,Ryu,2454108608,12,260,2B,P2-C2,Doronjo,2465118752,6,move_definition,high,104.0,0,34,"Low, Medium Hit",64,Standard-strike baseline,standard-strike baseline,0,0,0,0,0,8133,0,hit,"[""HP -1224"",""hitstun +3""]",45832,37699,48000,868,4123,3255,30131,34436,21920,25804,0,0,1.0,1.0,1.0,False,0,0,0,64,259,0x0040 Standing Hitstun > 0x0042 Low Hitstun > 0x0040 Standing Hitstun > 0x005B Soft Knockdown > 0x00A0 Air Recovery > 0x0013 Action 19 > 0x0015 Action 21 > 0x010A Action 266 > 0x0103 Action 259,hitstun,hitstun,hitstun > knockdown > air_recovery,21,0,0,0,1.00434410572052,1.5369126796722412,0.0,0.0,0.0,0.0,0.5325685739517212,0.0,0.028029924944827433,0.0,True,False,True,False,19,source age 0f; current move definition; action ID matched; distance 0.38
2026-07-28T15:19:43Z,68,10358,P1-C1,Ryu,2454108608,12,258,5C,P2-C2,Doronjo,2465118752,6,move_definition,high,104.0,0,12,"Mid, Heavy Hit",64,Standard-strike baseline,standard-strike baseline,0,0,0,0,0,6909,0,hit,"[""HP -2108"",""hitstun +10""]",44608,37699,48000,1358,4123,2765,31300,34436,22343,25804,0,0,1.0,1.0,1.0,False,0,0,0,66,1,0x0042 Low Hitstun > 0x0040 Standing Hitstun > 0x005B Soft Knockdown > 0x00A0 Air Recovery > 0x0013 Action 19 > 0x0015 Action 21 > 0x010A Action 266 > 0x0103 Action 259 > 0x0001 Action 1,hitstun,hitstun,hitstun > knockdown > air_recovery,21,0,0,0,0.8159466981887817,1.5352262258529663,0.0,0.0,0.0,0.0,0.7192795276641846,0.0,0.0378568172454834,0.0,True,False,True,False,19,source age 0f; current move definition; action ID matched; distance 0.01
2026-07-28T15:19:43Z,69,10360,P1-C1,Ryu,2454108608,12,312,Shoryu H,P2-C2,Doronjo,2465118752,6,move_definition,medium,80.0,0,12,"Mid, Heavy Hit",262208,"Standard-strike baseline, Special chip route B, one-eighth damage",standard-strike baseline; special chip route,12,262208,0,0,0,4801,0,hit,"[""HP -2879""]",42500,37699,48000,2202,4123,1921,32892,34436,23073,25804,0,0,1.0,1.0,1.0,False,0,0,0,64,2,0x0040 Standing Hitstun > 0x005B Soft Knockdown > 0x00A0 Air Recovery > 0x0013 Action 19 > 0x0015 Action 21 > 0x010A Action 266 > 0x0103 Action 259 > 0x0001 Action 1 > 0x0002 Action 2,hitstun,hitstun,hitstun > knockdown > air_recovery,21,0,0,0,0.7859979271888733,1.9386866092681885,0.0,0.0,0.0,0.0,1.1526886820793152,0.0,0.06066782537259554,0.0,True,False,True,False,19,source age 0f; current move definition; action ID matched
2026-07-28T15:19:43Z,70,10361,P1-C1,Ryu,2454108608,12,312,Shoryu H,P2-C2,Doronjo,2465118752,6,move_definition,medium,80.0,0,12,"Mid, Heavy Hit",262208,"Standard-strike baseline, Special chip route B, one-eighth damage",standard-strike baseline; special chip route,12,262208,0,0,0,1922,0,hit,"[""HP -1922"",""reaction hitstun->knockdown"",""last-hit/action transition""]",39621,37699,48000,3354,4123,769,33782,34436,24071,25804,0,0,1.0,1.0,1.0,False,0,0,0,64,2,0x005B Soft Knockdown > 0x00A0 Air Recovery > 0x0013 Action 19 > 0x0015 Action 21 > 0x010A Action 266 > 0x0103 Action 259 > 0x0001 Action 1 > 0x0002 Action 2,hitstun,hitstun,knockdown > air_recovery > hitstun,21,0,0,0,0.8844894766807556,2.2337806224823,42.39656066894531,-17.67532730102539,0.0,0.0,1.3492911458015442,-60.0718879699707,0.07101532346323917,-3.1616783142089844,True,False,True,False,19,source age 0f; current move definition; action ID matched
2026-07-28T15:19:44Z,71,10366,P1-C1,Ryu,2454108608,12,312,Shoryu H,P2-C2,Doronjo,2465118752,6,move_definition,medium,80.0,0,12,"Mid, Heavy Hit",262208,"Standard-strike baseline, Special chip route B, one-eighth damage",standard-strike baseline; special chip route,12,262208,0,0,0,3320,0,hit,"[""reaction knockdown->air_recovery""]",37699,34379,48000,4123,5451,1328,33782,36167,24737,26955,0,0,1.0,1.0,1.0,False,0,0,0,91,65,0x00A0 Air Recovery > 0x0013 Action 19 > 0x0015 Action 21 > 0x010A Action 266 > 0x0103 Action 259 > 0x0001 Action 1 > 0x0002 Action 2 > 0x0007 Action 7 > 0x0041 Overhead Hitstun,knockdown,hitstun,air_recovery > hitstun,21,0,0,0,0.5413913130760193,0.6096276044845581,83.12813568115234,0.0,0.0,0.0,0.06823629140853882,-83.12813568115234,0.0035913837583441484,-4.375165035850124,False,False,True,False,19,source age 0f; current move definition; action ID matched
2026-07-28T15:19:45Z,72,10369,P1-C2,Ippatsuman,2461448704,7,426,assist attack,P2-C2,Doronjo,2465118752,6,move_definition,medium,80.0,0,12,"Mid, Heavy Hit",64,Standard-strike baseline,standard-strike baseline,0,0,0,0,0,5772,0,hit,"[""reaction air_recovery->hitstun""]",37699,31927,48000,4123,6433,2310,33782,37560,24737,27803,0,0,1.0,1.0,1.0,False,0,0,0,160,64,0x0013 Action 19 > 0x0015 Action 21 > 0x010A Action 266 > 0x0103 Action 259 > 0x0001 Action 1 > 0x0002 Action 2 > 0x0007 Action 7 > 0x0041 Overhead Hitstun > 0x0040 Standing Hitstun,air_recovery,hitstun,hitstun,21,0,0,0,1.3221458196640015,0.6571037173271179,0.0,0.0,0.0,0.0,-0.6650421023368835,0.0,-0.035002215912467556,0.0,False,False,False,False,19,source age 0f; current move definition; action ID matched
2026-07-28T15:19:46Z,73,10372,P2-C2,Doronjo,2465118752,6,266,j.B,P1-C1,Ryu,2454108608,12,move_definition,medium,76.0,0,18,"High, Medium Hit",64,Standard-strike baseline,standard-strike baseline,0,0,0,0,0,1888,0,hit,"[""HP -1280""]",48000,46112,48000,0,756,756,25459,28490,33782,38672,0,0,1.0,1.0,1.0,False,0,0,0,1,258,0x0001 Action 1 > 0x0041 Overhead Hitstun > 0x0040 Standing Hitstun > 0x000B Action 11 > 0x0003 Action 3 > 0x0016 Action 22 > 0x010B Action 267 > 0x001E Action 30 > 0x0101 Action 257 > 0x0104 Action 260 > 0x0102 Action 258,neutral,neutral,neutral > hitstun,16,0,0,0,0.364521324634552,0.6720760464668274,-67.90290069580078,0.0,0.0,0.0,0.3075547218322754,67.90290069580078,0.016187090622751338,3.573836878726357,False,False,False,False,19,source age 0f; current move definition; action ID matched
2026-07-28T15:19:46Z,74,10373,P2-C2,Doronjo,2465118752,6,259,2A,P1-C1,Ryu,2454108608,12,move_definition,high,100.0,0,9,"Mid, Light Hit",64,Standard-strike baseline,standard-strike baseline,0,0,0,0,0,608,0,hit,"[""HP -608"",""hitstun +10"",""reaction neutral->hitstun"",""last-hit/action transition"",""hitstun +6""]",46720,46112,48000,512,756,244,25739,28490,34226,38867,0,0,1.0,1.0,1.0,False,0,0,0,1,262,0x0041 Overhead Hitstun > 0x0040 Standing Hitstun > 0x000B Action 11 > 0x0003 Action 3 > 0x0016 Action 22 > 0x010B Action 267 > 0x001E Action 30 > 0x0101 Action 257 > 0x0104 Action 260 > 0x0102 Action 258 > 0x0106 Action 262,neutral,neutral,hitstun > neutral,16,0,0,0,0.7649668455123901,1.3383992910385132,-16.626602172851562,0.0,0.0,0.0,0.573432445526123,16.626602172851562,0.030180655027690687,0.8750843248869243,False,False,False,False,19,source age 0f; current move definition; action ID matched; distance 0.00
2026-07-28T15:19:48Z,75,10382,P1-C1,Ryu,2454108608,12,267,j.C,P2-C2,Doronjo,2465118752,6,move_definition,medium,80.0,0,20,"High, Heavy Hit",64,Standard-strike baseline,standard-strike baseline,0,0,0,0,0,14886,0,hit,"[""HP -2560"",""last-hit/action transition""]",37699,22813,48000,4123,10081,5958,35816,42134,25804,30611,0,0,1.0,1.0,1.0,False,0,0,0,2,80,0x0007 Action 7 > 0x0041 Overhead Hitstun > 0x0040 Standing Hitstun > 0x0042 Low Hitstun > 0x0040 Standing Hitstun > 0x0001 Action 1 > 0x0050 Hard Knockdown,hitstun,knockdown,hitstun > knockdown,21,0,0,0,1.3504278659820557,0.7620344758033752,-36.83861541748047,52.56937789916992,0.0,0.0,-0.5883933901786804,89.40799331665039,-0.03096807316729897,4.705683858771073,True,False,False,False,19,source age 0f; current move definition; action ID matched
2026-07-28T15:19:48Z,76,10384,P1-C1,Ryu,2454108608,12,256,5A,P2-C2,Doronjo,2465118752,6,move_definition,high,92.0,0,9,"Mid, Light Hit",64,Standard-strike baseline,standard-strike baseline,0,0,0,0,0,13410,0,hit,"[""HP -760""]",35139,21729,48000,5147,10515,5368,36167,42468,26693,30860,0,0,1.0,1.0,1.0,False,0,0,0,65,80,0x0041 Overhead Hitstun > 0x0040 Standing Hitstun > 0x0042 Low Hitstun > 0x0040 Standing Hitstun > 0x0001 Action 1 > 0x0050 Hard Knockdown,hitstun,knockdown,hitstun > knockdown,21,0,0,0,1.1732630729675293,0.7586401700973511,0.0,53.59223175048828,0.0,0.0,-0.4146229028701782,53.59223175048828,-0.021822258045798855,2.8206437763414884,True,False,False,False,19,source age 0f; current move definition; distance 0.00
2026-07-28T15:19:48Z,77,10385,P1-C1,Ryu,2454108608,12,257,5B,P2-C2,Doronjo,2465118752,6,move_definition,high,104.0,0,10,"Mid, Medium Hit",64,Standard-strike baseline,standard-strike baseline,0,0,0,0,0,12650,0,hit,"[""HP -1296"",""hitstun +2"",""last-hit/action transition"",""hitstun +6""]",34379,21729,48000,5451,10515,5064,36896,42468,26955,30860,0,0,1.0,1.0,1.0,False,0,0,0,65,80,0x0040 Standing Hitstun > 0x0042 Low Hitstun > 0x0040 Standing Hitstun > 0x0001 Action 1 > 0x0050 Hard Knockdown,hitstun,knockdown,hitstun > knockdown,21,0,0,0,0.6096276044845581,0.6632632613182068,0.0,61.74299240112305,0.0,0.0,0.05363565683364868,61.74299240112305,0.0028229293070341412,3.2496311790064762,True,False,False,False,19,source age 0f; current move definition; action ID matched; distance 0.00
2026-07-28T15:19:49Z,78,10387,P1-C1,Ryu,2454108608,12,260,2B,P2-C2,Doronjo,2465118752,6,move_definition,high,92.0,0,34,"Low, Medium Hit",64,Standard-strike baseline,standard-strike baseline,0,0,0,0,0,11354,0,hit,"[""HP -1156""]",33083,21729,48000,5970,10515,4545,37560,42468,27403,30860,0,0,1.0,1.0,1.0,False,0,0,0,64,80,0x0040 Standing Hitstun > 0x0042 Low Hitstun > 0x0040 Standing Hitstun > 0x0001 Action 1 > 0x0050 Hard Knockdown,hitstun,knockdown,hitstun > knockdown,21,0,0,0,1.157140851020813,0.9652820229530334,0.0,0.0,0.0,0.0,-0.19185882806777954,0.0,-0.010097833056198923,0.0,True,False,False,True,19,source age 0f; current move definition; distance 0.00
2026-07-28T15:19:49Z,79,10389,P1-C1,Ryu,2454108608,12,258,5C,P2-C2,Doronjo,2465118752,6,move_definition,high,104.0,0,12,"Mid, Heavy Hit",64,Standard-strike baseline,standard-strike baseline,0,0,0,0,0,10198,0,hit,"[""HP -1983"",""hitstun +12""]",31927,21729,48000,6433,10515,4082,38672,42468,27803,30860,0,0,1.0,1.0,1.0,False,0,0,0,66,73,0x0042 Low Hitstun > 0x0040 Standing Hitstun > 0x0001 Action 1 > 0x0050 Hard Knockdown > 0x0049 Knockdown Face Up,hitstun,knockdown,hitstun > knockdown,21,0,0,0,0.7036799192428589,4.639441967010498,0.0,-7.8579630851745605,0.0,0.0,3.935762047767639,-7.8579630851745605,0.2071453709351389,-0.4135770044828716,True,False,False,False,19,source age 0f; current move definition; action ID matched; distance 0.02
2026-07-28T15:19:50Z,80,10392,P1-C1,Ryu,2454108608,12,262,6C,P2-C2,Doronjo,2465118752,6,move_definition,high,92.0,0,12,"Mid, Heavy Hit",64,Standard-strike baseline,standard-strike baseline,0,0,0,0,0,8215,0,hit,"[""HP -1619"",""hitstun +5""]",29944,21729,48000,7227,10515,3288,39615,42468,28490,30860,0,0,1.0,1.0,1.0,False,0,0,0,64,115,0x0040 Standing Hitstun > 0x0001 Action 1 > 0x0050 Hard Knockdown > 0x0049 Knockdown Face Up > 0x0073 Forward Roll,hitstun,wakeup,hitstun > knockdown > wakeup,21,0,0,0,1.256955862045288,2.182638645172119,0.0,0.0,0.0,0.0,0.925682783126831,0.0,0.04872014648035953,0.0,True,False,False,False,19,source age 0f; current move definition; distance 0.05
2026-07-28T15:19:50Z,81,10394,P1-C1,Ryu,2454108608,12,262,6C,P2-C2,Doronjo,2465118752,6,move_definition_latched,high,92.0,0,12,"Mid, Heavy Hit",64,Standard-strike baseline,standard-strike baseline,0,0,0,0,0,6596,0,hit,"[""HP -1959"",""hitstun +16""]",28325,21729,48000,7875,10515,2640,40781,42468,29051,30860,0,0,1.0,1.0,1.0,False,0,0,0,64,7,0x0040 Standing Hitstun > 0x0001 Action 1 > 0x0050 Hard Knockdown > 0x0049 Knockdown Face Up > 0x0073 Forward Roll > 0x0007 Action 7,hitstun,hitstun,hitstun > knockdown > wakeup,21,0,0,0,1.1246834993362427,3.4976963996887207,0.0,0.0,0.0,0.0,2.373012900352478,0.0,0.12489541580802516,0.0,True,False,False,False,19,source age 0f; current move definition; distance 0.02
2026-07-28T15:19:51Z,82,10397,P1-C1,Ryu,2454108608,12,309,Tatsu H,P2-C2,Doronjo,2465118752,6,move_definition,medium,80.0,0,12,"Mid, Heavy Hit",262208,"Standard-strike baseline, Special chip route B, one-eighth damage",standard-strike baseline; special chip route,12,262208,0,0,0,7887,0,hit,"[""HP -1200"",""hitstun +15"",""last-hit/action transition""]",26366,18479,48000,8659,11815,3156,41411,44167,29729,31987,0,0,1.0,1.0,1.0,False,0,0,0,64,2,0x0001 Action 1 > 0x0050 Hard Knockdown > 0x0049 Knockdown Face Up > 0x0073 Forward Roll > 0x0007 Action 7 > 0x0002 Action 2,hitstun,hitstun,hitstun > knockdown > wakeup,21,0,0,0,0.5651789903640747,2.0876572132110596,0.0,-4.966823577880859,0.0,0.0,1.5224782228469849,-4.966823577880859,0.08013043278142025,-0.26141176725688736,True,False,False,False,19,source age 0f; current move definition; action ID matched
2026-07-28T15:19:51Z,83,10398,P1-C1,Ryu,2454108608,12,309,Tatsu H,P2-C2,Doronjo,2465118752,6,move_definition,medium,80.0,0,12,"Mid, Heavy Hit",262208,"Standard-strike baseline, Special chip route B, one-eighth damage",standard-strike baseline; special chip route,12,262208,0,0,0,6687,0,hit,"[""HP -1207"",""reaction hitstun->knockdown"",""last-hit/action transition""]",25166,18479,48000,9139,11815,2676,41782,44167,30005,31987,0,0,1.0,1.0,1.0,False,0,0,0,1,95,0x0050 Hard Knockdown > 0x0049 Knockdown Face Up > 0x0073 Forward Roll > 0x0007 Action 7 > 0x0002 Action 2 > 0x005F Forced Roll,hitstun,knockdown,knockdown > wakeup > hitstun,21,0,0,0,0.7595461010932922,2.649052381515503,49.70135498046875,9.549760818481445,0.0,0.0,1.8895062804222107,-40.151594161987305,0.09944769896959003,-2.113241797999332,True,False,False,False,19,source age 0f; current move definition; action ID matched
2026-07-28T15:19:51Z,84,10400,P1-C1,Ryu,2454108608,12,309,Tatsu H,P2-C2,Doronjo,2465118752,6,move_definition,medium,80.0,0,12,"Mid, Heavy Hit",262208,"Standard-strike baseline, Special chip route B, one-eighth damage",standard-strike baseline; special chip route,12,262208,0,0,0,5480,0,hit,"[""HP -1146""]",23959,18479,48000,9622,11815,2193,42134,44167,30348,31987,0,0,1.0,1.0,1.0,False,0,0,0,80,95,0x0050 Hard Knockdown > 0x0049 Knockdown Face Up > 0x0073 Forward Roll > 0x0007 Action 7 > 0x0002 Action 2 > 0x005F Forced Roll,knockdown,knockdown,knockdown > wakeup > hitstun,21,0,0,0,0.7773944139480591,3.5048422813415527,51.1182975769043,0.0,0.0,0.0,2.7274478673934937,-51.1182975769043,0.14354988775755229,-2.6904367145739103,True,False,False,False,19,source age 0f; current move definition; action ID matched
2026-07-28T15:19:52Z,85,10402,P1-C1,Ryu,2454108608,12,309,Tatsu H,P2-C2,Doronjo,2465118752,6,move_definition,medium,80.0,0,12,"Mid, Heavy Hit",262208,"Standard-strike baseline, Special chip route B, one-eighth damage",standard-strike baseline; special chip route,12,262208,0,0,0,4334,0,hit,"[""HP -1084""]",22813,18479,48000,10081,11815,1734,42468,44167,30611,31987,0,0,1.0,1.0,1.0,False,0,0,0,80,1,0x0050 Hard Knockdown > 0x0049 Knockdown Face Up > 0x0073 Forward Roll > 0x0007 Action 7 > 0x0002 Action 2 > 0x005F Forced Roll > 0x0001 Action 1,knockdown,hitstun,knockdown > wakeup > hitstun,21,0,0,0,0.7335018515586853,3.8919713497161865,62.161964416503906,0.0,0.0,0.0,3.158469498157501,-62.161964416503906,0.16623523674513163,-3.271682337710732,True,False,False,False,19,source age 0f; current move definition; action ID matched
2026-07-28T15:19:54Z,86,10411,P1-C2,Ippatsuman,2461448704,7,418,Tag In,P2-C2,Doronjo,2465118752,6,move_definition_latched,high,92.0,0,12,"Mid, Heavy Hit",64,Standard-strike baseline,standard-strike baseline,0,0,0,0,0,3250,0,hit,"[""reaction wakeup->hitstun""]",21729,18479,48000,10515,11815,1300,42468,44427,30860,32117,0,0,1.0,1.0,1.0,False,0,0,0,115,266,0x0007 Action 7 > 0x0002 Action 2 > 0x005F Forced Roll > 0x0001 Action 1 > 0x010A Action 266,wakeup,hitstun,hitstun > knockdown,21,0,0,0,2.182638645172119,4.502988815307617,0.0,-2.982926845550537,0.0,0.0,2.320350170135498,-2.982926845550537,0.1221236931650262,-0.15699614976581774,True,False,False,False,19,source age 0f; current move definition; distance 0.00
2026-07-28T15:19:54Z,87,10415,P1-C1,Ryu,2454108608,12,309,Tatsu H,P2-C2,Doronjo,2465118752,6,move_definition_latched,medium,74.0,0,12,"Mid, Heavy Hit",262208,"Standard-strike baseline, Special chip route B, one-eighth damage",standard-strike baseline; special chip route,12,262208,0,0,0,5650,0,hit,"[""HP -3250"",""reaction hitstun->knockdown""]",21729,16079,48000,10515,12775,2260,44167,45798,30860,33080,0,0,1.0,1.0,1.0,False,0,0,0,2,257,0x0002 Action 2 > 0x005F Forced Roll > 0x0001 Action 1 > 0x010A Action 266 > 0x001E Action 30 > 0x0101 Action 257,hitstun,hitstun,hitstun > knockdown,21,0,0,0,3.0218875408172607,3.6744065284729004,-22.786563873291016,0.0,0.0,0.0,0.6525189876556396,22.786563873291016,0.03434310461345472,1.1992928354363692,True,False,False,False,19,source age 0f; current move definition; distance 11.45
2026-07-28T15:19:55Z,88,10416,P2-C2,Doronjo,2465118752,6,259,2A,P1-C2,Ippatsuman,2461448704,7,move_definition_latched,medium,64.0,0,9,"Mid, Light Hit",64,Standard-strike baseline,standard-strike baseline,0,0,0,0,0,0,0,"hit, no HP loss","[""reaction neutral->knockdown""]",46000,46000,46000,0,0,0,31987,33080,44167,45798,0,0,1.0,1.0,1.0,False,0,0,0,35,304,0x00A1 Hard Knockdown > 0x0001 Action 1 > 0x000B Action 11 > 0x0001 Action 1 > 0x0016 Action 22 > 0x0142 Action 322 > 0x0014 Action 20 > 0x0130 Action 304,neutral,neutral,knockdown > neutral,0,0,0,0,2.0876572132110596,3.6727945804595947,4.966823577880859,0.0,0.0,0.0,1.5851373672485352,-4.966823577880859,0.08342828248676501,-0.26141176725688736,True,False,False,False,19,source age 0f; current move definition
2026-07-28T15:19:55Z,89,10420,P1-C2,Ippatsuman,2461448704,7,267,j.C,P2-C2,Doronjo,2465118752,6,move_definition_latched,high,92.0,0,20,"High, Heavy Hit",64,Standard-strike baseline,standard-strike baseline,0,0,0,0,0,2400,0,hit,"[""reaction knockdown->hitstun""]",18479,16079,48000,11815,12775,960,44167,45993,31987,23080,0,0,1.0,1.0,1.0,False,0,0,0,95,1,0x0001 Action 1 > 0x010A Action 266 > 0x001E Action 30 > 0x0101 Action 257 > 0x0040 Standing Hitstun > 0x0001 Action 1,knockdown,neutral,hitstun > neutral,21,0,0,0,3.7690985202789307,2.517005205154419,0.0,-21.706491470336914,0.0,0.0,-1.2520933151245117,-21.706491470336914,-0.06589964816444799,-1.1424469194914166,False,False,False,False,19,source age 0f; current move definition; distance 0.00
2026-07-28T15:19:58Z,90,10433,P1-C2,Ippatsuman,2461448704,7,304,Rainball A,P2-C2,Doronjo,2465118752,6,live_attack_actor,high,120.0,0,12,"Mid, Heavy Hit",262402,"Initial actor phase, Special chip route B, one-eighth damage, Spawned-attack core flag (correlated)",spawned-attack core; initial actor phase; special chip route,0,0,0,2444319156,0,2400,2400,chip,"[""HP -2400"",""last-hit/action transition""]",18479,16079,48000,11815,12775,960,45798,46150,32117,23148,0,0,1.0,1.0,1.0,False,0,0,0,30,353,0x0101 Action 257 > 0x0040 Standing Hitstun > 0x0001 Action 1 > 0x0161 Action 353,hitstun,blockstun,hitstun > neutral > blockstun,21,9,0,0,3.8925833702087402,1.4118413925170898,0.0,0.0,0.0,0.0,-2.4807419776916504,0.0,-0.13056536724692897,0.0,False,False,False,False,19,source age 0f; live attack actor; action ID matched; distance 0.01
2026-07-28T15:20:01Z,91,10451,P1-C2,Ippatsuman,2461448704,7,256,5A,P2-C2,Doronjo,2465118752,6,move_definition,high,92.0,0,9,"Mid, Light Hit",64,Standard-strike baseline,standard-strike baseline,0,0,0,0,0,0,0,block,"[""blockstun +9"",""reaction neutral->blockstun""]",16079,16079,48000,12775,12775,0,46150,46150,23080,23148,0,0,1.0,1.0,1.0,False,0,0,0,353,513,0x0161 Action 353 > 0x0201 Action 513,neutral,neutral,blockstun > neutral,0,9,0,0,0.985173225402832,1.562752604484558,0.0,0.0,0.0,0.0,0.5775793790817261,0.0,0.0303989146885119,0.0,False,False,False,False,19,source age 0f; current move definition; distance 0.01
2026-07-28T15:20:01Z,92,10452,P2-C2,Doronjo,2465118752,6,513,Doronjo Counter,P1-C2,Ippatsuman,2461448704,7,live_attack_actor,high,120.0,0,2097153,"Unblockable, Light Hit, Capture trigger / opponent lock 0x00200000",1073741975,"Native result modifier +0004, Result propagation modifier +1, Spawned-attack core flag (correlated), Target-acquired / contact-lock state (correlated), Spawned-actor contact family 0x80 (correlated), Unknown B bits 0x00000004",native result +0004; spawned-attack core; native low-bit route 0x4; target-acquired/contact-lock; spawned-actor contact family; result propagation modifier,0,0,0,2444319156,0,14071,0,hit,"[""hitstun +21"",""reaction neutral->hitstun""]",46000,31929,46000,0,5647,5647,23148,23148,46150,46150,0,0,1.0,1.0,1.0,False,0,0,0,256,4610,0x1202 Action 4610,neutral,hitstun,hitstun,21,0,0,0,1.4057077169418335,1.5613629817962646,0.0,0.0,0.0,0.0,0.15565526485443115,0.0,0.008192382360759535,0.0,False,False,False,True,19,source age 0f; live attack actor; action ID matched; distance 0.00
2026-07-28T15:20:02Z,93,10456,P2-C2,Doronjo,2465118752,6,513,Doronjo Counter,P1-C2,Ippatsuman,2461448704,7,live_attack_actor,high,120.0,0,2097153,"Unblockable, Light Hit, Capture trigger / opponent lock 0x00200000",1073741975,"Native result modifier +0004, Result propagation modifier +1, Spawned-attack core flag (correlated), Target-acquired / contact-lock state (correlated), Spawned-actor contact family 0x80 (correlated), Unknown B bits 0x00000004",native result +0004; spawned-attack core; native low-bit route 0x4; target-acquired/contact-lock; spawned-actor contact family; result propagation modifier,0,0,0,2444319156,0,16143,0,hit,"[""HP -640""]",46000,29857,46000,0,6478,6478,23148,23148,46150,46150,0,0,1.0,1.0,1.0,False,0,0,0,4610,4610,0x1202 Action 4610,hitstun,hitstun,hitstun,21,0,0,0,1.3216679096221924,0.6515840888023376,0.0,55.595550537109375,0.0,0.0,-0.6700838208198547,55.595550537109375,-0.03526756951683446,2.926081607216283,False,False,False,False,19,source age 0f; live attack actor; action ID matched; distance 0.00
2026-07-28T15:20:02Z,94,10457,P2-C2,Doronjo,2465118752,6,513,Doronjo Counter,P1-C2,Ippatsuman,2461448704,7,live_attack_actor,high,120.0,0,2097153,"Unblockable, Light Hit, Capture trigger / opponent lock 0x00200000",1073741975,"Native result modifier +0004, Result propagation modifier +1, Spawned-attack core flag (correlated), Target-acquired / contact-lock state (correlated), Spawned-actor contact family 0x80 (correlated), Unknown B bits 0x00000004",native result +0004; spawned-attack core; native low-bit route 0x4; target-acquired/contact-lock; spawned-actor contact family; result propagation modifier,0,0,0,2444319156,0,15503,0,hit,"[""HP -2368""]",45360,29857,46000,256,6478,6222,23148,23148,46150,46150,0,0,1.0,1.0,1.0,False,0,0,0,4610,4610,0x1202 Action 4610,hitstun,hitstun,hitstun,21,0,0,0,1.48667311668396,0.6515840888023376,0.0,55.595550537109375,0.0,0.0,-0.8350890278816223,55.595550537109375,-0.04395205409903275,2.926081607216283,False,False,False,False,19,source age 0f; live attack actor; action ID matched; distance 0.00
2026-07-28T15:20:02Z,95,10458,P2-C2,Doronjo,2465118752,6,513,Doronjo Counter,P1-C2,Ippatsuman,2461448704,7,live_attack_actor,high,120.0,0,2097153,"Unblockable, Light Hit, Capture trigger / opponent lock 0x00200000",1073741975,"Native result modifier +0004, Result propagation modifier +1, Spawned-attack core flag (correlated), Target-acquired / contact-lock state (correlated), Spawned-actor contact family 0x80 (correlated), Unknown B bits 0x00000004",native result +0004; spawned-attack core; native low-bit route 0x4; target-acquired/contact-lock; spawned-actor contact family; result propagation modifier,0,0,0,2444319156,0,13135,0,hit,"[""HP -1852""]",42992,29857,46000,1205,6478,5273,23148,23148,46150,46150,0,0,1.0,1.0,1.0,False,0,0,0,4610,4610,0x1202 Action 4610,hitstun,hitstun,hitstun,21,0,0,0,1.570136547088623,0.6515840888023376,0.0,55.595550537109375,0.0,0.0,-0.9185524582862854,55.595550537109375,-0.04834486622559397,2.926081607216283,False,False,False,False,19,source age 0f; live attack actor; action ID matched; distance 0.00
2026-07-28T15:20:02Z,96,10459,P2-C2,Doronjo,2465118752,6,513,Doronjo Counter,P1-C2,Ippatsuman,2461448704,7,live_attack_actor,high,120.0,0,2097153,"Unblockable, Light Hit, Capture trigger / opponent lock 0x00200000",1073741975,"Native result modifier +0004, Result propagation modifier +1, Spawned-attack core flag (correlated), Target-acquired / contact-lock state (correlated), Spawned-actor contact family 0x80 (correlated), Unknown B bits 0x00000004",native result +0004; spawned-attack core; native low-bit route 0x4; target-acquired/contact-lock; spawned-actor contact family; result propagation modifier,0,0,0,2444319156,0,11283,0,hit,"[""HP -1595""]",41140,29857,46000,1947,6478,4531,23148,23148,46150,46150,0,0,1.0,1.0,1.0,False,0,0,0,4610,4610,0x1202 Action 4610,hitstun,hitstun,hitstun,21,0,0,0,1.5730962753295898,0.7923352718353271,0.0,56.7498893737793,0.0,0.0,-0.7807610034942627,56.7498893737793,-0.04109268439443488,2.9868362828304895,False,False,False,False,19,source age 0f; live attack actor; action ID matched; distance 0.00
2026-07-28T15:20:03Z,97,10460,P2-C2,Doronjo,2465118752,6,513,Doronjo Counter,P1-C2,Ippatsuman,2461448704,7,live_attack_actor,high,120.0,0,2097153,"Unblockable, Light Hit, Capture trigger / opponent lock 0x00200000",1073741975,"Native result modifier +0004, Result propagation modifier +1, Spawned-attack core flag (correlated), Target-acquired / contact-lock state (correlated), Spawned-actor contact family 0x80 (correlated), Unknown B bits 0x00000004",native result +0004; spawned-attack core; native low-bit route 0x4; target-acquired/contact-lock; spawned-actor contact family; result propagation modifier,0,0,0,2444319156,0,9688,0,hit,"[""HP -672""]",39545,29857,46000,2587,6478,3891,23148,23148,46150,46150,0,0,1.0,1.0,1.0,False,0,0,0,4610,4610,0x1202 Action 4610,hitstun,hitstun,hitstun,21,0,0,0,1.5691440105438232,2.219728469848633,0.0,55.62138748168945,0.0,0.0,0.6505844593048096,55.62138748168945,0.034241287331832085,2.9274414464047083,False,False,False,False,19,source age 0f; live attack actor; action ID matched; distance 0.00
2026-07-28T15:20:03Z,98,10461,P2-C2,Doronjo,2465118752,6,513,Doronjo Counter,P1-C2,Ippatsuman,2461448704,7,live_attack_actor,high,120.0,0,2097153,"Unblockable, Light Hit, Capture trigger / opponent lock 0x00200000",1073741975,"Native result modifier +0004, Result propagation modifier +1, Spawned-attack core flag (correlated), Target-acquired / contact-lock state (correlated), Spawned-actor contact family 0x80 (correlated), Unknown B bits 0x00000004",native result +0004; spawned-attack core; native low-bit route 0x4; target-acquired/contact-lock; spawned-actor contact family; result propagation modifier,0,0,0,2444319156,0,9016,0,hit,"[""HP -672""]",38873,29857,46000,2857,6478,3621,23148,23148,46150,46150,0,0,1.0,1.0,1.0,False,0,0,0,4610,4610,0x1202 Action 4610,hitstun,hitstun,hitstun,21,0,0,0,1.5583102703094482,3.6725809574127197,0.0,45.73442459106445,0.0,0.0,2.1142706871032715,45.73442459106445,0.1112774045843827,2.4070749784770764,False,False,False,False,19,source age 0f; live attack actor; action ID matched; distance 0.00
2026-07-28T15:20:03Z,99,10462,P2-C2,Doronjo,2465118752,6,513,Doronjo Counter,P1-C2,Ippatsuman,2461448704,7,live_attack_actor,high,120.0,0,2097153,"Unblockable, Light Hit, Capture trigger / opponent lock 0x00200000",1073741975,"Native result modifier +0004, Result propagation modifier +1, Spawned-attack core flag (correlated), Target-acquired / contact-lock state (correlated), Spawned-actor contact family 0x80 (correlated), Unknown B bits 0x00000004",native result +0004; spawned-attack core; native low-bit route 0x4; target-acquired/contact-lock; spawned-actor contact family; result propagation modifier,0,0,0,2444319156,0,8344,0,hit,"[""HP -672""]",38201,29857,46000,3127,6478,3351,23148,23148,46150,46150,0,0,1.0,1.0,1.0,False,0,0,0,4610,4610,0x1202 Action 4610,hitstun,hitstun,hitstun,21,0,0,0,1.5669926404953003,4.744226932525635,0.0,20.84897232055664,0.0,0.0,3.1772342920303345,20.84897232055664,0.16722285747528076,1.0973143326608759,False,False,False,False,19,source age 0f; live attack actor; action ID matched; distance 0.00
2026-07-28T15:20:03Z,100,10463,P2-C2,Doronjo,2465118752,6,513,Doronjo Counter,P1-C2,Ippatsuman,2461448704,7,live_attack_actor,high,120.0,0,2097153,"Unblockable, Light Hit, Capture trigger / opponent lock 0x00200000",1073741975,"Native result modifier +0004, Result propagation modifier +1, Spawned-attack core flag (correlated), Target-acquired / contact-lock state (correlated), Spawned-actor contact family 0x80 (correlated), Unknown B bits 0x00000004",native result +0004; spawned-attack core; native low-bit route 0x4; target-acquired/contact-lock; spawned-actor contact family; result propagation modifier,0,0,0,2444319156,0,7672,0,hit,"[""HP -448""]",37529,29857,46000,3397,6478,3081,23148,23148,46150,46150,0,0,1.0,1.0,1.0,False,0,0,0,4610,4610,0x1202 Action 4610,hitstun,hitstun,hitstun,21,0,0,0,1.5680327415466309,4.633709907531738,0.0,0.0,0.0,0.0,3.0656771659851074,0.0,0.16135142978868985,0.0,False,False,False,False,19,source age 0f; live attack actor; action ID matched; distance 0.00
2026-07-28T15:20:03Z,101,10464,P2-C2,Doronjo,2465118752,6,513,Doronjo Counter,P1-C2,Ippatsuman,2461448704,7,live_attack_actor,high,120.0,0,2097153,"Unblockable, Light Hit, Capture trigger / opponent lock 0x00200000",1073741975,"Native result modifier +0004, Result propagation modifier +1, Spawned-attack core flag (correlated), Target-acquired / contact-lock state (correlated), Spawned-actor contact family 0x80 (correlated), Unknown B bits 0x00000004",native result +0004; spawned-attack core; native low-bit route 0x4; target-acquired/contact-lock; spawned-actor contact family; result propagation modifier,0,0,0,2444319156,0,7224,0,hit,"[""HP -672""]",37081,29857,46000,3577,6478,2901,23148,23148,46150,46150,0,0,1.0,1.0,1.0,False,0,0,0,4610,102,0x1202 Action 4610 > 0x0066 Knockdown Face Up,hitstun,knockdown,hitstun > knockdown,21,0,0,0,1.564122200012207,4.616669654846191,0.0,0.0,0.0,0.0,3.0525474548339844,0.0,0.16066039235968338,0.0,True,False,False,False,19,source age 0f; live attack actor; action ID matched; distance 0.00
2026-07-28T15:20:03Z,102,10465,P2-C2,Doronjo,2465118752,6,513,Doronjo Counter,P1-C2,Ippatsuman,2461448704,7,live_attack_actor,high,120.0,0,2097153,"Unblockable, Light Hit, Capture trigger / opponent lock 0x00200000",1073741975,"Native result modifier +0004, Result propagation modifier +1, Spawned-attack core flag (correlated), Target-acquired / contact-lock state (correlated), Spawned-actor contact family 0x80 (correlated), Unknown B bits 0x00000004",native result +0004; spawned-attack core; native low-bit route 0x4; target-acquired/contact-lock; spawned-actor contact family; result propagation modifier,0,0,0,2444319156,0,6552,0,hit,"[""HP -672""]",36409,29857,46000,3847,6478,2631,23148,23148,46150,46150,0,0,1.0,1.0,1.0,False,0,0,0,4610,102,0x1202 Action 4610 > 0x0066 Knockdown Face Up,hitstun,knockdown,hitstun > knockdown,21,0,0,0,1.5634956359863281,4.510477066040039,0.0,0.0,0.0,0.0,2.946981430053711,0.0,0.15510428579230057,0.0,True,False,False,False,19,source age 0f; live attack actor; action ID matched; distance 0.00
2026-07-28T15:20:03Z,103,10466,P2-C2,Doronjo,2465118752,6,513,Doronjo Counter,P1-C2,Ippatsuman,2461448704,7,live_attack_actor,high,120.0,0,2097153,"Unblockable, Light Hit, Capture trigger / opponent lock 0x00200000",1073741975,"Native result modifier +0004, Result propagation modifier +1, Spawned-attack core flag (correlated), Target-acquired / contact-lock state (correlated), Spawned-actor contact family 0x80 (correlated), Unknown B bits 0x00000004",native result +0004; spawned-attack core; native low-bit route 0x4; target-acquired/contact-lock; spawned-actor contact family; result propagation modifier,0,0,0,2444319156,0,5880,0,hit,"[""HP -672""]",35737,29857,46000,4117,6478,2361,23148,23148,46150,46150,0,0,1.0,1.0,1.0,False,0,0,0,4610,115,0x1202 Action 4610 > 0x0066 Knockdown Face Up > 0x0073 Forward Roll,hitstun,wakeup,hitstun > knockdown > wakeup,21,0,0,0,1.5611486434936523,3.391709327697754,0.0,0.0,0.0,0.0,1.8305606842041016,0.0,0.09634529916863692,0.0,True,False,False,False,19,source age 0f; live attack actor; action ID matched; distance 0.00
2026-07-28T15:20:04Z,104,10467,P2-C2,Doronjo,2465118752,6,513,Doronjo Counter,P1-C2,Ippatsuman,2461448704,7,live_attack_actor,high,120.0,0,2097153,"Unblockable, Light Hit, Capture trigger / opponent lock 0x00200000",1073741975,"Native result modifier +0004, Result propagation modifier +1, Spawned-attack core flag (correlated), Target-acquired / contact-lock state (correlated), Spawned-actor contact family 0x80 (correlated), Unknown B bits 0x00000004",native result +0004; spawned-attack core; native low-bit route 0x4; target-acquired/contact-lock; spawned-actor contact family; result propagation modifier,0,0,0,2444319156,0,5208,0,hit,"[""HP -1120""]",35065,29857,46000,4387,6478,2091,23148,23408,46150,46150,0,0,1.0,1.0,1.0,False,0,0,0,4610,115,0x1202 Action 4610 > 0x0066 Knockdown Face Up > 0x0073 Forward Roll,hitstun,wakeup,hitstun > knockdown > wakeup,21,0,0,0,1.550875186920166,2.425483226776123,0.0,0.0,0.0,0.0,0.874608039855957,0.0,0.04603200209768195,0.0,True,False,False,False,19,source age 0f; live attack actor; action ID matched; distance 0.00
2026-07-28T15:20:04Z,105,10468,P2-C2,Doronjo,2465118752,6,513,Doronjo Counter,P1-C2,Ippatsuman,2461448704,7,live_attack_actor,high,120.0,0,2097153,"Unblockable, Light Hit, Capture trigger / opponent lock 0x00200000",1073741975,"Native result modifier +0004, Result propagation modifier +1, Spawned-attack core flag (correlated), Target-acquired / contact-lock state (correlated), Spawned-actor contact family 0x80 (correlated), Unknown B bits 0x00000004",native result +0004; spawned-attack core; native low-bit route 0x4; target-acquired/contact-lock; spawned-actor contact family; result propagation modifier,0,0,0,2444319156,0,4088,0,hit,"[""HP -672""]",33945,29857,46000,4837,6478,1641,23148,23408,46150,46150,0,0,1.0,1.0,1.0,False,0,0,0,4610,115,0x1202 Action 4610 > 0x0066 Knockdown Face Up > 0x0073 Forward Roll,hitstun,wakeup,hitstun > knockdown > wakeup,21,0,0,0,1.5631879568099976,1.7731640338897705,0.0,0.0,0.0,0.0,0.20997607707977295,0.0,0.011051372477882787,0.0,True,False,False,True,19,source age 0f; live attack actor; action ID matched; distance 0.00
2026-07-28T15:20:04Z,106,10469,P2-C2,Doronjo,2465118752,6,513,Doronjo Counter,P1-C2,Ippatsuman,2461448704,7,live_attack_actor,high,120.0,0,2097153,"Unblockable, Light Hit, Capture trigger / opponent lock 0x00200000",1073741975,"Native result modifier +0004, Result propagation modifier +1, Spawned-attack core flag (correlated), Target-acquired / contact-lock state (correlated), Spawned-actor contact family 0x80 (correlated), Unknown B bits 0x00000004",native result +0004; spawned-attack core; native low-bit route 0x4; target-acquired/contact-lock; spawned-actor contact family; result propagation modifier,0,0,0,2444319156,0,3416,0,hit,"[""HP -672""]",33273,29857,46000,5107,6478,1371,23148,23408,46150,46150,0,0,1.0,1.0,1.0,False,0,0,0,4610,115,0x1202 Action 4610 > 0x0066 Knockdown Face Up > 0x0073 Forward Roll,hitstun,wakeup,hitstun > knockdown > wakeup,21,0,0,0,1.5627329349517822,1.7925903797149658,0.0,0.0,0.0,0.0,0.2298574447631836,0.0,0.012097760250693873,0.0,True,False,False,True,19,source age 0f; live attack actor; action ID matched; distance 0.00
2026-07-28T15:20:04Z,107,10470,P2-C2,Doronjo,2465118752,6,513,Doronjo Counter,P1-C2,Ippatsuman,2461448704,7,live_attack_actor,high,120.0,0,2097153,"Unblockable, Light Hit, Capture trigger / opponent lock 0x00200000",1073741975,"Native result modifier +0004, Result propagation modifier +1, Spawned-attack core flag (correlated), Target-acquired / contact-lock state (correlated), Spawned-actor contact family 0x80 (correlated), Unknown B bits 0x00000004",native result +0004; spawned-attack core; native low-bit route 0x4; target-acquired/contact-lock; spawned-actor contact family; result propagation modifier,0,0,0,2444319156,0,2744,0,hit,"[""HP -672""]",32601,29857,46000,5377,6478,1101,23148,23408,46150,46150,0,0,1.0,1.0,1.0,False,0,0,0,4610,11,0x1202 Action 4610 > 0x0066 Knockdown Face Up > 0x0073 Forward Roll > 0x000B Action 11,hitstun,hitstun,hitstun > knockdown > wakeup,21,0,0,0,1.562752604484558,1.7890982627868652,0.0,0.0,0.0,0.0,0.22634565830230713,0.0,0.011912929384331954,0.0,True,False,False,True,19,source age 0f; live attack actor; action ID matched; distance 0.00
2026-07-28T15:20:04Z,108,10471,P2-C2,Doronjo,2465118752,6,513,Doronjo Counter,P1-C2,Ippatsuman,2461448704,7,live_attack_actor,high,120.0,0,2097153,"Unblockable, Light Hit, Capture trigger / opponent lock 0x00200000",1073741975,"Native result modifier +0004, Result propagation modifier +1, Spawned-attack core flag (correlated), Target-acquired / contact-lock state (correlated), Spawned-actor contact family 0x80 (correlated), Unknown B bits 0x00000004",native result +0004; spawned-attack core; native low-bit route 0x4; target-acquired/contact-lock; spawned-actor contact family; result propagation modifier,0,0,0,2444319156,0,2072,0,hit,"[""HP -448""]",31929,29857,46000,5647,6478,831,23148,23408,46150,46150,0,0,1.0,1.0,1.0,False,0,0,0,4610,11,0x1202 Action 4610 > 0x0066 Knockdown Face Up > 0x0073 Forward Roll > 0x000B Action 11,hitstun,hitstun,hitstun > knockdown > wakeup,21,0,0,0,1.5613629817962646,1.885955572128296,0.0,0.0,0.0,0.0,0.32459259033203125,0.0,0.01708382054379112,0.0,True,False,False,False,19,source age 0f; live attack actor; action ID matched; distance 0.01
2026-07-28T15:20:04Z,109,10472,P2-C2,Doronjo,2465118752,6,513,Doronjo Counter,P1-C2,Ippatsuman,2461448704,7,live_attack_actor,high,120.0,0,2097153,"Unblockable, Light Hit, Capture trigger / opponent lock 0x00200000",1073741975,"Native result modifier +0004, Result propagation modifier +1, Spawned-attack core flag (correlated), Target-acquired / contact-lock state (correlated), Spawned-actor contact family 0x80 (correlated), Unknown B bits 0x00000004",native result +0004; spawned-attack core; native low-bit route 0x4; target-acquired/contact-lock; spawned-actor contact family; result propagation modifier,0,0,0,2444319156,0,1624,0,hit,"[""HP -672""]",31481,29857,46000,5827,6478,651,23148,23408,46150,46150,0,0,1.0,1.0,1.0,False,0,0,0,4610,20,0x1202 Action 4610 > 0x0066 Knockdown Face Up > 0x0073 Forward Roll > 0x000B Action 11 > 0x0014 Action 20,hitstun,hitstun,hitstun > knockdown > wakeup,21,0,0,0,1.5324525833129883,1.82676100730896,0.0,33.95637512207031,0.0,0.0,0.2943084239959717,33.95637512207031,0.015489917052419562,1.7871776380037006,True,False,False,False,19,source age 0f; live attack actor; action ID matched; distance 0.01
2026-07-28T15:20:05Z,110,10474,P2-C2,Doronjo,2465118752,6,513,Doronjo Counter,P1-C2,Ippatsuman,2461448704,7,live_attack_actor,high,96.0,0,2097153,"Unblockable, Light Hit, Capture trigger / opponent lock 0x00200000",1073741975,"Native result modifier +0004, Result propagation modifier +1, Spawned-attack core flag (correlated), Target-acquired / contact-lock state (correlated), Spawned-actor contact family 0x80 (correlated), Unknown B bits 0x00000004",native result +0004; spawned-attack core; native low-bit route 0x4; target-acquired/contact-lock; spawned-actor contact family; result propagation modifier,0,0,0,2444319156,0,952,0,hit,"[""HP -952""]",30809,29857,46000,6097,6478,381,23148,23408,46150,46215,0,0,1.0,1.0,1.0,False,0,0,0,4610,265,0x1202 Action 4610 > 0x0066 Knockdown Face Up > 0x0073 Forward Roll > 0x000B Action 11 > 0x0014 Action 20 > 0x0023 Action 35 > 0x0109 Action 265,hitstun,hitstun,hitstun > knockdown > wakeup,21,0,0,0,1.0014541149139404,1.9659258127212524,0.0,0.0,0.0,0.0,0.964471697807312,0.0,0.050761668305648,0.0,True,False,False,False,19,source age 0f; live attack actor; action ID matched
2026-07-28T15:20:06Z,111,10482,P2-C2,Doronjo,2465118752,6,513,Doronjo Counter,P1-C2,Ippatsuman,2461448704,7,live_attack_actor,high,108.0,0,2097153,"Unblockable, Light Hit, Capture trigger / opponent lock 0x00200000",1073741975,"Native result modifier +0004, Result propagation modifier +1, Spawned-attack core flag (correlated), Target-acquired / contact-lock state (correlated), Spawned-actor contact family 0x80 (correlated), Unknown B bits 0x00000004",native result +0004; spawned-attack core; native low-bit route 0x4; target-acquired/contact-lock; spawned-actor contact family; result propagation modifier,0,0,0,2444319156,0,0,0,"hit, no HP loss","[""reaction hitstun->knockdown""]",29857,29857,46000,6478,6478,0,23148,23995,46150,47194,0,0,1.0,1.0,1.0,False,0,0,0,4610,259,0x0066 Knockdown Face Up > 0x0073 Forward Roll > 0x000B Action 11 > 0x0014 Action 20 > 0x0023 Action 35 > 0x0109 Action 265 > 0x001E Action 30 > 0x0006 Action 6 > 0x0101 Action 257 > 0x0103 Action 259,hitstun,hitstun,knockdown > wakeup > hitstun,21,0,0,0,4.633709907531738,1.346178412437439,0.0,-37.23972702026367,0.0,0.0,-3.2875314950942993,-37.23972702026367,-0.17302797342601575,-1.9599856326454563,True,False,False,False,19,source age 0f; live attack actor; distance 0.00
2026-07-28T15:20:07Z,112,10488,P2-C2,Doronjo,2465118752,6,309,Rock C,P1-C2,Ippatsuman,2461448704,7,live_attack_actor,high,108.0,0,1,"Unblockable, Light Hit",262274,"Special chip route B, one-eighth damage, Spawned-attack core flag (correlated), Spawned-actor contact family 0x80 (correlated)",spawned-attack core; spawned-actor contact family; special chip route,0,0,0,2444319156,0,0,0,block,"[""reaction wakeup->hitstun""]",29857,29857,46000,6478,6478,0,23408,24966,46150,48484,0,0,1.0,1.0,1.0,False,0,0,0,115,256,0x000B Action 11 > 0x0014 Action 20 > 0x0023 Action 35 > 0x0109 Action 265 > 0x001E Action 30 > 0x0006 Action 6 > 0x0101 Action 257 > 0x0103 Action 259 > 0x0003 Action 3 > 0x0030 Block > 0x0100 Action 256,wakeup,hitstun,hitstun > blockstun,21,8,0,0,1.7925903797149658,1.290812611579895,0.0,-39.441192626953125,0.0,0.0,-0.5017777681350708,-39.441192626953125,-0.026409356217635304,-2.075852243523849,False,False,False,False,19,source age 0f; live attack actor; distance 0.00
2026-07-28T15:20:09Z,113,10494,P1-C1,Ryu,2454108608,12,426,assist attack,P2-C2,Doronjo,2465118752,6,live_attack_actor,medium,84.0,0,12,"Mid, Heavy Hit",258,"Initial actor phase, Spawned-attack core flag (correlated)",spawned-attack core; initial actor phase,0,0,0,2444319576,0,6141,0,hit,"[""HP -851"",""hitstun +12"",""reaction neutral->knockdown""]",16079,9938,48000,12775,15235,2460,46608,49934,23408,25856,0,0,1.0,1.0,1.0,False,0,0,0,6,97,0x0015 Action 21 > 0x005B Soft Knockdown > 0x0007 Action 7 > 0x0015 Action 21 > 0x0109 Action 265 > 0x001E Action 30 > 0x005B Soft Knockdown > 0x0061 Launched,neutral,hitstun,neutral > knockdown > hitstun,17,0,0,0,1.3032838106155396,0.9370763301849365,29.408321380615234,53.89826965332031,0.0,0.0,-0.366207480430603,24.489948272705078,-0.01927407791740016,1.2889446459318463,True,False,False,False,19,source age 0f; live attack actor
2026-07-28T15:20:09Z,114,10496,P1-C1,Ryu,2454108608,12,426,assist attack,P2-C2,Doronjo,2465118752,6,live_attack_actor,medium,84.0,0,12,"Mid, Heavy Hit",258,"Initial actor phase, Spawned-attack core flag (correlated)",spawned-attack core; initial actor phase,0,0,0,2444319576,0,6414,0,hit,"[""HP -847"",""hitstun +5""]",15228,8814,48000,13116,15686,2570,47129,50000,23995,26341,0,0,1.0,1.0,1.0,False,0,0,0,91,91,0x005B Soft Knockdown > 0x0007 Action 7 > 0x0015 Action 21 > 0x0109 Action 265 > 0x001E Action 30 > 0x005B Soft Knockdown > 0x0061 Launched > 0x005B Soft Knockdown,knockdown,knockdown,knockdown > hitstun,17,0,0,0,0.3284420371055603,0.6884933710098267,80.22915649414062,34.750885009765625,0.0,0.0,0.36005133390426636,-45.478271484375,0.018950070205487703,-2.3935932360197367,True,False,False,False,19,source age 0f; live attack actor
2026-07-28T15:20:10Z,115,10499,P1-C1,Ryu,2454108608,12,426,assist attack,P2-C2,Doronjo,2465118752,6,live_attack_actor,high,90.0,0,12,"Mid, Heavy Hit",258,"Initial actor phase, Spawned-attack core flag (correlated)",spawned-attack core; initial actor phase,0,0,0,2444319576,0,7584,0,hit,"[""reaction knockdown->hitstun""]",14381,6797,48000,13455,16494,3039,47129,50000,23995,27213,0,0,1.0,1.0,1.0,False,0,0,0,91,91,0x0007 Action 7 > 0x0015 Action 21 > 0x0109 Action 265 > 0x001E Action 30 > 0x005B Soft Knockdown > 0x0061 Launched > 0x005B Soft Knockdown,knockdown,knockdown,hitstun > knockdown,17,0,0,0,1.190293550491333,0.9941295981407166,0.0,64.95828247070312,0.0,0.0,-0.19616395235061646,64.95828247070312,-0.010324418544769287,3.4188569721422697,True,False,False,False,19,source age 0f; live attack actor; distance 10.03
2026-07-28T15:20:11Z,116,10503,P2-C2,Doronjo,2465118752,6,309,Rock C,P1-C2,Ippatsuman,2461448704,7,live_attack_actor,high,102.25,1,1,"Unblockable, Light Hit",262274,"Special chip route B, one-eighth damage, Spawned-attack core flag (correlated), Spawned-actor contact family 0x80 (correlated)",spawned-attack core; spawned-actor contact family; special chip route,0,0,0,2444319156,0,0,0,block,"[""blockstun +8"",""reaction hitstun->blockstun"",""reaction blockstun->hitstun""]",29857,29857,46000,6478,0,-6478,24143,27213,47194,50000,0,0,1.0,1.0,1.0,False,0,0,0,3,266,0x0003 Action 3 > 0x0030 Block > 0x0100 Action 256 > 0x0101 Action 257 > 0x010E Action 270 > 0x0109 Action 265 > 0x0120 Action 288 > 0x010A Action 266 > 0x0141 Action 321 > 0x00A4 Action 164 > 0x0023 Action 35 > 0x010A Action 266,hitstun,hitstun,blockstun > hitstun,21,8,0,0,0.9322555661201477,0.4226158857345581,-45.52159118652344,82.35753631591797,0.0,0.0,-0.5096396803855896,127.8791275024414,-0.026823141072925768,6.730480394865337,False,False,False,False,19,source age 1f; live attack actor; distance 0.00
2026-07-28T15:20:11Z,117,10504,P1-C1,Ryu,2454108608,12,426,assist attack,P2-C2,Doronjo,2465118752,6,live_attack_actor,medium,84.0,0,12,"Mid, Heavy Hit",258,"Initial actor phase, Spawned-attack core flag (correlated)",spawned-attack core; initial actor phase,0,0,0,2444319576,0,7584,0,hit,"[""HP -811"",""last-hit/action transition""]",14381,6797,48000,13455,16494,3039,47630,50000,24143,27213,0,0,1.0,1.0,1.0,False,0,0,0,265,319,0x001E Action 30 > 0x005B Soft Knockdown > 0x0061 Launched > 0x005B Soft Knockdown > 0x00A0 Air Recovery > 0x013F Action 319,hitstun,hitstun,hitstun > knockdown > air_recovery,17,0,0,0,1.122938632965088,2.1087417602539062,0.0,0.0,0.0,0.0,0.9858031272888184,0.0,0.05188437512046412,0.0,True,False,True,False,19,source age 0f; live attack actor
2026-07-28T15:20:11Z,118,10505,P1-C1,Ryu,2454108608,12,426,assist attack,P2-C2,Doronjo,2465118752,6,live_attack_actor,medium,84.0,0,12,"Mid, Heavy Hit",258,"Initial actor phase, Spawned-attack core flag (correlated)",spawned-attack core; initial actor phase,0,0,0,2444319576,0,6773,0,hit,"[""HP -807"",""reaction hitstun->knockdown"",""last-hit/action transition""]",13570,6797,48000,13780,16494,2714,48066,50000,24423,27213,0,0,1.0,1.0,1.0,False,0,0,0,30,336,0x005B Soft Knockdown > 0x0061 Launched > 0x005B Soft Knockdown > 0x00A0 Air Recovery > 0x013F Action 319 > 0x0150 Action 336,hitstun,hitstun,knockdown > hitstun > air_recovery,17,0,0,0,0.6090876460075378,1.899013638496399,46.5025634765625,0.0,0.0,0.0,1.289925992488861,-46.5025634765625,0.06789084170994006,-2.4475033408717106,True,False,True,False,19,source age 0f; live attack actor
2026-07-28T15:20:11Z,119,10506,P1-C1,Ryu,2454108608,12,426,assist attack,P2-C2,Doronjo,2465118752,6,live_attack_actor,medium,84.0,0,12,"Mid, Heavy Hit",258,"Initial actor phase, Spawned-attack core flag (correlated)",spawned-attack core; initial actor phase,0,0,0,2444319576,0,5966,0,hit,"[""HP -766""]",12763,6797,48000,14103,16494,2391,48484,50000,24701,27213,0,0,1.0,1.0,1.0,False,0,0,0,91,335,0x005B Soft Knockdown > 0x0061 Launched > 0x005B Soft Knockdown > 0x00A0 Air Recovery > 0x013F Action 319 > 0x0150 Action 336 > 0x014F Action 335,knockdown,hitstun,knockdown > hitstun > air_recovery,17,0,0,0,0.8944558501243591,2.829660177230835,40.627113342285156,0.0,0.0,0.0,1.9352043271064758,-40.627113342285156,0.10185285932139347,-2.138269123278166,True,False,True,False,19,source age 0f; live attack actor
2026-07-28T15:20:12Z,120,10508,P1-C1,Ryu,2454108608,12,426,assist attack,P2-C2,Doronjo,2465118752,6,live_attack_actor,medium,84.0,0,12,"Mid, Heavy Hit",258,"Initial actor phase, Spawned-attack core flag (correlated)",spawned-attack core; initial actor phase,0,0,0,2444319576,0,5200,0,hit,"[""HP -577"",""hitstun +5""]",11997,6797,48000,14410,16494,2084,48948,50000,24966,27213,0,0,1.0,1.0,1.0,False,0,0,0,91,21,0x005B Soft Knockdown > 0x0061 Launched > 0x005B Soft Knockdown > 0x00A0 Air Recovery > 0x013F Action 319 > 0x0150 Action 336 > 0x014F Action 335 > 0x0015 Action 21,knockdown,hitstun,knockdown > hitstun > air_recovery,17,0,0,0,1.7781786918640137,2.524801015853882,35.97632598876953,-1.1380200386047363,0.0,0.0,0.7466223239898682,-37.11434602737427,0.03929591178894043,-1.9533866330196983,True,False,True,False,19,source age 0f; live attack actor
2026-07-28T15:20:12Z,121,10509,P1-C1,Ryu,2454108608,12,426,assist attack,P2-C2,Doronjo,2465118752,6,live_attack_actor,medium,84.0,0,12,"Mid, Heavy Hit",258,"Initial actor phase, Spawned-attack core flag (correlated)",spawned-attack core; initial actor phase,0,0,0,2444319576,0,4623,0,hit,"[""HP -538""]",11420,6797,48000,14641,16494,1853,49258,50000,25215,27278,0,0,1.0,1.0,1.0,False,0,0,0,91,21,0x005B Soft Knockdown > 0x0061 Launched > 0x005B Soft Knockdown > 0x00A0 Air Recovery > 0x013F Action 319 > 0x0150 Action 336 > 0x014F Action 335 > 0x0015 Action 21,knockdown,hitstun,knockdown > hitstun > air_recovery,17,0,0,0,1.6402462720870972,2.577632427215576,47.1142578125,-5.148816108703613,0.0,0.0,0.937386155128479,-52.26307392120361,0.04933611342781469,-2.75068810111598,True,False,True,False,19,source age 0f; live attack actor
2026-07-28T15:20:12Z,122,10511,P1-C1,Ryu,2454108608,12,426,assist attack,P2-C2,Doronjo,2465118752,6,live_attack_actor,medium,84.0,0,12,"Mid, Heavy Hit",258,"Initial actor phase, Spawned-attack core flag (correlated)",spawned-attack core; initial actor phase,0,0,0,2444319576,0,4085,0,hit,"[""HP -944"",""reaction knockdown->hitstun""]",10882,6797,48000,14857,16494,1637,49934,40000,25447,27278,0,0,1.0,1.0,1.0,False,0,0,0,91,416,0x005B Soft Knockdown > 0x0061 Launched > 0x005B Soft Knockdown > 0x00A0 Air Recovery > 0x013F Action 319 > 0x0150 Action 336 > 0x014F Action 335 > 0x0015 Action 21 > 0x0109 Action 265 > 0x01A0 Action 416,knockdown,hitstun,knockdown > hitstun > air_recovery,17,0,0,0,1.3758994340896606,3.1497139930725098,44.72614288330078,0.0,0.0,0.0,1.7738145589828491,-44.72614288330078,0.09335866099909733,-2.354007520173725,True,False,True,False,19,source age 0f; live attack actor
2026-07-28T15:20:13Z,123,10513,P1-C1,Ryu,2454108608,12,426,assist attack,P2-C2,Doronjo,2465118752,6,live_attack_actor,medium,84.0,0,12,"Mid, Heavy Hit",258,"Initial actor phase, Spawned-attack core flag (correlated)",spawned-attack core; initial actor phase,0,0,0,2444319576,0,3141,0,hit,"[""HP -546""]",9938,6797,48000,15235,16494,1259,50000,20000,25856,27278,0,0,1.0,1.0,1.0,False,0,0,0,97,416,0x0061 Launched > 0x005B Soft Knockdown > 0x00A0 Air Recovery > 0x013F Action 319 > 0x0150 Action 336 > 0x014F Action 335 > 0x0015 Action 21 > 0x0109 Action 265 > 0x01A0 Action 416,hitstun,hitstun,hitstun > knockdown > air_recovery,17,0,0,0,0.9370763301849365,3.2328264713287354,53.89826965332031,0.0,0.0,0.0,2.295750141143799,-53.89826965332031,0.12082895479704205,-2.8367510343852795,True,False,True,False,19,source age 0f; live attack actor
2026-07-28T15:20:13Z,124,10514,P1-C1,Ryu,2454108608,12,426,assist attack,P2-C2,Doronjo,2465118752,6,live_attack_actor,medium,84.0,0,12,"Mid, Heavy Hit",258,"Initial actor phase, Spawned-attack core flag (correlated)",spawned-attack core; initial actor phase,0,0,0,2444319576,0,2595,0,hit,"[""HP -578"",""reaction hitstun->knockdown"",""last-hit/action transition""]",9392,6797,48000,15454,16494,1040,50000,20000,26092,27278,0,0,1.0,1.0,1.0,False,0,0,0,97,416,0x005B Soft Knockdown > 0x00A0 Air Recovery > 0x013F Action 319 > 0x0150 Action 336 > 0x014F Action 335 > 0x0015 Action 21 > 0x0109 Action 265 > 0x01A0 Action 416,hitstun,hitstun,knockdown > air_recovery > hitstun,17,0,0,0,0.6451898217201233,3.215777635574341,35.87766647338867,0.0,0.0,0.0,2.5705878138542175,-35.87766647338867,0.13529409546601145,-1.888298235441509,True,False,True,False,19,source age 0f; live attack actor
2026-07-28T15:20:13Z,125,10515,P1-C1,Ryu,2454108608,12,426,assist attack,P2-C2,Doronjo,2465118752,6,live_attack_actor,medium,84.0,0,12,"Mid, Heavy Hit",258,"Initial actor phase, Spawned-attack core flag (correlated)",spawned-attack core; initial actor phase,0,0,0,2444319576,0,2017,0,hit,"[""HP -1013"",""hitstun +5""]",8814,6797,48000,15686,16494,808,50000,20000,26341,27278,0,0,1.0,1.0,1.0,False,0,0,0,91,416,0x005B Soft Knockdown > 0x00A0 Air Recovery > 0x013F Action 319 > 0x0150 Action 336 > 0x014F Action 335 > 0x0015 Action 21 > 0x0109 Action 265 > 0x01A0 Action 416,knockdown,hitstun,knockdown > air_recovery > hitstun,17,0,0,0,0.6884933710098267,3.211350440979004,34.750885009765625,0.0,0.0,0.0,2.5228570699691772,-34.750885009765625,0.13278195105100932,-1.8289939478824013,True,False,True,False,19,source age 0f; live attack actor
2026-07-28T15:20:14Z,126,10516,P1-C1,Ryu,2454108608,12,426,assist attack,P2-C2,Doronjo,2465118752,6,live_attack_actor,medium,84.0,0,12,"Mid, Heavy Hit",258,"Initial actor phase, Spawned-attack core flag (correlated)",spawned-attack core; initial actor phase,0,0,0,2444319576,0,1004,0,hit,"[""HP -1004""]",7801,6797,48000,16092,16494,402,50000,20000,26779,27278,0,0,1.0,1.0,1.0,False,0,0,0,91,416,0x005B Soft Knockdown > 0x00A0 Air Recovery > 0x013F Action 319 > 0x0150 Action 336 > 0x014F Action 335 > 0x0015 Action 21 > 0x0109 Action 265 > 0x01A0 Action 416,knockdown,hitstun,knockdown > air_recovery > hitstun,17,0,0,0,0.7472493648529053,3.4330053329467773,24.402429580688477,0.0,0.0,0.0,2.685755968093872,-24.402429580688477,0.14135557726809853,-1.2843383989836041,True,False,True,False,19,source age 0f; live attack actor
2026-07-28T15:20:15Z,127,10520,P1-C1,Ryu,2454108608,12,426,assist attack,P2-C2,Doronjo,2465118752,6,live_attack_actor,medium,84.0,0,12,"Mid, Heavy Hit",258,"Initial actor phase, Spawned-attack core flag (correlated)",spawned-attack core; initial actor phase,0,0,0,2444319576,0,0,0,"hit, no HP loss","[""reaction knockdown->air_recovery"",""reaction air_recovery->hitstun""]",6797,6797,48000,16494,16482,-12,50000,20000,27213,27278,0,0,1.0,1.0,1.0,False,0,0,0,91,417,0x00A0 Air Recovery > 0x013F Action 319 > 0x0150 Action 336 > 0x014F Action 335 > 0x0015 Action 21 > 0x0109 Action 265 > 0x01A0 Action 416 > 0x01A1 Action 417,knockdown,hitstun,air_recovery > hitstun,17,0,0,0,1.2084357738494873,9.41394329071045,18.284175872802734,5.6701884269714355,0.0,0.0,8.205507516860962,-12.613987445831299,0.43186881667689275,-0.6638940760963842,False,False,True,False,19,source age 0f; live attack actor
2026-07-28T15:20:19Z,128,10536,P1-C1,Ryu,2454108608,12,352,Shinkuu,P2-C1,Frank West,2457778656,30,live_attack_actor,high,96.0,0,12,"Mid, Heavy Hit",291,"Native result modifier +0004, Sustained-contact actor route, Initial actor phase, Spawned-attack core flag (correlated)",native result +0004; spawned-attack core; sustained-contact route; initial actor phase,265,35,0,2444319156,0,20091,0,hit,"[""HP -4596""]",25731,5640,50000,0,8049,8049,20000,23720,27278,29708,0,0,1.0,1.0,1.0,False,0,0,0,418,66,0x01A2 Action 418 > 0x0050 Hard Knockdown > 0x005B Soft Knockdown > 0x00A0 Air Recovery > 0x0001 Action 1 > 0x0002 Action 2 > 0x0006 Action 6 > 0x0041 Overhead Hitstun > 0x0040 Standing Hitstun > 0x0042 Low Hitstun,neutral,hitstun,neutral > knockdown > air_recovery > hitstun,21,0,0,0,4.76389217376709,1.0812551975250244,7.592617511749268,0.0,0.0,0.0,-3.6826369762420654,-7.592617511749268,-0.1938229987495824,-0.39961144798680354,True,False,True,False,19,source age 0f; live attack actor; action ID matched
2026-07-28T15:20:19Z,129,10537,P1-C1,Ryu,2454108608,12,352,Shinkuu,P2-C1,Frank West,2457778656,30,live_attack_actor,high,96.0,0,12,"Mid, Heavy Hit",291,"Native result modifier +0004, Sustained-contact actor route, Initial actor phase, Spawned-attack core flag (correlated)",native result +0004; spawned-attack core; sustained-contact route; initial actor phase,265,35,0,2444319156,0,17090,0,hit,"[""HP -6057"",""hitstun +21"",""reaction neutral->knockdown"",""last-hit/action transition""]",21135,4045,50000,1839,8687,6848,20000,24775,27278,30499,0,0,1.0,1.0,1.0,False,0,0,0,418,66,0x0050 Hard Knockdown > 0x005B Soft Knockdown > 0x00A0 Air Recovery > 0x0001 Action 1 > 0x0002 Action 2 > 0x0006 Action 6 > 0x0041 Overhead Hitstun > 0x0040 Standing Hitstun > 0x0042 Low Hitstun,neutral,hitstun,knockdown > air_recovery > hitstun,27,0,0,0,3.522064685821533,0.7873191237449646,25.079805374145508,0.0,0.0,0.0,-2.7347455620765686,-25.079805374145508,-0.14393397695139834,-1.319989756533974,True,False,True,False,19,source age 0f; live attack actor; action ID matched
2026-07-28T15:20:19Z,130,10538,P1-C1,Ryu,2454108608,12,352,Shinkuu,P2-C1,Frank West,2457778656,30,live_attack_actor,high,96.0,0,12,"Mid, Heavy Hit",291,"Native result modifier +0004, Sustained-contact actor route, Initial actor phase, Spawned-attack core flag (correlated)",native result +0004; spawned-attack core; sustained-contact route; initial actor phase,265,35,0,2444319156,0,12208,0,hit,"[""HP -1622""]",15078,2870,50000,4264,9157,4893,20000,25747,27278,31081,0,0,1.0,1.0,1.0,False,0,0,0,80,64,0x0050 Hard Knockdown > 0x005B Soft Knockdown > 0x00A0 Air Recovery > 0x0001 Action 1 > 0x0002 Action 2 > 0x0006 Action 6 > 0x0041 Overhead Hitstun > 0x0040 Standing Hitstun > 0x0042 Low Hitstun > 0x0040 Standing Hitstun,knockdown,hitstun,knockdown > air_recovery > hitstun,27,0,0,0,5.206836700439453,0.8308126926422119,15.435478210449219,0.0,0.0,0.0,-4.376024007797241,-15.435478210449219,-0.23031705304196007,-0.8123935900236431,True,False,True,False,19,source age 0f; live attack actor; action ID matched
2026-07-28T15:20:20Z,131,10539,P1-C1,Ryu,2454108608,12,352,Shinkuu,P2-C1,Frank West,2457778656,30,live_attack_actor,high,96.0,0,12,"Mid, Heavy Hit",291,"Native result modifier +0004, Sustained-contact actor route, Initial actor phase, Spawned-attack core flag (correlated)",native result +0004; spawned-attack core; sustained-contact route; initial actor phase,265,35,0,2444319156,0,10586,0,hit,"[""HP -1008""]",13456,2870,50000,4915,9157,4242,20000,25747,27278,31081,0,0,1.0,1.0,1.0,False,0,0,0,80,97,0x005B Soft Knockdown > 0x00A0 Air Recovery > 0x0001 Action 1 > 0x0002 Action 2 > 0x0006 Action 6 > 0x0041 Overhead Hitstun > 0x0040 Standing Hitstun > 0x0042 Low Hitstun > 0x0040 Standing Hitstun > 0x0061 Launched,knockdown,hitstun,knockdown > air_recovery > hitstun,27,0,0,0,4.8336052894592285,0.6690983772277832,16.558563232421875,0.0,0.0,0.0,-4.164506912231445,-16.558563232421875,-0.2191845743279708,-0.871503328022204,True,False,True,False,19,source age 0f; live attack actor; action ID matched
2026-07-28T15:20:20Z,132,10540,P1-C1,Ryu,2454108608,12,352,Shinkuu,P2-C1,Frank West,2457778656,30,live_attack_actor,high,96.0,0,12,"Mid, Heavy Hit",291,"Native result modifier +0004, Sustained-contact actor route, Initial actor phase, Spawned-attack core flag (correlated)",native result +0004; spawned-attack core; sustained-contact route; initial actor phase,265,35,0,2444319156,0,9578,0,hit,"[""HP -603""]",12448,2870,50000,5319,9157,3838,20000,25747,27278,31081,0,0,1.0,1.0,1.0,False,0,0,0,91,97,0x005B Soft Knockdown > 0x00A0 Air Recovery > 0x0001 Action 1 > 0x0002 Action 2 > 0x0006 Action 6 > 0x0041 Overhead Hitstun > 0x0040 Standing Hitstun > 0x0042 Low Hitstun > 0x0040 Standing Hitstun > 0x0061 Launched,knockdown,hitstun,knockdown > air_recovery > hitstun,27,0,0,0,4.938210964202881,0.6504954099655151,16.09963035583496,55.157623291015625,0.0,0.0,-4.287715554237366,39.057992935180664,-0.22566923969670347,2.055683838693719,True,False,True,False,19,source age 0f; live attack actor; action ID matched
2026-07-28T15:20:20Z,133,10541,P1-C1,Ryu,2454108608,12,352,Shinkuu,P2-C1,Frank West,2457778656,30,live_attack_actor,high,96.0,0,12,"Mid, Heavy Hit",291,"Native result modifier +0004, Sustained-contact actor route, Initial actor phase, Spawned-attack core flag (correlated)",native result +0004; spawned-attack core; sustained-contact route; initial actor phase,265,35,0,2444319156,0,9425,0,hit,"[""HP -894"",""reaction knockdown->air_recovery""]",11845,2420,50000,5562,9337,3775,20000,26109,27278,31303,0,0,1.0,1.0,1.0,False,0,0,0,91,97,0x005B Soft Knockdown > 0x00A0 Air Recovery > 0x0001 Action 1 > 0x0002 Action 2 > 0x0006 Action 6 > 0x0041 Overhead Hitstun > 0x0040 Standing Hitstun > 0x0042 Low Hitstun > 0x0040 Standing Hitstun > 0x0061 Launched,knockdown,hitstun,knockdown > air_recovery > hitstun,27,0,0,0,4.9939284324646,0.5479164719581604,15.23005485534668,46.14030456542969,0.0,0.0,-4.446011960506439,30.910249710083008,-0.2340006295003389,1.6268552478991056,True,False,True,False,19,source age 0f; live attack actor; action ID matched
2026-07-28T15:20:21Z,134,10544,P1-C2,Ippatsuman,2461448704,7,352,Grand Slam Attack,P2-C1,Frank West,2457778656,30,live_attack_actor,high,104.0,0,33292,"Mid, Heavy Hit, Hard knockdown (Roll Swing family) 0x00008200",259,"Native result modifier +0004, Initial actor phase, Spawned-attack core flag (correlated)",native result +0004; spawned-attack core; initial actor phase,0,0,0,2444321256,0,10951,0,KO,"[""reaction air_recovery->hitstun""]",10951,0,50000,5922,0,-5922,20000,28374,27408,32706,0,0,1.0,1.0,1.0,False,0,0,0,160,91,0x0001 Action 1 > 0x0002 Action 2 > 0x0006 Action 6 > 0x0041 Overhead Hitstun > 0x0040 Standing Hitstun > 0x0042 Low Hitstun > 0x0040 Standing Hitstun > 0x0061 Launched > 0x005B Soft Knockdown,air_recovery,knockdown,hitstun > knockdown,27,0,0,0,5.193811893463135,0.7855666875839233,0.0,73.6528091430664,0.0,0.0,-4.408245205879211,73.6528091430664,-0.23201290557259008,3.876463639108758,True,False,False,False,19,source age 0f; live attack actor; distance 0.07
2026-07-28T15:20:22Z,135,10547,P1-C1,Ryu,2454108608,12,352,Shinkuu,P2-C1,Frank West,2457778656,30,live_attack_actor,medium,84.0,0,12,"Mid, Heavy Hit",291,"Native result modifier +0004, Sustained-contact actor route, Initial actor phase, Spawned-attack core flag (correlated)",native result +0004; spawned-attack core; sustained-contact route; initial actor phase,265,35,0,2444319156,0,10951,0,KO,"[""HP -2560"",""hitstun +17""]",10951,0,50000,5922,0,-5922,21677,28374,27408,32706,0,0,1.0,1.0,1.0,False,0,0,0,6,154,0x0006 Action 6 > 0x0041 Overhead Hitstun > 0x0040 Standing Hitstun > 0x0042 Low Hitstun > 0x0040 Standing Hitstun > 0x0061 Launched > 0x005B Soft Knockdown > 0x009A KO,hitstun,ko,hitstun > knockdown > ko,27,0,0,0,0.5231934785842896,0.6077033877372742,-64.85150909423828,81.60767364501953,0.0,0.0,0.08450990915298462,146.4591827392578,0.004447889955420243,7.708378038908306,True,False,False,False,19,source age 0f; live attack actor
2026-07-28T15:20:22Z,136,10549,P1-C2,Ippatsuman,2461448704,7,352,Grand Slam Attack,P2-C1,Frank West,2457778656,30,live_attack_actor,high,98.75,3,33292,"Mid, Heavy Hit, Hard knockdown (Roll Swing family) 0x00008200",259,"Native result modifier +0004, Initial actor phase, Spawned-attack core flag (correlated)",native result +0004; spawned-attack core; initial actor phase,0,0,0,2444321256,0,8391,0,KO,"[""HP -608""]",8391,0,50000,6946,0,-6946,22028,28374,28519,32706,0,0,1.0,1.0,1.0,False,0,0,0,65,154,0x0041 Overhead Hitstun > 0x0040 Standing Hitstun > 0x0042 Low Hitstun > 0x0040 Standing Hitstun > 0x0061 Launched > 0x005B Soft Knockdown > 0x009A KO,hitstun,ko,hitstun > knockdown > ko,27,0,0,0,1.0670679807662964,0.3330918848514557,-23.912172317504883,89.19102478027344,0.0,0.0,-0.7339760959148407,113.10319709777832,-0.038630320837623196,5.952799847251491,True,False,False,False,19,source age 3f; live attack actor; distance 0.00
2026-07-28T15:20:23Z,137,10551,P1-C2,Ippatsuman,2461448704,7,257,5B,P2-C1,Frank West,2457778656,30,move_definition,high,100.0,0,10,"Mid, Medium Hit",64,Standard-strike baseline,standard-strike baseline,10,64,0,0,0,7783,0,KO,"[""HP -576"",""hitstun +5""]",7783,0,50000,7190,0,-7190,22490,28374,28781,32706,0,0,1.0,1.0,1.0,False,0,0,0,64,154,0x0040 Standing Hitstun > 0x0042 Low Hitstun > 0x0040 Standing Hitstun > 0x0061 Launched > 0x005B Soft Knockdown > 0x009A KO,hitstun,ko,hitstun > knockdown > ko,27,0,0,0,1.334252119064331,0.2853069305419922,0.0,89.45535278320312,0.0,0.0,-1.0489451885223389,89.45535278320312,-0.05520764150117573,4.7081764622738485,True,False,False,False,19,source age 0f; current move definition; action ID matched; distance 0.01
2026-07-28T15:20:23Z,138,10552,P1-C2,Ippatsuman,2461448704,7,352,Grand Slam Attack,P2-C1,Frank West,2457778656,30,live_attack_actor,high,93.5,6,33292,"Mid, Heavy Hit, Hard knockdown (Roll Swing family) 0x00008200",259,"Native result modifier +0004, Initial actor phase, Spawned-attack core flag (correlated)",native result +0004; spawned-attack core; initial actor phase,0,0,0,2444321256,0,7207,0,KO,"[""HP -544""]",7207,0,50000,7421,0,-7421,22804,28374,29030,32706,0,0,1.0,1.0,1.0,False,0,0,0,64,154,0x0040 Standing Hitstun > 0x0042 Low Hitstun > 0x0040 Standing Hitstun > 0x0061 Launched > 0x005B Soft Knockdown > 0x009A KO,hitstun,ko,hitstun > knockdown > ko,27,0,0,0,0.9486640095710754,0.20660500228405,0.0,89.55545806884766,0.0,0.0,-0.7420590072870255,89.55545806884766,-0.039055737225632915,4.7134451615182975,True,False,False,False,19,source age 6f; live attack actor; distance 0.00
2026-07-28T15:20:23Z,139,10553,P1-C2,Ippatsuman,2461448704,7,260,2B,P2-C1,Frank West,2457778656,30,move_definition,high,100.0,0,34,"Low, Medium Hit",64,Standard-strike baseline,standard-strike baseline,0,0,0,0,0,6663,0,KO,"[""HP -1023"",""hitstun +8""]",6663,0,50000,7639,0,-7639,23525,28634,29265,32706,0,0,1.0,1.0,1.0,False,0,0,0,64,154,0x0040 Standing Hitstun > 0x0042 Low Hitstun > 0x0040 Standing Hitstun > 0x0061 Launched > 0x005B Soft Knockdown > 0x009A KO,hitstun,ko,hitstun > knockdown > ko,27,0,0,0,0.8997186422348022,0.17735803127288818,0.0,89.49372863769531,0.0,0.0,-0.7223606109619141,89.49372863769531,-0.03801897952431127,4.710196244089227,True,False,False,False,19,source age 0f; current move definition; action ID matched; distance 0.00
2026-07-28T15:20:24Z,140,10555,P1-C2,Ippatsuman,2461448704,7,258,5C,P2-C1,Frank West,2457778656,30,move_definition,high,100.0,0,12,"Mid, Heavy Hit",64,Standard-strike baseline,standard-strike baseline,0,0,0,0,0,5640,0,KO,"[""HP -1595"",""hitstun +8""]",5640,0,50000,8049,0,-8049,24775,28634,29708,32706,0,0,1.0,1.0,1.0,False,0,0,0,66,154,0x0042 Low Hitstun > 0x0040 Standing Hitstun > 0x0061 Launched > 0x005B Soft Knockdown > 0x009A KO,hitstun,ko,hitstun > knockdown > ko,27,0,0,0,1.0812551975250244,0.334830105304718,0.0,89.13389587402344,0.0,0.0,-0.7464250922203064,89.13389587402344,-0.03928553116948981,4.691257677580181,True,False,False,False,19,source age 0f; current move definition; action ID matched; distance 0.00
2026-07-28T15:20:24Z,141,10556,P1-C2,Ippatsuman,2461448704,7,258,5C,P2-C1,Frank West,2457778656,30,move_definition,medium,88.0,0,12,"Mid, Heavy Hit",64,Standard-strike baseline,standard-strike baseline,0,0,0,0,0,4045,0,KO,"[""HP -1175"",""last-hit/action transition""]",4045,0,50000,8687,0,-8687,25747,28634,30499,32706,0,0,1.0,1.0,1.0,False,0,0,0,66,154,0x0040 Standing Hitstun > 0x0061 Launched > 0x005B Soft Knockdown > 0x009A KO,hitstun,ko,hitstun > knockdown > ko,23,0,0,0,0.7873191237449646,0.30962279438972473,0.0,87.10049438476562,0.0,0.0,-0.47769632935523987,87.10049438476562,-0.025141912071328414,4.584236546566612,True,False,False,False,19,source age 0f; current move definition; distance 0.15
2026-07-28T15:20:25Z,142,10559,P1-C1,Ryu,2454108608,12,352,Shinkuu,P2-C1,Frank West,2457778656,30,live_attack_actor,medium,84.0,0,12,"Mid, Heavy Hit",291,"Native result modifier +0004, Sustained-contact actor route, Initial actor phase, Spawned-attack core flag (correlated)",native result +0004; spawned-attack core; sustained-contact route; initial actor phase,265,35,0,2444319156,0,2870,0,KO,"[""HP -450""]",2870,0,50000,9157,0,-9157,26109,28634,31081,32706,0,0,1.0,1.0,1.0,False,0,0,0,97,154,0x0061 Launched > 0x005B Soft Knockdown > 0x009A KO,hitstun,ko,hitstun > knockdown > ko,21,0,0,0,0.6504954099655151,0.3634664714336395,55.157623291015625,0.0,0.0,0.0,-0.2870289385318756,-55.157623291015625,-0.015106786238519769,-2.9030328047902962,True,False,False,False,19,source age 0f; live attack actor
2026-07-28T15:20:25Z,143,10560,P1-C1,Ryu,2454108608,12,352,Shinkuu,P2-C1,Frank West,2457778656,30,live_attack_actor,medium,84.0,0,12,"Mid, Heavy Hit",291,"Native result modifier +0004, Sustained-contact actor route, Initial actor phase, Spawned-attack core flag (correlated)",native result +0004; spawned-attack core; sustained-contact route; initial actor phase,265,35,0,2444319156,0,2420,0,KO,"[""HP -474"",""reaction hitstun->knockdown"",""last-hit/action transition""]",2420,0,50000,9337,0,-9337,26486,28634,31303,32706,0,0,1.0,1.0,1.0,False,0,0,0,97,154,0x005B Soft Knockdown > 0x009A KO,hitstun,ko,knockdown > ko,21,0,0,0,0.5479164719581604,0.4230629801750183,46.14030456542969,0.0,0.0,0.0,-0.12485349178314209,-46.14030456542969,-0.006571236409639057,-2.4284370823910364,True,False,False,False,19,source age 0f; live attack actor
2026-07-28T15:20:25Z,144,10561,P1-C1,Ryu,2454108608,12,352,Shinkuu,P2-C1,Frank West,2457778656,30,live_attack_actor,medium,84.0,0,12,"Mid, Heavy Hit",291,"Native result modifier +0004, Sustained-contact actor route, Initial actor phase, Spawned-attack core flag (correlated)",native result +0004; spawned-attack core; sustained-contact route; initial actor phase,265,35,0,2444319156,0,1946,0,KO,"[""HP -822"",""hitstun +5""]",1946,0,50000,9527,0,-9527,27159,28634,31536,32706,0,0,1.0,1.0,1.0,False,0,0,0,91,154,0x005B Soft Knockdown > 0x009A KO,knockdown,ko,knockdown > ko,21,0,0,0,0.41926372051239014,0.9840801358222961,43.898834228515625,-56.7582893371582,0.0,0.0,0.564816415309906,-100.65712356567383,0.02972717975315295,-5.297743345561781,True,False,False,False,19,source age 0f; live attack actor
2026-07-28T15:20:25Z,145,10562,P1-C1,Ryu,2454108608,12,352,Shinkuu,P2-C1,Frank West,2457778656,30,live_attack_actor,medium,84.0,0,12,"Mid, Heavy Hit",291,"Native result modifier +0004, Sustained-contact actor route, Initial actor phase, Spawned-attack core flag (correlated)",native result +0004; spawned-attack core; sustained-contact route; initial actor phase,265,35,0,2444319156,0,1124,0,KO,"[""HP -1124"",""hitstun +4""]",1124,0,50000,9856,0,-9856,28374,28634,31942,32706,0,0,1.0,1.0,1.0,False,0,0,0,91,154,0x005B Soft Knockdown > 0x009A KO,knockdown,ko,knockdown > ko,21,0,0,0,0.940207302570343,1.448411464691162,36.29512023925781,-49.46361541748047,0.0,0.0,0.5082041621208191,-85.75873565673828,0.02674758748004311,-4.51361766614412,True,False,False,False,19,source age 0f; live attack actor
2026-07-28T15:20:26Z,146,10563,P2-C1,Frank West,2457778656,30,266,j.B,P1-C2,Ippatsuman,2461448704,7,move_definition_latched,medium,64.0,0,18,"High, Medium Hit",64,Standard-strike baseline,standard-strike baseline,0,0,0,0,0,0,0,"hit, no HP loss","[""reaction hitstun->knockdown""]",29857,29857,46000,0,0,0,32706,32706,28374,28634,0,0,1.0,1.0,1.0,False,0,0,0,266,36,0x00A1 Hard Knockdown > 0x0135 Action 309 > 0x0003 Action 3 > 0x0016 Action 22 > 0x0024 Action 36,hitstun,hitstun,knockdown > hitstun,21,0,0,0,0.7855666875839233,2.1791863441467285,-73.6528091430664,35.157222747802734,0.0,0.0,1.3936196565628052,108.81003189086914,0.07334840297698975,5.726843783729954,True,False,False,False,19,source age 0f; current move definition
2026-07-28T15:20:27Z,147,10571,P2-C1,Frank West,2457778656,30,266,j.B,P1-C2,Ippatsuman,2461448704,7,move_definition_latched,medium,64.0,0,18,"High, Medium Hit",64,Standard-strike baseline,standard-strike baseline,0,0,0,0,0,0,0,"hit, no HP loss","[""reaction knockdown->hitstun""]",29857,29857,46000,0,0,0,32706,32706,28374,28894,0,0,1.0,1.0,1.0,False,0,0,0,161,307,0x0135 Action 309 > 0x0003 Action 3 > 0x0016 Action 22 > 0x0024 Action 36 > 0x0007 Action 7 > 0x000B Action 11 > 0x0133 Action 307,knockdown,hitstun,hitstun,21,0,0,0,0.20660500228405,2.524402141571045,-89.55545806884766,-28.012508392333984,0.0,0.0,2.317797139286995,61.54294967651367,0.12198932312036816,3.2391026145533512,False,False,False,False,19,source age 0f; current move definition
2026-07-28T15:20:36Z,148,10613,P2-C2,Doronjo,2465118752,6,267,j.C,P1-C2,Ippatsuman,2461448704,7,move_definition,medium,76.0,0,20,"High, Heavy Hit",64,Standard-strike baseline,standard-strike baseline,0,0,0,0,0,3047,0,hit,"[""HP -3047"",""last-hit/action transition""]",29857,26810,46000,0,1219,1219,35042,39737,29414,37931,0,0,1.0,1.0,1.0,False,0,0,0,260,314,0x0100 Action 256 > 0x0041 Overhead Hitstun > 0x000A Action 10 > 0x0104 Action 260 > 0x0102 Action 258 > 0x0105 Action 261 > 0x0139 Action 313 > 0x0014 Action 20 > 0x010A Action 266 > 0x001E Action 30 > 0x0101 Action 257 > 0x013A Action 314,hitstun,neutral,hitstun > neutral,21,0,0,0,0.8542992472648621,1.6068345308303833,-43.72550964355469,-58.024330139160156,0.0,0.0,0.7525352835655212,-14.298820495605469,0.039607120187659016,-0.7525694997687089,False,False,False,False,19,source age 0f; current move definition; action ID matched
2026-07-28T15:20:37Z,149,10616,P1-C2,Ippatsuman,2461448704,7,260,2B,P2-C2,Doronjo,2465118752,6,move_definition,high,104.0,0,34,"Low, Medium Hit",64,Standard-strike baseline,standard-strike baseline,0,0,0,0,0,9037,0,KO,"[""HP -640"",""last-hit/action transition""]",9037,0,48000,0,0,0,30950,37931,35042,39737,0,0,1.0,1.0,1.0,False,0,0,0,6,154,0x000A Action 10 > 0x0043 Air T-Pose Hit > 0x0044 Action 68 > 0x0043 Air T-Pose Hit > 0x0060 Soft Knockdown > 0x005B Soft Knockdown > 0x010B Action 267 > 0x009A KO,hitstun,ko,hitstun > knockdown > ko,27,0,0,0,0.4153977334499359,2.0060205459594727,0.0,62.557655334472656,0.0,0.0,1.5906228125095367,62.557655334472656,0.08371699013208088,3.292508175498561,True,False,False,False,19,source age 0f; current move definition; action ID matched; distance 0.06
2026-07-28T15:20:37Z,150,10617,P1-C1,Ryu,2454108608,12,426,assist attack,P2-C2,Doronjo,2465118752,6,live_attack_actor,high,98.0,0,12,"Mid, Heavy Hit",258,"Initial actor phase, Spawned-attack core flag (correlated)",spawned-attack core; initial actor phase,0,0,0,2444321256,0,8397,0,KO,"[""HP -1216"",""hitstun +12"",""last-hit/action transition""]",8397,0,48000,256,0,-256,31653,37931,35383,39737,0,0,1.0,1.0,1.0,False,0,0,0,10,154,0x0043 Air T-Pose Hit > 0x0044 Action 68 > 0x0043 Air T-Pose Hit > 0x0060 Soft Knockdown > 0x005B Soft Knockdown > 0x010B Action 267 > 0x009A KO,hitstun,ko,hitstun > knockdown > ko,27,0,0,0,1.607751488685608,2.106982946395874,0.0,64.27164459228516,0.0,0.0,0.4992314577102661,64.27164459228516,0.02627533987948769,3.382718136436061,True,False,False,False,19,source age 0f; live attack actor; distance 5.97
2026-07-28T15:20:37Z,151,10618,P1-C2,Ippatsuman,2461448704,7,258,5C,P2-C2,Doronjo,2465118752,6,move_definition,high,104.0,0,12,"Mid, Heavy Hit",64,Standard-strike baseline,standard-strike baseline,0,0,0,0,0,7181,0,KO,"[""HP -2188"",""last-hit/action transition"",""hitstun +11""]",7181,0,48000,743,0,-743,31848,37931,35909,39737,0,0,1.0,1.0,1.0,False,0,0,0,67,154,0x0044 Action 68 > 0x0043 Air T-Pose Hit > 0x0060 Soft Knockdown > 0x005B Soft Knockdown > 0x010B Action 267 > 0x009A KO,hitstun,ko,hitstun > knockdown > ko,27,0,0,0,1.5730321407318115,2.2326819896698,0.0,63.057682037353516,0.0,0.0,0.6596498489379883,63.057682037353516,0.034718413101999385,3.318825370387027,True,False,False,False,19,source age 0f; current move definition; action ID matched; distance 0.02
2026-07-28T15:20:38Z,152,10620,P1-C1,Ryu,2454108608,12,426,assist attack,P2-C2,Doronjo,2465118752,6,live_attack_actor,high,98.0,0,12,"Mid, Heavy Hit",258,"Initial actor phase, Spawned-attack core flag (correlated)",spawned-attack core; initial actor phase,0,0,0,2444321256,0,4993,0,KO,"[""HP -1951"",""hitstun +6"",""reaction hitstun->knockdown""]",4993,0,48000,1619,0,-1619,33309,37931,36857,39737,0,0,1.0,1.0,1.0,False,0,0,0,67,154,0x0043 Air T-Pose Hit > 0x0060 Soft Knockdown > 0x005B Soft Knockdown > 0x010B Action 267 > 0x009A KO,hitstun,ko,hitstun > knockdown > ko,25,0,0,0,1.4133808612823486,2.7992241382598877,0.0,43.80270004272461,0.0,0.0,1.385843276977539,43.80270004272461,0.0729391198409231,2.3054052654065584,True,False,False,False,19,source age 0f; live attack actor; distance 2.72
2026-07-28T15:20:38Z,153,10622,P1-C1,Ryu,2454108608,12,426,assist attack,P2-C2,Doronjo,2465118752,6,live_attack_actor,medium,84.0,0,12,"Mid, Heavy Hit",258,"Initial actor phase, Spawned-attack core flag (correlated)",spawned-attack core; initial actor phase,0,0,0,2444321256,0,3042,0,KO,"[""HP -1613""]",3042,0,48000,2400,0,-2400,35924,37931,37824,39737,0,0,1.0,1.0,1.0,False,0,0,0,96,154,0x0060 Soft Knockdown > 0x005B Soft Knockdown > 0x010B Action 267 > 0x009A KO,knockdown,ko,knockdown > hitstun > ko,21,0,0,0,0.9059357643127441,3.803873300552368,6.247098922729492,0.0,0.0,0.0,2.897937536239624,-6.247098922729492,0.1525230282231381,-0.3287946801436575,True,False,False,False,19,source age 0f; live attack actor
2026-07-28T15:20:39Z,154,10624,P1-C1,Ryu,2454108608,12,426,assist attack,P2-C2,Doronjo,2465118752,6,live_attack_actor,medium,84.0,0,12,"Mid, Heavy Hit",258,"Initial actor phase, Spawned-attack core flag (correlated)",spawned-attack core; initial actor phase,0,0,0,2444321256,0,1429,0,KO,"[""HP -944""]",1429,0,48000,3046,0,-3046,36678,37931,38623,39737,0,0,1.0,1.0,1.0,False,0,0,0,91,154,0x005B Soft Knockdown > 0x010B Action 267 > 0x009A KO,knockdown,ko,knockdown > hitstun > ko,21,0,0,0,1.4476773738861084,4.42791748046875,60.565914154052734,0.0,0.0,0.0,2.9802401065826416,-60.565914154052734,0.156854742451718,-3.187679692318565,True,False,False,False,19,source age 0f; live attack actor
2026-07-28T15:20:40Z,155,10629,P1-C1,Ryu,2454108608,12,426,assist attack,P2-C2,Doronjo,2465118752,6,live_attack_actor,medium,84.0,0,12,"Mid, Heavy Hit",258,"Initial actor phase, Spawned-attack core flag (correlated)",spawned-attack core; initial actor phase,0,0,0,2444321256,0,485,0,KO,"[""HP -485"",""hitstun +4"",""reaction knockdown->hitstun"",""last-hit/action transition""]",485,0,48000,3424,0,-3424,37931,37931,39090,39737,0,0,1.0,1.0,1.0,False,0,0,0,91,154,0x010B Action 267 > 0x009A KO,knockdown,ko,hitstun > ko,21,0,0,0,1.0438175201416016,4.904430866241455,25.19507598876953,0.0,0.0,0.0,3.8606133460998535,-25.19507598876953,0.2031901761105186,-1.32605663098787,False,False,False,False,19,source age 0f; live attack actor
2026-07-28T15:48:11Z,1,1,1,255,257,reaction_complete,P2-C1,Ken the Eagle,2457778656,1,1,idle,P1-C1,Ryu,2454108608,12,unresolved_attacker,low,11.63,0,0,"No guard category, No strength tier",0,0,,False,[],[],0,[],0,No property B bits,none,0,0,0,0,,False,2912,0,0,False,1,0,2912,0,hit,"[""HP -2912""]",46112,43200,43200,48000,0,4800,4800,4800,4800,39737,23749,23749,37931,50000,50000,0,0,0,1.0,1.0,1.0,1.0,False,0,0,0,430,430,1,0x01AE Action 430 > 0x0001 Action 1,neutral,neutral,neutral,neutral,0,0,0,0,0,9.601227760314941,0.8148318529129028,0.8148318529129028,4.4954729080200195,0.1852407455444336,0.1852407455444336,4.4954729080200195,0.1852407455444336,0.1852407455444336,-8.786395907402039,-4.310232162475586,-8.786395907402039,-4.310232162475586,0.0,0.0,0.0,0.0,0.0,0.0,False,False,False,True,False,3,closest opposing fighter at 0.37
2026-07-28T15:48:14Z,2,2,1,284,285,next_contact,P1-C1,Ryu,2454108608,12,256,5A,P2-C1,Ken the Eagle,2457778656,1,move_definition,high,104.0,0,9,"Mid, Light Hit",9,0,,False,[],[134217729],1,[],64,Standard-strike baseline,standard-strike baseline,0,0,0,0,,False,800,800,0,False,1,0,800,0,hit,"[""HP -800""]",44000,43200,43200,44000,0,320,320,320,320,50000,50000,50000,23749,24025,24025,0,0,0,1.0,1.0,1.0,1.0,False,0,0,0,1,1,64,0x0001 Action 1 > 0x0040 Standing Hitstun,hitstun,hitstun,hitstun,hitstun,21,0,0,0,0,0.6462851762771606,0.6094545125961304,0.6262850165367126,0.1573483943939209,0.16746580600738525,0.025434255599975586,0.1573483943939209,0.16746580600738525,0.025434255599975586,-0.03683066368103027,0.010117411613464355,-0.03683066368103027,0.010117411613464355,0.0,0.0,0.0,0.0,0.0,0.0,False,False,False,False,False,2,source age 0f; current move definition; action ID matched; distance 0.33
2026-07-28T15:48:15Z,3,3,1,286,286,next_contact,P1-C1,Ryu,2454108608,12,257,5B,P2-C1,Ken the Eagle,2457778656,1,move_definition,high,92.0,0,10,"Mid, Medium Hit",10,0,,False,[],[134217730],1,[],64,Standard-strike baseline,standard-strike baseline,0,0,0,0,,False,1368,1368,0,False,1,0,1368,0,hit,"[""HP -1368""]",43200,41832,41832,44000,320,868,868,548,548,50000,50000,50000,24025,24499,24499,0,0,0,1.0,1.0,1.0,1.0,False,0,0,0,64,64,64,0x0040 Standing Hitstun,hitstun,hitstun,hitstun,hitstun,5,0,0,0,0,0.6262850165367126,0.9664187431335449,0.9664187431335449,0.025434255599975586,0.08746635913848877,0.08746635913848877,0.025434255599975586,0.08746635913848877,0.08746635913848877,0.3401337265968323,0.062032103538513184,0.3401337265968323,0.062032103538513184,0.0,0.0,0.0,0.0,0.0,0.0,False,False,False,False,False,1,source age 0f; current move definition; distance 0.17
2026-07-28T15:48:15Z,4,4,1,287,288,next_contact,P1-C1,Ryu,2454108608,12,260,2B,P2-C1,Ken the Eagle,2457778656,1,move_definition,high,104.0,0,34,"Low, Medium Hit",34,0,,False,[],[134217730],1,[],64,Standard-strike baseline,standard-strike baseline,0,0,0,0,,False,1224,1224,0,False,1,0,1224,0,hit,"[""HP -1224"",""hitstun +12""]",41832,40608,40608,44000,868,1358,1358,490,490,50000,50000,50000,24499,24922,24922,0,0,0,1.0,1.0,1.0,1.0,False,0,0,0,64,64,66,0x0040 Standing Hitstun > 0x0042 Low Hitstun,hitstun,hitstun,hitstun,hitstun,17,0,0,0,0,0.9664187431335449,0.5653380155563354,0.6074660420417786,0.08746635913848877,0.769977331161499,0.4186030626296997,0.08746635913848877,0.769977331161499,0.4186030626296997,-0.4010807275772095,0.6825109720230103,-0.4010807275772095,0.6825109720230103,-0.3520745635032654,0.05916452407836914,0.008135557174682617,-0.3513742685317993,0.41053879261016846,0.0,False,False,False,False,False,2,source age 0f; current move definition; action ID matched; distance 1.52
2026-07-28T15:48:15Z,5,5,1,289,289,next_contact,P1-C1,Ryu,2454108608,12,258,5C,P2-C1,Ken the Eagle,2457778656,1,move_definition,high,104.0,0,12,"Mid, Heavy Hit",12,0,,False,[],[134217732],1,[],64,Standard-strike baseline,standard-strike baseline,0,0,0,0,,False,2108,2108,0,False,1,0,2108,0,hit,"[""HP -2108""]",40608,38500,38500,44000,1358,2202,2202,844,844,50000,50000,50000,24922,25652,25652,0,0,0,1.0,1.0,1.0,1.0,False,0,0,0,66,66,66,0x0042 Low Hitstun,hitstun,hitstun,hitstun,hitstun,11,0,0,0,0,0.6074660420417786,0.606037974357605,0.606037974357605,0.4186030626296997,0.03219616413116455,0.03219616413116455,0.4186030626296997,0.03219616413116455,0.03219616413116455,-0.001428067684173584,-0.38640689849853516,-0.001428067684173584,-0.38640689849853516,0.009077787399291992,0.013406157493591309,0.009077787399291992,0.013406157493591309,0.0,0.0,False,False,False,False,False,1,source age 0f; current move definition; action ID matched; distance 0.02
2026-07-28T15:48:16Z,6,6,1,290,290,next_contact,P1-C1,Ryu,2454108608,12,261,2C,P2-C1,Ken the Eagle,2457778656,1,move_definition,high,104.0,0,36,"Low, Heavy Hit",36,1024,"No guard category, No strength tier, Sweep 0x00000400",False,[1024],[134218756],1,[],64,Standard-strike baseline,standard-strike baseline,0,0,0,0,,False,0,2108,0,False,1,0,0,0,"hit, no HP loss","[""hitstun +10""]",38500,38500,38500,44000,2202,2202,2202,0,0,50000,50000,50000,25652,25652,25652,0,0,0,1.0,1.0,1.0,1.0,False,0,0,0,66,64,64,0x0040 Standing Hitstun,hitstun,hitstun,hitstun,hitstun,21,0,0,0,0,0.606037974357605,0.6501492857933044,0.6501492857933044,0.03219616413116455,0.09884345531463623,0.09884345531463623,0.03219616413116455,0.09884345531463623,0.09884345531463623,0.04411131143569946,0.06664729118347168,0.04411131143569946,0.06664729118347168,0.0,0.0,0.0,0.0,0.0,0.0,False,False,False,False,False,1,source age 0f; current move definition; action ID matched; distance 0.20
2026-07-28T15:48:16Z,7,6,2,291,291,next_contact,P1-C1,Ryu,2454108608,12,261,2C,P2-C1,Ken the Eagle,2457778656,1,move_definition,high,104.0,0,36,"Low, Heavy Hit",36,1024,"No guard category, No strength tier, Sweep 0x00000400",False,[1024],[134218756],1,[],64,Standard-strike baseline,standard-strike baseline,0,0,0,0,,False,1919,1919,0,False,1,0,1919,0,hit,"[""HP -1919""]",38500,36581,36581,44000,2202,2970,2970,768,768,50000,50000,50000,25652,26317,26317,0,0,0,1.0,1.0,1.0,1.0,False,0,0,0,64,64,64,0x0040 Standing Hitstun,hitstun,hitstun,hitstun,hitstun,15,0,0,0,0,0.6501492857933044,0.721917986869812,0.721917986869812,0.09884345531463623,0.7997626066207886,0.7997626066207886,0.09884345531463623,0.7997626066207886,0.7997626066207886,0.07176870107650757,0.7009191513061523,0.07176870107650757,0.7009191513061523,0.0,0.0,0.0,0.0,0.0,0.0,False,False,False,False,False,1,source age 0f; current move definition; action ID matched; distance 1.60
2026-07-28T15:48:16Z,8,7,1,292,295,next_contact,P1-C1,Ryu,2454108608,12,262,6C,P2-C1,Ken the Eagle,2457778656,1,move_definition,high,104.0,0,12,"Mid, Heavy Hit",12,0,,False,[],[134217732],1,[],64,Standard-strike baseline,standard-strike baseline,0,0,0,0,,False,0,1919,0,False,1,0,0,0,"hit, no HP loss","[""hitstun +6"",""reaction hitstun->knockdown""]",36581,36581,36581,44000,2970,2970,2970,0,0,50000,50000,50000,26317,26317,26317,0,0,0,1.0,1.0,1.0,1.0,False,0,0,0,64,96,96,0x0060 Soft Knockdown,hitstun,knockdown,knockdown,knockdown,21,0,0,0,0,0.721917986869812,0.7564074397087097,1.2612353563308716,0.7997626066207886,0.6136842966079712,0.7574330568313599,0.7997626066207886,0.6136842966079712,0.7574330568313599,0.034489452838897705,-0.18607831001281738,0.034489452838897705,-0.18607831001281738,0.034489452838897705,-0.18607831001281738,0.0,0.0,0.18607831001281738,0.0,True,False,False,True,False,4,source age 0f; current move definition; action ID matched; distance 1.41
2026-07-28T15:48:17Z,9,7,2,296,300,next_contact,P1-C1,Ryu,2454108608,12,262,6C,P2-C1,Ken the Eagle,2457778656,1,move_definition,high,104.0,0,12,"Mid, Heavy Hit",12,0,,False,[],[134217732],1,[],64,Standard-strike baseline,standard-strike baseline,0,0,0,0,,False,1663,1663,0,False,1,0,1663,0,hit,"[""HP -1663""]",36581,34918,34918,44000,2970,3636,3636,666,666,50000,50000,50000,26317,26892,26892,0,0,0,1.0,1.0,1.0,1.0,False,0,0,0,96,96,1,0x0060 Soft Knockdown > 0x005B Soft Knockdown > 0x0001 Action 1,knockdown,knockdown,neutral,knockdown > neutral,21,0,0,0,0,1.2612353563308716,1.0013666152954102,1.3537495136260986,0.7574330568313599,0.001811981201171875,0.43409085273742676,0.7574330568313599,0.001811981201171875,0.43409085273742676,-0.2598687410354614,-0.755621075630188,-0.2598687410354614,-0.755621075630188,0.0,0.0,-0.10408627986907959,-0.01858234405517578,0.20728683471679688,0.18607831001281738,True,False,False,True,False,5,source age 0f; current move definition; action ID matched; distance 0.00
2026-07-28T15:48:18Z,10,8,1,301,301,next_contact,P1-C1,Ryu,2454108608,12,262,6C,P2-C1,Ken the Eagle,2457778656,1,move_definition_latched,high,92.0,0,12,"Mid, Heavy Hit",12,0,,False,[],[134217732],1,[],64,Standard-strike baseline,standard-strike baseline,0,0,0,0,,False,800,800,0,False,1,0,800,0,hit,"[""HP -800""]",34918,34118,34118,44000,3636,3956,3956,320,320,50000,50000,50000,26892,27168,27168,0,0,0,1.0,1.0,1.0,1.0,False,0,0,0,1,1,1,0x0001 Action 1,neutral,neutral,neutral,neutral,0,0,0,0,0,1.3537495136260986,0.5269492268562317,0.5269492268562317,0.43409085273742676,0.16695523262023926,0.16695523262023926,0.43409085273742676,0.16695523262023926,0.16695523262023926,-0.8268002867698669,-0.2671356201171875,-0.8268002867698669,-0.2671356201171875,0.0,0.0,0.0,0.0,0.0,0.0,False,False,False,False,False,1,source age 0f; current move definition; distance 0.33
2026-07-28T15:48:18Z,11,9,1,302,302,next_contact,P1-C1,Ryu,2454108608,12,256,5A,P2-C1,Ken the Eagle,2457778656,1,move_definition,high,92.0,0,9,"Mid, Light Hit",9,0,,False,[],[134217729],1,[],64,Standard-strike baseline,standard-strike baseline,0,0,0,0,,False,0,800,0,False,1,0,0,0,"hit, no HP loss","[""hitstun +12"",""reaction neutral->hitstun""]",34118,34118,34118,44000,3956,3956,3956,0,0,50000,50000,50000,27168,27168,27168,0,0,0,1.0,1.0,1.0,1.0,False,0,0,0,1,64,64,0x0040 Standing Hitstun,neutral,hitstun,hitstun,hitstun,12,0,0,0,0,0.5269492268562317,0.8020040988922119,0.8020040988922119,0.16695523262023926,0.0820167064666748,0.0820167064666748,0.16695523262023926,0.0820167064666748,0.0820167064666748,0.2750548720359802,-0.08493852615356445,0.2750548720359802,-0.08493852615356445,0.0,0.0,0.0,0.0,0.0,0.0,False,False,False,False,False,1,source age 0f; current move definition; distance 0.16
2026-07-28T15:48:18Z,12,10,1,303,303,next_contact,P1-C1,Ryu,2454108608,12,257,5B,P2-C1,Ken the Eagle,2457778656,1,move_definition,high,104.0,0,10,"Mid, Medium Hit",10,0,,False,[],[134217730],1,[],64,Standard-strike baseline,standard-strike baseline,0,0,0,0,,False,1368,1368,0,False,1,0,1368,0,hit,"[""HP -1368""]",34118,32750,32750,44000,3956,4504,4504,548,548,50000,50000,50000,27168,27642,27642,0,0,0,1.0,1.0,1.0,1.0,False,0,0,0,64,64,64,0x0040 Standing Hitstun,hitstun,hitstun,hitstun,hitstun,6,0,0,0,0,0.8020040988922119,0.9239754676818848,0.9239754676818848,0.0820167064666748,0.08746635913848877,0.08746635913848877,0.0820167064666748,0.08746635913848877,0.08746635913848877,0.12197136878967285,0.005449652671813965,0.12197136878967285,0.005449652671813965,0.0,0.0,0.0,0.0,0.0,0.0,False,False,False,False,False,1,source age 0f; current move definition; action ID matched; distance 0.17
2026-07-28T15:48:18Z,13,11,1,304,305,next_contact,P1-C1,Ryu,2454108608,12,260,2B,P2-C1,Ken the Eagle,2457778656,1,move_definition,high,104.0,0,34,"Low, Medium Hit",34,0,,False,[],[134217730],1,[],64,Standard-strike baseline,standard-strike baseline,0,0,0,0,,False,1224,1224,0,False,1,0,1224,0,hit,"[""HP -1224"",""hitstun +11""]",32750,31526,31526,44000,4504,4994,4994,490,490,50000,50000,50000,27642,27642,28065,0,0,0,1.0,1.0,1.0,1.0,False,0,0,0,64,64,66,0x0040 Standing Hitstun > 0x0042 Low Hitstun,hitstun,hitstun,hitstun,hitstun,17,0,0,0,0,0.9239754676818848,1.252341389656067,0.8409505486488342,0.08746635913848877,0.7108128070831299,0.12104594707489014,0.08746635913848877,0.7108128070831299,0.12104594707489014,0.32836592197418213,0.6233464479446411,0.32836592197418213,0.6233464479446411,-0.21027636528015137,0.053324222564697266,-0.06076711416244507,0.004435539245605469,0.1495092511177063,0.0,False,False,False,False,False,2,source age 0f; current move definition; action ID matched; distance 1.38
2026-07-28T15:48:18Z,14,12,1,306,306,next_contact,P1-C1,Ryu,2454108608,12,258,5C,P2-C1,Ken the Eagle,2457778656,1,move_definition,high,104.0,0,12,"Mid, Heavy Hit",12,0,,False,[],[134217732],1,[],64,Standard-strike baseline,standard-strike baseline,0,0,0,0,,False,2108,2108,0,False,1,0,2108,0,hit,"[""HP -2108""]",31526,29418,29418,44000,4994,5838,5838,844,844,50000,50000,50000,28065,28795,28795,0,0,0,1.0,1.0,1.0,1.0,False,0,0,0,66,66,66,0x0042 Low Hitstun,hitstun,hitstun,hitstun,hitstun,6,0,0,0,0,0.8409505486488342,0.7522402405738831,0.7522402405738831,0.12104594707489014,0.09884345531463623,0.09884345531463623,0.12104594707489014,0.09884345531463623,0.09884345531463623,-0.08871030807495117,-0.022202491760253906,-0.08871030807495117,-0.022202491760253906,0.0,0.0,0.0,0.0,0.0,0.0,False,False,False,False,False,1,source age 0f; current move definition; action ID matched; distance 0.20
2026-07-28T15:48:19Z,15,13,1,307,308,next_contact,P1-C1,Ryu,2454108608,12,262,6C,P2-C1,Ken the Eagle,2457778656,1,move_definition_latched,high,93.5,6,12,"Mid, Heavy Hit",12,0,,False,[],[134217732],1,[],64,Standard-strike baseline,standard-strike baseline,0,0,0,0,,False,0,2108,0,False,1,0,0,0,"hit, no HP loss","[""hitstun +15""]",29418,29418,29418,44000,5838,5838,5838,0,0,50000,50000,50000,28795,28795,28795,0,0,0,1.0,1.0,1.0,1.0,False,0,0,0,66,64,64,0x0040 Standing Hitstun,hitstun,hitstun,hitstun,hitstun,21,0,0,0,0,0.7522402405738831,1.5081844329833984,1.2161157131195068,0.09884345531463623,0.14724946022033691,0.023960232734680176,0.09884345531463623,0.14724946022033691,0.023960232734680176,0.7559441924095154,0.048406004905700684,0.7559441924095154,0.048406004905700684,0.14867258071899414,0.004235029220581055,0.0,0.0,0.14867258071899414,0.0,False,False,False,False,False,2,source age 6f; current move definition; action ID matched; distance 0.33
2026-07-28T15:48:19Z,16,14,1,309,311,next_contact,P1-C1,Ryu,2454108608,12,262,6C,P2-C1,Ken the Eagle,2457778656,1,move_definition,high,104.0,0,12,"Mid, Heavy Hit",12,0,,False,[],[134217732],1,[],64,Standard-strike baseline,standard-strike baseline,0,0,0,0,,False,1727,1727,0,False,1,0,1727,0,hit,"[""HP -1727"",""hitstun +7""]",29418,27691,27691,44000,5838,6529,6529,691,691,50000,50000,50000,28795,29394,29394,0,0,0,1.0,1.0,1.0,1.0,False,0,0,0,64,64,64,0x0040 Standing Hitstun,hitstun,hitstun,hitstun,hitstun,21,0,0,0,0,1.2161157131195068,0.9434389472007751,0.8321131467819214,0.023960232734680176,0.10697293281555176,0.04803764820098877,0.023960232734680176,0.10697293281555176,0.04803764820098877,-0.2726767659187317,0.08301270008087158,-0.2726767659187317,0.08301270008087158,0.0,0.0,0.0027174949645996094,-0.02657020092010498,0.05500495433807373,0.0,False,False,False,True,False,3,source age 0f; current move definition; action ID matched; distance 0.21
2026-07-28T15:48:20Z,17,15,1,312,325,next_contact,P1-C1,Ryu,2454108608,12,315,Donkey H,P2-C1,Ken the Eagle,2457778656,1,move_definition,high,104.0,0,12,"Mid, Heavy Hit",12,2147484160,"No guard category, No strength tier, Wall-interaction hard knockdown 0x80000200",False,[2147484160],[2147484164],1,[],262208,"Standard-strike baseline, Special chip route B, one-eighth damage",standard-strike baseline; special chip route,0,0,0,0,,False,1979,1979,0,False,1,0,1979,0,hit,"[""HP -1979"",""hitstun +11""]",27691,25712,25712,44000,6529,7321,7321,792,792,50000,50000,50000,29394,30080,30080,0,0,0,1.0,1.0,1.0,1.0,False,0,0,0,64,64,1,0x0040 Standing Hitstun > 0x0051 Bounce Launch > 0x0052 Bounce Off > 0x005C Hard Knockdown > 0x0077 Get Up Face Down > 0x0001 Action 1,hitstun,hitstun,hitstun,hitstun > knockdown > wakeup > hitstun,21,0,0,0,0,0.8321131467819214,1.229501724243164,0.5560238361358643,0.04803764820098877,0.3998723030090332,0.26486754417419434,0.04803764820098877,0.3998723030090332,0.26486754417419434,0.3973885774612427,0.35183465480804443,0.3973885774612427,0.35183465480804443,0.0,0.0,0.0,0.0,0.31572699546813965,0.0,True,True,False,True,False,14,source age 0f; current move definition; action ID matched; distance 0.80
2026-07-28T15:48:22Z,18,16,1,326,327,next_contact,P1-C1,Ryu,2454108608,12,256,5A,P2-C1,Ken the Eagle,2457778656,1,move_definition,high,104.0,0,9,"Mid, Light Hit",9,0,,False,[],[134217729],1,[],64,Standard-strike baseline,standard-strike baseline,0,0,0,0,,False,800,800,0,False,1,0,800,0,hit,"[""HP -800""]",25712,24912,24912,44000,7321,7641,7641,320,320,50000,50000,50000,30080,30356,30356,0,0,0,1.0,1.0,1.0,1.0,False,0,0,0,1,1,64,0x0001 Action 1 > 0x0040 Standing Hitstun,hitstun,hitstun,hitstun,hitstun,21,0,0,0,0,0.5560238361358643,0.6095956563949585,0.8881358504295349,0.26486754417419434,0.025434255599975586,0.04497241973876953,0.26486754417419434,0.025434255599975586,0.04497241973876953,0.05357182025909424,-0.23943328857421875,0.05357182025909424,-0.23943328857421875,0.0,0.0,0.11230498552322388,0.02949047088623047,0.11230498552322388,0.0,False,False,False,False,False,2,source age 0f; current move definition; action ID matched; distance 0.05
2026-07-28T15:48:22Z,19,17,1,328,328,next_contact,P1-C1,Ryu,2454108608,12,257,5B,P2-C1,Ken the Eagle,2457778656,1,move_definition,high,104.0,0,10,"Mid, Medium Hit",10,0,,False,[],[134217730],1,[],64,Standard-strike baseline,standard-strike baseline,0,0,0,0,,False,1368,1368,0,False,1,0,1368,0,hit,"[""HP -1368"",""hitstun +7""]",24912,23544,23544,44000,7641,8189,8189,548,548,50000,50000,50000,30356,30830,30830,0,0,0,1.0,1.0,1.0,1.0,False,0,0,0,64,64,64,0x0040 Standing Hitstun,hitstun,hitstun,hitstun,hitstun,17,0,0,0,0,0.8881358504295349,0.9556481838226318,0.9556481838226318,0.04497241973876953,0.07421398162841797,0.07421398162841797,0.04497241973876953,0.07421398162841797,0.07421398162841797,0.06751233339309692,0.029241561889648438,0.06751233339309692,0.029241561889648438,0.0,0.0,0.0,0.0,0.0,0.0,False,False,False,False,False,1,source age 0f; current move definition; action ID matched; distance 0.15
2026-07-28T15:48:22Z,20,18,1,329,329,next_contact,P1-C1,Ryu,2454108608,12,260,2B,P2-C1,Ken the Eagle,2457778656,1,move_definition,high,104.0,0,34,"Low, Medium Hit",34,0,,False,[],[134217730],1,[],64,Standard-strike baseline,standard-strike baseline,0,0,0,0,,False,1224,1224,0,False,1,0,1224,0,hit,"[""HP -1224""]",23544,22320,22320,44000,8189,8679,8679,490,490,50000,50000,50000,30830,31253,31253,0,0,0,1.0,1.0,1.0,1.0,False,0,0,0,64,64,64,0x0040 Standing Hitstun,hitstun,hitstun,hitstun,hitstun,16,0,0,0,0,0.9556481838226318,0.8926698565483093,0.8926698565483093,0.07421398162841797,0.769977331161499,0.769977331161499,0.07421398162841797,0.769977331161499,0.769977331161499,-0.06297832727432251,0.695763349533081,-0.06297832727432251,0.695763349533081,0.0,0.0,0.0,0.0,0.0,0.0,False,False,False,False,False,1,source age 0f; current move definition; action ID matched; distance 1.54
2026-07-28T15:48:23Z,21,18,2,330,331,next_contact,P1-C1,Ryu,2454108608,12,260,2B,P2-C1,Ken the Eagle,2457778656,1,move_definition,high,92.0,0,34,"Low, Medium Hit",34,0,,False,[],[134217730],1,[],64,Standard-strike baseline,standard-strike baseline,0,0,0,0,,False,0,1224,0,False,1,0,0,0,"hit, no HP loss","[""hitstun +1""]",22320,22320,22320,44000,8679,8679,8679,0,0,50000,50000,50000,31253,31253,31253,0,0,0,1.0,1.0,1.0,1.0,False,0,0,0,64,66,66,0x0042 Low Hitstun,hitstun,hitstun,hitstun,hitstun,17,0,0,0,0,0.8926698565483093,0.7726985812187195,0.6103336811065674,0.769977331161499,0.13328194618225098,0.20238792896270752,0.769977331161499,0.13328194618225098,0.20238792896270752,-0.11997127532958984,-0.636695384979248,-0.11997127532958984,-0.636695384979248,0.0,0.0,-0.03131681680679321,0.021422266960144043,0.03131681680679321,0.0,False,False,False,False,False,2,source age 0f; current move definition; distance 0.27
2026-07-28T15:48:23Z,22,19,1,332,332,next_contact,P1-C1,Ryu,2454108608,12,258,5C,P2-C1,Ken the Eagle,2457778656,1,move_definition,high,104.0,0,12,"Mid, Heavy Hit",12,0,,False,[],[134217732],1,[],64,Standard-strike baseline,standard-strike baseline,0,0,0,0,,False,2108,2108,0,False,1,0,2108,0,hit,"[""HP -2108""]",22320,20212,20212,44000,8679,9523,9523,844,844,50000,50000,50000,31253,31983,31983,0,0,0,1.0,1.0,1.0,1.0,False,0,0,0,66,66,66,0x0042 Low Hitstun,hitstun,hitstun,hitstun,hitstun,4,0,0,0,0,0.6103336811065674,0.7522402405738831,0.7522402405738831,0.20238792896270752,0.09884345531463623,0.09884345531463623,0.20238792896270752,0.09884345531463623,0.09884345531463623,0.14190655946731567,-0.10354447364807129,0.14190655946731567,-0.10354447364807129,0.0,0.0,0.0,0.0,0.0,0.0,False,False,False,False,False,1,source age 0f; current move definition; action ID matched; distance 0.20
2026-07-28T15:48:23Z,23,19,2,333,333,next_contact,P1-C1,Ryu,2454108608,12,258,5C,P2-C1,Ken the Eagle,2457778656,1,move_definition,high,92.0,0,12,"Mid, Heavy Hit",12,0,,False,[],[134217732],1,[],64,Standard-strike baseline,standard-strike baseline,0,0,0,0,,False,0,2108,0,False,1,0,0,0,"hit, no HP loss","[""hitstun +17""]",20212,20212,20212,44000,9523,9523,9523,0,0,50000,50000,50000,31983,31983,31983,0,0,0,1.0,1.0,1.0,1.0,False,0,0,0,66,64,64,0x0040 Standing Hitstun,hitstun,hitstun,hitstun,hitstun,21,0,0,0,0,0.7522402405738831,1.6164582967758179,1.6164582967758179,0.09884345531463623,0.16372525691986084,0.16372525691986084,0.09884345531463623,0.16372525691986084,0.16372525691986084,0.8642180562019348,0.06488180160522461,0.8642180562019348,0.06488180160522461,0.10827386379241943,0.016475796699523926,0.10827386379241943,0.016475796699523926,0.0,0.10827386379241943,False,False,False,False,False,1,source age 0f; current move definition; distance 0.33
2026-07-28T15:48:23Z,24,20,1,334,334,next_contact,P1-C1,Ryu,2454108608,12,262,6C,P2-C1,Ken the Eagle,2457778656,1,move_definition,high,104.0,0,12,"Mid, Heavy Hit",12,0,,False,[],[134217732],1,[],64,Standard-strike baseline,standard-strike baseline,0,0,0,0,,False,1727,1727,0,False,1,0,1727,0,hit,"[""HP -1727""]",20212,18485,18485,44000,9523,10214,10214,691,691,50000,50000,50000,31983,32582,32582,0,0,0,1.0,1.0,1.0,1.0,False,0,0,0,64,64,64,0x0040 Standing Hitstun,hitstun,hitstun,hitstun,hitstun,13,0,0,0,0,1.6164582967758179,1.156516194343567,1.156516194343567,0.16372525691986084,0.09920239448547363,0.09920239448547363,0.16372525691986084,0.09920239448547363,0.09920239448547363,-0.459942102432251,-0.06452286243438721,-0.459942102432251,-0.06452286243438721,-0.03811192512512207,0.0462498664855957,-0.03811192512512207,0.0462498664855957,0.0,0.0,False,False,False,False,False,1,source age 0f; current move definition; action ID matched; distance 0.16
2026-07-28T15:48:24Z,25,20,2,335,336,next_contact,P1-C1,Ryu,2454108608,12,262,6C,P2-C1,Ken the Eagle,2457778656,1,move_definition,high,92.0,0,12,"Mid, Heavy Hit",12,0,,False,[],[134217732],1,[],64,Standard-strike baseline,standard-strike baseline,0,0,0,0,,False,0,1727,0,False,1,0,0,0,"hit, no HP loss","[""hitstun +8""]",18485,18485,18485,44000,10214,10214,10214,0,0,50000,50000,50000,32582,32582,32582,0,0,0,1.0,1.0,1.0,1.0,False,0,0,0,64,64,64,0x0040 Standing Hitstun,hitstun,hitstun,hitstun,hitstun,21,0,0,0,0,1.156516194343567,0.9434389472007751,1.4091564416885376,0.09920239448547363,0.10697293281555176,0.38166189193725586,0.09920239448547363,0.10697293281555176,0.38166189193725586,-0.21307724714279175,0.007770538330078125,-0.21307724714279175,0.007770538330078125,0.0,0.0,0.005708217620849609,0.02382338047027588,0.02382338047027588,0.0462498664855957,False,False,False,False,False,2,source age 0f; current move definition; distance 0.21
2026-07-28T15:48:24Z,26,21,1,337,337,next_contact,P1-C1,Ryu,2454108608,12,262,6C,P2-C1,Ken the Eagle,2457778656,1,move_definition_latched,high,92.0,0,12,"Mid, Heavy Hit",12,0,,False,[],[134217732],1,[],64,Standard-strike baseline,standard-strike baseline,0,0,0,0,,False,2099,2099,0,False,1,0,2099,0,hit,"[""HP -2099""]",18485,16386,16386,44000,10214,11054,11054,840,840,50000,50000,50000,32582,32582,32582,0,0,0,1.0,1.0,1.0,1.0,False,0,0,0,64,64,64,0x0040 Standing Hitstun,hitstun,hitstun,hitstun,hitstun,7,0,0,0,0,1.4091564416885376,0.623807430267334,0.623807430267334,0.38166189193725586,0.018665552139282227,0.018665552139282227,0.38166189193725586,0.018665552139282227,0.018665552139282227,-0.7853490114212036,-0.36299633979797363,-0.7853490114212036,-0.36299633979797363,-0.014271438121795654,-0.016057968139648438,-0.014271438121795654,-0.016057968139648438,0.0,0.0,False,False,False,False,False,1,source age 0f; current move definition; distance 0.06
2026-07-28T15:48:24Z,27,21,2,338,343,reaction_complete,P1-C1,Ryu,2454108608,12,262,6C,P2-C1,Ken the Eagle,2457778656,1,move_definition_latched,high,90.25,1,12,"Mid, Heavy Hit",12,0,,False,[],[134217732],1,[],64,Standard-strike baseline,standard-strike baseline,0,0,0,0,,False,0,2099,0,False,1,0,0,0,"hit, no HP loss","[""hitstun +14""]",16386,16386,16386,44000,11054,11054,11054,0,0,50000,50000,50000,32582,33310,33310,0,0,0,1.0,1.0,1.0,1.0,False,0,0,0,64,64,1,0x0040 Standing Hitstun > 0x0001 Action 1,hitstun,hitstun,neutral,hitstun > neutral,21,0,0,0,0,0.623807430267334,0.5972602963447571,0.751987874507904,0.018665552139282227,0.023528575897216797,0.18114244937896729,0.018665552139282227,0.023528575897216797,0.18114244937896729,-0.026547133922576904,0.00486302375793457,-0.026547133922576904,0.00486302375793457,0.009760558605194092,-0.023543119430541992,-0.000601649284362793,0.0015143156051635742,0.033695220947265625,0.024031996726989746,False,False,False,True,False,6,source age 1f; current move definition; distance 0.07
2026-07-28T15:48:25Z,28,22,1,346,346,next_contact,P1-C1,Ryu,2454108608,12,256,5A,P2-C1,Ken the Eagle,2457778656,1,move_definition,high,92.0,0,9,"Mid, Light Hit",9,0,,False,[],[134217729],1,[],64,Standard-strike baseline,standard-strike baseline,0,0,0,0,,False,800,800,0,False,1,0,800,0,hit,"[""HP -800""]",16386,15586,15586,44000,11054,11374,11374,320,320,50000,50000,50000,33310,33586,33586,0,0,0,1.0,1.0,1.0,1.0,False,0,0,0,1,1,1,0x0001 Action 1,neutral,neutral,neutral,neutral,0,0,0,0,0,0.7425943613052368,0.801586925983429,0.801586925983429,0.14365100860595703,0.10057568550109863,0.10057568550109863,0.14365100860595703,0.10057568550109863,0.10057568550109863,0.05899256467819214,-0.0430753231048584,0.05899256467819214,-0.0430753231048584,0.12069976329803467,0.03125941753387451,0.12069976329803467,0.03125941753387451,0.0,0.0,False,False,False,False,False,1,source age 0f; current move definition; distance 0.21
2026-07-28T15:48:26Z,29,23,1,347,347,next_contact,P1-C1,Ryu,2454108608,12,257,5B,P2-C1,Ken the Eagle,2457778656,1,move_definition,high,92.0,0,10,"Mid, Medium Hit",10,0,,False,[],[134217730],1,[],64,Standard-strike baseline,standard-strike baseline,0,0,0,0,,False,1368,1368,0,False,1,0,1368,0,hit,"[""HP -1368"",""hitstun +8"",""reaction neutral->hitstun"",""last-hit/action transition""]",15586,14218,14218,44000,11374,11922,11922,548,548,50000,50000,50000,33586,34060,34060,0,0,0,1.0,1.0,1.0,1.0,False,0,0,0,1,64,64,0x0040 Standing Hitstun,neutral,hitstun,hitstun,hitstun,8,0,0,0,0,0.801586925983429,1.2136503458023071,1.2136503458023071,0.10057568550109863,0.6312061548233032,0.6312061548233032,0.10057568550109863,0.6312061548233032,0.6312061548233032,0.4120634198188782,0.5306304693222046,0.4120634198188782,0.5306304693222046,0.25800490379333496,0.406933069229126,0.25800490379333496,0.406933069229126,0.0,0.0,False,False,False,False,False,1,source age 0f; current move definition; distance 0.89
2026-07-28T15:48:26Z,30,24,1,348,348,next_contact,P1-C1,Ryu,2454108608,12,260,2B,P2-C1,Ken the Eagle,2457778656,1,move_definition,high,92.0,0,34,"Low, Medium Hit",34,0,,False,[],[134217730],1,[],64,Standard-strike baseline,standard-strike baseline,0,0,0,0,,False,1224,1224,0,False,1,0,1224,0,hit,"[""HP -1224"",""hitstun +3""]",14218,12994,12994,44000,11922,12412,12412,490,490,50000,50000,50000,34060,34483,34483,0,0,0,1.0,1.0,1.0,1.0,False,0,0,0,64,64,64,0x0040 Standing Hitstun,hitstun,hitstun,hitstun,hitstun,11,0,0,0,0,1.2136503458023071,0.8926698565483093,0.8926698565483093,0.6312061548233032,0.769977331161499,0.769977331161499,0.6312061548233032,0.769977331161499,0.769977331161499,-0.3209804892539978,0.1387711763381958,-0.3209804892539978,0.1387711763381958,0.0,0.0,0.0,0.0,0.0,0.0,False,False,False,False,False,1,source age 0f; current move definition; distance 1.54
2026-07-28T15:48:26Z,31,25,1,349,349,next_contact,P1-C1,Ryu,2454108608,12,258,5C,P2-C1,Ken the Eagle,2457778656,1,move_definition,high,104.0,0,12,"Mid, Heavy Hit",12,0,,False,[],[134217732],1,[],64,Standard-strike baseline,standard-strike baseline,0,0,0,0,,False,0,1224,0,False,1,0,0,0,"hit, no HP loss","[""hitstun +6""]",12994,12994,12994,44000,12412,12412,12412,0,0,50000,50000,50000,34483,34483,34483,0,0,0,1.0,1.0,1.0,1.0,False,0,0,0,64,66,66,0x0042 Low Hitstun,hitstun,hitstun,hitstun,hitstun,17,0,0,0,0,0.8926698565483093,0.6968498826026917,0.6968498826026917,0.769977331161499,0.1535172462463379,0.1535172462463379,0.769977331161499,0.1535172462463379,0.1535172462463379,-0.19581997394561768,-0.6164600849151611,-0.19581997394561768,-0.6164600849151611,-0.05456668138504028,0.004880309104919434,-0.05456668138504028,0.004880309104919434,0.0,0.0,False,False,False,False,False,1,source age 0f; current move definition; action ID matched; distance 0.31
2026-07-28T15:48:26Z,32,25,2,350,350,next_contact,P1-C1,Ryu,2454108608,12,258,5C,P2-C1,Ken the Eagle,2457778656,1,move_definition,high,104.0,0,12,"Mid, Heavy Hit",12,0,,False,[],[134217732],1,[],64,Standard-strike baseline,standard-strike baseline,0,0,0,0,,False,2108,2108,0,False,1,0,2108,0,hit,"[""HP -2108""]",12994,10886,10886,44000,12412,13256,13256,844,844,50000,50000,50000,34483,35213,35213,0,0,0,1.0,1.0,1.0,1.0,False,0,0,0,66,66,66,0x0042 Low Hitstun,hitstun,hitstun,hitstun,hitstun,6,0,0,0,0,0.6968498826026917,0.7522402405738831,0.7522402405738831,0.1535172462463379,0.09884345531463623,0.09884345531463623,0.1535172462463379,0.09884345531463623,0.09884345531463623,0.055390357971191406,-0.05467379093170166,0.055390357971191406,-0.05467379093170166,0.0,0.0,0.0,0.0,0.0,0.05456668138504028,False,False,False,False,False,1,source age 0f; current move definition; action ID matched; distance 0.20
2026-07-28T15:48:27Z,33,26,1,351,351,next_contact,P1-C1,Ryu,2454108608,12,262,6C,P2-C1,Ken the Eagle,2457778656,1,move_definition,high,104.0,0,12,"Mid, Heavy Hit",12,0,,False,[],[134217732],1,[],64,Standard-strike baseline,standard-strike baseline,0,0,0,0,,False,0,2108,0,False,1,0,0,0,"hit, no HP loss","[""hitstun +15""]",10886,10886,10886,44000,13256,13256,13256,0,0,50000,50000,50000,35213,35213,35213,0,0,0,1.0,1.0,1.0,1.0,False,0,0,0,66,64,64,0x0040 Standing Hitstun,hitstun,hitstun,hitstun,hitstun,21,0,0,0,0,0.7522402405738831,1.687703013420105,1.687703013420105,0.09884345531463623,0.19529688358306885,0.19529688358306885,0.09884345531463623,0.19529688358306885,0.19529688358306885,0.9354627728462219,0.09645342826843262,0.9354627728462219,0.09645342826843262,0.07406973838806152,0.02428281307220459,0.07406973838806152,0.02428281307220459,0.0,0.0,False,False,False,False,False,1,source age 0f; current move definition; action ID matched; distance 0.37
2026-07-28T15:48:27Z,34,26,2,352,352,next_contact,P1-C1,Ryu,2454108608,12,262,6C,P2-C1,Ken the Eagle,2457778656,1,move_definition,high,104.0,0,12,"Mid, Heavy Hit",12,0,,False,[],[134217732],1,[],64,Standard-strike baseline,standard-strike baseline,0,0,0,0,,False,1381,1381,0,False,1,0,1381,0,hit,"[""HP -1381""]",10886,9505,9505,44000,13256,13809,13809,553,553,50000,50000,50000,35213,35812,35812,0,0,0,1.0,1.0,1.0,1.0,False,0,0,0,64,64,64,0x0040 Standing Hitstun,hitstun,hitstun,hitstun,hitstun,12,0,0,0,0,1.687703013420105,0.8886087536811829,0.8886087536811829,0.19529688358306885,0.10697293281555176,0.10697293281555176,0.19529688358306885,0.10697293281555176,0.10697293281555176,-0.7990942597389221,-0.08832395076751709,-0.7990942597389221,-0.08832395076751709,-0.3637823462486267,0.07223212718963623,-0.3637823462486267,0.07223212718963623,0.0,0.43785208463668823,False,False,False,False,False,1,source age 0f; current move definition; action ID matched; distance 0.39
2026-07-28T15:48:27Z,35,26,3,353,362,next_contact,P1-C1,Ryu,2454108608,12,262,6C,P2-C1,Ken the Eagle,2457778656,1,move_definition,high,92.0,0,12,"Mid, Heavy Hit",12,0,,False,[],[134217732],1,[],64,Standard-strike baseline,standard-strike baseline,0,0,0,0,,False,0,1381,0,False,1,0,0,0,"hit, no HP loss","[""hitstun +9""]",9505,9505,9505,44000,13809,13809,13809,0,0,50000,50000,50000,35812,35812,35812,0,0,0,1.0,1.0,1.0,1.0,False,0,0,0,64,64,64,0x0040 Standing Hitstun,hitstun,hitstun,hitstun,hitstun,21,0,0,0,0,0.8886087536811829,0.9434389472007751,0.48551610112190247,0.10697293281555176,0.10697293281555176,0.08367180824279785,0.10697293281555176,0.10697293281555176,0.08367180824279785,0.054830193519592285,0.0,0.054830193519592285,0.0,0.0,0.0,0.0,0.0,0.07883679866790771,0.43785208463668823,False,False,False,True,False,10,source age 0f; current move definition; distance 0.21
2026-07-28T15:48:29Z,36,27,1,363,367,next_contact,P1-C1,Ryu,2454108608,12,512,Shin Sho,P2-C1,Ken the Eagle,2457778656,1,move_definition,high,104.0,0,17,"High, Light Hit",17,0,,False,[],[2097169],2,"[1,2]",21,"Native result modifier +0004, Target-acquired / contact-lock state (correlated), Unknown B bits 0x00000004",exact: Capture trigger packet; native result +0004; native low-bit route 0x4; target-acquired/contact-lock,17,21,0,0,,False,3180,3180,0,False,1,0,3180,0,hit,"[""HP -3180"",""hitstun +3"",""last-hit/action transition""]",9505,6325,6325,44000,13809,15081,15081,1272,1272,50000,50000,50000,35812,35812,35812,0,0,0,1.0,1.0,1.0,1.0,False,0,0,0,64,4609,4609,0x1201 Action 4609,hitstun,hitstun,hitstun,hitstun,21,0,0,0,0,0.48551610112190247,0.493383526802063,0.4860605001449585,0.08367180824279785,0.1713167428970337,0.40916454792022705,0.08367180824279785,0.1713167428970337,0.40916454792022705,0.007867425680160522,0.08764493465423584,0.007867425680160522,0.08764493465423584,0.0,0.0,-0.024171948432922363,-0.009583592414855957,0.16577553749084473,0.0,False,False,False,True,False,5,source age 0f; current move definition; action ID matched; distance 0.34
2026-07-28T15:48:30Z,37,28,1,368,375,next_contact,P1-C1,Ryu,2454108608,12,512,Shin Sho,P2-C1,Ken the Eagle,2457778656,1,move_definition,high,104.0,0,17,"High, Light Hit",17,0,,False,[],[2097169],2,"[1,2]",21,"Native result modifier +0004, Target-acquired / contact-lock state (correlated), Unknown B bits 0x00000004",exact: Capture trigger packet; native result +0004; native low-bit route 0x4; target-acquired/contact-lock,17,21,0,0,,False,2495,2495,0,False,1,0,2495,0,hit,"[""HP -2495""]",6325,3830,3830,44000,15081,16079,16079,998,998,50000,50000,50000,35812,35812,35812,0,0,0,1.0,1.0,1.0,1.0,False,0,0,0,4609,4609,4609,0x1201 Action 4609,hitstun,hitstun,hitstun,hitstun,21,0,0,0,0,0.4860605001449585,0.4828602373600006,0.46486273407936096,0.40916454792022705,0.3814908266067505,0.3500692844390869,0.40916454792022705,0.3814908266067505,0.3500692844390869,-0.0032002627849578857,-0.027673721313476562,-0.0032002627849578857,-0.027673721313476562,0.0,0.0,0.0,0.0,0.0,0.0,False,False,False,True,False,8,source age 0f; current move definition; action ID matched; distance 0.76
2026-07-28T15:48:30Z,38,29,1,376,394,observation_window,P1-C1,Ryu,2454108608,12,512,Shin Sho,P2-C1,Ken the Eagle,2457778656,1,move_definition,high,104.0,0,17,"High, Light Hit",17,0,,False,[],[2097169],2,"[1,2]",21,"Native result modifier +0004, Target-acquired / contact-lock state (correlated), Unknown B bits 0x00000004",exact: Capture trigger packet; native result +0004; native low-bit route 0x4; target-acquired/contact-lock,17,21,0,0,,False,2687,2687,0,False,1,0,2687,0,hit,"[""HP -2687""]",3830,1143,1143,44000,16079,17154,17154,1075,1075,50000,50000,50000,35812,35812,35812,0,0,0,1.0,1.0,1.0,1.0,False,0,0,0,4609,4609,4609,0x1201 Action 4609,hitstun,hitstun,hitstun,hitstun,21,0,0,0,0,0.46486273407936096,0.7423042058944702,0.7959539890289307,0.3500692844390869,0.9608454704284668,21.89581871032715,0.3500692844390869,0.9608454704284668,21.89581871032715,0.27744147181510925,0.6107761859893799,0.27744147181510925,0.6107761859893799,0.0,0.0,0.002409517765045166,1.2498435974121094,1.5388617515563965,0.0,False,False,False,True,False,19,source age 0f; current move definition; action ID matched; distance 1.92
2026-07-28T15:48:34Z,39,30,1,411,412,next_contact,P1-C1,Ryu,2454108608,12,308,Tatsu M,P2-C1,Ken the Eagle,2457778656,1,move_definition,high,92.0,0,12,"Mid, Heavy Hit",12,512,"No guard category, No strength tier, Hard knockdown 0x00000200",False,[512],[516],2,"[1,2]",262208,"Standard-strike baseline, Special chip route B, one-eighth damage",standard-strike baseline; special chip route,12,262208,0,0,,False,276,276,0,False,1,0,276,0,hit,"[""HP -276""]",1143,867,867,44000,17154,17265,17265,111,111,50000,50000,50000,35812,35948,35948,0,0,0,1.0,1.0,1.0,1.0,False,0,0,0,4609,4609,91,0x1201 Action 4609 > 0x005B Soft Knockdown,hitstun,hitstun,knockdown,hitstun > knockdown,21,0,0,0,0,0.2695186734199524,0.2561468780040741,0.6996541023254395,13.219627380371094,0.6244524717330933,0.7469922304153442,13.219627380371094,0.6244524717330933,0.7469922304153442,-0.013371795415878296,-12.595174908638,-0.013371795415878296,-12.595174908638,-0.35427114367485046,-0.1601632833480835,0.0,0.0,0.35427114367485046,0.0,True,False,False,False,False,2,source age 0f; current move definition; distance 0.39
2026-07-28T15:48:34Z,40,31,1,413,413,next_contact,P1-C1,Ryu,2454108608,12,260,2B,P2-C1,Ken the Eagle,2457778656,1,move_definition,high,104.0,0,34,"Low, Medium Hit",34,0,,False,[],[134217730],1,[],64,Standard-strike baseline,standard-strike baseline,0,0,0,0,,False,502,502,0,False,1,0,502,0,hit,"[""HP -502""]",867,365,365,44000,17265,17466,17466,201,201,50000,50000,50000,35948,36196,36196,0,0,0,1.0,1.0,1.0,1.0,False,0,0,0,91,91,91,0x005B Soft Knockdown,knockdown,knockdown,knockdown,knockdown,12,0,0,0,0,0.6996541023254395,0.5547417402267456,0.5547417402267456,0.7469922304153442,0.9193212985992432,0.9193212985992432,0.7469922304153442,0.9193212985992432,0.9193212985992432,-0.14491236209869385,0.17232906818389893,-0.14491236209869385,0.17232906818389893,0.0,0.0,0.0,0.0,0.0,0.0,True,False,False,False,False,1,source age 0f; current move definition; action ID matched; distance 1.84
2026-07-28T15:48:34Z,41,32,1,414,414,next_contact,P1-C1,Ryu,2454108608,12,258,5C,P2-C1,Ken the Eagle,2457778656,1,move_definition,high,104.0,0,12,"Mid, Heavy Hit",12,0,,False,[],[134217732],1,[],64,Standard-strike baseline,standard-strike baseline,0,0,0,0,,False,0,502,0,False,1,0,0,0,"hit, no HP loss","[""hitstun +5""]",365,365,365,44000,17466,17466,17466,0,0,50000,50000,50000,36196,36196,36196,0,0,0,1.0,1.0,1.0,1.0,False,0,0,0,91,91,91,0x005B Soft Knockdown,knockdown,knockdown,knockdown,knockdown,17,0,0,0,0,0.5547417402267456,0.8052108883857727,0.8052108883857727,0.9193212985992432,0.7098331451416016,0.7098331451416016,0.9193212985992432,0.7098331451416016,0.7098331451416016,0.2504691481590271,-0.2094881534576416,0.2504691481590271,-0.2094881534576416,0.025631487369537354,0.018390774726867676,0.025631487369537354,0.018390774726867676,0.0,0.0,True,False,False,False,False,1,source age 0f; current move definition; action ID matched; distance 1.40
2026-07-28T15:48:35Z,42,32,2,415,429,next_contact,P1-C1,Ryu,2454108608,12,258,5C,P2-C1,Ken the Eagle,2457778656,1,move_definition,high,104.0,0,12,"Mid, Heavy Hit",12,0,,False,[],[134217732],1,[],64,Standard-strike baseline,standard-strike baseline,0,0,0,0,,False,364,825,0,False,1,0,364,0,hit,"[""HP -364"",""hitstun +4""]",365,1,1,44000,17466,17335,15907,-131,0,50000,50000,50000,36196,36604,37778,0,0,0,1.0,1.0,1.0,1.0,False,0,0,0,91,91,91,0x005B Soft Knockdown > 0x0051 Bounce Launch > 0x0052 Bounce Off > 0x005B Soft Knockdown,knockdown,knockdown,knockdown,knockdown,21,0,0,0,0,0.8052108883857727,0.6680609583854675,1.0831904411315918,0.7098331451416016,0.15543067455291748,0.2567102909088135,0.7098331451416016,0.15543067455291748,0.2567102909088135,-0.13714993000030518,-0.5544024705886841,-0.13714993000030518,-0.5544024705886841,9.5367431640625e-07,0.0,-0.047211408615112305,-0.04717910289764404,0.3811376094818115,0.025630533695220947,True,True,False,True,False,15,source age 0f; current move definition; action ID matched; distance 0.31
2026-07-28T15:48:37Z,43,33,1,430,431,next_contact,P1-C1,Ryu,2454108608,12,257,5B,P2-C1,Ken the Eagle,2457778656,1,move_definition,high,92.0,0,10,"Mid, Medium Hit",10,0,,False,[],[134217730],1,[],64,Standard-strike baseline,standard-strike baseline,0,0,0,0,,False,0,373,0,False,1,0,0,0,"hit, no HP loss","[""hitstun +5""]",1,1,1,44000,15907,15684,15684,-223,0,50000,50000,50000,37778,37961,37961,0,0,0,1.0,1.0,1.0,1.0,False,0,0,0,91,91,91,0x005B Soft Knockdown,knockdown,knockdown,knockdown,knockdown,17,0,0,0,0,1.0831904411315918,0.908886194229126,1.0565778017044067,0.2567102909088135,0.2139897346496582,0.630340576171875,0.2567102909088135,0.2139897346496582,0.630340576171875,-0.17430424690246582,-0.04272055625915527,-0.17430424690246582,-0.04272055625915527,0.0,0.0,0.0,0.0,0.0,0.0,True,False,False,False,False,2,source age 0f; current move definition; distance 0.43
2026-07-28T15:48:38Z,44,34,1,432,450,observation_window,P1-C1,Ryu,2454108608,12,258,5C,P2-C1,Ken the Eagle,2457778656,1,move_definition,high,92.0,0,12,"Mid, Heavy Hit",12,0,,False,[],[134217732],1,[],64,Standard-strike baseline,standard-strike baseline,0,0,0,0,,False,0,644,0,False,1,0,0,0,"hit, no HP loss","[""hitstun +4""]",1,1,1,44000,15684,15298,14205,-386,0,50000,50000,50000,37961,38279,39177,0,0,0,1.0,1.0,1.0,1.0,False,0,0,0,91,91,80,0x005B Soft Knockdown > 0x0050 Hard Knockdown,knockdown,knockdown,knockdown,knockdown,21,0,0,0,0,1.0565778017044067,0.9454139471054077,2.5169222354888916,0.630340576171875,0.20277154445648193,0.7431532144546509,0.630340576171875,0.20277154445648193,0.7431532144546509,-0.11116385459899902,-0.42756903171539307,-0.11116385459899902,-0.42756903171539307,0.0,0.0,0.0,0.0,0.2891613245010376,0.0,True,False,False,True,False,19,source age 0f; current move definition; distance 0.41
2026-07-28T15:48:42Z,45,35,1,459,461,reaction_complete,P2-C1,Ken the Eagle,2457778656,1,91,Soft Knockdown,P1-C2,Chun-Li,2461448704,13,unresolved_attacker,low,11.26,0,0,"No guard category, No strength tier",0,0,,False,[],[],0,[],0,No property B bits,none,0,0,0,0,,False,4600,0,0,False,1,0,4600,0,hit,"[""HP -4600""]",46000,41400,41400,46000,0,4600,4600,4600,4600,39177,39177,39177,50000,50000,50000,0,0,0,1.0,1.0,1.0,1.0,False,0,0,0,430,430,352,0x01AE Action 430 > 0x0160 Action 352,neutral,neutral,neutral,neutral,0,0,0,0,0,4.656271457672119,2.1822590827941895,2.2506065368652344,3.2501165866851807,0.37309694290161133,0.1233140230178833,3.2501165866851807,0.37309694290161133,0.1233140230178833,-2.4740123748779297,-2.8770196437835693,-2.4740123748779297,-2.8770196437835693,-0.015202045440673828,0.006111264228820801,0.0,0.0,0.015202045440673828,0.0,False,False,False,True,False,3,closest opposing fighter at 0.74
2026-07-28T15:48:51Z,46,36,1,520,522,reaction_complete,P2-C1,Viewtiful Joe,2457778656,17,1,idle,P1-C1,Joe the Condor,2454108608,27,unresolved_attacker,low,10.4,0,0,"No guard category, No strength tier",0,0,,False,[],[],0,[],0,No property B bits,none,0,0,0,0,,False,8400,378,8022,True,2,0,8400,0,hit,"[""HP -8400""]",48000,39600,39600,48000,0,4400,4400,4400,4400,39177,30119,30119,50000,50000,50000,0,0,0,1.0,1.0,1.0,1.0,False,0,0,0,430,430,1,0x01AE Action 430 > 0x0001 Action 1,neutral,neutral,neutral,neutral,0,0,0,0,0,12.137190818786621,0.6119383573532104,0.6305134892463684,3.413412570953369,0.7996386289596558,0.83203125,3.413412570953369,0.7996386289596558,0.83203125,-11.52525246143341,-2.6137739419937134,-11.52525246143341,-2.6137739419937134,0.0,0.0,-0.0014110207557678223,-0.003087937831878662,0.003087937831878662,0.0,False,False,False,True,False,3,closest opposing fighter at 1.60
2026-07-28T15:48:51Z,47,37,1,520,522,reaction_complete,P1-C1,Joe the Condor,2454108608,27,354,Air Shinkuu,P2-C2,Joe the Condor,2465118752,27,live_attack_actor,high,98.0,0,12,"Mid, Heavy Hit",12,0,,False,[],[12],0,[],291,"Native result modifier +0004, Sustained-contact actor route, Initial actor phase, Spawned-attack core flag (correlated)",native result +0004; spawned-attack core; sustained-contact route; initial actor phase,265,35,0,2444319156,,False,6000,0,0,False,1,0,6000,0,hit,"[""HP -6000""]",50000,44000,44000,50000,0,0,0,0,0,50000,50000,50000,39177,30119,30119,0,0,0,1.0,1.0,1.0,1.0,False,0,0,0,430,430,430,0x01AE Action 430,neutral,neutral,neutral,neutral,0,0,0,0,0,5.523147106170654,1.538008451461792,1.5451807975769043,3.6177141666412354,3.5877161026000977,3.58711838722229,3.6177141666412354,3.5877161026000977,3.58711838722229,-3.9851386547088623,-0.029998064041137695,-3.9851386547088623,-0.029998064041137695,0.9260700941085815,2.788077473640442,0.9146673083305359,2.75508713722229,0.032990336418151855,0.0,False,False,False,False,False,3,source age 0f; live attack actor; distance 2.94
2026-07-28T15:48:51Z,48,38,1,521,539,observation_window,P2-C2,Joe the Condor,2465118752,27,430,assist standby,P1-C2,Casshan,2461448704,2,unresolved_attacker,low,6.03,0,0,"No guard category, No strength tier",0,0,,False,[],[],0,[],0,No property B bits,none,0,0,0,0,,False,0,334,0,False,1,0,0,0,"hit, no HP loss","[""hitstun +21"",""reaction neutral->hitstun""]",50000,50000,50000,50000,0,0,0,0,0,30119,30119,30437,50000,50000,50000,0,0,0,1.0,1.0,1.0,1.0,False,0,0,0,1,430,430,0x01AE Action 430,neutral,hitstun,hitstun,hitstun,21,0,0,0,0,7.477966785430908,7.478428363800049,7.477545738220215,4.254913330078125,4.262632369995117,4.254146099090576,4.254913330078125,4.262632369995117,4.254146099090576,0.000461578369140625,0.0077190399169921875,0.000461578369140625,0.0077190399169921875,5.933931946754456,0.6770551204681396,5.8097065687179565,0.6718363761901855,0.21573472023010254,0.0,False,False,False,False,False,19,closest opposing fighter at 5.97
2026-07-28T15:48:54Z,49,39,1,540,540,next_contact,P1-C1,Joe the Condor,2454108608,27,354,Air Shinkuu,P2-C1,Viewtiful Joe,2457778656,17,live_attack_actor,high,106.25,1,12,"Mid, Heavy Hit",12,0,,False,[],[12],0,[],291,"Native result modifier +0004, Sustained-contact actor route, Initial actor phase, Spawned-attack core flag (correlated)",native result +0004; spawned-attack core; sustained-contact route; initial actor phase,265,35,0,2444319156,,False,920,920,0,False,1,0,920,0,hit,"[""HP -920"",""hitstun +12"",""reaction neutral->hitstun""]",46000,45080,45080,46000,0,368,368,368,368,50000,50000,50000,30437,30437,30437,0,0,0,1.0,1.0,1.0,1.0,False,0,0,0,1,1,1,0x0001 Action 1,neutral,hitstun,hitstun,hitstun,12,0,0,0,0,0.7651421427726746,0.7027097940444946,0.7027097940444946,0.804277777671814,0.4915097951889038,0.4915097951889038,0.804277777671814,0.4915097951889038,0.4915097951889038,-0.06243234872817993,-0.31276798248291016,-0.06243234872817993,-0.31276798248291016,0.0,0.0,0.0,0.0,0.0,0.0,False,False,False,False,False,1,source age 1f; live attack actor; distance 0.98
2026-07-28T15:48:54Z,50,39,2,541,541,next_contact,P1-C1,Joe the Condor,2454108608,27,354,Air Shinkuu,P2-C1,Viewtiful Joe,2457778656,17,live_attack_actor,high,104.5,2,12,"Mid, Heavy Hit",12,0,,False,[],[12],0,[],291,"Native result modifier +0004, Sustained-contact actor route, Initial actor phase, Spawned-attack core flag (correlated)",native result +0004; spawned-attack core; sustained-contact route; initial actor phase,265,35,0,2444319156,,False,1406,1406,0,False,1,0,1406,0,hit,"[""HP -1406"",""last-hit/action transition""]",45080,43674,43674,46000,368,931,931,563,563,50000,50000,50000,30437,30924,30924,0,0,0,1.0,1.0,1.0,1.0,False,0,0,0,1,66,66,0x0042 Low Hitstun,hitstun,hitstun,hitstun,hitstun,3,0,0,0,0,0.7027097940444946,0.6288769841194153,0.6288769841194153,0.4915097951889038,0.3573739528656006,0.3573739528656006,0.4915097951889038,0.3573739528656006,0.3573739528656006,-0.07383280992507935,-0.13413584232330322,-0.07383280992507935,-0.13413584232330322,-2.2649765014648438e-06,0.0,-2.2649765014648438e-06,0.0,0.0,2.2649765014648438e-06,False,False,False,False,False,1,source age 2f; live attack actor; distance 0.71
2026-07-28T15:48:54Z,51,39,3,542,544,next_contact,P1-C1,Joe the Condor,2454108608,27,354,Air Shinkuu,P2-C1,Viewtiful Joe,2457778656,17,live_attack_actor,high,102.75,3,12,"Mid, Heavy Hit",12,0,,False,[],[12],0,[],291,"Native result modifier +0004, Sustained-contact actor route, Initial actor phase, Spawned-attack core flag (correlated)",native result +0004; spawned-attack core; sustained-contact route; initial actor phase,265,35,0,2444319156,,False,630,630,0,False,1,0,630,0,hit,"[""HP -630"",""hitstun +14"",""last-hit/action transition""]",43674,43044,43044,46000,931,1183,1183,252,252,50000,50000,50000,30924,31142,31142,0,0,0,1.0,1.0,1.0,1.0,False,0,0,0,66,64,64,0x0040 Standing Hitstun,hitstun,hitstun,hitstun,hitstun,17,0,0,0,0,0.6288769841194153,0.8711442351341248,1.4209105968475342,0.3573739528656006,0.24168837070465088,0.5363684296607971,0.3573739528656006,0.24168837070465088,0.5363684296607971,0.24226725101470947,-0.11568558216094971,0.24226725101470947,-0.11568558216094971,0.0,0.0,-0.30561530590057373,0.0438992977142334,0.30561530590057373,2.2649765014648438e-06,False,False,False,True,True,3,source age 3f; live attack actor; distance 0.48
2026-07-28T15:48:55Z,52,39,4,545,546,next_contact,P1-C1,Joe the Condor,2454108608,27,354,Air Shinkuu,P2-C1,Viewtiful Joe,2457778656,17,live_attack_actor,high,97.5,6,12,"Mid, Heavy Hit",12,0,,False,[],[12],0,[],291,"Native result modifier +0004, Sustained-contact actor route, Initial actor phase, Spawned-attack core flag (correlated)",native result +0004; spawned-attack core; sustained-contact route; initial actor phase,265,35,0,2444319156,,False,2125,2125,0,False,1,0,2125,0,hit,"[""HP -2125"",""hitstun +7""]",43044,40919,40919,46000,1183,2033,2033,850,850,50000,50000,50000,31142,31879,31879,0,0,0,1.0,1.0,1.0,1.0,False,0,0,0,64,64,64,0x0040 Standing Hitstun,hitstun,hitstun,hitstun,hitstun,21,0,0,0,0,1.4209105968475342,0.6592366099357605,1.5561814308166504,0.5363684296607971,0.48407065868377686,0.4858994483947754,0.5363684296607971,0.48407065868377686,0.4858994483947754,-0.7616739869117737,-0.052297770977020264,-0.7616739869117737,-0.052297770977020264,0.0,0.0,-0.15358662605285645,-0.12375962734222412,0.15358662605285645,2.2649765014648438e-06,False,False,False,True,True,2,source age 6f; live attack actor; distance 0.97
2026-07-28T15:48:55Z,53,40,1,547,547,next_contact,P1-C1,Joe the Condor,2454108608,27,264,3C,P2-C1,Viewtiful Joe,2457778656,17,move_definition,high,104.0,0,12,"Mid, Heavy Hit",12,262144,"No guard category, No strength tier, Launcher 0x00040000",False,[262144],[134479876],1,[],64,Standard-strike baseline,standard-strike baseline,0,0,0,0,,False,2255,2255,0,False,1,0,2255,0,hit,"[""HP -2255""]",40919,38664,38664,46000,2033,2935,2935,902,902,50000,50000,50000,31879,32661,32661,0,0,0,1.0,1.0,1.0,1.0,False,0,0,0,64,64,64,0x0040 Standing Hitstun,hitstun,hitstun,hitstun,hitstun,11,0,0,0,0,1.5561814308166504,0.6115643382072449,0.6115643382072449,0.4858994483947754,0.2627995014190674,0.2627995014190674,0.4858994483947754,0.2627995014190674,0.2627995014190674,-0.9446170926094055,-0.223099946975708,-0.9446170926094055,-0.223099946975708,0.0,0.0,0.0,0.0,0.0,0.0,False,False,False,False,False,1,source age 0f; current move definition; action ID matched; distance 0.53
2026-07-28T15:48:55Z,54,39,5,548,549,next_contact,P1-C1,Joe the Condor,2454108608,27,354,Air Shinkuu,P2-C1,Viewtiful Joe,2457778656,17,live_attack_actor,high,92.25,9,12,"Mid, Heavy Hit",12,0,,False,[],[12],0,[],291,"Native result modifier +0004, Sustained-contact actor route, Initial actor phase, Spawned-attack core flag (correlated)",native result +0004; spawned-attack core; sustained-contact route; initial actor phase,265,35,0,2444319156,,False,1189,1189,0,False,1,0,1189,0,hit,"[""HP -1189"",""hitstun +10"",""last-hit/action transition""]",38664,37475,37475,46000,2935,3411,3411,476,476,50000,50000,50000,32661,33071,33071,0,0,0,1.0,1.0,1.0,1.0,False,0,0,0,64,97,91,0x0061 Launched > 0x005B Soft Knockdown,hitstun,hitstun,knockdown,hitstun > knockdown,21,0,0,0,0,0.6115643382072449,0.7523112893104553,0.7152363061904907,0.2627995014190674,0.07907390594482422,0.38807106018066406,0.2627995014190674,0.07907390594482422,0.38807106018066406,0.14074695110321045,-0.18372559547424316,0.14074695110321045,-0.18372559547424316,0.06744939088821411,-0.30054187774658203,-0.02015894651412964,0.012243270874023438,0.31278514862060547,0.30054187774658203,True,False,False,True,True,2,source age 9f; live attack actor; distance 0.46
2026-07-28T15:48:55Z,55,41,1,550,551,next_contact,P1-C1,Joe the Condor,2454108608,27,289,j.B (second hit),P2-C1,Viewtiful Joe,2457778656,17,move_definition,high,104.0,0,18,"High, Medium Hit",18,0,,False,[],[402653186],1,[],64,Standard-strike baseline,standard-strike baseline,0,0,0,0,,False,1210,1210,0,False,1,0,1210,0,hit,"[""HP -1210""]",37475,36265,36265,46000,3411,3895,3895,484,484,50000,50000,50000,33071,33489,33489,0,0,0,1.0,1.0,1.0,1.0,False,0,0,0,91,91,91,0x005B Soft Knockdown,knockdown,knockdown,knockdown,knockdown,17,0,0,0,0,0.7152363061904907,0.643180787563324,0.8401764631271362,0.38807106018066406,0.512725830078125,0.6434283256530762,0.38807106018066406,0.512725830078125,0.6434283256530762,-0.07205551862716675,0.12465476989746094,-0.07205551862716675,0.12465476989746094,0.0,0.0,-0.02364104986190796,0.04728078842163086,0.04728078842163086,0.0,True,False,False,False,False,2,source age 0f; current move definition; action ID matched; distance 1.03
2026-07-28T15:48:56Z,56,42,1,552,553,next_contact,P1-C1,Joe the Condor,2454108608,27,289,j.B (second hit),P2-C1,Viewtiful Joe,2457778656,17,move_definition_latched,high,92.0,0,18,"High, Medium Hit",18,0,,False,[],[402653186],1,[],64,Standard-strike baseline,standard-strike baseline,0,0,0,0,,False,1292,1292,0,False,1,0,1292,0,hit,"[""HP -1292"",""hitstun +4""]",36265,34973,34973,46000,3895,4412,4412,517,517,50000,50000,50000,33489,33937,33937,0,0,0,1.0,1.0,1.0,1.0,False,0,0,0,91,91,91,0x005B Soft Knockdown,knockdown,knockdown,knockdown,knockdown,21,0,0,0,0,0.8401764631271362,0.6953735947608948,0.5621788501739502,0.6434283256530762,0.22267627716064453,0.19804954528808594,0.6434283256530762,0.22267627716064453,0.19804954528808594,-0.14480286836624146,-0.42075204849243164,-0.14480286836624146,-0.42075204849243164,0.06078338623046875,-0.04181957244873047,-0.1296566128730774,-0.07765674591064453,0.19043999910354614,0.0,True,False,False,False,False,2,source age 0f; current move definition; distance 0.49
2026-07-28T15:48:57Z,57,43,1,554,554,next_contact,P1-C1,Joe the Condor,2454108608,27,266,j.B,P2-C1,Viewtiful Joe,2457778656,17,move_definition,high,92.0,0,18,"High, Medium Hit",18,0,,False,[],[402653186],1,[],64,Standard-strike baseline,standard-strike baseline,0,0,0,0,,False,1071,1071,0,False,1,0,1071,0,hit,"[""HP -1071""]",34973,33902,33902,46000,4412,4841,4841,429,429,50000,50000,50000,33937,34307,34307,0,0,0,1.0,1.0,1.0,1.0,False,0,0,0,91,91,91,0x005B Soft Knockdown,knockdown,knockdown,knockdown,knockdown,17,0,0,0,0,0.5621788501739502,0.7542750239372253,0.7542750239372253,0.19804954528808594,1.1380372047424316,1.1380372047424316,0.19804954528808594,1.1380372047424316,1.1380372047424316,0.19209617376327515,0.9399876594543457,0.19209617376327515,0.9399876594543457,0.17562949657440186,0.19224977493286133,0.17562949657440186,0.19224977493286133,0.0,0.0,True,False,False,False,False,1,source age 0f; current move definition; distance 2.09
2026-07-28T15:48:57Z,58,43,2,555,555,next_contact,P1-C1,Joe the Condor,2454108608,27,266,j.B,P2-C1,Viewtiful Joe,2457778656,17,move_definition,high,104.0,0,18,"High, Medium Hit",18,0,,False,[],[402653186],1,[],64,Standard-strike baseline,standard-strike baseline,0,0,0,0,,False,1014,1014,0,False,1,0,1014,0,hit,"[""HP -1014""]",33902,32888,32888,46000,4841,5247,5247,406,406,50000,50000,50000,34307,34658,34658,0,0,0,1.0,1.0,1.0,1.0,False,0,0,0,91,91,91,0x005B Soft Knockdown,knockdown,knockdown,knockdown,knockdown,17,0,0,0,0,0.7542750239372253,0.75401771068573,0.75401771068573,1.1380372047424316,0.25438976287841797,0.25438976287841797,1.1380372047424316,0.25438976287841797,0.25438976287841797,-0.00025731325149536133,-0.8836474418640137,-0.00025731325149536133,-0.8836474418640137,-0.05469387769699097,0.16445159912109375,-0.05469387769699097,0.16445159912109375,0.0,0.23032337427139282,True,False,False,False,False,1,source age 0f; current move definition; action ID matched; distance 0.35
2026-07-28T15:48:57Z,59,43,3,556,556,next_contact,P1-C1,Joe the Condor,2454108608,27,266,j.B,P2-C1,Viewtiful Joe,2457778656,17,move_definition,high,92.0,0,18,"High, Medium Hit",18,0,,False,[],[402653186],1,[],64,Standard-strike baseline,standard-strike baseline,0,0,0,0,,False,1055,1055,0,False,1,0,1055,0,hit,"[""HP -1055""]",32888,31833,31833,46000,5247,5669,5669,422,422,50000,50000,50000,34658,35022,35022,0,0,0,1.0,1.0,1.0,1.0,False,0,0,0,91,91,91,0x005B Soft Knockdown,knockdown,knockdown,knockdown,knockdown,17,0,0,0,0,0.75401771068573,0.9060330390930176,0.9060330390930176,0.25438976287841797,0.7683959007263184,0.7683959007263184,0.25438976287841797,0.7683959007263184,0.7683959007263184,0.1520153284072876,0.5140061378479004,0.1520153284072876,0.5140061378479004,0.03991049528121948,-0.020915985107421875,0.03991049528121948,-0.020915985107421875,0.0,0.23032337427139282,True,False,False,True,True,1,source age 0f; current move definition; distance 1.56
2026-07-28T15:48:58Z,60,43,4,557,557,next_contact,P1-C1,Joe the Condor,2454108608,27,266,j.B,P2-C1,Viewtiful Joe,2457778656,17,move_definition,high,90.25,1,18,"High, Medium Hit",18,0,,False,[],[402653186],1,[],64,Standard-strike baseline,standard-strike baseline,0,0,0,0,,False,0,1055,0,False,1,0,0,0,"hit, no HP loss","[""hitstun +4""]",31833,31833,31833,46000,5669,5669,5669,0,0,50000,50000,50000,35022,35022,35022,0,0,0,1.0,1.0,1.0,1.0,False,0,0,0,91,91,91,0x005B Soft Knockdown,knockdown,knockdown,knockdown,knockdown,21,0,0,0,0,0.9060330390930176,1.2329899072647095,1.2329899072647095,0.7683959007263184,0.4112100601196289,0.4112100601196289,0.7683959007263184,0.4112100601196289,0.4112100601196289,0.3269568681716919,-0.35718584060668945,0.3269568681716919,-0.35718584060668945,-0.022732853889465332,-0.19518041610717773,-0.022732853889465332,-0.19518041610717773,0.0,0.38743019104003906,True,False,False,True,True,1,source age 1f; current move definition; distance 1.02
2026-07-28T15:48:58Z,61,44,1,558,564,next_contact,P1-C1,Joe the Condor,2454108608,27,321,Air Savage Shot B,P2-C1,Viewtiful Joe,2457778656,17,move_definition,high,104.0,0,12,"Mid, Heavy Hit",12,0,,False,[],[134217740],4,"[1,2,3,4]",64,Standard-strike baseline,standard-strike baseline,12,64,0,0,,False,1150,544,606,True,2,0,1150,0,hit,"[""HP -1150""]",31833,30683,30683,46000,5669,6130,6130,461,461,50000,50000,50000,35022,35419,35932,0,0,0,1.0,1.0,1.0,1.0,False,0,0,0,91,91,1,0x005B Soft Knockdown > 0x00A0 Air Recovery > 0x001E Action 30 > 0x0001 Action 1,knockdown,knockdown,hitstun,knockdown > air_recovery > hitstun,17,0,0,0,0,1.2329899072647095,1.2626147270202637,0.3421594500541687,0.4112100601196289,0.4742884635925293,0.5513739585876465,0.4112100601196289,0.4742884635925293,0.5513739585876465,0.0296248197555542,0.06307840347290039,0.0296248197555542,0.06307840347290039,0.006982922554016113,0.03580331802368164,0.0,0.0,1.7975823879241943,0.0,True,False,True,True,False,7,source age 0f; current move definition; action ID matched; distance 0.91
2026-07-28T15:49:00Z,62,45,1,565,566,next_contact,P1-C1,Joe the Condor,2454108608,27,321,Air Savage Shot B,P2-C1,Viewtiful Joe,2457778656,17,live_attack_actor,high,102.75,3,12,"Mid, Heavy Hit",12,0,,False,[],[12],0,[],258,"Initial actor phase, Spawned-attack core flag (correlated)",spawned-attack core; initial actor phase,0,0,0,2444320836,,False,2145,665,1480,True,2,0,2145,0,hit,"[""HP -2145""]",30683,28538,28538,46000,6130,6988,6988,858,858,50000,50000,50000,35932,36162,36162,0,0,0,1.0,1.0,1.0,1.0,False,0,0,0,1,1,64,0x0001 Action 1 > 0x0040 Standing Hitstun,hitstun,hitstun,hitstun,hitstun,17,0,0,0,0,0.3421594500541687,0.6825212836265564,1.385404109954834,0.5513739585876465,0.21066570281982422,0.5306615829467773,0.5513739585876465,0.21066570281982422,0.5306615829467773,0.3403618335723877,-0.34070825576782227,0.3403618335723877,-0.34070825576782227,0.03805893659591675,0.0,-0.1933053731918335,0.026255011558532715,0.23136430978775024,0.0,False,False,False,False,False,2,source age 3f; live attack actor; distance 0.42
2026-07-28T15:49:00Z,63,45,2,567,568,next_contact,P1-C1,Joe the Condor,2454108608,27,321,Air Savage Shot B,P2-C1,Viewtiful Joe,2457778656,17,live_attack_actor,high,99.25,5,12,"Mid, Heavy Hit",12,0,,False,[],[12],0,[],258,"Initial actor phase, Spawned-attack core flag (correlated)",spawned-attack core; initial actor phase,0,0,0,2444320836,,False,2250,2250,0,False,1,0,2250,0,hit,"[""HP -2250"",""hitstun +4""]",28538,26288,26288,46000,6988,7888,7888,900,900,50000,50000,50000,36162,36942,36942,0,0,0,1.0,1.0,1.0,1.0,False,0,0,0,64,64,64,0x0040 Standing Hitstun,hitstun,hitstun,hitstun,hitstun,21,0,0,0,0,1.385404109954834,1.2610878944396973,2.505533456802368,0.5306615829467773,0.07605278491973877,0.7060911655426025,0.5306615829467773,0.07605278491973877,0.7060911655426025,-0.12431621551513672,-0.4546087980270386,-0.12431621551513672,-0.4546087980270386,0.6018512845039368,-0.4080178737640381,0.0,0.0,0.6018512845039368,0.56379234790802,False,False,False,False,False,2,source age 5f; live attack actor; distance 0.82
2026-07-28T15:49:01Z,64,46,1,569,569,next_contact,P1-C1,Joe the Condor,2454108608,27,261,2C,P2-C1,Viewtiful Joe,2457778656,17,live_attack_actor,high,120.0,0,12,"Mid, Heavy Hit",12,0,,False,[],[12],0,[],130,"Spawned-attack core flag (correlated), Spawned-actor contact family 0x80 (correlated)",spawned-attack core; spawned-actor contact family,0,0,0,2444320836,,False,2000,2000,0,False,1,0,2000,0,hit,"[""HP -2000""]",26288,24288,24288,46000,7888,8688,8688,800,800,50000,50000,50000,36942,37636,37636,0,0,0,1.0,1.0,1.0,1.0,False,0,0,0,64,64,64,0x0040 Standing Hitstun,hitstun,hitstun,hitstun,hitstun,0,0,0,0,0,2.505533456802368,3.1065673828125,3.1065673828125,0.7060911655426025,0.3785915970802307,0.3785915970802307,0.7060911655426025,0.3785915970802307,0.3785915970802307,0.6010339260101318,-0.3274995684623718,0.6010339260101318,-0.3274995684623718,0.07957816123962402,-0.046517372131347656,0.07957816123962402,-0.046517372131347656,0.0,0.0,False,False,False,False,False,1,source age 0f; live attack actor; action ID matched; distance 0.81
2026-07-28T15:49:01Z,65,46,2,570,570,next_contact,P1-C1,Joe the Condor,2454108608,27,261,2C,P2-C1,Viewtiful Joe,2457778656,17,live_attack_actor,high,108.0,0,12,"Mid, Heavy Hit",12,0,,False,[],[12],0,[],130,"Spawned-attack core flag (correlated), Spawned-actor contact family 0x80 (correlated)",spawned-attack core; spawned-actor contact family,0,0,0,2444320836,,False,0,2000,0,False,1,0,0,0,"hit, no HP loss","[""hitstun +9""]",24288,24288,24288,46000,8688,8688,8688,0,0,50000,50000,50000,37636,37636,37636,0,0,0,1.0,1.0,1.0,1.0,False,0,0,0,64,64,64,0x0040 Standing Hitstun,hitstun,hitstun,hitstun,hitstun,9,0,0,0,0,3.1065673828125,1.687968134880066,1.687968134880066,0.3785915970802307,0.5366649627685547,0.5366649627685547,0.3785915970802307,0.5366649627685547,0.5366649627685547,-1.418599247932434,0.15807336568832397,-1.418599247932434,0.15807336568832397,0.0,0.0,0.0,0.0,0.0,0.07957816123962402,False,False,False,False,False,1,source age 0f; live attack actor; distance 1.07
2026-07-28T15:49:02Z,66,47,1,571,571,next_contact,P1-C2,Casshan,2461448704,2,426,assist attack,P2-C1,Viewtiful Joe,2457778656,17,live_attack_actor,high,106.0,0,268,"Mid, Heavy Hit, Launch / soft-knockdown route 0x00000100",12,256,"No guard category, No strength tier, Launch / soft-knockdown route 0x00000100",False,[256],[268],0,[],258,"Initial actor phase, Spawned-attack core flag (correlated)",spawned-attack core; initial actor phase,0,0,0,2444327136,,False,4210,1013,3197,True,2,0,4210,0,hit,"[""HP -4210"",""hitstun +12"",""last-hit/action transition""]",24288,20078,20078,46000,8688,10373,10373,1685,1685,50000,50000,50000,37636,39092,39092,0,0,0,1.0,1.0,1.0,1.0,False,0,0,0,64,1,1,0x0001 Action 1,hitstun,hitstun,hitstun,hitstun,21,0,0,0,0,1.687968134880066,0.416885644197464,0.416885644197464,0.5366649627685547,1.6828433275222778,1.6828433275222778,0.5366649627685547,1.6828433275222778,1.6828433275222778,-1.271082490682602,1.1461783647537231,-1.271082490682602,1.1461783647537231,-0.23408755660057068,-0.47464120388031006,-0.23408755660057068,-0.47464120388031006,0.0,0.0,False,False,False,False,False,1,source age 0f; live attack actor; action ID matched; distance 3.85
2026-07-28T15:49:02Z,67,47,2,572,573,next_contact,P1-C2,Casshan,2461448704,2,426,assist attack,P2-C1,Viewtiful Joe,2457778656,17,live_attack_actor,high,116.0,0,268,"Mid, Heavy Hit, Launch / soft-knockdown route 0x00000100",12,256,"No guard category, No strength tier, Launch / soft-knockdown route 0x00000100",False,[256],[268],0,[],258,"Initial actor phase, Spawned-attack core flag (correlated)",spawned-attack core; initial actor phase,0,0,0,2444327136,,False,1318,1318,0,False,1,0,1318,0,hit,"[""HP -1318"",""reaction hitstun->knockdown"",""last-hit/action transition""]",20078,18760,18760,46000,10373,10901,10901,528,528,50000,50000,50000,39092,39548,39548,0,0,0,1.0,1.0,1.0,1.0,False,0,0,0,1,91,91,0x005B Soft Knockdown,hitstun,knockdown,knockdown,knockdown,21,0,0,0,0,0.416885644197464,1.2120991945266724,1.420103669166565,1.6828433275222778,0.13792037963867188,1.3221302032470703,1.6828433275222778,0.13792037963867188,1.3221302032470703,0.7952135503292084,-1.544922947883606,0.7952135503292084,-1.544922947883606,0.26783615350723267,-1.8936541080474854,0.2823784351348877,-1.8309707641601562,0.0626833438873291,1.4190129041671753,True,False,False,False,False,2,source age 0f; live attack actor; action ID matched; distance 2.19
2026-07-28T15:49:03Z,68,46,3,574,575,next_contact,P1-C1,Joe the Condor,2454108608,27,261,2C,P2-C1,Viewtiful Joe,2457778656,17,live_attack_actor,high,104.5,2,12,"Mid, Heavy Hit",12,0,,False,[],[12],0,[],130,"Spawned-attack core flag (correlated), Spawned-actor contact family 0x80 (correlated)",spawned-attack core; spawned-actor contact family,0,0,0,2444320836,,False,1429,1429,0,False,1,0,1429,0,hit,"[""HP -1429"",""hitstun +4""]",18760,17331,17331,46000,10901,11473,11473,572,572,50000,50000,50000,39548,40043,40043,0,0,0,1.0,1.0,1.0,1.0,False,0,0,0,91,91,91,0x005B Soft Knockdown,knockdown,knockdown,knockdown,knockdown,21,0,0,0,0,1.420103669166565,1.4078642129898071,1.6095986366271973,1.3221302032470703,0.7658736705780029,0.551581859588623,1.3221302032470703,0.7658736705780029,0.551581859588623,-0.012239456176757812,-0.5562565326690674,-0.012239456176757812,-0.5562565326690674,0.04633045196533203,-0.026190996170043945,-0.04882657527923584,-0.24576663970947266,0.2195756435394287,0.07957816123962402,True,False,False,True,True,2,source age 2f; live attack actor; distance 1.56
2026-07-28T15:49:03Z,69,48,1,576,579,next_contact,P1-C1,Joe the Condor,2454108608,27,321,Air Savage Shot B,P2-C1,Viewtiful Joe,2457778656,17,live_attack_actor,high,120.0,0,12,"Mid, Heavy Hit",12,0,,False,[],[12],0,[],258,"Initial actor phase, Spawned-attack core flag (correlated)",spawned-attack core; initial actor phase,0,0,0,2444320836,,False,2358,738,1620,True,2,0,2358,0,hit,"[""HP -2358""]",17331,14973,14973,46000,11473,12418,12418,945,945,50000,50000,50000,40043,40856,40856,0,0,0,1.0,1.0,1.0,1.0,False,0,0,0,91,91,1,0x005B Soft Knockdown > 0x0001 Action 1,knockdown,knockdown,hitstun,knockdown > hitstun,21,0,0,0,0,1.6095986366271973,1.6126409769058228,1.955898404121399,0.551581859588623,0.015447616577148438,0.9050449728965759,0.551581859588623,0.015447616577148438,0.9050449728965759,0.0030423402786254883,-0.5361342430114746,0.0030423402786254883,-0.5361342430114746,0.002198338508605957,-0.09471392631530762,0.013794302940368652,-2.9742717742919922e-05,0.7766743898391724,0.0,True,False,False,True,False,4,source age 0f; live attack actor; action ID matched; distance 0.13
2026-07-28T15:49:04Z,70,49,1,580,580,next_contact,P1-C1,Joe the Condor,2454108608,27,321,Air Savage Shot B,P2-C1,Viewtiful Joe,2457778656,17,live_attack_actor,high,108.0,0,12,"Mid, Heavy Hit",12,0,,False,[],[12],0,[],258,"Initial actor phase, Spawned-attack core flag (correlated)",spawned-attack core; initial actor phase,0,0,0,2444323356,,False,1500,1500,0,False,1,0,1500,0,hit,"[""HP -1500""]",14973,13473,13473,46000,12418,13018,13018,600,600,50000,50000,50000,40856,41376,41376,0,0,0,1.0,1.0,1.0,1.0,False,0,0,0,1,1,1,0x0001 Action 1,hitstun,hitstun,hitstun,hitstun,17,0,0,0,0,1.955898404121399,1.6571089029312134,1.6571089029312134,0.9050449728965759,0.27161145210266113,0.27161145210266113,0.9050449728965759,0.27161145210266113,0.27161145210266113,-0.29878950119018555,-0.6334335207939148,-0.29878950119018555,-0.6334335207939148,-0.23219621181488037,-0.648505687713623,-0.23219621181488037,-0.648505687713623,0.0,0.0,False,False,False,False,False,1,source age 0f; live attack actor; distance 1.21
2026-07-28T15:49:05Z,71,49,2,581,582,next_contact,P1-C1,Joe the Condor,2454108608,27,321,Air Savage Shot B,P2-C1,Viewtiful Joe,2457778656,17,live_attack_actor,high,106.25,1,12,"Mid, Heavy Hit",12,0,,False,[],[12],0,[],258,"Initial actor phase, Spawned-attack core flag (correlated)",spawned-attack core; initial actor phase,0,0,0,2444323356,,False,0,1500,0,False,1,0,0,0,"hit, no HP loss","[""hitstun +4"",""reaction hitstun->knockdown""]",13473,13473,13473,46000,13018,13018,13018,0,0,50000,50000,50000,41376,41376,41376,0,0,0,1.0,1.0,1.0,1.0,False,0,0,0,1,91,91,0x005B Soft Knockdown,hitstun,knockdown,knockdown,knockdown,21,0,0,0,0,1.6571089029312134,1.5670061111450195,0.9142192602157593,0.27161145210266113,0.18285393714904785,0.8339601755142212,0.27161145210266113,0.18285393714904785,0.8339601755142212,-0.09010279178619385,-0.08875751495361328,-0.09010279178619385,-0.08875751495361328,-0.024825572967529297,-0.06701517105102539,-0.06750339269638062,-0.039221346378326416,0.04267781972885132,0.5814905166625977,True,False,False,False,False,2,source age 1f; live attack actor; distance 0.43
2026-07-28T15:49:05Z,72,50,1,583,583,next_contact,P1-C1,Joe the Condor,2454108608,27,257,5B,P2-C1,Viewtiful Joe,2457778656,17,move_definition,high,104.0,0,10,"Mid, Medium Hit",10,0,,False,[],[134217730],1,[],64,Standard-strike baseline,standard-strike baseline,0,0,0,0,,False,2326,1406,920,True,2,0,2326,0,hit,"[""HP -2326"",""reaction knockdown->hitstun"",""last-hit/action transition""]",13473,11147,11147,46000,13018,13949,13949,931,931,50000,50000,50000,41376,41694,41694,0,0,0,1.0,1.0,1.0,1.0,False,0,0,0,91,30,30,0x001E Action 30,knockdown,hitstun,hitstun,hitstun,10,0,0,0,0,0.9142192602157593,0.598899245262146,0.598899245262146,0.8339601755142212,0.4405343532562256,0.4405343532562256,0.8339601755142212,0.4405343532562256,0.4405343532562256,-0.3153200149536133,-0.3934258222579956,-0.3153200149536133,-0.3934258222579956,0.04480332136154175,0.03666740655899048,0.04480332136154175,0.03666740655899048,0.0,0.0,False,False,False,False,False,1,source age 0f; current move definition; action ID matched; distance 0.85
2026-07-28T15:49:05Z,73,51,1,584,584,next_contact,P1-C1,Joe the Condor,2454108608,27,260,2B,P2-C1,Viewtiful Joe,2457778656,17,move_definition,high,104.0,0,10,"Mid, Medium Hit",10,0,,False,[],[134217730],2,"[1,2]",64,Standard-strike baseline,standard-strike baseline,10,64,0,0,,False,504,504,0,False,1,0,504,0,hit,"[""HP -504"",""hitstun +5"",""last-hit/action transition""]",11147,10643,10643,46000,13949,14151,14151,202,202,50000,50000,50000,41694,42399,42399,0,0,0,1.0,1.0,1.0,1.0,False,0,0,0,30,64,64,0x0040 Standing Hitstun,hitstun,hitstun,hitstun,hitstun,15,0,0,0,0,0.598899245262146,0.6353763341903687,0.6353763341903687,0.4405343532562256,0.22235441207885742,0.22235441207885742,0.4405343532562256,0.22235441207885742,0.22235441207885742,0.036477088928222656,-0.21817994117736816,0.036477088928222656,-0.21817994117736816,-0.29277437925338745,0.044693052768707275,-0.29277437925338745,0.044693052768707275,0.0,0.0,False,False,False,False,False,1,source age 0f; current move definition; action ID matched; distance 0.50
2026-07-28T15:49:06Z,74,52,1,585,585,next_contact,P1-C1,Joe the Condor,2454108608,27,258,5C,P2-C1,Viewtiful Joe,2457778656,17,move_definition,high,104.0,0,12,"Mid, Heavy Hit",12,0,,False,[],[134217732],1,[],64,Standard-strike baseline,standard-strike baseline,0,0,0,0,,False,0,504,0,False,1,0,0,0,"hit, no HP loss","[""hitstun +2""]",10643,10643,10643,46000,14151,14151,14151,0,0,50000,50000,50000,42399,42399,42399,0,0,0,1.0,1.0,1.0,1.0,False,0,0,0,64,64,64,0x0040 Standing Hitstun,hitstun,hitstun,hitstun,hitstun,17,0,0,0,0,0.6353763341903687,1.9258151054382324,1.9258151054382324,0.22235441207885742,0.3346824645996094,0.3346824645996094,0.22235441207885742,0.3346824645996094,0.3346824645996094,1.2904387712478638,0.11232805252075195,1.2904387712478638,0.11232805252075195,0.09600341320037842,-0.029884934425354004,0.09600341320037842,-0.029884934425354004,0.0,0.0,False,False,False,False,False,1,source age 0f; current move definition; action ID matched; distance 0.71
2026-07-28T15:49:06Z,75,52,2,586,586,next_contact,P1-C1,Joe the Condor,2454108608,27,258,5C,P2-C1,Viewtiful Joe,2457778656,17,move_definition,high,104.0,0,12,"Mid, Heavy Hit",12,0,,False,[],[134217732],1,[],64,Standard-strike baseline,standard-strike baseline,0,0,0,0,,False,1700,1700,0,False,1,0,1700,0,hit,"[""HP -1700""]",10643,8943,8943,46000,14151,14831,14831,680,680,50000,50000,50000,42399,42399,42399,0,0,0,1.0,1.0,1.0,1.0,False,0,0,0,64,64,64,0x0040 Standing Hitstun,hitstun,hitstun,hitstun,hitstun,9,0,0,0,0,1.9258151054382324,0.8106153011322021,0.8106153011322021,0.3346824645996094,0.4604930877685547,0.4604930877685547,0.3346824645996094,0.4604930877685547,0.4604930877685547,-1.1151998043060303,0.1258106231689453,-1.1151998043060303,0.1258106231689453,-0.171977698802948,-0.014973640441894531,-0.171977698802948,-0.014973640441894531,0.0,0.2679811120033264,False,False,False,False,False,1,source age 0f; current move definition; action ID matched; distance 0.95
2026-07-28T15:49:06Z,76,53,1,587,588,next_contact,P1-C1,Joe the Condor,2454108608,27,310,Battering Ram A,P2-C1,Viewtiful Joe,2457778656,17,move_definition,high,104.0,0,12,"Mid, Heavy Hit",12,2147483776,"No guard category, No strength tier, Crumple 0x80000080",False,[2147483776],[2147483780],1,[],262208,"Standard-strike baseline, Special chip route B, one-eighth damage",standard-strike baseline; special chip route,0,0,0,0,,False,0,1700,0,False,1,0,0,0,"hit, no HP loss","[""hitstun +12""]",8943,8943,8943,46000,14831,14831,14831,0,0,50000,50000,50000,42399,43136,43136,0,0,0,1.0,1.0,1.0,1.0,False,0,0,0,64,64,64,0x0040 Standing Hitstun,hitstun,hitstun,hitstun,hitstun,21,0,0,0,0,0.8106153011322021,0.6592366099357605,1.593063235282898,0.4604930877685547,0.48407065868377686,0.5828977823257446,0.4604930877685547,0.48407065868377686,0.5828977823257446,-0.15137869119644165,0.023577570915222168,-0.15137869119644165,0.023577570915222168,0.0,0.0,-0.0449674129486084,-0.010792016983032227,0.0449674129486084,0.0,False,False,False,False,False,2,source age 0f; current move definition; action ID matched; distance 0.97
2026-07-28T15:49:06Z,77,53,2,589,589,next_contact,P1-C1,Joe the Condor,2454108608,27,310,Battering Ram A,P2-C1,Viewtiful Joe,2457778656,17,move_definition,high,104.0,0,12,"Mid, Heavy Hit",12,2147483776,"No guard category, No strength tier, Crumple 0x80000080",False,[2147483776],[2147483780],1,[],262208,"Standard-strike baseline, Special chip route B, one-eighth damage",standard-strike baseline; special chip route,0,0,0,0,,False,1791,1791,0,False,1,0,1791,0,hit,"[""HP -1791""]",8943,7152,7152,46000,14831,15548,15548,717,717,50000,50000,50000,43136,43912,43912,0,0,0,1.0,1.0,1.0,1.0,False,0,0,0,64,64,64,0x0040 Standing Hitstun,hitstun,hitstun,hitstun,hitstun,5,0,0,0,0,1.593063235282898,1.1348143815994263,1.1348143815994263,0.5828977823257446,0.5785291194915771,0.5785291194915771,0.5828977823257446,0.5785291194915771,0.5785291194915771,-0.4582488536834717,-0.0043686628341674805,-0.4582488536834717,-0.0043686628341674805,-0.00285947322845459,0.0009322166442871094,-0.00285947322845459,0.0009322166442871094,0.0,0.00285947322845459,False,False,False,False,False,1,source age 0f; current move definition; action ID matched; distance 1.16
2026-07-28T15:49:07Z,78,53,3,590,590,next_contact,P1-C1,Joe the Condor,2454108608,27,310,Battering Ram A,P2-C1,Viewtiful Joe,2457778656,17,move_definition,high,92.0,0,12,"Mid, Heavy Hit",12,2147483776,"No guard category, No strength tier, Crumple 0x80000080",False,[2147483776],[2147483780],1,[],262208,"Standard-strike baseline, Special chip route B, one-eighth damage",standard-strike baseline; special chip route,0,0,0,0,,False,504,504,0,False,1,0,504,0,hit,"[""HP -504"",""hitstun +16"",""reaction hitstun->knockdown"",""last-hit/action transition""]",7152,6648,6648,46000,15548,15750,15750,202,202,50000,50000,50000,43912,44030,44030,0,0,0,1.0,1.0,1.0,1.0,False,0,0,0,64,75,75,0x004B Crumple,hitstun,knockdown,knockdown,knockdown,21,0,0,0,0,1.1348143815994263,0.9520825743675232,0.9520825743675232,0.5785291194915771,0.5758572816848755,0.5758572816848755,0.5785291194915771,0.5758572816848755,0.5758572816848755,-0.18273180723190308,-0.00267183780670166,-0.18273180723190308,-0.00267183780670166,0.0,0.0,0.0,0.0,0.0,0.00285947322845459,True,False,False,True,True,1,source age 0f; current move definition; distance 1.15
2026-07-28T15:49:07Z,79,54,1,591,591,next_contact,P1-C1,Joe the Condor,2454108608,27,257,5B,P2-C1,Viewtiful Joe,2457778656,17,move_definition,high,104.0,0,10,"Mid, Medium Hit",10,0,,False,[],[134217730],1,[],64,Standard-strike baseline,standard-strike baseline,0,0,0,0,,False,758,758,0,False,1,0,758,0,hit,"[""HP -758"",""reaction knockdown->hitstun"",""last-hit/action transition""]",6648,5890,5890,46000,15750,16054,16054,304,304,50000,50000,50000,44030,44030,44030,0,0,0,1.0,1.0,1.0,1.0,False,0,0,0,75,66,66,0x0042 Low Hitstun,knockdown,hitstun,hitstun,hitstun,10,0,0,0,0,0.9520825743675232,0.6023590564727783,0.6023590564727783,0.5758572816848755,0.44966578483581543,0.44966578483581543,0.5758572816848755,0.44966578483581543,0.44966578483581543,-0.3497235178947449,-0.12619149684906006,-0.3497235178947449,-0.12619149684906006,0.028544604778289795,0.05229157209396362,0.028544604778289795,0.05229157209396362,0.0,0.0,False,False,False,False,False,1,source age 0f; current move definition; action ID matched; distance 0.85
2026-07-28T15:49:07Z,80,55,1,592,592,next_contact,P1-C1,Joe the Condor,2454108608,27,260,2B,P2-C1,Viewtiful Joe,2457778656,17,move_definition,high,104.0,0,10,"Mid, Medium Hit",10,0,,False,[],[134217730],2,"[1,2]",64,Standard-strike baseline,standard-strike baseline,10,64,0,0,,False,0,758,0,False,1,0,0,0,"hit, no HP loss","[""hitstun +7""]",5890,5890,5890,46000,16054,16054,16054,0,0,50000,50000,50000,44030,44209,44209,0,0,0,1.0,1.0,1.0,1.0,False,0,0,0,66,64,64,0x0040 Standing Hitstun,hitstun,hitstun,hitstun,hitstun,17,0,0,0,0,0.6023590564727783,1.1293379068374634,1.1293379068374634,0.44966578483581543,0.21408802270889282,0.21408802270889282,0.44966578483581543,0.21408802270889282,0.21408802270889282,0.5269788503646851,-0.2355777621269226,0.5269788503646851,-0.2355777621269226,0.3677669167518616,-0.08585578203201294,0.3677669167518616,-0.08585578203201294,0.0,0.0,False,False,False,False,False,1,source age 0f; current move definition; action ID matched; distance 0.63
2026-07-28T15:49:07Z,81,55,2,593,593,next_contact,P1-C1,Joe the Condor,2454108608,27,260,2B,P2-C1,Viewtiful Joe,2457778656,17,move_definition,high,92.0,0,10,"Mid, Medium Hit",10,0,,False,[],[134217730],2,"[1,2]",64,Standard-strike baseline,standard-strike baseline,10,64,0,0,,False,332,332,0,False,1,0,332,0,hit,"[""HP -332""]",5890,5558,5558,46000,16054,16187,16187,133,133,50000,50000,50000,44209,44287,44287,0,0,0,1.0,1.0,1.0,1.0,False,0,0,0,64,64,64,0x0040 Standing Hitstun,hitstun,hitstun,hitstun,hitstun,10,0,0,0,0,1.1293379068374634,0.6826260089874268,0.6826260089874268,0.21408802270889282,0.21066570281982422,0.21066570281982422,0.21408802270889282,0.21066570281982422,0.21066570281982422,-0.4467118978500366,-0.0034223198890686035,-0.4467118978500366,-0.0034223198890686035,6.341934204101562e-05,0.0,6.341934204101562e-05,0.0,0.0,0.36770349740982056,False,False,False,False,False,1,source age 0f; current move definition; distance 0.42
2026-07-28T15:49:08Z,82,56,1,594,594,next_contact,P1-C1,Joe the Condor,2454108608,27,258,5C,P2-C1,Viewtiful Joe,2457778656,17,move_definition,high,104.0,0,12,"Mid, Heavy Hit",12,0,,False,[],[134217732],1,[],64,Standard-strike baseline,standard-strike baseline,0,0,0,0,,False,0,332,0,False,1,0,0,0,"hit, no HP loss","[""hitstun +7""]",5558,5558,5558,46000,16187,16187,16187,0,0,50000,50000,50000,44287,44287,44287,0,0,0,1.0,1.0,1.0,1.0,False,0,0,0,64,64,64,0x0040 Standing Hitstun,hitstun,hitstun,hitstun,hitstun,17,0,0,0,0,0.6826260089874268,1.8922202587127686,1.8922202587127686,0.21066570281982422,0.3687257766723633,0.3687257766723633,0.21066570281982422,0.3687257766723633,0.3687257766723633,1.2095942497253418,0.15806007385253906,1.2095942497253418,0.15806007385253906,0.026818275451660156,0.04540818929672241,0.026818275451660156,0.04540818929672241,0.0,0.0,False,False,False,False,False,1,source age 0f; current move definition; action ID matched; distance 0.69
2026-07-28T15:49:08Z,83,56,2,595,595,next_contact,P1-C1,Joe the Condor,2454108608,27,258,5C,P2-C1,Viewtiful Joe,2457778656,17,move_definition,high,104.0,0,12,"Mid, Heavy Hit",12,0,,False,[],[134217732],1,[],64,Standard-strike baseline,standard-strike baseline,0,0,0,0,,False,961,961,0,False,1,0,961,0,hit,"[""HP -961""]",5558,4597,4597,46000,16187,16572,16572,385,385,50000,50000,50000,44287,44545,44545,0,0,0,1.0,1.0,1.0,1.0,False,0,0,0,64,64,64,0x0040 Standing Hitstun,hitstun,hitstun,hitstun,hitstun,7,0,0,0,0,1.8922202587127686,0.6572558879852295,0.6572558879852295,0.3687257766723633,0.48407065868377686,0.48407065868377686,0.3687257766723633,0.48407065868377686,0.48407065868377686,-1.234964370727539,0.11534488201141357,-1.234964370727539,0.11534488201141357,0.05971425771713257,0.0,0.05971425771713257,0.0,0.0,0.04540818929672241,False,False,False,False,False,1,source age 0f; current move definition; action ID matched; distance 0.97
2026-07-28T15:49:08Z,84,57,1,596,596,next_contact,P1-C1,Joe the Condor,2454108608,27,264,3C,P2-C1,Viewtiful Joe,2457778656,17,move_definition,high,104.0,0,12,"Mid, Heavy Hit",12,262144,"No guard category, No strength tier, Launcher 0x00040000",False,[262144],[134479876],1,[],64,Standard-strike baseline,standard-strike baseline,0,0,0,0,,False,0,961,0,False,1,0,0,0,"hit, no HP loss","[""hitstun +14""]",4597,4597,4597,46000,16572,16572,16572,0,0,50000,50000,50000,44545,44545,44545,0,0,0,1.0,1.0,1.0,1.0,False,0,0,0,64,64,64,0x0040 Standing Hitstun,hitstun,hitstun,hitstun,hitstun,21,0,0,0,0,0.6572558879852295,1.3135284185409546,1.3135284185409546,0.48407065868377686,0.6864151358604431,0.6864151358604431,0.48407065868377686,0.6864151358604431,0.6864151358604431,0.6562725305557251,0.20234447717666626,0.6562725305557251,0.20234447717666626,0.557993471622467,0.08184510469436646,0.557993471622467,0.08184510469436646,0.0,0.0,False,False,False,False,False,1,source age 0f; current move definition; action ID matched; distance 1.41
2026-07-28T15:49:08Z,85,57,2,597,597,next_contact,P1-C1,Joe the Condor,2454108608,27,264,3C,P2-C1,Viewtiful Joe,2457778656,17,move_definition,high,104.0,0,12,"Mid, Heavy Hit",12,262144,"No guard category, No strength tier, Launcher 0x00040000",False,[262144],[134479876],1,[],64,Standard-strike baseline,standard-strike baseline,0,0,0,0,,False,993,993,0,False,1,0,993,0,hit,"[""HP -993""]",4597,3604,3604,46000,16572,16970,16970,398,398,50000,50000,50000,44545,44814,44814,0,0,0,1.0,1.0,1.0,1.0,False,0,0,0,64,64,64,0x0040 Standing Hitstun,hitstun,hitstun,hitstun,hitstun,13,0,0,0,0,1.3135284185409546,0.6115643382072449,0.6115643382072449,0.6864151358604431,0.2627995014190674,0.2627995014190674,0.6864151358604431,0.2627995014190674,0.2627995014190674,-0.7019640803337097,-0.42361563444137573,-0.7019640803337097,-0.42361563444137573,0.0,0.0,0.0,0.0,0.0,0.557993471622467,False,False,False,False,False,1,source age 0f; current move definition; action ID matched; distance 0.53
2026-07-28T15:49:08Z,86,57,3,598,599,next_contact,P1-C1,Joe the Condor,2454108608,27,264,3C,P2-C1,Viewtiful Joe,2457778656,17,move_definition,high,92.0,0,12,"Mid, Heavy Hit",12,262144,"No guard category, No strength tier, Launcher 0x00040000",False,[262144],[134479876],1,[],64,Standard-strike baseline,standard-strike baseline,0,0,0,0,,False,0,993,0,False,1,0,0,0,"hit, no HP loss","[""hitstun +8""]",3604,3604,3604,46000,16970,16970,16970,0,0,50000,50000,50000,44814,44814,44814,0,0,0,1.0,1.0,1.0,1.0,False,0,0,0,64,97,97,0x0061 Launched,hitstun,hitstun,hitstun,hitstun,21,0,0,0,0,0.6115643382072449,0.6698815822601318,0.6991071701049805,0.2627995014190674,0.4186590909957886,0.3269014358520508,0.2627995014190674,0.4186590909957886,0.3269014358520508,0.05831724405288696,0.1558595895767212,0.05831724405288696,0.1558595895767212,-0.08805060386657715,-0.005372464656829834,-0.026657044887542725,0.0025026798248291016,0.061393558979034424,0.6460440754890442,False,False,False,False,False,2,source age 0f; current move definition; distance 0.85
2026-07-28T15:49:09Z,87,58,1,600,600,next_contact,P1-C1,Joe the Condor,2454108608,27,266,j.B,P2-C1,Viewtiful Joe,2457778656,17,move_definition,high,92.0,0,18,"High, Medium Hit",18,0,,False,[],[402653186],1,[],64,Standard-strike baseline,standard-strike baseline,0,0,0,0,,False,518,518,0,False,1,0,518,0,hit,"[""HP -518""]",3604,3086,3086,46000,16970,17178,17178,208,208,50000,50000,50000,44814,44953,44953,0,0,0,1.0,1.0,1.0,1.0,False,0,0,0,97,97,97,0x0061 Launched,hitstun,hitstun,hitstun,hitstun,17,0,0,0,0,0.6991071701049805,0.6997315883636475,0.6997315883636475,0.3269014358520508,0.40383434295654297,0.40383434295654297,0.3269014358520508,0.40383434295654297,0.40383434295654297,0.0006244182586669922,0.07693290710449219,0.0006244182586669922,0.07693290710449219,0.08106040954589844,-0.039325714111328125,0.08106040954589844,-0.039325714111328125,0.0,0.0,False,False,False,False,False,1,source age 0f; current move definition; distance 0.85
2026-07-28T15:49:09Z,88,59,1,601,601,next_contact,P1-C1,Joe the Condor,2454108608,27,289,j.B (second hit),P2-C1,Viewtiful Joe,2457778656,17,move_definition,high,92.0,0,18,"High, Medium Hit",18,0,,False,[],[402653186],1,[],64,Standard-strike baseline,standard-strike baseline,0,0,0,0,,False,503,503,0,False,1,0,503,0,hit,"[""HP -503"",""reaction hitstun->knockdown"",""last-hit/action transition""]",3086,2583,2583,46000,17178,17380,17380,202,202,50000,50000,50000,44953,45086,45086,0,0,0,1.0,1.0,1.0,1.0,False,0,0,0,97,91,91,0x005B Soft Knockdown,hitstun,knockdown,knockdown,knockdown,17,0,0,0,0,0.6997315883636475,0.5808635354042053,0.5808635354042053,0.40383434295654297,0.12389516830444336,0.12389516830444336,0.40383434295654297,0.12389516830444336,0.12389516830444336,-0.11886805295944214,-0.2799391746520996,-0.11886805295944214,-0.2799391746520996,0.006400585174560547,-0.12123537063598633,0.006400585174560547,-0.12123537063598633,0.0,0.0,True,False,False,False,False,1,source age 0f; current move definition; distance 0.37
2026-07-28T15:49:09Z,89,60,1,602,602,next_contact,P1-C1,Joe the Condor,2454108608,27,289,j.B (second hit),P2-C1,Viewtiful Joe,2457778656,17,move_definition_latched,high,92.0,0,18,"High, Medium Hit",18,0,,False,[],[402653186],1,[],64,Standard-strike baseline,standard-strike baseline,0,0,0,0,,False,513,513,0,False,1,0,513,0,hit,"[""HP -513""]",2583,2070,2070,46000,17380,17586,17586,206,206,50000,50000,50000,45086,45223,45223,0,0,0,1.0,1.0,1.0,1.0,False,0,0,0,91,91,91,0x005B Soft Knockdown,knockdown,knockdown,knockdown,knockdown,17,0,0,0,0,0.5808635354042053,0.6286207437515259,0.6286207437515259,0.12389516830444336,0.21613025665283203,0.21613025665283203,0.12389516830444336,0.21613025665283203,0.21613025665283203,0.04775720834732056,0.09223508834838867,0.04775720834732056,0.09223508834838867,0.022101402282714844,-0.015567779541015625,0.022101402282714844,-0.015567779541015625,0.0,0.0,True,False,False,False,False,1,source age 0f; current move definition; distance 0.45
2026-07-28T15:49:10Z,90,60,2,603,603,next_contact,P1-C1,Joe the Condor,2454108608,27,289,j.B (second hit),P2-C1,Viewtiful Joe,2457778656,17,move_definition_latched,high,90.25,1,18,"High, Medium Hit",18,0,,False,[],[402653186],1,[],64,Standard-strike baseline,standard-strike baseline,0,0,0,0,,False,0,513,0,False,1,0,0,0,"hit, no HP loss","[""hitstun +4""]",2070,2070,2070,46000,17586,17586,17586,0,0,50000,50000,50000,45223,45223,45223,0,0,0,1.0,1.0,1.0,1.0,False,0,0,0,91,91,91,0x005B Soft Knockdown,knockdown,knockdown,knockdown,knockdown,21,0,0,0,0,0.6286207437515259,0.8457859754562378,0.8457859754562378,0.21613025665283203,0.17750263214111328,0.17750263214111328,0.21613025665283203,0.17750263214111328,0.17750263214111328,0.21716523170471191,-0.03862762451171875,0.21716523170471191,-0.03862762451171875,0.05853629112243652,0.03801107406616211,0.05853629112243652,0.03801107406616211,0.0,0.053578853607177734,True,False,False,False,False,1,source age 1f; current move definition; distance 0.32
2026-07-28T15:49:10Z,91,58,2,604,620,next_contact,P1-C1,Joe the Condor,2454108608,27,266,j.B,P2-C1,Viewtiful Joe,2457778656,17,move_definition,high,104.0,0,18,"High, Medium Hit",18,0,,False,[],[402653186],1,[],64,Standard-strike baseline,standard-strike baseline,0,0,0,0,,False,409,409,0,False,1,0,409,0,hit,"[""HP -409""]",2070,1661,45661,46000,17586,17750,0,164,164,50000,50000,50000,45223,45332,45332,0,0,0,1.0,1.0,1.0,1.0,False,0,0,0,91,91,1,0x005B Soft Knockdown > 0x00A0 Air Recovery > 0x0001 Action 1,knockdown,knockdown,hitstun,knockdown > air_recovery > hitstun,21,0,0,0,0,0.8457859754562378,1.2456125020980835,2.853935718536377,0.17750263214111328,0.5323920249938965,0.9207648038864136,0.17750263214111328,0.5323920249938965,0.9207648038864136,0.3998265266418457,0.3548893928527832,0.3998265266418457,0.3548893928527832,0.0,0.0,0.0,0.0,0.7337214946746826,0.08106040954589844,True,False,True,True,False,17,source age 0f; current move definition; action ID matched; distance 1.06
2026-07-28T15:49:13Z,92,61,1,621,622,next_contact,P1-C1,Joe the Condor,2454108608,27,304,shuriken A,P2-C1,Viewtiful Joe,2457778656,17,live_attack_actor,high,108.0,0,268,"Mid, Heavy Hit, Launch / soft-knockdown route 0x00000100",12,256,"No guard category, No strength tier, Launch / soft-knockdown route 0x00000100",False,[256],[268],0,[],130,"Spawned-attack core flag (correlated), Spawned-actor contact family 0x80 (correlated)",spawned-attack core; spawned-actor contact family,0,0,0,2444327136,,False,1161,1500,0,False,1,0,1161,0,hit,"[""HP -1161"",""hitstun +4""]",45661,44500,44500,46000,0,600,600,600,600,50000,50000,50000,45332,45852,45852,0,0,0,1.0,1.0,1.0,1.0,False,0,0,0,1,1,91,0x0001 Action 1 > 0x005B Soft Knockdown,hitstun,hitstun,knockdown,hitstun > knockdown,21,0,0,0,0,2.853935718536377,2.486577272415161,1.5664730072021484,0.9207648038864136,0.21168994903564453,0.013741374015808105,0.9207648038864136,0.21168994903564453,0.013741374015808105,-0.3673584461212158,-0.709074854850769,-0.3673584461212158,-0.709074854850769,0.0029287338256835938,-0.037465691566467285,0.0,0.0,0.037465691566467285,0.0,True,False,False,False,False,2,source age 0f; live attack actor; distance 0.46
2026-07-28T15:49:13Z,93,61,2,623,623,next_contact,P1-C1,Joe the Condor,2454108608,27,304,shuriken A,P2-C1,Viewtiful Joe,2457778656,17,live_attack_actor,high,108.0,0,268,"Mid, Heavy Hit, Launch / soft-knockdown route 0x00000100",12,256,"No guard category, No strength tier, Launch / soft-knockdown route 0x00000100",False,[256],[268],0,[],130,"Spawned-attack core flag (correlated), Spawned-actor contact family 0x80 (correlated)",spawned-attack core; spawned-actor contact family,0,0,0,2444327136,,False,920,920,0,False,1,0,920,0,hit,"[""HP -920""]",44500,43580,43580,46000,600,968,968,368,368,50000,50000,50000,45852,46170,46170,0,0,0,1.0,1.0,1.0,1.0,False,0,0,0,91,91,91,0x005B Soft Knockdown,knockdown,knockdown,knockdown,knockdown,0,0,0,0,0,1.5664730072021484,0.862747311592102,0.862747311592102,0.013741374015808105,0.5330891609191895,0.5330891609191895,0.013741374015808105,0.5330891609191895,0.5330891609191895,-0.7037256956100464,0.5193477869033813,-0.7037256956100464,0.5193477869033813,0.0,0.0,0.0,0.0,0.0,0.037465691566467285,True,False,False,False,False,1,source age 0f; live attack actor; distance 1.07
2026-07-28T15:49:14Z,94,61,3,624,624,next_contact,P1-C1,Joe the Condor,2454108608,27,304,shuriken A,P2-C1,Viewtiful Joe,2457778656,17,live_attack_actor,high,108.0,0,268,"Mid, Heavy Hit, Launch / soft-knockdown route 0x00000100",12,256,"No guard category, No strength tier, Launch / soft-knockdown route 0x00000100",False,[256],[268],0,[],130,"Spawned-attack core flag (correlated), Spawned-actor contact family 0x80 (correlated)",spawned-attack core; spawned-actor contact family,0,0,0,2444327136,,False,1406,1406,0,False,1,0,1406,0,hit,"[""HP -1406"",""hitstun +8"",""reaction knockdown->hitstun"",""last-hit/action transition""]",43580,42174,42174,46000,968,1531,1531,563,563,50000,50000,50000,46170,46657,46657,0,0,0,1.0,1.0,1.0,1.0,False,0,0,0,91,66,66,0x0042 Low Hitstun,knockdown,hitstun,hitstun,hitstun,8,0,0,0,0,0.862747311592102,0.6283340454101562,0.6283340454101562,0.5330891609191895,0.3573739528656006,0.3573739528656006,0.5330891609191895,0.3573739528656006,0.3573739528656006,-0.2344132661819458,-0.17571520805358887,-0.2344132661819458,-0.17571520805358887,0.0,0.0,0.0,0.0,0.0,0.037465691566467285,False,False,False,True,True,1,source age 0f; live attack actor; distance 0.71
2026-07-28T15:49:14Z,95,61,4,625,625,next_contact,P1-C1,Joe the Condor,2454108608,27,304,shuriken A,P2-C1,Viewtiful Joe,2457778656,17,live_attack_actor,high,106.25,1,268,"Mid, Heavy Hit, Launch / soft-knockdown route 0x00000100",12,256,"No guard category, No strength tier, Launch / soft-knockdown route 0x00000100",False,[256],[268],0,[],130,"Spawned-attack core flag (correlated), Spawned-actor contact family 0x80 (correlated)",spawned-attack core; spawned-actor contact family,0,0,0,2444327136,,False,0,1406,0,False,1,0,0,0,"hit, no HP loss","[""hitstun +9""]",42174,42174,42174,46000,1531,1531,1531,0,0,50000,50000,50000,46657,46657,46657,0,0,0,1.0,1.0,1.0,1.0,False,0,0,0,66,64,64,0x0040 Standing Hitstun,hitstun,hitstun,hitstun,hitstun,17,0,0,0,0,0.6283340454101562,1.1824824810028076,1.1824824810028076,0.3573739528656006,0.21703237295150757,0.21703237295150757,0.3573739528656006,0.21703237295150757,0.21703237295150757,0.5541484355926514,-0.14034157991409302,0.5541484355926514,-0.14034157991409302,0.12444031238555908,0.0,0.12444031238555908,0.0,0.0,0.12444031238555908,False,False,False,True,True,1,source age 1f; live attack actor; distance 0.45
2026-07-28T15:49:14Z,96,61,5,626,627,next_contact,P1-C1,Joe the Condor,2454108608,27,304,shuriken A,P2-C1,Viewtiful Joe,2457778656,17,live_attack_actor,high,104.5,2,268,"Mid, Heavy Hit, Launch / soft-knockdown route 0x00000100",12,256,"No guard category, No strength tier, Launch / soft-knockdown route 0x00000100",False,[256],[268],0,[],130,"Spawned-attack core flag (correlated), Spawned-actor contact family 0x80 (correlated)",spawned-attack core; spawned-actor contact family,0,0,0,2444327136,,False,630,630,0,False,1,0,630,0,hit,"[""HP -630""]",42174,41544,41544,46000,1531,1783,1783,252,252,50000,50000,50000,46657,46875,46875,0,0,0,1.0,1.0,1.0,1.0,False,0,0,0,64,64,64,0x0040 Standing Hitstun,hitstun,hitstun,hitstun,hitstun,17,0,0,0,0,1.1824824810028076,0.6826363801956177,1.1225782632827759,0.21703237295150757,0.21066570281982422,0.5204360485076904,0.21703237295150757,0.21066570281982422,0.5204360485076904,-0.49984610080718994,-0.00636667013168335,-0.49984610080718994,-0.00636667013168335,0.0,0.0,-0.4561312198638916,0.0160294771194458,0.4561312198638916,0.12444031238555908,False,False,False,True,True,2,source age 2f; live attack actor; distance 0.42
2026-07-28T15:49:15Z,97,61,6,628,628,next_contact,P1-C1,Joe the Condor,2454108608,27,304,shuriken A,P2-C1,Viewtiful Joe,2457778656,17,live_attack_actor,high,101.0,4,268,"Mid, Heavy Hit, Launch / soft-knockdown route 0x00000100",12,256,"No guard category, No strength tier, Launch / soft-knockdown route 0x00000100",False,[256],[268],0,[],130,"Spawned-attack core flag (correlated), Spawned-actor contact family 0x80 (correlated)",spawned-attack core; spawned-actor contact family,0,0,0,2444327136,,False,2125,2125,0,False,1,0,2125,0,hit,"[""HP -2125"",""hitstun +8""]",41544,39419,39419,46000,1783,2633,2633,850,850,50000,50000,50000,46875,47612,47612,0,0,0,1.0,1.0,1.0,1.0,False,0,0,0,64,64,64,0x0040 Standing Hitstun,hitstun,hitstun,hitstun,hitstun,21,0,0,0,0,1.1225782632827759,0.6592366099357605,0.6592366099357605,0.5204360485076904,0.48407065868377686,0.48407065868377686,0.5204360485076904,0.48407065868377686,0.48407065868377686,-0.4633416533470154,-0.036365389823913574,-0.4633416533470154,-0.036365389823913574,0.0,0.0,0.0,0.0,0.0,0.12444031238555908,False,False,False,True,True,1,source age 4f; live attack actor; distance 0.97
2026-07-28T15:49:15Z,98,62,1,629,631,next_contact,P1-C1,Joe the Condor,2454108608,27,264,3C,P2-C1,Viewtiful Joe,2457778656,17,move_definition,high,104.0,0,12,"Mid, Heavy Hit",12,262144,"No guard category, No strength tier, Launcher 0x00040000",False,[262144],[134479876],1,[],64,Standard-strike baseline,standard-strike baseline,0,0,0,0,,False,2255,2255,0,False,1,0,2255,0,hit,"[""HP -2255""]",39419,37164,37164,46000,2633,3535,3535,902,902,50000,50000,50000,47612,47612,48394,0,0,0,1.0,1.0,1.0,1.0,False,0,0,0,64,64,97,0x0040 Standing Hitstun > 0x0061 Launched,hitstun,hitstun,hitstun,hitstun,21,0,0,0,0,0.6592366099357605,0.9348563551902771,0.6458996534347534,0.48407065868377686,0.29559963941574097,0.1950697898864746,0.48407065868377686,0.29559963941574097,0.1950697898864746,0.2756197452545166,-0.1884710192680359,0.2756197452545166,-0.1884710192680359,-0.3053444027900696,0.04769974946975708,0.0,0.0,0.3053444027900696,0.0,False,False,False,True,False,3,source age 0f; current move definition; action ID matched; distance 0.62
2026-07-28T15:49:15Z,99,63,1,632,632,next_contact,P1-C1,Joe the Condor,2454108608,27,266,j.B,P2-C1,Viewtiful Joe,2457778656,17,move_definition,high,104.0,0,18,"High, Medium Hit",18,0,,False,[],[402653186],1,[],64,Standard-strike baseline,standard-strike baseline,0,0,0,0,,False,1292,1292,0,False,1,0,1292,0,hit,"[""HP -1292""]",37164,35872,35872,46000,3535,4052,4052,517,517,50000,50000,50000,48394,48841,48841,0,0,0,1.0,1.0,1.0,1.0,False,0,0,0,97,97,97,0x0061 Launched,hitstun,hitstun,hitstun,hitstun,21,0,0,0,0,0.6458996534347534,0.6627845168113708,0.6627845168113708,0.1950697898864746,0.2887449264526367,0.2887449264526367,0.1950697898864746,0.2887449264526367,0.2887449264526367,0.01688486337661743,0.09367513656616211,0.01688486337661743,0.09367513656616211,0.0,0.0,0.0,0.0,0.0,0.0,False,False,False,False,False,1,source age 0f; current move definition; action ID matched; distance 0.58
2026-07-28T15:49:16Z,100,64,1,633,634,next_contact,P1-C1,Joe the Condor,2454108608,27,304,shuriken A,P2-C1,Viewtiful Joe,2457778656,17,live_attack_actor,high,92.25,9,268,"Mid, Heavy Hit, Launch / soft-knockdown route 0x00000100",12,256,"No guard category, No strength tier, Launch / soft-knockdown route 0x00000100",False,[256],[268],0,[],130,"Spawned-attack core flag (correlated), Spawned-actor contact family 0x80 (correlated)",spawned-attack core; spawned-actor contact family,0,0,0,2444327136,,False,1258,1258,0,False,1,0,1258,0,hit,"[""HP -1258"",""reaction hitstun->knockdown"",""last-hit/action transition""]",35872,34614,34614,46000,4052,4556,4556,504,504,50000,50000,50000,48841,48841,49276,0,0,0,1.0,1.0,1.0,1.0,False,0,0,0,97,91,91,0x005B Soft Knockdown,hitstun,knockdown,knockdown,knockdown,17,0,0,0,0,0.6627845168113708,0.8721674680709839,0.7783154845237732,0.2887449264526367,0.574183464050293,0.3801541328430176,0.2887449264526367,0.574183464050293,0.3801541328430176,0.20938295125961304,0.28543853759765625,0.20938295125961304,0.28543853759765625,-0.016316533088684082,0.21699047088623047,0.0264737606048584,0.09910774230957031,0.11788272857666016,0.0,True,False,False,False,False,2,source age 9f; live attack actor; distance 0.93
2026-07-28T15:49:16Z,101,65,1,635,635,next_contact,P1-C1,Joe the Condor,2454108608,27,289,j.B (second hit),P2-C1,Viewtiful Joe,2457778656,17,move_definition_latched,high,92.0,0,18,"High, Medium Hit",18,0,,False,[],[402653186],1,[],64,Standard-strike baseline,standard-strike baseline,0,0,0,0,,False,1341,1341,0,False,1,0,1341,0,hit,"[""HP -1341""]",34614,33273,33273,46000,4556,5093,5093,537,537,50000,50000,50000,49276,49741,49741,0,0,0,1.0,1.0,1.0,1.0,False,0,0,0,91,91,91,0x005B Soft Knockdown,knockdown,knockdown,knockdown,knockdown,17,0,0,0,0,0.7783154845237732,0.7231934666633606,0.7231934666633606,0.3801541328430176,0.5691213607788086,0.5691213607788086,0.3801541328430176,0.5691213607788086,0.5691213607788086,-0.0551220178604126,0.18896722793579102,-0.0551220178604126,0.18896722793579102,0.02050727605819702,-0.06544160842895508,0.02050727605819702,-0.06544160842895508,0.0,0.0,True,False,False,False,False,1,source age 0f; current move definition; distance 1.20
2026-07-28T15:49:16Z,102,65,2,636,637,next_contact,P1-C1,Joe the Condor,2454108608,27,289,j.B (second hit),P2-C1,Viewtiful Joe,2457778656,17,move_definition_latched,high,90.25,1,18,"High, Medium Hit",18,0,,False,[],[402653186],1,[],64,Standard-strike baseline,standard-strike baseline,0,0,0,0,,False,0,1341,0,False,1,0,0,0,"hit, no HP loss","[""hitstun +4""]",33273,33273,33273,46000,5093,5093,5093,0,0,50000,50000,50000,49741,49741,49741,0,0,0,1.0,1.0,1.0,1.0,False,0,0,0,91,91,91,0x005B Soft Knockdown,knockdown,knockdown,knockdown,knockdown,21,0,0,0,0,0.7231934666633606,0.9372143745422363,0.4191809594631195,0.5691213607788086,0.3634834289550781,0.16475200653076172,0.5691213607788086,0.3634834289550781,0.16475200653076172,0.21402090787887573,-0.20563793182373047,0.21402090787887573,-0.20563793182373047,0.09643685817718506,0.10578250885009766,-0.19107720255851746,-0.10245418548583984,0.2875140607357025,0.17122411727905273,True,False,False,False,False,2,source age 1f; current move definition; distance 0.63
2026-07-28T15:49:17Z,103,66,1,638,642,next_contact,P1-C1,Joe the Condor,2454108608,27,266,j.B,P2-C1,Viewtiful Joe,2457778656,17,move_definition,high,104.0,0,18,"High, Medium Hit",18,0,,False,[],[402653186],1,[],64,Standard-strike baseline,standard-strike baseline,0,0,0,0,,False,1112,1112,0,False,1,0,1112,0,hit,"[""HP -1112""]",33273,32161,32161,46000,5093,5538,5538,445,445,50000,50000,50000,49741,50000,50000,0,0,0,1.0,1.0,1.0,1.0,False,0,0,0,91,91,160,0x005B Soft Knockdown > 0x00A0 Air Recovery,knockdown,knockdown,air_recovery,knockdown > air_recovery,17,0,0,0,0,0.4191809594631195,0.4982700049877167,0.455323725938797,0.16475200653076172,0.27777528762817383,0.5503419637680054,0.16475200653076172,0.27777528762817383,0.5503419637680054,0.07908904552459717,0.11302328109741211,0.07908904552459717,0.11302328109741211,0.0,0.0,0.0,0.0,0.435077428817749,0.0,True,False,True,True,False,5,source age 0f; current move definition; action ID matched; distance 0.56
2026-07-28T15:49:18Z,104,67,1,643,644,next_contact,P1-C1,Joe the Condor,2454108608,27,257,5B,P2-C1,Viewtiful Joe,2457778656,17,move_definition,high,104.0,0,10,"Mid, Medium Hit",10,0,,False,[],[134217730],1,[],64,Standard-strike baseline,standard-strike baseline,0,0,0,0,,False,1480,1480,0,False,1,0,1480,0,hit,"[""HP -1480"",""reaction air_recovery->hitstun"",""last-hit/action transition""]",32161,30681,30681,46000,5538,6130,6130,592,592,50000,50000,50000,50000,50000,50000,0,0,0,1.0,1.0,1.0,1.0,False,0,0,0,160,30,64,0x001E Action 30 > 0x0040 Standing Hitstun,air_recovery,hitstun,hitstun,hitstun,17,0,0,0,0,0.455323725938797,0.6561284065246582,1.3795472383499146,0.5503419637680054,0.3690626621246338,0.23730319738388062,0.5503419637680054,0.3690626621246338,0.23730319738388062,0.2008046805858612,-0.18127930164337158,0.2008046805858612,-0.18127930164337158,0.0,0.0,0.1265619993209839,0.008253157138824463,0.1265619993209839,0.0,False,False,False,False,False,2,source age 0f; current move definition; action ID matched; distance 0.74
2026-07-28T15:49:18Z,105,68,1,645,645,next_contact,P1-C1,Joe the Condor,2454108608,27,260,2B,P2-C1,Viewtiful Joe,2457778656,17,move_definition,high,92.0,0,10,"Mid, Medium Hit",10,0,,False,[],[134217730],2,"[1,2]",64,Standard-strike baseline,standard-strike baseline,10,64,0,0,,False,665,665,0,False,1,0,665,0,hit,"[""HP -665""]",30681,30016,30016,46000,6130,6396,6396,266,266,50000,50000,50000,50000,50000,50000,0,0,0,1.0,1.0,1.0,1.0,False,0,0,0,64,64,64,0x0040 Standing Hitstun,hitstun,hitstun,hitstun,hitstun,17,0,0,0,0,1.3795472383499146,1.722241759300232,1.722241759300232,0.23730319738388062,0.398795485496521,0.398795485496521,0.23730319738388062,0.398795485496521,0.398795485496521,0.3426945209503174,0.16149228811264038,0.3426945209503174,0.16149228811264038,1.0407264232635498,0.17644107341766357,1.0407264232635498,0.17644107341766357,0.0,0.0,False,False,False,False,False,1,source age 0f; current move definition; distance 1.21
2026-07-28T15:49:18Z,106,69,1,646,646,next_contact,P1-C1,Joe the Condor,2454108608,27,258,5C,P2-C1,Viewtiful Joe,2457778656,17,move_definition,high,104.0,0,12,"Mid, Heavy Hit",12,0,,False,[],[134217732],1,[],64,Standard-strike baseline,standard-strike baseline,0,0,0,0,,False,2250,2250,0,False,1,0,2250,0,hit,"[""HP -2250""]",30016,27766,27766,46000,6396,7296,7296,900,900,50000,50000,50000,50000,50000,50000,0,0,0,1.0,1.0,1.0,1.0,False,0,0,0,64,64,64,0x0040 Standing Hitstun,hitstun,hitstun,hitstun,hitstun,10,0,0,0,0,1.722241759300232,0.6579018831253052,0.6579018831253052,0.398795485496521,0.48407065868377686,0.48407065868377686,0.398795485496521,0.48407065868377686,0.48407065868377686,-1.0643398761749268,0.08527517318725586,-1.0643398761749268,0.08527517318725586,0.0,0.0,0.0,0.0,0.0,0.0,False,False,False,False,False,1,source age 0f; current move definition; action ID matched; distance 0.97
2026-07-28T15:49:18Z,107,69,2,647,649,next_contact,P1-C1,Joe the Condor,2454108608,27,258,5C,P2-C1,Viewtiful Joe,2457778656,17,move_definition,high,92.0,0,12,"Mid, Heavy Hit",12,0,,False,[],[134217732],1,[],64,Standard-strike baseline,standard-strike baseline,0,0,0,0,,False,0,2250,0,False,1,0,0,0,"hit, no HP loss","[""hitstun +11""]",27766,27766,27766,46000,7296,7296,7296,0,0,50000,50000,50000,50000,50000,50000,0,0,0,1.0,1.0,1.0,1.0,False,0,0,0,64,64,64,0x0040 Standing Hitstun,hitstun,hitstun,hitstun,hitstun,21,0,0,0,0,0.6579018831253052,0.6592366099357605,2.6744725704193115,0.48407065868377686,0.48407065868377686,0.701431930065155,0.48407065868377686,0.48407065868377686,0.701431930065155,0.0013347268104553223,0.0,0.0013347268104553223,0.0,0.0,0.0,0.06316184997558594,-0.02883380651473999,0.23069679737091064,0.0,False,False,False,True,False,3,source age 0f; current move definition; distance 0.97
2026-07-28T15:49:19Z,108,70,1,650,651,next_contact,P1-C1,Joe the Condor,2454108608,27,258,5C,P2-C1,Viewtiful Joe,2457778656,17,move_definition_latched,high,90.25,1,12,"Mid, Heavy Hit",12,0,,False,[],[134217732],1,[],64,Standard-strike baseline,standard-strike baseline,0,0,0,0,,False,2000,2000,0,False,1,0,2000,0,hit,"[""HP -2000"",""hitstun +16"",""last-hit/action transition""]",27766,25766,25766,46000,7296,8096,8096,800,800,50000,50000,50000,50000,50000,50000,0,0,0,1.0,1.0,1.0,1.0,False,0,0,0,64,1,64,0x0001 Action 1 > 0x0040 Standing Hitstun,hitstun,hitstun,hitstun,hitstun,21,0,0,0,0,2.6744725704193115,3.103119134902954,2.509075880050659,0.701431930065155,0.37145692110061646,0.4857965111732483,0.701431930065155,0.37145692110061646,0.4857965111732483,0.4286465644836426,-0.3299750089645386,0.4286465644836426,-0.3299750089645386,0.0,0.0,-0.12720441818237305,0.017506659030914307,0.12720441818237305,0.0,False,False,False,False,False,2,source age 1f; current move definition; distance 0.74
2026-07-28T15:49:20Z,109,71,1,652,652,next_contact,P1-C1,Joe the Condor,2454108608,27,257,5B,P2-C1,Viewtiful Joe,2457778656,17,move_definition,high,92.0,0,10,"Mid, Medium Hit",10,0,,False,[],[134217730],1,[],64,Standard-strike baseline,standard-strike baseline,0,0,0,0,,False,1480,1480,0,False,1,0,1480,0,hit,"[""HP -1480"",""hitstun +8""]",25766,24286,24286,46000,8096,8688,8688,592,592,50000,50000,50000,50000,50000,50000,0,0,0,1.0,1.0,1.0,1.0,False,0,0,0,64,64,64,0x0040 Standing Hitstun,hitstun,hitstun,hitstun,hitstun,17,0,0,0,0,2.509075880050659,0.6561159491539001,0.6561159491539001,0.4857965111732483,0.3690626621246338,0.3690626621246338,0.4857965111732483,0.3690626621246338,0.3690626621246338,-1.852959930896759,-0.1167338490486145,-1.852959930896759,-0.1167338490486145,-1.245737075805664e-05,0.0,-1.245737075805664e-05,0.0,0.0,0.0,False,False,False,False,False,1,source age 0f; current move definition; distance 0.74
2026-07-28T15:49:20Z,110,72,1,653,653,next_contact,P1-C1,Joe the Condor,2454108608,27,260,2B,P2-C1,Viewtiful Joe,2457778656,17,move_definition,high,104.0,0,10,"Mid, Medium Hit",10,0,,False,[],[134217730],2,"[1,2]",64,Standard-strike baseline,standard-strike baseline,10,64,0,0,,False,665,665,0,False,1,0,665,0,hit,"[""HP -665""]",24286,23621,23621,46000,8688,8954,8954,266,266,50000,50000,50000,50000,50000,50000,0,0,0,1.0,1.0,1.0,1.0,False,0,0,0,64,64,64,0x0040 Standing Hitstun,hitstun,hitstun,hitstun,hitstun,15,0,0,0,0,0.6561159491539001,0.6807418465614319,0.6807418465614319,0.3690626621246338,0.22235441207885742,0.22235441207885742,0.3690626621246338,0.22235441207885742,0.22235441207885742,0.02462589740753174,-0.14670825004577637,0.02462589740753174,-0.14670825004577637,0.0037283897399902344,0.0,0.0037283897399902344,0.0,0.0,0.0,False,False,False,False,False,1,source age 0f; current move definition; action ID matched; distance 0.44
2026-07-28T15:49:20Z,111,73,1,654,654,next_contact,P1-C1,Joe the Condor,2454108608,27,258,5C,P2-C1,Viewtiful Joe,2457778656,17,move_definition,high,104.0,0,12,"Mid, Heavy Hit",12,0,,False,[],[134217732],1,[],64,Standard-strike baseline,standard-strike baseline,0,0,0,0,,False,0,665,0,False,1,0,0,0,"hit, no HP loss","[""hitstun +2""]",23621,23621,23621,46000,8954,8954,8954,0,0,50000,50000,50000,50000,50000,50000,0,0,0,1.0,1.0,1.0,1.0,False,0,0,0,64,64,64,0x0040 Standing Hitstun,hitstun,hitstun,hitstun,hitstun,17,0,0,0,0,0.6807418465614319,1.829811692237854,1.829811692237854,0.22235441207885742,0.3645673990249634,0.3645673990249634,0.22235441207885742,0.3645673990249634,0.3645673990249634,1.1490698456764221,0.14221298694610596,1.1490698456764221,0.14221298694610596,0.33047056198120117,-0.10404151678085327,0.33047056198120117,-0.10404151678085327,0.0,0.0,False,False,False,False,False,1,source age 0f; current move definition; action ID matched; distance 0.90
2026-07-28T15:49:20Z,112,73,2,655,655,next_contact,P1-C1,Joe the Condor,2454108608,27,258,5C,P2-C1,Viewtiful Joe,2457778656,17,move_definition,high,104.0,0,12,"Mid, Heavy Hit",12,0,,False,[],[134217732],1,[],64,Standard-strike baseline,standard-strike baseline,0,0,0,0,,False,2250,2250,0,False,1,0,2250,0,hit,"[""HP -2250""]",23621,21371,21371,46000,8954,9854,9854,900,900,50000,50000,50000,50000,50000,50000,0,0,0,1.0,1.0,1.0,1.0,False,0,0,0,64,64,64,0x0040 Standing Hitstun,hitstun,hitstun,hitstun,hitstun,10,0,0,0,0,1.829811692237854,0.8106153011322021,0.8106153011322021,0.3645673990249634,0.4604930877685547,0.4604930877685547,0.3645673990249634,0.4604930877685547,0.4604930877685547,-1.0191963911056519,0.09592568874359131,-1.0191963911056519,0.09592568874359131,-0.06139206886291504,-0.0006605386734008789,-0.06139206886291504,-0.0006605386734008789,0.0,0.3918626308441162,False,False,False,False,False,1,source age 0f; current move definition; action ID matched; distance 0.92
2026-07-28T15:49:20Z,113,73,3,656,657,next_contact,P1-C1,Joe the Condor,2454108608,27,258,5C,P2-C1,Viewtiful Joe,2457778656,17,move_definition,high,92.0,0,12,"Mid, Heavy Hit",12,0,,False,[],[134217732],1,[],64,Standard-strike baseline,standard-strike baseline,0,0,0,0,,False,0,2250,0,False,1,0,0,0,"hit, no HP loss","[""hitstun +11""]",21371,21371,21371,46000,9854,9854,9854,0,0,50000,50000,50000,50000,50000,50000,0,0,0,1.0,1.0,1.0,1.0,False,0,0,0,64,64,64,0x0040 Standing Hitstun,hitstun,hitstun,hitstun,hitstun,21,0,0,0,0,0.8106153011322021,0.6592366099357605,1.3940201997756958,0.4604930877685547,0.48407065868377686,0.3585345149040222,0.4604930877685547,0.48407065868377686,0.3585345149040222,-0.15137869119644165,0.023577570915222168,-0.15137869119644165,0.023577570915222168,0.0,0.0,-0.31574785709381104,-0.2511245608329773,0.31574785709381104,0.3918626308441162,False,False,False,False,False,2,source age 0f; current move definition; distance 0.97
2026-07-28T15:49:21Z,114,74,1,658,659,next_contact,P1-C1,Joe the Condor,2454108608,27,264,3C,P2-C1,Viewtiful Joe,2457778656,17,move_definition,high,104.0,0,12,"Mid, Heavy Hit",12,262144,"No guard category, No strength tier, Launcher 0x00040000",False,[262144],[134479876],1,[],64,Standard-strike baseline,standard-strike baseline,0,0,0,0,,False,2397,2397,0,False,1,0,2397,0,hit,"[""HP -2397""]",21371,18974,18974,46000,9854,10813,10813,959,959,50000,50000,50000,50000,50000,50000,0,0,0,1.0,1.0,1.0,1.0,False,0,0,0,64,64,97,0x0040 Standing Hitstun > 0x0061 Launched,hitstun,hitstun,hitstun,hitstun,21,0,0,0,0,1.3940201997756958,0.6115643382072449,0.6063371300697327,0.3585345149040222,0.2627995014190674,0.48848724365234375,0.3585345149040222,0.2627995014190674,0.48848724365234375,-0.7824558615684509,-0.09573501348495483,-0.7824558615684509,-0.09573501348495483,0.0,0.0,-0.06829804182052612,-0.10768389701843262,0.10768389701843262,0.0,False,False,False,False,False,2,source age 0f; current move definition; action ID matched; distance 0.53
2026-07-28T15:49:21Z,115,75,1,660,678,observation_window,P1-C1,Joe the Condor,2454108608,27,266,j.B,P2-C1,Viewtiful Joe,2457778656,17,move_definition,high,104.0,0,18,"High, Medium Hit",18,0,,False,[],[402653186],1,[],64,Standard-strike baseline,standard-strike baseline,0,0,0,0,,False,1298,1298,0,False,1,0,1298,0,hit,"[""HP -1298""]",18974,17676,46000,46000,10813,11333,0,520,520,50000,50000,50000,50000,50000,50000,0,0,0,1.0,1.0,1.0,1.0,False,0,0,0,97,97,1,0x0061 Launched > 0x005B Soft Knockdown > 0x00A0 Air Recovery > 0x0001 Action 1,hitstun,hitstun,hitstun,hitstun > knockdown > air_recovery > hitstun,17,0,0,0,0,0.6063371300697327,0.7466634511947632,1.969972848892212,0.48848724365234375,0.04738569259643555,0.9460486769676208,0.48848724365234375,0.04738569259643555,0.9460486769676208,0.14032632112503052,-0.4411015510559082,0.14032632112503052,-0.4411015510559082,0.0,0.0,0.0,0.0,0.4796171188354492,0.0,True,False,True,True,False,19,source age 0f; current move definition; action ID matched; distance 0.09
2026-07-28T15:49:27Z,116,76,1,704,704,next_contact,P1-C1,Joe the Condor,2454108608,27,354,Bird Missle Bullets,P2-C1,Viewtiful Joe,2457778656,17,live_attack_actor,high,120.0,0,12,"Mid, Heavy Hit",12,0,,False,[],[12],0,[],283,"Native result modifier +0004, Initial actor phase, Spawned-attack core flag (correlated), Alternate normal/contact route 0x00000008 (unresolved), Target-acquired / contact-lock state (correlated)",native result +0004; spawned-attack core; alternate contact route; target-acquired/contact-lock; initial actor phase,0,0,0,2444323776,,False,2000,1000,1000,True,2,0,2000,0,hit,"[""HP -2000"",""hitstun +4""]",46000,44000,44000,46000,0,800,800,800,800,50000,50000,50000,50000,50000,50000,0,0,0,1.0,1.0,1.0,1.0,False,0,0,0,1,1,1,0x0001 Action 1,hitstun,hitstun,hitstun,hitstun,21,0,0,0,0,1.973539113998413,2.1007444858551025,2.1007444858551025,0.9511415958404541,0.7595953941345215,0.7595953941345215,0.9511415958404541,0.7595953941345215,0.7595953941345215,0.12720537185668945,-0.19154620170593262,0.12720537185668945,-0.19154620170593262,0.0,0.0,0.0,0.0,0.0,0.0,False,False,False,False,False,1,source age 0f; live attack actor; action ID matched; distance 1.52
2026-07-28T15:49:27Z,117,76,2,705,709,reaction_complete,P1-C1,Joe the Condor,2454108608,27,354,Bird Missle Bullets,P2-C1,Viewtiful Joe,2457778656,17,live_attack_actor,high,120.0,0,12,"Mid, Heavy Hit",12,0,,False,[],[12],0,[],283,"Native result modifier +0004, Initial actor phase, Spawned-attack core flag (correlated), Alternate normal/contact route 0x00000008 (unresolved), Target-acquired / contact-lock state (correlated)",native result +0004; spawned-attack core; alternate contact route; target-acquired/contact-lock; initial actor phase,0,0,0,2444323776,,False,950,950,0,False,1,0,950,0,hit,"[""HP -950"",""last-hit/action transition""]",44000,43050,43050,46000,800,1180,1180,380,380,50000,50000,50000,50000,50000,50000,0,0,0,1.0,1.0,1.0,1.0,False,0,0,0,1,64,1,0x0040 Standing Hitstun > 0x0001 Action 1,hitstun,hitstun,neutral,hitstun > neutral,21,0,0,0,0,2.1007444858551025,2.170128345489502,1.9630247354507446,0.7595953941345215,0.7870848774909973,0.9376940727233887,0.7595953941345215,0.7870848774909973,0.9376940727233887,0.06938385963439941,0.02748948335647583,0.06938385963439941,0.02748948335647583,0.0,0.0,0.0,0.0,0.06916117668151855,0.0,False,False,False,True,False,5,source age 0f; live attack actor; action ID matched; distance 1.57
2026-07-28T15:49:34Z,118,77,1,760,778,observation_window,P2-C1,Viewtiful Joe,2457778656,17,89,Spiral Knockdown,P1-C1,Joe the Condor,2454108608,27,unresolved_attacker,low,11.56,0,0,"No guard category, No strength tier",0,0,,False,[],[],0,[],0,No property B bits,none,0,0,0,0,,False,0,14500,0,False,1,0,0,0,"hit, no HP loss","[""hitstun +21"",""reaction neutral->hitstun""]",39600,39600,39600,44000,4400,4400,4400,0,0,50000,50000,50000,50000,50000,50000,0,0,0,1.0,1.0,1.0,1.0,False,0,0,0,1,1,1,0x0001 Action 1 > 0x0059 Spiral Knockdown > 0x0066 Knockdown Face Up > 0x0071 Get Up Face Up > 0x0001 Action 1,neutral,hitstun,hitstun,hitstun > knockdown > wakeup > hitstun,21,0,0,0,0,1.747223973274231,1.981995940208435,1.7386770248413086,0.8820453882217407,0.21767926216125488,0.9091629981994629,0.8820453882217407,0.21767926216125488,0.9091629981994629,0.2347719669342041,-0.6643661260604858,0.2347719669342041,-0.6643661260604858,0.0,0.0,0.0,0.0,0.06328129768371582,0.0,True,False,False,True,False,19,closest opposing fighter at 0.44
2026-07-28T15:49:34Z,119,78,1,760,778,observation_window,P1-C1,Joe the Condor,2454108608,27,1,Spawned Actor 0001,P2-C1,Viewtiful Joe,2457778656,17,live_attack_actor,high,104.0,0,17164,"Mid, Heavy Hit, A flags 0x00004300",12,17152,"No guard category, No strength tier, A flags 0x00004300",False,[17152],[17164],0,[],1048851,"Native result modifier +0004, Initial actor phase, Spawned-attack core flag (correlated), Target-acquired / contact-lock state (correlated), Persistent/paired actor route 0x00100000 (correlated)",native result +0004; spawned-attack core; target-acquired/contact-lock; initial actor phase; persistent/paired actor route,0,0,0,2444324196,,False,15000,15000,0,False,1,0,15000,0,hit,"[""HP -15000"",""hitstun +21"",""reaction neutral->hitstun""]",46000,31000,31000,46000,0,6000,6000,6000,6000,50000,50000,50000,50000,50000,50000,0,0,0,1.0,1.0,1.0,1.0,False,0,0,0,1,1,1,0x0001 Action 1 > 0x0059 Spiral Knockdown > 0x0066 Knockdown Face Up > 0x0071 Get Up Face Up > 0x0001 Action 1,neutral,hitstun,hitstun,hitstun > knockdown > wakeup > hitstun,21,0,0,0,0,1.747223973274231,1.981995940208435,1.7386770248413086,0.8820453882217407,0.21767926216125488,0.9091629981994629,0.8820453882217407,0.21767926216125488,0.9091629981994629,0.2347719669342041,-0.6643661260604858,0.2347719669342041,-0.6643661260604858,0.0,0.0,0.0,0.0,0.06328129768371582,0.0,True,False,False,True,False,19,source age 0f; live attack actor; distance 0.44
2026-07-28T16:13:08Z,120,79,1,16593,16599,next_contact,P1-C1,Joe the Condor,2454108608,27,257,5B,P2-C1,Viewtiful Joe,2457778656,17,move_definition,high,100.0,0,10,"Mid, Medium Hit",10,0,,False,[],[134217730],1,[],64,Standard-strike baseline,standard-strike baseline,0,0,0,0,,False,1480,1480,0,False,1,0,1480,0,hit,"[""HP -1480""]",46000,44520,44520,46000,0,592,592,592,592,50000,50000,50000,50000,50000,50000,0,0,0,1.0,1.0,1.0,1.0,False,0,0,0,1,1,1,0x0001 Action 1 > 0x0040 Standing Hitstun > 0x0001 Action 1,hitstun,hitstun,neutral,hitstun > neutral,21,0,0,0,0,1.4126943349838257,0.9644525051116943,3.0477800369262695,0.5452662706375122,0.3573739528656006,0.7480868101119995,0.5452662706375122,0.3573739528656006,0.7480868101119995,-0.44824182987213135,-0.18789231777191162,-0.44824182987213135,-0.18789231777191162,0.0,0.0,0.39942169189453125,0.07620841264724731,0.4299170970916748,0.0,False,False,False,False,False,7,source age 0f; current move definition; action ID matched; distance 0.71
2026-07-28T16:13:09Z,121,80,1,16600,16600,next_contact,P1-C1,Joe the Condor,2454108608,27,261,2C,P2-C1,Viewtiful Joe,2457778656,17,live_attack_actor,high,116.0,0,12,"Mid, Heavy Hit",12,0,,False,[],[12],0,[],130,"Spawned-attack core flag (correlated), Spawned-actor contact family 0x80 (correlated)",spawned-attack core; spawned-actor contact family,0,0,0,2444324196,,False,2000,2000,0,False,1,0,2000,0,hit,"[""HP -2000""]",44520,42520,42520,46000,592,1392,1392,800,800,50000,50000,50000,50000,50000,50000,0,0,0,1.0,1.0,1.0,1.0,False,0,0,0,1,1,1,0x0001 Action 1,neutral,neutral,neutral,neutral,0,0,0,0,0,3.0477800369262695,3.7313241958618164,3.7313241958618164,0.7480868101119995,0.04619622230529785,0.04619622230529785,0.7480868101119995,0.04619622230529785,0.04619622230529785,0.6835441589355469,-0.7018905878067017,0.6835441589355469,-0.7018905878067017,0.053817033767700195,-0.21726930141448975,0.053817033767700195,-0.21726930141448975,0.0,0.0,False,False,False,False,False,1,source age 0f; live attack actor; action ID matched; distance 0.31
2026-07-28T16:13:10Z,122,80,2,16601,16601,next_contact,P1-C1,Joe the Condor,2454108608,27,261,2C,P2-C1,Viewtiful Joe,2457778656,17,live_attack_actor,high,104.0,0,12,"Mid, Heavy Hit",12,0,,False,[],[12],0,[],130,"Spawned-attack core flag (correlated), Spawned-actor contact family 0x80 (correlated)",spawned-attack core; spawned-actor contact family,0,0,0,2444324196,,False,0,2000,0,False,1,0,0,0,"hit, no HP loss","[""hitstun +10"",""reaction neutral->hitstun""]",42520,42520,42520,46000,1392,1392,1392,0,0,50000,50000,50000,50000,50000,50000,0,0,0,1.0,1.0,1.0,1.0,False,0,0,0,1,64,64,0x0040 Standing Hitstun,neutral,hitstun,hitstun,hitstun,10,0,0,0,0,3.7313241958618164,3.522165536880493,3.522165536880493,0.04619622230529785,0.6722511053085327,0.6722511053085327,0.04619622230529785,0.6722511053085327,0.6722511053085327,-0.20915865898132324,0.6260548830032349,-0.20915865898132324,0.6260548830032349,-0.012456178665161133,0.03310513496398926,-0.012456178665161133,0.03310513496398926,0.0,0.250374436378479,False,False,False,False,False,1,source age 0f; live attack actor; distance 1.31
2026-07-28T16:13:10Z,123,80,3,16602,16602,next_contact,P1-C1,Joe the Condor,2454108608,27,261,2C,P2-C1,Viewtiful Joe,2457778656,17,live_attack_actor,high,94.0,0,12,"Mid, Heavy Hit",12,0,,False,[],[12],0,[],130,"Spawned-attack core flag (correlated), Spawned-actor contact family 0x80 (correlated)",spawned-attack core; spawned-actor contact family,0,0,0,2444324196,,False,1040,1040,0,False,1,0,1040,0,hit,"[""HP -1040""]",42520,41480,41480,46000,1392,1808,1808,416,416,50000,50000,50000,50000,50000,50000,0,0,0,1.0,1.0,1.0,1.0,False,0,0,0,64,64,64,0x0040 Standing Hitstun,hitstun,hitstun,hitstun,hitstun,0,0,0,0,0,3.522165536880493,3.335923433303833,3.335923433303833,0.6722511053085327,1.8033322095870972,1.8033322095870972,0.6722511053085327,1.8033322095870972,1.8033322095870972,-0.18624210357666016,1.1310811042785645,-0.18624210357666016,1.1310811042785645,-0.2378389835357666,-0.5871497392654419,-0.2378389835357666,-0.5871497392654419,0.0,0.6202548742294312,False,False,False,True,True,1,source age 0f; live attack actor; distance 4.20
2026-07-28T16:13:10Z,124,81,1,16603,16621,observation_window,P1-C2,Casshan,2461448704,2,426,assist attack,P2-C1,Viewtiful Joe,2457778656,17,live_attack_actor,high,106.0,0,268,"Mid, Heavy Hit, Launch / soft-knockdown route 0x00000100",12,256,"No guard category, No strength tier, Launch / soft-knockdown route 0x00000100",False,[256],[268],0,[],258,"Initial actor phase, Spawned-attack core flag (correlated)",spawned-attack core; initial actor phase,0,0,0,2444323776,,False,3170,1013,2157,True,2,0,3170,0,hit,"[""HP -3170"",""hitstun +21"",""reaction hitstun->knockdown"",""last-hit/action transition""]",41480,38310,46000,46000,1808,3077,0,1269,1269,50000,50000,50000,50000,50000,50000,0,0,0,1.0,1.0,1.0,1.0,False,0,0,0,64,91,1,0x005B Soft Knockdown > 0x00A0 Air Recovery > 0x0001 Action 1,hitstun,knockdown,hitstun,knockdown > air_recovery > hitstun,21,0,0,0,0,3.335923433303833,3.4402167797088623,3.5340774059295654,1.8033322095870972,0.21840786933898926,0.761460542678833,1.8033322095870972,0.21840786933898926,0.761460542678833,0.1042933464050293,-1.584924340248108,0.1042933464050293,-1.584924340248108,2.2875618934631348,-1.1037499904632568,-4.7383177280426025,-3.499225378036499,10.439923137426376,0.0,True,False,True,False,False,19,source age 0f; live attack actor; action ID matched; distance 2.54
2026-07-28T16:13:15Z,125,82,1,16628,16632,reaction_complete,P1-C1,Joe the Condor,2454108608,27,257,5B,P2-C1,Viewtiful Joe,2457778656,17,move_definition,high,100.0,0,10,"Mid, Medium Hit",10,0,,False,[],[134217730],1,[],64,Standard-strike baseline,standard-strike baseline,0,0,0,0,,False,1480,1480,0,False,1,0,1480,0,hit,"[""HP -1480""]",46000,44520,44520,46000,0,592,592,592,592,50000,50000,50000,50000,50000,50000,0,0,0,1.0,1.0,1.0,1.0,False,0,0,0,1,1,1,0x0001 Action 1 > 0x0040 Standing Hitstun > 0x0001 Action 1,hitstun,hitstun,neutral,hitstun > neutral,21,0,0,0,0,1.7353116273880005,1.0158179998397827,2.161405086517334,0.7203699350357056,0.3690626621246338,0.9142515659332275,0.7203699350357056,0.3690626621246338,0.9142515659332275,-0.7194936275482178,-0.3513072729110718,-0.7194936275482178,-0.3513072729110718,0.0,0.0,0.0,0.0,0.10931777954101562,0.0,False,False,False,True,False,5,source age 0f; current move definition; action ID matched; distance 0.74
3,read_only_snapshot_contact_correlation_v3,2026-07-28T17:42:36Z,1,1,1,134,135,next_contact,P1-C1,Ryu,2454108608,12,256,5A,P2-C1,Ken the Eagle,2457778656,1,move_definition,high,92.0,0,9,"Mid, Light Hit",9,0,,False,[],[134217729],1,[],64,Standard-strike baseline,standard-strike baseline,0,0,0,0,,False,800,800,0,0,hp_delta,False,False,1,0,800,0,hit,"[""HP -800""]",44000,43200,43200,44000,0,320,320,320,320,50000,50000,50000,23749,24025,24025,0,0,0,1.0,1.0,1.0,1.0,False,0,0,0,1,1,64,0x0001 Action 1 > 0x0040 Standing Hitstun,hitstun,hitstun,hitstun,hitstun,21,0,0,0,0,0.6114842891693115,0.6262959241867065,0.8221938014030457,0.0,0.0,0.0,0.0,0.0,0.0,0.01481163501739502,0.0,0.01481163501739502,0.0,0.0,0.0,0.0,0.0,0.0,0.0,0.0,0.0,0.0,False,False,False,False,False,2,source age 0f; current move definition; distance 0.00
3,read_only_snapshot_contact_correlation_v3,2026-07-28T17:42:37Z,2,2,1,136,137,next_contact,P1-C1,Ryu,2454108608,12,257,5B,P2-C1,Ken the Eagle,2457778656,1,move_definition,high,92.0,0,10,"Mid, Medium Hit",10,0,,False,[],[134217730],1,[],64,Standard-strike baseline,standard-strike baseline,0,0,0,0,,False,2592,1224,1368,0,hp_delta,False,True,2,0,2592,0,hit,"[""HP -2592"",""hitstun +5""]",43200,40608,40608,44000,320,1358,1358,1038,1038,50000,50000,50000,24025,24499,24922,0,0,0,1.0,1.0,1.0,1.0,False,0,0,0,64,64,66,0x0040 Standing Hitstun > 0x0042 Low Hitstun,hitstun,hitstun,hitstun,hitstun,17,0,0,0,0,0.8221938014030457,0.5879391431808472,0.5404710173606873,0.0,0.0,0.0,0.0,0.0,0.0,-0.2342546582221985,0.0,-0.2342546582221985,0.0,-0.5649067163467407,0.0,0.005589663982391357,0.0,0.5704963803291321,0.0,0.0,0.0,0.0,False,False,False,False,False,2,source age 0f; current move definition; distance 0.56
3,read_only_snapshot_contact_correlation_v3,2026-07-28T17:42:37Z,3,3,1,138,139,next_contact,P1-C1,Ryu,2454108608,12,258,5C,P2-C1,Ken the Eagle,2457778656,1,move_definition,high,92.0,0,12,"Mid, Heavy Hit",12,0,,False,[],[134217732],1,[],64,Standard-strike baseline,standard-strike baseline,0,0,0,0,,False,2108,2108,0,0,hp_delta,False,False,1,0,2108,0,hit,"[""HP -2108""]",40608,38500,38500,44000,1358,2202,2202,844,844,50000,50000,50000,24922,25652,25652,0,0,0,1.0,1.0,1.0,1.0,False,0,0,0,66,66,64,0x0042 Low Hitstun > 0x0040 Standing Hitstun,hitstun,hitstun,hitstun,hitstun,20,0,0,0,0,0.5404710173606873,0.704691469669342,1.1900266408920288,0.0,0.0,0.0,0.0,0.0,0.0,0.16422045230865479,0.0,0.16422045230865479,0.0,0.0,0.0,0.0,0.0,0.0,0.0,0.0,0.0,0.0,False,False,False,False,False,2,source age 0f; current move definition; distance 0.00
3,read_only_snapshot_contact_correlation_v3,2026-07-28T17:42:38Z,4,4,1,140,149,next_contact,P1-C1,Ryu,2454108608,12,261,2C,P2-C1,Ken the Eagle,2457778656,1,move_definition,medium,80.0,0,36,"Low, Heavy Hit",36,1024,"No guard category, No strength tier, Sweep 0x00000400",False,[1024],[134218756],1,[],64,Standard-strike baseline,standard-strike baseline,0,0,0,0,,False,1919,1919,0,0,hp_delta,False,False,1,0,1919,0,hit,"[""HP -1919"",""hitstun +1""]",38500,36581,36581,44000,2202,2970,2970,768,768,50000,50000,50000,25652,26317,26317,0,0,0,1.0,1.0,1.0,1.0,False,0,0,0,64,64,1,0x0040 Standing Hitstun > 0x0060 Soft Knockdown > 0x0066 Knockdown Face Up > 0x0071 Get Up Face Up > 0x0001 Action 1,hitstun,hitstun,hitstun,hitstun > knockdown > wakeup > hitstun,21,0,0,0,0,1.1900266408920288,1.4303184747695923,1.3283201456069946,0.0,22.475379943847656,0.0,0.0,22.475379943847656,0.0,0.24029183387756348,22.475379943847656,0.24029183387756348,22.475379943847656,0.1836388111114502,4.932487487792969,0.0,0.0,8.264278411865234,0.0,0.0,0.0,0.0,True,False,False,False,False,10,source age 0f; current move definition; action ID matched
3,read_only_snapshot_contact_correlation_v3,2026-07-28T17:42:39Z,5,5,1,150,150,next_contact,P1-C1,Ryu,2454108608,12,256,5A,P2-C1,Ken the Eagle,2457778656,1,move_definition_latched,high,104.0,0,9,"Mid, Light Hit",9,0,,False,[],[134217729],1,[],64,Standard-strike baseline,standard-strike baseline,0,0,0,0,,False,800,800,0,0,hp_delta,False,False,1,0,800,0,hit,"[""HP -800""]",36581,35781,35781,44000,2970,3290,3290,320,320,50000,50000,50000,26317,26593,26593,0,0,0,1.0,1.0,1.0,1.0,False,0,0,0,1,1,1,0x0001 Action 1,hitstun,hitstun,hitstun,hitstun,21,0,0,0,0,1.3283201456069946,0.5710182189941406,0.5710182189941406,0.0,0.0,0.0,0.0,0.0,0.0,-0.757301926612854,0.0,-0.757301926612854,0.0,0.0,0.0,0.0,0.0,0.0,0.0,0.0,0.0,0.0,False,False,False,False,False,1,source age 0f; current move definition; action ID matched; distance 0.00
3,read_only_snapshot_contact_correlation_v3,2026-07-28T17:42:39Z,6,6,1,151,152,next_contact,P1-C1,Ryu,2454108608,12,257,5B,P2-C1,Ken the Eagle,2457778656,1,move_definition,high,104.0,0,10,"Mid, Medium Hit",10,0,,False,[],[134217730],1,[],64,Standard-strike baseline,standard-strike baseline,0,0,0,0,,False,1368,1368,0,0,hp_delta,False,False,1,0,1368,0,hit,"[""HP -1368"",""last-hit/action transition""]",35781,34413,34413,44000,3290,3838,3838,548,548,50000,50000,50000,26593,27067,27067,0,0,0,1.0,1.0,1.0,1.0,False,0,0,0,1,64,64,0x0040 Standing Hitstun,hitstun,hitstun,hitstun,hitstun,17,0,0,0,0,0.5710182189941406,0.9556481838226318,1.429687738418579,0.0,0.0,0.0,0.0,0.0,0.0,0.3846299648284912,0.0,0.3846299648284912,0.0,0.0005128383636474609,0.0,0.008296966552734375,0.0,0.007784128189086914,0.0,0.0,0.0,0.0,False,False,False,False,False,2,source age 0f; current move definition; action ID matched; distance 0.00
3,read_only_snapshot_contact_correlation_v3,2026-07-28T17:42:40Z,7,7,1,153,153,next_contact,P1-C1,Ryu,2454108608,12,260,2B,P2-C1,Ken the Eagle,2457778656,1,move_definition,high,92.0,0,34,"Low, Medium Hit",34,0,,False,[],[134217730],1,[],64,Standard-strike baseline,standard-strike baseline,0,0,0,0,,False,1224,1224,0,0,hp_delta,False,False,1,0,1224,0,hit,"[""HP -1224""]",34413,33189,33189,44000,3838,4328,4328,490,490,50000,50000,50000,27067,27490,27490,0,0,0,1.0,1.0,1.0,1.0,False,0,0,0,64,64,64,0x0040 Standing Hitstun,hitstun,hitstun,hitstun,hitstun,17,0,0,0,0,1.429687738418579,0.9017176628112793,0.9017176628112793,0.0,0.0,0.0,0.0,0.0,0.0,-0.5279700756072998,0.0,-0.5279700756072998,0.0,0.04738825559616089,0.0,0.04738825559616089,0.0,0.0,0.0,0.0,0.0,0.0,False,False,False,False,False,1,source age 0f; current move definition; distance 0.05
3,read_only_snapshot_contact_correlation_v3,2026-07-28T17:42:40Z,8,8,1,154,155,next_contact,P1-C1,Ryu,2454108608,12,258,5C,P2-C1,Ken the Eagle,2457778656,1,move_definition,high,104.0,0,12,"Mid, Heavy Hit",12,0,,False,[],[134217732],1,[],64,Standard-strike baseline,standard-strike baseline,0,0,0,0,,False,2108,2108,0,0,hp_delta,False,False,1,0,2108,0,hit,"[""HP -2108"",""last-hit/action transition""]",33189,31081,31081,44000,4328,5172,5172,844,844,50000,50000,50000,27490,28220,28220,0,0,0,1.0,1.0,1.0,1.0,False,0,0,0,64,66,64,0x0042 Low Hitstun > 0x0040 Standing Hitstun,hitstun,hitstun,hitstun,hitstun,20,0,0,0,0,0.9017176628112793,0.7522402405738831,1.2161157131195068,0.0,0.0,0.0,0.0,0.0,0.0,-0.14947742223739624,0.0,-0.14947742223739624,0.0,0.0,0.0,-0.15647590160369873,0.0,0.15647590160369873,0.0,0.0,0.0,0.0,False,False,False,False,False,2,source age 0f; current move definition; action ID matched; distance 0.00
3,read_only_snapshot_contact_correlation_v3,2026-07-28T17:42:41Z,9,9,1,156,157,next_contact,P1-C1,Ryu,2454108608,12,262,6C,P2-C1,Ken the Eagle,2457778656,1,move_definition,high,92.0,0,12,"Mid, Heavy Hit",12,0,,False,[],[134217732],1,[],64,Standard-strike baseline,standard-strike baseline,0,0,0,0,,False,1727,1727,0,0,hp_delta,False,False,1,0,1727,0,hit,"[""HP -1727"",""hitstun +1""]",31081,29354,29354,44000,5172,5863,5863,691,691,50000,50000,50000,28220,28819,28819,0,0,0,1.0,1.0,1.0,1.0,False,0,0,0,64,64,64,0x0040 Standing Hitstun,hitstun,hitstun,hitstun,hitstun,21,0,0,0,0,1.2161157131195068,0.9434389472007751,1.3936080932617188,0.0,0.0,0.0,0.0,0.0,0.0,-0.2726767659187317,0.0,-0.2726767659187317,0.0,0.0,0.0,0.006337165832519531,0.0,0.006337165832519531,0.0,0.0,0.0,0.0,False,False,False,False,False,2,source age 0f; current move definition; distance 0.00
3,read_only_snapshot_contact_correlation_v3,2026-07-28T17:42:41Z,10,10,1,158,163,reaction_complete,P1-C1,Ryu,2454108608,12,262,6C,P2-C1,Ken the Eagle,2457778656,1,move_definition_latched,high,92.0,0,12,"Mid, Heavy Hit",12,0,,False,[],[134217732],1,[],64,Standard-strike baseline,standard-strike baseline,0,0,0,0,,False,2099,2099,0,0,hp_delta,False,False,1,0,2099,0,hit,"[""HP -2099""]",29354,27255,27255,44000,5863,6703,6703,840,840,50000,50000,50000,28819,29547,29547,0,0,0,1.0,1.0,1.0,1.0,False,0,0,0,64,64,1,0x0040 Standing Hitstun > 0x0001 Action 1,hitstun,hitstun,neutral,hitstun > neutral,21,0,0,0,0,1.3936080932617188,0.5243420004844666,2.7020153999328613,0.0,0.0,0.0,0.0,0.0,0.0,-0.8692660927772522,0.0,-0.8692660927772522,0.0,0.03816571831703186,0.0,0.0038912296295166016,0.0,5.478841781616211,0.0,0.0,0.0,0.0,False,False,False,False,False,6,source age 0f; current move definition; distance 0.04
3,read_only_snapshot_contact_correlation_v3,2026-07-28T17:42:44Z,11,11,1,168,169,next_contact,P1-C1,Ryu,2454108608,12,305,Hado M,P2-C1,Ken the Eagle,2457778656,1,live_attack_actor,high,94.0,8,12,"Mid, Heavy Hit",12,0,,False,[],[12],0,[],262402,"Initial actor phase, Special chip route B, one-eighth damage, Spawned-attack core flag (correlated)",spawned-attack core; initial actor phase; special chip route,0,0,0,2444319156,,False,1668,1368,300,0,hp_delta,False,True,2,0,1668,0,hit,"[""HP -1668"",""hitstun +12"",""reaction neutral->hitstun""]",42755,41087,41087,44000,0,548,548,548,548,50000,50000,50000,29547,30297,30297,0,0,0,1.0,1.0,1.0,1.0,False,0,0,0,1,1,64,0x0001 Action 1 > 0x0040 Standing Hitstun,neutral,hitstun,hitstun,hitstun,17,0,0,0,0,0.7689393758773804,0.9551782608032227,1.4213907718658447,0.0,0.0,0.0,0.0,0.0,0.0,0.18623888492584229,0.0,0.18623888492584229,0.0,0.15251058340072632,0.0,0.07756149768829346,0.0,0.07494908571243286,0.0,0.0,0.0,0.0,False,False,False,False,False,2,source age 8f; live attack actor; distance 0.15
3,read_only_snapshot_contact_correlation_v3,2026-07-28T17:42:44Z,12,12,1,170,170,next_contact,P1-C1,Ryu,2454108608,12,260,2B,P2-C1,Ken the Eagle,2457778656,1,move_definition,high,92.0,0,34,"Low, Medium Hit",34,0,,False,[],[134217730],1,[],64,Standard-strike baseline,standard-strike baseline,0,0,0,0,,False,1224,1224,0,0,hp_delta,False,False,1,0,1224,0,hit,"[""HP -1224""]",41087,39863,39863,44000,548,1038,1038,490,490,50000,50000,50000,30297,30720,30720,0,0,0,1.0,1.0,1.0,1.0,False,0,0,0,64,64,64,0x0040 Standing Hitstun,hitstun,hitstun,hitstun,hitstun,17,0,0,0,0,1.4213907718658447,0.8776909112930298,0.8776909112930298,0.0,0.0,0.0,0.0,0.0,0.0,-0.5436998605728149,0.0,-0.5436998605728149,0.0,0.05716896057128906,0.0,0.05716896057128906,0.0,0.0,0.0,0.0,0.0,0.0,False,False,False,False,False,1,source age 0f; current move definition; distance 0.06
3,read_only_snapshot_contact_correlation_v3,2026-07-28T17:42:44Z,13,13,1,171,172,next_contact,P1-C1,Ryu,2454108608,12,258,5C,P2-C1,Ken the Eagle,2457778656,1,move_definition,high,104.0,0,12,"Mid, Heavy Hit",12,0,,False,[],[134217732],1,[],64,Standard-strike baseline,standard-strike baseline,0,0,0,0,,False,2108,2108,0,0,hp_delta,False,False,1,0,2108,0,hit,"[""HP -2108"",""last-hit/action transition""]",39863,37755,37755,44000,1038,1882,1882,844,844,50000,50000,50000,30720,31450,31450,0,0,0,1.0,1.0,1.0,1.0,False,0,0,0,64,66,64,0x0042 Low Hitstun > 0x0040 Standing Hitstun,hitstun,hitstun,hitstun,hitstun,21,0,0,0,0,0.8776909112930298,0.7522402405738831,1.689025640487671,0.0,0.0,0.0,0.0,0.0,0.0,-0.12545067071914673,0.0,-0.12545067071914673,0.0,0.0,0.0,0.07256734371185303,0.0,0.07256734371185303,0.0,0.0,0.0,0.0,False,False,False,False,False,2,source age 0f; current move definition; action ID matched; distance 0.00
3,read_only_snapshot_contact_correlation_v3,2026-07-28T17:42:45Z,14,14,1,173,175,next_contact,P1-C1,Ryu,2454108608,12,262,6C,P2-C1,Ken the Eagle,2457778656,1,move_definition,high,104.0,0,12,"Mid, Heavy Hit",12,0,,False,[],[134217732],1,[],64,Standard-strike baseline,standard-strike baseline,0,0,0,0,,False,1727,1727,0,0,hp_delta,False,False,1,0,1727,0,hit,"[""HP -1727""]",37755,36028,36028,44000,1882,2573,2573,691,691,50000,50000,50000,31450,32049,32049,0,0,0,1.0,1.0,1.0,1.0,False,0,0,0,64,64,64,0x0040 Standing Hitstun,hitstun,hitstun,hitstun,hitstun,21,0,0,0,0,1.689025640487671,0.8886087536811829,1.1123064756393433,0.0,0.0,0.0,0.0,0.0,0.0,-0.800416886806488,0.0,-0.800416886806488,0.0,0.0,0.0,-0.24073171615600586,0.0,0.30211687088012695,0.0,0.0,0.0,0.0,False,False,False,False,False,3,source age 0f; current move definition; action ID matched; distance 0.00
3,read_only_snapshot_contact_correlation_v3,2026-07-28T17:42:45Z,15,15,1,176,183,next_contact,P1-C1,Ryu,2454108608,12,262,6C,P2-C1,Ken the Eagle,2457778656,1,move_definition_latched,high,92.0,0,12,"Mid, Heavy Hit",12,0,,False,[],[134217732],1,[],64,Standard-strike baseline,standard-strike baseline,0,0,0,0,,False,2099,2099,0,0,hp_delta,False,False,1,0,2099,0,hit,"[""HP -2099""]",36028,33929,33929,44000,2573,3413,3413,840,840,50000,50000,50000,32049,32777,32777,0,0,0,1.0,1.0,1.0,1.0,False,0,0,0,64,64,64,0x0040 Standing Hitstun,hitstun,hitstun,hitstun,hitstun,21,0,0,0,0,1.1123064756393433,0.58627849817276,0.900816798210144,0.0,0.0,0.0,0.0,0.0,0.0,-0.5260279774665833,0.0,-0.5260279774665833,0.0,0.06929123401641846,0.0,0.02107679843902588,0.0,0.0724300742149353,0.0,0.0,0.0,0.0,False,False,False,False,False,8,source age 0f; current move definition; distance 0.07
3,read_only_snapshot_contact_correlation_v3,2026-07-28T17:42:47Z,16,16,1,184,187,next_contact,P1-C1,Ryu,2454108608,12,368,Shin Sho,P2-C1,Ken the Eagle,2457778656,1,move_definition,medium,68.0,0,12,"Mid, Heavy Hit",12,0,,True,"[3149824,65792]","[3149828,65796,4]",19,"[2,3,4,5,6,7,8,9,11,12,13,14,15,16,17,18]",1074528341,"Native result modifier +0004, Standard-strike baseline, Special chip route B, one-eighth damage, Result propagation modifier +1, Target-acquired / contact-lock state (correlated), Capture/cinematic modifier 0x00080000 (correlated), Unknown B bits 0x00000004",exact: Level 3 cinematic capture packet; native result +0004; native low-bit route 0x4; target-acquired/contact-lock; standard-strike baseline; special chip route; capture/cinematic modifier; result propagation modifier,12,65,0,0,,False,3691,3691,0,0,hp_delta,False,False,1,0,3691,0,hit,"[""HP -3691""]",33929,30238,30238,44000,3413,4890,4890,1477,1477,50000,50000,50000,32777,32777,32777,0,0,0,1.0,1.0,1.0,1.0,False,0,0,0,64,64,4609,0x0040 Standing Hitstun > 0x1201 Action 4609,hitstun,hitstun,hitstun,hitstun,21,0,0,4294967295,0,0.900816798210144,0.5252576470375061,0.5560101866722107,0.0,68.24266815185547,70.10816192626953,0.0,68.24266815185547,70.10816192626953,-0.37555915117263794,68.24266815185547,-0.37555915117263794,68.24266815185547,0.0,0.0,0.03075253963470459,1.8654937744140625,1.8654937744140625,0.0,0.0,0.0,0.0,False,False,False,False,False,4,source age 0f; current move definition
3,read_only_snapshot_contact_correlation_v3,2026-07-28T17:42:48Z,17,17,1,188,195,next_contact,P1-C1,Ryu,2454108608,12,512,Shin Sho,P2-C1,Ken the Eagle,2457778656,1,move_definition,medium,80.0,0,17,"High, Light Hit",17,0,,False,[],[2097169],2,"[1,2]",21,"Native result modifier +0004, Target-acquired / contact-lock state (correlated), Unknown B bits 0x00000004",exact: Capture trigger packet; native result +0004; native low-bit route 0x4; target-acquired/contact-lock,17,21,0,0,,False,2879,2879,0,0,hp_delta,False,False,1,0,2879,0,hit,"[""HP -2879""]",30238,27359,27359,44000,4890,6042,6042,1152,1152,50000,50000,50000,32777,32777,32777,0,0,0,1.0,1.0,1.0,1.0,False,0,0,0,4609,4609,4609,0x1201 Action 4609,hitstun,hitstun,hitstun,hitstun,21,0,0,0,0,0.5560101866722107,0.49327871203422546,0.48000234365463257,70.10816192626953,60.95096969604492,78.1329345703125,70.10816192626953,60.95096969604492,78.1329345703125,-0.06273147463798523,-9.15719223022461,-0.06273147463798523,-9.15719223022461,0.0,0.0,0.0,0.0,0.0,0.0,0.0,0.0,0.0,False,False,False,True,False,8,source age 0f; current move definition; action ID matched
3,read_only_snapshot_contact_correlation_v3,2026-07-28T17:42:49Z,18,18,1,196,214,observation_window,P1-C1,Ryu,2454108608,12,512,Shin Sho,P2-C1,Ken the Eagle,2457778656,1,move_definition,medium,80.0,0,17,"High, Light Hit",17,0,,False,[],[2097169],2,"[1,2]",21,"Native result modifier +0004, Target-acquired / contact-lock state (correlated), Unknown B bits 0x00000004",exact: Capture trigger packet; native result +0004; native low-bit route 0x4; target-acquired/contact-lock,17,21,0,0,,False,3519,3519,0,0,hp_delta,False,False,1,0,3519,0,hit,"[""HP -3519""]",27359,23840,23840,44000,6042,7450,7450,1408,1408,50000,50000,50000,32777,32777,32777,0,0,0,1.0,1.0,1.0,1.0,False,0,0,0,4609,4609,4609,0x1201 Action 4609,hitstun,hitstun,hitstun,hitstun,21,0,0,0,0,0.48000234365463257,0.7547215819358826,0.7899145483970642,78.1329345703125,81.47946166992188,88.49007415771484,78.1329345703125,81.47946166992188,88.49007415771484,0.27471923828125,3.346527099609375,0.27471923828125,3.346527099609375,0.0,0.0,0.0,0.0,0.0,0.0,0.0,0.0,0.0,False,False,False,True,False,19,source age 0f; current move definition; action ID matched
3,read_only_snapshot_contact_correlation_v3,2026-07-28T17:42:52Z,19,19,1,231,232,next_contact,P1-C1,Ryu,2454108608,12,308,Tatsu M,P2-C1,Ken the Eagle,2457778656,1,move_definition,medium,68.0,0,12,"Mid, Heavy Hit",12,512,"No guard category, No strength tier, Hard knockdown 0x00000200",False,[512],[516],2,"[1,2]",262208,"Standard-strike baseline, Special chip route B, one-eighth damage",standard-strike baseline; special chip route,12,262208,0,0,,False,359,359,0,0,hp_delta,False,False,1,0,359,0,hit,"[""HP -359""]",23840,23481,23481,44000,7450,7594,7594,144,144,50000,50000,50000,32777,32900,32900,0,0,0,1.0,1.0,1.0,1.0,False,0,0,0,4609,4609,91,0x1201 Action 4609 > 0x005B Soft Knockdown,hitstun,hitstun,knockdown,hitstun > knockdown,21,0,0,0,0,0.26615118980407715,0.2567710280418396,0.7677491903305054,89.64924621582031,66.75109100341797,53.82184600830078,89.64924621582031,66.75109100341797,53.82184600830078,-0.009380161762237549,-22.898155212402344,-0.009380161762237549,-22.898155212402344,-0.3544504642486572,66.75109100341797,0.0,0.0,66.75109100341797,0.0,0.0,0.0,0.0,True,False,False,False,False,2,source age 0f; current move definition
3,read_only_snapshot_contact_correlation_v3,2026-07-28T17:42:52Z,20,20,1,233,233,next_contact,P1-C1,Ryu,2454108608,12,260,2B,P2-C1,Ken the Eagle,2457778656,1,move_definition,medium,68.0,0,34,"Low, Medium Hit",34,0,,False,[],[134217730],1,[],64,Standard-strike baseline,standard-strike baseline,0,0,0,0,,False,646,646,0,0,hp_delta,False,False,1,0,646,0,hit,"[""HP -646""]",23481,22835,22835,44000,7594,7853,7853,259,259,50000,50000,50000,32900,33122,33122,0,0,0,1.0,1.0,1.0,1.0,False,0,0,0,91,91,91,0x005B Soft Knockdown,knockdown,knockdown,knockdown,knockdown,12,0,0,0,0,0.7677491903305054,0.5547417402267456,0.5547417402267456,53.82184600830078,66.42752075195312,66.42752075195312,53.82184600830078,66.42752075195312,66.42752075195312,-0.21300745010375977,12.605674743652344,-0.21300745010375977,12.605674743652344,0.0,0.0,0.0,0.0,0.0,0.0,0.0,0.0,0.0,True,False,False,False,False,1,source age 0f; current move definition
3,read_only_snapshot_contact_correlation_v3,2026-07-28T17:42:53Z,21,21,1,234,235,next_contact,P1-C1,Ryu,2454108608,12,258,5C,P2-C1,Ken the Eagle,2457778656,1,move_definition,medium,80.0,0,12,"Mid, Heavy Hit",12,0,,False,[],[134217732],1,[],64,Standard-strike baseline,standard-strike baseline,0,0,0,0,,False,1048,1048,0,0,hp_delta,False,False,1,0,1048,0,hit,"[""HP -1048"",""hitstun +5""]",22835,21787,21787,44000,7853,8273,8273,420,420,50000,50000,50000,33122,33484,33484,0,0,0,1.0,1.0,1.0,1.0,False,0,0,0,91,91,91,0x005B Soft Knockdown,knockdown,knockdown,knockdown,knockdown,21,0,0,0,0,0.5547417402267456,0.9092358946800232,0.8999541997909546,66.42752075195312,57.0421257019043,50.41583251953125,66.42752075195312,57.0421257019043,50.41583251953125,0.3544941544532776,-9.385395050048828,0.3544941544532776,-9.385395050048828,0.03572559356689453,-2.154529571533203,0.051189124584198,-0.8646659851074219,1.2898635864257812,0.0,0.0,0.0,0.0,True,False,False,False,False,2,source age 0f; current move definition; action ID matched
3,read_only_snapshot_contact_correlation_v3,2026-07-28T17:42:53Z,22,22,1,236,238,next_contact,P1-C1,Ryu,2454108608,12,261,2C,P2-C1,Ken the Eagle,2457778656,1,move_definition,medium,80.0,0,36,"Low, Heavy Hit",36,1024,"No guard category, No strength tier, Sweep 0x00000400",False,[1024],[134218756],1,[],64,Standard-strike baseline,standard-strike baseline,0,0,0,0,,False,896,896,0,0,hp_delta,False,False,1,0,896,0,hit,"[""HP -896""]",21787,20891,20891,44000,8273,8632,8632,359,359,50000,50000,50000,33484,33794,33794,0,0,0,1.0,1.0,1.0,1.0,False,0,0,0,91,91,91,0x005B Soft Knockdown,knockdown,knockdown,knockdown,knockdown,21,0,0,0,0,0.8999541997909546,0.6808830499649048,0.9196352362632751,50.41583251953125,54.78114318847656,56.74615478515625,50.41583251953125,54.78114318847656,56.74615478515625,-0.2190711498260498,4.3653106689453125,-0.2190711498260498,4.3653106689453125,0.0,0.0,0.0,0.0,0.0,0.0,0.0,0.0,0.0,True,False,False,False,False,3,source age 0f; current move definition; action ID matched
3,read_only_snapshot_contact_correlation_v3,2026-07-28T17:42:54Z,23,23,1,239,240,next_contact,P1-C1,Ryu,2454108608,12,262,6C,P2-C1,Ken the Eagle,2457778656,1,move_definition,medium,80.0,0,12,"Mid, Heavy Hit",12,0,,False,[],[134217732],1,[],64,Standard-strike baseline,standard-strike baseline,0,0,0,0,,False,809,809,0,0,hp_delta,False,False,1,0,809,0,hit,"[""HP -809""]",20891,20082,20082,44000,8632,8956,8956,324,324,50000,50000,50000,33794,34073,34073,0,0,0,1.0,1.0,1.0,1.0,False,0,0,0,91,91,91,0x005B Soft Knockdown,knockdown,knockdown,knockdown,knockdown,21,0,0,0,0,0.9196352362632751,0.9023682475090027,0.3909778892993927,56.74615478515625,55.8900260925293,72.47036743164062,56.74615478515625,55.8900260925293,72.47036743164062,-0.01726698875427246,-0.8561286926269531,-0.01726698875427246,-0.8561286926269531,0.0,0.0,-0.02922925353050232,3.1297073364257812,3.1297073364257812,0.0,0.0,0.0,0.0,True,False,False,False,False,2,source age 0f; current move definition; action ID matched
3,read_only_snapshot_contact_correlation_v3,2026-07-28T17:42:54Z,24,24,1,241,242,next_contact,P1-C1,Ryu,2454108608,12,309,Tatsu H,P2-C1,Ken the Eagle,2457778656,1,move_definition,medium,80.0,0,12,"Mid, Heavy Hit",12,512,"No guard category, No strength tier, Hard knockdown 0x00000200",False,[512],[516],2,"[1,2]",262208,"Standard-strike baseline, Special chip route B, one-eighth damage",standard-strike baseline; special chip route,12,262208,0,0,,False,604,604,0,0,hp_delta,False,False,1,0,604,0,hit,"[""HP -604""]",20082,19478,19478,44000,8956,9198,9198,242,242,50000,50000,50000,34073,34281,34281,0,0,0,1.0,1.0,1.0,1.0,False,0,0,0,91,91,80,0x005B Soft Knockdown > 0x0050 Hard Knockdown,knockdown,knockdown,knockdown,knockdown,21,0,0,0,0,0.3909778892993927,0.5154690146446228,0.5954271554946899,72.47036743164062,66.49861145019531,64.4095687866211,72.47036743164062,66.49861145019531,64.4095687866211,0.1244911253452301,-5.9717559814453125,0.1244911253452301,-5.9717559814453125,0.058193713426589966,-1.732330322265625,-0.034111618995666504,1.8909683227539062,3.6232986450195312,0.0,0.0,0.0,0.0,True,False,False,False,False,2,source age 0f; current move definition; action ID matched
3,read_only_snapshot_contact_correlation_v3,2026-07-28T17:42:55Z,25,24,2,243,244,next_contact,P1-C1,Ryu,2454108608,12,309,Tatsu H,P2-C1,Ken the Eagle,2457778656,1,move_definition,medium,80.0,0,12,"Mid, Heavy Hit",12,512,"No guard category, No strength tier, Hard knockdown 0x00000200",False,[512],[516],2,"[1,2]",262208,"Standard-strike baseline, Special chip route B, one-eighth damage",standard-strike baseline; special chip route,12,262208,0,0,,False,605,605,0,0,hp_delta,False,False,1,0,605,0,hit,"[""HP -605""]",19478,18873,18873,44000,9198,9440,9440,242,242,50000,50000,50000,34281,34490,34490,0,0,0,1.0,1.0,1.0,1.0,False,0,0,0,80,80,80,0x0050 Hard Knockdown,knockdown,knockdown,knockdown,knockdown,21,0,0,0,0,0.5954271554946899,0.6528600454330444,0.5777726769447327,64.4095687866211,63.51755905151367,71.189697265625,64.4095687866211,63.51755905151367,71.189697265625,0.05743288993835449,-0.8920097351074219,0.05743288993835449,-0.8920097351074219,0.025361061096191406,-0.7752189636230469,-0.02676260471343994,2.3548583984375,3.130077362060547,0.9571113586425781,3.941840925480954,2.984216764751962,0.9576743370800382,True,False,False,False,False,2,source age 0f; current move definition; action ID matched
3,read_only_snapshot_contact_correlation_v3,2026-07-28T17:42:55Z,26,24,3,245,246,next_contact,P1-C1,Ryu,2454108608,12,309,Tatsu H,P2-C1,Ken the Eagle,2457778656,1,move_definition,medium,80.0,0,12,"Mid, Heavy Hit",12,512,"No guard category, No strength tier, Hard knockdown 0x00000200",False,[512],[516],2,"[1,2]",262208,"Standard-strike baseline, Special chip route B, one-eighth damage",standard-strike baseline; special chip route,12,262208,0,0,,False,606,606,0,0,hp_delta,False,False,1,0,606,0,hit,"[""HP -606""]",18873,18267,18267,44000,9440,9683,9683,243,243,50000,50000,50000,34490,34699,34699,0,0,0,1.0,1.0,1.0,1.0,False,0,0,0,80,80,80,0x0050 Hard Knockdown,knockdown,knockdown,knockdown,knockdown,21,0,0,0,0,0.5777726769447327,0.6384968161582947,0.629623532295227,71.189697265625,64.42805480957031,66.661865234375,71.189697265625,64.42805480957031,66.661865234375,0.06072413921356201,-6.7616424560546875,0.06072413921356201,-6.7616424560546875,9.47713851928711e-06,-0.0002899169921875,-0.015255153179168701,3.771198272705078,3.7714881896972656,1.7320404052734375,4.077852238192209,3.894825806983773,1.7330179577550107,True,False,False,False,False,2,source age 0f; current move definition; action ID matched
3,read_only_snapshot_contact_correlation_v3,2026-07-28T17:42:55Z,27,24,4,247,248,next_contact,P1-C1,Ryu,2454108608,12,309,Tatsu H,P2-C1,Ken the Eagle,2457778656,1,move_definition,medium,80.0,0,12,"Mid, Heavy Hit",12,512,"No guard category, No strength tier, Hard knockdown 0x00000200",False,[512],[516],2,"[1,2]",262208,"Standard-strike baseline, Special chip route B, one-eighth damage",standard-strike baseline; special chip route,12,262208,0,0,,False,607,607,0,0,hp_delta,False,False,1,0,607,0,hit,"[""HP -607""]",18267,17660,17660,44000,9683,9926,9926,243,243,50000,50000,50000,34699,34908,34908,0,0,0,1.0,1.0,1.0,1.0,False,0,0,0,80,80,80,0x0050 Hard Knockdown,knockdown,knockdown,knockdown,knockdown,21,0,0,0,0,0.629623532295227,0.6181097030639648,0.6429556608200073,66.661865234375,65.49272918701172,64.1679916381836,66.661865234375,65.49272918701172,64.1679916381836,-0.011513829231262207,-1.1691360473632812,-0.011513829231262207,-1.1691360473632812,0.0038213729858398438,-0.1148223876953125,-0.00044929981231689453,0.0,0.1148223876953125,1.7320404052734375,5.257307359315822,4.959695359727473,1.8476138450953206,True,False,False,False,False,2,source age 0f; current move definition; action ID matched
3,read_only_snapshot_contact_correlation_v3,2026-07-28T17:42:56Z,28,25,1,249,249,next_contact,P1-C1,Ryu,2454108608,12,256,5A,P2-C1,Ken the Eagle,2457778656,1,move_definition,medium,80.0,0,9,"Mid, Light Hit",9,0,,False,[],[134217729],1,[],64,Standard-strike baseline,standard-strike baseline,0,0,0,0,,False,295,295,0,0,hp_delta,False,False,1,0,295,0,hit,"[""HP -295""]",17660,17365,17365,44000,9926,10044,10044,118,118,50000,50000,50000,34908,34958,34958,0,0,0,1.0,1.0,1.0,1.0,False,0,0,0,80,80,80,0x0050 Hard Knockdown,knockdown,knockdown,knockdown,knockdown,21,0,0,0,0,0.6429556608200073,0.5146971344947815,0.5146971344947815,64.1679916381836,62.036983489990234,62.036983489990234,64.1679916381836,62.036983489990234,62.036983489990234,-0.12825852632522583,-2.1310081481933594,-0.12825852632522583,-2.1310081481933594,0.0005270838737487793,-0.014972686767578125,0.0005270838737487793,-0.014972686767578125,0.0,0.0,0.0,0.0,0.0,True,False,False,False,False,1,source age 0f; current move definition; action ID matched
3,read_only_snapshot_contact_correlation_v3,2026-07-28T17:42:56Z,29,25,2,250,250,next_contact,P1-C1,Ryu,2454108608,12,256,5A,P2-C1,Ken the Eagle,2457778656,1,move_definition,medium,80.0,0,9,"Mid, Light Hit",9,0,,False,[],[134217729],1,[],64,Standard-strike baseline,standard-strike baseline,0,0,0,0,,False,294,294,0,0,hp_delta,False,False,1,0,294,0,hit,"[""HP -294"",""last-hit/action transition""]",17365,17071,17071,44000,10044,10162,10162,118,118,50000,50000,50000,34958,35008,35008,0,0,0,1.0,1.0,1.0,1.0,False,0,0,0,80,91,91,0x005B Soft Knockdown,knockdown,knockdown,knockdown,knockdown,12,0,0,0,0,0.5146971344947815,0.8100204467773438,0.8100204467773438,62.036983489990234,52.569095611572266,52.569095611572266,62.036983489990234,52.569095611572266,52.569095611572266,0.29532331228256226,-9.467887878417969,0.29532331228256226,-9.467887878417969,0.0,0.0,0.0,0.0,0.0,0.014972686767578125,9.487474477207146,9.472492635894284,0.014981961368591734,True,False,False,False,False,1,source age 0f; current move definition; action ID matched
3,read_only_snapshot_contact_correlation_v3,2026-07-28T17:42:56Z,30,25,3,251,252,next_contact,P1-C1,Ryu,2454108608,12,256,5A,P2-C1,Ken the Eagle,2457778656,1,move_definition,medium,68.0,0,9,"Mid, Light Hit",9,0,,False,[],[134217729],1,[],64,Standard-strike baseline,standard-strike baseline,0,0,0,0,,False,527,527,0,0,hp_delta,False,False,1,0,527,0,hit,"[""HP -527""]",17071,16544,16544,44000,10162,10373,10373,211,211,50000,50000,50000,35008,35100,35100,0,0,0,1.0,1.0,1.0,1.0,False,0,0,0,91,91,91,0x005B Soft Knockdown,knockdown,knockdown,knockdown,knockdown,17,0,0,0,0,0.8100204467773438,0.9665282964706421,0.8701654672622681,52.569095611572266,62.83005905151367,65.46591186523438,52.569095611572266,62.83005905151367,65.46591186523438,0.15650784969329834,10.260963439941406,0.15650784969329834,10.260963439941406,-0.07352626323699951,3.697124481201172,0.013141095638275146,1.8763465881347656,1.8207778930664062,3.71209716796875,16.055343048470405,19.73464959351434,3.7128374940905813,True,False,False,False,False,2,source age 0f; current move definition
3,read_only_snapshot_contact_correlation_v3,2026-07-28T17:42:57Z,31,26,1,253,255,next_contact,P1-C1,Ryu,2454108608,12,258,5C,P2-C1,Ken the Eagle,2457778656,1,move_definition,medium,80.0,0,12,"Mid, Heavy Hit",12,0,,False,[],[134217732],1,[],64,Standard-strike baseline,standard-strike baseline,0,0,0,0,,False,908,908,0,0,hp_delta,False,False,1,0,908,0,hit,"[""HP -908"",""hitstun +4""]",16544,15636,15636,44000,10373,10737,10737,364,364,50000,50000,50000,35100,35259,35259,0,0,0,1.0,1.0,1.0,1.0,False,0,0,0,91,91,91,0x005B Soft Knockdown,knockdown,knockdown,knockdown,knockdown,21,0,0,0,0,0.8701654672622681,0.6591291427612305,0.8211882710456848,65.46591186523438,62.5697021484375,63.17919158935547,65.46591186523438,62.5697021484375,63.17919158935547,-0.2110363245010376,-2.896209716796875,-0.2110363245010376,-2.896209716796875,0.0,0.0,0.0133134126663208,-0.09919357299804688,0.8945236206054688,0.0,0.0,0.0,0.0,True,False,False,False,False,3,source age 0f; current move definition; action ID matched
3,read_only_snapshot_contact_correlation_v3,2026-07-28T17:42:57Z,32,27,1,256,257,next_contact,P1-C1,Ryu,2454108608,12,262,6C,P2-C1,Ken the Eagle,2457778656,1,move_definition,medium,80.0,0,12,"Mid, Heavy Hit",12,0,,False,[],[134217732],1,[],64,Standard-strike baseline,standard-strike baseline,0,0,0,0,,False,793,793,0,0,hp_delta,False,False,1,0,793,0,hit,"[""HP -793""]",15636,14843,14843,44000,10737,11055,11055,318,318,50000,50000,50000,35259,35399,35399,0,0,0,1.0,1.0,1.0,1.0,False,0,0,0,91,91,91,0x005B Soft Knockdown,knockdown,knockdown,knockdown,knockdown,21,0,0,0,0,0.8211882710456848,0.7765319347381592,0.07799506187438965,63.17919158935547,63.055397033691406,86.33666229248047,63.17919158935547,63.055397033691406,86.33666229248047,-0.044656336307525635,-0.1237945556640625,-0.044656336307525635,-0.1237945556640625,0.0,0.0,-0.03786720335483551,2.6472549438476562,2.6472549438476562,0.0,0.0,0.0,0.0,True,False,False,False,False,2,source age 0f; current move definition; action ID matched
3,read_only_snapshot_contact_correlation_v3,2026-07-28T17:42:58Z,33,28,1,258,261,next_contact,P1-C1,Ryu,2454108608,12,315,Donkey H,P2-C1,Ken the Eagle,2457778656,1,move_definition,medium,80.0,0,12,"Mid, Heavy Hit",12,2147484160,"No guard category, No strength tier, Wall-interaction hard knockdown 0x80000200",False,[2147484160],[2147484164],1,[],262208,"Standard-strike baseline, Special chip route B, one-eighth damage",standard-strike baseline; special chip route,0,0,0,0,,False,957,957,0,0,hp_delta,False,False,1,0,957,0,hit,"[""HP -957""]",14843,13886,13886,44000,11055,11438,11438,383,383,50000,50000,50000,35399,35568,35568,0,0,0,1.0,1.0,1.0,1.0,False,0,0,0,91,91,82,0x005B Soft Knockdown > 0x0051 Bounce Launch > 0x0052 Bounce Off,knockdown,knockdown,knockdown,knockdown,21,0,0,0,0,0.07799506187438965,1.1345059871673584,0.24399037659168243,86.33666229248047,54.53751754760742,83.88715362548828,86.33666229248047,54.53751754760742,83.88715362548828,1.0565109252929688,-31.799144744873047,1.0565109252929688,-31.799144744873047,0.046085238456726074,-1.3473701477050781,-0.054848358035087585,0.5523834228515625,2.5680503845214844,0.0,0.0,0.0,0.0,True,True,False,True,False,4,source age 0f; current move definition; action ID matched
3,read_only_snapshot_contact_correlation_v3,2026-07-28T17:42:59Z,34,28,2,262,262,next_contact,P1-C1,Ryu,2454108608,12,315,Donkey H,P2-C1,Ken the Eagle,2457778656,1,move_definition,medium,68.0,0,12,"Mid, Heavy Hit",12,2147484160,"No guard category, No strength tier, Wall-interaction hard knockdown 0x80000200",False,[2147484160],[2147484164],1,[],262208,"Standard-strike baseline, Special chip route B, one-eighth damage",standard-strike baseline; special chip route,0,0,0,0,,False,291,291,0,0,hp_delta,False,False,1,0,291,0,hit,"[""HP -291""]",13886,13595,13595,44000,11438,11555,11555,117,117,50000,50000,50000,35568,35568,35568,0,0,0,1.0,1.0,1.0,1.0,False,0,0,0,82,82,82,0x0052 Bounce Off,knockdown,knockdown,knockdown,knockdown,21,0,0,0,0,0.24399037659168243,0.9014795422554016,0.9014795422554016,83.88715362548828,67.53572845458984,67.53572845458984,83.88715362548828,67.53572845458984,67.53572845458984,0.6574891656637192,-16.351425170898438,0.6574891656637192,-16.351425170898438,0.616640716791153,-19.152496337890625,0.616640716791153,-19.152496337890625,0.0,17.805126190185547,30.813817034394372,13.000299539103901,17.814265412929288,True,True,False,False,False,1,source age 0f; current move definition
3,read_only_snapshot_contact_correlation_v3,2026-07-28T17:42:59Z,35,29,1,263,264,next_contact,P1-C1,Ryu,2454108608,12,256,5A,P2-C1,Ken the Eagle,2457778656,1,move_definition,medium,80.0,0,9,"Mid, Light Hit",9,0,,False,[],[134217729],1,[],64,Standard-strike baseline,standard-strike baseline,0,0,0,0,,False,291,291,0,0,hp_delta,False,False,1,0,291,0,hit,"[""HP -291""]",13595,13304,13304,44000,11555,11672,11672,117,117,50000,50000,50000,35568,35668,35668,0,0,0,1.0,1.0,1.0,1.0,False,0,0,0,82,91,91,0x005B Soft Knockdown,knockdown,knockdown,knockdown,knockdown,12,0,0,0,0,0.9014795422554016,0.7586240768432617,0.9285869002342224,67.53572845458984,50.300193786621094,54.70924377441406,67.53572845458984,50.300193786621094,54.70924377441406,-0.1428554654121399,-17.23553466796875,-0.1428554654121399,-17.23553466796875,0.0,0.0,0.0,0.0,0.0,0.0,0.0,0.0,0.0,True,False,False,False,False,2,source age 0f; current move definition; action ID matched
3,read_only_snapshot_contact_correlation_v3,2026-07-28T17:42:59Z,36,30,1,265,266,next_contact,P1-C1,Ryu,2454108608,12,257,5B,P2-C1,Ken the Eagle,2457778656,1,move_definition,medium,68.0,0,10,"Mid, Medium Hit",10,0,,False,[],[134217730],1,[],64,Standard-strike baseline,standard-strike baseline,0,0,0,0,,False,525,525,0,0,hp_delta,False,False,1,0,525,0,hit,"[""HP -525"",""hitstun +5""]",13304,12779,12779,44000,11672,11882,11882,210,210,50000,50000,50000,35668,35760,35760,0,0,0,1.0,1.0,1.0,1.0,False,0,0,0,91,91,91,0x005B Soft Knockdown,knockdown,knockdown,knockdown,knockdown,17,0,0,0,0,0.9285869002342224,0.8269352316856384,0.9937973618507385,54.70924377441406,59.95370101928711,60.97052764892578,54.70924377441406,59.95370101928711,60.97052764892578,-0.10165166854858398,5.244457244873047,-0.10165166854858398,5.244457244873047,0.0,0.0,0.04655492305755615,-1.7571258544921875,1.7571258544921875,0.0,0.0,0.0,0.0,True,False,False,False,False,2,source age 0f; current move definition
3,read_only_snapshot_contact_correlation_v3,2026-07-28T17:43:00Z,37,31,1,267,268,next_contact,P1-C1,Ryu,2454108608,12,258,5C,P2-C1,Ken the Eagle,2457778656,1,move_definition,medium,68.0,0,12,"Mid, Heavy Hit",12,0,,False,[],[134217732],1,[],64,Standard-strike baseline,standard-strike baseline,0,0,0,0,,False,904,904,0,0,hp_delta,False,False,1,0,904,0,hit,"[""HP -904"",""hitstun +4""]",12779,11875,11875,44000,11882,12244,12244,362,362,50000,50000,50000,35760,35919,35919,0,0,0,1.0,1.0,1.0,1.0,False,0,0,0,91,91,91,0x005B Soft Knockdown,knockdown,knockdown,knockdown,knockdown,21,0,0,0,0,0.9937973618507385,0.77717524766922,1.250186800956726,60.97052764892578,57.407814025878906,51.71482467651367,60.97052764892578,57.407814025878906,51.71482467651367,-0.21662211418151855,-3.562713623046875,-0.21662211418151855,-3.562713623046875,0.0,0.0,-0.03910040855407715,0.2749366760253906,0.2749366760253906,0.0,0.0,0.0,0.0,True,False,False,False,False,2,source age 0f; current move definition
3,read_only_snapshot_contact_correlation_v3,2026-07-28T17:43:00Z,38,32,1,269,271,next_contact,P1-C1,Ryu,2454108608,12,262,6C,P2-C1,Ken the Eagle,2457778656,1,move_definition,medium,80.0,0,12,"Mid, Heavy Hit",12,0,,False,[],[134217732],1,[],64,Standard-strike baseline,standard-strike baseline,0,0,0,0,,False,790,790,0,0,hp_delta,False,False,1,0,790,0,hit,"[""HP -790""]",11875,11085,11085,44000,12244,12560,12560,316,316,50000,50000,50000,35919,36059,36059,0,0,0,1.0,1.0,1.0,1.0,False,0,0,0,91,91,91,0x005B Soft Knockdown,knockdown,knockdown,knockdown,knockdown,21,0,0,0,0,1.250186800956726,1.5435281991958618,1.2416051626205444,51.71482467651367,43.5577392578125,56.625328063964844,51.71482467651367,43.5577392578125,56.625328063964844,0.29334139823913574,-8.157085418701172,0.29334139823913574,-8.157085418701172,0.0,0.0,-0.008543252944946289,-0.3479347229003906,1.3789634704589844,0.0,0.0,0.0,0.0,True,False,False,False,False,3,source age 0f; current move definition; action ID matched
3,read_only_snapshot_contact_correlation_v3,2026-07-28T17:43:00Z,39,33,1,272,273,next_contact,P1-C1,Ryu,2454108608,12,309,Tatsu H,P2-C1,Ken the Eagle,2457778656,1,move_definition,medium,80.0,0,12,"Mid, Heavy Hit",12,512,"No guard category, No strength tier, Hard knockdown 0x00000200",False,[512],[516],2,"[1,2]",262208,"Standard-strike baseline, Special chip route B, one-eighth damage",standard-strike baseline; special chip route,12,262208,0,0,,False,588,588,0,0,hp_delta,False,False,1,0,588,0,hit,"[""HP -588""]",11085,10497,10497,44000,12560,12796,12796,236,236,50000,50000,50000,36059,36163,36163,0,0,0,1.0,1.0,1.0,1.0,False,0,0,0,91,91,80,0x005B Soft Knockdown > 0x0050 Hard Knockdown,knockdown,knockdown,knockdown,knockdown,21,0,0,0,0,1.2416051626205444,1.2276830673217773,1.145380973815918,56.625328063964844,47.791107177734375,49.284881591796875,56.625328063964844,47.791107177734375,49.284881591796875,-0.01392209529876709,-8.834220886230469,-0.01392209529876709,-8.834220886230469,0.0,0.0,0.0,0.0,0.0,0.0,0.0,0.0,0.0,True,False,False,False,False,2,source age 0f; current move definition; action ID matched
3,read_only_snapshot_contact_correlation_v3,2026-07-28T17:43:01Z,40,33,2,274,275,next_contact,P1-C1,Ryu,2454108608,12,309,Tatsu H,P2-C1,Ken the Eagle,2457778656,1,move_definition,medium,80.0,0,12,"Mid, Heavy Hit",12,512,"No guard category, No strength tier, Hard knockdown 0x00000200",False,[512],[516],2,"[1,2]",262208,"Standard-strike baseline, Special chip route B, one-eighth damage",standard-strike baseline; special chip route,12,262208,0,0,,False,470,470,0,0,hp_delta,False,False,1,0,470,0,hit,"[""HP -470""]",10497,10027,10027,44000,12796,12984,12984,188,188,50000,50000,50000,36163,36267,36267,0,0,0,1.0,1.0,1.0,1.0,False,0,0,0,80,80,80,0x0050 Hard Knockdown,knockdown,knockdown,knockdown,knockdown,21,0,0,0,0,1.145380973815918,1.499626636505127,1.7387564182281494,49.284881591796875,43.77838897705078,45.05018997192383,49.284881591796875,43.77838897705078,45.05018997192383,0.354245662689209,-5.506492614746094,0.354245662689209,-5.506492614746094,0.0,0.0,0.15486693382263184,-0.5256843566894531,0.5256843566894531,0.0,4.021922508318323,4.021922508318323,0.0,True,False,False,False,False,2,source age 0f; current move definition; action ID matched
3,read_only_snapshot_contact_correlation_v3,2026-07-28T17:43:01Z,41,33,3,276,276,next_contact,P1-C1,Ryu,2454108608,12,309,Tatsu H,P2-C1,Ken the Eagle,2457778656,1,move_definition,medium,80.0,0,12,"Mid, Heavy Hit",12,512,"No guard category, No strength tier, Hard knockdown 0x00000200",False,[512],[516],2,"[1,2]",262208,"Standard-strike baseline, Special chip route B, one-eighth damage",standard-strike baseline; special chip route,12,262208,0,0,,False,471,471,0,0,hp_delta,False,False,1,0,471,0,hit,"[""HP -471""]",10027,9556,9556,44000,12984,13173,13173,189,189,50000,50000,50000,36267,36371,36371,0,0,0,1.0,1.0,1.0,1.0,False,0,0,0,80,80,80,0x0050 Hard Knockdown,knockdown,knockdown,knockdown,knockdown,21,0,0,0,0,1.7387564182281494,1.7393745183944702,1.7393745183944702,45.05018997192383,40.4146614074707,40.4146614074707,45.05018997192383,40.4146614074707,40.4146614074707,0.0006181001663208008,-4.635528564453125,0.0006181001663208008,-4.635528564453125,0.0,0.0,0.0,0.0,0.0,0.0,7.394183205421014,7.394183205421014,0.0,True,False,False,True,True,1,source age 0f; current move definition; action ID matched
3,read_only_snapshot_contact_correlation_v3,2026-07-28T17:43:02Z,42,33,4,277,289,next_contact,P1-C1,Ryu,2454108608,12,309,Tatsu H,P2-C1,Ken the Eagle,2457778656,1,move_definition,medium,80.0,0,12,"Mid, Heavy Hit",12,512,"No guard category, No strength tier, Hard knockdown 0x00000200",False,[512],[516],2,"[1,2]",262208,"Standard-strike baseline, Special chip route B, one-eighth damage",standard-strike baseline; special chip route,12,262208,0,0,,False,472,472,0,0,hp_delta,False,False,1,0,472,0,hit,"[""HP -472""]",9556,9084,9084,44000,13173,13362,13362,189,189,50000,50000,50000,36371,36475,36475,0,0,0,1.0,1.0,1.0,1.0,False,0,0,0,80,80,80,0x0050 Hard Knockdown,knockdown,knockdown,knockdown,knockdown,21,0,0,0,0,1.7393745183944702,2.025899648666382,2.3971714973449707,40.4146614074707,36.25480270385742,34.19995880126953,40.4146614074707,36.25480270385742,34.19995880126953,0.2865251302719116,-4.159858703613281,0.2865251302719116,-4.159858703613281,0.0,0.0,0.05592846870422363,-0.5934944152832031,0.7346229553222656,0.0,11.563897953974505,11.563897953974505,0.0,True,False,False,True,True,13,source age 0f; current move definition; action ID matched
3,read_only_snapshot_contact_correlation_v3,2026-07-28T17:43:04Z,43,34,1,290,290,next_contact,P1-C1,Ryu,2454108608,12,352,Shinkuu,P2-C1,Ken the Eagle,2457778656,1,live_attack_actor,high,96.0,0,12,"Mid, Heavy Hit",12,0,,False,[],[12],0,[],291,"Native result modifier +0004, Sustained-contact actor route, Initial actor phase, Spawned-attack core flag (correlated)",native result +0004; spawned-attack core; sustained-contact route; initial actor phase,265,35,0,2444319156,,False,938,201,737,0,hp_delta,False,True,2,0,938,0,hit,"[""HP -938""]",9084,8146,8146,44000,13362,13740,13740,378,378,50000,50000,50000,36475,36475,36475,0,0,0,1.0,1.0,1.0,1.0,False,0,0,0,80,80,80,0x0050 Hard Knockdown,knockdown,knockdown,knockdown,knockdown,21,0,0,0,0,2.3971714973449707,2.363698959350586,2.363698959350586,34.19995880126953,28.773204803466797,28.773204803466797,34.19995880126953,28.773204803466797,28.773204803466797,-0.033472537994384766,-5.426753997802734,-0.033472537994384766,-5.426753997802734,-0.00714874267578125,0.6660366058349609,-0.00714874267578125,0.6660366058349609,0.0,0.0,0.0,0.0,0.0,True,False,False,False,False,1,source age 0f; live attack actor; action ID matched
3,read_only_snapshot_contact_correlation_v3,2026-07-28T17:43:04Z,44,34,2,291,291,next_contact,P1-C1,Ryu,2454108608,12,352,Shinkuu,P2-C1,Ken the Eagle,2457778656,1,live_attack_actor,high,96.0,0,12,"Mid, Heavy Hit",12,0,,False,[],[12],0,[],291,"Native result modifier +0004, Sustained-contact actor route, Initial actor phase, Spawned-attack core flag (correlated)",native result +0004; spawned-attack core; sustained-contact route; initial actor phase,265,35,0,2444319156,,False,938,469,469,0,hp_delta,False,True,2,0,938,0,hit,"[""HP -938"",""last-hit/action transition""]",8146,7208,7208,44000,13740,14118,14118,378,378,50000,50000,50000,36475,36475,36475,0,0,0,1.0,1.0,1.0,1.0,False,0,0,0,80,91,91,0x005B Soft Knockdown,knockdown,knockdown,knockdown,knockdown,21,0,0,0,0,2.363698959350586,2.376690149307251,2.376690149307251,28.773204803466797,27.360748291015625,27.360748291015625,28.773204803466797,27.360748291015625,27.360748291015625,0.012991189956665039,-1.4124565124511719,0.012991189956665039,-1.4124565124511719,0.0035064220428466797,0.16986846923828125,0.0035064220428466797,0.16986846923828125,0.0,0.4961681365966797,0.9162913536315705,1.4125162549798207,0.49628253274621953,True,False,False,False,False,1,source age 0f; live attack actor; action ID matched
3,read_only_snapshot_contact_correlation_v3,2026-07-28T17:43:04Z,45,34,3,292,292,next_contact,P1-C1,Ryu,2454108608,12,352,Shinkuu,P2-C1,Ken the Eagle,2457778656,1,live_attack_actor,high,96.0,0,12,"Mid, Heavy Hit",12,0,,False,[],[12],0,[],291,"Native result modifier +0004, Sustained-contact actor route, Initial actor phase, Spawned-attack core flag (correlated)",native result +0004; spawned-attack core; sustained-contact route; initial actor phase,265,35,0,2444319156,,False,469,268,201,0,hp_delta,False,True,2,0,469,0,hit,"[""HP -469""]",7208,6739,6739,44000,14118,14307,14307,189,189,50000,50000,50000,36475,36475,36475,0,0,0,1.0,1.0,1.0,1.0,False,0,0,0,91,91,91,0x005B Soft Knockdown,knockdown,knockdown,knockdown,knockdown,21,0,0,0,0,2.376690149307251,2.3702332973480225,2.3702332973480225,27.360748291015625,23.925718307495117,23.925718307495117,27.360748291015625,23.925718307495117,23.925718307495117,-0.006456851959228516,-3.435029983520508,-0.006456851959228516,-3.435029983520508,-0.0100555419921875,0.7826271057128906,-0.0100555419921875,0.7826271057128906,0.0,0.6127586364746094,4.964086209448696,4.847552306991811,1.109191231854586,True,False,False,False,False,1,source age 0f; live attack actor; action ID matched
3,read_only_snapshot_contact_correlation_v3,2026-07-28T17:43:05Z,46,34,4,293,293,next_contact,P1-C1,Ryu,2454108608,12,352,Shinkuu,P2-C1,Ken the Eagle,2457778656,1,live_attack_actor,high,96.0,0,12,"Mid, Heavy Hit",12,0,,False,[],[12],0,[],291,"Native result modifier +0004, Sustained-contact actor route, Initial actor phase, Spawned-attack core flag (correlated)",native result +0004; spawned-attack core; sustained-contact route; initial actor phase,265,35,0,2444319156,,False,469,268,201,0,hp_delta,False,True,2,0,469,0,hit,"[""HP -469""]",6739,6270,6270,44000,14307,14496,14496,189,189,50000,50000,50000,36475,36475,36475,0,0,0,1.0,1.0,1.0,1.0,False,0,0,0,91,91,91,0x005B Soft Knockdown,knockdown,knockdown,knockdown,knockdown,21,0,0,0,0,2.3702332973480225,2.37272310256958,2.37272310256958,23.925718307495117,22.41767692565918,22.41767692565918,23.925718307495117,22.41767692565918,22.41767692565918,0.002489805221557617,-1.5080413818359375,0.002489805221557617,-1.5080413818359375,0.0,0.0,0.0,0.0,0.0,0.7826271057128906,5.689539938073759,6.3555957441844155,1.891882933945066,True,False,False,False,False,1,source age 0f; live attack actor; action ID matched
3,read_only_snapshot_contact_correlation_v3,2026-07-28T17:43:05Z,47,34,5,294,294,next_contact,P1-C1,Ryu,2454108608,12,352,Shinkuu,P2-C1,Ken the Eagle,2457778656,1,live_attack_actor,high,96.0,0,12,"Mid, Heavy Hit",12,0,,False,[],[12],0,[],291,"Native result modifier +0004, Sustained-contact actor route, Initial actor phase, Spawned-attack core flag (correlated)",native result +0004; spawned-attack core; sustained-contact route; initial actor phase,265,35,0,2444319156,,False,469,268,201,0,hp_delta,False,True,2,0,469,0,hit,"[""HP -469""]",6270,5801,5801,44000,14496,14685,14685,189,189,50000,50000,50000,36475,36475,36475,0,0,0,1.0,1.0,1.0,1.0,False,0,0,0,91,91,91,0x005B Soft Knockdown,knockdown,knockdown,knockdown,knockdown,21,0,0,0,0,2.37272310256958,2.3852732181549072,2.3852732181549072,22.41767692565918,21.605735778808594,21.605735778808594,22.41767692565918,21.605735778808594,21.605735778808594,0.012550115585327148,-0.8119411468505859,0.012550115585327148,-0.8119411468505859,0.0,0.0,0.0,0.0,0.0,0.7826271057128906,6.501578072246194,7.167633878356851,1.891882933945066,True,False,False,False,False,1,source age 0f; live attack actor; action ID matched
3,read_only_snapshot_contact_correlation_v3,2026-07-28T17:43:05Z,48,34,6,295,295,next_contact,P1-C1,Ryu,2454108608,12,352,Shinkuu,P2-C1,Ken the Eagle,2457778656,1,live_attack_actor,high,96.0,0,12,"Mid, Heavy Hit",12,0,,False,[],[12],0,[],291,"Native result modifier +0004, Sustained-contact actor route, Initial actor phase, Spawned-attack core flag (correlated)",native result +0004; spawned-attack core; sustained-contact route; initial actor phase,265,35,0,2444319156,,False,645,176,469,0,hp_delta,False,True,2,0,645,0,hit,"[""HP -645""]",5801,5156,5156,44000,14685,14945,14945,260,260,50000,50000,50000,36475,36475,36475,0,0,0,1.0,1.0,1.0,1.0,False,0,0,0,91,91,91,0x005B Soft Knockdown,knockdown,knockdown,knockdown,knockdown,21,0,0,0,0,2.3852732181549072,2.3881866931915283,2.3881866931915283,21.605735778808594,21.538711547851562,21.538711547851562,21.605735778808594,21.538711547851562,21.538711547851562,0.0029134750366210938,-0.06702423095703125,0.0029134750366210938,-0.06702423095703125,0.0,0.0,0.0,0.0,0.0,0.7826271057128906,6.568665596214295,7.2347214023249515,1.891882933945066,True,False,False,False,False,1,source age 0f; live attack actor; action ID matched
3,read_only_snapshot_contact_correlation_v3,2026-07-28T17:43:05Z,49,34,7,296,296,next_contact,P1-C1,Ryu,2454108608,12,352,Shinkuu,P2-C1,Ken the Eagle,2457778656,1,live_attack_actor,high,96.0,0,12,"Mid, Heavy Hit",12,0,,False,[],[12],0,[],291,"Native result modifier +0004, Sustained-contact actor route, Initial actor phase, Spawned-attack core flag (correlated)",native result +0004; spawned-attack core; sustained-contact route; initial actor phase,265,35,0,2444319156,,False,411,411,0,0,hp_delta,False,False,1,0,411,0,hit,"[""HP -411""]",5156,4745,4745,44000,14945,15110,15110,165,165,50000,50000,50000,36475,36475,36475,0,0,0,1.0,1.0,1.0,1.0,False,0,0,0,91,91,91,0x005B Soft Knockdown,knockdown,knockdown,knockdown,knockdown,21,0,0,0,0,2.3881866931915283,2.3891513347625732,2.3891513347625732,21.538711547851562,23.388559341430664,23.388559341430664,21.538711547851562,23.388559341430664,23.388559341430664,0.0009646415710449219,1.8498477935791016,0.0009646415710449219,1.8498477935791016,0.0,0.0,0.0,0.0,0.0,0.7826271057128906,8.418513641309575,9.084569447420233,1.891882933945066,True,False,False,False,False,1,source age 0f; live attack actor; action ID matched
3,read_only_snapshot_contact_correlation_v3,2026-07-28T17:43:05Z,50,34,8,297,297,next_contact,P1-C1,Ryu,2454108608,12,352,Shinkuu,P2-C1,Ken the Eagle,2457778656,1,live_attack_actor,high,96.0,0,12,"Mid, Heavy Hit",12,0,,False,[],[12],0,[],291,"Native result modifier +0004, Sustained-contact actor route, Initial actor phase, Spawned-attack core flag (correlated)",native result +0004; spawned-attack core; sustained-contact route; initial actor phase,265,35,0,2444319156,,False,411,235,176,0,hp_delta,False,True,2,0,411,0,hit,"[""HP -411""]",4745,4334,4334,44000,15110,15275,15275,165,165,50000,50000,50000,36475,36475,36475,0,0,0,1.0,1.0,1.0,1.0,False,0,0,0,91,91,91,0x005B Soft Knockdown,knockdown,knockdown,knockdown,knockdown,21,0,0,0,0,2.3891513347625732,2.39235782623291,2.39235782623291,23.388559341430664,21.518524169921875,21.518524169921875,23.388559341430664,21.518524169921875,21.518524169921875,0.003206491470336914,-1.870035171508789,0.003206491470336914,-1.870035171508789,0.0,0.0,0.0,0.0,0.0,0.7826271057128906,10.28855156185222,10.954607367962875,1.891882933945066,True,False,False,False,False,1,source age 0f; live attack actor; action ID matched
3,read_only_snapshot_contact_correlation_v3,2026-07-28T17:43:05Z,51,34,9,298,298,next_contact,P1-C1,Ryu,2454108608,12,352,Shinkuu,P2-C1,Ken the Eagle,2457778656,1,live_attack_actor,high,96.0,0,12,"Mid, Heavy Hit",12,0,,False,[],[12],0,[],291,"Native result modifier +0004, Sustained-contact actor route, Initial actor phase, Spawned-attack core flag (correlated)",native result +0004; spawned-attack core; sustained-contact route; initial actor phase,265,35,0,2444319156,,False,176,176,0,0,hp_delta,False,False,1,0,176,0,hit,"[""HP -176""]",4334,4158,4158,44000,15275,15346,15346,71,71,50000,50000,50000,36475,36475,36475,0,0,0,1.0,1.0,1.0,1.0,False,0,0,0,91,91,91,0x005B Soft Knockdown,knockdown,knockdown,knockdown,knockdown,21,0,0,0,0,2.39235782623291,2.3944461345672607,2.3944461345672607,21.518524169921875,21.508451461791992,21.508451461791992,21.518524169921875,21.508451461791992,21.508451461791992,0.002088308334350586,-0.010072708129882812,0.002088308334350586,-0.010072708129882812,0.004216909408569336,0.0,0.004216909408569336,0.0,0.0,0.7826271057128906,10.298846725357622,10.964894276184937,1.8960998433536354,True,False,False,False,False,1,source age 0f; live attack actor; action ID matched
3,read_only_snapshot_contact_correlation_v3,2026-07-28T17:43:05Z,52,34,10,299,299,next_contact,P1-C1,Ryu,2454108608,12,352,Shinkuu,P2-C1,Ken the Eagle,2457778656,1,live_attack_actor,high,96.0,0,12,"Mid, Heavy Hit",12,0,,False,[],[12],0,[],291,"Native result modifier +0004, Sustained-contact actor route, Initial actor phase, Spawned-attack core flag (correlated)",native result +0004; spawned-attack core; sustained-contact route; initial actor phase,265,35,0,2444319156,,False,411,176,235,0,hp_delta,False,True,2,0,411,0,hit,"[""HP -411""]",4158,3747,3747,44000,15346,15511,15511,165,165,50000,50000,50000,36475,36475,36475,0,0,0,1.0,1.0,1.0,1.0,False,0,0,0,91,91,91,0x005B Soft Knockdown,knockdown,knockdown,knockdown,knockdown,21,0,0,0,0,2.3944461345672607,2.3965370655059814,2.3965370655059814,21.508451461791992,21.49838638305664,21.49838638305664,21.508451461791992,21.49838638305664,21.49838638305664,0.002090930938720703,-0.010065078735351562,0.002090930938720703,-0.010065078735351562,0.0,0.0,0.0,0.0,0.0,0.7826271057128906,10.310725052672346,10.97517424710607,1.9003167527622047,True,False,False,False,False,1,source age 0f; live attack actor; action ID matched
3,read_only_snapshot_contact_correlation_v3,2026-07-28T17:43:06Z,53,34,11,300,300,next_contact,P1-C1,Ryu,2454108608,12,352,Shinkuu,P2-C1,Ken the Eagle,2457778656,1,live_attack_actor,high,96.0,0,12,"Mid, Heavy Hit",12,0,,False,[],[12],0,[],291,"Native result modifier +0004, Sustained-contact actor route, Initial actor phase, Spawned-attack core flag (correlated)",native result +0004; spawned-attack core; sustained-contact route; initial actor phase,265,35,0,2444319156,,False,411,176,235,0,hp_delta,False,True,2,0,411,0,hit,"[""HP -411""]",3747,3336,3336,44000,15511,15676,15676,165,165,50000,50000,50000,36475,36475,36475,0,0,0,1.0,1.0,1.0,1.0,False,0,0,0,91,91,91,0x005B Soft Knockdown,knockdown,knockdown,knockdown,knockdown,21,0,0,0,0,2.3965370655059814,2.398629903793335,2.398629903793335,21.49838638305664,21.48832893371582,21.48832893371582,21.49838638305664,21.48832893371582,21.48832893371582,0.0020928382873535156,-0.010057449340820312,0.0020928382873535156,-0.010057449340820312,0.010897397994995117,-0.8551502227783203,0.010897397994995117,-0.8551502227783203,0.0,1.637777328491211,11.155863689812982,10.985447136638241,2.75553640688673,True,False,False,False,False,1,source age 0f; live attack actor; action ID matched
3,read_only_snapshot_contact_correlation_v3,2026-07-28T17:43:06Z,54,34,12,301,301,next_contact,P1-C1,Ryu,2454108608,12,352,Shinkuu,P2-C1,Ken the Eagle,2457778656,1,live_attack_actor,high,96.0,0,12,"Mid, Heavy Hit",12,0,,False,[],[12],0,[],291,"Native result modifier +0004, Sustained-contact actor route, Initial actor phase, Spawned-attack core flag (correlated)",native result +0004; spawned-attack core; sustained-contact route; initial actor phase,265,35,0,2444319156,,False,411,176,235,0,hp_delta,False,True,2,0,411,0,hit,"[""HP -411""]",3336,2925,2925,44000,15676,15841,15841,165,165,50000,50000,50000,36475,36475,36475,0,0,0,1.0,1.0,1.0,1.0,False,0,0,0,91,91,91,0x005B Soft Knockdown,knockdown,knockdown,knockdown,knockdown,21,0,0,0,0,2.398629903793335,2.400306224822998,2.400306224822998,21.48832893371582,21.53296661376953,21.53296661376953,21.48832893371582,21.53296661376953,21.53296661376953,0.001676321029663086,0.04463768005371094,0.001676321029663086,0.04463768005371094,0.0,0.0,0.0,0.0,0.0,1.637777328491211,11.966473756567659,11.030116281836822,3.610756061011255,True,False,False,False,False,1,source age 0f; live attack actor; action ID matched
3,read_only_snapshot_contact_correlation_v3,2026-07-28T17:43:06Z,55,34,13,302,302,next_contact,P1-C1,Ryu,2454108608,12,352,Shinkuu,P2-C1,Ken the Eagle,2457778656,1,live_attack_actor,high,96.0,0,12,"Mid, Heavy Hit",12,0,,False,[],[12],0,[],291,"Native result modifier +0004, Sustained-contact actor route, Initial actor phase, Spawned-attack core flag (correlated)",native result +0004; spawned-attack core; sustained-contact route; initial actor phase,265,35,0,2444319156,,False,411,411,0,0,hp_delta,False,False,1,0,411,0,hit,"[""HP -411""]",2925,2514,2514,44000,15841,16006,16006,165,165,50000,50000,50000,36475,36475,36475,0,0,0,1.0,1.0,1.0,1.0,False,0,0,0,91,91,91,0x005B Soft Knockdown,knockdown,knockdown,knockdown,knockdown,21,0,0,0,0,2.400306224822998,2.5825488567352295,2.5825488567352295,21.53296661376953,22.673864364624023,22.673864364624023,21.53296661376953,22.673864364624023,22.673864364624023,0.18224263191223145,1.1408977508544922,0.18224263191223145,1.1408977508544922,0.0,0.0,0.0,0.0,0.0,1.637777328491211,13.121835195594917,12.18547772086408,3.610756061011255,True,False,False,False,False,1,source age 0f; live attack actor; action ID matched
3,read_only_snapshot_contact_correlation_v3,2026-07-28T17:43:06Z,56,34,14,303,303,next_contact,P1-C1,Ryu,2454108608,12,352,Shinkuu,P2-C1,Ken the Eagle,2457778656,1,live_attack_actor,high,96.0,0,12,"Mid, Heavy Hit",12,0,,False,[],[12],0,[],291,"Native result modifier +0004, Sustained-contact actor route, Initial actor phase, Spawned-attack core flag (correlated)",native result +0004; spawned-attack core; sustained-contact route; initial actor phase,265,35,0,2444319156,,False,176,176,0,0,hp_delta,False,False,1,0,176,0,hit,"[""HP -176""]",2514,2338,2338,44000,16006,16077,16077,71,71,50000,50000,50000,36475,36475,36475,0,0,0,1.0,1.0,1.0,1.0,False,0,0,0,91,91,91,0x005B Soft Knockdown,knockdown,knockdown,knockdown,knockdown,4,0,0,0,0,2.5825488567352295,2.584228754043579,2.584228754043579,22.673864364624023,22.666061401367188,22.666061401367188,22.673864364624023,22.666061401367188,22.666061401367188,0.0016798973083496094,-0.0078029632568359375,0.0016798973083496094,-0.0078029632568359375,0.0,0.0,0.0,0.0,0.0,1.637777328491211,13.129816942932068,12.193459468201231,3.610756061011255,True,False,False,False,False,1,source age 0f; live attack actor; action ID matched
3,read_only_snapshot_contact_correlation_v3,2026-07-28T17:43:06Z,57,34,15,304,304,next_contact,P1-C1,Ryu,2454108608,12,352,Shinkuu,P2-C1,Ken the Eagle,2457778656,1,live_attack_actor,high,96.0,0,12,"Mid, Heavy Hit",12,0,,False,[],[12],0,[],291,"Native result modifier +0004, Sustained-contact actor route, Initial actor phase, Spawned-attack core flag (correlated)",native result +0004; spawned-attack core; sustained-contact route; initial actor phase,265,35,0,2444319156,,False,176,176,0,0,hp_delta,False,False,1,0,176,0,hit,"[""HP -176"",""hitstun +17""]",2338,2162,2162,44000,16077,16148,16148,71,71,50000,50000,50000,36475,36475,36475,0,0,0,1.0,1.0,1.0,1.0,False,0,0,0,91,91,91,0x005B Soft Knockdown,knockdown,knockdown,knockdown,knockdown,21,0,0,0,0,2.584228754043579,2.583380699157715,2.583380699157715,22.666061401367188,19.890785217285156,19.890785217285156,22.666061401367188,19.890785217285156,19.890785217285156,-0.0008480548858642578,-2.7752761840820312,-0.0008480548858642578,-2.7752761840820312,-0.00031566619873046875,0.0,-0.00031566619873046875,0.0,0.0,1.637777328491211,15.905093178078875,14.968735781855425,3.6110717272099855,True,False,False,False,False,1,source age 0f; live attack actor; action ID matched
3,read_only_snapshot_contact_correlation_v3,2026-07-28T17:43:06Z,58,34,16,305,305,next_contact,P1-C1,Ryu,2454108608,12,352,Shinkuu,P2-C1,Ken the Eagle,2457778656,1,live_attack_actor,high,96.0,0,12,"Mid, Heavy Hit",12,0,,False,[],[12],0,[],291,"Native result modifier +0004, Sustained-contact actor route, Initial actor phase, Spawned-attack core flag (correlated)",native result +0004; spawned-attack core; sustained-contact route; initial actor phase,265,35,0,2444319156,,False,176,176,0,0,hp_delta,False,False,1,0,176,0,hit,"[""HP -176""]",2162,1986,1986,44000,16148,16219,16219,71,71,50000,50000,50000,36475,36475,36475,0,0,0,1.0,1.0,1.0,1.0,False,0,0,0,91,91,91,0x005B Soft Knockdown,knockdown,knockdown,knockdown,knockdown,21,0,0,0,0,2.583380699157715,2.577759265899658,2.577759265899658,19.890785217285156,21.096120834350586,21.096120834350586,19.890785217285156,21.096120834350586,21.096120834350586,-0.005621433258056641,1.2053356170654297,-0.005621433258056641,1.2053356170654297,0.0,0.0,0.0,0.0,0.0,1.637777328491211,17.110443417186357,16.174084507444157,3.611387393408716,True,False,False,False,False,1,source age 0f; live attack actor; action ID matched
3,read_only_snapshot_contact_correlation_v3,2026-07-28T17:43:06Z,59,34,17,306,322,next_contact,P1-C1,Ryu,2454108608,12,352,Shinkuu,P2-C1,Ken the Eagle,2457778656,1,live_attack_actor,high,96.0,0,12,"Mid, Heavy Hit",12,0,,False,[],[12],0,[],291,"Native result modifier +0004, Sustained-contact actor route, Initial actor phase, Spawned-attack core flag (correlated)",native result +0004; spawned-attack core; sustained-contact route; initial actor phase,265,35,0,2444319156,,False,254,254,0,0,hp_delta,False,False,1,0,254,0,hit,"[""HP -254""]",1986,1732,1732,44000,16219,16321,16321,102,102,50000,50000,50000,36475,36475,36475,0,0,0,1.0,1.0,1.0,1.0,False,0,0,0,91,91,1,0x005B Soft Knockdown > 0x00A0 Air Recovery > 0x001E Action 30 > 0x0001 Action 1,knockdown,knockdown,hitstun,knockdown > air_recovery > hitstun,21,0,0,0,0,2.577759265899658,2.588986396789551,4.803675174713135,21.096120834350586,21.903465270996094,0.0,21.096120834350586,21.903465270996094,0.0,0.011227130889892578,0.8073444366455078,0.011227130889892578,0.8073444366455078,0.0,0.0,0.0,0.0,0.6668243408203125,1.637777328491211,17.91786591368399,16.98150700394179,3.611387393408716,True,False,True,False,False,17,source age 0f; live attack actor; action ID matched
3,read_only_snapshot_contact_correlation_v3,2026-07-28T17:43:09Z,60,35,1,323,323,next_contact,P1-C1,Ryu,2454108608,12,352,Shinkuu,P2-C1,Ken the Eagle,2457778656,1,live_attack_actor,high,120.0,0,12,"Mid, Heavy Hit",12,0,,False,[],[12],0,[],291,"Native result modifier +0004, Sustained-contact actor route, Initial actor phase, Spawned-attack core flag (correlated)",native result +0004; spawned-attack core; sustained-contact route; initial actor phase,265,35,0,2444319156,,False,504,504,0,0,hp_delta,False,False,1,0,504,0,hit,"[""HP -504""]",1732,1228,1228,44000,16321,16523,16523,202,202,50000,50000,50000,36475,36475,36475,0,0,0,1.0,1.0,1.0,1.0,False,0,0,0,1,1,1,0x0001 Action 1,hitstun,hitstun,hitstun,hitstun,4,0,0,0,0,4.803675174713135,4.692561149597168,4.692561149597168,0.0,0.0,0.0,0.0,0.0,0.0,-0.1111140251159668,0.0,-0.1111140251159668,0.0,0.0,0.0,0.0,0.0,0.0,0.0,0.0,0.0,0.0,False,False,False,False,False,1,source age 0f; live attack actor; action ID matched; distance 0.00
3,read_only_snapshot_contact_correlation_v3,2026-07-28T17:43:09Z,61,35,2,324,324,next_contact,P1-C1,Ryu,2454108608,12,352,Shinkuu,P2-C1,Ken the Eagle,2457778656,1,live_attack_actor,high,120.0,0,12,"Mid, Heavy Hit",12,0,,False,[],[12],0,[],291,"Native result modifier +0004, Sustained-contact actor route, Initial actor phase, Spawned-attack core flag (correlated)",native result +0004; spawned-attack core; sustained-contact route; initial actor phase,265,35,0,2444319156,,False,982,478,504,0,hp_delta,False,True,2,0,982,0,hit,"[""HP -982"",""hitstun +16"",""last-hit/action transition""]",1228,246,246,44000,16523,16917,16917,394,394,50000,50000,50000,36475,36475,36475,0,0,0,1.0,1.0,1.0,1.0,False,0,0,0,1,64,64,0x0040 Standing Hitstun,hitstun,hitstun,hitstun,hitstun,20,0,0,0,0,4.692561149597168,5.137716770172119,5.137716770172119,0.0,0.0,0.0,0.0,0.0,0.0,0.44515562057495117,0.0,0.44515562057495117,0.0,0.03874969482421875,0.0,0.03874969482421875,0.0,0.0,0.03874969482421875,0.4064059257507324,0.44515562057495117,0.03874969482421875,False,False,False,False,False,1,source age 0f; live attack actor; action ID matched; distance 0.04
3,read_only_snapshot_contact_correlation_v3,2026-07-28T17:43:09Z,62,35,3,325,325,next_contact,P1-C1,Ryu,2454108608,12,352,Shinkuu,P2-C1,Ken the Eagle,2457778656,1,live_attack_actor,high,120.0,0,12,"Mid, Heavy Hit",12,0,,False,[],[12],0,[],291,"Native result modifier +0004, Sustained-contact actor route, Initial actor phase, Spawned-attack core flag (correlated)",native result +0004; spawned-attack core; sustained-contact route; initial actor phase,265,35,0,2444319156,,False,245,377,0,132,hp_delta,False,False,1,0,245,0,hit,"[""HP -245""]",246,1,1,44000,16917,16168,16168,-749,0,50000,50000,50000,36475,36475,36475,0,0,0,1.0,1.0,1.0,1.0,False,0,0,0,64,64,64,0x0040 Standing Hitstun,hitstun,hitstun,hitstun,hitstun,19,0,0,0,0,5.137716770172119,5.075876235961914,5.075876235961914,0.0,0.0,0.0,0.0,0.0,0.0,-0.06184053421020508,0.0,-0.06184053421020508,0.0,-0.056704044342041016,0.0,-0.056704044342041016,0.0,0.0,0.09545373916625977,0.4400191307067871,0.5069961547851562,0.13420343399047852,False,False,False,False,False,1,source age 0f; live attack actor; action ID matched; distance 0.06
3,read_only_snapshot_contact_correlation_v3,2026-07-28T17:43:10Z,63,35,4,326,327,next_contact,P1-C1,Ryu,2454108608,12,352,Shinkuu,P2-C1,Ken the Eagle,2457778656,1,live_attack_actor,high,120.0,0,12,"Mid, Heavy Hit",12,0,,False,[],[12],0,[],291,"Native result modifier +0004, Sustained-contact actor route, Initial actor phase, Spawned-attack core flag (correlated)",native result +0004; spawned-attack core; sustained-contact route; initial actor phase,265,35,0,2444319156,,False,0,276,0,0,last_hit_state_candidate,True,False,1,0,0,0,hit at HP floor,"[""last-hit changed without HP delta"",""hitstun +2""]",1,1,1,44000,16168,15417,15012,-751,0,50000,50000,50000,36475,36475,36475,0,0,0,1.0,1.0,1.0,1.0,False,0,0,0,64,64,64,0x0040 Standing Hitstun,hitstun,hitstun,hitstun,hitstun,21,0,0,0,0,5.075876235961914,4.721892356872559,5.059825897216797,0.0,0.0,0.0,0.0,0.0,0.0,-0.35398387908935547,0.0,-0.35398387908935547,0.0,-0.41899919509887695,0.0,0.3316655158996582,0.0,0.7506647109985352,0.4577488899230957,0.4483304023742676,0.8609800338745117,0.49649858474731445,False,False,False,False,False,2,source age 0f; live attack actor; action ID matched; distance 0.42
3,read_only_snapshot_contact_correlation_v3,2026-07-28T17:43:10Z,64,35,5,328,346,observation_window,P1-C1,Ryu,2454108608,12,352,Shinkuu,P2-C1,Ken the Eagle,2457778656,1,live_attack_actor,high,120.0,0,12,"Mid, Heavy Hit",12,0,,False,[],[12],0,[],291,"Native result modifier +0004, Sustained-contact actor route, Initial actor phase, Spawned-attack core flag (correlated)",native result +0004; spawned-attack core; sustained-contact route; initial actor phase,265,35,0,2444319156,,False,0,176,0,0,last_hit_state_candidate,True,False,1,0,0,0,hit at HP floor,"[""last-hit changed without HP delta"",""hitstun +1""]",1,1,36501,44000,15012,14697,0,-315,0,50000,50000,50000,36475,36475,36475,0,0,0,1.0,1.0,1.0,1.0,False,0,0,0,64,64,1,0x0040 Standing Hitstun > 0x005B Soft Knockdown > 0x00A0 Air Recovery > 0x0001 Action 1,hitstun,hitstun,hitstun,hitstun > knockdown > air_recovery > hitstun,21,0,0,0,0,5.059825897216797,5.063129425048828,5.3111796379089355,0.0,0.0,0.0,0.0,0.0,0.0,0.00330352783203125,0.0,0.00330352783203125,0.0,0.33090686798095703,0.0,0.00012922286987304688,0.0,1.2639050483703613,0.749906063079834,0.856999397277832,1.2022171020507812,1.2464046478271484,True,False,True,True,False,19,source age 0f; live attack actor; action ID matched; distance 0.33
5,native_damage_pipeline_plus_snapshot_contact_correlation_v5,2026-07-28T21:08:31Z,1,1,1,1382,1383,next_contact,P1-C1,Ryu,2454108608,12,256,5A,P2-C1,Ken the Eagle,2457778656,1,move_definition,high,104.0,0,9,"Mid, Light Hit",9,0,,False,[],[134217729],1,[],64,Standard-strike baseline,standard-strike baseline,0,0,0,0,,False,,False,,False,,False,,,False,,False,800,800,last_hit_single,True,800,800,0,0,hp_delta,False,False,1,0,800,0,hit,"[""HP -800""]",44000,43200,43200,44000,0,320,320,320,320,50000,50000,50000,24025,24025,24025,0,0,0,1.0,1.0,1.0,1.0,False,0,0,0,1,1,64,0x0001 Action 1 > 0x0040 Standing Hitstun,hitstun,hitstun,hitstun,hitstun,12,0,0,0,0,0.7254372239112854,0.6933518052101135,1.0042153596878052,0.0,0.0,0.0,0.0,0.0,0.0,-0.032085418701171875,0.0,-0.032085418701171875,0.0,0.0,-0.043993234634399414,0.0,-0.09343314170837402,0.04943990707397461,0.0,0.0,0.0,0.0,False,False,False,False,False,2,source age 0f; current move definition; action ID matched; distance 0.04
5,native_damage_pipeline_plus_snapshot_contact_correlation_v5,2026-07-28T21:08:32Z,2,2,1,1384,1385,next_contact,P1-C1,Ryu,2454108608,12,257,5B,P2-C1,Ken the Eagle,2457778656,1,move_definition,high,92.0,0,10,"Mid, Medium Hit",10,0,,False,[],[134217730],1,[],64,Standard-strike baseline,standard-strike baseline,0,0,0,0,,False,,False,,False,,False,,,False,,False,2592,,ambiguous_coalesced,False,2592,1224,1368,0,hp_delta,False,True,2,0,2592,0,hit,"[""HP -2592"",""hitstun +5""]",43200,40608,40608,44000,320,1358,1358,1038,1038,50000,50000,50000,24025,24499,24922,0,0,0,1.0,1.0,1.0,1.0,False,0,0,0,64,64,66,0x0040 Standing Hitstun > 0x0042 Low Hitstun,hitstun,hitstun,hitstun,hitstun,17,0,0,0,0,1.0042153596878052,1.2352674007415771,0.8250910639762878,0.0,0.0,0.0,0.0,0.0,0.0,0.23105204105377197,0.0,0.23105204105377197,0.0,-0.2719844579696655,-0.6354410648345947,-0.036680638790130615,-0.1189424991607666,0.5164985656738281,0.0,0.0,0.0,0.0,False,False,False,False,False,2,source age 0f; current move definition; distance 0.69
5,native_damage_pipeline_plus_snapshot_contact_correlation_v5,2026-07-28T21:08:32Z,3,3,1,1386,1387,next_contact,P1-C1,Ryu,2454108608,12,258,5C,P2-C1,Ken the Eagle,2457778656,1,move_definition,high,104.0,0,12,"Mid, Heavy Hit",12,0,,False,[],[134217732],1,[],64,Standard-strike baseline,standard-strike baseline,0,0,0,0,,False,,False,,False,,False,,,False,,False,2108,2108,last_hit_single,True,2108,2108,0,0,hp_delta,False,False,1,0,2108,0,hit,"[""HP -2108""]",40608,38500,38500,44000,1358,2202,2202,844,844,50000,50000,50000,24922,25652,25652,0,0,0,1.0,1.0,1.0,1.0,False,0,0,0,66,66,64,0x0042 Low Hitstun > 0x0040 Standing Hitstun,hitstun,hitstun,hitstun,hitstun,21,0,0,0,0,0.8250910639762878,0.736122190952301,1.2215838432312012,0.0,0.0,0.0,0.0,0.0,0.0,-0.08896887302398682,0.0,-0.08896887302398682,0.0,0.0,-0.09884345531463623,-0.06677722930908203,-0.40783214569091797,0.30898869037628174,0.0,0.0,0.0,0.0,False,False,False,False,False,2,source age 0f; current move definition; action ID matched; distance 0.10
5,native_damage_pipeline_plus_snapshot_contact_correlation_v5,2026-07-28T21:08:33Z,4,4,1,1388,1388,next_contact,P1-C1,Ryu,2454108608,12,261,2C,P2-C1,Ken the Eagle,2457778656,1,move_definition,medium,68.0,0,36,"Low, Heavy Hit",36,1024,"No guard category, No strength tier, Sweep 0x00000400",False,[1024],[134218756],1,[],64,Standard-strike baseline,standard-strike baseline,0,0,0,0,,False,,False,,False,,False,,,False,,False,1919,1919,last_hit_single,True,1919,1919,0,0,hp_delta,False,False,1,0,1919,0,hit,"[""HP -1919""]",38500,36581,36581,44000,2202,2970,2970,768,768,50000,50000,50000,25652,26317,26317,0,0,0,1.0,1.0,1.0,1.0,False,0,0,0,64,64,64,0x0040 Standing Hitstun,hitstun,hitstun,hitstun,hitstun,21,0,0,0,0,1.2215838432312012,1.4008750915527344,1.4008750915527344,0.0,18.429901123046875,18.429901123046875,0.0,18.429901123046875,18.429901123046875,0.1792912483215332,18.429901123046875,0.1792912483215332,18.429901123046875,0.23233354091644287,17.972915410995483,0.23233354091644287,17.972915410995483,0.0,0.0,0.0,0.0,0.0,False,False,False,False,False,1,source age 0f; current move definition
5,native_damage_pipeline_plus_snapshot_contact_correlation_v5,2026-07-28T21:08:33Z,5,5,1,1389,1390,next_contact,P1-C1,Ryu,2454108608,12,262,6C,P2-C1,Ken the Eagle,2457778656,1,move_definition,medium,80.0,0,12,"Mid, Heavy Hit",12,0,,False,[],[134217732],1,[],64,Standard-strike baseline,standard-strike baseline,0,0,0,0,,False,,False,,False,,False,,,False,,False,1663,1663,last_hit_single,True,1663,1663,0,0,hp_delta,False,False,1,0,1663,0,hit,"[""HP -1663"",""reaction hitstun->knockdown"",""last-hit/action transition""]",36581,34918,34918,44000,2970,3636,3636,666,666,50000,50000,50000,26317,26892,26892,0,0,0,1.0,1.0,1.0,1.0,False,0,0,0,64,96,91,0x0060 Soft Knockdown > 0x005B Soft Knockdown,hitstun,knockdown,knockdown,knockdown,21,0,0,0,0,1.4008750915527344,0.9997647404670715,0.4959588646888733,18.429901123046875,47.583778381347656,68.26863098144531,18.429901123046875,47.583778381347656,68.26863098144531,-0.40111035108566284,29.15387725830078,-0.40111035108566284,29.15387725830078,0.030752062797546387,47.581966400146484,-0.09754657745361328,67.69952893257141,20.117562532424927,0.0,0.0,0.0,0.0,True,False,False,False,False,2,source age 0f; current move definition; action ID matched
5,native_damage_pipeline_plus_snapshot_contact_correlation_v5,2026-07-28T21:08:34Z,6,6,1,1391,1401,next_contact,P1-C1,Ryu,2454108608,12,315,Donkey H,P2-C1,Ken the Eagle,2457778656,1,move_definition,medium,80.0,0,12,"Mid, Heavy Hit",12,2147484160,"No guard category, No strength tier, Wall-interaction hard knockdown 0x80000200",False,[2147484160],[2147484164],1,[],262208,"Standard-strike baseline, Special chip route B, one-eighth damage",standard-strike baseline; special chip route,0,0,0,0,,False,,False,,False,,False,,,False,,False,1971,1971,last_hit_single,True,1971,1971,0,0,hp_delta,False,False,1,0,1971,0,hit,"[""HP -1971""]",34918,32947,32947,44000,3636,4425,4425,789,789,50000,50000,50000,26892,27574,27574,0,0,0,1.0,1.0,1.0,1.0,False,0,0,0,91,91,1,0x005B Soft Knockdown > 0x0051 Bounce Launch > 0x0052 Bounce Off > 0x005C Hard Knockdown > 0x0077 Get Up Face Down > 0x0001 Action 1,knockdown,knockdown,hitstun,knockdown > wakeup > hitstun,21,0,0,0,0,0.4959588646888733,0.7905644774436951,0.4916079342365265,68.26863098144531,66.18083953857422,57.515907287597656,68.26863098144531,66.18083953857422,57.515907287597656,0.2946056127548218,-2.0877914428710938,0.2946056127548218,-2.0877914428710938,0.31407803297042847,65.57103681564331,0.1269720494747162,56.690293073654175,86.2118130326271,0.0,0.0,0.0,0.0,True,True,False,False,False,11,source age 0f; current move definition; action ID matched
5,native_damage_pipeline_plus_snapshot_contact_correlation_v5,2026-07-28T21:08:37Z,7,7,1,1402,1403,next_contact,P1-C1,Ryu,2454108608,12,267,j.C,P2-C1,Ken the Eagle,2457778656,1,move_definition,medium,80.0,0,20,"High, Heavy Hit",20,524288,"No guard category, No strength tier, Air knockdown 0x00080000",False,[524288],[134742020],1,[],64,Standard-strike baseline,standard-strike baseline,0,0,0,0,,False,,False,,False,,False,,,False,,False,2560,2560,last_hit_single,True,2560,2560,0,0,hp_delta,False,False,1,0,2560,0,hit,"[""HP -2560""]",32947,30387,30387,44000,4425,5449,5449,1024,1024,50000,50000,50000,27574,28463,28463,0,0,0,1.0,1.0,1.0,1.0,False,0,0,0,1,1,65,0x0001 Action 1 > 0x0041 Overhead Hitstun,hitstun,hitstun,hitstun,hitstun,21,0,0,0,0,0.4916079342365265,0.7090290188789368,0.5241292715072632,57.515907287597656,35.92386245727539,0.0,57.515907287597656,35.92386245727539,0.0,0.21742108464241028,-21.592044830322266,0.21742108464241028,-21.592044830322266,0.0,35.51856303215027,0.0,-0.3117321729660034,35.83029520511627,0.0,0.0,0.0,0.0,False,False,False,False,False,2,source age 0f; current move definition; action ID matched
5,native_damage_pipeline_plus_snapshot_contact_correlation_v5,2026-07-28T21:08:37Z,8,8,1,1404,1404,next_contact,P1-C1,Ryu,2454108608,12,256,5A,P2-C1,Ken the Eagle,2457778656,1,move_definition,high,92.0,0,9,"Mid, Light Hit",9,0,,False,[],[134217729],1,[],64,Standard-strike baseline,standard-strike baseline,0,0,0,0,,False,,False,,False,,False,,,False,,False,2056,,ambiguous_coalesced,False,2056,1296,760,0,hp_delta,False,True,2,0,2056,0,hit,"[""HP -2056""]",30387,28331,28331,44000,5449,6272,6272,823,823,50000,50000,50000,28463,29173,29173,0,0,0,1.0,1.0,1.0,1.0,False,0,0,0,65,65,65,0x0041 Overhead Hitstun,hitstun,hitstun,hitstun,hitstun,12,0,0,0,0,0.5241292715072632,0.9642943739891052,0.9642943739891052,0.0,0.0,0.0,0.0,0.0,0.0,0.44016510248184204,0.0,0.44016510248184204,0.0,0.08233028650283813,-0.04760706424713135,0.08233028650283813,-0.04760706424713135,0.0,0.0,0.0,0.0,0.0,False,False,False,False,False,1,source age 0f; current move definition; distance 0.10
5,native_damage_pipeline_plus_snapshot_contact_correlation_v5,2026-07-28T21:08:38Z,9,9,1,1405,1406,next_contact,P1-C1,Ryu,2454108608,12,257,5B,P2-C1,Ken the Eagle,2457778656,1,move_definition,high,92.0,0,10,"Mid, Medium Hit",10,0,,False,[],[134217730],1,[],64,Standard-strike baseline,standard-strike baseline,0,0,0,0,,False,,False,,False,,False,,,False,,False,1156,1156,last_hit_single,True,1156,1156,0,0,hp_delta,False,False,1,0,1156,0,hit,"[""HP -1156"",""hitstun +5"",""last-hit/action transition""]",28331,27175,27175,44000,6272,6735,6735,463,463,50000,50000,50000,29173,29573,29573,0,0,0,1.0,1.0,1.0,1.0,False,0,0,0,65,64,66,0x0040 Standing Hitstun > 0x0042 Low Hitstun,hitstun,hitstun,hitstun,hitstun,17,0,0,0,0,0.9642943739891052,0.946428120136261,0.5886349081993103,0.0,0.0,0.0,0.0,0.0,0.0,-0.01786625385284424,0.0,-0.01786625385284424,0.0,0.0,-0.769977331161499,0.0,-0.10665524005889893,0.6633220911026001,0.0,0.0,0.0,0.0,False,False,False,False,False,2,source age 0f; current move definition; distance 0.77
5,native_damage_pipeline_plus_snapshot_contact_correlation_v5,2026-07-28T21:08:38Z,10,10,1,1407,1407,next_contact,P1-C1,Ryu,2454108608,12,258,5C,P2-C1,Ken the Eagle,2457778656,1,move_definition,high,92.0,0,12,"Mid, Heavy Hit",12,0,,False,[],[134217732],1,[],64,Standard-strike baseline,standard-strike baseline,0,0,0,0,,False,,False,,False,,False,,,False,,False,1983,1983,last_hit_single,True,1983,1983,0,0,hp_delta,False,False,1,0,1983,0,hit,"[""HP -1983"",""hitstun +6""]",27175,25192,25192,44000,6735,7529,7529,794,794,50000,50000,50000,29573,30260,30260,0,0,0,1.0,1.0,1.0,1.0,False,0,0,0,66,66,66,0x0042 Low Hitstun,hitstun,hitstun,hitstun,hitstun,21,0,0,0,0,0.5886349081993103,1.2393972873687744,1.2393972873687744,0.0,0.0,0.0,0.0,0.0,0.0,0.6507623791694641,0.0,0.6507623791694641,0.0,-0.17509424686431885,-0.4022531509399414,-0.17509424686431885,-0.4022531509399414,0.0,0.0,0.0,0.0,0.0,False,False,False,False,False,1,source age 0f; current move definition; distance 0.44
5,native_damage_pipeline_plus_snapshot_contact_correlation_v5,2026-07-28T21:08:39Z,11,11,1,1408,1408,next_contact,P1-C1,Ryu,2454108608,12,261,2C,P2-C1,Ken the Eagle,2457778656,1,move_definition,medium,68.0,0,36,"Low, Heavy Hit",36,1024,"No guard category, No strength tier, Sweep 0x00000400",False,[1024],[134218756],1,[],64,Standard-strike baseline,standard-strike baseline,0,0,0,0,,False,,False,,False,,False,,,False,,False,1799,1799,last_hit_single,True,1799,1799,0,0,hp_delta,False,False,1,0,1799,0,hit,"[""HP -1799"",""last-hit/action transition""]",25192,23393,23393,44000,7529,8249,8249,720,720,50000,50000,50000,30260,30884,30884,0,0,0,1.0,1.0,1.0,1.0,False,0,0,0,66,64,64,0x0040 Standing Hitstun,hitstun,hitstun,hitstun,hitstun,21,0,0,0,0,1.2393972873687744,1.1270442008972168,1.1270442008972168,0.0,18.557695388793945,18.557695388793945,0.0,18.557695388793945,18.557695388793945,-0.11235308647155762,18.557695388793945,-0.11235308647155762,18.557695388793945,0.24098342657089233,18.018258213996887,0.24098342657089233,18.018258213996887,0.0,0.0,0.0,0.0,0.0,False,False,False,False,False,1,source age 0f; current move definition
5,native_damage_pipeline_plus_snapshot_contact_correlation_v5,2026-07-28T21:08:39Z,12,12,1,1409,1410,next_contact,P1-C1,Ryu,2454108608,12,262,6C,P2-C1,Ken the Eagle,2457778656,1,move_definition,medium,80.0,0,12,"Mid, Heavy Hit",12,0,,False,[],[134217732],1,[],64,Standard-strike baseline,standard-strike baseline,0,0,0,0,,False,,False,,False,,False,,,False,,False,1552,1552,last_hit_single,True,1552,1552,0,0,hp_delta,False,False,1,0,1552,0,hit,"[""HP -1552"",""reaction hitstun->knockdown"",""last-hit/action transition""]",23393,21841,21841,44000,8249,8870,8870,621,621,50000,50000,50000,30884,31422,31422,0,0,0,1.0,1.0,1.0,1.0,False,0,0,0,64,96,91,0x0060 Soft Knockdown > 0x005B Soft Knockdown,hitstun,knockdown,knockdown,knockdown,21,0,0,0,0,1.1270442008972168,1.047630786895752,0.8106256127357483,18.557695388793945,46.28655242919922,60.95104217529297,18.557695388793945,46.28655242919922,60.95104217529297,-0.07941341400146484,27.728857040405273,-0.07941341400146484,27.728857040405273,0.0,46.28474044799805,-0.02346247434616089,60.21613013744354,13.931389689445496,0.0,0.0,0.0,0.0,True,False,False,False,False,2,source age 0f; current move definition; action ID matched
5,native_damage_pipeline_plus_snapshot_contact_correlation_v5,2026-07-28T21:08:39Z,13,13,1,1411,1414,next_contact,P1-C1,Ryu,2454108608,12,315,Donkey H,P2-C1,Ken the Eagle,2457778656,1,move_definition,medium,80.0,0,12,"Mid, Heavy Hit",12,2147484160,"No guard category, No strength tier, Wall-interaction hard knockdown 0x80000200",False,[2147484160],[2147484164],1,[],262208,"Standard-strike baseline, Special chip route B, one-eighth damage",standard-strike baseline; special chip route,0,0,0,0,,False,,False,,False,,False,,,False,,False,2640,2640,last_hit_single,True,2640,2640,0,0,hp_delta,False,False,1,0,2640,0,hit,"[""HP -2640""]",21841,19201,19201,44000,8870,9926,9926,1056,1056,50000,50000,50000,31422,32338,32338,0,0,0,1.0,1.0,1.0,1.0,False,0,0,0,91,91,82,0x005B Soft Knockdown > 0x0051 Bounce Launch > 0x0052 Bounce Off,knockdown,knockdown,knockdown,knockdown,21,0,0,0,0,0.8106256127357483,1.8655810356140137,1.3055357933044434,60.95104217529297,34.661598205566406,35.22593688964844,60.95104217529297,34.661598205566406,35.22593688964844,1.0549554228782654,-26.289443969726562,1.0549554228782654,-26.289443969726562,0.0,34.26172590255737,-0.08397185802459717,34.420600056648254,17.581472873687744,0.0,0.0,0.0,0.0,True,True,False,False,False,4,source age 0f; current move definition; action ID matched
5,native_damage_pipeline_plus_snapshot_contact_correlation_v5,2026-07-28T21:08:41Z,14,14,1,1415,1415,next_contact,P1-C1,Ryu,2454108608,12,262,6C,P2-C1,Ken the Eagle,2457778656,1,move_definition,medium,71.25,5,12,"Mid, Heavy Hit",12,0,,False,[],[134217732],1,[],64,Standard-strike baseline,standard-strike baseline,0,0,0,0,,False,,False,,False,,False,,,False,,False,1307,1307,last_hit_single,True,1307,1307,0,0,hp_delta,False,False,1,0,1307,0,hit,"[""HP -1307""]",19201,17894,17894,44000,9926,10449,10449,523,523,50000,50000,50000,32338,32790,32790,0,0,0,1.0,1.0,1.0,1.0,False,0,0,0,82,82,82,0x0052 Bounce Off,knockdown,knockdown,knockdown,knockdown,17,0,0,0,0,1.3055357933044434,1.2311033010482788,1.2311033010482788,35.22593688964844,50.724735260009766,50.724735260009766,35.22593688964844,50.724735260009766,50.724735260009766,-0.07443249225616455,15.498798370361328,-0.07443249225616455,15.498798370361328,0.3572081923484802,50.312331199645996,0.3572081923484802,50.312331199645996,0.0,0.0,0.0,0.0,0.0,True,True,False,False,False,1,source age 5f; current move definition; action ID matched
5,native_damage_pipeline_plus_snapshot_contact_correlation_v5,2026-07-28T21:08:41Z,15,14,2,1416,1417,next_contact,P1-C1,Ryu,2454108608,12,262,6C,P2-C1,Ken the Eagle,2457778656,1,move_definition,medium,80.0,0,12,"Mid, Heavy Hit",12,0,,False,[],[134217732],1,[],64,Standard-strike baseline,standard-strike baseline,0,0,0,0,,False,,False,,False,,False,,,False,,False,2048,2048,last_hit_single,True,2048,2048,0,0,hp_delta,False,False,1,0,2048,0,hit,"[""HP -2048"",""last-hit/action transition""]",17894,15846,15846,44000,10449,11269,11269,820,820,50000,50000,50000,32790,33499,33499,0,0,0,1.0,1.0,1.0,1.0,False,0,0,0,82,91,91,0x005B Soft Knockdown,knockdown,knockdown,knockdown,knockdown,21,0,0,0,0,1.2311033010482788,1.1006664037704468,0.8218604922294617,50.724735260009766,44.794769287109375,61.60441970825195,50.724735260009766,44.794769287109375,61.60441970825195,-0.13043689727783203,-5.929965972900391,-0.13043689727783203,-5.929965972900391,0.0,44.792202949523926,-0.02060830593109131,61.00077962875366,16.208576679229736,5.52012825012207,0.46839318876360525,5.931400359436879,5.531673669919134,True,False,False,False,False,2,source age 0f; current move definition; action ID matched
5,native_damage_pipeline_plus_snapshot_contact_correlation_v5,2026-07-28T21:08:41Z,16,15,1,1418,1418,next_contact,P1-C1,Ryu,2454108608,12,309,Tatsu H,P2-C1,Ken the Eagle,2457778656,1,move_definition,medium,80.0,0,12,"Mid, Heavy Hit",12,512,"No guard category, No strength tier, Hard knockdown 0x00000200",False,[512],[516],2,"[1,2]",262208,"Standard-strike baseline, Special chip route B, one-eighth damage",standard-strike baseline; special chip route,12,262208,0,0,,False,,False,,False,,False,,,False,,False,1451,1451,last_hit_single,True,1451,1451,0,0,hp_delta,False,False,1,0,1451,0,hit,"[""HP -1451""]",15846,14395,14395,44000,11269,11850,11850,581,581,50000,50000,50000,33499,34002,34002,0,0,0,1.0,1.0,1.0,1.0,False,0,0,0,91,91,91,0x005B Soft Knockdown,knockdown,knockdown,knockdown,knockdown,21,0,0,0,0,0.8218604922294617,0.7332361936569214,0.7332361936569214,61.60441970825195,54.54014587402344,54.54014587402344,61.60441970825195,54.54014587402344,54.54014587402344,-0.08862429857254028,-7.064273834228516,-0.08862429857254028,-7.064273834228516,-0.08071786165237427,54.534852266311646,-0.08071786165237427,54.534852266311646,0.0,0.0,0.0,0.0,0.0,True,False,False,False,False,1,source age 0f; current move definition; action ID matched
5,native_damage_pipeline_plus_snapshot_contact_correlation_v5,2026-07-28T21:08:42Z,17,15,2,1419,1419,next_contact,P1-C1,Ryu,2454108608,12,309,Tatsu H,P2-C1,Ken the Eagle,2457778656,1,move_definition,medium,80.0,0,12,"Mid, Heavy Hit",12,512,"No guard category, No strength tier, Hard knockdown 0x00000200",False,[512],[516],2,"[1,2]",262208,"Standard-strike baseline, Special chip route B, one-eighth damage",standard-strike baseline; special chip route,12,262208,0,0,,False,,False,,False,,False,,,False,,False,1367,1367,last_hit_single,True,1367,1367,0,0,hp_delta,False,False,1,0,1367,0,hit,"[""HP -1367"",""last-hit/action transition""]",14395,13028,13028,44000,11850,12397,12397,547,547,50000,50000,50000,34002,34475,34475,0,0,0,1.0,1.0,1.0,1.0,False,0,0,0,91,80,80,0x0050 Hard Knockdown,knockdown,knockdown,knockdown,knockdown,21,0,0,0,0,0.7332361936569214,1.2471152544021606,1.2471152544021606,54.54014587402344,48.65117263793945,48.65117263793945,54.54014587402344,48.65117263793945,48.65117263793945,0.5138790607452393,-5.888973236083984,0.5138790607452393,-5.888973236083984,0.24477481842041016,48.54617691040039,0.24477481842041016,48.54617691040039,0.0,5.988675355911255,0.21314300626790098,5.9113515767873155,5.997514318722362,True,False,False,False,False,1,source age 0f; current move definition; action ID matched
5,native_damage_pipeline_plus_snapshot_contact_correlation_v5,2026-07-28T21:08:42Z,18,15,3,1420,1420,next_contact,P1-C1,Ryu,2454108608,12,309,Tatsu H,P2-C1,Ken the Eagle,2457778656,1,move_definition,medium,80.0,0,12,"Mid, Heavy Hit",12,512,"No guard category, No strength tier, Hard knockdown 0x00000200",False,[512],[516],2,"[1,2]",262208,"Standard-strike baseline, Special chip route B, one-eighth damage",standard-strike baseline; special chip route,12,262208,0,0,,False,,False,,False,,False,,,False,,False,1283,1283,last_hit_single,True,1283,1283,0,0,hp_delta,False,False,1,0,1283,0,hit,"[""HP -1283""]",13028,11745,11745,44000,12397,12911,12911,514,514,50000,50000,50000,34475,34919,34919,0,0,0,1.0,1.0,1.0,1.0,False,0,0,0,80,80,80,0x0050 Hard Knockdown,knockdown,knockdown,knockdown,knockdown,21,0,0,0,0,1.2471152544021606,1.2405147552490234,1.2405147552490234,48.65117263793945,44.205223083496094,44.205223083496094,48.65117263793945,44.205223083496094,44.205223083496094,-0.006600499153137207,-4.445949554443359,-0.006600499153137207,-4.445949554443359,-0.08276820182800293,44.1313750743866,-0.08276820182800293,44.1313750743866,0.0,10.403477191925049,0.5355934399943252,10.357306030810003,10.424450017530763,True,False,False,False,False,1,source age 0f; current move definition; action ID matched
5,native_damage_pipeline_plus_snapshot_contact_correlation_v5,2026-07-28T21:08:42Z,19,15,4,1421,1421,next_contact,P1-C1,Ryu,2454108608,12,309,Tatsu H,P2-C1,Ken the Eagle,2457778656,1,move_definition,medium,68.0,0,12,"Mid, Heavy Hit",12,512,"No guard category, No strength tier, Hard knockdown 0x00000200",False,[512],[516],2,"[1,2]",262208,"Standard-strike baseline, Special chip route B, one-eighth damage",standard-strike baseline; special chip route,12,262208,0,0,,False,,False,,False,,False,,,False,,False,1199,1199,last_hit_single,True,1199,1199,0,0,hp_delta,False,False,1,0,1199,0,hit,"[""HP -1199""]",11745,10546,10546,44000,12911,13391,13391,480,480,50000,50000,50000,34919,35333,35333,0,0,0,1.0,1.0,1.0,1.0,False,0,0,0,80,80,80,0x0050 Hard Knockdown,knockdown,knockdown,knockdown,knockdown,21,0,0,0,0,1.2405147552490234,1.557758092880249,1.557758092880249,44.205223083496094,38.6385612487793,38.6385612487793,44.205223083496094,38.6385612487793,38.6385612487793,0.3172433376312256,-5.566661834716797,0.3172433376312256,-5.566661834716797,-0.0059130191802978516,38.1845805644989,-0.0059130191802978516,38.1845805644989,0.0,16.350271701812744,0.9853570621215098,15.933000365811157,16.371741137186017,True,False,False,False,False,1,source age 0f; current move definition
5,native_damage_pipeline_plus_snapshot_contact_correlation_v5,2026-07-28T21:08:43Z,20,16,1,1422,1422,next_contact,P1-C1,Ryu,2454108608,12,309,Tatsu H,P2-C1,Ken the Eagle,2457778656,1,move_definition_latched,medium,68.0,0,12,"Mid, Heavy Hit",12,512,"No guard category, No strength tier, Hard knockdown 0x00000200",False,[512],[516],2,"[1,2]",262208,"Standard-strike baseline, Special chip route B, one-eighth damage",standard-strike baseline; special chip route,12,262208,0,0,,False,,False,,False,,False,,,False,,False,432,432,last_hit_single,True,432,432,0,0,hp_delta,False,False,1,0,432,0,hit,"[""HP -432""]",10546,10114,10114,44000,13391,13564,13564,173,173,50000,50000,50000,35333,35427,35427,0,0,0,1.0,1.0,1.0,1.0,False,0,0,0,80,80,80,0x0050 Hard Knockdown,knockdown,knockdown,knockdown,knockdown,21,0,0,0,0,1.557758092880249,0.6845337152481079,0.6845337152481079,38.6385612487793,52.935428619384766,52.935428619384766,38.6385612487793,52.935428619384766,52.935428619384766,-0.8732243776321411,14.296867370605469,-0.8732243776321411,14.296867370605469,-0.09302043914794922,52.35277223587036,-0.09302043914794922,52.35277223587036,0.0,0.0,0.0,0.0,0.0,True,False,False,False,False,1,source age 0f; current move definition
5,native_damage_pipeline_plus_snapshot_contact_correlation_v5,2026-07-28T21:08:43Z,21,17,1,1423,1423,next_contact,P1-C1,Ryu,2454108608,12,256,5A,P2-C1,Ken the Eagle,2457778656,1,move_definition,medium,68.0,0,9,"Mid, Light Hit",9,0,,False,[],[134217729],1,[],64,Standard-strike baseline,standard-strike baseline,0,0,0,0,,False,,False,,False,,False,,,False,,False,720,720,last_hit_single,True,720,720,0,0,hp_delta,False,False,1,0,720,0,hit,"[""HP -720"",""last-hit/action transition""]",10114,9394,9394,44000,13564,13852,13852,288,288,50000,50000,50000,35427,35586,35586,0,0,0,1.0,1.0,1.0,1.0,False,0,0,0,80,91,91,0x005B Soft Knockdown,knockdown,knockdown,knockdown,knockdown,12,0,0,0,0,0.6845337152481079,0.7913091778755188,0.7913091778755188,52.935428619384766,61.670284271240234,61.670284271240234,52.935428619384766,61.670284271240234,61.670284271240234,0.10677546262741089,8.734855651855469,0.10677546262741089,8.734855651855469,7.033348083496094e-06,61.25328850746155,7.033348083496094e-06,61.25328850746155,0.0,0.0,0.0,0.0,0.0,True,False,False,False,False,1,source age 0f; current move definition
5,native_damage_pipeline_plus_snapshot_contact_correlation_v5,2026-07-28T21:08:43Z,22,18,1,1424,1425,next_contact,P1-C1,Ryu,2454108608,12,258,5C,P2-C1,Ken the Eagle,2457778656,1,move_definition,medium,80.0,0,12,"Mid, Heavy Hit",12,0,,False,[],[134217732],1,[],64,Standard-strike baseline,standard-strike baseline,0,0,0,0,,False,,False,,False,,False,,,False,,False,1137,1137,last_hit_single,True,1137,1137,0,0,hp_delta,False,False,1,0,1137,0,hit,"[""HP -1137"",""hitstun +5""]",9394,8257,8257,44000,13852,14307,14307,455,455,50000,50000,50000,35586,35839,35839,0,0,0,1.0,1.0,1.0,1.0,False,0,0,0,91,91,91,0x005B Soft Knockdown,knockdown,knockdown,knockdown,knockdown,21,0,0,0,0,0.7913091778755188,0.7408938407897949,1.2582484483718872,61.670284271240234,59.10398864746094,51.52194595336914,61.670284271240234,59.10398864746094,51.52194595336914,-0.05041533708572388,-2.566295623779297,-0.05041533708572388,-2.566295623779297,-0.21642297506332397,58.28593635559082,0.005384206771850586,50.572121381759644,7.713814973831177,0.0,0.0,0.0,0.0,True,False,False,False,False,2,source age 0f; current move definition; action ID matched
5,native_damage_pipeline_plus_snapshot_contact_correlation_v5,2026-07-28T21:08:44Z,23,16,2,1426,1426,next_contact,P1-C1,Ryu,2454108608,12,309,Tatsu H,P2-C1,Ken the Eagle,2457778656,1,move_definition_latched,medium,73.0,4,12,"Mid, Heavy Hit",12,512,"No guard category, No strength tier, Hard knockdown 0x00000200",False,[512],[516],2,"[1,2]",262208,"Standard-strike baseline, Special chip route B, one-eighth damage",standard-strike baseline; special chip route,12,262208,0,0,,False,,False,,False,,False,,,False,,False,904,904,last_hit_single,True,904,904,0,0,hp_delta,False,False,1,0,904,0,hit,"[""HP -904""]",8257,7353,7353,44000,14307,14669,14669,362,362,50000,50000,50000,35839,36037,36037,0,0,0,1.0,1.0,1.0,1.0,False,0,0,0,91,91,91,0x005B Soft Knockdown,knockdown,knockdown,knockdown,knockdown,21,0,0,0,0,1.2582484483718872,1.3772521018981934,1.3772521018981934,51.52194595336914,49.93048858642578,49.93048858642578,51.52194595336914,49.93048858642578,49.93048858642578,0.11900365352630615,-1.5914573669433594,0.11900365352630615,-1.5914573669433594,-0.12977242469787598,49.52488040924072,-0.12977242469787598,49.52488040924072,0.0,2.8278918266296387,0.7506484471988621,3.08375150829029,2.828130635518907,True,False,False,False,False,1,source age 4f; current move definition; action ID matched
5,native_damage_pipeline_plus_snapshot_contact_correlation_v5,2026-07-28T21:08:44Z,24,19,1,1427,1427,next_contact,P1-C1,Ryu,2454108608,12,309,Tatsu H,P2-C1,Ken the Eagle,2457778656,1,move_definition,medium,80.0,0,12,"Mid, Heavy Hit",12,512,"No guard category, No strength tier, Hard knockdown 0x00000200",False,[512],[516],2,"[1,2]",262208,"Standard-strike baseline, Special chip route B, one-eighth damage",standard-strike baseline; special chip route,12,262208,0,0,,False,,False,,False,,False,,,False,,False,607,607,last_hit_single,True,607,607,0,0,hp_delta,False,False,1,0,607,0,hit,"[""HP -607""]",7353,6746,6746,44000,14669,14912,14912,243,243,50000,50000,50000,36037,36172,36172,0,0,0,1.0,1.0,1.0,1.0,False,0,0,0,91,91,91,0x005B Soft Knockdown,knockdown,knockdown,knockdown,knockdown,21,0,0,0,0,1.3772521018981934,1.2185686826705933,1.2185686826705933,49.93048858642578,50.46403503417969,50.46403503417969,49.93048858642578,50.46403503417969,50.46403503417969,-0.1586834192276001,0.5335464477539062,-0.1586834192276001,0.5335464477539062,0.0,50.05056691169739,0.0,50.05056691169739,0.0,0.0,0.0,0.0,0.0,True,False,False,False,False,1,source age 0f; current move definition; action ID matched
5,native_damage_pipeline_plus_snapshot_contact_correlation_v5,2026-07-28T21:08:45Z,25,19,2,1428,1428,next_contact,P1-C1,Ryu,2454108608,12,309,Tatsu H,P2-C1,Ken the Eagle,2457778656,1,move_definition,medium,80.0,0,12,"Mid, Heavy Hit",12,512,"No guard category, No strength tier, Hard knockdown 0x00000200",False,[512],[516],2,"[1,2]",262208,"Standard-strike baseline, Special chip route B, one-eighth damage",standard-strike baseline; special chip route,12,262208,0,0,,False,,False,,False,,False,,,False,,False,540,540,last_hit_single,True,540,540,0,0,hp_delta,False,False,1,0,540,0,hit,"[""HP -540"",""last-hit/action transition""]",6746,6206,6206,44000,14912,15128,15128,216,216,50000,50000,50000,36172,36291,36291,0,0,0,1.0,1.0,1.0,1.0,False,0,0,0,91,80,80,0x0050 Hard Knockdown,knockdown,knockdown,knockdown,knockdown,21,0,0,0,0,1.2185686826705933,1.490483045578003,1.490483045578003,50.46403503417969,46.40342330932617,46.40342330932617,50.46403503417969,46.40342330932617,46.40342330932617,0.27191436290740967,-4.060611724853516,0.27191436290740967,-4.060611724853516,0.0,45.95384764671326,0.0,45.95384764671326,0.0,4.096719264984131,0.27430124901215175,4.06970576341499,4.096719264984131,True,False,False,False,False,1,source age 0f; current move definition; action ID matched
5,native_damage_pipeline_plus_snapshot_contact_correlation_v5,2026-07-28T21:08:45Z,26,19,3,1429,1436,next_contact,P1-C1,Ryu,2454108608,12,309,Tatsu H,P2-C1,Ken the Eagle,2457778656,1,move_definition,medium,80.0,0,12,"Mid, Heavy Hit",12,512,"No guard category, No strength tier, Hard knockdown 0x00000200",False,[512],[516],2,"[1,2]",262208,"Standard-strike baseline, Special chip route B, one-eighth damage",standard-strike baseline; special chip route,12,262208,0,0,,False,,False,,False,,False,,,False,,False,474,474,last_hit_single,True,474,474,0,0,hp_delta,False,False,1,0,474,0,hit,"[""HP -474""]",6206,5732,5732,44000,15128,15318,15318,190,190,50000,50000,50000,36291,36396,36396,0,0,0,1.0,1.0,1.0,1.0,False,0,0,0,80,80,1,0x0050 Hard Knockdown > 0x0049 Knockdown Face Up > 0x0071 Get Up Face Up > 0x0001 Action 1,knockdown,knockdown,hitstun,knockdown > wakeup > hitstun,21,0,0,0,0,1.490483045578003,1.730229139328003,1.0487762689590454,46.40342330932617,42.9465446472168,0.0,46.40342330932617,42.9465446472168,0.0,0.23974609375,-3.456878662109375,0.23974609375,-3.456878662109375,0.0,42.46452212333679,-0.09991085529327393,-0.417087197303772,43.44745349884033,7.586044788360596,0.5162330333532539,7.534888049242892,7.586044788360596,True,False,False,False,False,8,source age 0f; current move definition; action ID matched
5,native_damage_pipeline_plus_snapshot_contact_correlation_v5,2026-07-28T21:08:47Z,27,20,1,1437,1437,next_contact,P1-C1,Ryu,2454108608,12,309,Tatsu H,P2-C1,Ken the Eagle,2457778656,1,move_definition_latched,high,92.0,0,12,"Mid, Heavy Hit",12,512,"No guard category, No strength tier, Hard knockdown 0x00000200",False,[512],[516],2,"[1,2]",262208,"Standard-strike baseline, Special chip route B, one-eighth damage",standard-strike baseline; special chip route,12,262208,0,0,,False,,False,,False,,False,,,False,,False,640,640,last_hit_single,True,640,640,0,0,hp_delta,False,False,1,0,640,0,hit,"[""HP -640""]",5732,5092,5092,44000,15318,15574,15574,256,256,50000,50000,50000,36396,36672,36672,0,0,0,1.0,1.0,1.0,1.0,False,0,0,0,1,1,1,0x0001 Action 1,hitstun,hitstun,hitstun,hitstun,21,0,0,0,0,1.0487762689590454,0.4609074294567108,0.4609074294567108,0.0,0.0,0.0,0.0,0.0,0.0,-0.5878688395023346,0.0,-0.5878688395023346,0.0,-0.070147305727005,-0.16736078262329102,-0.070147305727005,-0.16736078262329102,0.0,0.0,0.0,0.0,0.0,False,False,False,False,False,1,source age 0f; current move definition; distance 0.18
5,native_damage_pipeline_plus_snapshot_contact_correlation_v5,2026-07-28T21:08:48Z,28,21,1,1438,1438,next_contact,P1-C1,Ryu,2454108608,12,256,5A,P2-C1,Ken the Eagle,2457778656,1,move_definition,high,92.0,0,9,"Mid, Light Hit",9,0,,False,[],[134217729],1,[],64,Standard-strike baseline,standard-strike baseline,0,0,0,0,,False,,False,,False,,False,,,False,,False,957,957,last_hit_single,True,957,957,0,0,hp_delta,False,False,1,0,957,0,hit,"[""HP -957"",""last-hit/action transition""]",5092,4135,4135,44000,15574,15957,15957,383,383,50000,50000,50000,36672,37146,37146,0,0,0,1.0,1.0,1.0,1.0,False,0,0,0,1,64,64,0x0040 Standing Hitstun,hitstun,hitstun,hitstun,hitstun,8,0,0,0,0,0.4609074294567108,0.9556481838226318,0.9556481838226318,0.0,0.0,0.0,0.0,0.0,0.0,0.494740754365921,0.0,0.494740754365921,0.0,0.0,-0.07421398162841797,0.0,-0.07421398162841797,0.0,0.0,0.0,0.0,0.0,False,False,False,False,False,1,source age 0f; current move definition; distance 0.07
5,native_damage_pipeline_plus_snapshot_contact_correlation_v5,2026-07-28T21:08:48Z,29,22,1,1439,1439,next_contact,P1-C1,Ryu,2454108608,12,260,2B,P2-C1,Ken the Eagle,2457778656,1,move_definition,high,92.0,0,34,"Low, Medium Hit",34,0,,False,[],[134217730],1,[],64,Standard-strike baseline,standard-strike baseline,0,0,0,0,,False,,False,,False,,False,,,False,,False,856,856,last_hit_single,True,856,856,0,0,hp_delta,False,False,1,0,856,0,hit,"[""HP -856""]",4135,3279,3279,44000,15957,16300,16300,343,343,50000,50000,50000,37146,37569,37569,0,0,0,1.0,1.0,1.0,1.0,False,0,0,0,64,64,64,0x0040 Standing Hitstun,hitstun,hitstun,hitstun,hitstun,8,0,0,0,0,0.9556481838226318,0.9246681332588196,0.9246681332588196,0.0,0.0,0.0,0.0,0.0,0.0,-0.030980050563812256,0.0,-0.030980050563812256,0.0,-0.059321045875549316,-0.769977331161499,-0.059321045875549316,-0.769977331161499,0.0,0.0,0.0,0.0,0.0,False,False,False,False,False,1,source age 0f; current move definition; distance 0.77
5,native_damage_pipeline_plus_snapshot_contact_correlation_v5,2026-07-28T21:08:48Z,30,23,1,1440,1441,next_contact,P1-C1,Ryu,2454108608,12,258,5C,P2-C1,Ken the Eagle,2457778656,1,move_definition,high,104.0,0,12,"Mid, Heavy Hit",12,0,,False,[],[134217732],1,[],64,Standard-strike baseline,standard-strike baseline,0,0,0,0,,False,,False,,False,,False,,,False,,False,1475,1475,last_hit_single,True,1475,1475,0,0,hp_delta,False,False,1,0,1475,0,hit,"[""HP -1475"",""hitstun +2"",""last-hit/action transition""]",3279,1804,1804,44000,16300,16890,16890,590,590,50000,50000,50000,37569,38299,38299,0,0,0,1.0,1.0,1.0,1.0,False,0,0,0,64,66,64,0x0042 Low Hitstun > 0x0040 Standing Hitstun,hitstun,hitstun,hitstun,hitstun,21,0,0,0,0,0.9246681332588196,0.8432859182357788,1.366776466369629,0.0,0.0,0.0,0.0,0.0,0.0,-0.08138221502304077,0.0,-0.08138221502304077,0.0,0.0,-0.09884345531463623,-0.0970996618270874,-0.13073158264160156,0.0970996618270874,0.0,0.0,0.0,0.0,False,False,False,False,False,2,source age 0f; current move definition; action ID matched; distance 0.10
5,native_damage_pipeline_plus_snapshot_contact_correlation_v5,2026-07-28T21:08:49Z,31,24,1,1442,1442,next_contact,P1-C1,Ryu,2454108608,12,262,6C,P2-C1,Ken the Eagle,2457778656,1,move_definition,high,92.0,0,12,"Mid, Heavy Hit",12,0,,False,[],[134217732],1,[],64,Standard-strike baseline,standard-strike baseline,0,0,0,0,,False,,False,,False,,False,,,False,,False,1208,1208,last_hit_single,True,1208,1208,0,0,hp_delta,False,False,1,0,1208,0,hit,"[""HP -1208""]",1804,596,596,44000,16890,17374,17374,484,484,50000,50000,50000,38299,38898,38898,0,0,0,1.0,1.0,1.0,1.0,False,0,0,0,64,64,64,0x0040 Standing Hitstun,hitstun,hitstun,hitstun,hitstun,21,0,0,0,0,1.366776466369629,1.3981355428695679,1.3981355428695679,0.0,0.0,0.0,0.0,0.0,0.0,0.031359076499938965,0.0,0.031359076499938965,0.0,0.10970950126647949,-0.2690880298614502,0.10970950126647949,-0.2690880298614502,0.0,0.0,0.0,0.0,0.0,False,False,False,False,False,1,source age 0f; current move definition; distance 0.29
5,native_damage_pipeline_plus_snapshot_contact_correlation_v5,2026-07-28T21:08:49Z,32,25,1,1443,1447,next_contact,P1-C1,Ryu,2454108608,12,262,6C,P2-C1,Ken the Eagle,2457778656,1,move_definition_latched,high,92.0,0,12,"Mid, Heavy Hit",12,0,,False,[],[134217732],1,[],64,Standard-strike baseline,standard-strike baseline,0,0,0,0,,False,,False,,False,,False,,,False,,False,595,1469,last_hit_single,True,595,1469,0,874,hp_delta,False,False,1,0,1469,0,hit,"[""HP -595""]",596,1,1,44000,17374,17088,15754,-286,0,50000,50000,50000,38898,39626,40190,0,0,0,1.0,1.0,1.0,1.0,False,0,0,0,64,64,64,0x0040 Standing Hitstun,hitstun,hitstun,hitstun,hitstun,21,0,0,0,0,1.3981355428695679,0.5564242005348206,0.08098278939723969,0.0,0.0,83.85282897949219,0.0,0.0,83.85282897949219,-0.8417113423347473,0.0,-0.8417113423347473,0.0,0.008032381534576416,-0.1909557580947876,0.0,82.79078483581543,83.99521601200104,0.0,0.0,0.0,0.0,False,False,False,False,False,5,source age 0f; current move definition; distance 0.19
5,native_damage_pipeline_plus_snapshot_contact_correlation_v5,2026-07-28T21:08:51Z,33,26,1,1448,1450,next_contact,P1-C1,Ryu,2454108608,12,325,Air Tatsu H,P2-C1,Ken the Eagle,2457778656,1,move_definition,medium,80.0,0,12,"Mid, Heavy Hit",12,2148007936,"No guard category, No strength tier, Special air-knockdown composite 0x80080000",False,[2148007936],[2148007940],2,"[1,2]",262208,"Standard-strike baseline, Special chip route B, one-eighth damage",standard-strike baseline; special chip route,12,262208,0,0,,False,,False,,False,,False,,,False,,False,0,627,last_hit_single,True,0,627,0,0,last_hit_state_candidate,True,False,1,0,627,0,hit at HP floor,"[""last-hit changed without HP delta"",""hitstun +6""]",1,1,1,44000,15754,15378,15216,-376,0,50000,50000,50000,40190,40349,40416,0,0,0,1.0,1.0,1.0,1.0,False,0,0,0,64,64,64,0x0040 Standing Hitstun,hitstun,hitstun,hitstun,hitstun,21,0,0,0,0,0.08098278939723969,0.0586358979344368,0.5714285373687744,83.85282897949219,81.25875854492188,0.0,83.85282897949219,81.25875854492188,0.0,-0.022346891462802887,-2.5940704345703125,-0.022346891462802887,-2.5940704345703125,0.0,80.27671432495117,0.05376780033111572,-0.11496973037719727,80.39168405532837,0.0,0.0,0.0,0.0,False,False,False,False,False,3,source age 0f; current move definition; action ID matched
5,native_damage_pipeline_plus_snapshot_contact_correlation_v5,2026-07-28T21:08:52Z,34,27,1,1451,1451,next_contact,P1-C1,Ryu,2454108608,12,256,5A,P2-C1,Ken the Eagle,2457778656,1,move_definition,high,92.0,0,9,"Mid, Light Hit",9,0,,False,[],[134217729],1,[],64,Standard-strike baseline,standard-strike baseline,0,0,0,0,,False,,False,,False,,False,,,False,,False,0,439,last_hit_single,True,0,439,0,0,last_hit_state_candidate,True,False,1,0,439,0,hit at HP floor,"[""last-hit changed without HP delta"",""hitstun +1""]",1,1,1,44000,15216,14953,14953,-263,0,50000,50000,50000,40416,40527,40527,0,0,0,1.0,1.0,1.0,1.0,False,0,0,0,64,64,64,0x0040 Standing Hitstun,hitstun,hitstun,hitstun,hitstun,12,0,0,0,0,0.5714285373687744,0.9239754676818848,0.9239754676818848,0.0,0.0,0.0,0.0,0.0,0.0,0.35254693031311035,0.0,0.35254693031311035,0.0,0.0,-0.08746635913848877,0.0,-0.08746635913848877,0.0,0.0,0.0,0.0,0.0,False,False,False,False,False,1,source age 0f; current move definition; distance 0.09
5,native_damage_pipeline_plus_snapshot_contact_correlation_v5,2026-07-28T21:08:52Z,35,28,1,1452,1452,next_contact,P1-C1,Ryu,2454108608,12,260,2B,P2-C1,Ken the Eagle,2457778656,1,move_definition,high,92.0,0,34,"Low, Medium Hit",34,0,,False,[],[134217730],1,[],64,Standard-strike baseline,standard-strike baseline,0,0,0,0,,False,,False,,False,,False,,,False,,False,0,368,last_hit_single,True,0,368,0,0,last_hit_state_candidate,True,False,1,0,368,0,hit at HP floor,"[""last-hit changed without HP delta"",""hitstun +1""]",1,1,1,44000,14953,14733,14733,-220,0,50000,50000,50000,40527,40620,40620,0,0,0,1.0,1.0,1.0,1.0,False,0,0,0,64,64,64,0x0040 Standing Hitstun,hitstun,hitstun,hitstun,hitstun,13,0,0,0,0,0.9239754676818848,0.8926698565483093,0.8926698565483093,0.0,0.0,0.0,0.0,0.0,0.0,-0.03130561113357544,0.0,-0.03130561113357544,0.0,0.0,-0.769977331161499,0.0,-0.769977331161499,0.0,0.0,0.0,0.0,0.0,False,False,False,False,False,1,source age 0f; current move definition; distance 0.77
5,native_damage_pipeline_plus_snapshot_contact_correlation_v5,2026-07-28T21:08:53Z,36,29,1,1453,1453,next_contact,P1-C1,Ryu,2454108608,12,258,5C,P2-C1,Ken the Eagle,2457778656,1,move_definition,high,92.0,0,12,"Mid, Heavy Hit",12,0,,False,[],[134217732],1,[],64,Standard-strike baseline,standard-strike baseline,0,0,0,0,,False,,False,,False,,False,,,False,,False,0,590,last_hit_single,True,0,590,0,0,last_hit_state_candidate,True,False,1,0,590,0,hit at HP floor,"[""last-hit changed without HP delta"",""last-hit/action transition""]",1,1,1,44000,14733,14379,14379,-354,0,50000,50000,50000,40620,40769,40769,0,0,0,1.0,1.0,1.0,1.0,False,0,0,0,64,66,66,0x0042 Low Hitstun,hitstun,hitstun,hitstun,hitstun,5,0,0,0,0,0.8926698565483093,0.7522402405738831,0.7522402405738831,0.0,0.0,0.0,0.0,0.0,0.0,-0.14042961597442627,0.0,-0.14042961597442627,0.0,0.0,-0.09884345531463623,0.0,-0.09884345531463623,0.0,0.0,0.0,0.0,0.0,False,False,False,False,False,1,source age 0f; current move definition; distance 0.10
5,native_damage_pipeline_plus_snapshot_contact_correlation_v5,2026-07-28T21:08:53Z,37,30,1,1454,1456,next_contact,P1-C1,Ryu,2454108608,12,261,2C,P2-C1,Ken the Eagle,2457778656,1,move_definition,high,94.0,0,36,"Low, Heavy Hit",36,1024,"No guard category, No strength tier, Sweep 0x00000400",False,[1024],[134218756],1,[],64,Standard-strike baseline,standard-strike baseline,0,0,0,0,,False,,False,,False,,False,,,False,,False,0,571,last_hit_single,True,0,571,0,0,last_hit_state_candidate,True,False,1,0,571,0,hit at HP floor,"[""last-hit changed without HP delta"",""hitstun +13"",""last-hit/action transition""]",1,1,1,44000,14379,14037,13721,-342,0,50000,50000,50000,40769,40913,41045,0,0,0,1.0,1.0,1.0,1.0,False,0,0,0,66,64,96,0x0040 Standing Hitstun > 0x0060 Soft Knockdown,hitstun,hitstun,knockdown,hitstun > knockdown,21,0,0,0,0,0.7522402405738831,0.8231887221336365,0.3440150022506714,0.0,5.8883280754089355,76.67863464355469,0.0,5.8883280754089355,76.67863464355469,0.07094848155975342,5.8883280754089355,0.07094848155975342,5.8883280754089355,0.0,5.088565468788147,0.0075883567333221436,75.8828809261322,70.79431545734406,0.0,0.0,0.0,0.0,True,False,False,False,False,3,source age 0f; current move definition; action ID matched; distance 5.09
5,native_damage_pipeline_plus_snapshot_contact_correlation_v5,2026-07-28T21:08:54Z,38,31,1,1457,1459,next_contact,P1-C1,Ryu,2454108608,12,315,Donkey H,P2-C1,Ken the Eagle,2457778656,1,move_definition,medium,80.0,0,12,"Mid, Heavy Hit",12,2147484160,"No guard category, No strength tier, Wall-interaction hard knockdown 0x80000200",False,[2147484160],[2147484164],1,[],262208,"Standard-strike baseline, Special chip route B, one-eighth damage",standard-strike baseline; special chip route,0,0,0,0,,False,,False,,False,,False,,,False,,False,0,670,last_hit_single,True,0,670,0,0,last_hit_state_candidate,True,False,1,0,670,0,hit at HP floor,"[""last-hit changed without HP delta"",""last-hit/action transition""]",1,1,1,44000,13721,13319,13200,-402,0,50000,50000,50000,41045,41215,41264,0,0,0,1.0,1.0,1.0,1.0,False,0,0,0,96,91,82,0x005B Soft Knockdown > 0x0052 Bounce Off,knockdown,knockdown,knockdown,knockdown,21,0,0,0,0,0.3440150022506714,1.19706130027771,0.5812535881996155,76.67863464355469,56.19636535644531,48.44624710083008,76.67863464355469,56.19636535644531,48.44624710083008,0.8530462980270386,-20.482269287109375,0.8530462980270386,-20.482269287109375,0.05665147304534912,55.46024286746979,0.18951568007469177,48.16961133480072,30.703893303871155,0.0,0.0,0.0,0.0,True,True,False,False,False,3,source age 0f; current move definition; action ID matched
5,native_damage_pipeline_plus_snapshot_contact_correlation_v5,2026-07-28T21:08:55Z,39,32,1,1460,1461,next_contact,P1-C1,Ryu,2454108608,12,256,5A,P2-C1,Ken the Eagle,2457778656,1,move_definition,medium,68.0,0,9,"Mid, Light Hit",9,0,,False,[],[134217729],1,[],64,Standard-strike baseline,standard-strike baseline,0,0,0,0,,False,,False,,False,,False,,,False,,False,0,201,last_hit_single,True,0,201,0,0,last_hit_state_candidate,True,False,1,0,201,0,hit at HP floor,"[""last-hit changed without HP delta"",""last-hit/action transition""]",1,1,1,44000,13200,13080,12863,-120,0,50000,50000,50000,41264,41313,41404,0,0,0,1.0,1.0,1.0,1.0,False,0,0,0,82,91,91,0x005B Soft Knockdown,knockdown,knockdown,knockdown,knockdown,12,0,0,0,0,0.5812535881996155,0.8655329942703247,0.9927456378936768,48.44624710083008,41.620601654052734,49.38726806640625,48.44624710083008,41.620601654052734,49.38726806640625,0.28427940607070923,-6.825645446777344,0.28427940607070923,-6.825645446777344,0.0,41.43910098075867,0.0,49.25865864753723,7.8195576667785645,0.0,0.0,0.0,0.0,True,False,False,False,False,2,source age 0f; current move definition
5,native_damage_pipeline_plus_snapshot_contact_correlation_v5,2026-07-28T21:08:56Z,40,33,1,1462,1463,next_contact,P1-C1,Ryu,2454108608,12,257,5B,P2-C1,Ken the Eagle,2457778656,1,move_definition,medium,68.0,0,10,"Mid, Medium Hit",10,0,,False,[],[134217730],1,[],64,Standard-strike baseline,standard-strike baseline,0,0,0,0,,False,,False,,False,,False,,,False,,False,0,343,last_hit_single,True,0,343,0,0,last_hit_state_candidate,True,False,1,0,343,0,hit at HP floor,"[""last-hit changed without HP delta"",""hitstun +5""]",1,1,1,44000,12863,12658,12283,-205,0,50000,50000,50000,41404,41489,41647,0,0,0,1.0,1.0,1.0,1.0,False,0,0,0,91,91,91,0x005B Soft Knockdown,knockdown,knockdown,knockdown,knockdown,17,0,0,0,0,0.9927456378936768,0.6266462206840515,0.6273095607757568,49.38726806640625,59.88782501220703,57.946067810058594,49.38726806640625,59.88782501220703,57.946067810058594,-0.36609941720962524,10.500556945800781,-0.36609941720962524,10.500556945800781,-0.058557093143463135,58.87360978126526,0.0002751946449279785,57.700849175453186,1.1727606058120728,0.0,0.0,0.0,0.0,True,False,False,False,False,2,source age 0f; current move definition
5,native_damage_pipeline_plus_snapshot_contact_correlation_v5,2026-07-28T21:08:57Z,41,34,1,1464,1464,next_contact,P1-C1,Ryu,2454108608,12,264,3C,P2-C1,Ken the Eagle,2457778656,1,move_definition,medium,80.0,0,12,"Mid, Heavy Hit",12,262144,"No guard category, No strength tier, Launcher 0x00040000",False,[262144],[134479876],1,[],64,Standard-strike baseline,standard-strike baseline,0,0,0,0,,False,,False,,False,,False,,,False,,False,0,614,last_hit_single,True,0,614,0,0,last_hit_state_candidate,True,False,1,0,614,0,hit at HP floor,"[""last-hit changed without HP delta"",""hitstun +4""]",1,1,1,44000,12283,11915,11915,-368,0,50000,50000,50000,41647,41647,41647,0,0,0,1.0,1.0,1.0,1.0,False,0,0,0,91,91,91,0x005B Soft Knockdown,knockdown,knockdown,knockdown,knockdown,21,0,0,0,0,0.6273095607757568,0.8920118808746338,0.8920118808746338,57.946067810058594,51.63336944580078,51.63336944580078,57.946067810058594,51.63336944580078,51.63336944580078,0.26470232009887695,-6.3126983642578125,0.26470232009887695,-6.3126983642578125,0.09788453578948975,50.78118097782135,0.09788453578948975,50.78118097782135,0.0,0.0,0.0,0.0,0.0,True,False,False,False,False,1,source age 0f; current move definition; action ID matched
5,native_damage_pipeline_plus_snapshot_contact_correlation_v5,2026-07-28T21:08:57Z,42,34,2,1465,1465,next_contact,P1-C1,Ryu,2454108608,12,264,3C,P2-C1,Ken the Eagle,2457778656,1,move_definition,medium,68.0,0,12,"Mid, Heavy Hit",12,262144,"No guard category, No strength tier, Launcher 0x00040000",False,[262144],[134479876],1,[],64,Standard-strike baseline,standard-strike baseline,0,0,0,0,,False,,False,,False,,False,,,False,,False,0,264,last_hit_single,True,0,264,0,0,last_hit_state_candidate,True,False,1,0,264,0,hit at HP floor,"[""last-hit changed without HP delta"",""reaction knockdown->hitstun"",""last-hit/action transition""]",1,1,1,44000,11915,11757,11757,-158,0,50000,50000,50000,41647,41869,41869,0,0,0,1.0,1.0,1.0,1.0,False,0,0,0,91,97,97,0x0061 Launched,knockdown,hitstun,hitstun,hitstun,21,0,0,0,0,0.8920118808746338,0.5600643754005432,0.5600643754005432,51.63336944580078,61.75985336303711,61.75985336303711,51.63336944580078,61.75985336303711,61.75985336303711,-0.3319475054740906,10.126483917236328,-0.3319475054740906,10.126483917236328,0.015346169471740723,61.433676958084106,0.015346169471740723,61.433676958084106,0.0,10.652495980262756,0.5821456940869927,10.131923098426896,10.652815740048664,False,False,False,False,False,1,source age 0f; current move definition
5,native_damage_pipeline_plus_snapshot_contact_correlation_v5,2026-07-28T21:09:00Z,44,36,1,1479,1481,reaction_complete,P2-C2,Casshan,2465118752,2,430,assist standby,P1-C2,Chun-Li,2461448704,13,unresolved_attacker,low,1.0,0,0,"No guard category, No strength tier",0,0,,False,[],[],0,[],0,No property B bits,none,0,0,0,0,,False,,False,,False,,False,,,False,,False,4600,4600,hp_delta_fallback,True,4600,0,0,0,hp_delta,False,False,1,0,4600,0,hit,"[""HP -4600""]",46000,41400,41400,46000,0,4600,4600,4600,4600,42022,42022,42022,50000,50000,50000,0,0,0,1.0,1.0,1.0,1.0,False,0,0,0,430,430,352,0x01AE Action 430 > 0x01B1 Action 433 > 0x0160 Action 352,neutral,neutral,neutral,neutral,0,0,0,0,0,7.979504585266113,1.2335231304168701,0.8660458326339722,4.454285144805908,29.111881256103516,0.0,4.454285144805908,29.111881256103516,0.0,-6.745981454849243,24.657596111297607,-6.745981454849243,24.657596111297607,-14.647828340530396,23.478888988494873,-15.392979741096497,-7.666475772857666,31.14536476135254,0.0,0.0,0.0,0.0,False,False,False,False,False,3,closest opposing fighter at 27.67
5,native_damage_pipeline_plus_snapshot_contact_correlation_v5,2026-07-28T21:08:57Z,43,35,1,1466,1484,observation_window,P1-C1,Ryu,2454108608,12,265,j.A,P2-C1,Ken the Eagle,2457778656,1,move_definition,medium,68.0,0,17,"High, Light Hit",17,0,,False,[],[402653185],1,[],64,Standard-strike baseline,standard-strike baseline,0,0,0,0,,False,,False,,False,,False,,,False,,False,0,301,last_hit_single,True,0,301,0,0,last_hit_state_candidate,True,False,1,0,301,0,hit at HP floor,"[""last-hit changed without HP delta"",""reaction hitstun->knockdown"",""last-hit/action transition""]",1,1,1,44000,11757,11577,11390,-180,0,50000,50000,50000,41869,41944,42022,0,0,0,1.0,1.0,1.0,1.0,False,0,0,0,97,91,1,0x005B Soft Knockdown > 0x00A0 Air Recovery > 0x001E Action 30 > 0x0001 Action 1,hitstun,knockdown,hitstun,knockdown > air_recovery > hitstun,17,0,0,0,0,0.5600643754005432,0.6249008178710938,0.8831050992012024,61.75985336303711,34.59027099609375,0.0,61.75985336303711,34.59027099609375,0.0,0.06483644247055054,-27.16958236694336,0.06483644247055054,-27.16958236694336,0.0,34.150391578674316,0.775429405272007,-5.790774345397949,89.7497968673706,0.0,0.0,0.0,0.0,True,False,True,False,False,19,source age 0f; current move definition
5,native_damage_pipeline_plus_snapshot_contact_correlation_v5,2026-07-28T21:09:02Z,45,37,1,1488,1489,next_contact,P1-C2,Chun-Li,2461448704,13,352,Kikosho,P2-C1,Ken the Eagle,2457778656,1,live_attack_actor,high,120.0,0,12,"Mid, Heavy Hit",12,0,,False,[],[12],0,[],291,"Native result modifier +0004, Sustained-contact actor route, Initial actor phase, Spawned-attack core flag (correlated)",native result +0004; spawned-attack core; sustained-contact route; initial actor phase,268,67,0,2444319576,,False,,False,,False,,False,,,False,,False,0,638,last_hit_single,True,0,638,0,0,last_hit_state_candidate,True,False,1,0,638,0,hit at HP floor,"[""last-hit changed without HP delta"",""hitstun +2"",""last-hit/action transition""]",1,1,1,44000,10584,10202,9498,-382,0,50000,50000,50000,42022,42022,42022,0,0,0,1.0,1.0,1.0,1.0,False,0,0,0,1,64,64,0x0040 Standing Hitstun,hitstun,hitstun,hitstun,hitstun,19,0,0,0,0,1.0491232872009277,0.5892438292503357,0.9902656674385071,0.0,0.0,0.0,0.0,0.0,0.0,-0.45987945795059204,0.0,-0.45987945795059204,0.0,0.0,0.0,0.0,0.0,0.0,0.0,0.0,0.0,0.0,False,False,False,False,False,2,source age 0f; live attack actor; action ID matched; distance 0.00
5,native_damage_pipeline_plus_snapshot_contact_correlation_v5,2026-07-28T21:09:03Z,46,37,2,1490,1492,next_contact,P1-C2,Chun-Li,2461448704,13,352,Kikosho,P2-C1,Ken the Eagle,2457778656,1,live_attack_actor,high,120.0,0,12,"Mid, Heavy Hit",12,0,,False,[],[12],0,[],291,"Native result modifier +0004, Sustained-contact actor route, Initial actor phase, Spawned-attack core flag (correlated)",native result +0004; spawned-attack core; sustained-contact route; initial actor phase,268,67,0,2444319576,,False,,False,,False,,False,,,False,,False,0,503,last_hit_single,True,0,503,0,0,last_hit_state_candidate,True,False,1,0,503,0,hit at HP floor,"[""last-hit changed without HP delta"",""hitstun +2""]",1,1,1,44000,9498,8876,7873,-622,0,50000,50000,50000,42022,42022,42022,0,0,0,1.0,1.0,1.0,1.0,False,0,0,0,64,64,64,0x0040 Standing Hitstun,hitstun,hitstun,hitstun,hitstun,21,0,0,0,0,0.9902656674385071,0.9318332076072693,1.0729085206985474,0.0,0.0,0.0,0.0,0.0,0.0,-0.05843245983123779,0.0,-0.05843245983123779,0.0,0.33438920974731445,0.0,0.020709872245788574,0.0,0.3136793375015259,0.33438920974731445,0.00820016860961914,0.3425893783569336,0.33438920974731445,False,False,False,False,False,3,source age 0f; live attack actor; action ID matched; distance 0.33
5,native_damage_pipeline_plus_snapshot_contact_correlation_v5,2026-07-28T21:09:04Z,47,37,3,1493,1498,next_contact,P1-C2,Chun-Li,2461448704,13,352,Kikosho,P2-C1,Ken the Eagle,2457778656,1,live_attack_actor,high,96.0,0,12,"Mid, Heavy Hit",12,0,,False,[],[12],0,[],291,"Native result modifier +0004, Sustained-contact actor route, Initial actor phase, Spawned-attack core flag (correlated)",native result +0004; spawned-attack core; sustained-contact route; initial actor phase,268,67,0,2444319576,,False,,False,,False,,False,,,False,,False,0,268,last_hit_single,True,0,268,0,0,last_hit_state_candidate,True,False,1,0,268,0,hit at HP floor,"[""last-hit changed without HP delta"",""hitstun +1""]",1,1,1,44000,7873,7332,7332,-541,0,50000,50000,50000,42022,42022,42022,0,0,0,1.0,1.0,1.0,1.0,False,0,0,0,64,64,1,0x0040 Standing Hitstun > 0x005B Soft Knockdown > 0x00A0 Air Recovery > 0x0001 Action 1,hitstun,hitstun,hitstun,hitstun > knockdown > air_recovery > hitstun,18,0,0,0,0,1.0729085206985474,0.5505750775337219,1.0202569961547852,0.0,52.519126892089844,0.0,0.0,52.519126892089844,0.0,-0.5223334431648254,52.519126892089844,-0.5223334431648254,52.519126892089844,0.004702389240264893,-0.17064666748046875,-0.0701514482498169,0.0,7.3129730224609375,0.33438920974731445,52.69799896646768,52.86310010768231,0.7056218655552824,True,False,True,True,True,6,source age 0f; live attack actor; action ID matched
5,native_damage_pipeline_plus_snapshot_contact_correlation_v5,2026-07-28T21:09:05Z,48,38,1,1499,1499,next_contact,P1-C2,Chun-Li,2461448704,13,352,Kikosho,P2-C1,Ken the Eagle,2457778656,1,live_attack_actor,high,106.25,1,12,"Mid, Heavy Hit",12,0,,False,[],[12],0,[],291,"Native result modifier +0004, Sustained-contact actor route, Initial actor phase, Spawned-attack core flag (correlated)",native result +0004; spawned-attack core; sustained-contact route; initial actor phase,268,67,0,2444319576,,False,,False,,False,,False,,,False,,False,0,378,last_hit_single,True,0,378,0,0,last_hit_state_candidate,True,False,1,0,378,0,hit at HP floor,"[""last-hit changed without HP delta"",""hitstun +8""]",1,1,1,44000,7332,7106,7106,-226,0,50000,50000,50000,42022,42209,42209,0,0,0,1.0,1.0,1.0,1.0,False,0,0,0,1,1,1,0x0001 Action 1,hitstun,hitstun,hitstun,hitstun,12,0,0,0,0,1.0202569961547852,1.170358657836914,1.170358657836914,0.0,0.0,0.0,0.0,0.0,0.0,0.1501016616821289,0.0,0.1501016616821289,0.0,-0.08702170848846436,0.0,-0.08702170848846436,0.0,0.0,0.0,0.0,0.0,0.0,False,False,False,False,False,1,source age 1f; live attack actor; distance 0.09
5,native_damage_pipeline_plus_snapshot_contact_correlation_v5,2026-07-28T21:09:05Z,49,38,2,1500,1500,next_contact,P1-C2,Chun-Li,2461448704,13,352,Kikosho,P2-C1,Ken the Eagle,2457778656,1,live_attack_actor,high,104.5,2,12,"Mid, Heavy Hit",12,0,,False,[],[12],0,[],291,"Native result modifier +0004, Sustained-contact actor route, Initial actor phase, Spawned-attack core flag (correlated)",native result +0004; spawned-attack core; sustained-contact route; initial actor phase,268,67,0,2444319576,,False,,False,,False,,False,,,False,,False,0,625,last_hit_single,True,0,625,0,0,last_hit_state_candidate,True,False,1,0,625,0,hit at HP floor,"[""last-hit changed without HP delta"",""hitstun +5"",""last-hit/action transition""]",1,1,1,44000,7106,6731,6731,-375,0,50000,50000,50000,42209,42517,42517,0,0,0,1.0,1.0,1.0,1.0,False,0,0,0,1,64,64,0x0040 Standing Hitstun,hitstun,hitstun,hitstun,hitstun,17,0,0,0,0,1.170358657836914,0.4512125551700592,0.4512125551700592,0.0,0.0,0.0,0.0,0.0,0.0,-0.7191461026668549,0.0,-0.7191461026668549,0.0,-0.5115871131420135,0.0,-0.5115871131420135,0.0,0.0,0.4245654046535492,0.29458069801330566,0.7191461026668549,0.4245654046535492,False,False,False,False,False,1,source age 2f; live attack actor; distance 0.51
5,native_damage_pipeline_plus_snapshot_contact_correlation_v5,2026-07-28T21:09:06Z,50,39,1,1501,1501,next_contact,P1-C2,Chun-Li,2461448704,13,264,3C,P2-C1,Ken the Eagle,2457778656,1,move_definition,high,104.0,0,12,"Mid, Heavy Hit",12,262144,"No guard category, No strength tier, Launcher 0x00040000",False,[262144],[134479876],1,[],64,Standard-strike baseline,standard-strike baseline,0,0,0,0,,False,,False,,False,,False,,,False,,False,0,1310,last_hit_single,True,0,1310,0,0,last_hit_state_candidate,True,False,1,0,1310,0,hit at HP floor,"[""last-hit changed without HP delta"",""hitstun +4"",""last-hit/action transition""]",1,1,1,44000,6731,5945,5945,-786,0,50000,50000,50000,42517,43165,43165,0,0,0,1.0,1.0,1.0,1.0,False,0,0,0,64,66,66,0x0042 Low Hitstun,hitstun,hitstun,hitstun,hitstun,21,0,0,0,0,0.4512125551700592,1.1246120929718018,1.1246120929718018,0.0,0.0,0.0,0.0,0.0,0.0,0.6733995378017426,0.0,0.6733995378017426,0.0,0.4715345501899719,0.0,0.4715345501899719,0.0,0.0,0.0,0.0,0.0,0.0,False,False,False,False,False,1,source age 0f; current move definition; action ID matched; distance 0.47
5,native_damage_pipeline_plus_snapshot_contact_correlation_v5,2026-07-28T21:09:06Z,51,38,3,1502,1502,next_contact,P1-C2,Chun-Li,2461448704,13,352,Kikosho,P2-C1,Ken the Eagle,2457778656,1,live_attack_actor,high,101.0,4,12,"Mid, Heavy Hit",12,0,,False,[],[12],0,[],291,"Native result modifier +0004, Sustained-contact actor route, Initial actor phase, Spawned-attack core flag (correlated)",native result +0004; spawned-attack core; sustained-contact route; initial actor phase,268,67,0,2444319576,,False,,False,,False,,False,,,False,,False,0,1332,last_hit_single,True,0,1332,0,0,last_hit_state_candidate,True,False,1,0,1332,0,hit at HP floor,"[""last-hit changed without HP delta"",""last-hit/action transition""]",1,1,1,44000,5945,5146,5146,-799,0,50000,50000,50000,43165,43825,43825,0,0,0,1.0,1.0,1.0,1.0,False,0,0,0,66,64,64,0x0040 Standing Hitstun,hitstun,hitstun,hitstun,hitstun,9,0,0,0,0,1.1246120929718018,1.1317890882492065,1.1317890882492065,0.0,0.0,0.0,0.0,0.0,0.0,0.007176995277404785,0.0,0.007176995277404785,0.0,-0.008614540100097656,0.0,-0.008614540100097656,0.0,0.0,0.5029725730419159,0.4721846580505371,1.3997226357460022,0.9275379776954651,False,False,False,False,False,1,source age 4f; live attack actor; distance 0.01
5,native_damage_pipeline_plus_snapshot_contact_correlation_v5,2026-07-28T21:09:06Z,52,40,1,1503,1504,next_contact,P1-C1,Ryu,2454108608,12,354,Air Shinkuu,P2-C1,Ken the Eagle,2457778656,1,live_attack_actor,medium,84.0,0,12,"Mid, Heavy Hit",12,0,,False,[],[12],0,[],291,"Native result modifier +0004, Sustained-contact actor route, Initial actor phase, Spawned-attack core flag (correlated)",native result +0004; spawned-attack core; sustained-contact route; initial actor phase,265,35,0,2444319576,,False,,False,,False,,False,,,False,,False,0,504,last_hit_single,True,0,504,0,0,last_hit_state_candidate,True,False,1,0,504,0,hit at HP floor,"[""last-hit changed without HP delta"",""hitstun +3"",""last-hit/action transition""]",1,1,1,44000,5146,4524,4222,-622,0,50000,50000,50000,43825,44337,44585,0,0,0,1.0,1.0,1.0,1.0,False,0,0,0,64,97,91,0x0061 Launched > 0x005B Soft Knockdown,hitstun,hitstun,knockdown,hitstun > knockdown,12,0,0,0,0,1.1317890882492065,1.3641693592071533,1.2935880422592163,0.0,52.99815368652344,54.48086929321289,0.0,52.99815368652344,54.48086929321289,0.23238027095794678,52.99815368652344,0.23238027095794678,52.99815368652344,-5.136584043502808,50.3923659324646,-5.239336133003235,51.87752866744995,1.4851627349853516,0.0,0.0,0.0,0.0,True,False,False,False,False,2,source age 0f; live attack actor
5,native_damage_pipeline_plus_snapshot_contact_correlation_v5,2026-07-28T21:09:07Z,53,40,2,1505,1505,next_contact,P1-C1,Ryu,2454108608,12,354,Air Shinkuu,P2-C1,Ken the Eagle,2457778656,1,live_attack_actor,medium,84.0,0,12,"Mid, Heavy Hit",12,0,,False,[],[12],0,[],291,"Native result modifier +0004, Sustained-contact actor route, Initial actor phase, Spawned-attack core flag (correlated)",native result +0004; spawned-attack core; sustained-contact route; initial actor phase,265,35,0,2444319576,,False,,False,,False,,False,,,False,,False,0,1029,last_hit_single,True,0,1029,0,0,last_hit_state_candidate,True,False,1,0,1029,0,hit at HP floor,"[""last-hit changed without HP delta"",""hitstun +5""]",1,1,1,44000,4222,3605,3605,-617,0,50000,50000,50000,44585,45094,45094,0,0,0,1.0,1.0,1.0,1.0,False,0,0,0,91,91,91,0x005B Soft Knockdown,knockdown,knockdown,knockdown,knockdown,17,0,0,0,0,1.2935880422592163,0.6558467149734497,0.6558467149734497,54.48086929321289,61.41715621948242,61.41715621948242,54.48086929321289,61.41715621948242,61.41715621948242,-0.6377413272857666,6.936286926269531,-0.6377413272857666,6.936286926269531,-5.838046431541443,58.51286315917969,-5.838046431541443,58.51286315917969,0.0,8.120497226715088,0.298584127124709,8.448746925923633,8.15073767771484,True,False,False,False,False,1,source age 0f; live attack actor
5,native_damage_pipeline_plus_snapshot_contact_correlation_v5,2026-07-28T21:09:07Z,54,40,3,1506,1507,next_contact,P1-C1,Ryu,2454108608,12,354,Air Shinkuu,P2-C1,Ken the Eagle,2457778656,1,live_attack_actor,medium,84.0,0,12,"Mid, Heavy Hit",12,0,,False,[],[12],0,[],291,"Native result modifier +0004, Sustained-contact actor route, Initial actor phase, Spawned-attack core flag (correlated)",native result +0004; spawned-attack core; sustained-contact route; initial actor phase,265,35,0,2444319576,,False,,False,,False,,False,,,False,,False,0,371,last_hit_single,True,0,371,0,0,last_hit_state_candidate,True,False,1,0,371,0,hit at HP floor,"[""last-hit changed without HP delta"",""hitstun +4""]",1,1,1,44000,3605,3143,2939,-462,0,50000,50000,50000,45094,45474,45641,0,0,0,1.0,1.0,1.0,1.0,False,0,0,0,91,91,91,0x005B Soft Knockdown,knockdown,knockdown,knockdown,knockdown,21,0,0,0,0,0.6558467149734497,1.0496364831924438,1.7834255695343018,61.41715621948242,61.06942367553711,57.56831741333008,61.41715621948242,61.06942367553711,57.56831741333008,0.39378976821899414,-0.3477325439453125,0.39378976821899414,-0.3477325439453125,-5.4296945333480835,58.55342435836792,-4.9818971157073975,55.65995121002197,2.8934731483459473,8.16105842590332,0.6871508351505635,8.974092815478931,8.561099083840839,True,False,False,False,False,2,source age 0f; live attack actor
5,native_damage_pipeline_plus_snapshot_contact_correlation_v5,2026-07-28T21:09:08Z,55,40,4,1508,1509,next_contact,P1-C1,Ryu,2454108608,12,354,Air Shinkuu,P2-C1,Ken the Eagle,2457778656,1,live_attack_actor,medium,84.0,0,12,"Mid, Heavy Hit",12,0,,False,[],[12],0,[],291,"Native result modifier +0004, Sustained-contact actor route, Initial actor phase, Spawned-attack core flag (correlated)",native result +0004; spawned-attack core; sustained-contact route; initial actor phase,265,35,0,2444319576,,False,,False,,False,,False,,,False,,False,0,330,last_hit_single,True,0,330,0,0,last_hit_state_candidate,True,False,1,0,330,0,hit at HP floor,"[""last-hit changed without HP delta"",""hitstun +5""]",1,1,1,44000,2939,2741,2321,-198,0,50000,50000,50000,45641,45804,46151,0,0,0,1.0,1.0,1.0,1.0,False,0,0,0,91,91,91,0x005B Soft Knockdown,knockdown,knockdown,knockdown,knockdown,17,0,0,0,0,1.7834255695343018,1.5123125314712524,1.179231882095337,57.56831741333008,57.52345275878906,60.4811897277832,57.56831741333008,57.52345275878906,60.4811897277832,-0.2711130380630493,-0.044864654541015625,-0.2711130380630493,-0.044864654541015625,-4.979527831077576,55.46302652359009,-5.35502028465271,59.24694204330444,3.7839155197143555,8.16105842590332,1.1428956285968468,12.550121180589292,11.684111865920446,True,False,False,False,False,2,source age 0f; live attack actor
5,native_damage_pipeline_plus_snapshot_contact_correlation_v5,2026-07-28T21:09:09Z,56,40,5,1510,1510,next_contact,P1-C1,Ryu,2454108608,12,354,Air Shinkuu,P2-C1,Ken the Eagle,2457778656,1,live_attack_actor,medium,84.0,0,12,"Mid, Heavy Hit",12,0,,False,[],[12],0,[],291,"Native result modifier +0004, Sustained-contact actor route, Initial actor phase, Spawned-attack core flag (correlated)",native result +0004; spawned-attack core; sustained-contact route; initial actor phase,265,35,0,2444319576,,False,,False,,False,,False,,,False,,False,0,140,last_hit_single,True,0,140,0,0,last_hit_state_candidate,True,False,1,0,140,0,hit at HP floor,"[""last-hit changed without HP delta"",""hitstun +4"",""reaction knockdown->hitstun"",""last-hit/action transition""]",1,1,1,44000,2321,2237,2237,-84,0,50000,50000,50000,46151,46218,46218,0,0,0,1.0,1.0,1.0,1.0,False,0,0,0,91,97,97,0x0061 Launched,knockdown,hitstun,hitstun,hitstun,21,0,0,0,0,1.179231882095337,0.8674173951148987,0.8674173951148987,60.4811897277832,55.272518157958984,55.272518157958984,60.4811897277832,55.272518157958984,55.272518157958984,-0.31181448698043823,-5.208671569824219,-0.31181448698043823,-5.208671569824219,-5.567119538784027,54.73262071609497,-5.567119538784027,54.73262071609497,0.0,8.16105842590332,2.6645038220210626,14.891615642276133,12.621532080438982,False,False,False,False,False,1,source age 0f; live attack actor
5,native_damage_pipeline_plus_snapshot_contact_correlation_v5,2026-07-28T21:09:09Z,57,40,6,1511,1523,next_contact,P1-C1,Ryu,2454108608,12,354,Air Shinkuu,P2-C1,Ken the Eagle,2457778656,1,live_attack_actor,medium,84.0,0,12,"Mid, Heavy Hit",12,0,,False,[],[12],0,[],291,"Native result modifier +0004, Sustained-contact actor route, Initial actor phase, Spawned-attack core flag (correlated)",native result +0004; spawned-attack core; sustained-contact route; initial actor phase,265,35,0,2444319576,,False,,False,,False,,False,,,False,,False,0,263,last_hit_single,True,0,263,0,0,last_hit_state_candidate,True,False,1,0,263,0,hit at HP floor,"[""last-hit changed without HP delta"",""reaction hitstun->knockdown"",""last-hit/action transition""]",1,1,1123,44000,2237,2080,732,-157,0,50000,50000,50000,46218,46346,46533,0,0,0,1.0,1.0,1.0,1.0,False,0,0,0,97,91,1,0x005B Soft Knockdown > 0x00A0 Air Recovery > 0x001E Action 30 > 0x0001 Action 1,hitstun,knockdown,hitstun,knockdown > air_recovery > hitstun,17,0,0,0,0,0.8674173951148987,1.0798203945159912,0.5930097699165344,55.272518157958984,14.031167984008789,0.0,55.272518157958984,14.031167984008789,0.0,0.21240299940109253,-41.241350173950195,0.21240299940109253,-41.241350173950195,-5.477144956588745,12.872979640960693,-5.990116775035858,-3.5550076961517334,91.44298815727234,45.68044471740723,3.2947992732394136,56.13351277619246,54.48126985272454,True,False,True,False,False,13,source age 0f; live attack actor
5,native_damage_pipeline_plus_snapshot_contact_correlation_v5,2026-07-28T21:09:12Z,58,41,1,1524,1524,next_contact,P1-C2,Chun-Li,2461448704,13,260,2B,P2-C1,Ken the Eagle,2457778656,1,move_definition,high,104.0,0,34,"Low, Medium Hit",34,0,,False,[],[134217730],1,[],64,Standard-strike baseline,standard-strike baseline,0,0,0,0,,False,,False,,False,,False,,,False,,False,625,625,last_hit_single,True,625,625,0,0,hp_delta,False,False,1,0,625,0,hit,"[""HP -625"",""last-hit/action transition""]",1123,498,498,44000,732,982,982,250,250,50000,50000,50000,46533,46841,46841,0,0,0,1.0,1.0,1.0,1.0,False,0,0,0,1,64,64,0x0040 Standing Hitstun,hitstun,hitstun,hitstun,hitstun,10,0,0,0,0,0.5930097699165344,0.6784660220146179,0.6784660220146179,0.0,0.0,0.0,0.0,0.0,0.0,0.0854562520980835,0.0,0.0854562520980835,0.0,0.0,0.0,0.0,0.0,0.0,0.0,0.0,0.0,0.0,False,False,False,False,False,1,source age 0f; current move definition; action ID matched; distance 0.00
5,native_damage_pipeline_plus_snapshot_contact_correlation_v5,2026-07-28T21:09:13Z,59,42,1,1525,1527,next_contact,P1-C1,Ryu,2454108608,12,354,Air Shinkuu,P2-C1,Ken the Eagle,2457778656,1,live_attack_actor,high,90.0,0,12,"Mid, Heavy Hit",12,0,,False,[],[12],0,[],291,"Native result modifier +0004, Sustained-contact actor route, Initial actor phase, Spawned-attack core flag (correlated)",native result +0004; spawned-attack core; sustained-contact route; initial actor phase,265,35,0,2444319576,,False,,False,,False,,False,,,False,,False,497,1348,last_hit_single,True,497,1348,0,851,hp_delta,False,False,1,0,1348,0,hit,"[""HP -497"",""hitstun +3"",""last-hit/action transition""]",498,1,1,44000,982,671,215,-311,0,50000,50000,50000,46841,47507,47879,0,0,0,1.0,1.0,1.0,1.0,False,0,0,0,64,66,96,0x0042 Low Hitstun > 0x0060 Soft Knockdown,hitstun,hitstun,knockdown,hitstun > knockdown,21,0,0,0,0,0.6784660220146179,1.1460673809051514,0.6354737877845764,0.0,5.546393394470215,57.2568244934082,0.0,5.546393394470215,57.2568244934082,0.46760135889053345,5.546393394470215,0.46760135889053345,5.546393394470215,-5.419481992721558,2.168306350708008,-5.862327992916107,54.120826959609985,51.95252060890198,0.0,0.0,0.0,0.0,True,False,False,False,False,3,source age 0f; live attack actor; distance 10.44
5,native_damage_pipeline_plus_snapshot_contact_correlation_v5,2026-07-28T21:09:13Z,60,42,2,1528,1546,observation_window,P1-C1,Ryu,2454108608,12,354,Air Shinkuu,P2-C1,Ken the Eagle,2457778656,1,live_attack_actor,medium,84.0,0,12,"Mid, Heavy Hit",12,0,,False,[],[12],0,[],291,"Native result modifier +0004, Sustained-contact actor route, Initial actor phase, Spawned-attack core flag (correlated)",native result +0004; spawned-attack core; sustained-contact route; initial actor phase,265,35,0,2444319576,,False,,False,,False,,False,,,False,,False,0,454,last_hit_single,True,0,454,0,0,last_hit_state_candidate,True,False,1,0,454,0,hit at HP floor,"[""last-hit changed without HP delta"",""last-hit/action transition""]",1,1,1,44000,215,0,0,-215,0,50000,50000,50000,47879,48340,48340,0,0,0,1.0,1.0,1.0,1.0,False,0,0,0,96,91,4609,0x005B Soft Knockdown > 0x1201 Action 4609,knockdown,knockdown,hitstun,knockdown > hitstun,21,0,0,0,0,0.6354737877845764,0.4996277093887329,1.017945408821106,57.2568244934082,65.99464416503906,47.080204010009766,57.2568244934082,65.99464416503906,47.080204010009766,-0.1358460783958435,8.73781967163086,-0.1358460783958435,8.73781967163086,-5.99426543712616,62.91005873680115,-3.1241143941879272,45.97270107269287,19.406367301940918,60.74175238609314,0.30212218256736717,60.451707217170366,60.74447183852546,True,False,False,False,False,19,source age 0f; live attack actor
6,native_damage_pipeline_plus_snapshot_contact_correlation_v6,2026-07-28T21:19:28Z,1,1,1,139,140,next_contact,P1-C1,Ryu,2454108608,12,256,5A,P2-C1,Ken the Eagle,2457778656,1,move_definition,high,104.0,0,True,READY,,9,"Mid, Light Hit",9,0,,False,[],[134217729],1,[],64,Standard-strike baseline,standard-strike baseline,0,0,0,0,,False,,False,,False,,False,,,False,,False,800,800,last_hit_single,True,800,800,0,0,hp_delta,False,False,1,0,800,0,hit,"[""HP -800""]",44000,43200,43200,44000,0,320,320,320,320,50000,50000,50000,50000,50000,50000,0,0,0,1.0,1.0,1.0,1.0,False,0,0,0,1,1,64,0x0001 Action 1 > 0x0040 Standing Hitstun,hitstun,hitstun,hitstun,hitstun,21,0,0,0,0,0.8481666445732117,0.7385255098342896,1.0072450637817383,0.0,0.0,0.0,0.0,0.0,0.0,-0.10964113473892212,0.0,-0.10964113473892212,0.0,0.0,0.0,0.0,0.0,0.0,0.0,0.0,0.0,0.0,False,False,False,False,False,2,source age 0f; current move definition; action ID matched; distance 0.00
6,native_damage_pipeline_plus_snapshot_contact_correlation_v6,2026-07-28T21:19:28Z,2,2,1,141,141,next_contact,P1-C1,Ryu,2454108608,12,257,5B,P2-C1,Ken the Eagle,2457778656,1,move_definition,high,92.0,0,True,READY,,10,"Mid, Medium Hit",10,0,,False,[],[134217730],1,[],64,Standard-strike baseline,standard-strike baseline,0,0,0,0,,False,,False,,False,,False,,,False,,False,1368,1368,last_hit_single,True,1368,1368,0,0,hp_delta,False,False,1,0,1368,0,hit,"[""HP -1368"",""hitstun +5""]",43200,41832,41832,44000,320,868,868,548,548,50000,50000,50000,50000,50000,50000,0,0,0,1.0,1.0,1.0,1.0,False,0,0,0,64,64,64,0x0040 Standing Hitstun,hitstun,hitstun,hitstun,hitstun,17,0,0,0,0,1.0072450637817383,1.2209832668304443,1.2209832668304443,0.0,0.0,0.0,0.0,0.0,0.0,0.21373820304870605,0.0,0.21373820304870605,0.0,0.21104824542999268,0.0,0.21104824542999268,0.0,0.0,0.0,0.0,0.0,0.0,False,False,False,False,False,1,source age 0f; current move definition; distance 0.21
6,native_damage_pipeline_plus_snapshot_contact_correlation_v6,2026-07-28T21:19:29Z,3,3,1,142,143,next_contact,P1-C1,Ryu,2454108608,12,260,2B,P2-C1,Ken the Eagle,2457778656,1,move_definition,high,104.0,0,True,READY,,34,"Low, Medium Hit",34,0,,False,[],[134217730],1,[],64,Standard-strike baseline,standard-strike baseline,0,0,0,0,,False,,False,,False,,False,,,False,,False,1224,1224,last_hit_single,True,1224,1224,0,0,hp_delta,False,False,1,0,1224,0,hit,"[""HP -1224""]",41832,40608,40608,44000,868,1358,1358,490,490,50000,50000,50000,50000,50000,50000,0,0,0,1.0,1.0,1.0,1.0,False,0,0,0,64,64,66,0x0040 Standing Hitstun > 0x0042 Low Hitstun,hitstun,hitstun,hitstun,hitstun,17,0,0,0,0,1.2209832668304443,0.9610379338264465,0.7684285044670105,0.0,0.0,0.0,0.0,0.0,0.0,-0.2599453330039978,0.0,-0.2599453330039978,0.0,0.0,0.0,-0.08550149202346802,0.0,0.08550149202346802,0.0,0.0,0.0,0.0,False,False,False,False,False,2,source age 0f; current move definition; action ID matched; distance 0.00
6,native_damage_pipeline_plus_snapshot_contact_correlation_v6,2026-07-28T21:19:29Z,4,4,1,144,145,next_contact,P1-C1,Ryu,2454108608,12,258,5C,P2-C1,Ken the Eagle,2457778656,1,move_definition,high,104.0,0,True,READY,,12,"Mid, Heavy Hit",12,0,,False,[],[134217732],1,[],64,Standard-strike baseline,standard-strike baseline,0,0,0,0,,False,,False,,False,,False,,,False,,False,2108,2108,last_hit_single,True,2108,2108,0,0,hp_delta,False,False,1,0,2108,0,hit,"[""HP -2108""]",40608,38500,38500,44000,1358,2202,2202,844,844,50000,50000,50000,50000,50000,50000,0,0,0,1.0,1.0,1.0,1.0,False,0,0,0,66,66,64,0x0042 Low Hitstun > 0x0040 Standing Hitstun,hitstun,hitstun,hitstun,hitstun,21,0,0,0,0,0.7684285044670105,0.9279205203056335,0.9153615832328796,0.0,0.0,0.0,0.0,0.0,0.0,0.15949201583862305,0.0,0.15949201583862305,0.0,0.29149383306503296,0.0,-0.012558937072753906,0.0,0.30405277013778687,0.0,0.0,0.0,0.0,False,False,False,False,False,2,source age 0f; current move definition; action ID matched; distance 0.29
6,native_damage_pipeline_plus_snapshot_contact_correlation_v6,2026-07-28T21:19:29Z,5,5,1,146,148,next_contact,P1-C1,Ryu,2454108608,12,262,6C,P2-C1,Ken the Eagle,2457778656,1,move_definition,high,104.0,0,True,READY,,12,"Mid, Heavy Hit",12,0,,False,[],[134217732],1,[],64,Standard-strike baseline,standard-strike baseline,0,0,0,0,,False,,False,,False,,False,,,False,,False,1727,1727,last_hit_single,True,1727,1727,0,0,hp_delta,False,False,1,0,1727,0,hit,"[""HP -1727""]",38500,36773,36773,44000,2202,2893,2893,691,691,50000,50000,50000,50000,50000,50000,0,0,0,1.0,1.0,1.0,1.0,False,0,0,0,64,64,64,0x0040 Standing Hitstun,hitstun,hitstun,hitstun,hitstun,21,0,0,0,0,0.9153615832328796,1.2756237983703613,1.3540699481964111,0.0,0.0,0.0,0.0,0.0,0.0,0.3602622151374817,0.0,0.3602622151374817,0.0,-0.03267228603363037,0.0,-0.2274261713027954,0.0,0.34659528732299805,0.0,0.0,0.0,0.0,False,False,False,False,False,3,source age 0f; current move definition; action ID matched; distance 0.03
6,native_damage_pipeline_plus_snapshot_contact_correlation_v6,2026-07-28T21:19:30Z,6,6,1,149,151,next_contact,P1-C1,Ryu,2454108608,12,305,Hado M,P2-C1,Ken the Eagle,2457778656,1,live_attack_actor,high,108.0,0,True,READY,,12,"Mid, Heavy Hit",12,0,,False,[],[12],0,[],262402,"Initial actor phase, Special chip route B, one-eighth damage, Spawned-attack core flag (correlated)",spawned-attack core; initial actor phase; special chip route,0,0,0,2444319576,,False,,False,,False,,False,,,False,,False,2099,2099,last_hit_single,True,2099,2099,0,0,hp_delta,False,False,1,0,2099,0,hit,"[""HP -2099"",""hitstun +8""]",36773,34674,34674,44000,2893,3733,3733,840,840,50000,50000,50000,50000,50000,50000,0,0,0,1.0,1.0,1.0,1.0,False,0,0,0,64,64,64,0x0040 Standing Hitstun,hitstun,hitstun,hitstun,hitstun,21,0,0,0,0,1.3540699481964111,1.0631102323532104,1.3550738096237183,0.0,0.0,32.07956314086914,0.0,0.0,32.07956314086914,-0.2909597158432007,0.0,-0.2909597158432007,0.0,0.013753771781921387,0.0,-0.0899038314819336,1.4670886993408203,23.857044219970703,0.0,0.0,0.0,0.0,False,False,False,False,False,3,source age 0f; live attack actor; distance 0.01
6,native_damage_pipeline_plus_snapshot_contact_correlation_v6,2026-07-28T21:19:31Z,7,6,2,152,153,next_contact,P1-C1,Ryu,2454108608,12,305,Hado M,P2-C1,Ken the Eagle,2457778656,1,live_attack_actor,medium,80.5,2,True,READY,,12,"Mid, Heavy Hit",12,0,,False,[],[12],0,[],262402,"Initial actor phase, Special chip route B, one-eighth damage, Spawned-attack core flag (correlated)",spawned-attack core; initial actor phase; special chip route,0,0,0,2444319576,,False,,False,,False,,False,,,False,,False,1142,1142,last_hit_single,True,1142,1142,0,0,hp_delta,False,False,1,0,1142,0,hit,"[""HP -1142"",""hitstun +3""]",34674,33532,33532,44000,3733,4190,4190,457,457,50000,50000,50000,50000,50000,50000,0,0,0,1.0,1.0,1.0,1.0,False,0,0,0,64,64,64,0x0040 Standing Hitstun,hitstun,hitstun,hitstun,hitstun,21,0,0,0,0,1.3550738096237183,0.6969349980354309,1.1880072355270386,32.07956314086914,35.7356071472168,35.78882598876953,32.07956314086914,35.7356071472168,35.78882598876953,-0.6581388115882874,3.6560440063476562,-0.6581388115882874,3.6560440063476562,0.0,0.0,0.0,0.0,0.0,0.013753771781921387,35.737344879935726,35.73748315819736,0.013753771781921387,False,False,False,False,False,2,source age 2f; live attack actor
6,native_damage_pipeline_plus_snapshot_contact_correlation_v6,2026-07-28T21:19:31Z,8,7,1,154,155,next_contact,P1-C1,Ryu,2454108608,12,325,Air Tatsu H,P2-C1,Ken the Eagle,2457778656,1,move_definition,medium,80.0,0,True,READY,,12,"Mid, Heavy Hit",12,2148007936,"No guard category, No strength tier, Special air-knockdown composite 0x80080000",False,[2148007936],[2148007940],2,"[1,2]",262208,"Standard-strike baseline, Special chip route B, one-eighth damage",standard-strike baseline; special chip route,12,262208,0,0,,False,,False,,False,,False,,,False,,False,1060,1060,last_hit_single,True,1060,1060,0,0,hp_delta,False,False,1,0,1060,0,hit,"[""HP -1060""]",33532,32472,32472,44000,4190,4614,4614,424,424,50000,50000,50000,50000,50000,50000,0,0,0,1.0,1.0,1.0,1.0,False,0,0,0,64,64,64,0x0040 Standing Hitstun,hitstun,hitstun,hitstun,hitstun,21,0,0,0,0,1.1880072355270386,0.7327597141265869,1.2441622018814087,35.78882598876953,31.138534545898438,28.997554779052734,35.78882598876953,31.138534545898438,28.997554779052734,-0.45524752140045166,-4.650291442871094,-0.45524752140045166,-4.650291442871094,0.0,0.0,0.049506306648254395,0.1704845428466797,0.1704845428466797,0.0,0.0,0.0,0.0,False,False,False,False,False,2,source age 0f; current move definition; action ID matched
6,native_damage_pipeline_plus_snapshot_contact_correlation_v6,2026-07-28T21:19:31Z,9,7,2,156,157,next_contact,P1-C1,Ryu,2454108608,12,325,Air Tatsu H,P2-C1,Ken the Eagle,2457778656,1,move_definition,medium,80.0,0,True,READY,,12,"Mid, Heavy Hit",12,2148007936,"No guard category, No strength tier, Special air-knockdown composite 0x80080000",False,[2148007936],[2148007940],2,"[1,2]",262208,"Standard-strike baseline, Special chip route B, one-eighth damage",standard-strike baseline; special chip route,12,262208,0,0,,False,,False,,False,,False,,,False,,False,978,978,last_hit_single,True,978,978,0,0,hp_delta,False,False,1,0,978,0,hit,"[""HP -978""]",32472,31494,31494,44000,4614,5006,5006,392,392,50000,50000,50000,50000,50000,50000,0,0,0,1.0,1.0,1.0,1.0,False,0,0,0,64,64,64,0x0040 Standing Hitstun,hitstun,hitstun,hitstun,hitstun,21,0,0,0,0,1.2441622018814087,0.7730589509010315,0.6528364419937134,28.997554779052734,26.223573684692383,27.51323699951172,28.997554779052734,26.223573684692383,27.51323699951172,-0.4711032509803772,-2.7739810943603516,-0.4711032509803772,-2.7739810943603516,0.0,0.0,-0.12022250890731812,1.289663314819336,1.289663314819336,0.0,4.9151260711879985,4.9151260711879985,0.0,False,False,False,False,False,2,source age 0f; current move definition; action ID matched
6,native_damage_pipeline_plus_snapshot_contact_correlation_v6,2026-07-28T21:19:32Z,10,7,3,158,162,next_contact,P1-C1,Ryu,2454108608,12,325,Air Tatsu H,P2-C1,Ken the Eagle,2457778656,1,move_definition,medium,80.0,0,True,READY,,12,"Mid, Heavy Hit",12,2148007936,"No guard category, No strength tier, Special air-knockdown composite 0x80080000",False,[2148007936],[2148007940],2,"[1,2]",262208,"Standard-strike baseline, Special chip route B, one-eighth damage",standard-strike baseline; special chip route,12,262208,0,0,,False,,False,,False,,False,,,False,,False,897,897,last_hit_single,True,897,897,0,0,hp_delta,False,False,1,0,897,0,hit,"[""HP -897""]",31494,30597,30597,44000,5006,5365,5365,359,359,50000,50000,50000,50000,50000,50000,0,0,0,1.0,1.0,1.0,1.0,False,0,0,0,64,64,64,0x0040 Standing Hitstun,hitstun,hitstun,hitstun,hitstun,21,0,0,0,0,0.6528364419937134,1.1170028448104858,1.205223560333252,27.51323699951172,25.9542179107666,0.0,27.51323699951172,25.9542179107666,0.0,0.46416640281677246,-1.5590190887451172,0.46416640281677246,-1.5590190887451172,0.0,0.0,0.0,0.0,0.0,0.0,5.35198982009005,5.35198982009005,0.0,False,False,False,True,True,5,source age 0f; current move definition; action ID matched
6,native_damage_pipeline_plus_snapshot_contact_correlation_v6,2026-07-28T21:19:32Z,11,8,1,163,163,next_contact,P1-C1,Ryu,2454108608,12,256,5A,P2-C1,Ken the Eagle,2457778656,1,move_definition,high,104.0,0,True,READY,,9,"Mid, Light Hit",9,0,,False,[],[134217729],1,[],64,Standard-strike baseline,standard-strike baseline,0,0,0,0,,False,,False,,False,,False,,,False,,False,387,387,last_hit_single,True,387,387,0,0,hp_delta,False,False,1,0,387,0,hit,"[""HP -387""]",30597,30210,30210,44000,5365,5520,5520,155,155,50000,50000,50000,50000,50000,50000,0,0,0,1.0,1.0,1.0,1.0,False,0,0,0,64,64,64,0x0040 Standing Hitstun,hitstun,hitstun,hitstun,hitstun,12,0,0,0,0,1.205223560333252,0.8462005257606506,0.8462005257606506,0.0,0.0,0.0,0.0,0.0,0.0,-0.3590230345726013,0.0,-0.3590230345726013,0.0,0.07537519931793213,0.0,0.07537519931793213,0.0,0.0,0.0,0.0,0.0,0.0,False,False,False,False,False,1,source age 0f; current move definition; action ID matched; distance 0.08
6,native_damage_pipeline_plus_snapshot_contact_correlation_v6,2026-07-28T21:19:32Z,12,8,2,164,164,next_contact,P1-C1,Ryu,2454108608,12,256,5A,P2-C1,Ken the Eagle,2457778656,1,move_definition,high,92.0,0,True,READY,,9,"Mid, Light Hit",9,0,,False,[],[134217729],1,[],64,Standard-strike baseline,standard-strike baseline,0,0,0,0,,False,,False,,False,,False,,,False,,False,348,348,last_hit_single,True,348,348,0,0,hp_delta,False,False,1,0,348,0,hit,"[""HP -348""]",30210,29862,29862,44000,5520,5660,5660,140,140,50000,50000,50000,50000,50000,50000,0,0,0,1.0,1.0,1.0,1.0,False,0,0,0,64,64,64,0x0040 Standing Hitstun,hitstun,hitstun,hitstun,hitstun,7,0,0,0,0,0.8462005257606506,1.412696123123169,1.412696123123169,0.0,0.0,0.0,0.0,0.0,0.0,0.5664955973625183,0.0,0.5664955973625183,0.0,0.29334962368011475,0.0,0.29334962368011475,0.0,0.0,0.21797442436218262,0.3485211730003357,0.5664955973625183,0.21797442436218262,False,False,False,False,False,1,source age 0f; current move definition; distance 0.29
6,native_damage_pipeline_plus_snapshot_contact_correlation_v6,2026-07-28T21:19:33Z,13,9,1,165,165,next_contact,P1-C1,Ryu,2454108608,12,257,5B,P2-C1,Ken the Eagle,2457778656,1,move_definition,high,92.0,0,True,READY,,10,"Mid, Medium Hit",10,0,,False,[],[134217730],1,[],64,Standard-strike baseline,standard-strike baseline,0,0,0,0,,False,,False,,False,,False,,,False,,False,558,558,last_hit_single,True,558,558,0,0,hp_delta,False,False,1,0,558,0,hit,"[""HP -558"",""hitstun +10""]",29862,29304,29304,44000,5660,5884,5884,224,224,50000,50000,50000,50000,50000,50000,0,0,0,1.0,1.0,1.0,1.0,False,0,0,0,64,64,64,0x0040 Standing Hitstun,hitstun,hitstun,hitstun,hitstun,17,0,0,0,0,1.412696123123169,1.075463056564331,1.075463056564331,0.0,0.0,0.0,0.0,0.0,0.0,-0.3372330665588379,0.0,-0.3372330665588379,0.0,0.0,0.0,0.0,0.0,0.0,0.0,0.0,0.0,0.0,False,False,False,False,False,1,source age 0f; current move definition; distance 0.00
6,native_damage_pipeline_plus_snapshot_contact_correlation_v6,2026-07-28T21:19:33Z,14,10,1,166,167,next_contact,P1-C1,Ryu,2454108608,12,260,2B,P2-C1,Ken the Eagle,2457778656,1,move_definition,high,104.0,0,True,READY,,34,"Low, Medium Hit",34,0,,False,[],[134217730],1,[],64,Standard-strike baseline,standard-strike baseline,0,0,0,0,,False,,False,,False,,False,,,False,,False,462,462,last_hit_single,True,462,462,0,0,hp_delta,False,False,1,0,462,0,hit,"[""HP -462""]",29304,28842,28842,44000,5884,6069,6069,185,185,50000,50000,50000,50000,50000,50000,0,0,0,1.0,1.0,1.0,1.0,False,0,0,0,64,64,66,0x0040 Standing Hitstun > 0x0042 Low Hitstun,hitstun,hitstun,hitstun,hitstun,17,0,0,0,0,1.075463056564331,1.0276947021484375,0.6500333547592163,0.0,0.0,0.0,0.0,0.0,0.0,-0.047768354415893555,0.0,-0.047768354415893555,0.0,-0.18246746063232422,0.0,-0.1240357756614685,0.0,0.05843168497085571,0.0,0.0,0.0,0.0,False,False,False,False,False,2,source age 0f; current move definition; action ID matched; distance 0.18
6,native_damage_pipeline_plus_snapshot_contact_correlation_v6,2026-07-28T21:19:33Z,15,11,1,168,169,next_contact,P1-C1,Ryu,2454108608,12,258,5C,P2-C1,Ken the Eagle,2457778656,1,move_definition,high,104.0,0,True,READY,,12,"Mid, Heavy Hit",12,0,,False,[],[134217732],1,[],64,Standard-strike baseline,standard-strike baseline,0,0,0,0,,False,,False,,False,,False,,,False,,False,843,843,last_hit_single,True,843,843,0,0,hp_delta,False,False,1,0,843,0,hit,"[""HP -843""]",28842,27999,27999,44000,6069,6407,6407,338,338,50000,50000,50000,50000,50000,50000,0,0,0,1.0,1.0,1.0,1.0,False,0,0,0,66,66,64,0x0042 Low Hitstun > 0x0040 Standing Hitstun,hitstun,hitstun,hitstun,hitstun,21,0,0,0,0,0.6500333547592163,0.6981715559959412,1.3494089841842651,0.0,0.0,0.0,0.0,0.0,0.0,0.048138201236724854,0.0,0.048138201236724854,0.0,0.0,0.0,0.07292318344116211,0.0,0.07292318344116211,0.0,0.0,0.0,0.0,False,False,False,False,False,2,source age 0f; current move definition; action ID matched; distance 0.00
6,native_damage_pipeline_plus_snapshot_contact_correlation_v6,2026-07-28T21:19:34Z,16,12,1,170,172,next_contact,P1-C1,Ryu,2454108608,12,261,2C,P2-C1,Ken the Eagle,2457778656,1,move_definition,medium,80.0,0,True,READY,,36,"Low, Heavy Hit",36,1024,"No guard category, No strength tier, Sweep 0x00000400",False,[1024],[134218756],1,[],64,Standard-strike baseline,standard-strike baseline,0,0,0,0,,False,,False,,False,,False,,,False,,False,816,816,last_hit_single,True,816,816,0,0,hp_delta,False,False,1,0,816,0,hit,"[""HP -816""]",27999,27183,27183,44000,6407,6734,6734,327,327,50000,50000,50000,50000,50000,50000,0,0,0,1.0,1.0,1.0,1.0,False,0,0,0,64,64,96,0x0040 Standing Hitstun > 0x0060 Soft Knockdown,hitstun,hitstun,knockdown,hitstun > knockdown,21,0,0,0,0,1.3494089841842651,0.7695295810699463,1.3035829067230225,0.0,6.235119342803955,30.502779006958008,0.0,6.235119342803955,30.502779006958008,-0.5798794031143188,6.235119342803955,-0.5798794031143188,6.235119342803955,0.0,0.0,0.04689788818359375,-0.8974323272705078,5.610416412353516,0.0,0.0,0.0,0.0,True,False,False,False,False,3,source age 0f; current move definition; action ID matched
6,native_damage_pipeline_plus_snapshot_contact_correlation_v6,2026-07-28T21:19:34Z,17,13,1,173,174,next_contact,P1-C1,Ryu,2454108608,12,262,6C,P2-C1,Ken the Eagle,2457778656,1,move_definition,medium,68.0,0,True,READY,,12,"Mid, Heavy Hit",12,0,,False,[],[134217732],1,[],64,Standard-strike baseline,standard-strike baseline,0,0,0,0,,False,,False,,False,,False,,,False,,False,754,754,last_hit_single,True,754,754,0,0,hp_delta,False,False,1,0,754,0,hit,"[""HP -754""]",27183,26429,26429,44000,6734,7036,7036,302,302,50000,50000,50000,50000,50000,50000,0,0,0,1.0,1.0,1.0,1.0,False,0,0,0,96,96,91,0x0060 Soft Knockdown > 0x005B Soft Knockdown,knockdown,knockdown,knockdown,knockdown,21,0,0,0,0,1.3035829067230225,0.7638944983482361,0.344634473323822,30.502779006958008,54.96823501586914,77.22486114501953,30.502779006958008,54.96823501586914,77.22486114501953,-0.5396884083747864,24.465456008911133,-0.5396884083747864,24.465456008911133,-0.23747211694717407,7.4284820556640625,0.0006194710731506348,0.5462265014648438,6.882255554199219,0.0,0.0,0.0,0.0,True,False,False,False,False,2,source age 0f; current move definition
6,native_damage_pipeline_plus_snapshot_contact_correlation_v6,2026-07-28T21:19:35Z,18,14,1,175,179,next_contact,P1-C1,Ryu,2454108608,12,315,Donkey H,P2-C1,Ken the Eagle,2457778656,1,move_definition,medium,80.0,0,True,READY,,12,"Mid, Heavy Hit",12,2147484160,"No guard category, No strength tier, Wall-interaction hard knockdown 0x80000200",False,[2147484160],[2147484164],1,[],262208,"Standard-strike baseline, Special chip route B, one-eighth damage",standard-strike baseline; special chip route,0,0,0,0,,False,,False,,False,,False,,,False,,False,958,958,last_hit_single,True,958,958,0,0,hp_delta,False,False,1,0,958,0,hit,"[""HP -958""]",26429,25471,25471,44000,7036,7420,7420,384,384,50000,50000,50000,50000,50000,50000,0,0,0,1.0,1.0,1.0,1.0,False,0,0,0,91,91,82,0x005B Soft Knockdown > 0x0051 Bounce Launch > 0x0052 Bounce Off,knockdown,knockdown,knockdown,knockdown,21,0,0,0,0,0.344634473323822,1.1151007413864136,0.39219287037849426,77.22486114501953,55.70684051513672,64.66927337646484,77.22486114501953,55.70684051513672,64.66927337646484,0.7704662680625916,-21.518020629882812,0.7704662680625916,-21.518020629882812,0.0,0.0,0.013452738523483276,-3.9081954956054688,5.1803436279296875,0.0,0.0,0.0,0.0,True,True,False,False,False,5,source age 0f; current move definition; action ID matched
6,native_damage_pipeline_plus_snapshot_contact_correlation_v6,2026-07-28T21:19:36Z,19,15,1,180,180,next_contact,P1-C1,Ryu,2454108608,12,256,5A,P2-C1,Ken the Eagle,2457778656,1,move_definition,medium,80.0,0,True,READY,,9,"Mid, Light Hit",9,0,,False,[],[134217729],1,[],64,Standard-strike baseline,standard-strike baseline,0,0,0,0,,False,,False,,False,,False,,,False,,False,285,285,last_hit_single,True,285,285,0,0,hp_delta,False,False,1,0,285,0,hit,"[""HP -285""]",25471,25186,25186,44000,7420,7534,7534,114,114,50000,50000,50000,50000,50000,50000,0,0,0,1.0,1.0,1.0,1.0,False,0,0,0,82,82,82,0x0052 Bounce Off,knockdown,knockdown,knockdown,knockdown,12,0,0,0,0,0.39219287037849426,0.8024664521217346,0.8024664521217346,64.66927337646484,48.02710723876953,48.02710723876953,64.66927337646484,48.02710723876953,48.02710723876953,0.41027358174324036,-16.642166137695312,0.41027358174324036,-16.642166137695312,0.16647183895111084,-0.36468505859375,0.16647183895111084,-0.36468505859375,0.0,0.0,0.0,0.0,0.0,True,True,False,False,False,1,source age 0f; current move definition; action ID matched
6,native_damage_pipeline_plus_snapshot_contact_correlation_v6,2026-07-28T21:19:36Z,20,15,2,181,181,next_contact,P1-C1,Ryu,2454108608,12,256,5A,P2-C1,Ken the Eagle,2457778656,1,move_definition,medium,68.0,0,True,READY,,9,"Mid, Light Hit",9,0,,False,[],[134217729],1,[],64,Standard-strike baseline,standard-strike baseline,0,0,0,0,,False,,False,,False,,False,,,False,,False,288,288,last_hit_single,True,288,288,0,0,hp_delta,False,False,1,0,288,0,hit,"[""HP -288"",""last-hit/action transition""]",25186,24898,24898,44000,7534,7650,7650,116,116,50000,50000,50000,50000,50000,50000,0,0,0,1.0,1.0,1.0,1.0,False,0,0,0,82,91,91,0x005B Soft Knockdown,knockdown,knockdown,knockdown,knockdown,12,0,0,0,0,0.8024664521217346,1.0343010425567627,1.0343010425567627,48.02710723876953,46.66364669799805,46.66364669799805,48.02710723876953,46.66364669799805,46.66364669799805,0.23183459043502808,-1.3634605407714844,0.23183459043502808,-1.3634605407714844,0.0838249921798706,3.661815643310547,0.0838249921798706,3.661815643310547,0.0,4.026500701904297,5.39912777880783,1.3830299792712542,4.027348805817175,True,False,False,False,False,1,source age 0f; current move definition
6,native_damage_pipeline_plus_snapshot_contact_correlation_v6,2026-07-28T21:19:36Z,21,16,1,182,182,next_contact,P1-C1,Ryu,2454108608,12,257,5B,P2-C1,Ken the Eagle,2457778656,1,move_definition,medium,80.0,0,True,READY,,10,"Mid, Medium Hit",10,0,,False,[],[134217730],1,[],64,Standard-strike baseline,standard-strike baseline,0,0,0,0,,False,,False,,False,,False,,,False,,False,518,518,last_hit_single,True,518,518,0,0,hp_delta,False,False,1,0,518,0,hit,"[""HP -518"",""hitstun +5""]",24898,24380,24380,44000,7650,7858,7858,208,208,50000,50000,50000,50000,50000,50000,0,0,0,1.0,1.0,1.0,1.0,False,0,0,0,91,91,91,0x005B Soft Knockdown,knockdown,knockdown,knockdown,knockdown,17,0,0,0,0,1.0343010425567627,1.0017856359481812,1.0017856359481812,46.66364669799805,48.450775146484375,48.450775146484375,46.66364669799805,48.450775146484375,48.450775146484375,-0.03251540660858154,1.7871284484863281,-0.03251540660858154,1.7871284484863281,0.009039998054504395,-0.936492919921875,0.009039998054504395,-0.936492919921875,0.0,0.0,0.0,0.0,0.0,True,False,False,False,False,1,source age 0f; current move definition; action ID matched
6,native_damage_pipeline_plus_snapshot_contact_correlation_v6,2026-07-28T21:19:36Z,22,17,1,183,184,next_contact,P1-C1,Ryu,2454108608,12,260,2B,P2-C1,Ken the Eagle,2457778656,1,move_definition,medium,80.0,0,True,READY,,34,"Low, Medium Hit",34,0,,False,[],[134217730],1,[],64,Standard-strike baseline,standard-strike baseline,0,0,0,0,,False,,False,,False,,False,,,False,,False,492,492,last_hit_single,True,492,492,0,0,hp_delta,False,False,1,0,492,0,hit,"[""HP -492""]",24380,23888,23888,44000,7858,8055,8055,197,197,50000,50000,50000,50000,50000,50000,0,0,0,1.0,1.0,1.0,1.0,False,0,0,0,91,91,91,0x005B Soft Knockdown,knockdown,knockdown,knockdown,knockdown,17,0,0,0,0,1.0017856359481812,0.6710585951805115,0.7402350306510925,48.450775146484375,64.37616729736328,63.352848052978516,48.450775146484375,64.37616729736328,63.352848052978516,-0.3307270407676697,15.925392150878906,-0.3307270407676697,15.925392150878906,-0.2648950219154358,-0.42911529541015625,0.004714071750640869,0.5149879455566406,0.9441032409667969,0.0,0.0,0.0,0.0,True,False,False,False,False,2,source age 0f; current move definition; action ID matched
6,native_damage_pipeline_plus_snapshot_contact_correlation_v6,2026-07-28T21:19:37Z,23,18,1,185,186,next_contact,P1-C1,Ryu,2454108608,12,258,5C,P2-C1,Ken the Eagle,2457778656,1,move_definition,medium,80.0,0,True,READY,,12,"Mid, Heavy Hit",12,0,,False,[],[134217732],1,[],64,Standard-strike baseline,standard-strike baseline,0,0,0,0,,False,,False,,False,,False,,,False,,False,897,897,last_hit_single,True,897,897,0,0,hp_delta,False,False,1,0,897,0,hit,"[""HP -897"",""hitstun +4""]",23888,22991,22991,44000,8055,8414,8414,359,359,50000,50000,50000,50000,50000,50000,0,0,0,1.0,1.0,1.0,1.0,False,0,0,0,91,91,91,0x005B Soft Knockdown,knockdown,knockdown,knockdown,knockdown,21,0,0,0,0,0.7402350306510925,0.5987902283668518,0.761335015296936,63.352848052978516,60.0257682800293,58.37450408935547,63.352848052978516,60.0257682800293,58.37450408935547,-0.14144480228424072,-3.3270797729492188,-0.14144480228424072,-3.3270797729492188,0.0,0.0,-0.048791706562042236,0.9824562072753906,0.9824562072753906,0.0,0.0,0.0,0.0,True,False,False,False,False,2,source age 0f; current move definition; action ID matched
6,native_damage_pipeline_plus_snapshot_contact_correlation_v6,2026-07-28T21:19:37Z,24,19,1,187,188,next_contact,P1-C1,Ryu,2454108608,12,261,2C,P2-C1,Ken the Eagle,2457778656,1,move_definition,medium,80.0,0,True,READY,,36,"Low, Heavy Hit",36,1024,"No guard category, No strength tier, Sweep 0x00000400",False,[1024],[134218756],1,[],64,Standard-strike baseline,standard-strike baseline,0,0,0,0,,False,,False,,False,,False,,,False,,False,876,876,last_hit_single,True,876,876,0,0,hp_delta,False,False,1,0,876,0,hit,"[""HP -876""]",22991,22115,22115,44000,8414,8765,8765,351,351,50000,50000,50000,50000,50000,50000,0,0,0,1.0,1.0,1.0,1.0,False,0,0,0,91,91,91,0x005B Soft Knockdown,knockdown,knockdown,knockdown,knockdown,21,0,0,0,0,0.761335015296936,0.6131000518798828,1.171404242515564,58.37450408935547,59.647403717041016,54.96031951904297,58.37450408935547,59.647403717041016,54.96031951904297,-0.14823496341705322,1.2728996276855469,-0.14823496341705322,1.2728996276855469,0.0,0.0,-0.010428190231323242,0.44362640380859375,0.44362640380859375,0.0,0.0,0.0,0.0,True,False,False,False,False,2,source age 0f; current move definition; action ID matched
6,native_damage_pipeline_plus_snapshot_contact_correlation_v6,2026-07-28T21:19:38Z,25,20,1,189,191,next_contact,P1-C1,Ryu,2454108608,12,262,6C,P2-C1,Ken the Eagle,2457778656,1,move_definition,medium,80.0,0,True,READY,,12,"Mid, Heavy Hit",12,0,,False,[],[134217732],1,[],64,Standard-strike baseline,standard-strike baseline,0,0,0,0,,False,,False,,False,,False,,,False,,False,790,790,last_hit_single,True,790,790,0,0,hp_delta,False,False,1,0,790,0,hit,"[""HP -790""]",22115,21325,21325,44000,8765,9081,9081,316,316,50000,50000,50000,50000,50000,50000,0,0,0,1.0,1.0,1.0,1.0,False,0,0,0,91,91,91,0x005B Soft Knockdown,knockdown,knockdown,knockdown,knockdown,21,0,0,0,0,1.171404242515564,0.832697331905365,0.511565625667572,54.96031951904297,60.355411529541016,71.8894271850586,54.96031951904297,60.355411529541016,71.8894271850586,-0.338706910610199,5.395092010498047,-0.338706910610199,5.395092010498047,0.0,0.0,-0.032826781272888184,0.2701416015625,1.5677871704101562,0.0,0.0,0.0,0.0,True,False,False,False,False,3,source age 0f; current move definition; action ID matched
6,native_damage_pipeline_plus_snapshot_contact_correlation_v6,2026-07-28T21:19:39Z,26,21,1,192,192,next_contact,P1-C1,Ryu,2454108608,12,309,Tatsu H,P2-C1,Ken the Eagle,2457778656,1,move_definition,medium,80.0,0,True,READY,,12,"Mid, Heavy Hit",12,512,"No guard category, No strength tier, Hard knockdown 0x00000200",False,[512],[516],2,"[1,2]",262208,"Standard-strike baseline, Special chip route B, one-eighth damage",standard-strike baseline; special chip route,12,262208,0,0,,False,,False,,False,,False,,,False,,False,574,574,last_hit_single,True,574,574,0,0,hp_delta,False,False,1,0,574,0,hit,"[""HP -574""]",21325,20751,20751,44000,9081,9311,9311,230,230,50000,50000,50000,50000,50000,50000,0,0,0,1.0,1.0,1.0,1.0,False,0,0,0,91,91,91,0x005B Soft Knockdown,knockdown,knockdown,knockdown,knockdown,21,0,0,0,0,0.511565625667572,0.7505519986152649,0.7505519986152649,71.8894271850586,49.719947814941406,49.719947814941406,71.8894271850586,49.719947814941406,49.719947814941406,0.23898637294769287,-22.169479370117188,0.23898637294769287,-22.169479370117188,0.0,0.0,0.0,0.0,0.0,0.0,0.0,0.0,0.0,True,False,False,False,False,1,source age 0f; current move definition; action ID matched
6,native_damage_pipeline_plus_snapshot_contact_correlation_v6,2026-07-28T21:19:39Z,27,21,2,193,193,next_contact,P1-C1,Ryu,2454108608,12,309,Tatsu H,P2-C1,Ken the Eagle,2457778656,1,move_definition,medium,80.0,0,True,READY,,12,"Mid, Heavy Hit",12,512,"No guard category, No strength tier, Hard knockdown 0x00000200",False,[512],[516],2,"[1,2]",262208,"Standard-strike baseline, Special chip route B, one-eighth damage",standard-strike baseline; special chip route,12,262208,0,0,,False,,False,,False,,False,,,False,,False,576,576,last_hit_single,True,576,576,0,0,hp_delta,False,False,1,0,576,0,hit,"[""HP -576"",""last-hit/action transition""]",20751,20175,20175,44000,9311,9542,9542,231,231,50000,50000,50000,50000,50000,50000,0,0,0,1.0,1.0,1.0,1.0,False,0,0,0,91,80,80,0x0050 Hard Knockdown,knockdown,knockdown,knockdown,knockdown,21,0,0,0,0,0.7505519986152649,0.7695188522338867,0.7695188522338867,49.719947814941406,50.929500579833984,50.929500579833984,49.719947814941406,50.929500579833984,50.929500579833984,0.018966853618621826,1.2095527648925781,0.018966853618621826,1.2095527648925781,0.0,0.0,0.0,0.0,0.0,0.0,1.2097014642445758,1.2097014642445758,0.0,True,False,False,False,False,1,source age 0f; current move definition; action ID matched
6,native_damage_pipeline_plus_snapshot_contact_correlation_v6,2026-07-28T21:19:39Z,28,21,3,194,195,next_contact,P1-C1,Ryu,2454108608,12,309,Tatsu H,P2-C1,Ken the Eagle,2457778656,1,move_definition,medium,80.0,0,True,READY,,12,"Mid, Heavy Hit",12,512,"No guard category, No strength tier, Hard knockdown 0x00000200",False,[512],[516],2,"[1,2]",262208,"Standard-strike baseline, Special chip route B, one-eighth damage",standard-strike baseline; special chip route,12,262208,0,0,,False,,False,,False,,False,,,False,,False,577,577,last_hit_single,True,577,577,0,0,hp_delta,False,False,1,0,577,0,hit,"[""HP -577""]",20175,19598,19598,44000,9542,9773,9773,231,231,50000,50000,50000,50000,50000,50000,0,0,0,1.0,1.0,1.0,1.0,False,0,0,0,80,80,80,0x0050 Hard Knockdown,knockdown,knockdown,knockdown,knockdown,21,0,0,0,0,0.7695188522338867,0.7570518255233765,0.723750650882721,50.929500579833984,52.15580749511719,61.72693634033203,50.929500579833984,52.15580749511719,61.72693634033203,-0.012467026710510254,1.2263069152832031,-0.012467026710510254,1.2263069152832031,0.0,0.0,-2.4974346160888672e-05,-0.18309402465820312,0.18309402465820312,0.0,2.4360717497727298,2.4360717497727298,0.0,True,False,False,True,True,2,source age 0f; current move definition; action ID matched
6,native_damage_pipeline_plus_snapshot_contact_correlation_v6,2026-07-28T21:19:39Z,29,21,4,196,197,next_contact,P1-C1,Ryu,2454108608,12,309,Tatsu H,P2-C1,Ken the Eagle,2457778656,1,move_definition,medium,80.0,0,True,READY,,12,"Mid, Heavy Hit",12,512,"No guard category, No strength tier, Hard knockdown 0x00000200",False,[512],[516],2,"[1,2]",262208,"Standard-strike baseline, Special chip route B, one-eighth damage",standard-strike baseline; special chip route,12,262208,0,0,,False,,False,,False,,False,,,False,,False,578,578,last_hit_single,True,578,578,0,0,hp_delta,False,False,1,0,578,0,hit,"[""HP -578""]",19598,19020,19020,44000,9773,10005,10005,232,232,50000,50000,50000,50000,50000,50000,0,0,0,1.0,1.0,1.0,1.0,False,0,0,0,80,80,80,0x0050 Hard Knockdown,knockdown,knockdown,knockdown,knockdown,21,0,0,0,0,0.723750650882721,0.7496507167816162,0.6968842148780823,61.72693634033203,53.18527603149414,59.73801040649414,61.72693634033203,53.18527603149414,59.73801040649414,0.025900065898895264,-8.54166030883789,0.025900065898895264,-8.54166030883789,0.0,0.0,-0.08630353212356567,2.956958770751953,2.956958770751953,0.0,3.465566890023869,3.465566890023869,0.0,True,False,False,True,True,2,source age 0f; current move definition; action ID matched
6,native_damage_pipeline_plus_snapshot_contact_correlation_v6,2026-07-28T21:19:40Z,30,21,5,198,199,next_contact,P1-C1,Ryu,2454108608,12,309,Tatsu H,P2-C1,Ken the Eagle,2457778656,1,move_definition,medium,80.0,0,True,READY,,12,"Mid, Heavy Hit",12,512,"No guard category, No strength tier, Hard knockdown 0x00000200",False,[512],[516],2,"[1,2]",262208,"Standard-strike baseline, Special chip route B, one-eighth damage",standard-strike baseline; special chip route,12,262208,0,0,,False,,False,,False,,False,,,False,,False,370,370,last_hit_single,True,370,370,0,0,hp_delta,False,False,1,0,370,0,hit,"[""HP -370""]",19020,18650,18650,44000,10005,10153,10153,148,148,50000,50000,50000,50000,50000,50000,0,0,0,1.0,1.0,1.0,1.0,False,0,0,0,80,80,91,0x0050 Hard Knockdown > 0x005B Soft Knockdown,knockdown,knockdown,knockdown,knockdown,21,0,0,0,0,0.6968842148780823,0.5481520891189575,0.46986672282218933,59.73801040649414,55.471458435058594,65.16949462890625,59.73801040649414,55.471458435058594,65.16949462890625,-0.14873212575912476,-4.266551971435547,-0.14873212575912476,-4.266551971435547,0.08337390422821045,-3.7806854248046875,0.0,0.0,3.7806854248046875,3.7806854248046875,9.539119195415369,5.760611917755934,3.781604618311763,True,False,False,False,False,2,source age 0f; current move definition; action ID matched
6,native_damage_pipeline_plus_snapshot_contact_correlation_v6,2026-07-28T21:19:40Z,31,22,1,200,200,next_contact,P1-C2,Chun-Li,2461448704,13,426,assist attack,P2-C1,Ken the Eagle,2457778656,1,move_definition,medium,80.0,0,True,READY,,12,"Mid, Heavy Hit",12,256,"No guard category, No strength tier, Launch / soft-knockdown route 0x00000100",False,[256],[260],3,"[1,2,3]",64,Standard-strike baseline,standard-strike baseline,12,64,0,0,,False,,False,,False,,False,,,False,,False,377,377,last_hit_single,True,377,377,0,0,hp_delta,False,False,1,0,377,0,hit,"[""HP -377""]",18650,18273,18273,44000,10153,10304,10304,151,151,50000,50000,50000,50000,50000,50000,0,0,0,1.0,1.0,1.0,1.0,False,0,0,0,91,91,91,0x005B Soft Knockdown,knockdown,knockdown,knockdown,knockdown,21,0,0,0,0,0.46986672282218933,0.6957861185073853,0.6957861185073853,65.16949462890625,59.025001525878906,59.025001525878906,65.16949462890625,59.025001525878906,59.025001525878906,0.22591939568519592,-6.144493103027344,0.22591939568519592,-6.144493103027344,-0.3416398763656616,23.52646255493164,-0.3416398763656616,23.52646255493164,0.0,0.0,0.0,0.0,0.0,True,False,False,False,False,1,source age 0f; current move definition; action ID matched
6,native_damage_pipeline_plus_snapshot_contact_correlation_v6,2026-07-28T21:19:40Z,32,22,2,201,201,next_contact,P1-C2,Chun-Li,2461448704,13,426,assist attack,P2-C1,Ken the Eagle,2457778656,1,move_definition,medium,80.0,0,True,READY,,12,"Mid, Heavy Hit",12,256,"No guard category, No strength tier, Launch / soft-knockdown route 0x00000100",False,[256],[260],3,"[1,2,3]",64,Standard-strike baseline,standard-strike baseline,12,64,0,0,,False,,False,,False,,False,,,False,,False,384,384,last_hit_single,True,384,384,0,0,hp_delta,False,False,1,0,384,0,hit,"[""HP -384""]",18273,17889,17889,44000,10304,10458,10458,154,154,50000,50000,50000,50000,50000,50000,0,0,0,1.0,1.0,1.0,1.0,False,0,0,0,91,91,91,0x005B Soft Knockdown,knockdown,knockdown,knockdown,knockdown,21,0,0,0,0,0.6957861185073853,1.0815486907958984,1.0815486907958984,59.025001525878906,58.27492141723633,58.27492141723633,59.025001525878906,58.27492141723633,58.27492141723633,0.3857625722885132,-0.7500801086425781,0.3857625722885132,-0.7500801086425781,0.023298978805541992,9.53369140625,0.023298978805541992,9.53369140625,0.0,13.99277114868164,13.242707412350597,0.843464837180491,13.997529238668907,True,False,False,False,False,1,source age 0f; current move definition; action ID matched
6,native_damage_pipeline_plus_snapshot_contact_correlation_v6,2026-07-28T21:19:41Z,33,23,1,202,204,next_contact,P1-C1,Ryu,2454108608,12,258,5C,P2-C1,Ken the Eagle,2457778656,1,move_definition,medium,80.0,0,True,READY,,12,"Mid, Heavy Hit",12,0,,False,[],[134217732],1,[],64,Standard-strike baseline,standard-strike baseline,0,0,0,0,,False,,False,,False,,False,,,False,,False,933,933,last_hit_single,True,933,933,0,0,hp_delta,False,False,1,0,933,0,hit,"[""HP -933""]",17889,16956,16956,44000,10458,10832,10832,374,374,50000,50000,50000,50000,50000,50000,0,0,0,1.0,1.0,1.0,1.0,False,0,0,0,91,91,91,0x005B Soft Knockdown,knockdown,knockdown,knockdown,knockdown,21,0,0,0,0,1.0815486907958984,0.7539920806884766,1.335007667541504,58.27492141723633,67.50389099121094,45.046653747558594,58.27492141723633,67.50389099121094,45.046653747558594,-0.3275566101074219,9.22896957397461,-0.3275566101074219,9.22896957397461,0.0,0.0,-0.025098800659179688,-2.340373992919922,2.340373992919922,0.0,0.0,0.0,0.0,True,False,False,False,False,3,source age 0f; current move definition; action ID matched
6,native_damage_pipeline_plus_snapshot_contact_correlation_v6,2026-07-28T21:19:41Z,34,24,1,205,205,next_contact,P1-C1,Ryu,2454108608,12,257,5B,P2-C1,Ken the Eagle,2457778656,1,move_definition,medium,80.0,0,True,READY,,10,"Mid, Medium Hit",10,0,,False,[],[134217730],1,[],64,Standard-strike baseline,standard-strike baseline,0,0,0,0,,False,,False,,False,,False,,,False,,False,288,288,last_hit_single,True,288,288,0,0,hp_delta,False,False,1,0,288,0,hit,"[""HP -288""]",16956,16668,16668,44000,10832,10948,10948,116,116,50000,50000,50000,50000,50000,50000,0,0,0,1.0,1.0,1.0,1.0,False,0,0,0,91,91,91,0x005B Soft Knockdown,knockdown,knockdown,knockdown,knockdown,12,0,0,0,0,1.335007667541504,1.3824431896209717,1.3824431896209717,45.046653747558594,37.90595245361328,37.90595245361328,45.046653747558594,37.90595245361328,37.90595245361328,0.04743552207946777,-7.1407012939453125,0.04743552207946777,-7.1407012939453125,-0.019592881202697754,2.543651580810547,-0.019592881202697754,2.543651580810547,0.0,0.0,0.0,0.0,0.0,True,False,False,False,False,1,source age 0f; current move definition; action ID matched
6,native_damage_pipeline_plus_snapshot_contact_correlation_v6,2026-07-28T21:19:42Z,35,24,2,206,207,next_contact,P1-C1,Ryu,2454108608,12,257,5B,P2-C1,Ken the Eagle,2457778656,1,move_definition,medium,80.0,0,True,READY,,10,"Mid, Medium Hit",10,0,,False,[],[134217730],1,[],64,Standard-strike baseline,standard-strike baseline,0,0,0,0,,False,,False,,False,,False,,,False,,False,520,520,last_hit_single,True,520,520,0,0,hp_delta,False,False,1,0,520,0,hit,"[""HP -520"",""hitstun +5""]",16668,16148,16148,44000,10948,11156,11156,208,208,50000,50000,50000,50000,50000,50000,0,0,0,1.0,1.0,1.0,1.0,False,0,0,0,91,91,91,0x005B Soft Knockdown,knockdown,knockdown,knockdown,knockdown,17,0,0,0,0,1.3824431896209717,1.2511595487594604,1.7956918478012085,37.90595245361328,43.011470794677734,41.32536315917969,37.90595245361328,43.011470794677734,41.32536315917969,-0.13128364086151123,5.105518341064453,-0.13128364086151123,5.105518341064453,0.07065558433532715,-2.4431533813476562,-0.04372298717498779,0.1436920166015625,2.5868453979492188,4.986804962158203,10.094754386855426,5.107205980308938,4.987621528959234,True,False,False,False,False,2,source age 0f; current move definition; action ID matched
6,native_damage_pipeline_plus_snapshot_contact_correlation_v6,2026-07-28T21:19:42Z,36,25,1,208,208,next_contact,P1-C1,Ryu,2454108608,12,258,5C,P2-C1,Ken the Eagle,2457778656,1,move_definition,medium,73.0,4,True,READY,,12,"Mid, Heavy Hit",12,0,,False,[],[134217732],1,[],64,Standard-strike baseline,standard-strike baseline,0,0,0,0,,False,,False,,False,,False,,,False,,False,490,490,last_hit_single,True,490,490,0,0,hp_delta,False,False,1,0,490,0,hit,"[""HP -490""]",16148,15658,15658,44000,11156,11352,11352,196,196,50000,50000,50000,50000,50000,50000,0,0,0,1.0,1.0,1.0,1.0,False,0,0,0,91,91,91,0x005B Soft Knockdown,knockdown,knockdown,knockdown,knockdown,17,0,0,0,0,1.7956918478012085,1.327093482017517,1.327093482017517,41.32536315917969,45.79336166381836,45.79336166381836,41.32536315917969,45.79336166381836,45.79336166381836,-0.4685983657836914,4.467998504638672,-0.4685983657836914,4.467998504638672,0.05626225471496582,1.5312652587890625,0.05626225471496582,1.5312652587890625,0.0,0.0,0.0,0.0,0.0,True,False,False,False,False,1,source age 4f; current move definition; action ID matched
6,native_damage_pipeline_plus_snapshot_contact_correlation_v6,2026-07-28T21:19:42Z,37,25,2,209,210,next_contact,P1-C1,Ryu,2454108608,12,258,5C,P2-C1,Ken the Eagle,2457778656,1,move_definition,medium,80.0,0,True,READY,,12,"Mid, Heavy Hit",12,0,,False,[],[134217732],1,[],64,Standard-strike baseline,standard-strike baseline,0,0,0,0,,False,,False,,False,,False,,,False,,False,895,895,last_hit_single,True,895,895,0,0,hp_delta,False,False,1,0,895,0,hit,"[""HP -895""]",15658,14763,14763,44000,11352,11710,11710,358,358,50000,50000,50000,50000,50000,50000,0,0,0,1.0,1.0,1.0,1.0,False,0,0,0,91,91,91,0x005B Soft Knockdown,knockdown,knockdown,knockdown,knockdown,21,0,0,0,0,1.327093482017517,1.056908130645752,1.3002417087554932,45.79336166381836,44.80106735229492,45.471221923828125,45.79336166381836,44.80106735229492,45.471221923828125,-0.27018535137176514,-0.9922943115234375,-0.27018535137176514,-0.9922943115234375,0.0,0.0,0.0,0.0,0.0,1.5312652587890625,0.5798730665237345,1.0284202082697798,1.5322985133713163,True,False,False,False,False,2,source age 0f; current move definition; action ID matched
6,native_damage_pipeline_plus_snapshot_contact_correlation_v6,2026-07-28T21:19:43Z,38,26,1,211,211,next_contact,P1-C1,Ryu,2454108608,12,261,2C,P2-C1,Ken the Eagle,2457778656,1,move_definition,medium,68.0,0,True,READY,,36,"Low, Heavy Hit",36,1024,"No guard category, No strength tier, Sweep 0x00000400",False,[1024],[134218756],1,[],64,Standard-strike baseline,standard-strike baseline,0,0,0,0,,False,,False,,False,,False,,,False,,False,871,871,last_hit_single,True,871,871,0,0,hp_delta,False,False,1,0,871,0,hit,"[""HP -871""]",14763,13892,13892,44000,11710,12059,12059,349,349,50000,50000,50000,50000,50000,50000,0,0,0,1.0,1.0,1.0,1.0,False,0,0,0,91,91,91,0x005B Soft Knockdown,knockdown,knockdown,knockdown,knockdown,21,0,0,0,0,1.3002417087554932,1.0649420022964478,1.0649420022964478,45.471221923828125,45.15528869628906,45.15528869628906,45.471221923828125,45.15528869628906,45.15528869628906,-0.2352997064590454,-0.3159332275390625,-0.2352997064590454,-0.3159332275390625,0.0,0.0,0.0,0.0,0.0,0.0,0.0,0.0,0.0,True,False,False,False,False,1,source age 0f; current move definition
6,native_damage_pipeline_plus_snapshot_contact_correlation_v6,2026-07-28T21:19:43Z,39,27,1,212,214,next_contact,P1-C1,Ryu,2454108608,12,262,6C,P2-C1,Ken the Eagle,2457778656,1,move_definition,medium,80.0,0,True,READY,,12,"Mid, Heavy Hit",12,0,,False,[],[134217732],1,[],64,Standard-strike baseline,standard-strike baseline,0,0,0,0,,False,,False,,False,,False,,,False,,False,786,786,last_hit_single,True,786,786,0,0,hp_delta,False,False,1,0,786,0,hit,"[""HP -786""]",13892,13106,13106,44000,12059,12374,12374,315,315,50000,50000,50000,50000,50000,50000,0,0,0,1.0,1.0,1.0,1.0,False,0,0,0,91,91,91,0x005B Soft Knockdown,knockdown,knockdown,knockdown,knockdown,21,0,0,0,0,1.0649420022964478,1.2923035621643066,0.7189314961433411,45.15528869628906,46.713382720947266,62.93798065185547,45.15528869628906,46.713382720947266,62.93798065185547,0.2273615598678589,1.5580940246582031,0.2273615598678589,1.5580940246582031,0.0,0.0,-0.07321768999099731,-0.19697189331054688,2.2675323486328125,0.0,0.0,0.0,0.0,True,False,False,False,False,3,source age 0f; current move definition; action ID matched
6,native_damage_pipeline_plus_snapshot_contact_correlation_v6,2026-07-28T21:19:44Z,40,28,1,215,215,next_contact,P1-C1,Ryu,2454108608,12,309,Tatsu H,P2-C1,Ken the Eagle,2457778656,1,move_definition,medium,80.0,0,True,READY,,12,"Mid, Heavy Hit",12,512,"No guard category, No strength tier, Hard knockdown 0x00000200",False,[512],[516],2,"[1,2]",262208,"Standard-strike baseline, Special chip route B, one-eighth damage",standard-strike baseline; special chip route,12,262208,0,0,,False,,False,,False,,False,,,False,,False,578,578,last_hit_single,True,578,578,0,0,hp_delta,False,False,1,0,578,0,hit,"[""HP -578""]",13106,12528,12528,44000,12374,12606,12606,232,232,50000,50000,50000,50000,50000,50000,0,0,0,1.0,1.0,1.0,1.0,False,0,0,0,91,91,91,0x005B Soft Knockdown,knockdown,knockdown,knockdown,knockdown,21,0,0,0,0,0.7189314961433411,0.7236786484718323,0.7236786484718323,62.93798065185547,53.70699691772461,53.70699691772461,62.93798065185547,53.70699691772461,53.70699691772461,0.004747152328491211,-9.23098373413086,0.004747152328491211,-9.23098373413086,0.0,0.0,0.0,0.0,0.0,0.0,0.0,0.0,0.0,True,False,False,False,False,1,source age 0f; current move definition; action ID matched
6,native_damage_pipeline_plus_snapshot_contact_correlation_v6,2026-07-28T21:19:44Z,41,28,2,216,217,next_contact,P1-C1,Ryu,2454108608,12,309,Tatsu H,P2-C1,Ken the Eagle,2457778656,1,move_definition,medium,80.0,0,True,READY,,12,"Mid, Heavy Hit",12,512,"No guard category, No strength tier, Hard knockdown 0x00000200",False,[512],[516],2,"[1,2]",262208,"Standard-strike baseline, Special chip route B, one-eighth damage",standard-strike baseline; special chip route,12,262208,0,0,,False,,False,,False,,False,,,False,,False,579,579,last_hit_single,True,579,579,0,0,hp_delta,False,False,1,0,579,0,hit,"[""HP -579"",""last-hit/action transition""]",12528,11949,11949,44000,12606,12838,12838,232,232,50000,50000,50000,50000,50000,50000,0,0,0,1.0,1.0,1.0,1.0,False,0,0,0,91,80,80,0x0050 Hard Knockdown,knockdown,knockdown,knockdown,knockdown,21,0,0,0,0,0.7236786484718323,0.7473369836807251,0.6722846627235413,53.70699691772461,54.643184661865234,63.743133544921875,53.70699691772461,54.643184661865234,63.743133544921875,0.023658335208892822,0.936187744140625,0.023658335208892822,0.936187744140625,1.9669532775878906e-06,-4.9591064453125e-05,0.02157801389694214,1.0775146484375,1.0775642395019531,4.9591064453125e-05,0.9365361560510898,0.9364866304993194,4.963005721123251e-05,True,False,False,False,False,2,source age 0f; current move definition; action ID matched
6,native_damage_pipeline_plus_snapshot_contact_correlation_v6,2026-07-28T21:19:44Z,42,28,3,218,219,next_contact,P1-C1,Ryu,2454108608,12,309,Tatsu H,P2-C1,Ken the Eagle,2457778656,1,move_definition,medium,80.0,0,True,READY,,12,"Mid, Heavy Hit",12,512,"No guard category, No strength tier, Hard knockdown 0x00000200",False,[512],[516],2,"[1,2]",262208,"Standard-strike baseline, Special chip route B, one-eighth damage",standard-strike baseline; special chip route,12,262208,0,0,,False,,False,,False,,False,,,False,,False,580,580,last_hit_single,True,580,580,0,0,hp_delta,False,False,1,0,580,0,hit,"[""HP -580""]",11949,11369,11369,44000,12838,13070,13070,232,232,50000,50000,50000,50000,50000,50000,0,0,0,1.0,1.0,1.0,1.0,False,0,0,0,80,80,80,0x0050 Hard Knockdown,knockdown,knockdown,knockdown,knockdown,21,0,0,0,0,0.6722846627235413,0.7442659735679626,0.6302695870399475,63.743133544921875,55.45094680786133,61.79536437988281,63.743133544921875,55.45094680786133,61.79536437988281,0.07198131084442139,-8.292186737060547,0.07198131084442139,-8.292186737060547,0.0012650489807128906,-0.039318084716796875,-0.006611764430999756,3.0605239868164062,3.099842071533203,0.039318084716796875,1.7835778839830263,1.7442546142714712,0.03933843215058373,True,False,False,True,True,2,source age 0f; current move definition; action ID matched
6,native_damage_pipeline_plus_snapshot_contact_correlation_v6,2026-07-28T21:19:45Z,43,28,4,220,231,next_contact,P1-C1,Ryu,2454108608,12,309,Tatsu H,P2-C1,Ken the Eagle,2457778656,1,move_definition,medium,80.0,0,True,READY,,12,"Mid, Heavy Hit",12,512,"No guard category, No strength tier, Hard knockdown 0x00000200",False,[512],[516],2,"[1,2]",262208,"Standard-strike baseline, Special chip route B, one-eighth damage",standard-strike baseline; special chip route,12,262208,0,0,,False,,False,,False,,False,,,False,,False,581,581,last_hit_single,True,581,581,0,0,hp_delta,False,False,1,0,581,0,hit,"[""HP -581""]",11369,10788,10788,44000,13070,13303,13303,233,233,50000,50000,50000,50000,50000,50000,0,0,0,1.0,1.0,1.0,1.0,False,0,0,0,80,80,80,0x0050 Hard Knockdown,knockdown,knockdown,knockdown,knockdown,21,0,0,0,0,0.6302695870399475,0.7399235367774963,0.6270588040351868,61.79536437988281,56.27864074707031,57.57406234741211,61.79536437988281,56.27864074707031,57.57406234741211,0.10965394973754883,-5.5167236328125,0.10965394973754883,-5.5167236328125,2.753734588623047e-05,-0.000873565673828125,0.0,0.0,0.00415271520614624,0.039318084716796875,2.5728334115484746,2.5719599445434014,0.07780286350594784,True,False,False,True,True,12,source age 0f; current move definition; action ID matched
6,native_damage_pipeline_plus_snapshot_contact_correlation_v6,2026-07-28T21:19:47Z,44,29,1,232,235,next_contact,P1-C1,Ryu,2454108608,12,368,Shin Sho,P2-C1,Ken the Eagle,2457778656,1,move_definition,medium,68.0,0,True,READY,,12,"Mid, Heavy Hit",12,0,,True,"[3149824,65792]","[3149828,65796,4]",19,"[2,3,4,5,6,7,8,9,11,12,13,14,15,16,17,18]",1074528341,"Native result modifier +0004, Standard-strike baseline, Special chip route B, one-eighth damage, Result propagation modifier +1, Target-acquired / contact-lock state (correlated), Capture/cinematic modifier 0x00080000 (correlated), Unknown B bits 0x00000004",exact: Level 3 cinematic capture packet; native result +0004; native low-bit route 0x4; target-acquired/contact-lock; standard-strike baseline; special chip route; capture/cinematic modifier; result propagation modifier,12,65,0,0,,False,,False,,False,,False,,,False,,False,1590,1590,last_hit_single,True,1590,1590,0,0,hp_delta,False,False,1,0,1590,0,hit,"[""HP -1590""]",10788,9198,9198,44000,13303,13939,13939,636,636,50000,50000,50000,50000,50000,50000,0,0,0,1.0,1.0,1.0,1.0,False,0,0,0,80,80,4609,0x0050 Hard Knockdown > 0x1201 Action 4609,knockdown,knockdown,hitstun,knockdown > hitstun,21,0,0,0,0,0.6270588040351868,0.493384450674057,0.493384450674057,57.57406234741211,90.0,90.0,57.57406234741211,90.0,90.0,-0.13367435336112976,32.42593765258789,-0.13367435336112976,32.42593765258789,0.0,0.0,0.0,0.0,0.0,0.0,0.0,0.0,0.0,True,False,False,False,False,4,source age 0f; current move definition
6,native_damage_pipeline_plus_snapshot_contact_correlation_v6,2026-07-28T21:19:47Z,45,30,1,236,245,next_contact,P1-C1,Ryu,2454108608,12,512,Shin Sho,P2-C1,Ken the Eagle,2457778656,1,move_definition,medium,80.0,0,True,READY,,17,"High, Light Hit",17,0,,False,[],[2097169],2,"[1,2]",21,"Native result modifier +0004, Target-acquired / contact-lock state (correlated), Unknown B bits 0x00000004",exact: Capture trigger packet; native result +0004; native low-bit route 0x4; target-acquired/contact-lock,17,21,0,0,,False,,False,,False,,False,,,False,,False,1344,1344,last_hit_single,True,1344,1344,0,0,hp_delta,False,False,1,0,1344,0,hit,"[""HP -1344""]",9198,7854,7854,44000,13939,14477,14477,538,538,50000,50000,50000,50000,50000,50000,0,0,0,1.0,1.0,1.0,1.0,False,0,0,0,4609,4609,4609,0x1201 Action 4609,hitstun,hitstun,hitstun,hitstun,21,0,0,0,0,0.493384450674057,0.4828602373600006,0.4677720367908478,90.0,61.51738739013672,78.40997314453125,90.0,61.51738739013672,78.40997314453125,-0.010524213314056396,-28.48261260986328,-0.010524213314056396,-28.48261260986328,0.0,0.0,0.00024390220642089844,0.7818145751953125,0.7818145751953125,0.0,0.0,0.0,0.0,False,False,False,True,False,10,source age 0f; current move definition; action ID matched
6,native_damage_pipeline_plus_snapshot_contact_correlation_v6,2026-07-28T21:19:49Z,46,31,1,246,264,observation_window,P1-C1,Ryu,2454108608,12,512,Shin Sho,P2-C1,Ken the Eagle,2457778656,1,move_definition,medium,80.0,0,True,READY,,17,"High, Light Hit",17,0,,False,[],[2097169],2,"[1,2]",21,"Native result modifier +0004, Target-acquired / contact-lock state (correlated), Unknown B bits 0x00000004",exact: Capture trigger packet; native result +0004; native low-bit route 0x4; target-acquired/contact-lock,17,21,0,0,,False,,False,,False,,False,,,False,,False,1792,1792,last_hit_single,True,1792,1792,0,0,hp_delta,False,False,1,0,1792,0,hit,"[""HP -1792""]",7854,6062,6062,44000,14477,15194,15194,717,717,50000,50000,50000,50000,50000,50000,0,0,0,1.0,1.0,1.0,1.0,False,0,0,0,4609,4609,4609,0x1201 Action 4609,hitstun,hitstun,hitstun,hitstun,21,0,0,0,0,0.4677720367908478,0.7423042058944702,0.38231799006462097,78.40997314453125,81.67802429199219,89.90306854248047,78.40997314453125,81.67802429199219,89.90306854248047,0.27453216910362244,3.2680511474609375,0.27453216910362244,3.2680511474609375,0.0,0.0,-0.02893427014350891,-0.00048828125,2.4195327758789062,0.0,0.0,0.0,0.0,False,False,False,False,False,19,source age 0f; current move definition; action ID matched
6,native_damage_pipeline_plus_snapshot_contact_correlation_v6,2026-07-28T21:19:52Z,47,32,1,269,270,next_contact,P1-C1,Ryu,2454108608,12,259,2A,P2-C1,Ken the Eagle,2457778656,1,move_definition,medium,80.0,0,True,READY,,33,"Low, Light Hit",33,0,,False,[],[134217729],1,[],64,Standard-strike baseline,standard-strike baseline,0,0,0,0,,False,,False,,False,,False,,,False,,False,195,195,last_hit_single,True,195,195,0,0,hp_delta,False,False,1,0,195,0,hit,"[""HP -195""]",6062,5867,5867,44000,15194,15272,15272,78,78,50000,50000,50000,50000,50000,50000,0,0,0,1.0,1.0,1.0,1.0,False,0,0,0,4609,4609,91,0x1201 Action 4609 > 0x005B Soft Knockdown,hitstun,hitstun,knockdown,hitstun > knockdown,21,0,0,0,0,0.26615118980407715,0.4676521420478821,0.9064687490463257,89.64945983886719,57.75334548950195,54.057456970214844,89.64945983886719,57.75334548950195,54.057456970214844,0.20150095224380493,-31.896114349365234,0.20150095224380493,-31.896114349365234,0.21150526404380798,-9.02676773071289,0.04630732536315918,0.21804428100585938,9.24481201171875,0.0,0.0,0.0,0.0,True,False,False,False,False,2,source age 0f; current move definition; action ID matched
6,native_damage_pipeline_plus_snapshot_contact_correlation_v6,2026-07-28T21:19:52Z,48,33,1,271,271,next_contact,P1-C1,Ryu,2454108608,12,260,2B,P2-C1,Ken the Eagle,2457778656,1,move_definition,medium,68.0,0,True,READY,,34,"Low, Medium Hit",34,0,,False,[],[134217730],1,[],64,Standard-strike baseline,standard-strike baseline,0,0,0,0,,False,,False,,False,,False,,,False,,False,391,391,last_hit_single,True,391,391,0,0,hp_delta,False,False,1,0,391,0,hit,"[""HP -391"",""hitstun +5""]",5867,5476,5476,44000,15272,15429,15429,157,157,50000,50000,50000,50000,50000,50000,0,0,0,1.0,1.0,1.0,1.0,False,0,0,0,91,91,91,0x005B Soft Knockdown,knockdown,knockdown,knockdown,knockdown,17,0,0,0,0,0.9064687490463257,0.5547417402267456,0.5547417402267456,54.057456970214844,66.42752075195312,66.42752075195312,54.057456970214844,66.42752075195312,66.42752075195312,-0.3517270088195801,12.370063781738281,-0.3517270088195801,12.370063781738281,0.0,0.0,0.0,0.0,0.0,0.0,0.0,0.0,0.0,True,False,False,False,False,1,source age 0f; current move definition
6,native_damage_pipeline_plus_snapshot_contact_correlation_v6,2026-07-28T21:19:53Z,49,34,1,272,273,next_contact,P1-C1,Ryu,2454108608,12,258,5C,P2-C1,Ken the Eagle,2457778656,1,move_definition,medium,80.0,0,True,READY,,12,"Mid, Heavy Hit",12,0,,False,[],[134217732],1,[],64,Standard-strike baseline,standard-strike baseline,0,0,0,0,,False,,False,,False,,False,,,False,,False,623,623,last_hit_single,True,623,623,0,0,hp_delta,False,False,1,0,623,0,hit,"[""HP -623""]",5476,4853,4853,44000,15429,15679,15679,250,250,50000,50000,50000,50000,50000,50000,0,0,0,1.0,1.0,1.0,1.0,False,0,0,0,91,91,91,0x005B Soft Knockdown,knockdown,knockdown,knockdown,knockdown,21,0,0,0,0,0.5547417402267456,0.6680600047111511,1.0118073225021362,66.42752075195312,54.38311767578125,49.20781707763672,66.42752075195312,54.38311767578125,49.20781707763672,0.11331826448440552,-12.044403076171875,0.11331826448440552,-12.044403076171875,5.602836608886719e-06,-0.00022125244140625,0.09340953826904297,-1.5006942749023438,1.5004730224609375,0.0,0.0,0.0,0.0,True,False,False,False,False,2,source age 0f; current move definition; action ID matched
6,native_damage_pipeline_plus_snapshot_contact_correlation_v6,2026-07-28T21:19:53Z,50,35,1,274,276,next_contact,P1-C1,Ryu,2454108608,12,261,2C,P2-C1,Ken the Eagle,2457778656,1,move_definition,medium,80.0,0,True,READY,,36,"Low, Heavy Hit",36,1024,"No guard category, No strength tier, Sweep 0x00000400",False,[1024],[134218756],1,[],64,Standard-strike baseline,standard-strike baseline,0,0,0,0,,False,,False,,False,,False,,,False,,False,607,607,last_hit_single,True,607,607,0,0,hp_delta,False,False,1,0,607,0,hit,"[""HP -607""]",4853,4246,4246,44000,15679,15922,15922,243,243,50000,50000,50000,50000,50000,50000,0,0,0,1.0,1.0,1.0,1.0,False,0,0,0,91,91,91,0x005B Soft Knockdown,knockdown,knockdown,knockdown,knockdown,21,0,0,0,0,1.0118073225021362,0.6808830499649048,0.9342226386070251,49.20781707763672,53.68314743041992,55.84407424926758,49.20781707763672,53.68314743041992,55.84407424926758,-0.33092427253723145,4.475330352783203,-0.33092427253723145,4.475330352783203,0.015061795711517334,-2.2872581481933594,0.0,0.0,2.2872581481933594,0.0,0.0,0.0,0.0,True,False,False,False,False,3,source age 0f; current move definition; action ID matched
6,native_damage_pipeline_plus_snapshot_contact_correlation_v6,2026-07-28T21:19:54Z,51,36,1,277,279,next_contact,P1-C1,Ryu,2454108608,12,262,6C,P2-C1,Ken the Eagle,2457778656,1,move_definition,medium,80.0,0,True,READY,,12,"Mid, Heavy Hit",12,0,,False,[],[134217732],1,[],64,Standard-strike baseline,standard-strike baseline,0,0,0,0,,False,,False,,False,,False,,,False,,False,548,548,last_hit_single,True,548,548,0,0,hp_delta,False,False,1,0,548,0,hit,"[""HP -548""]",4246,3698,3698,44000,15922,16142,16142,220,220,50000,50000,50000,50000,50000,50000,0,0,0,1.0,1.0,1.0,1.0,False,0,0,0,91,91,91,0x005B Soft Knockdown,knockdown,knockdown,knockdown,knockdown,21,0,0,0,0,0.9342226386070251,0.9023682475090027,0.5462642908096313,55.84407424926758,54.90414810180664,68.3656005859375,55.84407424926758,54.90414810180664,68.3656005859375,-0.03185439109802246,-0.9399261474609375,-0.03185439109802246,-0.9399261474609375,0.0,0.0,0.015097200870513916,-1.6599502563476562,3.1926231384277344,0.0,0.0,0.0,0.0,True,False,False,False,False,3,source age 0f; current move definition; action ID matched
6,native_damage_pipeline_plus_snapshot_contact_correlation_v6,2026-07-28T21:19:54Z,52,37,1,280,280,next_contact,P1-C1,Ryu,2454108608,12,309,Tatsu H,P2-C1,Ken the Eagle,2457778656,1,move_definition,medium,80.0,0,True,READY,,12,"Mid, Heavy Hit",12,512,"No guard category, No strength tier, Hard knockdown 0x00000200",False,[512],[516],2,"[1,2]",262208,"Standard-strike baseline, Special chip route B, one-eighth damage",standard-strike baseline; special chip route,12,262208,0,0,,False,,False,,False,,False,,,False,,False,1127,1127,last_hit_single,True,1127,1127,0,0,hp_delta,False,False,1,0,1127,0,hit,"[""HP -1127""]",3698,2571,2571,44000,16142,16593,16593,451,451,50000,50000,50000,50000,50000,50000,0,0,0,1.0,1.0,1.0,1.0,False,0,0,0,91,91,91,0x005B Soft Knockdown,knockdown,knockdown,knockdown,knockdown,21,0,0,0,0,0.5462642908096313,0.6315273642539978,0.6315273642539978,68.3656005859375,53.781959533691406,53.781959533691406,68.3656005859375,53.781959533691406,53.781959533691406,0.08526307344436646,-14.583641052246094,0.08526307344436646,-14.583641052246094,0.0,0.0,0.0,0.0,0.0,0.0,0.0,0.0,0.0,True,False,False,False,False,1,source age 0f; current move definition; action ID matched
6,native_damage_pipeline_plus_snapshot_contact_correlation_v6,2026-07-28T21:19:54Z,53,37,2,281,282,next_contact,P1-C1,Ryu,2454108608,12,309,Tatsu H,P2-C1,Ken the Eagle,2457778656,1,move_definition,medium,80.0,0,True,READY,,12,"Mid, Heavy Hit",12,512,"No guard category, No strength tier, Hard knockdown 0x00000200",False,[512],[516],2,"[1,2]",262208,"Standard-strike baseline, Special chip route B, one-eighth damage",standard-strike baseline; special chip route,12,262208,0,0,,False,,False,,False,,False,,,False,,False,1094,1094,last_hit_single,True,1094,1094,0,0,hp_delta,False,False,1,0,1094,0,hit,"[""HP -1094"",""last-hit/action transition""]",2571,1477,1477,44000,16593,17031,17031,438,438,50000,50000,50000,50000,50000,50000,0,0,0,1.0,1.0,1.0,1.0,False,0,0,0,91,80,80,0x0050 Hard Knockdown,knockdown,knockdown,knockdown,knockdown,21,0,0,0,0,0.6315273642539978,0.6815875172615051,0.640131413936615,53.781959533691406,59.4100227355957,58.579917907714844,53.781959533691406,59.4100227355957,58.579917907714844,0.050060153007507324,5.628063201904297,0.050060153007507324,5.628063201904297,-0.04781901836395264,-1.0253448486328125,-0.061020612716674805,6.924854278564453,7.950199127197266,1.0253448486328125,6.654127968347196,5.628285833497476,1.0264593109983158,True,False,False,False,False,2,source age 0f; current move definition; action ID matched
6,native_damage_pipeline_plus_snapshot_contact_correlation_v6,2026-07-28T21:19:55Z,54,37,3,283,284,next_contact,P1-C1,Ryu,2454108608,12,309,Tatsu H,P2-C1,Ken the Eagle,2457778656,1,move_definition,medium,80.0,0,True,READY,,12,"Mid, Heavy Hit",12,512,"No guard category, No strength tier, Hard knockdown 0x00000200",False,[512],[516],2,"[1,2]",262208,"Standard-strike baseline, Special chip route B, one-eighth damage",standard-strike baseline; special chip route,12,262208,0,0,,False,,False,,False,,False,,,False,,False,1038,1038,last_hit_single,True,1038,1038,0,0,hp_delta,False,False,1,0,1038,0,hit,"[""HP -1038""]",1477,439,439,44000,17031,17447,17447,416,416,50000,50000,50000,50000,50000,50000,0,0,0,1.0,1.0,1.0,1.0,False,0,0,0,80,80,80,0x0050 Hard Knockdown,knockdown,knockdown,knockdown,knockdown,21,0,0,0,0,0.640131413936615,0.7570518255233765,0.723750650882721,58.579917907714844,52.15580749511719,61.72693634033203,58.579917907714844,52.15580749511719,61.72693634033203,0.11692041158676147,-6.424110412597656,0.11692041158676147,-6.424110412597656,0.0,0.0,-2.4974346160888672e-05,-0.18309402465820312,0.18309402465820312,1.0253448486328125,14.933734210872181,12.88289358423164,2.0529186219966316,True,False,False,False,False,2,source age 0f; current move definition; action ID matched
6,native_damage_pipeline_plus_snapshot_contact_correlation_v6,2026-07-28T21:19:55Z,55,37,4,285,298,next_contact,P1-C1,Ryu,2454108608,12,309,Tatsu H,P2-C1,Ken the Eagle,2457778656,1,move_definition,medium,80.0,0,True,READY,,12,"Mid, Heavy Hit",12,512,"No guard category, No strength tier, Hard knockdown 0x00000200",False,[512],[516],2,"[1,2]",262208,"Standard-strike baseline, Special chip route B, one-eighth damage",standard-strike baseline; special chip route,12,262208,0,0,,False,,False,,False,,False,,,False,,False,438,982,last_hit_single,True,438,982,0,544,hp_delta,False,False,1,0,982,0,hit,"[""HP -438""]",439,1,1,44000,17447,17296,16829,-151,0,50000,50000,50000,50000,50000,50000,0,0,0,1.0,1.0,1.0,1.0,False,0,0,0,80,80,80,0x0050 Hard Knockdown,knockdown,knockdown,knockdown,knockdown,21,0,0,0,0,0.723750650882721,0.7496507167816162,0.5883496403694153,61.72693634033203,53.18527603149414,56.256168365478516,61.72693634033203,53.18527603149414,56.256168365478516,0.025900065898895264,-8.54166030883789,0.025900065898895264,-8.54166030883789,0.0,0.0,0.0,0.0,1.9316635131835938,1.0253448486328125,15.96322935112332,13.91238872448278,2.0529186219966316,True,False,False,False,False,14,source age 0f; current move definition; action ID matched
6,native_damage_pipeline_plus_snapshot_contact_correlation_v6,2026-07-28T21:19:58Z,57,39,1,306,308,reaction_complete,P2-C2,Casshan,2465118752,2,430,assist standby,P1-C2,Chun-Li,2461448704,13,unresolved_attacker,low,1.0,0,False,UNKNOWN,,0,"No guard category, No strength tier",0,0,,False,[],[],0,[],0,No property B bits,none,0,0,0,0,,False,,False,,False,,False,,,False,,False,4600,4600,hp_delta_fallback,True,4600,0,0,0,hp_delta,False,False,1,0,4600,0,hit,"[""HP -4600""]",46000,41400,41400,46000,0,4600,4600,4600,4600,50000,50000,50000,50000,50000,50000,0,0,0,1.0,1.0,1.0,1.0,False,0,0,0,430,430,352,0x01AE Action 430 > 0x0160 Action 352,neutral,neutral,neutral,neutral,0,0,0,0,0,7.082132339477539,0.8247799873352051,1.033325433731079,2.913576364517212,45.30845260620117,45.30845260620117,2.913576364517212,45.30845260620117,45.30845260620117,-6.257352352142334,42.39487624168396,-6.257352352142334,42.39487624168396,-1.0419355630874634,37.764872550964355,-0.9707217216491699,37.764872550964355,0.07121384143829346,0.0,0.0,0.0,0.0,False,False,False,False,False,3,closest opposing fighter at 52.86
6,native_damage_pipeline_plus_snapshot_contact_correlation_v6,2026-07-28T21:19:57Z,56,38,1,299,316,next_contact,P1-C1,Ryu,2454108608,12,352,Shinkuu,P2-C1,Ken the Eagle,2457778656,1,live_attack_actor,high,96.0,0,True,READY,,12,"Mid, Heavy Hit",12,0,,False,[],[12],0,[],291,"Native result modifier +0004, Sustained-contact actor route, Initial actor phase, Spawned-attack core flag (correlated)",native result +0004; spawned-attack core; sustained-contact route; initial actor phase,265,35,0,2444319576,,False,,False,,False,,False,,,False,,False,0,352,last_hit_single,True,0,352,0,0,last_hit_state_candidate,True,False,1,0,352,0,hit at HP floor,"[""last-hit changed without HP delta"",""last-hit/action transition""]",1,1,1,44000,16829,16618,14430,-211,0,50000,50000,50000,50000,50000,50000,0,0,0,1.0,1.0,1.0,1.0,False,0,0,0,80,91,91,0x005B Soft Knockdown,knockdown,knockdown,knockdown,knockdown,21,0,0,0,0,0.5883496403694153,0.600273609161377,0.9694879651069641,56.256168365478516,55.28217697143555,0.0,56.256168365478516,55.28217697143555,0.0,0.01192396879196167,-0.9739913940429688,0.01192396879196167,-0.9739913940429688,0.003003060817718506,0.4324607849121094,-6.689047992229462,-4.454524517059326,49.955668687820435,0.0,0.0,0.0,0.0,True,False,False,False,False,18,source age 0f; live attack actor; action ID matched
6,native_damage_pipeline_plus_snapshot_contact_correlation_v6,2026-07-28T21:20:00Z,58,40,1,317,319,next_contact,P1-C2,Chun-Li,2461448704,13,352,Kikosho,P2-C1,Ken the Eagle,2457778656,1,live_attack_actor,high,120.0,0,True,READY,,12,"Mid, Heavy Hit",12,0,,False,[],[12],0,[],291,"Native result modifier +0004, Sustained-contact actor route, Initial actor phase, Spawned-attack core flag (correlated)",native result +0004; spawned-attack core; sustained-contact route; initial actor phase,268,67,0,2444319576,,False,,False,,False,,False,,,False,,False,0,638,last_hit_single,True,0,638,0,0,last_hit_state_candidate,True,False,1,0,638,0,hit at HP floor,"[""last-hit changed without HP delta"",""reaction knockdown->hitstun"",""last-hit/action transition""]",1,1,1,44000,14430,13645,12620,-785,0,50000,50000,50000,50000,50000,50000,0,0,0,1.0,1.0,1.0,1.0,False,0,0,0,91,64,64,0x0040 Standing Hitstun,knockdown,hitstun,hitstun,hitstun,19,0,0,0,0,0.9694879651069641,1.0151983499526978,1.0486578941345215,0.0,0.0,0.0,0.0,0.0,0.0,0.04571038484573364,0.0,0.04571038484573364,0.0,0.0,0.0,0.031018495559692383,0.0,0.031018495559692383,0.0,0.0,0.0,0.0,False,False,False,False,False,3,source age 0f; live attack actor; action ID matched; distance 0.00
6,native_damage_pipeline_plus_snapshot_contact_correlation_v6,2026-07-28T21:20:01Z,59,40,2,320,320,next_contact,P1-C2,Chun-Li,2461448704,13,352,Kikosho,P2-C1,Ken the Eagle,2457778656,1,live_attack_actor,high,120.0,0,True,READY,,12,"Mid, Heavy Hit",12,0,,False,[],[12],0,[],291,"Native result modifier +0004, Sustained-contact actor route, Initial actor phase, Spawned-attack core flag (correlated)",native result +0004; spawned-attack core; sustained-contact route; initial actor phase,268,67,0,2444319576,,False,,False,,False,,False,,,False,,False,0,469,last_hit_single,True,0,469,0,0,last_hit_state_candidate,True,False,1,0,469,0,hit at HP floor,"[""last-hit changed without HP delta"",""hitstun +4""]",1,1,1,44000,12620,12038,12038,-582,0,50000,50000,50000,50000,50000,50000,0,0,0,1.0,1.0,1.0,1.0,False,0,0,0,64,64,64,0x0040 Standing Hitstun,hitstun,hitstun,hitstun,hitstun,20,0,0,0,0,1.0486578941345215,0.9602299928665161,0.9602299928665161,0.0,0.0,0.0,0.0,0.0,0.0,-0.08842790126800537,0.0,-0.08842790126800537,0.0,0.0,0.0,0.0,0.0,0.0,0.0,0.05496835708618164,0.05496835708618164,0.0,False,False,False,False,False,1,source age 0f; live attack actor; action ID matched; distance 0.00
6,native_damage_pipeline_plus_snapshot_contact_correlation_v6,2026-07-28T21:20:01Z,61,41,1,322,324,reaction_complete,P2-C2,Casshan,2465118752,2,430,assist standby,P1-C1,Ryu,2454108608,12,unresolved_attacker,low,1.16,0,False,UNKNOWN,,0,"No guard category, No strength tier",0,0,,False,[],[],0,[],0,No property B bits,none,0,0,0,0,,False,,False,,False,,False,,,False,,False,320,320,hp_delta_fallback,True,320,0,0,0,hp_delta,False,False,1,0,320,0,hit,"[""HP -320""]",43520,43200,43200,48000,180,4800,4800,4620,4620,50000,50000,50000,50000,50000,50000,0,0,0,1.0,1.0,1.0,1.0,False,0,0,0,430,430,368,0x01AE Action 430 > 0x01B3 Action 435 > 0x0170 Action 368,neutral,neutral,neutral,neutral,0,0,0,0,0,7.744916915893555,1.89249849319458,1.187934160232544,4.454524517059326,18.415245056152344,0.0,4.454524517059326,18.415245056152344,0.0,-5.852418422698975,13.960720539093018,-5.852418422698975,13.960720539093018,0.13664567470550537,10.83662462234497,-0.6087087392807007,-7.578620433807373,18.415245056152344,0.0,0.0,0.0,0.0,False,False,False,False,False,3,closest opposing fighter at 10.84
6,native_damage_pipeline_plus_snapshot_contact_correlation_v6,2026-07-28T21:20:01Z,60,40,3,321,329,next_contact,P1-C2,Chun-Li,2461448704,13,352,Kikosho,P2-C1,Ken the Eagle,2457778656,1,live_attack_actor,high,120.0,0,True,READY,,12,"Mid, Heavy Hit",12,0,,False,[],[12],0,[],291,"Native result modifier +0004, Sustained-contact actor route, Initial actor phase, Spawned-attack core flag (correlated)",native result +0004; spawned-attack core; sustained-contact route; initial actor phase,268,67,0,2444319576,,False,,False,,False,,False,,,False,,False,0,402,last_hit_single,True,0,402,0,0,last_hit_state_candidate,True,False,1,0,402,0,hit at HP floor,"[""last-hit changed without HP delta"",""hitstun +1""]",1,1,1,44000,12038,11536,11316,-502,0,50000,50000,50000,50000,50000,50000,0,0,0,1.0,1.0,1.0,1.0,False,0,0,0,64,64,64,0x0040 Standing Hitstun,hitstun,hitstun,hitstun,hitstun,21,0,0,0,0,0.9602299928665161,1.0715467929840088,1.026152491569519,0.0,0.0,0.0,0.0,0.0,0.0,0.11131680011749268,0.0,0.11131680011749268,0.0,0.02090144157409668,0.0,0.010100722312927246,0.0,7.89507532119751,0.02090144157409668,0.14538371562957764,0.16628515720367432,0.02090144157409668,False,False,False,False,False,9,source age 0f; live attack actor; action ID matched; distance 0.02
6,native_damage_pipeline_plus_snapshot_contact_correlation_v6,2026-07-28T21:20:03Z,62,42,1,330,348,observation_window,P1-C2,Chun-Li,2461448704,13,352,Kikosho,P2-C1,Ken the Eagle,2457778656,1,live_attack_actor,medium,84.0,0,True,READY,,12,"Mid, Heavy Hit",12,0,,False,[],[12],0,[],291,"Native result modifier +0004, Sustained-contact actor route, Initial actor phase, Spawned-attack core flag (correlated)",native result +0004; spawned-attack core; sustained-contact route; initial actor phase,268,67,0,2444319576,,False,,False,,False,,False,,,False,,False,0,1788,last_hit_single,True,0,1788,0,0,last_hit_state_candidate,True,False,1,0,1788,0,hit at HP floor,"[""last-hit changed without HP delta"",""hitstun +2"",""last-hit/action transition""]",1,1,1,44000,11316,10244,8499,-1072,0,50000,50000,50000,50000,50000,50000,0,0,0,1.0,1.0,1.0,1.0,False,0,0,0,64,4609,4609,0x1201 Action 4609,hitstun,hitstun,hitstun,hitstun,21,0,0,0,0,1.026152491569519,0.493383526802063,0.8171840906143188,0.0,90.0,86.39726257324219,0.0,90.0,86.39726257324219,-0.532768964767456,90.0,-0.532768964767456,90.0,-3.117444396018982,55.79311752319336,-6.6586421728134155,75.94440174102783,33.56741762161255,0.0,0.0,0.0,0.0,False,False,False,False,False,19,source age 0f; live attack actor
6,native_damage_pipeline_plus_snapshot_contact_correlation_v6,2026-07-28T21:50:39Z,63,43,1,22847,22854,reaction_complete,P1-C1,Ryu,2454108608,12,258,5C,P2-C1,Ken the Eagle,2457778656,1,move_definition,high,104.0,0,True,READY,,12,"Mid, Heavy Hit",12,0,,False,[],[134217732],1,[],64,Standard-strike baseline,standard-strike baseline,0,0,0,0,,False,,False,,False,,False,,,False,,False,2480,2480,last_hit_single,True,2480,2480,0,0,hp_delta,False,False,1,0,2480,0,hit,"[""HP -2480""]",44000,41520,41520,44000,0,992,992,992,992,50000,50000,50000,50000,50000,50000,0,0,0,1.0,1.0,1.0,1.0,False,0,0,0,1,1,1,0x0001 Action 1 > 0x0040 Standing Hitstun > 0x0001 Action 1,hitstun,hitstun,neutral,hitstun > neutral,21,0,0,0,0,0.5111559629440308,0.6200016736984253,1.5344842672348022,0.0,0.0,0.0,0.0,0.0,0.0,0.10884571075439453,0.0,0.10884571075439453,0.0,0.0,0.0,-0.00034487247467041016,0.0,0.03864884376525879,0.0,0.0,0.0,0.0,False,False,False,True,False,8,source age 0f; current move definition; action ID matched; distance 0.00
6,native_damage_pipeline_plus_snapshot_contact_correlation_v6,2026-07-28T21:50:52Z,64,44,1,22895,22898,reaction_complete,P1-C1,Ryu,2454108608,12,258,5C,P2-C1,Ken the Eagle,2457778656,1,move_definition,high,104.0,0,True,READY,,12,"Mid, Heavy Hit",12,0,,False,[],[134217732],1,[],64,Standard-strike baseline,standard-strike baseline,0,0,0,0,,False,,False,,False,,False,,,False,,False,2480,2480,last_hit_single,True,2480,2480,0,0,hp_delta,False,False,1,0,2480,0,hit,"[""HP -2480"",""hitstun +21"",""reaction neutral->hitstun""]",44000,41520,44000,44000,0,992,0,992,992,50000,50000,50000,50000,50000,50000,0,0,0,1.0,1.0,1.0,1.0,False,0,0,0,1,1,1,0x0001 Action 1 > 0x0040 Standing Hitstun > 0x0001 Action 1,neutral,hitstun,neutral,hitstun > neutral,21,0,0,0,0,0.9818568825721741,1.4525798559188843,1.9329019784927368,0.0,0.0,0.0,0.0,0.0,0.0,0.4707229733467102,0.0,0.4707229733467102,0.0,0.5211687088012695,0.0,6.210803985595703e-05,0.0,0.5216124057769775,0.0,0.0,0.0,0.0,False,False,False,False,False,4,source age 0f; current move definition; action ID matched; distance 0.52
6,native_damage_pipeline_plus_snapshot_contact_correlation_v6,2026-07-28T21:51:43Z,65,45,1,23130,23130,next_contact,P1-C2,Chun-Li,2461448704,13,426,assist attack,P2-C1,Ken the Eagle,2457778656,1,move_definition,medium,80.0,0,True,READY,,12,"Mid, Heavy Hit",12,256,"No guard category, No strength tier, Launch / soft-knockdown route 0x00000100",False,[256],[260],3,"[1,2,3]",64,Standard-strike baseline,standard-strike baseline,12,64,0,0,,False,,False,,False,,False,,,False,,False,1000,1000,last_hit_single,True,1000,1000,0,0,hp_delta,False,False,1,0,1000,0,hit,"[""HP -1000""]",44000,43000,43000,44000,0,400,400,400,400,50000,50000,50000,50000,50000,50000,0,0,0,1.0,1.0,1.0,1.0,False,0,0,0,1,1,1,0x0001 Action 1,neutral,neutral,neutral,neutral,0,0,0,0,0,0.6393716931343079,0.5359365940093994,0.5359365940093994,0.0,61.37208938598633,61.37208938598633,0.0,61.37208938598633,61.37208938598633,-0.10343509912490845,61.37208938598633,-0.10343509912490845,61.37208938598633,-0.44343996047973633,27.868408203125,-0.44343996047973633,27.868408203125,0.0,0.0,0.0,0.0,0.0,False,False,False,False,False,1,source age 0f; current move definition; action ID matched
6,native_damage_pipeline_plus_snapshot_contact_correlation_v6,2026-07-28T21:51:44Z,66,45,2,23131,23132,next_contact,P1-C2,Chun-Li,2461448704,13,426,assist attack,P2-C1,Ken the Eagle,2457778656,1,move_definition,medium,80.0,0,True,READY,,12,"Mid, Heavy Hit",12,256,"No guard category, No strength tier, Launch / soft-knockdown route 0x00000100",False,[256],[260],3,"[1,2,3]",64,Standard-strike baseline,standard-strike baseline,12,64,0,0,,False,,False,,False,,False,,,False,,False,2004,,ambiguous_coalesced,False,2004,985,1019,0,hp_delta,False,True,2,0,2004,0,hit,"[""HP -2004"",""hitstun +21"",""reaction neutral->knockdown"",""last-hit/action transition""]",43000,40996,40996,44000,400,1202,1202,802,802,50000,50000,50000,50000,50000,50000,0,0,0,1.0,1.0,1.0,1.0,False,0,0,0,1,91,91,0x005B Soft Knockdown,neutral,knockdown,knockdown,knockdown,21,0,0,0,0,0.5359365940093994,0.5310119986534119,0.09897735714912415,61.37208938598633,67.66107940673828,86.73033142089844,61.37208938598633,67.66107940673828,86.73033142089844,-0.004924595355987549,6.288990020751953,-0.004924595355987549,6.288990020751953,-0.6209247708320618,28.309207916259766,-0.6162706315517426,20.459320068359375,7.849887847900391,0.4407997131347656,5.850735586394859,6.288991948854528,0.4751896937071474,True,False,False,False,False,2,source age 0f; current move definition; action ID matched
6,native_damage_pipeline_plus_snapshot_contact_correlation_v6,2026-07-28T21:51:45Z,67,46,1,23133,23137,reaction_complete,P1-C1,Ryu,2454108608,12,258,5C,P2-C1,Ken the Eagle,2457778656,1,move_definition,high,104.0,0,True,READY,,12,"Mid, Heavy Hit",12,0,,False,[],[134217732],1,[],64,Standard-strike baseline,standard-strike baseline,0,0,0,0,,False,,False,,False,,False,,,False,,False,2480,2480,last_hit_single,True,2480,2480,0,0,hp_delta,False,False,1,0,2480,0,hit,"[""HP -2480""]",40996,38516,38516,44000,1202,2194,2194,992,992,50000,50000,50000,50000,50000,50000,0,0,0,1.0,1.0,1.0,1.0,False,0,0,0,91,91,1,0x005B Soft Knockdown > 0x0040 Standing Hitstun > 0x0001 Action 1,knockdown,knockdown,neutral,knockdown > hitstun > neutral,17,0,0,0,0,0.09897735714912415,0.6200016736984253,0.9671897888183594,86.73033142089844,0.0,0.0,86.73033142089844,0.0,0.0,0.5210243165493011,-86.73033142089844,0.5210243165493011,-86.73033142089844,0.0,0.0,0.002344965934753418,0.0,0.1179589033126831,0.0,0.0,0.0,0.0,True,False,False,False,False,5,source age 0f; current move definition; action ID matched; distance 0.00
6,native_damage_pipeline_plus_snapshot_contact_correlation_v6,2026-07-28T21:52:02Z,68,47,1,23241,23245,reaction_complete,P1-C1,Ryu,2454108608,12,258,5C,P2-C1,Ken the Eagle,2457778656,1,move_definition,high,104.0,0,True,READY,,12,"Mid, Heavy Hit",12,0,,False,[],[134217732],1,[],64,Standard-strike baseline,standard-strike baseline,0,0,0,0,,False,,False,,False,,False,,,False,,False,2480,2480,last_hit_single,True,2480,2480,0,0,hp_delta,False,False,1,0,2480,0,hit,"[""HP -2480""]",44000,41520,41520,44000,0,992,992,992,992,50000,50000,50000,50000,50000,50000,0,0,0,1.0,1.0,1.0,1.0,False,0,0,0,1,1,1,0x0001 Action 1 > 0x0040 Standing Hitstun > 0x0001 Action 1,neutral,neutral,neutral,neutral > hitstun > neutral,21,0,0,0,0,0.5326858162879944,0.6200016736984253,1.7039382457733154,0.0,0.0,0.0,0.0,0.0,0.0,0.08731585741043091,0.0,0.08731585741043091,0.0,0.0,0.0,0.0020121335983276367,0.0,0.002938389778137207,0.0,0.0,0.0,0.0,False,False,False,False,False,5,source age 0f; current move definition; action ID matched; distance 0.00
6,native_damage_pipeline_plus_snapshot_contact_correlation_v6,2026-07-28T21:53:41Z,69,48,1,23934,23936,reaction_complete,P2-C1,Ken the Eagle,2457778656,1,29,Super Jump,P1-C1,Ryu,2454108608,12,unresolved_attacker,low,12.0,0,False,UNKNOWN,,0,"No guard category, No strength tier",0,0,,False,[],[],0,[],0,No property B bits,none,0,0,0,0,,False,,False,,False,,False,,,False,,False,43199,43199,hp_delta_fallback,True,43199,0,0,0,hp_delta,False,False,1,0,43199,0,hit,"[""HP -43199""]",43200,1,1,48000,4800,47999,47999,43199,43199,50000,50000,50000,50000,50000,50000,0,0,0,1.0,1.0,1.0,1.0,False,0,0,0,1,1,3,0x0001 Action 1 > 0x0003 Action 3,neutral,neutral,neutral,neutral,0,0,0,0,0,1.7047834396362305,1.8404467105865479,2.2285075187683105,0.0,0.0,67.67408752441406,0.0,0.0,67.67408752441406,0.13566327095031738,0.0,0.13566327095031738,0.0,0.0,0.0,-0.0003018379211425781,-0.7477874755859375,15.125102996826172,0.0,0.0,0.0,0.0,False,False,False,False,False,3,closest opposing fighter at 0.00
6,native_damage_pipeline_plus_snapshot_contact_correlation_v6,2026-07-28T21:53:44Z,70,49,1,23948,23948,next_contact,P1-C1,Ryu,2454108608,12,256,5A,P2-C1,Ken the Eagle,2457778656,1,move_definition,medium,80.0,0,True,READY,,9,"Mid, Light Hit",9,0,,False,[],[134217729],1,[],64,Standard-strike baseline,standard-strike baseline,0,0,0,0,,False,,False,,False,,False,,,False,,False,940,940,last_hit_single,True,940,940,0,0,hp_delta,False,False,1,0,940,0,hit,"[""HP -940""]",44000,43060,43060,44000,0,376,376,376,376,50000,50000,50000,50000,50000,50000,0,0,0,1.0,1.0,1.0,1.0,False,0,0,0,30,29,29,0x001D Action 29,neutral,neutral,neutral,neutral,0,0,0,0,0,0.5755302906036377,0.2918907105922699,0.2918907105922699,27.295095443725586,71.75030517578125,71.75030517578125,27.295095443725586,71.75030517578125,71.75030517578125,-0.2836395800113678,44.455209732055664,-0.2836395800113678,44.455209732055664,0.0008060038089752197,-0.0232391357421875,0.0008060038089752197,-0.0232391357421875,0.0,0.0,0.0,0.0,0.0,False,False,False,False,False,1,source age 0f; current move definition; action ID matched
6,native_damage_pipeline_plus_snapshot_contact_correlation_v6,2026-07-28T21:53:44Z,71,49,2,23949,23950,next_contact,P1-C1,Ryu,2454108608,12,256,5A,P2-C1,Ken the Eagle,2457778656,1,move_definition,medium,80.0,0,True,READY,,9,"Mid, Light Hit",9,0,,False,[],[134217729],1,[],64,Standard-strike baseline,standard-strike baseline,0,0,0,0,,False,,False,,False,,False,,,False,,False,942,942,last_hit_single,True,942,942,0,0,hp_delta,False,False,1,0,942,0,hit,"[""HP -942"",""hitstun +12"",""reaction neutral->knockdown"",""last-hit/action transition""]",43060,42118,42118,44000,376,753,753,377,377,50000,50000,50000,50000,50000,50000,0,0,0,1.0,1.0,1.0,1.0,False,0,0,0,29,91,91,0x005B Soft Knockdown,neutral,knockdown,knockdown,knockdown,12,0,0,0,0,0.2918907105922699,0.6918227672576904,1.0743050575256348,71.75030517578125,65.73399353027344,49.80310821533203,71.75030517578125,65.73399353027344,49.80310821533203,0.39993205666542053,-6.0163116455078125,0.39993205666542053,-6.0163116455078125,-0.030428647994995117,-0.3632659912109375,-0.11293041706085205,-3.5583877563476562,3.1951217651367188,0.34002685546875,5.692636801001899,6.029589659821102,0.34145843951099153,True,False,False,False,False,2,source age 0f; current move definition; action ID matched
6,native_damage_pipeline_plus_snapshot_contact_correlation_v6,2026-07-28T21:53:45Z,72,50,1,23951,23954,reaction_complete,P1-C1,Ryu,2454108608,12,256,5A,P2-C1,Ken the Eagle,2457778656,1,move_definition_latched,high,104.0,0,True,READY,,9,"Mid, Light Hit",9,0,,False,[],[134217729],1,[],64,Standard-strike baseline,standard-strike baseline,0,0,0,0,,False,,False,,False,,False,,,False,,False,900,900,last_hit_single,True,900,900,0,0,hp_delta,False,False,1,0,900,0,hit,"[""HP -900"",""reaction knockdown->air_recovery"",""last-hit/action transition""]",42118,41218,41218,44000,753,1113,1113,360,360,50000,50000,50000,50000,50000,50000,0,0,0,1.0,1.0,1.0,1.0,False,0,0,0,91,160,29,0x00A0 Air Recovery > 0x0040 Standing Hitstun > 0x001D Action 29,knockdown,air_recovery,neutral,air_recovery > hitstun > neutral,12,0,0,0,0,1.0743050575256348,0.5714318752288818,2.8245127201080322,49.80310821533203,0.0,47.93959426879883,49.80310821533203,0.0,47.93959426879883,-0.5028731822967529,-49.80310821533203,-0.5028731822967529,-49.80310821533203,0.0,0.0,0.033577919006347656,-2.096027374267578,23.820425033569336,0.0,0.0,0.0,0.0,False,False,True,False,False,4,source age 0f; current move definition; action ID matched; distance 0.00
6,native_damage_pipeline_plus_snapshot_contact_correlation_v6,2026-07-28T21:53:49Z,73,51,1,23963,23965,reaction_complete,P2-C2,Casshan,2465118752,2,430,assist standby,P1-C2,Chun-Li,2461448704,13,unresolved_attacker,low,1.0,0,False,UNKNOWN,,0,"No guard category, No strength tier",0,0,,False,[],[],0,[],0,No property B bits,none,0,0,0,0,,False,,False,,False,,False,,,False,,False,45999,45999,hp_delta_fallback,True,45999,0,0,0,hp_delta,False,False,1,0,45999,0,hit,"[""HP -45999""]",46000,1,1,46000,0,45999,45999,45999,45999,50000,50000,50000,50000,50000,50000,0,0,0,1.0,1.0,1.0,1.0,False,0,0,0,430,418,425,0x01A2 Action 418 > 0x01A9 Action 425,neutral,neutral,neutral,neutral,0,0,0,0,0,7.71913480758667,1.5770936012268066,0.4315195083618164,3.4862453937530518,26.94655990600586,87.62793731689453,3.4862453937530518,26.94655990600586,87.62793731689453,-6.142041206359863,23.460314512252808,-6.142041206359863,23.460314512252808,-0.7074790000915527,20.373733520507812,-1.0211262702941895,79.78757190704346,60.77309799194336,0.0,0.0,0.0,0.0,False,False,False,False,False,3,closest opposing fighter at 33.53
6,native_damage_pipeline_plus_snapshot_contact_correlation_v6,2026-07-28T21:53:49Z,74,52,1,23963,23981,observation_window,P1-C1,Ryu,2454108608,12,306,Hado H,P2-C1,Ken the Eagle,2457778656,1,live_attack_actor,medium,84.0,0,True,READY,,12,"Mid, Heavy Hit",12,0,,False,[],[12],0,[],262402,"Initial actor phase, Special chip route B, one-eighth damage, Spawned-attack core flag (correlated)",spawned-attack core; initial actor phase; special chip route,0,0,0,2444319576,,False,,False,,False,,False,,,False,,False,950,950,last_hit_single,True,950,950,0,0,hp_delta,False,False,1,0,950,0,hit,"[""HP -950""]",44000,43050,44000,44000,0,380,0,380,380,50000,50000,50000,50000,50000,50000,0,0,0,1.0,1.0,1.0,1.0,False,0,0,0,29,29,29,0x001D Action 29 > 0x0059 Spiral Knockdown > 0x0066 Knockdown Face Up > 0x0071 Get Up Face Up > 0x001D Action 29,neutral,neutral,hitstun,neutral > knockdown > wakeup > hitstun,21,0,0,0,0,4.0601983070373535,1.61683988571167,1.3082704544067383,51.95087432861328,51.322879791259766,77.7398681640625,51.95087432861328,51.322879791259766,77.7398681640625,-2.4433584213256836,-0.6279945373535156,-2.4433584213256836,-0.6279945373535156,-2.5543689727783203,32.75343322753906,-9.448771476745605,73.4695725440979,89.20934689044952,0.0,0.0,0.0,0.0,True,False,False,False,False,19,source age 0f; live attack actor
6,native_damage_pipeline_plus_snapshot_contact_correlation_v6,2026-07-28T21:54:03Z,75,53,1,24023,24026,reaction_complete,P1-C2,Chun-Li,2461448704,13,257,5B,P2-C1,Ken the Eagle,2457778656,1,move_definition,high,104.0,0,True,READY,,10,"Mid, Medium Hit",10,0,,False,[],[134217730],1,[],64,Standard-strike baseline,standard-strike baseline,0,0,0,0,,False,,False,,False,,False,,,False,,False,1057,1057,last_hit_single,True,1057,1057,0,0,hp_delta,False,False,1,0,1057,0,hit,"[""HP -1057""]",44000,42943,42943,44000,0,423,423,423,423,50000,50000,50000,50000,50000,50000,0,0,0,1.0,1.0,1.0,1.0,False,0,0,0,29,29,29,0x001D Action 29 > 0x0040 Standing Hitstun > 0x001D Action 29,hitstun,hitstun,neutral,hitstun > neutral,21,0,0,0,0,0.10041701793670654,0.9239327311515808,0.1316150426864624,80.48275756835938,0.0,89.2439956665039,80.48275756835938,0.0,89.2439956665039,0.8235157132148743,-80.48275756835938,0.8235157132148743,-80.48275756835938,0.0,0.0,-0.007483348250389099,-0.00321197509765625,0.523345947265625,0.0,0.0,0.0,0.0,False,False,False,True,False,4,source age 0f; current move definition; action ID matched; distance 0.00
6,native_damage_pipeline_plus_snapshot_contact_correlation_v6,2026-07-28T21:54:08Z,76,54,1,24038,24041,reaction_complete,P1-C2,Chun-Li,2461448704,13,256,5A,P2-C1,Ken the Eagle,2457778656,1,move_definition,high,104.0,0,True,READY,,9,"Mid, Light Hit",9,0,,False,[],[134217729],1,[],64,Standard-strike baseline,standard-strike baseline,0,0,0,0,,False,,False,,False,,False,,,False,,False,1140,,ambiguous_coalesced,False,1140,555,585,0,hp_delta,False,True,2,0,1140,0,hit,"[""HP -1140"",""hitstun +12"",""reaction neutral->hitstun"",""last-hit/action transition""]",44000,42860,42860,44000,0,456,456,456,456,50000,50000,50000,50000,50000,50000,0,0,0,1.0,1.0,1.0,1.0,False,0,0,0,29,30,29,0x001E Action 30 > 0x0040 Standing Hitstun > 0x001F Action 31 > 0x001D Action 29,neutral,hitstun,neutral,hitstun > neutral,12,0,0,0,0,0.45531830191612244,0.9469192624092102,1.6952779293060303,0.0,0.0,74.64517211914062,0.0,0.0,74.64517211914062,0.49160096049308777,0.0,0.49160096049308777,0.0,0.0,0.0,0.0002713203430175781,0.188507080078125,1.21612548828125,0.0,0.0,0.0,0.0,False,False,False,True,False,4,source age 0f; current move definition; action ID matched; distance 0.00
6,native_damage_pipeline_plus_snapshot_contact_correlation_v6,2026-07-28T21:54:23Z,77,55,1,24123,24127,reaction_complete,P1-C2,Chun-Li,2461448704,13,262,6C,P2-C1,Ken the Eagle,2457778656,1,move_definition,medium,80.0,0,True,READY,,20,"High, Heavy Hit",20,1048832,"No guard category, No strength tier, Stabilized soft knockdown 0x00100100",False,[1048832],[1048836],1,[],64,Standard-strike baseline,standard-strike baseline,0,0,0,0,,False,,False,,False,,False,,,False,,False,3517,3517,last_hit_single,True,3517,3517,0,0,hp_delta,False,False,1,0,3517,0,hit,"[""HP -3517"",""hitstun +21"",""reaction neutral->hitstun""]",44000,40483,40483,44000,0,1407,1407,1407,1407,50000,50000,50000,50000,50000,50000,0,0,0,1.0,1.0,1.0,1.0,False,0,0,0,29,29,29,0x001D Action 29 > 0x005B Soft Knockdown > 0x001E Action 30 > 0x001D Action 29,neutral,hitstun,neutral,hitstun > knockdown > neutral,21,0,0,0,0,0.7443187236785889,1.082927942276001,0.10871155560016632,67.53350830078125,57.589698791503906,89.24720764160156,67.53350830078125,57.589698791503906,89.24720764160156,0.3386092185974121,-9.943809509277344,0.3386092185974121,-9.943809509277344,0.15841394662857056,-2.3616485595703125,-0.0031946897506713867,-0.0033111572265625,4.819114685058594,0.0,0.0,0.0,0.0,True,False,False,False,False,5,source age 0f; current move definition; action ID matched
6,native_damage_pipeline_plus_snapshot_contact_correlation_v6,2026-07-28T21:54:25Z,78,56,1,24129,24133,reaction_complete,P1-C2,Chun-Li,2461448704,13,262,6C,P2-C1,Ken the Eagle,2457778656,1,move_definition,medium,80.0,0,True,READY,,20,"High, Heavy Hit",20,1048832,"No guard category, No strength tier, Stabilized soft knockdown 0x00100100",False,[1048832],[1048836],1,[],64,Standard-strike baseline,standard-strike baseline,0,0,0,0,,False,,False,,False,,False,,,False,,False,3832,3832,last_hit_single,True,3832,3832,0,0,hp_delta,False,False,1,0,3832,0,hit,"[""HP -3832""]",44000,40168,40168,44000,0,1533,1533,1533,1533,50000,50000,50000,50000,50000,50000,0,0,0,1.0,1.0,1.0,1.0,False,0,0,0,29,29,29,0x001D Action 29 > 0x005B Soft Knockdown > 0x001F Action 31 > 0x001D Action 29,neutral,neutral,neutral,neutral > knockdown > neutral,21,0,0,0,0,0.24023400247097015,0.14068980515003204,0.40784966945648193,88.94689178466797,88.76651000976562,87.00956726074219,88.94689178466797,88.76651000976562,87.00956726074219,-0.09954419732093811,-0.18038177490234375,-0.09954419732093811,-0.18038177490234375,0.0,0.0,0.0016108453273773193,0.02019500732421875,1.7585678100585938,0.0,0.0,0.0,0.0,True,False,False,False,False,5,source age 0f; current move definition; action ID matched
6,native_damage_pipeline_plus_snapshot_contact_correlation_v6,2026-07-28T21:54:30Z,79,57,1,24143,24144,next_contact,P1-C1,Ryu,2454108608,12,426,assist attack,P2-C1,Ken the Eagle,2457778656,1,live_attack_actor,medium,84.0,0,True,READY,,12,"Mid, Heavy Hit",12,0,,False,[],[12],0,[],258,"Initial actor phase, Spawned-attack core flag (correlated)",spawned-attack core; initial actor phase,0,0,0,2444319576,,False,,False,,False,,False,,,False,,False,1948,1948,last_hit_single,True,1948,1948,0,0,hp_delta,False,False,1,0,1948,0,hit,"[""HP -1948"",""hitstun +21"",""reaction neutral->hitstun""]",44000,42052,42052,44000,0,780,780,780,780,50000,50000,50000,50000,50000,50000,0,0,0,1.0,1.0,1.0,1.0,False,0,0,0,29,29,91,0x001D Action 29 > 0x005B Soft Knockdown,neutral,hitstun,knockdown,hitstun > knockdown,21,0,0,0,0,0.43949347734451294,0.35944193601608276,0.11349143087863922,50.626136779785156,74.09516143798828,86.99980163574219,50.626136779785156,74.09516143798828,86.99980163574219,-0.08005154132843018,23.469024658203125,-0.08005154132843018,23.469024658203125,-6.151327431201935,48.27107620239258,-7.317661389708519,84.6404459476471,36.36936974525452,0.0,0.0,0.0,0.0,True,False,False,False,False,2,source age 0f; live attack actor
6,native_damage_pipeline_plus_snapshot_contact_correlation_v6,2026-07-28T21:54:31Z,80,57,2,24145,24149,reaction_complete,P1-C1,Ryu,2454108608,12,426,assist attack,P2-C1,Ken the Eagle,2457778656,1,live_attack_actor,medium,84.0,0,True,READY,,12,"Mid, Heavy Hit",12,0,,False,[],[12],0,[],258,"Initial actor phase, Spawned-attack core flag (correlated)",spawned-attack core; initial actor phase,0,0,0,2444319576,,False,,False,,False,,False,,,False,,False,2419,2419,last_hit_single,True,2419,2419,0,0,hp_delta,False,False,1,0,2419,0,hit,"[""HP -2419"",""reaction knockdown->air_recovery"",""last-hit/action transition""]",42052,39633,39633,44000,780,1748,1748,968,968,50000,50000,50000,50000,50000,50000,0,0,0,1.0,1.0,1.0,1.0,False,0,0,0,91,160,29,0x00A0 Air Recovery > 0x005B Soft Knockdown > 0x0001 Action 1 > 0x001D Action 29,knockdown,air_recovery,neutral,air_recovery > knockdown > neutral,21,0,0,0,0,0.11349143087863922,0.04329890385270119,1.1948120594024658,86.99980163574219,81.32936096191406,79.49696350097656,86.99980163574219,81.32936096191406,79.49696350097656,-0.07019252702593803,-5.670440673828125,-0.07019252702593803,-5.670440673828125,-7.363167103379965,79.39169180393219,-6.454186201095581,74.8881368637085,83.8459769487381,31.120615601539612,23.903203666116013,7.241104140167676,31.14420123891212,True,False,True,False,False,5,source age 0f; live attack actor
6,native_damage_pipeline_plus_snapshot_contact_correlation_v6,2026-07-28T21:54:33Z,81,58,1,24150,24152,reaction_complete,P2-C2,Casshan,2465118752,2,430,assist standby,P1-C1,Ryu,2454108608,12,unresolved_attacker,low,1.0,0,False,UNKNOWN,,0,"No guard category, No strength tier",0,0,,False,[],[],0,[],0,No property B bits,none,0,0,0,0,,False,,False,,False,,False,,,False,,False,47999,47999,hp_delta_fallback,True,47999,0,0,0,hp_delta,False,False,1,0,47999,0,hit,"[""HP -47999""]",48000,1,1,48000,0,0,47999,0,0,50000,50000,50000,50000,50000,50000,0,0,0,1.0,1.0,1.0,1.0,False,0,0,0,430,430,418,0x01AE Action 430 > 0x01A2 Action 418,neutral,neutral,neutral,neutral,0,0,0,0,0,7.648998260498047,7.508368968963623,0.6332182288169861,4.608826637268066,2.4930355548858643,82.88932037353516,4.608826637268066,2.4930355548858643,82.88932037353516,-0.14062929153442383,-2.115791082382202,-0.14062929153442383,-2.115791082382202,-30.970673084259033,2.485811658203602,-0.9573271870613098,75.12721729278564,72.64140563458204,0.0,0.0,0.0,0.0,False,False,False,False,False,3,closest opposing fighter at 31.07
6,native_damage_pipeline_plus_snapshot_contact_correlation_v6,2026-07-28T21:54:33Z,82,59,1,24151,24161,next_contact,P1-C1,Ryu,2454108608,12,426,assist attack,P2-C1,Ken the Eagle,2457778656,1,live_attack_actor,medium,82.25,1,True,READY,,12,"Mid, Heavy Hit",12,0,,False,[],[12],0,[],258,"Initial actor phase, Spawned-attack core flag (correlated)",spawned-attack core; initial actor phase,0,0,0,2444319576,,False,,False,,False,,False,,,False,,False,33,900,last_hit_single,True,33,900,0,867,hp_delta,False,False,1,0,900,0,hit,"[""HP -33""]",43133,43100,44000,44000,0,360,0,360,360,50000,50000,50000,50000,50000,50000,0,0,0,1.0,1.0,1.0,1.0,False,0,0,0,29,29,29,0x001D Action 29 > 0x0059 Spiral Knockdown > 0x0066 Knockdown Face Up > 0x0067 Wakeup Transition > 0x0071 Get Up Face Up > 0x001D Action 29,neutral,neutral,hitstun,neutral > knockdown > wakeup > hitstun,21,0,0,0,0,38.3027229309082,1.3198521137237549,0.4586271047592163,2.2575418949127197,31.20387840270996,0.0,2.2575418949127197,31.20387840270996,0.0,-36.98287081718445,28.94633650779724,-36.98287081718445,28.94633650779724,0.0,0.0,0.058177411556243896,0.0,3.4414520263671875,0.0,0.0,0.0,0.0,True,False,False,False,False,11,source age 1f; live attack actor
6,native_damage_pipeline_plus_snapshot_contact_correlation_v6,2026-07-28T21:54:36Z,83,60,1,24162,24163,next_contact,P1-C1,Ryu,2454108608,12,257,5B,P2-C1,Ken the Eagle,2457778656,1,move_definition,medium,80.0,0,True,READY,,10,"Mid, Medium Hit",10,0,,False,[],[134217730],1,[],64,Standard-strike baseline,standard-strike baseline,0,0,0,0,,False,,False,,False,,False,,,False,,False,1716,1716,last_hit_single,True,1716,1716,0,0,hp_delta,False,False,1,0,1716,0,hit,"[""HP -1716"",""last-hit/action transition""]",44000,42284,42284,44000,0,687,687,687,687,50000,50000,50000,50000,50000,50000,0,0,0,1.0,1.0,1.0,1.0,False,0,0,0,29,30,91,0x001E Action 30 > 0x005B Soft Knockdown,hitstun,hitstun,knockdown,hitstun > knockdown,21,0,0,0,0,0.4586271047592163,0.2066093385219574,0.2506680190563202,0.0,87.5952377319336,88.12657928466797,0.0,87.5952377319336,88.12657928466797,-0.2520177662372589,87.5952377319336,-0.2520177662372589,87.5952377319336,0.0,0.0,0.01487646996974945,-0.0226593017578125,0.0226593017578125,0.0,0.0,0.0,0.0,True,False,False,False,False,2,source age 0f; current move definition; action ID matched
6,native_damage_pipeline_plus_snapshot_contact_correlation_v6,2026-07-28T21:54:37Z,84,61,1,24164,24182,observation_window,P1-C1,Ryu,2454108608,12,309,Tatsu H,P2-C1,Ken the Eagle,2457778656,1,move_definition,medium,80.0,0,True,READY,,12,"Mid, Heavy Hit",12,512,"No guard category, No strength tier, Hard knockdown 0x00000200",False,[512],[516],2,"[1,2]",262208,"Standard-strike baseline, Special chip route B, one-eighth damage",standard-strike baseline; special chip route,12,262208,0,0,,False,,False,,False,,False,,,False,,False,1823,1823,last_hit_single,True,1823,1823,0,0,hp_delta,False,False,1,0,1823,0,hit,"[""HP -1823""]",42284,40461,44000,44000,687,1417,0,730,730,50000,50000,50000,50000,50000,50000,0,0,0,1.0,1.0,1.0,1.0,False,0,0,0,91,91,29,0x005B Soft Knockdown > 0x0050 Hard Knockdown > 0x0049 Knockdown Face Up > 0x0071 Get Up Face Up > 0x001D Action 29 > 0x001E Action 30 > 0x001D Action 29 > 0x001F Action 31 > 0x001D Action 29,knockdown,knockdown,hitstun,knockdown > wakeup > hitstun,21,0,0,0,0,0.2506680190563202,0.7269513010978699,0.9459154009819031,88.12657928466797,54.839969635009766,66.11817932128906,88.12657928466797,54.839969635009766,66.11817932128906,0.4762832820415497,-33.2866096496582,0.4762832820415497,-33.2866096496582,0.1697363257408142,18.640853881835938,-0.006491541862487793,-4.8403778076171875,35.02035999298096,0.0,0.0,0.0,0.0,True,False,False,False,False,19,source age 0f; current move definition; action ID matched
6,native_damage_pipeline_plus_snapshot_contact_correlation_v6,2026-07-28T21:54:48Z,85,62,1,24219,24220,next_contact,P1-C1,Ryu,2454108608,12,308,Tatsu M,P2-C1,Ken the Eagle,2457778656,1,move_definition,medium,80.0,0,True,READY,,12,"Mid, Heavy Hit",12,512,"No guard category, No strength tier, Hard knockdown 0x00000200",False,[512],[516],2,"[1,2]",262208,"Standard-strike baseline, Special chip route B, one-eighth damage",standard-strike baseline; special chip route,12,262208,0,0,,False,,False,,False,,False,,,False,,False,1710,1710,last_hit_single,True,1710,1710,0,0,hp_delta,False,False,1,0,1710,0,hit,"[""HP -1710""]",44000,42290,42290,44000,0,684,684,684,684,50000,50000,50000,50000,50000,50000,0,0,0,1.0,1.0,1.0,1.0,False,0,0,0,29,29,80,0x001D Action 29 > 0x0050 Hard Knockdown,hitstun,hitstun,knockdown,hitstun > knockdown,21,0,0,0,0,0.314033567905426,0.7505529522895813,1.2584720849990845,80.53838348388672,49.7199592590332,44.3811149597168,80.53838348388672,49.7199592590332,44.3811149597168,0.4365193843841553,-30.818424224853516,0.4365193843841553,-30.818424224853516,0.0,0.0,0.11591875553131104,-1.4415626525878906,1.4415626525878906,0.0,0.0,0.0,0.0,True,False,False,False,False,2,source age 0f; current move definition; action ID matched
6,native_damage_pipeline_plus_snapshot_contact_correlation_v6,2026-07-28T21:54:49Z,86,62,2,24221,24238,next_contact,P1-C1,Ryu,2454108608,12,308,Tatsu M,P2-C1,Ken the Eagle,2457778656,1,move_definition,medium,80.0,0,True,READY,,12,"Mid, Heavy Hit",12,512,"No guard category, No strength tier, Hard knockdown 0x00000200",False,[512],[516],2,"[1,2]",262208,"Standard-strike baseline, Special chip route B, one-eighth damage",standard-strike baseline; special chip route,12,262208,0,0,,False,,False,,False,,False,,,False,,False,1704,1704,last_hit_single,True,1704,1704,0,0,hp_delta,False,False,1,0,1704,0,hit,"[""HP -1704""]",42290,40586,44000,44000,684,1366,0,682,682,50000,50000,50000,50000,50000,50000,0,0,0,1.0,1.0,1.0,1.0,False,0,0,0,80,80,29,0x0050 Hard Knockdown > 0x0049 Knockdown Face Up > 0x0071 Get Up Face Up > 0x001D Action 29 > 0x001E Action 30 > 0x001D Action 29,knockdown,knockdown,hitstun,knockdown > wakeup > hitstun,21,0,0,0,0,1.2584720849990845,1.532805323600769,0.8903470635414124,44.3811149597168,31.911306381225586,0.0,44.3811149597168,31.911306381225586,0.0,0.27433323860168457,-12.469808578491211,0.27433323860168457,-12.469808578491211,0.0,0.0,-0.04829204082489014,-25.698373794555664,39.14772605895996,0.0,17.825824976552067,17.825824976552067,0.0,True,False,False,False,False,18,source age 0f; current move definition; action ID matched
6,native_damage_pipeline_plus_snapshot_contact_correlation_v6,2026-07-28T21:54:54Z,87,63,1,24239,24239,next_contact,P1-C1,Ryu,2454108608,12,256,5A,P2-C1,Ken the Eagle,2457778656,1,move_definition,high,104.0,0,True,READY,,9,"Mid, Light Hit",9,0,,False,[],[134217729],1,[],64,Standard-strike baseline,standard-strike baseline,0,0,0,0,,False,,False,,False,,False,,,False,,False,1755,,ambiguous_coalesced,False,1755,855,900,0,hp_delta,False,True,2,0,1755,0,hit,"[""HP -1755"",""last-hit/action transition""]",44000,42245,42245,44000,0,702,702,702,702,50000,50000,50000,50000,50000,50000,0,0,0,1.0,1.0,1.0,1.0,False,0,0,0,29,30,30,0x001E Action 30,hitstun,hitstun,hitstun,hitstun,12,0,0,0,0,0.8903470635414124,1.2972081899642944,1.2972081899642944,0.0,0.0,0.0,0.0,0.0,0.0,0.4068611264228821,0.0,0.4068611264228821,0.0,0.0,0.0,0.0,0.0,0.0,0.0,0.0,0.0,0.0,False,False,False,False,False,1,source age 0f; current move definition; action ID matched; distance 0.00
6,native_damage_pipeline_plus_snapshot_contact_correlation_v6,2026-07-28T21:54:55Z,88,63,2,24240,24243,reaction_complete,P1-C1,Ryu,2454108608,12,256,5A,P2-C1,Ken the Eagle,2457778656,1,move_definition,high,104.0,0,True,READY,,9,"Mid, Light Hit",9,0,,False,[],[134217729],1,[],64,Standard-strike baseline,standard-strike baseline,0,0,0,0,,False,,False,,False,,False,,,False,,False,810,810,last_hit_single,True,810,810,0,0,hp_delta,False,False,1,0,810,0,hit,"[""HP -810"",""last-hit/action transition""]",42245,41435,41435,44000,702,1026,1026,324,324,50000,50000,50000,50000,50000,50000,0,0,0,1.0,1.0,1.0,1.0,False,0,0,0,30,64,29,0x0040 Standing Hitstun > 0x001D Action 29,hitstun,hitstun,neutral,hitstun > neutral,12,0,0,0,0,1.2972081899642944,2.0468924045562744,1.9661169052124023,0.0,0.0,71.24004364013672,0.0,0.0,71.24004364013672,0.74968421459198,0.0,0.74968421459198,0.0,-0.0028955936431884766,0.0,0.0007556676864624023,0.045074462890625,7.22735595703125,0.0028955936431884766,0.7525798082351685,0.74968421459198,0.0028955936431884766,False,False,False,False,False,4,source age 0f; current move definition; action ID matched; distance 0.00
6,native_damage_pipeline_plus_snapshot_contact_correlation_v6,2026-07-28T21:56:51Z,89,64,1,24683,24686,reaction_complete,P1-C1,Ryu,2454108608,12,256,5A,P2-C1,Ken the Eagle,2457778656,1,move_definition,medium,80.0,0,True,READY,,9,"Mid, Light Hit",9,0,,False,[],[134217729],1,[],64,Standard-strike baseline,standard-strike baseline,0,0,0,0,,False,,False,,False,,False,,,False,,False,924,924,last_hit_single,True,924,924,0,0,hp_delta,False,False,1,0,924,0,hit,"[""HP -924""]",44000,43076,43076,44000,0,370,370,370,370,50000,50000,50000,50000,50000,50000,0,0,0,1.0,1.0,1.0,1.0,False,0,0,0,29,29,29,0x001D Action 29 > 0x005B Soft Knockdown > 0x001D Action 29,neutral,neutral,neutral,neutral > knockdown > neutral,0,0,0,0,0,1.4633159637451172,1.470353603363037,1.693495273590088,62.21989822387695,40.90167999267578,73.30506134033203,62.21989822387695,40.90167999267578,73.30506134033203,0.007037639617919922,-21.318218231201172,0.007037639617919922,-21.318218231201172,0.05682337284088135,0.01245880126953125,0.0015294551849365234,-0.717620849609375,12.761049270629883,0.0,0.0,0.0,0.0,True,False,False,False,False,4,source age 0f; current move definition; action ID matched
6,native_damage_pipeline_plus_snapshot_contact_correlation_v6,2026-07-28T21:56:53Z,90,65,1,24687,24689,reaction_complete,P2-C2,Casshan,2465118752,2,430,assist standby,P1-C2,Chun-Li,2461448704,13,unresolved_attacker,low,1.0,0,False,UNKNOWN,,0,"No guard category, No strength tier",0,0,,False,[],[],0,[],0,No property B bits,none,0,0,0,0,,False,,False,,False,,False,,,False,,False,45999,45999,hp_delta_fallback,True,45999,0,0,0,hp_delta,False,False,1,0,45999,0,hit,"[""HP -45999""]",46000,1,1,46000,0,45999,45999,45999,45999,50000,50000,50000,50000,50000,50000,0,0,0,1.0,1.0,1.0,1.0,False,0,0,0,430,430,418,0x01AE Action 430 > 0x01A2 Action 418,neutral,neutral,neutral,neutral,0,0,0,0,0,8.369542121887207,5.151618480682373,0.23357369005680084,5.193087100982666,20.500782012939453,83.68579864501953,5.193087100982666,20.500782012939453,83.68579864501953,-3.217923641204834,15.307694911956787,-3.217923641204834,15.307694911956787,1.0961709022521973,16.507184982299805,-9.07660411298275,77.87136173248291,61.364176750183105,0.0,0.0,0.0,0.0,False,False,False,False,False,3,closest opposing fighter at 24.52
6,native_damage_pipeline_plus_snapshot_contact_correlation_v6,2026-07-28T21:56:53Z,91,66,1,24688,24706,observation_window,P1-C2,Chun-Li,2461448704,13,418,Tag In,P2-C1,Ken the Eagle,2457778656,1,move_definition,medium,80.0,0,True,READY,,12,"Mid, Heavy Hit",12,768,"No guard category, No strength tier, Spiral knockdown 0x00000300",False,[768],[772],1,[],64,Standard-strike baseline,standard-strike baseline,0,0,0,0,,False,,False,,False,,False,,,False,,False,900,900,last_hit_single,True,900,900,0,0,hp_delta,False,False,1,0,900,0,hit,"[""HP -900""]",44000,43100,44000,44000,0,360,0,360,360,50000,50000,50000,50000,50000,50000,0,0,0,1.0,1.0,1.0,1.0,False,0,0,0,29,29,29,0x001D Action 29 > 0x0059 Spiral Knockdown > 0x0066 Knockdown Face Up > 0x0071 Get Up Face Up > 0x001D Action 29 > 0x0020 Action 32 > 0x001D Action 29 > 0x001E Action 30 > 0x001D Action 29,neutral,neutral,hitstun,neutral > knockdown > wakeup > hitstun,21,0,0,0,0,4.914451599121094,1.6167259216308594,0.7816730737686157,18.557111740112305,29.482391357421875,30.845502853393555,18.557111740112305,29.482391357421875,30.845502853393555,-3.2977256774902344,10.92527961730957,-3.2977256774902344,10.92527961730957,0.0,0.0,-0.009601116180419922,2.2229232788085938,9.888965606689453,0.0,0.0,0.0,0.0,True,False,False,False,False,19,source age 0f; current move definition; action ID matched
6,native_damage_pipeline_plus_snapshot_contact_correlation_v6,2026-07-28T21:57:07Z,92,67,1,24734,24736,reaction_complete,P2-C2,Casshan,2465118752,2,430,assist standby,P1-C1,Ryu,2454108608,12,unresolved_attacker,low,1.0,0,False,UNKNOWN,,0,"No guard category, No strength tier",0,0,,False,[],[],0,[],0,No property B bits,none,0,0,0,0,,False,,False,,False,,False,,,False,,False,47999,47999,hp_delta_fallback,True,47999,0,0,0,hp_delta,False,False,1,0,47999,0,hit,"[""HP -47999""]",48000,1,1,48000,0,47999,47999,47999,47999,50000,50000,50000,50000,50000,50000,0,0,0,1.0,1.0,1.0,1.0,False,0,0,0,430,430,425,0x01AE Action 430 > 0x01A2 Action 418 > 0x01A9 Action 425,neutral,neutral,neutral,neutral,0,0,0,0,0,7.640254974365234,5.120944023132324,1.145784616470337,5.723175048828125,45.14094543457031,30.331398010253906,5.723175048828125,45.14094543457031,30.331398010253906,-2.51931095123291,39.41777038574219,-2.51931095123291,39.41777038574219,0.5962228775024414,41.18290114402771,-8.031699895858765,24.710576057434082,52.10253572463989,0.0,0.0,0.0,0.0,False,False,False,False,False,3,closest opposing fighter at 49.10
6,native_damage_pipeline_plus_snapshot_contact_correlation_v6,2026-07-28T21:57:15Z,93,68,1,24756,24770,next_contact,P1-C2,Chun-Li,2461448704,13,306,Kikoken C,P2-C1,Ken the Eagle,2457778656,1,live_attack_actor,medium,84.0,0,True,READY,,12,"Mid, Heavy Hit",12,0,,False,[],[12],0,[],262402,"Initial actor phase, Special chip route B, one-eighth damage, Spawned-attack core flag (correlated)",spawned-attack core; initial actor phase; special chip route,0,0,0,2444319576,,False,,False,,False,,False,,,False,,False,954,954,last_hit_single,True,954,954,0,0,hp_delta,False,False,1,0,954,0,hit,"[""HP -954"",""last-hit/action transition""]",44000,43046,44000,44000,0,382,0,382,382,50000,50000,50000,50000,50000,50000,0,0,0,1.0,1.0,1.0,1.0,False,0,0,0,29,30,29,0x001E Action 30 > 0x005B Soft Knockdown > 0x00A0 Air Recovery > 0x001D Action 29 > 0x001F Action 31 > 0x001D Action 29,hitstun,hitstun,hitstun,hitstun > knockdown > air_recovery > hitstun,21,0,0,0,0,0.9075893759727478,0.7079854607582092,1.716979742050171,0.0,64.35249328613281,47.98046875,0.0,64.35249328613281,47.98046875,-0.19960391521453857,64.35249328613281,-0.19960391521453857,64.35249328613281,-11.250811994075775,62.860164523124695,-9.11959958076477,46.104114055633545,78.49351263046265,0.0,0.0,0.0,0.0,True,False,True,False,False,15,source age 0f; live attack actor
6,native_damage_pipeline_plus_snapshot_contact_correlation_v6,2026-07-28T21:57:20Z,94,69,1,24771,24775,reaction_complete,P1-C1,Ryu,2454108608,12,257,5B,P2-C1,Ken the Eagle,2457778656,1,move_definition_latched,high,92.0,0,True,READY,,10,"Mid, Medium Hit",10,0,,False,[],[134217730],1,[],64,Standard-strike baseline,standard-strike baseline,0,0,0,0,,False,,False,,False,,False,,,False,,False,3150,3150,last_hit_single,True,3150,3150,0,0,hp_delta,False,False,1,0,3150,0,hit,"[""HP -3150""]",44000,40850,40850,44000,0,1260,1260,1260,1260,50000,50000,50000,50000,50000,50000,0,0,0,1.0,1.0,1.0,1.0,False,0,0,0,29,29,29,0x001D Action 29 > 0x0040 Standing Hitstun > 0x001F Action 31 > 0x001D Action 29,hitstun,hitstun,neutral,hitstun > neutral,21,0,0,0,0,1.716979742050171,1.2682267427444458,1.7223442792892456,47.98046875,0.0,74.5831527709961,47.98046875,0.0,74.5831527709961,-0.4487529993057251,-47.98046875,-0.4487529993057251,-47.98046875,-0.005801677703857422,0.0,-0.001578211784362793,0.0378570556640625,4.961051940917969,0.0,0.0,0.0,0.0,False,False,False,False,False,5,source age 0f; current move definition; distance 0.01
6,native_damage_pipeline_plus_snapshot_contact_correlation_v6,2026-07-28T21:57:32Z,95,70,1,24819,24819,next_contact,P1-C1,Ryu,2454108608,12,256,5A,P2-C1,Ken the Eagle,2457778656,1,move_definition_latched,medium,74.75,3,True,READY,,9,"Mid, Light Hit",9,0,,False,[],[134217729],1,[],64,Standard-strike baseline,standard-strike baseline,0,0,0,0,,False,,False,,False,,False,,,False,,False,963,963,last_hit_single,True,963,963,0,0,hp_delta,False,False,1,0,963,0,hit,"[""HP -963""]",44000,43037,43037,44000,0,386,386,386,386,50000,50000,50000,50000,50000,50000,0,0,0,1.0,1.0,1.0,1.0,False,0,0,0,29,29,29,0x001D Action 29,neutral,neutral,neutral,neutral,0,0,0,0,0,0.02276948094367981,0.1934211105108261,0.1934211105108261,87.859619140625,77.62422943115234,77.62422943115234,87.859619140625,77.62422943115234,77.62422943115234,0.1706516295671463,-10.235389709472656,0.1706516295671463,-10.235389709472656,-0.03932492434978485,1.2252960205078125,-0.03932492434978485,1.2252960205078125,0.0,0.0,0.0,0.0,0.0,False,False,False,False,False,1,source age 3f; current move definition; action ID matched
6,native_damage_pipeline_plus_snapshot_contact_correlation_v6,2026-07-28T21:57:32Z,96,71,1,24820,24838,observation_window,P1-C1,Ryu,2454108608,12,256,5A,P2-C1,Ken the Eagle,2457778656,1,move_definition,medium,80.0,0,True,READY,,9,"Mid, Light Hit",9,0,,False,[],[134217729],1,[],64,Standard-strike baseline,standard-strike baseline,0,0,0,0,,False,,False,,False,,False,,,False,,False,961,961,last_hit_single,True,961,961,0,0,hp_delta,False,False,1,0,961,0,hit,"[""HP -961"",""hitstun +12"",""reaction neutral->knockdown"",""last-hit/action transition""]",43037,42076,44000,44000,386,771,0,385,385,50000,50000,50000,50000,50000,50000,0,0,0,1.0,1.0,1.0,1.0,False,0,0,0,29,91,29,0x005B Soft Knockdown > 0x001E Action 30 > 0x001D Action 29 > 0x001F Action 31 > 0x001D Action 29 > 0x001E Action 30 > 0x001D Action 29,neutral,knockdown,hitstun,knockdown > hitstun,12,0,0,0,0,0.1934211105108261,0.7746813893318176,2.1634349822998047,77.62422943115234,67.70662689208984,71.31864166259766,77.62422943115234,67.70662689208984,71.31864166259766,0.5812602788209915,-9.9176025390625,0.5812602788209915,-9.9176025390625,0.15442901849746704,-2.3633346557617188,0.024113893508911133,-0.02996063232421875,28.768138885498047,0.0,0.0,0.0,0.0,True,False,False,False,False,19,source age 0f; current move definition; action ID matched
6,native_damage_pipeline_plus_snapshot_contact_correlation_v6,2026-07-28T21:57:41Z,97,72,1,24850,24852,reaction_complete,P2-C2,Casshan,2465118752,2,430,assist standby,P1-C2,Chun-Li,2461448704,13,unresolved_attacker,low,1.0,0,False,UNKNOWN,,0,"No guard category, No strength tier",0,0,,False,[],[],0,[],0,No property B bits,none,0,0,0,0,,False,,False,,False,,False,,,False,,False,45999,45999,hp_delta_fallback,True,45999,0,0,0,hp_delta,False,False,1,0,45999,0,hit,"[""HP -45999""]",46000,1,1,46000,0,45999,45999,45999,45999,50000,50000,50000,50000,50000,50000,0,0,0,1.0,1.0,1.0,1.0,False,0,0,0,430,430,425,0x01AE Action 430 > 0x01A2 Action 418 > 0x01A9 Action 425,neutral,neutral,neutral,neutral,0,0,0,0,0,6.991216659545898,0.27401015162467957,1.270569086074829,2.2561733722686768,76.84117126464844,31.610279083251953,2.2561733722686768,76.84117126464844,31.610279083251953,-6.717206507921219,74.58499789237976,-6.717206507921219,74.58499789237976,-5.178303271532059,72.46162366867065,-5.290728330612183,26.281291007995605,46.18033266067505,0.0,0.0,0.0,0.0,False,False,False,False,False,3,closest opposing fighter at 81.39
6,native_damage_pipeline_plus_snapshot_contact_correlation_v6,2026-07-28T21:57:41Z,98,73,1,24850,24868,observation_window,P1-C2,Chun-Li,2461448704,13,418,Tag In,P2-C1,Ken the Eagle,2457778656,1,move_definition,medium,80.0,0,True,READY,,12,"Mid, Heavy Hit",12,768,"No guard category, No strength tier, Spiral knockdown 0x00000300",False,[768],[772],1,[],64,Standard-strike baseline,standard-strike baseline,0,0,0,0,,False,,False,,False,,False,,,False,,False,900,900,last_hit_single,True,900,900,0,0,hp_delta,False,False,1,0,900,0,hit,"[""HP -900""]",44000,43100,44000,44000,0,360,0,360,360,50000,50000,50000,50000,50000,50000,0,0,0,1.0,1.0,1.0,1.0,False,0,0,0,29,29,29,0x001D Action 29 > 0x0059 Spiral Knockdown > 0x0066 Knockdown Face Up > 0x0071 Get Up Face Up > 0x001F Action 31 > 0x001D Action 29 > 0x0001 Action 1 > 0x001D Action 29,hitstun,hitstun,hitstun,hitstun > knockdown > wakeup > hitstun,21,0,0,0,0,1.1291146278381348,0.27401015162467957,4.96558141708374,64.81336212158203,76.84117126464844,27.811010360717773,64.81336212158203,76.84117126464844,27.811010360717773,-0.8551044762134552,12.027809143066406,-0.8551044762134552,12.027809143066406,0.0,0.0,-0.004705905914306641,-5.559610366821289,7.471925735473633,0.0,0.0,0.0,0.0,True,False,False,False,False,19,source age 0f; current move definition; action ID matched
6,native_damage_pipeline_plus_snapshot_contact_correlation_v6,2026-07-28T21:58:27Z,99,74,1,25047,25050,reaction_complete,P1-C1,Ryu,2454108608,12,426,assist attack,P2-C1,Ken the Eagle,2457778656,1,move_definition,high,104.0,0,True,READY,,12,"Mid, Heavy Hit",12,0,,True,"[256,512]","[260,516]",4,"[1,2,3,4]",262208,"Standard-strike baseline, Special chip route B, one-eighth damage",standard-strike baseline; special chip route,12,262208,0,0,,False,,False,,False,,False,,,False,,False,1140,,ambiguous_coalesced,False,1140,555,585,0,hp_delta,False,True,2,0,1140,0,hit,"[""HP -1140"",""last-hit/action transition""]",44000,42860,42860,44000,0,456,456,456,456,50000,50000,50000,50000,50000,50000,0,0,0,1.0,1.0,1.0,1.0,False,0,0,0,29,31,29,0x001F Action 31 > 0x0040 Standing Hitstun > 0x001D Action 29,hitstun,hitstun,neutral,hitstun > neutral,11,0,0,0,0,0.694904088973999,1.020812749862671,0.3392302691936493,0.0,0.0,87.70023345947266,0.0,0.0,87.70023345947266,0.3259086608886719,0.0,0.3259086608886719,0.0,-0.957643985748291,0.0,-1.3163907825946808,15.354316711425781,15.354316711425781,0.0,0.0,0.0,0.0,False,False,False,False,False,4,source age 0f; current move definition; action ID matched; distance 0.96
6,native_damage_pipeline_plus_snapshot_contact_correlation_v6,2026-07-28T21:58:35Z,100,75,1,25069,25072,reaction_complete,P1-C2,Chun-Li,2461448704,13,257,5B,P2-C1,Ken the Eagle,2457778656,1,move_definition,high,104.0,0,True,READY,,10,"Mid, Medium Hit",10,0,,False,[],[134217730],1,[],64,Standard-strike baseline,standard-strike baseline,0,0,0,0,,False,,False,,False,,False,,,False,,False,1057,1057,last_hit_single,True,1057,1057,0,0,hp_delta,False,False,1,0,1057,0,hit,"[""HP -1057""]",44000,42943,42943,44000,0,423,423,423,423,50000,50000,50000,50000,50000,50000,0,0,0,1.0,1.0,1.0,1.0,False,0,0,0,29,29,29,0x001D Action 29 > 0x0040 Standing Hitstun > 0x0001 Action 1 > 0x001D Action 29,neutral,neutral,neutral,neutral > hitstun > neutral,10,0,0,0,0,0.797161877155304,0.9992839097976685,0.03066089190542698,62.77751159667969,0.0,89.66373443603516,62.77751159667969,0.0,89.66373443603516,0.2021220326423645,-62.77751159667969,0.2021220326423645,-62.77751159667969,0.00015467405319213867,0.0,-0.00020304135978221893,0.00040435791015625,0.017909616231918335,0.0,0.0,0.0,0.0,False,False,False,True,False,4,source age 0f; current move definition; action ID matched; distance 0.00
6,native_damage_pipeline_plus_snapshot_contact_correlation_v6,2026-07-28T21:58:36Z,101,76,1,25074,25092,observation_window,P1-C1,Ryu,2454108608,12,426,assist attack,P2-C1,Ken the Eagle,2457778656,1,live_attack_actor,medium,84.0,0,True,READY,,12,"Mid, Heavy Hit",12,0,,False,[],[12],0,[],258,"Initial actor phase, Spawned-attack core flag (correlated)",spawned-attack core; initial actor phase,0,0,0,2444319576,,False,,False,,False,,False,,,False,,False,1117,1117,last_hit_single,True,1117,1117,0,0,hp_delta,False,False,1,0,1117,0,hit,"[""HP -1117""]",44000,42883,44000,44000,0,447,0,447,447,50000,50000,50000,50000,50000,50000,0,0,0,1.0,1.0,1.0,1.0,False,0,0,0,29,29,29,0x001D Action 29 > 0x005B Soft Knockdown > 0x001F Action 31 > 0x001D Action 29 > 0x001F Action 31 > 0x001D Action 29,neutral,neutral,hitstun,neutral > knockdown > hitstun,17,0,0,0,0,0.10581673681735992,0.10149139910936356,4.387019634246826,89.54496765136719,86.66991424560547,50.7722282409668,89.54496765136719,86.66991424560547,50.7722282409668,-0.004325337707996368,-2.8750534057617188,-0.004325337707996368,-2.8750534057617188,-7.322775416076183,84.70850718021393,-4.894192218780518,46.72834300994873,90.76013338565826,0.0,0.0,0.0,0.0,True,False,False,False,False,19,source age 0f; live attack actor
6,native_damage_pipeline_plus_snapshot_contact_correlation_v6,2026-07-28T21:58:47Z,102,77,1,25110,25128,observation_window,P1-C1,Ryu,2454108608,12,426,assist attack,P2-C1,Ken the Eagle,2457778656,1,live_attack_actor,medium,84.0,0,True,READY,,12,"Mid, Heavy Hit",12,0,,False,[],[12],0,[],258,"Initial actor phase, Spawned-attack core flag (correlated)",spawned-attack core; initial actor phase,0,0,0,2444319576,,False,,False,,False,,False,,,False,,False,1640,1640,last_hit_single,True,1640,1640,0,0,hp_delta,False,False,1,0,1640,0,hit,"[""HP -1640""]",44000,42360,44000,44000,0,656,0,656,656,50000,50000,50000,50000,50000,50000,0,0,0,1.0,1.0,1.0,1.0,False,0,0,0,29,29,29,0x001D Action 29 > 0x005B Soft Knockdown > 0x00A0 Air Recovery > 0x001F Action 31 > 0x001D Action 29 > 0x001E Action 30 > 0x001D Action 29,hitstun,hitstun,hitstun,hitstun > knockdown > air_recovery > hitstun,21,0,0,0,0,1.2472294569015503,0.6153955459594727,4.540450096130371,55.4158821105957,43.032615661621094,27.63404083251953,55.4158821105957,43.032615661621094,27.63404083251953,-0.6318339109420776,-12.38326644897461,-0.6318339109420776,-12.38326644897461,-8.472055435180664,41.249260663986206,-6.650739669799805,26.643253207206726,52.90477180480957,0.0,0.0,0.0,0.0,True,False,True,False,False,19,source age 0f; live attack actor
6,native_damage_pipeline_plus_snapshot_contact_correlation_v6,2026-07-28T21:58:57Z,103,78,1,25157,25175,observation_window,P1-C1,Ryu,2454108608,12,426,assist attack,P2-C1,Ken the Eagle,2457778656,1,live_attack_actor,medium,84.0,0,True,READY,,12,"Mid, Heavy Hit",12,0,,False,[],[12],0,[],258,"Initial actor phase, Spawned-attack core flag (correlated)",spawned-attack core; initial actor phase,0,0,0,2444319576,,False,,False,,False,,False,,,False,,False,626,626,last_hit_single,True,626,626,0,0,hp_delta,False,False,1,0,626,0,hit,"[""HP -626""]",44000,43374,44000,44000,0,251,0,251,251,50000,50000,50000,50000,50000,50000,0,0,0,1.0,1.0,1.0,1.0,False,0,0,0,29,29,29,0x001D Action 29 > 0x005B Soft Knockdown > 0x00A0 Air Recovery > 0x001D Action 29 > 0x0001 Action 1 > 0x001D Action 29,hitstun,hitstun,hitstun,hitstun > knockdown > air_recovery > hitstun,21,0,0,0,0,0.12203169614076614,0.05834140628576279,5.555400848388672,89.23725128173828,78.31793975830078,42.3330192565918,89.23725128173828,78.31793975830078,42.3330192565918,-0.06369028985500336,-10.9193115234375,-0.06369028985500336,-10.9193115234375,-11.574551202356815,77.05728995800018,-4.796385765075684,37.094078063964844,78.45360696315765,0.0,0.0,0.0,0.0,True,False,True,False,False,19,source age 0f; live attack actor
6,native_damage_pipeline_plus_snapshot_contact_correlation_v6,2026-07-28T22:01:17Z,104,79,1,26076,26076,victim_changed,P1-C2,Chun-Li,2461448704,13,259,2A,P2-C1,Ken the Eagle,2457778656,1,move_definition_latched,high,92.0,0,True,READY,,9,"Mid, Light Hit",9,0,,False,[],[134217729],1,[],64,Standard-strike baseline,standard-strike baseline,0,0,0,0,,False,,False,,False,,False,,,False,,False,43999,,ambiguous_coalesced,False,43999,626,43373,0,hp_delta,False,True,2,0,43999,0,hit,"[""HP -43999""]",44000,1,1,44000,0,43999,43999,43999,43999,50000,50000,50000,50000,50000,50000,0,0,0,1.0,1.0,1.0,1.0,False,0,0,0,31,31,31,0x001F Action 31,hitstun,hitstun,hitstun,hitstun,12,0,0,0,0,5.337838649749756,5.412186145782471,5.412186145782471,0.0,0.0,0.0,0.0,0.0,0.0,0.07434749603271484,0.0,0.07434749603271484,0.0,0.0,0.0,0.0,0.0,0.0,0.0,0.0,0.0,0.0,False,False,False,False,False,1,source age 0f; current move definition; distance 0.00
6,native_damage_pipeline_plus_snapshot_contact_correlation_v6,2026-07-28T22:03:22Z,105,80,1,27341,27344,reaction_complete,P1-C2,Joe the Condor,2461448704,27,257,5B,P2-C1,Ryu,2457778656,12,move_definition,high,104.0,0,True,READY,,10,"Mid, Medium Hit",10,0,,False,[],[134217730],1,[],64,Standard-strike baseline,standard-strike baseline,0,0,0,0,,False,,False,,False,,False,,,False,,False,1480,1480,last_hit_single,True,1480,1480,0,0,hp_delta,False,False,1,0,1480,0,hit,"[""HP -1480"",""hitstun +17"",""reaction neutral->hitstun""]",48000,46520,48000,48000,0,592,0,592,592,10000,10815,10815,10000,10513,10513,0,0,0,1.0,1.0,1.0,1.0,False,0,0,0,1,1,1,0x0001 Action 1 > 0x0040 Standing Hitstun > 0x0001 Action 1,neutral,hitstun,neutral,hitstun > neutral,17,0,0,0,0,0.71233731508255,1.166298747062683,1.2800812721252441,0.0,0.0,0.0,0.0,0.0,0.0,0.45396143198013306,0.0,0.45396143198013306,0.0,0.0013518333435058594,0.0,0.0008100271224975586,0.0,0.0013518333435058594,0.0,0.0,0.0,0.0,False,False,False,False,False,4,source age 0f; current move definition; action ID matched; distance 0.00
6,native_damage_pipeline_plus_snapshot_contact_correlation_v6,2026-07-28T22:03:24Z,106,81,1,27345,27348,reaction_complete,P1-C2,Joe the Condor,2461448704,27,257,5B,P2-C1,Ryu,2457778656,12,move_definition_latched,high,92.0,0,True,READY,,10,"Mid, Medium Hit",10,0,,False,[],[134217730],1,[],64,Standard-strike baseline,standard-strike baseline,0,0,0,0,,False,,False,,False,,False,,,False,,False,920,920,last_hit_single,True,920,920,0,0,hp_delta,False,False,1,0,920,0,hit,"[""HP -920""]",48000,47080,47080,48000,0,368,368,368,368,10815,11305,14220,10513,10831,10831,0,0,0,1.0,1.0,1.0,1.0,False,0,0,0,1,1,1,0x0001 Action 1 > 0x0042 Low Hitstun > 0x0001 Action 1,neutral,neutral,neutral,neutral > hitstun > neutral,0,0,0,0,0,1.2800812721252441,1.587706446647644,1.4999510049819946,0.0,0.0,0.0,0.0,0.0,0.0,0.3076251745223999,0.0,0.3076251745223999,0.0,-0.01565861701965332,0.0,0.017279863357543945,0.0,2.5414352416992188,0.0,0.0,0.0,0.0,False,False,False,True,False,4,source age 0f; current move definition; distance 0.02
6,native_damage_pipeline_plus_snapshot_contact_correlation_v6,2026-07-28T22:03:26Z,108,83,1,27351,27351,next_contact,P1-C2,Joe the Condor,2461448704,27,256,5A,P2-C1,Ryu,2457778656,12,move_definition_latched,medium,88.0,0,True,READY,,33,"Low, Light Hit",33,0,,False,[],[134217729],1,[],64,Standard-strike baseline,standard-strike baseline,0,0,0,0,,False,,False,,False,,False,,,False,,False,1300,1300,last_hit_single,True,1300,1300,0,0,hp_delta,False,False,1,0,1300,0,hit,"[""HP -1300""]",48000,46700,46700,48000,0,520,520,520,520,14220,15081,15081,10831,11282,11282,0,0,0,1.0,1.0,1.0,1.0,False,0,0,0,1,1,1,0x0001 Action 1,neutral,neutral,neutral,neutral,0,0,0,0,0,1.6681660413742065,2.0363688468933105,2.0363688468933105,0.0,0.0,0.0,0.0,0.0,0.0,0.368202805519104,0.0,0.368202805519104,0.0,0.0057125091552734375,0.0,0.0057125091552734375,0.0,0.0,0.0,0.0,0.0,0.0,False,False,False,False,False,1,source age 0f; current move definition; distance 0.01
6,native_damage_pipeline_plus_snapshot_contact_correlation_v6,2026-07-28T22:03:26Z,109,84,1,27352,27352,next_contact,P1-C2,Joe the Condor,2461448704,27,514,Wild Lasso,P2-C1,Ryu,2457778656,12,move_definition,high,100.0,0,True,READY,,12,"Mid, Heavy Hit",12,0,,False,[],"[134217740,135266316]",3,"[1,2,3]",64,Standard-strike baseline,standard-strike baseline,12,64,0,0,,False,,False,,False,,False,,,False,,False,310,310,last_hit_single,True,310,310,0,0,hp_delta,False,False,1,0,310,0,hit,"[""HP -310"",""hitstun +12"",""reaction neutral->hitstun"",""last-hit/action transition""]",46700,46390,46390,48000,520,644,644,124,124,15081,15224,15224,11282,11388,11388,0,0,0,1.0,1.0,1.0,1.0,False,0,0,0,1,4611,4611,0x1203 Action 4611,neutral,hitstun,hitstun,hitstun,12,0,0,0,0,2.0363688468933105,1.281553864479065,1.281553864479065,0.0,0.0,0.0,0.0,0.0,0.0,-0.7548149824142456,0.0,-0.7548149824142456,0.0,0.06026268005371094,0.0,0.06026268005371094,0.0,0.0,0.0,0.0,0.0,0.0,False,False,False,False,False,1,source age 0f; current move definition; action ID matched; distance 0.06
6,native_damage_pipeline_plus_snapshot_contact_correlation_v6,2026-07-28T22:03:27Z,110,84,2,27353,27353,next_contact,P1-C2,Joe the Condor,2461448704,27,514,Wild Lasso,P2-C1,Ryu,2457778656,12,move_definition,high,100.0,0,True,READY,,12,"Mid, Heavy Hit",12,0,,False,[],"[134217740,135266316]",3,"[1,2,3]",64,Standard-strike baseline,standard-strike baseline,12,64,0,0,,False,,False,,False,,False,,,False,,False,950,,ambiguous_coalesced,False,950,900,50,0,hp_delta,False,True,2,0,950,0,hit,"[""HP -950""]",46390,45440,45440,48000,644,1024,1024,380,380,15224,15663,15663,11388,11716,11716,0,0,0,1.0,1.0,1.0,1.0,False,0,0,0,4611,4611,4611,0x1203 Action 4611,hitstun,hitstun,hitstun,hitstun,12,0,0,0,0,1.281553864479065,1.241288423538208,1.241288423538208,0.0,0.0,0.0,0.0,0.0,0.0,-0.040265440940856934,0.0,-0.040265440940856934,0.0,0.012109994888305664,0.0,0.012109994888305664,0.0,0.0,0.04815268516540527,0.00788724422454834,0.040265440940856934,0.04815268516540527,False,False,False,False,False,1,source age 0f; current move definition; action ID matched; distance 0.01
6,native_damage_pipeline_plus_snapshot_contact_correlation_v6,2026-07-28T22:03:27Z,111,84,3,27354,27355,next_contact,P1-C2,Joe the Condor,2461448704,27,514,Wild Lasso,P2-C1,Ryu,2457778656,12,move_definition,high,100.0,0,True,READY,,12,"Mid, Heavy Hit",12,0,,False,[],"[134217740,135266316]",3,"[1,2,3]",64,Standard-strike baseline,standard-strike baseline,12,64,0,0,,False,,False,,False,,False,,,False,,False,1749,,ambiguous_coalesced,False,1749,849,900,0,hp_delta,False,True,2,0,1749,0,hit,"[""HP -1749"",""hitstun +5"",""reaction hitstun->knockdown"",""last-hit/action transition""]",45440,43691,43691,48000,1024,1724,1724,700,700,15663,16471,16536,11716,12321,12321,0,0,0,1.0,1.0,1.0,1.0,False,0,0,0,4611,106,106,0x006A OTG Face Down,hitstun,knockdown,knockdown,knockdown,17,0,0,0,0,1.241288423538208,0.9716470241546631,0.6953369379043579,0.0,0.0,0.0,0.0,0.0,0.0,-0.2696413993835449,0.0,-0.2696413993835449,0.0,-0.03379666805267334,0.0,-0.04649311304092407,0.0,0.012696444988250732,0.09405934810638428,0.23162198066711426,0.30990684032440186,0.09405934810638428,True,False,False,False,False,2,source age 0f; current move definition; action ID matched; distance 0.03
6,native_damage_pipeline_plus_snapshot_contact_correlation_v6,2026-07-28T22:03:28Z,112,85,1,27356,27359,reaction_complete,P1-C2,Joe the Condor,2461448704,27,256,5A,P2-C1,Ryu,2457778656,12,move_definition,high,100.0,0,True,READY,,33,"Low, Light Hit",33,0,,False,[],[134217729],1,[],64,Standard-strike baseline,standard-strike baseline,0,0,0,0,,False,,False,,False,,False,,,False,,False,920,920,last_hit_single,True,920,920,0,0,hp_delta,False,False,1,0,920,0,hit,"[""HP -920"",""reaction knockdown->wakeup"",""last-hit/action transition""]",43691,42771,42771,48000,1724,2092,2092,368,368,16536,17026,17026,12321,12639,12639,0,0,0,1.0,1.0,1.0,1.0,False,0,0,0,106,119,1,0x0077 Get Up Face Down > 0x0042 Low Hitstun > 0x0001 Action 1,knockdown,wakeup,neutral,wakeup > hitstun > neutral,12,0,0,0,0,0.6953369379043579,1.044021487236023,1.1098651885986328,0.0,0.0,0.0,0.0,0.0,0.0,0.34868454933166504,0.0,0.34868454933166504,0.0,0.0,0.0,0.0,0.0,0.013833880424499512,0.0,0.0,0.0,0.0,False,False,False,False,False,4,source age 0f; current move definition; action ID matched; distance 0.00
6,native_damage_pipeline_plus_snapshot_contact_correlation_v6,2026-07-28T22:03:24Z,107,82,1,27346,27364,observation_window,P2-C2,Zero,2465118752,29,430,assist standby,P1-C2,Joe the Condor,2461448704,27,unresolved_attacker,low,1.0,0,False,UNKNOWN,,0,"No guard category, No strength tier",0,0,,False,[],[],0,[],0,No property B bits,none,0,0,0,0,,False,,False,,False,,False,,,False,,False,3600,3600,last_hit_single,True,3600,3600,0,0,hp_delta,False,False,1,0,3600,0,hit,"[""HP -3600"",""hitstun +21"",""reaction neutral->hitstun"",""last-hit/action transition""]",44000,40400,44000,44000,0,1440,0,1440,1440,10831,10831,12639,11305,14220,17026,0,0,0,1.0,1.0,1.0,1.0,False,0,0,0,11,256,1,0x0100 Action 256 > 0x0059 Spiral Knockdown > 0x0066 Knockdown Face Up > 0x0071 Get Up Face Up > 0x0002 Action 2 > 0x0202 Action 514 > 0x0002 Action 2 > 0x0100 Action 256 > 0x0001 Action 1,neutral,hitstun,hitstun,hitstun > knockdown > wakeup > hitstun,21,0,0,0,0,1.6033650636672974,1.452639102935791,1.0709322690963745,0.0,67.18335723876953,0.0,0.0,67.18335723876953,0.0,-0.15072596073150635,67.18335723876953,-0.15072596073150635,67.18335723876953,-6.0678229331970215,64.74740886688232,-6.55807363986969,-5.908130168914795,70.66636562347412,0.0,0.0,0.0,0.0,True,False,False,False,False,19,closest opposing fighter at 69.88
6,native_damage_pipeline_plus_snapshot_contact_correlation_v6,2026-07-28T22:03:32Z,113,86,1,27367,27385,observation_window,P1-C1,Viewtiful Joe,2454108608,17,418,Tag In,P2-C1,Ryu,2457778656,12,move_definition,medium,80.0,0,True,READY,,12,"Mid, Heavy Hit",12,768,"No guard category, No strength tier, Spiral knockdown 0x00000300",False,[768],[772],1,[],64,Standard-strike baseline,standard-strike baseline,0,0,0,0,,False,,False,,False,,False,,,False,,False,800,800,last_hit_single,True,800,800,0,0,hp_delta,False,False,1,0,800,0,hit,"[""HP -800"",""hitstun +21"",""reaction neutral->hitstun""]",48000,47200,48000,48000,0,320,0,320,320,17026,17396,17656,12639,12915,12915,0,0,0,1.0,1.0,1.0,1.0,False,0,0,0,1,1,1,0x0001 Action 1 > 0x0059 Spiral Knockdown > 0x0066 Knockdown Face Up > 0x0071 Get Up Face Up > 0x0020 Action 32 > 0x0001 Action 1,neutral,hitstun,hitstun,hitstun > knockdown > wakeup > hitstun,21,0,0,0,0,1.3012127876281738,0.49490004777908325,4.117885589599609,29.63277244567871,74.50518035888672,0.0,29.63277244567871,74.50518035888672,0.0,-0.8063127398490906,44.87240791320801,-0.8063127398490906,44.87240791320801,-0.23127418756484985,18.773113250732422,-0.0005850791931152344,0.0,31.70169448852539,0.0,0.0,0.0,0.0,True,False,False,False,False,19,source age 0f; current move definition; action ID matched
6,native_damage_pipeline_plus_snapshot_contact_correlation_v6,2026-07-28T22:03:49Z,114,87,1,27412,27412,next_contact,P1-C1,Viewtiful Joe,2454108608,17,267,j.C,P2-C1,Ryu,2457778656,12,move_definition,medium,86.0,0,True,READY,,20,"High, Heavy Hit",20,524288,"No guard category, No strength tier, Air knockdown 0x00080000",False,[524288],"[134217732,134742020]",3,"[1,2,3]",64,Standard-strike baseline,standard-strike baseline,20,64,0,0,,False,,False,,False,,False,,,False,,False,1280,1280,last_hit_single,True,1280,1280,0,0,hp_delta,False,False,1,0,1280,0,hit,"[""HP -1280""]",48000,46720,46720,48000,0,512,512,512,512,18306,18898,18898,12915,13359,13359,0,0,0,1.0,1.0,1.0,1.0,False,0,0,0,1,65,65,0x0041 Overhead Hitstun,hitstun,hitstun,hitstun,hitstun,21,0,0,0,0,0.912932813167572,1.3552554845809937,1.3552554845809937,48.93621826171875,0.0,0.0,48.93621826171875,0.0,0.0,0.44232267141342163,-48.93621826171875,0.44232267141342163,-48.93621826171875,-0.05443310737609863,-9.9736967086792,-0.05443310737609863,-9.9736967086792,0.0,0.0,0.0,0.0,0.0,False,False,False,False,False,1,source age 0f; current move definition; action ID matched; distance 9.97
6,native_damage_pipeline_plus_snapshot_contact_correlation_v6,2026-07-28T22:03:50Z,115,88,1,27413,27416,reaction_complete,P1-C1,Viewtiful Joe,2454108608,17,257,5B,P2-C1,Ryu,2457778656,12,move_definition,high,92.0,0,True,READY,,10,"Mid, Medium Hit",10,0,,False,[],[134217730],1,[],64,Standard-strike baseline,standard-strike baseline,0,0,0,0,,False,,False,,False,,False,,,False,,False,1216,1216,last_hit_single,True,1216,1216,0,0,hp_delta,False,False,1,0,1216,0,hit,"[""HP -1216""]",46720,45504,46004,48000,512,999,499,487,487,18898,19850,19850,13359,13780,13780,0,0,0,1.0,1.0,1.0,1.0,False,0,0,0,65,65,1,0x0041 Overhead Hitstun > 0x0040 Standing Hitstun > 0x0001 Action 1,hitstun,hitstun,neutral,hitstun > neutral,16,0,0,0,0,1.3552554845809937,2.145334005355835,1.1848971843719482,0.0,0.0,0.0,0.0,0.0,0.0,0.7900785207748413,0.0,0.7900785207748413,0.0,0.03359484672546387,0.0,-0.03538179397583008,0.0,0.06897664070129395,0.0,0.0,0.0,0.0,False,False,False,False,False,4,source age 0f; current move definition; distance 0.03
6,native_damage_pipeline_plus_snapshot_contact_correlation_v6,2026-07-28T22:03:53Z,116,89,1,27421,27439,observation_window,P1-C1,Viewtiful Joe,2454108608,17,309,Shocking Pink C,P2-C1,Ryu,2457778656,12,live_attack_actor,medium,84.0,0,True,READY,,9,"Mid, Light Hit",9,0,,False,[],[9],0,[],262418,"Initial actor phase, Special chip route B, one-eighth damage, Spawned-attack core flag (correlated), Target-acquired / contact-lock state (correlated)",spawned-attack core; target-acquired/contact-lock; initial actor phase; special chip route,0,0,4096,2444320416,,False,,False,,False,,False,,,False,,False,4800,4800,last_hit_single,True,4800,4800,0,0,hp_delta,False,False,1,0,4800,0,hit,"[""HP -4800"",""last-hit/action transition""]",48000,43200,48000,48000,0,1920,0,1920,1920,19851,22074,25574,13780,15446,15446,0,0,0,1.0,1.0,1.0,1.0,False,0,0,0,1,4562,1,0x11D2 Action 4562 > 0x0071 Get Up Face Up > 0x0020 Action 32 > 0x0001 Action 1,hitstun,hitstun,hitstun,hitstun > wakeup > hitstun,12,0,0,0,0,0.37066522240638733,1.0352699756622314,1.698590636253357,0.0,47.3500862121582,0.0,0.0,47.3500862121582,0.0,0.6646047532558441,47.3500862121582,0.6646047532558441,47.3500862121582,-0.04604482650756836,47.3500862121582,0.024388670921325684,0.0,49.91716384887695,0.0,0.0,0.0,0.0,False,False,False,False,False,19,source age 0f; live attack actor
6,native_damage_pipeline_plus_snapshot_contact_correlation_v6,2026-07-28T22:03:54Z,117,90,1,27422,27440,observation_window,P2-C2,Zero,2465118752,29,430,assist standby,P1-C1,Viewtiful Joe,2454108608,17,unresolved_attacker,low,1.0,0,False,UNKNOWN,,0,"No guard category, No strength tier",0,0,,False,[],[],0,[],0,No property B bits,none,0,0,0,0,,False,,False,,False,,False,,,False,,False,3600,3600,last_hit_single,True,3600,3600,0,0,hp_delta,False,False,1,0,3600,0,hit,"[""HP -3600"",""hitstun +21"",""reaction neutral->hitstun""]",46000,42400,46000,46000,0,1440,0,1440,1440,15446,15446,15446,22074,24989,25574,0,0,0,1.0,1.0,1.0,1.0,False,0,0,0,465,465,307,0x01D1 Action 465 > 0x0059 Spiral Knockdown > 0x0066 Knockdown Face Up > 0x0073 Forward Roll > 0x0001 Action 1 > 0x0002 Action 2 > 0x0001 Action 1 > 0x0002 Action 2 > 0x0003 Action 3 > 0x0001 Action 1 > 0x0100 Action 256 > 0x0001 Action 1 > 0x0102 Action 258 > 0x0003 Action 3 > 0x0100 Action 256 > 0x0133 Action 307,neutral,hitstun,hitstun,hitstun > knockdown > wakeup > hitstun,21,0,0,0,0,1.0813148021697998,1.1502971649169922,1.8283244371414185,0.0,71.98483276367188,0.0,0.0,71.98483276367188,0.0,0.06898236274719238,71.98483276367188,0.06898236274719238,71.98483276367188,-6.639180660247803,69.75979661941528,-5.234180331230164,-5.422699928283691,75.2628960609436,0.0,0.0,0.0,0.0,True,False,False,False,False,19,closest opposing fighter at 74.51
6,native_damage_pipeline_plus_snapshot_contact_correlation_v6,2026-07-28T22:04:02Z,118,91,1,27442,27460,observation_window,P2-C1,Ryu,2457778656,12,89,Spiral Knockdown,P1-C1,Viewtiful Joe,2454108608,17,unresolved_attacker,low,3.35,0,False,UNKNOWN,,0,"No guard category, No strength tier",0,0,,False,[],[],0,[],0,No property B bits,none,0,0,0,0,,False,,False,,False,,False,,,False,,False,3600,3600,last_hit_single,True,3600,3600,0,0,hp_delta,False,False,1,0,3600,0,hit,"[""HP -3600""]",46000,42400,46000,46000,0,1440,0,1440,1440,15446,17555,17555,25769,31497,31497,0,0,0,1.0,1.0,1.0,1.0,False,0,0,0,307,258,1,0x0102 Action 258 > 0x0059 Spiral Knockdown > 0x0066 Knockdown Face Up > 0x0071 Get Up Face Up > 0x0002 Action 2 > 0x0001 Action 1 > 0x0003 Action 3 > 0x0001 Action 1,hitstun,hitstun,hitstun,hitstun > knockdown > wakeup > hitstun,21,0,0,0,0,1.3954097032546997,1.6110615730285645,3.532693862915039,0.0,4.801271915435791,0.0,0.0,4.801271915435791,0.0,0.21565186977386475,4.801271915435791,0.21565186977386475,4.801271915435791,-0.004200577735900879,0.9567835330963135,4.553794860839844e-05,0.0,1.4370388984680176,0.0,0.0,0.0,0.0,True,False,False,False,False,19,closest opposing fighter at 8.65
6,native_damage_pipeline_plus_snapshot_contact_correlation_v6,2026-07-28T22:04:02Z,119,92,1,27442,27460,observation_window,P1-C1,Viewtiful Joe,2454108608,17,258,5C,P2-C1,Ryu,2457778656,12,live_attack_actor,medium,86.0,0,True,READY,,780,"Mid, Heavy Hit, Spiral knockdown 0x00000300",12,768,"No guard category, No strength tier, Spiral knockdown 0x00000300",False,[768],[780],0,[],262418,"Initial actor phase, Special chip route B, one-eighth damage, Spawned-attack core flag (correlated), Target-acquired / contact-lock state (correlated)",spawned-attack core; target-acquired/contact-lock; initial actor phase; special chip route,0,0,0,2444319996,,False,,False,,False,,False,,,False,,False,6080,,ambiguous_coalesced,False,6080,3600,2480,0,hp_delta,False,True,2,0,6080,0,hit,"[""HP -6080"",""hitstun +9""]",48000,41920,48000,48000,0,2432,0,2432,2432,25769,31497,31497,15446,17555,17555,0,0,0,1.0,1.0,1.0,1.0,False,0,0,0,1,1,1,0x0001 Action 1 > 0x0059 Spiral Knockdown > 0x0066 Knockdown Face Up > 0x0071 Get Up Face Up > 0x0001 Action 1,hitstun,hitstun,hitstun,hitstun > knockdown > wakeup > hitstun,21,0,0,0,0,1.3150889873504639,1.6152621507644653,3.5326483249664307,0.0,3.8444883823394775,0.0,0.0,3.8444883823394775,0.0,0.30017316341400146,3.8444883823394775,0.30017316341400146,3.8444883823394775,0.004200577735900879,-0.9567835330963135,-4.553794860839844e-05,0.0,1.4370388984680176,0.0,0.0,0.0,0.0,True,False,False,False,False,19,source age 0f; live attack actor; distance 8.65
6,native_damage_pipeline_plus_snapshot_contact_correlation_v6,2026-07-28T22:06:01Z,120,93,1,28108,28109,next_contact,P1-C1,Viewtiful Joe,2454108608,17,259,2A,P2-C1,Ryu,2457778656,12,move_definition_latched,high,90.25,1,True,READY,,33,"Low, Light Hit",33,0,,False,[],[134217729],1,[],64,Standard-strike baseline,standard-strike baseline,0,0,0,0,,False,,False,,False,,False,,,False,,False,2400,2400,last_hit_single,True,2400,2400,0,0,hp_delta,False,False,1,0,2400,0,hit,"[""HP -2400"",""hitstun +21"",""reaction neutral->hitstun""]",48000,45600,45600,48000,0,960,960,960,960,10585,11696,11696,10000,10833,10833,0,0,0,1.0,1.0,1.0,1.0,False,0,0,0,1,1,64,0x0001 Action 1 > 0x0040 Standing Hitstun,neutral,hitstun,hitstun,hitstun,21,0,0,0,0,4.7918572425842285,5.029752731323242,2.5991008281707764,0.0,0.0,16.788143157958984,0.0,0.0,16.788143157958984,0.23789548873901367,0.0,0.23789548873901367,0.0,-0.07633209228515625,0.0,-2.556530237197876,16.788143157958984,16.788143157958984,0.0,0.0,0.0,0.0,False,False,False,False,False,2,source age 1f; current move definition; distance 0.08
6,native_damage_pipeline_plus_snapshot_contact_correlation_v6,2026-07-28T22:06:02Z,121,94,1,28110,28115,next_contact,P1-C2,Joe the Condor,2461448704,27,418,Tag In,P2-C1,Ryu,2457778656,12,move_definition,medium,68.0,0,True,READY,,12,"Mid, Heavy Hit",12,768,"No guard category, No strength tier, Spiral knockdown 0x00000300",False,[768],[772],1,[],64,Standard-strike baseline,standard-strike baseline,0,0,0,0,,False,,False,,False,,False,,,False,,False,800,800,last_hit_single,True,800,800,0,0,hp_delta,False,False,1,0,800,0,hit,"[""HP -800"",""hitstun +21"",""last-hit/action transition""]",45600,44800,44800,48000,960,1280,1280,320,320,11696,12066,12326,10833,11109,11109,0,0,0,1.0,1.0,1.0,1.0,False,0,0,0,64,1,1,0x0001 Action 1 > 0x0059 Spiral Knockdown > 0x0066 Knockdown Face Up > 0x0071 Get Up Face Up > 0x0001 Action 1,hitstun,hitstun,hitstun,hitstun > knockdown > wakeup > hitstun,21,0,0,0,0,2.5991008281707764,0.37388646602630615,1.5239218473434448,16.788143157958984,83.35235595703125,0.0,16.788143157958984,83.35235595703125,0.0,-2.22521436214447,66.56421279907227,-2.22521436214447,66.56421279907227,-0.052384644746780396,2.5541229248046875,-0.16880559921264648,0.0,2.5606613159179688,0.0,0.0,0.0,0.0,True,False,False,True,False,6,source age 0f; current move definition
6,native_damage_pipeline_plus_snapshot_contact_correlation_v6,2026-07-28T22:06:04Z,122,95,1,28116,28121,next_contact,P1-C2,Joe the Condor,2461448704,27,310,Battering Ram A,P2-C1,Ryu,2457778656,12,move_definition,high,104.0,0,True,READY,,12,"Mid, Heavy Hit",12,2147483776,"No guard category, No strength tier, Crumple 0x80000080",False,[2147483776],[2147483780],1,[],262208,"Standard-strike baseline, Special chip route B, one-eighth damage",standard-strike baseline; special chip route,0,0,0,0,,False,,False,,False,,False,,,False,,False,2800,2800,last_hit_single,True,2800,2800,0,0,hp_delta,False,False,1,0,2800,0,hit,"[""HP -2800""]",44800,42000,42000,48000,1280,2400,2400,1120,1120,12326,13622,13687,11109,12080,12080,0,0,0,1.0,1.0,1.0,1.0,False,0,0,0,1,1,1,0x0001 Action 1 > 0x004B Crumple > 0x0077 Get Up Face Down > 0x0001 Action 1,hitstun,hitstun,hitstun,hitstun > knockdown > wakeup > hitstun,21,0,0,0,0,1.5239218473434448,1.3893636465072632,1.0250595808029175,0.0,0.0,0.0,0.0,0.0,0.0,-0.13455820083618164,0.0,-0.13455820083618164,0.0,0.0017590522766113281,0.0,0.0010824203491210938,0.0,0.07181501388549805,0.0,0.0,0.0,0.0,True,False,False,False,False,6,source age 0f; current move definition; action ID matched; distance 0.00
6,native_damage_pipeline_plus_snapshot_contact_correlation_v6,2026-07-28T22:06:07Z,123,96,1,28122,28123,next_contact,P1-C2,Joe the Condor,2461448704,27,259,2A,P2-C1,Ryu,2457778656,12,move_definition_latched,high,104.0,0,True,READY,,33,"Low, Light Hit",33,0,,False,[],[134217761],1,[],64,Standard-strike baseline,standard-strike baseline,0,0,0,0,,False,,False,,False,,False,,,False,,False,720,720,last_hit_single,True,720,720,0,0,hp_delta,False,False,1,0,720,0,hit,"[""HP -720""]",42000,41280,41280,48000,2400,2688,2688,288,288,13687,14019,14084,12080,12329,12329,0,0,0,1.0,1.0,1.0,1.0,False,0,0,0,1,1,66,0x0001 Action 1 > 0x0042 Low Hitstun,hitstun,hitstun,hitstun,hitstun,21,0,0,0,0,1.0250595808029175,1.4365506172180176,1.565116286277771,0.0,0.0,0.0,0.0,0.0,0.0,0.4114910364151001,0.0,0.4114910364151001,0.0,0.0,0.0,0.15509700775146484,0.0,0.15509700775146484,0.0,0.0,0.0,0.0,False,False,False,False,False,2,source age 0f; current move definition; action ID matched; distance 0.00
6,native_damage_pipeline_plus_snapshot_contact_correlation_v6,2026-07-28T22:06:08Z,124,97,1,28124,28124,next_contact,P1-C2,Joe the Condor,2461448704,27,259,2A,P2-C1,Ryu,2457778656,12,move_definition,high,92.0,0,True,READY,,33,"Low, Light Hit",33,0,,False,[],[134217761],1,[],64,Standard-strike baseline,standard-strike baseline,0,0,0,0,,False,,False,,False,,False,,,False,,False,720,720,last_hit_single,True,720,720,0,0,hp_delta,False,False,1,0,720,0,hit,"[""HP -720"",""hitstun +4""]",41280,40560,40560,48000,2688,2976,2976,288,288,14084,14481,14481,12329,12578,12578,0,0,0,1.0,1.0,1.0,1.0,False,0,0,0,66,1,1,0x0001 Action 1,hitstun,hitstun,hitstun,hitstun,11,0,0,0,0,1.565116286277771,1.474419116973877,1.474419116973877,0.0,0.0,0.0,0.0,0.0,0.0,-0.09069716930389404,0.0,-0.09069716930389404,0.0,-0.03107583522796631,0.0,-0.03107583522796631,0.0,0.0,0.0,0.0,0.0,0.0,False,False,False,False,False,1,source age 0f; current move definition; distance 0.03
6,native_damage_pipeline_plus_snapshot_contact_correlation_v6,2026-07-28T22:06:08Z,125,98,1,28125,28127,next_contact,P1-C2,Joe the Condor,2461448704,27,256,5A,P2-C1,Ryu,2457778656,12,move_definition,high,104.0,0,True,READY,,33,"Low, Light Hit",33,0,,False,[],[134217729],1,[],64,Standard-strike baseline,standard-strike baseline,0,0,0,0,,False,,False,,False,,False,,,False,,False,920,920,last_hit_single,True,920,920,0,0,hp_delta,False,False,1,0,920,0,hit,"[""HP -920"",""reaction hitstun->neutral""]",40560,39640,39640,48000,2976,3344,3344,368,368,14481,14546,15166,12578,12578,12896,0,0,0,1.0,1.0,1.0,1.0,False,0,0,0,1,1,1,0x0001 Action 1 > 0x0042 Low Hitstun > 0x0001 Action 1,hitstun,neutral,neutral,neutral > hitstun > neutral,7,0,0,0,0,1.474419116973877,1.5349587202072144,1.4833004474639893,0.0,0.0,0.0,0.0,0.0,0.0,0.0605396032333374,0.0,0.0605396032333374,0.0,0.1000359058380127,0.0,-0.05764639377593994,0.0,0.15768229961395264,0.0,0.0,0.0,0.0,False,False,False,False,False,3,source age 0f; current move definition; action ID matched; distance 0.10
6,native_damage_pipeline_plus_snapshot_contact_correlation_v6,2026-07-28T22:06:10Z,126,98,2,28128,28130,reaction_complete,P1-C2,Joe the Condor,2461448704,27,256,5A,P2-C1,Ryu,2457778656,12,move_definition,high,104.0,0,True,READY,,33,"Low, Light Hit",33,0,,False,[],[134217729],1,[],64,Standard-strike baseline,standard-strike baseline,0,0,0,0,,False,,False,,False,,False,,,False,,False,920,920,last_hit_single,True,920,920,0,0,hp_delta,False,False,1,0,920,0,hit,"[""HP -920"",""hitstun +12"",""reaction neutral->hitstun""]",39640,38720,38720,48000,3344,3712,3712,368,368,15166,15656,15656,12896,13214,13214,0,0,0,1.0,1.0,1.0,1.0,False,0,0,0,1,1,1,0x0001 Action 1,neutral,hitstun,neutral,hitstun > neutral,12,0,0,0,0,1.4833004474639893,1.750960111618042,1.8362418413162231,0.0,0.0,0.0,0.0,0.0,0.0,0.26765966415405273,0.0,0.26765966415405273,0.0,0.030037283897399902,0.0,0.009071588516235352,0.0,0.028834223747253418,0.06999862194061279,0.28600001335144043,0.21600139141082764,0.06999862194061279,False,False,False,False,False,3,source age 0f; current move definition; action ID matched; distance 0.03
6,native_damage_pipeline_plus_snapshot_contact_correlation_v6,2026-07-28T23:51:42Z,127,99,1,95000,95018,observation_window,P2-C1,Ryu,2457778656,12,89,Spiral Knockdown,P1-C2,Joe the Condor,2461448704,27,unresolved_attacker,low,12.0,0,False,UNKNOWN,,0,"No guard category, No strength tier",0,0,,False,[],[],0,[],0,No property B bits,none,0,0,0,0,,False,,False,,False,,False,,,False,,False,3600,3600,last_hit_single,True,3600,3600,0,0,hp_delta,False,False,1,0,3600,0,hit,"[""HP -3600""]",44000,40400,44000,44000,0,1440,0,1440,1440,13214,14463,14463,15656,20237,20237,0,0,0,1.0,1.0,1.0,1.0,False,0,0,0,1,1,1,0x0001 Action 1 > 0x0059 Spiral Knockdown > 0x0066 Knockdown Face Up > 0x0071 Get Up Face Up > 0x0020 Action 32 > 0x0001 Action 1,neutral,neutral,hitstun,neutral > knockdown > wakeup > hitstun,21,0,0,0,0,1.5230635404586792,1.6721409559249878,1.920675277709961,0.0,0.0,0.0,0.0,0.0,0.0,0.1490774154663086,0.0,0.1490774154663086,0.0,-0.0022543668746948242,0.0,0.0017120838165283203,0.0,0.00984036922454834,0.0,0.0,0.0,0.0,True,False,False,False,False,19,closest opposing fighter at 0.00
6,native_damage_pipeline_plus_snapshot_contact_correlation_v6,2026-07-28T23:51:42Z,128,100,1,95000,95018,observation_window,P1-C2,Joe the Condor,2461448704,27,256,5A,P2-C1,Ryu,2457778656,12,move_definition_latched,high,92.0,0,True,READY,,33,"Low, Light Hit",33,0,,False,[],[134217729],1,[],64,Standard-strike baseline,standard-strike baseline,0,0,0,0,,False,,False,,False,,False,,,False,,False,3600,3600,last_hit_single,True,3600,3600,0,0,hp_delta,False,False,1,0,3600,0,hit,"[""HP -3600""]",48000,44400,48000,48000,0,1440,0,1440,1440,15656,20237,20237,13214,14463,14463,0,0,0,1.0,1.0,1.0,1.0,False,0,0,0,1,1,1,0x0001 Action 1 > 0x0059 Spiral Knockdown > 0x0066 Knockdown Face Up > 0x0071 Get Up Face Up > 0x0001 Action 1,neutral,neutral,hitstun,neutral > knockdown > wakeup > hitstun,21,0,0,0,0,1.5287901163101196,1.6743953227996826,1.9189631938934326,0.0,0.0,0.0,0.0,0.0,0.0,0.145605206489563,0.0,0.145605206489563,0.0,0.0022543668746948242,0.0,-0.0017120838165283203,0.0,0.00984036922454834,0.0,0.0,0.0,0.0,True,False,False,False,False,19,source age 0f; current move definition; distance 0.00
6,native_damage_pipeline_plus_snapshot_contact_correlation_v6,2026-07-28T23:53:20Z,129,101,1,95653,95671,observation_window,P2-C1,Ryu,2457778656,12,89,Spiral Knockdown,P1-C2,Joe the Condor,2461448704,27,unresolved_attacker,low,12.0,0,False,UNKNOWN,,0,"No guard category, No strength tier",0,0,,False,[],[],0,[],0,No property B bits,none,0,0,0,0,,False,,False,,False,,False,,,False,,False,3600,3600,last_hit_single,True,3600,3600,0,0,hp_delta,False,False,1,0,3600,0,hit,"[""HP -3600""]",44000,40400,44000,44000,0,1440,0,1440,1440,14463,15712,15712,20237,24818,24818,0,0,0,1.0,1.0,1.0,1.0,False,0,0,0,1,1,1,0x0001 Action 1 > 0x0059 Spiral Knockdown > 0x0066 Knockdown Face Up > 0x0071 Get Up Face Up > 0x0020 Action 32 > 0x0001 Action 1,hitstun,hitstun,hitstun,hitstun > knockdown > wakeup > hitstun,21,0,0,0,0,1.4114711284637451,1.533350944519043,1.801931381225586,0.0,0.0,0.0,0.0,0.0,0.0,0.12187981605529785,0.0,0.12187981605529785,0.0,-0.0028313398361206055,0.0,0.0,0.0,0.013596653938293457,0.0,0.0,0.0,0.0,True,False,False,False,False,19,closest opposing fighter at 0.00
6,native_damage_pipeline_plus_snapshot_contact_correlation_v6,2026-07-28T23:53:20Z,130,102,1,95653,95671,observation_window,P1-C1,Viewtiful Joe,2454108608,17,430,assist standby,P2-C1,Ryu,2457778656,12,live_attack_actor,high,102.0,0,True,READY,,780,"Mid, Heavy Hit, Spiral knockdown 0x00000300",12,768,"No guard category, No strength tier, Spiral knockdown 0x00000300",False,[768],[780],0,[],274,"Initial actor phase, Spawned-attack core flag (correlated), Target-acquired / contact-lock state (correlated)",spawned-attack core; target-acquired/contact-lock; initial actor phase,0,0,0,2444320836,,False,,False,,False,,False,,,False,,False,3600,3600,last_hit_single,True,3600,3600,0,0,hp_delta,False,False,1,0,3600,0,hit,"[""HP -3600""]",48000,44400,48000,48000,0,1440,0,1440,1440,20237,24818,24818,14463,15712,15712,0,0,0,1.0,1.0,1.0,1.0,False,0,0,0,1,1,1,0x0001 Action 1 > 0x0059 Spiral Knockdown > 0x0066 Knockdown Face Up > 0x0071 Get Up Face Up > 0x0001 Action 1,hitstun,hitstun,hitstun,hitstun > knockdown > wakeup > hitstun,21,0,0,0,0,1.4103153944015503,1.5361822843551636,1.801931381225586,0.0,0.0,0.0,0.0,0.0,0.0,0.12586688995361328,0.0,0.12586688995361328,0.0,-6.764522671699524,-1.2219853401184082,-6.219113349914551,-5.224493980407715,5.895404249429703,0.0,0.0,0.0,0.0,True,False,False,False,False,19,source age 0f; live attack actor; action ID matched; distance 6.87
6,native_damage_pipeline_plus_snapshot_contact_correlation_v6,2026-07-28T23:55:52Z,131,103,1,96773,96791,observation_window,P2-C1,Ryu,2457778656,12,89,Spiral Knockdown,P1-C2,Joe the Condor,2461448704,27,unresolved_attacker,low,12.0,0,False,UNKNOWN,,0,"No guard category, No strength tier",0,0,,False,[],[],0,[],0,No property B bits,none,0,0,0,0,,False,,False,,False,,False,,,False,,False,3600,3600,last_hit_single,True,3600,3600,0,0,hp_delta,False,False,1,0,3600,0,hit,"[""HP -3600""]",44000,40400,44000,44000,0,1440,0,1440,1440,15712,16961,16961,24818,29399,29399,0,0,0,1.0,1.0,1.0,1.0,False,0,0,0,1,1,1,0x0001 Action 1 > 0x0059 Spiral Knockdown > 0x0066 Knockdown Face Up > 0x0071 Get Up Face Up > 0x0001 Action 1,hitstun,hitstun,hitstun,hitstun > knockdown > wakeup > hitstun,21,0,0,0,0,1.5200908184051514,1.5724068880081177,1.5232799053192139,0.0,0.0,0.0,0.0,0.0,0.0,0.05231606960296631,0.0,0.05231606960296631,0.0,0.0,0.0,0.0,0.0,0.009891271591186523,0.0,0.0,0.0,0.0,True,False,False,False,False,19,closest opposing fighter at 0.00
6,native_damage_pipeline_plus_snapshot_contact_correlation_v6,2026-07-28T23:55:52Z,132,104,1,96773,96791,observation_window,P1-C1,Viewtiful Joe,2454108608,17,426,assist attack,P2-C1,Ryu,2457778656,12,live_attack_actor,medium,88.25,1,True,READY,,9,"Mid, Light Hit",9,0,,False,[],[9],0,[],262418,"Initial actor phase, Special chip route B, one-eighth damage, Spawned-attack core flag (correlated), Target-acquired / contact-lock state (correlated)",spawned-attack core; target-acquired/contact-lock; initial actor phase; special chip route,0,0,4096,2444320836,,False,,False,,False,,False,,,False,,False,3600,3600,last_hit_single,True,3600,3600,0,0,hp_delta,False,False,1,0,3600,0,hit,"[""HP -3600""]",48000,44400,48000,48000,0,1440,0,1440,1440,24818,29399,29399,15712,16961,16961,0,0,0,1.0,1.0,1.0,1.0,False,0,0,0,1,1,1,0x0001 Action 1 > 0x0059 Spiral Knockdown > 0x0066 Knockdown Face Up > 0x0071 Get Up Face Up > 0x0001 Action 1,hitstun,hitstun,hitstun,hitstun > knockdown > wakeup > hitstun,21,0,0,0,0,1.5232964754104614,1.5724068880081177,1.5232799053192139,0.0,0.0,0.0,0.0,0.0,0.0,0.04911041259765625,0.0,0.04911041259765625,0.0,-6.654407382011414,-2.0212175846099854,-6.3701183795928955,-5.226471900939941,4.27162766456604,0.0,0.0,0.0,0.0,True,False,False,False,False,19,source age 1f; live attack actor; distance 6.95
6,native_damage_pipeline_plus_snapshot_contact_correlation_v6,2026-07-28T23:56:30Z,133,105,1,97003,97005,reaction_complete,P1-C2,Joe the Condor,2461448704,27,265,j.A,P2-C1,Ryu,2457778656,12,move_definition_latched,medium,88.0,0,True,READY,,17,"High, Light Hit",17,0,,False,[],[402653185],1,[],64,Standard-strike baseline,standard-strike baseline,0,0,0,0,,False,,False,,False,,False,,,False,,False,920,920,last_hit_single,True,920,920,0,0,hp_delta,False,False,1,0,920,0,hit,"[""HP -920""]",48000,47080,47080,48000,0,368,368,368,368,29464,29954,30019,16961,17279,17279,0,0,0,1.0,1.0,1.0,1.0,False,0,0,0,1,1,1,0x0001 Action 1,hitstun,hitstun,neutral,hitstun > neutral,12,0,0,0,0,1.291005253791809,1.4529330730438232,0.5408720970153809,0.0,0.0,0.0,0.0,0.0,0.0,0.16192781925201416,0.0,0.16192781925201416,0.0,-0.020000815391540527,0.0,-0.0029754638671875,0.0,2.4674224853515625,0.0,0.0,0.0,0.0,False,False,False,False,False,3,source age 0f; current move definition; distance 0.02
6,native_damage_pipeline_plus_snapshot_contact_correlation_v6,2026-07-28T23:56:34Z,134,106,1,97012,97012,next_contact,P1-C2,Joe the Condor,2461448704,27,265,j.A,P2-C1,Ryu,2457778656,12,move_definition_latched,medium,88.0,0,True,READY,,17,"High, Light Hit",17,0,,False,[],[402653185],1,[],64,Standard-strike baseline,standard-strike baseline,0,0,0,0,,False,,False,,False,,False,,,False,,False,920,920,last_hit_single,True,920,920,0,0,hp_delta,False,False,1,0,920,0,hit,"[""HP -920""]",48000,47080,47080,48000,0,368,368,368,368,30019,30509,30509,17279,17597,17597,0,0,0,1.0,1.0,1.0,1.0,False,0,0,0,1,1,1,0x0001 Action 1,neutral,neutral,neutral,neutral,0,0,0,0,0,0.6178457736968994,1.061423420906067,1.061423420906067,0.0,0.0,0.0,0.0,0.0,0.0,0.4435776472091675,0.0,0.4435776472091675,0.0,0.12459331750869751,0.0,0.12459331750869751,0.0,0.0,0.0,0.0,0.0,0.0,False,False,False,False,False,1,source age 0f; current move definition; distance 0.12
6,native_damage_pipeline_plus_snapshot_contact_correlation_v6,2026-07-28T23:56:34Z,135,106,2,97013,97016,reaction_complete,P1-C2,Joe the Condor,2461448704,27,265,j.A,P2-C1,Ryu,2457778656,12,move_definition_latched,medium,74.25,1,True,READY,,17,"High, Light Hit",17,0,,False,[],[402653185],1,[],64,Standard-strike baseline,standard-strike baseline,0,0,0,0,,False,,False,,False,,False,,,False,,False,740,740,last_hit_single,True,740,740,0,0,hp_delta,False,False,1,0,740,0,hit,"[""HP -740"",""reaction neutral->hitstun"",""last-hit/action transition""]",47080,46340,46340,48000,368,664,664,296,296,30509,30850,30980,17597,17853,17853,0,0,0,1.0,1.0,1.0,1.0,False,0,0,0,1,66,1,0x0042 Low Hitstun > 0x0041 Overhead Hitstun > 0x0001 Action 1,neutral,hitstun,neutral,hitstun > neutral,11,0,0,0,0,1.061423420906067,0.8664780259132385,1.4779143333435059,0.0,42.515960693359375,0.0,0.0,42.515960693359375,0.0,-0.19494539499282837,42.515960693359375,-0.19494539499282837,42.515960693359375,0.0,0.0,0.0,0.0,0.42218780517578125,0.12459331750869751,42.5160188998698,42.51640762560154,0.12459331750869751,False,False,False,True,False,4,source age 1f; current move definition; action ID matched
6,native_damage_pipeline_plus_snapshot_contact_correlation_v6,2026-07-28T23:56:36Z,136,107,1,97018,97019,next_contact,P1-C2,Joe the Condor,2461448704,27,256,5A,P2-C1,Ryu,2457778656,12,move_definition,medium,88.0,0,True,READY,,33,"Low, Light Hit",33,0,,False,[],[134217729],1,[],64,Standard-strike baseline,standard-strike baseline,0,0,0,0,,False,,False,,False,,False,,,False,,False,1300,1300,last_hit_single,True,1300,1300,0,0,hp_delta,False,False,1,0,1300,0,hit,"[""HP -1300""]",48000,46700,46700,48000,0,520,520,520,520,30980,31305,31906,17853,17853,18304,0,0,0,1.0,1.0,1.0,1.0,False,0,0,0,1,1,4611,0x0001 Action 1 > 0x1203 Action 4611,neutral,neutral,hitstun,neutral > hitstun,12,0,0,0,0,1.8195643424987793,1.9128224849700928,2.8640239238739014,0.0,0.0,0.0,0.0,0.0,0.0,0.09325814247131348,0.0,0.09325814247131348,0.0,-0.0001996755599975586,0.0,0.0,0.0,0.0001996755599975586,0.0,0.0,0.0,0.0,False,False,False,False,False,2,source age 0f; current move definition; distance 0.00
6,native_damage_pipeline_plus_snapshot_contact_correlation_v6,2026-07-28T23:56:37Z,137,108,1,97020,97020,next_contact,P1-C2,Joe the Condor,2461448704,27,514,Wild Lasso,P2-C1,Ryu,2457778656,12,move_definition,high,100.0,0,True,READY,,12,"Mid, Heavy Hit",12,0,,False,[],"[134217740,135266316]",3,"[1,2,3]",64,Standard-strike baseline,standard-strike baseline,12,64,0,0,,False,,False,,False,,False,,,False,,False,310,310,last_hit_single,True,310,310,0,0,hp_delta,False,False,1,0,310,0,hit,"[""HP -310""]",46700,46390,46390,48000,520,644,644,124,124,31906,32049,32049,18304,18410,18410,0,0,0,1.0,1.0,1.0,1.0,False,0,0,0,4611,4611,4611,0x1203 Action 4611,hitstun,hitstun,hitstun,hitstun,12,0,0,0,0,2.8640239238739014,1.1608973741531372,1.1608973741531372,0.0,0.0,0.0,0.0,0.0,0.0,-1.7031265497207642,0.0,-1.7031265497207642,0.0,-0.010510683059692383,0.0,-0.010510683059692383,0.0,0.0,0.0,0.0,0.0,0.0,False,False,False,False,False,1,source age 0f; current move definition; action ID matched; distance 0.01
6,native_damage_pipeline_plus_snapshot_contact_correlation_v6,2026-07-28T23:56:37Z,138,108,2,97021,97022,next_contact,P1-C2,Joe the Condor,2461448704,27,514,Wild Lasso,P2-C1,Ryu,2457778656,12,move_definition,high,100.0,0,True,READY,,12,"Mid, Heavy Hit",12,0,,False,[],"[134217740,135266316]",3,"[1,2,3]",64,Standard-strike baseline,standard-strike baseline,12,64,0,0,,False,,False,,False,,False,,,False,,False,2699,,ambiguous_coalesced,False,2699,849,1850,0,hp_delta,False,True,2,0,2699,0,hit,"[""HP -2699"",""hitstun +5"",""reaction hitstun->knockdown"",""last-hit/action transition""]",46390,43691,43691,48000,644,1724,1724,1080,1080,32049,33296,33296,18410,19343,19343,0,0,0,1.0,1.0,1.0,1.0,False,0,0,0,4611,74,106,0x004A Knockdown Face Down > 0x006A OTG Face Down,hitstun,knockdown,knockdown,knockdown,17,0,0,0,0,1.1608973741531372,1.169677734375,0.6106505393981934,0.0,0.0,0.0,0.0,0.0,0.0,0.008780360221862793,0.0,0.008780360221862793,0.0,-0.037361860275268555,0.0,0.010389924049377441,0.0,0.047751784324645996,0.026851177215576172,0.035631537437438965,0.008780360221862793,0.026851177215576172,True,False,False,False,False,2,source age 0f; current move definition; action ID matched; distance 0.04
6,native_damage_pipeline_plus_snapshot_contact_correlation_v6,2026-07-28T23:56:38Z,139,108,3,97023,97026,next_contact,P1-C2,Joe the Condor,2461448704,27,514,Wild Lasso,P2-C1,Ryu,2457778656,12,move_definition,medium,86.25,1,True,READY,,12,"Mid, Heavy Hit",12,0,,False,[],"[134217740,135266316]",3,"[1,2,3]",64,Standard-strike baseline,standard-strike baseline,12,64,0,0,,False,,False,,False,,False,,,False,,False,1480,1480,last_hit_single,True,1480,1480,0,0,hp_delta,False,False,1,0,1480,0,hit,"[""HP -1480"",""reaction knockdown->wakeup"",""last-hit/action transition""]",43691,42211,42211,48000,1724,2316,2316,592,592,33296,33426,34111,19343,19343,19856,0,0,0,1.0,1.0,1.0,1.0,False,0,0,0,106,119,1,0x0077 Get Up Face Down > 0x0040 Standing Hitstun > 0x0001 Action 1,knockdown,wakeup,neutral,wakeup > hitstun > neutral,17,0,0,0,0,0.6106505393981934,0.6354990005493164,1.5318964719772339,0.0,0.0,0.0,0.0,0.0,0.0,0.024848461151123047,0.0,0.024848461151123047,0.0,0.024560272693634033,0.0,0.0,0.0,0.024560272693634033,0.06192213296890259,0.6317324042320251,0.5429590940475464,0.08877331018447876,False,False,False,False,False,4,source age 1f; current move definition; distance 0.02
6,native_damage_pipeline_plus_snapshot_contact_correlation_v6,2026-07-28T23:56:40Z,140,109,1,97027,97030,reaction_complete,P1-C2,Joe the Condor,2461448704,27,256,5A,P2-C1,Ryu,2457778656,12,move_definition,high,100.0,0,True,READY,,33,"Low, Light Hit",33,0,,False,[],[134217729],1,[],64,Standard-strike baseline,standard-strike baseline,0,0,0,0,,False,,False,,False,,False,,,False,,False,920,920,last_hit_single,True,920,920,0,0,hp_delta,False,False,1,0,920,0,hit,"[""HP -920"",""hitstun +12"",""reaction neutral->hitstun""]",42211,41291,48000,48000,2316,2684,0,368,368,34111,34601,34601,19856,20174,20174,0,0,0,1.0,1.0,1.0,1.0,False,0,0,0,1,1,1,0x0001 Action 1 > 0x0042 Low Hitstun > 0x0001 Action 1,neutral,hitstun,neutral,hitstun > neutral,12,0,0,0,0,1.5318964719772339,1.6505591869354248,3.571810245513916,0.0,0.0,20.697799682617188,0.0,0.0,20.697799682617188,0.11866271495819092,0.0,0.11866271495819092,0.0,0.0,0.0,-0.003978729248046875,0.26071929931640625,7.247318267822266,0.0,0.0,0.0,0.0,False,False,False,False,False,4,source age 0f; current move definition; action ID matched; distance 0.00
6,native_damage_pipeline_plus_snapshot_contact_correlation_v6,2026-07-28T23:56:57Z,141,110,1,97069,97069,next_contact,P1-C1,Viewtiful Joe,2454108608,17,426,assist attack,P2-C1,Ryu,2457778656,12,live_attack_actor,high,90.0,0,True,READY,,9,"Mid, Light Hit",9,0,,False,[],[9],0,[],262418,"Initial actor phase, Special chip route B, one-eighth damage, Spawned-attack core flag (correlated), Target-acquired / contact-lock state (correlated)",spawned-attack core; target-acquired/contact-lock; initial actor phase; special chip route,0,0,4096,2444319156,,False,,False,,False,,False,,,False,,False,700,700,last_hit_single,True,700,700,0,0,hp_delta,False,False,1,0,700,0,hit,"[""HP -700""]",48000,47300,47300,48000,0,280,280,280,280,35511,35964,35964,20174,20415,20415,0,0,0,1.0,1.0,1.0,1.0,False,0,0,0,1,1,1,0x0001 Action 1,neutral,neutral,neutral,neutral,0,0,0,0,0,1.4523053169250488,1.5291038751602173,1.5291038751602173,0.0,0.0,0.0,0.0,0.0,0.0,0.07679855823516846,0.0,0.07679855823516846,0.0,-10.377695441246033,-4.938386917114258,-10.377695441246033,-4.938386917114258,0.0,0.0,0.0,0.0,0.0,False,False,False,False,False,1,source age 0f; live attack actor; distance 11.49
6,native_damage_pipeline_plus_snapshot_contact_correlation_v6,2026-07-28T23:56:57Z,142,111,1,97070,97081,reaction_complete,P1-C2,Joe the Condor,2461448704,27,310,Battering Ram A,P2-C1,Ryu,2457778656,12,move_definition,high,100.0,0,True,READY,,12,"Mid, Heavy Hit",12,2147483776,"No guard category, No strength tier, Crumple 0x80000080",False,[2147483776],[2147483780],1,[],262208,"Standard-strike baseline, Special chip route B, one-eighth damage",standard-strike baseline; special chip route,0,0,0,0,,False,,False,,False,,False,,,False,,False,2660,2660,last_hit_single,True,2660,2660,0,0,hp_delta,False,False,1,0,2660,0,hit,"[""HP -2660"",""hitstun +21"",""reaction neutral->hitstun"",""last-hit/action transition""]",47300,44640,47220,48000,280,1344,0,1064,1064,35964,37455,38270,20415,21337,21655,0,0,0,1.0,1.0,1.0,1.0,False,0,0,0,1,64,1,0x0040 Standing Hitstun > 0x004B Crumple > 0x0077 Get Up Face Down > 0x0001 Action 1 > 0x0042 Low Hitstun > 0x0001 Action 1,neutral,hitstun,neutral,hitstun > knockdown > wakeup > hitstun > neutral,21,0,0,0,0,1.5291038751602173,1.6822381019592285,1.9878813028335571,0.0,0.0,0.0,0.0,0.0,0.0,0.15313422679901123,0.0,0.15313422679901123,0.0,-0.07045495510101318,0.0,0.019032001495361328,0.0,0.2896385192871094,0.0,0.0,0.0,0.0,True,False,False,True,False,12,source age 0f; current move definition; action ID matched; distance 0.07
6,native_damage_pipeline_plus_snapshot_contact_correlation_v6,2026-07-28T23:57:14Z,143,112,1,97126,97129,reaction_complete,P1-C2,Joe the Condor,2461448704,27,257,5B,P2-C1,Ryu,2457778656,12,move_definition,high,100.0,0,True,READY,,10,"Mid, Medium Hit",10,0,,False,[],[134217730],1,[],64,Standard-strike baseline,standard-strike baseline,0,0,0,0,,False,,False,,False,,False,,,False,,False,1480,1480,last_hit_single,True,1480,1480,0,0,hp_delta,False,False,1,0,1480,0,hit,"[""HP -1480""]",48000,46520,48000,48000,0,592,0,592,592,38725,39540,39670,21655,22168,22168,0,0,0,1.0,1.0,1.0,1.0,False,0,0,0,1,1,1,0x0001 Action 1 > 0x0040 Standing Hitstun > 0x0001 Action 1,neutral,neutral,neutral,neutral > hitstun > neutral,0,0,0,0,0,1.7149198055267334,1.8123819828033447,1.7879669666290283,0.0,0.0,0.0,0.0,0.0,0.0,0.09746217727661133,0.0,0.09746217727661133,0.0,0.007566094398498535,0.0,0.004671573638916016,0.0,0.008552312850952148,0.0,0.0,0.0,0.0,False,False,False,False,False,4,source age 0f; current move definition; action ID matched; distance 0.01
6,native_damage_pipeline_plus_snapshot_contact_correlation_v6,2026-07-28T23:57:21Z,144,113,1,97140,97158,observation_window,P1-C1,Viewtiful Joe,2454108608,17,426,assist attack,P2-C1,Ryu,2457778656,12,live_attack_actor,medium,82.25,1,True,READY,,9,"Mid, Light Hit",9,0,,False,[],[9],0,[],262418,"Initial actor phase, Special chip route B, one-eighth damage, Spawned-attack core flag (correlated), Target-acquired / contact-lock state (correlated)",spawned-attack core; target-acquired/contact-lock; initial actor phase; special chip route,0,0,4096,2444319156,,False,,False,,False,,False,,,False,,False,800,800,last_hit_single,True,800,800,0,0,hp_delta,False,False,1,0,800,0,hit,"[""HP -800""]",48000,47200,48000,48000,0,320,0,320,320,40060,40430,40430,22168,22444,22444,0,0,0,1.0,1.0,1.0,1.0,False,0,0,0,1,1,1,0x0001 Action 1 > 0x0059 Spiral Knockdown > 0x0066 Knockdown Face Up > 0x0071 Get Up Face Up > 0x0001 Action 1,neutral,neutral,hitstun,neutral > knockdown > wakeup > hitstun,21,0,0,0,0,2.5070600509643555,0.9082339406013489,0.757660984992981,0.0,40.094425201416016,0.0,0.0,40.094425201416016,0.0,-1.5988261103630066,40.094425201416016,-1.5988261103630066,40.094425201416016,0.0,0.0,0.004801630973815918,0.0,0.29418182373046875,0.0,0.0,0.0,0.0,True,False,False,True,False,19,source age 1f; live attack actor
6,native_damage_pipeline_plus_snapshot_contact_correlation_v6,2026-07-28T23:57:34Z,145,114,1,97187,97190,reaction_complete,P1-C1,Viewtiful Joe,2454108608,17,418,Tag In,P2-C1,Ryu,2457778656,12,move_definition_latched,high,92.0,0,True,READY,,12,"Mid, Heavy Hit",12,768,"No guard category, No strength tier, Spiral knockdown 0x00000300",False,[768],[772],1,[],64,Standard-strike baseline,standard-strike baseline,0,0,0,0,,False,,False,,False,,False,,,False,,False,2400,2400,last_hit_single,True,2400,2400,0,0,hp_delta,False,False,1,0,2400,0,hit,"[""HP -2400""]",48000,45600,45600,48000,0,960,960,960,960,40690,41801,41801,22444,23277,23277,0,0,0,1.0,1.0,1.0,1.0,False,0,0,0,1,1,1,0x0001 Action 1 > 0x0040 Standing Hitstun > 0x0001 Action 1,hitstun,hitstun,neutral,hitstun > neutral,21,0,0,0,0,0.9882611632347107,0.7304397225379944,1.2977206707000732,0.0,0.0,0.0,0.0,0.0,0.0,-0.2578214406967163,0.0,-0.2578214406967163,0.0,0.0,0.0,-0.18128514289855957,0.0,0.19281601905822754,0.0,0.0,0.0,0.0,False,False,False,False,False,4,source age 0f; current move definition; distance 0.00
6,native_damage_pipeline_plus_snapshot_contact_correlation_v6,2026-07-28T23:57:36Z,146,115,1,97192,97192,next_contact,P1-C2,Joe the Condor,2461448704,27,426,assist attack,P2-C1,Ryu,2457778656,12,live_attack_actor,medium,86.0,0,True,READY,,12,"Mid, Heavy Hit",12,0,,False,[],[12],0,[],258,"Initial actor phase, Spawned-attack core flag (correlated)",spawned-attack core; initial actor phase,0,0,0,2444319996,,False,,False,,False,,False,,,False,,False,640,640,last_hit_single,True,640,640,0,0,hp_delta,False,False,1,0,640,0,hit,"[""HP -640""]",48000,47360,47360,48000,0,256,256,256,256,41801,42162,42162,23277,23499,23499,0,0,0,1.0,1.0,1.0,1.0,False,0,0,0,1,1,1,0x0001 Action 1,neutral,neutral,neutral,neutral,0,0,0,0,0,0.777580201625824,1.249832034111023,1.249832034111023,0.0,0.0,0.0,0.0,0.0,0.0,0.472251832485199,0.0,0.472251832485199,0.0,-8.23036777973175,-6.562090873718262,-8.23036777973175,-6.562090873718262,0.0,0.0,0.0,0.0,0.0,False,False,False,False,False,1,source age 0f; live attack actor; distance 10.53
6,native_damage_pipeline_plus_snapshot_contact_correlation_v6,2026-07-28T23:57:36Z,147,116,1,97193,97196,reaction_complete,P1-C1,Viewtiful Joe,2454108608,17,256,5A,P2-C1,Ryu,2457778656,12,move_definition,high,104.0,0,True,READY,,9,"Mid, Light Hit",9,0,,False,[],[134217729],1,[],64,Standard-strike baseline,standard-strike baseline,0,0,0,0,,False,,False,,False,,False,,,False,,False,640,640,last_hit_single,True,640,640,0,0,hp_delta,False,False,1,0,640,0,hit,"[""HP -640"",""hitstun +12"",""reaction neutral->hitstun""]",47360,46720,46720,48000,256,512,512,256,256,42162,42523,42783,23499,23721,23721,0,0,0,1.0,1.0,1.0,1.0,False,0,0,0,1,64,1,0x0040 Standing Hitstun > 0x0001 Action 1,neutral,hitstun,neutral,hitstun > neutral,12,0,0,0,0,1.249832034111023,1.5395042896270752,1.230620265007019,0.0,0.0,29.745576858520508,0.0,0.0,29.745576858520508,0.28967225551605225,0.0,0.28967225551605225,0.0,0.0,0.0,-0.07049405574798584,6.911127090454102,6.911127090454102,0.0,0.0,0.0,0.0,False,False,False,False,False,4,source age 0f; current move definition; action ID matched; distance 0.00
6,native_damage_pipeline_plus_snapshot_contact_correlation_v6,2026-07-28T23:57:42Z,148,117,1,97205,97223,observation_window,P2-C1,Ryu,2457778656,12,89,Spiral Knockdown,P1-C1,Viewtiful Joe,2454108608,17,unresolved_attacker,low,11.98,0,False,UNKNOWN,,0,"No guard category, No strength tier",0,0,,False,[],[],0,[],0,No property B bits,none,0,0,0,0,,False,,False,,False,,False,,,False,,False,3600,3600,last_hit_single,True,3600,3600,0,0,hp_delta,False,False,1,0,3600,0,hit,"[""HP -3600"",""hitstun +21"",""reaction neutral->hitstun"",""last-hit/action transition""]",46000,42400,46000,46000,0,1440,0,1440,1440,23721,24970,24970,43303,47884,48339,0,0,0,1.0,1.0,1.0,1.0,False,0,0,0,307,1,50,0x0001 Action 1 > 0x0059 Spiral Knockdown > 0x0066 Knockdown Face Up > 0x0071 Get Up Face Up > 0x0001 Action 1 > 0x0003 Action 3 > 0x0134 Action 308 > 0x0001 Action 1 > 0x0100 Action 256 > 0x0002 Action 2 > 0x0109 Action 265 > 0x0032 Air Block,neutral,hitstun,blockstun,hitstun > knockdown > wakeup > hitstun > blockstun,21,0,0,0,0,2.349351406097412,2.8160648345947266,3.9951295852661133,0.0,0.0,0.0,0.0,0.0,0.0,0.46671342849731445,0.0,0.46671342849731445,0.0,-0.016612529754638672,0.0,-0.06800270080566406,0.0,14.773526191711426,0.0,0.0,0.0,0.0,True,False,False,False,False,19,closest opposing fighter at 0.02
6,native_damage_pipeline_plus_snapshot_contact_correlation_v6,2026-07-28T23:57:42Z,149,118,1,97205,97223,observation_window,P1-C1,Viewtiful Joe,2454108608,17,1,Spiral Knockdown,P2-C1,Ryu,2457778656,12,live_attack_actor,high,104.0,0,True,READY,,780,"Mid, Heavy Hit, Spiral knockdown 0x00000300",12,768,"No guard category, No strength tier, Spiral knockdown 0x00000300",False,[768],[780],0,[],262418,"Initial actor phase, Special chip route B, one-eighth damage, Spawned-attack core flag (correlated), Target-acquired / contact-lock state (correlated)",spawned-attack core; target-acquired/contact-lock; initial actor phase; special chip route,0,0,0,2444320416,,False,,False,,False,,False,,,False,,False,3600,3600,last_hit_single,True,3600,3600,0,0,hp_delta,False,False,1,0,3600,0,hit,"[""HP -3600"",""hitstun +21"",""reaction neutral->hitstun""]",48000,44400,48000,48000,0,1440,0,1440,1440,43303,47884,48339,23721,24970,24970,0,0,0,1.0,1.0,1.0,1.0,False,0,0,0,1,1,1,0x0001 Action 1 > 0x0059 Spiral Knockdown > 0x0066 Knockdown Face Up > 0x0071 Get Up Face Up > 0x0001 Action 1,neutral,hitstun,hitstun,hitstun > knockdown > wakeup > hitstun,21,0,0,0,0,2.348616361618042,2.8326773643493652,4.063132286071777,0.0,0.0,0.0,0.0,0.0,0.0,0.48406100273132324,0.0,0.48406100273132324,0.0,0.016612529754638672,0.0,0.06800270080566406,0.0,14.773526191711426,0.0,0.0,0.0,0.0,True,False,False,False,False,19,source age 0f; live attack actor; distance 0.02
6,native_damage_pipeline_plus_snapshot_contact_correlation_v6,2026-07-28T23:57:53Z,150,119,1,97238,97242,next_contact,P2-C2,Zero,2465118752,29,430,assist standby,P1-C1,Viewtiful Joe,2454108608,17,unresolved_attacker,low,1.0,0,False,UNKNOWN,,0,"No guard category, No strength tier",0,0,,False,[],[],0,[],0,No property B bits,none,0,0,0,0,,False,,False,,False,,False,,,False,,False,3600,3600,last_hit_single,True,3600,3600,0,0,hp_delta,False,False,1,0,3600,0,hit,"[""HP -3600""]",46000,42400,42400,46000,0,1440,1440,1440,1440,24970,24970,24970,48729,50000,50000,0,0,0,1.0,1.0,1.0,1.0,False,0,0,0,256,1,113,0x0001 Action 1 > 0x0059 Spiral Knockdown > 0x0066 Knockdown Face Up > 0x0071 Get Up Face Up,hitstun,hitstun,wakeup,hitstun > knockdown > wakeup,21,0,0,0,0,4.471628665924072,4.704431533813477,4.189058780670166,0.0,43.13017654418945,0.0,0.0,43.13017654418945,0.0,0.2328028678894043,43.13017654418945,0.2328028678894043,43.13017654418945,3.2561473846435547,41.283939361572266,2.6972755193710327,-4.522453784942627,45.80639314651489,0.0,0.0,0.0,0.0,True,False,False,False,False,5,closest opposing fighter at 45.09
6,native_damage_pipeline_plus_snapshot_contact_correlation_v6,2026-07-28T23:57:58Z,152,121,1,97253,97253,next_contact,P1-C2,Joe the Condor,2461448704,27,426,assist attack,P2-C1,Ryu,2457778656,12,live_attack_actor,high,104.0,0,True,READY,,12,"Mid, Heavy Hit",12,0,,False,[],[12],0,[],258,"Initial actor phase, Spawned-attack core flag (correlated)",spawned-attack core; initial actor phase,0,0,0,2444320416,,False,,False,,False,,False,,,False,,False,960,960,last_hit_single,True,960,960,0,0,hp_delta,False,False,1,0,960,0,hit,"[""HP -960""]",48000,47040,47040,48000,0,384,384,384,384,50000,50000,50000,24970,25302,25302,0,0,0,1.0,1.0,1.0,1.0,False,0,0,0,1,1,1,0x0001 Action 1,hitstun,hitstun,hitstun,hitstun,21,0,0,0,0,0.806570291519165,0.8103688359260559,0.8103688359260559,0.0,0.0,0.0,0.0,0.0,0.0,0.003798544406890869,0.0,0.003798544406890869,0.0,-1.0920414328575134,0.0,-1.0920414328575134,0.0,0.0,0.0,0.0,0.0,0.0,False,False,False,False,False,1,source age 0f; live attack actor; distance 1.09
6,native_damage_pipeline_plus_snapshot_contact_correlation_v6,2026-07-28T23:57:59Z,153,122,1,97254,97256,next_contact,P1-C1,Viewtiful Joe,2454108608,17,270,6B,P2-C1,Ryu,2457778656,12,move_definition,medium,88.0,0,True,READY,,18,"High, Medium Hit",18,0,,False,[],[134217730],1,[],64,Standard-strike baseline,standard-strike baseline,0,0,0,0,,False,,False,,False,,False,,,False,,False,1280,1280,last_hit_single,True,1280,1280,0,0,hp_delta,False,False,1,0,1280,0,hit,"[""HP -1280"",""last-hit/action transition""]",47040,45760,45760,48000,384,896,896,512,512,50000,50000,50000,25302,25302,25746,0,0,0,1.0,1.0,1.0,1.0,False,0,0,0,1,65,1,0x0041 Overhead Hitstun > 0x0040 Standing Hitstun > 0x0001 Action 1,hitstun,hitstun,neutral,hitstun > neutral,16,0,0,0,0,0.8103688359260559,0.749382734298706,1.4501620531082153,0.0,0.0,46.55876922607422,0.0,0.0,46.55876922607422,-0.060986101627349854,0.0,-0.060986101627349854,0.0,-0.3042593002319336,0.0,0.0003241300582885742,0.3246040344238281,0.3607676029205322,0.0,0.0,0.0,0.0,False,False,False,False,False,3,source age 0f; current move definition; distance 0.30
6,native_damage_pipeline_plus_snapshot_contact_correlation_v6,2026-07-28T23:57:55Z,151,120,1,97243,97261,observation_window,P2-C1,Ryu,2457778656,12,1,idle,P1-C1,Viewtiful Joe,2454108608,17,unresolved_attacker,low,11.94,0,False,UNKNOWN,,0,"No guard category, No strength tier",0,0,,False,[],[],0,[],0,No property B bits,none,0,0,0,0,,False,,False,,False,,False,,,False,,False,1000,3600,last_hit_single,True,1000,3600,0,2600,hp_delta,False,False,1,0,3600,0,hit,"[""HP -1000"",""reaction wakeup->hitstun""]",42400,41400,41400,46000,1440,4600,4600,3160,3160,24970,24970,26592,50000,50000,50000,0,0,0,1.0,1.0,1.0,1.0,False,0,0,0,113,575,266,0x023F Action 575 > 0x0001 Action 1 > 0x0002 Action 2 > 0x0001 Action 1 > 0x0003 Action 3 > 0x0001 Action 1 > 0x0002 Action 2 > 0x010E Action 270 > 0x0101 Action 257 > 0x0144 Action 324 > 0x0001 Action 1 > 0x0014 Action 20 > 0x010A Action 266,wakeup,hitstun,hitstun,hitstun,21,0,0,0,0,4.189058780670166,3.839486598968506,3.8493025302886963,0.0,0.0,0.0,0.0,0.0,0.0,-0.34957218170166016,0.0,-0.34957218170166016,0.0,-0.06161975860595703,0.0,-0.028594493865966797,0.0,10.486711502075195,0.0,0.0,0.0,0.0,False,False,False,False,False,19,closest opposing fighter at 0.06
6,native_damage_pipeline_plus_snapshot_contact_correlation_v6,2026-07-28T23:58:00Z,154,121,2,97257,97273,next_contact,P1-C2,Joe the Condor,2461448704,27,426,assist attack,P2-C1,Ryu,2457778656,12,live_attack_actor,medium,86.0,0,True,READY,,12,"Mid, Heavy Hit",12,0,,False,[],[12],0,[],258,"Initial actor phase, Spawned-attack core flag (correlated)",spawned-attack core; initial actor phase,0,0,0,2444320416,,False,,False,,False,,False,,,False,,False,2440,2440,last_hit_single,True,2440,2440,0,0,hp_delta,False,False,1,0,2440,0,hit,"[""HP -2440"",""hitstun +21"",""reaction neutral->hitstun""]",45760,43320,48000,48000,896,1872,0,976,976,50000,50000,50000,25746,26592,26592,0,0,0,1.0,1.0,1.0,1.0,False,0,0,0,1,1,1,0x0001 Action 1 > 0x0050 Hard Knockdown > 0x0049 Knockdown Face Up > 0x0071 Get Up Face Up > 0x0001 Action 1,neutral,hitstun,hitstun,hitstun > knockdown > wakeup > hitstun,21,0,0,0,0,1.4501620531082153,2.325239896774292,0.9354479908943176,46.55876922607422,2.4715328216552734,0.0,46.55876922607422,2.4715328216552734,0.0,0.8750778436660767,-44.087236404418945,0.8750778436660767,-44.087236404418945,-7.653519868850708,-1.0391099452972412,-10.044193923473358,-5.789072036743164,28.04279899597168,6.561478435993195,8.806363258024668,2.8988461186331946,6.643248357875787,True,False,False,False,False,17,source age 0f; live attack actor; distance 7.72
6,native_damage_pipeline_plus_snapshot_contact_correlation_v6,2026-07-28T23:58:07Z,155,123,1,97274,97274,next_contact,P1-C1,Viewtiful Joe,2454108608,17,256,5A,P2-C1,Ryu,2457778656,12,move_definition_latched,high,100.0,0,True,READY,,9,"Mid, Light Hit",9,0,,False,[],[134217729],1,[],64,Standard-strike baseline,standard-strike baseline,0,0,0,0,,False,,False,,False,,False,,,False,,False,640,640,last_hit_single,True,640,640,0,0,hp_delta,False,False,1,0,640,0,hit,"[""HP -640""]",48000,47360,47360,48000,0,256,256,256,256,50000,50000,50000,26592,26814,26814,0,0,0,1.0,1.0,1.0,1.0,False,0,0,0,1,1,1,0x0001 Action 1,hitstun,hitstun,hitstun,hitstun,21,0,0,0,0,0.9354479908943176,0.8258078694343567,0.8258078694343567,0.0,0.0,0.0,0.0,0.0,0.0,-0.10964012145996094,0.0,-0.10964012145996094,0.0,0.09603655338287354,0.0,0.09603655338287354,0.0,0.0,0.0,0.0,0.0,0.0,False,False,False,False,False,1,source age 0f; current move definition; action ID matched; distance 0.10
6,native_damage_pipeline_plus_snapshot_contact_correlation_v6,2026-07-28T23:58:07Z,156,124,1,97275,97278,reaction_complete,P1-C1,Viewtiful Joe,2454108608,17,256,5A,P2-C1,Ryu,2457778656,12,move_definition,high,100.0,0,True,READY,,9,"Mid, Light Hit",9,0,,False,[],[134217729],1,[],64,Standard-strike baseline,standard-strike baseline,0,0,0,0,,False,,False,,False,,False,,,False,,False,608,608,last_hit_single,True,608,608,0,0,hp_delta,False,False,1,0,608,0,hit,"[""HP -608"",""last-hit/action transition""]",47360,46752,47360,48000,256,500,256,244,244,50000,50000,50000,26814,27024,27246,0,0,0,1.0,1.0,1.0,1.0,False,0,0,0,1,64,1,0x0040 Standing Hitstun > 0x0001 Action 1,hitstun,hitstun,neutral,hitstun > neutral,5,0,0,0,0,0.8258078694343567,1.497818946838379,1.14793062210083,0.0,0.0,0.0,0.0,0.0,0.0,0.6720110774040222,0.0,0.6720110774040222,0.0,0.029149174690246582,0.0,0.13040101528167725,0.0,0.1264704465866089,0.0,0.0,0.0,0.0,False,False,False,False,False,4,source age 0f; current move definition; action ID matched; distance 0.03
6,native_damage_pipeline_plus_snapshot_contact_correlation_v6,2026-07-28T23:58:12Z,157,125,1,97286,97304,observation_window,P2-C2,Zero,2465118752,29,430,assist standby,P1-C2,Joe the Condor,2461448704,27,unresolved_attacker,low,1.08,0,False,UNKNOWN,,0,"No guard category, No strength tier",0,0,,False,[],[],0,[],0,No property B bits,none,0,0,0,0,,False,,False,,False,,False,,,False,,False,4400,,ambiguous_coalesced,False,4400,3600,800,0,hp_delta,False,True,2,0,4400,0,hit,"[""HP -4400""]",44000,39600,39600,44000,0,4400,4400,4400,4400,27246,27246,27522,50000,50000,50000,0,0,0,1.0,1.0,1.0,1.0,False,0,0,0,430,430,1,0x01AE Action 430 > 0x01A2 Action 418 > 0x01A9 Action 425 > 0x0001 Action 1,hitstun,hitstun,hitstun,hitstun,21,0,0,0,0,12.333937644958496,30.7893009185791,0.8402299880981445,5.537120342254639,5.537579536437988,0.0,5.537120342254639,5.537579536437988,0.0,18.455363273620605,0.0004591941833496094,18.455363273620605,0.0004591941833496094,9.411893844604492,5.528025350533426,-8.561530113220215,-5.859092712402344,88.58218717575073,0.0,0.0,0.0,0.0,False,False,False,False,False,19,closest opposing fighter at 10.92
6,native_damage_pipeline_plus_snapshot_contact_correlation_v6,2026-07-28T23:58:12Z,158,126,1,97287,97305,observation_window,P1-C2,Joe the Condor,2461448704,27,426,assist attack,P2-C1,Ryu,2457778656,12,live_attack_actor,medium,78.25,1,True,READY,,12,"Mid, Heavy Hit",12,0,,False,[],[12],0,[],258,"Initial actor phase, Spawned-attack core flag (correlated)",spawned-attack core; initial actor phase,0,0,0,2444320416,,False,,False,,False,,False,,,False,,False,800,800,last_hit_single,True,800,800,0,0,hp_delta,False,False,1,0,800,0,hit,"[""HP -800""]",48000,47200,48000,48000,0,320,0,320,320,50000,50000,50000,27246,27522,27522,0,0,0,1.0,1.0,1.0,1.0,False,0,0,0,1,1,1,0x0001 Action 1 > 0x0059 Spiral Knockdown > 0x0066 Knockdown Face Up > 0x0071 Get Up Face Up > 0x0001 Action 1,neutral,neutral,hitstun,neutral > knockdown > wakeup > hitstun,21,0,0,0,0,30.78873062133789,1.0554633140563965,0.9126957058906555,5.519263744354248,41.472938537597656,0.0,5.519263744354248,41.472938537597656,0.0,-29.733267307281494,35.95367479324341,-29.733267307281494,35.95367479324341,0.0,0.0,0.0,0.0,13.55401611328125,0.0,0.0,0.0,0.0,True,False,False,False,False,19,source age 1f; live attack actor
6,native_damage_pipeline_plus_snapshot_contact_correlation_v6,2026-07-28T23:58:23Z,159,127,1,97318,97336,observation_window,P1-C2,Joe the Condor,2461448704,27,418,Tag In,P2-C1,Ryu,2457778656,12,move_definition_latched,medium,88.0,0,True,READY,,12,"Mid, Heavy Hit",12,768,"No guard category, No strength tier, Spiral knockdown 0x00000300",False,[768],[772],1,[],64,Standard-strike baseline,standard-strike baseline,0,0,0,0,,False,,False,,False,,False,,,False,,False,3600,3600,last_hit_single,True,3600,3600,0,0,hp_delta,False,False,1,0,3600,0,hit,"[""HP -3600""]",48000,44400,48000,48000,0,1440,0,1440,1440,50000,50000,50000,27522,28771,28771,0,0,0,1.0,1.0,1.0,1.0,False,0,0,0,1,1,1,0x0001 Action 1 > 0x0059 Spiral Knockdown > 0x0066 Knockdown Face Up > 0x0071 Get Up Face Up > 0x0001 Action 1,hitstun,hitstun,hitstun,hitstun > knockdown > wakeup > hitstun,21,0,0,0,0,0.8899469971656799,0.9896313548088074,0.9832466840744019,0.0,0.0,0.0,0.0,0.0,0.0,0.09968435764312744,0.0,0.09968435764312744,0.0,0.014176368713378906,0.0,0.0,0.0,0.025597214698791504,0.0,0.0,0.0,0.0,True,False,False,False,False,19,source age 0f; current move definition; distance 0.01
6,native_damage_pipeline_plus_snapshot_contact_correlation_v6,2026-07-28T23:58:57Z,160,128,1,97470,97481,next_contact,P1-C1,Viewtiful Joe,2454108608,17,426,assist attack,P2-C1,Ryu,2457778656,12,live_attack_actor,medium,80.0,0,True,READY,,9,"Mid, Light Hit",9,0,,False,[],[9],0,[],262418,"Initial actor phase, Special chip route B, one-eighth damage, Spawned-attack core flag (correlated), Target-acquired / contact-lock state (correlated)",spawned-attack core; target-acquired/contact-lock; initial actor phase; special chip route,0,0,4096,2444319996,,False,,False,,False,,False,,,False,,False,3600,3600,last_hit_single,True,3600,3600,0,0,hp_delta,False,False,1,0,3600,0,hit,"[""HP -3600""]",48000,44400,48000,48000,0,1440,0,1440,1440,50000,50000,50000,28771,30020,30020,0,0,0,1.0,1.0,1.0,1.0,False,0,0,0,1,1,1,0x0001 Action 1 > 0x0059 Spiral Knockdown > 0x0066 Knockdown Face Up > 0x0001 Action 1,hitstun,hitstun,hitstun,hitstun > knockdown > hitstun,21,0,0,0,0,3.3806748390197754,3.469093084335327,3.81492018699646,0.0,35.234703063964844,0.0,0.0,35.234703063964844,0.0,0.08841824531555176,35.234703063964844,0.08841824531555176,35.234703063964844,-7.89684796333313,33.08043432235718,-5.651152849197388,-6.022925853729248,53.924983501434326,0.0,0.0,0.0,0.0,True,False,False,False,False,12,source age 0f; live attack actor
6,native_damage_pipeline_plus_snapshot_contact_correlation_v6,2026-07-28T23:59:02Z,161,129,1,97482,97500,observation_window,P1-C1,Viewtiful Joe,2454108608,17,426,assist attack,P2-C1,Ryu,2457778656,12,live_attack_actor,medium,78.25,1,True,READY,,9,"Mid, Light Hit",9,0,,False,[],[9],0,[],262418,"Initial actor phase, Special chip route B, one-eighth damage, Spawned-attack core flag (correlated), Target-acquired / contact-lock state (correlated)",spawned-attack core; target-acquired/contact-lock; initial actor phase; special chip route,0,0,4096,2444320836,,False,,False,,False,,False,,,False,,False,3600,3600,last_hit_single,True,3600,3600,0,0,hp_delta,False,False,1,0,3600,0,hit,"[""HP -3600""]",48000,44400,48000,48000,0,1440,0,1440,1440,50000,50000,50000,30020,31269,31269,0,0,0,1.0,1.0,1.0,1.0,False,0,0,0,1,1,1,0x0001 Action 1 > 0x0059 Spiral Knockdown > 0x0066 Knockdown Face Up > 0x0071 Get Up Face Up > 0x0001 Action 1,hitstun,hitstun,hitstun,hitstun > knockdown > wakeup > hitstun,21,0,0,0,0,3.81492018699646,4.173558712005615,3.4991259574890137,0.0,44.48946762084961,0.0,0.0,44.48946762084961,0.0,0.3586385250091553,44.48946762084961,0.3586385250091553,44.48946762084961,-5.563884258270264,43.09920048713684,-5.956421375274658,-6.025543689727783,49.124744176864624,0.0,0.0,0.0,0.0,True,False,False,False,False,19,source age 1f; live attack actor
6,native_damage_pipeline_plus_snapshot_contact_correlation_v6,2026-07-28T23:59:31Z,162,130,1,97583,97587,next_contact,P1-C1,Viewtiful Joe,2454108608,17,426,assist attack,P2-C1,Ryu,2457778656,12,live_attack_actor,medium,80.0,0,True,READY,,9,"Mid, Light Hit",9,0,,False,[],[9],0,[],262418,"Initial actor phase, Special chip route B, one-eighth damage, Spawned-attack core flag (correlated), Target-acquired / contact-lock state (correlated)",spawned-attack core; target-acquired/contact-lock; initial actor phase; special chip route,0,0,4096,2444319996,,False,,False,,False,,False,,,False,,False,3600,3600,last_hit_single,True,3600,3600,0,0,hp_delta,False,False,1,0,3600,0,hit,"[""HP -3600""]",48000,44400,44400,48000,0,1440,1440,1440,1440,50000,50000,50000,31269,32518,32518,0,0,0,1.0,1.0,1.0,1.0,False,0,0,0,1,1,113,0x0001 Action 1 > 0x0059 Spiral Knockdown > 0x0066 Knockdown Face Up > 0x0071 Get Up Face Up,hitstun,hitstun,wakeup,hitstun > knockdown > wakeup,21,0,0,0,0,4.755507946014404,4.601389408111572,3.947845935821533,0.0,40.85128402709961,0.0,0.0,40.85128402709961,0.0,-0.15411853790283203,40.85128402709961,-0.15411853790283203,40.85128402709961,-5.13734769821167,39.68214166164398,-5.513790607452393,-6.028164386749268,45.71030604839325,0.0,0.0,0.0,0.0,True,False,False,False,False,5,source age 0f; live attack actor
6,native_damage_pipeline_plus_snapshot_contact_correlation_v6,2026-07-28T23:59:37Z,163,131,1,97588,97591,reaction_complete,P1-C2,Joe the Condor,2461448704,27,307,Savage Shot Ground A,P2-C1,Ryu,2457778656,12,live_attack_actor,high,102.25,1,True,READY,,12,"Mid, Heavy Hit",12,0,,False,[],[12],0,[],258,"Initial actor phase, Spawned-attack core flag (correlated)",spawned-attack core; initial actor phase,0,0,0,2444319156,,False,,False,,False,,False,,,False,,False,0,665,last_hit_single,True,0,665,0,0,last_hit_state_candidate,True,False,1,0,665,0,state-only hit candidate,"[""last-hit changed without HP delta"",""reaction wakeup->hitstun"",""last-hit/action transition""]",44400,46635,48000,48000,1440,546,0,-894,0,50000,50000,50000,32518,32989,32989,0,0,0,1.0,1.0,1.0,1.0,False,0,0,0,113,1,1,0x0001 Action 1 > 0x0040 Standing Hitstun > 0x0001 Action 1,wakeup,hitstun,neutral,hitstun > neutral,21,0,0,0,0,3.947845935821533,1.7066248655319214,1.7471075057983398,0.0,0.0,39.078853607177734,0.0,0.0,39.078853607177734,-2.241221070289612,0.0,-2.241221070289612,0.0,0.04061746597290039,0.0,0.0,0.0,0.08276283740997314,0.0,0.0,0.0,0.0,False,False,False,True,False,4,source age 1f; live attack actor; distance 0.04
6,native_damage_pipeline_plus_snapshot_contact_correlation_v6,2026-07-28T23:59:41Z,164,132,1,97592,97594,reaction_complete,P1-C1,Viewtiful Joe,2454108608,17,426,assist attack,P2-C1,Ryu,2457778656,12,live_attack_actor,medium,80.0,0,True,READY,,9,"Mid, Light Hit",9,0,,False,[],[9],0,[],262418,"Initial actor phase, Special chip route B, one-eighth damage, Spawned-attack core flag (correlated), Target-acquired / contact-lock state (correlated)",spawned-attack core; target-acquired/contact-lock; initial actor phase; special chip route,0,0,4096,2444319996,,False,,False,,False,,False,,,False,,False,920,920,last_hit_single,True,920,920,0,0,hp_delta,False,False,1,0,920,0,hit,"[""HP -920""]",48000,47080,48000,48000,0,368,0,368,368,50000,50000,50000,32989,33307,33307,0,0,0,1.0,1.0,1.0,1.0,False,0,0,0,1,1,1,0x0001 Action 1,neutral,neutral,neutral,neutral,0,0,0,0,0,1.7471075057983398,0.7800558805465698,1.0574144124984741,39.078853607177734,48.28389358520508,0.0,39.078853607177734,48.28389358520508,0.0,-0.96705162525177,9.205039978027344,-0.96705162525177,9.205039978027344,-7.279947400093079,43.10964870452881,-6.528736233711243,-5.110381126403809,48.22118282318115,0.0,0.0,0.0,0.0,False,False,False,False,False,3,source age 0f; live attack actor
6,native_damage_pipeline_plus_snapshot_contact_correlation_v6,2026-07-28T23:59:42Z,165,133,1,97595,97595,next_contact,P1-C2,Joe the Condor,2461448704,27,256,5A,P2-C1,Ryu,2457778656,12,move_definition,high,100.0,0,True,READY,,33,"Low, Light Hit",33,0,,False,[],[134217729],1,[],64,Standard-strike baseline,standard-strike baseline,0,0,0,0,,False,,False,,False,,False,,,False,,False,920,920,last_hit_single,True,920,920,0,0,hp_delta,False,False,1,0,920,0,hit,"[""HP -920"",""hitstun +12"",""reaction neutral->hitstun""]",48000,47080,47080,48000,0,368,368,368,368,50000,50000,50000,33307,33625,33625,0,0,0,1.0,1.0,1.0,1.0,False,0,0,0,1,1,1,0x0001 Action 1,neutral,hitstun,hitstun,hitstun,12,0,0,0,0,1.0574144124984741,1.0944925546646118,1.0944925546646118,0.0,0.0,0.0,0.0,0.0,0.0,0.037078142166137695,0.0,0.037078142166137695,0.0,0.014300346374511719,0.0,0.014300346374511719,0.0,0.0,0.0,0.0,0.0,0.0,False,False,False,False,False,1,source age 0f; current move definition; action ID matched; distance 0.01
6,native_damage_pipeline_plus_snapshot_contact_correlation_v6,2026-07-28T23:59:43Z,166,133,2,97596,97599,reaction_complete,P1-C2,Joe the Condor,2461448704,27,256,5A,P2-C1,Ryu,2457778656,12,move_definition,high,100.0,0,True,READY,,33,"Low, Light Hit",33,0,,False,[],[134217729],1,[],64,Standard-strike baseline,standard-strike baseline,0,0,0,0,,False,,False,,False,,False,,,False,,False,920,920,last_hit_single,True,920,920,0,0,hp_delta,False,False,1,0,920,0,hit,"[""HP -920""]",47080,46160,47660,48000,368,736,0,368,368,50000,50000,50000,33625,33943,33943,0,0,0,1.0,1.0,1.0,1.0,False,0,0,0,1,66,1,0x0042 Low Hitstun > 0x0001 Action 1,hitstun,hitstun,neutral,hitstun > neutral,0,0,0,0,0,1.0944925546646118,1.6802572011947632,1.6600775718688965,0.0,0.0,0.0,0.0,0.0,0.0,0.5857646465301514,0.0,0.5857646465301514,0.0,0.05831706523895264,0.0,0.0,0.0,0.05831706523895264,0.04401671886444092,0.5417479276657104,0.5857646465301514,0.04401671886444092,False,False,False,False,False,4,source age 0f; current move definition; action ID matched; distance 0.06
6,native_damage_pipeline_plus_snapshot_contact_correlation_v6,2026-07-28T23:59:50Z,167,134,1,97615,97615,next_contact,P1-C2,Joe the Condor,2461448704,27,256,5A,P2-C1,Ryu,2457778656,12,move_definition_latched,medium,88.0,0,True,READY,,33,"Low, Light Hit",33,0,,False,[],[134217729],1,[],64,Standard-strike baseline,standard-strike baseline,0,0,0,0,,False,,False,,False,,False,,,False,,False,1480,1480,last_hit_single,True,1480,1480,0,0,hp_delta,False,False,1,0,1480,0,hit,"[""HP -1480""]",48000,46520,46520,48000,0,592,592,592,592,50000,50000,50000,33943,34456,34456,0,0,0,1.0,1.0,1.0,1.0,False,0,0,0,1,1,1,0x0001 Action 1,neutral,neutral,neutral,neutral,0,0,0,0,0,0.6192440390586853,0.5591878890991211,0.5591878890991211,0.0,0.0,0.0,0.0,0.0,0.0,-0.06005614995956421,0.0,-0.06005614995956421,0.0,0.0,0.0,0.0,0.0,0.0,0.0,0.0,0.0,0.0,False,False,False,False,False,1,source age 0f; current move definition; distance 0.00
6,native_damage_pipeline_plus_snapshot_contact_correlation_v6,2026-07-28T23:59:51Z,168,135,1,97616,97616,next_contact,P1-C2,Joe the Condor,2461448704,27,260,2B,P2-C1,Ryu,2457778656,12,move_definition,high,100.0,0,True,READY,,10,"Mid, Medium Hit",10,0,,False,[],[134217730],2,"[1,2]",64,Standard-strike baseline,standard-strike baseline,10,64,0,0,,False,,False,,False,,False,,,False,,False,665,665,last_hit_single,True,665,665,0,0,hp_delta,False,False,1,0,665,0,hit,"[""HP -665"",""hitstun +11"",""reaction neutral->hitstun"",""last-hit/action transition""]",46520,45855,45855,48000,592,858,858,266,266,50000,50000,50000,34456,34686,34686,0,0,0,1.0,1.0,1.0,1.0,False,0,0,0,1,64,64,0x0040 Standing Hitstun,neutral,hitstun,hitstun,hitstun,11,0,0,0,0,0.5591878890991211,0.6392883658409119,0.6392883658409119,0.0,0.0,0.0,0.0,0.0,0.0,0.08010047674179077,0.0,0.08010047674179077,0.0,0.0,0.0,0.0,0.0,0.0,0.0,0.0,0.0,0.0,False,False,False,False,False,1,source age 0f; current move definition; action ID matched; distance 0.00
6,native_damage_pipeline_plus_snapshot_contact_correlation_v6,2026-07-28T23:59:52Z,169,135,2,97617,97620,reaction_complete,P1-C2,Joe the Condor,2461448704,27,260,2B,P2-C1,Ryu,2457778656,12,move_definition,high,100.0,0,True,READY,,10,"Mid, Medium Hit",10,0,,False,[],[134217730],2,"[1,2]",64,Standard-strike baseline,standard-strike baseline,10,64,0,0,,False,,False,,False,,False,,,False,,False,630,630,last_hit_single,True,630,630,0,0,hp_delta,False,False,1,0,630,0,hit,"[""HP -630"",""hitstun +2""]",45855,45225,48000,48000,858,1110,0,252,252,50000,50000,50000,34686,34904,34904,0,0,0,1.0,1.0,1.0,1.0,False,0,0,0,64,64,1,0x0040 Standing Hitstun > 0x0001 Action 1,hitstun,hitstun,neutral,hitstun > neutral,13,0,0,0,0,0.6392883658409119,1.6563714742660522,1.3393352031707764,0.0,0.0,67.8569564819336,0.0,0.0,67.8569564819336,1.0170831084251404,0.0,1.0170831084251404,0.0,0.0,0.0,0.001992464065551758,-0.43480682373046875,5.784549713134766,0.0,1.0170831084251404,1.0170831084251404,0.0,False,False,False,False,False,4,source age 0f; current move definition; action ID matched; distance 0.00
6,native_damage_pipeline_plus_snapshot_contact_correlation_v6,2026-07-28T23:59:54Z,170,136,1,97627,97630,reaction_complete,P1-C2,Joe the Condor,2461448704,27,260,2B,P2-C1,Ryu,2457778656,12,move_definition_latched,medium,88.0,0,True,READY,,10,"Mid, Medium Hit",10,0,,False,[],[134217730],2,"[1,2]",64,Standard-strike baseline,standard-strike baseline,10,64,0,0,,False,,False,,False,,False,,,False,,False,720,720,last_hit_single,True,720,720,0,0,hp_delta,False,False,1,0,720,0,hit,"[""HP -720""]",48000,47280,47280,48000,0,288,288,288,288,50000,50000,50000,34904,34904,35153,0,0,0,1.0,1.0,1.0,1.0,False,0,0,0,1,1,1,0x0001 Action 1 > 0x0042 Low Hitstun > 0x0001 Action 1,neutral,neutral,neutral,neutral > hitstun > neutral,7,0,0,0,0,0.6874929666519165,1.1926753520965576,1.9679430723190308,0.0,0.0,29.881196975708008,0.0,0.0,29.881196975708008,0.5051823854446411,0.0,0.5051823854446411,0.0,0.06391870975494385,0.0,0.04131150245666504,-1.8567180633544922,10.223702430725098,0.0,0.0,0.0,0.0,False,False,False,False,False,4,source age 0f; current move definition; distance 0.06
6,native_damage_pipeline_plus_snapshot_contact_correlation_v6,2026-07-29T00:00:02Z,171,137,1,97643,97655,next_contact,P1-C2,Joe the Condor,2461448704,27,311,Battering Ram B,P2-C1,Ryu,2457778656,12,move_definition,high,100.0,0,True,READY,,12,"Mid, Heavy Hit",12,2048,"No guard category, No strength tier, Stagger 0x00000800",False,[2048],[2052],1,[],262208,"Standard-strike baseline, Special chip route B, one-eighth damage",standard-strike baseline; special chip route,0,0,0,0,,False,,False,,False,,False,,,False,,False,2800,2800,last_hit_single,True,2800,2800,0,0,hp_delta,False,False,1,0,2800,0,hit,"[""HP -2800""]",48000,45200,48000,48000,0,1120,0,1120,1120,50000,50000,50000,35153,36124,36124,0,0,0,1.0,1.0,1.0,1.0,False,0,0,0,1,1,1,0x0001 Action 1 > 0x004F Stagger > 0x0001 Action 1,neutral,neutral,hitstun,neutral > hitstun,21,0,0,0,0,1.658486008644104,1.0430346727371216,2.1079399585723877,0.0,0.0,0.0,0.0,0.0,0.0,-0.6154513359069824,0.0,-0.6154513359069824,0.0,0.0,0.0,0.0,0.0,0.17957496643066406,0.0,0.0,0.0,0.0,False,False,False,True,False,13,source age 0f; current move definition; action ID matched; distance 0.00
6,native_damage_pipeline_plus_snapshot_contact_correlation_v6,2026-07-29T00:00:07Z,172,138,1,97656,97666,reaction_complete,P1-C2,Joe the Condor,2461448704,27,307,Savage Shot Ground A,P2-C1,Ryu,2457778656,12,live_attack_actor,medium,80.0,0,True,READY,,12,"Mid, Heavy Hit",12,0,,False,[],[12],0,[],258,"Initial actor phase, Spawned-attack core flag (correlated)",spawned-attack core; initial actor phase,0,0,0,2444320416,,False,,False,,False,,False,,,False,,False,3600,3600,last_hit_single,True,3600,3600,0,0,hp_delta,False,False,1,0,3600,0,hit,"[""HP -3600""]",48000,44400,48000,48000,0,1440,0,1440,1440,50000,50000,50000,36124,37373,37691,0,0,0,1.0,1.0,1.0,1.0,False,0,0,0,1,1,1,0x0001 Action 1 > 0x0059 Spiral Knockdown > 0x0066 Knockdown Face Up > 0x0071 Get Up Face Up > 0x0001 Action 1 > 0x0042 Low Hitstun > 0x0001 Action 1,hitstun,hitstun,neutral,hitstun > knockdown > wakeup > hitstun > neutral,21,0,0,0,0,2.1079399585723877,2.228489875793457,2.0202438831329346,0.0,61.100990295410156,0.0,0.0,61.100990295410156,0.0,0.12054991722106934,61.100990295410156,0.12054991722106934,61.100990295410156,-0.06327581405639648,0.6545982360839844,-0.02720355987548828,0.0,12.653724670410156,0.0,0.0,0.0,0.0,True,False,False,False,False,11,source age 0f; live attack actor
6,native_damage_pipeline_plus_snapshot_contact_correlation_v6,2026-07-29T00:00:16Z,173,139,1,97680,97680,next_contact,P1-C2,Joe the Condor,2461448704,27,307,Savage Shot Ground A,P2-C1,Ryu,2457778656,12,live_attack_actor,high,104.0,0,True,READY,,12,"Mid, Heavy Hit",12,0,,False,[],[12],0,[],258,"Initial actor phase, Spawned-attack core flag (correlated)",spawned-attack core; initial actor phase,0,0,0,2444319156,,False,,False,,False,,False,,,False,,False,920,920,last_hit_single,True,920,920,0,0,hp_delta,False,False,1,0,920,0,hit,"[""HP -920""]",48000,47080,47080,48000,0,368,368,368,368,50000,50000,50000,37691,38009,38009,0,0,0,1.0,1.0,1.0,1.0,False,0,0,0,1,1,1,0x0001 Action 1,neutral,neutral,neutral,neutral,0,0,0,0,0,1.0695691108703613,1.5685760974884033,1.5685760974884033,0.0,0.0,0.0,0.0,0.0,0.0,0.499006986618042,0.0,0.499006986618042,0.0,0.006487250328063965,0.0,0.006487250328063965,0.0,0.0,0.0,0.0,0.0,0.0,False,False,False,False,False,1,source age 0f; live attack actor; distance 0.01
6,native_damage_pipeline_plus_snapshot_contact_correlation_v6,2026-07-29T00:00:17Z,174,139,2,97681,97683,reaction_complete,P1-C2,Joe the Condor,2461448704,27,307,Savage Shot Ground A,P2-C1,Ryu,2457778656,12,live_attack_actor,high,104.0,0,True,READY,,12,"Mid, Heavy Hit",12,0,,False,[],[12],0,[],258,"Initial actor phase, Spawned-attack core flag (correlated)",spawned-attack core; initial actor phase,0,0,0,2444319156,,False,,False,,False,,False,,,False,,False,920,920,last_hit_single,True,920,920,0,0,hp_delta,False,False,1,0,920,0,hit,"[""HP -920"",""hitstun +9"",""reaction neutral->hitstun""]",47080,46160,47660,48000,368,736,0,368,368,50000,50000,50000,38009,38327,38327,0,0,0,1.0,1.0,1.0,1.0,False,0,0,0,1,1,1,0x0001 Action 1,neutral,hitstun,neutral,hitstun > neutral,9,0,0,0,0,1.5685760974884033,1.8211238384246826,1.6266231536865234,0.0,0.0,0.0,0.0,0.0,0.0,0.2525477409362793,0.0,0.2525477409362793,0.0,0.009930014610290527,0.0,-0.016131877899169922,0.0,0.08777773380279541,0.0034427642822265625,0.24910497665405273,0.2525477409362793,0.0034427642822265625,False,False,False,False,False,3,source age 0f; live attack actor; distance 0.01
6,native_damage_pipeline_plus_snapshot_contact_correlation_v6,2026-07-29T00:00:19Z,175,140,1,97686,97688,reaction_complete,P1-C2,Joe the Condor,2461448704,27,307,Savage Shot Ground A,P2-C1,Ryu,2457778656,12,live_attack_actor,high,104.0,0,True,READY,,12,"Mid, Heavy Hit",12,0,,False,[],[12],0,[],258,"Initial actor phase, Spawned-attack core flag (correlated)",spawned-attack core; initial actor phase,0,0,0,2444319156,,False,,False,,False,,False,,,False,,False,920,920,last_hit_single,True,920,920,0,0,hp_delta,False,False,1,0,920,0,hit,"[""HP -920"",""hitstun +12"",""reaction neutral->hitstun""]",48000,47080,47080,48000,0,368,368,368,368,50000,50000,50000,38327,38645,38645,0,0,0,1.0,1.0,1.0,1.0,False,0,0,0,1,1,1,0x0001 Action 1,neutral,hitstun,neutral,hitstun > neutral,12,0,0,0,0,1.3145653009414673,1.616392731666565,1.8491287231445312,0.0,0.0,0.0,0.0,0.0,0.0,0.30182743072509766,0.0,0.30182743072509766,0.0,-0.0005270242691040039,0.0,0.0,0.0,0.0005270242691040039,0.0,0.0,0.0,0.0,False,False,False,False,False,3,source age 0f; live attack actor; distance 0.00
6,native_damage_pipeline_plus_snapshot_contact_correlation_v6,2026-07-29T00:00:27Z,176,141,1,97706,97710,reaction_complete,P1-C2,Joe the Condor,2461448704,27,257,5B,P2-C1,Ryu,2457778656,12,move_definition,high,100.0,0,True,READY,,10,"Mid, Medium Hit",10,0,,False,[],[134217730],1,[],64,Standard-strike baseline,standard-strike baseline,0,0,0,0,,False,,False,,False,,False,,,False,,False,1480,1480,last_hit_single,True,1480,1480,0,0,hp_delta,False,False,1,0,1480,0,hit,"[""HP -1480""]",48000,46520,47020,48000,0,592,92,592,592,50000,50000,50000,38645,39158,39158,0,0,0,1.0,1.0,1.0,1.0,False,0,0,0,1,1,1,0x0001 Action 1 > 0x0040 Standing Hitstun > 0x0001 Action 1,neutral,neutral,neutral,neutral > hitstun > neutral,17,0,0,0,0,0.7716591954231262,0.5599957704544067,1.6309782266616821,0.0,0.0,0.0,0.0,0.0,0.0,-0.21166342496871948,0.0,-0.21166342496871948,0.0,0.0,0.0,0.005983710289001465,0.0,0.011833429336547852,0.0,0.0,0.0,0.0,False,False,False,False,False,5,source age 0f; current move definition; action ID matched; distance 0.00
6,native_damage_pipeline_plus_snapshot_contact_correlation_v6,2026-07-29T00:00:41Z,177,142,1,97761,97779,observation_window,P1-C1,Viewtiful Joe,2454108608,17,426,assist attack,P2-C1,Ryu,2457778656,12,live_attack_actor,medium,80.0,0,True,READY,,9,"Mid, Light Hit",9,0,,False,[],[9],0,[],262418,"Initial actor phase, Special chip route B, one-eighth damage, Spawned-attack core flag (correlated), Target-acquired / contact-lock state (correlated)",spawned-attack core; target-acquired/contact-lock; initial actor phase; special chip route,0,0,4096,2444319156,,False,,False,,False,,False,,,False,,False,3600,3600,last_hit_single,True,3600,3600,0,0,hp_delta,False,False,1,0,3600,0,hit,"[""HP -3600""]",48000,44400,48000,48000,0,1440,0,1440,1440,50000,50000,50000,39158,40407,40407,0,0,0,1.0,1.0,1.0,1.0,False,0,0,0,1,32,1,0x0020 Action 32 > 0x0059 Spiral Knockdown > 0x0066 Knockdown Face Up > 0x0071 Get Up Face Up > 0x0001 Action 1,neutral,neutral,hitstun,neutral > knockdown > wakeup > hitstun,21,0,0,0,0,0.7141284942626953,1.378722071647644,2.9829397201538086,37.66767120361328,69.32905578613281,0.0,37.66767120361328,69.32905578613281,0.0,0.6645935773849487,31.66138458251953,0.6645935773849487,31.66138458251953,-6.356805443763733,69.10966089367867,-5.002250671386719,-5.471792697906494,76.29564678668976,0.0,0.0,0.0,0.0,True,False,False,False,False,19,source age 0f; live attack actor
6,native_damage_pipeline_plus_snapshot_contact_correlation_v6,2026-07-29T00:00:59Z,178,143,1,97818,97836,observation_window,P1-C1,Viewtiful Joe,2454108608,17,426,assist attack,P2-C1,Ryu,2457778656,12,live_attack_actor,medium,80.0,0,True,READY,,9,"Mid, Light Hit",9,0,,False,[],[9],0,[],262418,"Initial actor phase, Special chip route B, one-eighth damage, Spawned-attack core flag (correlated), Target-acquired / contact-lock state (correlated)",spawned-attack core; target-acquired/contact-lock; initial actor phase; special chip route,0,0,4096,2444320416,,False,,False,,False,,False,,,False,,False,3600,3600,last_hit_single,True,3600,3600,0,0,hp_delta,False,False,1,0,3600,0,hit,"[""HP -3600""]",48000,44400,48000,48000,0,1440,0,1440,1440,50000,50000,50000,40407,41656,41656,0,0,0,1.0,1.0,1.0,1.0,False,0,0,0,1,1,1,0x0001 Action 1 > 0x0059 Spiral Knockdown > 0x0066 Knockdown Face Up > 0x0071 Get Up Face Up > 0x0001 Action 1,hitstun,hitstun,hitstun,hitstun > knockdown > wakeup > hitstun,21,0,0,0,0,3.288403272628784,3.479346752166748,4.121456623077393,0.0,38.31264114379883,0.0,0.0,38.31264114379883,0.0,0.19094347953796387,38.31264114379883,0.19094347953796387,38.31264114379883,-5.771678447723389,32.840848445892334,-5.117146968841553,-5.473949909210205,51.789941906929016,0.0,0.0,0.0,0.0,True,False,False,False,False,19,source age 0f; live attack actor
6,native_damage_pipeline_plus_snapshot_contact_correlation_v6,2026-07-29T00:01:11Z,180,145,1,97850,97855,next_contact,P1-C1,Viewtiful Joe,2454108608,17,426,assist attack,P2-C1,Ryu,2457778656,12,live_attack_actor,medium,76.5,2,True,READY,,9,"Mid, Light Hit",9,0,,False,[],[9],0,[],262418,"Initial actor phase, Special chip route B, one-eighth damage, Spawned-attack core flag (correlated), Target-acquired / contact-lock state (correlated)",spawned-attack core; target-acquired/contact-lock; initial actor phase; special chip route,0,0,4096,2444320416,,False,,False,,False,,False,,,False,,False,800,800,last_hit_single,True,800,800,0,0,hp_delta,False,False,1,0,800,0,hit,"[""HP -800""]",48000,47200,47200,48000,0,320,320,320,320,50000,50000,50000,41656,41932,41932,0,0,0,1.0,1.0,1.0,1.0,False,0,0,0,1,1,1,0x0001 Action 1 > 0x0059 Spiral Knockdown > 0x0066 Knockdown Face Up > 0x0071 Get Up Face Up > 0x0001 Action 1,hitstun,hitstun,hitstun,hitstun > knockdown > wakeup > hitstun,21,0,0,0,0,1.1963924169540405,0.21953235566616058,0.7322335243225098,24.345478057861328,83.58948516845703,0.0,24.345478057861328,83.58948516845703,0.0,-0.9768600612878799,59.2440071105957,-0.9768600612878799,59.2440071105957,0.10998144000768661,-1.4948654174804688,-0.01381075382232666,0.0,1.4948654174804688,0.0,0.0,0.0,0.0,True,False,False,True,False,6,source age 2f; live attack actor
6,native_damage_pipeline_plus_snapshot_contact_correlation_v6,2026-07-29T00:01:13Z,181,146,1,97856,97859,reaction_complete,P1-C1,Viewtiful Joe,2454108608,17,426,assist attack,P2-C1,Ryu,2457778656,12,live_attack_actor,high,90.0,8,True,READY,,9,"Mid, Light Hit",9,0,,False,[],[9],0,[],262418,"Initial actor phase, Special chip route B, one-eighth damage, Spawned-attack core flag (correlated), Target-acquired / contact-lock state (correlated)",spawned-attack core; target-acquired/contact-lock; initial actor phase; special chip route,0,0,4096,2444320416,,False,,False,,False,,False,,,False,,False,2400,2400,last_hit_single,True,2400,2400,0,0,hp_delta,False,False,1,0,2400,0,hit,"[""HP -2400""]",47200,44800,48000,48000,320,1280,0,960,960,50000,50000,50000,41932,42765,42765,0,0,0,1.0,1.0,1.0,1.0,False,0,0,0,1,1,1,0x0001 Action 1 > 0x0040 Standing Hitstun > 0x0001 Action 1,hitstun,hitstun,neutral,hitstun > neutral,18,0,0,0,0,0.7322335243225098,1.539706826210022,1.7427806854248047,0.0,0.0,0.0,0.0,0.0,0.0,0.8074733018875122,0.0,0.8074733018875122,0.0,-0.03677535057067871,0.0,-0.0006921291351318359,0.0,0.03623795509338379,0.0,0.0,0.0,0.0,False,False,False,False,False,4,source age 8f; live attack actor; distance 0.04
6,native_damage_pipeline_plus_snapshot_contact_correlation_v6,2026-07-29T00:01:10Z,179,144,1,97848,97866,observation_window,P2-C1,Ryu,2457778656,12,1,idle,P1-C1,Viewtiful Joe,2454108608,17,unresolved_attacker,low,1.09,0,False,UNKNOWN,,0,"No guard category, No strength tier",0,0,,False,[],[],0,[],0,No property B bits,none,0,0,0,0,,False,,False,,False,,False,,,False,,False,4600,,ambiguous_coalesced,False,4600,3600,1000,0,hp_delta,False,True,2,0,4600,0,hit,"[""HP -4600""]",46000,41400,41400,46000,0,4600,4600,4600,4600,41656,41656,42765,50000,50000,50000,0,0,0,1.0,1.0,1.0,1.0,False,0,0,0,430,430,1,0x01AE Action 430 > 0x01A2 Action 418 > 0x01A9 Action 425 > 0x0001 Action 1 > 0x0101 Action 257 > 0x000B Action 11 > 0x0130 Action 304 > 0x0001 Action 1,hitstun,hitstun,hitstun,hitstun,21,0,0,0,0,9.238935470581055,31.269594192504883,1.7456384897232056,5.473949909210205,5.474392890930176,0.0,5.473949909210205,5.474392890930176,0.0,22.030658721923828,0.0004429817199707031,22.030658721923828,0.0004429817199707031,0.00072479248046875,0.04106712341308594,-0.0012464523315429688,0.0,3.369537353515625,0.0,0.0,0.0,0.0,False,False,False,False,False,19,closest opposing fighter at 10.91
6,native_damage_pipeline_plus_snapshot_contact_correlation_v6,2026-07-29T00:01:22Z,182,147,1,97884,97886,reaction_complete,P1-C1,Viewtiful Joe,2454108608,17,257,5B,P2-C1,Ryu,2457778656,12,move_definition,medium,88.0,0,True,READY,,10,"Mid, Medium Hit",10,0,,False,[],[134217730],1,[],64,Standard-strike baseline,standard-strike baseline,0,0,0,0,,False,,False,,False,,False,,,False,,False,1280,1280,last_hit_single,True,1280,1280,0,0,hp_delta,False,False,1,0,1280,0,hit,"[""HP -1280"",""hitstun +15"",""reaction neutral->hitstun""]",48000,46720,46720,48000,0,512,512,512,512,50000,50000,50000,42765,43209,43209,0,0,0,1.0,1.0,1.0,1.0,False,0,0,0,1,1,1,0x0001 Action 1,neutral,hitstun,neutral,hitstun > neutral,15,0,0,0,0,0.7409411072731018,1.4971745014190674,1.371584415435791,0.0,0.0,0.0,0.0,0.0,0.0,0.7562333941459656,0.0,0.7562333941459656,0.0,-0.01129162311553955,0.0,-0.0010662078857421875,0.0,0.028744816780090332,0.0,0.0,0.0,0.0,False,False,False,False,False,3,source age 0f; current move definition; distance 0.01
6,native_damage_pipeline_plus_snapshot_contact_correlation_v6,2026-07-29T00:01:23Z,183,148,1,97887,97905,observation_window,P1-C1,Viewtiful Joe,2454108608,17,307,Shocking Pink A,P2-C1,Ryu,2457778656,12,live_attack_actor,high,104.0,0,True,READY,,9,"Mid, Light Hit",9,0,,False,[],[9],0,[],262418,"Initial actor phase, Special chip route B, one-eighth damage, Spawned-attack core flag (correlated), Target-acquired / contact-lock state (correlated)",spawned-attack core; target-acquired/contact-lock; initial actor phase; special chip route,0,0,4096,2444320836,,False,,False,,False,,False,,,False,,False,2320,3600,last_hit_single,True,2320,3600,0,1280,hp_delta,False,False,1,0,3600,0,hit,"[""HP -2320""]",46720,44400,48000,48000,512,1440,0,928,928,50000,50000,50000,43209,43209,44458,0,0,0,1.0,1.0,1.0,1.0,False,0,0,0,1,1,1,0x0001 Action 1 > 0x0059 Spiral Knockdown > 0x0066 Knockdown Face Up > 0x0071 Get Up Face Up > 0x0001 Action 1,neutral,neutral,hitstun,neutral > knockdown > wakeup > hitstun,21,0,0,0,0,1.371584415435791,0.9118510484695435,3.9051740169525146,0.0,0.0,0.0,0.0,0.0,0.0,-0.45973336696624756,0.0,-0.45973336696624756,0.0,0.08884996175765991,0.0,-0.0011081695556640625,0.0,6.433401107788086,0.0,0.0,0.0,0.0,True,False,False,False,False,19,source age 0f; live attack actor; distance 0.09
6,native_damage_pipeline_plus_snapshot_contact_correlation_v6,2026-07-29T00:02:11Z,184,149,1,98012,98015,next_contact,P1-C1,Viewtiful Joe,2454108608,17,2,Spawned Actor 0002,P2-C1,Ryu,2457778656,12,live_attack_actor,high,104.0,0,True,READY,,780,"Mid, Heavy Hit, Spiral knockdown 0x00000300",12,768,"No guard category, No strength tier, Spiral knockdown 0x00000300",False,[768],[780],0,[],262418,"Initial actor phase, Special chip route B, one-eighth damage, Spawned-attack core flag (correlated), Target-acquired / contact-lock state (correlated)",spawned-attack core; target-acquired/contact-lock; initial actor phase; special chip route,0,0,0,2444320836,,False,,False,,False,,False,,,False,,False,3600,3600,last_hit_single,True,3600,3600,0,0,hp_delta,False,False,1,0,3600,0,hit,"[""HP -3600""]",48000,44400,44400,48000,0,1440,1440,1440,1440,50000,50000,50000,44458,45707,45707,0,0,0,1.0,1.0,1.0,1.0,False,0,0,0,1,1,113,0x0001 Action 1 > 0x0059 Spiral Knockdown > 0x0066 Knockdown Face Up > 0x0071 Get Up Face Up,hitstun,hitstun,wakeup,hitstun > knockdown > wakeup,21,0,0,0,0,0.7964207530021667,1.5066581964492798,0.7306645512580872,0.0,0.0,0.0,0.0,0.0,0.0,0.710237443447113,0.0,0.710237443447113,0.0,-0.0027327537536621094,0.0,-0.1435176134109497,0.0,0.15337276458740234,0.0,0.0,0.0,0.0,True,False,False,False,False,4,source age 0f; live attack actor; distance 0.00
6,native_damage_pipeline_plus_snapshot_contact_correlation_v6,2026-07-29T00:02:13Z,185,149,2,98016,98016,next_contact,P1-C1,Viewtiful Joe,2454108608,17,2,Spawned Actor 0002,P2-C1,Ryu,2457778656,12,live_attack_actor,high,104.0,0,True,READY,,780,"Mid, Heavy Hit, Spiral knockdown 0x00000300",12,768,"No guard category, No strength tier, Spiral knockdown 0x00000300",False,[768],[780],0,[],262418,"Initial actor phase, Special chip route B, one-eighth damage, Spawned-attack core flag (correlated), Target-acquired / contact-lock state (correlated)",spawned-attack core; target-acquired/contact-lock; initial actor phase; special chip route,0,0,0,2444320836,,False,,False,,False,,False,,,False,,False,640,640,last_hit_single,True,640,640,0,0,hp_delta,False,False,1,0,640,0,hit,"[""HP -640"",""reaction wakeup->hitstun"",""last-hit/action transition""]",44400,43760,43760,48000,1440,1696,1696,256,256,50000,50000,50000,45707,45929,45929,0,0,0,1.0,1.0,1.0,1.0,False,0,0,0,113,1,1,0x0001 Action 1,wakeup,hitstun,hitstun,hitstun,12,0,0,0,0,0.7306645512580872,1.1478004455566406,1.1478004455566406,0.0,0.0,0.0,0.0,0.0,0.0,0.41713589429855347,0.0,0.41713589429855347,0.0,-0.07558572292327881,0.0,-0.07558572292327881,0.0,0.0,0.0728529691696167,0.28600478172302246,0.35885775089263916,0.0728529691696167,False,False,False,False,False,1,source age 0f; live attack actor; distance 0.08
6,native_damage_pipeline_plus_snapshot_contact_correlation_v6,2026-07-29T00:02:13Z,186,149,3,98017,98020,reaction_complete,P1-C1,Viewtiful Joe,2454108608,17,2,Spawned Actor 0002,P2-C1,Ryu,2457778656,12,live_attack_actor,high,102.25,1,True,READY,,780,"Mid, Heavy Hit, Spiral knockdown 0x00000300",12,768,"No guard category, No strength tier, Spiral knockdown 0x00000300",False,[768],[780],0,[],262418,"Initial actor phase, Special chip route B, one-eighth damage, Spawned-attack core flag (correlated), Target-acquired / contact-lock state (correlated)",spawned-attack core; target-acquired/contact-lock; initial actor phase; special chip route,0,0,0,2444320836,,False,,False,,False,,False,,,False,,False,2400,2400,last_hit_single,True,2400,2400,0,0,hp_delta,False,False,1,0,2400,0,hit,"[""HP -2400"",""hitstun +9""]",43760,41360,41360,48000,1696,2656,2656,960,960,50000,50000,50000,45929,46762,46762,0,0,0,1.0,1.0,1.0,1.0,False,0,0,0,1,1,1,0x0001 Action 1 > 0x0040 Standing Hitstun > 0x0001 Action 1,hitstun,hitstun,neutral,hitstun > neutral,21,0,0,0,0,1.1478004455566406,1.9140136241912842,1.9679745435714722,0.0,0.0,0.0,0.0,0.0,0.0,0.7662131786346436,0.0,0.7662131786346436,0.0,0.012739062309265137,0.0,0.0005811452865600586,0.0,0.07444393634796143,0.08832478523254395,0.9638931751251221,1.1250709295272827,0.16117775440216064,False,False,False,False,False,4,source age 1f; live attack actor; distance 0.01
6,native_damage_pipeline_plus_snapshot_contact_correlation_v6,2026-07-29T00:02:20Z,187,150,1,98037,98038,next_contact,P1-C2,Joe the Condor,2461448704,27,426,assist attack,P2-C1,Ryu,2457778656,12,live_attack_actor,high,116.0,0,True,READY,,16396,"Mid, Heavy Hit, OTG enabled 0x00004000",12,16384,"No guard category, No strength tier, OTG enabled 0x00004000",False,[16384],[16396],0,[],258,"Initial actor phase, Spawned-attack core flag (correlated)",spawned-attack core; initial actor phase,0,0,0,2444319156,,False,,False,,False,,False,,,False,,False,960,960,last_hit_single,True,960,960,0,0,hp_delta,False,False,1,0,960,0,hit,"[""HP -960""]",48000,47040,47040,48000,0,384,384,384,384,50000,50000,50000,46762,47094,47094,0,0,0,1.0,1.0,1.0,1.0,False,0,0,0,1,1,65,0x0001 Action 1 > 0x0041 Overhead Hitstun,neutral,neutral,hitstun,neutral > hitstun,0,0,0,0,0,1.2946786880493164,1.0237958431243896,1.2011843919754028,0.0,0.0,0.0,0.0,0.0,0.0,-0.27088284492492676,0.0,-0.27088284492492676,0.0,-0.3372310400009155,0.0,-0.8485397100448608,0.0,0.5113086700439453,0.0,0.0,0.0,0.0,False,False,False,False,False,2,source age 0f; live attack actor; action ID matched; distance 0.34
6,native_damage_pipeline_plus_snapshot_contact_correlation_v6,2026-07-29T00:02:21Z,188,151,1,98039,98042,reaction_complete,P1-C1,Viewtiful Joe,2454108608,17,270,6B,P2-C1,Ryu,2457778656,12,move_definition_latched,medium,88.0,0,True,READY,,18,"High, Medium Hit",18,0,,False,[],[134217730],1,[],64,Standard-strike baseline,standard-strike baseline,0,0,0,0,,False,,False,,False,,False,,,False,,False,640,640,last_hit_single,True,640,640,0,0,hp_delta,False,False,1,0,640,0,hit,"[""HP -640"",""reaction hitstun->neutral""]",47040,46400,48000,48000,384,640,0,256,256,50000,50000,50000,47094,47316,47316,0,0,0,1.0,1.0,1.0,1.0,False,0,0,0,65,1,1,0x0001 Action 1 > 0x0042 Low Hitstun > 0x0001 Action 1,hitstun,neutral,neutral,neutral > hitstun > neutral,0,0,0,0,0,1.2011843919754028,0.9530981183052063,1.3406344652175903,0.0,0.0,0.0,0.0,0.0,0.0,-0.24808627367019653,0.0,-0.24808627367019653,0.0,-0.0022611021995544434,0.0,0.0014967918395996094,0.0,0.0913844108581543,0.0,0.0,0.0,0.0,False,False,False,False,False,4,source age 0f; current move definition; distance 0.00
6,native_damage_pipeline_plus_snapshot_contact_correlation_v6,2026-07-29T00:02:24Z,189,152,1,98046,98064,observation_window,P1-C1,Viewtiful Joe,2454108608,17,308,Shocking Pink B,P2-C1,Ryu,2457778656,12,live_attack_actor,high,104.0,0,True,READY,,9,"Mid, Light Hit",9,0,,False,[],[9],0,[],262418,"Initial actor phase, Special chip route B, one-eighth damage, Spawned-attack core flag (correlated), Target-acquired / contact-lock state (correlated)",spawned-attack core; target-acquired/contact-lock; initial actor phase; special chip route,0,0,4096,2444320836,,False,,False,,False,,False,,,False,,False,3600,3600,last_hit_single,True,3600,3600,0,0,hp_delta,False,False,1,0,3600,0,hit,"[""HP -3600""]",48000,44400,48000,48000,0,1440,0,1440,1440,50000,50000,50000,47316,48565,48565,0,0,0,1.0,1.0,1.0,1.0,False,0,0,0,1,1,1,0x0001 Action 1 > 0x0059 Spiral Knockdown > 0x0066 Knockdown Face Up > 0x0071 Get Up Face Up > 0x0001 Action 1,neutral,neutral,hitstun,neutral > knockdown > wakeup > hitstun,21,0,0,0,0,1.3394005298614502,1.4788668155670166,1.3985639810562134,0.0,0.0,0.0,0.0,0.0,0.0,0.1394662857055664,0.0,0.1394662857055664,0.0,0.23705172538757324,0.0,0.0,0.0,0.29787516593933105,0.0,0.0,0.0,0.0,True,False,False,False,False,19,source age 0f; live attack actor; distance 0.24
6,native_damage_pipeline_plus_snapshot_contact_correlation_v6,2026-07-29T00:02:42Z,190,153,1,98113,98114,next_contact,P1-C1,Viewtiful Joe,2454108608,17,308,Shocking Pink B,P2-C1,Ryu,2457778656,12,live_attack_actor,high,100.5,2,True,READY,,9,"Mid, Light Hit",9,0,,False,[],[9],0,[],262418,"Initial actor phase, Special chip route B, one-eighth damage, Spawned-attack core flag (correlated), Target-acquired / contact-lock state (correlated)",spawned-attack core; target-acquired/contact-lock; initial actor phase; special chip route,0,0,4096,2444320836,,False,,False,,False,,False,,,False,,False,640,640,last_hit_single,True,640,640,0,0,hp_delta,False,False,1,0,640,0,hit,"[""HP -640""]",48000,47360,47360,48000,0,256,256,256,256,50000,50000,50000,48565,48787,48787,0,0,0,1.0,1.0,1.0,1.0,False,0,0,0,1,1,66,0x0001 Action 1 > 0x0042 Low Hitstun,hitstun,hitstun,hitstun,hitstun,21,0,0,0,0,0.3428347110748291,0.8611572980880737,1.2871679067611694,78.8864517211914,0.0,0.0,78.8864517211914,0.0,0.0,0.5183225870132446,-78.8864517211914,0.5183225870132446,-78.8864517211914,0.0,0.0,0.10398805141448975,0.0,0.10398805141448975,0.0,0.0,0.0,0.0,False,False,False,False,False,2,source age 2f; live attack actor; distance 0.00
6,native_damage_pipeline_plus_snapshot_contact_correlation_v6,2026-07-29T00:02:44Z,191,153,2,98115,98118,reaction_complete,P1-C1,Viewtiful Joe,2454108608,17,308,Shocking Pink B,P2-C1,Ryu,2457778656,12,live_attack_actor,high,97.0,4,True,READY,,9,"Mid, Light Hit",9,0,,False,[],[9],0,[],262418,"Initial actor phase, Special chip route B, one-eighth damage, Spawned-attack core flag (correlated), Target-acquired / contact-lock state (correlated)",spawned-attack core; target-acquired/contact-lock; initial actor phase; special chip route,0,0,4096,2444320836,,False,,False,,False,,False,,,False,,False,2400,2400,last_hit_single,True,2400,2400,0,0,hp_delta,False,False,1,0,2400,0,hit,"[""HP -2400"",""reaction hitstun->neutral""]",47360,44960,44960,48000,256,1216,1216,960,960,50000,50000,50000,48787,49620,49620,0,0,0,1.0,1.0,1.0,1.0,False,0,0,0,66,1,1,0x0001 Action 1 > 0x0040 Standing Hitstun > 0x0001 Action 1,hitstun,neutral,neutral,neutral > hitstun > neutral,5,0,0,0,0,1.2871679067611694,1.3227893114089966,1.7016496658325195,0.0,0.0,0.0,0.0,0.0,0.0,0.03562140464782715,0.0,0.03562140464782715,0.0,0.5693978667259216,0.0,-0.00037157535552978516,0.0,0.5749140381813049,0.5693978667259216,0.10776585340499878,0.46163201332092285,0.5693978667259216,False,False,False,False,False,4,source age 4f; live attack actor; distance 0.57
6,native_damage_pipeline_plus_snapshot_contact_correlation_v6,2026-07-29T00:02:57Z,192,154,1,98143,98147,next_contact,P1-C1,Viewtiful Joe,2454108608,17,307,Shocking Pink A,P2-C1,Ryu,2457778656,12,live_attack_actor,high,104.0,0,True,READY,,9,"Mid, Light Hit",9,0,,False,[],[9],0,[],262418,"Initial actor phase, Special chip route B, one-eighth damage, Spawned-attack core flag (correlated), Target-acquired / contact-lock state (correlated)",spawned-attack core; target-acquired/contact-lock; initial actor phase; special chip route,0,0,4096,2444319576,,False,,False,,False,,False,,,False,,False,3600,3600,last_hit_single,True,3600,3600,0,0,hp_delta,False,False,1,0,3600,0,hit,"[""HP -3600""]",48000,44400,44400,48000,0,1440,1440,1440,1440,50000,50000,50000,49620,49620,50000,0,0,0,1.0,1.0,1.0,1.0,False,0,0,0,1,1,113,0x0001 Action 1 > 0x0059 Spiral Knockdown > 0x0066 Knockdown Face Up > 0x0071 Get Up Face Up,neutral,neutral,wakeup,neutral > knockdown > wakeup,21,0,0,0,0,0.8030823469161987,1.3216301202774048,0.7474285364151001,0.0,0.0,0.0,0.0,0.0,0.0,0.518547773361206,0.0,0.518547773361206,0.0,0.34617727994918823,0.0,0.0,0.0,0.34617727994918823,0.0,0.0,0.0,0.0,True,False,False,False,False,5,source age 0f; live attack actor; distance 0.35
6,native_damage_pipeline_plus_snapshot_contact_correlation_v6,2026-07-29T00:02:59Z,193,155,1,98148,98148,next_contact,P1-C1,Viewtiful Joe,2454108608,17,307,Shocking Pink A,P2-C1,Ryu,2457778656,12,live_attack_actor,high,102.25,1,True,READY,,9,"Mid, Light Hit",9,0,,False,[],[9],0,[],262418,"Initial actor phase, Special chip route B, one-eighth damage, Spawned-attack core flag (correlated), Target-acquired / contact-lock state (correlated)",spawned-attack core; target-acquired/contact-lock; initial actor phase; special chip route,0,0,4096,2444319576,,False,,False,,False,,False,,,False,,False,640,640,last_hit_single,True,640,640,0,0,hp_delta,False,False,1,0,640,0,hit,"[""HP -640"",""reaction wakeup->hitstun"",""last-hit/action transition""]",44400,43760,43760,48000,1440,1696,1696,256,256,50000,50000,50000,50000,50000,50000,0,0,0,1.0,1.0,1.0,1.0,False,0,0,0,113,1,1,0x0001 Action 1,wakeup,hitstun,hitstun,hitstun,12,0,0,0,0,0.7474285364151001,0.9199051260948181,0.9199051260948181,0.0,0.0,0.0,0.0,0.0,0.0,0.17247658967971802,0.0,0.17247658967971802,0.0,0.01008826494216919,0.0,0.01008826494216919,0.0,0.0,0.0,0.0,0.0,0.0,False,False,False,False,False,1,source age 1f; live attack actor; distance 0.01
6,native_damage_pipeline_plus_snapshot_contact_correlation_v6,2026-07-29T00:02:59Z,194,155,2,98149,98151,reaction_complete,P1-C1,Viewtiful Joe,2454108608,17,307,Shocking Pink A,P2-C1,Ryu,2457778656,12,live_attack_actor,high,100.5,2,True,READY,,9,"Mid, Light Hit",9,0,,False,[],[9],0,[],262418,"Initial actor phase, Special chip route B, one-eighth damage, Spawned-attack core flag (correlated), Target-acquired / contact-lock state (correlated)",spawned-attack core; target-acquired/contact-lock; initial actor phase; special chip route,0,0,4096,2444319576,,False,,False,,False,,False,,,False,,False,608,608,last_hit_single,True,608,608,0,0,hp_delta,False,False,1,0,608,0,hit,"[""HP -608"",""last-hit/action transition""]",43760,43152,43152,48000,1696,1940,1940,244,244,50000,50000,50000,50000,50000,50000,0,0,0,1.0,1.0,1.0,1.0,False,0,0,0,1,66,1,0x0042 Low Hitstun > 0x0001 Action 1,hitstun,hitstun,neutral,hitstun > neutral,12,0,0,0,0,0.9199051260948181,1.2869086265563965,1.4239767789840698,0.0,0.0,0.0,0.0,0.0,0.0,0.36700350046157837,0.0,0.36700350046157837,0.0,0.21903395652770996,0.0,-0.0016578435897827148,0.0,0.22069180011749268,0.20894569158554077,0.1580578088760376,0.36700350046157837,0.20894569158554077,False,False,False,False,False,3,source age 2f; live attack actor; distance 0.22
6,native_damage_pipeline_plus_snapshot_contact_correlation_v6,2026-07-29T00:03:02Z,195,156,1,98157,98175,observation_window,P1-C1,Viewtiful Joe,2454108608,17,307,Shocking Pink A,P2-C1,Ryu,2457778656,12,live_attack_actor,high,104.0,0,True,READY,,9,"Mid, Light Hit",9,0,,False,[],[9],0,[],262418,"Initial actor phase, Special chip route B, one-eighth damage, Spawned-attack core flag (correlated), Target-acquired / contact-lock state (correlated)",spawned-attack core; target-acquired/contact-lock; initial actor phase; special chip route,0,0,4096,2444320836,,False,,False,,False,,False,,,False,,False,3600,3600,last_hit_single,True,3600,3600,0,0,hp_delta,False,False,1,0,3600,0,hit,"[""HP -3600""]",48000,44400,48000,48000,0,1440,0,1440,1440,50000,50000,50000,50000,50000,50000,0,0,0,1.0,1.0,1.0,1.0,False,0,0,0,1,1,1,0x0001 Action 1 > 0x0059 Spiral Knockdown > 0x0066 Knockdown Face Up > 0x0071 Get Up Face Up > 0x0001 Action 1,neutral,neutral,hitstun,neutral > knockdown > wakeup > hitstun,21,0,0,0,0,0.965887188911438,1.2794874906539917,2.5121705532073975,0.0,0.0,0.0,0.0,0.0,0.0,0.3136003017425537,0.0,0.3136003017425537,0.0,0.025896549224853516,0.0,0.02672863006591797,0.0,0.44037723541259766,0.0,0.0,0.0,0.0,True,False,False,False,False,19,source age 0f; live attack actor; distance 0.03
6,native_damage_pipeline_plus_snapshot_contact_correlation_v6,2026-07-29T00:03:29Z,196,157,1,98229,98247,observation_window,P2-C1,Ryu,2457778656,12,1,idle,P1-C1,Viewtiful Joe,2454108608,17,unresolved_attacker,low,12.0,0,False,UNKNOWN,,0,"No guard category, No strength tier",0,0,,False,[],[],0,[],0,No property B bits,none,0,0,0,0,,False,,False,,False,,False,,,False,,False,0,450,last_hit_single,True,0,450,0,0,last_hit_state_candidate,True,False,1,0,450,0,state-only hit candidate,"[""last-hit changed without HP delta"",""last-hit/action transition""]",41400,41400,41400,46000,4600,4600,4600,0,0,50000,50000,50000,50000,50000,50000,0,0,0,1.0,1.0,1.0,1.0,False,0,0,0,307,3,1,0x0003 Action 3 > 0x0031 Crouching Block > 0x0100 Action 256 > 0x0001 Action 1 > 0x0002 Action 2 > 0x0101 Action 257 > 0x0104 Action 260 > 0x0103 Action 259 > 0x0100 Action 256 > 0x0002 Action 2 > 0x0001 Action 1 > 0x0002 Action 2 > 0x0001 Action 1,hitstun,hitstun,hitstun,hitstun > blockstun > hitstun,21,0,0,0,0,5.465198516845703,5.160252571105957,1.5365021228790283,0.0,0.0,0.0,0.0,0.0,0.0,-0.3049459457397461,0.0,-0.3049459457397461,0.0,0.003074169158935547,0.0,0.0005502700805664062,0.0,0.6086381673812866,0.0,0.0,0.0,0.0,False,False,False,False,False,19,closest opposing fighter at 0.00
6,native_damage_pipeline_plus_snapshot_contact_correlation_v6,2026-07-29T00:03:35Z,197,158,1,98251,98254,reaction_complete,P1-C2,Joe the Condor,2461448704,27,426,assist attack,P2-C1,Ryu,2457778656,12,live_attack_actor,high,104.0,0,True,READY,,12,"Mid, Heavy Hit",12,0,,False,[],[12],0,[],258,"Initial actor phase, Spawned-attack core flag (correlated)",spawned-attack core; initial actor phase,0,0,0,2444320416,,False,,False,,False,,False,,,False,,False,640,640,last_hit_single,True,640,640,0,0,hp_delta,False,False,1,0,640,0,hit,"[""HP -640""]",48000,47360,48000,48000,0,256,0,256,256,50000,50000,50000,50000,50000,50000,0,0,0,1.0,1.0,1.0,1.0,False,0,0,0,1,1,1,0x0001 Action 1 > 0x0040 Standing Hitstun > 0x0001 Action 1,hitstun,hitstun,neutral,hitstun > neutral,21,0,0,0,0,0.7740024328231812,1.0132726430892944,2.097083806991577,0.0,0.0,47.24489212036133,0.0,0.0,47.24489212036133,0.23927021026611328,0.0,0.23927021026611328,0.0,-1.1048318147659302,0.0,-6.799989938735962,41.5981764793396,47.24489212036133,0.0,0.0,0.0,0.0,False,False,False,False,False,4,source age 0f; live attack actor; distance 1.10
6,native_damage_pipeline_plus_snapshot_contact_correlation_v6,2026-07-29T00:03:40Z,198,159,1,98261,98263,reaction_complete,P1-C1,Viewtiful Joe,2454108608,17,256,5A,P2-C1,Ryu,2457778656,12,move_definition,medium,88.0,0,True,READY,,9,"Mid, Light Hit",9,0,,False,[],[134217729],1,[],64,Standard-strike baseline,standard-strike baseline,0,0,0,0,,False,,False,,False,,False,,,False,,False,640,640,last_hit_single,True,640,640,0,0,hp_delta,False,False,1,0,640,0,hit,"[""HP -640""]",48000,47360,47360,48000,0,256,256,256,256,50000,50000,50000,50000,50000,50000,0,0,0,1.0,1.0,1.0,1.0,False,0,0,0,1,1,1,0x0001 Action 1,neutral,neutral,neutral,neutral,0,0,0,0,0,0.9920735359191895,1.453572392463684,3.118175506591797,0.0,0.0,31.21509552001953,0.0,0.0,31.21509552001953,0.46149885654449463,0.0,0.46149885654449463,0.0,0.07010447978973389,0.0,0.0,0.0,0.38155364990234375,0.0,0.0,0.0,0.0,False,False,False,False,False,3,source age 0f; current move definition; distance 0.07
6,native_damage_pipeline_plus_snapshot_contact_correlation_v6,2026-07-29T00:03:48Z,199,160,1,98280,98283,reaction_complete,P1-C1,Viewtiful Joe,2454108608,17,256,5A,P2-C1,Ryu,2457778656,12,move_definition_latched,medium,86.25,1,True,READY,,9,"Mid, Light Hit",9,0,,False,[],[134217729],1,[],64,Standard-strike baseline,standard-strike baseline,0,0,0,0,,False,,False,,False,,False,,,False,,False,2400,2400,last_hit_single,True,2400,2400,0,0,hp_delta,False,False,1,0,2400,0,hit,"[""HP -2400"",""hitstun +21"",""reaction neutral->hitstun""]",48000,45600,45600,48000,0,960,960,960,960,50000,50000,50000,50000,50000,50000,0,0,0,1.0,1.0,1.0,1.0,False,0,0,0,1,1,1,0x0001 Action 1 > 0x0040 Standing Hitstun > 0x0001 Action 1,neutral,hitstun,neutral,hitstun > neutral,21,0,0,0,0,3.1915643215179443,4.395367622375488,4.292141914367676,0.0,0.0,0.0,0.0,0.0,0.0,1.203803300857544,0.0,1.203803300857544,0.0,-0.012066841125488281,0.0,-0.06707477569580078,0.0,0.2508580684661865,0.0,0.0,0.0,0.0,False,False,False,False,False,4,source age 1f; current move definition; distance 0.01
6,native_damage_pipeline_plus_snapshot_contact_correlation_v6,2026-07-29T00:03:51Z,200,161,1,98288,98292,reaction_complete,P1-C1,Viewtiful Joe,2454108608,17,304,Voomerang A,P2-C1,Ryu,2457778656,12,live_attack_actor,high,116.0,0,True,READY,,12,"Mid, Heavy Hit",12,0,,False,[],[12],0,[],262402,"Initial actor phase, Special chip route B, one-eighth damage, Spawned-attack core flag (correlated)",spawned-attack core; initial actor phase; special chip route,0,0,0,2444319156,,False,,False,,False,,False,,,False,,False,2400,2400,last_hit_single,True,2400,2400,0,0,hp_delta,False,False,1,0,2400,0,hit,"[""HP -2400""]",48000,45600,45600,48000,0,960,960,960,960,50000,50000,50000,50000,50000,50000,0,0,0,1.0,1.0,1.0,1.0,False,0,0,0,1,1,1,0x0001 Action 1 > 0x0040 Standing Hitstun > 0x0001 Action 1,neutral,neutral,neutral,neutral > hitstun > neutral,21,0,0,0,0,3.7732625007629395,3.9139440059661865,4.91478967666626,0.0,0.0,0.0,0.0,0.0,0.0,0.14068150520324707,0.0,0.14068150520324707,0.0,0.11567020416259766,0.0,0.1406540870666504,0.0,0.1559910774230957,0.0,0.0,0.0,0.0,False,False,False,False,False,5,source age 0f; live attack actor; action ID matched; distance 0.12
6,native_damage_pipeline_plus_snapshot_contact_correlation_v6,2026-07-29T00:03:56Z,201,162,1,98302,98306,reaction_complete,P1-C1,Viewtiful Joe,2454108608,17,304,Voomerang A,P2-C1,Ryu,2457778656,12,live_attack_actor,high,116.0,0,True,READY,,12,"Mid, Heavy Hit",12,0,,False,[],[12],0,[],262402,"Initial actor phase, Special chip route B, one-eighth damage, Spawned-attack core flag (correlated)",spawned-attack core; initial actor phase; special chip route,0,0,0,2444320836,,False,,False,,False,,False,,,False,,False,2400,2400,last_hit_single,True,2400,2400,0,0,hp_delta,False,False,1,0,2400,0,hit,"[""HP -2400""]",48000,45600,46600,48000,0,960,0,960,960,50000,50000,50000,50000,50000,50000,0,0,0,1.0,1.0,1.0,1.0,False,0,0,0,1,1,1,0x0001 Action 1 > 0x0040 Standing Hitstun > 0x0001 Action 1,neutral,neutral,neutral,neutral > hitstun > neutral,9,0,0,0,0,4.670357704162598,4.98757791519165,3.823725700378418,0.0,0.0,0.0,0.0,0.0,0.0,0.31722021102905273,0.0,0.31722021102905273,0.0,0.27149438858032227,0.0,-0.07141685485839844,0.0,0.3429112434387207,0.0,0.0,0.0,0.0,False,False,False,False,False,5,source age 0f; live attack actor; action ID matched; distance 0.27
6,native_damage_pipeline_plus_snapshot_contact_correlation_v6,2026-07-29T00:04:04Z,202,163,1,98320,98323,reaction_complete,P1-C1,Viewtiful Joe,2454108608,17,256,5A,P2-C1,Ryu,2457778656,12,move_definition_latched,high,96.5,2,True,READY,,9,"Mid, Light Hit",9,0,,False,[],[134217729],1,[],64,Standard-strike baseline,standard-strike baseline,0,0,0,0,,False,,False,,False,,False,,,False,,False,640,640,last_hit_single,True,640,640,0,0,hp_delta,False,False,1,0,640,0,hit,"[""HP -640""]",48000,47360,47360,48000,0,256,256,256,256,50000,50000,50000,50000,50000,50000,0,0,0,1.0,1.0,1.0,1.0,False,0,0,0,1,1,1,0x0001 Action 1 > 0x0040 Standing Hitstun > 0x0001 Action 1,neutral,neutral,neutral,neutral > hitstun > neutral,4,0,0,0,0,0.608077347278595,0.9307165145874023,0.8835203647613525,0.0,0.0,0.0,0.0,0.0,0.0,0.3226391673088074,0.0,0.3226391673088074,0.0,-0.0440712571144104,0.0,0.07143276929855347,0.0,8.056705474853516,0.0,0.0,0.0,0.0,False,False,False,False,False,4,source age 2f; current move definition; action ID matched; distance 0.04
6,native_damage_pipeline_plus_snapshot_contact_correlation_v6,2026-07-29T00:04:11Z,205,166,1,98336,98344,next_contact,P1-C1,Viewtiful Joe,2454108608,17,3,Spawned Actor 0003,P2-C1,Ryu,2457778656,12,live_attack_actor,high,104.0,0,True,READY,,780,"Mid, Heavy Hit, Spiral knockdown 0x00000300",12,768,"No guard category, No strength tier, Spiral knockdown 0x00000300",False,[768],[780],0,[],262418,"Initial actor phase, Special chip route B, one-eighth damage, Spawned-attack core flag (correlated), Target-acquired / contact-lock state (correlated)",spawned-attack core; target-acquired/contact-lock; initial actor phase; special chip route,0,0,0,2444319996,,False,,False,,False,,False,,,False,,False,3600,3600,last_hit_single,True,3600,3600,0,0,hp_delta,False,False,1,0,3600,0,hit,"[""HP -3600""]",48000,44400,48000,48000,0,1440,0,1440,1440,50000,50000,50000,50000,50000,50000,0,0,0,1.0,1.0,1.0,1.0,False,0,0,0,1,1,1,0x0001 Action 1 > 0x0059 Spiral Knockdown > 0x0066 Knockdown Face Up > 0x0071 Get Up Face Up > 0x0001 Action 1,neutral,neutral,hitstun,neutral > knockdown > wakeup > hitstun,21,0,0,0,0,2.2147419452667236,2.892829418182373,0.917637288570404,0.0,0.0,0.0,0.0,0.0,0.0,0.6780874729156494,0.0,0.6780874729156494,0.0,0.0073125362396240234,0.0,0.0006837248802185059,0.0,0.4498456120491028,0.0,0.0,0.0,0.0,True,False,False,False,False,9,source age 0f; live attack actor; distance 0.01
6,native_damage_pipeline_plus_snapshot_contact_correlation_v6,2026-07-29T00:04:14Z,206,167,1,98345,98349,reaction_complete,P1-C1,Viewtiful Joe,2454108608,17,3,Spawned Actor 0003,P2-C1,Ryu,2457778656,12,live_attack_actor,high,102.25,1,True,READY,,780,"Mid, Heavy Hit, Spiral knockdown 0x00000300",12,768,"No guard category, No strength tier, Spiral knockdown 0x00000300",False,[768],[780],0,[],262418,"Initial actor phase, Special chip route B, one-eighth damage, Spawned-attack core flag (correlated), Target-acquired / contact-lock state (correlated)",spawned-attack core; target-acquired/contact-lock; initial actor phase; special chip route,0,0,0,2444319996,,False,,False,,False,,False,,,False,,False,1248,,ambiguous_coalesced,False,1248,608,640,0,hp_delta,False,True,2,0,1248,0,hit,"[""HP -1248""]",48000,46752,46752,48000,0,500,500,500,500,50000,50000,50000,50000,50000,50000,0,0,0,1.0,1.0,1.0,1.0,False,0,0,0,1,1,1,0x0001 Action 1 > 0x0040 Standing Hitstun > 0x0001 Action 1,hitstun,hitstun,neutral,hitstun > neutral,12,0,0,0,0,0.917637288570404,0.9838935136795044,1.5568746328353882,0.0,0.0,0.0,0.0,0.0,0.0,0.06625622510910034,0.0,0.06625622510910034,0.0,-0.03655576705932617,0.0,-0.0003496408462524414,0.0,0.05911421775817871,0.0,0.0,0.0,0.0,False,False,False,False,False,5,source age 1f; live attack actor; distance 0.04
6,native_damage_pipeline_plus_snapshot_contact_correlation_v6,2026-07-29T00:04:11Z,203,164,1,98336,98354,observation_window,P2-C1,Ryu,2457778656,12,89,Spiral Knockdown,P1-C1,Viewtiful Joe,2454108608,17,unresolved_attacker,low,11.99,0,False,UNKNOWN,,0,"No guard category, No strength tier",0,0,,False,[],[],0,[],0,No property B bits,none,0,0,0,0,,False,,False,,False,,False,,,False,,False,0,3132,last_hit_single,True,0,3132,0,0,last_hit_state_candidate,True,False,1,0,3132,0,state-only hit candidate,"[""last-hit changed without HP delta"",""last-hit/action transition""]",41400,41400,41400,46000,4600,4600,4600,0,0,50000,50000,50000,50000,50000,50000,0,0,0,1.0,1.0,1.0,1.0,False,0,0,0,307,1,1,0x0001 Action 1 > 0x0059 Spiral Knockdown > 0x0066 Knockdown Face Up > 0x0071 Get Up Face Up > 0x0002 Action 2 > 0x0001 Action 1 > 0x0100 Action 256 > 0x0001 Action 1,hitstun,hitstun,hitstun,hitstun > knockdown > wakeup > hitstun,21,0,0,0,0,2.2620229721069336,2.885516881942749,1.5576814413070679,0.0,0.0,0.0,0.0,0.0,0.0,0.6234939098358154,0.0,0.6234939098358154,0.0,-0.0073125362396240234,0.0,0.0004469156265258789,0.0,0.4498456120491028,0.0,0.0,0.0,0.0,True,False,False,False,False,19,closest opposing fighter at 0.01
6,native_damage_pipeline_plus_snapshot_contact_correlation_v6,2026-07-29T00:04:11Z,204,165,1,98336,98354,observation_window,P2-C2,Zero,2465118752,29,430,assist standby,P1-C2,Joe the Condor,2461448704,27,unresolved_attacker,low,1.0,0,False,UNKNOWN,,0,"No guard category, No strength tier",0,0,,False,[],[],0,[],0,No property B bits,none,0,0,0,0,,False,,False,,False,,False,,,False,,False,3600,3600,last_hit_single,True,3600,3600,0,0,hp_delta,False,False,1,0,3600,0,hit,"[""HP -3600"",""last-hit/action transition""]",44000,40400,44000,44000,0,1440,0,1440,1440,50000,50000,50000,50000,50000,50000,0,0,0,1.0,1.0,1.0,1.0,False,0,0,0,430,426,430,0x01AA Action 426 > 0x0059 Spiral Knockdown > 0x0066 Knockdown Face Up > 0x0071 Get Up Face Up > 0x01A1 Action 417 > 0x01AE Action 430,hitstun,hitstun,hitstun,hitstun > knockdown > wakeup > hitstun,21,0,0,0,0,5.033353328704834,2.660379648208618,3.2107114791870117,10.13072681427002,47.111637115478516,6.06050968170166,10.13072681427002,47.111637115478516,6.06050968170166,-2.372973680496216,36.980910301208496,-2.372973680496216,36.980910301208496,-11.035497426986694,45.07442665100098,-8.773164749145508,0.9118356704711914,64.10854291915894,0.0,0.0,0.0,0.0,True,False,False,False,False,19,closest opposing fighter at 46.41
6,native_damage_pipeline_plus_snapshot_contact_correlation_v6,2026-07-29T00:06:30Z,207,168,1,98999,98999,victim_changed,P1-C1,Viewtiful Joe,2454108608,17,256,5A,P2-C1,Ryu,2457778656,12,move_definition_latched,medium,88.0,0,True,READY,,9,"Mid, Light Hit",9,0,,False,[],[134217729],1,[],64,Standard-strike baseline,standard-strike baseline,0,0,0,0,,False,,False,,False,,False,,,False,,False,4800,,ambiguous_coalesced,False,4800,608,4192,0,hp_delta,False,True,2,0,4800,0,hit,"[""HP -4800""]",48000,43200,43200,48000,0,4800,4800,4800,4800,50000,50000,50000,50000,50000,50000,0,0,0,1.0,1.0,1.0,1.0,False,0,0,0,1,1,1,0x0001 Action 1,neutral,neutral,neutral,neutral,0,0,0,0,0,1.5499622821807861,1.5412442684173584,1.5412442684173584,0.0,0.0,0.0,0.0,0.0,0.0,-0.008718013763427734,0.0,-0.008718013763427734,0.0,0.0,0.0,0.0,0.0,0.0,0.0,0.0,0.0,0.0,False,False,False,False,False,1,source age 0f; current move definition; distance 0.00
6,native_damage_pipeline_plus_snapshot_contact_correlation_v6,2026-07-29T00:07:52Z,209,170,1,99522,99523,next_contact,P1-C1,Frank West,2454108608,30,1,idle,P2-C1,Polimar,2457778656,4,unresolved_attacker,low,11.93,0,False,UNKNOWN,,0,"No guard category, No strength tier",0,0,,False,[],[],0,[],0,No property B bits,none,0,0,0,0,,False,,False,,False,,False,,,False,,False,960,960,last_hit_single,True,960,960,0,0,hp_delta,False,False,1,0,960,0,hit,"[""HP -960"",""hitstun +12"",""reaction neutral->hitstun"",""last-hit/action transition""]",48000,47040,47040,48000,0,384,384,384,384,10678,11187,11187,11229,11561,11561,0,0,0,1.0,1.0,1.0,1.0,False,0,0,0,1,6,65,0x0006 Action 6 > 0x0041 Overhead Hitstun,neutral,hitstun,hitstun,hitstun,12,0,0,0,0,0.9649308323860168,0.8662445545196533,0.8605807423591614,45.09981155395508,0.0,0.0,45.09981155395508,0.0,0.0,-0.09868627786636353,-45.09981155395508,-0.09868627786636353,-45.09981155395508,-0.06846672296524048,0.0,0.0,0.0,0.06846672296524048,0.0,0.0,0.0,0.0,False,False,False,False,False,2,closest opposing fighter at 0.07
6,native_damage_pipeline_plus_snapshot_contact_correlation_v6,2026-07-29T00:07:52Z,210,171,1,99524,99524,next_contact,P1-C1,Frank West,2454108608,30,259,2A,P2-C1,Polimar,2457778656,4,unresolved_attacker,low,12.0,0,False,UNKNOWN,,0,"No guard category, No strength tier",0,0,,False,[],[],0,[],0,No property B bits,none,0,0,0,0,,False,,False,,False,,False,,,False,,False,720,720,last_hit_single,True,720,720,0,0,hp_delta,False,False,1,0,720,0,hit,"[""HP -720"",""reaction hitstun->neutral""]",47040,46320,46320,48000,384,672,672,288,288,11187,11584,11584,11561,11810,11810,0,0,0,1.0,1.0,1.0,1.0,False,0,0,0,65,1,1,0x0001 Action 1,hitstun,neutral,neutral,neutral,0,0,0,0,0,0.8605807423591614,0.7880517840385437,0.7880517840385437,0.0,0.0,0.0,0.0,0.0,0.0,-0.07252895832061768,0.0,-0.07252895832061768,0.0,0.0,0.0,0.0,0.0,0.0,0.0,0.0,0.0,0.0,False,False,False,False,False,1,closest opposing fighter at 0.00
6,native_damage_pipeline_plus_snapshot_contact_correlation_v6,2026-07-29T00:07:53Z,211,172,1,99525,99525,next_contact,P1-C1,Frank West,2454108608,30,259,2A,P2-C1,Polimar,2457778656,4,move_definition,high,100.0,0,True,READY,,9,"Mid, Light Hit",9,0,,False,[],[134217729],1,[],64,Standard-strike baseline,standard-strike baseline,0,0,0,0,,False,,False,,False,,False,,,False,,False,720,720,last_hit_single,True,720,720,0,0,hp_delta,False,False,1,0,720,0,hit,"[""HP -720"",""hitstun +11"",""reaction neutral->hitstun""]",46320,45600,45600,48000,672,960,960,288,288,11584,11981,11981,11810,12059,12059,0,0,0,1.0,1.0,1.0,1.0,False,0,0,0,1,64,64,0x0040 Standing Hitstun,neutral,hitstun,hitstun,hitstun,11,0,0,0,0,0.7880517840385437,1.099755048751831,1.099755048751831,0.0,0.0,0.0,0.0,0.0,0.0,0.31170326471328735,0.0,0.31170326471328735,0.0,0.0,0.0,0.0,0.0,0.0,0.0,0.0,0.0,0.0,False,False,False,False,False,1,source age 0f; current move definition; action ID matched; distance 0.00
6,native_damage_pipeline_plus_snapshot_contact_correlation_v6,2026-07-29T00:07:53Z,212,172,2,99526,99529,reaction_complete,P1-C1,Frank West,2454108608,30,259,2A,P2-C1,Polimar,2457778656,4,move_definition,high,100.0,0,True,READY,,9,"Mid, Light Hit",9,0,,False,[],[134217729],1,[],64,Standard-strike baseline,standard-strike baseline,0,0,0,0,,False,,False,,False,,False,,,False,,False,684,684,last_hit_single,True,684,684,0,0,hp_delta,False,False,1,0,684,0,hit,"[""HP -684""]",45600,44916,44916,48000,960,1234,1234,274,274,11981,12426,12686,12059,12295,12295,0,0,0,1.0,1.0,1.0,1.0,False,0,0,0,64,64,1,0x0040 Standing Hitstun > 0x0001 Action 1,hitstun,hitstun,neutral,hitstun > neutral,5,0,0,0,0,1.099755048751831,1.768165111541748,1.6665807962417603,0.0,0.0,0.0,0.0,0.0,0.0,0.668410062789917,0.0,0.668410062789917,0.0,0.010510683059692383,0.0,0.01660442352294922,0.0,0.06837594509124756,0.010510683059692383,0.6578993797302246,0.668410062789917,0.010510683059692383,False,False,False,False,False,4,source age 0f; current move definition; action ID matched; distance 0.01
6,native_damage_pipeline_plus_snapshot_contact_correlation_v6,2026-07-29T00:07:49Z,208,169,1,99516,99534,observation_window,P2-C1,Polimar,2457778656,4,264,3C,P1-C1,Frank West,2454108608,30,move_definition,medium,80.0,0,True,READY,,12,"Mid, Heavy Hit",12,262144,"No guard category, No strength tier, Launcher 0x00040000",False,[262144],[134479876],1,[],64,Standard-strike baseline,standard-strike baseline,0,0,0,0,,False,,False,,False,,False,,,False,,False,1955,1955,last_hit_single,True,1955,1955,0,0,hp_delta,False,False,1,0,1955,0,hit,"[""HP -1955"",""hitstun +17"",""reaction neutral->knockdown"",""last-hit/action transition""]",50000,48045,48045,50000,0,782,782,782,782,10130,11229,12707,10000,10678,13258,0,0,0,1.0,1.0,1.0,1.0,False,0,0,0,21,91,2,0x005B Soft Knockdown > 0x00A0 Air Recovery > 0x0016 Action 22 > 0x0001 Action 1 > 0x0015 Action 21 > 0x0001 Action 1 > 0x0103 Action 259 > 0x0100 Action 256 > 0x0002 Action 2,neutral,knockdown,hitstun,knockdown > air_recovery > hitstun,17,0,0,0,0,0.5757328867912292,0.25549134612083435,2.0625975131988525,59.05315399169922,81.26860809326172,28.930086135864258,59.05315399169922,81.26860809326172,28.930086135864258,-0.3202415406703949,22.2154541015625,-0.3202415406703949,22.2154541015625,0.1789856255054474,1.8802413940429688,-0.23896479606628418,-1.421630859375,36.090152740478516,0.0,0.0,0.0,0.0,True,False,True,False,False,19,source age 0f; current move definition; action ID matched
6,native_damage_pipeline_plus_snapshot_contact_correlation_v6,2026-07-29T00:07:55Z,213,173,1,99532,99537,next_contact,P1-C1,Frank West,2454108608,30,259,2A,P2-C1,Polimar,2457778656,4,move_definition,medium,64.0,0,True,READY,,9,"Mid, Light Hit",9,0,,False,[],[134217729],1,[],64,Standard-strike baseline,standard-strike baseline,0,0,0,0,,False,,False,,False,,False,,,False,,False,816,816,last_hit_single,True,816,816,0,0,hp_delta,False,False,1,0,816,0,hit,"[""HP -816""]",44916,44100,44100,48000,1234,1561,1561,327,327,12816,13258,13961,12295,12707,13688,0,0,0,1.0,1.0,1.0,1.0,False,0,0,0,21,21,266,0x0015 Action 21 > 0x005B Soft Knockdown > 0x0001 Action 1 > 0x0007 Action 7 > 0x0015 Action 21 > 0x010A Action 266,neutral,neutral,hitstun,neutral > knockdown > hitstun,12,0,0,0,0,0.3940786123275757,0.7449163198471069,1.7282072305679321,62.94559860229492,56.30949783325195,0.0,62.94559860229492,56.30949783325195,0.0,0.35083770751953125,-6.636100769042969,0.35083770751953125,-6.636100769042969,0.06603032350540161,-0.4846687316894531,-0.03856301307678223,0.0,4.921655178070068,0.0,0.0,0.0,0.0,True,False,False,False,False,6,source age 0f; current move definition
6,native_damage_pipeline_plus_snapshot_contact_correlation_v6,2026-07-29T00:07:57Z,214,174,1,99537,99538,next_contact,P2-C1,Polimar,2457778656,4,266,j.B,P1-C1,Frank West,2454108608,30,move_definition,medium,88.0,0,True,READY,,18,"High, Medium Hit",18,0,,False,[],[402653186],1,[],64,Standard-strike baseline,standard-strike baseline,0,0,0,0,,False,,False,,False,,False,,,False,,False,1840,1840,last_hit_single,True,1840,1840,0,0,hp_delta,False,False,1,0,1840,0,hit,"[""HP -1840"",""last-hit/action transition""]",48045,46205,46205,50000,782,1518,1518,736,736,12707,13688,13883,13323,13961,14026,0,0,0,1.0,1.0,1.0,1.0,False,0,0,0,265,1,65,0x0001 Action 1 > 0x0041 Overhead Hitstun,hitstun,hitstun,hitstun,hitstun,17,0,0,0,0,1.986523151397705,1.7667702436447144,0.05640525743365288,25.088502883911133,0.0,89.370361328125,25.088502883911133,0.0,89.370361328125,-0.21975290775299072,-25.088502883911133,-0.21975290775299072,-25.088502883911133,0.03856301307678223,0.0,0.02191963791847229,0.48596954345703125,0.48596954345703125,0.0,0.0,0.0,0.0,False,False,False,False,False,2,source age 0f; current move definition; distance 0.04
6,native_damage_pipeline_plus_snapshot_contact_correlation_v6,2026-07-29T00:07:58Z,215,175,1,99538,99542,reaction_complete,P1-C1,Frank West,2454108608,30,265,j.A,P2-C1,Polimar,2457778656,4,move_definition,medium,72.5,2,True,READY,,17,"High, Light Hit",17,0,,False,[],[402653185],1,[],64,Standard-strike baseline,standard-strike baseline,0,0,0,0,,False,,False,,False,,False,,,False,,False,960,960,last_hit_single,True,960,960,0,0,hp_delta,False,False,1,0,960,0,hit,"[""HP -960"",""last-hit/action transition""]",44100,43140,43140,48000,1561,1945,1945,384,384,13961,14026,15472,13688,13883,15573,0,0,0,1.0,1.0,1.0,1.0,False,0,0,0,266,6,3,0x0006 Action 6 > 0x0043 Air T-Pose Hit > 0x010B Action 267 > 0x0003 Action 3,hitstun,hitstun,neutral,hitstun > neutral,12,0,0,0,0,1.7282072305679321,0.03448561951518059,1.5592950582504272,0.0,88.88439178466797,0.0,0.0,88.88439178466797,0.0,-1.6937216110527515,88.88439178466797,-1.6937216110527515,88.88439178466797,-0.02191963791847229,-0.48596954345703125,0.0005143880844116211,0.0,0.6621551513671875,0.0,0.0,0.0,0.0,False,False,False,True,False,5,source age 2f; current move definition; action ID matched
6,native_damage_pipeline_plus_snapshot_contact_correlation_v6,2026-07-29T00:07:58Z,216,176,1,99539,99557,observation_window,P2-C1,Polimar,2457778656,4,266,j.B,P1-C1,Frank West,2454108608,30,move_definition_latched,medium,64.0,0,True,READY,,18,"High, Medium Hit",18,0,,False,[],[402653186],1,[],64,Standard-strike baseline,standard-strike baseline,0,0,0,0,,False,,False,,False,,False,,,False,,False,2513,2513,last_hit_single,True,2513,2513,0,0,hp_delta,False,False,1,0,2513,0,hit,"[""HP -2513"",""hitstun +19"",""last-hit/action transition""]",46205,43692,43692,50000,1518,2524,2524,1006,1006,13883,15378,15573,14026,15407,15602,0,0,0,1.0,1.0,1.0,1.0,False,0,0,0,65,265,11,0x0109 Action 265 > 0x0061 Launched > 0x001E Action 30 > 0x0100 Action 256 > 0x0016 Action 22 > 0x000A Action 10 > 0x000B Action 11,hitstun,hitstun,hitstun,hitstun,21,0,0,0,0,0.05640525743365288,0.3550474941730499,2.484856605529785,89.370361328125,88.48282623291016,0.0,89.370361328125,88.48282623291016,0.0,0.29864223673939705,-0.8875350952148438,0.29864223673939705,-0.8875350952148438,0.022390931844711304,-0.1046142578125,0.0,0.0,0.6621551513671875,0.0,0.0,0.0,0.0,False,False,False,True,False,19,source age 0f; current move definition
6,native_damage_pipeline_plus_snapshot_contact_correlation_v6,2026-07-29T00:09:08Z,217,177,1,99864,99867,reaction_complete,P1-C1,Frank West,2454108608,30,259,2A,P2-C1,Polimar,2457778656,4,move_definition,medium,88.0,0,True,READY,,9,"Mid, Light Hit",9,0,,False,[],[134217729],1,[],64,Standard-strike baseline,standard-strike baseline,0,0,0,0,,False,,False,,False,,False,,,False,,False,720,720,last_hit_single,True,720,720,0,0,hp_delta,False,False,1,0,720,0,hit,"[""HP -720""]",43140,42420,42420,48000,1945,2233,2233,288,288,15602,15999,5999,15573,15822,15822,0,0,0,1.0,1.0,1.0,1.0,False,0,0,0,1,1,1,0x0001 Action 1 > 0x0040 Standing Hitstun > 0x0001 Action 1,neutral,neutral,neutral,neutral > hitstun > neutral,2,0,0,0,0,0.7490378618240356,0.8000893592834473,1.0988293886184692,0.0,0.0,0.0,0.0,0.0,0.0,0.05105149745941162,0.0,0.05105149745941162,0.0,0.0,0.0,-0.0041351318359375,0.0,0.0041351318359375,0.0,0.0,0.0,0.0,False,False,False,False,False,4,source age 0f; current move definition; distance 0.00
6,native_damage_pipeline_plus_snapshot_contact_correlation_v6,2026-07-29T00:09:11Z,218,178,1,99869,99869,next_contact,P1-C1,Frank West,2454108608,30,259,2A,P2-C1,Polimar,2457778656,4,move_definition_latched,medium,88.0,0,True,READY,,9,"Mid, Light Hit",9,0,,False,[],[134217729],1,[],64,Standard-strike baseline,standard-strike baseline,0,0,0,0,,False,,False,,False,,False,,,False,,False,1640,,ambiguous_coalesced,False,1640,820,820,0,hp_delta,False,True,2,0,1640,0,hit,"[""HP -1640""]",42420,40780,40780,48000,2233,2889,2889,656,656,5999,5999,5999,15822,15822,15822,0,0,0,1.0,1.0,1.0,1.0,False,0,0,0,1,1,1,0x0001 Action 1,neutral,neutral,neutral,neutral,0,0,0,0,0,1.2743568420410156,2.416766405105591,2.416766405105591,0.0,0.0,0.0,0.0,0.0,0.0,1.1424095630645752,0.0,1.1424095630645752,0.0,1.2706056833267212,0.0,1.2706056833267212,0.0,0.0,0.0,0.0,0.0,0.0,False,False,False,False,False,1,source age 0f; current move definition; distance 1.27
6,native_damage_pipeline_plus_snapshot_contact_correlation_v6,2026-07-29T00:09:11Z,219,179,1,99870,99870,next_contact,P1-C1,Frank West,2454108608,30,352,Real Megabuster,P2-C1,Polimar,2457778656,4,live_attack_actor,high,116.0,0,True,READY,,12,"Mid, Heavy Hit",12,0,,False,[],[12],0,[],291,"Native result modifier +0004, Sustained-contact actor route, Initial actor phase, Spawned-attack core flag (correlated)",native result +0004; spawned-attack core; sustained-contact route; initial actor phase,268,35,0,2444319156,,False,,False,,False,,False,,,False,,False,1517,,ambiguous_coalesced,False,1517,738,779,0,hp_delta,False,True,2,0,1517,0,hit,"[""HP -1517"",""hitstun +20"",""reaction neutral->hitstun"",""last-hit/action transition""]",40780,39263,39263,48000,2889,3497,3497,608,608,5999,5999,5999,15822,15822,15822,0,0,0,1.0,1.0,1.0,1.0,False,0,0,0,1,64,64,0x0040 Standing Hitstun,neutral,hitstun,hitstun,hitstun,20,0,0,0,0,2.416766405105591,3.326129198074341,3.326129198074341,0.0,0.0,0.0,0.0,0.0,0.0,0.90936279296875,0.0,0.90936279296875,0.0,0.44963526725769043,0.0,0.44963526725769043,0.0,0.0,0.0,0.0,0.0,0.0,False,False,False,False,False,1,source age 0f; live attack actor; action ID matched; distance 0.45
6,native_damage_pipeline_plus_snapshot_contact_correlation_v6,2026-07-29T00:09:11Z,220,179,2,99871,99871,next_contact,P1-C1,Frank West,2454108608,30,352,Real Megabuster,P2-C1,Polimar,2457778656,4,live_attack_actor,high,116.0,0,True,READY,,12,"Mid, Heavy Hit",12,0,,False,[],[12],0,[],291,"Native result modifier +0004, Sustained-contact actor route, Initial actor phase, Spawned-attack core flag (correlated)",native result +0004; spawned-attack core; sustained-contact route; initial actor phase,268,35,0,2444319156,,False,,False,,False,,False,,,False,,False,1352,,ambiguous_coalesced,False,1352,655,697,0,hp_delta,False,True,2,0,1352,0,hit,"[""HP -1352"",""hitstun +1""]",39263,37911,37911,48000,3497,4038,4038,541,541,5999,5999,5999,15822,15822,15822,0,0,0,1.0,1.0,1.0,1.0,False,0,0,0,64,64,64,0x0040 Standing Hitstun,hitstun,hitstun,hitstun,hitstun,21,0,0,0,0,3.326129198074341,4.63273286819458,4.63273286819458,0.0,0.0,0.0,0.0,0.0,0.0,1.3066036701202393,0.0,1.3066036701202393,0.0,0.4611339569091797,0.0,0.4611339569091797,0.0,0.0,0.011498689651489258,1.29510498046875,1.3066036701202393,0.011498689651489258,False,False,False,False,False,1,source age 0f; live attack actor; action ID matched; distance 0.46
6,native_damage_pipeline_plus_snapshot_contact_correlation_v6,2026-07-29T00:09:12Z,221,179,3,99872,99872,next_contact,P1-C1,Frank West,2454108608,30,352,Real Megabuster,P2-C1,Polimar,2457778656,4,live_attack_actor,high,116.0,0,True,READY,,12,"Mid, Heavy Hit",12,0,,False,[],[12],0,[],291,"Native result modifier +0004, Sustained-contact actor route, Initial actor phase, Spawned-attack core flag (correlated)",native result +0004; spawned-attack core; sustained-contact route; initial actor phase,268,35,0,2444319156,,False,,False,,False,,False,,,False,,False,1187,,ambiguous_coalesced,False,1187,573,614,0,hp_delta,False,True,2,0,1187,0,hit,"[""HP -1187""]",37911,36724,36724,48000,4038,4514,4514,476,476,5999,5999,5999,15822,15822,15822,0,0,0,1.0,1.0,1.0,1.0,False,0,0,0,64,64,64,0x0040 Standing Hitstun,hitstun,hitstun,hitstun,hitstun,20,0,0,0,0,4.63273286819458,5.22857141494751,5.22857141494751,0.0,0.0,0.0,0.0,0.0,0.0,0.5958385467529297,0.0,0.5958385467529297,0.0,0.07610940933227539,0.0,0.07610940933227539,0.0,0.0,0.3850245475769043,2.275968074798584,1.902442216873169,0.39652323722839355,False,False,False,False,False,1,source age 0f; live attack actor; action ID matched; distance 0.08
6,native_damage_pipeline_plus_snapshot_contact_correlation_v6,2026-07-29T00:09:12Z,222,179,4,99873,99873,next_contact,P1-C1,Frank West,2454108608,30,352,Real Megabuster,P2-C1,Polimar,2457778656,4,live_attack_actor,high,116.0,0,True,READY,,12,"Mid, Heavy Hit",12,0,,False,[],[12],0,[],291,"Native result modifier +0004, Sustained-contact actor route, Initial actor phase, Spawned-attack core flag (correlated)",native result +0004; spawned-attack core; sustained-contact route; initial actor phase,268,35,0,2444319156,,False,,False,,False,,False,,,False,,False,532,532,last_hit_single,True,532,532,0,0,hp_delta,False,False,1,0,532,0,hit,"[""HP -532""]",36724,36192,36192,48000,4514,4727,4727,213,213,5999,5999,5999,15822,15822,15822,0,0,0,1.0,1.0,1.0,1.0,False,0,0,0,64,64,64,0x0040 Standing Hitstun,hitstun,hitstun,hitstun,hitstun,20,0,0,0,0,5.22857141494751,5.7224345207214355,5.7224345207214355,0.0,0.0,0.0,0.0,0.0,0.0,0.4938631057739258,0.0,0.4938631057739258,0.0,-0.010105133056640625,0.0,-0.010105133056640625,0.0,0.0,0.4712390899658203,2.856045722961426,2.3963053226470947,0.48273777961730957,False,False,False,False,False,1,source age 0f; live attack actor; action ID matched; distance 0.01
6,native_damage_pipeline_plus_snapshot_contact_correlation_v6,2026-07-29T00:09:12Z,223,179,5,99874,99874,next_contact,P1-C1,Frank West,2454108608,30,352,Real Megabuster,P2-C1,Polimar,2457778656,4,live_attack_actor,high,116.0,0,True,READY,,12,"Mid, Heavy Hit",12,0,,False,[],[12],0,[],291,"Native result modifier +0004, Sustained-contact actor route, Initial actor phase, Spawned-attack core flag (correlated)",native result +0004; spawned-attack core; sustained-contact route; initial actor phase,268,35,0,2444319156,,False,,False,,False,,False,,,False,,False,941,,ambiguous_coalesced,False,941,450,491,0,hp_delta,False,True,2,0,941,0,hit,"[""HP -941"",""hitstun +1""]",36192,35251,35251,48000,4727,5104,5104,377,377,5999,5999,5999,15822,15822,15822,0,0,0,1.0,1.0,1.0,1.0,False,0,0,0,64,64,64,0x0040 Standing Hitstun,hitstun,hitstun,hitstun,hitstun,21,0,0,0,0,5.7224345207214355,5.706327438354492,5.706327438354492,0.0,0.0,0.0,0.0,0.0,0.0,-0.01610708236694336,0.0,-0.01610708236694336,0.0,0.0,0.0,0.0,0.0,0.0,0.4712390899658203,2.8822579383850098,2.412412405014038,0.4928429126739502,False,False,False,False,False,1,source age 0f; live attack actor; action ID matched; distance 0.00
6,native_damage_pipeline_plus_snapshot_contact_correlation_v6,2026-07-29T00:09:12Z,224,179,6,99875,99875,next_contact,P1-C1,Frank West,2454108608,30,352,Real Megabuster,P2-C1,Polimar,2457778656,4,live_attack_actor,high,116.0,0,True,READY,,12,"Mid, Heavy Hit",12,0,,False,[],[12],0,[],291,"Native result modifier +0004, Sustained-contact actor route, Initial actor phase, Spawned-attack core flag (correlated)",native result +0004; spawned-attack core; sustained-contact route; initial actor phase,268,35,0,2444319156,,False,,False,,False,,False,,,False,,False,777,,ambiguous_coalesced,False,777,368,409,0,hp_delta,False,True,2,0,777,0,hit,"[""HP -777""]",35251,34474,34474,48000,5104,5416,5416,312,312,5999,5999,5999,15822,15822,15822,0,0,0,1.0,1.0,1.0,1.0,False,0,0,0,64,64,64,0x0040 Standing Hitstun,hitstun,hitstun,hitstun,hitstun,19,0,0,0,0,5.706327438354492,5.725315093994141,5.725315093994141,0.0,0.0,0.0,0.0,0.0,0.0,0.018987655639648438,0.0,0.018987655639648438,0.0,0.017577648162841797,0.0,0.017577648162841797,0.0,0.0,0.4712390899658203,2.8836679458618164,2.4314000606536865,0.510420560836792,False,False,False,False,False,1,source age 0f; live attack actor; action ID matched; distance 0.02
6,native_damage_pipeline_plus_snapshot_contact_correlation_v6,2026-07-29T00:09:13Z,225,179,7,99876,99876,next_contact,P1-C1,Frank West,2454108608,30,352,Real Megabuster,P2-C1,Polimar,2457778656,4,live_attack_actor,high,116.0,0,True,READY,,12,"Mid, Heavy Hit",12,0,,False,[],[12],0,[],291,"Native result modifier +0004, Sustained-contact actor route, Initial actor phase, Spawned-attack core flag (correlated)",native result +0004; spawned-attack core; sustained-contact route; initial actor phase,268,35,0,2444319156,,False,,False,,False,,False,,,False,,False,901,,ambiguous_coalesced,False,901,287,614,0,hp_delta,False,True,2,0,901,0,hit,"[""HP -901"",""hitstun +1""]",34474,33573,33573,48000,5416,5777,5777,361,361,5999,5999,5999,15822,15822,15822,0,0,0,1.0,1.0,1.0,1.0,False,0,0,0,64,64,64,0x0040 Standing Hitstun,hitstun,hitstun,hitstun,hitstun,20,0,0,0,0,5.725315093994141,5.73689079284668,5.73689079284668,0.0,0.0,0.0,0.0,0.0,0.0,0.011575698852539062,0.0,0.011575698852539062,0.0,0.0,0.0,0.0,0.0,0.0,0.4712390899658203,2.9128212928771973,2.4429757595062256,0.5279982089996338,False,False,False,False,False,1,source age 0f; live attack actor; action ID matched; distance 0.00
6,native_damage_pipeline_plus_snapshot_contact_correlation_v6,2026-07-29T00:09:13Z,226,179,8,99877,99877,next_contact,P1-C1,Frank West,2454108608,30,352,Real Megabuster,P2-C1,Polimar,2457778656,4,live_attack_actor,high,116.0,0,True,READY,,12,"Mid, Heavy Hit",12,0,,False,[],[12],0,[],291,"Native result modifier +0004, Sustained-contact actor route, Initial actor phase, Spawned-attack core flag (correlated)",native result +0004; spawned-attack core; sustained-contact route; initial actor phase,268,35,0,2444319156,,False,,False,,False,,False,,,False,,False,574,,ambiguous_coalesced,False,574,287,287,0,hp_delta,False,True,2,0,574,0,hit,"[""HP -574""]",33573,32999,32999,48000,5777,6007,6007,230,230,5999,5999,5999,15822,15822,15822,0,0,0,1.0,1.0,1.0,1.0,False,0,0,0,64,64,64,0x0040 Standing Hitstun,hitstun,hitstun,hitstun,hitstun,19,0,0,0,0,5.73689079284668,5.359949588775635,5.359949588775635,0.0,0.0,0.0,0.0,0.0,0.0,-0.3769412040710449,0.0,-0.3769412040710449,0.0,0.0,0.0,0.0,0.0,0.0,0.4712390899658203,3.289762496948242,2.8199169635772705,0.5279982089996338,False,False,False,False,False,1,source age 0f; live attack actor; action ID matched; distance 0.00
6,native_damage_pipeline_plus_snapshot_contact_correlation_v6,2026-07-29T00:09:14Z,227,179,9,99878,99882,reaction_complete,P1-C1,Frank West,2454108608,30,352,Real Megabuster,P2-C1,Polimar,2457778656,4,live_attack_actor,high,98.0,0,True,READY,,12,"Mid, Heavy Hit",12,0,,False,[],[12],0,[],291,"Native result modifier +0004, Sustained-contact actor route, Initial actor phase, Spawned-attack core flag (correlated)",native result +0004; spawned-attack core; sustained-contact route; initial actor phase,268,35,0,2444319156,,False,,False,,False,,False,,,False,,False,651,,ambiguous_coalesced,False,651,364,287,0,hp_delta,False,True,2,0,651,0,hit,"[""HP -651"",""hitstun +2""]",32999,32348,32348,48000,6007,6268,6268,261,261,5999,5999,5999,15822,15822,15822,0,0,0,1.0,1.0,1.0,1.0,False,0,0,0,64,64,6,0x0040 Standing Hitstun > 0x005B Soft Knockdown > 0x0006 Action 6,hitstun,hitstun,neutral,hitstun > knockdown > neutral,21,0,0,0,0,5.359949588775635,5.295124530792236,2.1128175258636475,0.0,10.60662841796875,0.0,0.0,10.60662841796875,0.0,-0.06482505798339844,10.60662841796875,-0.06482505798339844,10.60662841796875,-0.44518089294433594,10.60662841796875,-0.020416736602783203,0.0,10.60662841796875,10.60662841796875,3.6701183319091797,13.426743476960283,11.14396507143402,True,False,False,False,False,5,source age 0f; live attack actor; action ID matched; distance 10.62
6,native_damage_pipeline_plus_snapshot_contact_correlation_v6,2026-07-29T00:09:19Z,228,180,1,99891,99894,reaction_complete,P2-C1,Polimar,2457778656,4,266,j.B,P1-C1,Frank West,2454108608,30,move_definition,high,92.0,0,True,READY,,18,"High, Medium Hit",18,0,,False,[],[402653186],1,[],64,Standard-strike baseline,standard-strike baseline,0,0,0,0,,False,,False,,False,,False,,,False,,False,1840,1840,last_hit_single,True,1840,1840,0,0,hp_delta,False,False,1,0,1840,0,hit,"[""HP -1840"",""last-hit/action transition""]",43692,41852,41852,50000,2524,3260,3260,736,736,15952,16933,16933,6194,6832,6832,0,0,0,1.0,1.0,1.0,1.0,False,0,0,0,256,2,21,0x0002 Action 2 > 0x0041 Overhead Hitstun > 0x0015 Action 21,hitstun,hitstun,neutral,hitstun > neutral,17,0,0,0,0,1.246928334236145,1.3825527429580688,0.771729052066803,40.40140914916992,0.0,0.0,40.40140914916992,0.0,0.0,0.13562440872192383,-40.40140914916992,0.13562440872192383,-40.40140914916992,-0.04460716247558594,0.0,-0.26465123891830444,0.0,10.962564945220947,0.0,0.0,0.0,0.0,False,False,False,False,False,4,source age 0f; current move definition; distance 0.04
6,native_damage_pipeline_plus_snapshot_contact_correlation_v6,2026-07-29T00:09:22Z,229,181,1,99899,99902,next_contact,P1-C1,Frank West,2454108608,30,308,Zombie Spree B,P2-C1,Polimar,2457778656,4,live_attack_actor,medium,84.0,0,True,READY,,9,"Mid, Light Hit",9,0,,False,[],[9],0,[],262290,"Special chip route B, one-eighth damage, Spawned-attack core flag (correlated), Target-acquired / contact-lock state (correlated), Spawned-actor contact family 0x80 (correlated)",spawned-attack core; target-acquired/contact-lock; spawned-actor contact family; special chip route,0,0,0,2444319156,,False,,False,,False,,False,,,False,,False,2432,2432,last_hit_single,True,2432,2432,0,0,hp_delta,False,False,1,0,2432,0,hit,"[""HP -2432"",""hitstun +21"",""reaction neutral->hitstun"",""last-hit/action transition""]",32348,29916,29916,48000,6268,7241,7241,973,973,7092,8217,8477,17063,18036,18036,0,0,0,1.0,1.0,1.0,1.0,False,0,0,0,21,266,115,0x010A Action 266 > 0x0050 Hard Knockdown > 0x0073 Forward Roll,neutral,hitstun,wakeup,hitstun > knockdown > wakeup,21,0,0,0,0,0.6801584959030151,5.563340663909912,2.196967124938965,35.754722595214844,16.983509063720703,0.0,35.754722595214844,16.983509063720703,0.0,4.883182168006897,-18.77121353149414,4.883182168006897,-18.77121353149414,0.013682365417480469,-4.025613784790039,-0.2198026180267334,0.0,4.025613784790039,0.0,0.0,0.0,0.0,True,False,False,False,False,4,source age 0f; live attack actor
6,native_damage_pipeline_plus_snapshot_contact_correlation_v6,2026-07-29T00:09:24Z,230,182,1,99903,99908,next_contact,P1-C1,Frank West,2454108608,30,309,Zombie Spree C,P2-C1,Polimar,2457778656,4,live_attack_actor,medium,84.0,0,True,READY,,9,"Mid, Light Hit",9,0,,False,[],[9],0,[],262290,"Special chip route B, one-eighth damage, Spawned-attack core flag (correlated), Target-acquired / contact-lock state (correlated), Spawned-actor contact family 0x80 (correlated)",spawned-attack core; target-acquired/contact-lock; spawned-actor contact family; special chip route,0,0,0,2444319156,,False,,False,,False,,False,,,False,,False,2400,2400,last_hit_single,True,2400,2400,0,0,hp_delta,False,False,1,0,2400,0,hit,"[""HP -2400"",""reaction wakeup->hitstun"",""last-hit/action transition""]",29916,27516,27516,48000,7241,8201,8201,960,960,8477,9588,9810,18036,18869,18937,0,0,0,1.0,1.0,1.0,1.0,False,0,0,0,115,6,1,0x0006 Action 6 > 0x0052 Bounce Off > 0x005C Hard Knockdown > 0x0007 Action 7 > 0x0001 Action 1,wakeup,hitstun,hitstun,hitstun > knockdown > hitstun,21,0,0,0,0,2.196967124938965,3.5983593463897705,0.9004206657409668,0.0,37.916080474853516,0.0,0.0,37.916080474853516,0.0,1.4013922214508057,37.916080474853516,1.4013922214508057,37.916080474853516,-0.16524553298950195,0.5823211669921875,-0.39507877826690674,0.0,20.625751495361328,0.0,0.0,0.0,0.0,True,True,False,False,False,6,source age 0f; live attack actor
6,native_damage_pipeline_plus_snapshot_contact_correlation_v6,2026-07-29T00:09:26Z,231,183,1,99909,99912,reaction_complete,P1-C1,Frank West,2454108608,30,309,Zombie Spree C,P2-C1,Polimar,2457778656,4,live_attack_actor,high,104.5,2,True,READY,,9,"Mid, Light Hit",9,0,,False,[],[9],0,[],262290,"Special chip route B, one-eighth damage, Spawned-attack core flag (correlated), Target-acquired / contact-lock state (correlated), Spawned-actor contact family 0x80 (correlated)",spawned-attack core; target-acquired/contact-lock; spawned-actor contact family; special chip route,0,0,0,2444319156,,False,,False,,False,,False,,,False,,False,800,800,last_hit_single,True,800,800,0,0,hp_delta,False,False,1,0,800,0,hit,"[""HP -800"",""last-hit/action transition""]",27516,26716,26716,48000,8201,8521,8521,320,320,9810,10245,10716,18937,19213,19583,0,0,0,1.0,1.0,1.0,1.0,False,0,0,0,1,6,417,0x0006 Action 6 > 0x0040 Standing Hitstun > 0x0003 Action 3 > 0x01A1 Action 417,hitstun,hitstun,neutral,hitstun > neutral,21,0,0,0,0,0.9004206657409668,0.5933884978294373,8.102410316467285,0.0,0.0,4.475094795227051,0.0,0.0,4.475094795227051,-0.30703216791152954,0.0,-0.30703216791152954,0.0,8.64267349243164e-06,0.0,7.3145580887794495,-70.57741832733154,70.8831033706665,0.0,0.0,0.0,0.0,False,False,False,False,False,4,source age 2f; live attack actor; distance 0.00
6,native_damage_pipeline_plus_snapshot_contact_correlation_v6,2026-07-29T00:09:30Z,233,185,1,99919,99923,reaction_complete,P1-C2,Saki,2461448704,20,426,assist attack,P2-C2,Joe the Condor,2465118752,27,move_definition,medium,80.0,0,True,READY,,12,"Mid, Heavy Hit",12,256,"No guard category, No strength tier, Launch / soft-knockdown route 0x00000100",False,[256],[260],1,[],64,Standard-strike baseline,standard-strike baseline,0,0,0,0,,False,,False,,False,,False,,,False,,False,3600,3600,last_hit_single,True,3600,3600,0,0,hp_delta,False,False,1,0,3600,0,hit,"[""HP -3600""]",44000,40400,40400,44000,0,1440,1440,1440,1440,10716,12382,12382,19583,20832,21027,0,0,0,1.0,1.0,1.0,1.0,False,0,0,0,1,6,1,0x0006 Action 6 > 0x005B Soft Knockdown > 0x0001 Action 1,neutral,neutral,neutral,neutral > knockdown > neutral,21,0,0,0,0,0.5576616525650024,1.498618245124817,3.234916925430298,76.42511749267578,14.064539909362793,0.0,76.42511749267578,14.064539909362793,0.0,0.9409565925598145,-62.36057758331299,0.9409565925598145,-62.36057758331299,0.8306248188018799,-41.00119876861572,-4.806698560714722,-19.314884185791016,41.00119876861572,0.0,0.0,0.0,0.0,True,False,False,False,False,5,source age 0f; current move definition; action ID matched
6,native_damage_pipeline_plus_snapshot_contact_correlation_v6,2026-07-29T00:09:27Z,232,184,1,99911,99926,next_contact,P2-C2,Joe the Condor,2465118752,27,418,Tag In,P1-C1,Frank West,2454108608,30,move_definition,medium,80.0,0,True,READY,,12,"Mid, Heavy Hit",12,768,"No guard category, No strength tier, Spiral knockdown 0x00000300",False,[768],[772],1,[],64,Standard-strike baseline,standard-strike baseline,0,0,0,0,,False,,False,,False,,False,,,False,,False,800,800,last_hit_single,True,800,800,0,0,hp_delta,False,False,1,0,800,0,hit,"[""HP -800""]",41852,41052,41052,50000,3260,3580,3580,320,320,19213,19583,21028,10245,10716,12382,0,0,0,1.0,1.0,1.0,1.0,False,0,0,0,256,256,2,0x0100 Action 256 > 0x0059 Spiral Knockdown > 0x0066 Knockdown Face Up > 0x0071 Get Up Face Up > 0x000A Action 10 > 0x0014 Action 20 > 0x0016 Action 22 > 0x000B Action 11 > 0x000A Action 10 > 0x000B Action 11 > 0x0002 Action 2,neutral,neutral,hitstun,neutral > knockdown > wakeup > hitstun,21,0,0,0,0,1.1283230781555176,0.950453519821167,0.8283981084823608,0.0,29.115285873413086,0.0,0.0,29.115285873413086,0.0,-0.17786955833435059,29.115285873413086,-0.17786955833435059,29.115285873413086,-2.8371810913085938e-05,0.0006999969482421875,-0.032938241958618164,0.0,18.256733894348145,0.0,0.0,0.0,0.0,True,False,False,False,False,16,source age 0f; current move definition; action ID matched
6,native_damage_pipeline_plus_snapshot_contact_correlation_v6,2026-07-29T00:09:34Z,234,186,1,99927,99927,next_contact,P2-C2,Joe the Condor,2465118752,27,468,Back Throw,P1-C1,Frank West,2454108608,30,move_definition,high,104.0,0,True,READY,,17,"High, Light Hit",17,0,,False,[],[17],1,[],20,"Target-acquired / contact-lock state (correlated), Unknown B bits 0x00000004",native low-bit route 0x4; target-acquired/contact-lock,0,0,0,0,,False,,False,,False,,False,,,False,,False,1560,1560,last_hit_single,True,1560,1560,0,0,hp_delta,False,False,1,0,1560,0,hit,"[""HP -1560"",""last-hit/action transition""]",41052,39492,39492,50000,3580,4204,4204,624,624,21028,21749,21749,12382,12922,12922,0,0,0,1.0,1.0,1.0,1.0,False,0,0,0,2,4565,4565,0x11D5 Action 4565,hitstun,hitstun,hitstun,hitstun,12,0,0,0,0,0.8283981084823608,0.7468932867050171,0.7468932867050171,0.0,0.0,0.0,0.0,0.0,0.0,-0.08150482177734375,0.0,-0.08150482177734375,0.0,0.02672576904296875,0.0,0.02672576904296875,0.0,0.0,0.0,0.0,0.0,0.0,False,False,False,False,False,1,source age 0f; current move definition; action ID matched; distance 0.03
6,native_damage_pipeline_plus_snapshot_contact_correlation_v6,2026-07-29T00:09:38Z,237,188,1,99938,99939,next_contact,P2-C2,Joe the Condor,2465118752,27,259,2A,P1-C2,Saki,2461448704,20,move_definition,medium,88.0,0,True,READY,,33,"Low, Light Hit",33,0,,False,[],[134217761],1,[],64,Standard-strike baseline,standard-strike baseline,0,0,0,0,,False,,False,,False,,False,,,False,,False,720,720,last_hit_single,True,720,720,0,0,hp_delta,False,False,1,0,720,0,hit,"[""HP -720"",""hitstun +12"",""reaction neutral->hitstun"",""last-hit/action transition""]",44000,43280,43280,44000,0,288,288,288,288,23709,24106,24107,14750,14999,14999,0,0,0,1.0,1.0,1.0,1.0,False,0,0,0,261,10,9,0x000A Action 10 > 0x0009 Action 9,neutral,hitstun,neutral,hitstun > neutral,12,0,0,0,0,0.49739110469818115,0.5999513268470764,0.732335090637207,0.0,0.0,0.0,0.0,0.0,0.0,0.10256022214889526,0.0,0.10256022214889526,0.0,-0.043451130390167236,0.0,0.14371490478515625,0.0,0.1871660351753235,0.0,0.0,0.0,0.0,False,False,False,False,False,2,source age 0f; current move definition; distance 0.04
6,native_damage_pipeline_plus_snapshot_contact_correlation_v6,2026-07-29T00:09:39Z,238,189,1,99940,99941,next_contact,P2-C2,Joe the Condor,2465118752,27,465,Front Throw,P1-C2,Saki,2461448704,20,move_definition,high,100.0,0,True,READY,,17,"High, Light Hit",17,0,,False,[],[17],1,[],20,"Target-acquired / contact-lock state (correlated), Unknown B bits 0x00000004",native low-bit route 0x4; target-acquired/contact-lock,0,0,0,0,,False,,False,,False,,False,,,False,,False,1560,1560,last_hit_single,True,1560,1560,0,0,hp_delta,False,False,1,0,1560,0,hit,"[""HP -1560"",""hitstun +12"",""reaction neutral->hitstun"",""last-hit/action transition""]",43280,41720,41720,44000,288,912,912,624,624,24107,24828,24828,14999,15539,15539,0,0,0,1.0,1.0,1.0,1.0,False,0,0,0,9,4562,4562,0x11D2 Action 4562,neutral,hitstun,hitstun,hitstun,12,0,0,0,0,0.732335090637207,0.49613916873931885,0.8648881316184998,0.0,0.0,0.0,0.0,0.0,0.0,-0.23619592189788818,0.0,-0.23619592189788818,0.0,-0.09828722476959229,0.0,-0.004798233509063721,0.0,0.09348899126052856,0.0,0.0,0.0,0.0,False,False,False,False,False,2,source age 0f; current move definition; action ID matched; distance 0.10
6,native_damage_pipeline_plus_snapshot_contact_correlation_v6,2026-07-29T00:09:40Z,239,189,2,99942,99945,next_contact,P2-C2,Joe the Condor,2465118752,27,465,Front Throw,P1-C2,Saki,2461448704,20,move_definition,medium,76.0,0,True,READY,,17,"High, Light Hit",17,0,,False,[],[17],1,[],20,"Target-acquired / contact-lock state (correlated), Unknown B bits 0x00000004",native low-bit route 0x4; target-acquired/contact-lock,0,0,0,0,,False,,False,,False,,False,,,False,,False,3640,3640,last_hit_single,True,3640,3640,0,0,hp_delta,False,False,1,0,3640,0,hit,"[""HP -3640""]",41720,38080,38080,44000,912,2368,2368,1456,1456,24828,26512,26512,15539,16802,16802,0,0,0,1.0,1.0,1.0,1.0,False,0,0,0,4562,4562,113,0x11D2 Action 4562 > 0x0050 Hard Knockdown > 0x0049 Knockdown Face Up > 0x0071 Get Up Face Up,hitstun,hitstun,wakeup,hitstun > knockdown > wakeup,12,0,0,0,0,0.8648881316184998,1.901013731956482,0.6580775380134583,0.0,18.063596725463867,60.28781509399414,0.0,18.063596725463867,60.28781509399414,1.0361256003379822,18.063596725463867,1.0361256003379822,18.063596725463867,-0.4083620309829712,9.848365783691406,-0.167616069316864,0.06834793090820312,9.848365783691406,9.848365783691406,8.392322131946905,18.118145578357723,9.853245911618766,True,False,False,False,False,4,source age 0f; current move definition; action ID matched
6,native_damage_pipeline_plus_snapshot_contact_correlation_v6,2026-07-29T00:09:34Z,235,186,2,99928,99946,observation_window,P2-C2,Joe the Condor,2465118752,27,468,Back Throw,P1-C1,Frank West,2454108608,30,move_definition,high,104.0,0,True,READY,,17,"High, Light Hit",17,0,,False,[],[17],1,[],20,"Target-acquired / contact-lock state (correlated), Unknown B bits 0x00000004",native low-bit route 0x4; target-acquired/contact-lock,0,0,0,0,,False,,False,,False,,False,,,False,,False,3640,3640,last_hit_single,True,3640,3640,0,0,hp_delta,False,False,1,0,3640,0,hit,"[""HP -3640""]",39492,35852,36772,50000,4204,5660,4740,1456,1456,21749,23433,27956,12922,14185,17737,0,0,0,1.0,1.0,1.0,1.0,False,0,0,0,4565,4565,430,0x11D5 Action 4565 > 0x0066 Knockdown Face Up > 0x0071 Get Up Face Up > 0x01A0 Action 416 > 0x01A1 Action 417 > 0x01AE Action 430 > 0x01AA Action 426 > 0x01A8 Action 424 > 0x01A1 Action 417 > 0x01AE Action 430,hitstun,hitstun,hitstun,hitstun > knockdown > wakeup > hitstun,12,0,0,0,0,0.7468932867050171,1.451594591140747,4.217184543609619,0.0,0.0,7.031614780426025,0.0,0.0,7.031614780426025,0.70470130443573,0.0,0.70470130443573,0.0,-0.005710124969482422,0.0,3.001716732978821,7.031614780426025,102.93458825349808,0.03243589401245117,0.7371371984481812,0.70470130443573,0.03243589401245117,True,False,False,False,False,19,source age 0f; current move definition; action ID matched; distance 0.01
6,native_damage_pipeline_plus_snapshot_contact_correlation_v6,2026-07-29T00:09:42Z,240,190,1,99946,99946,next_contact,P2-C2,Joe the Condor,2465118752,27,267,j.C,P1-C2,Saki,2461448704,20,move_definition,medium,88.0,0,True,READY,,20,"High, Heavy Hit",20,524288,"No guard category, No strength tier, Air knockdown 0x00080000",False,[524288],[134742020],1,[],64,Standard-strike baseline,standard-strike baseline,0,0,0,0,,False,,False,,False,,False,,,False,,False,2700,2700,last_hit_single,True,2700,2700,0,0,hp_delta,False,False,1,0,2700,0,hit,"[""HP -2700"",""hitstun +9"",""reaction wakeup->hitstun"",""last-hit/action transition""]",38080,35380,35380,44000,2368,3448,3448,1080,1080,26512,27956,27956,16802,17737,17737,0,0,0,1.0,1.0,1.0,1.0,False,0,0,0,113,1,1,0x0001 Action 1,wakeup,hitstun,hitstun,hitstun,21,0,0,0,0,0.6580775380134583,1.262234091758728,1.262234091758728,60.28781509399414,0.0,0.0,60.28781509399414,0.0,0.0,0.6041565537452698,-60.28781509399414,0.6041565537452698,-60.28781509399414,0.04676628112792969,0.0,0.04676628112792969,0.0,0.0,0.0,0.0,0.0,0.0,False,False,False,False,False,1,source age 0f; current move definition; distance 0.05
6,native_damage_pipeline_plus_snapshot_contact_correlation_v6,2026-07-29T00:09:42Z,241,191,1,99947,99949,next_contact,P2-C2,Joe the Condor,2465118752,27,257,5B,P1-C2,Saki,2461448704,20,move_definition,high,100.0,0,True,READY,,10,"Mid, Medium Hit",10,0,,False,[],[134217730],1,[],64,Standard-strike baseline,standard-strike baseline,0,0,0,0,,False,,False,,False,,False,,,False,,False,1406,1406,last_hit_single,True,1406,1406,0,0,hp_delta,False,False,1,0,1406,0,hit,"[""HP -1406"",""last-hit/action transition""]",35380,33974,33974,44000,3448,4011,4011,563,563,27956,28736,28736,17737,18224,18419,0,0,0,1.0,1.0,1.0,1.0,False,0,0,0,1,65,11,0x0041 Overhead Hitstun > 0x0040 Standing Hitstun > 0x000B Action 11,hitstun,hitstun,neutral,hitstun > neutral,17,0,0,0,0,1.262234091758728,1.3844870328903198,1.3367867469787598,0.0,0.0,47.97615051269531,0.0,0.0,47.97615051269531,0.1222529411315918,0.0,0.1222529411315918,0.0,-0.006657242774963379,0.0,0.26290392875671387,-11.389610290527344,11.389610290527344,0.0,0.0,0.0,0.0,False,False,False,False,False,3,source age 0f; current move definition; action ID matched; distance 0.01
6,native_damage_pipeline_plus_snapshot_contact_correlation_v6,2026-07-29T00:09:36Z,236,187,1,99932,99950,observation_window,P1-C2,Saki,2461448704,20,418,Tag In,P2-C2,Joe the Condor,2465118752,27,move_definition,medium,80.0,0,True,READY,,12,"Mid, Heavy Hit",12,768,"No guard category, No strength tier, Spiral knockdown 0x00000300",False,[768],[772],1,[],64,Standard-strike baseline,standard-strike baseline,0,0,0,0,,False,,False,,False,,False,,,False,,False,800,800,last_hit_single,True,800,800,0,0,hp_delta,False,False,1,0,800,0,hit,"[""HP -800""]",40400,39600,39600,44000,1440,1760,1760,320,320,14185,14185,19354,23433,23433,30180,0,0,0,1.0,1.0,1.0,1.0,False,0,0,0,7,1,267,0x0001 Action 1 > 0x0059 Spiral Knockdown > 0x0066 Knockdown Face Up > 0x0074 Backward Roll > 0x0103 Action 259 > 0x0001 Action 1 > 0x01D1 Action 465 > 0x0006 Action 6 > 0x010B Action 267 > 0x0101 Action 257 > 0x0001 Action 1 > 0x010B Action 267,neutral,neutral,hitstun,neutral > knockdown > wakeup > hitstun,21,0,0,0,0,3.3221182823181152,1.5400797128677368,0.9638500809669495,0.0,17.34420394897461,18.994184494018555,0.0,17.34420394897461,18.994184494018555,-1.7820385694503784,17.34420394897461,-1.7820385694503784,17.34420394897461,-0.26617467403411865,1.2040061950683594,0.20163685083389282,-14.196161270141602,25.585771560668945,0.0,0.0,0.0,0.0,True,False,False,False,False,19,source age 0f; current move definition; action ID matched
6,native_damage_pipeline_plus_snapshot_contact_correlation_v6,2026-07-29T00:09:44Z,242,190,2,99950,99951,next_contact,P2-C2,Joe the Condor,2465118752,27,267,j.C,P1-C2,Saki,2461448704,20,move_definition,medium,76.0,0,True,READY,,20,"High, Heavy Hit",20,524288,"No guard category, No strength tier, Air knockdown 0x00080000",False,[524288],[134742020],1,[],64,Standard-strike baseline,standard-strike baseline,0,0,0,0,,False,,False,,False,,False,,,False,,False,2700,2700,last_hit_single,True,2700,2700,0,0,hp_delta,False,False,1,0,2700,0,hit,"[""HP -2700"",""hitstun +21"",""reaction neutral->hitstun"",""last-hit/action transition""]",33974,31274,31274,44000,4011,5091,5091,1080,1080,28736,30180,30180,18419,19354,19354,0,0,0,1.0,1.0,1.0,1.0,False,0,0,0,11,262,65,0x0106 Action 262 > 0x0041 Overhead Hitstun,neutral,hitstun,hitstun,hitstun,21,0,0,0,0,1.3367867469787598,0.7622132301330566,0.462600439786911,47.97615051269531,33.190345764160156,0.0,47.97615051269531,33.190345764160156,0.0,-0.5745735168457031,-14.785804748535156,-0.5745735168457031,-14.785804748535156,-0.20163685083389282,14.196161270141602,0.02929183840751648,0.0,14.196161270141602,14.196161270141602,18.995851022649553,33.19411202015449,14.198334371461916,False,False,False,False,False,2,source age 0f; current move definition; action ID matched
6,native_damage_pipeline_plus_snapshot_contact_correlation_v6,2026-07-29T00:09:45Z,243,192,1,99952,99955,reaction_complete,P2-C2,Joe the Condor,2465118752,27,257,5B,P1-C2,Saki,2461448704,20,move_definition,high,100.0,0,True,READY,,10,"Mid, Medium Hit",10,0,,False,[],[134217730],1,[],64,Standard-strike baseline,standard-strike baseline,0,0,0,0,,False,,False,,False,,False,,,False,,False,1480,1480,last_hit_single,True,1480,1480,0,0,hp_delta,False,False,1,0,1480,0,hit,"[""HP -1480"",""hitstun +5"",""last-hit/action transition""]",31274,29794,29794,44000,5091,5683,5683,592,592,30180,30995,30995,19354,19867,19932,0,0,0,1.0,1.0,1.0,1.0,False,0,0,0,65,1,265,0x0001 Action 1 > 0x0040 Standing Hitstun > 0x0003 Action 3 > 0x0109 Action 265,hitstun,hitstun,neutral,hitstun > neutral,17,0,0,0,0,0.462600439786911,1.0382860898971558,3.5376288890838623,0.0,0.0,0.0,0.0,0.0,0.0,0.5756856501102448,0.0,0.5756856501102448,0.0,-0.0379871129989624,0.0,0.05977296829223633,0.0,21.817225456237793,0.0,0.0,0.0,0.0,False,False,False,False,False,4,source age 0f; current move definition; action ID matched; distance 0.04
6,native_damage_pipeline_plus_snapshot_contact_correlation_v6,2026-07-29T00:09:56Z,244,193,1,99968,99970,next_contact,P2-C2,Joe the Condor,2465118752,27,265,j.A,P1-C2,Saki,2461448704,20,move_definition,medium,88.0,0,True,READY,,17,"High, Light Hit",17,0,,False,[],[402653185],1,[],64,Standard-strike baseline,standard-strike baseline,0,0,0,0,,False,,False,,False,,False,,,False,,False,740,740,last_hit_single,True,740,740,0,0,hp_delta,False,False,1,0,740,0,hit,"[""HP -740"",""hitstun +8"",""reaction neutral->hitstun""]",29794,29054,29054,44000,5683,5979,5979,296,296,31580,31986,31987,20194,20450,20450,0,0,0,1.0,1.0,1.0,1.0,False,0,0,0,11,11,4562,0x000B Action 11 > 0x11D2 Action 4562,neutral,hitstun,hitstun,hitstun > neutral > hitstun,12,0,0,0,0,0.7347293496131897,1.174573302268982,0.8616480231285095,60.078216552734375,0.0,0.0,60.078216552734375,0.0,0.0,0.43984395265579224,-60.078216552734375,0.43984395265579224,-60.078216552734375,-0.03098595142364502,0.0,-0.005586504936218262,0.0,0.08231240510940552,0.0,0.0,0.0,0.0,False,False,False,False,False,3,source age 0f; current move definition; distance 0.03
6,native_damage_pipeline_plus_snapshot_contact_correlation_v6,2026-07-29T00:09:57Z,245,194,1,99971,99971,next_contact,P2-C2,Joe the Condor,2465118752,27,465,Front Throw,P1-C2,Saki,2461448704,20,move_definition,high,100.0,0,True,READY,,17,"High, Light Hit",17,0,,False,[],[17],1,[],20,"Target-acquired / contact-lock state (correlated), Unknown B bits 0x00000004",native low-bit route 0x4; target-acquired/contact-lock,0,0,0,0,,False,,False,,False,,False,,,False,,False,1560,1560,last_hit_single,True,1560,1560,0,0,hp_delta,False,False,1,0,1560,0,hit,"[""HP -1560""]",29054,27494,27494,44000,5979,6603,6603,624,624,31987,32708,32708,20450,20990,20990,0,0,0,1.0,1.0,1.0,1.0,False,0,0,0,4562,4562,4562,0x11D2 Action 4562,hitstun,hitstun,hitstun,hitstun,12,0,0,0,0,0.8616480231285095,0.7286866307258606,0.7286866307258606,0.0,0.0,0.0,0.0,0.0,0.0,-0.13296139240264893,0.0,-0.13296139240264893,0.0,-0.017978012561798096,0.0,-0.017978012561798096,0.0,0.0,0.0,0.0,0.0,0.0,False,False,False,False,False,1,source age 0f; current move definition; action ID matched; distance 0.02
6,native_damage_pipeline_plus_snapshot_contact_correlation_v6,2026-07-29T00:09:57Z,246,194,2,99972,99990,observation_window,P2-C2,Joe the Condor,2465118752,27,465,Front Throw,P1-C2,Saki,2461448704,20,move_definition,medium,76.0,0,True,READY,,17,"High, Light Hit",17,0,,False,[],[17],1,[],20,"Target-acquired / contact-lock state (correlated), Unknown B bits 0x00000004",native low-bit route 0x4; target-acquired/contact-lock,0,0,0,0,,False,,False,,False,,False,,,False,,False,3640,3640,last_hit_single,True,3640,3640,0,0,hp_delta,False,False,1,0,3640,0,hit,"[""HP -3640""]",27494,23854,24850,44000,6603,8059,7063,1456,1456,32708,34392,34871,20990,22253,22893,0,0,0,1.0,1.0,1.0,1.0,False,0,0,0,4562,4562,430,0x11D2 Action 4562 > 0x0050 Hard Knockdown > 0x0049 Knockdown Face Up > 0x0073 Forward Roll > 0x000A Action 10 > 0x000B Action 11 > 0x01A0 Action 416 > 0x01A1 Action 417 > 0x01AE Action 430,hitstun,hitstun,hitstun,hitstun > knockdown > wakeup > hitstun,12,0,0,0,0,0.7286866307258606,1.0657464265823364,7.895305156707764,0.0,37.288333892822266,6.658872127532959,0.0,37.288333892822266,6.658872127532959,0.33705979585647583,37.288333892822266,0.33705979585647583,37.288333892822266,-0.3419222831726074,7.129589080810547,3.987436294555664,6.658872127532959,53.592796325683594,7.129589080810547,30.165987718155858,37.28985725111563,7.1369447490977915,True,False,False,False,False,19,source age 0f; current move definition; action ID matched
6,native_damage_pipeline_plus_snapshot_contact_correlation_v6,2026-07-29T00:10:03Z,248,196,1,99987,99995,next_contact,P2-C1,Polimar,2457778656,4,266,j.B,P1-C1,Frank West,2454108608,30,move_definition_latched,medium,68.0,0,True,READY,,18,"High, Medium Hit",18,0,,False,[],[402653186],1,[],64,Standard-strike baseline,standard-strike baseline,0,0,0,0,,False,,False,,False,,False,,,False,,False,0,3640,last_hit_single,True,0,3640,0,0,blockstun_edge,False,False,1,0,3640,0,block,"[""blockstun +1"",""reaction hitstun->blockstun""]",40040,40040,40040,50000,0,0,0,0,0,34676,34871,35002,22633,22633,23088,0,0,0,1.0,1.0,1.0,1.0,False,0,0,0,11,11,261,0x000B Action 11 > 0x0016 Action 22 > 0x0132 Action 306 > 0x0003 Action 3 > 0x0105 Action 261,hitstun,blockstun,hitstun,blockstun > hitstun,12,1,0,0,0,1.4857488870620728,0.8577843904495239,0.5960758924484253,42.86630630493164,0.0,0.0,42.86630630493164,0.0,0.0,-0.6279644966125488,-42.86630630493164,-0.6279644966125488,-42.86630630493164,-13.931569933891296,-4.238567352294922,-12.582904934883118,-4.678972244262695,50.35291314125061,0.0,0.0,0.0,0.0,False,False,False,False,False,9,source age 0f; current move definition
6,native_damage_pipeline_plus_snapshot_contact_correlation_v6,2026-07-29T00:10:00Z,247,195,1,99978,99996,observation_window,P1-C1,Frank West,2454108608,30,258,5C,P2-C2,Joe the Condor,2465118752,27,move_definition_latched,medium,64.0,0,True,READY,,12,"Mid, Heavy Hit",12,16640,"No guard category, No strength tier, OTG + launch / soft-knockdown 0x00004100",False,[16640],[134234372],1,[],64,Standard-strike baseline,standard-strike baseline,0,0,0,0,,False,,False,,False,,False,,,False,,False,824,824,last_hit_single,True,824,824,0,0,hp_delta,False,False,1,0,824,0,hit,"[""HP -824"",""last-hit/action transition""]",39600,38776,38776,44000,1760,2090,2090,330,330,22253,22253,23628,34392,34392,35723,0,0,0,1.0,1.0,1.0,1.0,False,0,0,0,6,10,465,0x000A Action 10 > 0x0059 Spiral Knockdown > 0x0066 Knockdown Face Up > 0x0073 Forward Roll > 0x0006 Action 6 > 0x0001 Action 1 > 0x0015 Action 21 > 0x010B Action 267 > 0x0001 Action 1 > 0x0024 Action 36 > 0x001E Action 30 > 0x0001 Action 1 > 0x010A Action 266 > 0x01D1 Action 465,hitstun,hitstun,hitstun,hitstun > knockdown > wakeup > hitstun,21,0,0,0,0,1.5171589851379395,0.8339284062385559,0.7452524304389954,0.0,53.07972717285156,0.0,0.0,53.07972717285156,0.0,-0.6832305788993835,53.07972717285156,-0.6832305788993835,53.07972717285156,-0.6525452733039856,22.428293228149414,0.02049177885055542,0.0,42.16826629638672,0.0,0.0,0.0,0.0,True,False,False,False,False,19,source age 0f; current move definition
6,native_damage_pipeline_plus_snapshot_contact_correlation_v6,2026-07-29T00:10:07Z,249,197,1,99996,99996,next_contact,P2-C2,Joe the Condor,2465118752,27,465,Front Throw,P1-C1,Frank West,2454108608,30,move_definition,high,100.0,0,True,READY,,17,"High, Light Hit",17,0,,False,[],[17],1,[],20,"Target-acquired / contact-lock state (correlated), Unknown B bits 0x00000004",native low-bit route 0x4; target-acquired/contact-lock,0,0,0,0,,False,,False,,False,,False,,,False,,False,1560,1560,last_hit_single,True,1560,1560,0,0,hp_delta,False,False,1,0,1560,0,hit,"[""HP -1560"",""last-hit/action transition""]",40040,38480,38480,50000,0,624,624,624,624,35002,35723,35723,23088,23628,23628,0,0,0,1.0,1.0,1.0,1.0,False,0,0,0,261,4562,4562,0x11D2 Action 4562,hitstun,hitstun,hitstun,hitstun,12,0,0,0,0,0.5960758924484253,0.7247606515884399,0.7247606515884399,0.0,0.0,0.0,0.0,0.0,0.0,0.12868475914001465,0.0,0.12868475914001465,0.0,-0.02049177885055542,0.0,-0.02049177885055542,0.0,0.0,0.0,0.0,0.0,0.0,False,False,False,False,False,1,source age 0f; current move definition; action ID matched; distance 0.02
6,native_damage_pipeline_plus_snapshot_contact_correlation_v6,2026-07-29T00:10:09Z,251,198,1,100000,100003,reaction_complete,P2-C1,Polimar,2457778656,4,266,j.B,P1-C2,Saki,2461448704,20,move_definition_latched,medium,68.0,0,True,READY,,18,"High, Medium Hit",18,0,,False,[],[402653186],1,[],64,Standard-strike baseline,standard-strike baseline,0,0,0,0,,False,,False,,False,,False,,,False,,False,740,740,last_hit_single,True,740,740,0,0,hp_delta,False,False,1,0,740,0,hit,"[""HP -740"",""last-hit/action transition""]",25774,25034,25150,44000,6139,6435,6319,296,296,37407,37748,38711,24891,25147,26323,0,0,0,1.0,1.0,1.0,1.0,False,0,0,0,430,426,430,0x01AA Action 426 > 0x0041 Overhead Hitstun > 0x01A1 Action 417 > 0x01AE Action 430,hitstun,hitstun,neutral,hitstun > neutral,12,0,0,0,0,5.884535789489746,0.8822611570358276,9.066689491271973,13.087542533874512,40.420196533203125,7.396136283874512,13.087542533874512,40.420196533203125,7.396136283874512,-5.0022746324539185,27.332653999328613,-5.0022746324539185,27.332653999328613,-14.03630268573761,35.96423625946045,-5.859333038330078,-0.5068378448486328,36.47107410430908,0.0,0.0,0.0,0.0,False,False,False,False,False,4,source age 0f; current move definition
6,native_damage_pipeline_plus_snapshot_contact_correlation_v6,2026-07-29T00:10:08Z,250,197,2,99997,100006,next_contact,P2-C2,Joe the Condor,2465118752,27,465,Front Throw,P1-C1,Frank West,2454108608,30,move_definition,medium,76.0,0,True,READY,,17,"High, Light Hit",17,0,,False,[],[17],1,[],20,"Target-acquired / contact-lock state (correlated), Unknown B bits 0x00000004",native low-bit route 0x4; target-acquired/contact-lock,0,0,0,0,,False,,False,,False,,False,,,False,,False,3640,3640,last_hit_single,True,3640,3640,0,0,hp_delta,False,False,1,0,3640,0,hit,"[""HP -3640""]",38480,34840,34840,50000,624,2080,2080,1456,1456,35723,37407,38711,23628,24891,26583,0,0,0,1.0,1.0,1.0,1.0,False,0,0,0,4562,4562,2,0x11D2 Action 4562 > 0x0049 Knockdown Face Up > 0x0067 Wakeup Transition > 0x0001 Action 1 > 0x0002 Action 2 > 0x0109 Action 265 > 0x0014 Action 20 > 0x000B Action 11 > 0x0002 Action 2,hitstun,hitstun,hitstun,hitstun > knockdown > wakeup > hitstun,12,0,0,0,0,0.7247606515884399,0.598030686378479,0.8617988228797913,0.0,0.0,38.00702667236328,0.0,0.0,38.00702667236328,-0.12672996520996094,0.0,-0.12672996520996094,0.0,-1.0119677782058716,-23.46675682067871,0.007190704345703125,-14.09720230102539,35.10478115081787,23.46675682067871,23.48268428830999,0.12672996520996094,23.487692529028227,True,False,False,False,False,10,source age 0f; current move definition; action ID matched
6,native_damage_pipeline_plus_snapshot_contact_correlation_v6,2026-07-29T00:10:12Z,253,200,1,100007,100008,next_contact,P2-C2,Joe the Condor,2465118752,27,267,j.C,P1-C1,Frank West,2454108608,30,move_definition,medium,76.0,0,True,READY,,20,"High, Heavy Hit",20,524288,"No guard category, No strength tier, Air knockdown 0x00080000",False,[524288],[134742020],1,[],64,Standard-strike baseline,standard-strike baseline,0,0,0,0,,False,,False,,False,,False,,,False,,False,2700,2700,last_hit_single,True,2700,2700,0,0,hp_delta,False,False,1,0,2700,0,hit,"[""HP -2700"",""hitstun +9"",""last-hit/action transition""]",34840,32140,32140,50000,2080,3160,3160,1080,1080,38711,40155,40285,26583,27518,27518,0,0,0,1.0,1.0,1.0,1.0,False,0,0,0,2,306,65,0x0132 Action 306 > 0x0041 Overhead Hitstun,hitstun,hitstun,hitstun,hitstun,21,0,0,0,0,0.8617988228797913,0.6591975092887878,0.2669109106063843,38.00702667236328,39.883419036865234,0.0,38.00702667236328,39.883419036865234,0.0,-0.20260131359100342,1.8763923645019531,-0.20260131359100342,1.8763923645019531,0.0,0.0,-0.20780622959136963,0.0,0.20780622959136963,0.0,0.0,0.0,0.0,False,False,False,False,False,2,source age 0f; current move definition; action ID matched
6,native_damage_pipeline_plus_snapshot_contact_correlation_v6,2026-07-29T00:10:10Z,252,199,1,100002,100009,next_contact,P1-C1,Frank West,2454108608,30,306,Zombie Grab C,P2-C2,Joe the Condor,2465118752,27,live_attack_actor,medium,80.0,0,True,READY,,1,"Unblockable, Light Hit",1,0,,False,[],[1],0,[],262290,"Special chip route B, one-eighth damage, Spawned-attack core flag (correlated), Target-acquired / contact-lock state (correlated), Spawned-actor contact family 0x80 (correlated)",spawned-attack core; target-acquired/contact-lock; spawned-actor contact family; special chip route,0,0,16,2444319156,,False,,False,,False,,False,,,False,,False,2400,2400,last_hit_single,True,2400,2400,0,0,hp_delta,False,False,1,0,2400,0,hit,"[""HP -2400"",""last-hit/action transition""]",38776,36376,36376,44000,2090,3050,3050,960,960,25147,26323,27645,37878,38711,40455,0,0,0,1.0,1.0,1.0,1.0,False,0,0,0,265,30,257,0x001E Action 30 > 0x1207 Action 4615 > 0x0002 Action 2 > 0x0001 Action 1 > 0x0014 Action 20 > 0x010B Action 267 > 0x0101 Action 257,hitstun,hitstun,hitstun,hitstun,12,0,0,0,0,1.9488575458526611,2.2063913345336914,1.6121768951416016,0.0,32.780696868896484,0.0,0.0,32.780696868896484,0.0,0.2575337886810303,32.780696868896484,0.2575337886810303,32.780696868896484,-0.22377705574035645,5.0158843994140625,0.6552917957305908,0.0,25.73522663116455,0.0,0.0,0.0,0.0,False,False,False,False,False,8,source age 0f; live attack actor
6,native_damage_pipeline_plus_snapshot_contact_correlation_v6,2026-07-29T00:10:13Z,254,201,1,100009,100011,reaction_complete,P2-C2,Joe the Condor,2465118752,27,257,5B,P1-C1,Frank West,2454108608,30,move_definition,medium,88.0,0,True,READY,,10,"Mid, Medium Hit",10,0,,False,[],[134217730],1,[],64,Standard-strike baseline,standard-strike baseline,0,0,0,0,,False,,False,,False,,False,,,False,,False,0,2700,last_hit_single,True,0,2700,0,0,blockstun_edge,False,False,1,0,2700,0,block,"[""blockstun +6"",""reaction hitstun->blockstun""]",32140,32140,32140,50000,3160,3160,3160,0,0,40285,40455,40731,27518,27645,28015,0,0,0,1.0,1.0,1.0,1.0,False,0,0,0,65,10,417,0x000A Action 10 > 0x01A0 Action 416 > 0x01A1 Action 417,hitstun,blockstun,neutral,blockstun > neutral,0,6,0,0,0,0.2669109106063843,0.9568850994110107,7.347357749938965,0.0,0.0,7.054242134094238,0.0,0.0,7.054242134094238,0.6899741888046265,0.0,0.6899741888046265,0.0,-0.6552917957305908,0.0,5.7202876806259155,-58.235873222351074,64.84616374969482,0.0,0.0,0.0,0.0,False,False,False,False,False,3,source age 0f; current move definition; distance 0.66
6,native_damage_pipeline_plus_snapshot_contact_correlation_v6,2026-07-29T00:10:14Z,255,202,1,100010,100017,next_contact,P1-C1,Frank West,2454108608,30,306,Zombie Grab C,P2-C2,Joe the Condor,2465118752,27,live_attack_actor,medium,84.0,0,True,READY,,1,"Unblockable, Light Hit",1,0,,False,[],[1],0,[],262274,"Special chip route B, one-eighth damage, Spawned-attack core flag (correlated), Spawned-actor contact family 0x80 (correlated)",spawned-attack core; spawned-actor contact family; special chip route,0,0,8208,2444319156,,False,,False,,False,,False,,,False,,False,800,800,last_hit_single,True,800,800,0,0,hp_delta,False,False,1,0,800,0,hit,"[""HP -800"",""hitstun +9"",""last-hit/action transition""]",36376,35576,35576,44000,3050,3370,3370,320,320,27645,28015,28015,40455,40731,40731,0,0,0,1.0,1.0,1.0,1.0,False,0,0,0,257,10,19,0x000A Action 10 > 0x0059 Spiral Knockdown > 0x0066 Knockdown Face Up > 0x0073 Forward Roll > 0x0007 Action 7 > 0x0013 Action 19,hitstun,hitstun,hitstun,hitstun > knockdown > wakeup > hitstun,21,0,0,0,0,1.6121768951416016,1.0077863931655884,4.408517360687256,0.0,30.159042358398438,17.762929916381836,0.0,30.159042358398438,17.762929916381836,-0.6043905019760132,30.159042358398438,-0.6043905019760132,30.159042358398438,-0.6920167207717896,-6.61029052734375,-5.22974157333374,16.1266747713089,64.84616374969482,0.0,0.0,0.0,0.0,True,False,False,False,False,8,source age 0f; live attack actor
6,native_damage_pipeline_plus_snapshot_contact_correlation_v6,2026-07-29T00:10:17Z,256,203,1,100018,100022,reaction_complete,P1-C1,Frank West,2454108608,30,306,Zombie Grab C,P2-C2,Joe the Condor,2465118752,27,live_attack_actor,high,108.0,0,True,READY,,9,"Mid, Light Hit",9,0,,False,[],[9],0,[],537657478,"Special chip route B, one-eighth damage, Spawned-attack core flag (correlated), Spawned-actor contact family 0x80 (correlated), Capture/cinematic modifier 0x00080000 (correlated), Unknown B bits 0x20000004",spawned-attack core; native low-bit route 0x4; spawned-actor contact family; special chip route; capture/cinematic modifier,0,0,16,2444319156,,False,,False,,False,,False,,,False,,False,2400,2400,last_hit_single,True,2400,2400,0,0,hp_delta,False,False,1,0,2400,0,hit,"[""HP -2400"",""last-hit/action transition""]",35576,33176,33176,44000,3370,4330,4330,960,960,28015,29126,29127,40731,41629,41694,0,0,0,1.0,1.0,1.0,1.0,False,0,0,0,19,21,1,0x0015 Action 21 > 0x1207 Action 4615 > 0x0040 Standing Hitstun > 0x0103 Action 259 > 0x0001 Action 1,hitstun,hitstun,neutral,hitstun > neutral,21,0,0,0,0,4.408517360687256,3.247586250305176,1.7121042013168335,17.762929916381836,0.0,0.0,17.762929916381836,0.0,0.0,-1.16093111038208,-17.762929916381836,-1.16093111038208,-17.762929916381836,-0.6000912189483643,0.0,-8.930033326148987,-4.664677143096924,8.48958432674408,0.0,0.0,0.0,0.0,False,False,False,False,False,5,source age 0f; live attack actor; distance 0.60
6,native_damage_pipeline_plus_snapshot_contact_correlation_v6,2026-07-29T00:10:22Z,257,204,1,100029,100030,next_contact,P2-C1,Polimar,2457778656,4,266,j.B,P1-C2,Saki,2461448704,20,move_definition_latched,medium,68.0,0,True,READY,,18,"High, Medium Hit",18,0,,False,[],[402653186],1,[],64,Standard-strike baseline,standard-strike baseline,0,0,0,0,,False,,False,,False,,False,,,False,,False,2700,2700,last_hit_single,True,2700,2700,0,0,hp_delta,False,False,1,0,2700,0,hit,"[""HP -2700""]",25866,23166,23166,44000,0,1080,1080,1080,1080,41694,43138,43138,29127,30062,30062,0,0,0,1.0,1.0,1.0,1.0,False,0,0,0,1,1,65,0x0001 Action 1 > 0x0041 Overhead Hitstun,neutral,neutral,hitstun,neutral > hitstun,21,0,0,0,0,0.6390852332115173,0.40256863832473755,1.264774203300476,0.0,48.54391860961914,0.0,0.0,48.54391860961914,0.0,-0.23651659488677979,48.54391860961914,-0.23651659488677979,48.54391860961914,-11.497929751873016,41.63072729110718,-10.193280339241028,-6.792388439178467,48.423115730285645,0.0,0.0,0.0,0.0,False,False,False,False,False,2,source age 0f; current move definition
6,native_damage_pipeline_plus_snapshot_contact_correlation_v6,2026-07-29T00:10:23Z,258,204,2,100031,100032,next_contact,P2-C1,Polimar,2457778656,4,266,j.B,P1-C2,Saki,2461448704,20,move_definition_latched,medium,68.0,0,True,READY,,18,"High, Medium Hit",18,0,,False,[],[402653186],1,[],64,Standard-strike baseline,standard-strike baseline,0,0,0,0,,False,,False,,False,,False,,,False,,False,2820,2820,last_hit_single,True,2820,2820,0,0,hp_delta,False,False,1,0,2820,0,hit,"[""HP -2820""]",23166,20346,20346,44000,1080,2208,2208,1128,1128,43138,44638,44638,30062,31040,31040,0,0,0,1.0,1.0,1.0,1.0,False,0,0,0,65,65,97,0x0041 Overhead Hitstun > 0x0061 Launched,hitstun,hitstun,hitstun,hitstun,21,0,0,0,0,1.264774203300476,0.6924047470092773,0.7875073552131653,0.0,50.23493194580078,49.97734451293945,0.0,50.23493194580078,49.97734451293945,-0.5723694562911987,50.23493194580078,-0.5723694562911987,50.23493194580078,-10.457925796508789,50.12170246243477,-9.811526000499725,43.002127170562744,7.1195752918720245,8.490975171327591,6.841215736814146,1.7156721927692244,8.554429705554593,False,False,False,False,False,2,source age 0f; current move definition
6,native_damage_pipeline_plus_snapshot_contact_correlation_v6,2026-07-29T00:10:24Z,259,205,1,100033,100036,next_contact,P2-C2,Joe the Condor,2465118752,27,265,j.A,P1-C2,Saki,2461448704,20,move_definition,medium,80.0,0,True,READY,,17,"High, Light Hit",17,0,,False,[],[402653185],1,[],64,Standard-strike baseline,standard-strike baseline,0,0,0,0,,False,,False,,False,,False,,,False,,False,926,926,last_hit_single,True,926,926,0,0,hp_delta,False,False,1,0,926,0,hit,"[""HP -926""]",20346,19420,19420,44000,2208,2579,2579,371,371,44638,45129,45129,31040,31359,31359,0,0,0,1.0,1.0,1.0,1.0,False,0,0,0,97,97,1,0x0061 Launched > 0x00A0 Air Recovery > 0x0001 Action 1,hitstun,hitstun,hitstun,hitstun > air_recovery > hitstun,12,0,0,0,0,0.7875073552131653,0.76543128490448,0.656075119972229,49.97734451293945,66.41170501708984,44.861663818359375,49.97734451293945,66.41170501708984,44.861663818359375,-0.022076070308685303,16.43436050415039,-0.022076070308685303,16.43436050415039,0.09576141834259033,4.339199066162109,-0.3203001022338867,-6.404468536376953,35.46211242675781,0.0,0.0,0.0,0.0,False,False,True,False,False,4,source age 0f; current move definition; action ID matched
6,native_damage_pipeline_plus_snapshot_contact_correlation_v6,2026-07-29T00:10:25Z,260,206,1,100037,100043,next_contact,P2-C1,Polimar,2457778656,4,426,assist attack,P1-C2,Saki,2461448704,20,move_definition,medium,80.0,0,True,READY,,12,"Mid, Heavy Hit",12,256,"No guard category, No strength tier, Launch / soft-knockdown route 0x00000100",False,[256],[260],4,"[1,2,3,4]",16777280,"Standard-strike baseline, Repeat-contact handling",standard-strike baseline; repeat-contact handling,12,16777280,0,0,,False,,False,,False,,False,,,False,,False,3329,,ambiguous_coalesced,False,3329,2729,600,0,hp_delta,False,True,2,0,3329,0,hit,"[""HP -3329"",""hitstun +9""]",19420,16091,16091,44000,2579,3911,3911,1332,1332,45129,46861,46991,31359,32510,32510,0,0,0,1.0,1.0,1.0,1.0,False,0,0,0,1,1,1,0x0001 Action 1 > 0x005F Forced Roll > 0x0001 Action 1,hitstun,hitstun,hitstun,hitstun > knockdown > hitstun,21,0,0,0,0,0.656075119972229,1.533016324043274,0.44657084345817566,44.861663818359375,9.980353355407715,66.75137329101562,44.861663818359375,9.980353355407715,66.75137329101562,0.8769412040710449,-34.88131046295166,0.8769412040710449,-34.88131046295166,-0.5388981103897095,-11.766871452331543,-10.720200091600418,61.13780975341797,76.82443332672119,0.0,0.0,0.0,0.0,True,False,False,False,False,7,source age 0f; current move definition; action ID matched
6,native_damage_pipeline_plus_snapshot_contact_correlation_v6,2026-07-29T00:10:28Z,261,207,1,100044,100045,next_contact,P2-C2,Joe the Condor,2465118752,27,267,j.C,P1-C2,Saki,2461448704,20,move_definition,medium,80.0,0,True,READY,,20,"High, Heavy Hit",20,524288,"No guard category, No strength tier, Air knockdown 0x00080000",False,[524288],[134742020],1,[],64,Standard-strike baseline,standard-strike baseline,0,0,0,0,,False,,False,,False,,False,,,False,,False,2700,2700,last_hit_single,True,2700,2700,0,0,hp_delta,False,False,1,0,2700,0,hit,"[""HP -2700""]",16091,13391,13391,44000,3911,4991,4991,1080,1080,46991,48435,48435,32510,33445,33445,0,0,0,1.0,1.0,1.0,1.0,False,0,0,0,1,1,65,0x0001 Action 1 > 0x0041 Overhead Hitstun,hitstun,hitstun,hitstun,hitstun,21,0,0,0,0,0.44657084345817566,0.4692991077899933,1.2895714044570923,66.75137329101562,46.05727767944336,0.0,66.75137329101562,46.05727767944336,0.0,0.022728264331817627,-20.694095611572266,0.022728264331817627,-20.694095611572266,0.0,0.0,-0.041514039039611816,0.0,0.041514039039611816,0.0,0.0,0.0,0.0,False,False,False,False,False,2,source age 0f; current move definition; action ID matched
6,native_damage_pipeline_plus_snapshot_contact_correlation_v6,2026-07-29T00:10:29Z,262,208,1,100046,100054,next_contact,P2-C1,Polimar,2457778656,4,426,assist attack,P1-C2,Saki,2461448704,20,move_definition_latched,medium,68.0,0,True,READY,,12,"Mid, Heavy Hit",12,256,"No guard category, No strength tier, Launch / soft-knockdown route 0x00000100",False,[256],[260],4,"[1,2,3,4]",16777280,"Standard-strike baseline, Repeat-contact handling",standard-strike baseline; repeat-contact handling,12,16777280,0,0,,False,,False,,False,,False,,,False,,False,2820,2820,last_hit_single,True,2820,2820,0,0,hp_delta,False,False,1,0,2820,0,hit,"[""HP -2820""]",13391,10571,10571,44000,4991,6119,6119,1128,1128,48435,49935,50000,33445,34423,34423,0,0,0,1.0,1.0,1.0,1.0,False,0,0,0,65,65,1,0x0041 Overhead Hitstun > 0x0061 Launched > 0x00A0 Air Recovery > 0x0021 Action 33 > 0x0001 Action 1,hitstun,hitstun,hitstun,hitstun > air_recovery > hitstun,21,0,0,0,0,1.2895714044570923,0.6762865781784058,0.648126482963562,0.0,49.28032684326172,0.0,0.0,49.28032684326172,0.0,-0.6132848262786865,49.28032684326172,-0.6132848262786865,49.28032684326172,-11.28993809223175,48.81278830766678,-11.51574718952179,-5.996251106262207,91.81880569458008,0.0,0.0,0.0,0.0,False,False,True,False,False,9,source age 0f; current move definition
6,native_damage_pipeline_plus_snapshot_contact_correlation_v6,2026-07-29T00:10:32Z,263,209,1,100055,100056,next_contact,P2-C2,Joe the Condor,2465118752,27,465,Front Throw,P1-C2,Saki,2461448704,20,move_definition,high,104.0,0,True,READY,,17,"High, Light Hit",17,0,,False,[],[17],1,[],20,"Target-acquired / contact-lock state (correlated), Unknown B bits 0x00000004",native low-bit route 0x4; target-acquired/contact-lock,0,0,0,0,,False,,False,,False,,False,,,False,,False,1248,1248,last_hit_single,True,1248,1248,0,0,hp_delta,False,False,1,0,1248,0,hit,"[""HP -1248"",""last-hit/action transition""]",10571,9323,9323,44000,6119,6619,6619,500,500,50000,50000,50000,34423,34963,34963,0,0,0,1.0,1.0,1.0,1.0,False,0,0,0,1,4562,4562,0x11D2 Action 4562,hitstun,hitstun,hitstun,hitstun,12,0,0,0,0,0.648126482963562,0.70490562915802,0.8228206634521484,0.0,0.0,0.0,0.0,0.0,0.0,0.05677914619445801,0.0,0.05677914619445801,0.0,-0.02105468511581421,0.0,-0.24292540550231934,-37.28834915161133,37.28834915161133,0.0,0.0,0.0,0.0,False,False,False,False,False,2,source age 0f; current move definition; action ID matched; distance 0.02
6,native_damage_pipeline_plus_snapshot_contact_correlation_v6,2026-07-29T00:10:33Z,264,209,2,100057,100060,next_contact,P2-C2,Joe the Condor,2465118752,27,465,Front Throw,P1-C2,Saki,2461448704,20,move_definition,high,104.0,0,True,READY,,17,"High, Light Hit",17,0,,False,[],[17],1,[],20,"Target-acquired / contact-lock state (correlated), Unknown B bits 0x00000004",native low-bit route 0x4; target-acquired/contact-lock,0,0,0,0,,False,,False,,False,,False,,,False,,False,2912,2912,last_hit_single,True,2912,2912,0,0,hp_delta,False,False,1,0,2912,0,hit,"[""HP -2912""]",9323,6411,6411,44000,6619,7784,7784,1165,1165,50000,50000,50000,34963,36226,36226,0,0,0,1.0,1.0,1.0,1.0,False,0,0,0,4562,4562,113,0x11D2 Action 4562 > 0x0049 Knockdown Face Up > 0x0067 Wakeup Transition > 0x0071 Get Up Face Up,hitstun,hitstun,wakeup,hitstun > knockdown > wakeup,12,0,0,0,0,0.8228206634521484,2.8698461055755615,0.6441137790679932,0.0,0.0,61.224735260009766,0.0,0.0,61.224735260009766,2.047025442123413,0.0,2.047025442123413,0.0,0.06995415687561035,0.0,-0.0882643461227417,-0.6015357971191406,0.6015357971191406,0.09100884199142456,2.073931634426117,2.1649404764175415,0.09100884199142456,True,False,False,True,False,4,source age 0f; current move definition; action ID matched; distance 0.07
6,native_damage_pipeline_plus_snapshot_contact_correlation_v6,2026-07-29T00:10:34Z,265,210,1,100061,100064,reaction_complete,P2-C2,Joe the Condor,2465118752,27,267,j.C,P1-C2,Saki,2461448704,20,move_definition,medium,80.0,0,True,READY,,20,"High, Heavy Hit",20,524288,"No guard category, No strength tier, Air knockdown 0x00080000",False,[524288],[134742020],1,[],64,Standard-strike baseline,standard-strike baseline,0,0,0,0,,False,,False,,False,,False,,,False,,False,2160,2160,last_hit_single,True,2160,2160,0,0,hp_delta,False,False,1,0,2160,0,hit,"[""HP -2160"",""reaction wakeup->hitstun"",""last-hit/action transition""]",6411,4251,4251,44000,7784,8648,8648,864,864,50000,50000,50000,36226,37161,37161,0,0,0,1.0,1.0,1.0,1.0,False,0,0,0,113,1,1,0x0001 Action 1 > 0x0041 Overhead Hitstun > 0x0001 Action 1,wakeup,hitstun,neutral,hitstun > neutral,14,0,0,0,0,0.6441137790679932,0.6066519618034363,1.207863450050354,61.224735260009766,41.52326583862305,0.0,61.224735260009766,41.52326583862305,0.0,-0.037461817264556885,-19.70146942138672,-0.037461817264556885,-19.70146942138672,0.0,0.0,0.046021223068237305,0.0,0.05960702896118164,0.0,0.0,0.0,0.0,False,False,False,True,False,4,source age 0f; current move definition; action ID matched
6,native_damage_pipeline_plus_snapshot_contact_correlation_v6,2026-07-29T00:10:36Z,266,211,1,100066,100067,next_contact,P2-C2,Joe the Condor,2465118752,27,468,Back Throw,P1-C2,Saki,2461448704,20,move_definition,high,104.0,0,True,READY,,17,"High, Light Hit",17,0,,False,[],[17],1,[],20,"Target-acquired / contact-lock state (correlated), Unknown B bits 0x00000004",native low-bit route 0x4; target-acquired/contact-lock,0,0,0,0,,False,,False,,False,,False,,,False,,False,1092,1092,last_hit_single,True,1092,1092,0,0,hp_delta,False,False,1,0,1092,0,hit,"[""HP -1092"",""hitstun +12"",""reaction neutral->hitstun"",""last-hit/action transition""]",4251,3159,3159,44000,8648,9085,9085,437,437,50000,50000,50000,37356,37896,37896,0,0,0,1.0,1.0,1.0,1.0,False,0,0,0,1,4565,4565,0x11D5 Action 4565,neutral,hitstun,hitstun,hitstun,12,0,0,0,0,0.5525723099708557,0.731605589389801,0.7387557029724121,0.0,0.0,0.0,0.0,0.0,0.0,0.1790332794189453,0.0,0.1790332794189453,0.0,0.024163663387298584,0.0,0.032211899757385254,0.0,0.00804823637008667,0.0,0.0,0.0,0.0,False,False,False,False,False,2,source age 0f; current move definition; action ID matched; distance 0.02
6,native_damage_pipeline_plus_snapshot_contact_correlation_v6,2026-07-29T00:10:38Z,267,211,2,100068,100077,next_contact,P2-C2,Joe the Condor,2465118752,27,468,Back Throw,P1-C2,Saki,2461448704,20,move_definition,high,92.0,0,True,READY,,17,"High, Light Hit",17,0,,False,[],[17],1,[],20,"Target-acquired / contact-lock state (correlated), Unknown B bits 0x00000004",native low-bit route 0x4; target-acquired/contact-lock,0,0,0,0,,False,,False,,False,,False,,,False,,False,2548,2548,last_hit_single,True,2548,2548,0,0,hp_delta,False,False,1,0,2548,0,hit,"[""HP -2548""]",3159,611,611,44000,9085,10105,10105,1020,1020,50000,50000,50000,37896,39159,39159,0,0,0,1.0,1.0,1.0,1.0,False,0,0,0,4565,4565,1,0x11D5 Action 4565 > 0x0071 Get Up Face Up > 0x0001 Action 1,hitstun,hitstun,hitstun,hitstun > wakeup > hitstun,12,0,0,0,0,0.7387557029724121,1.838984489440918,0.8214545845985413,0.0,0.0,0.0,0.0,0.0,0.0,1.1002287864685059,0.0,1.1002287864685059,0.0,-0.2568812370300293,0.0,0.0,0.0,25.690146446228027,0.2810449004173279,1.3884238004684448,1.107378900051117,0.2810449004173279,False,False,False,False,False,10,source age 0f; current move definition; distance 0.26
6,native_damage_pipeline_plus_snapshot_contact_correlation_v6,2026-07-29T00:10:41Z,268,212,1,100078,100096,observation_window,P2-C2,Joe the Condor,2465118752,27,258,5C,P1-C2,Saki,2461448704,20,move_definition,high,104.0,0,True,READY,,12,"Mid, Heavy Hit",12,0,,False,[],[134217732],1,[],64,Standard-strike baseline,standard-strike baseline,0,0,0,0,,False,,False,,False,,False,,,False,,False,611,1750,last_hit_single,True,611,1750,0,1139,hp_delta,False,False,1,0,1750,0,KO,"[""HP -611"",""hitstun +9""]",611,0,0,44000,10105,0,0,-10105,0,50000,50000,50000,39159,40026,40026,0,0,0,1.0,1.0,1.0,1.0,False,0,0,0,1,1,154,0x0001 Action 1 > 0x009A KO,hitstun,hitstun,ko,hitstun > ko,21,0,0,0,0,0.8214545845985413,0.6641436815261841,0.37849390506744385,0.0,0.0,13.759076118469238,0.0,0.0,13.759076118469238,-0.15731090307235718,0.0,-0.15731090307235718,0.0,0.0,0.0,-0.23115837574005127,-18.82456111907959,254.96769572794437,0.0,0.0,0.0,0.0,False,False,False,False,False,19,source age 0f; current move definition; action ID matched; distance 0.00
6,native_damage_pipeline_plus_snapshot_contact_correlation_v6,2026-07-29T00:10:47Z,269,213,1,100097,100098,next_contact,P2-C2,Joe the Condor,2465118752,27,265,j.A,P1-C1,Frank West,2454108608,30,move_definition,medium,80.0,0,True,READY,,17,"High, Light Hit",17,0,,False,[],[402653185],1,[],64,Standard-strike baseline,standard-strike baseline,0,0,0,0,,False,,False,,False,,False,,,False,,False,740,740,last_hit_single,True,740,740,0,0,hp_delta,False,False,1,0,740,0,hit,"[""HP -740"",""hitstun +12"",""reaction neutral->hitstun""]",35300,34560,34560,50000,0,296,296,296,296,50000,50000,50000,40026,40282,40282,0,0,0,1.0,1.0,1.0,1.0,False,0,0,0,1,1,1,0x0001 Action 1,neutral,hitstun,neutral,hitstun > neutral,12,0,0,0,0,0.5236663222312927,0.2754353880882263,0.887312650680542,12.566040992736816,77.54216766357422,0.0,12.566040992736816,77.54216766357422,0.0,-0.2482309341430664,64.9761266708374,-0.2482309341430664,64.9761266708374,0.07431930303573608,-9.782920837402344,0.15319007635116577,0.0,9.782920837402344,0.0,0.0,0.0,0.0,False,False,False,False,False,2,source age 0f; current move definition; action ID matched
6,native_damage_pipeline_plus_snapshot_contact_correlation_v6,2026-07-29T00:10:47Z,270,214,1,100099,100117,observation_window,P2-C2,Joe the Condor,2465118752,27,258,5C,P1-C1,Frank West,2454108608,30,move_definition,high,104.0,0,True,READY,,12,"Mid, Heavy Hit",12,0,,False,[],[134217732],1,[],64,Standard-strike baseline,standard-strike baseline,0,0,0,0,,False,,False,,False,,False,,,False,,False,2500,2500,last_hit_single,True,2500,2500,0,0,hp_delta,False,False,1,0,2500,0,hit,"[""HP -2500""]",34560,32060,32060,50000,296,1296,1296,1000,1000,50000,50000,50000,40282,41149,41149,0,0,0,1.0,1.0,1.0,1.0,False,0,0,0,1,1,64,0x0001 Action 1 > 0x0040 Standing Hitstun,neutral,neutral,hitstun,neutral > hitstun,21,0,0,0,0,0.887312650680542,0.7119497656822205,0.7119497656822205,0.0,0.0,0.0,0.0,0.0,0.0,-0.17536288499832153,0.0,-0.17536288499832153,0.0,0.0,0.0,0.0,0.0,0.0,0.0,0.0,0.0,0.0,False,False,False,False,False,19,source age 0f; current move definition; action ID matched; distance 0.00
6,native_damage_pipeline_plus_snapshot_contact_correlation_v6,2026-07-29T00:16:19Z,271,215,1,101775,101775,next_contact,P2-C2,Joe the Condor,2465118752,27,258,5C,P1-C1,Frank West,2454108608,30,move_definition,high,102.25,1,True,READY,,12,"Mid, Heavy Hit",12,0,,False,[],[134217732],1,[],64,Standard-strike baseline,standard-strike baseline,0,0,0,0,,False,,False,,False,,False,,,False,,False,1480,1480,last_hit_single,True,1480,1480,0,0,hp_delta,False,False,1,0,1480,0,hit,"[""HP -1480"",""reaction hitstun->neutral""]",32060,30580,30580,50000,1296,1888,1888,592,592,50000,50000,50000,41149,41857,41857,0,0,0,1.0,1.0,1.0,1.0,False,0,0,0,64,1,1,0x0001 Action 1,hitstun,neutral,neutral,neutral,0,0,0,0,0,1.0615808963775635,1.6119709014892578,1.6119709014892578,0.0,0.0,0.0,0.0,0.0,0.0,0.5503900051116943,0.0,0.5503900051116943,0.0,0.12460589408874512,0.0,0.12460589408874512,0.0,0.0,0.0,0.0,0.0,0.0,False,False,False,False,False,1,source age 1f; current move definition; action ID matched; distance 0.12
6,native_damage_pipeline_plus_snapshot_contact_correlation_v6,2026-07-29T00:16:20Z,272,215,2,101776,101778,next_contact,P2-C2,Joe the Condor,2465118752,27,258,5C,P1-C1,Frank West,2454108608,30,move_definition,high,104.0,0,True,READY,,12,"Mid, Heavy Hit",12,0,,False,[],[134217732],1,[],64,Standard-strike baseline,standard-strike baseline,0,0,0,0,,False,,False,,False,,False,,,False,,False,2375,2375,last_hit_single,True,2375,2375,0,0,hp_delta,False,False,1,0,2375,0,hit,"[""HP -2375"",""hitstun +5"",""reaction neutral->hitstun"",""last-hit/action transition""]",30580,28205,28205,50000,1888,2838,2838,950,950,50000,50000,50000,41857,42679,42874,0,0,0,1.0,1.0,1.0,1.0,False,0,0,0,1,64,258,0x0040 Standing Hitstun > 0x0102 Action 258,neutral,hitstun,neutral,hitstun > neutral,5,0,0,0,0,1.6119709014892578,1.3648438453674316,0.5645448565483093,0.0,0.0,70.47529602050781,0.0,0.0,70.47529602050781,-0.24712705612182617,0.0,-0.24712705612182617,0.0,0.1536571979522705,0.0,-0.013288736343383789,2.7807464599609375,39.43840408325195,0.02905130386352539,0.27617835998535156,0.24712705612182617,0.02905130386352539,False,False,False,False,False,3,source age 0f; current move definition; action ID matched; distance 0.15
6,native_damage_pipeline_plus_snapshot_contact_correlation_v6,2026-07-29T00:16:21Z,273,216,1,101779,101780,next_contact,P2-C2,Joe the Condor,2465118752,27,267,j.C,P1-C1,Frank West,2454108608,30,move_definition,high,92.0,0,True,READY,,20,"High, Heavy Hit",20,524288,"No guard category, No strength tier, Air knockdown 0x00080000",False,[524288],[134742020],1,[],64,Standard-strike baseline,standard-strike baseline,0,0,0,0,,False,,False,,False,,False,,,False,,False,2700,2700,last_hit_single,True,2700,2700,0,0,hp_delta,False,False,1,0,2700,0,hit,"[""HP -2700"",""hitstun +21"",""reaction neutral->hitstun""]",28205,25505,25505,50000,2838,3918,3918,1080,1080,50000,50000,50000,42874,43809,44787,0,0,0,1.0,1.0,1.0,1.0,False,0,0,0,258,258,65,0x0102 Action 258 > 0x0041 Overhead Hitstun,neutral,hitstun,hitstun,hitstun,21,0,0,0,0,0.5645448565483093,0.8447855710983276,0.606892466545105,70.47529602050781,0.0,0.0,70.47529602050781,0.0,0.0,0.2802407145500183,-70.47529602050781,0.2802407145500183,-70.47529602050781,-0.31575286388397217,0.0,-0.033117055892944336,0.0,0.28263580799102783,0.0,0.0,0.0,0.0,False,False,False,False,False,2,source age 0f; current move definition; distance 0.32
6,native_damage_pipeline_plus_snapshot_contact_correlation_v6,2026-07-29T00:16:22Z,274,217,1,101781,101794,next_contact,P2-C1,Polimar,2457778656,4,426,assist attack,P1-C1,Frank West,2454108608,30,move_definition_latched,medium,68.0,0,True,READY,,12,"Mid, Heavy Hit",12,256,"No guard category, No strength tier, Launch / soft-knockdown route 0x00000100",False,[256],[260],4,"[1,2,3,4]",16777280,"Standard-strike baseline, Repeat-contact handling",standard-strike baseline; repeat-contact handling,12,16777280,0,0,,False,,False,,False,,False,,,False,,False,2820,2820,last_hit_single,True,2820,2820,0,0,hp_delta,False,False,1,0,2820,0,hit,"[""HP -2820"",""hitstun +18"",""last-hit/action transition""]",25505,22685,22685,50000,3918,5046,5046,1128,1128,50000,50000,50000,44787,44787,45112,0,0,0,1.0,1.0,1.0,1.0,False,0,0,0,65,10,256,0x000A Action 10 > 0x0061 Launched > 0x00A0 Air Recovery > 0x001E Action 30 > 0x0007 Action 7 > 0x0014 Action 20 > 0x0109 Action 265 > 0x0003 Action 3 > 0x0102 Action 258 > 0x0001 Action 1 > 0x0002 Action 2 > 0x0100 Action 256,hitstun,hitstun,hitstun,hitstun > air_recovery > hitstun,21,0,0,0,0,0.606892466545105,0.649440348148346,1.1995035409927368,0.0,49.37992858886719,40.00871276855469,0.0,49.37992858886719,40.00871276855469,0.04254788160324097,49.37992858886719,0.04254788160324097,49.37992858886719,-16.598043859004974,49.30117425322533,-13.918918013572693,33.321845054626465,89.25279808044434,0.0,0.0,0.0,0.0,False,False,True,False,False,14,source age 0f; current move definition
6,native_damage_pipeline_plus_snapshot_contact_correlation_v6,2026-07-29T00:16:26Z,275,218,1,101795,101795,next_contact,P2-C2,Joe the Condor,2465118752,27,265,j.A,P1-C1,Frank West,2454108608,30,move_definition,high,92.0,0,True,READY,,17,"High, Light Hit",17,0,,False,[],[402653185],1,[],64,Standard-strike baseline,standard-strike baseline,0,0,0,0,,False,,False,,False,,False,,,False,,False,740,740,last_hit_single,True,740,740,0,0,hp_delta,False,False,1,0,740,0,hit,"[""HP -740"",""last-hit/action transition""]",22685,21945,21945,50000,5046,5342,5342,296,296,50000,50000,50000,45112,45563,45563,0,0,0,1.0,1.0,1.0,1.0,False,0,0,0,256,258,258,0x0102 Action 258,hitstun,hitstun,hitstun,hitstun,12,0,0,0,0,1.1995035409927368,0.9754090905189514,0.9754090905189514,40.00871276855469,0.0,0.0,40.00871276855469,0.0,0.0,-0.2240944504737854,-40.00871276855469,-0.2240944504737854,-40.00871276855469,-0.003764808177947998,0.0,-0.003764808177947998,0.0,0.0,0.0,0.0,0.0,0.0,False,False,False,False,False,1,source age 0f; current move definition; distance 0.00
6,native_damage_pipeline_plus_snapshot_contact_correlation_v6,2026-07-29T00:16:26Z,276,219,1,101796,101798,next_contact,P2-C2,Joe the Condor,2465118752,27,265,j.A,P1-C1,Frank West,2454108608,30,move_definition_latched,high,92.0,0,True,READY,,17,"High, Light Hit",17,0,,False,[],[402653185],1,[],64,Standard-strike baseline,standard-strike baseline,0,0,0,0,,False,,False,,False,,False,,,False,,False,1480,1480,last_hit_single,True,1480,1480,0,0,hp_delta,False,False,1,0,1480,0,hit,"[""HP -1480"",""last-hit/action transition""]",21945,20465,20465,50000,5342,5934,5934,592,592,50000,50000,50000,45563,46076,46076,0,0,0,1.0,1.0,1.0,1.0,False,0,0,0,258,65,64,0x0041 Overhead Hitstun > 0x0040 Standing Hitstun,hitstun,hitstun,hitstun,hitstun,17,0,0,0,0,0.9754090905189514,0.7088691592216492,0.5274500846862793,0.0,0.0,0.0,0.0,0.0,0.0,-0.26653993129730225,0.0,-0.26653993129730225,0.0,-0.0016897916793823242,0.0,-0.06942707300186157,0.0,0.1775631308555603,0.0,0.0,0.0,0.0,False,False,False,False,False,3,source age 0f; current move definition; distance 0.00
6,native_damage_pipeline_plus_snapshot_contact_correlation_v6,2026-07-29T00:16:27Z,277,220,1,101799,101817,observation_window,P2-C1,Polimar,2457778656,4,426,assist attack,P1-C1,Frank West,2454108608,30,move_definition_latched,medium,68.0,0,True,READY,,12,"Mid, Heavy Hit",12,256,"No guard category, No strength tier, Launch / soft-knockdown route 0x00000100",False,[256],[260],4,"[1,2,3,4]",16777280,"Standard-strike baseline, Repeat-contact handling",standard-strike baseline; repeat-contact handling,12,16777280,0,0,,False,,False,,False,,False,,,False,,False,2820,2820,last_hit_single,True,2820,2820,0,0,hp_delta,False,False,1,0,2820,0,hit,"[""HP -2820"",""hitstun +17"",""last-hit/action transition""]",20465,17645,17645,50000,5934,7062,7062,1128,1128,50000,50000,50000,46076,47054,47444,0,0,0,1.0,1.0,1.0,1.0,False,0,0,0,64,1,30,0x0001 Action 1 > 0x0061 Launched > 0x00A0 Air Recovery > 0x0020 Action 32 > 0x0001 Action 1 > 0x0003 Action 3 > 0x0102 Action 258 > 0x0001 Action 1 > 0x0014 Action 20 > 0x001E Action 30,hitstun,hitstun,hitstun,hitstun > air_recovery > hitstun,21,0,0,0,0,0.5274500846862793,0.662102222442627,4.016333103179932,0.0,50.65028762817383,0.0,0.0,50.65028762817383,0.0,0.13465213775634766,50.65028762817383,0.13465213775634766,50.65028762817383,-12.60010290145874,47.2832407951355,-7.030404567718506,-5.604743480682373,89.3012170791626,0.0,0.0,0.0,0.0,False,False,True,False,False,19,source age 0f; current move definition
6,native_damage_pipeline_plus_snapshot_contact_correlation_v6,2026-07-29T00:16:35Z,278,221,1,101829,101830,next_contact,P2-C2,Joe the Condor,2465118752,27,468,Back Throw,P1-C1,Frank West,2454108608,30,move_definition,high,104.0,0,True,READY,,17,"High, Light Hit",17,0,,False,[],[17],1,[],20,"Target-acquired / contact-lock state (correlated), Unknown B bits 0x00000004",native low-bit route 0x4; target-acquired/contact-lock,0,0,0,0,,False,,False,,False,,False,,,False,,False,1560,1560,last_hit_single,True,1560,1560,0,0,hp_delta,False,False,1,0,1560,0,hit,"[""HP -1560""]",17645,16085,16085,50000,7062,7686,7686,624,624,50000,50000,50000,47444,47984,47984,0,0,0,1.0,1.0,1.0,1.0,False,0,0,0,4565,4565,4565,0x11D5 Action 4565,hitstun,hitstun,hitstun,hitstun,12,0,0,0,0,0.7557171583175659,0.43751874566078186,0.7067434787750244,0.0,0.0,0.0,0.0,0.0,0.0,-0.31819841265678406,0.0,-0.31819841265678406,0.0,0.0,0.0,-0.02400761842727661,0.0,0.02400761842727661,0.0,0.0,0.0,0.0,False,False,False,False,False,2,source age 0f; current move definition; action ID matched; distance 0.00
6,native_damage_pipeline_plus_snapshot_contact_correlation_v6,2026-07-29T00:16:36Z,279,221,2,101831,101839,next_contact,P2-C2,Joe the Condor,2465118752,27,468,Back Throw,P1-C1,Frank West,2454108608,30,move_definition,high,104.0,0,True,READY,,17,"High, Light Hit",17,0,,False,[],[17],1,[],20,"Target-acquired / contact-lock state (correlated), Unknown B bits 0x00000004",native low-bit route 0x4; target-acquired/contact-lock,0,0,0,0,,False,,False,,False,,False,,,False,,False,3640,3640,last_hit_single,True,3640,3640,0,0,hp_delta,False,False,1,0,3640,0,hit,"[""HP -3640""]",16085,12445,12445,50000,7686,9142,9142,1456,1456,50000,50000,50000,47984,49247,49247,0,0,0,1.0,1.0,1.0,1.0,False,0,0,0,4565,4565,1,0x11D5 Action 4565 > 0x0066 Knockdown Face Up > 0x0071 Get Up Face Up > 0x0001 Action 1 > 0x000B Action 11 > 0x0001 Action 1,hitstun,hitstun,hitstun,hitstun > knockdown > wakeup > hitstun,12,0,0,0,0,0.7067434787750244,1.4515950679779053,0.7784106731414795,0.0,0.0,0.0,0.0,0.0,0.0,0.7448515892028809,0.0,0.7448515892028809,0.0,-0.004025936126708984,0.0,0.0,0.0,0.3973581790924072,0.004025936126708984,1.0181022584438324,1.0140763223171234,0.004025936126708984,True,False,False,False,False,9,source age 0f; current move definition; action ID matched; distance 0.00
6,native_damage_pipeline_plus_snapshot_contact_correlation_v6,2026-07-29T00:16:39Z,280,222,1,101840,101843,reaction_complete,P2-C2,Joe the Condor,2465118752,27,259,2A,P1-C1,Frank West,2454108608,30,move_definition,high,104.0,0,True,READY,,33,"Low, Light Hit",33,0,,False,[],[134217761],1,[],64,Standard-strike baseline,standard-strike baseline,0,0,0,0,,False,,False,,False,,False,,,False,,False,576,576,last_hit_single,True,576,576,0,0,hp_delta,False,False,1,0,576,0,hit,"[""HP -576""]",12445,11869,11869,50000,9142,9373,9373,231,231,50000,50000,50000,49247,49496,49496,0,0,0,1.0,1.0,1.0,1.0,False,0,0,0,1,1,1,0x0001 Action 1 > 0x0042 Low Hitstun > 0x0001 Action 1,hitstun,hitstun,neutral,hitstun > neutral,12,0,0,0,0,0.7784106731414795,0.8768516182899475,0.05626756697893143,0.0,0.0,89.58612060546875,0.0,0.0,89.58612060546875,0.09844094514846802,0.0,0.09844094514846802,0.0,0.020721852779388428,0.0,-0.034380048513412476,8.355369567871094,8.355369567871094,0.0,0.0,0.0,0.0,False,False,False,False,False,4,source age 0f; current move definition; action ID matched; distance 0.02
6,native_damage_pipeline_plus_snapshot_contact_correlation_v6,2026-07-29T00:16:45Z,281,223,1,101862,101864,reaction_complete,P2-C2,Joe the Condor,2465118752,27,267,j.C,P1-C1,Frank West,2454108608,30,move_definition,high,92.0,0,True,READY,,20,"High, Heavy Hit",20,524288,"No guard category, No strength tier, Air knockdown 0x00080000",False,[524288],[134742020],1,[],64,Standard-strike baseline,standard-strike baseline,0,0,0,0,,False,,False,,False,,False,,,False,,False,0,576,last_hit_single,True,0,576,0,0,blockstun_edge,False,False,1,0,576,0,block,"[""blockstun +14"",""reaction neutral->blockstun""]",11869,11869,11869,50000,9373,9373,9373,0,0,50000,50000,50000,49924,49924,49924,0,0,0,1.0,1.0,1.0,1.0,False,0,0,0,2,48,3,0x0030 Block > 0x0003 Action 3,neutral,blockstun,neutral,blockstun > neutral,0,14,0,0,0,0.793956995010376,2.8193607330322266,4.191460132598877,51.07902145385742,0.0,0.0,51.07902145385742,0.0,0.0,2.0254037380218506,-51.07902145385742,2.0254037380218506,-51.07902145385742,-0.4155540466308594,0.0,-0.022460460662841797,0.0,0.3930935859680176,0.0,0.0,0.0,0.0,False,False,False,False,False,3,source age 0f; current move definition; distance 0.42
6,native_damage_pipeline_plus_snapshot_contact_correlation_v6,2026-07-29T00:16:53Z,282,224,1,101886,101886,next_contact,P2-C2,Joe the Condor,2465118752,27,465,Front Throw,P1-C1,Frank West,2454108608,30,move_definition,high,104.0,0,True,READY,,17,"High, Light Hit",17,0,,False,[],[17],1,[],20,"Target-acquired / contact-lock state (correlated), Unknown B bits 0x00000004",native low-bit route 0x4; target-acquired/contact-lock,0,0,0,0,,False,,False,,False,,False,,,False,,False,1248,1248,last_hit_single,True,1248,1248,0,0,hp_delta,False,False,1,0,1248,0,hit,"[""HP -1248"",""hitstun +12"",""reaction neutral->hitstun"",""last-hit/action transition""]",11869,10621,10621,50000,9373,9873,9873,500,500,50000,50000,50000,50000,50000,50000,0,0,0,1.0,1.0,1.0,1.0,False,0,0,0,3,4562,4562,0x11D2 Action 4562,neutral,hitstun,hitstun,hitstun,12,0,0,0,0,0.5056051015853882,0.7604720592498779,0.7604720592498779,0.0,0.0,0.0,0.0,0.0,0.0,0.25486695766448975,0.0,0.25486695766448975,0.0,-0.011209845542907715,0.0,-0.011209845542907715,0.0,0.0,0.0,0.0,0.0,0.0,False,False,False,False,False,1,source age 0f; current move definition; action ID matched; distance 0.01
6,native_damage_pipeline_plus_snapshot_contact_correlation_v6,2026-07-29T00:16:57Z,284,225,1,101897,101900,next_contact,P1-C1,Frank West,2454108608,30,258,5C,P2-C2,Joe the Condor,2465118752,27,move_definition,medium,76.0,0,True,READY,,12,"Mid, Heavy Hit",12,16640,"No guard category, No strength tier, OTG + launch / soft-knockdown 0x00004100",False,[16640],[134234372],1,[],64,Standard-strike baseline,standard-strike baseline,0,0,0,0,,False,,False,,False,,False,,,False,,False,3570,3570,last_hit_single,True,3570,3570,0,0,hp_delta,False,False,1,0,3570,0,hit,"[""HP -3570""]",33176,29606,29606,44000,0,1428,1428,1428,1428,50000,50000,50000,50000,50000,50000,0,0,0,1.0,1.0,1.0,1.0,False,0,0,0,36,1,91,0x0001 Action 1 > 0x005B Soft Knockdown,neutral,neutral,knockdown,neutral > knockdown,21,0,0,0,0,1.5244231224060059,1.7299375534057617,1.8949302434921265,0.0,37.39323806762695,0.0,0.0,37.39323806762695,0.0,0.20551443099975586,37.39323806762695,0.20551443099975586,37.39323806762695,0.5592751502990723,2.141712188720703,-0.11923205852508545,0.0,3.212982177734375,0.0,0.0,0.0,0.0,True,False,False,False,False,4,source age 0f; current move definition; action ID matched
6,native_damage_pipeline_plus_snapshot_contact_correlation_v6,2026-07-29T00:16:54Z,283,224,2,101887,101905,observation_window,P2-C2,Joe the Condor,2465118752,27,465,Front Throw,P1-C1,Frank West,2454108608,30,move_definition,medium,80.0,0,True,READY,,17,"High, Light Hit",17,0,,False,[],[17],1,[],20,"Target-acquired / contact-lock state (correlated), Unknown B bits 0x00000004",native low-bit route 0x4; target-acquired/contact-lock,0,0,0,0,,False,,False,,False,,False,,,False,,False,2912,2912,last_hit_single,True,2912,2912,0,0,hp_delta,False,False,1,0,2912,0,hit,"[""HP -2912""]",10621,7709,7709,50000,9873,11038,11038,1165,1165,50000,50000,50000,50000,50000,50000,0,0,0,1.0,1.0,1.0,1.0,False,0,0,0,4562,4562,258,0x11D2 Action 4562 > 0x0050 Hard Knockdown > 0x0049 Knockdown Face Up > 0x0071 Get Up Face Up > 0x0015 Action 21 > 0x010B Action 267 > 0x0001 Action 1 > 0x0102 Action 258,hitstun,hitstun,hitstun,hitstun > knockdown > wakeup > hitstun,12,0,0,0,0,0.7604720592498779,0.7711738348007202,1.1757228374481201,0.0,45.59636306762695,0.0,0.0,45.59636306762695,0.0,0.010701775550842285,45.59636306762695,0.010701775550842285,45.59636306762695,0.03535276651382446,0.4152183532714844,0.0,0.0,72.47538232803345,0.4152183532714844,45.18115894594921,45.596364323516575,0.4178209637333064,True,False,False,False,False,19,source age 0f; current move definition; action ID matched
6,native_damage_pipeline_plus_snapshot_contact_correlation_v6,2026-07-29T00:17:00Z,286,226,1,101911,101914,next_contact,P2-C2,Joe the Condor,2465118752,27,474,Air Back Throw,P1-C1,Frank West,2454108608,30,move_definition,medium,88.0,0,True,READY,,17,"High, Light Hit",17,0,,False,[],[17],1,[],20,"Target-acquired / contact-lock state (correlated), Unknown B bits 0x00000004",native low-bit route 0x4; target-acquired/contact-lock,0,0,0,0,,False,,False,,False,,False,,,False,,False,5144,5144,last_hit_single,True,5144,5144,0,0,hp_delta,False,False,1,0,5144,0,hit,"[""HP -5144""]",7709,2565,2565,50000,11038,13096,13096,2058,2058,50000,50000,50000,50000,50000,50000,0,0,0,1.0,1.0,1.0,1.0,False,0,0,0,4571,4571,113,0x11DB Action 4571 > 0x0066 Knockdown Face Up > 0x0071 Get Up Face Up,hitstun,hitstun,wakeup,hitstun > knockdown > wakeup,12,0,0,0,0,0.1506868451833725,2.1121861934661865,0.6254316568374634,0.0,0.0,0.0,0.0,0.0,0.0,1.961499348282814,0.0,1.961499348282814,0.0,0.18502581119537354,0.0,0.0919499397277832,0.0,3.465618133544922,0.0,0.0,0.0,0.0,True,False,False,False,False,4,source age 0f; current move definition; distance 0.19
6,native_damage_pipeline_plus_snapshot_contact_correlation_v6,2026-07-29T00:16:57Z,285,225,2,101901,101919,observation_window,P1-C1,Frank West,2454108608,30,258,5C,P2-C2,Joe the Condor,2465118752,27,move_definition,medium,76.0,0,True,READY,,12,"Mid, Heavy Hit",12,16640,"No guard category, No strength tier, OTG + launch / soft-knockdown 0x00004100",False,[16640],[134234372],1,[],64,Standard-strike baseline,standard-strike baseline,0,0,0,0,,False,,False,,False,,False,,,False,,False,3803,3803,last_hit_single,True,3803,3803,0,0,hp_delta,False,False,1,0,3803,0,hit,"[""HP -3803"",""reaction knockdown->neutral""]",29606,25803,25803,44000,1428,2950,2950,1522,1522,50000,50000,50000,50000,50000,50000,0,0,0,1.0,1.0,1.0,1.0,False,0,0,0,91,30,1,0x001E Action 30 > 0x005B Soft Knockdown > 0x00A0 Air Recovery > 0x0006 Action 6 > 0x0001 Action 1 > 0x010D Action 269 > 0x01DA Action 474 > 0x0015 Action 21 > 0x0109 Action 265 > 0x0102 Action 258 > 0x0001 Action 1,knockdown,neutral,hitstun,neutral > knockdown > air_recovery > hitstun,21,0,0,0,0,1.8949302434921265,1.7027180194854736,0.6525905132293701,0.0,52.118099212646484,9.6157808303833,0.0,52.118099212646484,9.6157808303833,-0.19221222400665283,52.118099212646484,-0.19221222400665283,52.118099212646484,0.01937079429626465,17.349685668945312,0.6227180566638708,-77.7361249923706,95.08581066131592,15.20797348022461,0.7044453528990652,14.724886303232793,15.21755414279331,True,False,True,False,False,19,source age 0f; current move definition; action ID matched
6,native_damage_pipeline_plus_snapshot_contact_correlation_v6,2026-07-29T00:17:01Z,287,227,1,101915,101921,next_contact,P2-C2,Joe the Condor,2465118752,27,258,5C,P1-C1,Frank West,2454108608,30,move_definition,high,100.0,0,True,READY,,12,"Mid, Heavy Hit",12,0,,False,[],[134217732],1,[],64,Standard-strike baseline,standard-strike baseline,0,0,0,0,,False,,False,,False,,False,,,False,,False,0,5144,last_hit_single,True,0,5144,0,0,blockstun_edge,False,False,1,0,5144,0,block,"[""blockstun +15"",""reaction wakeup->blockstun""]",2565,2565,2565,50000,13096,13096,13096,0,0,50000,50000,50000,50000,50000,50000,0,0,0,1.0,1.0,1.0,1.0,False,0,0,0,113,11,4571,0x000B Action 11 > 0x0031 Crouching Block > 0x0030 Block > 0x0002 Action 2 > 0x0015 Action 21 > 0x11DB Action 4571,wakeup,blockstun,hitstun,blockstun > hitstun,12,15,0,0,0,0.6254316568374634,0.5842770934104919,0.14342157542705536,0.0,0.0,0.0,0.0,0.0,0.0,-0.041154563426971436,0.0,-0.041154563426971436,0.0,0.0,0.0,-0.49334390461444855,-1.0841355323791504,78.82026052474976,0.0,0.0,0.0,0.0,False,False,False,False,False,7,source age 0f; current move definition; action ID matched; distance 0.00
6,native_damage_pipeline_plus_snapshot_contact_correlation_v6,2026-07-29T00:17:03Z,288,228,1,101922,101940,observation_window,P2-C1,Polimar,2457778656,4,426,assist attack,P1-C1,Frank West,2454108608,30,move_definition_latched,medium,82.0,0,True,READY,,12,"Mid, Heavy Hit",12,256,"No guard category, No strength tier, Launch / soft-knockdown route 0x00000100",False,[256],[260],4,"[1,2,3,4]",16777280,"Standard-strike baseline, Repeat-contact handling",standard-strike baseline; repeat-contact handling,12,16777280,0,0,,False,,False,,False,,False,,,False,,False,2565,4323,last_hit_single,True,2565,4323,0,1758,hp_delta,False,False,1,0,4323,0,KO,"[""HP -2565""]",2565,0,0,50000,13096,0,0,-13096,0,50000,50000,50000,50000,50000,50000,0,0,0,1.0,1.0,1.0,1.0,False,0,0,0,4571,4571,155,0x11DB Action 4571 > 0x009B Slow-Motion KO,hitstun,hitstun,ko,hitstun > ko,12,0,0,0,0,0.14342157542705536,1.887331485748291,0.7065773606300354,0.0,0.0,0.0,0.0,0.0,0.0,1.7439099103212357,0.0,1.7439099103212357,0.0,-0.38155221939086914,-2.8533265590667725,-1.1717361807823181,-4.457644462585449,89.66729092597961,0.0,0.0,0.0,0.0,False,False,False,False,False,19,source age 0f; current move definition; distance 2.88
6,native_damage_pipeline_plus_snapshot_contact_correlation_v6,2026-07-29T23:43:09Z,289,229,1,147172,147172,next_contact,P1-C1,Volnutt,2454108608,18,259,2A,P2-C1,Polimar,2457778656,4,move_definition,high,92.0,0,True,READY,,9,"Mid, Light Hit",9,0,,False,[],[134217761],1,[],64,Standard-strike baseline,standard-strike baseline,0,0,0,0,,False,,False,,False,,False,,,False,,False,1628,,ambiguous_coalesced,False,1628,988,640,0,hp_delta,False,True,2,0,1628,0,hit,"[""HP -1628"",""hitstun +16"",""reaction neutral->hitstun"",""last-hit/action transition""]",48000,46372,46372,48000,0,652,652,652,652,10000,10882,10882,10000,10628,10628,0,0,0,1.0,1.0,1.0,1.0,False,0,0,0,2,259,259,0x0103 Action 259,neutral,hitstun,hitstun,hitstun,16,0,0,0,0,1.0220128297805786,1.3829317092895508,1.3829317092895508,0.0,0.0,0.0,0.0,0.0,0.0,0.36091887950897217,0.0,0.36091887950897217,0.0,-0.008561253547668457,0.0,-0.008561253547668457,0.0,0.0,0.0,0.0,0.0,0.0,False,False,False,False,False,1,source age 0f; current move definition; distance 0.01
6,native_damage_pipeline_plus_snapshot_contact_correlation_v6,2026-07-29T23:43:09Z,290,230,1,147173,147173,next_contact,P1-C1,Volnutt,2454108608,18,264,3C,P2-C1,Polimar,2457778656,4,move_definition,high,104.0,0,True,READY,,12,"Mid, Heavy Hit",12,262144,"No guard category, No strength tier, Launcher 0x00040000",False,[262144],[134479876],1,[],64,Standard-strike baseline,standard-strike baseline,0,0,0,0,,False,,False,,False,,False,,,False,,False,936,936,last_hit_single,True,936,936,0,0,hp_delta,False,False,1,0,936,0,hit,"[""HP -936"",""hitstun +1"",""last-hit/action transition""]",46372,45436,45436,48000,652,1027,1027,375,375,10882,11639,11639,10628,10951,10951,0,0,0,1.0,1.0,1.0,1.0,False,0,0,0,259,67,67,0x0043 Air T-Pose Hit,hitstun,hitstun,hitstun,hitstun,17,0,0,0,0,1.3829317092895508,0.8531904816627502,0.8531904816627502,0.0,0.0,0.0,0.0,0.0,0.0,-0.5297412276268005,0.0,-0.5297412276268005,0.0,-0.2253367304801941,0.0,-0.2253367304801941,0.0,0.0,0.0,0.0,0.0,0.0,False,False,False,False,False,1,source age 0f; current move definition; action ID matched; distance 0.23
6,native_damage_pipeline_plus_snapshot_contact_correlation_v6,2026-07-29T23:43:09Z,291,230,2,147174,147174,next_contact,P1-C1,Volnutt,2454108608,18,264,3C,P2-C1,Polimar,2457778656,4,move_definition,medium,68.0,0,True,READY,,12,"Mid, Heavy Hit",12,262144,"No guard category, No strength tier, Launcher 0x00040000",False,[262144],[134479876],1,[],64,Standard-strike baseline,standard-strike baseline,0,0,0,0,,False,,False,,False,,False,,,False,,False,2039,2039,last_hit_single,True,2039,2039,0,0,hp_delta,False,False,1,0,2039,0,hit,"[""HP -2039"",""hitstun +4"",""last-hit/action transition""]",45436,43397,43397,48000,1027,1843,1843,816,816,11639,12582,12582,10951,11658,11658,0,0,0,1.0,1.0,1.0,1.0,False,0,0,0,67,68,68,0x0044 Action 68,hitstun,hitstun,hitstun,hitstun,21,0,0,0,0,0.8531904816627502,0.6141196489334106,0.6141196489334106,0.0,49.49917984008789,49.49917984008789,0.0,49.49917984008789,49.49917984008789,-0.2390708327293396,49.49917984008789,-0.2390708327293396,49.49917984008789,-0.01844048500061035,3.3717727661132812,-0.01844048500061035,3.3717727661132812,0.0,3.3717727661132812,46.129562863775426,49.49975716813594,3.3781145100035843,False,False,False,False,False,1,source age 0f; current move definition
6,native_damage_pipeline_plus_snapshot_contact_correlation_v6,2026-07-29T23:43:10Z,292,231,1,147175,147176,next_contact,P1-C1,Volnutt,2454108608,18,265,j.A,P2-C1,Polimar,2457778656,4,move_definition,medium,80.0,0,True,READY,,17,"High, Light Hit",17,0,,False,[],[402653185],1,[],64,Standard-strike baseline,standard-strike baseline,0,0,0,0,,False,,False,,False,,False,,,False,,False,610,610,last_hit_single,True,610,610,0,0,hp_delta,False,False,1,0,610,0,hit,"[""HP -610"",""last-hit/action transition""]",43397,42787,42787,48000,1843,2087,2087,244,244,12582,12929,12929,11658,11868,11868,0,0,0,1.0,1.0,1.0,1.0,False,0,0,0,68,97,91,0x0061 Launched > 0x005B Soft Knockdown,hitstun,hitstun,knockdown,hitstun > knockdown,12,0,0,0,0,0.6141196489334106,0.5507817268371582,0.6157287359237671,49.49917984008789,49.22447967529297,32.8289680480957,49.49917984008789,49.22447967529297,32.8289680480957,-0.06333792209625244,-0.2747001647949219,-0.06333792209625244,-0.2747001647949219,-0.058010756969451904,-0.10130691528320312,0.0,0.0,0.10130691528320312,0.0,0.0,0.0,0.0,True,False,False,False,False,2,source age 0f; current move definition; action ID matched
6,native_damage_pipeline_plus_snapshot_contact_correlation_v6,2026-07-29T23:43:10Z,293,231,2,147177,147183,next_contact,P1-C1,Volnutt,2454108608,18,265,j.A,P2-C1,Polimar,2457778656,4,move_definition,medium,80.0,0,True,READY,,17,"High, Light Hit",17,0,,False,[],[402653185],1,[],64,Standard-strike baseline,standard-strike baseline,0,0,0,0,,False,,False,,False,,False,,,False,,False,808,808,last_hit_single,True,808,808,0,0,hp_delta,False,False,1,0,808,0,hit,"[""HP -808"",""reaction knockdown->air_recovery"",""last-hit/action transition""]",42787,41979,41979,48000,2087,2411,2411,324,324,12929,12929,13627,11868,11868,12472,0,0,0,1.0,1.0,1.0,1.0,False,0,0,0,91,160,20,0x00A0 Air Recovery > 0x005B Soft Knockdown > 0x00A0 Air Recovery > 0x0150 Action 336 > 0x0014 Action 20,knockdown,air_recovery,hitstun,air_recovery > knockdown > air_recovery > hitstun,12,0,0,0,0,0.6157287359237671,0.7219715118408203,0.8243807554244995,32.8289680480957,6.309046268463135,0.0,32.8289680480957,6.309046268463135,0.0,0.10624277591705322,-26.51992177963257,0.10624277591705322,-26.51992177963257,0.0946914553642273,-29.720338344573975,0.046145737171173096,0.0,33.51713705062866,29.61903142929077,13.2964148302709,42.9157748437394,29.619425058143282,True,False,True,False,False,7,source age 0f; current move definition; action ID matched
6,native_damage_pipeline_plus_snapshot_contact_correlation_v6,2026-07-29T23:43:13Z,295,233,1,147187,147188,next_contact,P2-C1,Polimar,2457778656,4,465,Forward Throw,P1-C1,Volnutt,2454108608,18,move_definition,high,100.0,0,True,READY,,17,"High, Light Hit",17,0,,False,[],[17],1,[],20,"Target-acquired / contact-lock state (correlated), Unknown B bits 0x00000004",native low-bit route 0x4; target-acquired/contact-lock,0,0,0,0,,False,,False,,False,,False,,,False,,False,2080,2080,last_hit_single,True,2080,2080,0,0,hp_delta,False,False,1,0,2080,0,hit,"[""HP -2080"",""hitstun +12"",""reaction neutral->hitstun"",""last-hit/action transition""]",42000,39920,39920,42000,0,832,832,832,832,12473,13436,13436,13627,14348,14348,0,0,0,1.0,1.0,1.0,1.0,False,0,0,0,2,4562,4562,0x11D2 Action 4562,neutral,hitstun,hitstun,hitstun,12,0,0,0,0,0.6197192072868347,0.42541512846946716,0.3644922077655792,0.0,0.0,0.0,0.0,0.0,0.0,-0.19430407881736755,0.0,-0.19430407881736755,0.0,0.0,0.0,0.13133452832698822,0.0,0.13133452832698822,0.0,0.0,0.0,0.0,False,False,False,False,False,2,source age 0f; current move definition; action ID matched; distance 0.00
6,native_damage_pipeline_plus_snapshot_contact_correlation_v6,2026-07-29T23:43:12Z,294,232,1,147184,147193,next_contact,P1-C1,Volnutt,2454108608,18,258,5C,P2-C1,Polimar,2457778656,4,live_attack_actor,high,108.0,0,True,READY,,10,"Mid, Medium Hit",10,0,,False,[],[10],0,[],66,"Standard-strike baseline, Spawned-attack core flag (correlated)",exact: Spawned strike/contact actor family; spawned-attack core; standard-strike baseline,0,0,0,2444319156,,False,,False,,False,,False,,,False,,False,0,808,last_hit_single,True,0,808,0,0,blockstun_edge,False,False,1,0,808,0,block,"[""blockstun +1"",""reaction hitstun->blockstun""]",41979,41979,41979,48000,2411,2411,2411,0,0,13627,13627,15430,12472,12472,15205,0,0,0,1.0,1.0,1.0,1.0,False,0,0,0,20,14,313,0x000E Action 14 > 0x0001 Action 1 > 0x0002 Action 2 > 0x01D1 Action 465 > 0x0006 Action 6 > 0x0139 Action 313,hitstun,blockstun,hitstun,blockstun > hitstun,12,1,0,0,0,0.8243807554244995,1.6687040328979492,0.8504324555397034,0.0,0.0,0.0,0.0,0.0,0.0,0.8443232774734497,0.0,0.8443232774734497,0.0,0.0,0.0,-0.15158611536026,0.0,0.4802623987197876,0.0,0.0,0.0,0.0,False,False,False,False,False,10,source age 0f; live attack actor; distance 0.00
6,native_damage_pipeline_plus_snapshot_contact_correlation_v6,2026-07-29T23:43:16Z,297,234,1,147194,147194,next_contact,P1-C1,Volnutt,2454108608,18,258,5C,P2-C1,Polimar,2457778656,4,live_attack_actor,high,104.0,0,True,READY,,10,"Mid, Medium Hit",10,0,,False,[],[10],0,[],66,"Standard-strike baseline, Spawned-attack core flag (correlated)",exact: Spawned strike/contact actor family; spawned-attack core; standard-strike baseline,0,0,0,2444319156,,False,,False,,False,,False,,,False,,False,800,800,last_hit_single,True,800,800,0,0,hp_delta,False,False,1,0,800,0,hit,"[""HP -800""]",41979,41179,41179,48000,2411,2731,2731,320,320,15430,15800,15800,15205,15481,15481,0,0,0,1.0,1.0,1.0,1.0,False,0,0,0,313,313,313,0x0139 Action 313,hitstun,hitstun,hitstun,hitstun,12,0,0,0,0,0.8504324555397034,0.6067457795143127,0.6067457795143127,0.0,0.0,0.0,0.0,0.0,0.0,-0.24368667602539062,0.0,-0.24368667602539062,0.0,0.006815552711486816,0.0,0.006815552711486816,0.0,0.0,0.0,0.0,0.0,0.0,False,False,False,False,False,1,source age 0f; live attack actor; distance 0.01
6,native_damage_pipeline_plus_snapshot_contact_correlation_v6,2026-07-29T23:43:16Z,298,234,2,147195,147195,next_contact,P1-C1,Volnutt,2454108608,18,258,5C,P2-C1,Polimar,2457778656,4,live_attack_actor,high,102.25,1,True,READY,,10,"Mid, Medium Hit",10,0,,False,[],[10],0,[],66,"Standard-strike baseline, Spawned-attack core flag (correlated)",exact: Spawned strike/contact actor family; spawned-attack core; standard-strike baseline,0,0,0,2444319156,,False,,False,,False,,False,,,False,,False,988,988,last_hit_single,True,988,988,0,0,hp_delta,False,False,1,0,988,0,hit,"[""HP -988"",""hitstun +1"",""last-hit/action transition""]",41179,40191,40191,48000,2731,3127,3127,396,396,15800,16386,16386,15481,15822,15822,0,0,0,1.0,1.0,1.0,1.0,False,0,0,0,313,64,64,0x0040 Standing Hitstun,hitstun,hitstun,hitstun,hitstun,13,0,0,0,0,0.6067457795143127,0.9920639991760254,0.9920639991760254,0.0,0.0,0.0,0.0,0.0,0.0,0.38531821966171265,0.0,0.38531821966171265,0.0,0.0,0.0,0.0,0.0,0.0,0.006815552711486816,0.39213377237319946,0.38531821966171265,0.006815552711486816,False,False,False,False,False,1,source age 1f; live attack actor; distance 0.00
6,native_damage_pipeline_plus_snapshot_contact_correlation_v6,2026-07-29T23:43:16Z,299,234,3,147196,147197,next_contact,P1-C1,Volnutt,2454108608,18,258,5C,P2-C1,Polimar,2457778656,4,live_attack_actor,high,100.5,2,True,READY,,10,"Mid, Medium Hit",10,0,,False,[],[10],0,[],66,"Standard-strike baseline, Spawned-attack core flag (correlated)",exact: Spawned strike/contact actor family; spawned-attack core; standard-strike baseline,0,0,0,2444319156,,False,,False,,False,,False,,,False,,False,936,936,last_hit_single,True,936,936,0,0,hp_delta,False,False,1,0,936,0,hit,"[""HP -936"",""hitstun +7""]",40191,39255,39255,48000,3127,3502,3502,375,375,16386,16818,16818,15822,16145,16145,0,0,0,1.0,1.0,1.0,1.0,False,0,0,0,64,64,64,0x0040 Standing Hitstun,hitstun,hitstun,hitstun,hitstun,20,0,0,0,0,0.9920639991760254,1.062912940979004,1.1733781099319458,0.0,0.0,0.0,0.0,0.0,0.0,0.07084894180297852,0.0,0.07084894180297852,0.0,0.0,0.0,-0.23678529262542725,0.0,0.23678529262542725,0.006815552711486816,0.462982714176178,0.45616716146469116,0.006815552711486816,False,False,False,False,False,2,source age 2f; live attack actor; distance 0.00
6,native_damage_pipeline_plus_snapshot_contact_correlation_v6,2026-07-29T23:43:17Z,300,234,4,147198,147198,next_contact,P1-C1,Volnutt,2454108608,18,258,5C,P2-C1,Polimar,2457778656,4,live_attack_actor,high,97.0,4,True,READY,,10,"Mid, Medium Hit",10,0,,False,[],[10],0,[],66,"Standard-strike baseline, Spawned-attack core flag (correlated)",exact: Spawned strike/contact actor family; spawned-attack core; standard-strike baseline,0,0,0,2444319156,,False,,False,,False,,False,,,False,,False,2400,2400,last_hit_single,True,2400,2400,0,0,hp_delta,False,False,1,0,2400,0,hit,"[""HP -2400"",""reaction hitstun->neutral""]",39255,36855,36855,48000,3502,4462,4462,960,960,16818,18124,18124,16145,17173,17173,0,0,0,1.0,1.0,1.0,1.0,False,0,0,0,64,262,262,0x0106 Action 262,hitstun,neutral,neutral,neutral,0,0,0,0,0,1.1733781099319458,0.9482791423797607,0.9482791423797607,0.0,0.0,0.0,0.0,0.0,0.0,-0.22509896755218506,0.0,-0.22509896755218506,0.0,-0.007536768913269043,0.0,-0.007536768913269043,0.0,0.0,0.01435232162475586,0.5700797438621521,0.5708009600639343,0.01435232162475586,False,False,False,False,False,1,source age 4f; live attack actor; distance 0.01
6,native_damage_pipeline_plus_snapshot_contact_correlation_v6,2026-07-29T23:43:14Z,296,233,2,147189,147201,victim_changed,P2-C1,Polimar,2457778656,4,465,Forward Throw,P1-C1,Volnutt,2454108608,18,move_definition,high,100.0,0,True,READY,,17,"High, Light Hit",17,0,,False,[],[17],1,[],20,"Target-acquired / contact-lock state (correlated), Unknown B bits 0x00000004",native low-bit route 0x4; target-acquired/contact-lock,0,0,0,0,,False,,False,,False,,False,,,False,,False,3120,3120,last_hit_single,True,3120,3120,0,0,hp_delta,False,False,1,0,3120,0,hit,"[""HP -3120""]",39920,36800,36800,42000,832,2080,2080,1248,1248,13436,14880,17705,14348,15430,19226,0,0,0,1.0,1.0,1.0,1.0,False,0,0,0,4562,4562,266,0x11D2 Action 4562 > 0x0066 Knockdown Face Up > 0x0006 Action 6 > 0x0101 Action 257 > 0x0108 Action 264 > 0x001F Action 31 > 0x0120 Action 288 > 0x010A Action 266,hitstun,hitstun,hitstun,hitstun > knockdown > hitstun,12,0,0,0,0,0.3644922077655792,0.5132867097854614,0.7543960213661194,0.0,0.0,0.0,0.0,0.0,0.0,0.1487945020198822,0.0,0.1487945020198822,0.0,-0.057340919971466064,0.0,0.0,0.0,3.7041282653808594,0.057340919971466064,0.14521250128746033,0.08787158131599426,0.057340919971466064,True,False,False,False,False,13,source age 0f; current move definition; action ID matched; distance 0.06
6,native_damage_pipeline_plus_snapshot_contact_correlation_v6,2026-07-29T23:43:18Z,301,234,5,147199,147201,victim_changed,P1-C1,Volnutt,2454108608,18,258,5C,P2-C1,Polimar,2457778656,4,live_attack_actor,medium,71.25,5,True,READY,,10,"Mid, Medium Hit",10,0,,False,[],[10],0,[],66,"Standard-strike baseline, Spawned-attack core flag (correlated)",exact: Spawned strike/contact actor family; spawned-attack core; standard-strike baseline,0,0,0,2444319156,,False,,False,,False,,False,,,False,,False,1543,,ambiguous_coalesced,False,1543,817,726,0,hp_delta,False,True,2,0,1543,0,hit,"[""HP -1543"",""hitstun +21"",""reaction neutral->hitstun"",""last-hit/action transition""]",36855,35312,35312,48000,4462,5080,5080,618,618,18124,18901,19226,17173,17705,17705,0,0,0,1.0,1.0,1.0,1.0,False,0,0,0,262,97,91,0x0061 Launched > 0x005B Soft Knockdown,neutral,hitstun,knockdown,hitstun > knockdown,21,0,0,0,0,0.9482791423797607,0.5945238471031189,0.7543960213661194,0.0,53.29397964477539,0.0,0.0,53.29397964477539,0.0,-0.35375529527664185,53.29397964477539,-0.35375529527664185,53.29397964477539,0.0,0.0,0.0,0.0,3.7041282653808594,0.01435232162475586,53.86528401529149,53.86595467207297,0.021889090538024902,True,False,False,True,True,3,source age 5f; live attack actor
6,native_damage_pipeline_plus_snapshot_contact_correlation_v6,2026-07-29T23:46:17Z,302,235,1,148719,148719,next_contact,P1-C1,Saki,2454108608,20,262,6C,P2-C1,Gold Lightan,2457778656,11,move_definition,medium,68.0,0,True,READY,,12,"Mid, Heavy Hit",12,2048,"No guard category, No strength tier, Stagger 0x00000800",False,[2048],[134219780],1,[],64,Standard-strike baseline,standard-strike baseline,0,0,0,0,,False,,False,,False,,False,,,False,,False,560,560,last_hit_single,True,560,560,0,0,hp_delta,False,False,1,0,560,0,hit,"[""HP -560""]",70000,69440,69440,70000,0,224,224,224,224,10195,10455,10455,10065,10065,10065,0,0,0,1.0,1.0,1.0,1.0,False,0,0,0,265,265,265,0x0109 Action 265,neutral,neutral,neutral,neutral,0,0,0,0,0,3.681457996368408,3.2269489765167236,3.2269489765167236,16.011857986450195,0.0,0.0,16.011857986450195,0.0,0.0,-0.45450901985168457,-16.011857986450195,-0.45450901985168457,-16.011857986450195,0.04218578338623047,-13.875885009765625,0.04218578338623047,-13.875885009765625,0.0,0.0,0.0,0.0,0.0,False,False,False,False,False,1,source age 0f; current move definition
6,native_damage_pipeline_plus_snapshot_contact_correlation_v6,2026-07-29T23:46:17Z,303,236,1,148720,148721,next_contact,P1-C1,Saki,2454108608,20,304,Positron A,P2-C1,Gold Lightan,2457778656,11,live_attack_actor,high,120.0,0,True,READY,,268,"Mid, Heavy Hit, Launch / soft-knockdown route 0x00000100",12,256,"No guard category, No strength tier, Launch / soft-knockdown route 0x00000100",False,[256],[268],0,[],262402,"Initial actor phase, Special chip route B, one-eighth damage, Spawned-attack core flag (correlated)",spawned-attack core; initial actor phase; special chip route,0,0,0,2444319156,,False,,False,,False,,False,,,False,,False,3332,,ambiguous_coalesced,False,3332,532,2800,0,hp_delta,False,True,2,0,3332,0,hit,"[""HP -3332"",""hitstun +20"",""reaction neutral->hitstun"",""last-hit/action transition""]",69440,66108,66108,70000,224,1557,1557,1333,1333,10455,12248,12248,10065,11406,11406,0,0,0,1.0,1.0,1.0,1.0,False,0,0,0,265,30,6,0x001E Action 30 > 0x0006 Action 6,neutral,hitstun,hitstun,hitstun,20,0,0,48,84,3.2269489765167236,2.266105890274048,1.6252856254577637,0.0,0.0,0.0,0.0,0.0,0.0,-0.9608430862426758,0.0,-0.9608430862426758,0.0,-0.1146700382232666,0.0,-0.12315022945404053,0.0,0.008480191230773926,0.0,0.0,0.0,0.0,False,False,False,False,False,2,source age 0f; live attack actor; action ID matched; distance 0.11
6,native_damage_pipeline_plus_snapshot_contact_correlation_v6,2026-07-29T23:46:18Z,304,236,2,148722,148722,next_contact,P1-C1,Saki,2454108608,20,304,Positron A,P2-C1,Gold Lightan,2457778656,11,live_attack_actor,high,106.25,1,True,READY,,268,"Mid, Heavy Hit, Launch / soft-knockdown route 0x00000100",12,256,"No guard category, No strength tier, Launch / soft-knockdown route 0x00000100",False,[256],[268],0,[],262402,"Initial actor phase, Special chip route B, one-eighth damage, Spawned-attack core flag (correlated)",spawned-attack core; initial actor phase; special chip route,0,0,0,2444319156,,False,,False,,False,,False,,,False,,False,640,640,last_hit_single,True,640,640,0,0,hp_delta,False,False,1,0,640,0,hit,"[""HP -640"",""hitstun +3""]",66108,65468,65468,70000,1557,1813,1813,256,256,12248,12544,12544,11406,11628,11628,0,0,0,1.0,1.0,1.0,1.0,False,0,0,0,6,6,6,0x0006 Action 6,hitstun,hitstun,hitstun,hitstun,11,0,84,88,88,1.6252856254577637,1.5630334615707397,1.5630334615707397,0.0,0.0,0.0,0.0,0.0,0.0,-0.062252163887023926,0.0,-0.062252163887023926,0.0,0.2486046552658081,0.0,0.2486046552658081,0.0,0.0,0.3632746934890747,1.0663471221923828,0.7030724287033081,0.3632746934890747,False,False,False,False,False,1,source age 1f; live attack actor; distance 0.25
6,native_damage_pipeline_plus_snapshot_contact_correlation_v6,2026-07-29T23:46:18Z,305,236,3,148723,148723,next_contact,P1-C1,Saki,2454108608,20,304,Positron A,P2-C1,Gold Lightan,2457778656,11,live_attack_actor,high,116.5,2,True,READY,,268,"Mid, Heavy Hit, Launch / soft-knockdown route 0x00000100",12,256,"No guard category, No strength tier, Launch / soft-knockdown route 0x00000100",False,[256],[268],0,[],262402,"Initial actor phase, Special chip route B, one-eighth damage, Spawned-attack core flag (correlated)",spawned-attack core; initial actor phase; special chip route,0,0,0,2444319156,,False,,False,,False,,False,,,False,,False,988,988,last_hit_single,True,988,988,0,0,hp_delta,False,False,1,0,988,0,hit,"[""HP -988"",""hitstun +5""]",65468,64480,64480,70000,1813,2209,2209,396,396,12544,13130,13130,11628,11969,11969,0,0,0,1.0,1.0,1.0,1.0,False,0,0,0,6,6,6,0x0006 Action 6,hitstun,hitstun,hitstun,hitstun,16,0,88,96,96,1.5630334615707397,2.0395123958587646,2.0395123958587646,0.0,0.0,0.0,0.0,0.0,0.0,0.4764789342880249,0.0,0.4764789342880249,0.0,-0.034764766693115234,0.0,-0.034764766693115234,0.0,0.0,0.3632746934890747,1.826195478439331,1.179551362991333,0.646644115447998,False,False,False,False,False,1,source age 2f; live attack actor; action ID matched; distance 0.03
6,native_damage_pipeline_plus_snapshot_contact_correlation_v6,2026-07-29T23:46:19Z,306,236,4,148724,148724,next_contact,P1-C1,Saki,2454108608,20,304,Positron A,P2-C1,Gold Lightan,2457778656,11,live_attack_actor,high,114.75,3,True,READY,,268,"Mid, Heavy Hit, Launch / soft-knockdown route 0x00000100",12,256,"No guard category, No strength tier, Launch / soft-knockdown route 0x00000100",False,[256],[268],0,[],262402,"Initial actor phase, Special chip route B, one-eighth damage, Spawned-attack core flag (correlated)",spawned-attack core; initial actor phase; special chip route,0,0,0,2444319156,,False,,False,,False,,False,,,False,,False,1845,,ambiguous_coalesced,False,1845,391,1454,0,hp_delta,False,True,2,0,1845,0,hit,"[""HP -1845""]",64480,62635,62635,70000,2209,2948,2948,739,739,13130,14240,14240,11969,12604,12604,0,0,0,1.0,1.0,1.0,1.0,False,0,0,0,6,6,6,0x0006 Action 6,hitstun,hitstun,hitstun,hitstun,9,0,96,96,96,2.0395123958587646,1.7397618293762207,1.7397618293762207,0.0,0.0,0.0,0.0,0.0,0.0,-0.29975056648254395,0.0,-0.29975056648254395,0.0,-0.03380751609802246,0.0,-0.03380751609802246,0.0,0.0,0.3632746934890747,2.1269032955169678,1.479301929473877,0.6476013660430908,False,False,False,False,False,1,source age 3f; live attack actor; action ID matched; distance 0.03
6,native_damage_pipeline_plus_snapshot_contact_correlation_v6,2026-07-29T23:46:19Z,307,237,1,148725,148729,reaction_complete,P1-C1,Saki,2454108608,20,304,Positron A,P2-C1,Gold Lightan,2457778656,11,live_attack_actor,high,120.0,0,True,READY,,268,"Mid, Heavy Hit, Launch / soft-knockdown route 0x00000100",12,256,"No guard category, No strength tier, Launch / soft-knockdown route 0x00000100",False,[256],[268],0,[],262402,"Initial actor phase, Special chip route B, one-eighth damage, Spawned-attack core flag (correlated)",spawned-attack core; initial actor phase; special chip route,0,0,0,2444319156,,False,,False,,False,,False,,,False,,False,1396,,ambiguous_coalesced,False,1396,307,1089,0,hp_delta,False,True,2,0,1396,0,hit,"[""HP -1396"",""hitstun +11"",""last-hit/action transition""]",62635,61239,61239,70000,2948,3508,3508,560,560,14240,14882,14882,12604,13083,13084,0,0,0,1.0,1.0,1.0,1.0,False,0,0,0,6,263,468,0x0107 Action 263 > 0x01D4 Action 468,hitstun,hitstun,neutral,hitstun > neutral,20,0,96,168,191,1.7397618293762207,1.4515727758407593,2.4278299808502197,0.0,0.0,0.0,0.0,0.0,0.0,-0.2881890535354614,0.0,-0.2881890535354614,0.0,-0.04550278186798096,0.0,-0.06542682647705078,0.0,0.7939952611923218,0.0,0.0,0.0,0.0,False,False,False,False,False,5,source age 0f; live attack actor; action ID matched; distance 0.05
6,native_damage_pipeline_plus_snapshot_contact_correlation_v6,2026-07-29T23:46:23Z,308,238,1,148740,148742,reaction_complete,P1-C1,Saki,2454108608,20,258,5C,P2-C1,Gold Lightan,2457778656,11,move_definition,high,100.0,0,True,READY,,10,"Mid, Medium Hit",10,0,,False,[],[134217738],1,[],64,Standard-strike baseline,standard-strike baseline,0,0,0,0,,False,,False,,False,,False,,,False,,False,2800,2800,last_hit_single,True,2800,2800,0,0,hp_delta,False,False,1,0,2800,0,hit,"[""HP -2800""]",61239,58439,58439,70000,3508,4628,4628,1120,1120,15012,16503,16568,13149,14120,14120,0,0,0,1.0,1.0,1.0,1.0,False,0,0,0,2,2,2,0x0002 Action 2,neutral,neutral,neutral,neutral,0,0,187,187,197,6.9862284660339355,7.215866565704346,5.83689546585083,0.0,0.0,0.0,0.0,0.0,0.0,0.22963809967041016,0.0,0.22963809967041016,0.0,-0.012259483337402344,0.0,-0.2687416076660156,0.0,0.2564821243286133,0.0,0.0,0.0,0.0,False,False,False,False,False,3,source age 0f; current move definition; action ID matched; distance 0.01
6,native_damage_pipeline_plus_snapshot_contact_correlation_v6,2026-07-29T23:46:25Z,309,239,1,148746,148747,next_contact,P1-C1,Saki,2454108608,20,258,5C,P2-C1,Gold Lightan,2457778656,11,move_definition,high,100.0,0,True,READY,,10,"Mid, Medium Hit",10,0,,False,[],[134217738],1,[],64,Standard-strike baseline,standard-strike baseline,0,0,0,0,,False,,False,,False,,False,,,False,,False,2800,2800,last_hit_single,True,2800,2800,0,0,hp_delta,False,False,1,0,2800,0,hit,"[""HP -2800""]",58439,55639,55639,70000,4628,5748,5748,1120,1120,16958,18254,18254,14120,15091,15091,0,0,0,1.0,1.0,1.0,1.0,False,0,0,0,6,6,6,0x0006 Action 6,neutral,neutral,hitstun,neutral > hitstun,16,0,196,195,207,3.253251075744629,2.945953607559204,2.479390859603882,0.0,0.0,0.0,0.0,0.0,0.0,-0.3072974681854248,0.0,-0.3072974681854248,0.0,0.06086230278015137,0.0,-0.18224763870239258,0.0,0.24310994148254395,0.0,0.0,0.0,0.0,False,False,False,False,False,2,source age 0f; current move definition; action ID matched; distance 0.06
6,native_damage_pipeline_plus_snapshot_contact_correlation_v6,2026-07-29T23:46:26Z,310,240,1,148748,148748,next_contact,P1-C1,Saki,2454108608,20,304,Positron A,P2-C1,Gold Lightan,2457778656,11,live_attack_actor,high,116.0,0,True,READY,,268,"Mid, Heavy Hit, Launch / soft-knockdown route 0x00000100",12,256,"No guard category, No strength tier, Launch / soft-knockdown route 0x00000100",False,[256],[268],0,[],262402,"Initial actor phase, Special chip route B, one-eighth damage, Spawned-attack core flag (correlated)",spawned-attack core; initial actor phase; special chip route,0,0,0,2444319156,,False,,False,,False,,False,,,False,,False,2071,,ambiguous_coalesced,False,2071,475,1596,0,hp_delta,False,True,2,0,2071,0,hit,"[""HP -2071"",""hitstun +4""]",55639,53568,53568,70000,5748,6577,6577,829,829,18254,19249,19249,15091,15641,15641,0,0,0,1.0,1.0,1.0,1.0,False,0,0,0,6,6,6,0x0006 Action 6,hitstun,hitstun,hitstun,hitstun,20,0,207,219,219,2.479390859603882,2.1208314895629883,2.1208314895629883,0.0,0.0,0.0,0.0,0.0,0.0,-0.35855937004089355,0.0,-0.35855937004089355,0.0,0.08914804458618164,0.0,0.08914804458618164,0.0,0.0,0.0,0.0,0.0,0.0,False,False,False,False,False,1,source age 0f; live attack actor; action ID matched; distance 0.09
6,native_damage_pipeline_plus_snapshot_contact_correlation_v6,2026-07-29T23:46:26Z,312,241,1,148750,148750,next_contact,P2-C1,Gold Lightan,2457778656,11,258,5C,P1-C1,Saki,2454108608,20,move_definition,high,100.0,0,True,READY,,12,"Mid, Heavy Hit",12,16384,"No guard category, No strength tier, OTG enabled 0x00004000",False,[16384],"[134217732,134234116]",2,"[1,2]",64,Standard-strike baseline,standard-strike baseline,12,64,0,0,,False,,False,,False,,False,,,False,,False,1920,1920,last_hit_single,True,1920,1920,0,0,hp_delta,False,False,1,0,1920,0,hit,"[""HP -1920"",""hitstun +5""]",44000,42080,42080,44000,0,768,768,768,768,17380,17380,17380,20880,20880,20880,0,0,0,1.0,1.0,1.0,1.0,False,0,0,0,304,304,304,0x0130 Action 304,hitstun,hitstun,hitstun,hitstun,17,0,0,0,0,1.0783027410507202,1.132270097732544,1.132270097732544,0.0,0.0,0.0,0.0,0.0,0.0,0.05396735668182373,0.0,0.05396735668182373,0.0,-0.2728617191314697,0.0,-0.2728617191314697,0.0,0.0,0.0,0.0,0.0,0.0,False,False,False,False,False,1,source age 0f; current move definition; action ID matched; distance 0.27
6,native_damage_pipeline_plus_snapshot_contact_correlation_v6,2026-07-29T23:46:26Z,311,240,2,148749,148752,reaction_complete,P1-C1,Saki,2454108608,20,304,Positron A,P2-C1,Gold Lightan,2457778656,11,live_attack_actor,high,116.0,0,True,READY,,268,"Mid, Heavy Hit, Launch / soft-knockdown route 0x00000100",12,256,"No guard category, No strength tier, Launch / soft-knockdown route 0x00000100",False,[256],[268],0,[],262402,"Initial actor phase, Special chip route B, one-eighth damage, Spawned-attack core flag (correlated)",spawned-attack core; initial actor phase; special chip route,0,0,0,2444319156,,False,,False,,False,,False,,,False,,False,1620,,ambiguous_coalesced,False,1620,363,1257,0,hp_delta,False,True,2,0,1620,0,hit,"[""HP -1620"",""last-hit/action transition""]",53568,51948,51948,70000,6577,7227,0,650,650,19249,20880,21935,15641,17380,18982,0,0,0,1.0,1.0,1.0,1.0,False,0,0,0,6,260,1,0x0104 Action 260 > 0x0102 Action 258 > 0x0001 Action 1,hitstun,hitstun,neutral,hitstun > neutral,20,0,219,291,303,2.1208314895629883,0.9896495342254639,2.4758293628692627,0.0,0.0,0.0,0.0,0.0,0.0,-1.1311819553375244,0.0,-1.1311819553375244,0.0,-0.08865320682525635,0.0,-0.0001442432403564453,0.0,0.3615149259567261,0.177801251411438,0.9533807039260864,1.1311819553375244,0.177801251411438,False,False,False,False,False,4,source age 0f; live attack actor; action ID matched; distance 0.09
6,native_damage_pipeline_plus_snapshot_contact_correlation_v6,2026-07-29T23:46:28Z,314,242,1,148755,148755,next_contact,P1-C1,Saki,2454108608,20,304,Positron A,P2-C1,Gold Lightan,2457778656,11,live_attack_actor,high,106.25,1,True,READY,,268,"Mid, Heavy Hit, Launch / soft-knockdown route 0x00000100",12,256,"No guard category, No strength tier, Launch / soft-knockdown route 0x00000100",False,[256],[268],0,[],262402,"Initial actor phase, Special chip route B, one-eighth damage, Spawned-attack core flag (correlated)",spawned-attack core; initial actor phase; special chip route,0,0,0,2444319156,,False,,False,,False,,False,,,False,,False,640,640,last_hit_single,True,640,640,0,0,hp_delta,False,False,1,0,640,0,hit,"[""HP -640""]",51948,51308,51308,70000,0,256,256,256,256,21935,22231,22231,18982,19204,19204,0,0,0,1.0,1.0,1.0,1.0,False,0,0,0,6,6,6,0x0006 Action 6,neutral,neutral,neutral,neutral,0,0,302,301,301,1.7073909044265747,1.9343065023422241,1.9343065023422241,0.0,0.0,0.0,0.0,0.0,0.0,0.22691559791564941,0.0,0.22691559791564941,0.0,0.0,0.0,0.0,0.0,0.0,0.0,0.0,0.0,0.0,False,False,False,False,False,1,source age 1f; live attack actor; distance 0.00
6,native_damage_pipeline_plus_snapshot_contact_correlation_v6,2026-07-29T23:46:27Z,313,241,2,148751,148756,reaction_complete,P2-C1,Gold Lightan,2457778656,11,258,5C,P1-C1,Saki,2454108608,20,move_definition,high,92.0,0,True,READY,,12,"Mid, Heavy Hit",12,16384,"No guard category, No strength tier, OTG enabled 0x00004000",False,[16384],"[134217732,134234116]",2,"[1,2]",64,Standard-strike baseline,standard-strike baseline,12,64,0,0,,False,,False,,False,,False,,,False,,False,3040,3040,last_hit_single,True,3040,3040,0,0,hp_delta,False,False,1,0,3040,0,hit,"[""HP -3040"",""last-hit/action transition""]",42080,39040,39040,44000,768,1984,1984,1216,1216,17380,18982,19545,20880,21935,22817,0,0,0,1.0,1.0,1.0,1.0,False,0,0,0,304,64,260,0x0040 Standing Hitstun > 0x000A Action 10 > 0x0104 Action 260,hitstun,hitstun,neutral,hitstun > neutral,21,0,0,0,0,1.132270097732544,1.3061168193817139,1.9892560243606567,0.0,0.0,0.0,0.0,0.0,0.0,0.17384672164916992,0.0,0.17384672164916992,0.0,0.0235213041305542,0.0,-1.7881393432617188e-06,0.0,0.666384220123291,0.2963830232620239,0.122536301612854,0.17384672164916992,0.2963830232620239,False,False,False,False,False,6,source age 0f; current move definition; distance 0.02
6,native_damage_pipeline_plus_snapshot_contact_correlation_v6,2026-07-29T23:46:28Z,315,242,2,148756,148756,next_contact,P1-C1,Saki,2454108608,20,304,Positron A,P2-C1,Gold Lightan,2457778656,11,live_attack_actor,high,104.5,2,True,READY,,268,"Mid, Heavy Hit, Launch / soft-knockdown route 0x00000100",12,256,"No guard category, No strength tier, Launch / soft-knockdown route 0x00000100",False,[256],[268],0,[],262402,"Initial actor phase, Special chip route B, one-eighth damage, Spawned-attack core flag (correlated)",spawned-attack core; initial actor phase; special chip route,0,0,0,2444319156,,False,,False,,False,,False,,,False,,False,988,988,last_hit_single,True,988,988,0,0,hp_delta,False,False,1,0,988,0,hit,"[""HP -988"",""hitstun +7"",""reaction neutral->hitstun""]",51308,50320,50320,70000,256,652,652,396,396,22231,22817,22817,19204,19545,19545,0,0,0,1.0,1.0,1.0,1.0,False,0,0,0,6,6,6,0x0006 Action 6,neutral,hitstun,hitstun,hitstun,7,0,301,305,305,1.9343065023422241,1.9892578125,1.9892578125,0.0,0.0,0.0,0.0,0.0,0.0,0.05495131015777588,0.0,0.05495131015777588,0.0,1.7881393432617188e-06,0.0,1.7881393432617188e-06,0.0,0.0,1.7881393432617188e-06,0.05494952201843262,0.05495131015777588,1.7881393432617188e-06,False,False,False,False,False,1,source age 2f; live attack actor; distance 0.00
6,native_damage_pipeline_plus_snapshot_contact_correlation_v6,2026-07-29T23:46:29Z,317,244,1,148758,148759,next_contact,P2-C1,Gold Lightan,2457778656,11,257,5B,P1-C1,Saki,2454108608,20,move_definition,medium,64.0,0,True,READY,,10,"Mid, Medium Hit",10,0,,False,[],[134217730],2,"[1,2]",64,Standard-strike baseline,standard-strike baseline,10,64,0,0,,False,,False,,False,,False,,,False,,False,2148,2148,last_hit_single,True,2148,2148,0,0,hp_delta,False,False,1,0,2148,0,hit,"[""HP -2148"",""hitstun +17"",""reaction neutral->hitstun""]",39040,36892,36892,44000,1984,2844,2844,860,860,20423,21417,21612,24011,24755,24755,0,0,0,1.0,1.0,1.0,1.0,False,0,0,0,264,264,91,0x0108 Action 264 > 0x005B Soft Knockdown,neutral,hitstun,knockdown,hitstun > knockdown,17,0,0,0,0,1.6610726118087769,2.638131856918335,2.239351987838745,0.0,46.1160888671875,51.32033157348633,0.0,46.1160888671875,51.32033157348633,0.9770592451095581,46.1160888671875,0.9770592451095581,46.1160888671875,-0.0006730556488037109,0.0087127685546875,-0.007440090179443359,-0.8181953430175781,0.8269081115722656,0.0,0.0,0.0,0.0,True,False,False,False,False,2,source age 0f; current move definition
6,native_damage_pipeline_plus_snapshot_contact_correlation_v6,2026-07-29T23:46:29Z,318,245,1,148760,148760,next_contact,P2-C1,Gold Lightan,2457778656,11,271,4B,P1-C1,Saki,2454108608,20,move_definition,medium,76.0,0,True,READY,,12,"Mid, Heavy Hit",12,32768,"No guard category, No strength tier, Wall bounce (powered Roll Swing observed) 0x00008000",False,[32768],[32772],2,"[1,2]",64,Standard-strike baseline,standard-strike baseline,12,64,0,0,,False,,False,,False,,False,,,False,,False,4853,4853,last_hit_single,True,4853,4853,0,0,hp_delta,False,False,1,0,4853,0,hit,"[""HP -4853""]",36892,32039,32039,44000,2844,4786,4786,1942,1942,21612,23858,23858,24755,26439,26439,0,0,0,1.0,1.0,1.0,1.0,False,0,0,0,91,91,91,0x005B Soft Knockdown,knockdown,knockdown,knockdown,knockdown,17,0,0,0,0,2.239351987838745,3.072589635848999,3.072589635848999,51.32033157348633,43.633216857910156,43.633216857910156,51.32033157348633,43.633216857910156,43.633216857910156,0.8332376480102539,-7.687114715576172,0.8332376480102539,-7.687114715576172,0.0,0.0,0.0,0.0,0.0,0.0,0.0,0.0,0.0,True,False,False,False,False,1,source age 0f; current move definition; action ID matched
6,native_damage_pipeline_plus_snapshot_contact_correlation_v6,2026-07-29T23:46:29Z,316,243,1,148757,148762,reaction_complete,P1-C1,Saki,2454108608,20,264,3C,P2-C1,Gold Lightan,2457778656,11,move_definition,high,104.0,0,True,READY,,12,"Mid, Heavy Hit",12,262144,"No guard category, No strength tier, Launcher 0x00040000",False,[262144],[134479876],1,[],64,Standard-strike baseline,standard-strike baseline,0,0,0,0,,False,,False,,False,,False,,,False,,False,2160,2160,last_hit_single,True,2160,2160,0,0,hp_delta,False,False,1,0,2160,0,hit,"[""HP -2160"",""hitstun +9"",""last-hit/action transition""]",50320,48160,48160,70000,652,1516,1516,864,864,22817,24011,28041,19545,20423,25996,0,0,0,1.0,1.0,1.0,1.0,False,0,0,0,6,2,271,0x0002 Action 2 > 0x0101 Action 257 > 0x010F Action 271,hitstun,hitstun,neutral,hitstun > neutral,16,0,305,313,325,1.9892578125,1.7435262203216553,3.7451205253601074,0.0,0.0,39.87932205200195,0.0,0.0,39.87932205200195,-0.24573159217834473,0.0,-0.24573159217834473,0.0,0.08245360851287842,0.0,0.0,0.0,0.8269081115722656,0.0,0.0,0.0,0.0,False,False,False,True,False,6,source age 0f; current move definition; action ID matched; distance 0.08
6,native_damage_pipeline_plus_snapshot_contact_correlation_v6,2026-07-29T23:46:31Z,320,246,1,148766,148770,reaction_complete,P1-C1,Saki,2454108608,20,258,5C,P2-C1,Gold Lightan,2457778656,11,move_definition,high,100.0,0,True,READY,,10,"Mid, Medium Hit",10,0,,False,[],[134217738],1,[],64,Standard-strike baseline,standard-strike baseline,0,0,0,0,,False,,False,,False,,False,,,False,,False,2800,2800,last_hit_single,True,2800,2800,0,0,hp_delta,False,False,1,0,2800,0,hit,"[""HP -2800""]",48160,45360,45360,70000,1516,2636,2636,1120,1120,28041,29532,29792,25996,26967,26967,0,0,0,1.0,1.0,1.0,1.0,False,0,0,0,271,271,21,0x010F Action 271 > 0x0001 Action 1 > 0x0013 Action 19 > 0x0015 Action 21,neutral,neutral,neutral,neutral > hitstun > neutral,15,0,324,324,334,3.8165042400360107,5.224231243133545,3.7607946395874023,0.0,0.0,5.833300590515137,0.0,0.0,5.833300590515137,1.4077270030975342,0.0,1.4077270030975342,0.0,0.35994386672973633,0.0,-0.04455161094665527,-1.4147987365722656,2.142991065979004,0.0,0.0,0.0,0.0,False,False,False,False,False,5,source age 0f; current move definition; action ID matched; distance 0.36
6,native_damage_pipeline_plus_snapshot_contact_correlation_v6,2026-07-29T23:46:32Z,321,247,1,148771,148772,next_contact,P1-C1,Saki,2454108608,20,309,Grenade C,P2-C1,Gold Lightan,2457778656,11,live_attack_actor,high,102.25,1,True,READY,,9,"Mid, Light Hit",9,0,,False,[],[9],0,[],262274,"Special chip route B, one-eighth damage, Spawned-attack core flag (correlated), Spawned-actor contact family 0x80 (correlated)",spawned-attack core; spawned-actor contact family; special chip route,0,0,0,2444319156,,False,,False,,False,,False,,,False,,False,3200,3200,last_hit_single,True,3200,3200,0,0,hp_delta,False,False,1,0,3200,0,hit,"[""HP -3200"",""hitstun +19"",""reaction neutral->hitstun"",""last-hit/action transition""]",45360,42160,42160,70000,2636,3916,3916,1280,1280,29792,31274,31534,26967,28273,28273,0,0,0,1.0,1.0,1.0,1.0,False,0,0,0,21,267,20,0x010B Action 267 > 0x0014 Action 20,neutral,hitstun,neutral,hitstun > neutral,19,0,334,346,346,3.7607946395874023,3.4295215606689453,3.3217759132385254,5.833300590515137,0.0,0.0,5.833300590515137,0.0,0.0,-0.33127307891845703,-5.833300590515137,-0.33127307891845703,-5.833300590515137,0.018917322158813477,0.0,0.0038161277770996094,0.0,0.015101194381713867,0.0,0.0,0.0,0.0,False,False,False,False,False,2,source age 1f; live attack actor; distance 0.02
6,native_damage_pipeline_plus_snapshot_contact_correlation_v6,2026-07-29T23:46:30Z,319,245,2,148761,148775,next_contact,P2-C1,Gold Lightan,2457778656,11,271,4B,P1-C1,Saki,2454108608,20,move_definition,medium,80.0,0,True,READY,,12,"Mid, Heavy Hit",12,32768,"No guard category, No strength tier, Wall bounce (powered Roll Swing observed) 0x00008000",False,[32768],[32772],2,"[1,2]",64,Standard-strike baseline,standard-strike baseline,12,64,0,0,,False,,False,,False,,False,,,False,,False,4619,4619,last_hit_single,True,4619,4619,0,0,hp_delta,False,False,1,0,4619,0,hit,"[""HP -4619"",""hitstun +4""]",32039,27420,27420,44000,4786,6634,6634,1848,1848,23858,25996,29781,26439,28041,33200,0,0,0,1.0,1.0,1.0,1.0,False,0,0,0,91,91,308,0x005B Soft Knockdown > 0x0102 Action 258 > 0x0135 Action 309 > 0x0001 Action 1 > 0x0134 Action 308,knockdown,knockdown,hitstun,knockdown > hitstun,21,0,0,0,0,3.072589635848999,3.248535633087158,4.114432334899902,43.633216857910156,44.382503509521484,0.0,43.633216857910156,44.382503509521484,0.0,0.17594599723815918,0.7492866516113281,0.17594599723815918,0.7492866516113281,0.0,0.0,0.0,0.0,2.142991065979004,0.0,0.7696671229999669,0.7696671229999669,0.0,True,False,False,False,False,15,source age 0f; current move definition; action ID matched
6,native_damage_pipeline_plus_snapshot_contact_correlation_v6,2026-07-29T23:46:33Z,322,248,1,148773,148776,reaction_complete,P1-C1,Saki,2454108608,20,308,Grenade B,P2-C1,Gold Lightan,2457778656,11,live_attack_actor,high,116.0,0,True,READY,,9,"Mid, Light Hit",9,0,,False,[],[9],0,[],262274,"Special chip route B, one-eighth damage, Spawned-attack core flag (correlated), Spawned-actor contact family 0x80 (correlated)",spawned-attack core; spawned-actor contact family; special chip route,0,0,0,2444319576,,False,,False,,False,,False,,,False,,False,3600,,ambiguous_coalesced,False,3600,3200,400,0,hp_delta,False,True,2,0,3600,0,hit,"[""HP -3600""]",42160,38560,38560,70000,3916,5356,5356,1440,1440,31534,33200,35209,28273,29521,32374,0,0,0,1.0,1.0,1.0,1.0,False,0,0,0,20,20,304,0x0014 Action 20 > 0x0009 Action 9 > 0x0130 Action 304,neutral,neutral,neutral,neutral > hitstun > neutral,7,0,346,346,358,3.3217759132385254,3.777351140975952,2.8374595642089844,0.0,0.0,1.7177534103393555,0.0,0.0,1.7177534103393555,0.45557522773742676,0.0,0.45557522773742676,0.0,0.1301114559173584,0.0,0.0,0.0,0.1301114559173584,0.0,0.0,0.0,0.0,False,False,False,True,False,4,source age 0f; live attack actor; action ID matched; distance 0.13
6,native_damage_pipeline_plus_snapshot_contact_correlation_v6,2026-07-29T23:46:34Z,323,249,1,148776,148784,next_contact,P2-C1,Gold Lightan,2457778656,11,304,Gold Quake A,P1-C1,Saki,2454108608,20,move_definition,high,94.0,0,True,READY,,12,"Mid, Heavy Hit",12,0,,True,"[16896,17408]","[16900,17412]",2,[2],262208,"Standard-strike baseline, Special chip route B, one-eighth damage",standard-strike baseline; special chip route,36,262208,0,0,,False,,False,,False,,False,,,False,,False,5600,5600,last_hit_single,True,5600,5600,0,0,hp_delta,False,False,1,0,5600,0,hit,"[""HP -5600""]",27420,21820,21820,44000,6634,8874,8874,2240,2240,29781,32374,22374,33200,35209,35209,0,0,0,1.0,1.0,1.0,1.0,False,0,0,0,308,308,102,0x0134 Action 308 > 0x0060 Soft Knockdown > 0x0066 Knockdown Face Up,hitstun,hitstun,knockdown,hitstun > knockdown,21,0,0,0,0,4.114432334899902,2.8374595642089844,3.900076150894165,0.0,1.7177534103393555,0.0,0.0,1.7177534103393555,0.0,-1.276972770690918,1.7177534103393555,-1.276972770690918,1.7177534103393555,0.0,0.0,0.040090322494506836,0.0,1.0073785781860352,0.0,0.0,0.0,0.0,True,False,False,False,False,9,source age 0f; current move definition; action ID matched; distance 3.44
6,native_damage_pipeline_plus_snapshot_contact_correlation_v6,2026-07-29T23:46:36Z,324,250,1,148785,148803,observation_window,P2-C1,Gold Lightan,2457778656,11,352,Gold Crash,P1-C1,Saki,2454108608,20,move_definition,medium,68.0,0,True,READY,,36,"Low, Heavy Hit",36,0,,True,"[3166464,256]","[3166468,260]",3,"[1,2]",1074790465,"Native result modifier +0004, Standard-strike baseline, Result propagation modifier +1, Persistent/paired actor route 0x00100000 (correlated)",native result +0004; standard-strike baseline; persistent/paired actor route; result propagation modifier,36,1074790465,0,0,,False,,False,,False,,False,,,False,,False,2508,2508,last_hit_single,True,2508,2508,0,0,hp_delta,False,False,1,0,2508,0,hit,"[""HP -2508""]",21820,19312,19312,44000,8874,9878,9878,1004,1004,22374,22374,22374,35209,35209,35209,0,0,0,1.0,1.0,1.0,1.0,False,0,0,0,102,102,4609,0x0066 Knockdown Face Up > 0x005B Soft Knockdown > 0x1201 Action 4609,knockdown,knockdown,hitstun,knockdown > hitstun,21,0,0,0,0,3.900076150894165,2.4041831493377686,2.3229355812072754,0.0,17.396358489990234,0.0,0.0,17.396358489990234,0.0,-1.4958930015563965,17.396358489990234,-1.4958930015563965,17.396358489990234,-0.06742477416992188,-1.1283588409423828,0.0,0.0,1.1283588409423828,0.0,0.0,0.0,0.0,True,False,False,True,False,19,source age 0f; current move definition
6,native_damage_pipeline_plus_snapshot_contact_correlation_v6,2026-07-29T23:46:42Z,325,251,1,148814,148817,reaction_complete,P1-C1,Saki,2454108608,20,309,Grenade C,P2-C1,Gold Lightan,2457778656,11,live_attack_actor,high,116.0,0,True,READY,,9,"Mid, Light Hit",9,0,,False,[],[9],0,[],262274,"Special chip route B, one-eighth damage, Spawned-attack core flag (correlated), Spawned-actor contact family 0x80 (correlated)",spawned-attack core; spawned-actor contact family; special chip route,0,0,0,2444319576,,False,,False,,False,,False,,,False,,False,3600,,ambiguous_coalesced,False,3600,3200,400,0,hp_delta,False,True,2,0,3600,0,hit,"[""HP -3600""]",38560,34960,34960,70000,5356,6796,6796,1440,1440,35209,37135,38384,22374,23622,25549,0,0,0,1.0,1.0,1.0,1.0,False,0,0,0,6,6,476,0x0006 Action 6 > 0x0139 Action 313 > 0x01DC Action 476,neutral,neutral,neutral,neutral > hitstun > neutral,12,0,349,348,360,3.320526361465454,2.2703232765197754,1.7030112743377686,0.0,0.0,0.0,0.0,0.0,0.0,-1.0502030849456787,0.0,-1.0502030849456787,0.0,0.02930307388305664,0.0,0.0551912784576416,0.0,0.6159975528717041,0.0,0.0,0.0,0.0,False,False,False,False,False,4,source age 0f; live attack actor; action ID matched; distance 0.03
6,native_damage_pipeline_plus_snapshot_contact_correlation_v6,2026-07-29T23:46:43Z,326,252,1,148817,148820,next_contact,P2-C1,Gold Lightan,2457778656,11,476,PRESSED,P1-C1,Saki,2454108608,20,move_definition,high,104.0,0,True,READY,,17,"High, Light Hit",17,0,,False,[],[17],1,[],20,"Target-acquired / contact-lock state (correlated), Unknown B bits 0x00000004",native low-bit route 0x4; target-acquired/contact-lock,0,0,0,0,,False,,False,,False,,False,,,False,,False,3600,3600,last_hit_single,True,3600,3600,0,0,hp_delta,False,False,1,0,3600,0,hit,"[""HP -3600""]",38084,34484,34484,44000,0,1440,1440,1440,1440,23883,25549,25549,37135,38384,38384,0,0,0,1.0,1.0,1.0,1.0,False,0,0,0,4573,4573,4573,0x11DD Action 4573,hitstun,hitstun,hitstun,hitstun,12,0,0,0,0,2.1518733501434326,1.647819995880127,0.16949284076690674,0.0,0.0,0.0,0.0,0.0,0.0,-0.5040533542633057,0.0,-0.5040533542633057,0.0,-0.0551912784576416,0.0,0.06175372004508972,0.0,0.127687007188797,0.0,0.0,0.0,0.0,False,False,False,True,False,4,source age 0f; current move definition; action ID matched; distance 0.06
6,native_damage_pipeline_plus_snapshot_contact_correlation_v6,2026-07-29T23:46:46Z,328,253,1,148830,148833,next_contact,P1-C1,Saki,2454108608,20,309,Grenade C,P2-C1,Gold Lightan,2457778656,11,live_attack_actor,high,104.0,0,True,READY,,9,"Mid, Light Hit",9,0,,False,[],[9],0,[],262274,"Special chip route B, one-eighth damage, Spawned-attack core flag (correlated), Spawned-actor contact family 0x80 (correlated)",spawned-attack core; spawned-actor contact family; special chip route,0,0,0,2444319576,,False,,False,,False,,False,,,False,,False,640,640,last_hit_single,True,640,640,0,0,hp_delta,False,False,1,0,640,0,hit,"[""HP -640""]",34960,34320,34320,70000,6796,7052,7052,256,256,41301,41301,41792,29438,29698,29920,0,0,0,1.0,1.0,1.0,1.0,False,0,0,0,10,312,312,0x0138 Action 312,neutral,neutral,neutral,neutral > hitstun > neutral,11,0,356,356,359,1.8146977424621582,1.0846389532089233,2.2948803901672363,0.0,0.0,0.0,0.0,0.0,0.0,-0.7300587892532349,0.0,-0.7300587892532349,0.0,-0.520423173904419,0.0,0.027218341827392578,0.0,0.6680784225463867,0.0,0.0,0.0,0.0,False,False,False,False,False,4,source age 0f; live attack actor; distance 0.52
6,native_damage_pipeline_plus_snapshot_contact_correlation_v6,2026-07-29T23:46:47Z,329,254,1,148834,148834,next_contact,P1-C2,Soki,2465118720,21,426,assist attack,P2-C1,Gold Lightan,2457778656,11,move_definition,medium,80.0,0,True,READY,,12,"Mid, Heavy Hit",12,256,"No guard category, No strength tier, Launch / soft-knockdown route 0x00000100",False,[256],[260],1,[],64,Standard-strike baseline,standard-strike baseline,0,0,0,0,,False,,False,,False,,False,,,False,,False,3200,3200,last_hit_single,True,3200,3200,0,0,hp_delta,False,False,1,0,3200,0,hit,"[""HP -3200""]",34320,31120,31120,70000,7052,8332,8332,1280,1280,41792,43274,43274,29920,31031,31031,0,0,0,1.0,1.0,1.0,1.0,False,0,0,0,312,312,312,0x0138 Action 312,neutral,neutral,neutral,neutral,0,0,359,359,359,2.2948803901672363,2.979250907897949,2.979250907897949,0.0,22.019922256469727,22.019922256469727,0.0,22.019922256469727,22.019922256469727,0.6843705177307129,22.019922256469727,0.6843705177307129,22.019922256469727,1.0841339826583862,22.019922256469727,1.0841339826583862,22.019922256469727,0.0,0.0,0.0,0.0,0.0,False,False,False,False,False,1,source age 0f; current move definition; action ID matched
6,native_damage_pipeline_plus_snapshot_contact_correlation_v6,2026-07-29T23:46:48Z,330,254,2,148835,148838,reaction_complete,P1-C2,Soki,2465118720,21,426,assist attack,P2-C1,Gold Lightan,2457778656,11,move_definition,medium,80.0,0,True,READY,,12,"Mid, Heavy Hit",12,256,"No guard category, No strength tier, Launch / soft-knockdown route 0x00000100",False,[256],[260],1,[],64,Standard-strike baseline,standard-strike baseline,0,0,0,0,,False,,False,,False,,False,,,False,,False,2800,2800,last_hit_single,True,2800,2800,0,0,hp_delta,False,False,1,0,2800,0,hit,"[""HP -2800"",""hitstun +10"",""reaction neutral->hitstun""]",31120,28320,28320,70000,8332,9452,9452,1120,1120,43274,44570,44830,31031,32002,32262,0,0,0,1.0,1.0,1.0,1.0,False,0,0,0,312,312,308,0x0138 Action 312 > 0x0134 Action 308,neutral,hitstun,neutral,hitstun > neutral,10,0,359,370,381,2.979250907897949,3.1259818077087402,1.9783728122711182,22.019922256469727,37.507469177246094,32.25891876220703,22.019922256469727,37.507469177246094,32.25891876220703,0.14673089981079102,15.487546920776367,0.14673089981079102,15.487546920776367,0.4580368995666504,37.507469177246094,-3.969804048538208,7.400732040405273,37.507469177246094,15.487546920776367,0.7728279829025269,15.488241978359223,15.500197004577249,False,False,False,False,False,4,source age 0f; current move definition; action ID matched
6,native_damage_pipeline_plus_snapshot_contact_correlation_v6,2026-07-29T23:46:44Z,327,252,2,148821,148839,observation_window,P2-C1,Gold Lightan,2457778656,11,476,PRESSED,P1-C1,Saki,2454108608,20,move_definition,high,104.0,0,True,READY,,17,"High, Light Hit",17,0,,False,[],[17],1,[],20,"Target-acquired / contact-lock state (correlated), Unknown B bits 0x00000004",native low-bit route 0x4; target-acquired/contact-lock,0,0,0,0,,False,,False,,False,,False,,,False,,False,8400,8400,last_hit_single,True,8400,8400,0,0,hp_delta,False,False,1,0,8400,0,hit,"[""HP -8400""]",34484,26084,26084,44000,1440,4800,4800,3360,3360,25549,29438,32262,38384,41301,44830,0,0,0,1.0,1.0,1.0,1.0,False,0,0,0,4573,4573,80,0x11DD Action 4573 > 0x0073 Forward Roll > 0x0104 Action 260 > 0x0103 Action 259 > 0x010B Action 267 > 0x0135 Action 309 > 0x0050 Hard Knockdown,hitstun,hitstun,knockdown,hitstun > wakeup > hitstun > knockdown,21,0,0,0,0,0.16949284076690674,0.0894264504313469,2.522930145263672,0.0,0.0,2.744422435760498,0.0,0.0,2.744422435760498,-0.08006639033555984,0.0,-0.08006639033555984,0.0,0.0,0.0,0.0,0.0,17.246281623840332,0.0551912784576416,1.6135848239064217,1.55839354544878,0.0551912784576416,True,False,False,False,False,19,source age 0f; current move definition; action ID matched; distance 0.00
6,native_damage_pipeline_plus_snapshot_contact_correlation_v6,2026-07-29T23:48:04Z,331,255,1,149442,149442,next_contact,P2-C1,Jun the Swan,2457778656,8,256,5A,P1-C1,Karas,2454108608,10,move_definition,high,92.0,0,True,READY,,9,"Mid, Light Hit",9,0,,False,[],[134217729],1,[],64,Standard-strike baseline,standard-strike baseline,0,0,0,0,,False,,False,,False,,False,,,False,,False,1248,,ambiguous_coalesced,False,1248,608,640,0,hp_delta,False,True,2,0,1248,0,hit,"[""HP -1248"",""hitstun +12"",""reaction neutral->hitstun""]",38000,36752,36752,38000,0,500,500,500,500,10000,10706,10706,10000,10627,10627,0,0,0,1.0,1.0,1.0,1.0,False,0,0,0,1,1,1,0x0001 Action 1,neutral,hitstun,hitstun,hitstun,12,0,0,0,0,0.6964272260665894,1.0338077545166016,1.0338077545166016,0.0,0.0,0.0,0.0,0.0,0.0,0.3373805284500122,0.0,0.3373805284500122,0.0,0.041377246379852295,0.0,0.041377246379852295,0.0,0.0,0.0,0.0,0.0,0.0,False,False,False,False,False,1,source age 0f; current move definition; distance 0.04
6,native_damage_pipeline_plus_snapshot_contact_correlation_v6,2026-07-29T23:48:04Z,332,256,1,149443,149443,next_contact,P2-C1,Jun the Swan,2457778656,8,260,2B,P1-C1,Karas,2454108608,10,move_definition,high,92.0,0,True,READY,,34,"Low, Medium Hit",34,0,,False,[],[134217730],1,[],64,Standard-strike baseline,standard-strike baseline,0,0,0,0,,False,,False,,False,,False,,,False,,False,1955,,ambiguous_coalesced,False,1955,1019,936,0,hp_delta,False,True,2,0,1955,0,hit,"[""HP -1955"",""hitstun +4"",""last-hit/action transition""]",36752,34797,34797,38000,500,1283,1283,783,783,10706,11933,11933,10627,11302,11302,0,0,0,1.0,1.0,1.0,1.0,False,0,0,0,1,64,64,0x0040 Standing Hitstun,hitstun,hitstun,hitstun,hitstun,16,0,0,0,0,1.0338077545166016,0.903632402420044,0.903632402420044,0.0,0.0,0.0,0.0,0.0,0.0,-0.13017535209655762,0.0,-0.13017535209655762,0.0,-0.12487828731536865,0.0,-0.12487828731536865,0.0,0.0,0.0,0.0,0.0,0.0,False,False,False,False,False,1,source age 0f; current move definition; distance 0.12
6,native_damage_pipeline_plus_snapshot_contact_correlation_v6,2026-07-29T23:48:05Z,333,257,1,149444,149445,next_contact,P2-C1,Jun the Swan,2457778656,8,258,5C,P1-C1,Karas,2454108608,10,move_definition,high,92.0,0,True,READY,,12,"Mid, Heavy Hit",12,0,,False,[],[134217732],1,[],64,Standard-strike baseline,standard-strike baseline,0,0,0,0,,False,,False,,False,,False,,,False,,False,1599,1599,last_hit_single,True,1599,1599,0,0,hp_delta,False,False,1,0,1599,0,hit,"[""HP -1599"",""hitstun +5"",""last-hit/action transition""]",34797,33198,33198,38000,1283,1923,1923,640,640,11933,12672,12867,11302,11855,11855,0,0,0,1.0,1.0,1.0,1.0,False,0,0,0,64,66,64,0x0042 Low Hitstun > 0x0040 Standing Hitstun,hitstun,hitstun,hitstun,hitstun,21,0,0,0,0,0.903632402420044,1.2823535203933716,1.5385342836380005,0.0,0.0,0.0,0.0,0.0,0.0,0.37872111797332764,0.0,0.37872111797332764,0.0,-0.48133385181427,0.0,0.0,0.0,0.48133385181427,0.0,0.0,0.0,0.0,False,False,False,False,False,2,source age 0f; current move definition; distance 0.48
6,native_damage_pipeline_plus_snapshot_contact_correlation_v6,2026-07-29T23:48:05Z,334,258,1,149446,149450,reaction_complete,P2-C1,Jun the Swan,2457778656,8,309,Lightning Kick C,P1-C1,Karas,2454108608,10,move_definition,high,104.0,0,True,READY,,20,"High, Heavy Hit",20,256,"No guard category, No strength tier, Launch / soft-knockdown route 0x00000100",False,[256],[260],2,"[1,2]",262208,"Standard-strike baseline, Special chip route B, one-eighth damage",standard-strike baseline; special chip route,20,262208,0,0,,False,,False,,False,,False,,,False,,False,599,599,last_hit_single,True,599,599,0,0,hp_delta,False,False,1,0,599,0,hit,"[""HP -599"",""hitstun +9""]",33198,32599,32599,38000,1923,2163,2163,240,240,12867,13143,13403,11855,12061,12126,0,0,0,1.0,1.0,1.0,1.0,False,0,0,0,64,64,265,0x0040 Standing Hitstun > 0x0042 Low Hitstun > 0x0109 Action 265,hitstun,hitstun,neutral,hitstun > neutral,21,0,0,0,0,1.5385342836380005,1.1872375011444092,0.3856317400932312,0.0,0.0,85.6324691772461,0.0,0.0,85.6324691772461,-0.3512967824935913,0.0,-0.3512967824935913,0.0,0.040241360664367676,0.0,0.0,0.0,2.1971359252929688,0.0,0.0,0.0,0.0,False,False,False,True,False,5,source age 0f; current move definition; action ID matched; distance 0.04
6,native_damage_pipeline_plus_snapshot_contact_correlation_v6,2026-07-29T23:48:10Z,336,260,1,149463,149463,next_contact,P2-C1,Jun the Swan,2457778656,8,256,5A,P1-C1,Karas,2454108608,10,move_definition_latched,medium,88.0,0,True,READY,,9,"Mid, Light Hit",9,0,,False,[],[134217729],1,[],64,Standard-strike baseline,standard-strike baseline,0,0,0,0,,False,,False,,False,,False,,,False,,False,640,640,last_hit_single,True,640,640,0,0,hp_delta,False,False,1,0,640,0,hit,"[""HP -640""]",32599,31959,31959,38000,2163,2419,2419,256,256,14756,15052,15052,13844,14326,14326,0,0,0,1.0,1.0,1.0,1.0,False,0,0,0,7,6,6,0x0006 Action 6,neutral,neutral,neutral,neutral,0,0,0,0,0,1.74064302444458,0.8175601363182068,0.8175601363182068,0.0,0.0,0.0,0.0,0.0,0.0,-0.9230828881263733,0.0,-0.9230828881263733,0.0,0.0,0.0,0.0,0.0,0.0,0.0,0.0,0.0,0.0,False,False,False,False,False,1,source age 0f; current move definition; distance 0.00
6,native_damage_pipeline_plus_snapshot_contact_correlation_v6,2026-07-29T23:48:11Z,337,261,1,149464,149464,next_contact,P2-C1,Jun the Swan,2457778656,8,259,2A,P1-C1,Karas,2454108608,10,move_definition,medium,88.0,0,True,READY,,9,"Mid, Light Hit",9,0,,False,[],[134217729],1,[],64,Standard-strike baseline,standard-strike baseline,0,0,0,0,,False,,False,,False,,False,,,False,,False,1544,,ambiguous_coalesced,False,1544,936,608,0,hp_delta,False,True,2,0,1544,0,hit,"[""HP -1544"",""hitstun +12"",""reaction neutral->hitstun"",""last-hit/action transition""]",31959,30415,30415,38000,2419,3038,3038,619,619,15052,15894,15894,14326,14859,14859,0,0,0,1.0,1.0,1.0,1.0,False,0,0,0,6,64,64,0x0040 Standing Hitstun,neutral,hitstun,hitstun,hitstun,12,0,0,0,0,0.8175601363182068,1.021697998046875,1.021697998046875,0.0,0.0,0.0,0.0,0.0,0.0,0.2041378617286682,0.0,0.2041378617286682,0.0,0.0,0.0,0.0,0.0,0.0,0.0,0.0,0.0,0.0,False,False,False,False,False,1,source age 0f; current move definition; distance 0.00
6,native_damage_pipeline_plus_snapshot_contact_correlation_v6,2026-07-29T23:48:11Z,338,262,1,149465,149465,next_contact,P2-C1,Jun the Swan,2457778656,8,260,2B,P1-C1,Karas,2454108608,10,move_definition,medium,88.0,0,True,READY,,34,"Low, Medium Hit",34,0,,False,[],[134217730],1,[],64,Standard-strike baseline,standard-strike baseline,0,0,0,0,,False,,False,,False,,False,,,False,,False,1019,1019,last_hit_single,True,1019,1019,0,0,hp_delta,False,False,1,0,1019,0,hit,"[""HP -1019"",""hitstun +5""]",30415,29396,29396,38000,3038,3446,3446,408,408,15894,16494,16494,14859,15211,15211,0,0,0,1.0,1.0,1.0,1.0,False,0,0,0,64,64,64,0x0040 Standing Hitstun,hitstun,hitstun,hitstun,hitstun,17,0,0,0,0,1.021697998046875,0.9494704604148865,0.9494704604148865,0.0,0.0,0.0,0.0,0.0,0.0,-0.07222753763198853,0.0,-0.07222753763198853,0.0,0.07304805517196655,0.0,0.07304805517196655,0.0,0.0,0.0,0.0,0.0,0.0,False,False,False,False,False,1,source age 0f; current move definition; distance 0.07
6,native_damage_pipeline_plus_snapshot_contact_correlation_v6,2026-07-29T23:48:12Z,339,263,1,149466,149466,next_contact,P2-C1,Jun the Swan,2457778656,8,264,3C,P1-C1,Karas,2454108608,10,move_definition,medium,88.0,0,True,READY,,12,"Mid, Heavy Hit",12,262144,"No guard category, No strength tier, Launcher 0x00040000",False,[262144],[134479876],1,[],64,Standard-strike baseline,standard-strike baseline,0,0,0,0,,False,,False,,False,,False,,,False,,False,1791,1791,last_hit_single,True,1791,1791,0,0,hp_delta,False,False,1,0,1791,0,hit,"[""HP -1791"",""last-hit/action transition""]",29396,27605,27605,38000,3446,4163,4163,717,717,16494,17518,17518,15211,15832,15832,0,0,0,1.0,1.0,1.0,1.0,False,0,0,0,64,66,66,0x0042 Low Hitstun,hitstun,hitstun,hitstun,hitstun,5,0,0,0,0,0.9494704604148865,1.052696704864502,1.052696704864502,0.0,0.0,0.0,0.0,0.0,0.0,0.10322624444961548,0.0,0.10322624444961548,0.0,-0.40428459644317627,0.0,-0.40428459644317627,0.0,0.0,0.0,0.0,0.0,0.0,False,False,False,False,False,1,source age 0f; current move definition; distance 0.40
6,native_damage_pipeline_plus_snapshot_contact_correlation_v6,2026-07-29T23:48:12Z,340,264,1,149467,149467,next_contact,P2-C1,Jun the Swan,2457778656,8,264,3C,P1-C1,Karas,2454108608,10,move_definition_latched,medium,64.0,0,True,READY,,12,"Mid, Heavy Hit",12,262144,"No guard category, No strength tier, Launcher 0x00040000",False,[262144],[134479876],1,[],64,Standard-strike baseline,standard-strike baseline,0,0,0,0,,False,,False,,False,,False,,,False,,False,724,724,last_hit_single,True,724,724,0,0,hp_delta,False,False,1,0,724,0,hit,"[""HP -724"",""hitstun +16"",""last-hit/action transition""]",27605,26881,26881,38000,4163,4453,4453,290,290,17518,17852,17852,15832,16081,16081,0,0,0,1.0,1.0,1.0,1.0,False,0,0,0,66,97,97,0x0061 Launched,hitstun,hitstun,hitstun,hitstun,21,0,0,0,0,1.052696704864502,0.7791295647621155,0.7791295647621155,0.0,59.98242950439453,59.98242950439453,0.0,59.98242950439453,59.98242950439453,-0.2735671401023865,59.98242950439453,-0.2735671401023865,59.98242950439453,0.05399203300476074,2.52532958984375,0.05399203300476074,2.52532958984375,0.0,0.0,0.0,0.0,0.0,False,False,False,False,False,1,source age 0f; current move definition
6,native_damage_pipeline_plus_snapshot_contact_correlation_v6,2026-07-29T23:48:12Z,341,265,1,149468,149468,next_contact,P2-C1,Jun the Swan,2457778656,8,288,j.A (second hit),P1-C1,Karas,2454108608,10,move_definition,medium,76.0,0,True,READY,,17,"High, Light Hit",17,0,,False,[],[402653185],1,[],64,Standard-strike baseline,standard-strike baseline,0,0,0,0,,False,,False,,False,,False,,,False,,False,783,783,last_hit_single,True,783,783,0,0,hp_delta,False,False,1,0,783,0,hit,"[""HP -783"",""reaction hitstun->knockdown"",""last-hit/action transition""]",26881,26098,26098,38000,4453,4767,4767,314,314,17852,18278,18278,16081,16351,16351,0,0,0,1.0,1.0,1.0,1.0,False,0,0,0,97,91,91,0x005B Soft Knockdown,hitstun,knockdown,knockdown,knockdown,12,0,0,0,0,0.7791295647621155,0.5008234977722168,0.5008234977722168,59.98242950439453,67.25122833251953,67.25122833251953,59.98242950439453,67.25122833251953,67.25122833251953,-0.2783060669898987,7.268798828125,-0.2783060669898987,7.268798828125,0.0,0.0,0.0,0.0,0.0,0.0,0.0,0.0,0.0,True,False,False,False,False,1,source age 0f; current move definition; action ID matched
6,native_damage_pipeline_plus_snapshot_contact_correlation_v6,2026-07-29T23:48:12Z,342,266,1,149469,149471,next_contact,P2-C1,Jun the Swan,2457778656,8,266,j.B,P1-C1,Karas,2454108608,10,move_definition,medium,76.0,0,True,READY,,18,"High, Medium Hit",18,0,,False,[],[402653186],1,[],64,Standard-strike baseline,standard-strike baseline,0,0,0,0,,False,,False,,False,,False,,,False,,False,1371,1371,last_hit_single,True,1371,1371,0,0,hp_delta,False,False,1,0,1371,0,hit,"[""HP -1371""]",26098,24727,24727,38000,4767,5316,5316,549,549,18278,19107,19107,16351,16826,16826,0,0,0,1.0,1.0,1.0,1.0,False,0,0,0,91,91,91,0x005B Soft Knockdown,knockdown,knockdown,knockdown,knockdown,17,0,0,0,0,0.5008234977722168,0.9003998041152954,0.5160769820213318,67.25122833251953,47.954368591308594,0.9805750250816345,67.25122833251953,47.954368591308594,0.9805750250816345,0.3995763063430786,-19.296859741210938,0.3995763063430786,-19.296859741210938,-1.5079975128173828e-05,0.000408172607421875,-0.014155805110931396,-6.7776671051979065,6.778075277805328,0.0,0.0,0.0,0.0,True,False,False,False,False,3,source age 0f; current move definition; action ID matched
6,native_damage_pipeline_plus_snapshot_contact_correlation_v6,2026-07-29T23:48:08Z,335,259,1,149455,149473,observation_window,P1-C1,Karas,2454108608,10,267,j.C,P2-C1,Jun the Swan,2457778656,8,move_definition,high,92.0,0,True,READY,,20,"High, Heavy Hit",20,524288,"No guard category, No strength tier, Air knockdown 0x00080000",False,[524288],[134742020],1,[],64,Standard-strike baseline,standard-strike baseline,0,0,0,0,,False,,False,,False,,False,,,False,,False,2590,2590,last_hit_single,True,2590,2590,0,0,hp_delta,False,False,1,0,2590,0,hit,"[""HP -2590"",""hitstun +21"",""reaction neutral->hitstun"",""last-hit/action transition""]",44000,41410,41410,44000,0,1036,1036,1036,1036,12191,13584,17203,13403,14496,19654,0,0,0,1.0,1.0,1.0,1.0,False,0,0,0,21,267,265,0x010B Action 267 > 0x005F Forced Roll > 0x0102 Action 258 > 0x0006 Action 6 > 0x0100 Action 256 > 0x0006 Action 6 > 0x0103 Action 259 > 0x0104 Action 260 > 0x0108 Action 264 > 0x001F Action 31 > 0x0120 Action 288 > 0x010A Action 266 > 0x0014 Action 20 > 0x0109 Action 265,neutral,hitstun,hitstun,hitstun > knockdown > hitstun,21,0,0,0,0,0.4573816955089569,1.9634332656860352,0.20609386265277863,10.053189277648926,0.0,86.59871673583984,10.053189277648926,0.0,86.59871673583984,1.5060515701770782,-10.053189277648926,1.5060515701770782,-10.053189277648926,-0.0414576530456543,0.0,0.012279421091079712,-0.0743865966796875,9.302996695041656,0.0,0.0,0.0,0.0,True,False,False,False,False,19,source age 0f; current move definition; distance 0.04
6,native_damage_pipeline_plus_snapshot_contact_correlation_v6,2026-07-29T23:48:13Z,343,267,1,149472,149475,next_contact,P2-C1,Jun the Swan,2457778656,8,265,j.A,P1-C1,Karas,2454108608,10,move_definition,medium,82.0,0,True,READY,,17,"High, Light Hit",17,0,,False,[],[402653185],1,[],64,Standard-strike baseline,standard-strike baseline,0,0,0,0,,False,,False,,False,,False,,,False,,False,902,902,last_hit_single,True,902,902,0,0,hp_delta,False,False,1,0,902,0,hit,"[""HP -902"",""reaction knockdown->air_recovery"",""last-hit/action transition""]",24727,23825,23825,38000,5316,5677,5677,361,361,19107,19524,19914,16826,17138,17398,0,0,0,1.0,1.0,1.0,1.0,False,0,0,0,91,160,160,0x00A0 Air Recovery > 0x005B Soft Knockdown > 0x00A0 Air Recovery,knockdown,air_recovery,air_recovery,air_recovery > knockdown > air_recovery,17,0,0,0,0,0.5160769820213318,0.6152104139328003,0.6662538647651672,0.9805750250816345,3.124600410461426,0.0,0.9805750250816345,3.124600410461426,0.0,0.0991334319114685,2.1440253853797913,0.0991334319114685,2.1440253853797913,0.0,0.0,0.0702926516532898,0.0,0.31073760986328125,0.0,0.0,0.0,0.0,True,False,True,True,False,4,source age 0f; current move definition; action ID matched; distance 6.25
6,native_damage_pipeline_plus_snapshot_contact_correlation_v6,2026-07-29T23:48:14Z,344,268,1,149476,149476,next_contact,P2-C1,Jun the Swan,2457778656,8,315,Dancing Swan B,P1-C1,Karas,2454108608,10,move_definition,medium,64.0,0,True,READY,,20,"High, Heavy Hit",20,1048832,"No guard category, No strength tier, Stabilized soft knockdown 0x00100100",False,[1048832],[1048836],1,[],786516,"Standard-strike baseline, Special chip route B, one-eighth damage, Target-acquired / contact-lock state (correlated), Capture/cinematic modifier 0x00080000 (correlated), Unknown B bits 0x00000004",exact: Hitgrab into capture-state packet; native low-bit route 0x4; target-acquired/contact-lock; standard-strike baseline; special chip route; capture/cinematic modifier,0,0,0,0,,False,,False,,False,,False,,,False,,False,2199,,ambiguous_coalesced,False,2199,999,1200,0,hp_delta,False,True,2,0,2199,0,hit,"[""HP -2199"",""hitstun +9"",""reaction air_recovery->hitstun"",""last-hit/action transition""]",23825,21626,21626,38000,5677,6557,6557,880,880,19914,20930,20930,17398,18159,18159,0,0,0,1.0,1.0,1.0,1.0,False,0,0,0,160,30,30,0x001E Action 30,air_recovery,hitstun,hitstun,hitstun,21,0,0,0,0,0.6662538647651672,1.2111400365829468,1.2111400365829468,0.0,48.197105407714844,48.197105407714844,0.0,48.197105407714844,48.197105407714844,0.5448861718177795,48.197105407714844,0.5448861718177795,48.197105407714844,-0.02435588836669922,-2.6054039001464844,-0.02435588836669922,-2.6054039001464844,0.0,0.0,0.0,0.0,0.0,False,False,False,False,False,1,source age 0f; current move definition
6,native_damage_pipeline_plus_snapshot_contact_correlation_v6,2026-07-29T23:48:14Z,345,269,1,149477,149478,next_contact,P2-C1,Jun the Swan,2457778656,8,315,Dancing Swan B,P1-C1,Karas,2454108608,10,move_definition_latched,medium,64.0,0,True,READY,,20,"High, Heavy Hit",20,1048832,"No guard category, No strength tier, Stabilized soft knockdown 0x00100100",False,[1048832],[1048836],1,[],786516,"Standard-strike baseline, Special chip route B, one-eighth damage, Target-acquired / contact-lock state (correlated), Capture/cinematic modifier 0x00080000 (correlated), Unknown B bits 0x00000004",exact: Hitgrab into capture-state packet; native low-bit route 0x4; target-acquired/contact-lock; standard-strike baseline; special chip route; capture/cinematic modifier,0,0,0,0,,False,,False,,False,,False,,,False,,False,999,999,last_hit_single,True,999,999,0,0,hp_delta,False,False,1,0,999,0,hit,"[""HP -999""]",21626,20627,20627,38000,6557,6957,6957,400,400,20930,21391,21391,18159,18504,18504,0,0,0,1.0,1.0,1.0,1.0,False,0,0,0,30,4621,4621,0x120D Action 4621,hitstun,hitstun,hitstun,hitstun,21,0,0,0,0,1.2111400365829468,1.05142343044281,1.2628588676452637,48.197105407714844,48.51866149902344,42.226810455322266,48.197105407714844,48.51866149902344,42.226810455322266,-0.15971660614013672,0.32155609130859375,-0.15971660614013672,0.32155609130859375,0.0,0.0,0.0,0.0,0.0,0.0,0.0,0.0,0.0,False,False,False,False,False,2,source age 0f; current move definition
6,native_damage_pipeline_plus_snapshot_contact_correlation_v6,2026-07-29T23:48:15Z,346,269,2,149479,149479,next_contact,P2-C1,Jun the Swan,2457778656,8,315,Dancing Swan B,P1-C1,Karas,2454108608,10,move_definition_latched,medium,64.0,0,True,READY,,20,"High, Heavy Hit",20,1048832,"No guard category, No strength tier, Stabilized soft knockdown 0x00100100",False,[1048832],[1048836],1,[],786516,"Standard-strike baseline, Special chip route B, one-eighth damage, Target-acquired / contact-lock state (correlated), Capture/cinematic modifier 0x00080000 (correlated), Unknown B bits 0x00000004",exact: Hitgrab into capture-state packet; native low-bit route 0x4; target-acquired/contact-lock; standard-strike baseline; special chip route; capture/cinematic modifier,0,0,0,0,,False,,False,,False,,False,,,False,,False,949,949,last_hit_single,True,949,949,0,0,hp_delta,False,False,1,0,949,0,hit,"[""HP -949""]",20627,19678,19678,38000,6957,7337,7337,380,380,21391,21829,21829,18504,18831,18831,0,0,0,1.0,1.0,1.0,1.0,False,0,0,0,4621,4621,4621,0x120D Action 4621,hitstun,hitstun,hitstun,hitstun,21,0,0,0,0,1.2628588676452637,1.6088738441467285,1.6088738441467285,42.226810455322266,54.85020446777344,54.85020446777344,42.226810455322266,54.85020446777344,54.85020446777344,0.34601497650146484,12.623394012451172,0.34601497650146484,12.623394012451172,0.027718544006347656,-0.6192817687988281,0.027718544006347656,-0.6192817687988281,0.0,0.6192817687988281,6.970981307240324,6.356035504059605,0.6199017880668171,False,False,False,False,False,1,source age 0f; current move definition
6,native_damage_pipeline_plus_snapshot_contact_correlation_v6,2026-07-29T23:48:15Z,347,269,3,149480,149498,observation_window,P2-C1,Jun the Swan,2457778656,8,315,Dancing Swan B,P1-C1,Karas,2454108608,10,move_definition_latched,medium,64.0,0,True,READY,,20,"High, Heavy Hit",20,1048832,"No guard category, No strength tier, Stabilized soft knockdown 0x00100100",False,[1048832],[1048836],1,[],786516,"Standard-strike baseline, Special chip route B, one-eighth damage, Target-acquired / contact-lock state (correlated), Capture/cinematic modifier 0x00080000 (correlated), Unknown B bits 0x00000004",exact: Hitgrab into capture-state packet; native low-bit route 0x4; target-acquired/contact-lock; standard-strike baseline; special chip route; capture/cinematic modifier,0,0,0,0,,False,,False,,False,,False,,,False,,False,1799,1799,last_hit_single,True,1799,1799,0,0,hp_delta,False,False,1,0,1799,0,hit,"[""HP -1799""]",19678,17879,17879,38000,7337,8057,8057,720,720,21829,22661,23197,18831,19455,20280,0,0,0,1.0,1.0,1.0,1.0,False,0,0,0,4621,4621,262,0x120D Action 4621 > 0x004A Knockdown Face Down > 0x0079 Action 121 > 0x0140 Action 320 > 0x0003 Action 3 > 0x0106 Action 262,hitstun,hitstun,hitstun,hitstun > knockdown > hitstun,21,0,0,0,0,1.6088738441467285,1.7822885513305664,2.0973644256591797,54.85020446777344,33.24662399291992,35.95197296142578,54.85020446777344,33.24662399291992,35.95197296142578,0.1734147071838379,-21.603580474853516,0.1734147071838379,-21.603580474853516,-0.4815974235534668,17.98094940185547,-0.09246683120727539,0.9252967834472656,20.65436315536499,18.600231170654297,47.180589512266465,27.960311978733312,19.22710475779311,True,False,False,False,False,19,source age 0f; current move definition
6,native_damage_pipeline_plus_snapshot_contact_correlation_v6,2026-07-29T23:48:18Z,348,270,1,149491,149500,next_contact,P1-C1,Karas,2454108608,10,320,Spawned Actor 0140,P2-C1,Jun the Swan,2457778656,8,live_attack_actor,high,92.0,0,True,READY,,4105,"Mid, Light Hit, Capture / throw connection 0x00001000",9,4096,"No guard category, No strength tier, Capture / throw connection 0x00001000",False,[4096],[4105],0,[],524422,"Spawned-attack core flag (correlated), Spawned-actor contact family 0x80 (correlated), Capture/cinematic modifier 0x00080000 (correlated), Unknown B bits 0x00000004",spawned-attack core; native low-bit route 0x4; spawned-actor contact family; capture/cinematic modifier,0,0,0,2444319156,,False,,False,,False,,False,,,False,,False,800,800,last_hit_single,True,800,800,0,0,hp_delta,False,False,1,0,800,0,hit,"[""HP -800"",""last-hit/action transition""]",41410,40610,40610,44000,1036,1356,1356,320,320,19715,20085,20280,22726,23002,23392,0,0,0,1.0,1.0,1.0,1.0,False,0,0,0,1,21,267,0x0015 Action 21 > 0x005B Soft Knockdown > 0x00A0 Air Recovery > 0x0014 Action 20 > 0x010B Action 267 > 0x0014 Action 20 > 0x010B Action 267,hitstun,hitstun,hitstun,hitstun > knockdown > air_recovery > hitstun,12,0,0,0,0,3.1886801719665527,2.9393200874328613,3.4357471466064453,2.6734137535095215,27.448570251464844,13.487078666687012,2.6734137535095215,27.448570251464844,13.487078666687012,-0.2493600845336914,24.775156497955322,-0.2493600845336914,24.775156497955322,0.0,0.0,0.2680323123931885,13.487078666687012,15.633584022521973,0.0,0.0,0.0,0.0,True,False,True,False,False,10,source age 0f; live attack actor; action ID matched
6,native_damage_pipeline_plus_snapshot_contact_correlation_v6,2026-07-29T23:48:21Z,350,272,1,149504,149504,next_contact,P2-C1,Jun the Swan,2457778656,8,266,j.B,P1-C2,Tekkaman,2461448704,3,move_definition,medium,88.0,0,True,READY,,18,"High, Medium Hit",18,0,,False,[],[402653186],1,[],64,Standard-strike baseline,standard-strike baseline,0,0,0,0,,False,,False,,False,,False,,,False,,False,1600,1600,last_hit_single,True,1600,1600,0,0,hp_delta,False,False,1,0,1600,0,hit,"[""HP -1600"",""hitstun +17"",""reaction neutral->hitstun""]",54000,52400,52400,54000,0,640,640,640,640,23590,24331,24331,20372,21187,21187,0,0,0,1.0,1.0,1.0,1.0,False,0,0,0,425,425,425,0x01A9 Action 425,neutral,hitstun,hitstun,hitstun,17,0,0,0,0,2.516596555709839,2.3365399837493896,2.3365399837493896,14.706985473632812,0.0,0.0,14.706985473632812,0.0,0.0,-0.18005657196044922,-14.706985473632812,-0.18005657196044922,-14.706985473632812,0.0,0.0,0.0,0.0,0.0,0.0,0.0,0.0,0.0,False,False,False,False,False,1,source age 0f; current move definition; distance 0.00
6,native_damage_pipeline_plus_snapshot_contact_correlation_v6,2026-07-29T23:48:21Z,351,273,1,149505,149505,next_contact,P2-C1,Jun the Swan,2457778656,8,266,j.B,P1-C2,Tekkaman,2461448704,3,move_definition_latched,medium,88.0,0,True,READY,,18,"High, Medium Hit",18,0,,False,[],[402653186],1,[],64,Standard-strike baseline,standard-strike baseline,0,0,0,0,,False,,False,,False,,False,,,False,,False,1200,1200,last_hit_single,True,1200,1200,0,0,hp_delta,False,False,1,0,1200,0,hit,"[""HP -1200"",""last-hit/action transition""]",52400,51200,51200,54000,640,1120,1120,480,480,24331,24951,24951,21187,21733,21733,0,0,0,1.0,1.0,1.0,1.0,False,0,0,0,425,67,67,0x0043 Air T-Pose Hit,hitstun,hitstun,hitstun,hitstun,8,0,0,0,0,2.3365399837493896,1.3448617458343506,1.3448617458343506,0.0,0.0,0.0,0.0,0.0,0.0,-0.9916782379150391,0.0,-0.9916782379150391,0.0,-0.00218963623046875,0.0,-0.00218963623046875,0.0,0.0,0.0,0.0,0.0,0.0,False,False,False,False,False,1,source age 0f; current move definition; distance 0.00
6,native_damage_pipeline_plus_snapshot_contact_correlation_v6,2026-07-29T23:48:22Z,352,274,1,149506,149506,next_contact,P2-C1,Jun the Swan,2457778656,8,259,2A,P1-C2,Tekkaman,2461448704,3,move_definition,medium,64.0,0,True,READY,,9,"Mid, Light Hit",9,0,,False,[],[134217729],1,[],64,Standard-strike baseline,standard-strike baseline,0,0,0,0,,False,,False,,False,,False,,,False,,False,608,608,last_hit_single,True,608,608,0,0,hp_delta,False,False,1,0,608,0,hit,"[""HP -608"",""hitstun +13"",""last-hit/action transition""]",51200,50592,50592,54000,1120,1364,1364,244,244,24951,25231,25231,21733,21943,21943,0,0,0,1.0,1.0,1.0,1.0,False,0,0,0,67,79,79,0x004F Stagger,hitstun,hitstun,hitstun,hitstun,21,0,0,0,0,1.3448617458343506,1.243987798690796,1.243987798690796,0.0,33.506839752197266,33.506839752197266,0.0,33.506839752197266,33.506839752197266,-0.10087394714355469,33.506839752197266,-0.10087394714355469,33.506839752197266,0.0,0.0,0.0,0.0,0.0,0.0,0.0,0.0,0.0,False,False,False,False,False,1,source age 0f; current move definition
6,native_damage_pipeline_plus_snapshot_contact_correlation_v6,2026-07-29T23:48:20Z,349,271,1,149501,149508,next_contact,P1-C2,Tekkaman,2461448704,3,418,Tag In,P2-C1,Jun the Swan,2457778656,8,move_definition,high,92.0,0,True,READY,,12,"Mid, Heavy Hit",12,768,"No guard category, No strength tier, Spiral knockdown 0x00000300",False,[768],[772],2,"[1,2]",64,Standard-strike baseline,standard-strike baseline,12,64,0,0,,False,,False,,False,,False,,,False,,False,0,800,last_hit_single,True,0,800,0,0,blockstun_edge,False,False,1,0,800,0,block,"[""blockstun +12"",""reaction hitstun->blockstun""]",40610,40610,40610,44000,1356,1356,1356,0,0,20280,20372,22286,23392,23460,26013,0,0,0,1.0,1.0,1.0,1.0,False,0,0,0,267,1,264,0x0001 Action 1 > 0x0035 Crouching Pushblock > 0x0014 Action 20 > 0x010A Action 266 > 0x0001 Action 1 > 0x0100 Action 256 > 0x0101 Action 257 > 0x0108 Action 264,hitstun,blockstun,hitstun,blockstun > hitstun,12,12,0,0,0,3.4357471466064453,3.256657600402832,2.0400264263153076,13.487078666687012,0.0,36.93387222290039,13.487078666687012,0.0,36.93387222290039,-0.17908954620361328,-13.487078666687012,-0.17908954620361328,-13.487078666687012,-0.06362724304199219,0.0,0.051155924797058105,-0.8201255798339844,0.8201255798339844,0.0,0.0,0.0,0.0,False,False,False,True,False,8,source age 0f; current move definition; distance 0.06
6,native_damage_pipeline_plus_snapshot_contact_correlation_v6,2026-07-29T23:48:23Z,354,276,1,149509,149510,next_contact,P1-C2,Tekkaman,2461448704,3,259,2A,P2-C1,Jun the Swan,2457778656,8,move_definition,high,100.0,0,True,READY,,34,"Low, Medium Hit",34,0,,False,[],"[134217730,134217729]",2,[2],64,Standard-strike baseline,standard-strike baseline,33,64,0,0,,False,,False,,False,,False,,,False,,False,1840,1840,last_hit_single,True,1840,1840,0,0,hp_delta,False,False,1,0,1840,0,hit,"[""HP -1840""]",40610,38770,38770,44000,1356,2092,2092,736,736,22286,23202,23397,26013,26651,26651,0,0,0,1.0,1.0,1.0,1.0,False,0,0,0,264,264,66,0x0108 Action 264 > 0x0042 Low Hitstun,hitstun,hitstun,hitstun,hitstun,21,0,0,0,0,2.0400264263153076,1.8979531526565552,2.4131224155426025,36.93387222290039,0.0,0.0,36.93387222290039,0.0,0.0,-0.14207327365875244,-36.93387222290039,-0.14207327365875244,-36.93387222290039,-0.1413339376449585,0.0,0.0,0.0,0.1413339376449585,0.0,0.0,0.0,0.0,False,False,False,False,False,2,source age 0f; current move definition; action ID matched; distance 0.14
6,native_damage_pipeline_plus_snapshot_contact_correlation_v6,2026-07-29T23:48:22Z,353,275,1,149507,149511,reaction_complete,P2-C1,Jun the Swan,2457778656,8,257,5B,P1-C2,Tekkaman,2461448704,3,move_definition,medium,64.0,0,True,READY,,10,"Mid, Medium Hit",10,0,,False,[],[134217730],1,[],64,Standard-strike baseline,standard-strike baseline,0,0,0,0,,False,,False,,False,,False,,,False,,False,992,992,last_hit_single,True,992,992,0,0,hp_delta,False,False,1,0,992,0,hit,"[""HP -992"",""reaction hitstun->knockdown"",""last-hit/action transition""]",50592,49600,49600,54000,1364,1761,1761,397,397,25231,25818,26651,21943,22286,23397,0,0,0,1.0,1.0,1.0,1.0,False,0,0,0,79,91,261,0x005B Soft Knockdown > 0x0103 Action 259 > 0x0105 Action 261,hitstun,knockdown,neutral,knockdown > neutral,17,0,0,0,0,1.243987798690796,1.245309591293335,1.6247884035110474,33.506839752197266,31.79864501953125,0.0,33.506839752197266,31.79864501953125,0.0,0.0013217926025390625,-1.7081947326660156,0.0013217926025390625,-1.7081947326660156,0.0,0.0,0.05219888687133789,0.0,0.8201255798339844,0.0,0.0,0.0,0.0,True,False,False,True,False,5,source age 0f; current move definition
6,native_damage_pipeline_plus_snapshot_contact_correlation_v6,2026-07-29T23:48:23Z,355,277,1,149511,149512,next_contact,P1-C2,Tekkaman,2461448704,3,261,2C,P2-C1,Jun the Swan,2457778656,8,move_definition,high,104.0,0,True,READY,,36,"Low, Heavy Hit",36,1024,"No guard category, No strength tier, Sweep 0x00000400",False,[1024],"[134217732,134218756]",3,"[1,2,3]",64,Standard-strike baseline,standard-strike baseline,36,64,0,0,,False,,False,,False,,False,,,False,,False,2052,2052,last_hit_single,True,2052,2052,0,0,hp_delta,False,False,1,0,2052,0,hit,"[""HP -2052""]",38770,36718,36718,44000,2092,2913,2913,821,821,23397,23397,24345,26651,26651,27362,0,0,0,1.0,1.0,1.0,1.0,False,0,0,0,66,66,66,0x0042 Low Hitstun,hitstun,hitstun,hitstun,hitstun,21,0,0,0,0,2.4131224155426025,1.5725895166397095,3.012803792953491,0.0,0.0,0.0,0.0,0.0,0.0,-0.8405328989028931,0.0,-0.8405328989028931,0.0,-0.05219888687133789,0.0,0.02937006950378418,0.0,0.08156895637512207,0.0,0.0,0.0,0.0,False,False,False,False,False,2,source age 0f; current move definition; action ID matched; distance 0.05
6,native_damage_pipeline_plus_snapshot_contact_correlation_v6,2026-07-29T23:48:24Z,356,278,1,149513,149513,next_contact,P1-C2,Tekkaman,2461448704,3,262,6C,P2-C1,Jun the Swan,2457778656,8,move_definition,high,92.0,0,True,READY,,12,"Mid, Heavy Hit",12,262144,"No guard category, No strength tier, Launcher 0x00040000",False,[262144],"[134217732,134479876]",3,"[1,2,3]",64,Standard-strike baseline,standard-strike baseline,12,64,0,0,,False,,False,,False,,False,,,False,,False,1512,1512,last_hit_single,True,1512,1512,0,0,hp_delta,False,False,1,0,1512,0,hit,"[""HP -1512""]",36718,35206,35206,44000,2913,3518,3518,605,605,24345,25239,25239,27362,27885,27885,0,0,0,1.0,1.0,1.0,1.0,False,0,0,0,66,66,66,0x0042 Low Hitstun,hitstun,hitstun,hitstun,hitstun,7,0,0,0,0,3.012803792953491,3.0691585540771484,3.0691585540771484,0.0,0.0,0.0,0.0,0.0,0.0,0.05635476112365723,0.0,0.05635476112365723,0.0,0.0,0.0,0.0,0.0,0.0,0.0,0.0,0.0,0.0,False,False,False,False,False,1,source age 0f; current move definition; distance 0.00
6,native_damage_pipeline_plus_snapshot_contact_correlation_v6,2026-07-29T23:48:24Z,357,279,1,149514,149518,reaction_complete,P1-C2,Tekkaman,2461448704,3,306,Gatling C,P2-C1,Jun the Swan,2457778656,8,move_definition,high,104.0,0,True,READY,,12,"Mid, Heavy Hit",12,0,,False,[],[4],4,"[1,2,3,4]",262208,"Standard-strike baseline, Special chip route B, one-eighth damage",standard-strike baseline; special chip route,12,262208,0,0,,False,,False,,False,,False,,,False,,False,883,883,last_hit_single,True,883,883,0,0,hp_delta,False,False,1,0,883,0,hit,"[""HP -883"",""hitstun +10"",""last-hit/action transition""]",35206,34323,34323,44000,3518,3872,3872,354,354,25239,25907,25907,27885,28190,28450,0,0,0,1.0,1.0,1.0,1.0,False,0,0,0,66,64,315,0x0040 Standing Hitstun > 0x0031 Crouching Block > 0x013B Action 315,hitstun,hitstun,neutral,hitstun > blockstun > neutral,17,0,0,0,0,3.0691585540771484,3.601440191268921,1.5513854026794434,0.0,0.0,26.88446044921875,0.0,0.0,26.88446044921875,0.5322816371917725,0.0,0.5322816371917725,0.0,0.14496207237243652,0.0,-0.12639236450195312,7.068302154541016,7.068302154541016,0.0,0.0,0.0,0.0,False,False,False,False,False,5,source age 0f; current move definition; action ID matched; distance 0.14
6,native_damage_pipeline_plus_snapshot_contact_correlation_v6,2026-07-29T23:48:26Z,358,280,1,149520,149521,next_contact,P1-C2,Tekkaman,2461448704,3,265,j.A,P2-C1,Jun the Swan,2457778656,8,move_definition,high,92.0,0,True,READY,,17,"High, Light Hit",17,0,,False,[],[134217729],2,"[1,2]",64,Standard-strike baseline,standard-strike baseline,17,64,0,0,,False,,False,,False,,False,,,False,,False,1120,1120,last_hit_single,True,1120,1120,0,0,hp_delta,False,False,1,0,1120,0,hit,"[""HP -1120"",""hitstun +12"",""reaction neutral->hitstun""]",34323,33203,33203,44000,3872,4320,4320,448,448,25907,26620,26815,28450,28838,28838,0,0,0,1.0,1.0,1.0,1.0,False,0,0,0,315,315,1,0x013B Action 315 > 0x0001 Action 1,neutral,hitstun,neutral,hitstun > neutral,12,0,0,0,0,0.8186224102973938,1.2773381471633911,0.5718478560447693,49.1142578125,0.0,0.0,49.1142578125,0.0,0.0,0.4587157368659973,-49.1142578125,0.4587157368659973,-49.1142578125,-0.015352487564086914,0.0,0.04725223779678345,0.0,0.06260472536087036,0.0,0.0,0.0,0.0,False,False,False,False,False,2,source age 0f; current move definition; distance 0.02
6,native_damage_pipeline_plus_snapshot_contact_correlation_v6,2026-07-29T23:48:27Z,359,281,1,149522,149525,next_contact,P1-C2,Tekkaman,2461448704,3,262,6C,P2-C1,Jun the Swan,2457778656,8,move_definition,high,104.0,0,True,READY,,12,"Mid, Heavy Hit",12,262144,"No guard category, No strength tier, Launcher 0x00040000",False,[262144],"[134217732,134479876]",3,"[1,2,3]",64,Standard-strike baseline,standard-strike baseline,12,64,0,0,,False,,False,,False,,False,,,False,,False,0,1120,last_hit_single,True,0,1120,0,0,blockstun_edge,False,False,1,0,1120,0,block,"[""blockstun +25"",""reaction neutral->blockstun""]",33203,33203,33203,44000,4320,4320,4320,0,0,26815,27008,27201,28838,28982,29126,0,0,0,1.0,1.0,1.0,1.0,False,0,0,0,1,10,49,0x000A Action 10 > 0x0031 Crouching Block,neutral,blockstun,blockstun,blockstun,0,25,0,0,0,0.5718478560447693,0.7271015048027039,0.7954285144805908,0.0,0.0,0.0,0.0,0.0,0.0,0.15525364875793457,0.0,0.15525364875793457,0.0,0.0,0.0,0.13801616430282593,0.0,0.1697903871536255,0.0,0.0,0.0,0.0,False,False,False,False,False,4,source age 0f; current move definition; action ID matched; distance 0.00
6,native_damage_pipeline_plus_snapshot_contact_correlation_v6,2026-07-29T23:48:28Z,360,281,2,149526,149528,next_contact,P1-C2,Tekkaman,2461448704,3,262,6C,P2-C1,Jun the Swan,2457778656,8,move_definition,high,104.0,0,True,READY,,12,"Mid, Heavy Hit",12,262144,"No guard category, No strength tier, Launcher 0x00040000",False,[262144],"[134217732,134479876]",3,"[1,2,3]",64,Standard-strike baseline,standard-strike baseline,12,64,0,0,,False,,False,,False,,False,,,False,,False,0,1120,last_hit_single,True,0,1120,0,0,blockstun_edge,False,False,1,0,1120,0,block,"[""blockstun +7""]",33203,33203,33203,44000,4320,4320,4320,0,0,27201,27201,27202,29126,29126,29256,0,0,0,1.0,1.0,1.0,1.0,False,0,0,0,49,48,6,0x0030 Block > 0x0006 Action 6,blockstun,blockstun,neutral,blockstun > neutral,0,14,0,0,0,0.7954285144805908,1.243383765220642,0.80229651927948,0.0,0.0,0.0,0.0,0.0,0.0,0.44795525074005127,0.0,0.44795525074005127,0.0,0.002232670783996582,0.0,-0.019207537174224854,0.0,0.021440207958221436,0.002232670783996582,0.5140495896339417,0.5162822604179382,0.002232670783996582,False,False,False,False,False,3,source age 0f; current move definition; action ID matched; distance 0.00
6,native_damage_pipeline_plus_snapshot_contact_correlation_v6,2026-07-29T23:48:29Z,361,282,1,149529,149532,next_contact,P1-C2,Tekkaman,2461448704,3,465,Forward Throw,P2-C1,Jun the Swan,2457778656,8,move_definition,high,104.0,0,True,READY,,17,"High, Light Hit",17,0,,False,[],[17],1,[],20,"Target-acquired / contact-lock state (correlated), Unknown B bits 0x00000004",native low-bit route 0x4; target-acquired/contact-lock,0,0,0,0,,False,,False,,False,,False,,,False,,False,1680,1680,last_hit_single,True,1680,1680,0,0,hp_delta,False,False,1,0,1680,0,hit,"[""HP -1680"",""hitstun +12"",""reaction neutral->hitstun"",""last-hit/action transition""]",33203,31523,31523,44000,4320,4992,4992,672,672,27202,27979,29793,29256,29838,31199,0,0,0,1.0,1.0,1.0,1.0,False,0,0,0,6,4562,4562,0x11D2 Action 4562,neutral,hitstun,hitstun,hitstun,12,0,0,0,0,0.80229651927948,0.8932998180389404,0.8218594789505005,0.0,0.0,0.0,0.0,0.0,0.0,0.09100329875946045,0.0,0.09100329875946045,0.0,-0.004443943500518799,0.0,0.0,0.0,0.004443943500518799,0.0,0.0,0.0,0.0,False,False,False,False,False,4,source age 0f; current move definition; action ID matched; distance 0.00
6,native_damage_pipeline_plus_snapshot_contact_correlation_v6,2026-07-29T23:48:30Z,362,282,2,149533,149537,next_contact,P1-C2,Tekkaman,2461448704,3,465,Forward Throw,P2-C1,Jun the Swan,2457778656,8,move_definition,high,104.0,0,True,READY,,17,"High, Light Hit",17,0,,False,[],[17],1,[],20,"Target-acquired / contact-lock state (correlated), Unknown B bits 0x00000004",native low-bit route 0x4; target-acquired/contact-lock,0,0,0,0,,False,,False,,False,,False,,,False,,False,3920,3920,last_hit_single,True,3920,3920,0,0,hp_delta,False,False,1,0,3920,0,hit,"[""HP -3920""]",31523,27603,27603,44000,4992,6560,6560,1568,1568,29793,29793,29793,31199,31199,31199,0,0,0,1.0,1.0,1.0,1.0,False,0,0,0,4562,4562,6,0x11D2 Action 4562 > 0x0066 Knockdown Face Up > 0x0067 Wakeup Transition > 0x0074 Backward Roll > 0x0006 Action 6,hitstun,hitstun,hitstun,hitstun > knockdown > wakeup > hitstun,12,0,0,0,0,0.8218594789505005,3.091763496398926,0.9947055578231812,0.0,0.0,0.0,0.0,0.0,0.0,2.2699040174484253,0.0,2.2699040174484253,0.0,0.028942584991455078,0.0,0.0,0.0,0.4993901252746582,0.03338652849197388,2.1650771498680115,2.1984636783599854,0.03338652849197388,True,False,False,False,False,5,source age 0f; current move definition; action ID matched; distance 0.03
6,native_damage_pipeline_plus_snapshot_contact_correlation_v6,2026-07-29T23:48:31Z,363,283,1,149538,149538,next_contact,P1-C2,Tekkaman,2461448704,3,259,2A,P2-C1,Jun the Swan,2457778656,8,move_definition,high,92.0,0,True,READY,,34,"Low, Medium Hit",34,0,,False,[],"[134217730,134217729]",2,[2],64,Standard-strike baseline,standard-strike baseline,33,64,0,0,,False,,False,,False,,False,,,False,,False,1840,1840,last_hit_single,True,1840,1840,0,0,hp_delta,False,False,1,0,1840,0,hit,"[""HP -1840"",""hitstun +9""]",27603,25763,25763,44000,6560,7296,7296,736,736,29793,30709,30709,31199,31837,31837,0,0,0,1.0,1.0,1.0,1.0,False,0,0,0,6,6,6,0x0006 Action 6,hitstun,hitstun,hitstun,hitstun,21,0,0,0,0,0.9947055578231812,0.6493991613388062,0.6493991613388062,0.0,0.0,0.0,0.0,0.0,0.0,-0.345306396484375,0.0,-0.345306396484375,0.0,0.047245144844055176,0.0,0.047245144844055176,0.0,0.0,0.0,0.0,0.0,0.0,False,False,False,False,False,1,source age 0f; current move definition; distance 0.05
6,native_damage_pipeline_plus_snapshot_contact_correlation_v6,2026-07-29T23:48:31Z,364,284,1,149539,149539,next_contact,P1-C2,Tekkaman,2461448704,3,257,5B,P2-C1,Jun the Swan,2457778656,8,move_definition,high,92.0,0,True,READY,,12,"Mid, Heavy Hit",12,0,,False,[],"[134217732,134217730]",2,[2],64,Standard-strike baseline,standard-strike baseline,10,64,0,0,,False,,False,,False,,False,,,False,,False,2432,2432,last_hit_single,True,2432,2432,0,0,hp_delta,False,False,1,0,2432,0,hit,"[""HP -2432"",""last-hit/action transition""]",25763,23331,23331,44000,7296,8269,8269,973,973,30709,31964,31964,31837,32875,32875,0,0,0,1.0,1.0,1.0,1.0,False,0,0,0,6,66,66,0x0042 Low Hitstun,hitstun,hitstun,hitstun,hitstun,13,0,0,0,0,0.6493991613388062,1.0062754154205322,1.0062754154205322,0.0,0.0,0.0,0.0,0.0,0.0,0.3568762540817261,0.0,0.3568762540817261,0.0,0.0,0.0,0.0,0.0,0.0,0.0,0.0,0.0,0.0,False,False,False,False,False,1,source age 0f; current move definition; distance 0.00
6,native_damage_pipeline_plus_snapshot_contact_correlation_v6,2026-07-29T23:48:32Z,365,285,1,149540,149541,next_contact,P1-C2,Tekkaman,2461448704,3,260,2B,P2-C1,Jun the Swan,2457778656,8,move_definition,high,92.0,0,True,READY,,12,"Mid, Heavy Hit",12,0,,False,[],"[134217732,402653186,134217730]",3,"[2,3]",64,Standard-strike baseline,standard-strike baseline,10,64,0,0,,False,,False,,False,,False,,,False,,False,2592,2592,last_hit_single,True,2592,2592,0,0,hp_delta,False,False,1,0,2592,0,hit,"[""HP -2592"",""hitstun +6"",""last-hit/action transition""]",23331,20739,20739,44000,8269,9306,9306,1037,1037,31964,33293,33488,32875,33774,33774,0,0,0,1.0,1.0,1.0,1.0,False,0,0,0,66,64,64,0x0040 Standing Hitstun,hitstun,hitstun,hitstun,hitstun,23,0,0,0,0,1.0062754154205322,1.4461556673049927,2.6280298233032227,0.0,0.0,0.0,0.0,0.0,0.0,0.43988025188446045,0.0,0.43988025188446045,0.0,0.0,0.0,-0.19358539581298828,0.0,0.19358539581298828,0.0,0.0,0.0,0.0,False,False,False,False,False,2,source age 0f; current move definition; distance 0.00
6,native_damage_pipeline_plus_snapshot_contact_correlation_v6,2026-07-29T23:48:32Z,366,286,1,149542,149543,next_contact,P1-C2,Tekkaman,2461448704,3,258,5C,P2-C1,Jun the Swan,2457778656,8,move_definition,high,92.0,0,True,READY,,12,"Mid, Heavy Hit",12,0,,True,"[256,262144]","[134217988,134479876]",2,"[1,2]",64,Standard-strike baseline,standard-strike baseline,12,64,0,0,,False,,False,,False,,False,,,False,,False,2788,2788,last_hit_single,True,2788,2788,0,0,hp_delta,False,False,1,0,2788,0,hit,"[""HP -2788""]",20739,17951,17951,44000,9306,10422,10422,1116,1116,33488,34777,34777,33774,34741,34741,0,0,0,1.0,1.0,1.0,1.0,False,0,0,0,64,64,91,0x0040 Standing Hitstun > 0x005B Soft Knockdown,hitstun,hitstun,knockdown,hitstun > knockdown,21,0,0,0,0,2.6280298233032227,1.8087979555130005,1.5082828998565674,0.0,0.0,30.881736755371094,0.0,0.0,30.881736755371094,-0.8192318677902222,0.0,-0.8192318677902222,0.0,0.0,0.0,-0.055057406425476074,0.0,0.055057406425476074,0.0,0.0,0.0,0.0,True,False,False,False,False,2,source age 0f; current move definition; distance 0.00
6,native_damage_pipeline_plus_snapshot_contact_correlation_v6,2026-07-29T23:48:33Z,367,287,1,149544,149548,victim_changed,P1-C2,Tekkaman,2461448704,3,264,3C,P2-C1,Jun the Swan,2457778656,8,move_definition,medium,80.0,0,True,READY,,12,"Mid, Heavy Hit",12,262144,"No guard category, No strength tier, Launcher 0x00040000",False,[262144],[134479876],1,[],64,Standard-strike baseline,standard-strike baseline,0,0,0,0,,False,,False,,False,,False,,,False,,False,4400,4400,last_hit_single,True,4400,4400,0,0,hp_delta,False,False,1,0,4400,0,hit,"[""HP -4400"",""reaction knockdown->hitstun"",""last-hit/action transition""]",17951,13551,13551,44000,10422,14822,14822,4400,4400,34777,34972,34972,34741,14741,14741,0,0,0,1.0,1.0,1.0,1.0,False,0,0,0,91,448,416,0x01C0 Action 448 > 0x01A0 Action 416,knockdown,hitstun,hitstun,hitstun,21,0,0,0,0,1.5082828998565674,1.1589215993881226,1.8566957712173462,30.881736755371094,41.49711608886719,42.94356155395508,30.881736755371094,41.49711608886719,42.94356155395508,-0.3493613004684448,10.615379333496094,-0.3493613004684448,10.615379333496094,0.0029878616333007812,-0.13086700439453125,1.4730890393257141,-32.17704391479492,51.076236963272095,0.0,0.0,0.0,0.0,False,False,False,False,False,5,source age 0f; current move definition; action ID matched
6,native_damage_pipeline_plus_snapshot_contact_correlation_v6,2026-07-29T23:52:27Z,368,288,1,151716,151716,next_contact,P2-C1,Ippatsuman,2461448672,7,259,2A,P1-C1,Gold Lightan,2454108608,11,unresolved_attacker,low,12.0,0,False,UNKNOWN,,0,"No guard category, No strength tier",0,0,,False,[],[],0,[],0,No property B bits,none,0,0,0,0,,False,,False,,False,,False,,,False,,False,800,800,last_hit_single,True,800,800,0,0,hp_delta,False,False,1,0,800,0,hit,"[""HP -800""]",70000,69200,69200,70000,0,320,320,320,320,14741,14741,14741,10000,10276,10276,0,0,0,1.0,1.0,1.0,1.0,False,0,0,0,1,19,19,0x0013 Action 19,neutral,neutral,neutral,neutral,0,0,0,0,0,2.0494325160980225,0.8698849081993103,0.8698849081993103,0.0,0.0,0.0,0.0,0.0,0.0,-1.1795476078987122,0.0,-1.1795476078987122,0.0,-4.827976226806641e-06,0.0,-4.827976226806641e-06,0.0,0.0,0.0,0.0,0.0,0.0,False,False,False,False,False,1,closest opposing fighter at 0.00
6,native_damage_pipeline_plus_snapshot_contact_correlation_v6,2026-07-29T23:52:28Z,369,289,1,151717,151717,next_contact,P2-C1,Ippatsuman,2461448672,7,259,2A,P1-C1,Gold Lightan,2454108608,11,move_definition,high,92.0,0,True,READY,,9,"Mid, Light Hit",9,0,,False,[],[134217729],1,[],64,Standard-strike baseline,standard-strike baseline,0,0,0,0,,False,,False,,False,,False,,,False,,False,760,760,last_hit_single,True,760,760,0,0,hp_delta,False,False,1,0,760,0,hit,"[""HP -760"",""hitstun +11"",""reaction neutral->hitstun"",""last-hit/action transition""]",69200,68440,68440,70000,320,624,624,304,304,14741,14741,14741,10276,10538,10538,0,0,0,1.0,1.0,1.0,1.0,False,0,0,0,19,6,6,0x0006 Action 6,neutral,hitstun,hitstun,hitstun,11,0,0,4,4,0.8698849081993103,0.6720569729804993,0.6720569729804993,0.0,0.0,0.0,0.0,0.0,0.0,-0.19782793521881104,0.0,-0.19782793521881104,0.0,0.0,0.0,0.0,0.0,0.0,0.0,0.0,0.0,0.0,False,False,False,False,False,1,source age 0f; current move definition; distance 0.00
6,native_damage_pipeline_plus_snapshot_contact_correlation_v6,2026-07-29T23:52:28Z,370,290,1,151718,151718,next_contact,P2-C1,Ippatsuman,2461448672,7,257,5B,P1-C1,Gold Lightan,2454108608,11,move_definition,high,104.0,0,True,READY,,10,"Mid, Medium Hit",10,0,,False,[],[134217730],2,"[1,2]",64,Standard-strike baseline,standard-strike baseline,10,64,0,0,,False,,False,,False,,False,,,False,,False,720,720,last_hit_single,True,720,720,0,0,hp_delta,False,False,1,0,720,0,hit,"[""HP -720"",""hitstun +5""]",68440,67720,67720,70000,624,912,912,288,288,14741,14741,14741,10538,10787,10787,0,0,0,1.0,1.0,1.0,1.0,False,0,0,0,6,6,6,0x0006 Action 6,hitstun,hitstun,hitstun,hitstun,16,0,4,16,16,0.6720569729804993,0.9646203517913818,0.9646203517913818,0.0,0.0,0.0,0.0,0.0,0.0,0.29256337881088257,0.0,0.29256337881088257,0.0,-0.36448419094085693,0.0,-0.36448419094085693,0.0,0.0,0.0,0.0,0.0,0.0,False,False,False,False,False,1,source age 0f; current move definition; action ID matched; distance 0.36
6,native_damage_pipeline_plus_snapshot_contact_correlation_v6,2026-07-29T23:52:28Z,371,290,2,151719,151719,next_contact,P2-C1,Ippatsuman,2461448672,7,257,5B,P1-C1,Gold Lightan,2454108608,11,move_definition,high,92.0,0,True,READY,,10,"Mid, Medium Hit",10,0,,False,[],[134217730],2,"[1,2]",64,Standard-strike baseline,standard-strike baseline,10,64,0,0,,False,,False,,False,,False,,,False,,False,800,800,last_hit_single,True,800,800,0,0,hp_delta,False,False,1,0,800,0,hit,"[""HP -800""]",67720,66920,66920,70000,912,1232,1232,320,320,14741,14741,14741,10787,11063,11063,0,0,0,1.0,1.0,1.0,1.0,False,0,0,0,6,6,6,0x0006 Action 6,hitstun,hitstun,hitstun,hitstun,16,0,16,24,24,0.9646203517913818,2.1638996601104736,2.1638996601104736,0.0,0.0,0.0,0.0,0.0,0.0,1.1992793083190918,0.0,1.1992793083190918,0.0,-0.26985931396484375,0.0,-0.26985931396484375,0.0,0.0,0.09462487697601318,1.1046544313430786,1.1992793083190918,0.09462487697601318,False,False,False,False,False,1,source age 0f; current move definition; distance 0.27
6,native_damage_pipeline_plus_snapshot_contact_correlation_v6,2026-07-29T23:52:29Z,372,291,1,151720,151720,next_contact,P2-C1,Ippatsuman,2461448672,7,260,2B,P1-C1,Gold Lightan,2454108608,11,move_definition,high,92.0,0,True,READY,,34,"Low, Medium Hit",34,0,,False,[],[134217730],1,[],64,Standard-strike baseline,standard-strike baseline,0,0,0,0,,False,,False,,False,,False,,,False,,False,1520,1520,last_hit_single,True,1520,1520,0,0,hp_delta,False,False,1,0,1520,0,hit,"[""HP -1520"",""hitstun +5""]",66920,65400,65400,70000,1232,1840,1840,608,608,14741,14741,14741,11063,11589,11589,0,0,0,1.0,1.0,1.0,1.0,False,0,0,0,6,6,6,0x0006 Action 6,hitstun,hitstun,hitstun,hitstun,21,0,24,32,32,2.1638996601104736,2.4460904598236084,2.4460904598236084,0.0,0.0,0.0,0.0,0.0,0.0,0.28219079971313477,0.0,0.28219079971313477,0.0,-8.821487426757812e-06,0.0,-8.821487426757812e-06,0.0,0.0,0.0,0.0,0.0,0.0,False,False,False,False,False,1,source age 0f; current move definition; distance 0.00
6,native_damage_pipeline_plus_snapshot_contact_correlation_v6,2026-07-29T23:52:29Z,373,292,1,151721,151722,next_contact,P2-C1,Ippatsuman,2461448672,7,258,5C,P1-C1,Gold Lightan,2454108608,11,move_definition,high,104.0,0,True,READY,,12,"Mid, Heavy Hit",12,0,,False,[],[134217732],1,[],64,Standard-strike baseline,standard-strike baseline,0,0,0,0,,False,,False,,False,,False,,,False,,False,2736,2736,last_hit_single,True,2736,2736,0,0,hp_delta,False,False,1,0,2736,0,hit,"[""HP -2736""]",65400,62664,62664,70000,1840,2935,2935,1095,1095,14741,14741,14741,11589,12537,12537,0,0,0,1.0,1.0,1.0,1.0,False,0,0,0,6,6,6,0x0006 Action 6,hitstun,hitstun,hitstun,hitstun,26,0,32,32,44,2.4460904598236084,1.3417161703109741,0.941501259803772,0.0,0.0,0.0,0.0,0.0,0.0,-1.1043742895126343,0.0,-1.1043742895126343,0.0,-0.004991888999938965,0.0,0.047690510749816895,0.0,0.05268239974975586,0.0,0.0,0.0,0.0,False,False,False,False,False,2,source age 0f; current move definition; action ID matched; distance 0.00
6,native_damage_pipeline_plus_snapshot_contact_correlation_v6,2026-07-29T23:52:29Z,374,293,1,151723,151727,reaction_complete,P2-C1,Ippatsuman,2461448672,7,261,2C,P1-C1,Gold Lightan,2454108608,11,move_definition,high,104.0,0,True,READY,,36,"Low, Heavy Hit",36,1024,"No guard category, No strength tier, Sweep 0x00000400",False,[1024],[134218756],1,[],64,Standard-strike baseline,standard-strike baseline,0,0,0,0,,False,,False,,False,,False,,,False,,False,2788,2788,last_hit_single,True,2788,2788,0,0,hp_delta,False,False,1,0,2788,0,hit,"[""HP -2788""]",62664,59876,59876,70000,2935,4051,4051,1116,1116,14741,14741,14741,12537,13504,13504,0,0,0,1.0,1.0,1.0,1.0,False,0,0,0,6,6,2,0x0006 Action 6 > 0x0002 Action 2,hitstun,hitstun,neutral,hitstun > neutral,24,0,44,44,55,0.941501259803772,0.16375765204429626,4.2099175453186035,0.0,0.0,0.0,0.0,0.0,0.0,-0.7777436077594757,0.0,-0.7777436077594757,0.0,0.0,0.0,0.018595218658447266,0.0,0.514933705329895,0.0,0.0,0.0,0.0,False,False,False,False,False,5,source age 0f; current move definition; action ID matched; distance 0.00
6,native_damage_pipeline_plus_snapshot_contact_correlation_v6,2026-07-29T23:52:32Z,375,294,1,151731,151731,next_contact,P1-C1,Gold Lightan,2454108608,11,309,Tank Slice C,P2-C1,Ippatsuman,2461448672,7,move_definition,high,104.0,0,True,READY,,12,"Mid, Heavy Hit",12,33280,"No guard category, No strength tier, Hard knockdown (Roll Swing family) 0x00008200",False,[33280],[33284],2,"[1,2]",262208,"Standard-strike baseline, Special chip route B, one-eighth damage",standard-strike baseline; special chip route,12,262208,0,0,,False,,False,,False,,False,,,False,,False,450,450,last_hit_single,True,450,450,0,0,hp_delta,False,False,1,0,450,0,hit,"[""HP -450""]",46000,45550,45550,46000,0,180,180,180,180,13504,14180,14180,14741,14741,14741,0,0,0,1.0,1.0,1.0,1.0,False,0,0,0,308,1,1,0x0001 Action 1,neutral,neutral,neutral,neutral,0,0,0,0,0,3.8472156524658203,2.9316070079803467,2.9316070079803467,0.0,0.0,0.0,0.0,0.0,0.0,-0.9156086444854736,0.0,-0.9156086444854736,0.0,-0.003184795379638672,0.0,-0.003184795379638672,0.0,0.0,0.0,0.0,0.0,0.0,False,False,False,False,False,1,source age 0f; current move definition; action ID matched; distance 0.00
6,native_damage_pipeline_plus_snapshot_contact_correlation_v6,2026-07-29T23:52:32Z,376,294,2,151732,151735,reaction_complete,P1-C1,Gold Lightan,2454108608,11,309,Tank Slice C,P2-C1,Ippatsuman,2461448672,7,move_definition,high,104.0,0,True,READY,,12,"Mid, Heavy Hit",12,33280,"No guard category, No strength tier, Hard knockdown (Roll Swing family) 0x00008200",False,[33280],[33284],2,"[1,2]",262208,"Standard-strike baseline, Special chip route B, one-eighth damage",standard-strike baseline; special chip route,12,262208,0,0,,False,,False,,False,,False,,,False,,False,0,450,last_hit_single,True,0,450,0,0,blockstun_edge,False,False,1,0,450,0,block,"[""blockstun +15"",""reaction neutral->blockstun""]",45550,45550,45550,46000,180,180,180,0,0,14180,14180,14180,14741,14741,14741,0,0,0,1.0,1.0,1.0,1.0,False,0,0,0,1,49,264,0x0031 Crouching Block > 0x0001 Action 1 > 0x0108 Action 264,neutral,blockstun,neutral,blockstun > neutral,0,15,0,0,0,2.9316070079803467,3.186333417892456,2.764773368835449,0.0,0.0,0.0,0.0,0.0,0.0,0.2547264099121094,0.0,0.2547264099121094,0.0,0.0420689582824707,0.0,-0.13785910606384277,0.0,0.19011640548706055,0.045253753662109375,0.20947265625,0.2547264099121094,0.045253753662109375,False,False,False,False,False,4,source age 0f; current move definition; action ID matched; distance 0.04
6,native_damage_pipeline_plus_snapshot_contact_correlation_v6,2026-07-29T23:52:34Z,377,295,1,151739,151743,reaction_complete,P2-C1,Ippatsuman,2461448672,7,261,2C,P1-C1,Gold Lightan,2454108608,11,move_definition,high,104.0,0,True,READY,,36,"Low, Heavy Hit",36,1024,"No guard category, No strength tier, Sweep 0x00000400",False,[1024],[134218756],1,[],64,Standard-strike baseline,standard-strike baseline,0,0,0,0,,False,,False,,False,,False,,,False,,False,3280,3280,last_hit_single,True,3280,3280,0,0,hp_delta,False,False,1,0,3280,0,hit,"[""HP -3280"",""hitstun +24"",""reaction neutral->hitstun""]",59876,56596,56596,70000,4051,5363,5363,1312,1312,14741,14741,14741,14180,15318,16532,0,0,0,1.0,1.0,1.0,1.0,False,0,0,0,6,6,258,0x0006 Action 6 > 0x0104 Action 260 > 0x0102 Action 258,neutral,hitstun,neutral,hitstun > neutral,24,0,51,63,63,2.226593255996704,2.4733684062957764,1.7852418422698975,0.0,0.0,0.0,0.0,0.0,0.0,0.24677515029907227,0.0,0.24677515029907227,0.0,-9.5367431640625e-07,0.0,0.0008987188339233398,0.0,0.10104471445083618,0.0,0.0,0.0,0.0,False,False,False,True,False,5,source age 0f; current move definition; action ID matched; distance 0.00
6,native_damage_pipeline_plus_snapshot_contact_correlation_v6,2026-07-29T23:52:34Z,378,296,1,151741,151744,next_contact,P1-C1,Gold Lightan,2454108608,11,260,2B,P2-C1,Ippatsuman,2461448672,7,move_definition,high,100.0,0,True,READY,,10,"Mid, Medium Hit",10,16384,"No guard category, No strength tier, OTG enabled 0x00004000",False,[16384],[134234114],1,[],64,Standard-strike baseline,standard-strike baseline,0,0,0,0,,False,,False,,False,,False,,,False,,False,1920,1920,last_hit_single,True,1920,1920,0,0,hp_delta,False,False,1,0,1920,0,hit,"[""HP -1920""]",45550,43630,43630,46000,180,948,948,768,768,15318,16337,16532,14741,14741,14741,0,0,0,1.0,1.0,1.0,1.0,False,0,0,0,261,261,67,0x0105 Action 261 > 0x0043 Air T-Pose Hit,neutral,neutral,hitstun,neutral > hitstun,17,0,0,0,0,2.212247371673584,0.7662892937660217,1.3191155195236206,0.0,0.0,0.0,0.0,0.0,0.0,-1.4459580779075623,0.0,-1.4459580779075623,0.0,0.10014599561691284,0.0,-0.18002784252166748,0.0,0.2801738381385803,0.0,0.0,0.0,0.0,False,False,False,False,False,4,source age 0f; current move definition; action ID matched; distance 0.10
6,native_damage_pipeline_plus_snapshot_contact_correlation_v6,2026-07-29T23:52:35Z,379,297,1,151745,151748,reaction_complete,P1-C1,Gold Lightan,2454108608,11,258,5C,P2-C1,Ippatsuman,2461448672,7,move_definition,high,104.0,0,True,READY,,12,"Mid, Heavy Hit",12,16384,"No guard category, No strength tier, OTG enabled 0x00004000",False,[16384],"[134217732,134234116]",2,"[1,2]",64,Standard-strike baseline,standard-strike baseline,12,64,0,0,,False,,False,,False,,False,,,False,,False,3200,3200,last_hit_single,True,3200,3200,0,0,hp_delta,False,False,1,0,3200,0,hit,"[""HP -3200"",""hitstun +21"",""last-hit/action transition""]",43630,40430,40430,46000,948,2228,2228,1280,1280,16532,18014,18014,14741,14741,14741,0,0,0,1.0,1.0,1.0,1.0,False,0,0,0,67,9,21,0x0009 Action 9 > 0x0040 Standing Hitstun > 0x0001 Action 1 > 0x0015 Action 21,hitstun,hitstun,neutral,hitstun > neutral,21,0,0,0,0,1.3191155195236206,1.254014492034912,1.6935553550720215,0.0,0.0,45.39573287963867,0.0,0.0,45.39573287963867,-0.0651010274887085,0.0,-0.0651010274887085,0.0,0.0,0.0,0.07150566577911377,0.382568359375,1.9242019653320312,0.0,0.0,0.0,0.0,False,False,False,True,False,4,source age 0f; current move definition; action ID matched; distance 0.00
6,native_damage_pipeline_plus_snapshot_contact_correlation_v6,2026-07-29T23:52:37Z,380,298,1,151750,151752,reaction_complete,P2-C1,Ippatsuman,2461448672,7,267,j.C,P1-C1,Gold Lightan,2454108608,11,move_definition_latched,medium,64.0,0,True,READY,,20,"High, Heavy Hit",20,524288,"No guard category, No strength tier, Air knockdown 0x00080000",False,[524288],[134742020],1,[],64,Standard-strike baseline,standard-strike baseline,0,0,0,0,,False,,False,,False,,False,,,False,,False,3275,3275,last_hit_single,True,3275,3275,0,0,hp_delta,False,False,1,0,3275,0,hit,"[""HP -3275"",""hitstun +20"",""reaction neutral->hitstun"",""last-hit/action transition""]",56596,53321,53321,70000,5363,6673,6673,1310,1310,14741,14741,14741,18014,19151,19216,0,0,0,1.0,1.0,1.0,1.0,False,0,0,0,19,22,265,0x0016 Action 22 > 0x0109 Action 265,neutral,hitstun,neutral,hitstun > neutral,20,0,61,73,73,1.9031600952148438,1.7412382364273071,4.796987533569336,22.176597595214844,9.482606887817383,0.0,22.176597595214844,9.482606887817383,0.0,-0.16192185878753662,-12.693990707397461,-0.16192185878753662,-12.693990707397461,-0.009108662605285645,-18.20286750793457,-0.08644771575927734,0.0,18.20286750793457,0.0,0.0,0.0,0.0,False,False,False,False,False,3,source age 0f; current move definition
6,native_damage_pipeline_plus_snapshot_contact_correlation_v6,2026-07-29T23:52:39Z,381,299,1,151760,151764,reaction_complete,P1-C1,Gold Lightan,2454108608,11,267,j.C,P2-C1,Ippatsuman,2461448672,7,move_definition,medium,80.0,0,True,READY,,20,"High, Heavy Hit",20,2148024320,"No guard category, No strength tier, A flags 0x80084000",False,[2148024320],[2282242052],1,[],64,Standard-strike baseline,standard-strike baseline,0,0,0,0,,False,,False,,False,,False,,,False,,False,0,3200,last_hit_single,True,0,3200,0,0,blockstun_edge,False,False,1,0,3200,0,block,"[""blockstun +2"",""reaction neutral->blockstun""]",40430,40430,40430,46000,2228,2228,2228,0,0,19541,19541,19541,14741,14741,14741,0,0,0,1.0,1.0,1.0,1.0,False,0,0,0,323,50,259,0x0032 Air Block > 0x0007 Action 7 > 0x0103 Action 259,neutral,blockstun,neutral,blockstun > neutral,0,2,0,0,0,5.477096080780029,5.766506671905518,8.308732986450195,6.617183208465576,7.244034290313721,3.78139328956604,6.617183208465576,7.244034290313721,3.78139328956604,0.2894105911254883,0.6268510818481445,0.2894105911254883,0.6268510818481445,0.0,0.0,0.11051368713378906,2.7535929679870605,2.7535929679870605,0.0,0.0,0.0,0.0,False,False,False,False,False,5,source age 0f; current move definition; action ID matched
6,native_damage_pipeline_plus_snapshot_contact_correlation_v6,2026-07-29T23:52:42Z,382,300,1,151773,151773,next_contact,P2-C1,Ippatsuman,2461448672,7,266,j.B,P1-C1,Gold Lightan,2454108608,11,move_definition_latched,medium,76.5,2,True,READY,,18,"High, Medium Hit",18,0,,False,[],[402653186],1,[],64,Standard-strike baseline,standard-strike baseline,0,0,0,0,,False,,False,,False,,False,,,False,,False,1680,,ambiguous_coalesced,False,1680,880,800,0,hp_delta,False,True,2,0,1680,0,hit,"[""HP -1680"",""hitstun +11"",""reaction neutral->hitstun""]",53321,51641,51641,70000,6673,7345,7345,672,672,14741,14741,14741,19736,20316,20316,0,0,0,1.0,1.0,1.0,1.0,False,0,0,0,265,265,265,0x0109 Action 265,neutral,hitstun,hitstun,hitstun,11,0,66,69,69,1.6980066299438477,0.9877731204032898,0.9877731204032898,36.46622085571289,48.25410461425781,48.25410461425781,36.46622085571289,48.25410461425781,48.25410461425781,-0.7102335095405579,11.787883758544922,-0.7102335095405579,11.787883758544922,-0.2333119511604309,5.0930633544921875,-0.2333119511604309,5.0930633544921875,0.0,0.0,0.0,0.0,0.0,False,False,False,False,False,1,source age 2f; current move definition; action ID matched
6,native_damage_pipeline_plus_snapshot_contact_correlation_v6,2026-07-29T23:52:43Z,383,301,1,151774,151775,next_contact,P2-C1,Ippatsuman,2461448672,7,266,j.B,P1-C1,Gold Lightan,2454108608,11,move_definition,high,92.0,0,True,READY,,18,"High, Medium Hit",18,0,,False,[],[402653186],1,[],64,Standard-strike baseline,standard-strike baseline,0,0,0,0,,False,,False,,False,,False,,,False,,False,2960,,ambiguous_coalesced,False,2960,1440,1520,0,hp_delta,False,True,2,0,2960,0,hit,"[""HP -2960"",""hitstun +6"",""last-hit/action transition""]",51641,48681,48681,70000,7345,8529,8529,1184,1184,14741,14741,14741,20316,21536,21536,0,0,0,1.0,1.0,1.0,1.0,False,0,0,0,265,271,271,0x010F Action 271,hitstun,hitstun,hitstun,hitstun,21,0,69,81,89,0.9877731204032898,2.007808208465576,1.307879090309143,48.25410461425781,0.0,0.0,48.25410461425781,0.0,0.0,1.0200350880622864,-48.25410461425781,1.0200350880622864,-48.25410461425781,0.0,0.0,0.046582698822021484,0.0,0.046582698822021484,0.0,0.0,0.0,0.0,False,False,False,False,False,2,source age 0f; current move definition; distance 0.00
6,native_damage_pipeline_plus_snapshot_contact_correlation_v6,2026-07-29T23:52:43Z,384,302,1,151776,151780,reaction_complete,P2-C1,Ippatsuman,2461448672,7,258,5C,P1-C1,Gold Lightan,2454108608,11,move_definition,high,104.0,0,True,READY,,12,"Mid, Heavy Hit",12,0,,False,[],[134217732],1,[],64,Standard-strike baseline,standard-strike baseline,0,0,0,0,,False,,False,,False,,False,,,False,,False,2584,2584,last_hit_single,True,2584,2584,0,0,hp_delta,False,False,1,0,2584,0,hit,"[""HP -2584""]",48681,46097,46097,70000,8529,9563,9563,1034,1034,14741,14741,14741,21536,22432,22432,0,0,0,1.0,1.0,1.0,1.0,False,0,0,0,271,271,271,0x010F Action 271,hitstun,hitstun,neutral,hitstun > neutral,26,0,89,89,100,1.307879090309143,1.1442655324935913,2.4123504161834717,0.0,0.0,0.0,0.0,0.0,0.0,-0.16361355781555176,0.0,-0.16361355781555176,0.0,-0.00012099742889404297,0.0,0.08777976036071777,0.0,0.25412774085998535,0.0,0.0,0.0,0.0,False,False,False,False,False,5,source age 0f; current move definition; action ID matched; distance 0.00
6,native_damage_pipeline_plus_snapshot_contact_correlation_v6,2026-07-29T23:52:45Z,385,303,1,151781,151784,reaction_complete,P2-C1,Ippatsuman,2461448672,7,256,5A,P1-C1,Gold Lightan,2454108608,11,move_definition,high,92.0,0,True,READY,,9,"Mid, Light Hit",9,0,,False,[],[134217729],1,[],64,Standard-strike baseline,standard-strike baseline,0,0,0,0,,False,,False,,False,,False,,,False,,False,800,800,last_hit_single,True,800,800,0,0,hp_delta,False,False,1,0,800,0,hit,"[""HP -800""]",46097,45297,45297,70000,9563,9883,9883,320,320,14741,14741,14741,22432,22708,22968,0,0,0,1.0,1.0,1.0,1.0,False,0,0,0,271,1,310,0x0001 Action 1 > 0x0136 Action 310,neutral,neutral,neutral,neutral > hitstun > neutral,4,0,100,100,104,2.4123504161834717,1.9091640710830688,1.832371711730957,0.0,0.0,0.0,0.0,0.0,0.0,-0.5031863451004028,0.0,-0.5031863451004028,0.0,-0.21629869937896729,0.0,-0.1446930170059204,0.0,0.6062970161437988,0.0,0.0,0.0,0.0,False,False,False,False,False,4,source age 0f; current move definition; distance 0.22
6,native_damage_pipeline_plus_snapshot_contact_correlation_v6,2026-07-29T23:52:47Z,386,304,1,151788,151788,next_contact,P2-C1,Ippatsuman,2461448672,7,259,2A,P1-C1,Gold Lightan,2454108608,11,move_definition_latched,high,97.0,4,True,READY,,9,"Mid, Light Hit",9,0,,False,[],[134217729],1,[],64,Standard-strike baseline,standard-strike baseline,0,0,0,0,,False,,False,,False,,False,,,False,,False,800,800,last_hit_single,True,800,800,0,0,hp_delta,False,False,1,0,800,0,hit,"[""HP -800""]",45297,44497,44497,70000,9883,10203,10203,320,320,14741,14741,14741,22968,23244,23244,0,0,0,1.0,1.0,1.0,1.0,False,0,0,0,310,310,310,0x0136 Action 310,neutral,neutral,neutral,neutral,0,0,103,102,102,2.722243547439575,1.3354363441467285,1.3354363441467285,0.0,0.0,0.0,0.0,0.0,0.0,-1.3868072032928467,0.0,-1.3868072032928467,0.0,0.0,0.0,0.0,0.0,0.0,0.0,0.0,0.0,0.0,False,False,False,False,False,1,source age 4f; current move definition; action ID matched; distance 0.00
6,native_damage_pipeline_plus_snapshot_contact_correlation_v6,2026-07-29T23:52:47Z,387,305,1,151789,151789,next_contact,P2-C1,Ippatsuman,2461448672,7,259,2A,P1-C1,Gold Lightan,2454108608,11,move_definition,high,92.0,0,True,READY,,9,"Mid, Light Hit",9,0,,False,[],[134217729],1,[],64,Standard-strike baseline,standard-strike baseline,0,0,0,0,,False,,False,,False,,False,,,False,,False,760,760,last_hit_single,True,760,760,0,0,hp_delta,False,False,1,0,760,0,hit,"[""HP -760"",""hitstun +13"",""reaction neutral->hitstun"",""last-hit/action transition""]",44497,43737,43737,70000,10203,10507,10507,304,304,14741,14741,14741,23244,23506,23506,0,0,0,1.0,1.0,1.0,1.0,False,0,0,0,310,32,32,0x0020 Action 32,neutral,hitstun,hitstun,hitstun,13,0,102,110,110,1.3354363441467285,1.3390376567840576,1.3390376567840576,0.0,0.0,0.0,0.0,0.0,0.0,0.0036013126373291016,0.0,0.0036013126373291016,0.0,0.0,0.0,0.0,0.0,0.0,0.0,0.0,0.0,0.0,False,False,False,False,False,1,source age 0f; current move definition; distance 0.00
6,native_damage_pipeline_plus_snapshot_contact_correlation_v6,2026-07-29T23:52:47Z,388,306,1,151790,151793,reaction_complete,P2-C1,Ippatsuman,2461448672,7,257,5B,P1-C1,Gold Lightan,2454108608,11,move_definition,high,104.0,0,True,READY,,10,"Mid, Medium Hit",10,0,,False,[],[134217730],2,"[1,2]",64,Standard-strike baseline,standard-strike baseline,10,64,0,0,,False,,False,,False,,False,,,False,,False,720,720,last_hit_single,True,720,720,0,0,hp_delta,False,False,1,0,720,0,hit,"[""HP -720"",""last-hit/action transition""]",43737,43017,43017,70000,10507,10795,10795,288,288,14741,14741,14741,23506,23885,24810,0,0,0,1.0,1.0,1.0,1.0,False,0,0,0,32,257,257,0x0101 Action 257,hitstun,hitstun,neutral,hitstun > neutral,11,0,110,110,118,1.3390376567840576,1.941736102104187,1.7094897031784058,0.0,0.0,0.0,0.0,0.0,0.0,0.6026984453201294,0.0,0.6026984453201294,0.0,0.04395318031311035,0.0,-0.12464344501495361,0.0,0.517657995223999,0.0,0.0,0.0,0.0,False,False,False,False,False,4,source age 0f; current move definition; action ID matched; distance 0.04
6,native_damage_pipeline_plus_snapshot_contact_correlation_v6,2026-07-29T23:52:47Z,389,307,1,151791,151794,next_contact,P1-C1,Gold Lightan,2454108608,11,257,5B,P2-C1,Ippatsuman,2461448672,7,move_definition,high,100.0,0,True,READY,,10,"Mid, Medium Hit",10,0,,False,[],[134217730],2,"[1,2]",64,Standard-strike baseline,standard-strike baseline,10,64,0,0,,False,,False,,False,,False,,,False,,False,2000,2000,last_hit_single,True,2000,2000,0,0,hp_delta,False,False,1,0,2000,0,hit,"[""HP -2000""]",40430,38430,38430,46000,2228,3028,3028,800,800,23885,23885,24810,14741,14741,14741,0,0,0,1.0,1.0,1.0,1.0,False,0,0,0,257,257,19,0x0101 Action 257 > 0x0040 Standing Hitstun > 0x0013 Action 19,neutral,neutral,neutral,neutral > hitstun > neutral,14,0,0,0,0,1.8977829217910767,2.06852388381958,2.0591325759887695,0.0,0.0,31.548667907714844,0.0,0.0,31.548667907714844,0.17074096202850342,0.0,0.17074096202850342,0.0,0.47370481491088867,0.0,-0.04312396049499512,0.8779678344726562,0.8779678344726562,0.0,0.0,0.0,0.0,False,False,False,False,False,4,source age 0f; current move definition; action ID matched; distance 0.47
6,native_damage_pipeline_plus_snapshot_contact_correlation_v6,2026-07-29T23:52:48Z,390,308,1,151795,151795,next_contact,P1-C1,Gold Lightan,2454108608,11,256,5A,P2-C1,Ippatsuman,2461448672,7,move_definition,medium,80.0,0,True,READY,,9,"Mid, Light Hit",9,0,,False,[],[134217729],1,[],64,Standard-strike baseline,standard-strike baseline,0,0,0,0,,False,,False,,False,,False,,,False,,False,1371,1371,last_hit_single,True,1371,1371,0,0,hp_delta,False,False,1,0,1371,0,hit,"[""HP -1371""]",38430,37059,37059,46000,3028,3577,3577,549,549,24810,25509,25509,14741,14741,14741,0,0,0,1.0,1.0,1.0,1.0,False,0,0,0,19,20,20,0x0014 Action 20,neutral,neutral,neutral,neutral,0,0,0,0,0,2.0591325759887695,1.352997899055481,1.352997899055481,31.548667907714844,48.111061096191406,48.111061096191406,31.548667907714844,48.111061096191406,48.111061096191406,-0.7061346769332886,16.562393188476562,-0.7061346769332886,16.562393188476562,0.003734111785888672,-0.04956817626953125,0.003734111785888672,-0.04956817626953125,0.0,0.0,0.0,0.0,0.0,False,False,False,False,False,1,source age 0f; current move definition; action ID matched
6,native_damage_pipeline_plus_snapshot_contact_correlation_v6,2026-07-29T23:52:49Z,393,311,1,151796,151796,next_contact,P1-C2,Karas,2465118720,10,426,assist attack,P2-C1,Ippatsuman,2461448672,7,live_attack_actor,medium,84.0,0,True,READY,,34828,"Mid, Heavy Hit, Exact reaction 0x00008800 (unresolved) 0x00008800",12,34816,"No guard category, No strength tier, Exact reaction 0x00008800 (unresolved) 0x00008800",False,[34816],[34828],0,[],258,"Initial actor phase, Spawned-attack core flag (correlated)",spawned-attack core; initial actor phase,0,0,0,2444319156,,False,,False,,False,,False,,,False,,False,4701,4701,last_hit_single,True,4701,4701,0,0,hp_delta,False,False,1,0,4701,0,hit,"[""HP -4701"",""hitstun +12"",""reaction neutral->knockdown"",""last-hit/action transition""]",37059,32358,32358,46000,3577,5458,5458,1881,1881,25509,29925,29925,14741,14741,14741,0,0,0,1.0,1.0,1.0,1.0,False,0,0,0,20,91,91,0x005B Soft Knockdown,neutral,knockdown,knockdown,knockdown,12,0,0,0,0,1.352997899055481,2.9776923656463623,2.9776923656463623,48.111061096191406,35.488765716552734,35.488765716552734,48.111061096191406,35.488765716552734,35.488765716552734,1.6246944665908813,-12.622295379638672,1.6246944665908813,-12.622295379638672,0.7435641288757324,32.91914963722229,0.7435641288757324,32.91914963722229,0.0,0.0,0.0,0.0,0.0,True,False,False,False,False,1,source age 0f; live attack actor
6,native_damage_pipeline_plus_snapshot_contact_correlation_v6,2026-07-29T23:52:49Z,391,309,1,151796,151799,reaction_complete,P2-C1,Ippatsuman,2461448672,7,257,5B,P1-C1,Gold Lightan,2454108608,11,move_definition_latched,medium,64.0,0,True,READY,,10,"Mid, Medium Hit",10,0,,False,[],[134217730],2,"[1,2]",64,Standard-strike baseline,standard-strike baseline,10,64,0,0,,False,,False,,False,,False,,,False,,False,400,400,last_hit_single,True,400,400,0,0,hp_delta,False,False,1,0,400,0,hit,"[""HP -400"",""hitstun +20"",""reaction neutral->hitstun""]",43017,42617,42617,70000,10795,10955,10955,160,160,14741,14741,14741,25509,29925,31924,0,0,0,1.0,1.0,1.0,1.0,False,0,0,0,256,256,271,0x0100 Action 256 > 0x010F Action 271,neutral,hitstun,neutral,hitstun > neutral,20,0,117,117,117,1.3492637872695923,2.9776923656463623,4.85966682434082,48.16062927246094,35.488765716552734,19.801055908203125,48.16062927246094,35.488765716552734,19.801055908203125,1.62842857837677,-12.671863555908203,1.62842857837677,-12.671863555908203,0.0,0.0,-0.1689138412475586,3.2913589477539062,3.2913589477539062,0.0,0.0,0.0,0.0,False,False,False,False,False,4,source age 0f; current move definition
6,native_damage_pipeline_plus_snapshot_contact_correlation_v6,2026-07-29T23:52:49Z,392,310,1,151796,151800,reaction_complete,P2-C1,Ippatsuman,2461448672,7,257,5B,P1-C2,Karas,2465118720,10,move_definition_latched,medium,64.0,0,True,READY,,10,"Mid, Medium Hit",10,0,,False,[],[134217730],2,"[1,2]",64,Standard-strike baseline,standard-strike baseline,10,64,0,0,,False,,False,,False,,False,,,False,,False,4121,4121,last_hit_single,True,4121,4121,0,0,hp_delta,False,False,1,0,4121,0,hit,"[""HP -4121""]",38000,33879,33879,38000,0,1649,1649,1649,1649,14741,14741,14741,25509,29925,31924,0,0,0,1.0,1.0,1.0,1.0,False,0,0,0,426,426,417,0x01AA Action 426 > 0x0040 Standing Hitstun > 0x01A1 Action 417,neutral,neutral,neutral,neutral > hitstun > neutral,19,0,0,0,0,1.483782410621643,2.23412823677063,7.673841953277588,2.8163094520568848,2.5696160793304443,1.580308198928833,2.8163094520568848,2.5696160793304443,1.580308198928833,0.7503458261489868,-0.24669337272644043,0.7503458261489868,-0.24669337272644043,-0.7435641288757324,-32.91914963722229,2.1078433990478516,1.580308198928833,38.283714056015015,0.0,0.0,0.0,0.0,False,False,False,False,False,5,source age 0f; current move definition
6,native_damage_pipeline_plus_snapshot_contact_correlation_v6,2026-07-29T23:52:49Z,394,311,2,151797,151802,reaction_complete,P1-C2,Karas,2465118720,10,426,assist attack,P2-C1,Ippatsuman,2461448672,7,live_attack_actor,medium,80.0,0,True,READY,,34828,"Mid, Heavy Hit, Exact reaction 0x00008800 (unresolved) 0x00008800",12,34816,"No guard category, No strength tier, Exact reaction 0x00008800 (unresolved) 0x00008800",False,[34816],[34828],0,[],258,"Initial actor phase, Spawned-attack core flag (correlated)",spawned-attack core; initial actor phase,0,0,0,2444319156,,False,,False,,False,,False,,,False,,False,4320,4320,last_hit_single,True,4320,4320,0,0,hp_delta,False,False,1,0,4320,0,hit,"[""HP -4320"",""hitstun +9""]",32358,28038,28038,46000,5458,7186,7186,1728,1728,29925,31924,31924,14741,14741,14741,0,0,0,1.0,1.0,1.0,1.0,False,0,0,0,91,91,314,0x005B Soft Knockdown > 0x0001 Action 1 > 0x013A Action 314,knockdown,knockdown,neutral,knockdown > neutral,21,0,0,0,0,2.9776923656463623,2.8919854164123535,7.189773082733154,35.488765716552734,38.934974670410156,7.880656719207764,35.488765716552734,38.934974670410156,7.880656719207764,-0.08570694923400879,3.446208953857422,-0.08570694923400879,3.446208953857422,0.25057530403137207,36.70340585708618,-2.4328484535217285,6.68514609336853,38.283714056015015,3.7842562198638916,0.5292962122055426,3.4472745516993664,3.8162328439181974,True,False,False,False,False,6,source age 0f; live attack actor
6,native_damage_pipeline_plus_snapshot_contact_correlation_v6,2026-07-29T23:52:53Z,396,313,1,151811,151815,reaction_complete,P2-C1,Ippatsuman,2461448672,7,261,2C,P1-C1,Gold Lightan,2454108608,11,move_definition,high,100.0,0,True,READY,,36,"Low, Heavy Hit",36,1024,"No guard category, No strength tier, Sweep 0x00000400",False,[1024],[134218756],1,[],64,Standard-strike baseline,standard-strike baseline,0,0,0,0,,False,,False,,False,,False,,,False,,False,3280,3280,last_hit_single,True,3280,3280,0,0,hp_delta,False,False,1,0,3280,0,hit,"[""HP -3280"",""hitstun +25"",""reaction neutral->hitstun"",""last-hit/action transition""]",42617,39337,39337,70000,10955,12267,12267,1312,1312,14741,14741,14741,33758,34896,35156,0,0,0,1.0,1.0,1.0,1.0,False,0,0,0,310,1,310,0x0001 Action 1 > 0x0136 Action 310,neutral,hitstun,neutral,hitstun > neutral,25,0,113,124,123,3.764111042022705,3.147280216217041,4.054380416870117,0.0,0.0,0.0,0.0,0.0,0.0,-0.6168308258056641,0.0,-0.6168308258056641,0.0,0.0,0.0,-0.10039567947387695,0.0,0.34436023235321045,0.0,0.0,0.0,0.0,False,False,False,True,False,5,source age 0f; current move definition; action ID matched; distance 0.00
6,native_damage_pipeline_plus_snapshot_contact_correlation_v6,2026-07-29T23:52:55Z,397,314,1,151818,151821,reaction_complete,P2-C1,Ippatsuman,2461448672,7,261,2C,P1-C1,Gold Lightan,2454108608,11,move_definition_latched,medium,64.0,0,True,READY,,36,"Low, Heavy Hit",36,1024,"No guard category, No strength tier, Sweep 0x00000400",False,[1024],[134218756],1,[],64,Standard-strike baseline,standard-strike baseline,0,0,0,0,,False,,False,,False,,False,,,False,,False,800,800,last_hit_single,True,800,800,0,0,hp_delta,False,False,1,0,800,0,hit,"[""HP -800"",""hitstun +20"",""reaction neutral->hitstun""]",39337,38537,38537,70000,12267,12587,12587,320,320,14741,14741,14741,35156,35432,35432,0,0,0,1.0,1.0,1.0,1.0,False,0,0,0,310,310,32,0x0136 Action 310 > 0x0020 Action 32,neutral,hitstun,neutral,hitstun > neutral,20,0,123,134,134,4.195346355438232,3.4949467182159424,1.9206198453903198,0.0,15.408496856689453,0.0,0.0,15.408496856689453,0.0,-0.70039963722229,15.408496856689453,-0.70039963722229,15.408496856689453,-1.943396806716919,1.947901725769043,-8.349687695503235,-5.263747215270996,8.028621673583984,0.0,0.0,0.0,0.0,False,False,False,False,False,4,source age 0f; current move definition
6,native_damage_pipeline_plus_snapshot_contact_correlation_v6,2026-07-29T23:52:51Z,395,312,1,151805,151823,observation_window,P1-C2,Karas,2465118720,10,426,assist attack,P2-C1,Ippatsuman,2461448672,7,live_attack_actor,medium,84.0,0,True,READY,,34828,"Mid, Heavy Hit, Exact reaction 0x00008800 (unresolved) 0x00008800",12,34816,"No guard category, No strength tier, Exact reaction 0x00008800 (unresolved) 0x00008800",False,[34816],[34828],0,[],258,"Initial actor phase, Spawned-attack core flag (correlated)",spawned-attack core; initial actor phase,0,0,0,2444319156,,False,,False,,False,,False,,,False,,False,3400,3400,last_hit_single,True,3400,3400,0,0,hp_delta,False,False,1,0,3400,0,hit,"[""HP -3400""]",28038,24638,24846,46000,7186,8546,8338,1360,1360,32184,33758,36312,14741,14741,14741,0,0,0,1.0,1.0,1.0,1.0,False,0,0,0,21,266,430,0x010A Action 266 > 0x0050 Hard Knockdown > 0x0049 Knockdown Face Up > 0x0071 Get Up Face Up > 0x0105 Action 261 > 0x0007 Action 7 > 0x01A0 Action 416 > 0x01A1 Action 417 > 0x01AE Action 430,neutral,neutral,hitstun,neutral > knockdown > wakeup > hitstun,21,0,0,0,0,6.125991344451904,3.5383107662200928,10.647909164428711,19.245746612548828,17.855079650878906,5.311450958251953,19.245746612548828,17.855079650878906,5.311450958251953,-2.5876805782318115,-1.3906669616699219,-2.5876805782318115,-1.3906669616699219,-4.693958520889282,15.80284309387207,7.321830749511719,1.7073819637298584,19.761242389678955,0.0,0.0,0.0,0.0,True,False,False,False,False,19,source age 0f; live attack actor
6,native_damage_pipeline_plus_snapshot_contact_correlation_v6,2026-07-29T23:52:56Z,398,315,1,151822,151825,reaction_complete,P2-C1,Ippatsuman,2461448672,7,261,2C,P1-C2,Karas,2465118720,10,move_definition_latched,medium,70.0,0,True,READY,,36,"Low, Heavy Hit",36,1024,"No guard category, No strength tier, Sweep 0x00000400",False,[1024],[134218756],1,[],64,Standard-strike baseline,standard-strike baseline,0,0,0,0,,False,,False,,False,,False,,,False,,False,1200,1200,last_hit_single,True,1200,1200,0,0,hp_delta,False,False,1,0,1200,0,hit,"[""HP -1200"",""hitstun +12"",""reaction neutral->hitstun""]",34915,33715,33715,38000,0,480,480,480,480,14741,14741,14741,35432,36052,37025,0,0,0,1.0,1.0,1.0,1.0,False,0,0,0,425,425,261,0x01A9 Action 425 > 0x0040 Standing Hitstun > 0x0105 Action 261,neutral,hitstun,neutral,hitstun > neutral,12,0,0,0,0,1.9206198453903198,1.9691945314407349,1.586609959602356,1.5815424919128418,1.5795114040374756,3.776075839996338,1.5815424919128418,1.5795114040374756,3.776075839996338,0.04857468605041504,-0.002031087875366211,0.04857468605041504,-0.002031087875366211,-7.986534953117371,-3.6842358112335205,-8.891968607902527,-1.5425777435302734,2.22849440574646,0.0,0.0,0.0,0.0,False,False,False,False,False,4,source age 0f; current move definition; distance 8.80
6,native_damage_pipeline_plus_snapshot_contact_correlation_v6,2026-07-29T23:52:56Z,400,315,2,151826,151826,next_contact,P2-C1,Ippatsuman,2461448672,7,261,2C,P1-C2,Karas,2465118720,10,move_definition_latched,medium,70.0,0,True,READY,,36,"Low, Heavy Hit",36,1024,"No guard category, No strength tier, Sweep 0x00000400",False,[1024],[134218756],1,[],64,Standard-strike baseline,standard-strike baseline,0,0,0,0,,False,,False,,False,,False,,,False,,False,2800,2800,last_hit_single,True,2800,2800,0,0,hp_delta,False,False,1,0,2800,0,hit,"[""HP -2800""]",33715,30915,30915,38000,480,1600,1600,1120,1120,14741,14741,14741,37025,38321,38321,0,0,0,1.0,1.0,1.0,1.0,False,0,0,0,261,261,261,0x0105 Action 261,neutral,neutral,neutral,neutral,0,0,0,0,0,1.586609959602356,0.8731263875961304,0.8731263875961304,3.776075839996338,2.645073413848877,2.645073413848877,3.776075839996338,2.645073413848877,2.645073413848877,-0.7134835720062256,-1.131002426147461,-0.7134835720062256,-1.131002426147461,-9.361615777015686,-2.6869006156921387,-9.361615777015686,-2.6869006156921387,0.0,1.3750808238983154,0.287233309029768,1.5286555441643057,1.69868324431556,False,False,False,False,False,1,source age 0f; current move definition; distance 9.74
6,native_damage_pipeline_plus_snapshot_contact_correlation_v6,2026-07-29T23:52:56Z,399,316,1,151825,151831,reaction_complete,P2-C1,Ippatsuman,2461448672,7,261,2C,P1-C1,Gold Lightan,2454108608,11,move_definition_latched,medium,70.0,0,True,READY,,36,"Low, Heavy Hit",36,1024,"No guard category, No strength tier, Sweep 0x00000400",False,[1024],[134218756],1,[],64,Standard-strike baseline,standard-strike baseline,0,0,0,0,,False,,False,,False,,False,,,False,,False,2060,2060,last_hit_single,True,2060,2060,0,0,hp_delta,False,False,1,0,2060,0,hit,"[""HP -2060"",""hitstun +24"",""reaction neutral->hitstun""]",38537,36477,36477,70000,12587,13411,13411,824,824,14741,14741,14741,36312,37025,40914,0,0,0,1.0,1.0,1.0,1.0,False,0,0,0,304,304,260,0x0130 Action 304 > 0x0104 Action 260,neutral,hitstun,neutral,hitstun > neutral,24,0,133,145,144,2.1973469257354736,1.586609959602356,1.2589739561080933,0.0,0.0,0.0,0.0,0.0,0.0,-0.6107369661331177,0.0,-0.6107369661331177,0.0,-8.891968607902527,-5.318653583526611,-9.304965138435364,-5.215605735778809,1.9098716974258423,0.0,0.0,0.0,0.0,False,False,False,False,False,7,source age 0f; current move definition; distance 10.36
6,native_damage_pipeline_plus_snapshot_contact_correlation_v6,2026-07-29T23:52:57Z,401,315,3,151827,151832,victim_changed,P2-C1,Ippatsuman,2461448672,7,261,2C,P1-C2,Karas,2465118720,10,move_definition_latched,medium,70.0,0,True,READY,,36,"Low, Heavy Hit",36,1024,"No guard category, No strength tier, Sweep 0x00000400",False,[1024],[134218756],1,[],64,Standard-strike baseline,standard-strike baseline,0,0,0,0,,False,,False,,False,,False,,,False,,False,5320,5320,last_hit_single,True,5320,5320,0,0,hp_delta,False,False,1,0,5320,0,hit,"[""HP -5320"",""hitstun +21"",""reaction neutral->knockdown"",""last-hit/action transition""]",30915,25595,25595,38000,1600,3728,3728,2128,2128,14741,14741,14741,38321,40784,40914,0,0,0,1.0,1.0,1.0,1.0,False,0,0,0,261,73,115,0x0049 Knockdown Face Up > 0x0069 OTG Face Up > 0x0067 Wakeup Transition > 0x0073 Forward Roll,neutral,knockdown,wakeup,knockdown > wakeup,21,0,0,0,0,0.8731263875961304,2.0573320388793945,0.34870225191116333,2.645073413848877,2.8589935302734375,2.0497138500213623,2.645073413848877,2.8589935302734375,2.0497138500213623,1.1842056512832642,0.21392011642456055,1.1842056512832642,0.21392011642456055,-7.53486442565918,-2.459566116333008,-9.552596271038055,2.0497138500213623,4.819789171218872,1.8267513513565063,0.9299190194295934,2.7320278226975603,3.5395258433124672,True,False,False,False,False,6,source age 0f; current move definition; distance 7.93
6,native_damage_pipeline_plus_snapshot_contact_correlation_v6,2026-07-29T23:56:52Z,402,317,1,153979,153982,reaction_complete,P1-C1,Ken the Eagle,2454108608,1,322,Eagle Rush C,P2-C1,Ken the Eagle,2457778656,1,move_definition,medium,80.0,0,True,READY,,20,"High, Heavy Hit",20,0,,True,"[256,512]","[260,516]",5,"[1,2,3,4,5]",17039424,"Standard-strike baseline, Special chip route B, one-eighth damage, Repeat-contact handling",standard-strike baseline; special chip route; repeat-contact handling,20,17039424,0,0,,False,,False,,False,,False,,,False,,False,90,90,last_hit_single,True,90,90,0,0,hp_delta,False,False,1,0,90,90,chip,"[""HP -90"",""blockstun +12"",""reaction neutral->blockstun""]",44000,43910,43910,44000,0,36,36,36,36,10260,10343,10603,10195,10257,10517,0,0,0,1.0,1.0,1.0,1.0,False,0,0,0,264,264,305,0x0108 Action 264 > 0x00A5 Breakaway Recovery > 0x0003 Action 3 > 0x0131 Action 305,neutral,blockstun,neutral,blockstun > air_recovery > neutral,0,12,0,0,0,1.8277604579925537,3.8631598949432373,2.6750411987304688,3.6603474617004395,0.4857330322265625,1.5346133708953857,3.6603474617004395,0.4857330322265625,1.5346133708953857,2.0353994369506836,-3.174614429473877,2.0353994369506836,-3.174614429473877,0.2124462127685547,-12.225903511047363,0.0508122444152832,-27.82225728034973,28.064433813095093,0.0,0.0,0.0,0.0,False,False,True,False,False,4,source age 0f; current move definition; action ID matched
6,native_damage_pipeline_plus_snapshot_contact_correlation_v6,2026-07-29T23:56:54Z,403,318,1,153986,153986,next_contact,P2-C1,Ken the Eagle,2457778656,1,305,Bird Run B,P1-C1,Ken the Eagle,2454108608,1,live_attack_actor,high,108.0,0,True,READY,,9,"Mid, Light Hit",9,0,,False,[],[9],0,[],262402,"Initial actor phase, Special chip route B, one-eighth damage, Spawned-attack core flag (correlated)",spawned-attack core; initial actor phase; special chip route,0,0,0,2444319156,,False,,False,,False,,False,,,False,,False,1024,1024,last_hit_single,True,1024,1024,0,0,hp_delta,False,False,1,0,1024,0,hit,"[""HP -1024""]",44000,42976,42976,44000,0,410,410,410,410,10712,11445,11445,10603,10957,10957,0,0,0,1.0,1.0,1.0,1.0,False,0,0,0,30,1,1,0x0001 Action 1,neutral,neutral,neutral,neutral,0,0,0,0,0,2.723353385925293,2.960697650909424,2.960697650909424,0.0,0.0,0.0,0.0,0.0,0.0,0.23734426498413086,0.0,0.23734426498413086,0.0,0.11471199989318848,-0.33808279037475586,0.11471199989318848,-0.33808279037475586,0.0,0.0,0.0,0.0,0.0,False,False,False,False,False,1,source age 0f; live attack actor; distance 0.36
6,native_damage_pipeline_plus_snapshot_contact_correlation_v6,2026-07-29T23:56:55Z,404,318,2,153987,153991,next_contact,P2-C1,Ken the Eagle,2457778656,1,305,Bird Run B,P1-C1,Ken the Eagle,2454108608,1,live_attack_actor,medium,84.0,0,True,READY,,9,"Mid, Light Hit",9,0,,False,[],[9],0,[],262402,"Initial actor phase, Special chip route B, one-eighth damage, Spawned-attack core flag (correlated)",spawned-attack core; initial actor phase; special chip route,0,0,0,2444319156,,False,,False,,False,,False,,,False,,False,2660,2660,last_hit_single,True,2660,2660,0,0,hp_delta,False,False,1,0,2660,0,hit,"[""HP -2660"",""hitstun +2"",""reaction neutral->hitstun"",""last-hit/action transition""]",42976,40316,40316,44000,410,1474,1474,1064,1064,11445,12676,14232,10957,11879,12850,0,0,0,1.0,1.0,1.0,1.0,False,0,0,0,1,64,6,0x0040 Standing Hitstun > 0x005B Soft Knockdown > 0x0006 Action 6,neutral,hitstun,hitstun,hitstun > knockdown > hitstun,12,0,0,0,0,2.960697650909424,0.524031937122345,0.6378613114356995,0.0,43.778560638427734,9.07851505279541,0.0,43.778560638427734,9.07851505279541,-2.436665713787079,43.778560638427734,-2.436665713787079,43.778560638427734,0.0,43.546933472156525,0.0,8.500891089439392,76.06293189525604,43.88501626253128,2.324392791541246,43.84631924544225,43.88516618637275,True,False,False,False,False,5,source age 0f; live attack actor
6,native_damage_pipeline_plus_snapshot_contact_correlation_v6,2026-07-29T23:56:56Z,405,319,1,153992,153999,next_contact,P2-C1,Ken the Eagle,2457778656,1,305,Bird Run B,P1-C1,Ken the Eagle,2454108608,1,live_attack_actor,medium,80.5,2,True,READY,,9,"Mid, Light Hit",9,0,,False,[],[9],0,[],262402,"Initial actor phase, Special chip route B, one-eighth damage, Spawned-attack core flag (correlated)",spawned-attack core; initial actor phase; special chip route,0,0,0,2444319156,,False,,False,,False,,False,,,False,,False,2800,2800,last_hit_single,True,2800,2800,0,0,hp_delta,False,False,1,0,2800,0,hit,"[""HP -2800""]",40316,37516,37516,44000,1474,2594,2594,1120,1120,14232,14232,14362,12850,12850,13110,0,0,0,1.0,1.0,1.0,1.0,False,0,0,0,6,6,18,0x0006 Action 6 > 0x005B Soft Knockdown > 0x00A0 Air Recovery > 0x0149 Action 329 > 0x0012 Action 18,hitstun,hitstun,hitstun,hitstun > knockdown > air_recovery > hitstun,12,0,0,0,0,0.6378613114356995,1.7109413146972656,0.7005522847175598,9.07851505279541,35.143333435058594,77.92167663574219,9.07851505279541,35.143333435058594,77.92167663574219,1.0730800032615662,26.064818382263184,1.0730800032615662,26.064818382263184,-0.23055672645568848,35.07485508918762,0.20643356442451477,76.53152894973755,74.77537083625793,0.0,0.0,0.0,0.0,True,False,True,False,False,8,source age 2f; live attack actor
6,native_damage_pipeline_plus_snapshot_contact_correlation_v6,2026-07-29T23:56:58Z,406,320,1,154000,154000,next_contact,P2-C1,Ken the Eagle,2457778656,1,265,j.A,P1-C1,Ken the Eagle,2454108608,1,move_definition,medium,80.0,0,True,READY,,17,"High, Light Hit",17,0,,False,[],[402653185],1,[],64,Standard-strike baseline,standard-strike baseline,0,0,0,0,,False,,False,,False,,False,,,False,,False,688,688,last_hit_single,True,688,688,0,0,hp_delta,False,False,1,0,688,0,hit,"[""HP -688"",""last-hit/action transition""]",37516,36828,36828,44000,2594,2870,2870,276,276,14362,14745,14745,13110,13607,13607,0,0,0,1.0,1.0,1.0,1.0,False,0,0,0,18,331,331,0x014B Action 331,hitstun,hitstun,hitstun,hitstun,12,0,0,0,0,0.7005522847175598,0.3621443808078766,0.3621443808078766,77.92167663574219,16.25583267211914,16.25583267211914,77.92167663574219,16.25583267211914,16.25583267211914,-0.3384079039096832,-61.66584396362305,-0.3384079039096832,-61.66584396362305,-4.4405460357666016e-06,15.241806268692017,-4.4405460357666016e-06,15.241806268692017,0.0,0.0,0.0,0.0,0.0,False,False,False,False,False,1,source age 0f; current move definition; action ID matched
6,native_damage_pipeline_plus_snapshot_contact_correlation_v6,2026-07-29T23:56:59Z,408,322,1,154005,154017,next_contact,P1-C1,Ken the Eagle,2454108608,1,309,Bird Shoot C,P2-C1,Ken the Eagle,2457778656,1,move_definition,medium,76.0,0,True,READY,,12,"Mid, Heavy Hit",12,256,"No guard category, No strength tier, Launch / soft-knockdown route 0x00000100",False,[256],[260],1,[],262208,"Standard-strike baseline, Special chip route B, one-eighth damage",standard-strike baseline; special chip route,0,0,0,0,,False,,False,,False,,False,,,False,,False,3062,3062,last_hit_single,True,3062,3062,0,0,hp_delta,False,False,1,0,3062,0,hit,"[""HP -3062""]",43910,40848,40848,44000,36,1261,1261,1225,1225,14133,15810,16070,15772,17029,17549,0,0,0,1.0,1.0,1.0,1.0,False,0,0,0,19,267,329,0x010B Action 267 > 0x005B Soft Knockdown > 0x0006 Action 6 > 0x0015 Action 21 > 0x0146 Action 326 > 0x0149 Action 329,neutral,neutral,hitstun,neutral > knockdown > hitstun,12,0,0,0,0,0.2571552097797394,0.22135888040065765,0.38602298498153687,0.9336788654327393,1.3924694061279297,1.5948586463928223,0.9336788654327393,1.3924694061279297,1.5948586463928223,-0.035796329379081726,0.45879054069519043,-0.035796329379081726,0.45879054069519043,-0.2506754845380783,-78.13288307189941,-0.017169982194900513,-73.02049779891968,80.86294114589691,0.0,0.0,0.0,0.0,True,False,False,False,False,13,source age 0f; current move definition; action ID matched
6,native_damage_pipeline_plus_snapshot_contact_correlation_v6,2026-07-29T23:57:02Z,409,323,1,154018,154018,next_contact,P1-C1,Ken the Eagle,2454108608,1,305,Bird Run B,P2-C1,Ken the Eagle,2457778656,1,live_attack_actor,medium,80.0,0,True,READY,,9,"Mid, Light Hit",9,0,,False,[],[9],0,[],262402,"Initial actor phase, Special chip route B, one-eighth damage, Spawned-attack core flag (correlated)",spawned-attack core; initial actor phase; special chip route,0,0,0,2444319156,,False,,False,,False,,False,,,False,,False,1054,1054,last_hit_single,True,1054,1054,0,0,hp_delta,False,False,1,0,1054,0,hit,"[""HP -1054""]",40848,39794,39794,44000,1261,1683,1683,422,422,16070,16556,16556,17549,17913,17913,0,0,0,1.0,1.0,1.0,1.0,False,0,0,0,329,329,329,0x0149 Action 329,hitstun,hitstun,hitstun,hitstun,12,0,0,0,0,0.38602298498153687,0.5677942037582397,0.5677942037582397,1.5948586463928223,0.048867225646972656,0.048867225646972656,1.5948586463928223,0.048867225646972656,0.048867225646972656,0.18177121877670288,-1.5459914207458496,0.18177121877670288,-1.5459914207458496,0.0,-52.560309410095215,0.0,-52.560309410095215,0.0,0.0,0.0,0.0,0.0,False,False,False,False,False,1,source age 0f; live attack actor
6,native_damage_pipeline_plus_snapshot_contact_correlation_v6,2026-07-29T23:56:58Z,407,321,1,154001,154019,observation_window,P2-C1,Ken the Eagle,2457778656,1,266,j.B,P1-C1,Ken the Eagle,2454108608,1,move_definition,medium,80.0,0,True,READY,,18,"High, Medium Hit",18,0,,False,[],[402653186],1,[],64,Standard-strike baseline,standard-strike baseline,0,0,0,0,,False,,False,,False,,False,,,False,,False,1520,1520,last_hit_single,True,1520,1520,0,0,hp_delta,False,False,1,0,1520,0,hit,"[""HP -1520"",""reaction hitstun->knockdown"",""last-hit/action transition""]",36828,35308,35308,44000,2870,3478,3478,608,608,14745,15577,18940,13607,14133,18186,0,0,0,1.0,1.0,1.0,1.0,False,0,0,0,331,91,328,0x005B Soft Knockdown > 0x00A0 Air Recovery > 0x0006 Action 6 > 0x0135 Action 309 > 0x001E Action 30 > 0x0006 Action 6 > 0x0003 Action 3 > 0x0131 Action 305 > 0x0003 Action 3 > 0x0148 Action 328,hitstun,knockdown,hitstun,knockdown > air_recovery > hitstun,17,0,0,0,0,0.3621443808078766,0.2688681185245514,1.2365942001342773,16.25583267211914,78.83975982666016,48.95743942260742,16.25583267211914,78.83975982666016,48.95743942260742,-0.0932762622833252,62.583927154541016,-0.0932762622833252,62.583927154541016,0.0,77.91885328292847,0.0,48.69183969497681,80.86294114589691,0.0,0.0,0.0,0.0,True,False,True,False,False,19,source age 0f; current move definition; action ID matched
6,native_damage_pipeline_plus_snapshot_contact_correlation_v6,2026-07-29T23:57:03Z,410,323,2,154019,154037,observation_window,P1-C1,Ken the Eagle,2454108608,1,305,Bird Run B,P2-C1,Ken the Eagle,2457778656,1,live_attack_actor,medium,78.25,1,True,READY,,9,"Mid, Light Hit",9,0,,False,[],[9],0,[],262402,"Initial actor phase, Special chip route B, one-eighth damage, Spawned-attack core flag (correlated)",spawned-attack core; initial actor phase; special chip route,0,0,0,2444319156,,False,,False,,False,,False,,,False,,False,2960,2960,last_hit_single,True,2960,2960,0,0,hp_delta,False,False,1,0,2960,0,hit,"[""HP -2960"",""reaction hitstun->knockdown"",""last-hit/action transition""]",39794,36834,36834,44000,1683,2867,2867,1184,1184,16556,18186,19814,17913,18940,21307,0,0,0,1.0,1.0,1.0,1.0,False,0,0,0,329,91,322,0x005B Soft Knockdown > 0x001E Action 30 > 0x0001 Action 1 > 0x0015 Action 21 > 0x014B Action 331 > 0x0134 Action 308 > 0x0142 Action 322,hitstun,knockdown,hitstun,knockdown > hitstun,21,0,0,0,0,0.5677942037582397,1.2365942001342773,3.5433027744293213,0.048867225646972656,0.26559972763061523,0.30731892585754395,0.048867225646972656,0.26559972763061523,0.30731892585754395,0.6687999963760376,0.21673250198364258,0.6687999963760376,0.21673250198364258,0.0,-48.69183969497681,0.1541736125946045,-4.289936780929565,86.34667456150055,3.868469715118408,3.7124760078613104,0.7030408327890191,3.868469715118408,True,False,False,False,False,19,source age 1f; live attack actor
6,native_damage_pipeline_plus_snapshot_contact_correlation_v6,2026-07-29T23:57:05Z,411,324,1,154032,154040,next_contact,P2-C1,Ken the Eagle,2457778656,1,308,Bird Shoot B,P1-C1,Ken the Eagle,2454108608,1,move_definition,medium,76.0,0,True,READY,,12,"Mid, Heavy Hit",12,256,"No guard category, No strength tier, Launch / soft-knockdown route 0x00000100",False,[256],[260],1,[],262208,"Standard-strike baseline, Special chip route B, one-eighth damage",standard-strike baseline; special chip route,0,0,0,0,,False,,False,,False,,False,,,False,,False,3010,3010,last_hit_single,True,3010,3010,0,0,hp_delta,False,False,1,0,3010,0,hit,"[""HP -3010""]",35308,32298,32298,44000,3478,4682,4682,1204,1204,19655,21047,22880,18771,19814,20863,0,0,0,1.0,1.0,1.0,1.0,False,0,0,0,331,331,265,0x014B Action 331 > 0x005B Soft Knockdown > 0x00A0 Air Recovery > 0x0006 Action 6 > 0x0001 Action 1 > 0x0109 Action 265,hitstun,hitstun,hitstun,hitstun > knockdown > air_recovery > hitstun,17,0,0,0,0,4.523517608642578,0.15599916875362396,1.1203867197036743,22.73750877380371,76.08848571777344,0.4176616966724396,22.73750877380371,76.08848571777344,0.4176616966724396,-4.367518439888954,53.35097694396973,-4.367518439888954,53.35097694396973,0.0,74.87600266933441,0.1446385383605957,0.40348902344703674,86.56576532125473,0.0,0.0,0.0,0.0,True,False,True,False,False,9,source age 0f; current move definition; action ID matched
6,native_damage_pipeline_plus_snapshot_contact_correlation_v6,2026-07-29T23:57:08Z,412,325,1,154041,154052,next_contact,P2-C1,Ken the Eagle,2457778656,1,308,Bird Shoot B,P1-C1,Ken the Eagle,2454108608,1,move_definition,medium,76.0,0,True,READY,,12,"Mid, Heavy Hit",12,256,"No guard category, No strength tier, Launch / soft-knockdown route 0x00000100",False,[256],[260],1,[],262208,"Standard-strike baseline, Special chip route B, one-eighth damage",standard-strike baseline; special chip route,0,0,0,0,,False,,False,,False,,False,,,False,,False,2838,2838,last_hit_single,True,2838,2838,0,0,hp_delta,False,False,1,0,2838,0,hit,"[""HP -2838"",""last-hit/action transition""]",32298,29460,29460,44000,4682,5818,5818,1136,1136,22880,22880,23530,20863,20863,21188,0,0,0,1.0,1.0,1.0,1.0,False,0,0,0,265,21,265,0x0015 Action 21 > 0x005B Soft Knockdown > 0x0001 Action 1 > 0x0024 Action 36 > 0x0109 Action 265 > 0x0103 Action 259 > 0x010A Action 266 > 0x0109 Action 265,hitstun,hitstun,hitstun,hitstun > knockdown > hitstun,12,0,0,0,0,1.1203867197036743,0.8814237117767334,1.1606338024139404,0.4176616966724396,33.76913070678711,60.000099182128906,0.4176616966724396,33.76913070678711,60.000099182128906,-0.23896300792694092,33.35146901011467,-0.23896300792694092,33.35146901011467,0.01473766565322876,33.56482195854187,0.11498069763183594,57.79898691177368,58.43972164392471,0.0,0.0,0.0,0.0,True,False,False,False,False,12,source age 0f; current move definition; action ID matched
6,native_damage_pipeline_plus_snapshot_contact_correlation_v6,2026-07-29T23:57:11Z,413,326,1,154053,154057,reaction_complete,P2-C2,Batsu,2465118752,14,426,assist attack,P1-C1,Ken the Eagle,2454108608,1,move_definition,medium,80.0,0,True,READY,,12,"Mid, Heavy Hit",12,256,"No guard category, No strength tier, Launch / soft-knockdown route 0x00000100",False,[256],"[4,260]",3,"[1,2,3]",64,Standard-strike baseline,standard-strike baseline,12,64,0,0,,False,,False,,False,,False,,,False,,False,777,777,last_hit_single,True,777,777,0,0,hp_delta,False,False,1,0,777,0,hit,"[""HP -777"",""last-hit/action transition""]",29460,28683,28683,44000,5818,6129,6129,311,311,23530,24987,24987,21188,23118,23378,0,0,0,1.0,1.0,1.0,1.0,False,0,0,0,265,267,329,0x010B Action 267 > 0x005B Soft Knockdown > 0x0014 Action 20 > 0x0149 Action 329,hitstun,hitstun,neutral,hitstun > knockdown > neutral,21,0,0,0,0,1.1606338024139404,1.5253292322158813,4.911563873291016,60.000099182128906,40.99213409423828,8.580412864685059,60.000099182128906,40.99213409423828,8.580412864685059,0.3646954298019409,-19.007965087890625,0.3646954298019409,-19.007965087890625,0.5204548835754395,-28.385757446289062,3.3117908239364624,-34.47032642364502,21.031855583190918,0.0,0.0,0.0,0.0,True,False,False,False,False,5,source age 0f; current move definition; action ID matched
6,native_damage_pipeline_plus_snapshot_contact_correlation_v6,2026-07-29T23:57:13Z,415,328,1,154060,154060,next_contact,P2-C2,Batsu,2465118752,14,426,assist attack,P1-C1,Ken the Eagle,2454108608,1,move_definition_latched,medium,68.0,0,True,READY,,12,"Mid, Heavy Hit",12,256,"No guard category, No strength tier, Launch / soft-knockdown route 0x00000100",False,[256],"[4,260]",3,"[1,2,3]",64,Standard-strike baseline,standard-strike baseline,12,64,0,0,,False,,False,,False,,False,,,False,,False,1447,1447,last_hit_single,True,1447,1447,0,0,hp_delta,False,False,1,0,1447,0,hit,"[""HP -1447"",""hitstun +17"",""reaction neutral->hitstun""]",28683,27236,27236,44000,6129,6708,6708,579,579,24987,25981,25981,23378,23944,23944,0,0,0,1.0,1.0,1.0,1.0,False,0,0,0,329,329,329,0x0149 Action 329,neutral,hitstun,hitstun,hitstun,17,0,0,0,0,0.46594732999801636,1.202046513557434,1.202046513557434,70.77074432373047,56.81268310546875,56.81268310546875,70.77074432373047,56.81268310546875,56.81268310546875,0.7360991835594177,-13.958061218261719,0.7360991835594177,-13.958061218261719,-2.6725248098373413,55.99150478839874,-2.6725248098373413,55.99150478839874,0.0,0.0,0.0,0.0,0.0,False,False,False,False,False,1,source age 0f; current move definition
6,native_damage_pipeline_plus_snapshot_contact_correlation_v6,2026-07-29T23:57:13Z,416,328,2,154061,154064,next_contact,P2-C2,Batsu,2465118752,14,426,assist attack,P1-C1,Ken the Eagle,2454108608,1,move_definition_latched,medium,68.0,0,True,READY,,12,"Mid, Heavy Hit",12,256,"No guard category, No strength tier, Launch / soft-knockdown route 0x00000100",False,[256],"[4,260]",3,"[1,2,3]",64,Standard-strike baseline,standard-strike baseline,12,64,0,0,,False,,False,,False,,False,,,False,,False,3119,3119,last_hit_single,True,3119,3119,0,0,hp_delta,False,False,1,0,3119,0,hit,"[""HP -3119"",""hitstun +4"",""reaction hitstun->knockdown"",""last-hit/action transition""]",27236,24117,24117,44000,6708,7956,7956,1248,1248,25981,27424,27424,23944,25025,25025,0,0,0,1.0,1.0,1.0,1.0,False,0,0,0,329,91,95,0x005B Soft Knockdown > 0x005F Forced Roll,hitstun,knockdown,knockdown,knockdown,21,0,0,0,0,1.202046513557434,1.617081642150879,2.3329412937164307,56.81268310546875,44.63090896606445,36.652976989746094,56.81268310546875,44.63090896606445,36.652976989746094,0.4150351285934448,-12.181774139404297,0.4150351285934448,-12.181774139404297,-1.8801169395446777,44.408765733242035,2.066597133874893,32.198691844940186,38.61921352148056,11.582739055156708,0.7079923857903427,12.188842247786534,11.609812843140679,True,False,False,False,False,4,source age 0f; current move definition
6,native_damage_pipeline_plus_snapshot_contact_correlation_v6,2026-07-29T23:57:11Z,414,327,1,154053,154066,next_contact,P1-C2,Volnutt,2461448704,18,426,assist attack,P2-C1,Ken the Eagle,2457778656,1,move_definition_latched,medium,74.0,0,True,READY,,12,"Mid, Heavy Hit",12,256,"No guard category, No strength tier, Launch / soft-knockdown route 0x00000100",False,[256],[260],6,"[1,2,3]",16777280,"Standard-strike baseline, Repeat-contact handling",standard-strike baseline; repeat-contact handling,12,16777280,0,0,,False,,False,,False,,False,,,False,,False,3168,3168,last_hit_single,True,3168,3168,0,0,hp_delta,False,False,1,0,3168,0,hit,"[""HP -3168"",""last-hit/action transition""]",36834,33666,33666,44000,2867,4135,4135,1268,1268,21188,23118,25285,23530,24987,27619,0,0,0,1.0,1.0,1.0,1.0,False,0,0,0,21,320,267,0x0140 Action 320 > 0x005F Forced Roll > 0x0006 Action 6 > 0x010A Action 266 > 0x010B Action 267 > 0x00A1 Hard Knockdown > 0x010B Action 267,hitstun,hitstun,hitstun,hitstun > knockdown > hitstun > knockdown > hitstun,21,0,0,0,0,1.0456531047821045,1.5253292322158813,0.7145941257476807,2.2011122703552246,0.14809942245483398,1.5639925003051758,2.2011122703552246,0.14809942245483398,1.5639925003051758,0.47967612743377686,-2.0530128479003906,0.47967612743377686,-2.0530128479003906,-8.012687087059021,-1.0903716087341309,-3.2234342098236084,-0.16305017471313477,7.153103232383728,0.0,0.0,0.0,0.0,True,False,False,False,False,14,source age 0f; current move definition; distance 8.13
6,native_damage_pipeline_plus_snapshot_contact_correlation_v6,2026-07-29T23:57:15Z,418,330,1,154067,154067,next_contact,P1-C1,Ken the Eagle,2454108608,1,267,j.C,P2-C1,Ken the Eagle,2457778656,1,move_definition_latched,medium,88.0,0,True,READY,,20,"High, Heavy Hit",20,524288,"No guard category, No strength tier, Air knockdown 0x00080000",False,[524288],[134742020],1,[],64,Standard-strike baseline,standard-strike baseline,0,0,0,0,,False,,False,,False,,False,,,False,,False,128,128,last_hit_single,True,128,128,0,0,hp_delta,False,False,1,0,128,0,hit,"[""HP -128""]",33666,33538,33538,44000,4135,4187,4187,52,52,25285,25403,25403,27619,27772,27772,0,0,0,1.0,1.0,1.0,1.0,False,0,0,0,267,267,267,0x010B Action 267,hitstun,hitstun,hitstun,hitstun,21,0,0,0,0,0.7145941257476807,0.6444788575172424,0.6444788575172424,1.5639925003051758,0.4364506006240845,0.4364506006240845,1.5639925003051758,0.4364506006240845,0.4364506006240845,-0.07011526823043823,-1.1275418996810913,-0.07011526823043823,-1.1275418996810913,-0.0028183460235595703,0.4364506006240845,-0.0028183460235595703,0.4364506006240845,0.0,0.0,0.0,0.0,0.0,False,False,False,False,False,1,source age 0f; current move definition; distance 0.44
6,native_damage_pipeline_plus_snapshot_contact_correlation_v6,2026-07-29T23:57:14Z,417,329,1,154065,154068,next_contact,P2-C1,Ken the Eagle,2457778656,1,267,j.C,P1-C1,Ken the Eagle,2454108608,1,move_definition,medium,76.0,0,True,READY,,20,"High, Heavy Hit",20,524288,"No guard category, No strength tier, Air knockdown 0x00080000",False,[524288],[134742020],1,[],64,Standard-strike baseline,standard-strike baseline,0,0,0,0,,False,,False,,False,,False,,,False,,False,0,3119,last_hit_single,True,0,3119,0,0,blockstun_edge,False,False,1,0,3119,0,block,"[""blockstun +2"",""reaction knockdown->blockstun""]",24117,24117,24117,44000,7956,7956,7956,0,0,27424,27619,27772,25025,25025,25403,0,0,0,1.0,1.0,1.0,1.0,False,0,0,0,95,3,304,0x0003 Action 3 > 0x0030 Block > 0x0130 Action 304,knockdown,blockstun,hitstun,blockstun > hitstun,21,2,0,0,0,2.3329412937164307,1.587669014930725,0.9465042352676392,36.652976989746094,54.85415267944336,0.0,36.652976989746094,54.85415267944336,0.0,-0.7452722787857056,18.201175689697266,-0.7452722787857056,18.201175689697266,0.13739323616027832,52.69249153137207,-0.020799338817596436,-0.016352295875549316,59.63747274875641,0.0,0.0,0.0,0.0,False,False,False,False,False,4,source age 0f; current move definition; action ID matched
6,native_damage_pipeline_plus_snapshot_contact_correlation_v6,2026-07-29T23:57:15Z,419,331,1,154068,154070,next_contact,P1-C1,Ken the Eagle,2454108608,1,304,Bird Run A,P2-C1,Ken the Eagle,2457778656,1,live_attack_actor,high,116.0,0,True,READY,,9,"Mid, Light Hit",9,0,,False,[],[9],0,[],262402,"Initial actor phase, Special chip route B, one-eighth damage, Spawned-attack core flag (correlated)",spawned-attack core; initial actor phase; special chip route,0,0,0,2444319156,,False,,False,,False,,False,,,False,,False,0,128,last_hit_single,True,0,128,0,0,blockstun_edge,False,False,1,0,128,0,block,"[""blockstun +6"",""reaction hitstun->blockstun""]",33538,33538,33538,44000,4187,4187,4187,0,0,25403,25403,25847,27772,27772,28494,0,0,0,1.0,1.0,1.0,1.0,False,0,0,0,267,49,257,0x0031 Crouching Block > 0x0101 Action 257,hitstun,blockstun,hitstun,blockstun > hitstun,21,6,0,0,0,0.6444788575172424,0.9673035740852356,0.5098682641983032,0.4364506006240845,0.016352295875549316,0.38964247703552246,0.4364506006240845,0.016352295875549316,0.38964247703552246,0.32282471656799316,-0.42009830474853516,0.32282471656799316,-0.42009830474853516,0.020799338817596436,0.016352295875549316,-0.023949384689331055,0.38964247703552246,0.37329018115997314,0.0,0.0,0.0,0.0,False,False,False,False,False,3,source age 0f; live attack actor; action ID matched; distance 0.03
6,native_damage_pipeline_plus_snapshot_contact_correlation_v6,2026-07-29T23:57:16Z,421,331,2,154071,154071,next_contact,P1-C1,Ken the Eagle,2454108608,1,304,Bird Run A,P2-C1,Ken the Eagle,2457778656,1,live_attack_actor,medium,82.25,1,True,READY,,9,"Mid, Light Hit",9,0,,False,[],[9],0,[],262402,"Initial actor phase, Special chip route B, one-eighth damage, Spawned-attack core flag (correlated)",spawned-attack core; initial actor phase; special chip route,0,0,0,2444319156,,False,,False,,False,,False,,,False,,False,743,743,last_hit_single,True,743,743,0,0,hp_delta,False,False,1,0,743,0,hit,"[""HP -743"",""last-hit/action transition""]",33538,32795,32795,44000,4187,4485,4485,298,298,25847,26190,26190,28494,28751,28751,0,0,0,1.0,1.0,1.0,1.0,False,0,0,0,257,20,20,0x0014 Action 20,hitstun,hitstun,hitstun,hitstun,12,0,0,0,0,0.5098682641983032,0.42706090211868286,0.42706090211868286,0.38964247703552246,0.8010797500610352,0.8010797500610352,0.38964247703552246,0.8010797500610352,0.8010797500610352,-0.08280736207962036,0.4114372730255127,-0.08280736207962036,0.4114372730255127,0.041971057653427124,-68.42688655853271,0.041971057653427124,-68.42688655853271,0.0,68.44323885440826,69.23024270751903,0.952711562838404,68.44324212895864,False,False,False,False,False,1,source age 1f; live attack actor
6,native_damage_pipeline_plus_snapshot_contact_correlation_v6,2026-07-29T23:57:16Z,420,332,1,154069,154072,reaction_complete,P2-C1,Ken the Eagle,2457778656,1,257,5B,P1-C1,Ken the Eagle,2454108608,1,move_definition,high,100.0,0,True,READY,,10,"Mid, Medium Hit",10,0,,False,[],[134217730],1,[],64,Standard-strike baseline,standard-strike baseline,0,0,0,0,,False,,False,,False,,False,,,False,,False,1280,1280,last_hit_single,True,1280,1280,0,0,hp_delta,False,False,1,0,1280,0,hit,"[""HP -1280""]",24117,22837,22837,44000,7956,8468,8468,512,512,27772,28494,29209,25403,25847,26932,0,0,0,1.0,1.0,1.0,1.0,False,0,0,0,304,304,257,0x0130 Action 304 > 0x0040 Standing Hitstun > 0x0100 Action 256 > 0x0101 Action 257,hitstun,hitstun,neutral,hitstun > neutral,17,0,0,0,0,0.9465042352676392,1.425857424736023,0.5295871496200562,0.0,0.0,67.77228546142578,0.0,0.0,67.77228546142578,0.4793531894683838,0.0,0.4793531894683838,0.0,-0.07138299942016602,-0.15504777431488037,0.0,67.12904858589172,68.81652903556824,0.0,0.0,0.0,0.0,False,False,False,False,False,4,source age 0f; current move definition; action ID matched; distance 0.17
6,native_damage_pipeline_plus_snapshot_contact_correlation_v6,2026-07-29T23:57:16Z,422,333,1,154072,154072,next_contact,P1-C2,Volnutt,2461448704,18,426,assist attack,P2-C1,Ken the Eagle,2457778656,1,move_definition_latched,medium,82.0,0,True,READY,,12,"Mid, Heavy Hit",12,256,"No guard category, No strength tier, Launch / soft-knockdown route 0x00000100",False,[256],[260],6,"[1,2,3]",16777280,"Standard-strike baseline, Repeat-contact handling",standard-strike baseline; repeat-contact handling,12,16777280,0,0,,False,,False,,False,,False,,,False,,False,1324,1324,last_hit_single,True,1324,1324,0,0,hp_delta,False,False,1,0,1324,0,hit,"[""HP -1324"",""hitstun +5"",""reaction hitstun->knockdown"",""last-hit/action transition""]",32795,31471,31471,44000,4485,5015,5015,530,530,26190,26932,26932,28751,29209,29209,0,0,0,1.0,1.0,1.0,1.0,False,0,0,0,20,91,91,0x005B Soft Knockdown,hitstun,knockdown,knockdown,knockdown,17,0,0,0,0,0.42706090211868286,0.5295871496200562,0.5295871496200562,0.8010797500610352,0.6432368755340576,0.6432368755340576,0.8010797500610352,0.6432368755340576,0.6432368755340576,0.10252624750137329,-0.15784287452697754,0.10252624750137329,-0.15784287452697754,-4.817844986915588,-1.898056983947754,-4.817844986915588,-1.898056983947754,0.0,0.0,0.0,0.0,0.0,True,False,False,False,False,1,source age 0f; current move definition; distance 5.18
6,native_damage_pipeline_plus_snapshot_contact_correlation_v6,2026-07-29T23:57:17Z,423,333,2,154073,154074,next_contact,P1-C2,Volnutt,2461448704,18,426,assist attack,P2-C1,Ken the Eagle,2457778656,1,move_definition_latched,medium,82.0,0,True,READY,,12,"Mid, Heavy Hit",12,256,"No guard category, No strength tier, Launch / soft-knockdown route 0x00000100",False,[256],[260],6,"[1,2,3]",16777280,"Standard-strike baseline, Repeat-contact handling",standard-strike baseline; repeat-contact handling,12,16777280,0,0,,False,,False,,False,,False,,,False,,False,2676,2676,last_hit_single,True,2676,2676,0,0,hp_delta,False,False,1,0,2676,0,hit,"[""HP -2676""]",31471,28795,28795,44000,5015,6086,6086,1071,1071,26932,28365,28365,29209,30137,30137,0,0,0,1.0,1.0,1.0,1.0,False,0,0,0,91,91,97,0x005B Soft Knockdown > 0x0061 Launched,knockdown,knockdown,hitstun,knockdown > hitstun,21,0,0,0,0,0.5295871496200562,1.3286325931549072,0.724739670753479,0.6432368755340576,1.6442322731018066,0.20130443572998047,0.6432368755340576,1.6442322731018066,0.20130443572998047,0.7990454435348511,1.000995397567749,0.7990454435348511,1.000995397567749,-4.754624128341675,0.10979700088500977,-5.411324381828308,0.06702995300292969,0.6567002534866333,2.0078539848327637,1.2470773971900209,1.2808065454180122,2.0088490489251876,True,False,False,False,False,2,source age 0f; current move definition; distance 4.76
6,native_damage_pipeline_plus_snapshot_contact_correlation_v6,2026-07-29T23:57:17Z,424,333,3,154075,154088,victim_changed,P1-C2,Volnutt,2461448704,18,426,assist attack,P2-C1,Ken the Eagle,2457778656,1,move_definition_latched,medium,82.0,0,True,READY,,12,"Mid, Heavy Hit",12,256,"No guard category, No strength tier, Launch / soft-knockdown route 0x00000100",False,[256],[260],6,"[1,2,3]",16777280,"Standard-strike baseline, Repeat-contact handling",standard-strike baseline; repeat-contact handling,12,16777280,0,0,,False,,False,,False,,False,,,False,,False,1314,,ambiguous_coalesced,False,1314,647,667,0,hp_delta,False,True,2,0,1314,0,hit,"[""HP -1314""]",28795,27481,27481,44000,6086,6612,6612,526,526,28365,29035,30633,30137,30590,32917,0,0,0,1.0,1.0,1.0,1.0,False,0,0,0,97,97,305,0x0061 Launched > 0x005B Soft Knockdown > 0x0142 Action 322 > 0x0102 Action 258 > 0x0133 Action 307 > 0x0003 Action 3 > 0x0131 Action 305,hitstun,hitstun,hitstun,hitstun > knockdown > hitstun,12,0,0,0,0,0.724739670753479,0.5751669406890869,3.363750457763672,0.20130443572998047,0.6364841461181641,0.10782754421234131,0.20130443572998047,0.6364841461181641,0.10782754421234131,-0.1495727300643921,0.4351797103881836,-0.1495727300643921,0.4351797103881836,-5.699961423873901,-0.4609527587890625,0.0,0.0,7.699030548334122,2.0078539848327637,1.7243428374266176,2.539085837500968,3.113121610611022,True,False,False,False,False,14,source age 0f; current move definition; distance 5.72
6,native_damage_pipeline_plus_snapshot_contact_correlation_v6,2026-07-29T23:57:20Z,425,334,1,154084,154088,victim_changed,P2-C1,Ken the Eagle,2457778656,1,307,Bird Shoot A,P1-C1,Ken the Eagle,2454108608,1,move_definition,medium,76.0,0,True,READY,,12,"Mid, Heavy Hit",12,256,"No guard category, No strength tier, Launch / soft-knockdown route 0x00000100",False,[256],[260],1,[],262208,"Standard-strike baseline, Special chip route B, one-eighth damage",standard-strike baseline; special chip route,0,0,0,0,,False,,False,,False,,False,,,False,,False,2922,2922,last_hit_single,True,2922,2922,0,0,hp_delta,False,False,1,0,2922,0,hit,"[""HP -2922"",""hitstun +12"",""reaction neutral->hitstun""]",22837,19915,19915,44000,8468,9637,9637,1169,1169,31305,32657,32917,29425,30438,30633,0,0,0,1.0,1.0,1.0,1.0,False,0,0,0,21,21,416,0x0015 Action 21 > 0x005B Soft Knockdown > 0x00A0 Air Recovery > 0x0003 Action 3 > 0x01A0 Action 416,neutral,hitstun,hitstun,hitstun > knockdown > air_recovery > hitstun,12,0,0,0,0,0.4679785668849945,0.49907004833221436,4.943621635437012,54.29412078857422,89.4268798828125,0.0,54.29412078857422,89.4268798828125,0.0,0.03109148144721985,35.13275909423828,0.03109148144721985,35.13275909423828,-0.49486637115478516,87.50877165794373,1.5798711776733398,-0.10782754421234131,87.61659920215607,0.0,0.0,0.0,0.0,True,False,True,False,False,5,source age 0f; current move definition; action ID matched
