timestamp_utc,start_frame,end_frame,duration_frames,slot,team,fighter_base,char_id,character_name,sequence_kind,start_action_id,start_action_name,end_action_id,end_action_name,action_path,phase_path,max_combo_count,max_blockstun,max_hitstun,max_reaction_timer,max_timer_1218,max_timer_121c,hitstun_decrement_frames,hitstun_hold_frames,entered_knockdown,entered_wakeup,entered_air_recovery,knockdown_start_offset,wakeup_start_offset,air_recovery_start_offset,recovery_offset,reaction_family_path,reaction_stack_path,reaction_mode_path,f062_path,f063_path,f064_path,f072_path,notes
2026-07-26T02:32:43Z,0,101,101,P2-C1,P2,0x927EB9E0,12,Ryu,hit,1,Action 1,1,Action 1,1 Action 1 > 64 Standing Hitstun > 66 Low Hitstun > 1 Action 1,hitstun > neutral,0,0,21,11,0,0,1,96,False,False,False,,,,101,0x00000000,30 > 15 > 7 > 40 > 33 > 22 > 17 > 12 > 8 > 4 > 1 > 37 > 33 > 30 > 26 > 22 > 18 > 14 > 10 > 6 > 2 > 37 > 33 > 25 > 21 > 15 > 10 > 5 > 40 > 35 > 31 > 26 > 21 > 17 > 12 > 8 > 3 > 38 > 32 > 26 > 13 > 4 > 34 > 28 > 23 > 18 > 12 > 3 > 35 > 26 > 17 > 9 > 2 > 34 > 25 > 16 > 9 > 2 > 37 > 30 > 22 > 14 > 2 > 36 > 23 > 22 > 8 > 2 > 34 > 27 > 19 > 11 > 5 > 38 > 30 > 23 > 15 > 9 > 1 > 25 > 21 > 16 > 12 > 8 > 3 > 39 > 34 > 30 > 25 > 21 > 17 > 12 > 7 > 1 > 30 > 20 > 2 > 0 > 32 > 27 > 23,0,160 > 168 > 160 > 168 > 8 > 168,1 > 0 > 1,0 > 4 > 0,0,+0x1228 secondary reaction timer observed; +0x1210 held instead of decrementing on one or more sampled frames
2026-07-26T02:32:45Z,107,114,7,P2-C1,P2,0x927EB9E0,12,Ryu,block,48,Block,1,Action 1,48 Block > 1 Action 1 > 48 Block > 1 Action 1,blockstun > neutral,0,15,0,0,0,0,0,0,False,False,False,,,,7,0x00000000,39 > 0 > 29 > 0 > 37 > 29 > 24 > 20,0,8 > 0 > 8 > 168 > 160,0 > 16 > 1 > 0 > 1,0,0,
2026-07-26T02:32:47Z,119,126,7,P2-C1,P2,0x927EB9E0,12,Ryu,hit,1,Action 1,1,Action 1,1 Action 1 > 64 Standing Hitstun > 66 Low Hitstun > 1 Action 1,hitstun > neutral,0,0,16,15,0,0,0,0,False,False,False,,,,7,0x00000000,27 > 0 > 23 > 16 > 11,0,168 > 8 > 160,1 > 0 > 1,0 > 4 > 0,0,+0x1228 secondary reaction timer observed
2026-07-26T02:32:50Z,131,149,18,P2-C1,P2,0x927EB9E0,12,Ryu,block,48,Block,1,Action 1,48 Block > 1 Action 1,blockstun > neutral,0,15,0,0,0,0,0,0,False,False,False,,,,18,0x00000000,0 > 37 > 29 > 39 > 31 > 27,0,8 > 128 > 160,0 > 1,0,0,
2026-07-26T02:33:03Z,293,298,5,P2-C1,P2,0x927EB9E0,12,Ryu,block,48,Block,1,Action 1,48 Block > 1 Action 1,blockstun > neutral,0,9,0,0,0,0,0,0,False,False,False,,,,5,0x00000000,0 > 35 > 34 > 19 > 16,0,40 > 8 > 168 > 160,1 > 0 > 1,0,0,
2026-07-26T02:33:10Z,382,387,5,P2-C1,P2,0x927EB9E0,12,Ryu,hit,64,Standing Hitstun,1,Action 1,64 Standing Hitstun > 1 Action 1,hitstun > neutral,0,0,12,11,0,0,0,0,False,False,False,,,,5,0x00000000,0 > 38 > 34 > 27,0,40 > 8 > 168 > 160,1 > 0 > 1,4 > 0,0,+0x1228 secondary reaction timer observed
2026-07-26T02:34:41Z,1242,1246,4,P1-C2,P1,0x92B6BA00,21,Soki,hit,161,Hard Knockdown,316,Action 316,161 Hard Knockdown > 9 Action 9 > 316 Action 316,knockdown > neutral,0,0,0,0,0,0,0,0,True,False,False,0,,,4,0x00000000,33 > 20 > 0 > 34 > 30,0,0 > 32 > 0,192 > 1 > 0 > 6,0,0,
2026-07-26T02:35:56Z,389,1957,1568,P2-C1,P2,0x927EB9E0,12,Ryu,hit,64,Standing Hitstun,1,Action 1,64 Standing Hitstun > 97 Launched > 160 Air Recovery > 30 Action 30 > 1 Action 1 > 64 Standing Hitstun > 97 Launched > 91 Soft Knockdown > 160 Air Recovery > 30 Action 30 > 1 Action 1 > 64 Standing Hitstun > 97 Launched > 91 Soft Knockdown > 4615 Action 4615 > 104 Knockdown Face Down > 119 Get Up Face Down > 1 Action 1 > 64 Standing Hitstun > 97 Launched > 91 Soft Knockdown > 4615 Action 4615 > 104 Knockdown Face Down > 119 Get Up Face Down > 1 Action 1 > 64 Standing Hitstun > 97 Launched > 91 Soft Knockdown > 160 Air Recovery > 4615 Action 4615 > 104 Knockdown Face Down > 119 Get Up Face Down > 1 Action 1 > 64 Standing Hitstun > 97 Launched > 91 Soft Knockdown > 4615 Action 4615 > 119 Get Up Face Down > 1 Action 1 > 64 Standing Hitstun > 97 Launched > 91 Soft Knockdown > 4615 Action 4615 > 119 Get Up Face Down > 1 Action 1 > 20 Action 20 > 30 Action 30 > 19 Action 19 > 20 Action 20 > 91 Soft Knockdown > 160 Air Recovery > 4615 Action 4615 > 119 Get Up Face Down > 19 Action 19 > 20 Action 20 > 30 Action 30 > 19 Action 19 > 20 Action 20 > 91 Soft Knockdown > 160 Air Recovery > 4615 Action 4615 > 104 Knockdown Face Down > 119 Get Up Face Down > 20 Action 20 > 30 Action 30 > 20 Action 20 > 1 Action 1 > 20 Action 20 > 1 Action 1 > 20 Action 20 > 19 Action 19 > 20 Action 20 > 30 Action 30 > 1 Action 1 > 20 Action 20 > 30 Action 30 > 19 Action 19 > 20 Action 20 > 30 Action 30 > 19 Action 19 > 20 Action 20 > 30 Action 30 > 19 Action 19 > 20 Action 20 > 30 Action 30 > 19 Action 19 > 20 Action 20 > 30 Action 30 > 20 Action 20 > 30 Action 30 > 20 Action 20 > 30 Action 30 > 19 Action 19 > 20 Action 20 > 30 Action 30 > 19 Action 19 > 20 Action 20 > 30 Action 30 > 20 Action 20 > 30 Action 30 > 1 Action 1 > 20 Action 20 > 30 Action 30 > 1 Action 1 > 20 Action 20 > 30 Action 30 > 19 Action 19 > 20 Action 20 > 30 Action 30 > 20 Action 20 > 1 Action 1 > 20 Action 20 > 30 Action 30 > 19 Action 19 > 20 Action 20 > 30 Action 30 > 20 Action 20 > 30 Action 30 > 20 Action 20 > 30 Action 30 > 19 Action 19 > 20 Action 20 > 30 Action 30 > 19 Action 19 > 20 Action 20 > 1 Action 1 > 20 Action 20 > 30 Action 30 > 1 Action 1 > 20 Action 20 > 30 Action 30 > 1 Action 1 > 20 Action 20 > 30 Action 30 > 1 Action 1 > 20 Action 20 > 1 Action 1 > 20 Action 20 > 30 Action 30 > 19 Action 19 > 20 Action 20 > 30 Action 30 > 1 Action 1 > 20 Action 20 > 30 Action 30 > 19 Action 19 > 20 Action 20 > 30 Action 30 > 1 Action 1 > 20 Action 20 > 30 Action 30 > 1 Action 1 > 20 Action 20 > 30 Action 30 > 19 Action 19 > 20 Action 20 > 30 Action 30 > 20 Action 20 > 30 Action 30 > 20 Action 20 > 30 Action 30 > 20 Action 20 > 30 Action 30 > 19 Action 19 > 20 Action 20 > 30 Action 30 > 19 Action 19 > 20 Action 20 > 30 Action 30 > 20 Action 20 > 30 Action 30 > 19 Action 19 > 20 Action 20 > 30 Action 30 > 19 Action 19 > 20 Action 20 > 89 Spiral Knockdown > 102 Knockdown Face Up > 113 Get Up Face Up > 20 Action 20 > 30 Action 30 > 1 Action 1 > 64 Standing Hitstun > 97 Launched > 91 Soft Knockdown > 160 Air Recovery > 30 Action 30 > 1 Action 1 > 64 Standing Hitstun > 66 Low Hitstun > 64 Standing Hitstun > 97 Launched > 91 Soft Knockdown > 95 Forced Roll > 105 OTG Face Up > 113 Get Up Face Up > 1 Action 1 > 4565 Action 4565 > 113 Get Up Face Up > 32 Action 32 > 1 Action 1 > 4565 Action 4565 > 105 OTG Face Up > 113 Get Up Face Up > 32 Action 32 > 1 Action 1 > 64 Standing Hitstun > 88 Camera Spiral > 102 Knockdown Face Up > 113 Get Up Face Up > 1 Action 1 > 64 Standing Hitstun > 66 Low Hitstun > 64 Standing Hitstun > 80 Hard Knockdown > 73 Knockdown Face Up > 113 Get Up Face Up > 1 Action 1 > 64 Standing Hitstun > 66 Low Hitstun > 64 Standing Hitstun > 80 Hard Knockdown > 73 Knockdown Face Up > 103 Wakeup Transition > 113 Get Up Face Up > 1 Action 1 > 64 Standing Hitstun > 1 Action 1 > 64 Standing Hitstun > 66 Low Hitstun > 64 Standing Hitstun > 80 Hard Knockdown > 73 Knockdown Face Up > 113 Get Up Face Up > 1 Action 1 > 4565 Action 4565 > 113 Get Up Face Up > 1 Action 1 > 64 Standing Hitstun > 66 Low Hitstun > 64 Standing Hitstun > 1 Action 1,hitstun > air_recovery > hitstun > knockdown > air_recovery > hitstun > knockdown > hitstun > knockdown > wakeup > hitstun > knockdown > hitstun > knockdown > wakeup > hitstun > knockdown > air_recovery > hitstun > knockdown > wakeup > hitstun > knockdown > hitstun > wakeup > hitstun > knockdown > hitstun > wakeup > hitstun > knockdown > air_recovery > hitstun > wakeup > hitstun > knockdown > air_recovery > hitstun > knockdown > wakeup > hitstun > knockdown > wakeup > hitstun > knockdown > air_recovery > hitstun > knockdown > wakeup > hitstun > wakeup > hitstun > knockdown > wakeup > hitstun > knockdown > wakeup > hitstun > knockdown > wakeup > hitstun > knockdown > wakeup > hitstun > neutral > hitstun > knockdown > wakeup > hitstun > wakeup > hitstun > neutral,0,0,25,25,255488,6,3,1449,True,True,True,18,71,9,1568,0x00000000,0 > 37 > 40 > 0 > 37 > 38 > 32 > 24 > 17 > 11 > 7 > 3 > 39 > 35 > 29 > 21 > 13 > 6 > 39 > 35 > 0 > 32 > 40 > 32 > 28 > 24 > 20 > 16 > 12 > 8 > 4 > 1 > 37 > 33 > 29 > 25 > 21 > 17 > 0 > 39 > 29 > 38 > 32 > 28 > 25 > 21 > 17 > 13 > 8 > 4 > 40 > 35 > 31 > 28 > 24 > 20 > 14 > 0 > 32 > 0 > 36 > 32 > 28 > 0 > 40 > 39 > 28 > 24 > 40 > 36 > 32 > 27 > 0 > 40 > 27 > 39 > 35 > 31 > 27 > 23 > 19 > 12 > 4 > 40 > 36 > 32 > 28 > 24 > 20 > 15 > 3 > 35 > 26 > 14 > 10 > 4 > 34 > 35 > 27 > 21 > 18 > 13 > 4 > 38 > 40 > 38 > 34 > 30 > 26 > 0 > 38 > 29 > 40 > 36 > 32 > 28 > 24 > 20 > 16 > 12 > 8 > 4 > 39 > 40 > 38 > 34 > 29 > 25 > 0 > 40 > 36 > 25 > 22 > 0 > 31 > 24 > 22 > 9 > 0 > 39 > 33 > 26 > 10 > 0 > 32 > 20 > 40 > 22 > 11 > 5 > 0 > 34 > 24 > 8 > 40 > 27 > 18 > 12 > 0 > 39 > 34 > 29 > 24 > 19 > 15 > 11 > 6 > 40 > 0 > 39 > 35 > 31 > 27 > 23 > 19 > 14 > 10 > 5 > 39 > 40 > 37 > 33 > 28 > 24 > 20 > 16 > 12 > 8 > 4 > 39 > 40 > 38 > 34 > 29 > 25 > 20 > 16 > 12 > 8 > 4 > 39 > 40 > 37 > 33 > 28 > 24 > 20 > 15 > 11 > 7 > 0 > 40 > 36 > 30 > 25 > 21 > 16 > 12 > 7 > 3 > 0 > 39 > 34 > 29 > 24 > 18 > 14 > 10 > 5 > 40 > 38 > 33 > 27 > 23 > 18 > 14 > 10 > 5 > 40 > 0 > 38 > 33 > 29 > 24 > 20 > 16 > 11 > 7 > 3 > 38 > 40 > 36 > 31 > 27 > 23 > 19 > 14 > 10 > 6 > 40 > 0 > 39 > 35 > 31 > 27 > 22 > 17 > 13 > 9 > 5 > 0 > 40 > 36 > 30 > 25 > 21 > 17 > 13 > 8 > 4 > 39 > 40 > 37 > 32 > 28 > 24 > 20 > 16 > 12 > 7 > 3 > 38 > 0 > 37 > 33 > 28 > 24 > 17 > 11 > 6 > 0 > 40 > 36 > 32 > 28 > 24 > 20 > 16 > 12 > 8 > 3 > 38 > 0 > 38 > 33 > 29 > 25 > 20 > 16 > 12 > 7 > 3 > 0 > 40 > 37 > 33 > 29 > 25 > 20 > 16 > 11 > 7 > 3 > 0 > 40 > 35 > 30 > 26 > 22 > 17 > 13 > 9 > 5 > 40 > 0 > 38 > 34 > 29 > 26 > 22 > 18 > 14 > 10 > 6 > 40 > 38 > 33 > 30 > 25 > 21 > 17 > 13 > 9 > 5 > 0 > 39 > 34 > 30 > 25 > 20 > 15 > 10 > 6 > 0 > 39 > 35 > 31 > 26 > 22 > 18 > 14 > 10 > 6 > 0 > 39 > 36 > 31 > 27 > 23 > 19 > 14 > 10 > 6 > 0 > 39 > 35 > 31 > 27 > 23 > 19 > 15 > 11 > 7 > 0 > 39 > 35 > 30 > 26 > 22 > 18 > 14 > 10 > 5 > 40 > 0 > 39 > 35 > 31 > 27 > 23 > 19 > 15 > 10 > 6 > 0 > 40 > 36 > 32 > 28 > 24 > 20 > 16 > 12 > 8 > 4 > 39 > 40 > 38 > 33 > 29 > 25 > 20 > 16 > 12 > 6 > 0 > 40 > 36 > 31 > 27 > 23 > 18 > 14 > 10 > 6 > 0 > 39 > 34 > 30 > 26 > 22 > 18 > 14 > 10 > 6 > 40 > 0 > 39 > 35 > 31 > 27 > 23 > 19 > 15 > 11 > 7 > 0 > 40 > 35 > 32 > 27 > 24 > 19 > 15 > 11 > 7 > 3 > 38 > 0 > 36 > 32 > 28 > 24 > 20 > 16 > 12 > 8 > 4 > 38 > 40 > 36 > 32 > 28 > 24 > 19 > 15 > 10 > 6 > 40 > 37 > 33 > 29 > 25 > 21 > 17 > 13 > 8 > 4 > 39 > 40 > 38 > 34 > 30 > 27 > 23 > 18 > 14 > 9 > 4 > 39 > 0 > 36 > 31 > 25 > 19 > 11 > 6 > 40 > 0 > 38 > 33 > 29 > 24 > 20 > 14 > 9 > 4 > 39 > 0 > 37 > 32 > 27 > 22 > 18 > 13 > 7 > 0 > 39 > 34 > 28 > 23 > 35 > 26 > 16 > 5 > 38 > 36 > 31 > 26 > 21 > 7 > 40 > 29 > 20 > 10 > 40 > 35 > 31 > 26 > 21 > 15 > 10 > 5 > 0 > 40 > 28 > 22 > 17 > 12 > 0 > 38 > 33 > 28 > 37 > 19 > 8 > 33 > 24 > 20 > 7 > 37 > 28 > 20 > 14 > 32 > 22 > 13 > 5 > 33 > 27 > 23 > 18 > 13 > 8 > 1 > 29 > 0 > 36 > 24 > 0 > 28 > 16 > 7 > 2 > 38 > 33 > 29 > 23 > 13 > 0 > 37 > 32 > 27 > 37 > 31 > 26 > 15 > 5 > 30 > 14 > 4 > 34 > 20 > 8 > 40 > 35 > 30 > 26 > 21 > 17 > 12 > 8 > 3 > 37 > 32 > 27 > 23 > 18 > 13 > 9 > 4 > 40 > 35 > 30 > 26 > 0 > 35 > 30 > 25 > 40 > 36 > 31 > 26 > 21 > 11 > 1 > 36 > 31 > 27 > 22 > 11 > 1 > 30 > 21 > 12 > 4 > 39 > 34 > 29 > 25 > 20 > 12 > 1 > 29 > 20 > 11 > 38 > 27 > 0 > 31 > 22 > 31 > 26 > 21 > 0 > 40 > 30 > 22 > 33 > 27 > 23 > 18 > 14 > 10 > 5 > 40 > 36 > 30 > 25 > 20 > 15 > 7 > 37 > 26 > 17 > 9 > 4 > 40 > 35 > 29 > 25 > 20 > 14 > 9 > 38 > 28 > 18 > 5 > 39 > 34 > 29 > 24 > 20 > 16 > 10 > 3 > 37 > 33 > 28 > 23 > 18 > 14 > 9 > 4 > 39 > 34 > 29 > 24 > 19 > 14 > 9 > 3 > 38 > 33 > 28 > 23 > 18 > 14 > 10 > 5 > 1 > 37 > 33 > 29 > 25 > 21 > 16 > 12 > 8 > 4 > 40 > 36 > 32 > 28 > 24 > 19 > 15 > 11 > 6 > 2 > 38 > 34 > 30 > 26 > 22 > 17 > 13 > 9 > 5 > 1 > 37 > 33 > 29 > 25 > 21 > 16 > 11 > 7 > 3 > 39 > 35 > 31 > 27 > 23 > 19 > 15 > 11 > 7 > 3 > 39 > 35 > 32 > 28 > 24 > 20 > 15 > 11 > 7 > 3 > 39 > 34 > 30 > 26 > 22 > 18 > 14 > 10 > 6 > 2 > 38 > 34 > 30 > 25 > 19 > 14 > 9 > 5 > 40 > 35 > 30 > 26 > 21 > 17 > 13 > 8 > 3 > 39 > 35 > 31 > 26 > 22 > 17 > 13 > 9 > 5 > 1 > 37 > 33 > 29 > 25 > 21 > 17 > 13 > 8 > 4 > 40 > 36 > 32 > 28 > 23 > 19 > 15 > 10 > 6 > 2 > 38 > 34 > 30 > 25 > 21 > 17 > 13 > 9 > 4 > 1 > 36 > 32 > 28 > 24 > 20 > 16 > 12 > 7 > 3 > 39 > 35 > 31 > 27 > 22 > 16 > 7 > 1 > 37 > 32 > 28 > 23 > 19 > 15 > 11 > 7 > 3 > 39 > 35 > 31 > 27 > 23 > 19 > 15 > 11 > 7 > 3 > 39 > 34 > 30 > 26 > 21 > 17 > 13 > 9 > 5 > 1 > 37 > 33 > 29 > 25 > 21 > 17 > 13 > 10 > 6 > 2 > 38 > 34 > 30 > 25 > 21 > 17 > 13 > 9 > 5 > 1 > 37 > 33 > 29 > 25 > 21 > 17 > 13 > 9 > 5 > 1 > 37 > 32 > 28 > 24 > 20 > 16 > 11 > 7 > 3 > 39 > 35 > 31 > 28 > 23 > 20 > 16 > 12 > 8 > 3 > 39 > 35 > 31 > 27 > 23 > 19 > 15 > 11 > 7 > 3 > 39 > 35 > 31 > 27 > 23 > 19 > 15 > 11 > 7 > 3 > 37 > 33 > 28 > 24 > 20 > 16 > 12 > 8 > 3 > 39 > 35 > 30 > 26 > 22 > 17 > 13 > 9 > 4 > 40 > 35 > 31 > 27 > 23 > 18 > 14 > 10 > 6 > 1 > 37 > 33 > 29 > 25 > 20 > 15 > 11 > 6 > 2 > 38 > 33 > 29 > 25 > 20 > 16 > 12 > 7 > 3 > 39 > 35 > 31 > 26 > 22 > 18 > 13 > 8 > 4 > 39 > 35 > 31 > 27 > 23 > 18 > 13 > 9 > 3 > 35 > 29 > 24 > 20 > 15 > 10 > 5 > 40 > 35 > 30 > 25 > 21 > 16 > 0 > 31 > 17 > 0 > 34 > 24 > 36 > 29 > 24 > 19 > 13 > 6 > 35 > 27 > 22 > 18 > 4 > 33 > 24 > 16 > 9 > 37 > 30 > 21 > 9 > 32 > 18 > 8 > 3 > 37 > 31 > 26 > 21 > 15 > 10 > 5 > 40 > 36 > 31 > 26 > 21 > 16 > 11 > 6 > 1 > 36 > 31 > 26 > 21 > 16 > 12 > 7 > 3 > 38 > 34 > 29 > 24 > 0 > 31 > 38 > 34 > 29 > 24 > 19 > 14 > 9 > 5 > 40 > 35 > 30 > 26 > 21 > 8 > 39 > 30 > 21 > 15 > 10 > 5 > 40 > 0 > 25 > 40 > 18,0,8 > 0 > 32 > 0 > 8 > 32 > 160 > 168 > 8 > 24 > 8 > 64 > 0 > 160 > 168 > 8 > 0 > 8 > 24 > 8 > 0 > 64 > 0 > 160 > 168 > 8 > 0 > 8 > 0 > 8 > 24 > 8 > 0 > 64 > 0 > 160 > 168 > 40 > 8 > 0 > 8 > 0 > 8 > 24 > 8 > 0 > 160 > 168 > 8 > 0 > 8 > 0 > 8 > 24 > 8 > 0 > 168 > 160 > 168 > 160 > 168 > 40 > 32 > 160 > 32 > 40 > 8 > 0 > 8 > 24 > 8 > 0 > 160 > 32 > 160 > 32 > 40 > 0 > 8 > 0 > 8 > 24 > 8 > 64 > 0 > 32 > 160 > 32 > 160 > 32 > 160 > 32 > 160 > 32 > 160 > 32 > 160 > 32 > 160 > 32 > 160 > 32 > 160 > 32 > 160 > 32 > 160 > 32 > 160 > 32 > 160 > 32 > 160 > 32 > 160 > 32 > 160 > 32 > 160 > 32 > 160 > 32 > 160 > 32 > 160 > 32 > 160 > 32 > 160 > 32 > 160 > 32 > 160 > 32 > 160 > 32 > 160 > 32 > 160 > 32 > 160 > 32 > 160 > 32 > 160 > 32 > 160 > 32 > 160 > 32 > 40 > 8 > 0 > 32 > 40 > 168 > 160 > 168 > 8 > 0 > 8 > 32 > 160 > 168 > 8 > 0 > 8 > 0 > 8 > 168 > 160 > 168 > 160 > 0 > 16 > 0 > 8 > 40 > 168 > 160 > 0 > 8 > 32 > 160 > 168 > 160 > 168 > 0 > 8 > 24 > 8 > 0 > 8 > 136 > 168 > 160 > 168 > 160 > 168 > 160 > 168 > 160 > 168 > 0 > 8 > 0 > 160 > 168 > 40 > 8 > 0 > 8 > 0 > 160 > 168 > 8 > 168 > 160 > 168 > 8 > 0 > 168 > 160 > 168 > 160 > 168 > 160 > 0 > 160 > 168 > 0 > 8 > 168 > 160,0 > 64 > 192 > 193 > 1 > 0 > 64 > 192 > 193 > 1 > 0 > 64 > 192 > 64 > 0 > 1 > 0 > 64 > 192 > 64 > 0 > 1 > 0 > 64 > 192 > 193 > 64 > 0 > 1 > 0 > 64 > 0 > 1 > 0 > 192 > 64 > 0 > 1 > 65 > 193 > 1 > 65 > 64 > 192 > 64 > 192 > 193 > 64 > 0 > 1 > 65 > 193 > 1 > 65 > 64 > 192 > 64 > 192 > 193 > 64 > 0 > 65 > 193 > 1 > 65 > 193 > 1 > 65 > 1 > 65 > 193 > 1 > 65 > 193 > 1 > 65 > 193 > 1 > 65 > 193 > 1 > 65 > 193 > 1 > 65 > 193 > 1 > 65 > 193 > 1 > 65 > 193 > 1 > 65 > 193 > 1 > 65 > 193 > 1 > 65 > 193 > 1 > 65 > 193 > 1 > 65 > 193 > 1 > 65 > 193 > 1 > 65 > 193 > 1 > 65 > 193 > 1 > 65 > 193 > 1 > 65 > 193 > 1 > 65 > 193 > 1 > 65 > 193 > 1 > 65 > 193 > 1 > 65 > 193 > 1 > 65 > 193 > 1 > 65 > 193 > 1 > 65 > 193 > 1 > 65 > 193 > 1 > 65 > 193 > 1 > 65 > 193 > 1 > 65 > 193 > 1 > 65 > 193 > 1 > 65 > 193 > 1 > 65 > 193 > 1 > 65 > 193 > 1 > 65 > 193 > 1 > 65 > 193 > 1 > 65 > 193 > 1 > 65 > 193 > 1 > 65 > 193 > 1 > 65 > 193 > 1 > 65 > 193 > 1 > 65 > 193 > 1 > 65 > 193 > 64 > 192 > 0 > 65 > 193 > 1 > 0 > 64 > 193 > 1 > 0 > 64 > 192 > 0 > 1 > 0 > 1 > 0 > 1 > 0 > 64 > 192 > 0 > 1 > 0 > 64 > 192 > 0 > 1 > 0 > 64 > 192 > 0 > 1 > 0 > 1 > 0 > 64 > 192 > 0 > 1 > 0 > 1 > 0 > 1,4 > 0 > 128 > 0 > 4 > 0 > 128 > 0 > 4 > 0 > 4 > 0 > 4 > 0 > 4 > 0 > 4 > 0 > 4 > 0 > 4 > 0 > 4 > 0 > 4 > 0 > 4 > 0 > 16 > 0 > 4 > 16 > 0 > 4 > 16 > 0 > 4 > 16 > 0 > 4 > 16 > 0 > 16 > 0 > 16 > 0 > 16 > 4 > 16 > 0 > 16 > 0 > 4 > 16 > 0 > 4 > 16 > 0 > 4 > 16 > 0 > 4 > 16 > 0 > 16 > 0 > 16 > 0 > 4 > 16 > 0 > 4 > 16 > 0 > 16 > 0 > 16 > 0 > 16 > 0 > 4 > 16 > 0 > 16 > 0 > 16 > 0 > 4 > 16 > 0 > 16 > 0 > 16 > 0 > 4 > 16 > 0 > 4 > 16 > 0 > 16 > 0 > 16 > 0 > 16 > 0 > 16 > 0 > 16 > 0 > 4 > 16 > 0 > 16 > 0 > 4 > 16 > 0 > 16 > 0 > 16 > 0 > 4 > 16 > 0 > 16 > 0 > 16 > 0 > 16 > 0 > 4 > 16 > 0 > 4 > 16 > 0 > 16 > 0 > 4 > 16 > 0 > 4 > 16 > 0 > 4 > 16 > 0 > 4 > 0 > 128 > 0 > 4 > 0 > 4 > 0 > 4 > 0 > 4 > 0 > 4 > 0 > 4 > 0 > 4 > 0 > 4 > 0 > 4 > 0 > 4 > 0 > 4 > 0 > 4 > 0 > 4 > 0 > 4 > 0 > 4 > 0,0,+0x1228 secondary reaction timer observed; +0x1210 held instead of decrementing on one or more sampled frames
2026-07-26T02:36:15Z,2069,2074,5,P1-C2,P1,0x92B6BA00,21,Soki,hit,161,Hard Knockdown,1,Action 1,161 Hard Knockdown > 1 Action 1,knockdown > neutral,0,0,0,0,0,0,0,0,True,False,False,0,,,5,0x00000000,0 > 30 > 11 > 30 > 18 > 5,0,0 > 160,194 > 192 > 1,0,64 > 0,
2026-07-26T02:47:47Z,0,191,191,P2-C1,P2,0x927EB9E0,12,Ryu,hit,1,Action 1,1,Action 1,1 Action 1 > 64 Standing Hitstun > 66 Low Hitstun > 64 Standing Hitstun > 80 Hard Knockdown > 73 Knockdown Face Up > 113 Get Up Face Up > 1 Action 1 > 64 Standing Hitstun > 66 Low Hitstun > 64 Standing Hitstun > 80 Hard Knockdown > 91 Soft Knockdown > 97 Launched > 91 Soft Knockdown > 88 Camera Spiral > 102 Knockdown Face Up > 113 Get Up Face Up > 1 Action 1 > 64 Standing Hitstun > 1 Action 1,hitstun > knockdown > wakeup > hitstun > knockdown > hitstun > knockdown > hitstun > knockdown > wakeup > hitstun > neutral,0,0,25,25,255488,4,2,153,True,True,False,72,82,,191,0x00000000,12 > 28 > 14 > 1 > 32 > 26 > 20 > 16 > 10 > 3 > 37 > 26 > 21 > 16 > 11 > 6 > 2 > 37 > 32 > 27 > 21 > 16 > 12 > 8 > 4 > 1 > 37 > 33 > 29 > 25 > 21 > 17 > 13 > 10 > 6 > 2 > 39 > 35 > 31 > 27 > 23 > 19 > 14 > 10 > 6 > 1 > 37 > 33 > 29 > 19 > 12 > 5 > 38 > 31 > 26 > 21 > 16 > 11 > 6 > 0 > 36 > 32 > 28 > 24 > 40 > 36 > 33 > 29 > 26 > 22 > 18 > 14 > 10 > 6 > 3 > 39 > 35 > 31 > 0 > 37 > 28 > 40 > 32 > 26 > 22 > 17 > 12 > 8 > 4 > 40 > 35 > 29 > 25 > 20 > 11 > 4 > 37 > 30 > 22 > 17 > 13 > 7 > 37 > 29 > 21 > 15 > 9 > 4 > 0 > 38 > 25 > 15,0,160 > 168 > 40 > 8 > 0 > 160 > 168 > 0 > 8 > 0 > 8 > 0 > 8 > 0 > 8 > 24 > 8 > 0 > 128 > 160 > 168 > 8 > 136 > 168,1 > 0 > 64 > 192 > 0 > 1 > 0 > 64 > 192 > 64 > 192 > 64 > 192 > 64 > 192 > 64 > 192 > 64 > 192 > 64 > 192 > 64 > 192 > 0 > 1 > 0 > 1,0 > 4 > 0 > 4 > 0 > 4 > 0 > 4 > 0 > 4 > 0,0,+0x1228 secondary reaction timer observed; +0x1210 held instead of decrementing on one or more sampled frames
2026-07-26T02:55:31Z,0,138,138,P2-C1,P2,0x927EB9E0,12,Ryu,hit,1,Action 1,1,Action 1,1 Action 1 > 64 Standing Hitstun > 66 Low Hitstun > 64 Standing Hitstun > 80 Hard Knockdown > 73 Knockdown Face Up > 113 Get Up Face Up > 1 Action 1 > 64 Standing Hitstun > 66 Low Hitstun > 64 Standing Hitstun > 1 Action 1,hitstun > knockdown > wakeup > hitstun > neutral,0,0,25,24,255232,4,1,108,True,True,False,86,100,,138,0x00000000,3 > 29 > 20 > 11 > 4 > 39 > 35 > 31 > 27 > 24 > 20 > 16 > 12 > 8 > 4 > 1 > 37 > 33 > 29 > 24 > 19 > 15 > 10 > 6 > 2 > 38 > 30 > 26 > 22 > 18 > 14 > 11 > 7 > 3 > 39 > 35 > 32 > 28 > 24 > 20 > 14 > 9 > 4 > 38 > 32 > 27 > 23 > 18 > 14 > 10 > 6 > 2 > 38 > 34 > 30 > 26 > 22 > 18 > 14 > 11 > 7 > 3 > 39 > 35 > 31 > 27 > 23 > 20 > 16 > 0 > 39 > 34 > 28 > 23 > 38 > 33 > 27 > 22 > 19 > 15 > 12 > 8 > 5 > 1 > 37 > 34 > 30 > 26 > 22 > 18 > 0 > 36 > 30 > 24,0,160 > 168 > 0 > 8 > 0 > 160 > 168 > 8 > 0 > 8 > 168,1 > 0 > 64 > 192 > 0 > 1 > 0 > 1,0 > 4 > 0 > 4 > 0 > 4 > 0,0,+0x1228 secondary reaction timer observed; +0x1210 held instead of decrementing on one or more sampled frames
2026-07-26T02:58:20Z,142,1590,1448,P2-C1,P2,0x927EB9E0,12,Ryu,hit,64,Standing Hitstun,1,Action 1,64 Standing Hitstun > 66 Low Hitstun > 64 Standing Hitstun > 80 Hard Knockdown > 73 Knockdown Face Up > 113 Get Up Face Up > 1 Action 1 > 89 Spiral Knockdown > 102 Knockdown Face Up > 113 Get Up Face Up > 1 Action 1 > 20 Action 20 > 19 Action 19 > 20 Action 20 > 91 Soft Knockdown > 4615 Action 4615 > 104 Knockdown Face Down > 119 Get Up Face Down > 20 Action 20 > 30 Action 30 > 20 Action 20 > 1 Action 1 > 20 Action 20 > 19 Action 19 > 20 Action 20 > 91 Soft Knockdown > 4615 Action 4615 > 104 Knockdown Face Down > 119 Get Up Face Down > 1 Action 1 > 20 Action 20 > 30 Action 30 > 20 Action 20 > 91 Soft Knockdown > 4615 Action 4615 > 119 Get Up Face Down > 20 Action 20 > 30 Action 30 > 19 Action 19 > 20 Action 20 > 91 Soft Knockdown > 4615 Action 4615 > 119 Get Up Face Down > 20 Action 20 > 91 Soft Knockdown > 4615 Action 4615 > 119 Get Up Face Down > 20 Action 20 > 30 Action 30 > 20 Action 20 > 91 Soft Knockdown > 160 Air Recovery > 4615 Action 4615 > 104 Knockdown Face Down > 119 Get Up Face Down > 20 Action 20 > 30 Action 30 > 20 Action 20 > 1 Action 1 > 20 Action 20 > 30 Action 30 > 20 Action 20 > 30 Action 30 > 20 Action 20 > 30 Action 30 > 19 Action 19 > 20 Action 20 > 30 Action 30 > 20 Action 20 > 30 Action 30 > 19 Action 19 > 20 Action 20 > 1 Action 1 > 4617 Action 4617 > 102 Knockdown Face Up > 103 Wakeup Transition > 113 Get Up Face Up > 1 Action 1 > 66 Low Hitstun > 96 Soft Knockdown > 102 Knockdown Face Up > 113 Get Up Face Up > 1 Action 1 > 66 Low Hitstun > 96 Soft Knockdown > 91 Soft Knockdown > 80 Hard Knockdown > 73 Knockdown Face Up > 113 Get Up Face Up > 1 Action 1 > 32 Action 32 > 1 Action 1 > 66 Low Hitstun > 96 Soft Knockdown > 91 Soft Knockdown > 80 Hard Knockdown > 73 Knockdown Face Up > 105 OTG Face Up > 113 Get Up Face Up > 1 Action 1 > 89 Spiral Knockdown > 102 Knockdown Face Up > 113 Get Up Face Up > 1 Action 1 > 64 Standing Hitstun > 66 Low Hitstun > 64 Standing Hitstun > 80 Hard Knockdown > 73 Knockdown Face Up > 103 Wakeup Transition > 113 Get Up Face Up > 1 Action 1 > 64 Standing Hitstun > 66 Low Hitstun > 64 Standing Hitstun > 80 Hard Knockdown > 73 Knockdown Face Up > 113 Get Up Face Up > 1 Action 1 > 80 Hard Knockdown > 73 Knockdown Face Up > 113 Get Up Face Up > 1 Action 1 > 89 Spiral Knockdown > 102 Knockdown Face Up > 113 Get Up Face Up > 1 Action 1 > 4611 Action 4611 > 119 Get Up Face Down > 1 Action 1 > 97 Launched > 91 Soft Knockdown > 4615 Action 4615 > 119 Get Up Face Down > 1 Action 1 > 20 Action 20 > 19 Action 19 > 20 Action 20 > 91 Soft Knockdown > 4615 Action 4615 > 119 Get Up Face Down > 20 Action 20 > 19 Action 19 > 20 Action 20 > 30 Action 30 > 1 Action 1 > 64 Standing Hitstun > 66 Low Hitstun > 96 Soft Knockdown > 102 Knockdown Face Up > 113 Get Up Face Up > 1 Action 1 > 64 Standing Hitstun > 66 Low Hitstun > 96 Soft Knockdown > 81 Bounce Launch > 82 Bounce Off > 91 Soft Knockdown > 1 Action 1,hitstun > knockdown > wakeup > hitstun > knockdown > wakeup > hitstun > knockdown > hitstun > knockdown > wakeup > hitstun > knockdown > hitstun > knockdown > wakeup > hitstun > knockdown > hitstun > wakeup > hitstun > knockdown > hitstun > wakeup > hitstun > knockdown > hitstun > wakeup > hitstun > knockdown > air_recovery > hitstun > knockdown > wakeup > hitstun > knockdown > wakeup > hitstun > knockdown > wakeup > hitstun > knockdown > wakeup > hitstun > knockdown > wakeup > hitstun > knockdown > wakeup > hitstun > knockdown > wakeup > hitstun > knockdown > wakeup > hitstun > knockdown > wakeup > hitstun > knockdown > wakeup > hitstun > wakeup > hitstun > knockdown > hitstun > wakeup > hitstun > knockdown > hitstun > wakeup > hitstun > knockdown > wakeup > hitstun > knockdown > neutral,0,0,25,25,255488,6,2,1369,True,True,True,17,31,751,1448,0x00000000,0 > 36 > 30 > 23 > 37 > 31 > 27 > 23 > 19 > 16 > 12 > 8 > 4 > 40 > 37 > 31 > 26 > 22 > 17 > 13 > 4 > 38 > 32 > 27 > 20 > 15 > 9 > 5 > 40 > 35 > 29 > 24 > 20 > 15 > 11 > 7 > 37 > 28 > 19 > 11 > 4 > 38 > 33 > 29 > 25 > 21 > 17 > 12 > 8 > 4 > 39 > 35 > 32 > 28 > 24 > 19 > 15 > 11 > 8 > 3 > 39 > 35 > 31 > 27 > 22 > 18 > 13 > 9 > 5 > 1 > 37 > 33 > 29 > 25 > 21 > 17 > 13 > 8 > 4 > 39 > 35 > 32 > 28 > 24 > 20 > 16 > 13 > 9 > 5 > 1 > 37 > 34 > 30 > 27 > 23 > 19 > 15 > 12 > 8 > 4 > 40 > 36 > 32 > 28 > 24 > 20 > 16 > 12 > 8 > 5 > 1 > 37 > 33 > 29 > 26 > 22 > 18 > 14 > 10 > 6 > 2 > 38 > 34 > 30 > 26 > 22 > 18 > 14 > 11 > 7 > 3 > 39 > 36 > 32 > 27 > 24 > 19 > 15 > 11 > 8 > 4 > 40 > 36 > 32 > 28 > 24 > 21 > 17 > 13 > 9 > 6 > 2 > 38 > 34 > 30 > 27 > 23 > 19 > 15 > 11 > 8 > 3 > 39 > 34 > 27 > 22 > 18 > 14 > 10 > 6 > 2 > 38 > 35 > 31 > 27 > 24 > 20 > 16 > 12 > 9 > 5 > 1 > 37 > 33 > 29 > 26 > 22 > 18 > 14 > 10 > 7 > 3 > 39 > 36 > 32 > 28 > 24 > 21 > 17 > 14 > 10 > 6 > 2 > 38 > 34 > 30 > 27 > 23 > 20 > 16 > 12 > 8 > 5 > 1 > 37 > 33 > 29 > 25 > 21 > 17 > 13 > 8 > 4 > 40 > 37 > 32 > 28 > 23 > 19 > 14 > 9 > 1 > 36 > 32 > 27 > 23 > 19 > 14 > 9 > 5 > 40 > 36 > 31 > 27 > 22 > 18 > 14 > 9 > 5 > 1 > 37 > 32 > 28 > 24 > 12 > 4 > 0 > 39 > 29 > 23 > 36 > 29 > 23 > 17 > 9 > 3 > 38 > 33 > 28 > 23 > 19 > 15 > 10 > 6 > 1 > 33 > 27 > 20 > 14 > 7 > 38 > 30 > 25 > 21 > 17 > 12 > 8 > 3 > 39 > 34 > 30 > 25 > 21 > 16 > 11 > 6 > 1 > 37 > 32 > 28 > 23 > 18 > 13 > 8 > 3 > 37 > 32 > 27 > 22 > 17 > 12 > 7 > 2 > 38 > 33 > 28 > 24 > 19 > 15 > 10 > 5 > 1 > 37 > 32 > 27 > 22 > 18 > 12 > 7 > 2 > 37 > 33 > 28 > 24 > 19 > 15 > 11 > 6 > 2 > 38 > 34 > 27 > 20 > 14 > 9 > 4 > 39 > 35 > 30 > 25 > 21 > 16 > 11 > 7 > 2 > 38 > 33 > 28 > 23 > 18 > 13 > 8 > 3 > 36 > 26 > 16 > 12 > 8 > 3 > 38 > 34 > 29 > 23 > 18 > 13 > 8 > 2 > 37 > 33 > 29 > 23 > 19 > 14 > 10 > 39 > 32 > 20 > 13 > 6 > 39 > 33 > 26 > 16 > 8 > 39 > 34 > 28 > 23 > 18 > 14 > 9 > 39 > 35 > 30 > 23 > 19 > 12 > 7 > 2 > 37 > 32 > 27 > 20 > 12 > 5 > 37 > 29 > 21 > 16 > 11 > 7 > 4 > 39 > 35 > 17 > 29 > 21 > 10 > 2 > 33 > 26 > 19 > 14 > 8 > 1 > 36 > 18 > 14 > 9 > 5 > 40 > 35 > 29 > 22 > 17 > 10 > 5 > 39 > 34 > 30 > 26 > 22 > 18 > 11 > 6 > 40 > 33 > 27 > 23 > 19 > 15 > 10 > 6 > 3 > 38 > 33 > 27 > 21 > 14 > 7 > 1 > 35 > 30 > 25 > 19 > 14 > 9 > 4 > 38 > 33 > 28 > 23 > 18 > 12 > 7 > 2 > 0 > 38 > 33 > 29 > 24 > 18 > 9 > 40 > 36 > 29 > 23 > 18 > 13 > 8 > 4 > 40 > 30 > 22 > 0 > 30 > 23 > 34 > 24 > 18 > 14 > 9 > 4 > 38 > 39 > 33 > 27 > 13 > 3 > 38 > 31 > 23 > 16 > 11 > 7 > 0 > 39 > 35 > 30 > 26 > 19 > 5 > 40 > 34 > 26 > 18 > 12 > 7 > 0 > 29 > 40 > 31 > 26 > 21 > 16 > 11 > 7 > 3 > 38 > 0 > 36 > 32 > 0 > 35 > 0 > 32 > 25 > 17 > 9 > 40 > 37 > 32 > 0 > 38 > 31 > 22 > 38 > 34 > 29 > 25 > 20 > 15 > 10 > 0 > 40 > 32 > 24 > 39 > 34 > 29 > 24 > 20 > 15 > 8 > 3 > 38 > 40 > 36 > 31 > 0 > 38 > 33 > 22 > 39 > 35 > 30 > 26 > 22 > 17 > 13 > 8 > 4 > 38 > 0 > 36 > 32 > 28 > 23 > 11 > 4 > 0 > 35 > 28 > 21 > 12 > 5 > 0 > 36 > 28 > 21 > 12 > 6 > 0 > 38 > 31 > 23 > 19 > 14 > 10 > 5 > 40 > 0 > 38 > 34 > 30 > 25 > 21 > 16 > 12 > 8 > 3 > 38 > 40 > 36 > 32 > 27 > 22 > 11 > 4 > 39 > 0 > 37 > 32 > 28 > 23 > 19 > 15 > 8 > 40 > 37 > 30 > 26 > 21 > 17 > 13 > 9 > 4 > 40 > 35 > 31 > 27 > 23 > 19 > 14 > 9 > 5 > 40 > 36 > 31 > 26 > 22 > 18 > 13 > 9 > 4 > 0 > 38 > 29 > 38 > 25 > 18 > 11 > 5 > 39 > 34 > 30 > 26 > 21 > 16 > 10 > 1 > 35 > 28 > 20 > 12 > 39 > 30 > 25 > 20 > 16 > 11 > 5 > 37 > 29 > 18 > 11 > 3 > 33 > 23 > 17 > 12 > 7 > 2 > 38 > 33 > 28 > 23 > 18 > 14 > 9 > 4 > 39 > 34 > 29 > 24 > 19 > 15 > 10 > 5 > 1 > 36 > 31 > 0 > 30 > 22 > 38 > 33 > 28 > 0 > 38 > 33 > 28 > 24 > 39 > 35 > 30 > 22 > 13 > 7 > 2 > 38 > 40 > 35 > 29 > 20 > 8 > 38 > 27 > 16 > 0 > 32 > 39 > 30 > 21 > 16 > 11 > 6 > 1 > 35 > 30 > 25 > 20 > 9 > 2 > 34 > 26 > 15 > 3 > 33 > 25 > 13 > 3 > 35 > 29 > 24 > 19 > 14 > 9 > 38 > 31 > 21 > 12 > 5 > 35 > 24 > 17 > 12 > 6 > 1 > 35 > 30 > 25 > 20 > 16 > 9 > 1 > 36 > 30 > 25 > 20 > 15 > 10 > 5 > 39 > 34 > 28 > 22 > 17 > 11 > 0 > 34 > 23 > 32 > 23 > 13 > 8 > 4 > 35 > 21 > 13 > 5 > 37 > 27 > 0 > 32 > 25 > 38 > 32 > 26 > 20 > 14 > 9 > 4 > 40 > 36 > 0 > 37 > 33 > 29 > 24 > 40 > 36 > 32 > 28 > 24 > 20 > 16 > 12 > 8 > 4 > 40 > 36 > 32 > 28 > 24 > 20 > 16 > 7 > 1 > 35 > 29 > 24 > 17 > 8 > 3 > 37 > 32 > 27 > 22 > 17 > 13 > 9 > 4 > 35 > 28 > 20 > 13 > 5 > 39 > 34 > 30 > 26 > 22 > 18 > 13 > 9 > 5 > 1 > 37 > 33 > 29 > 26 > 22 > 18 > 14 > 11 > 7 > 3 > 39 > 35 > 31 > 27 > 23 > 19 > 15 > 11 > 7 > 4 > 40 > 36 > 32 > 27 > 23 > 19 > 15 > 11 > 7 > 2 > 38 > 34 > 30 > 26 > 22 > 19 > 15 > 11 > 8 > 4 > 40 > 36 > 33 > 29 > 25 > 22 > 18 > 14 > 9 > 4 > 39 > 35 > 31 > 27 > 23 > 20 > 16 > 12 > 8 > 4 > 40 > 36 > 31 > 26 > 20 > 15 > 10 > 0 > 38 > 33 > 29 > 25 > 40 > 36 > 32 > 27 > 23 > 19 > 15 > 11 > 6 > 2 > 37 > 33 > 28 > 23 > 19 > 14 > 3 > 37 > 30 > 23 > 14 > 5 > 39 > 34 > 29 > 23 > 16 > 10 > 5 > 40 > 33 > 26 > 19 > 13 > 6 > 39 > 32 > 24 > 16 > 7 > 40 > 35 > 27 > 20 > 13 > 6 > 38 > 32 > 26 > 18 > 11 > 4 > 37 > 29 > 19 > 4 > 0 > 25 > 19 > 38 > 13 > 0 > 37 > 36 > 21 > 31 > 9 > 32 > 9 > 27 > 13 > 40 > 30 > 3 > 0 > 40 > 18 > 3 > 33 > 22 > 15 > 4 > 0 > 28 > 16 > 0 > 37 > 23 > 13 > 4 > 0 > 35 > 27 > 0 > 40 > 0 > 10 > 37 > 21 > 40 > 8 > 24 > 2 > 20 > 0 > 31 > 34 > 22 > 16 > 9 > 2 > 33 > 18 > 0 > 40 > 33 > 20 > 9,0,8 > 0 > 160 > 168 > 8 > 0 > 160 > 168 > 40 > 32 > 40 > 160 > 32 > 0 > 8 > 0 > 8 > 24 > 8 > 0 > 64 > 0 > 32 > 40 > 32 > 40 > 168 > 40 > 32 > 160 > 32 > 40 > 8 > 0 > 8 > 24 > 8 > 0 > 64 > 0 > 128 > 32 > 40 > 0 > 8 > 0 > 8 > 24 > 8 > 0 > 32 > 160 > 32 > 40 > 0 > 8 > 0 > 8 > 24 > 8 > 0 > 32 > 40 > 8 > 24 > 8 > 0 > 32 > 40 > 8 > 0 > 8 > 24 > 8 > 0 > 32 > 160 > 32 > 160 > 32 > 40 > 32 > 160 > 40 > 32 > 160 > 168 > 24 > 8 > 0 > 8 > 128 > 160 > 168 > 160 > 168 > 160 > 168 > 8 > 0 > 160 > 168 > 0 > 8 > 24 > 8 > 0 > 8 > 168 > 160 > 176 > 48 > 176 > 160 > 168 > 8 > 0 > 8 > 0 > 8 > 0 > 160 > 168 > 160 > 168 > 160 > 168 > 8 > 0 > 8 > 0 > 160 > 168 > 160 > 168 > 8 > 0 > 8 > 0 > 8 > 0 > 160 > 168 > 0 > 8 > 0 > 8 > 0 > 128 > 160 > 168 > 8 > 0 > 160 > 8 > 0 > 8 > 168 > 160 > 8 > 24 > 8 > 0 > 160 > 168 > 160 > 168 > 160 > 168 > 8 > 24 > 8 > 0 > 160 > 32 > 160 > 32 > 40 > 8 > 0 > 8 > 24 > 8 > 40 > 160 > 32 > 40 > 160 > 168 > 8 > 0 > 160 > 8 > 0 > 8 > 0 > 8 > 168 > 160,0 > 64 > 192 > 0 > 1 > 64 > 192 > 0 > 1 > 65 > 193 > 1 > 65 > 193 > 1 > 65 > 64 > 192 > 64 > 192 > 64 > 0 > 65 > 193 > 1 > 65 > 193 > 65 > 193 > 1 > 65 > 193 > 1 > 65 > 193 > 64 > 0 > 65 > 193 > 1 > 65 > 64 > 192 > 64 > 192 > 64 > 0 > 65 > 193 > 1 > 65 > 64 > 0 > 65 > 193 > 64 > 0 > 65 > 193 > 1 > 65 > 64 > 192 > 64 > 192 > 193 > 64 > 0 > 65 > 193 > 1 > 65 > 193 > 1 > 65 > 193 > 1 > 65 > 193 > 1 > 65 > 193 > 1 > 65 > 193 > 1 > 65 > 193 > 1 > 65 > 193 > 1 > 0 > 192 > 0 > 1 > 0 > 64 > 192 > 0 > 1 > 0 > 64 > 192 > 64 > 192 > 0 > 1 > 0 > 64 > 192 > 64 > 192 > 0 > 1 > 64 > 192 > 0 > 1 > 0 > 64 > 192 > 0 > 1 > 0 > 64 > 192 > 0 > 1 > 64 > 192 > 0 > 1 > 64 > 192 > 0 > 1 > 64 > 0 > 1 > 64 > 0 > 1 > 65 > 193 > 65 > 193 > 1 > 65 > 64 > 192 > 64 > 0 > 193 > 1 > 65 > 1 > 0 > 64 > 192 > 0 > 1 > 0 > 64 > 192 > 64 > 192 > 64 > 192 > 64 > 192 > 1,4 > 0 > 4 > 0 > 4 > 0 > 16 > 4 > 16 > 0 > 4 > 16 > 0 > 16 > 0 > 16 > 4 > 16 > 0 > 4 > 0 > 16 > 0 > 16 > 0 > 4 > 16 > 0 > 4 > 16 > 0 > 4 > 16 > 0 > 4 > 16 > 0 > 16 > 0 > 4 > 16 > 0 > 16 > 0 > 16 > 0 > 16 > 0 > 16 > 0 > 4 > 16 > 0 > 16 > 0 > 4 > 16 > 0 > 32 > 0 > 4 > 0 > 4 > 0 > 4 > 0 > 4 > 0 > 4 > 0 > 4 > 0 > 4 > 0 > 4 > 0 > 4 > 0 > 4 > 0 > 4 > 0 > 4 > 0 > 4 > 0 > 4 > 0 > 4 > 0 > 4 > 0 > 16 > 4 > 16 > 0 > 4 > 16 > 4 > 16 > 0 > 4 > 0 > 4 > 0 > 4 > 0,0,+0x1228 secondary reaction timer observed; +0x1210 held instead of decrementing on one or more sampled frames
2026-07-26T02:58:52Z,1591,1743,152,P2-C1,P2,0x927EB9E0,12,Ryu,hit,64,Standing Hitstun,1,Action 1,64 Standing Hitstun > 66 Low Hitstun > 1 Action 1 > 64 Standing Hitstun > 66 Low Hitstun > 96 Soft Knockdown > 81 Bounce Launch > 82 Bounce Off > 91 Soft Knockdown > 80 Hard Knockdown > 73 Knockdown Face Up > 105 OTG Face Up > 113 Get Up Face Up > 1 Action 1 > 89 Spiral Knockdown > 102 Knockdown Face Up > 113 Get Up Face Up > 1 Action 1 > 64 Standing Hitstun > 66 Low Hitstun > 64 Standing Hitstun > 80 Hard Knockdown > 73 Knockdown Face Up > 113 Get Up Face Up > 1 Action 1 > 64 Standing Hitstun > 66 Low Hitstun > 64 Standing Hitstun > 80 Hard Knockdown > 73 Knockdown Face Up > 113 Get Up Face Up > 1 Action 1 > 64 Standing Hitstun > 66 Low Hitstun > 64 Standing Hitstun > 88 Camera Spiral > 91 Soft Knockdown > 1 Action 1,hitstun > neutral > hitstun > knockdown > wakeup > hitstun > knockdown > wakeup > hitstun > knockdown > wakeup > hitstun > knockdown > wakeup > hitstun > knockdown > neutral,0,0,25,25,254464,4,1,108,True,True,False,10,28,,152,0x00000000,0 > 27 > 10 > 0 > 34 > 35 > 19 > 7 > 35 > 25 > 18 > 11 > 32 > 16 > 39 > 28 > 17 > 8 > 1 > 34 > 28 > 21 > 13 > 6 > 0 > 33 > 39 > 25 > 16 > 1 > 26 > 13 > 39 > 24 > 0 > 27 > 34 > 24 > 14 > 4 > 34 > 27 > 21 > 15 > 9 > 32 > 22 > 0 > 29 > 39 > 30 > 21 > 9 > 38 > 23 > 15 > 6 > 37 > 28 > 16 > 38 > 23 > 9 > 37 > 24 > 19 > 14 > 0 > 39 > 30 > 18 > 6,0,8 > 160 > 168 > 8 > 0 > 160 > 168 > 160 > 168 > 8 > 0 > 8 > 0 > 160 > 168 > 160 > 8 > 0 > 160 > 0 > 8 > 0 > 136 > 168 > 160 > 168 > 160 > 168 > 40 > 8 > 0 > 8 > 0 > 8 > 168 > 160,0 > 1 > 0 > 64 > 192 > 64 > 192 > 64 > 192 > 64 > 192 > 0 > 1 > 64 > 192 > 0 > 1 > 0 > 64 > 192 > 0 > 1 > 0 > 64 > 192 > 0 > 1 > 0 > 64 > 192 > 64 > 192 > 64 > 192 > 1,4 > 0 > 4 > 0 > 4 > 0 > 4 > 0 > 4 > 0 > 4 > 0 > 4 > 0 > 4 > 0 > 4 > 0,0,+0x1228 secondary reaction timer observed; +0x1210 held instead of decrementing on one or more sampled frames
2026-07-26T03:00:11Z,1775,2075,300,P2-C1,P2,0x927EB9E0,12,Ryu,hit,64,Standing Hitstun,1,Action 1,64 Standing Hitstun > 66 Low Hitstun > 64 Standing Hitstun > 80 Hard Knockdown > 91 Soft Knockdown > 97 Launched > 91 Soft Knockdown > 88 Camera Spiral > 102 Knockdown Face Up > 113 Get Up Face Up > 1 Action 1 > 32 Action 32 > 1 Action 1 > 20 Action 20 > 30 Action 30 > 20 Action 20 > 4571 Action 4571 > 105 OTG Face Up > 103 Wakeup Transition > 113 Get Up Face Up > 20 Action 20 > 19 Action 19 > 20 Action 20 > 4571 Action 4571 > 105 OTG Face Up > 103 Wakeup Transition > 113 Get Up Face Up > 20 Action 20 > 4571 Action 4571 > 105 OTG Face Up > 113 Get Up Face Up > 20 Action 20 > 30 Action 30 > 20 Action 20 > 19 Action 19 > 20 Action 20 > 19 Action 19 > 20 Action 20 > 19 Action 19 > 20 Action 20 > 30 Action 30 > 20 Action 20 > 19 Action 19 > 20 Action 20 > 30 Action 30 > 20 Action 20 > 30 Action 30 > 20 Action 20 > 1 Action 1 > 20 Action 20 > 19 Action 19 > 20 Action 20 > 30 Action 30 > 20 Action 20 > 30 Action 30 > 20 Action 20 > 19 Action 19 > 20 Action 20 > 30 Action 30 > 20 Action 20 > 1 Action 1 > 20 Action 20 > 30 Action 30 > 20 Action 20 > 30 Action 30 > 20 Action 20 > 19 Action 19 > 20 Action 20 > 1 Action 1 > 64 Standing Hitstun > 448 Action 448 > 449 Action 449 > 75 Crumple > 119 Get Up Face Down > 1 Action 1 > 64 Standing Hitstun > 448 Action 448 > 75 Crumple > 88 Camera Spiral > 102 Knockdown Face Up > 113 Get Up Face Up > 1 Action 1 > 448 Action 448 > 1 Action 1 > 64 Standing Hitstun > 448 Action 448 > 75 Crumple > 88 Camera Spiral > 102 Knockdown Face Up > 113 Get Up Face Up > 1 Action 1 > 79 Stagger > 88 Camera Spiral > 81 Bounce Launch > 82 Bounce Off > 91 Soft Knockdown > 30 Action 30 > 1 Action 1,hitstun > knockdown > hitstun > knockdown > hitstun > knockdown > wakeup > hitstun > knockdown > wakeup > hitstun > knockdown > wakeup > hitstun > knockdown > wakeup > hitstun > knockdown > wakeup > hitstun > knockdown > hitstun > knockdown > wakeup > hitstun > knockdown > hitstun > knockdown > wakeup > hitstun > knockdown > neutral,2,0,25,24,255488,5,3,259,True,True,False,10,32,,300,0x00000000,0 > 28 > 30 > 16 > 6 > 38 > 31 > 23 > 17 > 2 > 38 > 36 > 24 > 13 > 1 > 30 > 23 > 16 > 10 > 4 > 0 > 37 > 22 > 10 > 40 > 27 > 0 > 39 > 0 > 30 > 21 > 7 > 40 > 0 > 39 > 26 > 36 > 18 > 3 > 32 > 21 > 0 > 36 > 0 > 34 > 24 > 14 > 9 > 4 > 38 > 40 > 29 > 22 > 14 > 5 > 0 > 31 > 23 > 16 > 11 > 4 > 40 > 34 > 27 > 13 > 3 > 40 > 30 > 18 > 3 > 37 > 27 > 17 > 6 > 37 > 26 > 15 > 39 > 29 > 13 > 40 > 37 > 27 > 18 > 6 > 0 > 31 > 21 > 9 > 0 > 32 > 21 > 11 > 40 > 35 > 25 > 15 > 6 > 40 > 32 > 22 > 12 > 0 > 28 > 10 > 4 > 29 > 16 > 38 > 30 > 14 > 0 > 30 > 15 > 39 > 36 > 25 > 15 > 5 > 40 > 30 > 22 > 12 > 39 > 35 > 22 > 12 > 38 > 35 > 22 > 9 > 0 > 33 > 22 > 12 > 40 > 32 > 20 > 9 > 38 > 35 > 25 > 14 > 4 > 40 > 30 > 21 > 13 > 5 > 36 > 11 > 33 > 16 > 1 > 25 > 10 > 31 > 40 > 22 > 8 > 36 > 17 > 1 > 30 > 19 > 3 > 28 > 0 > 29 > 0 > 32 > 36 > 18 > 9 > 0 > 28 > 0 > 40 > 24 > 31 > 9 > 27 > 3 > 0 > 39 > 0 > 36 > 22 > 31 > 10 > 32 > 13 > 1 > 31 > 21 > 11 > 2 > 34 > 17 > 6 > 38 > 18 > 2 > 26 > 18 > 8 > 38 > 28 > 20 > 14 > 8 > 1 > 32 > 29 > 28 > 22 > 0 > 40 > 22 > 5 > 27,0,8 > 0 > 8 > 0 > 8 > 0 > 8 > 24 > 8 > 160 > 176 > 48 > 160 > 168 > 40 > 32 > 0 > 16 > 8 > 0 > 32 > 160 > 0 > 8 > 72 > 8 > 32 > 0 > 16 > 0 > 8 > 0 > 32 > 160 > 32 > 160 > 32 > 160 > 32 > 160 > 32 > 160 > 32 > 160 > 32 > 160 > 32 > 160 > 32 > 40 > 160 > 32 > 168 > 160 > 168 > 160 > 168 > 160 > 40 > 8 > 0 > 160 > 8 > 24 > 8 > 0 > 168 > 8 > 0 > 160 > 168 > 8 > 24 > 8 > 0 > 8 > 168 > 160 > 168 > 160 > 168 > 160 > 168 > 8 > 168 > 160,0 > 64 > 192 > 64 > 192 > 64 > 192 > 64 > 192 > 64 > 192 > 0 > 1 > 65 > 193 > 1 > 65 > 64 > 0 > 65 > 193 > 1 > 64 > 0 > 65 > 193 > 65 > 64 > 0 > 65 > 193 > 1 > 65 > 193 > 1 > 65 > 193 > 1 > 65 > 193 > 65 > 193 > 65 > 193 > 1 > 65 > 193 > 1 > 65 > 193 > 1 > 65 > 193 > 1 > 65 > 193 > 1 > 65 > 193 > 1 > 65 > 193 > 1 > 65 > 193 > 1 > 65 > 193 > 65 > 193 > 65 > 193 > 1 > 65 > 193 > 1 > 65 > 193 > 1 > 65 > 193 > 1 > 65 > 193 > 1 > 65 > 193 > 1 > 65 > 193 > 1 > 65 > 193 > 1 > 65 > 193 > 65 > 193 > 1 > 65 > 1 > 0 > 1 > 0 > 16 > 0 > 192 > 0 > 1 > 0 > 6 > 1 > 0 > 16 > 0 > 64 > 192 > 0 > 1 > 0 > 64 > 192 > 64 > 1,4 > 0 > 4 > 0 > 16 > 0 > 16 > 0 > 4 > 16 > 4 > 16 > 0 > 4 > 16 > 0 > 4 > 16 > 0 > 16 > 4 > 16 > 4 > 16 > 4 > 16 > 0 > 16 > 4 > 16 > 0 > 16 > 0 > 16 > 0 > 16 > 4 > 16 > 0 > 16 > 0 > 16 > 4 > 16 > 0 > 16 > 0 > 16 > 0 > 16 > 0 > 16 > 4 > 16 > 0 > 4 > 0 > 4 > 0 > 4 > 0 > 4 > 0 > 4 > 0 > 4 > 0 > 4 > 0 > 4 > 0 > 4 > 0,0,+0x1228 secondary reaction timer observed; +0x1210 held instead of decrementing on one or more sampled frames
2026-07-26T03:24:32Z,0,213,213,P2-C1,P2,0x927EB9E0,12,Ryu,hit,1,Action 1,1,Action 1,1 Action 1 > 64 Standing Hitstun > 91 Soft Knockdown > 89 Spiral Knockdown > 102 Knockdown Face Up > 91 Soft Knockdown > 160 Air Recovery > 1 Action 1 > 64 Standing Hitstun > 79 Stagger > 88 Camera Spiral > 81 Bounce Launch > 82 Bounce Off > 92 Hard Knockdown > 119 Get Up Face Down > 32 Action 32 > 1 Action 1 > 79 Stagger > 88 Camera Spiral > 81 Bounce Launch > 82 Bounce Off > 92 Hard Knockdown > 119 Get Up Face Down > 1 Action 1 > 64 Standing Hitstun > 79 Stagger > 91 Soft Knockdown > 1 Action 1,hitstun > knockdown > air_recovery > hitstun > knockdown > wakeup > hitstun > knockdown > wakeup > hitstun > knockdown > neutral,0,0,25,24,255488,6,1,195,True,True,True,56,120,73,213,0x00000000,33 > 13 > 39 > 22 > 10 > 1 > 31 > 24 > 19 > 13 > 8 > 3 > 39 > 34 > 29 > 18 > 13 > 9 > 5 > 40 > 36 > 28 > 22 > 18 > 13 > 9 > 3 > 37 > 32 > 27 > 23 > 18 > 14 > 9 > 5 > 39 > 34 > 28 > 22 > 16 > 11 > 7 > 38 > 32 > 30 > 0 > 39 > 31 > 0 > 35 > 27 > 22 > 17 > 0 > 40 > 35 > 31 > 27 > 39 > 34 > 38 > 33 > 29 > 27 > 25 > 20 > 0 > 39 > 34 > 27 > 38 > 29 > 24 > 19 > 15 > 10 > 6 > 2 > 37 > 0 > 33 > 20 > 11,0,160 > 168 > 8 > 0 > 8 > 40 > 32 > 160 > 168 > 40 > 8 > 24 > 8 > 0 > 32 > 160 > 168 > 8 > 0 > 160 > 168 > 8 > 168,1 > 0 > 64 > 192 > 0 > 64 > 193 > 1 > 0 > 64 > 192 > 64 > 192 > 0 > 1 > 0 > 64 > 192 > 64 > 192 > 0 > 1 > 0 > 64 > 192 > 1,0 > 4 > 0 > 128 > 0 > 4 > 0 > 4 > 0 > 4 > 0 > 4 > 0 > 4 > 0,0,+0x1228 secondary reaction timer observed; +0x1210 held instead of decrementing on one or more sampled frames
2026-07-26T03:25:01Z,0,418,418,P1-C1,P1,0x9246B9C0,16,Alex,hit,430,Action 430,1,Action 1,430 Action 430 > 352 Action 352 > 1 Action 1 > 19 Action 19 > 20 Action 20 > 30 Action 30 > 1 Action 1 > 20 Action 20 > 1 Action 1 > 2 Action 2 > 1 Action 1 > 19 Action 19 > 266 Action 266 > 289 Action 289 > 20 Action 20 > 518 Action 518 > 6 Action 6 > 32 Action 32 > 1 Action 1 > 21 Action 21 > 266 Action 266 > 289 Action 289 > 20 Action 20 > 518 Action 518 > 6 Action 6 > 1 Action 1 > 9 Action 9 > 10 Action 10 > 575 Action 575 > 1 Action 1 > 9 Action 9 > 575 Action 575 > 6 Action 6 > 10 Action 10 > 259 Action 259 > 260 Action 260 > 261 Action 261 > 312 Action 312 > 10 Action 10 > 11 Action 11 > 311 Action 311 > 10 Action 10 > 312 Action 312 > 1 Action 1 > 21 Action 21 > 30 Action 30 > 32 Action 32 > 10 Action 10 > 259 Action 259 > 260 Action 260 > 261 Action 261 > 312 Action 312 > 11 Action 11 > 311 Action 311 > 10 Action 10 > 309 Action 309 > 1 Action 1 > 21 Action 21 > 10 Action 10 > 575 Action 575 > 1 Action 1 > 11 Action 11 > 1 Action 1 > 575 Action 575 > 1 Action 1,hitstun > neutral,17,0,21,0,254976,5,0,416,False,False,False,,,,418,0x00000000,19 > 39 > 25 > 8 > 36 > 27 > 17 > 10 > 5 > 39 > 34 > 29 > 25 > 20 > 15 > 4 > 39 > 35 > 31 > 26 > 22 > 14 > 8 > 4 > 39 > 35 > 29 > 23 > 18 > 14 > 9 > 4 > 40 > 35 > 31 > 25 > 20 > 14 > 8 > 2 > 37 > 33 > 24 > 18 > 13 > 5 > 37 > 29 > 20 > 13 > 5 > 39 > 33 > 28 > 22 > 14 > 39 > 15 > 2 > 29 > 21 > 9 > 39 > 30 > 21 > 13 > 7 > 2 > 36 > 31 > 25 > 11 > 36 > 24 > 12 > 4 > 36 > 26 > 18 > 13 > 8 > 40 > 20 > 9 > 37 > 24 > 13 > 1 > 33 > 29 > 26 > 23 > 15 > 9 > 5 > 40 > 32 > 19 > 5 > 29 > 21 > 5 > 33 > 21 > 15 > 8 > 3 > 38 > 34 > 30 > 25 > 20 > 16 > 6 > 29 > 14 > 1 > 33 > 19 > 11 > 5 > 1 > 36 > 32 > 28 > 24 > 19 > 15 > 10 > 6 > 39 > 25 > 16 > 7 > 2 > 36 > 26 > 20 > 13 > 8 > 4 > 38 > 33 > 22 > 39 > 25 > 9 > 36 > 30 > 17 > 9 > 5 > 40 > 36 > 32 > 27 > 22 > 3 > 31 > 23 > 14 > 2 > 32 > 25 > 20 > 15 > 11 > 6 > 1 > 36 > 29 > 20 > 11 > 6 > 1 > 37 > 32 > 28 > 24 > 19 > 11 > 1 > 35 > 30 > 9 > 32 > 21 > 14 > 1 > 29 > 21 > 16 > 11 > 7 > 2 > 38 > 31 > 17 > 38 > 27 > 8 > 34 > 24 > 8 > 1 > 36 > 30 > 25 > 20 > 12 > 36 > 23 > 2 > 28 > 19 > 12 > 5 > 40 > 33 > 28 > 33 > 21 > 7 > 0 > 34 > 27 > 21 > 14 > 40 > 0 > 37 > 30 > 24 > 14 > 6 > 0 > 38 > 34 > 29 > 25 > 21 > 16 > 39 > 40 > 36 > 34 > 29 > 21 > 36 > 30 > 35 > 39 > 25 > 10 > 39 > 23 > 19 > 16 > 8 > 37 > 27 > 21 > 38 > 29 > 0 > 35 > 25 > 31 > 24 > 37 > 38 > 30 > 37 > 34 > 33 > 28 > 23 > 35 > 32 > 29 > 30 > 19 > 9 > 2 > 36 > 31 > 27 > 19 > 14 > 3 > 36 > 28 > 21 > 35 > 39 > 28 > 18 > 39 > 38 > 39 > 34 > 29 > 24 > 19 > 14 > 33 > 38 > 37 > 26 > 18 > 40 > 37 > 29 > 22 > 0 > 39 > 34 > 38 > 31 > 30 > 0 > 31 > 24 > 14 > 7 > 40 > 32 > 37 > 26 > 25 > 23 > 9 > 39 > 0 > 30 > 18 > 12 > 7 > 2 > 0 > 32 > 25 > 15 > 7 > 0 > 39 > 38 > 34 > 33 > 39 > 0 > 33 > 24 > 18 > 13 > 8 > 3 > 37 > 38 > 25 > 19 > 5 > 0 > 36 > 23 > 19 > 13 > 8 > 38 > 0 > 24 > 34 > 27 > 20 > 12 > 4 > 39 > 38 > 31 > 24 > 17 > 36 > 40 > 35 > 37 > 31 > 26 > 21 > 17 > 37 > 29 > 22 > 13 > 6 > 40 > 32 > 25 > 17 > 10 > 4 > 1 > 10,0,0 > 160 > 32 > 160 > 32 > 160 > 32 > 160 > 0 > 32 > 16 > 0 > 32 > 0 > 16 > 48 > 160 > 32 > 0 > 32 > 0 > 16 > 0 > 160 > 32 > 0 > 160 > 32 > 0 > 32 > 0 > 32 > 0 > 32 > 0 > 32 > 0 > 128 > 32 > 0 > 32 > 0 > 32 > 0 > 160 > 32 > 48 > 32 > 0 > 160 > 32 > 160 > 0 > 128 > 160,64 > 0 > 4 > 1 > 65 > 193 > 1 > 65 > 193 > 1 > 0 > 1 > 0 > 64 > 70 > 68 > 196 > 224 > 228 > 65 > 64 > 0 > 1 > 0 > 1 > 0 > 1 > 64 > 70 > 196 > 224 > 230 > 64 > 0 > 1 > 0 > 1 > 0 > 1 > 0 > 6 > 38 > 32 > 2 > 0 > 6 > 4 > 1 > 0 > 6 > 4 > 1 > 0 > 64 > 193 > 0 > 1 > 0 > 6 > 32 > 38 > 0 > 6 > 4 > 1 > 0 > 6 > 4 > 1 > 0 > 1 > 0 > 1 > 64 > 65 > 193 > 1 > 0 > 1 > 0 > 1,0 > 4 > 16 > 0 > 16 > 0 > 4 > 0 > 4 > 0 > 16 > 0 > 16 > 0 > 16 > 0 > 16 > 0 > 16 > 0,0 > 64 > 0 > 64 > 0 > 64 > 0 > 64 > 0 > 64 > 72 > 0 > 64 > 0 > 64 > 0 > 64 > 72 > 0,+0x1210 held instead of decrementing on one or more sampled frames
2026-07-26T03:25:01Z,0,418,418,P1-C2,P1,0x92B6BA00,21,Soki,hit,1,Action 1,430,Action 430,1 Action 1 > 2 Action 2 > 1 Action 1 > 6 Action 6 > 1 Action 1 > 2 Action 2 > 10 Action 10 > 352 Action 352 > 6 Action 6 > 257 Action 257 > 258 Action 258 > 353 Action 353 > 314 Action 314 > 353 Action 353 > 314 Action 314 > 1 Action 1 > 2 Action 2 > 10 Action 10 > 11 Action 11 > 353 Action 353 > 314 Action 314 > 353 Action 353 > 262 Action 262 > 6 Action 6 > 1 Action 1 > 257 Action 257 > 258 Action 258 > 353 Action 353 > 432 Action 432 > 417 Action 417 > 430 Action 430,hitstun > neutral,0,0,21,0,255744,0,0,416,False,False,False,,,,418,0x00000000,6 > 26 > 12 > 35 > 23 > 14 > 4 > 37 > 32 > 26 > 21 > 16 > 12 > 7 > 2 > 31 > 26 > 22 > 18 > 13 > 9 > 1 > 35 > 31 > 26 > 22 > 16 > 0 > 36 > 38 > 33 > 28 > 24 > 19 > 40 > 34 > 0 > 35 > 29 > 38 > 0 > 37 > 28 > 22 > 17 > 9 > 1 > 33 > 24 > 17 > 9 > 3 > 37 > 32 > 26 > 18 > 3 > 19 > 6 > 33 > 25 > 13 > 3 > 34 > 25 > 17 > 11 > 6 > 40 > 35 > 29 > 15 > 40 > 28 > 16 > 8 > 38 > 28 > 20 > 0 > 36 > 30 > 28 > 24 > 40 > 27 > 16 > 4 > 36 > 32 > 29 > 26 > 18 > 12 > 8 > 3 > 35 > 22 > 36 > 40 > 32 > 16 > 4 > 32 > 26 > 19 > 14 > 9 > 5 > 1 > 36 > 31 > 27 > 21 > 26 > 11 > 38 > 0 > 36 > 28 > 22 > 18 > 13 > 9 > 5 > 0 > 40 > 36 > 29 > 15 > 6 > 37 > 32 > 26 > 16 > 10 > 3 > 38 > 34 > 28 > 23 > 39 > 36 > 22 > 6 > 33 > 27 > 14 > 6 > 2 > 37 > 33 > 29 > 24 > 21 > 6 > 34 > 26 > 17 > 34 > 24 > 17 > 12 > 7 > 3 > 38 > 33 > 28 > 39 > 30 > 21 > 0 > 36 > 32 > 28 > 39 > 35 > 30 > 0 > 32 > 26 > 24 > 35 > 18 > 7 > 37 > 27 > 15 > 7 > 2 > 37 > 33 > 28 > 24 > 19 > 9 > 0 > 40 > 35 > 27 > 39 > 26 > 5 > 31 > 22 > 15 > 8 > 3 > 36 > 31 > 17 > 5 > 31 > 24 > 17 > 10 > 4 > 33 > 25 > 18 > 12 > 5 > 39 > 29 > 21 > 14 > 9 > 5 > 40 > 36 > 32 > 27 > 23 > 19 > 9 > 2 > 35 > 27 > 18 > 6 > 32 > 20 > 6 > 31 > 20 > 4 > 34 > 25 > 17 > 9 > 38 > 28 > 22 > 15 > 6 > 37 > 31 > 21 > 6 > 39 > 31 > 24 > 16 > 9 > 2 > 36 > 31 > 26 > 21 > 13 > 4 > 21 > 5 > 34 > 24 > 17 > 11 > 6 > 2 > 34 > 25 > 17 > 9 > 38 > 31 > 23 > 16 > 6 > 31 > 20 > 10 > 2 > 37 > 33 > 28 > 23 > 18 > 13 > 8 > 38 > 27 > 22 > 11 > 3 > 33 > 22 > 14 > 7 > 40 > 34 > 30 > 24 > 5 > 34 > 18 > 4 > 33 > 20 > 4 > 37 > 30 > 20 > 12 > 4 > 33 > 26 > 18 > 4 > 34 > 26 > 13 > 1 > 35 > 30 > 25 > 17 > 8 > 1 > 31 > 23 > 15 > 9 > 40 > 31 > 21 > 11 > 35 > 17 > 4 > 29 > 17 > 12 > 7 > 2 > 36 > 27 > 16 > 1 > 25 > 11 > 38 > 26 > 13 > 9 > 3 > 38 > 28 > 19 > 2 > 29 > 22 > 15 > 7 > 39 > 30 > 23 > 12 > 5 > 38 > 28 > 17 > 8 > 38 > 32 > 28 > 22 > 18 > 9 > 1 > 34 > 25 > 18 > 12 > 4 > 36 > 29 > 22 > 16 > 13 > 38,0,160 > 32 > 160 > 0 > 160 > 32 > 0 > 16 > 0 > 160 > 32 > 0 > 32 > 0 > 160 > 0 > 16 > 0 > 16 > 0,1 > 0 > 1 > 0 > 1 > 0 > 1 > 0 > 4 > 6 > 4 > 1 > 0 > 6 > 32 > 38 > 2 > 0 > 6 > 0 > 4 > 0 > 1 > 0 > 4 > 6 > 0 > 4 > 0 > 1 > 0 > 34 > 32 > 38 > 0 > 4 > 0 > 192 > 64,0 > 4 > 0 > 4 > 0 > 4 > 0,0 > 8 > 0 > 64 > 72 > 64 > 0 > 8 > 0 > 64 > 0 > 64 > 0,+0x1210 held instead of decrementing on one or more sampled frames
2026-07-26T03:25:01Z,244,418,174,P2-C1,P2,0x927EB9E0,12,Ryu,hit,91,Soft Knockdown,1,Action 1,91 Soft Knockdown > 160 Air Recovery > 4615 Action 4615 > 104 Knockdown Face Down > 119 Get Up Face Down > 19 Action 19 > 20 Action 20 > 19 Action 19 > 20 Action 20 > 91 Soft Knockdown > 4615 Action 4615 > 119 Get Up Face Down > 20 Action 20 > 30 Action 30 > 20 Action 20 > 1 Action 1 > 64 Standing Hitstun > 66 Low Hitstun > 96 Soft Knockdown > 81 Bounce Launch > 82 Bounce Off > 80 Hard Knockdown > 73 Knockdown Face Up > 113 Get Up Face Up > 1 Action 1 > 32 Action 32 > 1 Action 1 > 64 Standing Hitstun > 66 Low Hitstun > 96 Soft Knockdown > 81 Bounce Launch > 82 Bounce Off > 80 Hard Knockdown > 73 Knockdown Face Up > 113 Get Up Face Up > 1 Action 1 > 32 Action 32 > 1 Action 1,knockdown > air_recovery > hitstun > knockdown > wakeup > hitstun > knockdown > hitstun > wakeup > hitstun > knockdown > wakeup > hitstun > knockdown > wakeup > hitstun > neutral,0,0,21,20,255488,6,0,159,True,True,True,0,20,6,174,0x00000000,0 > 38 > 33 > 27 > 40 > 25 > 18 > 10 > 3 > 40 > 35 > 28 > 0 > 33 > 22 > 35 > 27 > 22 > 18 > 13 > 8 > 3 > 0 > 39 > 29 > 18 > 13 > 0 > 37 > 27 > 16 > 8 > 1 > 34 > 28 > 23 > 0 > 38 > 33 > 28 > 40 > 31 > 24 > 14 > 35 > 29 > 20 > 11 > 0 > 37 > 32 > 22 > 33 > 16 > 3 > 36 > 29 > 36 > 27 > 20 > 9 > 2 > 35 > 25 > 14 > 5 > 35 > 29 > 25 > 19 > 15 > 6 > 38 > 31 > 22 > 15 > 9 > 1 > 33 > 26 > 19 > 13 > 10,0,8 > 0 > 8 > 24 > 8 > 24 > 8 > 0 > 64 > 0 > 160 > 32 > 160 > 32 > 40 > 8 > 0 > 8 > 24 > 8 > 0 > 32 > 40 > 32 > 40 > 168 > 160 > 168 > 8 > 0 > 8 > 0 > 8 > 0 > 160 > 176 > 48 > 160 > 168 > 8 > 0 > 8 > 0 > 8 > 168 > 160 > 176 > 48 > 160 > 168 > 160 > 168 > 160,64 > 192 > 64 > 193 > 64 > 0 > 1 > 65 > 193 > 1 > 65 > 64 > 192 > 64 > 192 > 64 > 0 > 65 > 193 > 1 > 65 > 193 > 1 > 0 > 64 > 192 > 64 > 192 > 64 > 192 > 0 > 1 > 0 > 64 > 192 > 64 > 192 > 64 > 192 > 0 > 1,0 > 4 > 16 > 4 > 16 > 0 > 4 > 16 > 0 > 16 > 0 > 4 > 0 > 4 > 0 > 4 > 0 > 4 > 0,0,+0x1228 secondary reaction timer observed; +0x1210 held instead of decrementing on one or more sampled frames
2026-07-26T03:25:17Z,458,502,44,P2-C1,P2,0x927EB9E0,12,Ryu,hit,64,Standing Hitstun,1,Action 1,64 Standing Hitstun > 97 Launched > 91 Soft Knockdown > 160 Air Recovery > 32 Action 32 > 1 Action 1 > 64 Standing Hitstun > 66 Low Hitstun > 64 Standing Hitstun > 97 Launched > 91 Soft Knockdown > 160 Air Recovery > 32 Action 32 > 1 Action 1 > 64 Standing Hitstun > 66 Low Hitstun > 64 Standing Hitstun > 1 Action 1 > 64 Standing Hitstun > 66 Low Hitstun > 64 Standing Hitstun > 1 Action 1,hitstun > knockdown > air_recovery > hitstun > knockdown > air_recovery > hitstun > neutral > hitstun > neutral,0,0,21,20,7424,5,1,15,True,False,True,6,,8,44,0x00000000,0 > 40 > 38 > 0 > 32 > 21 > 0 > 35 > 40 > 35 > 0 > 37 > 22 > 3 > 0 > 39 > 25 > 15 > 2,0,8 > 0 > 8 > 0 > 8 > 48 > 32 > 160 > 8 > 0 > 8 > 0 > 8 > 32 > 168 > 8 > 0 > 8 > 168 > 160 > 8 > 168 > 160,0 > 64 > 193 > 1 > 0 > 64 > 192 > 193 > 1 > 0 > 1 > 0 > 1,4 > 0 > 128 > 0 > 4 > 0 > 128 > 0 > 4 > 0 > 4 > 0,0,+0x1228 secondary reaction timer observed; +0x1210 held instead of decrementing on one or more sampled frames
2026-07-26T03:25:19Z,503,511,8,P2-C1,P2,0x927EB9E0,12,Ryu,hit,1,Action 1,1,Action 1,1 Action 1 > 64 Standing Hitstun > 66 Low Hitstun > 64 Standing Hitstun > 1 Action 1,hitstun > neutral,0,0,17,16,0,0,1,1,False,False,False,,,,8,0x00000000,0 > 31 > 21 > 12,0,0 > 8 > 168 > 160,0 > 1,0 > 4 > 0,0,+0x1228 secondary reaction timer observed; +0x1210 held instead of decrementing on one or more sampled frames
2026-07-26T03:25:22Z,519,526,7,P2-C1,P2,0x927EB9E0,12,Ryu,hit,64,Standing Hitstun,1,Action 1,64 Standing Hitstun > 66 Low Hitstun > 64 Standing Hitstun > 1 Action 1,hitstun > neutral,0,0,21,20,0,0,0,1,False,False,False,,,,7,0x00000000,0 > 35 > 18 > 7,0,8 > 168 > 160 > 168,0 > 1,4 > 0,0,+0x1228 secondary reaction timer observed; +0x1210 held instead of decrementing on one or more sampled frames
2026-07-26T03:25:39Z,527,617,90,P2-C1,P2,0x927EB9E0,12,Ryu,hit,64,Standing Hitstun,1,Action 1,64 Standing Hitstun > 66 Low Hitstun > 64 Standing Hitstun > 97 Launched > 91 Soft Knockdown > 160 Air Recovery > 1 Action 1 > 64 Standing Hitstun > 66 Low Hitstun > 64 Standing Hitstun > 97 Launched > 160 Air Recovery > 1 Action 1 > 64 Standing Hitstun > 66 Low Hitstun > 64 Standing Hitstun > 97 Launched > 160 Air Recovery > 30 Action 30 > 1 Action 1 > 64 Standing Hitstun > 66 Low Hitstun > 64 Standing Hitstun > 1 Action 1,hitstun > knockdown > air_recovery > hitstun > air_recovery > hitstun > air_recovery > hitstun > neutral,0,0,21,21,7424,4,1,63,True,False,True,8,,15,90,0x00000000,0 > 35 > 25 > 38 > 34 > 30 > 25 > 21 > 6 > 0 > 39 > 37 > 32 > 27 > 22 > 16 > 11 > 5 > 1 > 36 > 24 > 12 > 2 > 34 > 25 > 17 > 11 > 40 > 32 > 24 > 16 > 7 > 2 > 37 > 33 > 29 > 24 > 20 > 15 > 11 > 6 > 2 > 0 > 34 > 39 > 36 > 26 > 17 > 0 > 27 > 20 > 12,0,8 > 0 > 8 > 0 > 8 > 32 > 160 > 0 > 8 > 0 > 32 > 160 > 168 > 8 > 0 > 32 > 160 > 40 > 8 > 168 > 160,0 > 64 > 192 > 193 > 1 > 0 > 64 > 192 > 193 > 1 > 0 > 192 > 64 > 192 > 193 > 1 > 0 > 1,4 > 0 > 128 > 0 > 4 > 0 > 128 > 0 > 4 > 0 > 128 > 0 > 4 > 0,0,+0x1228 secondary reaction timer observed; +0x1210 held instead of decrementing on one or more sampled frames
2026-07-26T03:25:41Z,621,631,10,P2-C1,P2,0x927EB9E0,12,Ryu,hit,1,Action 1,1,Action 1,1 Action 1 > 64 Standing Hitstun > 66 Low Hitstun > 64 Standing Hitstun > 1 Action 1,hitstun > neutral,0,0,21,20,0,0,0,1,False,False,False,,,,10,0x00000000,27 > 0 > 31 > 21 > 9,0,0 > 8 > 168 > 160,0 > 1,0 > 4 > 0,0,+0x1228 secondary reaction timer observed; +0x1210 held instead of decrementing on one or more sampled frames
2026-07-26T03:25:43Z,632,640,8,P2-C1,P2,0x927EB9E0,12,Ryu,hit,1,Action 1,1,Action 1,1 Action 1 > 64 Standing Hitstun > 66 Low Hitstun > 64 Standing Hitstun > 1 Action 1,hitstun > neutral,0,0,17,16,0,0,0,1,False,False,False,,,,8,0x00000000,0 > 31 > 20 > 7,0,168 > 8 > 168 > 160,1 > 0 > 1,0 > 4 > 0,0,+0x1228 secondary reaction timer observed; +0x1210 held instead of decrementing on one or more sampled frames
2026-07-26T03:25:46Z,641,650,9,P2-C1,P2,0x927EB9E0,12,Ryu,hit,1,Action 1,1,Action 1,1 Action 1 > 64 Standing Hitstun > 66 Low Hitstun > 64 Standing Hitstun > 1 Action 1,hitstun > neutral,0,0,20,19,0,0,0,0,False,False,False,,,,9,0x00000000,0 > 32 > 22 > 11,0,168 > 8 > 168 > 160,1 > 0 > 1,0 > 4 > 0,0,+0x1228 secondary reaction timer observed
2026-07-26T12:45:00Z,0,22,22,P2-C1,P2,0x927EB9E0,12,Ryu,hit,1,Action 1,1,Action 1,1 Action 1 > 64 Standing Hitstun > 66 Low Hitstun > 64 Standing Hitstun > 1 Action 1,hitstun > neutral,0,0,21,20,0,0,1,12,False,False,False,,,,22,0x00000000,4 > 30 > 18 > 3 > 38 > 28 > 20 > 13 > 4 > 38 > 34 > 30 > 25 > 0 > 37 > 32 > 27,0,160 > 0 > 8 > 136 > 168,1 > 0 > 1,0 > 4 > 0,0,+0x1228 secondary reaction timer observed; +0x1210 held instead of decrementing on one or more sampled frames
2026-07-26T12:45:26Z,28,269,241,P2-C1,P2,0x927EB9E0,12,Ryu,hit,64,Standing Hitstun,1,Action 1,64 Standing Hitstun > 66 Low Hitstun > 97 Launched > 91 Soft Knockdown > 160 Air Recovery > 1 Action 1 > 64 Standing Hitstun > 66 Low Hitstun > 97 Launched > 91 Soft Knockdown > 89 Spiral Knockdown > 102 Knockdown Face Up > 113 Get Up Face Up > 32 Action 32 > 1 Action 1 > 64 Standing Hitstun > 1 Action 1,hitstun > knockdown > air_recovery > hitstun > knockdown > wakeup > hitstun > neutral,0,0,21,20,255744,6,0,220,True,True,True,7,140,20,241,0x00000000,0 > 40 > 35 > 31 > 28 > 0 > 36 > 27 > 23 > 18 > 13 > 7 > 3 > 38 > 27 > 18 > 12 > 4 > 37 > 33 > 29 > 25 > 21 > 17 > 13 > 9 > 5 > 1 > 36 > 32 > 22 > 16 > 10 > 4 > 38 > 30 > 26 > 22 > 18 > 14 > 9 > 5 > 40 > 36 > 32 > 28 > 23 > 19 > 15 > 11 > 7 > 3 > 38 > 34 > 30 > 25 > 22 > 18 > 14 > 9 > 5 > 1 > 37 > 33 > 29 > 25 > 21 > 17 > 13 > 9 > 5 > 0 > 36 > 30 > 0 > 40 > 31 > 26 > 22 > 17 > 13 > 9 > 5 > 1 > 33 > 24 > 15 > 7 > 39 > 33 > 26 > 14 > 3 > 33 > 29 > 25 > 21 > 17 > 13 > 9 > 6 > 2 > 38 > 34 > 29 > 20 > 14 > 7 > 2 > 33 > 22 > 12 > 8 > 5 > 1 > 37 > 33 > 29 > 26 > 21 > 17 > 13 > 9 > 5 > 1 > 37 > 33 > 29 > 25 > 21 > 17 > 13 > 10 > 6 > 2 > 38 > 34 > 31 > 27 > 23 > 19 > 15 > 11 > 7 > 3 > 39 > 35 > 31 > 27 > 24 > 20 > 16 > 12 > 8 > 4 > 1 > 37 > 33 > 29 > 25 > 21 > 17 > 13 > 9 > 5 > 40 > 36 > 31 > 0 > 37 > 26 > 15 > 5,0,8 > 0 > 8 > 0 > 32 > 160 > 168 > 8 > 0 > 8 > 0 > 8 > 0 > 8 > 24 > 8 > 0 > 8 > 32 > 160 > 168 > 160 > 168 > 160 > 168 > 128 > 160 > 168 > 8 > 160,0 > 64 > 192 > 193 > 1 > 0 > 64 > 192 > 64 > 192 > 64 > 192 > 64 > 192 > 0 > 1 > 0 > 1,4 > 0 > 128 > 0 > 4 > 0 > 4 > 0 > 4 > 0,0,+0x1228 secondary reaction timer observed; +0x1210 held instead of decrementing on one or more sampled frames
2026-07-26T12:46:07Z,271,587,316,P2-C1,P2,0x927EB9E0,12,Ryu,hit,64,Standing Hitstun,1,Action 1,64 Standing Hitstun > 66 Low Hitstun > 64 Standing Hitstun > 91 Soft Knockdown > 97 Launched > 160 Air Recovery > 30 Action 30 > 1 Action 1 > 32 Action 32 > 1 Action 1 > 64 Standing Hitstun > 66 Low Hitstun > 64 Standing Hitstun > 91 Soft Knockdown > 160 Air Recovery > 1 Action 1 > 32 Action 32 > 1 Action 1 > 64 Standing Hitstun > 66 Low Hitstun > 64 Standing Hitstun > 91 Soft Knockdown > 160 Air Recovery > 30 Action 30 > 1 Action 1 > 32 Action 32 > 1 Action 1 > 64 Standing Hitstun > 66 Low Hitstun > 64 Standing Hitstun > 66 Low Hitstun > 96 Soft Knockdown > 102 Knockdown Face Up > 113 Get Up Face Up > 1 Action 1 > 64 Standing Hitstun > 66 Low Hitstun > 64 Standing Hitstun > 66 Low Hitstun > 91 Soft Knockdown > 160 Air Recovery > 1 Action 1 > 65 Overhead Hitstun > 64 Standing Hitstun > 66 Low Hitstun > 1 Action 1,hitstun > knockdown > hitstun > air_recovery > hitstun > knockdown > air_recovery > hitstun > knockdown > air_recovery > hitstun > knockdown > wakeup > hitstun > knockdown > air_recovery > hitstun > neutral > hitstun > neutral,0,0,23,22,254464,6,4,258,True,True,True,7,137,16,316,0x00000000,0 > 40 > 32 > 25 > 39 > 31 > 27 > 23 > 19 > 15 > 7 > 0 > 38 > 32 > 21 > 17 > 13 > 8 > 39 > 0 > 37 > 33 > 28 > 24 > 14 > 8 > 40 > 34 > 28 > 22 > 0 > 39 > 35 > 31 > 27 > 23 > 12 > 40 > 0 > 34 > 35 > 29 > 19 > 12 > 7 > 40 > 34 > 28 > 22 > 14 > 8 > 3 > 39 > 35 > 30 > 20 > 14 > 10 > 6 > 2 > 38 > 34 > 30 > 26 > 22 > 18 > 14 > 10 > 5 > 1 > 36 > 32 > 0 > 37 > 33 > 25 > 38 > 31 > 27 > 22 > 18 > 13 > 9 > 5 > 2 > 38 > 34 > 30 > 25 > 21 > 17 > 9 > 3 > 37 > 30 > 23 > 16 > 6 > 1 > 36 > 32 > 28 > 24 > 19 > 15 > 11 > 7 > 3 > 39 > 30 > 22 > 15 > 0 > 39 > 35 > 0 > 32 > 23 > 17 > 1 > 5 > 29 > 20 > 11 > 3 > 37 > 32 > 23 > 16 > 9 > 37 > 31 > 23 > 14 > 6 > 37 > 32 > 28 > 24 > 19 > 13 > 3 > 25 > 14 > 5 > 35 > 27 > 22 > 18 > 11 > 3 > 38 > 33 > 22 > 12 > 5 > 37 > 26 > 19 > 11 > 2 > 30 > 16 > 9 > 40 > 0 > 39 > 28 > 13 > 6,0,8 > 16 > 8 > 0 > 32 > 160 > 48 > 160 > 0 > 8 > 24 > 16 > 0 > 160 > 176 > 48 > 160 > 168 > 8 > 24 > 0 > 8 > 0 > 8 > 40 > 168 > 160 > 176 > 48 > 160 > 168 > 160 > 0 > 8 > 0 > 8 > 0 > 8 > 0 > 160 > 40 > 8 > 0 > 8 > 0 > 8 > 0 > 32 > 160 > 168 > 160 > 168 > 160 > 168 > 160 > 168 > 8 > 0 > 160 > 168,0 > 64 > 192 > 64 > 192 > 64 > 192 > 193 > 1 > 0 > 64 > 192 > 1 > 0 > 64 > 192 > 193 > 1 > 0 > 64 > 192 > 0 > 1 > 0 > 64 > 192 > 64 > 192 > 64 > 192 > 64 > 192 > 64 > 192 > 193 > 1 > 0 > 1,4 > 0 > 4 > 0 > 4 > 0 > 128 > 0 > 4 > 0 > 4 > 0 > 4 > 0 > 128 > 0 > 4 > 0,0,+0x1228 secondary reaction timer observed; +0x1210 held instead of decrementing on one or more sampled frames
2026-07-26T12:46:10Z,588,601,13,P2-C1,P2,0x927EB9E0,12,Ryu,hit,64,Standing Hitstun,1,Action 1,64 Standing Hitstun > 66 Low Hitstun > 64 Standing Hitstun > 91 Soft Knockdown > 64 Standing Hitstun > 1 Action 1,hitstun > knockdown > hitstun > neutral,0,0,27,26,0,0,0,2,True,False,False,7,,,13,0x00000000,0 > 34 > 18 > 10,0,8 > 40 > 0 > 160,0 > 64 > 192 > 1 > 0 > 1,4 > 0 > 4 > 0,0,+0x1228 secondary reaction timer observed; +0x1210 held instead of decrementing on one or more sampled frames
2026-07-26T12:46:15Z,608,624,16,P2-C1,P2,0x927EB9E0,12,Ryu,hit,1,Action 1,1,Action 1,1 Action 1 > 64 Standing Hitstun > 66 Low Hitstun > 64 Standing Hitstun > 91 Soft Knockdown > 1 Action 1 > 64 Standing Hitstun > 1 Action 1,hitstun > knockdown > neutral > hitstun > neutral,0,0,27,26,0,2,0,4,True,False,False,6,,,16,0x00000000,0 > 36 > 0 > 39 > 29 > 21 > 14,0,0 > 8 > 168 > 8 > 0 > 160,0 > 64 > 192 > 1 > 0 > 1,0 > 4 > 0 > 4 > 0,0,+0x1228 secondary reaction timer observed; +0x1210 held instead of decrementing on one or more sampled frames
2026-07-26T12:46:19Z,626,644,18,P2-C1,P2,0x927EB9E0,12,Ryu,hit,1,Action 1,1,Action 1,1 Action 1 > 64 Standing Hitstun > 66 Low Hitstun > 64 Standing Hitstun > 91 Soft Knockdown > 1 Action 1 > 64 Standing Hitstun > 1 Action 1,hitstun > knockdown > neutral > hitstun > neutral,0,0,27,26,0,0,1,4,True,False,False,8,,,18,0x00000000,0 > 37 > 0 > 36 > 25 > 15 > 38,0,0 > 8 > 168 > 8 > 0 > 168,0 > 64 > 192 > 1 > 0 > 1,0 > 4 > 0 > 4 > 0,0,+0x1228 secondary reaction timer observed; +0x1210 held instead of decrementing on one or more sampled frames
2026-07-26T12:47:41Z,1743,2063,320,P2-C1,P2,0x927EB9E0,12,Ryu,hit,91,Soft Knockdown,1,Action 1,91 Soft Knockdown > 160 Air Recovery > 4615 Action 4615 > 119 Get Up Face Down > 19 Action 19 > 20 Action 20 > 30 Action 30 > 1 Action 1 > 20 Action 20 > 1 Action 1 > 64 Standing Hitstun > 97 Launched > 91 Soft Knockdown > 160 Air Recovery > 1 Action 1 > 64 Standing Hitstun > 97 Launched > 91 Soft Knockdown > 160 Air Recovery > 1 Action 1 > 64 Standing Hitstun > 1 Action 1 > 97 Launched > 91 Soft Knockdown > 160 Air Recovery > 1 Action 1 > 64 Standing Hitstun > 97 Launched > 91 Soft Knockdown > 160 Air Recovery > 30 Action 30 > 1 Action 1 > 64 Standing Hitstun > 97 Launched > 160 Air Recovery > 30 Action 30 > 1 Action 1 > 64 Standing Hitstun > 97 Launched > 91 Soft Knockdown > 4615 Action 4615 > 104 Knockdown Face Down > 119 Get Up Face Down > 1 Action 1 > 89 Spiral Knockdown > 102 Knockdown Face Up > 113 Get Up Face Up > 1 Action 1 > 64 Standing Hitstun > 66 Low Hitstun > 64 Standing Hitstun > 80 Hard Knockdown > 73 Knockdown Face Up > 113 Get Up Face Up > 1 Action 1 > 64 Standing Hitstun > 66 Low Hitstun > 64 Standing Hitstun > 1 Action 1,knockdown > air_recovery > hitstun > wakeup > hitstun > knockdown > air_recovery > hitstun > knockdown > air_recovery > hitstun > knockdown > air_recovery > hitstun > knockdown > air_recovery > hitstun > air_recovery > hitstun > knockdown > hitstun > knockdown > wakeup > hitstun > knockdown > wakeup > hitstun > knockdown > wakeup > hitstun > neutral,0,0,25,24,255488,6,2,262,True,True,True,0,21,5,320,0x00000000,0 > 36 > 26 > 0 > 33 > 28 > 22 > 11 > 6 > 0 > 40 > 36 > 32 > 28 > 19 > 14 > 8 > 0 > 39 > 33 > 27 > 21 > 15 > 9 > 2 > 38 > 34 > 30 > 26 > 22 > 18 > 13 > 9 > 5 > 31 > 22 > 12 > 6 > 35 > 29 > 22 > 16 > 0 > 37 > 40 > 37 > 32 > 28 > 23 > 0 > 34 > 39 > 35 > 31 > 27 > 23 > 18 > 14 > 0 > 37 > 40 > 38 > 29 > 21 > 0 > 35 > 0 > 35 > 31 > 40 > 36 > 32 > 27 > 23 > 14 > 1 > 29 > 18 > 11 > 3 > 39 > 27 > 19 > 12 > 5 > 38 > 32 > 21 > 14 > 0 > 31 > 39 > 33 > 29 > 24 > 20 > 11 > 2 > 37 > 33 > 29 > 25 > 21 > 17 > 10 > 2 > 35 > 28 > 20 > 12 > 7 > 2 > 37 > 32 > 25 > 16 > 0 > 30 > 22 > 33 > 25 > 13 > 5 > 37 > 30 > 22 > 14 > 4 > 37 > 33 > 27 > 23 > 19 > 6 > 38 > 29 > 20 > 9 > 40 > 32 > 27 > 23 > 18 > 13 > 9 > 5 > 1 > 37 > 33 > 29 > 25 > 21 > 17 > 13 > 9 > 5 > 1 > 37 > 33 > 28 > 24 > 20 > 15 > 11 > 7 > 3 > 39 > 35 > 31 > 27 > 23 > 19 > 15 > 11 > 7 > 3 > 39 > 34 > 30 > 26 > 22 > 0 > 38 > 26 > 32 > 26 > 19 > 0 > 37 > 27 > 18,0,0 > 8 > 0 > 8 > 24 > 8 > 0 > 8 > 168 > 40 > 32 > 160 > 32 > 160 > 168 > 8 > 0 > 8 > 0 > 8 > 32 > 160 > 168 > 40 > 8 > 0 > 8 > 32 > 160 > 168 > 8 > 168 > 0 > 8 > 32 > 160 > 8 > 0 > 8 > 32 > 168 > 8 > 0 > 32 > 160 > 168 > 8 > 0 > 8 > 24 > 8 > 0 > 64 > 0 > 8 > 168 > 160 > 168 > 8 > 0 > 8 > 0 > 160 > 168 > 160 > 168 > 160 > 168 > 8 > 0 > 8 > 0 > 160 > 168 > 0 > 8 > 168 > 160,64 > 192 > 64 > 192 > 193 > 64 > 0 > 1 > 65 > 193 > 1 > 65 > 193 > 1 > 0 > 192 > 64 > 192 > 193 > 1 > 0 > 64 > 192 > 193 > 1 > 0 > 1 > 0 > 64 > 192 > 193 > 1 > 0 > 64 > 192 > 64 > 192 > 193 > 1 > 0 > 64 > 192 > 193 > 1 > 0 > 64 > 192 > 64 > 0 > 1 > 64 > 192 > 0 > 1 > 0 > 64 > 192 > 0 > 1 > 0 > 1,0 > 4 > 16 > 0 > 16 > 0 > 4 > 0 > 128 > 0 > 4 > 0 > 128 > 0 > 4 > 0 > 128 > 0 > 4 > 0 > 128 > 0 > 4 > 0 > 128 > 0 > 4 > 0 > 4 > 0 > 4 > 0 > 4 > 0 > 4 > 0 > 4 > 0,0,+0x1228 secondary reaction timer observed; +0x1210 held instead of decrementing on one or more sampled frames
2026-07-26T12:47:44Z,2068,2081,13,P2-C1,P2,0x927EB9E0,12,Ryu,hit,64,Standing Hitstun,1,Action 1,64 Standing Hitstun > 66 Low Hitstun > 64 Standing Hitstun > 1 Action 1,hitstun > neutral,0,0,25,24,0,0,0,1,False,False,False,,,,13,0x00000000,0 > 37 > 33 > 29,0,8 > 168,0 > 1,4 > 0,0,+0x1228 secondary reaction timer observed; +0x1210 held instead of decrementing on one or more sampled frames
2026-07-26T12:47:46Z,2086,2094,8,P2-C1,P2,0x927EB9E0,12,Ryu,hit,64,Standing Hitstun,1,Action 1,64 Standing Hitstun > 66 Low Hitstun > 1 Action 1,hitstun > neutral,0,0,22,21,0,0,1,0,False,False,False,,,,8,0x00000000,0 > 36 > 29 > 24,0,8 > 0 > 8 > 168,0 > 1,4 > 0,0,+0x1228 secondary reaction timer observed
2026-07-26T12:47:50Z,2108,2121,13,P2-C1,P2,0x927EB9E0,12,Ryu,hit,64,Standing Hitstun,1,Action 1,64 Standing Hitstun > 66 Low Hitstun > 64 Standing Hitstun > 1 Action 1,hitstun > neutral,0,0,25,25,0,0,0,2,False,False,False,,,,13,0x00000000,0 > 37 > 30 > 21,0,8 > 0 > 8 > 168 > 160,0 > 1,4 > 0,0,+0x1228 secondary reaction timer observed; +0x1210 held instead of decrementing on one or more sampled frames
2026-07-26T12:48:11Z,2130,2287,157,P2-C1,P2,0x927EB9E0,12,Ryu,hit,64,Standing Hitstun,1,Action 1,64 Standing Hitstun > 66 Low Hitstun > 64 Standing Hitstun > 80 Hard Knockdown > 73 Knockdown Face Up > 113 Get Up Face Up > 1 Action 1 > 64 Standing Hitstun > 66 Low Hitstun > 64 Standing Hitstun > 80 Hard Knockdown > 73 Knockdown Face Up > 113 Get Up Face Up > 1 Action 1 > 64 Standing Hitstun > 66 Low Hitstun > 64 Standing Hitstun > 80 Hard Knockdown > 91 Soft Knockdown > 160 Air Recovery > 1 Action 1 > 64 Standing Hitstun > 66 Low Hitstun > 64 Standing Hitstun > 1 Action 1,hitstun > knockdown > wakeup > hitstun > knockdown > wakeup > hitstun > knockdown > air_recovery > hitstun > neutral,0,0,25,25,255488,4,0,101,True,True,True,13,25,139,157,0x00000000,0 > 37 > 26 > 40 > 33 > 26 > 21 > 15 > 8 > 5 > 40 > 0 > 39 > 35 > 24 > 37 > 29 > 23 > 16 > 9 > 40 > 32 > 25 > 20 > 12 > 6 > 40 > 34 > 24 > 14 > 5 > 39 > 33 > 28 > 25 > 21 > 17 > 13 > 9 > 6 > 2 > 37 > 33 > 28 > 24 > 15 > 8 > 2 > 36 > 30 > 24 > 17 > 13 > 9 > 5 > 40 > 36 > 32 > 28 > 24 > 20 > 16 > 12 > 1 > 32 > 24 > 16 > 0 > 40 > 33 > 0 > 38 > 32 > 26,0,8 > 0 > 128 > 160 > 168 > 40 > 8 > 0 > 168 > 160 > 168 > 160 > 168 > 160 > 168 > 40 > 8 > 0 > 8 > 0 > 160 > 168 > 8 > 168,0 > 64 > 192 > 0 > 1 > 0 > 64 > 192 > 0 > 1 > 0 > 64 > 192 > 64 > 192 > 193 > 1 > 0 > 1,4 > 0 > 4 > 0 > 4 > 0 > 4 > 0 > 4 > 0 > 4 > 0,0,+0x1228 secondary reaction timer observed; +0x1210 held instead of decrementing on one or more sampled frames
2026-07-26T14:10:08Z,202,296,94,P2-C1,P2,0x927EB9E0,12,Ryu,hit,64,Standing Hitstun,1,Action 1,64 Standing Hitstun > 66 Low Hitstun > 64 Standing Hitstun > 80 Hard Knockdown > 73 Knockdown Face Up > 113 Get Up Face Up > 1 Action 1 > 64 Standing Hitstun > 66 Low Hitstun > 64 Standing Hitstun > 1 Action 1,hitstun > knockdown > wakeup > hitstun > neutral,0,0,25,25,255232,4,2,62,True,True,False,16,27,,94,0x00000000,0 > 36 > 31 > 25 > 40 > 36 > 32 > 27 > 23 > 18 > 12 > 7 > 40 > 34 > 28 > 23 > 18 > 12 > 7 > 2 > 37 > 33 > 28 > 23 > 18 > 13 > 8 > 3 > 39 > 34 > 30 > 26 > 21 > 16 > 11 > 6 > 2 > 38 > 34 > 30 > 26 > 21 > 17 > 13 > 8 > 0 > 38 > 33 > 24,0,8 > 0 > 128 > 160 > 168 > 160 > 168 > 40 > 8 > 0 > 8 > 0 > 160,0 > 64 > 192 > 0 > 1 > 0 > 1,4 > 0 > 4 > 0 > 4 > 0,0,+0x1228 secondary reaction timer observed; +0x1210 held instead of decrementing on one or more sampled frames
2026-07-26T14:10:10Z,301,324,23,P2-C1,P2,0x927EB9E0,12,Ryu,hit,64,Standing Hitstun,1,Action 1,64 Standing Hitstun > 66 Low Hitstun > 64 Standing Hitstun > 1 Action 1,hitstun > neutral,0,0,25,24,0,0,0,6,False,False,False,,,,23,0x00000000,0 > 38 > 33 > 28,0,40 > 8 > 0 > 160,1 > 0 > 1,4 > 0,0,+0x1228 secondary reaction timer observed; +0x1210 held instead of decrementing on one or more sampled frames
2026-07-26T14:10:12Z,330,342,12,P2-C1,P2,0x927EB9E0,12,Ryu,hit,64,Standing Hitstun,1,Action 1,64 Standing Hitstun > 66 Low Hitstun > 1 Action 1,hitstun > neutral,0,0,22,21,0,0,0,3,False,False,False,,,,12,0x00000000,0 > 40 > 34 > 29,0,8 > 0 > 8 > 136 > 168,0 > 1,4 > 0,0,+0x1228 secondary reaction timer observed; +0x1210 held instead of decrementing on one or more sampled frames
2026-07-26T14:24:01Z,0,232,232,P2-C1,P2,0x927EB9E0,12,Ryu,hit,1,Action 1,1,Action 1,1 Action 1 > 20 Action 20 > 30 Action 30 > 1 Action 1 > 20 Action 20 > 91 Soft Knockdown > 160 Air Recovery > 4615 Action 4615 > 119 Get Up Face Down > 19 Action 19 > 20 Action 20 > 30 Action 30 > 20 Action 20 > 91 Soft Knockdown > 160 Air Recovery > 1 Action 1 > 20 Action 20 > 91 Soft Knockdown > 160 Air Recovery > 30 Action 30 > 20 Action 20 > 1 Action 1 > 20 Action 20 > 1 Action 1 > 20 Action 20 > 30 Action 30 > 1 Action 1 > 64 Standing Hitstun > 66 Low Hitstun > 1 Action 1,hitstun > knockdown > air_recovery > hitstun > wakeup > hitstun > knockdown > air_recovery > hitstun > knockdown > air_recovery > hitstun > neutral,0,0,21,21,255488,6,1,220,True,True,True,92,128,102,232,0x00000000,13 > 37 > 28 > 7 > 38 > 30 > 20 > 10 > 1 > 19 > 12 > 2 > 32 > 24 > 12 > 3 > 31 > 23 > 17 > 11 > 4 > 36 > 30 > 25 > 21 > 16 > 11 > 5 > 36 > 30 > 24 > 19 > 14 > 9 > 4 > 39 > 35 > 31 > 26 > 20 > 16 > 12 > 7 > 3 > 39 > 34 > 27 > 21 > 17 > 12 > 7 > 3 > 39 > 35 > 31 > 26 > 22 > 17 > 11 > 6 > 40 > 35 > 30 > 25 > 20 > 15 > 11 > 5 > 39 > 34 > 29 > 24 > 20 > 15 > 11 > 7 > 3 > 38 > 39 > 36 > 32 > 27 > 23 > 19 > 15 > 10 > 6 > 40 > 0 > 39 > 35 > 31 > 0 > 36 > 32 > 28 > 23 > 40 > 38 > 33 > 29 > 25 > 20 > 16 > 12 > 7 > 3 > 38 > 40 > 36 > 31 > 0 > 38 > 0 > 39 > 34 > 30 > 0 > 38 > 39 > 37 > 27 > 17 > 11 > 6 > 0 > 39 > 34 > 29 > 23 > 17 > 13 > 8 > 3 > 0 > 39 > 34 > 30 > 26 > 22 > 17 > 13 > 9 > 5 > 40 > 34 > 30 > 26 > 22 > 17 > 12 > 8 > 3 > 39 > 35 > 31 > 27 > 23 > 19 > 14 > 9 > 4 > 39 > 0 > 36 > 30 > 25,0,160 > 168 > 160 > 32 > 160 > 32 > 40 > 8 > 0 > 8 > 0 > 24 > 8 > 24 > 8 > 0 > 160 > 32 > 40 > 8 > 0 > 32 > 160 > 32 > 40 > 0 > 8 > 0 > 32 > 40 > 160 > 32 > 40 > 168 > 32 > 40 > 168 > 160 > 168 > 8 > 0 > 8 > 0 > 160,1 > 65 > 193 > 1 > 65 > 64 > 192 > 64 > 192 > 193 > 64 > 0 > 1 > 65 > 193 > 1 > 65 > 64 > 192 > 64 > 192 > 193 > 1 > 65 > 64 > 192 > 64 > 192 > 193 > 1 > 65 > 193 > 1 > 65 > 193 > 1 > 65 > 193 > 1 > 0 > 1,0 > 16 > 0 > 16 > 0 > 4 > 16 > 0 > 16 > 0 > 128 > 16 > 0 > 128 > 16 > 0 > 16 > 0 > 16 > 0 > 4 > 0,0,+0x1228 secondary reaction timer observed; +0x1210 held instead of decrementing on one or more sampled frames
2026-07-26T14:42:24Z,0,249,249,P2-C1,P2,0x927EB9E0,12,Ryu,hit,1,Action 1,1,Action 1,1 Action 1 > 20 Action 20 > 30 Action 30 > 19 Action 19 > 20 Action 20 > 91 Soft Knockdown > 160 Air Recovery > 30 Action 30 > 20 Action 20 > 30 Action 30 > 19 Action 19 > 20 Action 20 > 91 Soft Knockdown > 160 Air Recovery > 4615 Action 4615 > 104 Knockdown Face Down > 119 Get Up Face Down > 19 Action 19 > 20 Action 20 > 30 Action 30 > 1 Action 1 > 64 Standing Hitstun > 66 Low Hitstun > 1 Action 1,hitstun > knockdown > air_recovery > hitstun > knockdown > air_recovery > hitstun > knockdown > wakeup > hitstun > neutral,0,0,21,19,255488,6,2,236,True,True,True,139,206,150,249,0x00000000,23 > 4 > 38 > 32 > 27 > 20 > 16 > 12 > 8 > 3 > 40 > 36 > 32 > 28 > 23 > 19 > 14 > 10 > 6 > 2 > 37 > 33 > 27 > 23 > 18 > 14 > 10 > 6 > 1 > 37 > 33 > 29 > 25 > 21 > 17 > 13 > 9 > 4 > 1 > 37 > 33 > 29 > 25 > 21 > 17 > 12 > 8 > 4 > 40 > 36 > 32 > 28 > 25 > 20 > 16 > 12 > 8 > 1 > 37 > 33 > 29 > 26 > 22 > 18 > 14 > 11 > 7 > 3 > 39 > 34 > 30 > 26 > 22 > 18 > 14 > 10 > 7 > 3 > 39 > 35 > 30 > 26 > 22 > 18 > 14 > 10 > 6 > 2 > 38 > 34 > 30 > 26 > 22 > 18 > 14 > 10 > 6 > 2 > 38 > 34 > 30 > 26 > 21 > 17 > 13 > 9 > 5 > 1 > 36 > 32 > 28 > 24 > 20 > 16 > 12 > 8 > 4 > 40 > 36 > 33 > 29 > 25 > 21 > 17 > 13 > 39 > 35 > 31 > 27 > 23 > 19 > 15 > 12 > 8 > 4 > 39 > 40 > 38 > 34 > 30 > 0 > 37 > 38 > 0 > 37 > 33 > 30 > 22 > 15 > 7 > 39 > 40 > 38 > 34 > 0 > 37 > 32 > 28 > 24 > 0 > 39 > 35 > 30 > 26 > 22 > 18 > 14 > 10 > 6 > 0 > 36 > 32 > 27 > 24 > 19 > 15 > 11 > 7 > 2 > 38 > 34 > 29 > 25 > 21 > 17 > 0 > 37 > 33 > 29,0,160 > 168 > 160 > 32 > 160 > 32 > 40 > 0 > 8 > 0 > 32 > 160 > 40 > 0 > 8 > 0 > 8 > 0 > 8 > 24 > 8 > 0 > 72 > 8 > 168 > 40 > 32 > 8 > 40 > 168 > 160 > 168 > 8 > 0 > 160,1 > 65 > 193 > 1 > 65 > 64 > 192 > 64 > 192 > 193 > 1 > 65 > 193 > 1 > 65 > 64 > 192 > 64 > 192 > 193 > 64 > 0 > 1 > 65 > 193 > 192 > 193 > 1 > 0 > 1,0 > 16 > 0 > 4 > 16 > 0 > 128 > 16 > 0 > 4 > 16 > 0 > 4 > 16 > 0 > 4 > 0,0,+0x1228 secondary reaction timer observed; +0x1210 held instead of decrementing on one or more sampled frames
2026-07-26T14:42:26Z,253,268,15,P2-C1,P2,0x927EB9E0,12,Ryu,hit,64,Standing Hitstun,1,Action 1,64 Standing Hitstun > 66 Low Hitstun > 1 Action 1,hitstun > neutral,0,0,17,16,0,0,3,1,False,False,False,,,,15,0x00000000,0 > 37 > 32 > 28,0,8 > 0 > 160,0 > 1,4 > 0,0,+0x1228 secondary reaction timer observed; +0x1210 held instead of decrementing on one or more sampled frames
2026-07-26T14:42:27Z,279,286,7,P2-C1,P2,0x927EB9E0,12,Ryu,hit,1,Action 1,1,Action 1,1 Action 1 > 64 Standing Hitstun > 1 Action 1,hitstun > neutral,0,0,12,12,0,0,1,1,False,False,False,,,,7,0x00000000,22 > 0 > 39 > 34 > 30,0,0 > 8 > 128 > 160,0 > 1,0 > 4 > 0,0,+0x1228 secondary reaction timer observed; +0x1210 held instead of decrementing on one or more sampled frames
2026-07-26T18:18:59Z,4,15,11,P2-C1,P2,0x927EB9E0,1,Ken the Eagle,hit,64,Standing Hitstun,1,Action 1,64 Standing Hitstun > 66 Low Hitstun > 64 Standing Hitstun > 1 Action 1,hitstun > neutral,0,0,21,20,0,0,0,0,False,False,False,,,,11,0x00000000,0 > 33 > 26 > 20,0,40 > 0 > 8 > 0 > 160,1 > 0 > 1,4 > 0,0,+0x1228 secondary reaction timer observed
2026-07-26T18:19:09Z,113,133,20,P2-C1,P2,0x927EB9E0,1,Ken the Eagle,hit,64,Standing Hitstun,1,Action 1,64 Standing Hitstun > 66 Low Hitstun > 64 Standing Hitstun > 1 Action 1,hitstun > neutral,0,0,21,20,0,0,0,1,False,False,False,,,,20,0x00000000,0 > 37 > 32 > 27,0,8 > 168 > 160,0 > 1,4 > 0,0,+0x1228 secondary reaction timer observed; +0x1210 held instead of decrementing on one or more sampled frames
2026-07-26T18:20:03Z,816,824,8,P2-C1,P2,0x927EB9E0,1,Ken the Eagle,hit,64,Standing Hitstun,1,Action 1,64 Standing Hitstun > 1 Action 1,hitstun > neutral,0,0,21,20,0,0,0,1,False,False,False,,,,8,0x00000000,0 > 40 > 36 > 32 > 29,0,40 > 8 > 168 > 160,1 > 0 > 1,4 > 0,0,+0x1228 secondary reaction timer observed; +0x1210 held instead of decrementing on one or more sampled frames
2026-07-26T18:41:46Z,0,8,8,P2-C1,P2,0x927EB9E0,1,Ken the Eagle,hit,66,Low Hitstun,1,Action 1,66 Low Hitstun > 64 Standing Hitstun > 1 Action 1,hitstun > neutral,0,0,21,20,0,0,0,0,False,False,False,,,,8,0x00000000,0 > 37 > 32 > 27,0,8 > 168 > 160,0 > 1,4 > 0,0,+0x1228 secondary reaction timer observed
2026-07-26T18:41:49Z,22,41,19,P2-C1,P2,0x927EB9E0,1,Ken the Eagle,hit,64,Standing Hitstun,1,Action 1,64 Standing Hitstun > 66 Low Hitstun > 64 Standing Hitstun > 1 Action 1,hitstun > neutral,0,0,21,21,0,0,0,5,False,False,False,,,,19,0x00000000,0 > 40 > 36 > 32,0,40 > 8 > 136 > 160,1 > 0 > 1,4 > 0,0,+0x1228 secondary reaction timer observed; +0x1210 held instead of decrementing on one or more sampled frames
2026-07-26T18:41:51Z,51,57,6,P2-C1,P2,0x927EB9E0,1,Ken the Eagle,hit,1,Action 1,1,Action 1,1 Action 1 > 66 Low Hitstun > 1 Action 1,hitstun > neutral,0,0,12,12,0,0,0,1,False,False,False,,,,6,0x00000000,6 > 0 > 37 > 25 > 17 > 13,0,0 > 8 > 160,0 > 1,0 > 4 > 0,0,+0x1228 secondary reaction timer observed; +0x1210 held instead of decrementing on one or more sampled frames
2026-07-26T18:41:53Z,69,79,10,P2-C1,P2,0x927EB9E0,1,Ken the Eagle,hit,64,Standing Hitstun,1,Action 1,64 Standing Hitstun > 66 Low Hitstun > 1 Action 1,hitstun > neutral,0,0,17,16,0,0,1,2,False,False,False,,,,10,0x00000000,0 > 37 > 33 > 28,0,8 > 0 > 8 > 0 > 8 > 168 > 160,0 > 1,4 > 0,0,+0x1228 secondary reaction timer observed; +0x1210 held instead of decrementing on one or more sampled frames
2026-07-26T18:41:55Z,83,97,14,P2-C1,P2,0x927EB9E0,1,Ken the Eagle,hit,64,Standing Hitstun,1,Action 1,64 Standing Hitstun > 66 Low Hitstun > 64 Standing Hitstun > 1 Action 1,hitstun > neutral,0,0,21,20,0,0,0,1,False,False,False,,,,14,0x00000000,0 > 40 > 35 > 31,0,8 > 0 > 128 > 160,0 > 1,4 > 0,0,+0x1228 secondary reaction timer observed; +0x1210 held instead of decrementing on one or more sampled frames
2026-07-26T18:42:04Z,99,173,74,P2-C1,P2,0x927EB9E0,1,Ken the Eagle,hit,4562,Action 4562,1,Action 1,4562 Action 4562 > 102 Knockdown Face Up > 103 Wakeup Transition > 113 Get Up Face Up > 32 Action 32 > 1 Action 1 > 4562 Action 4562 > 102 Knockdown Face Up > 103 Wakeup Transition > 113 Get Up Face Up > 1 Action 1 > 4562 Action 4562 > 102 Knockdown Face Up > 113 Get Up Face Up > 1 Action 1 > 32 Action 32 > 1 Action 1 > 64 Standing Hitstun > 1 Action 1,hitstun > knockdown > wakeup > hitstun > knockdown > wakeup > hitstun > knockdown > wakeup > hitstun > neutral,0,0,12,11,255232,4,0,69,True,True,False,3,8,,74,0x00000000,0 > 38 > 36 > 28 > 22 > 39 > 32 > 25 > 17 > 13 > 8 > 4 > 0 > 38 > 33 > 27 > 23 > 39 > 34 > 30 > 26 > 21 > 17 > 7 > 40 > 30 > 20 > 14 > 9 > 4 > 40 > 36 > 31 > 27 > 22 > 18 > 0 > 39 > 36 > 29 > 25 > 0 > 37 > 0 > 37 > 32 > 28 > 23 > 0 > 38 > 28 > 19 > 14,0,16 > 0 > 64 > 0 > 32 > 160 > 16 > 0 > 160 > 176 > 160 > 0 > 16 > 0 > 128 > 32 > 160 > 168 > 8 > 160,0 > 1 > 0 > 1 > 0 > 1 > 0 > 1,0 > 4 > 0 > 4 > 0 > 4 > 0 > 4 > 0,0,+0x1228 secondary reaction timer observed; +0x1210 held instead of decrementing on one or more sampled frames
2026-07-26T18:42:06Z,193,203,10,P2-C1,P2,0x927EB9E0,1,Ken the Eagle,hit,64,Standing Hitstun,1,Action 1,64 Standing Hitstun > 66 Low Hitstun > 1 Action 1,hitstun > neutral,0,0,17,16,0,0,1,3,False,False,False,,,,10,0x00000000,0 > 38 > 33 > 29,0,40 > 8 > 168 > 160,1 > 0 > 1,4 > 0,0,+0x1228 secondary reaction timer observed; +0x1210 held instead of decrementing on one or more sampled frames
2026-07-26T18:42:18Z,210,313,103,P2-C1,P2,0x927EB9E0,1,Ken the Eagle,hit,96,Soft Knockdown,1,Action 1,96 Soft Knockdown > 102 Knockdown Face Up > 113 Get Up Face Up > 1 Action 1 > 96 Soft Knockdown > 102 Knockdown Face Up > 113 Get Up Face Up > 1 Action 1 > 80 Hard Knockdown > 73 Knockdown Face Up > 113 Get Up Face Up > 1 Action 1 > 64 Standing Hitstun > 1 Action 1,knockdown > wakeup > hitstun > knockdown > wakeup > hitstun > knockdown > wakeup > hitstun > neutral,0,0,21,21,255488,4,0,97,True,True,False,0,11,,103,0x00000000,0 > 39 > 30 > 22 > 33 > 23 > 17 > 13 > 9 > 4 > 40 > 36 > 31 > 26 > 22 > 15 > 7 > 1 > 37 > 33 > 28 > 24 > 20 > 16 > 11 > 7 > 2 > 38 > 34 > 29 > 24 > 0 > 39 > 30 > 24 > 39 > 35 > 30 > 26 > 22 > 17 > 13 > 8 > 4 > 0 > 38 > 26 > 36 > 28 > 22 > 16 > 12 > 8 > 3 > 38 > 34 > 28 > 20 > 14 > 0 > 39 > 30 > 20,0,8 > 0 > 160 > 168 > 8 > 0 > 160 > 168 > 8 > 0 > 160 > 168 > 8 > 168 > 160,64 > 192 > 0 > 1 > 64 > 192 > 0 > 1 > 64 > 192 > 64 > 192 > 0 > 1 > 0 > 1,0 > 4 > 0 > 4 > 0 > 4 > 0 > 4 > 0,0,+0x1228 secondary reaction timer observed; +0x1210 held instead of decrementing on one or more sampled frames
2026-07-26T18:42:28Z,316,410,94,P2-C1,P2,0x927EB9E0,1,Ken the Eagle,hit,4562,Action 4562,1,Action 1,4562 Action 4562 > 102 Knockdown Face Up > 103 Wakeup Transition > 113 Get Up Face Up > 1 Action 1 > 65 Overhead Hitstun > 1 Action 1,hitstun > knockdown > wakeup > hitstun > neutral,0,0,21,20,255232,4,0,88,True,True,False,4,7,,94,0x00000000,0 > 40 > 39 > 34 > 30 > 25 > 38 > 34 > 25 > 20 > 13 > 9 > 5 > 40 > 36 > 31 > 26 > 15 > 3 > 36 > 30 > 24 > 19 > 13 > 7 > 2 > 34 > 28 > 23 > 17 > 11 > 5 > 39 > 34 > 29 > 23 > 17 > 11 > 6 > 40 > 35 > 29 > 21 > 13 > 7 > 40 > 33 > 28 > 23 > 18 > 14 > 9 > 4 > 39 > 34 > 27 > 20 > 14 > 8 > 3 > 37 > 32 > 27 > 22 > 17 > 8 > 38 > 28 > 20 > 14 > 8 > 4 > 39 > 34 > 29 > 24 > 18 > 14 > 9 > 5 > 40 > 35 > 0 > 38 > 24 > 15,0,16 > 0 > 64 > 0 > 128 > 160 > 168 > 160 > 168 > 40 > 8 > 0 > 128 > 160,0 > 1 > 0 > 1,0 > 4 > 0 > 4 > 0,0,+0x1228 secondary reaction timer observed; +0x1210 held instead of decrementing on one or more sampled frames
2026-07-26T19:28:41Z,47171,47178,7,P1-C1,P1,0x9246B9C0,12,Ryu,hit,65,Overhead Hitstun,1,Action 1,65 Overhead Hitstun > 1 Action 1,hitstun > neutral,0,0,17,16,0,0,0,1,False,False,False,,,,7,0x00000000,0 > 40 > 33 > 29 > 26,0,40 > 8 > 160,1 > 0 > 1,4 > 0,0,+0x1228 secondary reaction timer observed; +0x1210 held instead of decrementing on one or more sampled frames
2026-07-26T19:28:43Z,47183,47188,5,P1-C1,P1,0x9246B9C0,12,Ryu,hit,1,Action 1,1,Action 1,1 Action 1 > 65 Overhead Hitstun > 1 Action 1,hitstun > neutral,0,0,17,17,0,0,0,0,False,False,False,,,,5,0x00000000,37 > 0 > 33 > 27 > 17,0,168 > 8 > 160 > 168,1 > 0 > 1,0 > 4 > 0,0,+0x1228 secondary reaction timer observed
2026-07-26T19:28:47Z,47194,47225,31,P1-C1,P1,0x9246B9C0,12,Ryu,hit,65,Overhead Hitstun,1,Action 1,65 Overhead Hitstun > 66 Low Hitstun > 96 Soft Knockdown > 102 Knockdown Face Up > 113 Get Up Face Up > 1 Action 1 > 66 Low Hitstun > 1 Action 1,hitstun > knockdown > wakeup > hitstun > neutral,0,0,21,20,254976,4,1,16,True,True,False,9,19,,31,0x00000000,0 > 39 > 32 > 25 > 37 > 34 > 28 > 0 > 35 > 31 > 27,0,8 > 0 > 8 > 0 > 8 > 168 > 160 > 0 > 8 > 168,0 > 64 > 192 > 0 > 1 > 0 > 1,4 > 0 > 4 > 0 > 4 > 0,0,+0x1228 secondary reaction timer observed; +0x1210 held instead of decrementing on one or more sampled frames
2026-07-26T19:28:58Z,47305,47355,50,P1-C1,P1,0x9246B9C0,12,Ryu,hit,1,Action 1,1,Action 1,1 Action 1 > 64 Standing Hitstun > 1 Action 1 > 66 Low Hitstun > 97 Launched > 91 Soft Knockdown > 160 Air Recovery > 30 Action 30 > 1 Action 1 > 64 Standing Hitstun > 1 Action 1 > 64 Standing Hitstun > 1 Action 1,hitstun > neutral > hitstun > knockdown > air_recovery > hitstun > neutral > hitstun > neutral,0,0,21,20,7424,4,1,30,True,False,True,14,,20,50,0x00000000,0 > 36 > 0 > 40 > 36 > 32 > 29 > 39 > 37 > 32 > 27 > 21 > 16 > 11 > 6 > 40 > 35 > 0 > 38 > 32 > 0 > 40 > 36 > 32,0,168 > 8 > 0 > 8 > 160 > 8 > 0 > 8 > 32 > 56 > 184 > 168 > 160 > 40 > 8 > 168 > 8 > 136 > 160 > 168,1 > 0 > 1 > 0 > 64 > 192 > 193 > 1 > 0 > 1 > 0 > 1,0 > 4 > 0 > 4 > 0 > 128 > 0 > 4 > 0 > 4 > 0,0,+0x1228 secondary reaction timer observed; +0x1210 held instead of decrementing on one or more sampled frames
2026-07-26T19:29:05Z,47357,47444,87,P1-C1,P1,0x9246B9C0,12,Ryu,hit,97,Launched,1,Action 1,97 Launched > 91 Soft Knockdown > 160 Air Recovery > 30 Action 30 > 1 Action 1 > 32 Action 32 > 1 Action 1 > 64 Standing Hitstun > 1 Action 1,hitstun > knockdown > air_recovery > hitstun > neutral,0,0,21,20,7424,2,1,74,True,False,True,3,,9,87,0x00000000,0 > 39 > 34 > 28 > 20 > 0 > 35 > 37 > 39 > 34 > 30 > 27 > 23 > 20 > 16 > 12 > 6 > 40 > 36 > 32 > 26 > 20 > 15 > 9 > 4 > 40 > 36 > 32 > 29 > 26 > 22 > 19 > 15 > 11 > 8 > 2 > 36 > 32 > 28 > 25 > 21 > 18 > 14 > 11 > 8 > 4 > 1 > 38 > 34 > 31 > 25 > 20 > 15 > 11 > 7 > 4 > 1 > 37 > 34 > 30 > 27 > 23 > 20 > 16 > 0 > 38 > 0 > 37 > 34 > 29,0,8 > 0 > 8 > 40 > 32 > 40 > 56 > 184 > 56 > 160 > 168 > 160 > 128 > 160 > 0 > 8 > 168,0 > 64 > 193 > 1 > 0 > 1 > 0 > 1,0 > 128 > 0 > 4 > 0,0,+0x1228 secondary reaction timer observed; +0x1210 held instead of decrementing on one or more sampled frames
2026-07-26T19:29:06Z,47448,47459,11,P1-C1,P1,0x9246B9C0,12,Ryu,hit,1,Action 1,1,Action 1,1 Action 1 > 64 Standing Hitstun > 1 Action 1,hitstun > neutral,0,0,21,20,0,0,0,2,False,False,False,,,,11,0x00000000,0 > 40 > 37 > 34 > 29,0,168 > 8 > 168 > 160,1 > 0 > 1,0 > 4 > 0,0,+0x1228 secondary reaction timer observed; +0x1210 held instead of decrementing on one or more sampled frames
2026-07-26T19:29:11Z,47468,47528,60,P1-C1,P1,0x9246B9C0,12,Ryu,hit,66,Low Hitstun,1,Action 1,66 Low Hitstun > 96 Soft Knockdown > 102 Knockdown Face Up > 113 Get Up Face Up > 1 Action 1 > 64 Standing Hitstun > 1 Action 1,hitstun > knockdown > wakeup > hitstun > neutral,0,0,21,21,255488,4,0,49,True,True,False,6,21,,60,0x00000000,0 > 38 > 34 > 30 > 27 > 22 > 39 > 35 > 32 > 28 > 25 > 21 > 18 > 14 > 11 > 5 > 38 > 34 > 31 > 27 > 23 > 20 > 17 > 13 > 10 > 6 > 3 > 40 > 36 > 33 > 29 > 26 > 0 > 36 > 29 > 23,0,8 > 0 > 8 > 0 > 8 > 168 > 160 > 168 > 40 > 8 > 0 > 160,0 > 64 > 192 > 0 > 1 > 0 > 1,4 > 0 > 4 > 0 > 4 > 0,0,+0x1228 secondary reaction timer observed; +0x1210 held instead of decrementing on one or more sampled frames
2026-07-26T19:29:13Z,47545,47551,6,P1-C1,P1,0x9246B9C0,12,Ryu,hit,65,Overhead Hitstun,1,Action 1,65 Overhead Hitstun > 1 Action 1,hitstun > neutral,0,0,12,11,0,0,0,0,False,False,False,,,,6,0x00000000,0 > 37 > 34 > 30,0,8 > 0 > 160,0 > 1,4 > 0,0,+0x1228 secondary reaction timer observed
2026-07-26T19:29:17Z,47592,47599,7,P1-C1,P1,0x9246B9C0,12,Ryu,hit,64,Standing Hitstun,1,Action 1,64 Standing Hitstun > 1 Action 1,hitstun > neutral,0,0,12,11,0,0,0,1,False,False,False,,,,7,0x00000000,0 > 37 > 33 > 29,0,0 > 8 > 168,0 > 1,4 > 0,0,+0x1228 secondary reaction timer observed; +0x1210 held instead of decrementing on one or more sampled frames
2026-07-26T19:29:32Z,47626,47758,132,P1-C1,P1,0x9246B9C0,12,Ryu,hit,64,Standing Hitstun,1,Action 1,64 Standing Hitstun > 1 Action 1 > 97 Launched > 91 Soft Knockdown > 160 Air Recovery > 32 Action 32 > 1 Action 1 > 64 Standing Hitstun > 1 Action 1,hitstun > neutral > hitstun > knockdown > air_recovery > hitstun > neutral,0,0,21,21,7424,5,0,116,True,False,True,10,,35,132,0x00000000,0 > 35 > 30 > 0 > 37 > 28 > 21 > 40 > 38 > 37 > 26 > 20 > 15 > 11 > 7 > 3 > 39 > 35 > 31 > 27 > 23 > 19 > 14 > 3 > 33 > 21 > 11 > 4 > 34 > 27 > 17 > 10 > 3 > 38 > 32 > 26 > 21 > 16 > 12 > 8 > 5 > 1 > 37 > 33 > 28 > 22 > 18 > 10 > 5 > 37 > 28 > 21 > 18 > 14 > 10 > 6 > 39 > 35 > 31 > 27 > 23 > 15 > 9 > 1 > 36 > 31 > 25 > 21 > 17 > 12 > 7 > 39 > 33 > 27 > 20 > 16 > 10 > 5 > 40 > 36 > 31 > 19 > 11 > 3 > 37 > 31 > 24 > 19 > 14 > 6 > 40 > 34 > 30 > 0 > 37 > 25 > 17 > 11,0,40 > 8 > 160 > 168 > 40 > 8 > 0 > 8 > 0 > 8 > 0 > 8 > 32 > 40 > 168 > 160 > 168 > 160 > 168 > 160 > 168 > 160 > 168 > 160 > 168 > 0 > 8 > 0 > 160,1 > 0 > 1 > 0 > 192 > 64 > 192 > 64 > 192 > 64 > 192 > 193 > 1 > 0 > 1,4 > 0 > 128 > 0 > 4 > 0,0,+0x1228 secondary reaction timer observed; +0x1210 held instead of decrementing on one or more sampled frames
2026-07-26T19:29:40Z,47788,47833,45,P1-C1,P1,0x9246B9C0,12,Ryu,hit,1,Action 1,1,Action 1,1 Action 1 > 65 Overhead Hitstun > 64 Standing Hitstun > 1 Action 1 > 64 Standing Hitstun > 66 Low Hitstun > 97 Launched > 91 Soft Knockdown > 160 Air Recovery > 1 Action 1 > 32 Action 32 > 1 Action 1 > 64 Standing Hitstun > 1 Action 1,hitstun > neutral > hitstun > knockdown > air_recovery > hitstun > neutral,0,0,21,20,7424,5,0,23,True,False,True,19,,24,45,0x00000000,0 > 38 > 0 > 38 > 31 > 26 > 40 > 37 > 38 > 39 > 31 > 0 > 40 > 31 > 19,0,0 > 8 > 0 > 8 > 168 > 8 > 0 > 8 > 0 > 8 > 32 > 40 > 184 > 56 > 168 > 8 > 136 > 160,0 > 1 > 0 > 64 > 193 > 1 > 0 > 1,0 > 4 > 0 > 4 > 0 > 128 > 0 > 4 > 0,0,+0x1228 secondary reaction timer observed; +0x1210 held instead of decrementing on one or more sampled frames
2026-07-26T19:29:42Z,47836,47855,19,P1-C1,P1,0x9246B9C0,12,Ryu,hit,64,Standing Hitstun,1,Action 1,64 Standing Hitstun > 1 Action 1 > 66 Low Hitstun > 64 Standing Hitstun > 1 Action 1,hitstun > neutral > hitstun > neutral,0,0,21,20,0,0,2,4,False,False,False,,,,19,0x00000000,0 > 38 > 0 > 38 > 28 > 20,0,40 > 8 > 160 > 40 > 8 > 136 > 160,1 > 0 > 1 > 0 > 1,4 > 0 > 4 > 0,0,+0x1228 secondary reaction timer observed; +0x1210 held instead of decrementing on one or more sampled frames
2026-07-26T19:30:01Z,0,11,11,P1-C1,P1,0x9246B9C0,12,Ryu,hit,1,Action 1,1,Action 1,1 Action 1,hitstun > neutral,0,0,21,0,0,0,0,8,False,False,False,,,,11,0x00000000,22 > 8 > 40 > 29 > 21 > 16 > 11 > 10 > 9,0,160,1,0,0,+0x1210 held instead of decrementing on one or more sampled frames
2026-07-26T19:30:14Z,185,189,4,P2-C1,P2,0x927EB9E0,1,Ken the Eagle,hit,1,Action 1,1,Action 1,1 Action 1 > 64 Standing Hitstun > 1 Action 1,hitstun > neutral,0,0,12,12,0,0,0,0,False,False,False,,,,4,0x00000000,10 > 0 > 36 > 26 > 17,0,168 > 8 > 136 > 160,1 > 0 > 1,0 > 4 > 0,0,+0x1228 secondary reaction timer observed
2026-07-26T19:30:16Z,194,203,9,P2-C1,P2,0x927EB9E0,1,Ken the Eagle,hit,1,Action 1,1,Action 1,1 Action 1 > 64 Standing Hitstun > 66 Low Hitstun > 1 Action 1,hitstun > neutral,0,0,17,16,0,0,0,0,False,False,False,,,,9,0x00000000,0 > 37 > 30 > 22,0,0 > 8 > 168 > 160,0 > 1,0 > 4 > 0,0,+0x1228 secondary reaction timer observed
2026-07-26T19:30:19Z,211,229,18,P2-C1,P2,0x927EB9E0,1,Ken the Eagle,hit,64,Standing Hitstun,1,Action 1,64 Standing Hitstun > 66 Low Hitstun > 64 Standing Hitstun > 1 Action 1,hitstun > neutral,0,0,21,20,0,0,2,2,False,False,False,,,,18,0x00000000,0 > 37 > 32 > 27,0,40 > 8 > 168 > 160,1 > 0 > 1,4 > 0,0,+0x1228 secondary reaction timer observed; +0x1210 held instead of decrementing on one or more sampled frames
2026-07-26T19:31:01Z,244,698,454,P2-C1,P2,0x927EB9E0,1,Ken the Eagle,hit,64,Standing Hitstun,1,Action 1,64 Standing Hitstun > 66 Low Hitstun > 64 Standing Hitstun > 91 Soft Knockdown > 160 Air Recovery > 1 Action 1 > 64 Standing Hitstun > 91 Soft Knockdown > 160 Air Recovery > 1 Action 1 > 64 Standing Hitstun > 1 Action 1,hitstun > knockdown > air_recovery > hitstun > knockdown > air_recovery > hitstun > neutral,0,0,21,21,0,6,7,427,True,False,True,8,,15,454,0x00000000,0 > 39 > 34 > 27 > 0 > 35 > 26 > 19 > 12 > 7 > 1 > 37 > 33 > 28 > 24 > 15 > 8 > 1 > 37 > 32 > 25 > 20 > 15 > 11 > 6 > 1 > 36 > 32 > 27 > 22 > 18 > 13 > 9 > 4 > 40 > 35 > 31 > 26 > 21 > 16 > 11 > 7 > 2 > 38 > 32 > 28 > 24 > 20 > 16 > 12 > 8 > 4 > 40 > 36 > 32 > 28 > 24 > 20 > 16 > 13 > 8 > 3 > 37 > 32 > 27 > 23 > 18 > 14 > 10 > 5 > 40 > 35 > 28 > 22 > 15 > 10 > 3 > 39 > 34 > 29 > 25 > 21 > 16 > 12 > 8 > 4 > 38 > 33 > 28 > 23 > 18 > 13 > 8 > 40 > 34 > 27 > 21 > 17 > 13 > 9 > 5 > 1 > 37 > 34 > 30 > 26 > 22 > 18 > 14 > 9 > 5 > 1 > 37 > 33 > 29 > 24 > 20 > 16 > 12 > 6 > 40 > 34 > 28 > 20 > 15 > 11 > 7 > 3 > 40 > 36 > 32 > 28 > 24 > 20 > 16 > 12 > 5 > 38 > 34 > 27 > 22 > 14 > 9 > 5 > 1 > 37 > 33 > 30 > 25 > 21 > 17 > 13 > 4 > 39 > 32 > 26 > 20 > 14 > 8 > 3 > 38 > 32 > 26 > 21 > 15 > 8 > 3 > 38 > 34 > 30 > 26 > 22 > 19 > 14 > 10 > 5 > 40 > 36 > 32 > 28 > 24 > 20 > 15 > 11 > 3 > 36 > 28 > 21 > 15 > 8 > 3 > 39 > 35 > 31 > 27 > 22 > 18 > 14 > 9 > 5 > 1 > 33 > 27 > 21 > 14 > 8 > 2 > 38 > 34 > 30 > 26 > 23 > 19 > 14 > 10 > 6 > 37 > 30 > 23 > 17 > 13 > 9 > 5 > 2 > 38 > 34 > 29 > 28 > 24 > 20 > 16 > 11 > 7 > 2 > 37 > 33 > 29 > 25 > 21 > 17 > 13 > 8 > 4 > 40 > 38 > 34 > 29 > 0 > 39 > 30 > 24 > 19 > 14 > 9 > 5 > 40 > 36 > 30 > 20 > 11 > 1 > 36 > 31 > 26 > 21 > 16 > 11 > 6 > 1 > 33 > 28 > 21 > 15 > 9 > 3 > 37 > 31 > 26 > 21 > 16 > 11 > 7 > 2 > 37 > 31 > 26 > 21 > 16 > 11 > 5 > 39 > 34 > 29 > 25 > 20 > 15 > 11 > 6 > 1 > 36 > 31 > 26 > 21 > 16 > 11 > 6 > 40 > 35 > 30 > 25 > 21 > 15 > 11 > 6 > 1 > 36 > 31 > 26 > 22 > 17 > 13 > 8 > 2 > 37 > 32 > 27 > 21 > 16 > 11 > 7 > 2 > 37 > 32 > 27 > 22 > 18 > 13 > 8 > 2 > 37 > 32 > 27 > 22 > 17 > 12 > 7 > 2 > 38 > 33 > 28 > 24 > 18 > 14 > 9 > 5 > 39 > 34 > 29 > 24 > 19 > 15 > 10 > 5 > 40 > 35 > 31 > 26 > 21 > 16 > 11 > 1 > 32 > 22 > 9 > 0 > 38 > 31 > 17,0,8 > 40 > 32 > 160 > 168 > 160 > 168 > 160 > 168 > 160 > 168 > 160 > 168 > 160 > 168 > 160 > 168 > 160 > 168 > 160 > 168 > 160 > 168 > 8 > 160 > 168 > 0 > 160,0 > 64 > 193 > 1 > 0 > 64 > 192 > 193 > 1 > 0 > 1,4 > 0 > 128 > 0 > 4 > 0 > 128 > 0 > 4 > 0,0,+0x1228 secondary reaction timer observed; +0x1210 held instead of decrementing on one or more sampled frames
2026-07-26T19:31:08Z,744,748,4,P2-C1,P2,0x927EB9E0,1,Ken the Eagle,hit,64,Standing Hitstun,1,Action 1,64 Standing Hitstun > 1 Action 1,hitstun > neutral,0,0,11,10,0,0,0,0,False,False,False,,,,4,0x00000000,0 > 31 > 21 > 12,0,8 > 168 > 160,0 > 1,4 > 0,0,+0x1228 secondary reaction timer observed
2026-07-26T19:31:10Z,750,757,7,P2-C1,P2,0x927EB9E0,1,Ken the Eagle,hit,1,Action 1,1,Action 1,1 Action 1 > 64 Standing Hitstun > 66 Low Hitstun > 1 Action 1,hitstun > neutral,0,0,17,16,0,0,0,0,False,False,False,,,,7,0x00000000,0 > 40 > 32 > 23,0,168 > 8 > 136 > 160,1 > 0 > 1,0 > 4 > 0,0,+0x1228 secondary reaction timer observed
2026-07-26T19:31:13Z,762,780,18,P2-C1,P2,0x927EB9E0,1,Ken the Eagle,hit,96,Soft Knockdown,1,Action 1,96 Soft Knockdown > 102 Knockdown Face Up > 113 Get Up Face Up > 1 Action 1 > 65 Overhead Hitstun > 1 Action 1,knockdown > wakeup > hitstun > neutral,0,0,21,20,255488,4,0,13,True,True,False,0,8,,18,0x00000000,0 > 37 > 28 > 36 > 25 > 16 > 0 > 35 > 26 > 20,0,8 > 0 > 160 > 168 > 8 > 0 > 160,64 > 192 > 0 > 1 > 0 > 1,0 > 4 > 0 > 4 > 0,0,+0x1228 secondary reaction timer observed; +0x1210 held instead of decrementing on one or more sampled frames
2026-07-26T19:31:15Z,785,795,10,P2-C1,P2,0x927EB9E0,1,Ken the Eagle,hit,1,Action 1,1,Action 1,1 Action 1 > 64 Standing Hitstun > 66 Low Hitstun > 1 Action 1,hitstun > neutral,0,0,17,16,0,0,1,0,False,False,False,,,,10,0x00000000,0 > 36 > 29 > 20,0,168 > 8 > 168 > 160,1 > 0 > 1,0 > 4 > 0,0,+0x1228 secondary reaction timer observed
2026-07-26T19:31:51Z,815,1127,312,P2-C1,P2,0x927EB9E0,1,Ken the Eagle,hit,64,Standing Hitstun,1,Action 1,64 Standing Hitstun > 97 Launched > 91 Soft Knockdown > 160 Air Recovery > 30 Action 30 > 1 Action 1 > 64 Standing Hitstun > 66 Low Hitstun > 64 Standing Hitstun > 97 Launched > 91 Soft Knockdown > 97 Launched > 160 Air Recovery > 1 Action 1 > 48 Block > 1 Action 1 > 48 Block > 1 Action 1 > 48 Block > 49 Crouching Block > 48 Block > 1 Action 1 > 48 Block > 49 Crouching Block > 48 Block > 1 Action 1 > 64 Standing Hitstun > 66 Low Hitstun > 1 Action 1,hitstun > knockdown > air_recovery > hitstun > knockdown > hitstun > air_recovery > hitstun > blockstun > hitstun > blockstun > hitstun > blockstun > hitstun > blockstun > hitstun > neutral,0,15,21,21,7424,3,4,275,True,False,True,40,,43,312,0x00000000,0 > 38 > 33 > 28 > 23 > 18 > 13 > 9 > 4 > 40 > 35 > 0 > 35 > 29 > 19 > 12 > 5 > 37 > 25 > 16 > 6 > 38 > 31 > 25 > 20 > 16 > 11 > 7 > 2 > 35 > 30 > 25 > 20 > 13 > 8 > 3 > 39 > 34 > 30 > 25 > 21 > 16 > 10 > 6 > 1 > 37 > 32 > 27 > 23 > 19 > 14 > 10 > 5 > 1 > 36 > 32 > 27 > 23 > 19 > 14 > 10 > 5 > 1 > 37 > 32 > 28 > 23 > 19 > 14 > 9 > 4 > 39 > 34 > 28 > 23 > 17 > 13 > 8 > 4 > 39 > 34 > 30 > 26 > 21 > 17 > 12 > 8 > 3 > 38 > 33 > 27 > 22 > 18 > 12 > 6 > 39 > 35 > 31 > 25 > 20 > 17 > 16 > 12 > 7 > 3 > 39 > 34 > 0 > 36 > 35 > 26 > 18 > 11 > 7 > 2 > 37 > 33 > 28 > 24 > 19 > 15 > 10 > 0 > 40 > 37 > 30 > 22 > 15 > 9 > 5 > 0 > 39 > 34 > 0 > 30 > 0 > 40 > 29 > 27 > 21 > 16 > 40 > 35 > 30 > 25 > 0 > 34 > 31 > 0 > 33 > 0 > 27 > 25 > 17 > 6 > 30 > 18 > 6 > 2 > 37 > 32 > 28 > 23 > 18 > 13 > 9 > 4 > 40 > 38 > 33 > 29 > 24 > 20 > 15 > 10 > 0 > 33 > 23 > 16,0,40 > 8 > 0 > 8 > 0 > 8 > 0 > 8 > 0 > 8 > 32 > 160 > 168 > 8 > 0 > 8 > 0 > 8 > 0 > 160 > 168 > 8 > 168 > 160 > 168 > 8 > 136 > 160 > 168 > 8 > 168 > 160 > 168 > 8 > 40 > 8 > 0 > 8 > 0 > 160 > 168 > 8 > 160,1 > 0 > 64 > 192 > 193 > 1 > 0 > 64 > 192 > 64 > 192 > 64 > 192 > 64 > 192 > 193 > 1 > 0 > 1 > 0 > 1 > 16 > 17 > 0 > 1 > 0 > 1 > 16 > 17 > 1 > 17 > 0 > 1 > 0 > 1 > 16 > 17 > 1 > 0 > 1,4 > 0 > 128 > 0 > 4 > 0 > 128 > 0 > 4 > 0,0,+0x1228 secondary reaction timer observed; +0x1210 held instead of decrementing on one or more sampled frames
2026-07-26T19:32:17Z,1131,1383,252,P2-C1,P2,0x927EB9E0,1,Ken the Eagle,hit,89,Spiral Knockdown,1,Action 1,89 Spiral Knockdown > 102 Knockdown Face Up > 113 Get Up Face Up > 1 Action 1 > 48 Block > 49 Crouching Block > 9 Action 9 > 1 Action 1 > 91 Soft Knockdown > 1 Action 1,knockdown > wakeup > hitstun > blockstun > hitstun > knockdown > neutral,0,12,21,20,253952,5,0,248,True,True,False,0,20,,252,0x00000000,0 > 35 > 26 > 37 > 0 > 34 > 33 > 32 > 0 > 40 > 35 > 30 > 40 > 33 > 24 > 16 > 5 > 39 > 34 > 30 > 25 > 21 > 16 > 9 > 5 > 3 > 40 > 35 > 30 > 26 > 21 > 17 > 11 > 5 > 38 > 33 > 28 > 22 > 17 > 12 > 7 > 2 > 37 > 32 > 27 > 22 > 16 > 9 > 2 > 36 > 30 > 25 > 20 > 15 > 10 > 6 > 1 > 36 > 31 > 26 > 21 > 17 > 11 > 6 > 1 > 36 > 32 > 24 > 18 > 13 > 8 > 4 > 39 > 34 > 26 > 21 > 16 > 12 > 7 > 3 > 38 > 34 > 29 > 24 > 19 > 14 > 9 > 5 > 40 > 36 > 32 > 28 > 23 > 19 > 14 > 10 > 6 > 1 > 37 > 32 > 28 > 22 > 15 > 11 > 6 > 1 > 37 > 32 > 27 > 22 > 17 > 12 > 6 > 38 > 28 > 19 > 10 > 40 > 30 > 22 > 14 > 7 > 1 > 33 > 24 > 18 > 11 > 3 > 37 > 32 > 25 > 18 > 12 > 6 > 1 > 35 > 29 > 24 > 16 > 9 > 2 > 36 > 30 > 25 > 19 > 14 > 9 > 5 > 40 > 35 > 30 > 25 > 20 > 13 > 8 > 3 > 37 > 32 > 27 > 20 > 14 > 40 > 28 > 18 > 4 > 34 > 30 > 25 > 20 > 13 > 4 > 36 > 25 > 16 > 10 > 5 > 40 > 36 > 31 > 26 > 21 > 16 > 11 > 2 > 33 > 24 > 11 > 6 > 40 > 35 > 30 > 25 > 20 > 15 > 10 > 1 > 30 > 23 > 13 > 4 > 39 > 32 > 0 > 40 > 36 > 29 > 16,0,40 > 8 > 0 > 8 > 0 > 168 > 8 > 40 > 160 > 168 > 160 > 168 > 160 > 168 > 160 > 168 > 160 > 168 > 160 > 168 > 8 > 168 > 160,65 > 64 > 192 > 0 > 1 > 0 > 1 > 16 > 1 > 0 > 1 > 64 > 192 > 1,0 > 4 > 0,0,+0x1228 secondary reaction timer observed; +0x1210 held instead of decrementing on one or more sampled frames
2026-07-26T19:32:23Z,1434,1440,6,P2-C1,P2,0x927EB9E0,1,Ken the Eagle,hit,64,Standing Hitstun,1,Action 1,64 Standing Hitstun > 1 Action 1,hitstun > neutral,0,0,21,20,0,0,2,0,False,False,False,,,,6,0x00000000,0 > 33 > 29 > 24,0,8 > 160,0 > 1,4 > 0,0,+0x1228 secondary reaction timer observed
2026-07-26T19:35:02Z,3814,3819,5,P2-C1,P2,0x927EB9E0,1,Ken the Eagle,hit,1,Action 1,1,Action 1,1 Action 1 > 64 Standing Hitstun > 1 Action 1,hitstun > neutral,0,0,12,12,0,0,1,0,False,False,False,,,,5,0x00000000,33 > 0 > 31 > 22 > 14,0,0 > 8 > 160,0 > 1,0 > 4 > 0,0,+0x1228 secondary reaction timer observed
2026-07-26T19:35:05Z,3820,3843,23,P2-C1,P2,0x927EB9E0,1,Ken the Eagle,hit,1,Action 1,1,Action 1,1 Action 1 > 91 Soft Knockdown > 160 Air Recovery > 1 Action 1 > 64 Standing Hitstun > 1 Action 1,hitstun > knockdown > air_recovery > hitstun > neutral,0,0,21,21,0,0,2,16,True,False,True,1,,8,23,0x00000000,9 > 0 > 39 > 34 > 29 > 25 > 18 > 38 > 0 > 37 > 32 > 26,0,0 > 8 > 40 > 168 > 8 > 168 > 160,0 > 64 > 193 > 1 > 0 > 1,0 > 128 > 0 > 4 > 0,0,+0x1228 secondary reaction timer observed; +0x1210 held instead of decrementing on one or more sampled frames
2026-07-26T19:35:06Z,3849,3855,6,P2-C1,P2,0x927EB9E0,1,Ken the Eagle,hit,65,Overhead Hitstun,1,Action 1,65 Overhead Hitstun > 1 Action 1,hitstun > neutral,0,0,21,20,0,0,1,0,False,False,False,,,,6,0x00000000,0 > 39 > 35 > 31,0,40 > 8 > 0 > 128 > 160,1 > 0 > 1,4 > 0,0,+0x1228 secondary reaction timer observed
2026-07-26T19:35:24Z,4011,4064,53,P2-C1,P2,0x927EB9E0,1,Ken the Eagle,hit,97,Launched,1,Action 1,97 Launched > 91 Soft Knockdown > 160 Air Recovery > 30 Action 30 > 1 Action 1 > 4562 Action 4562 > 102 Knockdown Face Up > 103 Wakeup Transition > 113 Get Up Face Up > 32 Action 32 > 1 Action 1 > 64 Standing Hitstun > 1 Action 1,hitstun > knockdown > air_recovery > hitstun > knockdown > wakeup > hitstun > neutral,0,0,21,20,255488,4,0,39,True,True,True,3,26,7,53,0x00000000,0 > 39 > 31 > 39 > 38 > 34 > 30 > 25 > 21 > 15 > 10 > 0 > 38 > 37 > 33 > 28 > 24 > 40 > 36 > 30 > 23 > 17 > 0 > 37 > 32 > 23,0,8 > 0 > 8 > 40 > 32 > 160 > 0 > 16 > 0 > 64 > 0 > 32 > 160 > 168 > 8 > 0 > 168,0 > 64 > 192 > 193 > 1 > 0 > 1 > 0 > 1,0 > 128 > 0 > 4 > 0 > 4 > 0,0,+0x1228 secondary reaction timer observed; +0x1210 held instead of decrementing on one or more sampled frames
2026-07-26T19:35:35Z,4077,4158,81,P2-C1,P2,0x927EB9E0,1,Ken the Eagle,hit,64,Standing Hitstun,1,Action 1,64 Standing Hitstun > 80 Hard Knockdown > 73 Knockdown Face Up > 113 Get Up Face Up > 1 Action 1 > 64 Standing Hitstun > 66 Low Hitstun > 64 Standing Hitstun > 96 Soft Knockdown > 91 Soft Knockdown > 81 Bounce Launch > 82 Bounce Off > 91 Soft Knockdown > 160 Air Recovery > 30 Action 30 > 1 Action 1,hitstun > knockdown > wakeup > hitstun > knockdown > air_recovery > neutral,0,0,21,21,255488,4,4,53,True,True,True,18,29,78,81,0x00000000,0 > 36 > 32 > 28 > 23 > 40 > 35 > 0 > 38 > 36 > 30,0,8 > 24 > 0 > 24 > 0 > 24 > 0 > 24 > 0 > 24 > 8 > 0 > 160 > 168 > 8 > 0 > 8 > 0 > 8 > 0 > 8 > 0 > 8 > 0 > 32 > 160 > 168,0 > 64 > 192 > 0 > 1 > 0 > 64 > 192 > 64 > 192 > 64 > 192 > 64 > 192 > 64 > 192 > 1,4 > 0 > 4 > 0 > 4 > 0,0,+0x1228 secondary reaction timer observed; +0x1210 held instead of decrementing on one or more sampled frames
2026-07-26T19:35:37Z,4161,4167,6,P2-C1,P2,0x927EB9E0,1,Ken the Eagle,hit,65,Overhead Hitstun,1,Action 1,65 Overhead Hitstun > 1 Action 1,hitstun > neutral,0,0,17,16,0,0,0,1,False,False,False,,,,6,0x00000000,0 > 40 > 35 > 30,0,8 > 136 > 168 > 160,0 > 1,4 > 0,0,+0x1228 secondary reaction timer observed; +0x1210 held instead of decrementing on one or more sampled frames
2026-07-26T19:35:41Z,4170,4210,40,P2-C1,P2,0x927EB9E0,1,Ken the Eagle,hit,4562,Action 4562,1,Action 1,4562 Action 4562 > 102 Knockdown Face Up > 103 Wakeup Transition > 113 Get Up Face Up > 32 Action 32 > 1 Action 1 > 4562 Action 4562 > 102 Knockdown Face Up > 103 Wakeup Transition > 113 Get Up Face Up > 1 Action 1 > 32 Action 32 > 1 Action 1 > 65 Overhead Hitstun > 1 Action 1,hitstun > knockdown > wakeup > hitstun > knockdown > wakeup > hitstun > neutral,0,0,21,20,255232,4,0,33,True,True,False,4,8,,40,0x00000000,0 > 38 > 33 > 29 > 25 > 39 > 35 > 34 > 28 > 0 > 38 > 37 > 31 > 0 > 34 > 0 > 37 > 33,0,16 > 0 > 64 > 0 > 32 > 160 > 16 > 0 > 64 > 0 > 128 > 32 > 168 > 8 > 0 > 128 > 160,0 > 1 > 0 > 1 > 0 > 1,0 > 4 > 0 > 4 > 0 > 4 > 0,0,+0x1228 secondary reaction timer observed; +0x1210 held instead of decrementing on one or more sampled frames
2026-07-26T19:35:48Z,4278,4283,5,P2-C1,P2,0x927EB9E0,1,Ken the Eagle,hit,65,Overhead Hitstun,1,Action 1,65 Overhead Hitstun > 1 Action 1,hitstun > neutral,0,0,12,11,0,0,0,0,False,False,False,,,,5,0x00000000,0 > 33 > 24 > 16,0,0 > 8 > 168,0 > 1,4 > 0,0,+0x1228 secondary reaction timer observed
2026-07-26T19:57:01Z,0,30,30,P2-C1,P2,0x927EB9E0,1,Ken the Eagle,hit,1,Action 1,1,Action 1,1 Action 1 > 64 Standing Hitstun > 1 Action 1,hitstun > neutral,0,0,21,11,0,0,0,24,False,False,False,,,,30,0x00000000,10 > 34 > 23 > 13 > 6 > 40 > 36 > 32 > 28 > 24 > 20 > 17 > 13 > 9 > 5 > 1 > 37 > 33 > 28 > 24 > 20 > 17 > 13 > 8 > 0 > 33 > 24 > 17,0,160 > 168 > 8 > 160,1 > 0 > 1,0 > 4 > 0,0,+0x1228 secondary reaction timer observed; +0x1210 held instead of decrementing on one or more sampled frames
2026-07-26T19:57:03Z,41,53,12,P2-C1,P2,0x927EB9E0,1,Ken the Eagle,hit,64,Standing Hitstun,1,Action 1,64 Standing Hitstun > 66 Low Hitstun > 1 Action 1,hitstun > neutral,0,0,17,17,0,0,1,3,False,False,False,,,,12,0x00000000,0 > 37 > 33 > 29,0,8 > 168 > 160,0 > 1,4 > 0,0,+0x1228 secondary reaction timer observed; +0x1210 held instead of decrementing on one or more sampled frames
2026-07-26T19:57:04Z,61,70,9,P2-C1,P2,0x927EB9E0,1,Ken the Eagle,hit,64,Standing Hitstun,1,Action 1,64 Standing Hitstun > 1 Action 1,hitstun > neutral,0,0,21,20,0,0,0,1,False,False,False,,,,9,0x00000000,0 > 36 > 32 > 27,0,8 > 168 > 160,0 > 1,4 > 0,0,+0x1228 secondary reaction timer observed; +0x1210 held instead of decrementing on one or more sampled frames
2026-07-26T19:57:07Z,78,96,18,P2-C1,P2,0x927EB9E0,1,Ken the Eagle,hit,64,Standing Hitstun,1,Action 1,64 Standing Hitstun > 1 Action 1,hitstun > neutral,0,0,21,21,0,0,0,6,False,False,False,,,,18,0x00000000,0 > 37 > 33 > 29,0,8 > 0 > 160,0 > 1,4 > 0,0,+0x1228 secondary reaction timer observed; +0x1210 held instead of decrementing on one or more sampled frames
2026-07-26T19:57:10Z,107,129,22,P2-C1,P2,0x927EB9E0,1,Ken the Eagle,hit,64,Standing Hitstun,1,Action 1,64 Standing Hitstun > 1 Action 1,hitstun > neutral,0,0,21,20,0,0,2,7,False,False,False,,,,22,0x00000000,0 > 39 > 34 > 30,0,8 > 0 > 160,0 > 1,4 > 0,0,+0x1228 secondary reaction timer observed; +0x1210 held instead of decrementing on one or more sampled frames
2026-07-26T19:57:19Z,256,267,11,P2-C1,P2,0x927EB9E0,1,Ken the Eagle,hit,64,Standing Hitstun,1,Action 1,64 Standing Hitstun > 1 Action 1,hitstun > neutral,0,0,21,20,0,0,1,2,False,False,False,,,,11,0x00000000,0 > 40 > 37 > 33 > 27,0,40 > 8 > 0 > 160,1 > 0 > 1,4 > 0,0,+0x1228 secondary reaction timer observed; +0x1210 held instead of decrementing on one or more sampled frames
2026-07-26T19:57:26Z,355,364,9,P2-C1,P2,0x927EB9E0,1,Ken the Eagle,hit,64,Standing Hitstun,1,Action 1,64 Standing Hitstun > 1 Action 1,hitstun > neutral,0,0,21,20,0,0,0,2,False,False,False,,,,9,0x00000000,0 > 38 > 34 > 30,0,8 > 0 > 160,0 > 1,4 > 0,0,+0x1228 secondary reaction timer observed; +0x1210 held instead of decrementing on one or more sampled frames
2026-07-26T19:57:31Z,396,434,38,P2-C1,P2,0x927EB9E0,1,Ken the Eagle,hit,64,Standing Hitstun,1,Action 1,64 Standing Hitstun > 91 Soft Knockdown > 30 Action 30 > 32 Action 32 > 1 Action 1,hitstun > knockdown > neutral,0,0,21,21,0,3,4,25,True,False,False,20,,,38,0x00000000,0 > 38 > 39 > 0 > 34,0,8 > 0 > 24 > 0 > 16 > 24 > 0 > 24 > 0 > 24 > 0 > 24 > 8 > 0 > 24 > 0 > 8 > 40 > 160,0 > 64 > 192 > 64 > 192 > 1,4 > 0,0,+0x1228 secondary reaction timer observed; +0x1210 held instead of decrementing on one or more sampled frames
2026-07-26T19:57:37Z,441,491,50,P2-C1,P2,0x927EB9E0,1,Ken the Eagle,hit,64,Standing Hitstun,1,Action 1,64 Standing Hitstun > 66 Low Hitstun > 64 Standing Hitstun > 66 Low Hitstun > 1 Action 1,hitstun > neutral,0,0,21,21,0,0,2,12,False,False,False,,,,50,0x00000000,0 > 35 > 28 > 24,0,8 > 0 > 8 > 168 > 160 > 168,0 > 1,4 > 0,0,+0x1228 secondary reaction timer observed; +0x1210 held instead of decrementing on one or more sampled frames
2026-07-26T19:57:45Z,519,563,44,P2-C1,P2,0x927EB9E0,1,Ken the Eagle,hit,1,Action 1,1,Action 1,1 Action 1 > 65 Overhead Hitstun > 64 Standing Hitstun > 66 Low Hitstun > 64 Standing Hitstun > 91 Soft Knockdown > 160 Air Recovery > 30 Action 30 > 1 Action 1 > 64 Standing Hitstun > 1 Action 1,hitstun > knockdown > air_recovery > hitstun > neutral,0,0,21,21,0,2,2,25,True,False,True,19,,27,44,0x00000000,36 > 0 > 37 > 32 > 28 > 24 > 20 > 0 > 33 > 0 > 39 > 35 > 28,0,0 > 8 > 40 > 168 > 8 > 168 > 160,0 > 64 > 193 > 1 > 0 > 1,0 > 4 > 0 > 128 > 0 > 4 > 0,0,+0x1228 secondary reaction timer observed; +0x1210 held instead of decrementing on one or more sampled frames
2026-07-26T20:07:55Z,569,9559,8990,P2-C1,P2,0x927EB9E0,1,Ken the Eagle,hit,4562,Action 4562,1,Action 1,4562 Action 4562 > 102 Knockdown Face Up > 103 Wakeup Transition > 113 Get Up Face Up > 1 Action 1 > 32 Action 32 > 1 Action 1 > 65 Overhead Hitstun > 1 Action 1 > 64 Standing Hitstun > 1 Action 1 > 64 Standing Hitstun > 66 Low Hitstun > 64 Standing Hitstun > 80 Hard Knockdown > 91 Soft Knockdown > 81 Bounce Launch > 82 Bounce Off > 91 Soft Knockdown > 80 Hard Knockdown > 91 Soft Knockdown > 80 Hard Knockdown > 91 Soft Knockdown > 160 Air Recovery > 30 Action 30 > 1 Action 1 > 64 Standing Hitstun > 1 Action 1,hitstun > knockdown > wakeup > hitstun > neutral > hitstun > knockdown > air_recovery > hitstun > neutral,0,0,21,21,255232,5,2,8946,True,True,True,4,8,257,8990,0x00000000,0 > 40 > 36 > 32 > 28 > 25 > 0 > 38 > 34 > 35 > 28 > 0 > 40 > 0 > 40 > 0 > 39 > 35 > 31 > 40 > 39 > 29 > 24 > 20 > 16 > 12 > 8 > 4 > 40 > 36 > 31 > 27 > 20 > 16 > 11 > 7 > 3 > 38 > 35 > 30 > 26 > 22 > 18 > 12 > 7 > 3 > 38 > 34 > 30 > 26 > 22 > 18 > 14 > 10 > 6 > 1 > 38 > 33 > 29 > 21 > 16 > 12 > 8 > 4 > 39 > 35 > 31 > 27 > 23 > 19 > 15 > 11 > 7 > 3 > 39 > 35 > 31 > 27 > 24 > 19 > 15 > 11 > 7 > 2 > 38 > 34 > 31 > 27 > 23 > 19 > 15 > 11 > 7 > 3 > 39 > 35 > 31 > 27 > 24 > 20 > 16 > 12 > 8 > 4 > 39 > 35 > 31 > 27 > 23 > 19 > 15 > 11 > 7 > 4 > 40 > 36 > 32 > 28 > 24 > 20 > 16 > 12 > 8 > 4 > 40 > 36 > 32 > 28 > 24 > 20 > 16 > 12 > 8 > 4 > 40 > 36 > 32 > 28 > 25 > 21 > 17 > 13 > 9 > 5 > 1 > 37 > 33 > 29 > 25 > 21 > 17 > 13 > 9 > 5 > 1 > 37 > 33 > 29 > 25 > 21 > 17 > 13 > 9 > 5 > 1 > 37 > 33 > 29 > 26 > 22 > 18 > 14 > 10 > 6 > 2 > 38 > 34 > 30 > 25 > 21 > 17 > 13 > 9 > 5 > 1 > 37 > 33 > 30 > 26 > 22 > 18 > 14 > 10 > 6 > 2 > 38 > 34 > 30 > 26 > 22 > 18 > 14 > 10 > 6 > 2 > 38 > 34 > 30 > 26 > 22 > 18 > 14 > 10 > 6 > 2 > 38 > 34 > 30 > 25 > 21 > 17 > 13 > 9 > 5 > 1 > 37 > 33 > 29 > 26 > 22 > 18 > 14 > 10 > 6 > 2 > 38 > 34 > 30 > 26 > 21 > 16 > 12 > 8 > 4 > 40 > 36 > 32 > 28 > 25 > 21 > 17 > 13 > 9 > 5 > 1 > 37 > 32 > 28 > 24 > 21 > 17 > 13 > 8 > 4 > 40 > 36 > 32 > 28 > 21 > 17 > 13 > 9 > 5 > 1 > 37 > 33 > 29 > 25 > 21 > 17 > 13 > 9 > 6 > 1 > 37 > 33 > 29 > 25 > 21 > 17 > 13 > 9 > 5 > 1 > 37 > 33 > 29 > 25 > 21 > 17 > 13 > 9 > 5 > 1 > 37 > 33 > 29 > 25 > 21 > 17 > 14 > 10 > 5 > 1 > 37 > 33 > 29 > 25 > 21 > 17 > 13 > 9 > 5 > 1 > 37 > 33 > 29 > 25 > 21 > 17 > 13 > 9 > 5 > 1 > 37 > 33 > 29 > 25 > 21 > 17 > 13 > 10 > 5 > 2 > 38 > 34 > 30 > 26 > 22 > 18 > 14 > 10 > 5 > 1 > 37 > 33 > 29 > 25 > 21 > 17 > 13 > 9 > 6 > 2 > 38 > 34 > 30 > 26 > 22 > 18 > 14 > 10 > 5 > 1 > 37 > 33 > 29 > 25 > 21 > 17 > 13 > 9 > 6 > 2 > 38 > 34 > 30 > 26 > 22 > 18 > 14 > 10 > 6 > 2 > 38 > 33 > 29 > 25 > 21 > 17 > 13 > 9 > 4 > 1 > 36 > 32 > 29 > 25 > 21 > 17 > 12 > 8 > 5 > 1 > 37 > 33 > 29 > 25 > 22 > 17 > 14 > 9 > 5 > 1 > 37 > 33 > 29 > 25 > 20 > 17 > 13 > 9 > 5 > 1 > 37 > 33 > 29 > 25 > 21 > 17 > 13 > 9 > 5 > 1 > 37 > 34 > 29 > 25 > 20 > 16 > 12 > 7 > 2 > 37 > 33 > 29 > 25 > 21 > 17 > 13 > 8 > 5 > 1 > 37 > 33 > 29 > 25 > 21 > 17 > 13 > 9 > 5 > 1 > 37 > 33 > 29 > 25 > 21 > 17 > 13 > 9 > 5 > 1 > 37 > 34 > 29 > 25 > 21 > 17 > 13 > 8 > 4 > 1 > 37 > 33 > 29 > 25 > 21 > 17 > 13 > 9 > 6 > 2 > 38 > 34 > 30 > 26 > 22 > 17 > 13 > 9 > 5 > 1 > 37 > 34 > 30 > 26 > 22 > 18 > 14 > 10 > 6 > 2 > 38 > 34 > 30 > 26 > 22 > 18 > 14 > 10 > 7 > 3 > 39 > 32 > 28 > 24 > 20 > 16 > 12 > 8 > 4 > 40 > 36 > 32 > 28 > 24 > 20 > 17 > 13 > 9 > 5 > 1 > 37 > 33 > 29 > 25 > 21 > 18 > 14 > 10 > 6 > 2 > 37 > 33 > 29 > 25 > 21 > 17 > 14 > 10 > 6 > 2 > 38 > 34 > 30 > 27 > 23 > 18 > 15 > 11 > 6 > 2 > 38 > 34 > 31 > 27 > 23 > 19 > 15 > 11 > 7 > 4 > 40 > 36 > 32 > 28 > 24 > 20 > 16 > 12 > 8 > 4 > 40 > 36 > 32 > 28 > 24 > 21 > 17 > 13 > 9 > 5 > 1 > 37 > 33 > 29 > 25 > 21 > 17 > 13 > 9 > 5 > 1 > 37 > 33 > 29 > 25 > 21 > 17 > 13 > 9 > 5 > 2 > 38 > 34 > 30 > 25 > 21 > 17 > 13 > 9 > 5 > 1 > 37 > 33 > 29 > 25 > 21 > 17 > 13 > 10 > 6 > 2 > 38 > 34 > 30 > 26 > 22 > 18 > 14 > 10 > 6 > 2 > 38 > 35 > 31 > 27 > 23 > 19 > 15 > 11 > 7 > 3 > 39 > 35 > 32 > 27 > 23 > 19 > 15 > 11 > 8 > 3 > 40 > 36 > 32 > 28 > 24 > 20 > 16 > 12 > 8 > 4 > 40 > 36 > 33 > 28 > 24 > 20 > 16 > 12 > 8 > 4 > 40 > 36 > 32 > 29 > 25 > 21 > 17 > 13 > 9 > 5 > 1 > 36 > 32 > 27 > 23 > 19 > 16 > 12 > 8 > 4 > 40 > 36 > 32 > 28 > 24 > 20 > 16 > 12 > 9 > 5 > 1 > 37 > 32 > 28 > 24 > 20 > 16 > 12 > 8 > 4 > 40 > 36 > 32 > 29 > 25 > 21 > 17 > 13 > 9 > 5 > 1 > 37 > 33 > 29 > 25 > 22 > 18 > 14 > 10 > 6 > 2 > 38 > 34 > 30 > 26 > 22 > 19 > 15 > 11 > 7 > 3 > 39 > 35 > 31 > 27 > 23 > 19 > 15 > 11 > 7 > 3 > 39 > 36 > 32 > 28 > 24 > 20 > 16 > 12 > 8 > 4 > 40 > 36 > 32 > 28 > 24 > 21 > 17 > 13 > 7 > 2 > 38 > 34 > 30 > 26 > 23 > 18 > 14 > 10 > 6 > 2 > 38 > 34 > 30 > 26 > 23 > 19 > 15 > 11 > 7 > 3 > 39 > 35 > 31 > 27 > 23 > 19 > 15 > 11 > 6 > 3 > 39 > 35 > 31 > 27 > 23 > 19 > 15 > 12 > 8 > 4 > 40 > 36 > 32 > 28 > 24 > 20 > 16 > 12 > 8 > 4 > 40 > 36 > 32 > 28 > 25 > 21 > 17 > 13 > 9 > 5 > 1 > 38 > 34 > 30 > 26 > 22 > 17 > 14 > 10 > 6 > 2 > 38 > 34 > 30 > 26 > 23 > 19 > 15 > 11 > 7 > 3 > 39 > 35 > 31 > 27 > 23 > 19 > 15 > 11 > 7 > 3 > 39 > 35 > 31 > 26 > 22 > 18 > 14 > 10 > 6 > 2 > 38 > 34 > 30 > 26 > 22 > 18 > 14 > 10 > 6 > 2 > 38 > 34 > 30 > 27 > 23 > 19 > 15 > 11 > 7 > 3 > 39 > 35 > 31 > 26 > 22 > 18 > 14 > 10 > 6 > 2 > 38 > 34 > 30 > 27 > 23 > 19 > 15 > 11 > 7 > 2 > 38 > 34 > 30 > 26 > 22 > 18 > 14 > 11 > 7 > 3 > 39 > 35 > 31 > 27 > 23 > 19 > 15 > 11 > 7 > 2 > 38 > 34 > 30 > 26 > 22 > 18 > 14 > 10 > 6 > 3 > 39 > 35 > 31 > 27 > 23 > 19 > 15 > 11 > 7 > 3 > 39 > 35 > 31 > 27 > 23 > 19 > 15 > 11 > 7 > 3 > 39 > 35 > 31 > 27 > 24 > 19 > 15 > 11 > 7 > 3 > 39 > 35 > 31 > 27 > 24 > 20 > 16 > 12 > 8 > 4 > 40 > 36 > 32 > 28 > 24 > 20 > 16 > 12 > 9 > 4 > 40 > 36 > 32 > 29 > 24 > 21 > 17 > 13 > 9 > 4 > 40 > 37 > 33 > 28 > 24 > 20 > 16 > 12 > 8 > 4 > 1 > 37 > 33 > 29 > 25 > 21 > 17 > 13 > 9 > 5 > 1 > 37 > 33 > 29 > 25 > 21 > 17 > 13 > 9 > 5 > 2 > 38 > 32 > 27 > 23 > 20 > 16 > 12 > 8 > 5 > 1 > 37 > 33 > 28 > 24 > 21 > 17 > 13 > 9 > 5 > 2 > 38 > 34 > 30 > 26 > 23 > 19 > 15 > 11 > 7 > 3 > 39 > 35 > 31 > 27 > 24 > 20 > 16 > 11 > 8 > 4 > 40 > 36 > 32 > 28 > 24 > 20 > 16 > 12 > 9 > 4 > 40 > 36 > 32 > 29 > 25 > 21 > 17 > 13 > 9 > 5 > 1 > 37 > 34 > 30 > 26 > 22 > 18 > 14 > 10 > 6 > 2 > 38 > 34 > 30 > 26 > 22 > 17 > 13 > 9 > 5 > 2 > 37 > 34 > 30 > 26 > 22 > 18 > 14 > 10 > 6 > 1 > 37 > 33 > 30 > 26 > 22 > 18 > 14 > 10 > 6 > 2 > 38 > 34 > 30 > 26 > 22 > 18 > 14 > 10 > 6 > 2 > 38 > 34 > 30 > 27 > 23 > 19 > 15 > 11 > 8 > 4 > 40 > 36 > 32 > 28 > 24 > 20 > 16 > 12 > 8 > 4 > 40 > 37 > 33 > 29 > 25 > 21 > 17 > 13 > 9 > 5 > 1 > 38 > 34 > 30 > 26 > 22 > 18 > 14 > 10 > 6 > 2 > 39 > 34 > 31 > 27 > 23 > 19 > 15 > 11 > 7 > 3 > 39 > 35 > 31 > 27 > 23 > 19 > 15 > 11 > 7 > 3 > 39 > 35 > 31 > 27 > 23 > 19 > 15 > 11 > 7 > 4 > 40 > 36 > 32 > 28 > 24 > 20 > 16 > 12 > 8 > 4 > 40 > 36 > 32 > 28 > 24 > 20 > 16 > 12 > 8 > 4 > 40 > 37 > 32 > 28 > 24 > 20 > 16 > 12 > 8 > 5 > 1 > 37 > 33 > 29 > 25 > 21 > 17 > 13 > 9 > 5 > 1 > 37 > 33 > 29 > 25 > 20 > 17 > 13 > 9 > 5 > 1 > 37 > 33 > 29 > 25 > 22 > 18 > 14 > 10 > 6 > 2 > 38 > 34 > 29 > 25 > 22 > 18 > 13 > 9 > 6 > 2 > 38 > 34 > 30 > 26 > 22 > 18 > 14 > 10 > 7 > 3 > 39 > 34 > 29 > 26 > 22 > 16 > 10 > 5 > 1 > 37 > 32 > 28 > 24 > 20 > 16 > 12 > 8 > 4 > 39 > 35 > 30 > 26 > 22 > 18 > 14 > 10 > 6 > 2 > 39 > 35 > 30 > 27 > 23 > 19 > 15 > 11 > 7 > 3 > 39 > 35 > 31 > 27 > 23 > 19 > 15 > 11 > 7 > 3 > 39 > 35 > 31 > 27 > 23 > 19 > 16 > 12 > 7 > 4 > 39 > 35 > 31 > 27 > 23 > 20 > 16 > 12 > 8 > 4 > 40 > 36 > 32 > 28 > 24 > 20 > 16 > 11 > 7 > 3 > 39 > 35 > 31 > 27 > 23 > 19 > 15 > 11 > 7 > 3 > 39 > 36 > 31 > 27 > 23 > 19 > 15 > 11 > 7 > 3 > 39 > 35 > 31 > 27 > 23 > 19 > 16 > 11 > 7 > 3 > 39 > 36 > 32 > 28 > 23 > 18 > 14 > 10 > 6 > 2 > 39 > 35 > 31 > 27 > 23 > 19 > 14 > 10 > 7 > 3 > 39 > 35 > 31 > 27 > 23 > 18 > 14 > 10 > 6 > 2 > 38 > 34 > 30 > 27 > 23 > 19 > 15 > 11 > 7 > 3 > 39 > 35 > 31 > 27 > 23 > 19 > 15 > 11 > 7 > 3 > 39 > 35 > 31 > 27 > 23 > 19 > 15 > 11 > 8 > 3 > 40 > 35 > 31 > 27 > 23 > 19 > 15 > 11 > 7 > 3 > 39 > 35 > 31 > 27 > 23 > 19 > 15 > 11 > 7 > 3 > 39 > 35 > 31 > 26 > 22 > 19 > 14 > 10 > 6 > 2 > 39 > 34 > 31 > 26 > 23 > 18 > 14 > 10 > 7 > 2 > 38 > 34 > 30 > 26 > 22 > 18 > 14 > 10 > 6 > 2 > 38 > 34 > 30 > 26 > 22 > 18 > 14 > 10 > 6 > 2 > 37 > 34 > 30 > 26 > 22 > 18 > 14 > 10 > 6 > 2 > 38 > 34 > 30 > 26 > 22 > 18 > 14 > 10 > 6 > 2 > 37 > 33 > 29 > 25 > 21 > 17 > 13 > 9 > 5 > 1 > 37 > 33 > 29 > 25 > 21 > 17 > 13 > 9 > 5 > 38 > 34 > 30 > 26 > 22 > 18 > 13 > 10 > 6 > 2 > 38 > 34 > 30 > 26 > 23 > 18 > 14 > 10 > 5 > 1 > 37 > 33 > 29 > 25 > 21 > 17 > 13 > 9 > 5 > 1 > 38 > 34 > 30 > 26 > 22 > 18 > 14 > 10 > 6 > 2 > 38 > 34 > 30 > 27 > 23 > 19 > 15 > 11 > 7 > 2 > 38 > 34 > 30 > 26 > 22 > 18 > 14 > 10 > 6 > 2 > 38 > 35 > 30 > 27 > 23 > 19 > 15 > 11 > 7 > 3 > 39 > 35 > 31 > 27 > 23 > 19 > 15 > 11 > 7 > 3 > 39 > 35 > 31 > 27 > 23 > 19 > 15 > 12 > 8 > 4 > 40 > 36 > 32 > 27 > 23 > 19 > 15 > 11 > 7 > 3 > 39 > 35 > 31 > 27 > 23 > 20 > 16 > 12 > 8 > 4 > 1 > 37 > 33 > 28 > 24 > 20 > 15 > 11 > 7 > 3 > 39 > 35 > 31 > 27 > 23 > 19 > 15 > 11 > 7 > 4 > 40 > 35 > 31 > 27 > 23 > 19 > 16 > 12 > 8 > 4 > 40 > 36 > 32 > 28 > 24 > 20 > 16 > 12 > 8 > 4 > 40 > 36 > 32 > 28 > 24 > 20 > 16 > 12 > 9 > 5 > 1 > 36 > 32 > 29 > 25 > 21 > 17 > 13 > 9 > 5 > 1 > 37 > 33 > 29 > 25 > 21 > 17 > 13 > 9 > 5 > 1 > 37 > 33 > 29 > 25 > 21 > 17 > 13 > 9 > 5 > 1 > 37 > 33 > 29 > 25 > 21 > 17 > 13 > 9 > 5 > 1 > 37 > 33 > 30 > 26 > 22 > 18 > 13 > 10 > 5 > 1 > 37 > 32 > 27 > 23 > 19 > 15 > 11 > 7 > 3 > 40 > 36 > 32 > 28 > 25 > 21 > 16 > 12 > 8 > 4 > 40 > 36 > 32 > 28 > 24 > 21 > 17 > 13 > 8 > 5 > 1 > 37 > 33 > 29 > 26 > 21 > 17 > 13 > 9 > 5 > 1 > 37 > 33 > 29 > 25 > 21 > 17 > 13 > 9 > 5 > 1 > 38 > 34 > 28 > 22 > 19 > 15 > 11 > 7 > 3 > 39 > 35 > 31 > 27 > 23 > 19 > 15 > 11 > 7 > 4 > 40 > 35 > 31 > 27 > 22 > 18 > 14 > 10 > 6 > 2 > 38 > 34 > 30 > 25 > 21 > 17 > 13 > 9 > 5 > 1 > 37 > 33 > 28 > 24 > 20 > 16 > 12 > 8 > 4 > 40 > 36 > 32 > 28 > 24 > 20 > 16 > 12 > 8 > 4 > 40 > 35 > 31 > 26 > 22 > 18 > 15 > 11 > 7 > 3 > 39 > 35 > 31 > 27 > 23 > 19 > 15 > 11 > 7 > 3 > 39 > 35 > 30 > 26 > 22 > 18 > 14 > 10 > 6 > 2 > 38 > 34 > 30 > 26 > 22 > 19 > 15 > 11 > 7 > 2 > 38 > 34 > 31 > 27 > 23 > 19 > 15 > 11 > 7 > 3 > 40 > 36 > 32 > 28 > 24 > 20 > 16 > 12 > 8 > 4 > 40 > 36 > 32 > 28 > 25 > 21 > 17 > 13 > 9 > 5 > 1 > 37 > 34 > 30 > 26 > 22 > 18 > 14 > 10 > 6 > 2 > 38 > 34 > 30 > 26 > 22 > 18 > 15 > 11 > 7 > 3 > 39 > 35 > 31 > 27 > 23 > 19 > 15 > 11 > 7 > 3 > 39 > 35 > 31 > 27 > 24 > 20 > 16 > 12 > 8 > 4 > 1 > 36 > 32 > 28 > 25 > 20 > 16 > 12 > 8 > 4 > 40 > 37 > 33 > 28 > 24 > 20 > 16 > 12 > 8 > 4 > 40 > 37 > 33 > 29 > 25 > 21 > 17 > 12 > 8 > 4 > 40 > 36 > 32 > 28 > 24 > 20 > 16 > 12 > 8 > 4 > 40 > 36 > 32 > 28 > 24 > 20 > 16 > 12 > 8 > 5 > 1 > 37 > 33 > 29 > 25 > 21 > 17 > 13 > 9 > 5 > 2 > 37 > 34 > 30 > 25 > 21 > 18 > 13 > 9 > 5 > 2 > 37 > 33 > 30 > 26 > 22 > 18 > 14 > 10 > 7 > 3 > 39 > 35 > 31 > 27 > 23 > 19 > 15 > 11 > 7 > 3 > 39 > 36 > 32 > 28 > 24 > 20 > 16 > 9 > 6 > 2 > 38 > 34 > 29 > 25 > 21 > 17 > 13 > 9 > 5 > 1 > 38 > 34 > 30 > 26 > 23 > 19 > 15 > 11 > 7 > 3 > 39 > 35 > 31 > 27 > 23 > 19 > 15 > 11 > 7 > 4 > 39 > 36 > 32 > 28 > 24 > 20 > 16 > 12 > 8 > 4 > 40 > 36 > 32 > 28 > 24 > 20 > 17 > 13 > 9 > 5 > 40 > 37 > 33 > 29 > 25 > 21 > 17 > 14 > 10 > 6 > 2 > 38 > 34 > 30 > 25 > 22 > 18 > 14 > 10 > 6 > 2 > 38 > 34 > 31 > 27 > 23 > 19 > 15 > 12 > 8 > 3 > 39 > 35 > 31 > 27 > 23 > 19 > 15 > 12 > 8 > 4 > 40 > 36 > 32 > 28 > 24 > 21 > 17 > 13 > 8 > 4 > 40 > 36 > 32 > 29 > 25 > 21 > 16 > 12 > 8 > 3 > 39 > 35 > 31 > 27 > 23 > 19 > 15 > 11 > 7 > 3 > 39 > 34 > 30 > 26 > 21 > 17 > 11 > 7 > 3 > 38 > 34 > 30 > 26 > 22 > 18 > 14 > 10 > 6 > 2 > 37 > 34 > 30 > 26 > 22 > 18 > 14 > 11 > 7 > 3 > 39 > 35 > 31 > 27 > 23 > 19 > 15 > 11 > 7 > 3 > 39 > 35 > 31 > 27 > 24 > 20 > 16 > 11 > 7 > 3 > 39 > 35 > 31 > 27 > 23 > 18 > 14 > 10 > 7 > 3 > 39 > 35 > 31 > 28 > 23 > 20 > 16 > 12 > 8 > 4 > 40 > 37 > 33 > 29 > 25 > 21 > 17 > 13 > 8 > 5 > 1 > 37 > 33 > 29 > 25 > 22 > 18 > 14 > 10 > 6 > 3 > 39 > 35 > 31 > 27 > 23 > 19 > 15 > 11 > 7 > 3 > 39 > 35 > 32 > 28 > 24 > 20 > 16 > 13 > 9 > 5 > 1 > 37 > 33 > 29 > 25 > 21 > 17 > 13 > 10 > 6 > 2 > 38 > 34 > 30 > 27 > 23 > 19 > 15 > 11 > 7 > 3 > 39 > 35 > 31 > 27 > 23 > 20 > 16 > 12 > 8 > 3 > 38 > 34 > 30 > 26 > 22 > 18 > 14 > 11 > 7 > 3 > 38 > 35 > 31 > 27 > 23 > 19 > 15 > 12 > 8 > 4 > 40 > 36 > 32 > 28 > 25 > 21 > 17 > 13 > 9 > 5 > 1 > 37 > 33 > 29 > 25 > 21 > 17 > 13 > 9 > 6 > 2 > 38 > 34 > 30 > 26 > 22 > 18 > 14 > 10 > 6 > 2 > 38 > 34 > 30 > 27 > 23 > 19 > 15 > 11 > 7 > 4 > 40 > 36 > 32 > 28 > 24 > 21 > 17 > 13 > 9 > 5 > 1 > 37 > 34 > 29 > 25 > 21 > 17 > 13 > 9 > 6 > 2 > 38 > 34 > 30 > 27 > 23 > 19 > 14 > 10 > 6 > 2 > 38 > 34 > 30 > 27 > 22 > 19 > 15 > 11 > 7 > 3 > 39 > 36 > 32 > 28 > 24 > 20 > 16 > 12 > 8 > 4 > 40 > 36 > 33 > 29 > 25 > 21 > 17 > 13 > 9 > 5 > 2 > 38 > 34 > 30 > 26 > 22 > 17 > 13 > 9 > 5 > 1 > 37 > 33 > 29 > 25 > 21 > 18 > 14 > 10 > 6 > 1 > 37 > 33 > 29 > 25 > 21 > 17 > 13 > 9 > 6 > 2 > 38 > 34 > 30 > 26 > 22 > 18 > 14 > 10 > 6 > 2 > 39 > 35 > 30 > 26 > 22 > 18 > 15 > 11 > 7 > 3 > 39 > 35 > 31 > 26 > 20 > 13 > 6 > 39 > 33 > 28 > 23 > 19 > 15 > 11 > 7 > 3 > 39 > 35 > 31 > 27 > 23 > 19 > 15 > 12 > 8 > 3 > 39 > 35 > 31 > 27 > 23 > 19 > 15 > 11 > 7 > 3 > 39 > 35 > 31 > 27 > 23 > 19 > 15 > 11 > 7 > 2 > 38 > 34 > 30 > 26 > 22 > 18 > 15 > 11 > 7 > 3 > 39 > 35 > 31 > 27 > 23 > 19 > 15 > 11 > 7 > 3 > 39 > 35 > 31 > 27 > 23 > 19 > 16 > 11 > 7 > 3 > 39 > 35 > 32 > 27 > 24 > 20 > 16 > 11 > 7 > 3 > 39 > 35 > 31 > 28 > 24 > 20 > 13 > 9 > 5 > 1 > 37 > 33 > 29 > 25 > 21 > 16 > 12 > 8 > 4 > 40 > 36 > 32 > 28 > 24 > 20 > 16 > 12 > 9 > 5 > 1 > 37 > 33 > 29 > 25 > 20 > 16 > 12 > 8 > 4 > 40 > 36 > 32 > 28 > 24 > 20 > 16 > 12 > 8 > 4 > 40 > 36 > 32 > 27 > 23 > 18 > 14 > 10 > 6 > 2 > 38 > 34 > 30 > 26 > 22 > 18 > 14 > 10 > 6 > 2 > 38 > 34 > 29 > 25 > 21 > 17 > 13 > 9 > 5 > 1 > 37 > 32 > 28 > 23 > 19 > 15 > 11 > 7 > 3 > 39 > 35 > 31 > 26 > 22 > 18 > 14 > 10 > 6 > 2 > 38 > 34 > 31 > 26 > 23 > 18 > 14 > 11 > 6 > 2 > 38 > 33 > 29 > 24 > 19 > 14 > 10 > 6 > 1 > 36 > 32 > 27 > 23 > 18 > 14 > 10 > 5 > 1 > 37 > 33 > 29 > 24 > 20 > 17 > 12 > 9 > 4 > 40 > 36 > 32 > 28 > 24 > 20 > 16 > 12 > 8 > 4 > 39 > 35 > 30 > 26 > 22 > 18 > 14 > 10 > 6 > 2 > 38 > 34 > 30 > 26 > 22 > 18 > 14 > 10 > 5 > 1 > 37 > 33 > 29 > 24 > 20 > 16 > 13 > 8 > 5 > 1 > 37 > 33 > 29 > 25 > 21 > 17 > 13 > 9 > 5 > 1 > 37 > 33 > 29 > 25 > 21 > 17 > 12 > 8 > 4 > 40 > 36 > 32 > 29 > 25 > 21 > 16 > 12 > 8 > 4 > 40 > 36 > 32 > 28 > 24 > 20 > 16 > 12 > 8 > 4 > 40 > 36 > 32 > 28 > 24 > 20 > 16 > 12 > 8 > 4 > 39 > 35 > 31 > 27 > 24 > 20 > 16 > 12 > 8 > 4 > 40 > 36 > 32 > 28 > 24 > 19 > 15 > 11 > 6 > 3 > 39 > 35 > 31 > 27 > 23 > 19 > 15 > 12 > 8 > 4 > 40 > 35 > 31 > 27 > 22 > 18 > 14 > 10 > 6 > 2 > 36 > 31 > 27 > 23 > 19 > 15 > 11 > 7 > 3 > 39 > 35 > 31 > 27 > 22 > 18 > 14 > 9 > 5 > 1 > 37 > 33 > 28 > 23 > 19 > 15 > 11 > 7 > 3 > 39 > 35 > 31 > 27 > 23 > 19 > 15 > 10 > 6 > 1 > 37 > 33 > 29 > 25 > 20 > 16 > 12 > 8 > 4 > 39 > 35 > 31 > 27 > 23 > 18 > 14 > 10 > 6 > 2 > 38 > 34 > 30 > 26 > 22 > 18 > 14 > 10 > 6 > 2 > 38 > 34 > 29 > 25 > 21 > 17 > 13 > 9 > 5 > 1 > 37 > 33 > 29 > 25 > 21 > 16 > 12 > 8 > 4 > 40 > 35 > 31 > 27 > 23 > 19 > 15 > 10 > 6 > 3 > 38 > 35 > 31 > 27 > 23 > 19 > 15 > 11 > 7 > 3 > 39 > 34 > 30 > 26 > 22 > 18 > 14 > 10 > 6 > 2 > 38 > 34 > 30 > 26 > 22 > 18 > 14 > 10 > 6 > 2 > 38 > 33 > 29 > 25 > 21 > 17 > 14 > 9 > 5 > 1 > 37 > 33 > 29 > 25 > 21 > 17 > 13 > 9 > 5 > 1 > 36 > 32 > 28 > 24 > 20 > 16 > 12 > 8 > 4 > 40 > 36 > 32 > 28 > 24 > 20 > 16 > 12 > 8 > 4 > 40 > 35 > 31 > 27 > 23 > 19 > 15 > 11 > 7 > 2 > 38 > 34 > 30 > 27 > 22 > 19 > 15 > 10 > 7 > 2 > 38 > 34 > 30 > 26 > 22 > 18 > 14 > 10 > 5 > 2 > 37 > 33 > 29 > 25 > 21 > 17 > 13 > 9 > 5 > 1 > 37 > 33 > 29 > 25 > 21 > 16 > 12 > 8 > 3 > 39 > 34 > 30 > 25 > 21 > 16 > 12 > 8 > 4 > 39 > 35 > 31 > 27 > 23 > 19 > 16 > 12 > 8 > 4 > 40 > 36 > 32 > 28 > 23 > 19 > 15 > 11 > 7 > 3 > 39 > 34 > 31 > 26 > 23 > 19 > 15 > 11 > 7 > 3 > 39 > 35 > 31 > 27 > 23 > 16 > 11 > 7 > 3 > 39 > 35 > 31 > 27 > 23 > 19 > 15 > 11 > 7 > 3 > 39 > 35 > 31 > 27 > 24 > 19 > 15 > 11 > 7 > 3 > 38 > 34 > 30 > 27 > 23 > 19 > 15 > 11 > 7 > 3 > 39 > 35 > 31 > 27 > 23 > 18 > 14 > 10 > 6 > 2 > 38 > 34 > 30 > 26 > 22 > 18 > 14 > 10 > 6 > 2 > 38 > 34 > 30 > 26 > 22 > 18 > 14 > 9 > 5 > 2 > 38 > 34 > 30 > 25 > 21 > 17 > 13 > 9 > 5 > 1 > 37 > 33 > 29 > 25 > 21 > 17 > 13 > 9 > 5 > 1 > 37 > 33 > 29 > 25 > 21 > 17 > 13 > 9 > 5 > 1 > 37 > 33 > 29 > 24 > 20 > 16 > 12 > 9 > 5 > 1 > 37 > 33 > 29 > 25 > 21 > 17 > 13 > 9 > 5 > 1 > 37 > 33 > 28 > 24 > 20 > 16 > 12 > 8 > 4 > 40 > 36 > 32 > 29 > 25 > 21 > 17 > 13 > 9 > 5 > 1 > 37 > 32 > 28 > 24 > 20 > 16 > 12 > 8 > 5 > 40 > 36 > 32 > 28 > 25 > 21 > 17 > 13 > 9 > 5 > 1 > 37 > 32 > 28 > 25 > 20 > 16 > 12 > 8 > 5 > 40 > 37 > 33 > 29 > 25 > 21 > 17 > 13 > 9 > 5 > 1 > 36 > 32 > 28 > 25 > 21 > 16 > 12 > 8 > 4 > 40 > 36 > 32 > 28 > 25 > 21 > 17 > 13 > 9 > 5 > 40 > 36 > 32 > 28 > 24 > 20 > 16 > 12 > 8 > 4 > 40 > 36 > 32 > 28 > 24 > 20 > 16 > 12 > 8 > 4 > 40 > 36 > 32 > 28 > 24 > 20 > 16 > 12 > 8 > 4 > 40 > 36 > 32 > 28 > 24 > 19 > 15 > 10 > 5 > 1 > 37 > 33 > 29 > 25 > 21 > 17 > 13 > 9 > 5 > 1 > 37 > 33 > 29 > 25 > 21 > 17 > 13 > 8 > 4 > 40 > 36 > 32 > 28 > 24 > 20 > 16 > 12 > 8 > 2 > 37 > 33 > 28 > 24 > 21 > 16 > 12 > 8 > 4 > 40 > 36 > 32 > 28 > 24 > 20 > 16 > 12 > 8 > 4 > 40 > 36 > 32 > 28 > 24 > 20 > 16 > 12 > 8 > 4 > 40 > 36 > 32 > 28 > 24 > 20 > 16 > 12 > 8 > 4 > 40 > 36 > 32 > 28 > 23 > 19 > 15 > 10 > 6 > 2 > 38 > 34 > 30 > 26 > 22 > 18 > 14 > 10 > 6 > 2 > 38 > 34 > 30 > 26 > 21 > 17 > 13 > 9 > 5 > 1 > 37 > 33 > 29 > 25 > 21 > 17 > 13 > 9 > 5 > 1 > 37 > 33 > 28 > 24 > 20 > 16 > 12 > 8 > 4 > 40 > 36 > 32 > 28 > 24 > 20 > 16 > 12 > 8 > 4 > 40 > 36 > 32 > 27 > 23 > 19 > 15 > 11 > 7 > 3 > 39 > 35 > 31 > 27 > 23 > 19 > 16 > 12 > 8 > 4 > 40 > 36 > 31 > 27 > 23 > 19 > 15 > 11 > 7 > 3 > 39 > 35 > 31 > 27 > 24 > 20 > 16 > 11 > 7 > 2 > 38 > 33 > 29 > 25 > 21 > 17 > 13 > 9 > 5 > 1 > 37 > 33 > 29 > 25 > 21 > 17 > 13 > 9 > 5 > 1 > 36 > 32 > 28 > 24 > 20 > 15 > 10 > 5 > 39 > 34 > 29 > 25 > 21 > 17 > 13 > 9 > 5 > 40 > 36 > 32 > 28 > 24 > 20 > 16 > 12 > 8 > 3 > 39 > 34 > 29 > 25 > 20 > 16 > 12 > 8 > 4 > 40 > 36 > 32 > 28 > 24 > 20 > 16 > 12 > 8 > 4 > 40 > 35 > 31 > 27 > 23 > 19 > 15 > 11 > 6 > 2 > 38 > 34 > 30 > 26 > 22 > 18 > 14 > 10 > 6 > 2 > 38 > 34 > 30 > 26 > 22 > 17 > 13 > 9 > 5 > 1 > 37 > 33 > 29 > 25 > 21 > 17 > 13 > 9 > 5 > 1 > 37 > 34 > 30 > 26 > 22 > 18 > 13 > 9 > 5 > 1 > 37 > 33 > 29 > 24 > 18 > 14 > 10 > 6 > 2 > 38 > 34 > 30 > 26 > 22 > 18 > 13 > 9 > 4 > 40 > 36 > 32 > 28 > 24 > 20 > 16 > 12 > 8 > 4 > 40 > 36 > 32 > 28 > 24 > 20 > 16 > 11 > 7 > 3 > 39 > 35 > 31 > 26 > 22 > 18 > 15 > 11 > 7 > 3 > 39 > 35 > 31 > 27 > 23 > 18 > 14 > 10 > 7 > 3 > 39 > 35 > 31 > 27 > 23 > 19 > 15 > 11 > 7 > 3 > 39 > 35 > 31 > 27 > 23 > 19 > 15 > 11 > 7 > 3 > 39 > 35 > 31 > 27 > 23 > 19 > 15 > 10 > 7 > 3 > 39 > 34 > 30 > 25 > 20 > 14 > 10 > 6 > 2 > 38 > 34 > 30 > 26 > 22 > 18 > 14 > 10 > 6 > 2 > 38 > 33 > 29 > 25 > 21 > 17 > 13 > 9 > 5 > 1 > 37 > 33 > 29 > 25 > 21 > 17 > 13 > 9 > 5 > 1 > 37 > 32 > 27 > 22 > 19 > 15 > 11 > 7 > 3 > 38 > 34 > 30 > 26 > 22 > 18 > 14 > 10 > 7 > 2 > 38 > 34 > 30 > 25 > 21 > 17 > 12 > 8 > 4 > 40 > 36 > 32 > 27 > 23 > 19 > 15 > 11 > 6 > 2 > 37 > 33 > 28 > 24 > 20 > 16 > 12 > 7 > 3 > 38 > 34 > 30 > 26 > 22 > 18 > 13 > 9 > 5 > 1 > 36 > 32 > 28 > 24 > 20 > 15 > 11 > 7 > 3 > 39 > 34 > 30 > 26 > 22 > 17 > 13 > 9 > 5 > 1 > 36 > 33 > 24 > 20 > 16 > 12 > 8 > 4 > 39 > 34 > 28 > 23 > 17 > 11 > 5 > 1 > 36 > 31 > 25 > 20 > 15 > 11 > 7 > 3 > 39 > 35 > 30 > 25 > 20 > 14 > 8 > 2 > 38 > 34 > 29 > 25 > 21 > 17 > 13 > 8 > 4 > 40 > 36 > 32 > 28 > 24 > 20 > 16 > 12 > 4 > 39 > 35 > 31 > 27 > 23 > 19 > 15 > 11 > 7 > 3 > 39 > 35 > 31 > 27 > 23 > 19 > 15 > 11 > 7 > 3 > 38 > 34 > 29 > 25 > 21 > 17 > 12 > 8 > 4 > 40 > 36 > 32 > 28 > 24 > 21 > 17 > 13 > 9 > 5 > 40 > 36 > 32 > 27 > 23 > 19 > 15 > 10 > 7 > 2 > 38 > 35 > 31 > 26 > 19 > 15 > 9 > 5 > 1 > 36 > 32 > 28 > 24 > 20 > 15 > 11 > 7 > 2 > 38 > 33 > 29 > 25 > 19 > 15 > 10 > 6 > 1 > 37 > 32 > 28 > 24 > 20 > 16 > 12 > 8 > 4 > 40 > 36 > 32 > 28 > 24 > 20 > 16 > 12 > 8 > 3 > 39 > 35 > 30 > 26 > 22 > 18 > 14 > 10 > 6 > 3 > 39 > 35 > 30 > 27 > 22 > 18 > 14 > 9 > 4 > 40 > 36 > 32 > 28 > 24 > 20 > 16 > 12 > 8 > 4 > 40 > 37 > 33 > 29 > 24 > 20 > 16 > 12 > 8 > 4 > 40 > 36 > 32 > 28 > 24 > 20 > 16 > 12 > 8 > 4 > 40 > 36 > 32 > 28 > 25 > 21 > 17 > 12 > 8 > 4 > 40 > 36 > 32 > 28 > 24 > 20 > 16 > 12 > 8 > 4 > 40 > 36 > 32 > 28 > 24 > 20 > 16 > 12 > 8 > 3 > 39 > 35 > 31 > 27 > 23 > 19 > 15 > 11 > 7 > 3 > 39 > 35 > 31 > 27 > 23 > 19 > 15 > 11 > 6 > 3 > 39 > 34 > 31 > 26 > 23 > 19 > 15 > 11 > 7 > 3 > 39 > 35 > 31 > 27 > 23 > 18 > 14 > 10 > 6 > 2 > 39 > 35 > 31 > 26 > 22 > 18 > 14 > 10 > 6 > 2 > 38 > 34 > 30 > 26 > 22 > 18 > 14 > 10 > 6 > 2 > 38 > 34 > 30 > 26 > 22 > 18 > 14 > 10 > 6 > 2 > 38 > 34 > 30 > 25 > 21 > 17 > 13 > 9 > 5 > 1 > 37 > 33 > 29 > 25 > 19 > 14 > 10 > 6 > 2 > 38 > 35 > 30 > 26 > 22 > 18 > 14 > 10 > 6 > 2 > 39 > 35 > 31 > 27 > 23 > 19 > 15 > 11 > 7 > 3 > 40 > 35 > 31 > 27 > 23 > 19 > 15 > 11 > 7 > 3 > 39 > 35 > 31 > 27 > 23 > 19 > 16 > 12 > 8 > 4 > 40 > 35 > 31 > 27 > 23 > 19 > 15 > 11 > 7 > 3 > 39 > 35 > 31 > 27 > 23 > 19 > 15 > 11 > 7 > 3 > 39 > 34 > 30 > 26 > 22 > 17 > 12 > 8 > 4 > 40 > 36 > 32 > 28 > 24 > 20 > 16 > 12 > 8 > 4 > 40 > 36 > 32 > 28 > 24 > 20 > 16 > 12 > 8 > 3 > 39 > 35 > 31 > 27 > 23 > 20 > 16 > 12 > 8 > 4 > 39 > 35 > 32 > 28 > 23 > 20 > 16 > 12 > 8 > 4 > 40 > 36 > 32 > 28 > 24 > 20 > 16 > 12 > 7 > 3 > 39 > 35 > 31 > 27 > 23 > 20 > 16 > 12 > 8 > 4 > 40 > 36 > 32 > 29 > 25 > 20 > 17 > 12 > 8 > 4 > 40 > 36 > 32 > 28 > 24 > 20 > 16 > 12 > 8 > 4 > 40 > 36 > 33 > 29 > 25 > 21 > 17 > 12 > 8 > 4 > 40 > 36 > 32 > 28 > 24 > 21 > 17 > 13 > 9 > 5 > 1 > 37 > 33 > 29 > 25 > 21 > 17 > 13 > 9 > 5 > 1 > 37 > 32 > 28 > 24 > 20 > 17 > 13 > 9 > 5 > 1 > 37 > 33 > 29 > 25 > 21 > 17 > 13 > 9 > 5 > 1 > 37 > 33 > 29 > 25 > 21 > 17 > 13 > 9 > 5 > 1 > 37 > 33 > 29 > 25 > 21 > 17 > 13 > 9 > 5 > 1 > 37 > 33 > 29 > 25 > 21 > 17 > 13 > 9 > 5 > 1 > 37 > 33 > 30 > 25 > 21 > 17 > 13 > 9 > 5 > 1 > 36 > 33 > 29 > 25 > 21 > 17 > 13 > 9 > 4 > 40 > 36 > 32 > 27 > 23 > 19 > 15 > 11 > 7 > 1 > 36 > 32 > 28 > 24 > 20 > 15 > 11 > 7 > 3 > 39 > 36 > 31 > 26 > 22 > 18 > 14 > 10 > 6 > 2 > 38 > 34 > 30 > 26 > 22 > 18 > 14 > 10 > 6 > 2 > 39 > 34 > 30 > 25 > 21 > 16 > 12 > 8 > 4 > 40 > 37 > 32 > 28 > 24 > 20 > 16 > 13 > 8 > 4 > 40 > 36 > 32 > 28 > 23 > 19 > 15 > 10 > 6 > 2 > 38 > 34 > 30 > 26 > 22 > 18 > 14 > 10 > 6 > 2 > 38 > 33 > 29 > 25 > 22 > 18 > 14 > 10 > 5 > 1 > 37 > 33 > 29 > 25 > 21 > 17 > 13 > 9 > 5 > 1 > 36 > 32 > 28 > 24 > 20 > 16 > 12 > 8 > 4 > 40 > 36 > 32 > 28 > 24 > 20 > 16 > 12 > 8 > 4 > 39 > 35 > 31 > 27 > 23 > 19 > 15 > 11 > 7 > 3 > 39 > 35 > 31 > 27 > 23 > 19 > 15 > 11 > 6 > 2 > 38 > 34 > 30 > 26 > 22 > 18 > 14 > 10 > 6 > 2 > 38 > 34 > 30 > 26 > 22 > 18 > 14 > 9 > 5 > 1 > 37 > 33 > 29 > 25 > 21 > 17 > 13 > 9 > 5 > 1 > 37 > 33 > 29 > 25 > 21 > 17 > 13 > 5 > 34 > 28 > 22 > 16 > 9 > 37 > 26 > 14 > 2 > 31 > 21 > 13 > 5 > 37 > 30 > 26 > 22 > 17 > 12 > 7 > 2 > 38 > 34 > 29 > 25 > 21 > 18 > 15 > 11 > 8 > 4 > 1 > 36 > 33 > 26 > 19 > 14 > 9 > 4 > 38 > 33 > 28 > 24 > 19 > 16 > 12 > 7 > 2 > 36 > 31 > 27 > 23 > 19 > 16 > 12 > 8 > 5 > 1 > 37 > 34 > 30 > 26 > 22 > 19 > 15 > 12 > 8 > 5 > 1 > 38 > 35 > 31 > 28 > 23 > 19 > 15 > 11 > 7 > 2 > 38 > 34 > 29 > 24 > 19 > 14 > 10 > 6 > 2 > 38 > 34 > 29 > 25 > 21 > 17 > 13 > 9 > 5 > 1 > 37 > 33 > 29 > 25 > 20 > 16 > 12 > 8 > 4 > 40 > 36 > 32 > 28 > 25 > 20 > 16 > 12 > 9 > 5 > 40 > 36 > 32 > 28 > 23 > 18 > 13 > 9 > 4 > 39 > 34 > 30 > 26 > 22 > 18 > 13 > 7 > 3 > 39 > 34 > 30 > 27 > 22 > 17 > 13 > 9 > 5 > 40 > 35 > 31 > 27 > 23 > 19 > 15 > 11 > 7 > 3 > 39 > 35 > 31 > 28 > 24 > 21 > 17 > 13 > 9 > 6 > 2 > 39 > 35 > 32 > 28 > 25 > 22 > 18 > 15 > 12 > 8 > 5 > 1 > 38 > 34 > 31 > 27 > 24 > 19 > 16 > 12 > 8 > 5 > 1 > 38 > 35 > 31 > 28 > 24 > 21 > 17 > 13 > 10 > 6 > 3 > 39 > 36 > 33 > 29 > 26 > 22 > 18 > 14 > 11 > 7 > 4 > 1 > 37 > 34 > 30 > 27 > 24 > 20 > 16 > 13 > 9 > 6 > 3 > 39 > 35 > 32 > 28 > 25 > 21 > 17 > 14 > 10 > 6 > 3 > 39 > 36 > 33 > 29 > 26 > 23 > 19 > 15 > 11 > 8 > 4 > 1 > 37 > 34 > 30 > 27 > 23 > 19 > 16 > 12 > 8 > 5 > 1 > 38 > 35 > 31 > 28 > 24 > 21 > 17 > 14 > 10 > 7 > 3 > 39 > 36 > 32 > 28 > 25 > 21 > 17 > 14 > 10 > 7 > 3 > 39 > 35 > 32 > 28 > 24 > 21 > 17 > 13 > 10 > 6 > 3 > 39 > 36 > 32 > 28 > 25 > 21 > 17 > 14 > 11 > 7 > 4 > 40 > 36 > 32 > 28 > 24 > 21 > 17 > 13 > 10 > 6 > 3 > 39 > 35 > 31 > 27 > 24 > 20 > 17 > 13 > 10 > 6 > 3 > 39 > 36 > 32 > 29 > 25 > 21 > 18 > 14 > 10 > 7 > 3 > 40 > 36 > 32 > 29 > 26 > 22 > 19 > 15 > 12 > 8 > 5 > 1 > 38 > 35 > 31 > 28 > 24 > 21 > 17 > 14 > 10 > 7 > 3 > 39 > 35 > 32 > 28 > 24 > 21 > 17 > 14 > 10 > 6 > 2 > 38 > 35 > 31 > 27 > 23 > 20 > 16 > 12 > 8 > 4 > 40 > 36 > 33 > 29 > 25 > 21 > 18 > 15 > 11 > 8 > 4 > 40 > 37 > 34 > 30 > 27 > 23 > 20 > 16 > 13 > 9 > 5 > 2 > 38 > 34 > 30 > 26 > 22 > 17 > 13 > 9 > 5 > 40 > 36 > 31 > 28 > 24 > 20 > 15 > 8 > 2 > 36 > 31 > 26 > 21 > 17 > 11 > 7 > 3 > 38 > 34 > 30 > 26 > 22 > 17 > 10 > 2 > 34 > 26 > 19 > 12 > 6 > 39 > 32 > 24 > 16 > 8 > 2 > 35 > 30 > 25 > 20 > 15 > 10 > 6 > 2 > 37 > 33 > 29 > 25 > 22 > 18 > 14 > 10 > 6 > 1 > 37 > 33 > 28 > 24 > 20 > 16 > 12 > 7 > 2 > 38 > 34 > 30 > 26 > 21 > 16 > 12 > 8 > 3 > 39 > 35 > 31 > 27 > 23 > 19 > 15 > 10 > 6 > 1 > 37 > 29 > 22 > 17 > 12 > 7 > 2 > 35 > 29 > 24 > 20 > 15 > 11 > 6 > 2 > 37 > 32 > 28 > 23 > 19 > 12 > 6 > 40 > 34 > 29 > 24 > 16 > 11 > 7 > 3 > 39 > 35 > 31 > 27 > 22 > 17 > 13 > 8 > 4 > 1 > 36 > 32 > 28 > 23 > 19 > 14 > 10 > 6 > 1 > 37 > 33 > 29 > 26 > 22 > 18 > 10 > 4 > 38 > 32 > 26 > 20 > 15 > 7 > 2 > 37 > 32 > 28 > 24 > 19 > 15 > 10 > 5 > 1 > 36 > 32 > 27 > 22 > 17 > 13 > 9 > 5 > 40 > 37 > 33 > 29 > 25 > 20 > 16 > 12 > 7 > 3 > 40 > 36 > 32 > 28 > 23 > 19 > 15 > 9 > 3 > 38 > 34 > 29 > 25 > 21 > 17 > 12 > 8 > 4 > 1 > 37 > 33 > 29 > 25 > 22 > 18 > 14 > 10 > 6 > 2 > 38 > 35 > 29 > 22 > 15 > 10 > 1 > 36 > 31 > 27 > 23 > 19 > 15 > 11 > 6 > 1 > 36 > 31 > 27 > 23 > 19 > 15 > 11 > 7 > 3 > 40 > 36 > 33 > 29 > 25 > 21 > 17 > 14 > 10 > 6 > 1 > 36 > 32 > 29 > 25 > 22 > 18 > 14 > 10 > 6 > 2 > 39 > 35 > 31 > 27 > 22 > 4 > 22 > 40 > 24 > 15 > 39 > 30 > 0 > 13 > 36 > 29,0,16 > 0 > 128 > 32 > 160 > 168 > 0 > 8 > 0 > 8 > 0 > 8 > 0 > 136 > 40 > 8 > 0 > 8 > 0 > 8 > 0 > 8 > 0 > 8 > 0 > 8 > 0 > 8 > 0 > 8 > 0 > 8 > 0 > 8 > 0 > 8 > 40 > 160 > 8 > 160,0 > 1 > 0 > 1 > 0 > 64 > 192 > 64 > 192 > 64 > 192 > 64 > 192 > 64 > 192 > 64 > 192 > 64 > 192 > 64 > 192 > 64 > 192 > 64 > 192 > 64 > 192 > 64 > 192 > 64 > 192 > 64 > 192 > 64 > 192 > 64 > 192 > 64 > 192 > 64 > 192 > 64 > 192 > 64 > 192 > 64 > 65 > 193 > 1 > 0 > 1,0 > 4 > 0 > 4 > 0 > 4 > 0 > 4 > 0 > 128 > 0 > 4 > 0,0,+0x1228 secondary reaction timer observed; +0x1210 held instead of decrementing on one or more sampled frames
2026-07-26T20:09:00Z,10372,10383,11,P2-C1,P2,0x927EB9E0,1,Ken the Eagle,hit,64,Standing Hitstun,1,Action 1,64 Standing Hitstun > 1 Action 1,hitstun > neutral,0,0,21,20,0,0,1,2,False,False,False,,,,11,0x00000000,0 > 39 > 33 > 28,0,40 > 8 > 0 > 160,1 > 0 > 1,4 > 0,0,+0x1228 secondary reaction timer observed; +0x1210 held instead of decrementing on one or more sampled frames
2026-07-26T20:25:32Z,162,167,5,P2-C1,P2,0x927EB9E0,1,Ken the Eagle,hit,64,Standing Hitstun,1,Action 1,64 Standing Hitstun > 1 Action 1,hitstun > neutral,0,0,12,11,0,0,0,0,False,False,False,,,,5,0x00000000,0 > 34 > 20 > 13 > 4,0,8 > 160,0 > 1,4 > 0,0,+0x1228 secondary reaction timer observed
2026-07-26T20:26:04Z,171,567,396,P2-C1,P2,0x927EB9E0,1,Ken the Eagle,hit,64,Standing Hitstun,1,Action 1,64 Standing Hitstun > 66 Low Hitstun > 64 Standing Hitstun > 96 Soft Knockdown > 91 Soft Knockdown > 81 Bounce Launch > 82 Bounce Off > 92 Hard Knockdown > 119 Get Up Face Down > 1 Action 1 > 64 Standing Hitstun > 1 Action 1,hitstun > knockdown > wakeup > hitstun > neutral,0,0,21,20,255232,4,2,383,True,True,False,10,31,,396,0x00000000,0 > 37 > 29 > 0 > 37 > 32 > 28 > 23 > 17 > 13 > 8 > 3 > 38 > 32 > 26 > 20 > 15 > 5 > 39 > 34 > 28 > 21 > 15 > 8 > 40 > 34 > 27 > 15 > 9 > 2 > 35 > 29 > 23 > 17 > 10 > 3 > 34 > 28 > 22 > 14 > 6 > 39 > 34 > 28 > 23 > 17 > 11 > 2 > 34 > 21 > 11 > 2 > 35 > 28 > 23 > 18 > 13 > 7 > 40 > 33 > 25 > 20 > 14 > 8 > 2 > 37 > 32 > 27 > 22 > 17 > 12 > 8 > 4 > 40 > 35 > 31 > 26 > 21 > 16 > 11 > 6 > 40 > 36 > 32 > 28 > 23 > 19 > 15 > 11 > 7 > 3 > 38 > 34 > 30 > 26 > 22 > 18 > 14 > 10 > 5 > 39 > 35 > 29 > 24 > 19 > 15 > 11 > 7 > 3 > 39 > 35 > 31 > 26 > 22 > 18 > 14 > 10 > 6 > 2 > 38 > 34 > 30 > 26 > 21 > 17 > 14 > 9 > 5 > 1 > 37 > 33 > 29 > 25 > 21 > 17 > 12 > 7 > 3 > 38 > 34 > 31 > 27 > 23 > 19 > 15 > 12 > 8 > 5 > 1 > 37 > 33 > 29 > 25 > 21 > 17 > 13 > 9 > 5 > 1 > 37 > 33 > 29 > 25 > 22 > 18 > 14 > 9 > 5 > 1 > 37 > 32 > 28 > 24 > 20 > 15 > 11 > 6 > 2 > 38 > 34 > 30 > 26 > 22 > 18 > 14 > 10 > 6 > 2 > 38 > 35 > 31 > 27 > 23 > 20 > 16 > 12 > 8 > 4 > 40 > 36 > 33 > 29 > 26 > 22 > 18 > 15 > 11 > 7 > 4 > 40 > 36 > 33 > 29 > 25 > 21 > 18 > 14 > 9 > 5 > 1 > 37 > 34 > 30 > 26 > 23 > 19 > 16 > 12 > 9 > 5 > 1 > 37 > 33 > 29 > 25 > 21 > 17 > 12 > 8 > 4 > 39 > 35 > 32 > 27 > 23 > 19 > 15 > 11 > 7 > 3 > 39 > 35 > 31 > 27 > 23 > 19 > 14 > 10 > 6 > 2 > 37 > 33 > 29 > 25 > 21 > 17 > 13 > 10 > 6 > 2 > 38 > 35 > 31 > 27 > 23 > 19 > 15 > 11 > 7 > 3 > 39 > 35 > 31 > 28 > 19 > 14 > 10 > 6 > 2 > 38 > 34 > 30 > 26 > 22 > 18 > 14 > 10 > 6 > 2 > 39 > 35 > 31 > 28 > 24 > 20 > 17 > 13 > 9 > 5 > 2 > 38 > 33 > 30 > 26 > 22 > 17 > 13 > 9 > 6 > 2 > 38 > 34 > 30 > 26 > 22 > 17 > 12 > 8 > 4 > 1 > 37 > 33 > 28 > 23 > 19 > 15 > 11 > 7 > 3 > 39 > 35 > 32 > 27 > 23 > 19 > 15 > 11 > 7 > 1 > 35 > 31 > 28 > 24 > 19 > 15 > 10 > 6 > 1 > 37 > 33 > 29 > 0 > 37 > 33 > 27,0,8 > 0 > 8 > 0 > 160 > 168 > 8 > 0 > 160,0 > 64 > 192 > 64 > 192 > 64 > 192 > 0 > 1 > 0 > 1,4 > 0 > 4 > 0 > 4 > 0,0,+0x1228 secondary reaction timer observed; +0x1210 held instead of decrementing on one or more sampled frames
2026-07-26T20:39:03Z,60,71,11,P2-C1,P2,0x927EB9E0,1,Ken the Eagle,hit,64,Standing Hitstun,1,Action 1,64 Standing Hitstun > 66 Low Hitstun > 1 Action 1,hitstun > neutral,0,0,17,16,0,0,0,1,False,False,False,,,,11,0x00000000,0 > 38 > 32 > 27,0,8 > 168 > 160,0 > 1,4 > 0,0,+0x1228 secondary reaction timer observed; +0x1210 held instead of decrementing on one or more sampled frames
2026-07-26T20:39:19Z,76,255,179,P2-C1,P2,0x927EB9E0,1,Ken the Eagle,hit,64,Standing Hitstun,1,Action 1,64 Standing Hitstun > 66 Low Hitstun > 64 Standing Hitstun > 81 Bounce Launch > 82 Bounce Off > 91 Soft Knockdown > 160 Air Recovery > 1 Action 1 > 64 Standing Hitstun > 1 Action 1,hitstun > knockdown > air_recovery > hitstun > neutral,0,0,21,20,0,0,1,156,True,False,True,17,,43,179,0x00000000,0 > 35 > 29 > 24 > 16 > 39 > 33 > 28 > 22 > 16 > 11 > 40 > 34 > 29 > 24 > 18 > 13 > 7 > 40 > 35 > 28 > 23 > 17 > 10 > 2 > 35 > 30 > 25 > 19 > 14 > 9 > 4 > 38 > 33 > 27 > 21 > 16 > 10 > 5 > 1 > 36 > 32 > 27 > 23 > 18 > 14 > 9 > 4 > 40 > 36 > 32 > 28 > 24 > 20 > 16 > 12 > 9 > 5 > 1 > 36 > 33 > 30 > 26 > 21 > 18 > 14 > 10 > 6 > 2 > 38 > 35 > 31 > 28 > 24 > 20 > 16 > 12 > 8 > 4 > 1 > 37 > 33 > 29 > 26 > 22 > 18 > 14 > 11 > 7 > 4 > 40 > 36 > 33 > 29 > 25 > 21 > 17 > 12 > 8 > 3 > 39 > 36 > 32 > 28 > 24 > 21 > 17 > 14 > 9 > 5 > 1 > 37 > 33 > 28 > 24 > 18 > 14 > 10 > 6 > 2 > 39 > 35 > 32 > 27 > 22 > 17 > 13 > 8 > 4 > 0 > 40 > 35 > 30,0,8 > 40 > 32 > 160 > 168 > 0 > 8 > 168 > 160,0 > 64 > 192 > 64 > 192 > 64 > 193 > 1 > 0 > 1,4 > 0 > 128 > 0 > 4 > 0,0,+0x1228 secondary reaction timer observed; +0x1210 held instead of decrementing on one or more sampled frames
2026-07-26T21:00:04Z,0,699,699,P2-C1,P2,0x927EB9E0,1,Ken the Eagle,hit,1,Action 1,1,Action 1,1 Action 1 > 64 Standing Hitstun > 1 Action 1,hitstun > neutral,0,0,21,11,0,0,0,693,False,False,False,,,,699,0x00000000,11 > 36 > 29 > 20 > 14 > 10 > 6 > 2 > 39 > 36 > 31 > 27 > 22 > 19 > 15 > 12 > 8 > 4 > 1 > 37 > 33 > 29 > 26 > 22 > 19 > 16 > 13 > 10 > 6 > 3 > 39 > 35 > 31 > 27 > 22 > 19 > 16 > 12 > 9 > 6 > 3 > 40 > 36 > 33 > 30 > 27 > 25 > 21 > 18 > 15 > 12 > 9 > 6 > 3 > 40 > 37 > 34 > 31 > 27 > 24 > 20 > 17 > 14 > 11 > 8 > 6 > 2 > 39 > 36 > 33 > 30 > 27 > 24 > 21 > 18 > 15 > 12 > 8 > 6 > 2 > 39 > 36 > 33 > 30 > 27 > 24 > 20 > 17 > 14 > 11 > 6 > 40 > 36 > 31 > 27 > 23 > 21 > 13 > 5 > 39 > 34 > 28 > 20 > 13 > 8 > 3 > 39 > 33 > 28 > 23 > 19 > 15 > 11 > 6 > 2 > 38 > 35 > 31 > 27 > 24 > 20 > 17 > 13 > 8 > 4 > 40 > 36 > 32 > 29 > 25 > 22 > 19 > 15 > 12 > 7 > 4 > 40 > 37 > 33 > 28 > 25 > 21 > 18 > 14 > 10 > 6 > 3 > 39 > 36 > 32 > 29 > 25 > 22 > 19 > 15 > 12 > 9 > 5 > 2 > 39 > 36 > 33 > 30 > 27 > 24 > 21 > 18 > 15 > 11 > 8 > 5 > 2 > 39 > 36 > 33 > 30 > 27 > 24 > 21 > 18 > 15 > 12 > 9 > 6 > 3 > 40 > 37 > 34 > 31 > 28 > 25 > 22 > 19 > 16 > 13 > 10 > 7 > 3 > 40 > 37 > 34 > 30 > 26 > 23 > 20 > 17 > 13 > 10 > 7 > 5 > 1 > 38 > 36 > 33 > 29 > 26 > 23 > 20 > 17 > 14 > 11 > 7 > 3 > 40 > 37 > 34 > 30 > 26 > 23 > 20 > 17 > 14 > 10 > 7 > 4 > 1 > 38 > 35 > 32 > 29 > 26 > 23 > 20 > 16 > 13 > 10 > 7 > 4 > 1 > 38 > 35 > 32 > 29 > 26 > 23 > 19 > 17 > 13 > 10 > 7 > 4 > 1 > 38 > 35 > 33 > 30 > 27 > 24 > 21 > 18 > 15 > 12 > 9 > 6 > 3 > 40 > 37 > 33 > 30 > 26 > 23 > 20 > 17 > 14 > 10 > 7 > 4 > 1 > 38 > 35 > 32 > 29 > 26 > 23 > 20 > 17 > 14 > 11 > 8 > 5 > 2 > 39 > 36 > 33 > 29 > 26 > 24 > 21 > 18 > 15 > 12 > 9 > 6 > 3 > 39 > 37 > 34 > 31 > 28 > 25 > 22 > 19 > 16 > 13 > 11 > 8 > 4 > 1 > 38 > 35 > 32 > 29 > 26 > 23 > 20 > 17 > 14 > 11 > 8 > 5 > 2 > 40 > 37 > 34 > 31 > 27 > 24 > 21 > 19 > 16 > 13 > 10 > 7 > 4 > 1 > 37 > 34 > 31 > 28 > 25 > 22 > 19 > 16 > 14 > 11 > 8 > 5 > 2 > 39 > 36 > 33 > 30 > 27 > 25 > 22 > 19 > 15 > 13 > 10 > 6 > 3 > 40 > 37 > 34 > 31 > 27 > 24 > 22 > 19 > 16 > 13 > 10 > 7 > 4 > 1 > 38 > 35 > 32 > 29 > 26 > 24 > 20 > 18 > 15 > 12 > 9 > 6 > 2 > 39 > 36 > 33 > 30 > 28 > 25 > 22 > 19 > 16 > 13 > 10 > 7 > 4 > 1 > 38 > 35 > 32 > 29 > 26 > 23 > 20 > 17 > 14 > 12 > 9 > 5 > 2 > 39 > 35 > 32 > 29 > 27 > 23 > 20 > 19 > 15 > 12 > 8 > 4 > 1 > 37 > 34 > 29 > 25 > 21 > 18 > 14 > 10 > 6 > 2 > 39 > 35 > 32 > 28 > 25 > 21 > 17 > 13 > 9 > 0 > 39 > 31 > 23 > 17,0,160 > 168 > 40 > 8 > 160,1 > 0 > 1,0 > 4 > 0,0,+0x1228 secondary reaction timer observed; +0x1210 held instead of decrementing on one or more sampled frames
2026-07-26T21:00:06Z,709,717,8,P2-C1,P2,0x927EB9E0,1,Ken the Eagle,hit,64,Standing Hitstun,1,Action 1,64 Standing Hitstun > 1 Action 1,hitstun > neutral,0,0,17,16,0,0,1,1,False,False,False,,,,8,0x00000000,0 > 36 > 33 > 29,0,8 > 168 > 160,0 > 1,4 > 0,0,+0x1228 secondary reaction timer observed; +0x1210 held instead of decrementing on one or more sampled frames
2026-07-26T21:15:15Z,161,255,94,P2-C1,P2,0x927EB9E0,1,Ken the Eagle,hit,81,Bounce Launch,1,Action 1,81 Bounce Launch > 82 Bounce Off > 92 Hard Knockdown > 119 Get Up Face Down > 1 Action 1 > 81 Bounce Launch > 82 Bounce Off > 92 Hard Knockdown > 119 Get Up Face Down > 1 Action 1 > 91 Soft Knockdown > 160 Air Recovery > 30 Action 30 > 1 Action 1 > 65 Overhead Hitstun > 1 Action 1,knockdown > wakeup > hitstun > knockdown > wakeup > hitstun > knockdown > air_recovery > hitstun > neutral,0,0,21,20,255488,4,0,87,True,True,True,0,19,72,94,0x00000000,0 > 37 > 33 > 28 > 24 > 40 > 36 > 32 > 28 > 24 > 19 > 15 > 10 > 6 > 2 > 38 > 34 > 30 > 0 > 39 > 35 > 30 > 26 > 22 > 37 > 33 > 28 > 0 > 39 > 35 > 31 > 26 > 21 > 15 > 9 > 3 > 38 > 33 > 0 > 38 > 31 > 26,0,40 > 8 > 0 > 160 > 168 > 8 > 0 > 160 > 168 > 40 > 8 > 40 > 32 > 160 > 168 > 8 > 136 > 168,65 > 64 > 192 > 0 > 1 > 64 > 192 > 0 > 1 > 65 > 64 > 192 > 193 > 1 > 0 > 1,0 > 4 > 0 > 4 > 0 > 128 > 0 > 4 > 0,0,+0x1228 secondary reaction timer observed; +0x1210 held instead of decrementing on one or more sampled frames
2026-07-26T21:15:29Z,422,430,8,P2-C1,P2,0x927EB9E0,1,Ken the Eagle,hit,1,Action 1,1,Action 1,1 Action 1 > 64 Standing Hitstun > 1 Action 1,hitstun > neutral,0,0,21,20,0,0,0,1,False,False,False,,,,8,0x00000000,0 > 39 > 34 > 29,0,0 > 8 > 0 > 128 > 160,0 > 1,0 > 4 > 0,0,+0x1228 secondary reaction timer observed; +0x1210 held instead of decrementing on one or more sampled frames
2026-07-26T21:15:40Z,535,542,7,P2-C1,P2,0x927EB9E0,1,Ken the Eagle,hit,1,Action 1,1,Action 1,1 Action 1 > 64 Standing Hitstun > 1 Action 1,hitstun > neutral,0,0,17,17,0,0,0,1,False,False,False,,,,7,0x00000000,26 > 0 > 39 > 33 > 27 > 12,0,0 > 8 > 160 > 168,0 > 1,0 > 4 > 0,0,+0x1228 secondary reaction timer observed; +0x1210 held instead of decrementing on one or more sampled frames
2026-07-26T21:15:58Z,747,767,20,P2-C1,P2,0x927EB9E0,1,Ken the Eagle,hit,64,Standing Hitstun,1,Action 1,64 Standing Hitstun > 91 Soft Knockdown > 30 Action 30 > 1 Action 1,hitstun > knockdown > neutral,0,0,21,20,0,6,0,12,True,False,False,6,,,20,0x00000000,0 > 38,0,8 > 0 > 160,0 > 64 > 192 > 1,4 > 0,0,+0x1228 secondary reaction timer observed; +0x1210 held instead of decrementing on one or more sampled frames
2026-07-26T21:16:00Z,782,793,11,P2-C1,P2,0x927EB9E0,1,Ken the Eagle,hit,65,Overhead Hitstun,1,Action 1,65 Overhead Hitstun > 1 Action 1,hitstun > neutral,0,0,21,20,0,0,0,2,False,False,False,,,,11,0x00000000,0 > 38 > 35 > 31,0,32 > 0 > 8 > 168,1 > 0 > 1,4 > 0,0,+0x1228 secondary reaction timer observed; +0x1210 held instead of decrementing on one or more sampled frames
2026-07-26T21:19:12Z,3589,3639,50,P2-C1,P2,0x927EB9E0,1,Ken the Eagle,hit,80,Hard Knockdown,1,Action 1,80 Hard Knockdown > 73 Knockdown Face Up > 113 Get Up Face Up > 1 Action 1 > 64 Standing Hitstun > 1 Action 1,knockdown > wakeup > hitstun > neutral,0,0,21,20,255232,4,0,39,True,True,False,0,17,,50,0x00000000,0 > 40 > 35 > 32 > 27 > 23 > 39 > 34 > 30 > 26 > 22 > 17 > 13 > 9 > 4 > 39 > 35 > 0 > 36 > 32,0,40 > 8 > 0 > 160 > 168 > 8 > 0 > 128 > 160,65 > 64 > 192 > 0 > 1 > 0 > 1,0 > 4 > 0 > 4 > 0,0,+0x1228 secondary reaction timer observed; +0x1210 held instead of decrementing on one or more sampled frames
2026-07-26T21:19:33Z,3945,3959,14,P2-C1,P2,0x927EB9E0,1,Ken the Eagle,hit,1,Action 1,1,Action 1,1 Action 1 > 64 Standing Hitstun > 1 Action 1,hitstun > neutral,0,0,21,20,0,0,0,3,False,False,False,,,,14,0x00000000,15 > 0 > 40 > 33 > 29,0,0 > 8 > 0 > 128 > 168,0 > 1,0 > 4 > 0,0,+0x1228 secondary reaction timer observed; +0x1210 held instead of decrementing on one or more sampled frames
2026-07-26T21:32:05Z,3973,14585,10612,P2-C1,P2,0x927EB9E0,1,Ken the Eagle,hit,64,Standing Hitstun,1,Action 1,64 Standing Hitstun > 1 Action 1 > 64 Standing Hitstun > 1 Action 1 > 96 Soft Knockdown > 102 Knockdown Face Up > 113 Get Up Face Up > 1 Action 1 > 64 Standing Hitstun > 1 Action 1,hitstun > neutral > hitstun > neutral > knockdown > wakeup > hitstun > neutral,0,0,21,20,255488,4,2,10584,True,True,False,26,39,,10612,0x00000000,0 > 37 > 34 > 0 > 36 > 29 > 0 > 40 > 36 > 32 > 28 > 24 > 40 > 34 > 30 > 26 > 22 > 18 > 14 > 10 > 6 > 2 > 38 > 34 > 29 > 22 > 19 > 15 > 8 > 3 > 39 > 35 > 31 > 27 > 23 > 19 > 15 > 11 > 6 > 40 > 36 > 31 > 20 > 14 > 10 > 4 > 40 > 36 > 30 > 24 > 17 > 11 > 6 > 2 > 36 > 27 > 23 > 19 > 15 > 11 > 7 > 2 > 36 > 32 > 28 > 24 > 20 > 16 > 12 > 7 > 2 > 36 > 30 > 22 > 17 > 13 > 9 > 5 > 1 > 37 > 33 > 29 > 25 > 22 > 18 > 14 > 10 > 6 > 1 > 36 > 32 > 28 > 23 > 19 > 15 > 11 > 7 > 4 > 40 > 36 > 33 > 29 > 25 > 20 > 16 > 12 > 7 > 3 > 36 > 31 > 27 > 23 > 19 > 15 > 11 > 7 > 3 > 40 > 36 > 32 > 28 > 24 > 20 > 15 > 10 > 6 > 2 > 38 > 34 > 30 > 26 > 21 > 18 > 14 > 10 > 6 > 39 > 36 > 32 > 28 > 24 > 20 > 16 > 13 > 8 > 4 > 40 > 36 > 32 > 28 > 24 > 20 > 16 > 12 > 8 > 4 > 40 > 37 > 33 > 29 > 25 > 21 > 17 > 14 > 10 > 6 > 1 > 34 > 30 > 26 > 23 > 19 > 15 > 11 > 8 > 2 > 38 > 35 > 31 > 27 > 23 > 19 > 15 > 11 > 7 > 3 > 39 > 35 > 31 > 27 > 23 > 19 > 16 > 12 > 8 > 4 > 1 > 37 > 33 > 28 > 22 > 18 > 11 > 7 > 3 > 39 > 36 > 32 > 28 > 24 > 20 > 16 > 12 > 8 > 4 > 1 > 37 > 32 > 26 > 22 > 19 > 14 > 10 > 3 > 39 > 35 > 32 > 28 > 24 > 21 > 17 > 13 > 9 > 6 > 2 > 38 > 34 > 30 > 25 > 20 > 16 > 11 > 4 > 36 > 31 > 25 > 21 > 16 > 12 > 8 > 3 > 39 > 34 > 30 > 26 > 21 > 17 > 13 > 9 > 4 > 39 > 35 > 31 > 27 > 23 > 19 > 15 > 10 > 6 > 2 > 38 > 34 > 30 > 26 > 22 > 18 > 14 > 9 > 5 > 1 > 36 > 32 > 27 > 23 > 19 > 15 > 11 > 7 > 2 > 38 > 34 > 29 > 25 > 21 > 17 > 12 > 8 > 3 > 39 > 35 > 31 > 27 > 22 > 18 > 13 > 9 > 4 > 40 > 35 > 31 > 27 > 23 > 19 > 14 > 9 > 4 > 39 > 35 > 30 > 26 > 22 > 17 > 12 > 8 > 3 > 39 > 35 > 31 > 27 > 23 > 18 > 14 > 10 > 5 > 1 > 37 > 33 > 29 > 24 > 20 > 16 > 11 > 6 > 1 > 36 > 31 > 25 > 20 > 15 > 9 > 5 > 40 > 36 > 31 > 27 > 23 > 19 > 15 > 10 > 6 > 2 > 38 > 34 > 30 > 25 > 21 > 17 > 12 > 8 > 4 > 40 > 36 > 31 > 27 > 23 > 18 > 14 > 9 > 5 > 1 > 37 > 33 > 29 > 25 > 20 > 15 > 11 > 6 > 2 > 38 > 34 > 30 > 26 > 22 > 18 > 14 > 10 > 6 > 2 > 38 > 34 > 30 > 26 > 21 > 17 > 12 > 8 > 3 > 39 > 35 > 32 > 27 > 23 > 19 > 15 > 11 > 7 > 3 > 39 > 35 > 31 > 27 > 23 > 19 > 15 > 10 > 6 > 2 > 38 > 34 > 30 > 26 > 22 > 18 > 14 > 10 > 5 > 1 > 38 > 33 > 29 > 25 > 21 > 16 > 12 > 8 > 4 > 40 > 36 > 32 > 27 > 23 > 19 > 15 > 11 > 7 > 3 > 38 > 34 > 30 > 26 > 22 > 17 > 13 > 9 > 5 > 1 > 37 > 33 > 29 > 25 > 21 > 16 > 12 > 8 > 4 > 1 > 36 > 32 > 28 > 24 > 19 > 15 > 11 > 7 > 3 > 39 > 35 > 31 > 27 > 23 > 18 > 14 > 10 > 6 > 1 > 37 > 33 > 29 > 24 > 20 > 16 > 12 > 7 > 3 > 39 > 35 > 30 > 26 > 22 > 18 > 13 > 9 > 5 > 1 > 37 > 33 > 29 > 24 > 20 > 16 > 12 > 8 > 3 > 39 > 35 > 31 > 27 > 23 > 19 > 15 > 11 > 7 > 3 > 39 > 35 > 31 > 26 > 22 > 17 > 13 > 9 > 5 > 1 > 37 > 33 > 30 > 26 > 22 > 17 > 13 > 9 > 5 > 1 > 37 > 33 > 28 > 24 > 20 > 15 > 11 > 7 > 2 > 37 > 33 > 28 > 24 > 19 > 15 > 11 > 7 > 3 > 38 > 34 > 30 > 25 > 21 > 16 > 12 > 8 > 3 > 38 > 34 > 30 > 26 > 21 > 17 > 12 > 7 > 3 > 38 > 33 > 28 > 23 > 19 > 14 > 9 > 5 > 40 > 36 > 31 > 26 > 22 > 17 > 12 > 8 > 4 > 38 > 33 > 28 > 24 > 19 > 14 > 10 > 6 > 1 > 37 > 33 > 29 > 25 > 20 > 16 > 12 > 8 > 4 > 40 > 36 > 32 > 28 > 23 > 19 > 15 > 10 > 6 > 2 > 38 > 34 > 30 > 26 > 22 > 18 > 14 > 10 > 6 > 2 > 37 > 33 > 29 > 25 > 20 > 16 > 12 > 8 > 4 > 40 > 36 > 32 > 28 > 23 > 19 > 14 > 9 > 4 > 40 > 35 > 31 > 26 > 22 > 17 > 13 > 9 > 5 > 1 > 37 > 33 > 29 > 24 > 21 > 16 > 12 > 8 > 4 > 40 > 36 > 31 > 27 > 22 > 18 > 13 > 9 > 5 > 1 > 37 > 33 > 28 > 24 > 20 > 16 > 12 > 8 > 4 > 40 > 36 > 31 > 27 > 23 > 18 > 14 > 10 > 6 > 2 > 38 > 34 > 30 > 26 > 22 > 17 > 13 > 9 > 5 > 1 > 37 > 32 > 28 > 23 > 19 > 15 > 11 > 7 > 3 > 39 > 35 > 31 > 27 > 23 > 18 > 14 > 10 > 6 > 2 > 38 > 34 > 30 > 25 > 21 > 17 > 13 > 8 > 4 > 40 > 35 > 31 > 27 > 23 > 19 > 15 > 11 > 7 > 3 > 39 > 35 > 30 > 26 > 21 > 17 > 13 > 9 > 5 > 1 > 37 > 33 > 28 > 24 > 21 > 16 > 12 > 8 > 4 > 40 > 36 > 32 > 28 > 23 > 19 > 15 > 11 > 7 > 3 > 39 > 34 > 30 > 27 > 22 > 18 > 14 > 10 > 6 > 2 > 38 > 34 > 29 > 25 > 20 > 15 > 11 > 7 > 3 > 39 > 35 > 31 > 27 > 22 > 18 > 14 > 10 > 6 > 2 > 37 > 33 > 28 > 24 > 20 > 16 > 12 > 7 > 2 > 38 > 33 > 29 > 24 > 20 > 15 > 11 > 7 > 3 > 38 > 34 > 30 > 26 > 21 > 17 > 13 > 9 > 5 > 1 > 36 > 32 > 29 > 24 > 21 > 17 > 12 > 8 > 4 > 40 > 36 > 32 > 27 > 23 > 19 > 14 > 10 > 6 > 2 > 38 > 34 > 30 > 26 > 22 > 18 > 14 > 10 > 6 > 2 > 38 > 33 > 29 > 25 > 21 > 16 > 12 > 7 > 5 > 35 > 31 > 27 > 22 > 18 > 14 > 9 > 1 > 34 > 28 > 20 > 14 > 9 > 3 > 32 > 27 > 22 > 18 > 14 > 10 > 6 > 2 > 33 > 26 > 19 > 12 > 6 > 1 > 36 > 30 > 26 > 21 > 17 > 13 > 8 > 4 > 40 > 36 > 32 > 27 > 22 > 18 > 13 > 9 > 5 > 1 > 37 > 33 > 29 > 24 > 20 > 15 > 11 > 7 > 3 > 39 > 35 > 31 > 26 > 22 > 17 > 13 > 9 > 6 > 1 > 37 > 33 > 29 > 25 > 21 > 16 > 12 > 8 > 4 > 40 > 36 > 32 > 28 > 23 > 19 > 15 > 11 > 7 > 3 > 39 > 34 > 30 > 26 > 22 > 18 > 14 > 10 > 5 > 1 > 37 > 33 > 28 > 24 > 20 > 16 > 12 > 7 > 3 > 39 > 35 > 31 > 27 > 23 > 18 > 14 > 10 > 6 > 2 > 38 > 33 > 29 > 24 > 20 > 16 > 12 > 8 > 3 > 39 > 35 > 31 > 27 > 23 > 19 > 15 > 10 > 6 > 2 > 38 > 34 > 29 > 25 > 21 > 17 > 12 > 8 > 4 > 40 > 36 > 32 > 28 > 24 > 20 > 16 > 12 > 8 > 4 > 40 > 36 > 31 > 27 > 23 > 19 > 15 > 11 > 7 > 3 > 39 > 35 > 31 > 27 > 23 > 19 > 14 > 10 > 6 > 2 > 38 > 33 > 29 > 25 > 21 > 17 > 13 > 9 > 5 > 1 > 36 > 32 > 28 > 24 > 20 > 16 > 12 > 9 > 4 > 1 > 36 > 32 > 28 > 24 > 19 > 15 > 11 > 7 > 2 > 38 > 33 > 29 > 25 > 21 > 17 > 13 > 9 > 5 > 40 > 36 > 32 > 27 > 23 > 19 > 15 > 11 > 7 > 2 > 38 > 34 > 30 > 27 > 22 > 18 > 14 > 10 > 6 > 1 > 37 > 32 > 28 > 24 > 20 > 16 > 12 > 8 > 4 > 40 > 36 > 32 > 28 > 24 > 20 > 16 > 12 > 8 > 3 > 39 > 35 > 30 > 26 > 22 > 18 > 14 > 10 > 6 > 2 > 38 > 34 > 30 > 26 > 22 > 18 > 13 > 9 > 6 > 1 > 36 > 32 > 28 > 24 > 19 > 15 > 11 > 7 > 3 > 39 > 35 > 31 > 27 > 23 > 18 > 14 > 11 > 6 > 2 > 38 > 33 > 29 > 25 > 21 > 17 > 14 > 10 > 6 > 2 > 38 > 34 > 30 > 25 > 21 > 17 > 13 > 9 > 5 > 40 > 36 > 32 > 28 > 24 > 20 > 15 > 11 > 7 > 3 > 39 > 35 > 31 > 26 > 23 > 18 > 15 > 10 > 6 > 2 > 37 > 33 > 29 > 25 > 22 > 18 > 13 > 10 > 6 > 2 > 38 > 34 > 30 > 26 > 22 > 18 > 14 > 9 > 5 > 1 > 37 > 33 > 29 > 25 > 21 > 17 > 13 > 9 > 5 > 40 > 36 > 32 > 28 > 24 > 20 > 16 > 11 > 7 > 3 > 39 > 35 > 31 > 27 > 23 > 19 > 13 > 9 > 4 > 40 > 37 > 32 > 28 > 24 > 20 > 16 > 11 > 7 > 2 > 38 > 34 > 30 > 26 > 22 > 17 > 14 > 9 > 5 > 1 > 37 > 33 > 30 > 26 > 21 > 17 > 12 > 8 > 4 > 40 > 36 > 31 > 27 > 23 > 19 > 15 > 11 > 7 > 3 > 39 > 35 > 31 > 27 > 23 > 18 > 14 > 9 > 5 > 1 > 37 > 33 > 29 > 25 > 21 > 17 > 13 > 9 > 5 > 1 > 37 > 33 > 29 > 25 > 20 > 16 > 12 > 8 > 4 > 39 > 35 > 30 > 26 > 22 > 18 > 14 > 10 > 6 > 2 > 38 > 34 > 30 > 26 > 22 > 17 > 13 > 9 > 4 > 1 > 37 > 33 > 28 > 24 > 20 > 16 > 12 > 8 > 4 > 39 > 35 > 30 > 26 > 22 > 17 > 13 > 9 > 5 > 1 > 36 > 32 > 28 > 23 > 19 > 14 > 10 > 6 > 2 > 38 > 34 > 30 > 26 > 22 > 17 > 13 > 9 > 5 > 40 > 36 > 32 > 27 > 23 > 19 > 15 > 11 > 6 > 2 > 37 > 33 > 29 > 25 > 20 > 16 > 12 > 7 > 3 > 39 > 35 > 31 > 27 > 23 > 18 > 14 > 11 > 6 > 2 > 38 > 34 > 30 > 26 > 21 > 17 > 13 > 9 > 5 > 40 > 36 > 32 > 28 > 24 > 20 > 16 > 12 > 8 > 4 > 40 > 36 > 31 > 27 > 22 > 18 > 14 > 10 > 6 > 1 > 37 > 31 > 25 > 20 > 16 > 12 > 8 > 4 > 40 > 36 > 31 > 27 > 23 > 19 > 14 > 9 > 5 > 1 > 37 > 33 > 28 > 24 > 20 > 16 > 11 > 7 > 3 > 38 > 34 > 30 > 25 > 21 > 16 > 12 > 8 > 4 > 40 > 36 > 32 > 28 > 23 > 19 > 15 > 11 > 7 > 3 > 39 > 35 > 31 > 27 > 22 > 18 > 14 > 10 > 6 > 2 > 37 > 33 > 29 > 25 > 21 > 17 > 13 > 9 > 5 > 1 > 37 > 33 > 28 > 23 > 18 > 13 > 8 > 4 > 40 > 35 > 31 > 27 > 23 > 18 > 14 > 10 > 6 > 2 > 38 > 34 > 29 > 25 > 20 > 16 > 12 > 8 > 4 > 40 > 36 > 31 > 27 > 23 > 19 > 15 > 10 > 6 > 2 > 38 > 34 > 29 > 25 > 21 > 17 > 12 > 8 > 4 > 40 > 36 > 32 > 28 > 24 > 20 > 16 > 12 > 8 > 4 > 39 > 35 > 31 > 27 > 22 > 18 > 14 > 10 > 6 > 2 > 38 > 34 > 29 > 25 > 21 > 17 > 14 > 9 > 5 > 1 > 37 > 33 > 28 > 23 > 19 > 15 > 10 > 6 > 2 > 38 > 34 > 30 > 26 > 22 > 18 > 14 > 9 > 5 > 1 > 37 > 33 > 28 > 24 > 19 > 15 > 11 > 7 > 3 > 39 > 35 > 31 > 26 > 23 > 18 > 14 > 10 > 6 > 2 > 38 > 34 > 29 > 25 > 21 > 16 > 12 > 8 > 4 > 39 > 36 > 32 > 28 > 23 > 19 > 15 > 11 > 7 > 3 > 39 > 34 > 30 > 25 > 21 > 17 > 13 > 9 > 5 > 40 > 36 > 32 > 28 > 24 > 20 > 16 > 11 > 7 > 3 > 39 > 34 > 30 > 26 > 22 > 17 > 13 > 9 > 5 > 1 > 37 > 33 > 28 > 24 > 20 > 16 > 11 > 7 > 3 > 38 > 34 > 29 > 25 > 20 > 16 > 12 > 7 > 3 > 38 > 34 > 30 > 26 > 22 > 18 > 14 > 9 > 5 > 1 > 37 > 33 > 28 > 24 > 20 > 16 > 12 > 8 > 3 > 39 > 35 > 31 > 27 > 23 > 18 > 14 > 10 > 6 > 2 > 38 > 33 > 29 > 25 > 21 > 17 > 13 > 9 > 5 > 1 > 36 > 32 > 28 > 24 > 20 > 16 > 12 > 8 > 4 > 39 > 35 > 31 > 26 > 22 > 18 > 14 > 10 > 6 > 2 > 38 > 34 > 30 > 26 > 22 > 18 > 14 > 9 > 6 > 1 > 37 > 33 > 28 > 24 > 19 > 15 > 11 > 7 > 3 > 39 > 35 > 31 > 27 > 22 > 18 > 14 > 10 > 6 > 2 > 37 > 33 > 28 > 24 > 20 > 15 > 11 > 7 > 3 > 39 > 35 > 31 > 27 > 23 > 18 > 14 > 10 > 6 > 2 > 37 > 33 > 28 > 24 > 20 > 16 > 12 > 7 > 3 > 39 > 35 > 31 > 27 > 23 > 19 > 15 > 11 > 7 > 2 > 38 > 34 > 29 > 25 > 21 > 17 > 13 > 9 > 5 > 1 > 36 > 32 > 28 > 24 > 20 > 16 > 12 > 8 > 3 > 39 > 35 > 31 > 26 > 23 > 19 > 15 > 11 > 7 > 2 > 38 > 34 > 30 > 26 > 21 > 17 > 13 > 9 > 5 > 1 > 36 > 32 > 28 > 24 > 20 > 15 > 11 > 7 > 3 > 39 > 35 > 31 > 27 > 23 > 18 > 14 > 10 > 6 > 1 > 37 > 32 > 28 > 24 > 20 > 16 > 12 > 8 > 4 > 40 > 36 > 32 > 28 > 24 > 20 > 16 > 12 > 7 > 2 > 38 > 34 > 30 > 25 > 21 > 17 > 13 > 9 > 5 > 1 > 37 > 33 > 29 > 25 > 21 > 17 > 13 > 8 > 3 > 39 > 35 > 30 > 26 > 22 > 18 > 13 > 9 > 5 > 1 > 37 > 33 > 29 > 25 > 21 > 17 > 13 > 8 > 4 > 39 > 35 > 31 > 27 > 23 > 18 > 14 > 10 > 6 > 2 > 38 > 34 > 30 > 26 > 22 > 17 > 12 > 8 > 3 > 39 > 34 > 30 > 26 > 21 > 17 > 12 > 8 > 4 > 40 > 36 > 32 > 28 > 23 > 19 > 15 > 10 > 6 > 2 > 37 > 33 > 29 > 25 > 21 > 17 > 13 > 9 > 4 > 40 > 36 > 32 > 27 > 23 > 19 > 15 > 10 > 6 > 2 > 37 > 33 > 29 > 25 > 21 > 17 > 13 > 9 > 5 > 1 > 37 > 32 > 28 > 24 > 20 > 16 > 11 > 7 > 3 > 38 > 34 > 30 > 26 > 22 > 18 > 13 > 9 > 5 > 1 > 36 > 32 > 28 > 23 > 20 > 15 > 11 > 7 > 2 > 38 > 34 > 30 > 26 > 22 > 18 > 14 > 10 > 6 > 1 > 37 > 33 > 29 > 25 > 21 > 16 > 12 > 7 > 3 > 39 > 34 > 30 > 26 > 22 > 18 > 14 > 10 > 6 > 2 > 37 > 33 > 29 > 25 > 21 > 17 > 12 > 8 > 4 > 40 > 36 > 31 > 27 > 23 > 19 > 15 > 11 > 6 > 2 > 38 > 34 > 30 > 26 > 22 > 18 > 13 > 9 > 5 > 1 > 37 > 32 > 28 > 24 > 19 > 15 > 11 > 7 > 3 > 39 > 35 > 30 > 26 > 22 > 17 > 13 > 9 > 4 > 40 > 36 > 32 > 28 > 23 > 20 > 15 > 11 > 7 > 3 > 38 > 34 > 30 > 26 > 21 > 16 > 12 > 8 > 4 > 39 > 35 > 31 > 27 > 23 > 19 > 15 > 10 > 6 > 1 > 37 > 33 > 29 > 25 > 21 > 16 > 12 > 7 > 2 > 38 > 34 > 29 > 24 > 17 > 13 > 9 > 5 > 39 > 35 > 31 > 27 > 23 > 19 > 14 > 10 > 6 > 2 > 37 > 33 > 29 > 25 > 21 > 17 > 12 > 8 > 4 > 40 > 36 > 32 > 28 > 23 > 19 > 14 > 10 > 6 > 2 > 37 > 33 > 28 > 24 > 19 > 15 > 10 > 6 > 2 > 38 > 34 > 30 > 25 > 21 > 17 > 12 > 8 > 4 > 1 > 37 > 33 > 29 > 25 > 20 > 16 > 13 > 9 > 5 > 1 > 37 > 33 > 29 > 25 > 20 > 16 > 12 > 8 > 4 > 40 > 36 > 32 > 28 > 24 > 20 > 16 > 12 > 8 > 5 > 1 > 36 > 33 > 29 > 24 > 20 > 16 > 11 > 7 > 3 > 39 > 34 > 31 > 27 > 23 > 19 > 15 > 11 > 7 > 3 > 38 > 34 > 30 > 26 > 21 > 17 > 13 > 9 > 5 > 1 > 37 > 33 > 29 > 25 > 21 > 17 > 13 > 9 > 5 > 1 > 37 > 33 > 29 > 24 > 20 > 16 > 12 > 8 > 4 > 40 > 36 > 32 > 29 > 25 > 20 > 17 > 12 > 8 > 4 > 40 > 36 > 32 > 28 > 23 > 19 > 15 > 10 > 6 > 2 > 37 > 33 > 29 > 25 > 21 > 17 > 12 > 8 > 4 > 40 > 35 > 31 > 26 > 22 > 18 > 14 > 10 > 6 > 2 > 38 > 34 > 29 > 25 > 21 > 17 > 13 > 9 > 5 > 40 > 36 > 32 > 27 > 23 > 19 > 15 > 11 > 7 > 3 > 39 > 35 > 31 > 27 > 23 > 19 > 15 > 8 > 2 > 38 > 34 > 29 > 24 > 20 > 16 > 11 > 7 > 4 > 39 > 35 > 31 > 27 > 23 > 19 > 15 > 11 > 7 > 2 > 38 > 34 > 29 > 25 > 21 > 17 > 12 > 8 > 4 > 40 > 36 > 32 > 27 > 23 > 17 > 13 > 8 > 4 > 40 > 35 > 30 > 26 > 21 > 17 > 13 > 9 > 4 > 40 > 36 > 32 > 28 > 24 > 20 > 16 > 12 > 8 > 4 > 40 > 35 > 31 > 26 > 22 > 18 > 13 > 9 > 5 > 1 > 36 > 32 > 28 > 24 > 20 > 16 > 12 > 8 > 4 > 40 > 35 > 31 > 27 > 23 > 18 > 14 > 10 > 6 > 2 > 38 > 34 > 30 > 25 > 21 > 17 > 12 > 8 > 4 > 40 > 35 > 31 > 27 > 23 > 18 > 14 > 10 > 6 > 1 > 37 > 33 > 29 > 25 > 21 > 16 > 12 > 8 > 4 > 40 > 36 > 31 > 27 > 22 > 19 > 14 > 10 > 6 > 2 > 38 > 34 > 30 > 26 > 22 > 18 > 14 > 10 > 5 > 1 > 37 > 32 > 28 > 24 > 20 > 16 > 12 > 8 > 4 > 40 > 35 > 31 > 27 > 23 > 19 > 15 > 11 > 7 > 3 > 38 > 34 > 29 > 25 > 21 > 17 > 13 > 8 > 4 > 40 > 36 > 32 > 28 > 23 > 20 > 15 > 11 > 7 > 3 > 38 > 34 > 30 > 25 > 21 > 17 > 13 > 9 > 5 > 1 > 36 > 32 > 28 > 24 > 20 > 16 > 12 > 8 > 4 > 39 > 35 > 31 > 27 > 22 > 18 > 13 > 8 > 4 > 40 > 35 > 31 > 27 > 22 > 17 > 13 > 8 > 4 > 40 > 36 > 31 > 27 > 23 > 19 > 15 > 11 > 7 > 2 > 38 > 34 > 30 > 26 > 22 > 18 > 14 > 10 > 6 > 2 > 37 > 33 > 29 > 24 > 20 > 16 > 12 > 8 > 4 > 40 > 36 > 31 > 27 > 23 > 19 > 15 > 11 > 7 > 3 > 38 > 34 > 29 > 25 > 21 > 17 > 13 > 8 > 4 > 40 > 36 > 32 > 28 > 24 > 20 > 16 > 11 > 7 > 3 > 39 > 35 > 31 > 27 > 23 > 19 > 15 > 11 > 7 > 3 > 38 > 34 > 30 > 26 > 22 > 18 > 14 > 9 > 5 > 1 > 36 > 31 > 26 > 22 > 18 > 14 > 10 > 6 > 2 > 38 > 34 > 30 > 26 > 22 > 18 > 14 > 10 > 6 > 1 > 36 > 32 > 28 > 24 > 19 > 15 > 11 > 7 > 3 > 39 > 35 > 31 > 27 > 22 > 18 > 14 > 10 > 6 > 1 > 37 > 32 > 28 > 24 > 19 > 15 > 11 > 7 > 2 > 38 > 34 > 30 > 26 > 22 > 18 > 14 > 10 > 6 > 2 > 38 > 34 > 30 > 25 > 21 > 17 > 13 > 9 > 5 > 1 > 37 > 33 > 29 > 25 > 21 > 17 > 14 > 10 > 5 > 1 > 36 > 33 > 28 > 25 > 21 > 17 > 13 > 9 > 5 > 1 > 37 > 33 > 29 > 25 > 21 > 17 > 14 > 9 > 5 > 1 > 37 > 33 > 29 > 25 > 21 > 17 > 13 > 9 > 6 > 1 > 37 > 34 > 30 > 26 > 22 > 18 > 14 > 10 > 6 > 2 > 38 > 34 > 30 > 26 > 22 > 18 > 14 > 10 > 6 > 2 > 38 > 34 > 30 > 26 > 22 > 18 > 14 > 10 > 5 > 1 > 37 > 33 > 29 > 25 > 21 > 17 > 13 > 9 > 5 > 1 > 37 > 33 > 29 > 25 > 21 > 17 > 13 > 9 > 5 > 40 > 36 > 32 > 28 > 24 > 20 > 16 > 12 > 8 > 4 > 40 > 36 > 32 > 28 > 24 > 20 > 16 > 12 > 7 > 3 > 39 > 35 > 31 > 27 > 22 > 18 > 14 > 10 > 6 > 1 > 37 > 33 > 29 > 25 > 21 > 17 > 13 > 9 > 4 > 39 > 35 > 31 > 27 > 23 > 19 > 15 > 11 > 7 > 3 > 39 > 35 > 32 > 27 > 23 > 19 > 15 > 11 > 6 > 2 > 38 > 34 > 29 > 25 > 22 > 18 > 14 > 10 > 6 > 2 > 38 > 34 > 30 > 26 > 22 > 18 > 14 > 10 > 6 > 2 > 38 > 34 > 30 > 26 > 22 > 18 > 14 > 10 > 6 > 2 > 38 > 34 > 30 > 26 > 22 > 18 > 14 > 10 > 5 > 1 > 38 > 34 > 30 > 26 > 22 > 18 > 14 > 9 > 5 > 1 > 37 > 33 > 30 > 25 > 21 > 17 > 13 > 9 > 5 > 1 > 37 > 33 > 29 > 25 > 21 > 17 > 14 > 10 > 6 > 1 > 37 > 33 > 29 > 25 > 21 > 16 > 12 > 8 > 4 > 40 > 36 > 32 > 29 > 24 > 20 > 17 > 13 > 9 > 5 > 1 > 37 > 33 > 29 > 25 > 21 > 16 > 12 > 8 > 4 > 40 > 37 > 32 > 28 > 24 > 20 > 16 > 12 > 8 > 4 > 40 > 36 > 32 > 28 > 24 > 19 > 15 > 10 > 6 > 2 > 38 > 34 > 30 > 26 > 22 > 18 > 15 > 11 > 7 > 2 > 39 > 35 > 31 > 27 > 22 > 18 > 14 > 10 > 6 > 2 > 37 > 33 > 29 > 25 > 21 > 17 > 13 > 9 > 5 > 1 > 37 > 33 > 29 > 25 > 20 > 16 > 12 > 8 > 4 > 40 > 35 > 31 > 27 > 23 > 19 > 14 > 10 > 6 > 2 > 38 > 34 > 30 > 26 > 21 > 17 > 13 > 8 > 4 > 40 > 36 > 32 > 28 > 24 > 20 > 16 > 12 > 8 > 4 > 40 > 36 > 32 > 27 > 23 > 19 > 15 > 10 > 6 > 2 > 38 > 34 > 30 > 26 > 22 > 18 > 14 > 9 > 6 > 1 > 37 > 33 > 29 > 24 > 20 > 16 > 12 > 8 > 4 > 40 > 36 > 32 > 28 > 24 > 20 > 16 > 12 > 8 > 4 > 40 > 36 > 32 > 27 > 23 > 19 > 15 > 11 > 7 > 2 > 37 > 33 > 28 > 24 > 19 > 15 > 11 > 7 > 3 > 38 > 33 > 28 > 24 > 19 > 15 > 11 > 7 > 3 > 39 > 34 > 31 > 26 > 22 > 18 > 15 > 10 > 5 > 2 > 38 > 34 > 30 > 26 > 21 > 17 > 13 > 9 > 5 > 1 > 37 > 33 > 29 > 25 > 21 > 17 > 13 > 9 > 5 > 1 > 37 > 33 > 28 > 23 > 19 > 15 > 10 > 6 > 2 > 38 > 34 > 30 > 26 > 22 > 18 > 14 > 10 > 5 > 1 > 36 > 32 > 27 > 23 > 19 > 14 > 10 > 6 > 1 > 37 > 33 > 28 > 24 > 20 > 16 > 11 > 7 > 3 > 39 > 35 > 30 > 26 > 21 > 17 > 13 > 9 > 4 > 40 > 36 > 32 > 28 > 24 > 20 > 16 > 12 > 8 > 3 > 39 > 35 > 31 > 26 > 21 > 17 > 13 > 9 > 5 > 40 > 36 > 32 > 28 > 24 > 19 > 15 > 11 > 7 > 3 > 39 > 35 > 30 > 26 > 22 > 18 > 14 > 10 > 6 > 2 > 38 > 34 > 29 > 25 > 21 > 17 > 13 > 9 > 4 > 40 > 35 > 31 > 27 > 23 > 18 > 15 > 10 > 6 > 2 > 38 > 34 > 30 > 26 > 22 > 18 > 14 > 10 > 6 > 2 > 37 > 32 > 28 > 23 > 19 > 14 > 9 > 4 > 40 > 36 > 32 > 28 > 24 > 20 > 16 > 11 > 7 > 3 > 38 > 34 > 29 > 25 > 21 > 17 > 12 > 8 > 4 > 40 > 36 > 32 > 28 > 24 > 20 > 16 > 12 > 7 > 3 > 39 > 35 > 30 > 26 > 22 > 17 > 13 > 9 > 5 > 1 > 37 > 33 > 29 > 25 > 21 > 16 > 13 > 9 > 5 > 40 > 36 > 31 > 27 > 23 > 18 > 14 > 10 > 6 > 2 > 38 > 33 > 29 > 25 > 21 > 17 > 13 > 9 > 5 > 40 > 36 > 31 > 27 > 23 > 19 > 15 > 11 > 7 > 3 > 39 > 34 > 30 > 26 > 22 > 18 > 14 > 10 > 6 > 2 > 38 > 34 > 29 > 25 > 21 > 17 > 13 > 9 > 5 > 1 > 37 > 33 > 29 > 24 > 20 > 15 > 11 > 7 > 3 > 39 > 35 > 30 > 26 > 22 > 18 > 13 > 9 > 5 > 1 > 37 > 33 > 29 > 25 > 21 > 17 > 12 > 8 > 4 > 40 > 35 > 31 > 27 > 22 > 18 > 14 > 10 > 6 > 2 > 38 > 34 > 30 > 26 > 22 > 17 > 13 > 9 > 4 > 40 > 35 > 31 > 27 > 22 > 18 > 14 > 10 > 6 > 1 > 37 > 33 > 29 > 25 > 20 > 14 > 8 > 4 > 40 > 35 > 30 > 25 > 21 > 17 > 13 > 9 > 5 > 1 > 36 > 32 > 27 > 23 > 17 > 12 > 8 > 3 > 38 > 33 > 29 > 24 > 20 > 16 > 11 > 7 > 3 > 39 > 35 > 31 > 27 > 23 > 19 > 15 > 11 > 7 > 2 > 37 > 33 > 29 > 25 > 20 > 16 > 12 > 8 > 4 > 39 > 35 > 31 > 26 > 22 > 17 > 13 > 9 > 5 > 1 > 37 > 32 > 27 > 23 > 19 > 15 > 11 > 7 > 2 > 38 > 33 > 29 > 25 > 21 > 17 > 13 > 8 > 4 > 40 > 36 > 31 > 27 > 23 > 19 > 15 > 11 > 6 > 2 > 38 > 34 > 30 > 26 > 22 > 18 > 13 > 9 > 5 > 1 > 36 > 32 > 27 > 23 > 19 > 15 > 11 > 7 > 3 > 39 > 35 > 31 > 26 > 22 > 18 > 14 > 10 > 6 > 2 > 38 > 33 > 29 > 25 > 21 > 16 > 12 > 8 > 3 > 39 > 35 > 31 > 27 > 23 > 19 > 15 > 10 > 6 > 1 > 36 > 32 > 28 > 24 > 19 > 15 > 11 > 7 > 3 > 38 > 34 > 29 > 25 > 21 > 17 > 13 > 9 > 5 > 40 > 36 > 31 > 27 > 23 > 19 > 15 > 11 > 6 > 2 > 38 > 34 > 30 > 25 > 21 > 17 > 13 > 9 > 4 > 40 > 35 > 31 > 26 > 22 > 18 > 14 > 10 > 6 > 2 > 38 > 34 > 30 > 26 > 21 > 17 > 13 > 9 > 4 > 40 > 36 > 31 > 27 > 23 > 19 > 14 > 10 > 6 > 2 > 38 > 34 > 29 > 25 > 21 > 17 > 13 > 9 > 5 > 1 > 36 > 32 > 28 > 24 > 20 > 16 > 12 > 7 > 3 > 39 > 35 > 31 > 27 > 23 > 19 > 14 > 10 > 6 > 1 > 37 > 33 > 28 > 24 > 20 > 16 > 12 > 8 > 4 > 39 > 35 > 31 > 26 > 22 > 18 > 14 > 9 > 4 > 40 > 36 > 32 > 28 > 24 > 20 > 15 > 11 > 7 > 3 > 39 > 35 > 31 > 26 > 21 > 17 > 12 > 7 > 1 > 36 > 31 > 26 > 20 > 15 > 9 > 5 > 40 > 35 > 30 > 26 > 22 > 18 > 13 > 9 > 4 > 40 > 35 > 31 > 26 > 22 > 17 > 11 > 7 > 2 > 37 > 33 > 28 > 24 > 20 > 16 > 11 > 6 > 2 > 38 > 34 > 29 > 25 > 21 > 17 > 13 > 9 > 4 > 40 > 36 > 32 > 28 > 24 > 20 > 15 > 11 > 7 > 2 > 38 > 34 > 29 > 25 > 21 > 17 > 13 > 9 > 4 > 40 > 36 > 32 > 27 > 23 > 19 > 15 > 10 > 6 > 2 > 37 > 33 > 28 > 24 > 20 > 16 > 12 > 7 > 3 > 39 > 35 > 31 > 27 > 22 > 18 > 14 > 9 > 5 > 40 > 36 > 32 > 28 > 24 > 20 > 15 > 11 > 7 > 3 > 39 > 35 > 30 > 26 > 22 > 18 > 13 > 9 > 5 > 1 > 36 > 32 > 28 > 24 > 20 > 16 > 12 > 8 > 3 > 39 > 35 > 31 > 27 > 23 > 19 > 14 > 10 > 6 > 2 > 38 > 34 > 29 > 25 > 21 > 17 > 13 > 9 > 4 > 40 > 36 > 32 > 28 > 24 > 19 > 14 > 10 > 6 > 2 > 38 > 34 > 30 > 26 > 22 > 18 > 13 > 7 > 3 > 38 > 33 > 29 > 24 > 20 > 15 > 10 > 6 > 2 > 38 > 34 > 29 > 25 > 21 > 17 > 13 > 9 > 5 > 1 > 37 > 33 > 29 > 24 > 20 > 15 > 10 > 5 > 1 > 36 > 32 > 27 > 22 > 18 > 13 > 9 > 5 > 40 > 35 > 30 > 25 > 21 > 16 > 12 > 7 > 2 > 38 > 34 > 29 > 25 > 21 > 16 > 11 > 7 > 3 > 38 > 34 > 30 > 25 > 20 > 16 > 11 > 7 > 2 > 38 > 34 > 30 > 26 > 22 > 19 > 15 > 11 > 6 > 2 > 38 > 34 > 30 > 26 > 21 > 17 > 13 > 9 > 5 > 1 > 37 > 33 > 29 > 25 > 20 > 16 > 12 > 8 > 4 > 39 > 35 > 31 > 27 > 23 > 19 > 15 > 10 > 6 > 1 > 36 > 32 > 28 > 24 > 20 > 16 > 12 > 7 > 4 > 40 > 36 > 31 > 26 > 22 > 18 > 14 > 9 > 5 > 1 > 37 > 33 > 29 > 25 > 21 > 17 > 13 > 9 > 5 > 1 > 37 > 33 > 29 > 24 > 20 > 16 > 12 > 8 > 4 > 40 > 36 > 33 > 29 > 25 > 21 > 17 > 13 > 9 > 4 > 40 > 36 > 32 > 27 > 23 > 18 > 14 > 10 > 6 > 2 > 38 > 34 > 26 > 22 > 18 > 14 > 10 > 6 > 2 > 39 > 34 > 30 > 25 > 21 > 17 > 13 > 9 > 5 > 1 > 37 > 33 > 29 > 25 > 21 > 17 > 13 > 9 > 5 > 1 > 36 > 32 > 28 > 24 > 20 > 16 > 12 > 8 > 4 > 40 > 36 > 32 > 28 > 24 > 20 > 15 > 11 > 8 > 3 > 38 > 33 > 29 > 25 > 21 > 17 > 13 > 9 > 5 > 1 > 37 > 32 > 28 > 24 > 20 > 16 > 12 > 8 > 4 > 40 > 36 > 32 > 27 > 24 > 20 > 16 > 12 > 8 > 4 > 40 > 36 > 32 > 28 > 24 > 20 > 16 > 12 > 7 > 3 > 39 > 35 > 31 > 27 > 23 > 19 > 15 > 11 > 7 > 3 > 39 > 35 > 31 > 26 > 20 > 15 > 11 > 7 > 2 > 37 > 33 > 29 > 24 > 20 > 16 > 12 > 8 > 4 > 40 > 36 > 32 > 28 > 24 > 20 > 16 > 12 > 8 > 3 > 39 > 34 > 30 > 25 > 21 > 17 > 13 > 9 > 5 > 1 > 37 > 33 > 29 > 25 > 21 > 17 > 13 > 9 > 4 > 40 > 36 > 32 > 28 > 24 > 20 > 15 > 11 > 8 > 4 > 40 > 35 > 31 > 27 > 23 > 19 > 16 > 12 > 7 > 3 > 39 > 34 > 30 > 26 > 22 > 18 > 14 > 10 > 6 > 2 > 38 > 34 > 30 > 26 > 22 > 18 > 13 > 9 > 5 > 1 > 37 > 33 > 29 > 25 > 21 > 16 > 12 > 8 > 4 > 40 > 36 > 31 > 27 > 23 > 19 > 15 > 11 > 7 > 3 > 39 > 34 > 30 > 26 > 22 > 18 > 14 > 10 > 6 > 2 > 38 > 34 > 30 > 26 > 22 > 18 > 14 > 10 > 6 > 2 > 37 > 33 > 29 > 25 > 22 > 18 > 14 > 10 > 5 > 2 > 38 > 33 > 29 > 25 > 21 > 17 > 13 > 9 > 4 > 40 > 36 > 32 > 28 > 24 > 20 > 16 > 12 > 8 > 4 > 40 > 36 > 32 > 27 > 23 > 19 > 15 > 11 > 6 > 2 > 38 > 34 > 30 > 26 > 20 > 16 > 11 > 7 > 3 > 39 > 35 > 30 > 26 > 22 > 18 > 13 > 8 > 4 > 39 > 35 > 31 > 27 > 23 > 19 > 15 > 11 > 7 > 3 > 38 > 34 > 30 > 26 > 21 > 17 > 13 > 9 > 4 > 40 > 36 > 31 > 27 > 23 > 18 > 14 > 10 > 6 > 2 > 38 > 34 > 30 > 26 > 21 > 17 > 13 > 8 > 4 > 39 > 35 > 30 > 26 > 21 > 17 > 13 > 9 > 4 > 40 > 36 > 31 > 27 > 22 > 18 > 14 > 10 > 5 > 1 > 37 > 32 > 28 > 24 > 19 > 15 > 11 > 6 > 2 > 38 > 34 > 29 > 25 > 21 > 17 > 13 > 8 > 4 > 40 > 35 > 31 > 26 > 22 > 18 > 13 > 9 > 5 > 1 > 36 > 32 > 28 > 24 > 19 > 15 > 11 > 6 > 2 > 37 > 33 > 29 > 25 > 21 > 17 > 13 > 8 > 4 > 40 > 36 > 32 > 28 > 24 > 19 > 15 > 12 > 7 > 3 > 39 > 34 > 30 > 26 > 22 > 18 > 14 > 10 > 6 > 2 > 38 > 34 > 30 > 26 > 22 > 18 > 14 > 10 > 6 > 1 > 37 > 33 > 29 > 25 > 21 > 16 > 13 > 9 > 4 > 40 > 36 > 33 > 29 > 25 > 21 > 17 > 13 > 8 > 4 > 40 > 35 > 32 > 28 > 24 > 19 > 15 > 11 > 7 > 3 > 40 > 36 > 32 > 28 > 24 > 20 > 15 > 12 > 7 > 2 > 38 > 33 > 30 > 25 > 21 > 17 > 13 > 10 > 5 > 1 > 37 > 33 > 29 > 25 > 21 > 17 > 13 > 8 > 4 > 40 > 35 > 31 > 27 > 23 > 19 > 15 > 11 > 7 > 3 > 39 > 35 > 31 > 27 > 23 > 19 > 15 > 10 > 6 > 2 > 38 > 33 > 29 > 25 > 21 > 17 > 13 > 9 > 5 > 1 > 37 > 33 > 29 > 25 > 21 > 17 > 13 > 8 > 4 > 40 > 36 > 32 > 28 > 24 > 20 > 16 > 12 > 8 > 4 > 40 > 36 > 32 > 28 > 24 > 20 > 16 > 11 > 7 > 3 > 39 > 35 > 31 > 27 > 22 > 18 > 14 > 10 > 5 > 1 > 37 > 33 > 29 > 25 > 21 > 17 > 12 > 8 > 4 > 40 > 35 > 31 > 27 > 22 > 18 > 15 > 10 > 7 > 3 > 39 > 34 > 30 > 26 > 22 > 18 > 13 > 9 > 5 > 1 > 36 > 32 > 28 > 24 > 20 > 16 > 12 > 8 > 4 > 40 > 36 > 32 > 28 > 23 > 18 > 14 > 10 > 6 > 2 > 38 > 34 > 29 > 25 > 21 > 18 > 14 > 10 > 6 > 2 > 38 > 34 > 30 > 26 > 22 > 18 > 13 > 8 > 4 > 40 > 36 > 32 > 28 > 24 > 20 > 16 > 12 > 8 > 4 > 40 > 35 > 31 > 27 > 23 > 18 > 14 > 10 > 6 > 2 > 38 > 34 > 30 > 26 > 22 > 18 > 14 > 10 > 6 > 2 > 38 > 34 > 30 > 25 > 21 > 17 > 13 > 9 > 5 > 1 > 37 > 32 > 28 > 24 > 20 > 16 > 12 > 8 > 4 > 40 > 36 > 32 > 28 > 23 > 19 > 15 > 11 > 7 > 3 > 39 > 35 > 31 > 26 > 22 > 18 > 14 > 10 > 6 > 2 > 38 > 34 > 29 > 25 > 21 > 17 > 13 > 9 > 5 > 1 > 37 > 33 > 29 > 25 > 21 > 16 > 12 > 8 > 4 > 40 > 36 > 31 > 27 > 23 > 19 > 15 > 11 > 7 > 3 > 38 > 33 > 29 > 25 > 21 > 17 > 13 > 9 > 4 > 40 > 36 > 31 > 26 > 22 > 18 > 14 > 10 > 6 > 2 > 37 > 34 > 29 > 25 > 21 > 17 > 13 > 9 > 5 > 1 > 37 > 32 > 28 > 24 > 20 > 15 > 11 > 7 > 3 > 39 > 35 > 31 > 27 > 23 > 19 > 14 > 10 > 6 > 2 > 38 > 33 > 29 > 25 > 21 > 16 > 12 > 9 > 5 > 1 > 37 > 32 > 28 > 24 > 20 > 16 > 12 > 8 > 4 > 40 > 36 > 32 > 27 > 23 > 19 > 15 > 11 > 7 > 2 > 38 > 34 > 30 > 26 > 22 > 18 > 14 > 10 > 6 > 1 > 37 > 32 > 28 > 24 > 20 > 16 > 12 > 8 > 4 > 39 > 35 > 31 > 27 > 23 > 19 > 15 > 11 > 7 > 2 > 38 > 34 > 30 > 26 > 21 > 17 > 13 > 9 > 5 > 1 > 37 > 32 > 28 > 24 > 20 > 16 > 12 > 7 > 2 > 38 > 34 > 30 > 26 > 22 > 18 > 14 > 10 > 6 > 2 > 38 > 34 > 30 > 26 > 22 > 17 > 13 > 9 > 5 > 1 > 36 > 32 > 28 > 24 > 20 > 16 > 12 > 8 > 4 > 40 > 36 > 32 > 28 > 24 > 20 > 16 > 12 > 7 > 3 > 38 > 34 > 30 > 26 > 22 > 18 > 13 > 10 > 6 > 2 > 38 > 34 > 29 > 25 > 21 > 17 > 13 > 9 > 4 > 40 > 35 > 31 > 27 > 23 > 19 > 15 > 11 > 7 > 3 > 39 > 35 > 31 > 26 > 22 > 18 > 14 > 9 > 5 > 40 > 36 > 32 > 27 > 22 > 18 > 14 > 9 > 5 > 40 > 36 > 31 > 27 > 23 > 18 > 13 > 8 > 3 > 39 > 34 > 30 > 25 > 20 > 15 > 11 > 6 > 2 > 38 > 33 > 29 > 24 > 20 > 15 > 10 > 5 > 40 > 36 > 31 > 27 > 22 > 18 > 14 > 10 > 5 > 1 > 37 > 33 > 29 > 25 > 21 > 17 > 13 > 8 > 4 > 40 > 35 > 31 > 26 > 20 > 16 > 12 > 7 > 3 > 39 > 34 > 30 > 26 > 22 > 18 > 14 > 9 > 5 > 1 > 36 > 32 > 28 > 24 > 20 > 16 > 12 > 8 > 4 > 38 > 32 > 27 > 22 > 18 > 14 > 10 > 5 > 1 > 37 > 33 > 29 > 25 > 21 > 17 > 13 > 9 > 5 > 1 > 36 > 32 > 28 > 24 > 20 > 16 > 11 > 6 > 2 > 38 > 33 > 29 > 24 > 20 > 16 > 12 > 7 > 3 > 39 > 34 > 30 > 26 > 21 > 17 > 12 > 7 > 2 > 37 > 32 > 28 > 24 > 19 > 15 > 10 > 6 > 2 > 37 > 33 > 29 > 25 > 21 > 17 > 12 > 8 > 3 > 40 > 35 > 31 > 27 > 23 > 19 > 15 > 11 > 7 > 3 > 38 > 34 > 30 > 26 > 22 > 18 > 14 > 9 > 5 > 1 > 37 > 32 > 28 > 24 > 20 > 16 > 12 > 8 > 4 > 40 > 36 > 32 > 28 > 24 > 20 > 16 > 11 > 7 > 3 > 39 > 35 > 31 > 26 > 22 > 18 > 13 > 9 > 5 > 1 > 36 > 32 > 28 > 23 > 19 > 15 > 11 > 6 > 2 > 38 > 34 > 30 > 26 > 22 > 18 > 14 > 9 > 5 > 1 > 37 > 33 > 29 > 24 > 19 > 15 > 11 > 7 > 2 > 39 > 34 > 30 > 26 > 22 > 18 > 14 > 10 > 5 > 40 > 36 > 31 > 25 > 20 > 15 > 11 > 6 > 1 > 37 > 33 > 29 > 25 > 21 > 17 > 13 > 8 > 5 > 1 > 36 > 32 > 28 > 24 > 20 > 15 > 10 > 5 > 1 > 37 > 33 > 29 > 25 > 21 > 17 > 13 > 9 > 5 > 1 > 37 > 33 > 29 > 25 > 20 > 15 > 10 > 6 > 2 > 37 > 33 > 28 > 24 > 20 > 16 > 12 > 8 > 4 > 39 > 35 > 31 > 27 > 24 > 19 > 14 > 10 > 6 > 2 > 38 > 34 > 30 > 26 > 22 > 17 > 13 > 9 > 5 > 1 > 37 > 33 > 28 > 24 > 20 > 15 > 11 > 7 > 3 > 39 > 34 > 30 > 25 > 22 > 17 > 13 > 9 > 5 > 1 > 37 > 33 > 29 > 25 > 20 > 16 > 12 > 8 > 3 > 40 > 35 > 31 > 27 > 23 > 18 > 14 > 10 > 5 > 2 > 38 > 33 > 29 > 25 > 21 > 16 > 12 > 8 > 4 > 40 > 36 > 32 > 28 > 24 > 20 > 16 > 12 > 7 > 3 > 39 > 35 > 31 > 27 > 22 > 18 > 14 > 10 > 6 > 2 > 38 > 33 > 29 > 25 > 21 > 17 > 13 > 8 > 4 > 40 > 36 > 31 > 27 > 23 > 18 > 14 > 11 > 6 > 3 > 39 > 34 > 30 > 26 > 22 > 18 > 14 > 9 > 3 > 38 > 32 > 27 > 22 > 17 > 12 > 7 > 3 > 39 > 34 > 30 > 26 > 21 > 17 > 12 > 8 > 3 > 38 > 33 > 29 > 24 > 19 > 14 > 10 > 5 > 1 > 37 > 32 > 28 > 24 > 20 > 15 > 10 > 5 > 40 > 35 > 30 > 25 > 20 > 15 > 10 > 5 > 39 > 33 > 29 > 23 > 18 > 13 > 8 > 3 > 37 > 33 > 28 > 23 > 18 > 13 > 9 > 4 > 40 > 36 > 31 > 27 > 23 > 18 > 14 > 10 > 6 > 2 > 37 > 33 > 29 > 24 > 19 > 15 > 10 > 6 > 1 > 37 > 33 > 29 > 25 > 21 > 17 > 13 > 8 > 4 > 40 > 36 > 31 > 27 > 22 > 18 > 14 > 10 > 6 > 1 > 37 > 33 > 29 > 25 > 21 > 16 > 12 > 7 > 3 > 39 > 34 > 30 > 26 > 21 > 17 > 13 > 8 > 4 > 40 > 36 > 32 > 28 > 24 > 19 > 15 > 11 > 7 > 3 > 38 > 34 > 29 > 25 > 21 > 17 > 12 > 8 > 4 > 40 > 35 > 31 > 27 > 23 > 19 > 15 > 10 > 6 > 2 > 37 > 33 > 28 > 24 > 20 > 15 > 11 > 7 > 3 > 39 > 34 > 30 > 26 > 22 > 17 > 13 > 9 > 5 > 1 > 36 > 32 > 28 > 23 > 19 > 15 > 11 > 7 > 2 > 38 > 34 > 30 > 26 > 22 > 18 > 14 > 10 > 5 > 1 > 37 > 32 > 28 > 24 > 19 > 15 > 11 > 7 > 3 > 39 > 35 > 30 > 26 > 22 > 18 > 14 > 10 > 5 > 1 > 36 > 32 > 28 > 24 > 19 > 15 > 11 > 7 > 2 > 38 > 34 > 30 > 26 > 22 > 17 > 13 > 9 > 4 > 40 > 35 > 31 > 27 > 23 > 18 > 14 > 10 > 6 > 2 > 37 > 33 > 29 > 24 > 20 > 16 > 12 > 8 > 3 > 38 > 34 > 30 > 26 > 21 > 17 > 13 > 9 > 5 > 1 > 37 > 33 > 28 > 24 > 20 > 16 > 11 > 7 > 3 > 39 > 34 > 30 > 26 > 22 > 18 > 14 > 10 > 6 > 2 > 38 > 34 > 30 > 25 > 21 > 17 > 13 > 8 > 3 > 38 > 34 > 30 > 26 > 21 > 17 > 13 > 9 > 4 > 40 > 36 > 32 > 28 > 24 > 20 > 16 > 12 > 8 > 3 > 38 > 34 > 30 > 26 > 22 > 17 > 13 > 9 > 5 > 1 > 37 > 33 > 29 > 25 > 21 > 17 > 12 > 8 > 3 > 39 > 35 > 31 > 27 > 22 > 18 > 14 > 10 > 6 > 2 > 38 > 33 > 29 > 25 > 21 > 17 > 13 > 8 > 3 > 39 > 35 > 31 > 27 > 23 > 18 > 14 > 9 > 4 > 40 > 36 > 32 > 28 > 24 > 20 > 15 > 11 > 6 > 2 > 37 > 33 > 29 > 24 > 20 > 16 > 12 > 7 > 2 > 38 > 34 > 30 > 26 > 21 > 17 > 12 > 8 > 3 > 39 > 35 > 31 > 27 > 22 > 19 > 14 > 10 > 6 > 2 > 37 > 33 > 29 > 24 > 20 > 15 > 11 > 7 > 2 > 38 > 34 > 30 > 26 > 22 > 17 > 13 > 9 > 5 > 1 > 37 > 33 > 28 > 24 > 19 > 15 > 10 > 6 > 2 > 37 > 33 > 29 > 25 > 20 > 16 > 12 > 8 > 4 > 38 > 33 > 29 > 25 > 20 > 15 > 10 > 6 > 2 > 38 > 34 > 30 > 26 > 22 > 17 > 13 > 9 > 5 > 1 > 36 > 32 > 28 > 23 > 18 > 13 > 9 > 5 > 1 > 37 > 33 > 29 > 25 > 21 > 17 > 13 > 9 > 5 > 1 > 37 > 32 > 28 > 24 > 19 > 15 > 11 > 7 > 3 > 38 > 34 > 30 > 26 > 22 > 18 > 14 > 10 > 6 > 2 > 38 > 34 > 30 > 26 > 21 > 17 > 13 > 8 > 4 > 40 > 37 > 32 > 28 > 24 > 20 > 16 > 11 > 8 > 3 > 39 > 34 > 29 > 24 > 18 > 14 > 9 > 5 > 1 > 37 > 33 > 29 > 25 > 21 > 16 > 12 > 8 > 4 > 40 > 36 > 32 > 28 > 23 > 19 > 15 > 11 > 7 > 3 > 39 > 35 > 31 > 27 > 22 > 18 > 14 > 10 > 6 > 2 > 38 > 34 > 29 > 25 > 21 > 16 > 12 > 8 > 4 > 40 > 36 > 32 > 27 > 22 > 18 > 14 > 11 > 6 > 2 > 37 > 32 > 27 > 23 > 19 > 14 > 10 > 6 > 2 > 38 > 34 > 30 > 26 > 22 > 18 > 14 > 10 > 6 > 2 > 38 > 34 > 29 > 24 > 20 > 16 > 12 > 8 > 4 > 40 > 35 > 31 > 27 > 23 > 19 > 15 > 11 > 7 > 3 > 39 > 35 > 31 > 26 > 22 > 17 > 13 > 9 > 5 > 1 > 37 > 33 > 29 > 25 > 21 > 17 > 13 > 9 > 5 > 1 > 37 > 32 > 28 > 24 > 20 > 15 > 11 > 7 > 3 > 38 > 34 > 30 > 26 > 22 > 18 > 14 > 10 > 6 > 2 > 38 > 34 > 30 > 25 > 21 > 17 > 13 > 9 > 5 > 40 > 36 > 32 > 28 > 24 > 20 > 16 > 12 > 8 > 4 > 40 > 36 > 31 > 27 > 23 > 19 > 14 > 10 > 6 > 2 > 38 > 34 > 29 > 24 > 20 > 16 > 12 > 8 > 3 > 39 > 34 > 29 > 24 > 20 > 16 > 12 > 8 > 4 > 40 > 36 > 32 > 28 > 24 > 20 > 15 > 11 > 7 > 3 > 39 > 35 > 31 > 27 > 22 > 18 > 14 > 10 > 6 > 2 > 38 > 34 > 30 > 26 > 22 > 18 > 14 > 10 > 6 > 2 > 38 > 34 > 30 > 26 > 21 > 17 > 13 > 9 > 5 > 1 > 37 > 34 > 29 > 25 > 22 > 17 > 13 > 10 > 6 > 2 > 38 > 33 > 29 > 25 > 21 > 17 > 13 > 9 > 5 > 1 > 37 > 33 > 30 > 26 > 21 > 19 > 10 > 6 > 2 > 38 > 33 > 29 > 23 > 14 > 7 > 2 > 34 > 28 > 23 > 18 > 13 > 5 > 37 > 32 > 27 > 23 > 19 > 14 > 10 > 2 > 34 > 29 > 22 > 17 > 11 > 6 > 40 > 35 > 30 > 26 > 21 > 17 > 12 > 8 > 3 > 39 > 35 > 31 > 27 > 22 > 18 > 14 > 10 > 6 > 2 > 38 > 33 > 29 > 25 > 21 > 17 > 13 > 9 > 5 > 40 > 36 > 32 > 27 > 23 > 19 > 15 > 11 > 7 > 3 > 38 > 34 > 29 > 25 > 19 > 12 > 7 > 3 > 39 > 35 > 31 > 27 > 22 > 18 > 14 > 10 > 6 > 2 > 38 > 33 > 29 > 25 > 21 > 17 > 12 > 8 > 4 > 40 > 36 > 32 > 28 > 24 > 20 > 16 > 12 > 8 > 4 > 40 > 35 > 31 > 27 > 22 > 18 > 14 > 10 > 6 > 2 > 38 > 34 > 30 > 26 > 22 > 18 > 14 > 10 > 5 > 1 > 36 > 32 > 27 > 23 > 19 > 15 > 11 > 7 > 3 > 39 > 35 > 31 > 27 > 23 > 19 > 15 > 11 > 7 > 2 > 38 > 33 > 29 > 25 > 21 > 17 > 13 > 9 > 5 > 1 > 37 > 33 > 29 > 25 > 21 > 17 > 13 > 9 > 5 > 40 > 36 > 32 > 28 > 24 > 20 > 15 > 12 > 8 > 4 > 40 > 35 > 31 > 27 > 23 > 18 > 14 > 10 > 5 > 1 > 37 > 33 > 29 > 25 > 21 > 17 > 12 > 8 > 3 > 39 > 35 > 31 > 27 > 22 > 19 > 15 > 11 > 7 > 2 > 38 > 34 > 30 > 26 > 22 > 18 > 14 > 10 > 6 > 2 > 37 > 33 > 29 > 25 > 21 > 17 > 13 > 8 > 4 > 40 > 36 > 32 > 28 > 24 > 20 > 16 > 12 > 8 > 4 > 40 > 36 > 32 > 27 > 23 > 19 > 15 > 11 > 6 > 2 > 38 > 34 > 30 > 25 > 22 > 17 > 13 > 9 > 5 > 1 > 37 > 33 > 28 > 25 > 20 > 16 > 11 > 6 > 2 > 38 > 34 > 30 > 26 > 22 > 18 > 14 > 10 > 6 > 2 > 38 > 34 > 30 > 26 > 21 > 16 > 11 > 7 > 2 > 38 > 34 > 30 > 26 > 22 > 18 > 14 > 10 > 6 > 2 > 38 > 34 > 30 > 26 > 22 > 17 > 13 > 9 > 5 > 1 > 36 > 32 > 28 > 24 > 20 > 16 > 12 > 8 > 4 > 40 > 36 > 32 > 28 > 24 > 20 > 16 > 11 > 6 > 2 > 38 > 34 > 30 > 26 > 22 > 17 > 13 > 9 > 5 > 1 > 37 > 33 > 29 > 24 > 20 > 15 > 11 > 7 > 3 > 39 > 35 > 31 > 27 > 23 > 19 > 15 > 11 > 7 > 3 > 38 > 34 > 30 > 25 > 20 > 16 > 11 > 7 > 3 > 39 > 35 > 31 > 27 > 22 > 18 > 14 > 10 > 5 > 1 > 37 > 33 > 29 > 25 > 20 > 16 > 12 > 8 > 4 > 39 > 35 > 31 > 27 > 23 > 19 > 15 > 11 > 6 > 2 > 38 > 33 > 28 > 24 > 20 > 16 > 11 > 7 > 3 > 39 > 35 > 31 > 26 > 22 > 18 > 14 > 10 > 6 > 2 > 38 > 33 > 29 > 24 > 20 > 16 > 12 > 7 > 3 > 39 > 35 > 31 > 27 > 23 > 19 > 15 > 10 > 6 > 2 > 38 > 34 > 29 > 25 > 20 > 16 > 12 > 8 > 4 > 40 > 35 > 32 > 28 > 24 > 20 > 15 > 11 > 7 > 3 > 39 > 35 > 30 > 26 > 21 > 17 > 12 > 7 > 2 > 38 > 34 > 29 > 25 > 21 > 17 > 13 > 9 > 4 > 40 > 35 > 30 > 26 > 22 > 18 > 14 > 10 > 6 > 1 > 37 > 33 > 29 > 25 > 20 > 16 > 12 > 8 > 4 > 39 > 35 > 30 > 26 > 22 > 18 > 14 > 9 > 5 > 1 > 37 > 33 > 28 > 24 > 20 > 16 > 12 > 7 > 3 > 39 > 34 > 30 > 26 > 21 > 17 > 13 > 9 > 5 > 1 > 36 > 32 > 28 > 24 > 20 > 16 > 11 > 7 > 2 > 38 > 33 > 29 > 25 > 21 > 17 > 12 > 8 > 4 > 40 > 36 > 32 > 27 > 23 > 19 > 15 > 11 > 7 > 2 > 37 > 33 > 29 > 25 > 21 > 16 > 12 > 8 > 4 > 40 > 35 > 31 > 27 > 23 > 19 > 15 > 11 > 6 > 2 > 37 > 33 > 29 > 25 > 20 > 16 > 12 > 8 > 4 > 39 > 35 > 31 > 27 > 23 > 19 > 15 > 11 > 7 > 2 > 38 > 33 > 29 > 25 > 20 > 16 > 11 > 7 > 3 > 39 > 35 > 31 > 27 > 22 > 18 > 14 > 10 > 5 > 1 > 36 > 32 > 28 > 24 > 20 > 16 > 11 > 7 > 3 > 38 > 34 > 29 > 23 > 19 > 14 > 10 > 5 > 1 > 37 > 32 > 28 > 24 > 20 > 15 > 11 > 7 > 3 > 38 > 34 > 30 > 25 > 21 > 17 > 12 > 8 > 3 > 39 > 35 > 31 > 26 > 22 > 18 > 14 > 9 > 5 > 1 > 37 > 33 > 28 > 24 > 20 > 15 > 11 > 6 > 2 > 38 > 33 > 29 > 25 > 21 > 17 > 13 > 9 > 5 > 40 > 36 > 32 > 28 > 24 > 19 > 15 > 10 > 6 > 2 > 38 > 33 > 29 > 25 > 21 > 17 > 12 > 8 > 4 > 40 > 36 > 32 > 28 > 23 > 19 > 14 > 10 > 5 > 1 > 36 > 32 > 28 > 24 > 20 > 16 > 11 > 7 > 3 > 39 > 35 > 31 > 27 > 23 > 19 > 14 > 10 > 6 > 1 > 36 > 32 > 28 > 24 > 19 > 15 > 11 > 7 > 3 > 39 > 34 > 30 > 26 > 22 > 18 > 13 > 8 > 4 > 40 > 36 > 32 > 27 > 23 > 19 > 15 > 10 > 6 > 2 > 38 > 34 > 29 > 25 > 21 > 17 > 13 > 8 > 4 > 39 > 35 > 31 > 26 > 22 > 18 > 13 > 9 > 5 > 40 > 36 > 32 > 28 > 23 > 18 > 14 > 9 > 5 > 1 > 36 > 31 > 26 > 22 > 17 > 13 > 8 > 3 > 38 > 33 > 29 > 25 > 21 > 16 > 11 > 7 > 2 > 38 > 33 > 29 > 25 > 20 > 16 > 11 > 7 > 3 > 39 > 33 > 29 > 24 > 20 > 14 > 10 > 5 > 40 > 35 > 30 > 23 > 18 > 14 > 9 > 5 > 40 > 36 > 31 > 26 > 21 > 17 > 12 > 8 > 3 > 39 > 34 > 29 > 25 > 20 > 16 > 12 > 7 > 3 > 38 > 34 > 29 > 25 > 21 > 17 > 11 > 6 > 1 > 36 > 32 > 28 > 23 > 19 > 15 > 11 > 6 > 2 > 37 > 33 > 28 > 23 > 19 > 15 > 10 > 5 > 40 > 36 > 31 > 27 > 22 > 18 > 14 > 10 > 5 > 1 > 37 > 33 > 28 > 24 > 20 > 15 > 10 > 6 > 2 > 38 > 33 > 28 > 24 > 20 > 16 > 11 > 7 > 3 > 39 > 34 > 30 > 26 > 22 > 17 > 12 > 8 > 4 > 40 > 36 > 32 > 27 > 22 > 18 > 13 > 9 > 5 > 1 > 37 > 32 > 28 > 24 > 20 > 16 > 11 > 7 > 3 > 39 > 34 > 30 > 26 > 22 > 18 > 13 > 9 > 5 > 40 > 36 > 32 > 28 > 24 > 19 > 14 > 10 > 6 > 1 > 37 > 33 > 29 > 25 > 20 > 16 > 12 > 8 > 3 > 39 > 35 > 31 > 26 > 22 > 18 > 13 > 9 > 5 > 40 > 36 > 32 > 28 > 24 > 19 > 15 > 11 > 7 > 3 > 39 > 35 > 30 > 25 > 21 > 17 > 12 > 8 > 4 > 39 > 35 > 31 > 27 > 22 > 18 > 14 > 10 > 6 > 2 > 38 > 34 > 30 > 25 > 20 > 16 > 11 > 7 > 3 > 39 > 35 > 30 > 26 > 22 > 18 > 14 > 9 > 5 > 1 > 37 > 32 > 28 > 24 > 19 > 15 > 10 > 6 > 2 > 38 > 34 > 30 > 25 > 21 > 17 > 13 > 9 > 5 > 40 > 36 > 32 > 27 > 23 > 19 > 15 > 10 > 6 > 2 > 37 > 32 > 28 > 23 > 19 > 14 > 10 > 6 > 2 > 38 > 33 > 29 > 25 > 21 > 17 > 12 > 8 > 4 > 39 > 35 > 31 > 27 > 23 > 18 > 14 > 10 > 6 > 2 > 38 > 33 > 29 > 25 > 21 > 16 > 12 > 8 > 4 > 40 > 36 > 32 > 27 > 23 > 19 > 14 > 10 > 6 > 2 > 37 > 33 > 28 > 24 > 20 > 16 > 12 > 8 > 3 > 39 > 35 > 31 > 27 > 23 > 19 > 14 > 10 > 6 > 1 > 37 > 32 > 28 > 24 > 20 > 15 > 12 > 7 > 3 > 39 > 35 > 31 > 27 > 23 > 18 > 14 > 10 > 6 > 1 > 36 > 32 > 28 > 23 > 19 > 15 > 11 > 7 > 3 > 38 > 35 > 30 > 26 > 22 > 18 > 14 > 10 > 5 > 1 > 36 > 32 > 27 > 23 > 19 > 15 > 10 > 6 > 2 > 38 > 34 > 29 > 25 > 21 > 17 > 12 > 8 > 3 > 38 > 34 > 29 > 25 > 21 > 16 > 12 > 8 > 4 > 40 > 36 > 32 > 28 > 23 > 19 > 15 > 11 > 6 > 1 > 37 > 33 > 28 > 24 > 20 > 16 > 11 > 7 > 3 > 39 > 35 > 31 > 26 > 22 > 18 > 14 > 9 > 4 > 40 > 36 > 32 > 27 > 23 > 19 > 15 > 11 > 7 > 2 > 38 > 34 > 30 > 26 > 21 > 17 > 13 > 8 > 4 > 40 > 35 > 31 > 27 > 23 > 19 > 15 > 11 > 7 > 3 > 38 > 34 > 30 > 25 > 21 > 16 > 11 > 7 > 2 > 38 > 34 > 30 > 26 > 22 > 18 > 13 > 9 > 5 > 1 > 37 > 33 > 29 > 25 > 20 > 15 > 10 > 6 > 2 > 38 > 33 > 29 > 25 > 21 > 17 > 13 > 9 > 4 > 40 > 36 > 32 > 28 > 24 > 19 > 15 > 10 > 5 > 40 > 36 > 32 > 28 > 23 > 19 > 15 > 11 > 7 > 3 > 39 > 35 > 31 > 26 > 22 > 14 > 8 > 3 > 39 > 35 > 30 > 26 > 21 > 17 > 13 > 9 > 5 > 1 > 37 > 32 > 28 > 24 > 19 > 15 > 10 > 6 > 2 > 38 > 34 > 30 > 25 > 21 > 17 > 13 > 9 > 5 > 40 > 36 > 32 > 28 > 24 > 19 > 15 > 10 > 6 > 2 > 38 > 34 > 30 > 26 > 22 > 17 > 13 > 9 > 5 > 1 > 36 > 32 > 28 > 24 > 19 > 15 > 11 > 7 > 3 > 38 > 34 > 30 > 26 > 22 > 18 > 13 > 9 > 5 > 40 > 36 > 32 > 28 > 23 > 18 > 14 > 10 > 5 > 1 > 37 > 33 > 29 > 25 > 21 > 16 > 12 > 8 > 3 > 39 > 34 > 30 > 25 > 21 > 17 > 13 > 9 > 5 > 1 > 37 > 33 > 29 > 24 > 20 > 16 > 12 > 8 > 4 > 40 > 36 > 31 > 27 > 22 > 18 > 14 > 9 > 5 > 40 > 36 > 32 > 28 > 24 > 19 > 15 > 11 > 7 > 3 > 39 > 34 > 30 > 25 > 21 > 17 > 12 > 8 > 4 > 40 > 36 > 32 > 27 > 23 > 20 > 15 > 11 > 7 > 3 > 39 > 35 > 30 > 26 > 22 > 17 > 13 > 9 > 5 > 40 > 36 > 31 > 27 > 23 > 19 > 15 > 11 > 7 > 3 > 39 > 34 > 30 > 26 > 22 > 18 > 14 > 9 > 5 > 40 > 35 > 29 > 24 > 19 > 15 > 11 > 7 > 2 > 38 > 33 > 29 > 25 > 21 > 16 > 12 > 8 > 4 > 40 > 36 > 31 > 27 > 22 > 18 > 14 > 10 > 5 > 1 > 36 > 32 > 28 > 23 > 19 > 15 > 11 > 6 > 2 > 38 > 34 > 30 > 25 > 21 > 17 > 13 > 8 > 4 > 39 > 35 > 31 > 26 > 22 > 18 > 14 > 10 > 5 > 1 > 37 > 33 > 29 > 24 > 20 > 16 > 12 > 7 > 3 > 38 > 33 > 29 > 25 > 20 > 16 > 12 > 8 > 4 > 40 > 36 > 32 > 28 > 24 > 20 > 16 > 12 > 8 > 3 > 39 > 34 > 30 > 25 > 21 > 16 > 12 > 8 > 4 > 40 > 36 > 32 > 28 > 24 > 20 > 16 > 11 > 7 > 2 > 38 > 34 > 30 > 26 > 22 > 17 > 13 > 9 > 5 > 40 > 36 > 32 > 29 > 24 > 20 > 16 > 12 > 8 > 3 > 39 > 34 > 30 > 26 > 22 > 18 > 14 > 9 > 5 > 1 > 37 > 33 > 29 > 24 > 20 > 16 > 12 > 8 > 3 > 39 > 34 > 30 > 26 > 22 > 18 > 14 > 10 > 6 > 1 > 37 > 33 > 29 > 24 > 20 > 16 > 12 > 8 > 3 > 38 > 33 > 29 > 24 > 20 > 15 > 11 > 7 > 2 > 37 > 33 > 28 > 24 > 19 > 15 > 11 > 6 > 2 > 38 > 34 > 30 > 26 > 21 > 17 > 13 > 9 > 5 > 1 > 37 > 33 > 28 > 24 > 20 > 16 > 12 > 7 > 3 > 38 > 34 > 30 > 26 > 22 > 18 > 14 > 10 > 6 > 2 > 38 > 34 > 30 > 26 > 22 > 17 > 13 > 9 > 4 > 40 > 35 > 31 > 27 > 23 > 19 > 14 > 10 > 6 > 2 > 38 > 34 > 30 > 26 > 22 > 17 > 13 > 9 > 5 > 40 > 36 > 32 > 28 > 23 > 19 > 15 > 11 > 7 > 2 > 38 > 34 > 30 > 26 > 22 > 18 > 13 > 9 > 4 > 40 > 36 > 32 > 27 > 23 > 19 > 15 > 11 > 6 > 2 > 38 > 34 > 30 > 25 > 21 > 17 > 12 > 8 > 4 > 39 > 35 > 31 > 27 > 23 > 19 > 15 > 10 > 6 > 2 > 37 > 33 > 29 > 25 > 20 > 15 > 11 > 6 > 2 > 38 > 34 > 30 > 26 > 21 > 17 > 13 > 9 > 5 > 40 > 36 > 32 > 28 > 24 > 19 > 15 > 10 > 6 > 1 > 37 > 33 > 29 > 25 > 21 > 17 > 13 > 9 > 5 > 40 > 36 > 32 > 28 > 24 > 19 > 14 > 10 > 6 > 2 > 38 > 34 > 30 > 26 > 22 > 18 > 14 > 10 > 5 > 1 > 37 > 33 > 29 > 24 > 19 > 15 > 10 > 6 > 2 > 38 > 34 > 30 > 26 > 22 > 18 > 14 > 10 > 6 > 1 > 37 > 33 > 29 > 25 > 20 > 16 > 11 > 7 > 3 > 39 > 35 > 30 > 26 > 22 > 18 > 14 > 10 > 6 > 2 > 38 > 34 > 29 > 24 > 20 > 16 > 12 > 8 > 4 > 40 > 36 > 31 > 27 > 23 > 18 > 14 > 10 > 5 > 1 > 37 > 33 > 29 > 24 > 20 > 15 > 11 > 7 > 3 > 39 > 35 > 31 > 26 > 21 > 17 > 13 > 9 > 5 > 1 > 37 > 32 > 28 > 23 > 19 > 15 > 11 > 6 > 2 > 37 > 33 > 29 > 24 > 20 > 16 > 12 > 8 > 4 > 40 > 35 > 31 > 26 > 21 > 17 > 13 > 9 > 5 > 1 > 37 > 33 > 28 > 24 > 20 > 16 > 12 > 7 > 3 > 39 > 34 > 30 > 26 > 22 > 18 > 14 > 10 > 6 > 1 > 37 > 33 > 29 > 25 > 21 > 17 > 12 > 8 > 4 > 39 > 35 > 29 > 25 > 21 > 17 > 13 > 9 > 5 > 40 > 36 > 32 > 28 > 24 > 20 > 16 > 12 > 8 > 4 > 39 > 35 > 31 > 26 > 22 > 18 > 14 > 9 > 5 > 1 > 37 > 33 > 29 > 25 > 21 > 17 > 13 > 9 > 4 > 39 > 35 > 31 > 27 > 23 > 18 > 14 > 10 > 6 > 2 > 38 > 34 > 30 > 26 > 21 > 17 > 13 > 9 > 4 > 40 > 36 > 32 > 27 > 23 > 19 > 15 > 11 > 6 > 2 > 37 > 33 > 29 > 25 > 21 > 17 > 13 > 8 > 4 > 40 > 36 > 32 > 27 > 23 > 19 > 15 > 11 > 6 > 2 > 38 > 33 > 30 > 26 > 22 > 17 > 13 > 9 > 4 > 40 > 36 > 32 > 28 > 24 > 19 > 15 > 11 > 7 > 3 > 38 > 34 > 31 > 26 > 22 > 18 > 14 > 9 > 5 > 1 > 36 > 32 > 28 > 24 > 20 > 16 > 11 > 7 > 2 > 38 > 34 > 30 > 26 > 22 > 17 > 12 > 7 > 3 > 38 > 34 > 30 > 26 > 22 > 17 > 13 > 9 > 5 > 40 > 36 > 32 > 27 > 23 > 19 > 14 > 10 > 5 > 40 > 36 > 32 > 28 > 24 > 20 > 16 > 12 > 8 > 4 > 40 > 35 > 31 > 27 > 22 > 18 > 13 > 9 > 4 > 40 > 36 > 31 > 27 > 23 > 19 > 15 > 10 > 6 > 2 > 38 > 33 > 29 > 25 > 20 > 15 > 11 > 6 > 2 > 38 > 34 > 30 > 25 > 21 > 17 > 13 > 8 > 4 > 40 > 36 > 32 > 27 > 23 > 19 > 14 > 10 > 6 > 1 > 37 > 33 > 29 > 25 > 21 > 17 > 12 > 8 > 4 > 40 > 36 > 31 > 26 > 21 > 16 > 12 > 8 > 4 > 39 > 35 > 31 > 27 > 23 > 19 > 15 > 11 > 6 > 2 > 38 > 34 > 30 > 25 > 21 > 16 > 12 > 8 > 4 > 40 > 36 > 31 > 27 > 23 > 19 > 14 > 10 > 6 > 2 > 37 > 33 > 28 > 24 > 19 > 15 > 11 > 7 > 2 > 38 > 34 > 30 > 26 > 22 > 17 > 13 > 9 > 5 > 1 > 36 > 32 > 27 > 23 > 18 > 14 > 10 > 5 > 1 > 37 > 33 > 29 > 25 > 21 > 17 > 12 > 8 > 4 > 40 > 36 > 31 > 26 > 22 > 18 > 14 > 9 > 5 > 1 > 37 > 33 > 29 > 24 > 20 > 16 > 12 > 8 > 3 > 39 > 35 > 30 > 26 > 22 > 18 > 14 > 10 > 5 > 1 > 36 > 31 > 27 > 23 > 19 > 14 > 10 > 6 > 2 > 38 > 33 > 28 > 24 > 20 > 16 > 12 > 7 > 3 > 39 > 35 > 31 > 27 > 22 > 18 > 14 > 10 > 5 > 1 > 36 > 32 > 28 > 23 > 19 > 15 > 11 > 7 > 3 > 38 > 34 > 30 > 26 > 22 > 17 > 13 > 9 > 5 > 40 > 36 > 32 > 27 > 23 > 19 > 15 > 10 > 6 > 1 > 36 > 31 > 26 > 22 > 17 > 13 > 9 > 5 > 40 > 35 > 31 > 26 > 22 > 18 > 13 > 9 > 5 > 1 > 36 > 32 > 28 > 24 > 20 > 16 > 12 > 8 > 3 > 39 > 34 > 30 > 25 > 21 > 17 > 13 > 9 > 5 > 1 > 37 > 32 > 28 > 24 > 20 > 16 > 12 > 7 > 3 > 38 > 34 > 30 > 25 > 21 > 17 > 13 > 9 > 4 > 40 > 36 > 32 > 28 > 23 > 19 > 15 > 11 > 7 > 2 > 37 > 33 > 28 > 24 > 20 > 16 > 11 > 7 > 3 > 39 > 35 > 31 > 26 > 22 > 18 > 14 > 10 > 6 > 1 > 37 > 33 > 28 > 24 > 20 > 16 > 12 > 7 > 3 > 39 > 35 > 31 > 27 > 23 > 19 > 14 > 10 > 6 > 1 > 36 > 32 > 28 > 24 > 20 > 15 > 11 > 7 > 3 > 38 > 34 > 30 > 26 > 21 > 17 > 13 > 8 > 4 > 40 > 35 > 31 > 27 > 22 > 18 > 14 > 10 > 6 > 1 > 37 > 33 > 29 > 24 > 20 > 15 > 11 > 7 > 2 > 38 > 33 > 29 > 25 > 20 > 16 > 12 > 8 > 4 > 40 > 35 > 32 > 28 > 23 > 19 > 12 > 5 > 40 > 33 > 28 > 23 > 19 > 15 > 11 > 6 > 2 > 38 > 34 > 30 > 26 > 21 > 16 > 12 > 8 > 1 > 34 > 30 > 25 > 20 > 16 > 11 > 7 > 2 > 38 > 33 > 29 > 25 > 21 > 17 > 13 > 8 > 4 > 39 > 35 > 30 > 26 > 21 > 16 > 12 > 8 > 4 > 40 > 36 > 31 > 27 > 23 > 18 > 14 > 10 > 6 > 1 > 36 > 31 > 27 > 21 > 17 > 13 > 9 > 5 > 40 > 36 > 32 > 28 > 24 > 19 > 15 > 11 > 7 > 3 > 38 > 34 > 29 > 25 > 21 > 17 > 12 > 8 > 4 > 40 > 36 > 32 > 27 > 23 > 19 > 15 > 11 > 6 > 2 > 37 > 33 > 29 > 25 > 21 > 16 > 12 > 8 > 4 > 39 > 35 > 31 > 26 > 22 > 18 > 14 > 10 > 5 > 1 > 36 > 32 > 28 > 24 > 19 > 15 > 11 > 6 > 2 > 38 > 34 > 30 > 26 > 22 > 17 > 13 > 8 > 4 > 39 > 35 > 31 > 27 > 22 > 18 > 14 > 10 > 6 > 2 > 37 > 33 > 29 > 25 > 21 > 16 > 12 > 7 > 3 > 39 > 34 > 30 > 26 > 22 > 18 > 13 > 9 > 5 > 1 > 37 > 33 > 28 > 24 > 20 > 16 > 11 > 6 > 2 > 37 > 33 > 29 > 25 > 21 > 17 > 13 > 9 > 4 > 40 > 36 > 32 > 27 > 23 > 19 > 14 > 10 > 6 > 1 > 37 > 33 > 29 > 24 > 20 > 16 > 12 > 8 > 4 > 40 > 35 > 31 > 27 > 23 > 18 > 14 > 9 > 5 > 1 > 36 > 32 > 27 > 23 > 19 > 15 > 11 > 6 > 2 > 38 > 34 > 30 > 26 > 21 > 17 > 12 > 8 > 4 > 40 > 36 > 31 > 27 > 23 > 19 > 14 > 10 > 6 > 2 > 38 > 34 > 30 > 26 > 21 > 16 > 12 > 8 > 4 > 39 > 35 > 31 > 27 > 23 > 19 > 14 > 10 > 6 > 1 > 37 > 33 > 29 > 25 > 20 > 16 > 11 > 6 > 2 > 37 > 33 > 29 > 24 > 20 > 16 > 12 > 8 > 3 > 39 > 35 > 31 > 26 > 22 > 17 > 13 > 9 > 4 > 40 > 36 > 32 > 28 > 24 > 20 > 16 > 11 > 7 > 3 > 39 > 35 > 30 > 25 > 20 > 16 > 12 > 7 > 3 > 39 > 35 > 31 > 27 > 23 > 18 > 14 > 10 > 6 > 2 > 37 > 33 > 29 > 24 > 20 > 15 > 11 > 7 > 2 > 38 > 34 > 30 > 26 > 22 > 18 > 14 > 10 > 5 > 1 > 37 > 33 > 28 > 23 > 19 > 15 > 10 > 6 > 2 > 38 > 33 > 29 > 25 > 21 > 17 > 12 > 8 > 4 > 40 > 35 > 31 > 26 > 21 > 17 > 13 > 9 > 5 > 1 > 36 > 32 > 28 > 24 > 19 > 15 > 11 > 7 > 2 > 38 > 34 > 29 > 25 > 20 > 16 > 12 > 8 > 4 > 39 > 35 > 31 > 27 > 23 > 19 > 15 > 10 > 6 > 2 > 37 > 32 > 28 > 24 > 19 > 15 > 11 > 7 > 3 > 39 > 35 > 31 > 27 > 23 > 19 > 15 > 10 > 6 > 2 > 37 > 33 > 29 > 24 > 20 > 16 > 12 > 7 > 3 > 39 > 35 > 31 > 26 > 22 > 18 > 14 > 10 > 5 > 40 > 36 > 32 > 27 > 23 > 19 > 15 > 10 > 6 > 2 > 38 > 34 > 30 > 26 > 21 > 17 > 13 > 9 > 4 > 40 > 35 > 31 > 27 > 22 > 18 > 14 > 10 > 6 > 2 > 37 > 33 > 29 > 25 > 20 > 16 > 12 > 8 > 3 > 39 > 35 > 30 > 26 > 22 > 17 > 13 > 9 > 5 > 1 > 37 > 32 > 28 > 24 > 19 > 15 > 11 > 6 > 2 > 37 > 32 > 28 > 24 > 19 > 15 > 10 > 6 > 2 > 37 > 33 > 29 > 25 > 21 > 17 > 13 > 8 > 3 > 39 > 35 > 31 > 26 > 22 > 18 > 14 > 10 > 5 > 1 > 37 > 33 > 29 > 25 > 21 > 17 > 12 > 8 > 4 > 39 > 35 > 31 > 27 > 23 > 19 > 15 > 10 > 6 > 2 > 37 > 33 > 28 > 23 > 19 > 15 > 10 > 6 > 1 > 37 > 33 > 28 > 24 > 20 > 16 > 11 > 7 > 3 > 39 > 35 > 31 > 26 > 22 > 17 > 12 > 7 > 3 > 39 > 35 > 31 > 26 > 22 > 18 > 14 > 10 > 6 > 2 > 37 > 33 > 29 > 25 > 21 > 16 > 11 > 7 > 2 > 38 > 35 > 30 > 26 > 22 > 18 > 14 > 10 > 5 > 2 > 38 > 33 > 29 > 25 > 20 > 16 > 11 > 7 > 3 > 39 > 35 > 30 > 26 > 22 > 18 > 13 > 9 > 5 > 1 > 37 > 33 > 29 > 25 > 20 > 16 > 12 > 8 > 4 > 40 > 35 > 31 > 26 > 22 > 18 > 14 > 10 > 5 > 1 > 37 > 33 > 29 > 25 > 20 > 15 > 11 > 6 > 2 > 38 > 33 > 29 > 24 > 20 > 16 > 12 > 8 > 3 > 39 > 35 > 30 > 26 > 21 > 17 > 13 > 8 > 4 > 40 > 36 > 32 > 28 > 23 > 19 > 13 > 10 > 6 > 2 > 38 > 34 > 29 > 25 > 20 > 16 > 12 > 8 > 4 > 39 > 35 > 31 > 26 > 22 > 18 > 14 > 10 > 6 > 1 > 36 > 32 > 27 > 23 > 19 > 14 > 9 > 5 > 40 > 35 > 30 > 25 > 21 > 17 > 13 > 8 > 4 > 40 > 36 > 31 > 26 > 22 > 17 > 13 > 9 > 4 > 40 > 36 > 32 > 28 > 24 > 20 > 16 > 11 > 7 > 3 > 39 > 34 > 30 > 26 > 21 > 17 > 13 > 8 > 4 > 40 > 36 > 32 > 28 > 24 > 19 > 16 > 11 > 7 > 3 > 39 > 34 > 30 > 26 > 21 > 17 > 13 > 8 > 3 > 39 > 35 > 30 > 26 > 22 > 18 > 14 > 10 > 6 > 1 > 37 > 32 > 27 > 23 > 19 > 15 > 11 > 6 > 2 > 38 > 34 > 30 > 25 > 22 > 17 > 13 > 9 > 4 > 40 > 35 > 31 > 27 > 22 > 18 > 14 > 9 > 5 > 1 > 37 > 33 > 29 > 24 > 20 > 16 > 12 > 8 > 4 > 39 > 35 > 30 > 26 > 22 > 18 > 14 > 10 > 5 > 1 > 37 > 33 > 29 > 24 > 20 > 16 > 11 > 7 > 3 > 38 > 33 > 29 > 24 > 20 > 16 > 12 > 8 > 4 > 39 > 35 > 31 > 27 > 23 > 19 > 15 > 10 > 6 > 1 > 36 > 32 > 28 > 23 > 19 > 15 > 11 > 7 > 3 > 39 > 34 > 30 > 26 > 21 > 17 > 13 > 9 > 4 > 38 > 33 > 28 > 24 > 19 > 15 > 10 > 6 > 1 > 36 > 32 > 27 > 23 > 19 > 14 > 10 > 6 > 2 > 37 > 32 > 28 > 23 > 19 > 14 > 10 > 6 > 2 > 38 > 34 > 30 > 25 > 21 > 17 > 13 > 9 > 5 > 1 > 36 > 32 > 28 > 24 > 20 > 15 > 11 > 7 > 3 > 39 > 35 > 31 > 27 > 23 > 19 > 15 > 10 > 6 > 2 > 37 > 33 > 28 > 24 > 20 > 16 > 12 > 8 > 3 > 39 > 35 > 31 > 27 > 23 > 18 > 15 > 11 > 6 > 2 > 38 > 34 > 29 > 25 > 19 > 14 > 8 > 3 > 39 > 34 > 29 > 25 > 21 > 16 > 12 > 7 > 2 > 38 > 33 > 29 > 25 > 21 > 17 > 12 > 8 > 4 > 40 > 36 > 32 > 28 > 24 > 20 > 16 > 12 > 8 > 3 > 39 > 35 > 31 > 27 > 23 > 19 > 15 > 11 > 7 > 3 > 39 > 35 > 31 > 27 > 23 > 19 > 14 > 10 > 5 > 1 > 37 > 33 > 29 > 25 > 20 > 16 > 12 > 8 > 4 > 40 > 36 > 32 > 28 > 24 > 20 > 16 > 12 > 7 > 3 > 38 > 34 > 30 > 26 > 22 > 18 > 14 > 10 > 6 > 2 > 38 > 34 > 30 > 26 > 22 > 18 > 14 > 9 > 5 > 1 > 36 > 32 > 28 > 24 > 20 > 16 > 12 > 8 > 4 > 40 > 36 > 32 > 28 > 24 > 20 > 16 > 11 > 7 > 3 > 39 > 35 > 31 > 26 > 22 > 18 > 14 > 10 > 6 > 2 > 38 > 34 > 30 > 26 > 22 > 18 > 13 > 9 > 4 > 40 > 36 > 32 > 28 > 24 > 20 > 16 > 11 > 7 > 3 > 39 > 35 > 31 > 27 > 23 > 19 > 14 > 10 > 6 > 2 > 38 > 34 > 30 > 26 > 22 > 18 > 14 > 10 > 5 > 1 > 37 > 33 > 29 > 25 > 21 > 17 > 12 > 8 > 4 > 40 > 36 > 32 > 28 > 24 > 20 > 16 > 12 > 8 > 3 > 39 > 36 > 31 > 27 > 23 > 18 > 14 > 10 > 6 > 1 > 37 > 33 > 28 > 24 > 20 > 15 > 11 > 7 > 2 > 38 > 33 > 28 > 24 > 19 > 14 > 9 > 5 > 40 > 36 > 32 > 27 > 23 > 19 > 15 > 10 > 6 > 1 > 37 > 33 > 29 > 24 > 20 > 16 > 12 > 8 > 4 > 40 > 36 > 32 > 28 > 24 > 20 > 16 > 12 > 8 > 4 > 40 > 36 > 30 > 23 > 18 > 14 > 10 > 6 > 2 > 38 > 34 > 30 > 26 > 22 > 18 > 14 > 10 > 6 > 2 > 38 > 34 > 30 > 26 > 21 > 17 > 13 > 9 > 5 > 1 > 37 > 33 > 29 > 25 > 21 > 17 > 13 > 8 > 4 > 40 > 36 > 32 > 27 > 23 > 18 > 14 > 10 > 6 > 2 > 38 > 34 > 29 > 25 > 21 > 16 > 12 > 9 > 5 > 1 > 37 > 33 > 28 > 24 > 20 > 16 > 11 > 7 > 3 > 39 > 35 > 31 > 27 > 23 > 19 > 15 > 11 > 7 > 3 > 39 > 35 > 30 > 26 > 22 > 18 > 14 > 10 > 6 > 2 > 38 > 34 > 30 > 26 > 22 > 18 > 14 > 10 > 5 > 2 > 37 > 33 > 29 > 24 > 20 > 16 > 12 > 8 > 4 > 40 > 35 > 31 > 27 > 23 > 19 > 15 > 11 > 7 > 3 > 39 > 35 > 30 > 25 > 21 > 16 > 12 > 8 > 4 > 39 > 36 > 32 > 27 > 23 > 19 > 15 > 11 > 7 > 3 > 39 > 34 > 29 > 25 > 21 > 17 > 13 > 8 > 4 > 40 > 36 > 32 > 28 > 24 > 20 > 16 > 12 > 8 > 3 > 39 > 34 > 30 > 26 > 22 > 18 > 14 > 9 > 5 > 1 > 37 > 33 > 29 > 24 > 20 > 16 > 12 > 8 > 4 > 39 > 35 > 31 > 27 > 23 > 19 > 14 > 11 > 7 > 2 > 38 > 34 > 29 > 25 > 21 > 17 > 13 > 9 > 5 > 1 > 36 > 32 > 27 > 24 > 19 > 15 > 11 > 7 > 3 > 39 > 35 > 31 > 27 > 23 > 19 > 14 > 10 > 6 > 2 > 37 > 33 > 29 > 25 > 21 > 17 > 13 > 8 > 5 > 40 > 37 > 32 > 28 > 24 > 20 > 15 > 12 > 7 > 3 > 38 > 34 > 30 > 26 > 22 > 18 > 13 > 9 > 5 > 1 > 37 > 33 > 29 > 25 > 21 > 16 > 12 > 7 > 3 > 38 > 33 > 29 > 25 > 21 > 17 > 13 > 9 > 5 > 1 > 37 > 32 > 28 > 24 > 20 > 16 > 11 > 7 > 3 > 38 > 34 > 30 > 26 > 22 > 18 > 14 > 10 > 6 > 1 > 37 > 33 > 29 > 25 > 21 > 17 > 12 > 8 > 4 > 39 > 35 > 31 > 27 > 23 > 19 > 15 > 11 > 7 > 3 > 39 > 35 > 30 > 26 > 22 > 18 > 14 > 9 > 5 > 1 > 37 > 32 > 28 > 24 > 20 > 16 > 12 > 7 > 3 > 39 > 35 > 30 > 26 > 22 > 18 > 13 > 9 > 4 > 40 > 36 > 32 > 28 > 23 > 19 > 15 > 11 > 7 > 2 > 38 > 34 > 30 > 26 > 22 > 17 > 13 > 9 > 4 > 40 > 36 > 32 > 28 > 24 > 20 > 16 > 11 > 7 > 3 > 39 > 35 > 31 > 26 > 22 > 18 > 13 > 9 > 5 > 1 > 36 > 32 > 28 > 24 > 20 > 16 > 12 > 8 > 4 > 40 > 36 > 32 > 28 > 23 > 18 > 13 > 9 > 4 > 39 > 35 > 30 > 26 > 21 > 17 > 13 > 9 > 5 > 1 > 37 > 33 > 28 > 24 > 19 > 15 > 10 > 7 > 2 > 38 > 34 > 30 > 26 > 22 > 18 > 14 > 10 > 5 > 1 > 37 > 33 > 29 > 25 > 20 > 16 > 12 > 8 > 3 > 39 > 35 > 31 > 27 > 23 > 19 > 15 > 11 > 6 > 2 > 38 > 34 > 30 > 26 > 22 > 17 > 13 > 8 > 4 > 40 > 36 > 32 > 27 > 23 > 19 > 15 > 11 > 7 > 3 > 39 > 34 > 30 > 26 > 22 > 18 > 13 > 9 > 5 > 1 > 37 > 33 > 29 > 25 > 20 > 16 > 12 > 8 > 4 > 39 > 36 > 32 > 27 > 23 > 19 > 14 > 10 > 6 > 2 > 38 > 34 > 29 > 25 > 21 > 17 > 13 > 9 > 5 > 1 > 37 > 33 > 28 > 24 > 19 > 15 > 11 > 7 > 3 > 39 > 35 > 31 > 26 > 22 > 18 > 14 > 10 > 6 > 2 > 37 > 33 > 28 > 24 > 20 > 16 > 12 > 8 > 3 > 39 > 35 > 32 > 28 > 23 > 19 > 15 > 11 > 7 > 3 > 39 > 35 > 30 > 26 > 21 > 17 > 13 > 9 > 5 > 1 > 37 > 32 > 28 > 24 > 20 > 16 > 12 > 7 > 3 > 38 > 34 > 30 > 26 > 21 > 17 > 12 > 8 > 4 > 40 > 36 > 32 > 28 > 23 > 19 > 15 > 9 > 4 > 39 > 35 > 30 > 24 > 20 > 16 > 11 > 6 > 2 > 38 > 33 > 30 > 26 > 21 > 17 > 13 > 9 > 5 > 1 > 37 > 33 > 28 > 24 > 19 > 15 > 11 > 7 > 2 > 38 > 34 > 30 > 26 > 22 > 17 > 12 > 7 > 3 > 38 > 33 > 28 > 24 > 19 > 14 > 9 > 4 > 40 > 36 > 32 > 28 > 23 > 19 > 15 > 11 > 7 > 3 > 39 > 35 > 30 > 26 > 21 > 17 > 13 > 9 > 5 > 40 > 36 > 32 > 29 > 25 > 20 > 15 > 11 > 6 > 2 > 38 > 34 > 29 > 25 > 20 > 16 > 12 > 8 > 3 > 39 > 35 > 31 > 27 > 23 > 19 > 15 > 11 > 6 > 2 > 38 > 34 > 30 > 25 > 22 > 17 > 13 > 9 > 5 > 1 > 37 > 33 > 29 > 24 > 20 > 16 > 12 > 8 > 4 > 40 > 35 > 30 > 26 > 22 > 18 > 14 > 9 > 5 > 1 > 37 > 33 > 29 > 25 > 21 > 17 > 13 > 9 > 4 > 40 > 36 > 32 > 27 > 23 > 19 > 14 > 10 > 6 > 2 > 38 > 34 > 30 > 26 > 22 > 18 > 14 > 10 > 6 > 2 > 37 > 33 > 29 > 25 > 21 > 16 > 12 > 8 > 4 > 40 > 36 > 32 > 28 > 23 > 19 > 15 > 11 > 8 > 3 > 39 > 34 > 30 > 26 > 22 > 18 > 13 > 9 > 5 > 1 > 37 > 33 > 29 > 25 > 21 > 16 > 12 > 8 > 4 > 39 > 35 > 31 > 27 > 22 > 18 > 14 > 11 > 7 > 3 > 38 > 34 > 29 > 25 > 21 > 17 > 13 > 9 > 4 > 40 > 36 > 32 > 28 > 24 > 20 > 15 > 11 > 7 > 3 > 39 > 35 > 31 > 26 > 22 > 18 > 14 > 10 > 6 > 2 > 37 > 33 > 29 > 25 > 21 > 17 > 13 > 9 > 5 > 1 > 37 > 33 > 29 > 25 > 21 > 16 > 12 > 7 > 2 > 37 > 33 > 29 > 24 > 20 > 17 > 12 > 8 > 4 > 40 > 36 > 32 > 28 > 24 > 20 > 16 > 11 > 7 > 2 > 37 > 33 > 29 > 25 > 20 > 16 > 12 > 8 > 3 > 39 > 35 > 31 > 27 > 23 > 19 > 15 > 10 > 6 > 2 > 38 > 33 > 29 > 25 > 21 > 17 > 13 > 9 > 5 > 1 > 37 > 32 > 28 > 24 > 20 > 16 > 11 > 7 > 3 > 39 > 35 > 31 > 27 > 22 > 19 > 14 > 10 > 7 > 3 > 38 > 34 > 30 > 26 > 22 > 18 > 14 > 9 > 5 > 40 > 36 > 32 > 28 > 24 > 19 > 15 > 11 > 6 > 2 > 38 > 34 > 30 > 25 > 21 > 17 > 12 > 7 > 2 > 37 > 33 > 29 > 24 > 20 > 16 > 12 > 7 > 2 > 38 > 34 > 29 > 25 > 21 > 15 > 11 > 6 > 1 > 37 > 33 > 28 > 24 > 20 > 16 > 11 > 7 > 3 > 38 > 32 > 26 > 19 > 12 > 6 > 0 > 37 > 32 > 27,0,8 > 168 > 0 > 8 > 0 > 160 > 168 > 40 > 8 > 0 > 8 > 160 > 168 > 160 > 168 > 160 > 168 > 160 > 168 > 160 > 168 > 160 > 168 > 160 > 168 > 160 > 168 > 160 > 128 > 160 > 128 > 160 > 128 > 160 > 128 > 160 > 128 > 160 > 128 > 160 > 128 > 160 > 128 > 160 > 128 > 160 > 168 > 40 > 8 > 0 > 160,0 > 1 > 0 > 1 > 65 > 64 > 192 > 0 > 1 > 0 > 1 > 0 > 1 > 0 > 1 > 0 > 1 > 0 > 1 > 0 > 1 > 0 > 1 > 0 > 1 > 0 > 1,4 > 0 > 4 > 0 > 4 > 0 > 4 > 0,0,+0x1228 secondary reaction timer observed; +0x1210 held instead of decrementing on one or more sampled frames
2026-07-26T21:43:44Z,80,85,5,P2-C1,P2,0x927EB9E0,1,Ken the Eagle,hit,64,Standing Hitstun,1,Action 1,64 Standing Hitstun > 1 Action 1,hitstun > neutral,0,0,12,11,0,0,1,0,False,False,False,,,,5,0x00000000,0 > 37 > 30 > 26,0,8 > 136 > 160,0 > 1,4 > 0,0,+0x1228 secondary reaction timer observed
2026-07-26T21:45:09Z,1201,1207,6,P2-C1,P2,0x927EB9E0,1,Ken the Eagle,hit,64,Standing Hitstun,1,Action 1,64 Standing Hitstun > 1 Action 1,hitstun > neutral,0,0,12,11,0,0,2,0,False,False,False,,,,6,0x00000000,0 > 37 > 29 > 22,0,8 > 168 > 160,0 > 1,4 > 0,0,+0x1228 secondary reaction timer observed
2026-07-26T21:48:13Z,1380,3938,2558,P1-C2,P1,0x92B6BA00,6,Doronjo,hit,1,Action 1,430,Action 430,1 Action 1 > 11 Action 11 > 259 Action 259 > 11 Action 11 > 259 Action 259 > 11 Action 11 > 259 Action 259 > 11 Action 11 > 260 Action 260 > 11 Action 11 > 260 Action 260 > 11 Action 11 > 261 Action 261 > 9 Action 9 > 10 Action 10 > 11 Action 11 > 2 Action 2 > 306 Action 306 > 1 Action 1 > 430 Action 430,hitstun > neutral,0,0,4,0,0,0,0,2555,False,False,False,,,,2558,0x00000000,7 > 38 > 29 > 18 > 8 > 38 > 26 > 16 > 8 > 0 > 39 > 34 > 29 > 39 > 33 > 28 > 22 > 38 > 35 > 29 > 24 > 40 > 32 > 26 > 0 > 36 > 27 > 22 > 15 > 6 > 1 > 39 > 29 > 24 > 39 > 33 > 27 > 21 > 38 > 29 > 23 > 38 > 33 > 27 > 22 > 17 > 12 > 38 > 36 > 31 > 24 > 19 > 14 > 40 > 35 > 30 > 24 > 19 > 14 > 9 > 4 > 37 > 32 > 38 > 40 > 38 > 39 > 38 > 31 > 25 > 19 > 13 > 8 > 2 > 40 > 30 > 24 > 18 > 12 > 7 > 2 > 36 > 30 > 26 > 21 > 16 > 12 > 7 > 2 > 37 > 32 > 26 > 20 > 13 > 8 > 3 > 39 > 34 > 28 > 22 > 16 > 9 > 2 > 33 > 27 > 22 > 17 > 12 > 7 > 3 > 39 > 35 > 31 > 26 > 22 > 18 > 13 > 8 > 4 > 1 > 37 > 33 > 29 > 25 > 21 > 17 > 13 > 9 > 5 > 40 > 36 > 32 > 28 > 23 > 18 > 14 > 10 > 6 > 40 > 36 > 32 > 28 > 23 > 18 > 13 > 9 > 5 > 1 > 36 > 32 > 29 > 25 > 21 > 17 > 12 > 8 > 4 > 40 > 36 > 32 > 28 > 24 > 20 > 16 > 12 > 8 > 3 > 40 > 36 > 32 > 28 > 24 > 19 > 15 > 11 > 7 > 3 > 40 > 35 > 31 > 27 > 23 > 19 > 14 > 10 > 6 > 2 > 37 > 32 > 28 > 24 > 20 > 16 > 12 > 9 > 5 > 1 > 37 > 34 > 30 > 26 > 22 > 18 > 13 > 10 > 6 > 2 > 38 > 35 > 31 > 27 > 23 > 20 > 16 > 12 > 8 > 4 > 40 > 36 > 32 > 28 > 24 > 20 > 16 > 12 > 8 > 4 > 40 > 36 > 32 > 28 > 25 > 21 > 17 > 13 > 9 > 6 > 2 > 38 > 34 > 30 > 26 > 22 > 18 > 14 > 10 > 6 > 2 > 38 > 34 > 31 > 27 > 23 > 20 > 16 > 12 > 8 > 5 > 1 > 38 > 34 > 30 > 26 > 22 > 18 > 14 > 10 > 7 > 4 > 40 > 36 > 32 > 29 > 25 > 21 > 18 > 14 > 10 > 7 > 3 > 39 > 36 > 32 > 28 > 24 > 20 > 16 > 12 > 9 > 5 > 1 > 38 > 34 > 30 > 26 > 22 > 19 > 15 > 11 > 7 > 4 > 40 > 36 > 33 > 29 > 25 > 21 > 17 > 14 > 10 > 7 > 3 > 40 > 36 > 32 > 28 > 25 > 21 > 17 > 14 > 10 > 6 > 3 > 39 > 35 > 32 > 28 > 23 > 19 > 15 > 11 > 8 > 4 > 1 > 37 > 34 > 30 > 27 > 23 > 19 > 16 > 12 > 8 > 4 > 40 > 37 > 33 > 26 > 22 > 18 > 15 > 11 > 7 > 4 > 40 > 36 > 32 > 28 > 24 > 20 > 17 > 13 > 10 > 6 > 2 > 38 > 35 > 31 > 27 > 22 > 19 > 14 > 11 > 7 > 3 > 39 > 35 > 31 > 27 > 24 > 19 > 16 > 11 > 7 > 3 > 39 > 35 > 31 > 27 > 22 > 18 > 14 > 10 > 7 > 3 > 40 > 36 > 32 > 29 > 25 > 21 > 18 > 14 > 10 > 6 > 2 > 39 > 35 > 31 > 27 > 23 > 20 > 16 > 12 > 8 > 5 > 40 > 34 > 30 > 25 > 20 > 15 > 12 > 8 > 5 > 1 > 37 > 34 > 29 > 26 > 22 > 18 > 14 > 10 > 7 > 3 > 39 > 35 > 31 > 28 > 24 > 20 > 16 > 13 > 9 > 6 > 2 > 38 > 35 > 31 > 27 > 23 > 19 > 15 > 11 > 8 > 5 > 1 > 37 > 34 > 30 > 26 > 23 > 19 > 16 > 12 > 8 > 4 > 40 > 35 > 30 > 26 > 21 > 17 > 13 > 9 > 5 > 1 > 37 > 33 > 29 > 25 > 18 > 14 > 11 > 7 > 3 > 39 > 35 > 31 > 27 > 23 > 19 > 16 > 12 > 8 > 4 > 1 > 37 > 33 > 30 > 26 > 22 > 18 > 15 > 11 > 7 > 4 > 40 > 36 > 32 > 28 > 25 > 21 > 17 > 14 > 10 > 7 > 3 > 40 > 36 > 32 > 29 > 25 > 21 > 18 > 14 > 11 > 7 > 3 > 40 > 36 > 32 > 28 > 24 > 21 > 17 > 13 > 9 > 5 > 1 > 38 > 34 > 30 > 26 > 23 > 19 > 15 > 12 > 8 > 4 > 1 > 37 > 33 > 29 > 26 > 22 > 18 > 14 > 10 > 7 > 3 > 39 > 35 > 32 > 28 > 24 > 21 > 17 > 13 > 10 > 6 > 3 > 38 > 34 > 30 > 26 > 21 > 17 > 13 > 9 > 5 > 1 > 38 > 34 > 31 > 27 > 23 > 20 > 16 > 13 > 9 > 5 > 1 > 37 > 32 > 28 > 24 > 20 > 16 > 12 > 9 > 5 > 1 > 37 > 33 > 29 > 25 > 22 > 18 > 14 > 10 > 7 > 3 > 39 > 36 > 31 > 27 > 23 > 19 > 16 > 12 > 8 > 4 > 40 > 36 > 32 > 29 > 25 > 22 > 18 > 15 > 11 > 7 > 4 > 40 > 36 > 33 > 28 > 24 > 20 > 16 > 13 > 9 > 6 > 2 > 38 > 35 > 31 > 27 > 24 > 20 > 16 > 12 > 9 > 5 > 1 > 37 > 33 > 30 > 26 > 22 > 18 > 14 > 10 > 7 > 3 > 39 > 36 > 32 > 28 > 25 > 21 > 17 > 13 > 9 > 6 > 2 > 38 > 34 > 30 > 26 > 21 > 18 > 14 > 10 > 7 > 3 > 39 > 36 > 32 > 28 > 25 > 21 > 18 > 14 > 10 > 6 > 3 > 39 > 35 > 31 > 27 > 23 > 19 > 15 > 12 > 8 > 4 > 40 > 36 > 33 > 29 > 25 > 22 > 18 > 14 > 11 > 7 > 3 > 39 > 35 > 31 > 27 > 23 > 19 > 16 > 12 > 9 > 5 > 1 > 37 > 33 > 30 > 26 > 22 > 19 > 15 > 11 > 7 > 4 > 40 > 36 > 32 > 28 > 25 > 21 > 17 > 14 > 10 > 6 > 2 > 38 > 35 > 31 > 27 > 24 > 20 > 16 > 13 > 9 > 5 > 2 > 38 > 33 > 29 > 26 > 21 > 18 > 14 > 10 > 6 > 3 > 39 > 35 > 32 > 28 > 24 > 21 > 17 > 13 > 9 > 4 > 40 > 36 > 32 > 28 > 24 > 20 > 16 > 11 > 8 > 4 > 40 > 37 > 33 > 29 > 25 > 22 > 18 > 14 > 10 > 7 > 3 > 39 > 34 > 31 > 27 > 23 > 19 > 15 > 12 > 8 > 4 > 40 > 36 > 33 > 29 > 26 > 22 > 18 > 14 > 10 > 7 > 3 > 39 > 35 > 31 > 28 > 24 > 20 > 16 > 13 > 9 > 5 > 2 > 38 > 34 > 31 > 27 > 21 > 17 > 13 > 10 > 6 > 2 > 38 > 33 > 30 > 25 > 21 > 18 > 14 > 9 > 4 > 40 > 36 > 31 > 27 > 23 > 19 > 15 > 12 > 8 > 4 > 40 > 36 > 32 > 28 > 25 > 20 > 17 > 13 > 9 > 5 > 1 > 38 > 34 > 30 > 27 > 23 > 20 > 16 > 12 > 9 > 5 > 2 > 38 > 34 > 30 > 26 > 22 > 18 > 15 > 11 > 7 > 4 > 40 > 36 > 33 > 29 > 25 > 22 > 18 > 15 > 11 > 7 > 3 > 39 > 35 > 31 > 27 > 24 > 20 > 15 > 12 > 8 > 5 > 1 > 37 > 33 > 29 > 26 > 21 > 18 > 14 > 10 > 7 > 3 > 40 > 36 > 32 > 28 > 24 > 20 > 17 > 13 > 9 > 5 > 1 > 37 > 33 > 30 > 26 > 23 > 19 > 15 > 12 > 8 > 4 > 1 > 37 > 33 > 29 > 25 > 21 > 17 > 13 > 10 > 6 > 3 > 39 > 35 > 31 > 27 > 24 > 20 > 17 > 13 > 9 > 6 > 2 > 38 > 34 > 30 > 26 > 22 > 18 > 14 > 10 > 7 > 3 > 40 > 36 > 32 > 28 > 25 > 21 > 17 > 13 > 10 > 6 > 3 > 39 > 35 > 32 > 28 > 23 > 20 > 16 > 12 > 8 > 5 > 1 > 37 > 34 > 30 > 26 > 23 > 19 > 15 > 12 > 8 > 4 > 1 > 37 > 33 > 29 > 25 > 21 > 17 > 13 > 9 > 5 > 2 > 38 > 34 > 31 > 27 > 23 > 20 > 16 > 13 > 8 > 4 > 1 > 37 > 32 > 27 > 23 > 18 > 14 > 11 > 7 > 4 > 40 > 36 > 32 > 27 > 24 > 20 > 16 > 13 > 9 > 5 > 2 > 38 > 34 > 30 > 26 > 22 > 19 > 15 > 11 > 8 > 4 > 40 > 36 > 33 > 29 > 25 > 22 > 19 > 15 > 11 > 8 > 4 > 1 > 37 > 33 > 30 > 26 > 22 > 18 > 14 > 10 > 7 > 3 > 39 > 36 > 32 > 29 > 25 > 21 > 17 > 14 > 10 > 6 > 2 > 39 > 35 > 31 > 28 > 24 > 20 > 16 > 12 > 8 > 5 > 1 > 37 > 33 > 29 > 25 > 21 > 18 > 14 > 10 > 7 > 3 > 39 > 36 > 32 > 28 > 24 > 20 > 16 > 12 > 9 > 5 > 1 > 38 > 34 > 31 > 27 > 23 > 20 > 16 > 12 > 9 > 5 > 2 > 38 > 34 > 31 > 26 > 22 > 18 > 15 > 11 > 7 > 4 > 40 > 36 > 32 > 28 > 25 > 21 > 18 > 14 > 10 > 6 > 3 > 39 > 36 > 32 > 28 > 24 > 19 > 15 > 12 > 8 > 4 > 1 > 37 > 33 > 30 > 26 > 22 > 19 > 15 > 11 > 8 > 4 > 1 > 37 > 33 > 29 > 25 > 21 > 17 > 13 > 10 > 6 > 2 > 38 > 35 > 31 > 27 > 24 > 20 > 16 > 12 > 9 > 5 > 1 > 38 > 34 > 30 > 25 > 22 > 18 > 14 > 11 > 7 > 4 > 40 > 36 > 32 > 28 > 25 > 21 > 18 > 14 > 10 > 6 > 2 > 38 > 35 > 31 > 27 > 23 > 19 > 15 > 12 > 8 > 4 > 1 > 37 > 34 > 30 > 26 > 22 > 19 > 15 > 12 > 8 > 4 > 1 > 37 > 33 > 30 > 26 > 22 > 18 > 15 > 11 > 7 > 3 > 39 > 36 > 32 > 28 > 25 > 21 > 17 > 14 > 10 > 7 > 3 > 39 > 35 > 31 > 27 > 23 > 20 > 16 > 12 > 9 > 5 > 2 > 38 > 34 > 31 > 27 > 24 > 20 > 16 > 13 > 9 > 6 > 2 > 38 > 34 > 30 > 26 > 21 > 18 > 14 > 11 > 7 > 3 > 40 > 36 > 33 > 29 > 25 > 22 > 18 > 14 > 11 > 7 > 3 > 40 > 36 > 32 > 28 > 24 > 19 > 16 > 12 > 8 > 4 > 40 > 37 > 33 > 29 > 26 > 22 > 18 > 15 > 11 > 7 > 3 > 40 > 35 > 31 > 27 > 23 > 19 > 16 > 12 > 9 > 5 > 1 > 38 > 34 > 30 > 27 > 23 > 20 > 16 > 12 > 8 > 4 > 40 > 36 > 33 > 29 > 25 > 22 > 18 > 14 > 10 > 6 > 3 > 39 > 35 > 32 > 27 > 23 > 19 > 16 > 12 > 9 > 5 > 1 > 37 > 33 > 28 > 24 > 21 > 17 > 13 > 10 > 6 > 2 > 39 > 35 > 32 > 28 > 25 > 21 > 18 > 14 > 10 > 7 > 3 > 39 > 35 > 31 > 26 > 23 > 18 > 15 > 11 > 7 > 4 > 40 > 36 > 33 > 29 > 26 > 22 > 18 > 14 > 11 > 7 > 3 > 38 > 34 > 30 > 26 > 23 > 19 > 16 > 12 > 8 > 4 > 1 > 37 > 34 > 30 > 26 > 23 > 19 > 16 > 12 > 8 > 5 > 1 > 37 > 33 > 29 > 25 > 21 > 18 > 14 > 10 > 6 > 2 > 37 > 34 > 30 > 26 > 22 > 18 > 14 > 10 > 7 > 3 > 39 > 35 > 32 > 28 > 23 > 19 > 15 > 12 > 8 > 5 > 1 > 37 > 34 > 30 > 27 > 23 > 19 > 16 > 12 > 8 > 4 > 40 > 36 > 32 > 28 > 25 > 21 > 17 > 14 > 10 > 6 > 3 > 39 > 35 > 32 > 28 > 25 > 21 > 17 > 14 > 10 > 7 > 3 > 39 > 36 > 32 > 28 > 24 > 20 > 17 > 13 > 10 > 6 > 2 > 38 > 34 > 30 > 27 > 22 > 19 > 15 > 12 > 8 > 4 > 40 > 35 > 31 > 27 > 23 > 19 > 16 > 11 > 7 > 4 > 40 > 36 > 32 > 28 > 24 > 20 > 16 > 13 > 9 > 5 > 1 > 37 > 33 > 28 > 23 > 19 > 15 > 12 > 8 > 5 > 1 > 37 > 34 > 30 > 27 > 23 > 19 > 15 > 12 > 8 > 4 > 1 > 36 > 32 > 28 > 24 > 20 > 17 > 13 > 10 > 6 > 2 > 38 > 35 > 31 > 28 > 24 > 20 > 17 > 13 > 10 > 6 > 2 > 39 > 35 > 31 > 27 > 22 > 18 > 15 > 11 > 7 > 4 > 40 > 37 > 33 > 30 > 26 > 23 > 19 > 15 > 12 > 9 > 5 > 1 > 37 > 33 > 29 > 25 > 22 > 18 > 14 > 11 > 7 > 4 > 40 > 37 > 33 > 29 > 26 > 22 > 18 > 13 > 10 > 5 > 1 > 37 > 33 > 28 > 24 > 20 > 17 > 13 > 9 > 5 > 1 > 38 > 34 > 31 > 27 > 24 > 20 > 16 > 13 > 9 > 6 > 2 > 37 > 33 > 30 > 26 > 22 > 18 > 15 > 11 > 7 > 4 > 40 > 37 > 33 > 29 > 25 > 21 > 18 > 14 > 10 > 6 > 3 > 39 > 35 > 30 > 27 > 23 > 18 > 14 > 11 > 7 > 4 > 40 > 36 > 32 > 29 > 25 > 22 > 18 > 14 > 11 > 7 > 4 > 40 > 36 > 32 > 28 > 25 > 21 > 17 > 14 > 10 > 6 > 3 > 39 > 35 > 32 > 28 > 25 > 21 > 17 > 14 > 10 > 6 > 3 > 38 > 34 > 30 > 26 > 23 > 19 > 16 > 12 > 8 > 5 > 1 > 37 > 34 > 30 > 26 > 23 > 19 > 16 > 12 > 8 > 5 > 1 > 37 > 33 > 30 > 26 > 23 > 19 > 15 > 11 > 8 > 4 > 1 > 37 > 34 > 30 > 26 > 22 > 19 > 15 > 12 > 8 > 4 > 1 > 36 > 33 > 29 > 25 > 21 > 18 > 14 > 10 > 6 > 2 > 39 > 35 > 32 > 28 > 25 > 21 > 17 > 14 > 10 > 6 > 2 > 38 > 35 > 31 > 27 > 23 > 19 > 16 > 12 > 8 > 5 > 1 > 37 > 34 > 30 > 27 > 23 > 19 > 16 > 12 > 9 > 5 > 1 > 37 > 33 > 29 > 26 > 22 > 18 > 15 > 11 > 7 > 2 > 37 > 33 > 29 > 25 > 21 > 18 > 14 > 10 > 7 > 3 > 39 > 36 > 32 > 28 > 24 > 20 > 17 > 13 > 9 > 6 > 2 > 39 > 35 > 32 > 28 > 25 > 21 > 17 > 14 > 10 > 7 > 3 > 39 > 35 > 32 > 28 > 24 > 21 > 17 > 14 > 10 > 6 > 3 > 39 > 35 > 32 > 28 > 25 > 21 > 17 > 14 > 10 > 7 > 2 > 38 > 34 > 30 > 26 > 23 > 20 > 16 > 13 > 9 > 6 > 1 > 38 > 34 > 30 > 27 > 23 > 19 > 16 > 12 > 8 > 5 > 1 > 37 > 33 > 30 > 26 > 22 > 19 > 15 > 12 > 7 > 4 > 40 > 36 > 33 > 29 > 25 > 22 > 18 > 15 > 11 > 8 > 4 > 40 > 36 > 31 > 27 > 23 > 20 > 16 > 13 > 9 > 5 > 2 > 38 > 35 > 31 > 27 > 23 > 20 > 16 > 12 > 8 > 5 > 1 > 36 > 32 > 28 > 25 > 21 > 18 > 14 > 11 > 7 > 4 > 40 > 36 > 33 > 29 > 26 > 22 > 18 > 15 > 11 > 8 > 4 > 40 > 36 > 32 > 28 > 24 > 21 > 17 > 14 > 10 > 6 > 2 > 38 > 35 > 31 > 27 > 24 > 20 > 16 > 13 > 9 > 5 > 1 > 37 > 33 > 29 > 25 > 21 > 17 > 13 > 10 > 6 > 2 > 38 > 34 > 30 > 26 > 22 > 18 > 14 > 9 > 5 > 1 > 36 > 32 > 28 > 24 > 19 > 15 > 11 > 7 > 3 > 39 > 35 > 30 > 26 > 22 > 18 > 14 > 10 > 7 > 3 > 38 > 34 > 29 > 25 > 20 > 16 > 12 > 8 > 4 > 40 > 35 > 31 > 27 > 23 > 19 > 15 > 10 > 6 > 1 > 38 > 33 > 28 > 23 > 18 > 14 > 9 > 5 > 40 > 36 > 32 > 28 > 24 > 20 > 16 > 11 > 7 > 3 > 38 > 34 > 30 > 25 > 21 > 17 > 13 > 9 > 4 > 40 > 37 > 33 > 29 > 25 > 21 > 17 > 13 > 9 > 5 > 1 > 38 > 34 > 30 > 26 > 22 > 18 > 13 > 8 > 4 > 39 > 34 > 30 > 26 > 22 > 18 > 15 > 11 > 7 > 3 > 40 > 36 > 32 > 28 > 24 > 19 > 15 > 11 > 7 > 3 > 40 > 36 > 32 > 29 > 24 > 21 > 17 > 12 > 9 > 5 > 1 > 38 > 34 > 30 > 26 > 21 > 17 > 12 > 8 > 4 > 40 > 37 > 33 > 29 > 25 > 21 > 18 > 14 > 11 > 7 > 3 > 40 > 36 > 32 > 29 > 25 > 21 > 17 > 13 > 9 > 5 > 1 > 37 > 33 > 30 > 26 > 23 > 19 > 15 > 11 > 8 > 4 > 40 > 37 > 33 > 30 > 26 > 21 > 17 > 13 > 9 > 6 > 2 > 39 > 35 > 31 > 28 > 24 > 20 > 17 > 13 > 10 > 6 > 2 > 39 > 35 > 32 > 28 > 24 > 20 > 16 > 13 > 9 > 5 > 1 > 38 > 34 > 31 > 27 > 23 > 19 > 15 > 12 > 8 > 5 > 1 > 37 > 34 > 30 > 27 > 23 > 19 > 15 > 11 > 7 > 3 > 39 > 36 > 32 > 29 > 25 > 21 > 18 > 14 > 11 > 7 > 3 > 40 > 37 > 33 > 29 > 25 > 22 > 18 > 14 > 10 > 6 > 2 > 39 > 35 > 31 > 28 > 24 > 21 > 17 > 13 > 10 > 6 > 2 > 39 > 35 > 31 > 28 > 24 > 20 > 16 > 12 > 9 > 5 > 2 > 38 > 34 > 30 > 27 > 23 > 19 > 16 > 12 > 8 > 5 > 1 > 38 > 34 > 30 > 26 > 22 > 19 > 15 > 11 > 7 > 4 > 40 > 36 > 32 > 29 > 25 > 21 > 18 > 13 > 9 > 5 > 1 > 37 > 33 > 29 > 25 > 20 > 16 > 12 > 8 > 5 > 1 > 37 > 34 > 30 > 27 > 23 > 19 > 16 > 12 > 8 > 5 > 1 > 37 > 34 > 30 > 27 > 23 > 19 > 15 > 11 > 8 > 4 > 1 > 37 > 34 > 30 > 26 > 22 > 19 > 15 > 12 > 8 > 4 > 1 > 37 > 33 > 30 > 26 > 21 > 17 > 13 > 8 > 5 > 1 > 38 > 34 > 30 > 26 > 22 > 19 > 15 > 11 > 7 > 4 > 40 > 37 > 33 > 29 > 25 > 20 > 16 > 13 > 9 > 6 > 2 > 38 > 34 > 31 > 27 > 23 > 19 > 16 > 12 > 8 > 4 > 1 > 37 > 33 > 30 > 26 > 22 > 18 > 14 > 10 > 7 > 3 > 39 > 36 > 32 > 28 > 24 > 20 > 17 > 12 > 7 > 2 > 37 > 33 > 28 > 24 > 20 > 16 > 12 > 8 > 4 > 1 > 37 > 33 > 30 > 26 > 23 > 19 > 15 > 11 > 8 > 4 > 40 > 37 > 33 > 28 > 24 > 20 > 16 > 13 > 9 > 6 > 2 > 38 > 33 > 27 > 22 > 17 > 11 > 6 > 2 > 39 > 35 > 31 > 27 > 23 > 20 > 15 > 12 > 8 > 5 > 1 > 37 > 34 > 30 > 26 > 22 > 19 > 15 > 11 > 8 > 5 > 1 > 37 > 33 > 30 > 25 > 21 > 18 > 13 > 10 > 6 > 2 > 39 > 35 > 31 > 27 > 24 > 20 > 16 > 12 > 8 > 5 > 1 > 38 > 34 > 31 > 25 > 21 > 17 > 13 > 9 > 6 > 2 > 38 > 35 > 31 > 28 > 24 > 20 > 17 > 13 > 9 > 6 > 2 > 38 > 35 > 31 > 27 > 24 > 20 > 15 > 11 > 7 > 4 > 39 > 36 > 32 > 28 > 24 > 21 > 15 > 10 > 4 > 40 > 36 > 33 > 29 > 25 > 21 > 18 > 14 > 9 > 6 > 2 > 38 > 34 > 29 > 25 > 20 > 16 > 13 > 9 > 5 > 1 > 38 > 34 > 30 > 25 > 21 > 17 > 14 > 10 > 6 > 2 > 35 > 30 > 25 > 20 > 16 > 12 > 8 > 4 > 40 > 36 > 32 > 31 > 19 > 17 > 3,0,160 > 32 > 0 > 32 > 0 > 32 > 0 > 32 > 0 > 32 > 0 > 32 > 0 > 32 > 0 > 160 > 128 > 160 > 128 > 160 > 0,5 > 1 > 0 > 1 > 0 > 1 > 0 > 1 > 0 > 1 > 0 > 1 > 0 > 1 > 0 > 1 > 0 > 1 > 64,0 > 4 > 0,0 > 64 > 0 > 72 > 0 > 64 > 0 > 64 > 0 > 72 > 0 > 64 > 0 > 64 > 0 > 64 > 72 > 64 > 0 > 64 > 0 > 64 > 0,+0x1210 held instead of decrementing on one or more sampled frames
2026-07-26T21:48:32Z,1269,4159,2890,P2-C1,P2,0x927EB9E0,1,Ken the Eagle,hit,64,Standing Hitstun,1,Action 1,64 Standing Hitstun > 80 Hard Knockdown > 73 Knockdown Face Up > 113 Get Up Face Up > 1 Action 1 > 64 Standing Hitstun > 91 Soft Knockdown > 160 Air Recovery > 30 Action 30 > 1 Action 1 > 66 Low Hitstun > 1 Action 1,hitstun > knockdown > wakeup > hitstun > knockdown > air_recovery > hitstun > neutral,0,0,21,21,255232,4,3,2863,True,True,True,20,29,2878,2890,0x00000000,0 > 35 > 29 > 25 > 0 > 37 > 33 > 28 > 23 > 18 > 14 > 10 > 5 > 1 > 36 > 31 > 26 > 21 > 15 > 9 > 1 > 36 > 31 > 27 > 22 > 17 > 12 > 8 > 3 > 39 > 34 > 28 > 21 > 17 > 13 > 9 > 4 > 40 > 36 > 31 > 27 > 23 > 19 > 15 > 11 > 7 > 2 > 38 > 34 > 30 > 25 > 21 > 17 > 13 > 9 > 4 > 1 > 33 > 26 > 19 > 11 > 5 > 1 > 37 > 34 > 30 > 26 > 21 > 17 > 13 > 9 > 5 > 1 > 37 > 33 > 29 > 26 > 22 > 18 > 14 > 5 > 36 > 27 > 16 > 6 > 36 > 24 > 14 > 6 > 40 > 35 > 30 > 25 > 21 > 15 > 10 > 4 > 38 > 29 > 23 > 18 > 11 > 3 > 37 > 30 > 24 > 15 > 10 > 3 > 34 > 29 > 22 > 13 > 8 > 1 > 32 > 26 > 20 > 14 > 6 > 40 > 35 > 30 > 24 > 19 > 14 > 9 > 3 > 32 > 27 > 20 > 15 > 10 > 3 > 36 > 31 > 26 > 20 > 15 > 10 > 5 > 40 > 33 > 28 > 21 > 13 > 8 > 3 > 38 > 31 > 25 > 19 > 13 > 8 > 2 > 38 > 28 > 22 > 16 > 10 > 5 > 39 > 34 > 28 > 24 > 19 > 14 > 10 > 5 > 40 > 35 > 30 > 24 > 18 > 11 > 6 > 1 > 37 > 32 > 26 > 20 > 14 > 7 > 40 > 31 > 25 > 20 > 15 > 10 > 5 > 1 > 37 > 33 > 29 > 24 > 20 > 16 > 11 > 6 > 2 > 39 > 35 > 31 > 27 > 23 > 19 > 15 > 11 > 7 > 3 > 38 > 34 > 30 > 26 > 21 > 16 > 12 > 8 > 3 > 38 > 34 > 30 > 26 > 21 > 16 > 11 > 7 > 3 > 39 > 34 > 30 > 27 > 23 > 19 > 15 > 10 > 6 > 2 > 38 > 34 > 30 > 26 > 22 > 18 > 14 > 10 > 6 > 1 > 38 > 34 > 30 > 26 > 22 > 17 > 13 > 9 > 5 > 1 > 38 > 33 > 29 > 25 > 21 > 17 > 12 > 8 > 4 > 40 > 35 > 30 > 26 > 22 > 18 > 14 > 10 > 7 > 3 > 39 > 35 > 32 > 28 > 24 > 20 > 16 > 11 > 8 > 4 > 40 > 36 > 33 > 29 > 25 > 21 > 18 > 14 > 10 > 6 > 2 > 38 > 34 > 30 > 26 > 22 > 18 > 14 > 10 > 6 > 2 > 38 > 34 > 30 > 26 > 23 > 19 > 15 > 11 > 7 > 4 > 40 > 36 > 32 > 28 > 24 > 20 > 16 > 12 > 8 > 4 > 40 > 36 > 32 > 29 > 25 > 21 > 17 > 14 > 10 > 6 > 3 > 39 > 36 > 32 > 28 > 24 > 20 > 16 > 12 > 8 > 5 > 2 > 38 > 34 > 30 > 27 > 23 > 19 > 16 > 12 > 8 > 5 > 1 > 37 > 34 > 30 > 26 > 22 > 18 > 14 > 10 > 7 > 3 > 39 > 36 > 32 > 28 > 24 > 20 > 17 > 13 > 9 > 5 > 2 > 38 > 34 > 31 > 27 > 23 > 19 > 15 > 12 > 8 > 5 > 1 > 38 > 34 > 30 > 26 > 23 > 19 > 15 > 11 > 8 > 4 > 1 > 37 > 33 > 30 > 26 > 21 > 17 > 13 > 9 > 6 > 2 > 39 > 35 > 32 > 28 > 25 > 21 > 17 > 14 > 10 > 6 > 2 > 38 > 35 > 31 > 24 > 20 > 16 > 13 > 9 > 5 > 2 > 38 > 34 > 30 > 26 > 22 > 18 > 15 > 11 > 8 > 4 > 40 > 36 > 33 > 29 > 25 > 20 > 17 > 12 > 9 > 5 > 1 > 37 > 33 > 29 > 25 > 22 > 17 > 14 > 9 > 5 > 1 > 37 > 33 > 29 > 25 > 20 > 16 > 12 > 8 > 5 > 1 > 38 > 34 > 30 > 27 > 23 > 19 > 16 > 12 > 8 > 4 > 40 > 37 > 33 > 29 > 25 > 21 > 18 > 14 > 10 > 6 > 3 > 38 > 32 > 28 > 23 > 18 > 13 > 10 > 6 > 3 > 39 > 35 > 32 > 27 > 23 > 20 > 16 > 12 > 8 > 5 > 1 > 37 > 33 > 29 > 26 > 22 > 18 > 14 > 11 > 7 > 4 > 40 > 36 > 33 > 29 > 25 > 21 > 17 > 13 > 9 > 6 > 3 > 39 > 35 > 32 > 28 > 24 > 21 > 17 > 13 > 10 > 6 > 2 > 38 > 33 > 28 > 24 > 19 > 15 > 11 > 7 > 3 > 39 > 35 > 31 > 27 > 23 > 16 > 12 > 9 > 5 > 1 > 37 > 33 > 29 > 25 > 21 > 17 > 14 > 10 > 6 > 2 > 39 > 35 > 31 > 27 > 24 > 20 > 16 > 13 > 9 > 5 > 2 > 38 > 34 > 30 > 26 > 23 > 19 > 15 > 12 > 8 > 5 > 1 > 38 > 34 > 30 > 27 > 23 > 19 > 16 > 12 > 9 > 5 > 1 > 38 > 34 > 30 > 26 > 22 > 19 > 15 > 11 > 7 > 3 > 39 > 36 > 32 > 28 > 24 > 21 > 17 > 13 > 10 > 6 > 2 > 39 > 35 > 31 > 27 > 24 > 20 > 16 > 12 > 8 > 5 > 1 > 37 > 33 > 30 > 26 > 22 > 19 > 15 > 11 > 8 > 4 > 40 > 36 > 32 > 28 > 24 > 19 > 15 > 11 > 7 > 3 > 39 > 36 > 32 > 29 > 25 > 21 > 18 > 14 > 11 > 7 > 3 > 39 > 35 > 30 > 26 > 22 > 18 > 14 > 10 > 7 > 3 > 39 > 35 > 31 > 27 > 23 > 20 > 16 > 12 > 8 > 5 > 1 > 37 > 34 > 29 > 25 > 21 > 17 > 14 > 10 > 6 > 2 > 38 > 34 > 30 > 27 > 23 > 20 > 16 > 13 > 9 > 5 > 2 > 38 > 34 > 31 > 26 > 22 > 18 > 14 > 11 > 7 > 4 > 40 > 36 > 33 > 29 > 25 > 22 > 18 > 14 > 10 > 7 > 3 > 39 > 35 > 31 > 28 > 24 > 20 > 16 > 12 > 8 > 5 > 1 > 37 > 34 > 30 > 26 > 23 > 19 > 15 > 11 > 7 > 4 > 40 > 36 > 32 > 28 > 24 > 19 > 16 > 12 > 8 > 5 > 1 > 37 > 34 > 30 > 26 > 23 > 19 > 16 > 12 > 8 > 4 > 1 > 37 > 33 > 29 > 25 > 21 > 17 > 13 > 10 > 6 > 2 > 38 > 34 > 31 > 27 > 23 > 20 > 16 > 12 > 9 > 5 > 1 > 37 > 33 > 29 > 25 > 21 > 17 > 14 > 10 > 7 > 3 > 39 > 35 > 31 > 28 > 24 > 20 > 17 > 13 > 9 > 5 > 2 > 38 > 34 > 30 > 26 > 23 > 19 > 15 > 12 > 8 > 4 > 40 > 36 > 33 > 29 > 25 > 22 > 18 > 14 > 11 > 7 > 3 > 40 > 36 > 31 > 27 > 24 > 19 > 16 > 12 > 8 > 4 > 1 > 37 > 33 > 30 > 26 > 22 > 19 > 15 > 11 > 7 > 2 > 38 > 34 > 30 > 26 > 22 > 18 > 14 > 9 > 6 > 2 > 38 > 35 > 31 > 27 > 23 > 20 > 16 > 12 > 8 > 5 > 1 > 37 > 32 > 29 > 25 > 21 > 17 > 13 > 10 > 6 > 2 > 38 > 34 > 31 > 27 > 24 > 20 > 16 > 12 > 8 > 5 > 1 > 37 > 33 > 29 > 26 > 22 > 18 > 14 > 11 > 7 > 3 > 40 > 36 > 32 > 29 > 25 > 19 > 15 > 11 > 8 > 4 > 40 > 36 > 31 > 28 > 23 > 19 > 16 > 12 > 7 > 2 > 38 > 34 > 29 > 25 > 21 > 17 > 13 > 10 > 6 > 2 > 38 > 34 > 30 > 26 > 23 > 18 > 15 > 11 > 7 > 3 > 39 > 36 > 32 > 28 > 25 > 21 > 18 > 14 > 10 > 7 > 3 > 40 > 36 > 32 > 28 > 24 > 20 > 16 > 13 > 9 > 5 > 2 > 38 > 34 > 31 > 27 > 23 > 20 > 16 > 13 > 9 > 5 > 1 > 37 > 33 > 29 > 25 > 22 > 18 > 13 > 10 > 6 > 3 > 39 > 35 > 31 > 27 > 24 > 19 > 16 > 12 > 8 > 5 > 1 > 38 > 34 > 30 > 26 > 22 > 18 > 15 > 11 > 7 > 3 > 39 > 35 > 31 > 28 > 24 > 21 > 17 > 13 > 10 > 6 > 2 > 39 > 35 > 31 > 27 > 23 > 19 > 15 > 11 > 8 > 4 > 1 > 37 > 33 > 29 > 25 > 22 > 18 > 15 > 11 > 7 > 4 > 40 > 36 > 32 > 28 > 24 > 20 > 16 > 12 > 8 > 5 > 1 > 38 > 34 > 30 > 26 > 23 > 19 > 15 > 11 > 8 > 4 > 1 > 37 > 33 > 30 > 26 > 21 > 18 > 14 > 10 > 6 > 3 > 39 > 35 > 32 > 28 > 24 > 21 > 17 > 13 > 10 > 6 > 2 > 39 > 35 > 31 > 27 > 23 > 19 > 15 > 11 > 7 > 3 > 40 > 36 > 32 > 29 > 25 > 21 > 18 > 14 > 10 > 6 > 2 > 39 > 35 > 30 > 25 > 21 > 16 > 12 > 9 > 5 > 2 > 38 > 34 > 30 > 25 > 21 > 18 > 14 > 11 > 7 > 3 > 40 > 36 > 32 > 28 > 24 > 20 > 17 > 13 > 9 > 6 > 2 > 38 > 34 > 31 > 27 > 23 > 20 > 16 > 13 > 9 > 6 > 2 > 39 > 35 > 31 > 28 > 24 > 20 > 16 > 12 > 8 > 4 > 1 > 37 > 34 > 30 > 27 > 23 > 19 > 15 > 12 > 8 > 4 > 40 > 37 > 33 > 29 > 26 > 21 > 18 > 14 > 10 > 6 > 3 > 39 > 35 > 31 > 27 > 23 > 19 > 16 > 12 > 8 > 5 > 1 > 37 > 34 > 30 > 26 > 22 > 18 > 14 > 10 > 7 > 3 > 39 > 36 > 32 > 29 > 25 > 21 > 18 > 14 > 10 > 7 > 3 > 40 > 36 > 32 > 29 > 24 > 20 > 16 > 13 > 9 > 5 > 2 > 38 > 34 > 30 > 26 > 23 > 19 > 16 > 12 > 8 > 4 > 1 > 37 > 34 > 30 > 26 > 22 > 17 > 13 > 10 > 6 > 2 > 39 > 35 > 31 > 28 > 24 > 20 > 17 > 13 > 9 > 6 > 2 > 39 > 35 > 31 > 27 > 23 > 19 > 15 > 11 > 8 > 4 > 40 > 36 > 33 > 29 > 25 > 22 > 18 > 14 > 10 > 7 > 3 > 39 > 36 > 32 > 28 > 23 > 20 > 16 > 12 > 9 > 5 > 2 > 38 > 34 > 30 > 26 > 22 > 19 > 16 > 12 > 8 > 4 > 40 > 36 > 33 > 29 > 25 > 21 > 17 > 13 > 10 > 6 > 2 > 39 > 35 > 32 > 28 > 24 > 20 > 17 > 13 > 10 > 6 > 2 > 39 > 35 > 31 > 27 > 24 > 20 > 16 > 13 > 9 > 5 > 1 > 37 > 33 > 30 > 26 > 23 > 19 > 15 > 12 > 8 > 5 > 1 > 37 > 33 > 29 > 25 > 21 > 18 > 14 > 10 > 7 > 3 > 40 > 36 > 32 > 29 > 25 > 22 > 18 > 14 > 11 > 7 > 4 > 40 > 36 > 32 > 28 > 23 > 19 > 16 > 12 > 9 > 5 > 1 > 38 > 34 > 31 > 27 > 23 > 20 > 16 > 12 > 9 > 5 > 1 > 38 > 34 > 30 > 26 > 22 > 17 > 13 > 10 > 6 > 2 > 38 > 35 > 31 > 27 > 24 > 20 > 16 > 13 > 9 > 5 > 1 > 38 > 33 > 29 > 25 > 21 > 17 > 14 > 10 > 7 > 3 > 39 > 36 > 32 > 28 > 25 > 21 > 18 > 14 > 10 > 6 > 2 > 38 > 34 > 31 > 27 > 23 > 20 > 16 > 12 > 8 > 4 > 1 > 37 > 33 > 30 > 25 > 21 > 17 > 14 > 10 > 7 > 3 > 39 > 35 > 31 > 26 > 22 > 19 > 15 > 11 > 8 > 4 > 40 > 37 > 33 > 30 > 26 > 23 > 19 > 16 > 12 > 8 > 5 > 1 > 37 > 33 > 29 > 24 > 21 > 16 > 13 > 9 > 5 > 2 > 38 > 34 > 31 > 27 > 23 > 20 > 16 > 12 > 9 > 5 > 1 > 36 > 32 > 28 > 24 > 21 > 17 > 14 > 10 > 6 > 2 > 39 > 35 > 32 > 28 > 24 > 21 > 17 > 14 > 10 > 6 > 3 > 39 > 35 > 31 > 27 > 23 > 19 > 16 > 12 > 8 > 4 > 40 > 35 > 32 > 28 > 24 > 20 > 16 > 12 > 8 > 5 > 1 > 37 > 33 > 30 > 26 > 21 > 17 > 13 > 10 > 6 > 3 > 39 > 35 > 32 > 28 > 24 > 21 > 17 > 14 > 10 > 6 > 2 > 38 > 34 > 30 > 26 > 23 > 19 > 15 > 11 > 8 > 4 > 1 > 37 > 33 > 30 > 26 > 23 > 19 > 15 > 12 > 8 > 5 > 1 > 37 > 34 > 30 > 26 > 22 > 18 > 15 > 11 > 8 > 4 > 40 > 36 > 32 > 28 > 25 > 20 > 17 > 13 > 10 > 6 > 2 > 38 > 33 > 29 > 25 > 21 > 17 > 14 > 9 > 5 > 2 > 38 > 34 > 30 > 26 > 22 > 18 > 14 > 11 > 7 > 3 > 39 > 35 > 31 > 26 > 21 > 17 > 13 > 10 > 6 > 3 > 39 > 35 > 32 > 28 > 25 > 21 > 17 > 13 > 10 > 6 > 2 > 39 > 34 > 30 > 26 > 22 > 18 > 15 > 11 > 8 > 4 > 40 > 36 > 33 > 29 > 26 > 22 > 18 > 15 > 11 > 8 > 4 > 40 > 37 > 33 > 29 > 25 > 20 > 16 > 13 > 9 > 5 > 2 > 38 > 35 > 31 > 28 > 24 > 21 > 17 > 13 > 10 > 6 > 3 > 39 > 35 > 31 > 27 > 23 > 20 > 16 > 12 > 9 > 5 > 2 > 38 > 35 > 31 > 27 > 24 > 20 > 16 > 11 > 8 > 3 > 39 > 35 > 31 > 26 > 22 > 18 > 15 > 11 > 7 > 3 > 39 > 36 > 32 > 29 > 25 > 22 > 18 > 14 > 11 > 7 > 4 > 40 > 35 > 31 > 28 > 24 > 20 > 16 > 13 > 9 > 5 > 2 > 38 > 35 > 31 > 27 > 23 > 19 > 16 > 12 > 8 > 4 > 1 > 37 > 32 > 28 > 25 > 21 > 16 > 12 > 9 > 5 > 2 > 38 > 34 > 30 > 27 > 23 > 20 > 16 > 12 > 9 > 5 > 2 > 38 > 34 > 30 > 26 > 22 > 19 > 15 > 12 > 8 > 4 > 1 > 37 > 33 > 30 > 26 > 23 > 19 > 15 > 12 > 8 > 4 > 1 > 36 > 32 > 28 > 24 > 21 > 17 > 14 > 10 > 6 > 3 > 39 > 35 > 32 > 28 > 24 > 21 > 17 > 14 > 10 > 6 > 3 > 39 > 35 > 31 > 28 > 24 > 21 > 17 > 13 > 9 > 6 > 2 > 39 > 35 > 31 > 28 > 24 > 20 > 17 > 13 > 10 > 6 > 2 > 39 > 34 > 31 > 27 > 23 > 19 > 16 > 12 > 8 > 4 > 40 > 37 > 33 > 30 > 26 > 23 > 19 > 15 > 12 > 8 > 4 > 40 > 36 > 33 > 29 > 25 > 21 > 17 > 14 > 10 > 6 > 2 > 39 > 35 > 32 > 28 > 25 > 21 > 17 > 14 > 10 > 7 > 3 > 39 > 35 > 31 > 27 > 24 > 20 > 16 > 13 > 9 > 5 > 40 > 35 > 31 > 27 > 23 > 19 > 16 > 12 > 8 > 5 > 1 > 37 > 34 > 30 > 26 > 22 > 18 > 14 > 11 > 7 > 4 > 40 > 37 > 33 > 30 > 26 > 23 > 19 > 15 > 12 > 8 > 5 > 1 > 37 > 33 > 30 > 26 > 22 > 19 > 15 > 12 > 8 > 4 > 1 > 37 > 33 > 30 > 26 > 23 > 19 > 15 > 12 > 8 > 5 > 40 > 36 > 32 > 28 > 24 > 21 > 18 > 14 > 11 > 7 > 4 > 39 > 36 > 32 > 28 > 25 > 21 > 17 > 14 > 10 > 6 > 3 > 39 > 35 > 31 > 28 > 24 > 20 > 17 > 13 > 10 > 5 > 2 > 38 > 34 > 31 > 27 > 23 > 20 > 16 > 13 > 9 > 6 > 2 > 38 > 34 > 29 > 25 > 21 > 18 > 14 > 11 > 7 > 3 > 40 > 36 > 33 > 29 > 25 > 21 > 18 > 14 > 10 > 6 > 2 > 39 > 34 > 30 > 26 > 23 > 19 > 16 > 12 > 9 > 5 > 2 > 38 > 34 > 31 > 27 > 24 > 20 > 16 > 13 > 9 > 6 > 2 > 38 > 34 > 30 > 26 > 22 > 19 > 15 > 12 > 8 > 4 > 40 > 36 > 33 > 29 > 25 > 22 > 18 > 14 > 11 > 7 > 3 > 39 > 35 > 31 > 27 > 23 > 19 > 15 > 11 > 8 > 4 > 40 > 36 > 32 > 28 > 24 > 20 > 16 > 12 > 7 > 3 > 39 > 34 > 30 > 26 > 22 > 17 > 13 > 9 > 5 > 1 > 37 > 33 > 28 > 24 > 20 > 16 > 12 > 8 > 4 > 40 > 36 > 32 > 27 > 23 > 18 > 14 > 10 > 6 > 2 > 38 > 33 > 29 > 25 > 21 > 17 > 13 > 8 > 4 > 39 > 36 > 31 > 26 > 21 > 16 > 12 > 7 > 3 > 38 > 34 > 30 > 26 > 22 > 18 > 14 > 9 > 5 > 1 > 36 > 32 > 28 > 23 > 19 > 15 > 11 > 7 > 2 > 38 > 35 > 31 > 27 > 23 > 19 > 15 > 11 > 7 > 3 > 39 > 36 > 32 > 28 > 24 > 20 > 16 > 11 > 6 > 2 > 37 > 32 > 28 > 24 > 20 > 16 > 13 > 9 > 5 > 1 > 38 > 33 > 30 > 26 > 22 > 17 > 13 > 9 > 5 > 1 > 38 > 34 > 30 > 27 > 22 > 19 > 15 > 10 > 7 > 3 > 39 > 35 > 32 > 28 > 24 > 19 > 15 > 10 > 6 > 2 > 38 > 35 > 31 > 27 > 23 > 19 > 16 > 12 > 9 > 5 > 1 > 38 > 34 > 30 > 27 > 23 > 19 > 15 > 11 > 7 > 3 > 39 > 35 > 31 > 28 > 24 > 21 > 17 > 13 > 9 > 6 > 2 > 38 > 35 > 31 > 28 > 24 > 19 > 15 > 11 > 7 > 4 > 40 > 37 > 33 > 29 > 26 > 22 > 18 > 15 > 11 > 8 > 4 > 40 > 37 > 33 > 30 > 26 > 22 > 18 > 14 > 11 > 7 > 3 > 39 > 36 > 32 > 29 > 25 > 21 > 17 > 13 > 10 > 6 > 3 > 39 > 35 > 32 > 28 > 25 > 21 > 17 > 13 > 9 > 5 > 1 > 37 > 34 > 30 > 27 > 23 > 19 > 16 > 12 > 9 > 5 > 1 > 38 > 35 > 31 > 27 > 23 > 20 > 16 > 12 > 8 > 4 > 40 > 37 > 33 > 29 > 26 > 22 > 19 > 15 > 11 > 8 > 4 > 40 > 37 > 33 > 29 > 26 > 22 > 18 > 14 > 10 > 7 > 3 > 40 > 36 > 32 > 28 > 25 > 21 > 17 > 14 > 10 > 6 > 3 > 39 > 36 > 32 > 28 > 24 > 20 > 16 > 13 > 9 > 5 > 2 > 38 > 34 > 30 > 27 > 23 > 19 > 16 > 11 > 7 > 3 > 39 > 35 > 31 > 27 > 23 > 18 > 14 > 10 > 6 > 3 > 39 > 35 > 32 > 28 > 25 > 21 > 17 > 14 > 10 > 6 > 3 > 39 > 35 > 32 > 28 > 25 > 21 > 17 > 13 > 9 > 6 > 2 > 39 > 35 > 31 > 28 > 24 > 20 > 17 > 13 > 10 > 6 > 2 > 39 > 35 > 31 > 28 > 24 > 19 > 15 > 11 > 6 > 3 > 39 > 36 > 32 > 28 > 24 > 20 > 17 > 13 > 9 > 5 > 2 > 38 > 35 > 31 > 27 > 23 > 18 > 14 > 11 > 7 > 4 > 40 > 36 > 32 > 29 > 25 > 21 > 17 > 14 > 10 > 6 > 2 > 39 > 35 > 31 > 28 > 24 > 20 > 16 > 12 > 8 > 5 > 1 > 37 > 34 > 30 > 26 > 22 > 18 > 15 > 10 > 5 > 40 > 35 > 31 > 26 > 22 > 18 > 14 > 10 > 6 > 2 > 39 > 35 > 31 > 28 > 24 > 21 > 17 > 13 > 9 > 6 > 2 > 38 > 35 > 31 > 26 > 22 > 18 > 14 > 11 > 7 > 4 > 40 > 36 > 30 > 25 > 20 > 15 > 9 > 4 > 40 > 37 > 33 > 29 > 25 > 21 > 18 > 13 > 10 > 6 > 3 > 39 > 35 > 32 > 28 > 24 > 20 > 17 > 13 > 9 > 6 > 3 > 39 > 35 > 31 > 28 > 23 > 19 > 16 > 11 > 8 > 4 > 40 > 37 > 33 > 29 > 25 > 22 > 18 > 14 > 10 > 6 > 3 > 39 > 36 > 32 > 29 > 23 > 19 > 15 > 11 > 7 > 4 > 40 > 36 > 33 > 29 > 25 > 22 > 18 > 15 > 11 > 7 > 4 > 40 > 36 > 33 > 29 > 25 > 22 > 18 > 13 > 9 > 5 > 2 > 37 > 34 > 30 > 26 > 22 > 19 > 13 > 8 > 2 > 38 > 34 > 31 > 27 > 23 > 19 > 16 > 12 > 7 > 4 > 40 > 36 > 32 > 27 > 23 > 18 > 14 > 11 > 7 > 3 > 39 > 36 > 32 > 28 > 23 > 19 > 15 > 12 > 8 > 4 > 40 > 33 > 28 > 23 > 18 > 14 > 10 > 6 > 2 > 38 > 34 > 30 > 29 > 37 > 35 > 21 > 8 > 40 > 31 > 22 > 13 > 8 > 3 > 38 > 34 > 29 > 22 > 18 > 14 > 9 > 2 > 36 > 29 > 21 > 11 > 5 > 1 > 37 > 33 > 28 > 20 > 16 > 12 > 7 > 1 > 35 > 27 > 21 > 15 > 8 > 3 > 36 > 32 > 28 > 24 > 20 > 16 > 12 > 8 > 4 > 40 > 37 > 33 > 29 > 24 > 20 > 16 > 11 > 6 > 2 > 35 > 27 > 21 > 13 > 4 > 39 > 35 > 31 > 27 > 23 > 18 > 14 > 9 > 4 > 36 > 29 > 23 > 16 > 10 > 4 > 38 > 34 > 29 > 24 > 19 > 12 > 8 > 4 > 39 > 35 > 27 > 20 > 13 > 6 > 40 > 36 > 31 > 27 > 23 > 19 > 15 > 10 > 6 > 39 > 30 > 22 > 16 > 9 > 5 > 1 > 37 > 33 > 29 > 25 > 21 > 17 > 14 > 11 > 6 > 1 > 36 > 31 > 26 > 21 > 17 > 12 > 8 > 4 > 40 > 36 > 31 > 27 > 23 > 19 > 14 > 10 > 5 > 40 > 35 > 31 > 26 > 22 > 18 > 14 > 10 > 6 > 1 > 37 > 33 > 28 > 24 > 20 > 15 > 11 > 5 > 38 > 37 > 34 > 0 > 40 > 38 > 35 > 0 > 32 > 23 > 14,0,8 > 24 > 0 > 24 > 0 > 24 > 0 > 24 > 0 > 24 > 0 > 24 > 8 > 0 > 128 > 160 > 168 > 160 > 168 > 160 > 168 > 160 > 168 > 160 > 168 > 160 > 168 > 160 > 168 > 160 > 168 > 160 > 168 > 160 > 168 > 160 > 168 > 160 > 168 > 160 > 168 > 160 > 168 > 160 > 168 > 160 > 168 > 160 > 168 > 160 > 168 > 8 > 0 > 8 > 0 > 8 > 0 > 8 > 40 > 168 > 8 > 160 > 168,0 > 64 > 192 > 0 > 1 > 0 > 64 > 192 > 193 > 1 > 0 > 1,4 > 0 > 4 > 0 > 4 > 0 > 128 > 0 > 4 > 0,0,+0x1228 secondary reaction timer observed; +0x1210 held instead of decrementing on one or more sampled frames
2026-07-26T21:49:09Z,4183,4532,349,P2-C1,P2,0x927EB9E0,1,Ken the Eagle,hit,64,Standing Hitstun,1,Action 1,64 Standing Hitstun > 91 Soft Knockdown > 160 Air Recovery > 30 Action 30 > 1 Action 1 > 64 Standing Hitstun > 66 Low Hitstun > 64 Standing Hitstun > 96 Soft Knockdown > 91 Soft Knockdown > 81 Bounce Launch > 82 Bounce Off > 91 Soft Knockdown > 80 Hard Knockdown > 73 Knockdown Face Up > 113 Get Up Face Up > 1 Action 1 > 65 Overhead Hitstun > 1 Action 1,hitstun > knockdown > air_recovery > hitstun > knockdown > wakeup > hitstun > neutral,0,0,21,21,255488,4,0,326,True,True,True,19,104,24,349,0x00000000,0 > 39 > 38 > 28 > 22 > 18 > 14 > 10 > 6 > 1 > 38 > 33 > 29 > 0 > 37 > 30 > 26 > 22 > 37 > 33 > 22 > 16 > 11 > 1 > 32 > 22 > 11 > 3 > 34 > 24 > 15 > 9 > 40 > 33 > 27 > 23 > 15 > 10 > 5 > 40 > 35 > 29 > 23 > 18 > 14 > 10 > 5 > 40 > 36 > 32 > 27 > 23 > 19 > 7 > 37 > 30 > 21 > 16 > 12 > 7 > 3 > 35 > 26 > 19 > 11 > 3 > 34 > 30 > 26 > 22 > 15 > 9 > 3 > 38 > 34 > 30 > 22 > 15 > 7 > 40 > 30 > 25 > 21 > 16 > 12 > 7 > 3 > 38 > 32 > 28 > 20 > 11 > 2 > 33 > 26 > 19 > 11 > 1 > 33 > 24 > 16 > 12 > 7 > 2 > 36 > 32 > 28 > 23 > 18 > 9 > 1 > 34 > 26 > 19 > 14 > 9 > 5 > 37 > 33 > 29 > 25 > 21 > 17 > 7 > 37 > 30 > 22 > 12 > 2 > 38 > 33 > 28 > 22 > 17 > 13 > 9 > 5 > 40 > 36 > 32 > 28 > 23 > 19 > 13 > 8 > 3 > 38 > 32 > 28 > 22 > 16 > 11 > 7 > 3 > 39 > 35 > 31 > 27 > 24 > 20 > 16 > 12 > 7 > 3 > 39 > 36 > 32 > 28 > 24 > 21 > 17 > 13 > 10 > 6 > 2 > 39 > 35 > 31 > 27 > 24 > 19 > 15 > 11 > 6 > 39 > 33 > 27 > 23 > 18 > 14 > 10 > 6 > 2 > 38 > 33 > 29 > 25 > 21 > 17 > 13 > 8 > 4 > 1 > 36 > 33 > 29 > 25 > 21 > 18 > 14 > 10 > 5 > 1 > 36 > 32 > 25 > 21 > 17 > 12 > 8 > 4 > 40 > 36 > 32 > 28 > 23 > 19 > 15 > 11 > 7 > 3 > 39 > 30 > 23 > 16 > 7 > 40 > 36 > 32 > 28 > 24 > 20 > 15 > 11 > 7 > 2 > 34 > 28 > 19 > 11 > 4 > 40 > 35 > 0 > 40 > 33 > 29 > 24,0,40 > 0 > 8 > 0 > 8 > 40 > 160 > 168 > 0 > 8 > 0 > 8 > 0 > 8 > 0 > 8 > 0 > 8 > 0 > 8 > 0 > 160 > 168 > 160 > 168 > 160 > 168 > 160 > 168 > 160 > 168 > 160 > 168 > 160 > 168 > 160 > 168 > 160 > 168 > 160 > 168 > 160 > 168 > 160 > 168 > 160 > 168 > 40 > 8 > 0 > 160 > 168,1 > 0 > 64 > 192 > 193 > 1 > 0 > 64 > 192 > 64 > 192 > 64 > 192 > 64 > 192 > 64 > 192 > 64 > 192 > 64 > 192 > 64 > 192 > 64 > 192 > 0 > 1 > 0 > 1,4 > 0 > 128 > 0 > 4 > 0 > 4 > 0 > 4 > 0,0,+0x1228 secondary reaction timer observed; +0x1210 held instead of decrementing on one or more sampled frames
2026-07-26T21:49:10Z,4534,4542,8,P2-C1,P2,0x927EB9E0,1,Ken the Eagle,hit,1,Action 1,1,Action 1,1 Action 1 > 65 Overhead Hitstun > 1 Action 1,hitstun > neutral,0,0,21,20,0,0,2,1,False,False,False,,,,8,0x00000000,0 > 38 > 34 > 27,0,168 > 8 > 0 > 160,1 > 0 > 1,0 > 4 > 0,0,+0x1228 secondary reaction timer observed; +0x1210 held instead of decrementing on one or more sampled frames
2026-07-26T21:49:48Z,5059,5066,7,P2-C1,P2,0x927EB9E0,1,Ken the Eagle,hit,64,Standing Hitstun,1,Action 1,64 Standing Hitstun > 1 Action 1,hitstun > neutral,0,0,21,20,0,0,0,1,False,False,False,,,,7,0x00000000,0 > 30 > 25 > 20,0,8 > 0 > 160,0 > 1,4 > 0,0,+0x1228 secondary reaction timer observed; +0x1210 held instead of decrementing on one or more sampled frames
2026-07-26T22:19:56Z,118,140,22,P2-C1,P2,0x927EB9E0,1,Ken the Eagle,hit,96,Soft Knockdown,1,Action 1,96 Soft Knockdown > 102 Knockdown Face Up > 113 Get Up Face Up > 1 Action 1 > 64 Standing Hitstun > 1 Action 1,knockdown > wakeup > hitstun > neutral,0,0,21,20,255232,4,0,16,True,True,False,0,11,,22,0x00000000,0 > 38 > 30 > 23 > 0 > 37 > 32 > 24,0,8 > 0 > 8 > 0 > 8 > 168 > 160,64 > 192 > 0 > 1,0 > 4 > 0 > 4 > 0,0,+0x1228 secondary reaction timer observed; +0x1210 held instead of decrementing on one or more sampled frames
2026-07-26T22:20:01Z,144,184,40,P2-C1,P2,0x927EB9E0,1,Ken the Eagle,hit,80,Hard Knockdown,1,Action 1,80 Hard Knockdown > 73 Knockdown Face Up > 113 Get Up Face Up > 1 Action 1 > 64 Standing Hitstun > 1 Action 1,knockdown > wakeup > hitstun > neutral,0,0,21,20,255488,4,0,35,True,True,False,0,21,,40,0x00000000,0 > 33 > 25 > 38 > 34 > 30 > 25 > 21 > 16 > 12 > 8 > 3 > 38 > 27 > 0 > 38 > 33 > 29,0,40 > 8 > 0 > 168 > 160 > 168 > 8 > 168 > 160,65 > 64 > 192 > 64 > 192 > 0 > 1 > 0 > 1,0 > 4 > 0 > 4 > 0,0,+0x1228 secondary reaction timer observed; +0x1210 held instead of decrementing on one or more sampled frames
2026-07-26T22:20:18Z,204,358,154,P2-C1,P2,0x927EB9E0,1,Ken the Eagle,hit,81,Bounce Launch,1,Action 1,81 Bounce Launch > 82 Bounce Off > 91 Soft Knockdown > 97 Launched > 160 Air Recovery > 30 Action 30 > 1 Action 1 > 97 Launched > 160 Air Recovery > 30 Action 30 > 1 Action 1 > 4609 Action 4609 > 102 Knockdown Face Up > 113 Get Up Face Up > 1 Action 1 > 64 Standing Hitstun > 1 Action 1 > 64 Standing Hitstun > 1 Action 1,knockdown > hitstun > air_recovery > hitstun > air_recovery > hitstun > knockdown > wakeup > hitstun > neutral > hitstun > neutral,0,0,21,21,255488,4,0,141,True,True,True,0,132,22,154,0x00000000,0 > 36 > 39 > 0 > 37 > 32 > 28 > 38 > 34 > 29 > 25 > 21 > 17 > 13 > 9 > 5 > 40 > 36 > 32 > 24 > 18 > 14 > 9 > 5 > 0 > 37 > 33 > 29 > 24 > 40 > 34 > 30 > 24 > 19 > 0 > 40 > 32 > 0 > 28 > 21 > 16,0,40 > 8 > 0 > 32 > 40 > 168 > 40 > 8 > 0 > 32 > 160 > 168 > 0 > 8 > 0 > 160 > 168 > 40 > 8 > 168 > 8 > 160 > 168,65 > 64 > 192 > 64 > 192 > 64 > 192 > 193 > 1 > 0 > 192 > 64 > 192 > 193 > 1 > 0 > 192 > 0 > 1 > 0 > 1 > 0 > 1,0 > 128 > 0 > 128 > 0 > 36 > 4 > 0 > 4 > 0 > 4 > 0 > 4 > 0,0,+0x1228 secondary reaction timer observed; +0x1210 held instead of decrementing on one or more sampled frames
2026-07-26T22:20:30Z,474,480,6,P2-C1,P2,0x927EB9E0,1,Ken the Eagle,hit,65,Overhead Hitstun,1,Action 1,65 Overhead Hitstun > 1 Action 1,hitstun > neutral,0,0,21,20,0,0,0,0,False,False,False,,,,6,0x00000000,0 > 40 > 33 > 28 > 24,0,8 > 0 > 8 > 168,0 > 1,4 > 0,0,+0x1228 secondary reaction timer observed
2026-07-26T22:24:01Z,3609,3637,28,P2-C1,P2,0x927EB9E0,1,Ken the Eagle,hit,81,Bounce Launch,1,Action 1,81 Bounce Launch > 82 Bounce Off > 92 Hard Knockdown > 104 Knockdown Face Down > 119 Get Up Face Down > 1 Action 1 > 64 Standing Hitstun > 1 Action 1,knockdown > wakeup > hitstun > neutral,0,0,21,20,255488,4,0,23,True,True,False,0,15,,28,0x00000000,0 > 37 > 33 > 29 > 25 > 0 > 37 > 33 > 29 > 25 > 0 > 37 > 27 > 19,0,8 > 0 > 128 > 160 > 168 > 40 > 8 > 136 > 160,64 > 192 > 0 > 1 > 0 > 1,0 > 4 > 0 > 4 > 0,0,+0x1228 secondary reaction timer observed; +0x1210 held instead of decrementing on one or more sampled frames
2026-07-26T22:24:03Z,3647,3652,5,P2-C1,P2,0x927EB9E0,1,Ken the Eagle,hit,66,Low Hitstun,1,Action 1,66 Low Hitstun > 1 Action 1,hitstun > neutral,0,0,17,16,0,0,0,0,False,False,False,,,,5,0x00000000,0 > 38 > 30 > 22 > 13,0,8 > 160,0 > 1,4 > 0,0,+0x1228 secondary reaction timer observed
2026-07-26T22:24:27Z,3662,3887,225,P2-C1,P2,0x927EB9E0,1,Ken the Eagle,hit,80,Hard Knockdown,1,Action 1,80 Hard Knockdown > 73 Knockdown Face Up > 113 Get Up Face Up > 1 Action 1 > 64 Standing Hitstun > 80 Hard Knockdown > 73 Knockdown Face Up > 113 Get Up Face Up > 1 Action 1 > 64 Standing Hitstun > 91 Soft Knockdown > 160 Air Recovery > 30 Action 30 > 1 Action 1 > 64 Standing Hitstun > 1 Action 1 > 91 Soft Knockdown > 160 Air Recovery > 30 Action 30 > 1 Action 1 > 32 Action 32 > 1 Action 1 > 64 Standing Hitstun > 1 Action 1,knockdown > wakeup > hitstun > knockdown > wakeup > hitstun > knockdown > air_recovery > hitstun > neutral > knockdown > air_recovery > hitstun > neutral,0,0,21,21,255488,4,8,187,True,True,True,0,15,120,225,0x00000000,0 > 35 > 27 > 39 > 33 > 30 > 26 > 22 > 0 > 37 > 29 > 24 > 38 > 34 > 30 > 25 > 21 > 16 > 12 > 8 > 3 > 39 > 35 > 30 > 26 > 21 > 12 > 5 > 3 > 2 > 37 > 0 > 38 > 30 > 24 > 20 > 15 > 7 > 1 > 36 > 32 > 28 > 23 > 19 > 9 > 3 > 37 > 31 > 26 > 21 > 17 > 12 > 8 > 3 > 38 > 34 > 26 > 14 > 5 > 37 > 27 > 20 > 15 > 8 > 3 > 38 > 0 > 40 > 27 > 15 > 0 > 40 > 0 > 32 > 27 > 23 > 19 > 14 > 10 > 5 > 1 > 37 > 33 > 28 > 22 > 16 > 10 > 6 > 2 > 38 > 33 > 28 > 24 > 19 > 15 > 10 > 3 > 32 > 39 > 40 > 31 > 24 > 19 > 15 > 10 > 6 > 1 > 37 > 33 > 28 > 24 > 20 > 15 > 10 > 5 > 0 > 37 > 29 > 21,0,8 > 0 > 168 > 40 > 8 > 24 > 0 > 24 > 0 > 24 > 0 > 24 > 16 > 0 > 24 > 8 > 0 > 160 > 168 > 8 > 0 > 8 > 0 > 8 > 32 > 160 > 168 > 160 > 168 > 40 > 8 > 160 > 8 > 40 > 32 > 160 > 168 > 48 > 160 > 168 > 8 > 0 > 160,64 > 192 > 0 > 1 > 0 > 64 > 192 > 0 > 1 > 0 > 64 > 192 > 193 > 1 > 0 > 1 > 64 > 192 > 193 > 1 > 0 > 1,0 > 4 > 0 > 4 > 0 > 4 > 0 > 4 > 0 > 128 > 0 > 4 > 0 > 128 > 0 > 4 > 0,0,+0x1228 secondary reaction timer observed; +0x1210 held instead of decrementing on one or more sampled frames
2026-07-26T22:24:45Z,4077,4086,9,P2-C1,P2,0x927EB9E0,1,Ken the Eagle,hit,1,Action 1,1,Action 1,1 Action 1 > 64 Standing Hitstun > 1 Action 1,hitstun > neutral,0,0,21,20,0,0,1,1,False,False,False,,,,9,0x00000000,0 > 40 > 33 > 26 > 22,0,0 > 8 > 0 > 160,0 > 1,0 > 4 > 0,0,+0x1228 secondary reaction timer observed; +0x1210 held instead of decrementing on one or more sampled frames
2026-07-26T22:25:15Z,4123,4376,253,P2-C1,P2,0x927EB9E0,1,Ken the Eagle,hit,1,Action 1,1,Action 1,1 Action 1 > 64 Standing Hitstun > 91 Soft Knockdown > 160 Air Recovery > 30 Action 30 > 1 Action 1 > 89 Spiral Knockdown > 102 Knockdown Face Up > 113 Get Up Face Up > 32 Action 32 > 1 Action 1 > 64 Standing Hitstun > 91 Soft Knockdown > 160 Air Recovery > 1 Action 1 > 64 Standing Hitstun > 1 Action 1,hitstun > knockdown > air_recovery > hitstun > knockdown > wakeup > hitstun > knockdown > air_recovery > hitstun > neutral,0,0,21,21,254976,4,2,228,True,True,True,13,58,19,253,0x00000000,0 > 40 > 38 > 37 > 27 > 21 > 16 > 12 > 8 > 4 > 40 > 35 > 31 > 27 > 23 > 14 > 8 > 4 > 40 > 36 > 32 > 28 > 23 > 19 > 13 > 0 > 39 > 34 > 31 > 38 > 0 > 37 > 32 > 25 > 17 > 9 > 36 > 20 > 14 > 9 > 3 > 36 > 25 > 17 > 11 > 2 > 34 > 25 > 16 > 11 > 6 > 1 > 34 > 24 > 18 > 13 > 9 > 2 > 35 > 29 > 25 > 20 > 14 > 9 > 4 > 39 > 33 > 27 > 22 > 17 > 13 > 11 > 9 > 0 > 38 > 39 > 34 > 30 > 24 > 18 > 12 > 39 > 29 > 20 > 9 > 38 > 32 > 28 > 23 > 17 > 10 > 5 > 40 > 36 > 31 > 23 > 16 > 11 > 5 > 40 > 33 > 26 > 21 > 17 > 12 > 8 > 4 > 39 > 35 > 31 > 27 > 18 > 13 > 8 > 4 > 39 > 34 > 30 > 26 > 22 > 15 > 11 > 7 > 3 > 39 > 35 > 31 > 27 > 23 > 18 > 14 > 9 > 5 > 1 > 36 > 32 > 28 > 23 > 18 > 14 > 10 > 6 > 1 > 34 > 29 > 25 > 21 > 17 > 12 > 8 > 4 > 39 > 35 > 30 > 22 > 14 > 9 > 4 > 40 > 36 > 0 > 32 > 23 > 14,0,0 > 8 > 0 > 8 > 40 > 160 > 168 > 8 > 0 > 8 > 0 > 32 > 160 > 168 > 160 > 168 > 0 > 8 > 40 > 168 > 160 > 168 > 160 > 168 > 160 > 168 > 160 > 168 > 160 > 168 > 40 > 8 > 136 > 160,0 > 64 > 192 > 193 > 1 > 64 > 192 > 0 > 1 > 0 > 64 > 192 > 193 > 1 > 0 > 1,0 > 4 > 0 > 128 > 0 > 4 > 0 > 4 > 0 > 128 > 0 > 4 > 0,0,+0x1228 secondary reaction timer observed; +0x1210 held instead of decrementing on one or more sampled frames
2026-07-26T22:25:28Z,4530,4538,8,P2-C1,P2,0x927EB9E0,1,Ken the Eagle,hit,1,Action 1,1,Action 1,1 Action 1 > 91 Soft Knockdown > 1 Action 1,hitstun > knockdown > neutral,0,0,21,20,0,5,0,4,True,False,False,1,,,8,0x00000000,0 > 40 > 35 > 30 > 25,0,0 > 8 > 168,0 > 64 > 192 > 1,0,0,+0x1228 secondary reaction timer observed; +0x1210 held instead of decrementing on one or more sampled frames
2026-07-26T22:35:49Z,14470,14479,9,P2-C1,P2,0x927EB9E0,1,Ken the Eagle,hit,64,Standing Hitstun,1,Action 1,64 Standing Hitstun > 1 Action 1,hitstun > neutral,0,0,21,20,0,0,0,2,False,False,False,,,,9,0x00000000,0 > 40 > 35 > 30 > 22,0,40 > 8 > 160,1 > 0 > 1,4 > 0,0,+0x1228 secondary reaction timer observed; +0x1210 held instead of decrementing on one or more sampled frames
2026-07-26T22:53:55Z,44,310,266,P2-C1,P2,0x927EB9E0,1,Ken the Eagle,hit,1,Action 1,1,Action 1,1 Action 1 > 80 Hard Knockdown > 73 Knockdown Face Up > 113 Get Up Face Up > 1 Action 1 > 65 Overhead Hitstun > 1 Action 1 > 64 Standing Hitstun > 66 Low Hitstun > 64 Standing Hitstun > 91 Soft Knockdown > 160 Air Recovery > 30 Action 30 > 1 Action 1 > 64 Standing Hitstun > 91 Soft Knockdown > 160 Air Recovery > 1 Action 1 > 64 Standing Hitstun > 1 Action 1,hitstun > knockdown > wakeup > hitstun > knockdown > air_recovery > hitstun > knockdown > air_recovery > hitstun > neutral,0,0,21,21,255488,6,1,235,True,True,True,85,98,162,266,0x00000000,37 > 27 > 15 > 4 > 36 > 27 > 21 > 17 > 12 > 8 > 40 > 36 > 31 > 27 > 22 > 15 > 8 > 1 > 32 > 25 > 18 > 11 > 4 > 39 > 35 > 31 > 27 > 23 > 18 > 9 > 3 > 37 > 30 > 22 > 13 > 9 > 5 > 39 > 34 > 30 > 24 > 14 > 9 > 2 > 36 > 30 > 23 > 17 > 12 > 8 > 38 > 35 > 30 > 26 > 21 > 16 > 12 > 4 > 37 > 30 > 20 > 11 > 5 > 40 > 35 > 30 > 26 > 21 > 16 > 12 > 4 > 35 > 29 > 22 > 15 > 9 > 40 > 35 > 31 > 26 > 0 > 37 > 33 > 29 > 26 > 22 > 38 > 34 > 30 > 25 > 21 > 17 > 13 > 8 > 4 > 40 > 36 > 31 > 26 > 19 > 15 > 11 > 2 > 38 > 34 > 30 > 26 > 21 > 0 > 38 > 31 > 27 > 22 > 38 > 34 > 30 > 25 > 20 > 16 > 12 > 10 > 8 > 0 > 39 > 29 > 23 > 19 > 15 > 11 > 7 > 3 > 38 > 34 > 30 > 26 > 22 > 14 > 8 > 4 > 39 > 35 > 30 > 26 > 22 > 18 > 13 > 9 > 5 > 1 > 36 > 32 > 28 > 24 > 18 > 12 > 6 > 40 > 35 > 30 > 26 > 16 > 10 > 3 > 0 > 40 > 32 > 24,0,160 > 168 > 160 > 168 > 160 > 168 > 160 > 168 > 160 > 168 > 160 > 168 > 160 > 168 > 160 > 168 > 160 > 168 > 160 > 168 > 0 > 8 > 0 > 160 > 168 > 160 > 168 > 8 > 0 > 8 > 0 > 8 > 0 > 8 > 0 > 8 > 40 > 32 > 160 > 168 > 40 > 0 > 8 > 0 > 8 > 40 > 160 > 168 > 0 > 8 > 168,1 > 0 > 64 > 192 > 0 > 1 > 0 > 64 > 193 > 1 > 0 > 64 > 192 > 193 > 1 > 0 > 1,0 > 4 > 0 > 4 > 0 > 4 > 0 > 128 > 0 > 4 > 0 > 128 > 0 > 4 > 0,0,+0x1228 secondary reaction timer observed; +0x1210 held instead of decrementing on one or more sampled frames
2026-07-26T22:53:56Z,313,322,9,P2-C1,P2,0x927EB9E0,1,Ken the Eagle,hit,1,Action 1,1,Action 1,1 Action 1 > 64 Standing Hitstun > 1 Action 1,hitstun > neutral,0,0,21,20,0,0,0,2,False,False,False,,,,9,0x00000000,0 > 39 > 31 > 18,0,0 > 8 > 0 > 128 > 168,0 > 1,0 > 4 > 0,0,+0x1228 secondary reaction timer observed; +0x1210 held instead of decrementing on one or more sampled frames
2026-07-26T22:53:58Z,330,337,7,P2-C1,P2,0x927EB9E0,1,Ken the Eagle,hit,1,Action 1,1,Action 1,1 Action 1 > 64 Standing Hitstun > 1 Action 1,hitstun > neutral,0,0,21,20,0,0,0,1,False,False,False,,,,7,0x00000000,0 > 38 > 32 > 27 > 24,0,0 > 8 > 168,0 > 1,0 > 4 > 0,0,+0x1228 secondary reaction timer observed; +0x1210 held instead of decrementing on one or more sampled frames
2026-07-26T22:53:59Z,344,350,6,P2-C1,P2,0x927EB9E0,1,Ken the Eagle,hit,64,Standing Hitstun,1,Action 1,64 Standing Hitstun > 1 Action 1,hitstun > neutral,0,0,21,20,0,0,0,0,False,False,False,,,,6,0x00000000,0 > 36 > 32 > 27,0,0 > 8 > 168,0 > 1,4 > 0,0,+0x1228 secondary reaction timer observed
2026-07-26T22:54:01Z,357,362,5,P2-C1,P2,0x927EB9E0,1,Ken the Eagle,hit,64,Standing Hitstun,1,Action 1,64 Standing Hitstun > 1 Action 1,hitstun > neutral,0,0,21,20,0,0,0,0,False,False,False,,,,5,0x00000000,0 > 34 > 27 > 23,0,8 > 168,0 > 1,4 > 0,0,+0x1228 secondary reaction timer observed
2026-07-26T22:54:02Z,367,373,6,P2-C1,P2,0x927EB9E0,1,Ken the Eagle,hit,1,Action 1,1,Action 1,1 Action 1 > 64 Standing Hitstun > 1 Action 1,hitstun > neutral,0,0,21,20,0,0,0,0,False,False,False,,,,6,0x00000000,0 > 38 > 30 > 26 > 23,0,0 > 168,0 > 1,0 > 4 > 0,0,+0x1228 secondary reaction timer observed
2026-07-26T22:54:16Z,443,531,88,P2-C1,P2,0x927EB9E0,1,Ken the Eagle,hit,1,Action 1,1,Action 1,1 Action 1 > 64 Standing Hitstun > 91 Soft Knockdown > 160 Air Recovery > 30 Action 30 > 1 Action 1 > 64 Standing Hitstun > 1 Action 1,hitstun > knockdown > air_recovery > hitstun > neutral,0,0,21,21,0,4,0,72,True,False,True,17,,22,88,0x00000000,30 > 0 > 39 > 38 > 27 > 21 > 16 > 12 > 7 > 3 > 39 > 35 > 31 > 27 > 23 > 15 > 8 > 4 > 40 > 35 > 30 > 26 > 22 > 17 > 13 > 8 > 4 > 36 > 30 > 26 > 21 > 17 > 13 > 9 > 5 > 1 > 37 > 33 > 28 > 24 > 20 > 16 > 11 > 7 > 3 > 39 > 34 > 30 > 26 > 21 > 17 > 13 > 8 > 4 > 39 > 35 > 30 > 21 > 15 > 0 > 37 > 32 > 26,0,168 > 8 > 0 > 8 > 0 > 8 > 40 > 160 > 168 > 8 > 0 > 8 > 168,1 > 0 > 64 > 192 > 193 > 1 > 0 > 1,0 > 4 > 0 > 128 > 0 > 4 > 0,0,+0x1228 secondary reaction timer observed; +0x1210 held instead of decrementing on one or more sampled frames
2026-07-26T22:54:47Z,550,840,290,P2-C1,P2,0x927EB9E0,1,Ken the Eagle,hit,89,Spiral Knockdown,1,Action 1,89 Spiral Knockdown > 102 Knockdown Face Up > 113 Get Up Face Up > 1 Action 1 > 64 Standing Hitstun > 91 Soft Knockdown > 160 Air Recovery > 1 Action 1 > 64 Standing Hitstun > 91 Soft Knockdown > 160 Air Recovery > 30 Action 30 > 1 Action 1 > 64 Standing Hitstun > 97 Launched > 160 Air Recovery > 30 Action 30 > 1 Action 1 > 64 Standing Hitstun > 1 Action 1,knockdown > wakeup > hitstun > knockdown > air_recovery > hitstun > knockdown > air_recovery > hitstun > air_recovery > hitstun > neutral,0,0,21,21,255232,6,3,252,True,True,True,0,10,81,290,0x00000000,0 > 40 > 35 > 31 > 26 > 38 > 33 > 25 > 18 > 10 > 4 > 37 > 29 > 21 > 15 > 7 > 1 > 29 > 23 > 16 > 10 > 3 > 37 > 32 > 23 > 19 > 14 > 9 > 5 > 1 > 37 > 32 > 28 > 25 > 22 > 0 > 39 > 35 > 31 > 26 > 18 > 14 > 9 > 5 > 1 > 36 > 31 > 27 > 22 > 21 > 18 > 0 > 40 > 39 > 34 > 24 > 14 > 8 > 1 > 36 > 31 > 27 > 21 > 15 > 9 > 5 > 1 > 37 > 33 > 29 > 24 > 19 > 14 > 9 > 4 > 37 > 29 > 25 > 21 > 17 > 13 > 9 > 4 > 40 > 36 > 32 > 28 > 24 > 19 > 10 > 5 > 40 > 36 > 31 > 26 > 22 > 17 > 13 > 9 > 3 > 38 > 27 > 20 > 14 > 6 > 38 > 33 > 27 > 22 > 16 > 9 > 2 > 37 > 31 > 26 > 22 > 17 > 12 > 8 > 3 > 38 > 32 > 24 > 16 > 10 > 1 > 35 > 30 > 25 > 20 > 16 > 11 > 7 > 2 > 37 > 33 > 28 > 25 > 19 > 0 > 39 > 40 > 36 > 30 > 24 > 19 > 14 > 9 > 37 > 31 > 17 > 8 > 40 > 34 > 29 > 24 > 19 > 14 > 8 > 3 > 39 > 34 > 25 > 16 > 8 > 37 > 32 > 26 > 0 > 31 > 24 > 17,0,8 > 0 > 8 > 160 > 168 > 160 > 168 > 160 > 168 > 8 > 0 > 8 > 40 > 168 > 160 > 168 > 40 > 0 > 8 > 0 > 8 > 0 > 8 > 40 > 168 > 160 > 168 > 160 > 168 > 8 > 0 > 8 > 0 > 32 > 160 > 168 > 160 > 0 > 160,64 > 192 > 0 > 1 > 0 > 64 > 192 > 193 > 1 > 0 > 64 > 192 > 193 > 1 > 0 > 64 > 192 > 193 > 1 > 0 > 1,0 > 4 > 0 > 4 > 0 > 128 > 0 > 4 > 0 > 128 > 0 > 4 > 0 > 128 > 0 > 4 > 0,0,+0x1228 secondary reaction timer observed; +0x1210 held instead of decrementing on one or more sampled frames
2026-07-26T23:11:18Z,0,178,178,P2-C1,P2,0x927EB9E0,1,Ken the Eagle,hit,1,Action 1,1,Action 1,1 Action 1 > 32 Action 32 > 1 Action 1 > 64 Standing Hitstun > 91 Soft Knockdown > 160 Air Recovery > 30 Action 30 > 1 Action 1 > 64 Standing Hitstun > 1 Action 1,hitstun > knockdown > air_recovery > hitstun > neutral,0,0,21,21,0,4,0,161,True,False,True,146,,152,178,0x00000000,11 > 35 > 25 > 17 > 12 > 8 > 4 > 39 > 33 > 28 > 24 > 19 > 14 > 10 > 6 > 2 > 38 > 34 > 30 > 26 > 22 > 18 > 14 > 9 > 5 > 1 > 36 > 29 > 23 > 18 > 12 > 7 > 2 > 36 > 31 > 26 > 21 > 17 > 8 > 4 > 39 > 35 > 31 > 27 > 23 > 19 > 14 > 10 > 6 > 1 > 37 > 33 > 28 > 24 > 20 > 15 > 11 > 6 > 2 > 38 > 34 > 29 > 24 > 20 > 15 > 10 > 5 > 1 > 36 > 32 > 28 > 23 > 19 > 15 > 11 > 6 > 2 > 38 > 34 > 29 > 25 > 21 > 17 > 13 > 8 > 4 > 39 > 35 > 30 > 26 > 18 > 14 > 9 > 4 > 40 > 36 > 31 > 26 > 22 > 38 > 0 > 37 > 32 > 27 > 22 > 14 > 10 > 6 > 1 > 37 > 32 > 28 > 24 > 20 > 17 > 15 > 0 > 40 > 39 > 35 > 25 > 19 > 13 > 8 > 3 > 38 > 34 > 29 > 24 > 20 > 12 > 5 > 0 > 37 > 32 > 27,0,160 > 168 > 160 > 128 > 160 > 168 > 160 > 176 > 56 > 184 > 168 > 160 > 168 > 8 > 0 > 8 > 0 > 8 > 40 > 160 > 168 > 160 > 0 > 8 > 168,1 > 0 > 1 > 0 > 64 > 192 > 193 > 1 > 0 > 1,0 > 4 > 0 > 128 > 0 > 4 > 0,0,+0x1228 secondary reaction timer observed; +0x1210 held instead of decrementing on one or more sampled frames
2026-07-26T23:11:20Z,184,193,9,P2-C1,P2,0x927EB9E0,1,Ken the Eagle,hit,1,Action 1,1,Action 1,1 Action 1 > 64 Standing Hitstun > 1 Action 1,hitstun > neutral,0,0,21,20,0,0,2,2,False,False,False,,,,9,0x00000000,0 > 33 > 28 > 23,0,0 > 8 > 168,0 > 1,0 > 4 > 0,0,+0x1228 secondary reaction timer observed; +0x1210 held instead of decrementing on one or more sampled frames
2026-07-26T23:11:24Z,236,243,7,P2-C1,P2,0x927EB9E0,1,Ken the Eagle,block,48,Block,1,Action 1,48 Block > 1 Action 1,blockstun > neutral,0,15,0,0,0,0,0,0,False,False,False,,,,7,0x00000000,0 > 35 > 30 > 40 > 36 > 32 > 28,0,32 > 0 > 160,1 > 0 > 1,0,0,
2026-07-26T23:11:26Z,262,270,8,P2-C1,P2,0x927EB9E0,1,Ken the Eagle,block,48,Block,1,Action 1,48 Block > 1 Action 1,blockstun > neutral,0,15,0,0,0,0,0,0,False,False,False,,,,8,0x00000000,0 > 37 > 31 > 27 > 36 > 31 > 26,0,0 > 160 > 168,0 > 1,0,0,
2026-07-26T23:11:28Z,281,288,7,P2-C1,P2,0x927EB9E0,1,Ken the Eagle,block,1,Action 1,1,Action 1,1 Action 1 > 48 Block > 1 Action 1,blockstun > neutral,0,15,0,0,0,0,0,0,False,False,False,,,,7,0x00000000,5 > 0 > 39 > 32 > 27 > 37 > 32 > 28,0,160 > 0 > 8 > 168,1 > 0 > 1,0,0,
2026-07-26T23:11:29Z,297,303,6,P2-C1,P2,0x927EB9E0,1,Ken the Eagle,block,48,Block,1,Action 1,48 Block > 1 Action 1,blockstun > neutral,0,15,0,0,0,0,0,0,False,False,False,,,,6,0x00000000,0 > 39 > 33 > 29 > 39 > 34 > 30,0,0 > 168,0 > 1,0,0,
2026-07-26T23:11:31Z,315,322,7,P2-C1,P2,0x927EB9E0,1,Ken the Eagle,block,1,Action 1,1,Action 1,1 Action 1 > 48 Block > 1 Action 1,blockstun > neutral,0,15,0,0,0,0,0,0,False,False,False,,,,7,0x00000000,0 > 39 > 34 > 29 > 39 > 35 > 30,0,160 > 8 > 136 > 168,1 > 0 > 1,0,0,
2026-07-26T23:11:40Z,370,418,48,P2-C1,P2,0x927EB9E0,1,Ken the Eagle,hit,64,Standing Hitstun,1,Action 1,64 Standing Hitstun > 89 Spiral Knockdown > 102 Knockdown Face Up > 103 Wakeup Transition > 113 Get Up Face Up > 1 Action 1 > 64 Standing Hitstun > 1 Action 1,hitstun > knockdown > wakeup > hitstun > neutral,0,0,21,20,255488,4,1,38,True,True,False,5,15,,48,0x00000000,0 > 37 > 31 > 25 > 37 > 31 > 26 > 22 > 16 > 8 > 4 > 39 > 34 > 29 > 24 > 18 > 12 > 2 > 35 > 30 > 26 > 21 > 16 > 11 > 2 > 0 > 38 > 33 > 28,0,0 > 8 > 0 > 16 > 0 > 8 > 0 > 168 > 160 > 168 > 160 > 32 > 0 > 8 > 168,0 > 64 > 192 > 0 > 1 > 0 > 1,4 > 0 > 4 > 0 > 4 > 0,0,+0x1228 secondary reaction timer observed; +0x1210 held instead of decrementing on one or more sampled frames
2026-07-26T23:11:45Z,429,479,50,P2-C1,P2,0x927EB9E0,1,Ken the Eagle,hit,64,Standing Hitstun,1,Action 1,64 Standing Hitstun > 89 Spiral Knockdown > 102 Knockdown Face Up > 113 Get Up Face Up > 1 Action 1 > 64 Standing Hitstun > 1 Action 1,hitstun > knockdown > wakeup > hitstun > neutral,0,0,21,21,255488,4,1,40,True,True,False,5,17,,50,0x00000000,0 > 40 > 0 > 38 > 34 > 29 > 25 > 0 > 36 > 31 > 27 > 22 > 18 > 13 > 8 > 3 > 38 > 33 > 29 > 24 > 20 > 12 > 5 > 39 > 34 > 29 > 25 > 20 > 0 > 38 > 34 > 29,0,32 > 0 > 8 > 0 > 16 > 0 > 16 > 0 > 128 > 160 > 168 > 8 > 0 > 160,1 > 0 > 64 > 192 > 0 > 1 > 0 > 1,4 > 0 > 4 > 0 > 4 > 0,0,+0x1228 secondary reaction timer observed; +0x1210 held instead of decrementing on one or more sampled frames
2026-07-26T23:11:48Z,498,506,8,P2-C1,P2,0x927EB9E0,1,Ken the Eagle,hit,64,Standing Hitstun,1,Action 1,64 Standing Hitstun > 1 Action 1,hitstun > neutral,0,0,21,20,0,0,1,1,False,False,False,,,,8,0x00000000,0 > 37 > 32 > 27,0,0 > 160 > 168,0 > 1,4 > 0,0,+0x1228 secondary reaction timer observed; +0x1210 held instead of decrementing on one or more sampled frames
2026-07-26T23:11:50Z,518,525,7,P2-C1,P2,0x927EB9E0,1,Ken the Eagle,hit,64,Standing Hitstun,1,Action 1,64 Standing Hitstun > 1 Action 1,hitstun > neutral,0,0,21,20,0,0,0,1,False,False,False,,,,7,0x00000000,0 > 39 > 34 > 29,0,8 > 136 > 168,0 > 1,4 > 0,0,+0x1228 secondary reaction timer observed; +0x1210 held instead of decrementing on one or more sampled frames
2026-07-26T23:11:51Z,530,536,6,P2-C1,P2,0x927EB9E0,1,Ken the Eagle,hit,64,Standing Hitstun,1,Action 1,64 Standing Hitstun > 1 Action 1,hitstun > neutral,0,0,21,20,0,0,0,0,False,False,False,,,,6,0x00000000,0 > 38 > 33 > 29,0,8 > 0 > 8 > 168,0 > 1,4 > 0,0,+0x1228 secondary reaction timer observed
2026-07-26T23:11:53Z,546,554,8,P2-C1,P2,0x927EB9E0,1,Ken the Eagle,hit,1,Action 1,1,Action 1,1 Action 1 > 64 Standing Hitstun > 1 Action 1,hitstun > neutral,0,0,21,20,0,0,0,1,False,False,False,,,,8,0x00000000,0 > 40 > 35 > 31 > 26,0,0 > 8 > 168,0 > 1,0 > 4 > 0,0,+0x1228 secondary reaction timer observed; +0x1210 held instead of decrementing on one or more sampled frames
2026-07-26T23:11:54Z,559,567,8,P2-C1,P2,0x927EB9E0,1,Ken the Eagle,hit,64,Standing Hitstun,1,Action 1,64 Standing Hitstun > 1 Action 1,hitstun > neutral,0,0,21,20,0,0,0,1,False,False,False,,,,8,0x00000000,0 > 40 > 35 > 31 > 26,0,32 > 8 > 168,1 > 0 > 1,4 > 0,0,+0x1228 secondary reaction timer observed; +0x1210 held instead of decrementing on one or more sampled frames
2026-07-26T23:11:55Z,572,580,8,P2-C1,P2,0x927EB9E0,1,Ken the Eagle,hit,64,Standing Hitstun,1,Action 1,64 Standing Hitstun > 1 Action 1,hitstun > neutral,0,0,21,20,0,0,0,1,False,False,False,,,,8,0x00000000,0 > 39 > 35 > 29,0,0 > 128 > 160,0 > 1,4 > 0,0,+0x1228 secondary reaction timer observed; +0x1210 held instead of decrementing on one or more sampled frames
2026-07-26T23:12:01Z,605,631,26,P2-C1,P2,0x927EB9E0,1,Ken the Eagle,hit,1,Action 1,1,Action 1,1 Action 1 > 91 Soft Knockdown > 1 Action 1,hitstun > knockdown > neutral,0,0,21,20,0,1,0,23,True,False,False,19,,,26,0x00000000,5 > 30 > 17 > 3 > 31 > 18 > 9 > 3 > 38 > 33 > 28 > 23 > 18 > 13 > 8 > 3 > 38 > 33 > 0 > 40 > 29 > 22,0,160 > 168 > 40 > 0 > 160 > 168,1 > 65 > 64 > 192 > 1,0,0,+0x1228 secondary reaction timer observed; +0x1210 held instead of decrementing on one or more sampled frames
2026-07-26T23:12:05Z,661,671,10,P2-C1,P2,0x927EB9E0,12,Ryu,hit,1,Action 1,1,Action 1,1 Action 1 > 91 Soft Knockdown > 160 Air Recovery > 1 Action 1,hitstun > knockdown > air_recovery > neutral,0,0,21,20,0,5,0,6,True,False,True,1,,7,10,0x00000000,0 > 40 > 32 > 22 > 13,0,0 > 8 > 0 > 160 > 168,0 > 64 > 192 > 1,0,0,+0x1228 secondary reaction timer observed; +0x1210 held instead of decrementing on one or more sampled frames
2026-07-26T23:20:32Z,0,498,498,P1-C2,P1,0x92B6BA00,6,Doronjo,hit,1,Action 1,430,Action 430,1 Action 1 > 11 Action 11 > 2 Action 2 > 304 Action 304 > 1 Action 1 > 11 Action 11 > 2 Action 2 > 305 Action 305 > 1 Action 1 > 2 Action 2 > 10 Action 10 > 11 Action 11 > 2 Action 2 > 310 Action 310 > 1 Action 1 > 10 Action 10 > 11 Action 11 > 2 Action 2 > 304 Action 304 > 1 Action 1 > 2 Action 2 > 10 Action 10 > 11 Action 11 > 312 Action 312 > 1 Action 1 > 3 Action 3 > 11 Action 11 > 316 Action 316 > 1 Action 1 > 10 Action 10 > 11 Action 11 > 307 Action 307 > 1 Action 1 > 19 Action 19 > 20 Action 20 > 347 Action 347 > 20 Action 20 > 30 Action 30 > 1 Action 1 > 19 Action 19 > 20 Action 20 > 30 Action 30 > 1 Action 1 > 430 Action 430,hitstun > neutral,0,0,4,0,0,5,0,495,False,False,False,,,,498,0x00000000,33 > 19 > 8 > 39 > 31 > 23 > 17 > 11 > 7 > 3 > 38 > 34 > 30 > 26 > 20 > 15 > 11 > 7 > 3 > 38 > 33 > 28 > 24 > 20 > 16 > 11 > 7 > 2 > 38 > 34 > 30 > 26 > 22 > 18 > 15 > 12 > 8 > 3 > 39 > 34 > 28 > 24 > 21 > 16 > 4 > 39 > 34 > 30 > 26 > 21 > 17 > 12 > 7 > 2 > 39 > 35 > 30 > 27 > 23 > 19 > 14 > 9 > 4 > 40 > 35 > 31 > 27 > 23 > 19 > 15 > 11 > 7 > 3 > 40 > 36 > 32 > 28 > 24 > 20 > 14 > 10 > 5 > 40 > 36 > 32 > 28 > 25 > 21 > 17 > 14 > 10 > 6 > 2 > 39 > 35 > 31 > 27 > 23 > 20 > 16 > 12 > 8 > 5 > 1 > 36 > 33 > 29 > 24 > 21 > 17 > 13 > 10 > 6 > 2 > 38 > 34 > 31 > 0 > 37 > 40 > 36 > 32 > 28 > 24 > 20 > 17 > 12 > 9 > 4 > 40 > 38 > 31 > 28 > 24 > 20 > 17 > 13 > 9 > 6 > 2 > 38 > 35 > 31 > 27 > 23 > 19 > 16 > 12 > 8 > 5 > 1 > 37 > 33 > 30 > 26 > 22 > 19 > 15 > 12 > 8 > 0 > 40 > 37 > 40 > 39 > 35 > 31 > 27 > 24 > 20 > 16 > 13 > 9 > 6 > 2 > 39 > 32 > 29 > 25 > 22 > 18 > 14 > 11 > 7 > 1 > 36 > 32 > 29 > 25 > 21 > 18 > 14 > 11 > 7 > 3 > 40 > 36 > 32 > 28 > 25 > 21 > 17 > 14 > 10 > 38 > 40 > 39 > 40 > 38 > 34 > 31 > 27 > 23 > 19 > 15 > 12 > 8 > 4 > 1 > 38 > 30 > 27 > 23 > 19 > 15 > 11 > 8 > 4 > 40 > 37 > 33 > 29 > 25 > 22 > 18 > 14 > 11 > 6 > 3 > 39 > 36 > 32 > 28 > 24 > 21 > 17 > 13 > 9 > 5 > 1 > 37 > 33 > 30 > 26 > 22 > 19 > 15 > 11 > 8 > 4 > 40 > 37 > 39 > 40 > 36 > 39 > 34 > 30 > 26 > 22 > 18 > 15 > 11 > 7 > 4 > 40 > 37 > 31 > 27 > 23 > 20 > 16 > 12 > 9 > 5 > 1 > 37 > 33 > 29 > 25 > 22 > 18 > 15 > 11 > 7 > 4 > 40 > 37 > 33 > 29 > 25 > 22 > 18 > 14 > 11 > 7 > 3 > 39 > 35 > 31 > 28 > 24 > 20 > 17 > 13 > 9 > 5 > 39 > 36 > 39 > 40 > 36 > 32 > 28 > 24 > 21 > 17 > 13 > 9 > 4 > 1 > 38 > 32 > 28 > 24 > 20 > 16 > 12 > 8 > 4 > 1 > 37 > 33 > 30 > 26 > 22 > 18 > 14 > 10 > 2 > 32 > 24 > 18 > 13 > 6 > 3 > 39 > 35 > 32 > 28 > 0 > 37 > 39 > 0 > 35 > 28 > 23 > 17 > 12 > 7 > 2 > 39 > 29 > 24 > 20 > 16 > 12 > 8 > 4 > 1 > 37 > 33 > 26 > 20 > 16 > 12 > 8 > 4 > 1 > 37 > 34 > 30 > 26 > 22 > 39 > 35 > 39 > 35 > 31 > 27 > 24 > 20 > 16 > 12 > 8 > 4 > 1 > 38 > 31 > 27 > 24 > 20 > 17 > 12 > 8 > 4 > 40 > 36 > 32 > 29 > 25 > 21 > 16 > 12 > 9 > 5 > 1 > 38 > 34 > 0 > 39 > 35 > 32 > 28 > 24 > 0 > 38 > 33 > 29 > 25 > 21 > 17 > 14 > 10 > 6 > 3 > 38 > 31 > 28 > 40 > 37 > 0 > 39 > 35 > 31 > 27 > 24 > 20 > 16 > 12 > 9 > 5 > 39 > 40 > 36 > 32 > 25 > 19 > 14 > 10 > 6 > 2 > 38 > 34 > 30 > 26 > 22 > 18 > 14 > 11 > 7 > 2 > 38 > 34 > 28 > 23 > 19 > 16 > 11 > 8 > 2 > 36 > 19 > 9 > 38,0,160 > 32 > 0 > 160 > 32 > 0 > 160 > 32 > 0 > 160 > 32 > 0 > 160 > 32 > 0 > 160 > 32 > 0 > 160 > 32 > 0 > 160 > 32 > 0 > 32 > 160 > 32 > 160 > 0,1 > 0 > 1 > 0 > 1 > 0 > 1 > 0 > 1 > 0 > 1 > 0 > 1 > 0 > 1 > 5 > 1 > 0 > 1 > 0 > 1 > 65 > 193 > 64 > 193 > 1 > 65 > 193 > 1 > 64,0 > 4 > 0 > 4 > 0 > 4 > 0 > 4 > 0 > 4 > 0 > 4 > 0 > 4 > 0 > 4 > 16 > 0 > 4 > 16 > 0,0,+0x1210 held instead of decrementing on one or more sampled frames
2026-07-26T23:20:35Z,0,537,537,P2-C1,P2,0x927EB9E0,12,Ryu,hit,1,Action 1,1,Action 1,1 Action 1 > 89 Spiral Knockdown > 102 Knockdown Face Up > 113 Get Up Face Up > 1 Action 1 > 64 Standing Hitstun > 1 Action 1,hitstun > knockdown > wakeup > hitstun > neutral,0,0,21,20,255232,4,0,531,True,True,False,351,367,,537,0x00000000,4 > 30 > 19 > 10 > 2 > 34 > 28 > 22 > 18 > 14 > 9 > 4 > 1 > 37 > 31 > 26 > 22 > 18 > 14 > 9 > 4 > 39 > 35 > 31 > 27 > 22 > 18 > 13 > 9 > 5 > 1 > 37 > 33 > 29 > 26 > 22 > 19 > 14 > 10 > 5 > 39 > 35 > 32 > 27 > 15 > 10 > 5 > 1 > 37 > 32 > 28 > 23 > 18 > 13 > 9 > 5 > 1 > 38 > 34 > 30 > 25 > 20 > 15 > 11 > 6 > 2 > 38 > 34 > 30 > 26 > 22 > 18 > 14 > 11 > 7 > 3 > 39 > 35 > 31 > 25 > 21 > 16 > 11 > 7 > 3 > 39 > 36 > 32 > 28 > 25 > 21 > 17 > 13 > 10 > 6 > 2 > 38 > 34 > 31 > 27 > 23 > 19 > 16 > 12 > 7 > 3 > 40 > 35 > 32 > 28 > 24 > 21 > 17 > 13 > 9 > 5 > 2 > 38 > 34 > 31 > 27 > 23 > 19 > 15 > 11 > 7 > 4 > 39 > 36 > 31 > 27 > 23 > 16 > 13 > 9 > 5 > 2 > 38 > 34 > 31 > 27 > 23 > 20 > 16 > 12 > 8 > 4 > 1 > 37 > 33 > 29 > 26 > 22 > 18 > 15 > 11 > 7 > 4 > 40 > 37 > 33 > 29 > 25 > 22 > 18 > 14 > 10 > 6 > 2 > 39 > 35 > 31 > 28 > 24 > 21 > 17 > 12 > 5 > 2 > 38 > 35 > 31 > 27 > 24 > 20 > 14 > 9 > 5 > 2 > 38 > 34 > 31 > 27 > 24 > 20 > 16 > 13 > 9 > 5 > 1 > 38 > 34 > 30 > 27 > 23 > 19 > 15 > 11 > 7 > 3 > 39 > 36 > 32 > 28 > 24 > 20 > 17 > 13 > 9 > 6 > 40 > 33 > 30 > 26 > 22 > 18 > 14 > 11 > 7 > 3 > 39 > 36 > 32 > 28 > 25 > 21 > 17 > 14 > 9 > 6 > 2 > 39 > 35 > 31 > 27 > 24 > 20 > 16 > 12 > 8 > 4 > 40 > 36 > 33 > 29 > 25 > 22 > 18 > 14 > 11 > 7 > 3 > 40 > 36 > 33 > 29 > 25 > 22 > 17 > 13 > 9 > 5 > 1 > 38 > 34 > 30 > 27 > 23 > 18 > 12 > 8 > 4 > 1 > 37 > 33 > 30 > 26 > 22 > 18 > 14 > 10 > 6 > 3 > 39 > 36 > 32 > 28 > 25 > 21 > 18 > 14 > 10 > 6 > 3 > 39 > 35 > 32 > 28 > 24 > 20 > 16 > 12 > 8 > 5 > 1 > 38 > 34 > 30 > 26 > 22 > 19 > 15 > 12 > 8 > 4 > 40 > 36 > 32 > 29 > 25 > 21 > 17 > 12 > 9 > 4 > 38 > 34 > 30 > 26 > 22 > 18 > 14 > 10 > 7 > 3 > 39 > 36 > 32 > 28 > 24 > 20 > 0 > 37 > 30 > 25 > 39 > 33 > 29 > 24 > 19 > 9 > 4 > 40 > 36 > 32 > 28 > 24 > 21 > 17 > 13 > 6 > 40 > 36 > 32 > 28 > 24 > 21 > 17 > 14 > 10 > 6 > 2 > 38 > 31 > 24 > 20 > 16 > 12 > 9 > 5 > 1 > 37 > 33 > 29 > 26 > 21 > 14 > 10 > 7 > 3 > 39 > 35 > 31 > 27 > 23 > 19 > 15 > 12 > 8 > 4 > 39 > 35 > 32 > 28 > 24 > 21 > 17 > 14 > 10 > 6 > 3 > 39 > 35 > 31 > 27 > 23 > 19 > 15 > 11 > 7 > 4 > 40 > 36 > 33 > 28 > 21 > 18 > 14 > 10 > 7 > 3 > 39 > 35 > 31 > 27 > 24 > 20 > 16 > 12 > 9 > 5 > 1 > 38 > 34 > 30 > 23 > 17 > 12 > 8 > 4 > 40 > 36 > 32 > 28 > 24 > 20 > 16 > 12 > 9 > 5 > 40 > 36 > 32 > 26 > 21 > 17 > 14 > 9 > 6 > 40 > 34 > 37 > 26 > 16 > 6 > 38 > 33 > 27 > 21 > 16 > 6 > 40 > 35 > 32 > 28 > 24 > 20 > 16 > 13 > 9 > 4 > 37 > 33 > 24 > 21 > 16 > 9 > 2 > 35 > 30 > 26 > 22 > 19 > 15 > 10 > 0 > 40 > 34 > 27 > 23,0,160 > 168 > 160 > 168 > 160 > 168 > 160 > 168 > 160 > 168 > 160 > 0 > 8 > 136 > 168 > 160 > 168 > 160 > 168 > 160 > 168 > 160 > 168 > 160 > 168 > 160 > 40 > 8 > 168,1 > 0 > 1 > 64 > 192 > 0 > 1 > 0 > 1,0 > 4 > 0 > 4 > 0,0,+0x1228 secondary reaction timer observed; +0x1210 held instead of decrementing on one or more sampled frames
2026-07-26T23:20:36Z,538,545,7,P2-C1,P2,0x927EB9E0,1,Ken the Eagle,hit,1,Action 1,1,Action 1,1 Action 1 > 64 Standing Hitstun > 1 Action 1,hitstun > neutral,0,0,21,21,0,0,1,2,False,False,False,,,,7,0x00000000,20 > 0 > 35 > 28 > 22,0,0 > 8 > 168,0 > 1,0 > 4 > 0,0,+0x1228 secondary reaction timer observed; +0x1210 held instead of decrementing on one or more sampled frames
2026-07-26T23:20:37Z,547,556,9,P2-C1,P2,0x927EB9E0,1,Ken the Eagle,hit,64,Standing Hitstun,1,Action 1,64 Standing Hitstun > 1 Action 1,hitstun > neutral,0,0,21,20,0,0,0,2,False,False,False,,,,9,0x00000000,0 > 38 > 34 > 30 > 23,0,8 > 0 > 8 > 168,0 > 1,4 > 0,0,+0x1228 secondary reaction timer observed; +0x1210 held instead of decrementing on one or more sampled frames
2026-07-26T23:20:39Z,562,570,8,P2-C1,P2,0x927EB9E0,1,Ken the Eagle,hit,64,Standing Hitstun,1,Action 1,64 Standing Hitstun > 1 Action 1,hitstun > neutral,0,0,21,20,0,0,1,0,False,False,False,,,,8,0x00000000,0 > 39 > 35 > 31,0,0 > 8 > 168,0 > 1,4 > 0,0,+0x1228 secondary reaction timer observed
2026-07-26T23:26:42Z,37,48,11,P2-C1,P2,0x927EB9E0,1,Ken the Eagle,hit,64,Standing Hitstun,1,Action 1,64 Standing Hitstun > 1 Action 1,hitstun > neutral,0,0,21,20,0,0,1,3,False,False,False,,,,11,0x00000000,0 > 37 > 31 > 25,0,8 > 168,0 > 1,4 > 0,0,+0x1228 secondary reaction timer observed; +0x1210 held instead of decrementing on one or more sampled frames
2026-07-26T23:26:43Z,50,61,11,P2-C1,P2,0x927EB9E0,1,Ken the Eagle,hit,64,Standing Hitstun,1,Action 1,64 Standing Hitstun > 1 Action 1,hitstun > neutral,0,0,21,20,0,0,0,2,False,False,False,,,,11,0x00000000,0 > 40 > 37 > 30 > 25,0,40 > 8 > 168,1 > 0 > 1,4 > 0,0,+0x1228 secondary reaction timer observed; +0x1210 held instead of decrementing on one or more sampled frames
2026-07-26T23:26:44Z,64,74,10,P2-C1,P2,0x927EB9E0,1,Ken the Eagle,hit,64,Standing Hitstun,1,Action 1,64 Standing Hitstun > 1 Action 1,hitstun > neutral,0,0,21,20,0,0,2,2,False,False,False,,,,10,0x00000000,0 > 38 > 34 > 29,0,8 > 168,0 > 1,4 > 0,0,+0x1228 secondary reaction timer observed; +0x1210 held instead of decrementing on one or more sampled frames
2026-07-26T23:26:54Z,211,220,9,P2-C1,P2,0x927EB9E0,1,Ken the Eagle,hit,64,Standing Hitstun,1,Action 1,64 Standing Hitstun > 1 Action 1,hitstun > neutral,0,0,21,20,0,0,0,1,False,False,False,,,,9,0x00000000,0 > 40 > 35 > 30,0,8 > 136 > 160 > 168,0 > 1,4 > 0,0,+0x1228 secondary reaction timer observed; +0x1210 held instead of decrementing on one or more sampled frames
2026-07-26T23:27:03Z,332,342,10,P2-C1,P2,0x927EB9E0,1,Ken the Eagle,hit,64,Standing Hitstun,1,Action 1,64 Standing Hitstun > 1 Action 1,hitstun > neutral,0,0,21,20,0,0,1,2,False,False,False,,,,10,0x00000000,0 > 39 > 34 > 28 > 24,0,8 > 0 > 160,0 > 1,4 > 0,0,+0x1228 secondary reaction timer observed; +0x1210 held instead of decrementing on one or more sampled frames
2026-07-26T23:27:19Z,379,555,176,P2-C1,P2,0x927EB9E0,1,Ken the Eagle,hit,64,Standing Hitstun,1,Action 1,64 Standing Hitstun > 91 Soft Knockdown > 160 Air Recovery > 30 Action 30 > 1 Action 1 > 91 Soft Knockdown > 160 Air Recovery > 1 Action 1 > 91 Soft Knockdown > 160 Air Recovery > 30 Action 30 > 1 Action 1 > 66 Low Hitstun > 1 Action 1,hitstun > knockdown > air_recovery > hitstun > knockdown > air_recovery > hitstun > knockdown > air_recovery > hitstun > neutral,0,0,21,21,0,3,4,153,True,False,True,20,,26,176,0x00000000,0 > 39 > 38 > 36 > 28 > 23 > 17 > 13 > 10 > 6 > 2 > 38 > 37 > 33 > 28 > 24 > 19 > 13 > 6 > 1 > 38 > 34 > 30 > 26 > 22 > 18 > 14 > 10 > 6 > 2 > 38 > 32 > 28 > 22 > 16 > 11 > 7 > 3 > 39 > 35 > 30 > 26 > 22 > 17 > 13 > 10 > 6 > 2 > 38 > 35 > 30 > 25 > 19 > 15 > 12 > 8 > 4 > 1 > 36 > 32 > 28 > 24 > 19 > 16 > 12 > 8 > 4 > 39 > 33 > 29 > 25 > 21 > 18 > 14 > 10 > 6 > 2 > 38 > 0 > 38 > 33 > 40 > 36 > 28 > 0 > 40 > 35 > 0 > 34 > 29 > 0 > 37 > 32 > 21,0,8 > 0 > 8 > 0 > 8 > 0 > 8 > 40 > 160 > 168 > 160 > 168 > 160 > 168 > 8 > 40 > 32 > 160 > 168 > 8 > 0 > 8 > 40 > 32 > 160 > 40 > 8 > 168 > 160,0 > 64 > 192 > 193 > 1 > 64 > 192 > 193 > 1 > 64 > 192 > 193 > 1 > 0 > 1,4 > 0 > 128 > 0 > 128 > 0 > 128 > 0 > 4 > 0,0,+0x1228 secondary reaction timer observed; +0x1210 held instead of decrementing on one or more sampled frames
2026-07-26T23:27:46Z,601,903,302,P2-C1,P2,0x927EB9E0,1,Ken the Eagle,hit,91,Soft Knockdown,1,Action 1,91 Soft Knockdown > 160 Air Recovery > 30 Action 30 > 1 Action 1 > 91 Soft Knockdown > 160 Air Recovery > 30 Action 30 > 1 Action 1 > 4609 Action 4609 > 102 Knockdown Face Up > 103 Wakeup Transition > 113 Get Up Face Up > 1 Action 1 > 64 Standing Hitstun > 1 Action 1,knockdown > air_recovery > hitstun > knockdown > air_recovery > hitstun > knockdown > wakeup > hitstun > neutral,0,0,21,21,255232,4,1,294,True,True,True,0,137,7,302,0x00000000 > 0xFFFFFFFF > 0x00000000,0 > 39 > 38 > 37 > 0 > 40 > 39 > 33 > 29 > 25 > 21 > 17 > 13 > 8 > 4 > 40 > 36 > 33 > 29 > 25 > 19 > 13 > 7 > 3 > 38 > 34 > 31 > 27 > 23 > 20 > 16 > 13 > 9 > 5 > 2 > 0 > 38 > 34 > 31 > 27 > 23 > 39 > 35 > 31 > 27 > 23 > 19 > 15 > 11 > 7 > 3 > 39 > 35 > 30 > 26 > 22 > 17 > 12 > 3 > 36 > 31 > 27 > 23 > 19 > 14 > 10 > 6 > 2 > 37 > 33 > 28 > 19 > 10 > 3 > 38 > 31 > 24 > 14 > 10 > 5 > 1 > 37 > 33 > 28 > 24 > 20 > 15 > 11 > 4 > 35 > 29 > 24 > 20 > 15 > 11 > 7 > 2 > 38 > 34 > 30 > 26 > 22 > 17 > 13 > 9 > 6 > 2 > 38 > 35 > 31 > 27 > 23 > 19 > 15 > 11 > 7 > 3 > 39 > 35 > 31 > 27 > 23 > 19 > 15 > 11 > 7 > 3 > 40 > 36 > 32 > 28 > 25 > 21 > 17 > 13 > 9 > 5 > 1 > 37 > 33 > 29 > 25 > 21 > 17 > 13 > 9 > 6 > 2 > 38 > 34 > 30 > 27 > 23 > 19 > 15 > 12 > 8 > 4 > 40 > 35 > 30 > 25 > 20 > 16 > 13 > 8 > 4 > 1 > 37 > 33 > 29 > 24 > 20 > 16 > 13 > 9 > 5 > 1 > 37 > 33 > 29 > 25 > 21 > 16 > 12 > 8 > 3 > 36 > 32 > 0 > 34 > 28 > 23,0,40 > 8 > 40 > 32 > 168 > 0 > 8 > 32 > 160 > 168 > 8 > 0 > 64 > 0 > 160 > 168 > 160 > 168 > 0 > 8 > 0 > 160,65 > 64 > 192 > 193 > 1 > 0 > 64 > 192 > 193 > 1 > 192 > 0 > 1 > 0 > 1,0 > 128 > 0 > 128 > 0 > 36 > 4 > 0 > 4 > 0 > 4 > 0,0,+0x1228 secondary reaction timer observed; +0x1210 held instead of decrementing on one or more sampled frames
2026-07-26T23:27:52Z,964,972,8,P2-C1,P2,0x927EB9E0,1,Ken the Eagle,hit,65,Overhead Hitstun,1,Action 1,65 Overhead Hitstun > 1 Action 1,hitstun > neutral,0,0,21,20,0,0,0,1,False,False,False,,,,8,0x00000000,0 > 39 > 34 > 29,0,40 > 8 > 0 > 160,1 > 0 > 1,4 > 0,0,+0x1228 secondary reaction timer observed; +0x1210 held instead of decrementing on one or more sampled frames
2026-07-27T00:08:31Z,145,190,45,P2-C1,P2,0x927EB9E0,1,Ken the Eagle,hit,1,Action 1,1,Action 1,1 Action 1 > 4562 Action 4562 > 102 Knockdown Face Up > 103 Wakeup Transition > 113 Get Up Face Up > 32 Action 32 > 1 Action 1 > 64 Standing Hitstun > 1 Action 1,hitstun > knockdown > wakeup > hitstun > neutral,0,0,12,11,255488,4,1,38,True,True,False,6,10,,45,0x00000000,0 > 39 > 38 > 34 > 31 > 27 > 23 > 0 > 37 > 0 > 38 > 33 > 29 > 25 > 22 > 18 > 14 > 10 > 7 > 3 > 39 > 36 > 32 > 28 > 25 > 18 > 13 > 7 > 2 > 0 > 39 > 33 > 27 > 24,0,160 > 16 > 0 > 32 > 160 > 168 > 40 > 8 > 160,1 > 0 > 1 > 0 > 1,0 > 4 > 0 > 4 > 0,0,+0x1228 secondary reaction timer observed; +0x1210 held instead of decrementing on one or more sampled frames
2026-07-27T00:08:31Z,193,199,6,P2-C1,P2,0x927EB9E0,1,Ken the Eagle,hit,1,Action 1,1,Action 1,1 Action 1 > 64 Standing Hitstun > 1 Action 1,hitstun > neutral,0,0,12,11,0,0,1,0,False,False,False,,,,6,0x00000000,0 > 39 > 32 > 28,0,0 > 8 > 136 > 160,0 > 1,0 > 4 > 0,0,+0x1228 secondary reaction timer observed
2026-07-27T00:09:36Z,240,1070,830,P2-C1,P2,0x927EB9E0,1,Ken the Eagle,hit,1,Action 1,1,Action 1,1 Action 1 > 81 Bounce Launch > 82 Bounce Off > 92 Hard Knockdown > 119 Get Up Face Down > 1 Action 1 > 81 Bounce Launch > 82 Bounce Off > 92 Hard Knockdown > 119 Get Up Face Down > 1 Action 1 > 80 Hard Knockdown > 73 Knockdown Face Up > 113 Get Up Face Up > 1 Action 1 > 80 Hard Knockdown > 73 Knockdown Face Up > 113 Get Up Face Up > 1 Action 1 > 32 Action 32 > 1 Action 1 > 32 Action 32 > 1 Action 1 > 32 Action 32 > 1 Action 1 > 32 Action 32 > 1 Action 1 > 64 Standing Hitstun > 91 Soft Knockdown > 160 Air Recovery > 30 Action 30 > 1 Action 1 > 89 Spiral Knockdown > 102 Knockdown Face Up > 113 Get Up Face Up > 1 Action 1 > 64 Standing Hitstun > 1 Action 1,hitstun > knockdown > wakeup > hitstun > knockdown > wakeup > hitstun > knockdown > wakeup > hitstun > knockdown > wakeup > hitstun > knockdown > air_recovery > hitstun > knockdown > wakeup > hitstun > neutral,0,0,21,21,255488,6,2,806,True,True,True,1,17,274,830,0x00000000,0 > 40 > 34 > 30 > 25 > 0 > 32 > 27 > 23 > 19 > 0 > 40 > 35 > 29 > 23 > 32 > 26 > 21 > 0 > 39 > 35 > 30 > 25 > 0 > 40 > 36 > 28 > 0 > 34 > 30 > 26 > 22 > 40 > 36 > 39 > 32 > 28 > 24 > 20 > 16 > 12 > 8 > 4 > 37 > 34 > 37 > 33 > 29 > 25 > 21 > 16 > 9 > 5 > 1 > 37 > 31 > 25 > 18 > 14 > 10 > 6 > 40 > 36 > 40 > 35 > 31 > 23 > 19 > 15 > 11 > 7 > 3 > 39 > 35 > 31 > 27 > 23 > 19 > 15 > 11 > 7 > 3 > 39 > 35 > 31 > 27 > 22 > 15 > 10 > 6 > 2 > 38 > 33 > 29 > 26 > 22 > 18 > 14 > 10 > 6 > 2 > 38 > 34 > 30 > 26 > 22 > 19 > 15 > 11 > 7 > 4 > 40 > 35 > 28 > 25 > 21 > 17 > 14 > 10 > 6 > 1 > 38 > 33 > 29 > 25 > 22 > 18 > 14 > 10 > 6 > 2 > 39 > 35 > 31 > 27 > 24 > 20 > 16 > 13 > 8 > 2 > 37 > 33 > 29 > 25 > 22 > 18 > 15 > 11 > 7 > 4 > 38 > 35 > 39 > 36 > 32 > 28 > 25 > 21 > 18 > 14 > 11 > 7 > 3 > 39 > 36 > 0 > 40 > 31 > 24 > 18 > 14 > 12 > 10 > 6 > 2 > 39 > 35 > 31 > 28 > 24 > 20 > 14 > 8 > 2 > 38 > 34 > 31 > 27 > 23 > 20 > 16 > 12 > 8 > 5 > 1 > 37 > 31 > 26 > 20 > 16 > 12 > 8 > 4 > 40 > 37 > 33 > 29 > 26 > 22 > 18 > 15 > 11 > 7 > 3 > 37 > 33 > 30 > 28 > 24 > 20 > 15 > 11 > 7 > 4 > 40 > 36 > 32 > 29 > 25 > 21 > 17 > 11 > 6 > 2 > 39 > 35 > 31 > 23 > 22 > 20 > 14 > 0 > 40 > 35 > 29 > 24 > 39 > 35 > 32 > 27 > 24 > 19 > 17 > 13 > 9 > 6 > 1 > 35 > 27 > 21 > 13 > 7 > 40 > 35 > 30 > 21 > 14 > 8 > 4 > 40 > 34 > 29 > 24 > 20 > 17 > 13 > 9 > 5 > 2 > 36 > 31 > 26 > 22 > 19 > 15 > 11 > 8 > 4 > 38 > 32 > 28 > 24 > 20 > 16 > 12 > 9 > 5 > 1 > 35 > 31 > 26 > 22 > 18 > 15 > 11 > 7 > 4 > 40 > 36 > 33 > 29 > 25 > 21 > 17 > 14 > 10 > 6 > 2 > 39 > 35 > 31 > 28 > 24 > 20 > 17 > 13 > 9 > 5 > 2 > 37 > 30 > 25 > 21 > 17 > 14 > 10 > 6 > 2 > 39 > 33 > 27 > 23 > 20 > 16 > 12 > 8 > 5 > 1 > 38 > 34 > 30 > 23 > 18 > 14 > 10 > 7 > 3 > 39 > 36 > 32 > 28 > 24 > 21 > 15 > 10 > 5 > 2 > 37 > 30 > 26 > 22 > 18 > 14 > 11 > 5 > 38 > 31 > 28 > 24 > 20 > 17 > 13 > 9 > 3 > 37 > 33 > 29 > 25 > 21 > 16 > 12 > 7 > 2 > 38 > 35 > 31 > 27 > 24 > 20 > 16 > 13 > 7 > 1 > 37 > 33 > 29 > 25 > 21 > 17 > 14 > 7 > 2 > 38 > 32 > 27 > 22 > 17 > 11 > 7 > 3 > 40 > 36 > 32 > 28 > 24 > 20 > 16 > 13 > 9 > 5 > 2 > 38 > 34 > 31 > 27 > 23 > 20 > 16 > 12 > 8 > 4 > 1 > 37 > 33 > 29 > 25 > 21 > 17 > 12 > 8 > 3 > 39 > 35 > 31 > 26 > 20 > 16 > 9 > 6 > 40 > 36 > 30 > 24 > 20 > 16 > 10 > 4 > 40 > 36 > 33 > 28 > 24 > 21 > 17 > 13 > 9 > 6 > 2 > 38 > 34 > 29 > 22 > 18 > 14 > 11 > 7 > 3 > 40 > 36 > 32 > 29 > 25 > 22 > 18 > 14 > 11 > 7 > 3 > 40 > 36 > 31 > 28 > 24 > 21 > 17 > 13 > 9 > 5 > 1 > 37 > 34 > 30 > 26 > 22 > 18 > 14 > 7 > 3 > 39 > 35 > 31 > 27 > 23 > 20 > 16 > 12 > 9 > 5 > 1 > 38 > 34 > 31 > 27 > 23 > 19 > 16 > 12 > 8 > 4 > 40 > 36 > 32 > 24 > 20 > 17 > 13 > 10 > 6 > 3 > 39 > 35 > 32 > 28 > 25 > 22 > 18 > 14 > 11 > 7 > 3 > 39 > 35 > 31 > 27 > 24 > 20 > 16 > 13 > 9 > 5 > 1 > 38 > 34 > 31 > 27 > 23 > 19 > 15 > 12 > 8 > 4 > 40 > 33 > 29 > 25 > 21 > 18 > 14 > 11 > 7 > 3 > 39 > 36 > 32 > 29 > 25 > 22 > 18 > 14 > 10 > 7 > 3 > 39 > 35 > 31 > 27 > 22 > 14 > 11 > 7 > 4 > 40 > 36 > 33 > 29 > 25 > 22 > 18 > 14 > 11 > 7 > 3 > 39 > 35 > 31 > 0 > 35 > 30 > 24,0,0 > 8 > 0 > 8 > 128 > 168 > 8 > 168 > 8 > 0 > 8 > 136 > 40 > 8 > 0 > 8 > 168 > 184 > 56 > 32 > 160 > 168 > 184 > 56 > 184 > 168 > 160 > 168 > 184 > 56 > 168 > 160 > 168 > 160 > 168 > 160 > 168 > 160 > 176 > 48 > 160 > 168 > 40 > 8 > 0 > 8 > 0 > 8 > 0 > 8 > 40 > 160 > 168 > 160 > 168 > 160 > 168 > 8 > 0 > 160 > 168 > 160 > 168 > 160 > 168 > 160 > 168 > 160 > 168 > 160 > 168 > 160 > 168 > 160 > 168 > 160 > 168 > 160 > 168 > 160 > 168 > 160 > 168 > 160 > 168 > 160 > 168 > 160 > 168 > 160 > 168 > 160 > 168 > 160 > 168 > 160 > 168 > 0 > 8 > 0 > 8 > 168,0 > 64 > 192 > 0 > 1 > 64 > 192 > 0 > 1 > 64 > 192 > 64 > 192 > 64 > 192 > 0 > 65 > 64 > 192 > 64 > 192 > 0 > 1 > 0 > 64 > 192 > 193 > 1 > 64 > 192 > 0 > 1 > 0 > 1,0 > 4 > 0 > 4 > 0 > 4 > 0 > 4 > 0 > 4 > 0 > 128 > 0 > 4 > 0 > 4 > 0,0,+0x1228 secondary reaction timer observed; +0x1210 held instead of decrementing on one or more sampled frames
2026-07-27T00:09:36Z,1071,1081,10,P2-C1,P2,0x927EB9E0,1,Ken the Eagle,hit,1,Action 1,1,Action 1,1 Action 1 > 64 Standing Hitstun > 1 Action 1,hitstun > neutral,0,0,21,21,0,0,0,3,False,False,False,,,,10,0x00000000,19 > 0 > 36 > 32 > 25,0,168 > 8 > 168,1 > 0 > 1,0 > 4 > 0,0,+0x1228 secondary reaction timer observed; +0x1210 held instead of decrementing on one or more sampled frames
2026-07-27T00:09:41Z,1102,1138,36,P2-C1,P2,0x927EB9E0,1,Ken the Eagle,hit,91,Soft Knockdown,1,Action 1,91 Soft Knockdown > 1 Action 1 > 91 Soft Knockdown > 1 Action 1,knockdown > hitstun > knockdown > neutral,0,0,21,21,0,0,0,32,True,False,False,0,,,36,0x00000000,0 > 39 > 34 > 28 > 24 > 20 > 16 > 0 > 36 > 31 > 27,0,40 > 8 > 0 > 8 > 0 > 160 > 168 > 40 > 8 > 0 > 160,65 > 64 > 192 > 1 > 65 > 64 > 192 > 1,0,0,+0x1228 secondary reaction timer observed; +0x1210 held instead of decrementing on one or more sampled frames
2026-07-27T00:36:29Z,0,56,56,P2-C1,P2,0x927EB9E0,17,Viewtiful Joe,hit,1,Action 1,1,Action 1,1 Action 1 > 64 Standing Hitstun > 1 Action 1,hitstun > neutral,0,0,21,21,0,0,0,51,False,False,False,,,,56,0x00000000,27 > 14 > 4 > 37 > 32 > 27 > 24 > 20 > 16 > 12 > 8 > 4 > 40 > 36 > 32 > 28 > 25 > 21 > 17 > 13 > 9 > 5 > 40 > 32 > 28 > 24 > 20 > 16 > 12 > 8 > 3 > 36 > 32 > 28 > 23 > 20 > 15 > 11 > 7 > 1 > 32 > 28 > 24 > 20 > 16 > 13 > 8 > 40 > 35 > 0 > 38 > 32 > 25 > 17,0,160 > 168 > 160 > 168 > 160 > 168 > 160 > 168 > 160 > 168 > 8 > 160 > 168,1 > 0 > 1,0 > 4 > 0,0,+0x1228 secondary reaction timer observed; +0x1210 held instead of decrementing on one or more sampled frames
2026-07-27T00:36:50Z,319,344,25,P2-C1,P2,0x927EB9E0,17,Viewtiful Joe,hit,4615,Action 4615,1,Action 1,4615 Action 4615 > 73 Knockdown Face Up > 103 Wakeup Transition > 113 Get Up Face Up > 1 Action 1 > 64 Standing Hitstun > 1 Action 1,hitstun > knockdown > wakeup > hitstun > neutral,0,0,21,20,255232,4,0,19,True,True,False,7,12,,25,0x00000000,0 > 40 > 31 > 25 > 40 > 36 > 29 > 0 > 39 > 32 > 26,0,8 > 72 > 0 > 136 > 168 > 8 > 136 > 168 > 160,0 > 192 > 0 > 1 > 0 > 1,4 > 0 > 4 > 0 > 4 > 0,0,+0x1228 secondary reaction timer observed; +0x1210 held instead of decrementing on one or more sampled frames
2026-07-27T00:36:52Z,348,371,23,P2-C1,P2,0x927EB9E0,17,Viewtiful Joe,hit,79,Stagger,1,Action 1,79 Stagger > 1 Action 1 > 91 Soft Knockdown > 1 Action 1,hitstun > knockdown > neutral,0,0,21,20,0,5,0,19,True,False,False,12,,,23,0x00000000,0 > 38 > 0 > 40 > 36 > 29 > 20,0,8 > 0 > 8 > 168 > 0 > 8 > 168 > 160,0 > 1 > 0 > 64 > 192 > 1,4 > 0,0,+0x1228 secondary reaction timer observed; +0x1210 held instead of decrementing on one or more sampled frames
2026-07-27T00:37:12Z,390,607,217,P2-C1,P2,0x927EB9E0,17,Viewtiful Joe,hit,1,Action 1,1,Action 1,1 Action 1 > 4609 Action 4609 > 82 Bounce Off > 92 Hard Knockdown > 119 Get Up Face Down > 1 Action 1 > 91 Soft Knockdown > 160 Air Recovery > 1 Action 1 > 4610 Action 4610 > 102 Knockdown Face Up > 113 Get Up Face Up > 1 Action 1 > 64 Standing Hitstun > 1 Action 1,hitstun > knockdown > wakeup > hitstun > knockdown > air_recovery > hitstun > knockdown > wakeup > hitstun > neutral,0,0,21,21,255488,4,1,207,True,True,True,15,25,65,217,0x00000000,17 > 0 > 37 > 32 > 28 > 24 > 39 > 35 > 31 > 27 > 23 > 18 > 10 > 4 > 40 > 36 > 32 > 28 > 24 > 20 > 14 > 6 > 39 > 35 > 31 > 27 > 22 > 14 > 9 > 5 > 1 > 37 > 34 > 30 > 0 > 39 > 34 > 30 > 23 > 16 > 11 > 8 > 4 > 40 > 36 > 32 > 24 > 17 > 7 > 40 > 30 > 25 > 19 > 15 > 11 > 8 > 4 > 40 > 37 > 33 > 29 > 26 > 22 > 14 > 7 > 3 > 39 > 35 > 31 > 28 > 24 > 20 > 17 > 13 > 10 > 6 > 3 > 39 > 35 > 32 > 28 > 24 > 20 > 16 > 13 > 9 > 5 > 2 > 38 > 34 > 30 > 26 > 22 > 18 > 12 > 5 > 2 > 38 > 34 > 30 > 26 > 22 > 18 > 14 > 11 > 7 > 3 > 0 > 39 > 35 > 31 > 27 > 23 > 39 > 35 > 31 > 28 > 24 > 20 > 17 > 13 > 9 > 5 > 1 > 38 > 34 > 30 > 26 > 21 > 15 > 11 > 7 > 4 > 40 > 34 > 28 > 22 > 18 > 14 > 9 > 1 > 0 > 39 > 35 > 31,0,168 > 8 > 24 > 8 > 24 > 8 > 0 > 8 > 168 > 160 > 168 > 0 > 8 > 0 > 168 > 160 > 168 > 160 > 168 > 0 > 8 > 0 > 160 > 168 > 160 > 8 > 136 > 168,1 > 0 > 64 > 192 > 0 > 1 > 64 > 192 > 193 > 1 > 0 > 1 > 0 > 1,0 > 32 > 0 > 4 > 0 > 32 > 34 > 0 > 4 > 0 > 4 > 0,0,+0x1228 secondary reaction timer observed; +0x1210 held instead of decrementing on one or more sampled frames
2026-07-27T00:37:41Z,0,982,982,P1-C1,P1,0x9246B9C0,27,Joe the Condor,hit,430,Action 430,312,Action 312,430 Action 430 > 418 Action 418 > 425 Action 425 > 3 Action 3 > 22 Action 22 > 36 Action 36 > 30 Action 30 > 1 Action 1 > 256 Action 256 > 11 Action 11 > 259 Action 259 > 1 Action 1 > 257 Action 257 > 260 Action 260 > 258 Action 258 > 10 Action 10 > 261 Action 261 > 310 Action 310 > 311 Action 311 > 10 Action 10 > 2 Action 2 > 312 Action 312,hitstun > neutral,5,0,21,0,254464,4,0,975,False,False,False,,,,982,0x00000000 > 0x00100000 > 0x00000000,37 > 24 > 14 > 7 > 2 > 37 > 34 > 30 > 26 > 22 > 18 > 14 > 10 > 6 > 2 > 38 > 35 > 31 > 27 > 23 > 19 > 15 > 10 > 2 > 38 > 34 > 30 > 26 > 22 > 18 > 13 > 6 > 2 > 38 > 33 > 30 > 25 > 21 > 17 > 11 > 2 > 38 > 34 > 30 > 26 > 23 > 18 > 10 > 5 > 39 > 37 > 33 > 20 > 7 > 1 > 34 > 26 > 21 > 17 > 13 > 9 > 5 > 1 > 37 > 30 > 25 > 21 > 17 > 12 > 9 > 5 > 1 > 35 > 26 > 19 > 16 > 12 > 8 > 5 > 1 > 37 > 33 > 29 > 25 > 18 > 12 > 4 > 39 > 32 > 28 > 24 > 20 > 16 > 12 > 6 > 39 > 34 > 29 > 24 > 21 > 16 > 12 > 8 > 4 > 40 > 35 > 31 > 27 > 23 > 19 > 15 > 11 > 6 > 2 > 38 > 34 > 30 > 26 > 22 > 18 > 14 > 10 > 6 > 1 > 37 > 33 > 28 > 24 > 19 > 15 > 12 > 8 > 4 > 40 > 35 > 31 > 27 > 24 > 20 > 16 > 13 > 9 > 5 > 1 > 37 > 34 > 30 > 26 > 22 > 19 > 15 > 11 > 8 > 3 > 38 > 32 > 27 > 22 > 18 > 15 > 11 > 7 > 4 > 40 > 37 > 33 > 30 > 26 > 22 > 18 > 14 > 11 > 7 > 2 > 37 > 33 > 29 > 25 > 22 > 18 > 14 > 10 > 7 > 3 > 39 > 36 > 32 > 28 > 24 > 21 > 17 > 13 > 9 > 5 > 1 > 37 > 33 > 29 > 25 > 18 > 12 > 6 > 2 > 38 > 34 > 30 > 26 > 22 > 18 > 14 > 10 > 6 > 1 > 35 > 30 > 25 > 19 > 15 > 10 > 5 > 1 > 36 > 31 > 27 > 22 > 18 > 14 > 9 > 4 > 39 > 35 > 31 > 28 > 24 > 20 > 16 > 12 > 9 > 5 > 2 > 38 > 35 > 31 > 27 > 24 > 20 > 16 > 13 > 9 > 5 > 1 > 38 > 33 > 26 > 22 > 19 > 15 > 11 > 7 > 4 > 40 > 37 > 33 > 29 > 26 > 21 > 16 > 9 > 4 > 1 > 37 > 34 > 30 > 26 > 22 > 19 > 15 > 11 > 8 > 4 > 1 > 37 > 33 > 29 > 26 > 21 > 13 > 9 > 6 > 2 > 38 > 35 > 31 > 27 > 24 > 20 > 16 > 13 > 9 > 5 > 1 > 38 > 34 > 30 > 27 > 23 > 19 > 15 > 10 > 3 > 39 > 35 > 32 > 28 > 24 > 20 > 17 > 13 > 9 > 2 > 36 > 24 > 17 > 9 > 4 > 36 > 28 > 21 > 17 > 14 > 10 > 3 > 34 > 28 > 23 > 19 > 12 > 6 > 39 > 32 > 26 > 20 > 12 > 5 > 39 > 31 > 25 > 21 > 17 > 9 > 4 > 39 > 33 > 28 > 21 > 16 > 12 > 2 > 35 > 28 > 24 > 20 > 17 > 13 > 5 > 38 > 32 > 27 > 20 > 11 > 4 > 35 > 29 > 26 > 21 > 17 > 14 > 10 > 6 > 2 > 38 > 34 > 26 > 20 > 16 > 12 > 7 > 3 > 40 > 36 > 32 > 26 > 15 > 8 > 1 > 34 > 28 > 22 > 16 > 10 > 6 > 3 > 39 > 35 > 31 > 25 > 16 > 9 > 37 > 27 > 18 > 11 > 4 > 39 > 35 > 31 > 27 > 22 > 18 > 14 > 9 > 5 > 1 > 37 > 33 > 28 > 20 > 14 > 10 > 6 > 2 > 38 > 34 > 30 > 24 > 16 > 9 > 5 > 1 > 37 > 32 > 24 > 19 > 15 > 11 > 7 > 4 > 40 > 33 > 28 > 18 > 12 > 6 > 1 > 34 > 25 > 17 > 12 > 8 > 1 > 34 > 29 > 26 > 22 > 18 > 14 > 10 > 2 > 35 > 25 > 18 > 9 > 3 > 37 > 33 > 29 > 26 > 22 > 18 > 15 > 11 > 7 > 4 > 40 > 32 > 25 > 21 > 17 > 13 > 9 > 6 > 2 > 38 > 35 > 31 > 28 > 24 > 21 > 17 > 13 > 10 > 6 > 2 > 38 > 34 > 31 > 27 > 23 > 20 > 16 > 12 > 8 > 4 > 40 > 36 > 30 > 23 > 20 > 16 > 12 > 8 > 4 > 40 > 36 > 32 > 29 > 25 > 21 > 17 > 13 > 5 > 34 > 19 > 11 > 6 > 2 > 38 > 34 > 30 > 26 > 22 > 18 > 14 > 10 > 7 > 2 > 35 > 30 > 27 > 23 > 19 > 15 > 11 > 7 > 3 > 39 > 35 > 31 > 27 > 24 > 20 > 16 > 13 > 9 > 5 > 1 > 37 > 34 > 30 > 26 > 22 > 17 > 11 > 7 > 3 > 40 > 36 > 30 > 24 > 18 > 14 > 10 > 5 > 37 > 32 > 29 > 17 > 8 > 2 > 36 > 30 > 24 > 18 > 16 > 14 > 10 > 1 > 37 > 34 > 29 > 25 > 21 > 17 > 13 > 8 > 2 > 38 > 34 > 30 > 25 > 21 > 18 > 14 > 11 > 7 > 4 > 40 > 37 > 31 > 25 > 18 > 15 > 11 > 7 > 3 > 40 > 36 > 32 > 28 > 25 > 19 > 11 > 5 > 39 > 34 > 30 > 27 > 23 > 19 > 15 > 12 > 8 > 4 > 1 > 37 > 31 > 25 > 20 > 16 > 13 > 9 > 6 > 2 > 38 > 34 > 30 > 26 > 23 > 19 > 15 > 11 > 7 > 4 > 40 > 36 > 32 > 31 > 29 > 27 > 26 > 23 > 21 > 17 > 13 > 8 > 5 > 2 > 39 > 36 > 33 > 28 > 20 > 16 > 13 > 8 > 5 > 1 > 37 > 34 > 29 > 26 > 23 > 19 > 15 > 11 > 5 > 39 > 33 > 29 > 24 > 22 > 18 > 14 > 8 > 3 > 36 > 32 > 27 > 24 > 20 > 16 > 12 > 8 > 4 > 40 > 35 > 31 > 28 > 21 > 13 > 9 > 4 > 40 > 36 > 33 > 29 > 25 > 21 > 17 > 13 > 8 > 4 > 40 > 34 > 27 > 22 > 17 > 13 > 10 > 6 > 1 > 34 > 29 > 25 > 19 > 13 > 9 > 5 > 1 > 37 > 34 > 30 > 26 > 23 > 19 > 15 > 11 > 8 > 4 > 40 > 36 > 32 > 29 > 25 > 21 > 18 > 14 > 10 > 6 > 39 > 33 > 28 > 24 > 20 > 16 > 12 > 8 > 5 > 1 > 37 > 34 > 30 > 26 > 21 > 16 > 12 > 10 > 7 > 4 > 39 > 31 > 26 > 23 > 19 > 16 > 12 > 8 > 4 > 40 > 36 > 32 > 29 > 25 > 21 > 15 > 13 > 8 > 4 > 40 > 36 > 32 > 28 > 21 > 16 > 12 > 8 > 4 > 40 > 36 > 32 > 28 > 22 > 15 > 9 > 4 > 39 > 36 > 32 > 28 > 24 > 21 > 17 > 14 > 11 > 8 > 4 > 1 > 37 > 33 > 29 > 24 > 19 > 12 > 8 > 4 > 40 > 36 > 30 > 25 > 19 > 14 > 9 > 6 > 2 > 38 > 34 > 30 > 27 > 23 > 18 > 14 > 10 > 6 > 39 > 33 > 27 > 23 > 18 > 11 > 5 > 1 > 38 > 34 > 30 > 26 > 22 > 17 > 11 > 4 > 40 > 36 > 32 > 29 > 25 > 21 > 18 > 14 > 10 > 6 > 3 > 39 > 36 > 32 > 28 > 24 > 14 > 37 > 30 > 26 > 20 > 0 > 37 > 31 > 26 > 20 > 12 > 0 > 40 > 33 > 27 > 19 > 38 > 32 > 27 > 22 > 19 > 15 > 11 > 39 > 35 > 31 > 26 > 22 > 40 > 34 > 30 > 25 > 22 > 39 > 31 > 20 > 13 > 39 > 30 > 23 > 17 > 13 > 35 > 25 > 16 > 0 > 33 > 28 > 23 > 19 > 14 > 7 > 1 > 36 > 27 > 22 > 19 > 14 > 10 > 6 > 2 > 38 > 34 > 35 > 28 > 24 > 19 > 15 > 11 > 7 > 3 > 38 > 34 > 31 > 27 > 40 > 28 > 24 > 19 > 15 > 11 > 6 > 1 > 37,0,0 > 16 > 0 > 32 > 160 > 0 > 32 > 0 > 32 > 160 > 0 > 32 > 0 > 32 > 0 > 32 > 0,64 > 192 > 2 > 0 > 1 > 65 > 193 > 65 > 193 > 1 > 0 > 1 > 0 > 1 > 0 > 1 > 0 > 1 > 0 > 1 > 0,0 > 4 > 16 > 0 > 4 > 0,0 > 64 > 72 > 0 > 72 > 0 > 64 > 0 > 64 > 0 > 64 > 72 > 0 > 8 > 0,+0x1210 held instead of decrementing on one or more sampled frames
2026-07-27T00:37:43Z,695,1001,306,P2-C1,P2,0x927EB9E0,17,Viewtiful Joe,hit,4617,Action 4617,1,Action 1,4617 Action 4617 > 102 Knockdown Face Up > 103 Wakeup Transition > 113 Get Up Face Up > 1 Action 1 > 4613 Action 4613 > 74 Knockdown Face Down > 104 Knockdown Face Down > 119 Get Up Face Down > 1 Action 1 > 89 Spiral Knockdown > 102 Knockdown Face Up > 103 Wakeup Transition > 113 Get Up Face Up > 1 Action 1 > 64 Standing Hitstun > 1 Action 1,hitstun > knockdown > wakeup > hitstun > knockdown > wakeup > hitstun > knockdown > wakeup > hitstun > neutral,0,0,21,20,255488,4,0,300,True,True,False,45,50,,306,0x00000000,0 > 37 > 33 > 29 > 25 > 22 > 38 > 34 > 31 > 27 > 23 > 19 > 16 > 12 > 8 > 4 > 40 > 37 > 33 > 29 > 26 > 22 > 18 > 13 > 7 > 1 > 36 > 32 > 28 > 24 > 23 > 20 > 16 > 12 > 8 > 4 > 1 > 37 > 33 > 27 > 25 > 20 > 16 > 12 > 8 > 0 > 37 > 33 > 28 > 22 > 35 > 31 > 27 > 23 > 20 > 16 > 12 > 9 > 5 > 1 > 37 > 34 > 30 > 27 > 23 > 19 > 15 > 5 > 39 > 32 > 28 > 22 > 0 > 35 > 30 > 25 > 22 > 38 > 34 > 30 > 26 > 22 > 18 > 14 > 9 > 5 > 40 > 31 > 27 > 22 > 19 > 12 > 1 > 30 > 24 > 16 > 7 > 40 > 34 > 30 > 21 > 11 > 2 > 26 > 18 > 13 > 8 > 4 > 39 > 32 > 26 > 16 > 7 > 2 > 39 > 35 > 30 > 26 > 22 > 18 > 14 > 6 > 39 > 35 > 30 > 26 > 22 > 18 > 14 > 9 > 5 > 2 > 38 > 33 > 25 > 20 > 16 > 11 > 7 > 3 > 38 > 33 > 29 > 25 > 21 > 17 > 13 > 9 > 5 > 2 > 36 > 27 > 0 > 32 > 21 > 14,0,8 > 0 > 64 > 0 > 160 > 168 > 0 > 8 > 0 > 160 > 168 > 0 > 160 > 168 > 160 > 168 > 160 > 168 > 160 > 168 > 160 > 168 > 160 > 168 > 40 > 8 > 160,64 > 192 > 0 > 1 > 0 > 64 > 192 > 0 > 1 > 64 > 192 > 0 > 1 > 0 > 1,32 > 0 > 4 > 0 > 32 > 0 > 4 > 0 > 4 > 0 > 4 > 0,0,+0x1228 secondary reaction timer observed; +0x1210 held instead of decrementing on one or more sampled frames
2026-07-27T00:37:45Z,1013,1025,12,P2-C1,P2,0x927EB9E0,17,Viewtiful Joe,hit,1,Action 1,1,Action 1,1 Action 1 > 91 Soft Knockdown > 30 Action 30 > 1 Action 1 > 91 Soft Knockdown > 160 Air Recovery > 30 Action 30 > 1 Action 1,hitstun > knockdown > neutral > knockdown > air_recovery > neutral,0,0,21,21,0,6,0,5,True,False,True,1,,9,12,0x00000000,26 > 0 > 38 > 36 > 0 > 37 > 38 > 34,0,0 > 8 > 168 > 8 > 0 > 8 > 40 > 168,0 > 64 > 192 > 1 > 64 > 192 > 1,0,0,+0x1228 secondary reaction timer observed; +0x1210 held instead of decrementing on one or more sampled frames
2026-07-27T00:37:46Z,1026,1032,6,P2-C1,P2,0x927EB9E0,17,Viewtiful Joe,hit,1,Action 1,1,Action 1,1 Action 1 > 91 Soft Knockdown > 30 Action 30 > 1 Action 1,hitstun > knockdown > neutral,0,0,21,21,0,0,0,3,True,False,False,1,,,6,0x00000000,30 > 0 > 38 > 33 > 27,0,0 > 8 > 0 > 32 > 160,0 > 64 > 192 > 1,0,0,+0x1228 secondary reaction timer observed; +0x1210 held instead of decrementing on one or more sampled frames
2026-07-27T00:38:04Z,1272,1280,8,P2-C1,P2,0x927EB9E0,17,Viewtiful Joe,hit,64,Standing Hitstun,1,Action 1,64 Standing Hitstun > 1 Action 1,hitstun > neutral,0,0,21,20,0,0,0,1,False,False,False,,,,8,0x00000000,0 > 37 > 33 > 29,0,0 > 8 > 168,0 > 1,4 > 0,0,+0x1228 secondary reaction timer observed; +0x1210 held instead of decrementing on one or more sampled frames
2026-07-27T00:38:15Z,1331,1433,102,P2-C1,P2,0x927EB9E0,17,Viewtiful Joe,hit,64,Standing Hitstun,1,Action 1,64 Standing Hitstun > 4616 Action 4616 > 119 Get Up Face Down > 1 Action 1 > 64 Standing Hitstun > 1 Action 1,hitstun > wakeup > hitstun > neutral,0,0,23,23,255488,4,1,82,False,True,False,,50,,102,0x00000000,0 > 40 > 34 > 29 > 25 > 0 > 37 > 34 > 30 > 26 > 22 > 18 > 16 > 15 > 11 > 7 > 0 > 34 > 29 > 25,0,8 > 0 > 8 > 0 > 160 > 168 > 8 > 160,0 > 1 > 0 > 1,4 > 32 > 0 > 4 > 0 > 4 > 0,0,+0x1228 secondary reaction timer observed; +0x1210 held instead of decrementing on one or more sampled frames
2026-07-27T00:43:56Z,5687,6183,496,P2-C1,P2,0x927EB9E0,17,Viewtiful Joe,hit,1,Action 1,1,Action 1,1 Action 1 > 79 Stagger > 1 Action 1 > 64 Standing Hitstun > 91 Soft Knockdown > 160 Air Recovery > 30 Action 30 > 1 Action 1 > 66 Low Hitstun > 1 Action 1,hitstun > knockdown > air_recovery > hitstun > neutral,0,0,21,21,0,1,0,486,True,False,True,485,,489,496,0x00000000,22 > 0 > 31 > 24 > 20 > 16 > 13 > 8 > 5 > 1 > 38 > 33 > 29 > 25 > 21 > 17 > 9 > 4 > 38 > 32 > 28 > 25 > 21 > 16 > 13 > 9 > 5 > 1 > 37 > 32 > 23 > 16 > 10 > 6 > 3 > 39 > 35 > 31 > 28 > 24 > 20 > 15 > 12 > 8 > 4 > 40 > 36 > 32 > 28 > 24 > 20 > 16 > 11 > 7 > 3 > 38 > 34 > 30 > 27 > 23 > 19 > 15 > 11 > 6 > 2 > 38 > 34 > 30 > 26 > 22 > 17 > 13 > 9 > 5 > 1 > 36 > 31 > 26 > 20 > 16 > 12 > 7 > 1 > 37 > 32 > 27 > 19 > 14 > 9 > 5 > 40 > 36 > 32 > 27 > 22 > 17 > 12 > 7 > 3 > 40 > 36 > 32 > 28 > 23 > 19 > 15 > 11 > 7 > 3 > 39 > 35 > 31 > 28 > 24 > 20 > 16 > 12 > 8 > 4 > 1 > 37 > 33 > 29 > 25 > 21 > 17 > 13 > 9 > 5 > 1 > 37 > 33 > 30 > 26 > 22 > 18 > 14 > 10 > 6 > 2 > 38 > 34 > 30 > 26 > 22 > 18 > 14 > 10 > 7 > 3 > 39 > 35 > 32 > 28 > 24 > 20 > 16 > 13 > 9 > 5 > 1 > 37 > 33 > 29 > 25 > 21 > 17 > 14 > 10 > 6 > 2 > 37 > 33 > 30 > 26 > 22 > 18 > 15 > 11 > 7 > 3 > 40 > 36 > 32 > 28 > 24 > 20 > 16 > 12 > 8 > 4 > 40 > 36 > 33 > 29 > 25 > 21 > 17 > 13 > 9 > 6 > 2 > 38 > 34 > 30 > 26 > 22 > 17 > 13 > 7 > 2 > 38 > 34 > 30 > 26 > 22 > 18 > 13 > 9 > 4 > 40 > 36 > 32 > 28 > 24 > 19 > 15 > 10 > 6 > 1 > 37 > 32 > 28 > 23 > 15 > 10 > 6 > 4 > 35 > 31 > 27 > 23 > 19 > 14 > 10 > 4 > 39 > 33 > 28 > 23 > 17 > 13 > 9 > 4 > 38 > 31 > 26 > 21 > 16 > 12 > 8 > 4 > 40 > 34 > 30 > 25 > 20 > 14 > 10 > 5 > 1 > 38 > 34 > 30 > 26 > 22 > 17 > 13 > 9 > 5 > 1 > 36 > 32 > 28 > 25 > 20 > 16 > 12 > 8 > 2 > 36 > 31 > 27 > 24 > 20 > 15 > 10 > 6 > 3 > 36 > 30 > 26 > 22 > 18 > 14 > 10 > 6 > 1 > 37 > 32 > 28 > 24 > 20 > 16 > 12 > 8 > 4 > 40 > 37 > 33 > 29 > 26 > 22 > 18 > 14 > 11 > 7 > 3 > 39 > 35 > 31 > 28 > 24 > 20 > 16 > 12 > 8 > 4 > 1 > 37 > 33 > 29 > 26 > 22 > 18 > 15 > 11 > 7 > 4 > 40 > 36 > 32 > 29 > 25 > 21 > 17 > 13 > 9 > 5 > 1 > 37 > 33 > 29 > 25 > 22 > 18 > 14 > 11 > 7 > 3 > 39 > 36 > 32 > 28 > 24 > 20 > 16 > 12 > 8 > 3 > 39 > 35 > 31 > 27 > 23 > 19 > 15 > 10 > 7 > 3 > 39 > 35 > 31 > 27 > 23 > 20 > 16 > 12 > 8 > 4 > 40 > 36 > 32 > 28 > 23 > 14 > 7 > 3 > 39 > 36 > 32 > 28 > 24 > 21 > 17 > 12 > 8 > 4 > 38 > 30 > 24 > 20 > 16 > 12 > 9 > 5 > 1 > 37 > 33 > 29 > 25 > 22 > 18 > 14 > 10 > 6 > 2 > 38 > 34 > 31 > 27 > 23 > 19 > 15 > 11 > 8 > 4 > 40 > 36 > 33 > 29 > 25 > 21 > 18 > 14 > 9 > 5 > 2 > 38 > 34 > 30 > 26 > 23 > 19 > 15 > 11 > 7 > 1 > 0 > 35 > 0 > 32 > 21 > 11,0,0 > 8 > 0 > 160 > 168 > 160 > 168 > 8 > 0 > 8 > 0 > 32 > 160 > 168 > 8 > 160,0 > 1 > 0 > 64 > 192 > 193 > 1 > 0 > 1,0 > 4 > 0 > 4 > 0 > 128 > 0 > 4 > 0,0,+0x1228 secondary reaction timer observed; +0x1210 held instead of decrementing on one or more sampled frames
2026-07-27T00:43:58Z,6189,6200,11,P2-C1,P2,0x927EB9E0,17,Viewtiful Joe,hit,1,Action 1,1,Action 1,1 Action 1 > 64 Standing Hitstun > 1 Action 1 > 64 Standing Hitstun > 1 Action 1,hitstun > neutral > hitstun > neutral,0,0,17,17,0,0,0,1,False,False,False,,,,11,0x00000000,18 > 0 > 40 > 30 > 0 > 34 > 21 > 16,0,168 > 8 > 168 > 8 > 136 > 168,1 > 0 > 1 > 0 > 1,0 > 4 > 0 > 4 > 0,0,+0x1228 secondary reaction timer observed; +0x1210 held instead of decrementing on one or more sampled frames
2026-07-27T00:44:00Z,6210,6215,5,P2-C1,P2,0x927EB9E0,17,Viewtiful Joe,hit,1,Action 1,1,Action 1,1 Action 1 > 66 Low Hitstun > 1 Action 1,hitstun > neutral,0,0,12,12,0,0,0,0,False,False,False,,,,5,0x00000000,36 > 0 > 34 > 24 > 20,0,168 > 8 > 160,1 > 0 > 1,0 > 4 > 0,0,+0x1228 secondary reaction timer observed
2026-07-27T00:44:17Z,6435,6444,9,P2-C1,P2,0x927EB9E0,17,Viewtiful Joe,hit,64,Standing Hitstun,1,Action 1,64 Standing Hitstun > 1 Action 1,hitstun > neutral,0,0,21,20,0,0,0,2,False,False,False,,,,9,0x00000000,0 > 40 > 31 > 19 > 10,0,8 > 160,0 > 1,4 > 0,0,+0x1228 secondary reaction timer observed; +0x1210 held instead of decrementing on one or more sampled frames
2026-07-27T00:44:21Z,6487,6495,8,P2-C1,P2,0x927EB9E0,17,Viewtiful Joe,hit,64,Standing Hitstun,1,Action 1,64 Standing Hitstun > 1 Action 1,hitstun > neutral,0,0,17,16,0,0,0,2,False,False,False,,,,8,0x00000000,0 > 40 > 32 > 25 > 14,0,40 > 8 > 160,1 > 0 > 1,4 > 0,0,+0x1228 secondary reaction timer observed; +0x1210 held instead of decrementing on one or more sampled frames
2026-07-27T00:44:46Z,6828,6834,6,P2-C1,P2,0x927EB9E0,17,Viewtiful Joe,hit,64,Standing Hitstun,1,Action 1,64 Standing Hitstun > 1 Action 1,hitstun > neutral,0,0,21,20,0,0,0,1,False,False,False,,,,6,0x00000000,0 > 36 > 23 > 14,0,8 > 160,0 > 1,4 > 0,0,+0x1228 secondary reaction timer observed; +0x1210 held instead of decrementing on one or more sampled frames
2026-07-27T00:45:52Z,7759,7765,6,P2-C1,P2,0x927EB9E0,17,Viewtiful Joe,hit,64,Standing Hitstun,1,Action 1,64 Standing Hitstun > 1 Action 1,hitstun > neutral,0,0,21,20,0,0,1,1,False,False,False,,,,6,0x00000000,0 > 34 > 24 > 16,0,40 > 8 > 160,1 > 0 > 1,4 > 0,0,+0x1228 secondary reaction timer observed; +0x1210 held instead of decrementing on one or more sampled frames
2026-07-27T00:45:53Z,7775,7783,8,P2-C1,P2,0x927EB9E0,17,Viewtiful Joe,hit,1,Action 1,1,Action 1,1 Action 1 > 64 Standing Hitstun > 1 Action 1,hitstun > neutral,0,0,17,16,0,0,0,1,False,False,False,,,,8,0x00000000,0 > 40 > 31 > 19,0,168 > 8 > 136 > 160,1 > 0 > 1,0 > 4 > 0,0,+0x1228 secondary reaction timer observed; +0x1210 held instead of decrementing on one or more sampled frames
2026-07-27T00:57:40Z,17420,17427,7,P2-C1,P2,0x927EB9E0,17,Viewtiful Joe,hit,64,Standing Hitstun,1,Action 1,64 Standing Hitstun > 1 Action 1,hitstun > neutral,0,0,21,20,0,0,0,1,False,False,False,,,,7,0x00000000,0 > 31 > 14 > 1,0,8 > 160,0 > 1,4 > 0,0,+0x1228 secondary reaction timer observed; +0x1210 held instead of decrementing on one or more sampled frames
2026-07-27T00:59:50Z,19202,19209,7,P2-C1,P2,0x927EB9E0,17,Viewtiful Joe,hit,1,Action 1,1,Action 1,1 Action 1 > 64 Standing Hitstun > 1 Action 1,hitstun > neutral,0,0,21,20,0,0,0,2,False,False,False,,,,7,0x00000000,0 > 39 > 31 > 17 > 8,0,0 > 8 > 160,0 > 1,0 > 4 > 0,0,+0x1228 secondary reaction timer observed; +0x1210 held instead of decrementing on one or more sampled frames
2026-07-27T01:07:52Z,51,57,6,P2-C1,P2,0x927EB9E0,17,Viewtiful Joe,hit,64,Standing Hitstun,1,Action 1,64 Standing Hitstun > 1 Action 1,hitstun > neutral,0,0,17,16,0,0,1,0,False,False,False,,,,6,0x00000000,0 > 30 > 23 > 19,0,40 > 8 > 0 > 160 > 168,1 > 0 > 1,4 > 0,0,+0x1228 secondary reaction timer observed
2026-07-27T01:07:55Z,88,95,7,P2-C1,P2,0x927EB9E0,17,Viewtiful Joe,hit,1,Action 1,1,Action 1,1 Action 1 > 91 Soft Knockdown > 160 Air Recovery > 1 Action 1,hitstun > knockdown > air_recovery > neutral,0,0,21,20,0,1,0,3,True,False,True,1,,4,7,0x00000000,0 > 33 > 23 > 15,0,0 > 8 > 160 > 168,0 > 64 > 192 > 1,0,0,+0x1228 secondary reaction timer observed; +0x1210 held instead of decrementing on one or more sampled frames
2026-07-27T01:07:57Z,96,110,14,P2-C1,P2,0x927EB9E0,17,Viewtiful Joe,hit,66,Low Hitstun,1,Action 1,66 Low Hitstun > 64 Standing Hitstun > 1 Action 1,hitstun > neutral,0,0,21,20,0,0,0,4,False,False,False,,,,14,0x00000000,0 > 36 > 25 > 21,0,8 > 160,0 > 1,4 > 0,0,+0x1228 secondary reaction timer observed; +0x1210 held instead of decrementing on one or more sampled frames
2026-07-27T10:37:25Z,0,251,251,P2-C1,P2,0x927EB9E0,1,Ken the Eagle,hit,1,Action 1,1,Action 1,1 Action 1 > 64 Standing Hitstun > 1 Action 1,hitstun > neutral,0,0,21,20,0,0,0,244,False,False,False,,,,251,0x00000000,14 > 13 > 9 > 5 > 40 > 36 > 31 > 27 > 23 > 19 > 15 > 11 > 7 > 3 > 39 > 35 > 30 > 26 > 22 > 17 > 10 > 3 > 38 > 34 > 30 > 26 > 19 > 12 > 7 > 2 > 38 > 32 > 24 > 18 > 12 > 8 > 4 > 39 > 35 > 31 > 27 > 23 > 16 > 8 > 3 > 40 > 35 > 30 > 25 > 18 > 10 > 6 > 2 > 38 > 33 > 29 > 25 > 21 > 17 > 12 > 8 > 4 > 1 > 30 > 24 > 19 > 14 > 10 > 6 > 2 > 37 > 31 > 22 > 17 > 13 > 9 > 5 > 0 > 38 > 30 > 21 > 14,0,160 > 168 > 160 > 168 > 160 > 168 > 160 > 168 > 160 > 168 > 160 > 168 > 40 > 8 > 168,1 > 0 > 1,0 > 4 > 0,0,+0x1228 secondary reaction timer observed; +0x1210 held instead of decrementing on one or more sampled frames
2026-07-27T10:37:26Z,252,258,6,P2-C1,P2,0x927EB9E0,1,Ken the Eagle,hit,64,Standing Hitstun,1,Action 1,64 Standing Hitstun > 1 Action 1,hitstun > neutral,0,0,21,20,0,0,1,0,False,False,False,,,,6,0x00000000,0 > 35 > 28 > 24,0,8 > 168,0 > 1,4 > 0,0,+0x1228 secondary reaction timer observed
2026-07-27T10:37:27Z,262,267,5,P2-C1,P2,0x927EB9E0,1,Ken the Eagle,hit,64,Standing Hitstun,1,Action 1,64 Standing Hitstun > 1 Action 1,hitstun > neutral,0,0,21,20,0,0,0,0,False,False,False,,,,5,0x00000000,0 > 30 > 21 > 16,0,8 > 160,0 > 1,4 > 0,0,+0x1228 secondary reaction timer observed
2026-07-27T10:38:48Z,1808,1864,56,P2-C1,P2,0x927EB9E0,12,Ryu,hit,79,Stagger,1,Action 1,79 Stagger > 91 Soft Knockdown > 160 Air Recovery > 1 Action 1 > 80 Hard Knockdown > 73 Knockdown Face Up > 113 Get Up Face Up > 1 Action 1 > 80 Hard Knockdown > 73 Knockdown Face Up > 113 Get Up Face Up > 1 Action 1 > 80 Hard Knockdown > 73 Knockdown Face Up > 113 Get Up Face Up > 1 Action 1 > 91 Soft Knockdown > 1 Action 1,hitstun > knockdown > air_recovery > hitstun > knockdown > wakeup > hitstun > knockdown > wakeup > hitstun > knockdown > wakeup > hitstun > knockdown > neutral,0,0,21,21,255488,5,0,52,True,True,True,4,16,6,56,0x00000000,0 > 40 > 37 > 27 > 0 > 36 > 39 > 32 > 0 > 33 > 22 > 35 > 30 > 25 > 0 > 34 > 26 > 22 > 36 > 31 > 25 > 20 > 15 > 0 > 38 > 37 > 32 > 27,0,8 > 0 > 8 > 168 > 8 > 168 > 8 > 168 > 8 > 0 > 8 > 168 > 8 > 168,0 > 64 > 192 > 1 > 64 > 192 > 0 > 1 > 64 > 192 > 0 > 1 > 64 > 192 > 0 > 1 > 64 > 192 > 1,4 > 0 > 4 > 0 > 4 > 0 > 4 > 0,0,+0x1228 secondary reaction timer observed; +0x1210 held instead of decrementing on one or more sampled frames
2026-07-27T10:39:38Z,1936,2291,355,P2-C1,P2,0x927EB9E0,12,Ryu,hit,89,Spiral Knockdown,1,Action 1,89 Spiral Knockdown > 102 Knockdown Face Up > 113 Get Up Face Up > 1 Action 1 > 4609 Action 4609 > 91 Soft Knockdown > 30 Action 30 > 79 Stagger > 91 Soft Knockdown > 30 Action 30 > 96 Soft Knockdown > 102 Knockdown Face Up > 113 Get Up Face Up > 1 Action 1 > 80 Hard Knockdown > 73 Knockdown Face Up > 113 Get Up Face Up > 1 Action 1 > 89 Spiral Knockdown > 102 Knockdown Face Up > 113 Get Up Face Up > 1 Action 1 > 64 Standing Hitstun > 66 Low Hitstun > 96 Soft Knockdown > 102 Knockdown Face Up > 105 OTG Face Up > 113 Get Up Face Up > 1 Action 1 > 64 Standing Hitstun > 66 Low Hitstun > 96 Soft Knockdown > 91 Soft Knockdown > 1 Action 1 > 80 Hard Knockdown > 73 Knockdown Face Up > 113 Get Up Face Up > 1 Action 1 > 4611 Action 4611 > 119 Get Up Face Down > 1 Action 1 > 79 Stagger > 4611 Action 4611 > 104 Knockdown Face Down > 119 Get Up Face Down > 1 Action 1 > 4625 Action 4625 > 61 Stunned > 91 Soft Knockdown > 30 Action 30 > 1 Action 1,knockdown > wakeup > hitstun > knockdown > neutral > hitstun > knockdown > hitstun > knockdown > wakeup > hitstun > knockdown > wakeup > hitstun > knockdown > wakeup > hitstun > knockdown > wakeup > hitstun > knockdown > neutral > knockdown > wakeup > hitstun > wakeup > hitstun > knockdown > wakeup > hitstun > knockdown > neutral,0,0,21,21,255488,4,0,336,True,True,False,0,18,,355,0x00000000,0 > 36 > 32 > 28 > 24 > 39 > 35 > 30 > 26 > 21 > 16 > 11 > 7 > 0 > 40 > 0 > 34 > 29 > 24 > 40 > 35 > 31 > 0 > 38 > 33 > 29 > 24 > 39 > 0 > 37 > 29 > 40 > 33 > 0 > 34 > 25 > 40 > 35 > 0 > 39 > 25 > 0 > 37 > 28 > 33 > 0 > 36 > 29 > 0 > 33 > 28 > 24 > 19 > 10 > 40 > 36 > 31 > 26 > 22 > 17 > 8 > 35 > 24 > 20 > 15 > 7 > 37 > 27 > 14 > 4 > 39 > 35 > 31 > 26 > 21 > 16 > 7 > 34 > 28 > 16 > 6 > 40 > 32 > 22 > 18 > 13 > 8 > 3 > 38 > 0 > 39 > 33 > 25 > 36 > 31 > 27 > 22 > 14 > 7 > 40 > 36 > 31 > 26 > 22 > 17 > 12 > 3 > 34 > 26 > 16 > 8 > 6 > 3 > 38 > 33 > 29 > 24 > 19 > 14 > 8 > 2 > 31 > 28 > 26 > 21 > 16 > 12 > 7 > 2 > 36 > 30 > 25 > 20 > 16 > 12 > 6 > 1 > 37 > 32 > 27 > 22 > 18 > 12 > 8 > 3 > 39 > 34 > 0 > 37 > 22 > 10,0,40 > 8 > 0 > 160 > 168 > 0 > 16 > 0 > 8 > 40 > 8 > 40 > 8 > 0 > 8 > 168 > 0 > 8 > 0 > 8 > 168 > 40 > 8 > 0 > 8 > 0 > 168 > 8 > 0 > 8 > 0 > 128 > 168 > 8 > 0 > 8 > 168 > 8 > 0 > 8 > 160 > 8 > 24 > 8 > 0 > 8 > 168 > 160 > 168 > 160 > 168 > 160 > 168 > 160 > 168 > 8 > 24 > 8 > 0 > 64 > 8 > 168 > 160 > 168 > 160 > 168 > 160 > 168 > 0 > 8 > 0 > 8 > 0 > 8 > 40 > 160 > 168,1 > 64 > 192 > 0 > 1 > 0 > 64 > 1 > 0 > 64 > 192 > 1 > 64 > 192 > 0 > 1 > 0 > 64 > 192 > 0 > 1 > 65 > 64 > 192 > 0 > 1 > 0 > 64 > 192 > 0 > 1 > 0 > 64 > 192 > 1 > 64 > 192 > 0 > 1 > 0 > 64 > 0 > 1 > 0 > 64 > 0 > 1 > 0 > 64 > 1,0 > 4 > 0 > 4 > 0 > 4 > 0 > 4 > 0 > 4 > 0 > 4 > 0 > 4 > 0 > 4 > 0 > 4 > 0 > 4 > 0 > 4 > 0 > 4 > 0,0 > 2 > 0,+0x1228 secondary reaction timer observed; +0x1210 held instead of decrementing on one or more sampled frames
2026-07-27T10:39:49Z,2292,2362,70,P2-C1,P2,0x927EB9E0,12,Ryu,hit,94,Back Turn,1,Action 1,94 Back Turn > 1 Action 1 > 94 Back Turn > 32 Action 32 > 1 Action 1 > 94 Back Turn > 32 Action 32 > 1 Action 1 > 94 Back Turn > 32 Action 32 > 94 Back Turn > 1 Action 1 > 94 Back Turn > 91 Soft Knockdown > 160 Air Recovery > 1 Action 1,hitstun > knockdown > air_recovery > neutral,0,0,21,21,0,3,0,66,True,False,True,64,,67,70,0x00000000,0 > 40 > 31 > 0 > 40 > 35 > 25 > 15 > 4 > 35 > 25 > 0 > 38 > 34 > 21 > 8 > 1 > 0 > 34 > 0 > 36 > 28 > 21 > 14 > 4 > 32 > 26 > 15 > 7 > 40 > 0 > 38 > 32 > 25 > 19,0,8 > 168 > 8 > 40 > 168 > 160 > 168 > 8 > 0 > 8 > 40 > 168 > 160 > 168 > 8 > 0 > 8 > 40 > 8 > 168 > 160 > 168 > 8 > 0 > 8 > 168,0 > 1 > 0 > 1 > 0 > 1 > 0 > 1 > 0 > 1 > 0 > 64 > 192 > 1,4 > 0 > 4 > 0 > 4 > 0 > 4 > 0 > 4 > 0 > 4 > 0,0,+0x1228 secondary reaction timer observed; +0x1210 held instead of decrementing on one or more sampled frames
2026-07-27T10:39:53Z,2363,2384,21,P2-C1,P2,0x927EB9E0,12,Ryu,hit,94,Back Turn,1,Action 1,94 Back Turn > 4611 Action 4611 > 103 Wakeup Transition > 113 Get Up Face Up > 1 Action 1 > 91 Soft Knockdown > 30 Action 30 > 1 Action 1,hitstun > wakeup > hitstun > knockdown > neutral,0,0,21,20,255488,4,0,18,True,True,False,16,12,,21,0x00000000,0 > 32 > 23 > 32 > 0 > 37 > 26 > 19,0,8 > 0 > 8 > 24 > 8 > 64 > 0 > 168 > 8 > 0 > 160,0 > 1 > 64 > 192 > 1,4 > 0 > 4 > 0,0,+0x1228 secondary reaction timer observed; +0x1210 held instead of decrementing on one or more sampled frames
2026-07-27T10:41:14Z,3377,3578,201,P2-C1,P2,0x927EB9E0,12,Ryu,hit,1,Action 1,1,Action 1,1 Action 1 > 79 Stagger > 91 Soft Knockdown > 97 Launched > 91 Soft Knockdown > 160 Air Recovery > 1 Action 1 > 73 Knockdown Face Up > 113 Get Up Face Up > 1 Action 1 > 80 Hard Knockdown > 73 Knockdown Face Up > 113 Get Up Face Up > 1 Action 1 > 82 Bounce Off > 91 Soft Knockdown > 4615 Action 4615 > 4613 Action 4613 > 102 Knockdown Face Up > 113 Get Up Face Up > 1 Action 1 > 4611 Action 4611 > 91 Soft Knockdown > 97 Launched > 91 Soft Knockdown > 160 Air Recovery > 30 Action 30 > 1 Action 1 > 64 Standing Hitstun > 91 Soft Knockdown > 1 Action 1,hitstun > knockdown > hitstun > knockdown > air_recovery > hitstun > knockdown > wakeup > hitstun > knockdown > wakeup > hitstun > knockdown > hitstun > knockdown > wakeup > hitstun > knockdown > hitstun > knockdown > air_recovery > hitstun > knockdown > neutral,1,0,21,21,255488,4,1,179,True,True,True,4,16,11,201,0x00000000,0 > 24 > 0 > 33 > 39 > 18 > 2 > 22 > 11 > 35 > 16 > 3 > 31 > 24 > 18 > 12 > 6 > 1 > 34 > 28 > 19 > 7 > 33 > 19 > 6 > 36 > 28 > 22 > 16 > 10 > 4 > 39 > 34 > 23 > 11 > 4 > 36 > 29 > 19 > 8 > 0 > 38 > 28 > 0 > 35 > 30 > 24 > 14 > 0 > 29 > 15 > 4 > 35 > 23 > 13 > 4 > 34 > 24 > 18 > 12 > 5 > 39 > 34 > 0 > 39 > 38 > 23 > 12 > 1 > 25 > 11 > 31 > 26 > 19 > 0 > 35 > 21 > 6,0,168 > 8 > 0 > 8 > 0 > 8 > 0 > 8 > 40 > 168 > 8 > 168 > 160 > 168 > 160 > 168 > 160 > 168 > 160 > 168 > 160 > 32 > 0 > 8 > 168 > 160 > 0 > 8 > 0 > 8 > 24 > 8 > 168 > 160 > 168 > 8 > 0 > 8 > 16 > 8 > 40 > 168 > 8 > 0 > 8 > 168 > 160,1 > 0 > 64 > 192 > 193 > 1 > 0 > 1 > 65 > 64 > 192 > 0 > 1 > 64 > 192 > 64 > 0 > 64 > 0 > 1 > 0 > 192 > 64 > 193 > 1 > 0 > 64 > 192 > 1,0 > 4 > 0 > 128 > 0 > 4 > 0 > 4 > 0 > 32 > 0 > 4 > 0 > 32 > 0 > 128 > 0 > 4 > 0,0,+0x1228 secondary reaction timer observed; +0x1210 held instead of decrementing on one or more sampled frames
2026-07-28T10:21:42Z,2714,2744,30,P2-C1,P2,0x927EB9E0,12,Ryu,hit,64,Standing Hitstun,1,Action 1,64 Standing Hitstun > 66 Low Hitstun > 64 Standing Hitstun > 66 Low Hitstun > 64 Standing Hitstun > 1 Action 1 > 79 Stagger > 91 Soft Knockdown > 1 Action 1,hitstun > knockdown > neutral,0,0,22,21,0,0,0,12,True,False,False,17,,,30,0x00000000,0 > 36 > 32 > 28,0,8 > 0 > 8 > 0 > 160,0 > 64 > 192 > 64 > 192 > 64 > 192 > 1,4 > 0 > 4 > 0,0,+0x1228 secondary reaction timer observed; +0x1210 held instead of decrementing on one or more sampled frames
2026-07-28T10:22:31Z,2749,3221,472,P2-C1,P2,0x927EB9E0,12,Ryu,hit,91,Soft Knockdown,1,Action 1,91 Soft Knockdown > 160 Air Recovery > 30 Action 30 > 1 Action 1 > 4621 Action 4621 > 74 Knockdown Face Down > 104 Knockdown Face Down > 119 Get Up Face Down > 1 Action 1 > 89 Spiral Knockdown > 91 Soft Knockdown > 160 Air Recovery > 30 Action 30 > 1 Action 1 > 64 Standing Hitstun > 4617 Action 4617 > 80 Hard Knockdown > 73 Knockdown Face Up > 113 Get Up Face Up > 1 Action 1 > 4625 Action 4625 > 102 Knockdown Face Up > 113 Get Up Face Up > 1 Action 1 > 89 Spiral Knockdown > 102 Knockdown Face Up > 103 Wakeup Transition > 113 Get Up Face Up > 1 Action 1 > 64 Standing Hitstun > 1 Action 1 > 64 Standing Hitstun > 1 Action 1 > 64 Standing Hitstun > 1 Action 1,knockdown > air_recovery > hitstun > knockdown > wakeup > hitstun > knockdown > air_recovery > hitstun > knockdown > wakeup > hitstun > knockdown > wakeup > hitstun > knockdown > wakeup > hitstun > neutral > hitstun > neutral > hitstun > neutral,0,0,23,22,255232,4,1,440,True,True,True,0,39,4,472,0x00000000 > 0xFFFFFFFF > 0x00000000 > 0xFFFFFFFF > 0x00000000,0 > 38 > 34 > 0 > 32 > 18 > 8 > 4 > 40 > 35 > 31 > 27 > 11 > 39 > 34 > 30 > 26 > 0 > 39 > 29 > 0 > 37 > 28 > 19 > 15 > 11 > 40 > 32 > 27 > 23 > 19 > 14 > 10 > 6 > 2 > 37 > 33 > 29 > 18 > 12 > 8 > 4 > 35 > 25 > 20 > 15 > 11 > 7 > 3 > 37 > 26 > 21 > 17 > 13 > 8 > 4 > 38 > 33 > 28 > 18 > 10 > 6 > 2 > 38 > 34 > 29 > 25 > 21 > 16 > 7 > 38 > 34 > 30 > 26 > 21 > 17 > 12 > 8 > 4 > 40 > 36 > 31 > 26 > 16 > 10 > 6 > 1 > 37 > 32 > 28 > 24 > 19 > 15 > 11 > 7 > 2 > 38 > 32 > 22 > 16 > 12 > 8 > 4 > 39 > 35 > 30 > 26 > 22 > 17 > 13 > 9 > 5 > 1 > 35 > 24 > 19 > 15 > 11 > 6 > 5 > 1 > 36 > 31 > 27 > 22 > 18 > 13 > 8 > 4 > 39 > 34 > 30 > 26 > 21 > 0 > 37 > 32 > 28 > 24 > 20 > 39 > 34 > 30 > 26 > 23 > 19 > 14 > 8 > 4 > 33 > 17 > 10 > 6 > 1 > 37 > 33 > 28 > 24 > 20 > 15 > 7 > 39 > 36 > 31 > 27 > 22 > 15 > 5 > 38 > 34 > 29 > 25 > 21 > 16 > 12 > 7 > 3 > 38 > 28 > 19 > 15 > 10 > 5 > 0 > 38 > 34 > 30 > 25 > 0 > 36 > 32 > 28 > 23 > 18 > 12 > 1 > 38 > 37 > 32 > 0 > 35 > 40 > 38 > 0 > 40 > 29 > 0 > 36 > 32 > 27 > 0 > 31 > 21 > 0 > 32 > 0 > 38 > 33 > 29,0,40 > 8 > 0 > 32 > 168 > 0 > 8 > 24 > 8 > 0 > 72 > 8 > 160 > 168 > 160 > 128 > 160 > 168 > 160 > 168 > 160 > 168 > 160 > 168 > 160 > 168 > 160 > 168 > 160 > 168 > 8 > 0 > 32 > 160 > 168 > 160 > 168 > 160 > 168 > 160 > 168 > 8 > 0 > 24 > 8 > 0 > 8 > 0 > 8 > 136 > 160 > 168 > 24 > 8 > 24 > 8 > 24 > 8 > 24 > 8 > 24 > 16 > 0 > 168 > 8 > 0 > 16 > 0 > 160 > 168 > 8 > 0 > 160 > 168 > 8 > 0 > 160 > 168 > 8 > 168,65 > 64 > 192 > 193 > 1 > 0 > 64 > 0 > 1 > 64 > 192 > 64 > 192 > 193 > 1 > 0 > 64 > 192 > 64 > 192 > 0 > 1 > 0 > 64 > 0 > 1 > 64 > 192 > 0 > 1 > 0 > 1 > 0 > 1 > 0 > 1,0 > 128 > 0 > 32 > 0 > 4 > 0 > 128 > 0 > 4 > 36 > 32 > 0 > 4 > 0 > 32 > 0 > 4 > 0 > 4 > 0 > 4 > 0 > 4 > 0 > 4 > 0,0 > 2 > 0,+0x1228 secondary reaction timer observed; +0x1210 held instead of decrementing on one or more sampled frames
2026-07-28T10:22:39Z,3224,3273,49,P2-C1,P2,0x927EB9E0,12,Ryu,hit,1,Action 1,1,Action 1,1 Action 1 > 97 Launched > 160 Air Recovery > 1 Action 1 > 80 Hard Knockdown > 73 Knockdown Face Up > 113 Get Up Face Up > 1 Action 1 > 4610 Action 4610 > 64 Standing Hitstun > 1 Action 1,hitstun > air_recovery > hitstun > knockdown > wakeup > hitstun > neutral,0,0,21,20,255232,4,1,44,True,True,True,16,25,5,49,0x00000000,0 > 39 > 34 > 39 > 28 > 15 > 6 > 40 > 33 > 22 > 0 > 32 > 0 > 33 > 24 > 20 > 15 > 11 > 6 > 35 > 26 > 22 > 17 > 7 > 0 > 27 > 20 > 7,0,168 > 8 > 0 > 8 > 40 > 168 > 8 > 0 > 8 > 168 > 160 > 168 > 8 > 0 > 8 > 0 > 8 > 160,1 > 64 > 192 > 193 > 1 > 64 > 192 > 0 > 1 > 0 > 1,0 > 128 > 0 > 4 > 0 > 34 > 4 > 0,0,+0x1228 secondary reaction timer observed; +0x1210 held instead of decrementing on one or more sampled frames
2026-07-28T10:22:46Z,3279,3326,47,P2-C1,P2,0x927EB9E0,12,Ryu,hit,1,Action 1,1,Action 1,1 Action 1 > 80 Hard Knockdown > 73 Knockdown Face Up > 113 Get Up Face Up > 1 Action 1 > 64 Standing Hitstun > 1 Action 1 > 65 Overhead Hitstun > 1 Action 1,hitstun > knockdown > wakeup > hitstun > neutral > hitstun > neutral,0,0,21,20,254976,4,1,36,True,True,False,1,8,,47,0x00000000,0 > 32 > 0 > 32 > 24 > 20 > 16 > 11 > 7 > 2 > 38 > 33 > 29 > 25 > 20 > 15 > 5 > 36 > 31 > 26 > 21 > 17 > 12 > 8 > 4 > 39 > 33 > 0 > 37 > 0 > 36 > 22 > 11 > 6,0,168 > 8 > 0 > 160 > 168 > 0 > 8 > 168 > 40 > 8 > 160 > 168,1 > 192 > 0 > 1 > 0 > 1 > 0 > 1,0 > 4 > 0 > 4 > 0 > 4 > 0,0,+0x1228 secondary reaction timer observed; +0x1210 held instead of decrementing on one or more sampled frames
2026-07-28T10:22:48Z,3328,3336,8,P2-C1,P2,0x927EB9E0,12,Ryu,hit,91,Soft Knockdown,1,Action 1,91 Soft Knockdown > 1 Action 1,knockdown > neutral,0,0,21,20,0,0,0,5,True,False,False,0,,,8,0x00000000,0 > 35 > 19 > 39,0,40 > 8 > 184 > 168,65 > 64 > 192 > 1,0,0,+0x1228 secondary reaction timer observed; +0x1210 held instead of decrementing on one or more sampled frames
2026-07-28T10:24:34Z,92,318,226,P2-C1,P2,0x927EB9E0,12,Ryu,hit,64,Standing Hitstun,1,Action 1,64 Standing Hitstun > 66 Low Hitstun > 64 Standing Hitstun > 96 Soft Knockdown > 91 Soft Knockdown > 81 Bounce Launch > 82 Bounce Off > 92 Hard Knockdown > 119 Get Up Face Down > 1 Action 1 > 64 Standing Hitstun > 81 Bounce Launch > 82 Bounce Off > 92 Hard Knockdown > 119 Get Up Face Down > 1 Action 1 > 32 Action 32 > 1 Action 1 > 64 Standing Hitstun > 81 Bounce Launch > 82 Bounce Off > 92 Hard Knockdown > 104 Knockdown Face Down > 119 Get Up Face Down > 32 Action 32 > 1 Action 1 > 32 Action 32 > 1 Action 1 > 32 Action 32 > 1 Action 1 > 32 Action 32 > 1 Action 1 > 64 Standing Hitstun > 96 Soft Knockdown > 102 Knockdown Face Up > 113 Get Up Face Up > 1 Action 1 > 66 Low Hitstun > 1 Action 1 > 91 Soft Knockdown > 30 Action 30 > 1 Action 1,hitstun > knockdown > wakeup > hitstun > knockdown > wakeup > hitstun > knockdown > wakeup > hitstun > knockdown > wakeup > hitstun > neutral > knockdown > neutral,0,0,21,21,255488,4,0,205,True,True,False,8,18,,226,0x00000000,0 > 28 > 37 > 26 > 20 > 15 > 9 > 3 > 37 > 31 > 26 > 21 > 15 > 8 > 35 > 20 > 4 > 36 > 31 > 25 > 21 > 17 > 12 > 8 > 3 > 33 > 23 > 17 > 13 > 8 > 4 > 39 > 33 > 29 > 24 > 19 > 14 > 10 > 5 > 40 > 35 > 30 > 26 > 21 > 15 > 9 > 4 > 39 > 34 > 29 > 25 > 20 > 15 > 11 > 6 > 2 > 38 > 32 > 28 > 24 > 20 > 15 > 11 > 6 > 2 > 38 > 34 > 30 > 26 > 21 > 17 > 13 > 9 > 5 > 1 > 37 > 32 > 28 > 24 > 19 > 15 > 0 > 39 > 35 > 30 > 0 > 38 > 34 > 38 > 34 > 29 > 25 > 21 > 16 > 11 > 7 > 3 > 39 > 35 > 30 > 26 > 0 > 39 > 23 > 35 > 24 > 19 > 15 > 11 > 38 > 0 > 32 > 23 > 38 > 32 > 38 > 40 > 31 > 21 > 17 > 13 > 8 > 4 > 40 > 36 > 32 > 28 > 24 > 20 > 15 > 12 > 7 > 0 > 40 > 31 > 26 > 38 > 26 > 13 > 4 > 35 > 30 > 26 > 22 > 18 > 14 > 39 > 26 > 20 > 16 > 8 > 37 > 33 > 29 > 25 > 21 > 16 > 12 > 8 > 38 > 29 > 25 > 21 > 17 > 13 > 9 > 5 > 35 > 0 > 25 > 0 > 39 > 25 > 12,0,8 > 0 > 8 > 0 > 160 > 168 > 0 > 8 > 24 > 0 > 128 > 32 > 160 > 168 > 0 > 8 > 0 > 8 > 0 > 56 > 176 > 160 > 168 > 184 > 56 > 184 > 160 > 184 > 56 > 160 > 56 > 184 > 160 > 168 > 8 > 168 > 160 > 168 > 160 > 168 > 160 > 168 > 8 > 168 > 8 > 168 > 160,0 > 192 > 64 > 192 > 0 > 1 > 0 > 64 > 192 > 0 > 1 > 0 > 64 > 192 > 64 > 192 > 0 > 1 > 0 > 64 > 192 > 0 > 1 > 0 > 1 > 64 > 1,4 > 0 > 4 > 0 > 4 > 0 > 4 > 0 > 4 > 0 > 4 > 0 > 4 > 0 > 4 > 0 > 4 > 0,0,+0x1228 secondary reaction timer observed; +0x1210 held instead of decrementing on one or more sampled frames
2026-07-28T10:25:35Z,644,948,304,P2-C1,P2,0x927EB9E0,12,Ryu,hit,64,Standing Hitstun,1,Action 1,64 Standing Hitstun > 89 Spiral Knockdown > 102 Knockdown Face Up > 105 OTG Face Up > 113 Get Up Face Up > 1 Action 1 > 4565 Action 4565 > 74 Knockdown Face Down > 119 Get Up Face Down > 32 Action 32 > 1 Action 1 > 4611 Action 4611 > 74 Knockdown Face Down > 119 Get Up Face Down > 32 Action 32 > 1 Action 1 > 4609 Action 4609 > 113 Get Up Face Up > 1 Action 1 > 89 Spiral Knockdown > 102 Knockdown Face Up > 113 Get Up Face Up > 1 Action 1 > 32 Action 32 > 1 Action 1 > 64 Standing Hitstun > 66 Low Hitstun > 64 Standing Hitstun > 91 Soft Knockdown > 1 Action 1 > 64 Standing Hitstun > 1 Action 1,hitstun > knockdown > wakeup > hitstun > knockdown > wakeup > hitstun > knockdown > wakeup > hitstun > wakeup > hitstun > knockdown > wakeup > hitstun > knockdown > hitstun > neutral,0,0,25,24,255488,4,1,289,True,True,False,10,39,,304,0x00000000,0 > 36 > 32 > 27 > 23 > 38 > 34 > 23 > 10 > 4 > 40 > 35 > 31 > 27 > 22 > 18 > 14 > 3 > 35 > 29 > 25 > 20 > 15 > 11 > 7 > 2 > 38 > 34 > 29 > 25 > 20 > 7 > 34 > 26 > 22 > 20 > 16 > 12 > 7 > 3 > 38 > 34 > 29 > 24 > 20 > 6 > 38 > 34 > 29 > 24 > 0 > 31 > 34 > 28 > 16 > 6 > 2 > 38 > 34 > 32 > 0 > 39 > 28 > 35 > 38 > 34 > 30 > 25 > 21 > 18 > 0 > 33 > 37 > 26 > 15 > 7 > 3 > 0 > 33 > 25 > 0 > 37 > 0 > 36 > 0 > 19 > 3 > 36,0,8 > 0 > 8 > 0 > 8 > 0 > 8 > 0 > 8 > 0 > 8 > 24 > 8 > 168 > 160 > 168 > 160 > 168 > 160 > 16 > 0 > 32 > 160 > 168 > 0 > 24 > 8 > 0 > 32 > 168 > 8 > 0 > 16 > 0 > 128 > 160 > 168 > 8 > 0 > 128 > 32 > 160 > 168 > 8 > 168 > 8 > 168,0 > 64 > 192 > 0 > 1 > 0 > 1 > 0 > 64 > 0 > 1 > 0 > 64 > 0 > 1 > 64 > 192 > 0 > 1 > 0 > 64 > 192 > 1 > 0 > 1,4 > 0 > 4 > 0 > 4 > 0 > 32 > 0 > 4 > 0 > 32 > 0 > 4 > 0 > 4 > 0 > 4 > 0 > 4 > 0,0,+0x1228 secondary reaction timer observed; +0x1210 held instead of decrementing on one or more sampled frames
2026-07-28T10:25:46Z,979,1039,60,P2-C1,P2,0x927EB9E0,12,Ryu,hit,1,Action 1,1,Action 1,1 Action 1 > 4608 Action 4608 > 89 Spiral Knockdown > 102 Knockdown Face Up > 113 Get Up Face Up > 1 Action 1 > 91 Soft Knockdown > 1 Action 1,hitstun > knockdown > wakeup > hitstun > knockdown > neutral,0,0,21,20,254720,4,0,56,True,True,False,3,10,,60,0x00000000,0 > 37 > 33 > 29 > 24 > 39 > 35 > 30 > 26 > 21 > 16 > 12 > 5 > 32 > 26 > 22 > 17 > 11 > 2 > 34 > 29 > 24 > 20 > 15 > 11 > 7 > 3 > 38 > 34 > 30 > 26 > 21 > 17 > 13 > 8 > 4 > 40 > 36 > 31 > 27 > 22 > 17 > 12 > 8 > 3 > 0 > 36 > 24 > 14,0,0 > 8 > 168 > 160 > 168 > 40 > 8 > 0 > 160 > 168,0 > 64 > 192 > 0 > 1 > 65 > 64 > 1,32 > 34 > 0 > 4 > 0,0,+0x1228 secondary reaction timer observed; +0x1210 held instead of decrementing on one or more sampled frames
2026-07-28T10:26:14Z,1328,1332,4,P1-C2,P1,0x92B6BA00,6,Doronjo,hit,119,Get Up Face Down,1,Action 1,119 Get Up Face Down > 1 Action 1,wakeup > neutral,0,0,0,0,253696,4,0,0,False,True,False,,0,,4,0x00000000,34 > 25 > 33 > 29 > 24,0,0 > 160,0 > 1,4 > 0,0,
2026-07-28T10:53:23Z,148,219,71,P2-C1,P2,0x927EB9E0,12,Ryu,hit,64,Standing Hitstun,1,Action 1,64 Standing Hitstun > 66 Low Hitstun > 64 Standing Hitstun > 66 Low Hitstun > 79 Stagger > 1 Action 1 > 64 Standing Hitstun > 1 Action 1,hitstun > neutral,0,0,20,19,0,0,1,60,False,False,False,,,,71,0x00000000,0 > 36 > 21 > 9 > 33 > 17 > 6 > 38 > 27 > 15 > 3 > 30 > 19 > 7 > 39 > 30 > 24 > 20 > 15 > 12 > 8 > 3 > 40 > 36 > 31 > 26 > 22 > 18 > 13 > 9 > 4 > 39 > 32 > 22 > 13 > 5 > 37 > 26 > 20 > 16 > 11 > 6 > 2 > 38 > 29 > 20 > 9 > 39 > 31 > 24 > 20 > 15 > 10 > 0 > 34 > 18 > 38 > 26,0,8 > 160 > 168 > 160 > 168 > 160 > 168 > 160 > 168 > 160 > 168 > 160 > 168 > 160 > 168 > 8 > 0 > 168 > 160,0 > 1 > 0 > 1,4 > 0 > 4 > 0,0,+0x1228 secondary reaction timer observed; +0x1210 held instead of decrementing on one or more sampled frames
2026-07-28T10:53:26Z,236,239,3,P2-C1,P2,0x927EB9E0,12,Ryu,hit,64,Standing Hitstun,1,Action 1,64 Standing Hitstun > 1 Action 1,hitstun > neutral,0,0,10,9,0,0,0,0,False,False,False,,,,3,0x00000000,0 > 34 > 17 > 1,0,0 > 168 > 160,0 > 1,4 > 0,0,+0x1228 secondary reaction timer observed
2026-07-28T10:53:33Z,290,295,5,P2-C1,P2,0x927EB9E0,12,Ryu,hit,1,Action 1,1,Action 1,1 Action 1 > 64 Standing Hitstun > 1 Action 1,hitstun > neutral,0,0,17,17,0,0,0,0,False,False,False,,,,5,0x00000000,24 > 0 > 39 > 19 > 10 > 39,0,168 > 8 > 160 > 168,1 > 0 > 1,0 > 4 > 0,0,+0x1228 secondary reaction timer observed
2026-07-28T10:53:34Z,296,301,5,P2-C1,P2,0x927EB9E0,12,Ryu,hit,64,Standing Hitstun,1,Action 1,64 Standing Hitstun > 1 Action 1 > 64 Standing Hitstun > 1 Action 1,hitstun > neutral > hitstun > neutral,0,0,12,11,0,0,0,0,False,False,False,,,,5,0x00000000,0 > 33 > 0 > 32 > 23 > 10,0,8 > 128 > 0 > 160,0 > 1,4 > 0 > 4 > 0,0,+0x1228 secondary reaction timer observed
2026-07-28T10:53:36Z,312,318,6,P2-C1,P2,0x927EB9E0,12,Ryu,hit,64,Standing Hitstun,1,Action 1,64 Standing Hitstun > 1 Action 1,hitstun > neutral,0,0,19,18,0,0,0,0,False,False,False,,,,6,0x00000000,0 > 39 > 33 > 26 > 22,0,8 > 0 > 160,0 > 1,4 > 0,0,+0x1228 secondary reaction timer observed
2026-07-28T10:53:41Z,359,367,8,P2-C1,P2,0x927EB9E0,12,Ryu,hit,1,Action 1,1,Action 1,1 Action 1 > 64 Standing Hitstun > 1 Action 1,hitstun > neutral,0,0,17,17,0,0,0,0,False,False,False,,,,8,0x00000000,11 > 0 > 37 > 27 > 15 > 6,0,168 > 8 > 0 > 8 > 0 > 160,1 > 0 > 1,0 > 4 > 0,0,+0x1228 secondary reaction timer observed
2026-07-28T10:54:32Z,424,804,380,P2-C1,P2,0x927EB9E0,12,Ryu,hit,1,Action 1,1,Action 1,1 Action 1 > 80 Hard Knockdown > 73 Knockdown Face Up > 113 Get Up Face Up > 1 Action 1 > 91 Soft Knockdown > 80 Hard Knockdown > 73 Knockdown Face Up > 103 Wakeup Transition > 113 Get Up Face Up > 1 Action 1 > 4609 Action 4609 > 102 Knockdown Face Up > 103 Wakeup Transition > 113 Get Up Face Up > 1 Action 1 > 89 Spiral Knockdown > 102 Knockdown Face Up > 113 Get Up Face Up > 1 Action 1 > 66 Low Hitstun > 64 Standing Hitstun > 1 Action 1 > 64 Standing Hitstun > 66 Low Hitstun > 64 Standing Hitstun > 66 Low Hitstun > 64 Standing Hitstun > 97 Launched > 91 Soft Knockdown > 160 Air Recovery > 91 Soft Knockdown > 160 Air Recovery > 30 Action 30 > 1 Action 1 > 79 Stagger > 91 Soft Knockdown > 1 Action 1 > 79 Stagger > 1 Action 1 > 64 Standing Hitstun > 1 Action 1,hitstun > knockdown > wakeup > hitstun > knockdown > wakeup > hitstun > knockdown > wakeup > hitstun > knockdown > wakeup > hitstun > neutral > hitstun > knockdown > air_recovery > knockdown > air_recovery > hitstun > knockdown > neutral > hitstun > neutral,0,0,24,24,255488,4,1,351,True,True,True,1,7,307,380,0x00000000,38 > 0 > 36 > 30 > 26 > 22 > 38 > 34 > 30 > 25 > 15 > 5 > 35 > 27 > 21 > 13 > 6 > 36 > 29 > 23 > 19 > 14 > 10 > 6 > 2 > 37 > 33 > 29 > 25 > 20 > 13 > 4 > 34 > 30 > 25 > 21 > 17 > 13 > 8 > 3 > 39 > 34 > 30 > 26 > 22 > 18 > 13 > 9 > 5 > 39 > 30 > 20 > 13 > 8 > 3 > 38 > 34 > 29 > 25 > 15 > 4 > 38 > 34 > 30 > 24 > 21 > 16 > 11 > 7 > 2 > 38 > 33 > 26 > 17 > 9 > 2 > 38 > 33 > 29 > 24 > 19 > 15 > 9 > 39 > 29 > 23 > 19 > 15 > 11 > 9 > 4 > 40 > 35 > 30 > 26 > 21 > 17 > 12 > 8 > 4 > 40 > 35 > 30 > 26 > 21 > 14 > 6 > 5 > 1 > 36 > 31 > 0 > 40 > 22 > 29 > 22 > 18 > 14 > 9 > 5 > 1 > 40 > 37 > 32 > 0 > 39 > 31 > 27 > 23 > 39 > 34 > 30 > 25 > 19 > 12 > 0 > 28 > 35 > 27 > 23 > 18 > 14 > 0 > 25 > 0 > 38 > 37 > 24 > 11 > 40 > 28 > 13 > 39 > 30 > 24 > 15 > 1 > 30 > 18 > 14 > 2 > 32 > 26 > 22 > 17 > 9 > 1 > 34 > 27 > 22 > 17 > 13 > 1 > 30 > 24 > 20 > 0 > 38 > 22 > 0 > 33 > 24 > 13 > 6 > 40 > 35 > 31 > 27 > 22 > 18 > 13 > 2 > 33 > 22 > 12 > 2 > 37 > 33 > 29 > 24 > 0 > 36 > 23 > 9 > 37,0,0 > 8 > 0 > 160 > 168 > 160 > 168 > 160 > 168 > 160 > 168 > 160 > 168 > 136 > 168 > 160 > 168 > 8 > 0 > 8 > 0 > 8 > 0 > 8 > 0 > 8 > 0 > 8 > 0 > 8 > 0 > 160 > 168 > 0 > 24 > 8 > 0 > 64 > 0 > 160 > 168 > 8 > 0 > 160 > 168 > 8 > 0 > 160 > 8 > 0 > 8 > 0 > 32 > 168 > 160 > 168 > 160 > 168 > 8 > 0 > 8 > 168 > 8 > 0 > 160 > 168 > 8 > 168,0 > 64 > 192 > 0 > 1 > 64 > 192 > 0 > 1 > 0 > 64 > 0 > 1 > 64 > 192 > 0 > 1 > 0 > 1 > 0 > 64 > 192 > 193 > 64 > 192 > 193 > 1 > 0 > 64 > 192 > 1 > 0 > 1 > 0 > 1,0 > 4 > 0 > 4 > 0 > 32 > 0 > 4 > 0 > 4 > 0 > 4 > 0 > 4 > 0 > 128 > 0 > 4 > 0 > 4 > 0 > 4 > 0,0 > 2 > 0,+0x1228 secondary reaction timer observed; +0x1210 held instead of decrementing on one or more sampled frames
2026-07-28T10:54:34Z,810,817,7,P2-C1,P2,0x927EB9E0,12,Ryu,hit,64,Standing Hitstun,1,Action 1,64 Standing Hitstun > 1 Action 1,hitstun > neutral,0,0,21,20,0,0,0,0,False,False,False,,,,7,0x00000000,0 > 38 > 30 > 21 > 7,0,8 > 168,0 > 1,4 > 0,0,+0x1228 secondary reaction timer observed
2026-07-28T10:54:36Z,822,827,5,P2-C1,P2,0x927EB9E0,12,Ryu,hit,1,Action 1,1,Action 1,1 Action 1 > 64 Standing Hitstun > 1 Action 1,hitstun > neutral,0,0,19,18,0,0,0,0,False,False,False,,,,5,0x00000000,0 > 29 > 20 > 11,0,0 > 8 > 160,0 > 1,0 > 4 > 0,0,+0x1228 secondary reaction timer observed
2026-07-28T11:15:34Z,12,24,12,P2-C1,P2,0x927EB9E0,12,Ryu,hit,64,Standing Hitstun,1,Action 1,64 Standing Hitstun > 91 Soft Knockdown > 1 Action 1 > 66 Low Hitstun > 1 Action 1 > 64 Standing Hitstun > 1 Action 1,hitstun > knockdown > hitstun > neutral,0,0,27,26,0,0,0,2,True,False,False,3,,,12,0x00000000,0 > 23 > 26 > 0 > 31 > 9 > 15,0,8 > 168 > 8 > 136 > 8 > 168 > 160,0 > 64 > 192 > 1 > 0 > 1 > 0 > 1,4 > 0 > 4 > 0 > 4 > 0,0,+0x1228 secondary reaction timer observed; +0x1210 held instead of decrementing on one or more sampled frames
2026-07-28T11:15:38Z,25,30,5,P2-C1,P2,0x927EB9E0,12,Ryu,hit,1,Action 1,1,Action 1,1 Action 1 > 64 Standing Hitstun > 1 Action 1,hitstun > neutral,0,0,21,20,0,0,0,1,False,False,False,,,,5,0x00000000,0 > 16 > 26 > 36 > 8,0,168 > 8 > 168,1 > 0 > 1,0 > 4 > 0,0,+0x1228 secondary reaction timer observed; +0x1210 held instead of decrementing on one or more sampled frames
2026-07-28T11:15:46Z,42,47,5,P2-C1,P2,0x927EB9E0,12,Ryu,hit,64,Standing Hitstun,1,Action 1,64 Standing Hitstun > 1 Action 1,hitstun > neutral,0,0,19,18,0,0,1,0,False,False,False,,,,5,0x00000000,0 > 14 > 33,0,8 > 160 > 168,0 > 1,4 > 0,0,+0x1228 secondary reaction timer observed
2026-07-28T11:16:12Z,55,125,70,P2-C1,P2,0x927EB9E0,12,Ryu,hit,1,Action 1,1,Action 1,1 Action 1 > 91 Soft Knockdown > 1 Action 1 > 4609 Action 4609 > 74 Knockdown Face Down > 32 Action 32 > 4609 Action 4609 > 74 Knockdown Face Down > 119 Get Up Face Down > 1 Action 1 > 91 Soft Knockdown > 160 Air Recovery > 30 Action 30 > 1 Action 1 > 91 Soft Knockdown > 80 Hard Knockdown > 73 Knockdown Face Up > 113 Get Up Face Up > 1 Action 1 > 64 Standing Hitstun > 1 Action 1,hitstun > knockdown > neutral > hitstun > knockdown > hitstun > knockdown > wakeup > hitstun > knockdown > air_recovery > hitstun > knockdown > wakeup > hitstun > neutral,0,0,21,21,254976,6,2,54,True,True,True,1,15,20,70,0x00000000,0 > 10 > 0 > 39 > 40 > 0 > 31 > 34 > 0 > 34 > 39 > 24 > 6 > 23 > 13 > 40 > 0 > 34 > 38 > 23 > 8 > 33 > 19 > 16 > 6 > 0 > 31 > 22 > 12,0,168 > 8 > 160 > 8 > 16 > 0 > 32 > 8 > 0 > 168 > 8 > 0 > 40 > 168 > 8 > 0 > 8 > 0 > 8 > 0 > 8 > 0 > 168 > 0 > 8 > 0 > 8 > 168,1 > 64 > 192 > 1 > 0 > 192 > 0 > 1 > 0 > 192 > 0 > 1 > 64 > 193 > 1 > 64 > 0 > 1 > 0 > 1,0 > 128 > 0 > 2 > 0 > 2 > 0 > 4 > 0 > 128 > 0 > 4 > 0 > 4 > 0,0,+0x1228 secondary reaction timer observed; +0x1210 held instead of decrementing on one or more sampled frames
2026-07-28T11:16:38Z,221,224,3,P1-C1,P1,0x9246B9C0,3,Tekkaman,hit,113,Get Up Face Up,416,Action 416,113 Get Up Face Up > 1 Action 1 > 416 Action 416,wakeup > neutral,0,0,0,0,255488,4,0,0,False,True,False,,0,,3,0x00000000,31 > 40 > 32 > 11,0,0 > 128 > 0,0,4 > 0,0,
2026-07-28T11:16:44Z,153,237,84,P2-C1,P2,0x927EB9E0,12,Ryu,hit,1,Action 1,1,Action 1,1 Action 1 > 4617 Action 4617 > 89 Spiral Knockdown > 102 Knockdown Face Up > 113 Get Up Face Up > 32 Action 32 > 1 Action 1 > 89 Spiral Knockdown > 113 Get Up Face Up > 1 Action 1 > 65 Overhead Hitstun > 1 Action 1 > 64 Standing Hitstun > 1 Action 1,hitstun > knockdown > wakeup > hitstun > knockdown > wakeup > hitstun > neutral > hitstun > neutral,0,0,21,20,254464,4,1,75,True,True,False,23,32,,84,0x00000000,0 > 37 > 28 > 39 > 28 > 10 > 31 > 14 > 33 > 5 > 17 > 6 > 35 > 17 > 3 > 33 > 25 > 16 > 8 > 39 > 30 > 22 > 13 > 3 > 32 > 21 > 10 > 36 > 23 > 13 > 3 > 31 > 20 > 39 > 26 > 8 > 0 > 25 > 33 > 11 > 0 > 23 > 0 > 37 > 15 > 26,0,0 > 8 > 40 > 160 > 168 > 160 > 168 > 8 > 0 > 8 > 168 > 8 > 168 > 40 > 8 > 168,0 > 64 > 192 > 0 > 1 > 64 > 192 > 0 > 1 > 0 > 1 > 0 > 1,32 > 0 > 4 > 0 > 4 > 0 > 4 > 0 > 4 > 0,0,+0x1228 secondary reaction timer observed; +0x1210 held instead of decrementing on one or more sampled frames
2026-07-28T11:16:50Z,240,248,8,P2-C1,P2,0x927EB9E0,12,Ryu,hit,64,Standing Hitstun,1,Action 1,64 Standing Hitstun > 1 Action 1,hitstun > neutral,0,0,21,21,0,0,0,0,False,False,False,,,,8,0x00000000,0 > 29 > 0 > 16 > 22 > 28,0,8 > 160 > 168,0 > 1,4 > 0,0,+0x1228 secondary reaction timer observed
2026-07-28T11:17:02Z,257,275,18,P2-C1,P2,0x927EB9E0,12,Ryu,hit,79,Stagger,1,Action 1,79 Stagger > 1 Action 1 > 79 Stagger > 1 Action 1,hitstun > neutral,0,0,21,20,0,0,0,14,False,False,False,,,,18,0x00000000,0 > 34 > 0 > 25 > 17 > 1 > 17 > 37 > 16 > 22 > 0 > 25 > 11,0,8 > 0 > 8 > 168 > 8 > 168 > 160 > 168,0 > 1 > 0 > 1,4 > 0 > 4 > 0,0,+0x1228 secondary reaction timer observed; +0x1210 held instead of decrementing on one or more sampled frames
2026-07-28T11:17:15Z,280,323,43,P2-C1,P2,0x927EB9E0,12,Ryu,hit,79,Stagger,1,Action 1,79 Stagger > 1 Action 1 > 64 Standing Hitstun > 1 Action 1,hitstun > neutral,0,0,21,20,0,0,0,38,False,False,False,,,,43,0x00000000,0 > 29 > 38 > 22 > 4 > 28 > 6 > 30 > 11 > 36 > 26 > 16 > 6 > 34 > 22 > 11 > 2 > 32 > 22 > 11 > 2 > 22 > 6 > 37 > 29 > 9 > 35 > 0 > 11 > 36 > 21,0,8 > 168 > 160 > 168 > 160 > 168 > 160 > 0 > 160,0 > 1 > 0 > 1,4 > 0 > 4 > 0,0,+0x1228 secondary reaction timer observed; +0x1210 held instead of decrementing on one or more sampled frames
2026-07-28T11:17:18Z,333,337,4,P2-C1,P2,0x927EB9E0,12,Ryu,hit,64,Standing Hitstun,1,Action 1,64 Standing Hitstun > 1 Action 1,hitstun > neutral,0,0,18,17,0,0,0,0,False,False,False,,,,4,0x00000000,0 > 33 > 11 > 36,0,32 > 0 > 160,1 > 0 > 1,4 > 0,0,+0x1228 secondary reaction timer observed
2026-07-28T11:31:27Z,351,7417,7066,P2-C1,P2,0x927EB9E0,12,Ryu,hit,4609,Action 4609,1,Action 1,4609 Action 4609 > 102 Knockdown Face Up > 113 Get Up Face Up > 1 Action 1,hitstun > knockdown > wakeup > hitstun > neutral,0,0,21,2,254976,4,0,7063,True,True,False,27,28,,7066,0x00000000,0 > 39 > 31 > 10 > 33 > 16 > 38 > 7 > 23 > 3 > 29 > 18 > 7 > 36 > 25 > 1 > 21 > 2 > 24 > 13 > 3 > 34 > 23 > 9 > 35 > 23 > 11 > 39 > 24 > 11 > 37 > 24 > 11 > 39 > 25 > 13 > 1 > 27 > 15 > 3 > 33 > 22 > 6 > 34 > 23 > 11 > 36 > 20 > 5 > 30 > 19 > 8 > 37 > 24 > 13 > 1 > 31 > 20 > 10 > 40 > 30 > 20 > 10 > 39 > 29 > 19 > 9 > 38 > 29 > 19 > 10 > 3 > 35 > 27 > 18 > 12 > 7 > 40 > 33 > 25 > 17 > 10 > 3 > 36 > 28 > 20 > 12 > 4 > 38 > 32 > 24 > 17 > 11 > 4 > 38 > 29 > 20 > 11 > 39 > 33 > 29 > 25 > 21 > 12 > 6 > 2 > 37 > 33 > 27 > 22 > 18 > 14 > 9 > 4 > 40 > 35 > 30 > 25 > 20 > 16 > 11 > 7 > 2 > 37 > 32 > 26 > 20 > 15 > 10 > 5 > 40 > 31 > 21 > 13 > 2 > 35 > 30 > 24 > 19 > 15 > 10 > 5 > 40 > 36 > 31 > 23 > 11 > 40 > 34 > 29 > 24 > 19 > 15 > 10 > 6 > 1 > 36 > 32 > 26 > 21 > 17 > 12 > 6 > 1 > 35 > 30 > 25 > 20 > 15 > 11 > 6 > 39 > 28 > 18 > 5 > 37 > 31 > 24 > 18 > 14 > 9 > 4 > 39 > 34 > 29 > 24 > 19 > 13 > 8 > 2 > 37 > 32 > 28 > 23 > 18 > 13 > 9 > 4 > 39 > 34 > 30 > 25 > 21 > 16 > 11 > 6 > 1 > 36 > 31 > 25 > 19 > 13 > 6 > 40 > 34 > 29 > 24 > 19 > 14 > 10 > 5 > 40 > 35 > 31 > 24 > 18 > 11 > 5 > 39 > 33 > 27 > 20 > 14 > 9 > 4 > 37 > 28 > 22 > 17 > 12 > 7 > 2 > 36 > 30 > 25 > 20 > 15 > 9 > 4 > 39 > 34 > 29 > 22 > 17 > 12 > 7 > 3 > 38 > 33 > 27 > 23 > 19 > 13 > 8 > 4 > 40 > 35 > 30 > 25 > 21 > 16 > 11 > 7 > 2 > 34 > 27 > 21 > 14 > 9 > 4 > 39 > 35 > 30 > 25 > 20 > 15 > 11 > 5 > 39 > 32 > 27 > 22 > 16 > 11 > 6 > 40 > 34 > 29 > 24 > 19 > 13 > 8 > 3 > 36 > 29 > 24 > 19 > 12 > 6 > 1 > 34 > 28 > 23 > 18 > 13 > 8 > 4 > 38 > 31 > 25 > 15 > 7 > 37 > 29 > 21 > 11 > 38 > 31 > 25 > 18 > 10 > 40 > 32 > 25 > 18 > 12 > 5 > 40 > 32 > 24 > 16 > 9 > 40 > 32 > 27 > 21 > 14 > 8 > 3 > 36 > 29 > 22 > 16 > 9 > 3 > 38 > 32 > 27 > 21 > 16 > 9 > 3 > 37 > 31 > 25 > 21 > 16 > 10 > 4 > 40 > 35 > 29 > 23 > 18 > 14 > 6 > 40 > 34 > 29 > 24 > 19 > 14 > 8 > 2 > 36 > 31 > 25 > 20 > 15 > 9 > 3 > 36 > 29 > 24 > 19 > 14 > 9 > 4 > 39 > 34 > 28 > 22 > 17 > 12 > 6 > 2 > 39 > 32 > 27 > 22 > 18 > 13 > 8 > 3 > 39 > 32 > 26 > 20 > 15 > 9 > 4 > 39 > 34 > 28 > 24 > 18 > 13 > 8 > 3 > 38 > 33 > 28 > 23 > 18 > 12 > 7 > 1 > 36 > 31 > 26 > 21 > 16 > 11 > 7 > 1 > 36 > 31 > 26 > 21 > 16 > 11 > 5 > 40 > 35 > 30 > 25 > 20 > 16 > 11 > 6 > 2 > 37 > 32 > 27 > 22 > 16 > 10 > 5 > 40 > 35 > 29 > 25 > 20 > 15 > 8 > 2 > 37 > 32 > 26 > 20 > 16 > 10 > 6 > 1 > 36 > 31 > 26 > 20 > 13 > 8 > 3 > 38 > 31 > 22 > 17 > 11 > 6 > 1 > 37 > 32 > 27 > 22 > 17 > 12 > 7 > 3 > 38 > 33 > 28 > 23 > 17 > 11 > 6 > 1 > 36 > 31 > 26 > 22 > 17 > 11 > 6 > 1 > 35 > 30 > 25 > 20 > 15 > 10 > 4 > 37 > 31 > 26 > 21 > 15 > 10 > 5 > 39 > 32 > 27 > 22 > 16 > 10 > 5 > 40 > 33 > 28 > 23 > 18 > 13 > 7 > 3 > 37 > 31 > 26 > 19 > 15 > 6 > 39 > 32 > 27 > 23 > 17 > 10 > 5 > 39 > 33 > 26 > 21 > 15 > 10 > 5 > 1 > 35 > 28 > 21 > 14 > 9 > 3 > 38 > 32 > 27 > 21 > 16 > 10 > 5 > 40 > 34 > 28 > 23 > 18 > 12 > 8 > 2 > 34 > 28 > 23 > 17 > 9 > 3 > 38 > 33 > 27 > 22 > 17 > 12 > 7 > 1 > 36 > 30 > 24 > 19 > 14 > 8 > 3 > 38 > 34 > 28 > 23 > 18 > 13 > 8 > 2 > 37 > 31 > 26 > 20 > 14 > 8 > 3 > 38 > 32 > 27 > 23 > 17 > 12 > 8 > 4 > 38 > 34 > 29 > 24 > 17 > 11 > 7 > 3 > 38 > 34 > 30 > 25 > 18 > 13 > 9 > 4 > 38 > 34 > 29 > 24 > 18 > 13 > 8 > 3 > 39 > 34 > 30 > 25 > 20 > 16 > 12 > 7 > 2 > 38 > 33 > 29 > 24 > 20 > 16 > 10 > 4 > 39 > 34 > 29 > 25 > 20 > 16 > 10 > 5 > 39 > 32 > 24 > 16 > 10 > 6 > 2 > 37 > 32 > 27 > 21 > 14 > 8 > 3 > 37 > 31 > 26 > 20 > 14 > 8 > 39 > 29 > 22 > 14 > 8 > 3 > 38 > 33 > 28 > 23 > 17 > 12 > 5 > 32 > 20 > 10 > 36 > 29 > 15 > 3 > 32 > 20 > 10 > 38 > 23 > 8 > 35 > 22 > 12 > 40 > 30 > 24 > 19 > 13 > 7 > 2 > 37 > 31 > 26 > 20 > 13 > 7 > 2 > 36 > 30 > 25 > 20 > 14 > 9 > 4 > 38 > 33 > 28 > 22 > 16 > 11 > 6 > 40 > 35 > 30 > 25 > 19 > 14 > 9 > 4 > 38 > 33 > 27 > 21 > 15 > 10 > 6 > 40 > 34 > 29 > 24 > 18 > 12 > 7 > 40 > 34 > 28 > 21 > 14 > 9 > 3 > 36 > 29 > 23 > 16 > 11 > 5 > 39 > 32 > 25 > 17 > 12 > 6 > 40 > 34 > 28 > 22 > 16 > 11 > 6 > 39 > 33 > 28 > 23 > 17 > 12 > 7 > 2 > 37 > 32 > 26 > 20 > 14 > 9 > 39 > 29 > 18 > 9 > 1 > 36 > 31 > 25 > 20 > 15 > 9 > 4 > 38 > 31 > 22 > 2 > 28 > 19 > 8 > 39 > 31 > 23 > 15 > 9 > 6 > 21 > 35 > 25 > 11 > 2 > 35 > 28 > 23 > 17 > 10 > 4 > 31 > 25 > 20 > 13 > 8 > 3 > 38 > 32 > 27 > 21 > 16 > 9 > 5 > 40 > 35 > 29 > 24 > 19 > 14 > 8 > 3 > 38 > 32 > 27 > 21 > 14 > 9 > 4 > 39 > 34 > 29 > 24 > 19 > 13 > 8 > 3 > 38 > 33 > 28 > 22 > 16 > 10 > 5 > 39 > 34 > 28 > 22 > 17 > 12 > 6 > 1 > 36 > 30 > 25 > 19 > 14 > 8 > 2 > 36 > 30 > 25 > 20 > 15 > 9 > 4 > 39 > 33 > 26 > 18 > 11 > 5 > 39 > 32 > 27 > 21 > 16 > 10 > 4 > 38 > 32 > 25 > 19 > 12 > 6 > 40 > 34 > 28 > 23 > 17 > 11 > 7 > 40 > 34 > 27 > 21 > 15 > 9 > 3 > 37 > 30 > 24 > 19 > 13 > 8 > 1 > 35 > 26 > 19 > 13 > 7 > 38 > 30 > 23 > 16 > 10 > 5 > 38 > 33 > 26 > 19 > 13 > 8 > 2 > 36 > 29 > 22 > 16 > 9 > 3 > 36 > 28 > 22 > 14 > 7 > 40 > 32 > 27 > 20 > 13 > 8 > 1 > 33 > 27 > 21 > 15 > 8 > 2 > 36 > 30 > 25 > 16 > 8 > 1 > 33 > 28 > 21 > 15 > 9 > 3 > 36 > 29 > 21 > 39 > 29 > 20 > 10 > 36 > 25 > 19 > 12 > 7 > 32 > 24 > 16 > 9 > 3 > 38 > 34 > 28 > 22 > 17 > 11 > 5 > 38 > 33 > 27 > 22 > 17 > 12 > 7 > 2 > 37 > 32 > 27 > 22 > 17 > 12 > 7 > 33 > 24 > 16 > 9 > 2 > 33 > 24 > 14 > 9 > 22 > 10 > 38 > 22 > 11 > 39 > 29 > 18 > 9 > 39 > 30 > 22 > 13 > 4 > 33 > 23 > 14 > 5 > 37 > 28 > 21 > 13 > 5 > 38 > 32 > 25 > 18 > 11 > 3 > 37 > 32 > 26 > 20 > 10 > 3 > 36 > 31 > 24 > 19 > 13 > 6 > 1 > 36 > 29 > 23 > 15 > 9 > 31 > 17 > 6 > 35 > 25 > 15 > 9 > 3 > 33 > 22 > 8 > 37 > 24 > 12 > 1 > 30 > 17 > 38 > 27 > 13 > 2 > 15 > 23 > 6 > 31 > 18 > 14 > 33 > 27 > 20 > 14 > 8 > 2 > 37 > 30 > 23 > 38 > 18 > 40 > 26 > 13 > 31 > 17 > 4 > 32 > 18 > 1 > 22 > 5 > 28 > 16 > 7 > 40 > 34 > 27 > 20 > 13 > 7 > 40 > 33 > 27 > 19 > 12 > 5 > 38 > 31 > 24 > 17 > 10 > 4 > 38 > 31 > 25 > 18 > 10 > 4 > 37 > 31 > 24 > 18 > 10 > 3 > 37 > 31 > 24 > 17 > 9 > 3 > 37 > 30 > 24 > 18 > 11 > 5 > 39 > 32 > 25 > 19 > 12 > 6 > 40 > 33 > 27 > 21 > 13 > 7 > 1 > 34 > 27 > 21 > 13 > 7 > 40 > 32 > 26 > 20 > 13 > 7 > 1 > 33 > 26 > 19 > 12 > 6 > 1 > 34 > 24 > 10 > 36 > 22 > 15 > 8 > 2 > 36 > 29 > 23 > 17 > 10 > 4 > 38 > 30 > 20 > 12 > 6 > 39 > 32 > 27 > 22 > 12 > 6 > 40 > 34 > 27 > 21 > 13 > 7 > 2 > 36 > 29 > 23 > 16 > 9 > 3 > 34 > 26 > 19 > 12 > 5 > 38 > 32 > 25 > 19 > 12 > 6 > 40 > 34 > 27 > 21 > 14 > 8 > 2 > 35 > 28 > 23 > 17 > 10 > 5 > 39 > 31 > 25 > 19 > 12 > 5 > 40 > 33 > 27 > 21 > 15 > 8 > 1 > 34 > 28 > 21 > 14 > 8 > 2 > 36 > 29 > 24 > 18 > 11 > 5 > 40 > 33 > 28 > 22 > 16 > 10 > 5 > 37 > 31 > 25 > 20 > 12 > 6 > 40 > 31 > 24 > 17 > 10 > 4 > 38 > 31 > 26 > 20 > 14 > 8 > 2 > 35 > 29 > 23 > 17 > 11 > 2 > 38 > 32 > 26 > 20 > 13 > 6 > 1 > 34 > 28 > 21 > 14 > 7 > 1 > 34 > 28 > 23 > 16 > 9 > 3 > 37 > 32 > 26 > 20 > 13 > 6 > 18 > 8 > 37 > 26 > 14 > 5 > 33 > 9 > 1 > 32 > 24 > 14 > 4 > 37 > 29 > 23 > 18 > 10 > 3 > 35 > 28 > 21 > 14 > 7 > 1 > 33 > 22 > 14 > 3 > 33 > 24 > 15 > 3 > 32 > 23 > 17 > 12 > 5 > 37 > 29 > 17 > 8 > 40 > 34 > 27 > 21 > 3 > 36 > 29 > 19 > 11 > 2 > 33 > 24 > 16 > 2 > 36 > 30 > 23 > 15 > 8 > 40 > 34 > 27 > 20 > 14 > 3 > 32 > 12 > 36 > 26 > 16 > 10 > 3 > 29 > 17 > 2 > 29 > 14 > 35 > 9 > 23 > 40 > 22 > 2 > 25 > 13 > 5 > 37 > 30 > 25 > 18 > 13 > 8 > 2 > 36 > 31 > 26 > 20 > 13 > 8 > 32 > 24 > 2,0,8 > 0 > 160 > 168 > 160 > 168 > 160 > 168 > 160 > 168 > 160 > 168 > 160 > 168 > 160 > 168 > 160 > 168 > 160,0 > 64 > 0 > 1,0 > 4 > 0,0,+0x1228 secondary reaction timer observed; +0x1210 held instead of decrementing on one or more sampled frames
2026-07-28T11:31:42Z,7460,7482,22,P2-C1,P2,0x927EB9E0,12,Ryu,hit,64,Standing Hitstun,1,Action 1,64 Standing Hitstun > 91 Soft Knockdown > 160 Air Recovery > 1 Action 1 > 64 Standing Hitstun > 1 Action 1,hitstun > knockdown > air_recovery > hitstun > neutral,0,0,27,26,0,6,0,13,True,False,True,4,,6,22,0x00000000,0 > 27 > 9 > 34 > 18 > 37 > 21 > 3 > 25 > 6 > 31 > 0 > 36 > 17 > 2,0,8 > 0 > 8 > 32 > 160 > 168 > 160 > 168 > 160 > 168 > 8 > 168 > 160,0 > 64 > 192 > 193 > 1 > 0 > 1,4 > 0 > 128 > 0 > 4 > 0,0,+0x1228 secondary reaction timer observed; +0x1210 held instead of decrementing on one or more sampled frames
2026-07-28T11:32:00Z,7511,7563,52,P2-C1,P2,0x927EB9E0,12,Ryu,hit,64,Standing Hitstun,1,Action 1,64 Standing Hitstun > 1 Action 1 > 4609 Action 4609 > 74 Knockdown Face Down > 119 Get Up Face Down > 1 Action 1 > 65 Overhead Hitstun > 1 Action 1,hitstun > neutral > hitstun > knockdown > wakeup > hitstun > neutral,0,0,27,26,255232,4,1,39,True,True,False,13,15,,52,0x00000000,0 > 29 > 11 > 0 > 40 > 34 > 15 > 1 > 26 > 10 > 33 > 20 > 6 > 34 > 13 > 37 > 18 > 5 > 28 > 15 > 2 > 29 > 14 > 3 > 35 > 19 > 7 > 34 > 24 > 12 > 1 > 29 > 14 > 2 > 29 > 15 > 0 > 26 > 4 > 24,0,40 > 8 > 160 > 168 > 0 > 8 > 0 > 16 > 0 > 168 > 160 > 168 > 160 > 168 > 160 > 168 > 160 > 168 > 8 > 160,1 > 0 > 1 > 0 > 192 > 0 > 1 > 0 > 1,4 > 0 > 32 > 2 > 0 > 4 > 0 > 4 > 0,0,+0x1228 secondary reaction timer observed; +0x1210 held instead of decrementing on one or more sampled frames
2026-07-28T11:32:05Z,7570,7578,8,P2-C1,P2,0x927EB9E0,12,Ryu,hit,64,Standing Hitstun,1,Action 1,64 Standing Hitstun > 1 Action 1 > 66 Low Hitstun > 1 Action 1,hitstun > neutral,0,0,24,23,0,0,0,0,False,False,False,,,,8,0x00000000,0 > 24 > 7 > 30,0,40 > 8 > 0 > 8 > 168,1 > 0 > 1,4 > 0 > 4 > 0,0,+0x1228 secondary reaction timer observed
2026-07-28T11:32:33Z,7586,7699,113,P2-C1,P2,0x927EB9E0,12,Ryu,hit,4609,Action 4609,1,Action 1,4609 Action 4609 > 91 Soft Knockdown > 160 Air Recovery > 1 Action 1 > 91 Soft Knockdown > 160 Air Recovery > 1 Action 1 > 64 Standing Hitstun > 91 Soft Knockdown > 160 Air Recovery > 1 Action 1 > 4609 Action 4609 > 74 Knockdown Face Down > 119 Get Up Face Down > 32 Action 32 > 1 Action 1 > 32 Action 32 > 1 Action 1 > 91 Soft Knockdown > 160 Air Recovery > 1 Action 1 > 64 Standing Hitstun > 1 Action 1,hitstun > knockdown > air_recovery > hitstun > knockdown > air_recovery > hitstun > knockdown > air_recovery > hitstun > knockdown > wakeup > hitstun > knockdown > air_recovery > hitstun > neutral,0,0,22,21,254976,6,0,100,True,True,True,4,41,6,113,0x00000000,0 > 32 > 0 > 38 > 32 > 0 > 38 > 21 > 3 > 28 > 14 > 36 > 18 > 37 > 24 > 8 > 33 > 21 > 9 > 33 > 20 > 3 > 27 > 15 > 0 > 32 > 38 > 25 > 9 > 23 > 3 > 24 > 7 > 24 > 6 > 31 > 22 > 38 > 40 > 26 > 16 > 6 > 36 > 27 > 22 > 15 > 8 > 2 > 36 > 29 > 23 > 17 > 10 > 4 > 39 > 33 > 27 > 21 > 15 > 9 > 3 > 38 > 30 > 23 > 17 > 11 > 6 > 40 > 34 > 27 > 22 > 15 > 9 > 3 > 37 > 30 > 22 > 17 > 10 > 4 > 38 > 27 > 15 > 0 > 39 > 25 > 0 > 39 > 0 > 29 > 8 > 24,0,8 > 0 > 168 > 8 > 160 > 40 > 8 > 168 > 160 > 168 > 160 > 168 > 160 > 168 > 8 > 16 > 0 > 8 > 40 > 168 > 160 > 176 > 48 > 160 > 168 > 0 > 8 > 32 > 160 > 168 > 8 > 168,0 > 192 > 64 > 192 > 193 > 1 > 64 > 193 > 1 > 0 > 64 > 193 > 1 > 0 > 192 > 0 > 1 > 0 > 64 > 192 > 64 > 192 > 193 > 1 > 0 > 1,2 > 0 > 128 > 0 > 4 > 0 > 2 > 0 > 4 > 0 > 128 > 0 > 4 > 0,0,+0x1228 secondary reaction timer observed; +0x1210 held instead of decrementing on one or more sampled frames
2026-07-28T11:32:46Z,7702,7747,45,P2-C1,P2,0x927EB9E0,12,Ryu,hit,64,Standing Hitstun,1,Action 1,64 Standing Hitstun > 91 Soft Knockdown > 160 Air Recovery > 64 Standing Hitstun > 4609 Action 4609 > 74 Knockdown Face Down > 104 Knockdown Face Down > 119 Get Up Face Down > 89 Spiral Knockdown > 102 Knockdown Face Up > 113 Get Up Face Up > 32 Action 32 > 1 Action 1 > 91 Soft Knockdown > 1 Action 1,hitstun > knockdown > air_recovery > hitstun > knockdown > wakeup > knockdown > wakeup > hitstun > knockdown > neutral,0,0,24,23,254976,4,0,33,True,True,True,3,14,5,45,0x00000000,0 > 40 > 0 > 39 > 37 > 0 > 30 > 36 > 29 > 15 > 1 > 29 > 20 > 11 > 40 > 30 > 19 > 8 > 35 > 22 > 7 > 33 > 12 > 36 > 20 > 5 > 32 > 19 > 0 > 29 > 12 > 34,0,8 > 0 > 40 > 8 > 0 > 8 > 0 > 32 > 160 > 168 > 160 > 168 > 160 > 168 > 8 > 168 > 160,0 > 64 > 193 > 1 > 0 > 192 > 0 > 64 > 192 > 0 > 1 > 64 > 192 > 1,4 > 0 > 4 > 2 > 0 > 4 > 0 > 4 > 0,0,+0x1228 secondary reaction timer observed; +0x1210 held instead of decrementing on one or more sampled frames
2026-07-28T11:32:52Z,7763,7767,4,P2-C1,P2,0x927EB9E0,12,Ryu,hit,1,Action 1,1,Action 1,1 Action 1 > 64 Standing Hitstun > 1 Action 1,hitstun > neutral,0,0,17,17,0,0,0,0,False,False,False,,,,4,0x00000000,29 > 0 > 28 > 7 > 33,0,168 > 8 > 168 > 160,1 > 0 > 1,0 > 4 > 0,0,+0x1228 secondary reaction timer observed
2026-07-28T11:32:56Z,7773,7779,6,P2-C1,P2,0x927EB9E0,12,Ryu,hit,64,Standing Hitstun,1,Action 1,64 Standing Hitstun > 1 Action 1,hitstun > neutral,0,0,12,12,0,0,0,1,False,False,False,,,,6,0x00000000,0 > 23 > 6 > 33,0,8 > 160 > 168,0 > 1,4 > 0,0,+0x1228 secondary reaction timer observed; +0x1210 held instead of decrementing on one or more sampled frames
2026-07-28T11:32:58Z,7783,7786,3,P2-C1,P2,0x927EB9E0,12,Ryu,hit,64,Standing Hitstun,1,Action 1,64 Standing Hitstun > 1 Action 1,hitstun > neutral,0,0,11,10,0,0,0,0,False,False,False,,,,3,0x00000000,0 > 27 > 10 > 33,0,8 > 160 > 168,0 > 1,4 > 0,0,+0x1228 secondary reaction timer observed
2026-07-28T11:33:07Z,7810,7815,5,P2-C1,P2,0x927EB9E0,12,Ryu,hit,1,Action 1,1,Action 1,1 Action 1 > 64 Standing Hitstun > 1 Action 1,hitstun > neutral,0,0,17,17,0,0,0,1,False,False,False,,,,5,0x00000000,4 > 0 > 10 > 31 > 12,0,168 > 8 > 168,1 > 0 > 1,0 > 4 > 0,0,+0x1228 secondary reaction timer observed; +0x1210 held instead of decrementing on one or more sampled frames
2026-07-28T11:33:10Z,7822,7828,6,P2-C1,P2,0x927EB9E0,12,Ryu,hit,1,Action 1,1,Action 1,1 Action 1 > 64 Standing Hitstun > 1 Action 1,hitstun > neutral,0,0,20,19,0,0,0,0,False,False,False,,,,6,0x00000000,0 > 31 > 15 > 1 > 28,0,168 > 8 > 0 > 160,1 > 0 > 1,0 > 4 > 0,0,+0x1228 secondary reaction timer observed
2026-07-28T11:33:37Z,7844,7944,100,P2-C1,P2,0x927EB9E0,12,Ryu,hit,64,Standing Hitstun,1,Action 1,64 Standing Hitstun > 1 Action 1 > 79 Stagger > 1 Action 1 > 4619 Action 4619 > 74 Knockdown Face Down > 104 Knockdown Face Down > 119 Get Up Face Down > 1 Action 1 > 79 Stagger > 1 Action 1 > 64 Standing Hitstun > 1 Action 1,hitstun > knockdown > wakeup > hitstun > neutral,0,0,21,20,254720,0,0,91,True,True,False,14,16,,100,0x00000000,0 > 31 > 17 > 1 > 25 > 0 > 38 > 34 > 22 > 5 > 27 > 6 > 20 > 1 > 23 > 8 > 34 > 20 > 8 > 36 > 20 > 7 > 35 > 23 > 16 > 10 > 36 > 21 > 9 > 35 > 23 > 4 > 27 > 8 > 33 > 18 > 4 > 26 > 14 > 34 > 18 > 3 > 26 > 13 > 36 > 25 > 12 > 38 > 26 > 14 > 2 > 31 > 20 > 6 > 34 > 24 > 12 > 5 > 38 > 31 > 26 > 20 > 8 > 35 > 23 > 10 > 4 > 39 > 33 > 27 > 11 > 39 > 27 > 12 > 35 > 18 > 1 > 29 > 22 > 16 > 3 > 30 > 0 > 33 > 11 > 0 > 24 > 8 > 25,0,8 > 160 > 8 > 160 > 168 > 8 > 24 > 0 > 160 > 168 > 160 > 168 > 160 > 168 > 160 > 168 > 160 > 168 > 160 > 168 > 160 > 168 > 160 > 168 > 160 > 168 > 160 > 168 > 160 > 8 > 0 > 160 > 8 > 168,0 > 1 > 0 > 1 > 192 > 0 > 1 > 0 > 1 > 0 > 1,4 > 0 > 4 > 0 > 2 > 0 > 4 > 0 > 4 > 0 > 4 > 0,0,+0x1228 secondary reaction timer observed; +0x1210 held instead of decrementing on one or more sampled frames
2026-07-28T11:33:48Z,7954,8017,63,P2-C1,P2,0x927EB9E0,12,Ryu,hit,79,Stagger,1,Action 1,79 Stagger > 1 Action 1 > 64 Standing Hitstun > 1 Action 1,hitstun > neutral,0,0,21,20,0,0,0,57,False,False,False,,,,63,0x00000000,0 > 30 > 15 > 38 > 22 > 12 > 40 > 30 > 21 > 11 > 3 > 37 > 30 > 24 > 18 > 12 > 6 > 40 > 34 > 29 > 23 > 17 > 11 > 5 > 39 > 33 > 27 > 19 > 12 > 7 > 1 > 34 > 29 > 23 > 17 > 11 > 5 > 39 > 33 > 26 > 20 > 14 > 8 > 2 > 36 > 31 > 25 > 19 > 13 > 7 > 40 > 34 > 28 > 22 > 16 > 10 > 0 > 33 > 9 > 29,0,8 > 160 > 168 > 8 > 168 > 160,0 > 1 > 0 > 1,4 > 0 > 4 > 0,0,+0x1228 secondary reaction timer observed; +0x1210 held instead of decrementing on one or more sampled frames
2026-07-28T11:53:54Z,146,163,17,P2-C1,P2,0x927EB9E0,12,Ryu,hit,64,Standing Hitstun,1,Action 1,64 Standing Hitstun > 1 Action 1 > 64 Standing Hitstun > 1 Action 1 > 64 Standing Hitstun > 1 Action 1 > 64 Standing Hitstun > 1 Action 1 > 64 Standing Hitstun > 1 Action 1,hitstun > neutral > hitstun > neutral > hitstun > neutral > hitstun > neutral,0,0,17,16,0,0,0,1,False,False,False,,,,17,0x00000000,0 > 35 > 27 > 0 > 28 > 0 > 30 > 0 > 31 > 20 > 12,0,40 > 8 > 136 > 160 > 8 > 160 > 8 > 160 > 8 > 136 > 40 > 8 > 160,1 > 0 > 1 > 0 > 1 > 0 > 1 > 0 > 1 > 0 > 1,4 > 0 > 4 > 0 > 4 > 0 > 4 > 0 > 4 > 0,0,+0x1228 secondary reaction timer observed; +0x1210 held instead of decrementing on one or more sampled frames
2026-07-28T11:53:56Z,165,170,5,P2-C1,P2,0x927EB9E0,12,Ryu,hit,64,Standing Hitstun,1,Action 1,64 Standing Hitstun > 1 Action 1,hitstun > neutral,0,0,17,16,0,0,0,0,False,False,False,,,,5,0x00000000,0 > 34 > 20 > 8 > 35,0,8 > 168,0 > 1,4 > 0,0,+0x1228 secondary reaction timer observed
2026-07-28T11:53:57Z,173,181,8,P2-C1,P2,0x927EB9E0,12,Ryu,hit,64,Standing Hitstun,1,Action 1,64 Standing Hitstun > 1 Action 1,hitstun > neutral,0,0,21,20,0,0,0,2,False,False,False,,,,8,0x00000000,0 > 39 > 23 > 12 > 39,0,8 > 160 > 168,0 > 1,4 > 0,0,+0x1228 secondary reaction timer observed; +0x1210 held instead of decrementing on one or more sampled frames
2026-07-28T11:53:59Z,184,190,6,P2-C1,P2,0x927EB9E0,12,Ryu,hit,64,Standing Hitstun,1,Action 1,64 Standing Hitstun > 1 Action 1,hitstun > neutral,0,0,21,20,0,0,1,0,False,False,False,,,,6,0x00000000,0 > 33 > 16 > 4,0,8 > 168,0 > 1,4 > 0,0,+0x1228 secondary reaction timer observed
2026-07-28T11:54:07Z,201,233,32,P2-C1,P2,0x927EB9E0,12,Ryu,hit,89,Spiral Knockdown,1,Action 1,89 Spiral Knockdown > 102 Knockdown Face Up > 113 Get Up Face Up > 1 Action 1 > 91 Soft Knockdown > 160 Air Recovery > 30 Action 30 > 1 Action 1 > 65 Overhead Hitstun > 1 Action 1 > 32 Action 32 > 1 Action 1,knockdown > wakeup > hitstun > knockdown > air_recovery > hitstun > neutral,0,0,21,21,255488,4,0,27,True,True,True,0,6,21,32,0x00000000,0 > 26 > 39 > 30 > 18 > 8 > 0 > 36 > 26 > 39 > 0 > 35 > 22 > 38 > 39,0,8 > 0 > 8 > 168 > 40 > 8 > 32 > 40 > 168 > 8 > 0 > 160 > 48 > 176,64 > 192 > 0 > 1 > 65 > 64 > 193 > 1 > 0 > 1,0 > 4 > 0 > 128 > 0 > 4 > 0,0,+0x1228 secondary reaction timer observed; +0x1210 held instead of decrementing on one or more sampled frames
2026-07-28T11:54:28Z,240,346,106,P2-C1,P2,0x927EB9E0,12,Ryu,hit,64,Standing Hitstun,1,Action 1,64 Standing Hitstun > 91 Soft Knockdown > 97 Launched > 91 Soft Knockdown > 80 Hard Knockdown > 73 Knockdown Face Up > 113 Get Up Face Up > 1 Action 1 > 4609 Action 4609 > 74 Knockdown Face Down > 119 Get Up Face Down > 32 Action 32 > 1 Action 1 > 4609 Action 4609 > 91 Soft Knockdown > 97 Launched > 91 Soft Knockdown > 160 Air Recovery > 30 Action 30 > 1 Action 1 > 65 Overhead Hitstun > 64 Standing Hitstun > 91 Soft Knockdown > 1 Action 1,hitstun > knockdown > hitstun > knockdown > wakeup > hitstun > knockdown > wakeup > hitstun > knockdown > hitstun > knockdown > air_recovery > hitstun > knockdown > neutral,0,0,27,26,255488,4,1,81,True,True,True,4,16,76,106,0x00000000,0 > 35 > 24 > 32 > 21 > 10 > 39 > 28 > 22 > 15 > 8 > 1 > 34 > 26 > 21 > 17 > 11 > 40 > 0 > 29 > 34 > 24 > 9 > 0 > 29 > 0 > 26 > 0 > 39 > 31 > 24 > 16 > 6,0,8 > 0 > 8 > 0 > 8 > 0 > 160 > 168 > 8 > 16 > 0 > 8 > 40 > 168 > 8 > 0 > 8 > 0 > 8 > 0 > 8 > 0 > 32 > 40 > 184 > 24 > 8 > 0 > 8 > 0 > 8 > 0 > 8 > 168 > 160 > 168,0 > 64 > 192 > 0 > 1 > 0 > 64 > 192 > 0 > 1 > 0 > 192 > 64 > 192 > 64 > 192 > 193 > 1 > 0 > 64 > 192 > 64 > 192 > 1,4 > 0 > 4 > 0 > 2 > 0 > 4 > 0 > 2 > 0 > 128 > 0 > 4 > 0,0,+0x1228 secondary reaction timer observed; +0x1210 held instead of decrementing on one or more sampled frames
2026-07-28T11:56:10Z,1422,1539,117,P2-C1,P2,0x927EB9E0,12,Ryu,hit,1,Action 1,1,Action 1,1 Action 1 > 91 Soft Knockdown > 160 Air Recovery > 30 Action 30 > 1 Action 1 > 64 Standing Hitstun > 1 Action 1,hitstun > knockdown > air_recovery > hitstun > neutral,0,0,21,21,0,2,0,108,True,False,True,1,,13,117,0x00000000,0 > 40 > 30 > 0 > 31 > 26 > 17 > 8 > 35 > 21 > 9 > 2 > 37 > 32 > 27 > 22 > 17 > 12 > 8 > 37 > 29 > 22 > 10 > 39 > 29 > 20 > 16 > 12 > 7 > 2 > 38 > 34 > 29 > 25 > 20 > 15 > 10 > 6 > 1 > 37 > 32 > 28 > 23 > 19 > 15 > 10 > 6 > 1 > 36 > 32 > 28 > 23 > 19 > 14 > 9 > 4 > 40 > 35 > 31 > 26 > 21 > 16 > 12 > 7 > 2 > 38 > 33 > 28 > 21 > 11 > 1 > 31 > 24 > 19 > 8 > 1 > 33 > 24 > 18 > 13 > 8 > 3 > 38 > 26 > 17 > 8 > 40 > 35 > 30 > 25 > 20 > 15 > 10 > 5 > 40 > 34 > 0 > 39 > 29 > 23 > 18,0,168 > 0 > 8 > 0 > 8 > 0 > 8 > 0 > 32 > 40 > 168 > 160 > 168 > 160 > 128 > 160 > 168 > 160 > 168 > 8 > 0 > 160,1 > 64 > 192 > 193 > 1 > 0 > 1,0 > 128 > 0 > 4 > 0,0,+0x1228 secondary reaction timer observed; +0x1210 held instead of decrementing on one or more sampled frames
2026-07-28T11:56:16Z,1554,1577,23,P2-C1,P2,0x927EB9E0,12,Ryu,hit,89,Spiral Knockdown,1,Action 1,89 Spiral Knockdown > 102 Knockdown Face Up > 105 OTG Face Up > 113 Get Up Face Up > 1 Action 1 > 64 Standing Hitstun > 1 Action 1 > 64 Standing Hitstun > 1 Action 1 > 64 Standing Hitstun > 1 Action 1,knockdown > wakeup > hitstun > neutral > hitstun > neutral > hitstun > neutral,0,0,21,21,254720,4,0,12,True,True,False,0,9,,23,0x00000000,0 > 38 > 27 > 39 > 37 > 0 > 34 > 23 > 0 > 35 > 28 > 0 > 33 > 20 > 7 > 36,0,8 > 16 > 0 > 8 > 0 > 160 > 8 > 160 > 8 > 168 > 8 > 160 > 168,64 > 192 > 0 > 1 > 0 > 1 > 0 > 1 > 0 > 1,0 > 4 > 0 > 4 > 0 > 4 > 0 > 4 > 0,0,+0x1228 secondary reaction timer observed; +0x1210 held instead of decrementing on one or more sampled frames
2026-07-28T11:56:27Z,1611,1636,25,P2-C1,P2,0x927EB9E0,12,Ryu,hit,79,Stagger,1,Action 1,79 Stagger > 1 Action 1 > 89 Spiral Knockdown > 102 Knockdown Face Up > 113 Get Up Face Up > 1 Action 1 > 64 Standing Hitstun > 1 Action 1,hitstun > knockdown > wakeup > hitstun > neutral,0,0,21,20,254464,4,0,20,True,True,False,10,18,,25,0x00000000,0 > 40 > 26 > 17 > 9 > 2 > 0 > 32 > 37 > 0 > 33 > 23 > 14,0,8 > 0 > 160 > 168 > 8 > 0 > 8 > 0 > 8 > 168 > 160,0 > 1 > 64 > 192 > 0 > 1,4 > 0 > 4 > 0 > 4 > 0,0,+0x1228 secondary reaction timer observed; +0x1210 held instead of decrementing on one or more sampled frames
2026-07-28T11:56:33Z,1670,1680,10,P2-C1,P2,0x927EB9E0,12,Ryu,hit,1,Action 1,1,Action 1,1 Action 1 > 64 Standing Hitstun > 1 Action 1,hitstun > neutral,0,0,21,21,0,0,1,0,False,False,False,,,,10,0x00000000,9 > 0 > 38 > 33 > 29,0,0 > 160,0 > 1,0 > 4 > 0,0,+0x1228 secondary reaction timer observed
2026-07-28T11:56:42Z,1702,1746,44,P2-C1,P2,0x927EB9E0,12,Ryu,hit,89,Spiral Knockdown,1,Action 1,89 Spiral Knockdown > 102 Knockdown Face Up > 103 Wakeup Transition > 113 Get Up Face Up > 32 Action 32 > 1 Action 1 > 64 Standing Hitstun > 1 Action 1,knockdown > wakeup > hitstun > neutral,0,0,21,20,254976,4,0,37,True,True,False,0,7,,44,0x00000000,0 > 39 > 29 > 35 > 34 > 26 > 18 > 13 > 8 > 2 > 37 > 32 > 27 > 23 > 18 > 13 > 9 > 39 > 31 > 23 > 15 > 10 > 4 > 40 > 35 > 29 > 24 > 20 > 14 > 10 > 5 > 40 > 0 > 33 > 23 > 9,0,8 > 16 > 0 > 32 > 160 > 168 > 8 > 160,64 > 192 > 0 > 1 > 0 > 1,0 > 4 > 0 > 4 > 0,0,+0x1228 secondary reaction timer observed; +0x1210 held instead of decrementing on one or more sampled frames
2026-07-28T11:56:44Z,1748,1756,8,P2-C1,P2,0x927EB9E0,12,Ryu,hit,66,Low Hitstun,1,Action 1,66 Low Hitstun > 1 Action 1 > 64 Standing Hitstun > 1 Action 1,hitstun > neutral > hitstun > neutral,0,0,17,16,0,0,1,0,False,False,False,,,,8,0x00000000,0 > 29 > 0 > 28 > 14 > 4,0,8 > 160 > 8 > 160 > 168 > 160,0 > 1 > 0 > 1,4 > 0 > 4 > 0,0,+0x1228 secondary reaction timer observed
2026-07-28T11:56:45Z,1760,1764,4,P2-C1,P2,0x927EB9E0,12,Ryu,hit,1,Action 1,1,Action 1,1 Action 1 > 64 Standing Hitstun > 1 Action 1,hitstun > neutral,0,0,12,12,0,0,0,0,False,False,False,,,,4,0x00000000,36 > 0 > 35 > 24 > 12,0,168 > 8 > 136 > 168,1 > 0 > 1,0 > 4 > 0,0,+0x1228 secondary reaction timer observed
2026-07-28T11:56:47Z,1767,1771,4,P2-C1,P2,0x927EB9E0,12,Ryu,hit,64,Standing Hitstun,1,Action 1,64 Standing Hitstun > 1 Action 1,hitstun > neutral,0,0,17,16,0,0,0,0,False,False,False,,,,4,0x00000000,0 > 32 > 20 > 8,0,8 > 160 > 168,0 > 1,4 > 0,0,+0x1228 secondary reaction timer observed
2026-07-28T11:56:49Z,1777,1781,4,P2-C1,P2,0x927EB9E0,12,Ryu,hit,64,Standing Hitstun,1,Action 1,64 Standing Hitstun > 1 Action 1,hitstun > neutral,0,0,21,20,0,0,0,0,False,False,False,,,,4,0x00000000,0 > 28 > 17 > 8,0,8 > 168 > 160 > 168,0 > 1,4 > 0,0,+0x1228 secondary reaction timer observed
2026-07-28T11:57:03Z,1799,1880,81,P2-C1,P2,0x927EB9E0,12,Ryu,hit,79,Stagger,1,Action 1,79 Stagger > 1 Action 1 > 79 Stagger > 1 Action 1 > 79 Stagger > 1 Action 1 > 65 Overhead Hitstun > 1 Action 1,hitstun > neutral,0,0,21,21,0,0,0,76,False,False,False,,,,81,0x00000000,0 > 37 > 24 > 15 > 9 > 0 > 34 > 26 > 22 > 17 > 13 > 0 > 39 > 31 > 23 > 11 > 40 > 31 > 22 > 14 > 4 > 32 > 21 > 10 > 35 > 21 > 11 > 38 > 30 > 21 > 13 > 8 > 4 > 39 > 35 > 30 > 25 > 21 > 16 > 12 > 7 > 3 > 37 > 32 > 24 > 14 > 3 > 33 > 28 > 23 > 19 > 14 > 9 > 37 > 27 > 0 > 30 > 15 > 3,0,8 > 0 > 160 > 0 > 8 > 0 > 160 > 8 > 0 > 128 > 160 > 168 > 160 > 168 > 160 > 168 > 160 > 168 > 160 > 168 > 160 > 168 > 8 > 160 > 168,0 > 1 > 0 > 1 > 0 > 1 > 0 > 1,4 > 0 > 4 > 0 > 4 > 0 > 4 > 0,0,+0x1228 secondary reaction timer observed; +0x1210 held instead of decrementing on one or more sampled frames
2026-07-28T11:57:06Z,1884,1893,9,P2-C1,P2,0x927EB9E0,12,Ryu,hit,1,Action 1,1,Action 1,1 Action 1 > 65 Overhead Hitstun > 1 Action 1 > 65 Overhead Hitstun > 1 Action 1,hitstun > neutral > hitstun > neutral,0,0,21,20,0,0,0,1,False,False,False,,,,9,0x00000000,0 > 37 > 28 > 0 > 31 > 19 > 3,0,0 > 8 > 0 > 168 > 0 > 8 > 160 > 168 > 184,0 > 1 > 0 > 1,0 > 4 > 0 > 4 > 0,0,+0x1228 secondary reaction timer observed; +0x1210 held instead of decrementing on one or more sampled frames
2026-07-28T11:57:14Z,1908,1954,46,P2-C1,P2,0x927EB9E0,12,Ryu,hit,65,Overhead Hitstun,1,Action 1,65 Overhead Hitstun > 1 Action 1 > 79 Stagger > 1 Action 1 > 64 Standing Hitstun > 1 Action 1,hitstun > neutral > hitstun > neutral,0,0,21,20,0,0,0,36,False,False,False,,,,46,0x00000000,0 > 31 > 21 > 0 > 37 > 22 > 13 > 2 > 32 > 21 > 14 > 9 > 4 > 40 > 35 > 26 > 25 > 20 > 11 > 40 > 0 > 37 > 33 > 29,0,40 > 8 > 160 > 8 > 0 > 168 > 160 > 168 > 160 > 0 > 160,1 > 0 > 1 > 0 > 1 > 0 > 1,4 > 0 > 4 > 0 > 4 > 0,0,+0x1228 secondary reaction timer observed; +0x1210 held instead of decrementing on one or more sampled frames
2026-07-28T11:57:18Z,1992,2002,10,P2-C1,P2,0x927EB9E0,12,Ryu,hit,64,Standing Hitstun,1,Action 1,64 Standing Hitstun > 1 Action 1 > 65 Overhead Hitstun > 1 Action 1,hitstun > neutral,0,0,20,19,0,0,0,0,False,False,False,,,,10,0x00000000,0 > 38 > 34 > 29,0,0 > 160 > 0 > 128 > 160,0 > 1 > 0 > 1,4 > 0 > 4 > 0,0,+0x1228 secondary reaction timer observed
2026-07-28T11:57:22Z,2026,2043,17,P2-C1,P2,0x927EB9E0,12,Ryu,hit,64,Standing Hitstun,1,Action 1,64 Standing Hitstun > 1 Action 1 > 64 Standing Hitstun > 1 Action 1,hitstun > neutral > hitstun > neutral,0,0,21,21,0,0,1,1,False,False,False,,,,17,0x00000000,0 > 36 > 0 > 36 > 32 > 27,0,0 > 160 > 0 > 160,0 > 1 > 0 > 1,4 > 0 > 4 > 0,0,+0x1228 secondary reaction timer observed; +0x1210 held instead of decrementing on one or more sampled frames
2026-07-28T11:59:09Z,1459,1512,53,P1-C1,P1,0x9246B9C0,13,Chun-Li,block,19,Action 19,6,Action 6,19 Action 19 > 35 Action 35 > 91 Soft Knockdown > 22 Action 22 > 35 Action 35 > 91 Soft Knockdown > 160 Air Recovery > 11 Action 11 > 35 Action 35 > 4609 Action 4609 > 102 Knockdown Face Up > 103 Wakeup Transition > 116 Backward Roll > 29 Action 29 > 266 Action 266 > 97 Launched > 160 Air Recovery > 22 Action 22 > 91 Soft Knockdown > 21 Action 21 > 266 Action 266 > 6 Action 6,blockstun > hitstun > knockdown > neutral > knockdown > air_recovery > hitstun > knockdown > wakeup > hitstun > air_recovery > hitstun > knockdown > neutral,1,1,24,20,254720,6,0,41,True,True,True,2,39,9,53,0x00000000,38 > 0 > 36 > 34 > 38 > 0 > 33 > 16 > 30 > 0 > 35 > 33 > 0 > 38 > 20 > 0 > 38 > 0 > 40 > 0 > 38 > 39 > 38,0,168 > 40 > 0 > 32 > 40 > 0 > 8 > 40 > 32 > 40 > 8 > 24 > 8 > 0 > 16 > 32 > 8 > 40 > 8 > 40 > 0 > 16,1 > 65 > 64 > 192 > 65 > 64 > 193 > 1 > 65 > 64 > 65 > 64 > 0 > 65 > 192 > 64 > 193 > 65 > 64 > 192 > 64 > 196 > 1,4 > 0 > 16 > 0 > 128 > 0 > 32 > 0 > 16 > 0 > 128 > 16 > 0 > 16 > 0,0 > 64 > 0 > 64 > 0,+0x1228 secondary reaction timer observed; +0x1210 held instead of decrementing on one or more sampled frames
2026-07-28T11:59:11Z,1515,1518,3,P1-C1,P1,0x9246B9C0,13,Chun-Li,hit,64,Standing Hitstun,266,Action 266,64 Standing Hitstun > 22 Action 22 > 35 Action 35 > 266 Action 266,hitstun > neutral,1,0,9,8,0,0,0,0,False,False,False,,,,3,0x00000000,0 > 32 > 38 > 0,0,8 > 32 > 0,0 > 65 > 192,4 > 16 > 0,0 > 64,+0x1228 secondary reaction timer observed
2026-07-28T11:59:14Z,1511,1529,18,P2-C1,P2,0x927EB9E0,7,Ippatsuman,hit,91,Soft Knockdown,3,Action 3,91 Soft Knockdown > 160 Air Recovery > 49 Crouching Block > 53 Crouching Pushblock > 259 Action 259 > 6 Action 6 > 7 Action 7 > 65 Overhead Hitstun > 10 Action 10 > 3 Action 3 > 48 Block > 49 Crouching Block > 53 Crouching Pushblock > 259 Action 259 > 1 Action 1 > 3 Action 3,knockdown > air_recovery > blockstun > hitstun > neutral > blockstun > neutral,1,17,17,16,0,3,1,7,True,False,True,0,,1,18,0x00000000,0 > 38 > 40 > 39 > 32 > 30 > 35 > 0 > 33 > 34 > 39 > 23 > 35 > 28 > 22 > 29 > 39 > 21,0,8 > 0 > 8 > 0 > 8 > 0 > 32 > 56 > 0 > 8 > 0 > 160 > 32,64 > 193 > 16 > 1 > 4 > 1 > 0 > 1 > 16 > 17 > 0 > 16 > 17 > 0 > 1,0 > 4 > 0 > 4 > 0 > 4,0 > 64 > 0 > 64 > 0,+0x1228 secondary reaction timer observed; +0x1210 held instead of decrementing on one or more sampled frames
2026-07-28T11:59:23Z,1552,1557,5,P1-C1,P1,0x9246B9C0,13,Chun-Li,block,19,Action 19,417,Action 417,19 Action 19 > 52 Air Pushblock > 165 Breakaway Recovery > 3 Action 3 > 416 Action 416 > 417 Action 417,blockstun > air_recovery > neutral,1,8,0,0,254464,6,0,0,False,False,True,,,2,5,0x00000000,40 > 27 > 0 > 37 > 20 > 33,0,160 > 8 > 32 > 40 > 8 > 0,1 > 64 > 193 > 1 > 0,4 > 0 > 128 > 4 > 0,0,
2026-07-28T11:59:26Z,1565,1569,4,P1-C2,P1,0x92B6BA00,14,Batsu,block,11,Action 11,272,Action 272,11 Action 11 > 48 Block > 272 Action 272,blockstun > neutral,0,14,0,0,1280,0,0,0,False,False,False,,,,4,0x00000000 > 0x00100000 > 0x00000000,40 > 38 > 19 > 1 > 37,0,32 > 0,1 > 16 > 0 > 4,0,0 > 64,
2026-07-28T11:59:37Z,1568,1603,35,P2-C2,P2,0x92EEBA20,4,Polimar,hit,425,Action 425,1,Action 1,425 Action 425 > 65 Overhead Hitstun > 64 Standing Hitstun > 91 Soft Knockdown > 256 Action 256 > 259 Action 259 > 257 Action 257 > 260 Action 260 > 258 Action 258 > 261 Action 261 > 304 Action 304 > 1 Action 1 > 261 Action 261 > 6 Action 6 > 256 Action 256 > 2 Action 2 > 91 Soft Knockdown > 160 Air Recovery > 258 Action 258 > 1 Action 1,hitstun > knockdown > hitstun > knockdown > air_recovery > neutral,0,0,21,20,0,4,0,25,True,False,True,3,,32,35,0x00000000,0 > 36 > 0 > 22 > 32 > 0 > 27 > 14 > 2 > 27 > 38 > 26 > 2 > 29 > 27 > 0 > 27 > 8 > 38,0,8 > 0 > 8 > 0 > 8 > 0 > 160 > 0 > 24 > 40 > 8 > 0 > 8 > 0 > 160,0 > 64 > 192 > 64 > 192 > 64 > 192 > 0 > 32 > 36 > 32 > 38 > 32 > 0 > 6 > 4 > 1 > 0 > 64 > 192 > 1 > 6 > 4 > 1,0 > 4 > 0 > 4 > 0,0 > 64 > 0 > 8 > 0 > 72 > 0 > 64 > 0,+0x1228 secondary reaction timer observed; +0x1210 held instead of decrementing on one or more sampled frames
2026-07-28T11:59:41Z,1610,1614,4,P2-C2,P2,0x92EEBA20,4,Polimar,block,49,Crouching Block,262,Action 262,49 Crouching Block > 53 Crouching Pushblock > 6 Action 6 > 262 Action 262,blockstun > neutral,0,9,0,0,0,0,0,0,False,False,False,,,,4,0x00000000,40 > 24 > 33 > 24 > 1,0,8 > 0 > 8 > 0,16 > 1 > 0,0,0,
2026-07-28T12:00:06Z,1531,1706,175,P2-C1,P2,0x927EB9E0,7,Ippatsuman,block,49,Crouching Block,267,Action 267,49 Crouching Block > 11 Action 11 > 53 Crouching Pushblock > 7 Action 7 > 64 Standing Hitstun > 65 Overhead Hitstun > 64 Standing Hitstun > 66 Low Hitstun > 64 Standing Hitstun > 97 Launched > 91 Soft Knockdown > 6 Action 6 > 256 Action 256 > 6 Action 6 > 267 Action 267 > 89 Spiral Knockdown > 102 Knockdown Face Up > 116 Backward Roll > 416 Action 416 > 417 Action 417 > 430 Action 430 > 426 Action 426 > 424 Action 424 > 417 Action 417 > 430 Action 430 > 419 Action 419 > 1 Action 1 > 48 Block > 51 Pushblock > 21 Action 21 > 267 Action 267 > 65 Overhead Hitstun > 91 Soft Knockdown > 50 Air Block > 51 Pushblock > 65 Overhead Hitstun > 19 Action 19 > 267 Action 267,blockstun > hitstun > knockdown > hitstun > knockdown > wakeup > hitstun > blockstun > hitstun > knockdown > blockstun > hitstun > neutral,11,15,21,20,255488,5,1,153,True,True,False,12,30,,175,0x00000000,35 > 30 > 37 > 40 > 27 > 0 > 27 > 37 > 0 > 40 > 27 > 11 > 0 > 31 > 18 > 0 > 36 > 22 > 34 > 38 > 19 > 40 > 14 > 33 > 11 > 27 > 9 > 26 > 4 > 30 > 10 > 31 > 15 > 35 > 13 > 34 > 16 > 18 > 1 > 27 > 7 > 26 > 11 > 25 > 40 > 16 > 37 > 22 > 3 > 29 > 11 > 36 > 22 > 40 > 18 > 1 > 14 > 37 > 20 > 3 > 17 > 38 > 21 > 6 > 16 > 37 > 14 > 35 > 15 > 36 > 19 > 1 > 20 > 1 > 23 > 3 > 21 > 1 > 23 > 2 > 24 > 9 > 30 > 14 > 30 > 13 > 33 > 12 > 34 > 22 > 37 > 19 > 38 > 20 > 39 > 19 > 1 > 21 > 2 > 20 > 38 > 22 > 39 > 15 > 39 > 21 > 1 > 28 > 5 > 30 > 7 > 28 > 18 > 11 > 6 > 40 > 34 > 29 > 25 > 21 > 18 > 14 > 6 > 39 > 23 > 10 > 37 > 24 > 14 > 8 > 35 > 27 > 18 > 35 > 25 > 40 > 38 > 0 > 35 > 17 > 0 > 34 > 0 > 37 > 32 > 24,0,8 > 40 > 8 > 0 > 8 > 0 > 8 > 0 > 8 > 0 > 8 > 16 > 0 > 8 > 24 > 0 > 8 > 0 > 8 > 0 > 8 > 24 > 8 > 16 > 0 > 8 > 0 > 8 > 0 > 8 > 0 > 8 > 0 > 8 > 0 > 8 > 0 > 8 > 0 > 8 > 0 > 8 > 0 > 8 > 0 > 8 > 0 > 168 > 8 > 40 > 8 > 0 > 8 > 168 > 8 > 0,0 > 16 > 1 > 0 > 64 > 192 > 64 > 192 > 1 > 0 > 16 > 1 > 64 > 192 > 64 > 192 > 0 > 192 > 64 > 192 > 0 > 4 > 0 > 192 > 64 > 192 > 1 > 16 > 1 > 64 > 193 > 192 > 0 > 64 > 192 > 64 > 192 > 1 > 0 > 192 > 198,0 > 4 > 0 > 16 > 0 > 4 > 0 > 4 > 0,0 > 64 > 0 > 64 > 0 > 64 > 0 > 64,+0x1228 secondary reaction timer observed; +0x1210 held instead of decrementing on one or more sampled frames
2026-07-28T12:08:36Z,602,605,3,P1-C1,P1,0x9246B9C0,13,Chun-Li,hit,67,Air T-Pose Hit,307,Action 307,67 Air T-Pose Hit > 259 Action 259 > 261 Action 261 > 307 Action 307,hitstun > neutral,3,0,0,0,0,0,0,0,False,False,False,,,,3,0x00000000,40 > 35 > 33 > 38,0,0,0 > 4 > 32 > 2,4 > 0,0 > 64,
2026-07-28T12:08:51Z,587,659,72,P2-C1,P2,0x927EB9E0,19,Roll,hit,64,Standing Hitstun,267,Action 267,64 Standing Hitstun > 66 Low Hitstun > 64 Standing Hitstun > 49 Crouching Block > 91 Soft Knockdown > 160 Air Recovery > 265 Action 265 > 1 Action 1 > 64 Standing Hitstun > 66 Low Hitstun > 96 Soft Knockdown > 102 Knockdown Face Up > 113 Get Up Face Up > 258 Action 258 > 256 Action 256 > 2 Action 2 > 310 Action 310 > 259 Action 259 > 260 Action 260 > 11 Action 11 > 304 Action 304 > 1 Action 1 > 21 Action 21 > 267 Action 267 > 161 Hard Knockdown > 30 Action 30 > 6 Action 6 > 311 Action 311 > 35 Action 35 > 267 Action 267 > 310 Action 310 > 2 Action 2 > 310 Action 310 > 6 Action 6 > 35 Action 35 > 267 Action 267 > 6 Action 6 > 256 Action 256 > 6 Action 6 > 64 Standing Hitstun > 10 Action 10 > 21 Action 21 > 267 Action 267,hitstun > blockstun > knockdown > air_recovery > hitstun > knockdown > wakeup > hitstun > knockdown > hitstun > neutral,1,0,21,21,253184,4,0,60,True,True,True,8,22,13,72,0x00000000,0 > 39 > 0 > 40 > 28 > 37 > 0 > 32 > 35 > 17 > 32 > 38 > 27 > 11 > 36 > 21 > 36 > 40 > 21 > 37 > 36 > 24 > 10 > 40 > 26 > 33 > 0 > 40 > 28 > 10 > 35 > 17 > 4 > 33 > 0 > 33 > 37 > 27 > 33 > 18 > 38 > 22 > 30 > 16 > 28 > 17 > 34 > 17 > 0 > 34 > 39 > 22 > 0 > 29 > 0 > 34 > 32 > 27,0,8 > 0 > 8 > 24 > 8 > 0 > 160 > 8 > 0 > 8 > 32 > 8 > 0 > 8 > 40 > 0 > 168 > 32 > 8 > 0 > 32 > 0 > 8 > 0 > 32 > 8 > 0 > 24 > 8 > 0 > 32 > 0 > 8 > 0 > 24 > 8 > 40 > 32 > 24,0 > 1 > 64 > 192 > 64 > 192 > 193 > 192 > 1 > 0 > 64 > 192 > 0 > 4 > 0 > 1 > 0 > 1 > 65 > 192 > 0 > 65 > 192 > 0 > 4 > 0 > 1 > 64 > 192 > 1 > 0 > 1 > 65 > 192,4 > 0 > 128 > 0 > 4 > 0 > 4 > 0 > 4 > 0 > 16 > 0 > 4 > 0 > 4 > 0 > 16 > 0,0 > 64 > 0 > 64 > 0 > 64 > 0 > 64 > 0 > 64 > 0 > 64,+0x1228 secondary reaction timer observed; +0x1210 held instead of decrementing on one or more sampled frames
2026-07-28T12:09:04Z,703,708,5,P2-C2,P2,0x92EEBA20,3,Tekkaman,block,49,Crouching Block,6,Action 6,49 Crouching Block > 53 Crouching Pushblock > 21 Action 21 > 267 Action 267 > 6 Action 6,blockstun > neutral,0,13,0,0,0,0,0,0,False,False,False,,,,5,0x00000000,38 > 36 > 40 > 31 > 26 > 35,0,8 > 0 > 32 > 8 > 0,0 > 1 > 64 > 192 > 1,0 > 16 > 0,0 > 64 > 0,
2026-07-28T12:09:07Z,713,717,4,P2-C2,P2,0x92EEBA20,3,Tekkaman,hit,91,Soft Knockdown,304,Action 304,91 Soft Knockdown > 259 Action 259 > 304 Action 304,knockdown > neutral,0,0,21,8,0,5,0,0,True,False,False,0,,,4,0x00000000,0 > 27 > 29 > 14,0,0 > 8 > 0,64 > 192 > 0,0,0 > 64 > 0,+0x1228 secondary reaction timer observed
2026-07-28T12:09:10Z,615,726,111,P1-C1,P1,0x9246B9C0,13,Chun-Li,hit,1,Action 1,22,Action 22,1 Action 1 > 79 Stagger > 50 Air Block > 267 Action 267 > 6 Action 6 > 36 Action 36 > 267 Action 267 > 6 Action 6 > 265 Action 265 > 95 Forced Roll > 265 Action 265 > 267 Action 267 > 48 Block > 1 Action 1 > 35 Action 35 > 265 Action 265 > 35 Action 35 > 11 Action 11 > 22 Action 22 > 36 Action 36 > 267 Action 267 > 1 Action 1 > 6 Action 6 > 96 Soft Knockdown > 102 Knockdown Face Up > 115 Forward Roll > 2 Action 2 > 6 Action 6 > 1 Action 1 > 260 Action 260 > 258 Action 258 > 306 Action 306 > 353 Action 353 > 315 Action 315 > 266 Action 266 > 267 Action 267 > 35 Action 35 > 18 Action 18 > 267 Action 267 > 312 Action 312 > 260 Action 260 > 89 Spiral Knockdown > 102 Knockdown Face Up > 113 Get Up Face Up > 259 Action 259 > 260 Action 260 > 7 Action 7 > 36 Action 36 > 30 Action 30 > 35 Action 35 > 22 Action 22 > 35 Action 35 > 91 Soft Knockdown > 160 Air Recovery > 259 Action 259 > 22 Action 22 > 35 Action 35 > 267 Action 267 > 91 Soft Knockdown > 21 Action 21 > 266 Action 266 > 30 Action 30 > 65 Overhead Hitstun > 257 Action 257 > 22 Action 22,hitstun > blockstun > hitstun > knockdown > hitstun > blockstun > hitstun > knockdown > wakeup > hitstun > knockdown > wakeup > hitstun > knockdown > air_recovery > hitstun > knockdown > neutral > hitstun > neutral,18,0,21,20,255488,6,0,100,True,True,True,13,39,99,111,0x00000000,0 > 36 > 26 > 37 > 40 > 32 > 39 > 0 > 38 > 0 > 38 > 27 > 39 > 28 > 37 > 40 > 39 > 29 > 11 > 35 > 30 > 14 > 40 > 27 > 36 > 25 > 0 > 40 > 26 > 0 > 22 > 36 > 39 > 21 > 39 > 27 > 39 > 33 > 29 > 31 > 28 > 13 > 40 > 28 > 23 > 18 > 8 > 38 > 29 > 14 > 1 > 29 > 21 > 14 > 2 > 32 > 24 > 14 > 0 > 33 > 35 > 0 > 34 > 35 > 40 > 37 > 36 > 25 > 9 > 33 > 40 > 34 > 18 > 0 > 24 > 38 > 26 > 37 > 40 > 35 > 39 > 29 > 0 > 40 > 39 > 0 > 39 > 22 > 0 > 28 > 0 > 39 > 32 > 0 > 34 > 0 > 29,0,168 > 8 > 0 > 8 > 0 > 40 > 8 > 40 > 8 > 0 > 8 > 0 > 8 > 40 > 168 > 32 > 8 > 40 > 8 > 40 > 32 > 40 > 8 > 168 > 0 > 8 > 0 > 24 > 0 > 32 > 0 > 160 > 8 > 0 > 32 > 160 > 16 > 0 > 8 > 0 > 8 > 0 > 40 > 0 > 40 > 56 > 40 > 32 > 0 > 40 > 8 > 32 > 0 > 32 > 0 > 40,1 > 0 > 64 > 192 > 1 > 0 > 65 > 192 > 0 > 64 > 192 > 0 > 64 > 192 > 1 > 65 > 64 > 193 > 1 > 65 > 192 > 1 > 0 > 64 > 192 > 0 > 1 > 0 > 4 > 32 > 0 > 4 > 6 > 4 > 6 > 2 > 0 > 4 > 68 > 230 > 65 > 193 > 192 > 70 > 68 > 196 > 0 > 64 > 192 > 0 > 16 > 48 > 1 > 65 > 1 > 65 > 193 > 65 > 64 > 193 > 0 > 65 > 192 > 65 > 208 > 1 > 0 > 6 > 4 > 65,0 > 4 > 0 > 16 > 0 > 4 > 0 > 4 > 0 > 128 > 0 > 4 > 0 > 16 > 0 > 128 > 16 > 0 > 16 > 0 > 4 > 0 > 16,0 > 72 > 0 > 64 > 0 > 64 > 0 > 64 > 72 > 0 > 64 > 0 > 64 > 0 > 64 > 0 > 64 > 0 > 64 > 0 > 64 > 8 > 0 > 64 > 0 > 64 > 0 > 64 > 0 > 64 > 0 > 64 > 0 > 64 > 0,+0x1228 secondary reaction timer observed; +0x1210 held instead of decrementing on one or more sampled frames
2026-07-28T12:09:19Z,748,755,7,P1-C1,P1,0x9246B9C0,13,Chun-Li,hit,66,Low Hitstun,266,Action 266,66 Low Hitstun > 64 Standing Hitstun > 1 Action 1 > 35 Action 35 > 266 Action 266,hitstun > neutral,0,0,24,23,0,0,0,1,False,False,False,,,,7,0x00000000,0 > 37 > 30,0,40 > 8 > 168 > 8 > 0,1 > 0 > 1 > 65 > 208,4 > 0,0 > 64,+0x1228 secondary reaction timer observed; +0x1210 held instead of decrementing on one or more sampled frames
2026-07-28T12:10:05Z,642,913,271,P1-C2,P1,0x92B6BA00,14,Batsu,hit,79,Stagger,417,Action 417,79 Stagger > 417 Action 417 > 430 Action 430 > 426 Action 426 > 424 Action 424 > 417 Action 417 > 430 Action 430 > 426 Action 426 > 424 Action 424 > 417 Action 417 > 430 Action 430 > 422 Action 422 > 265 Action 265 > 288 Action 288 > 266 Action 266 > 326 Action 326 > 324 Action 324 > 326 Action 326 > 324 Action 324 > 320 Action 320 > 354 Action 354 > 20 Action 20 > 6 Action 6 > 1 Action 1 > 49 Crouching Block > 11 Action 11 > 4562 Action 4562 > 102 Knockdown Face Up > 103 Wakeup Transition > 113 Get Up Face Up > 1 Action 1 > 3 Action 3 > 258 Action 258 > 65 Overhead Hitstun > 66 Low Hitstun > 64 Standing Hitstun > 80 Hard Knockdown > 73 Knockdown Face Up > 115 Forward Roll > 1 Action 1 > 265 Action 265 > 30 Action 30 > 6 Action 6 > 260 Action 260 > 261 Action 261 > 304 Action 304 > 21 Action 21 > 266 Action 266 > 323 Action 323 > 35 Action 35 > 266 Action 266 > 323 Action 323 > 35 Action 35 > 266 Action 266 > 3 Action 3 > 257 Action 257 > 260 Action 260 > 258 Action 258 > 304 Action 304 > 7 Action 7 > 11 Action 11 > 49 Crouching Block > 420 Action 420 > 417 Action 417,hitstun > blockstun > hitstun > knockdown > wakeup > hitstun > knockdown > wakeup > hitstun > blockstun > neutral,0,17,24,23,255488,6,0,262,True,True,False,215,216,,271,0x00000000,0 > 23 > 39 > 16 > 39 > 22 > 5 > 24 > 4 > 31 > 10 > 39 > 16 > 37 > 18 > 33 > 18 > 28 > 9 > 28 > 13 > 40 > 28 > 23 > 18 > 8 > 38 > 29 > 14 > 1 > 30 > 21 > 14 > 2 > 32 > 24 > 15 > 6 > 27 > 13 > 31 > 14 > 38 > 15 > 33 > 20 > 2 > 40 > 14 > 35 > 18 > 37 > 21 > 26 > 32 > 14 > 36 > 9 > 30 > 9 > 33 > 12 > 33 > 15 > 35 > 16 > 35 > 17 > 33 > 17 > 29 > 11 > 36 > 17 > 35 > 11 > 35 > 4 > 30 > 13 > 31 > 5 > 28 > 11 > 31 > 9 > 33 > 13 > 37 > 18 > 39 > 19 > 2 > 26 > 8 > 29 > 11 > 37 > 20 > 3 > 28 > 16 > 3 > 24 > 1 > 23 > 6 > 28 > 12 > 30 > 16 > 39 > 19 > 1 > 21 > 5 > 23 > 6 > 29 > 15 > 34 > 18 > 36 > 15 > 1 > 26 > 19 > 2 > 24 > 11 > 38 > 25 > 7 > 28 > 7 > 27 > 10 > 32 > 17 > 4 > 27 > 5 > 24 > 8 > 31 > 14 > 37 > 24 > 10 > 38 > 15 > 37 > 23 > 3 > 23 > 38 > 20 > 1 > 23 > 2 > 25 > 13 > 40 > 28 > 2 > 22 > 7 > 32 > 11 > 31 > 10 > 28 > 5 > 24 > 35 > 12 > 40 > 34 > 32 > 0 > 23 > 30 > 0 > 25 > 35 > 34 > 11 > 31 > 26 > 20 > 13 > 36 > 26 > 17 > 3 > 33 > 17 > 4 > 28 > 39 > 30 > 0 > 40 > 23 > 0 > 36 > 0 > 39 > 0 > 36 > 26 > 27 > 0 > 37 > 20 > 40 > 24 > 9 > 39 > 35 > 33 > 27 > 40 > 22 > 39 > 40 > 0 > 40 > 0 > 33 > 29 > 38 > 30 > 38 > 27 > 33 > 29 > 0 > 40 > 32 > 28 > 17 > 9 > 32 > 20 > 32 > 36 > 24 > 15 > 37 > 40 > 31 > 34 > 15,0,8 > 0 > 8 > 0 > 8 > 0 > 8 > 16 > 0 > 8 > 0 > 16 > 0 > 8 > 0 > 8 > 0 > 8 > 0 > 8 > 24 > 0 > 8 > 0 > 8 > 0 > 8 > 0 > 8 > 0 > 8 > 0 > 8 > 0 > 16 > 8 > 0 > 24 > 0 > 32 > 0 > 32 > 0 > 32 > 8 > 168 > 8 > 0 > 8 > 40 > 16 > 0 > 16 > 0 > 160 > 32 > 0 > 24 > 8 > 0 > 8 > 136 > 0 > 8 > 48 > 0 > 32 > 0 > 32 > 0 > 32 > 0 > 32 > 0 > 32 > 40 > 8 > 0,0 > 192 > 64 > 192 > 0 > 4 > 0 > 192 > 64 > 0 > 64 > 70 > 100 > 67 > 64 > 67 > 64 > 66 > 68 > 64 > 68 > 197 > 0 > 1 > 0 > 1 > 0 > 1 > 0 > 192 > 0 > 64 > 192 > 0 > 32 > 2 > 0 > 65 > 70 > 64 > 65 > 198 > 64 > 66 > 192 > 1 > 6 > 32 > 2 > 0 > 1 > 16 > 0 > 192,4 > 0 > 4 > 0 > 4 > 0 > 4 > 0 > 16 > 0 > 4 > 0,0 > 64 > 0 > 64 > 0 > 64 > 0 > 64 > 0 > 64 > 0 > 64 > 0 > 64 > 0 > 64 > 0,+0x1228 secondary reaction timer observed; +0x1210 held instead of decrementing on one or more sampled frames
2026-07-28T12:10:15Z,757,950,193,P1-C1,P1,0x9246B9C0,13,Chun-Li,hit,6,Action 6,417,Action 417,6 Action 6 > 66 Low Hitstun > 64 Standing Hitstun > 91 Soft Knockdown > 97 Launched > 91 Soft Knockdown > 160 Air Recovery > 30 Action 30 > 448 Action 448 > 6 Action 6 > 11 Action 11 > 304 Action 304 > 6 Action 6 > 35 Action 35 > 30 Action 30 > 11 Action 11 > 58 Crouching Turn > 19 Action 19 > 36 Action 36 > 304 Action 304 > 6 Action 6 > 21 Action 21 > 35 Action 35 > 266 Action 266 > 6 Action 6 > 259 Action 259 > 260 Action 260 > 264 Action 264 > 315 Action 315 > 21 Action 21 > 267 Action 267 > 265 Action 265 > 267 Action 267 > 264 Action 264 > 29 Action 29 > 265 Action 265 > 266 Action 266 > 267 Action 267 > 266 Action 266 > 267 Action 267 > 421 Action 421 > 430 Action 430 > 426 Action 426 > 424 Action 424 > 417 Action 417 > 430 Action 430 > 427 Action 427 > 264 Action 264 > 265 Action 265 > 288 Action 288 > 266 Action 266 > 267 Action 267 > 266 Action 266 > 80 Hard Knockdown > 73 Knockdown Face Up > 116 Backward Roll > 22 Action 22 > 36 Action 36 > 267 Action 267 > 304 Action 304 > 1 Action 1 > 65 Overhead Hitstun > 11 Action 11 > 49 Crouching Block > 53 Crouching Pushblock > 3 Action 3 > 416 Action 416 > 417 Action 417,hitstun > knockdown > hitstun > knockdown > air_recovery > hitstun > blockstun > hitstun > knockdown > wakeup > hitstun > blockstun > neutral,40,25,24,23,255744,6,0,177,True,True,True,5,173,12,193,0x00000000,0 > 33 > 39 > 29 > 24 > 9 > 36 > 23 > 39 > 23 > 4 > 23 > 36 > 33 > 15 > 39 > 29 > 35 > 38 > 25 > 0 > 25 > 8 > 31 > 18 > 29 > 0 > 36 > 25 > 30 > 40 > 36 > 0 > 28 > 38 > 0 > 33 > 32 > 37 > 32 > 39 > 34 > 26 > 38 > 35 > 34 > 33 > 24 > 33 > 13 > 33 > 14 > 34 > 10 > 32 > 15 > 33 > 11 > 28 > 8 > 3 > 37 > 30 > 13 > 3 > 34 > 20 > 10 > 34 > 21 > 5 > 22 > 2 > 29 > 14 > 1 > 15 > 38 > 22 > 9 > 31 > 17 > 40 > 23 > 3 > 23 > 3 > 27 > 17 > 34 > 16 > 39 > 22 > 7 > 25 > 14 > 2 > 15 > 33 > 15 > 31 > 14 > 35 > 39 > 22 > 28 > 38 > 16 > 2 > 24 > 13 > 36 > 12 > 32 > 11 > 31 > 13 > 32 > 4 > 28 > 8 > 30 > 6 > 40 > 34 > 26 > 22 > 13 > 3 > 26 > 14 > 38 > 20 > 5 > 33 > 24 > 6 > 33 > 32 > 13 > 3 > 25 > 39 > 28 > 35 > 34 > 39 > 34 > 0 > 33 > 12 > 34 > 33 > 28 > 30 > 13 > 37 > 22 > 32 > 19 > 10 > 0 > 39 > 40 > 37 > 38 > 39 > 33 > 17 > 37,0,8 > 0 > 8 > 40 > 32 > 0 > 32 > 0 > 32 > 16 > 32 > 56 > 168 > 40 > 8 > 0 > 32 > 0 > 16 > 8 > 0 > 32 > 0 > 32 > 0 > 8 > 0 > 8 > 0 > 16 > 0 > 8 > 0 > 8 > 0 > 8 > 0 > 8 > 0 > 8 > 0 > 8 > 0 > 32 > 0 > 8 > 0 > 160 > 0 > 40 > 8 > 40 > 8 > 0,1 > 0 > 64 > 192 > 64 > 192 > 193 > 0 > 6 > 4 > 0 > 1 > 0 > 64 > 193 > 1 > 65 > 192 > 0 > 65 > 69 > 196 > 1 > 0 > 38 > 34 > 38 > 6 > 64 > 70 > 192 > 196 > 64 > 192 > 196 > 32 > 38 > 64 > 68 > 96 > 230 > 64 > 224 > 64 > 198 > 196 > 64 > 192 > 0 > 64 > 192 > 0 > 192 > 64 > 192 > 4 > 6 > 70 > 100 > 96 > 224 > 228 > 64 > 70 > 64 > 192 > 0 > 65 > 64 > 192 > 0 > 1 > 0 > 1 > 16 > 1 > 0,0 > 4 > 0 > 128 > 0 > 4 > 0 > 16 > 0 > 16 > 0 > 16 > 0 > 128 > 0 > 16 > 0 > 4 > 0 > 4 > 0,0 > 64 > 0 > 64 > 0 > 64 > 0 > 64 > 0 > 64 > 0 > 64 > 0 > 64 > 0,+0x1228 secondary reaction timer observed; +0x1210 held instead of decrementing on one or more sampled frames
2026-07-28T13:44:14Z,0,370,370,P2-C1,P2,0x927EB9E0,1,Ken the Eagle,hit,1,Action 1,1,Action 1,1 Action 1 > 64 Standing Hitstun > 1 Action 1 > 64 Standing Hitstun > 1 Action 1,hitstun > neutral > hitstun > neutral,0,0,21,12,0,0,0,362,False,False,False,,,,370,0x00000000,28 > 13 > 1 > 28 > 20 > 15 > 9 > 2 > 37 > 33 > 28 > 23 > 19 > 15 > 10 > 6 > 2 > 38 > 34 > 30 > 25 > 21 > 17 > 13 > 8 > 4 > 39 > 33 > 28 > 23 > 18 > 13 > 8 > 4 > 40 > 36 > 31 > 26 > 22 > 18 > 13 > 9 > 5 > 1 > 37 > 32 > 28 > 23 > 19 > 15 > 11 > 6 > 2 > 37 > 32 > 27 > 23 > 18 > 14 > 9 > 4 > 40 > 36 > 31 > 27 > 23 > 19 > 14 > 10 > 6 > 2 > 38 > 33 > 27 > 22 > 18 > 14 > 9 > 5 > 1 > 36 > 32 > 28 > 24 > 20 > 15 > 11 > 6 > 2 > 37 > 32 > 28 > 23 > 19 > 14 > 10 > 5 > 40 > 35 > 30 > 25 > 20 > 14 > 8 > 3 > 37 > 32 > 26 > 22 > 17 > 12 > 7 > 3 > 39 > 35 > 31 > 27 > 23 > 18 > 14 > 10 > 5 > 1 > 37 > 32 > 27 > 22 > 18 > 14 > 9 > 5 > 1 > 37 > 32 > 28 > 23 > 18 > 14 > 9 > 4 > 39 > 34 > 28 > 22 > 17 > 13 > 9 > 3 > 38 > 33 > 29 > 24 > 20 > 15 > 11 > 7 > 2 > 36 > 31 > 26 > 21 > 16 > 11 > 6 > 1 > 37 > 33 > 28 > 24 > 20 > 15 > 11 > 6 > 33 > 29 > 24 > 19 > 14 > 7 > 1 > 35 > 29 > 23 > 19 > 14 > 10 > 6 > 1 > 37 > 33 > 29 > 25 > 21 > 17 > 15 > 10 > 3 > 39 > 35 > 30 > 26 > 22 > 18 > 13 > 9 > 4 > 40 > 35 > 31 > 26 > 22 > 18 > 13 > 9 > 5 > 1 > 36 > 32 > 27 > 23 > 19 > 15 > 11 > 7 > 2 > 34 > 27 > 16 > 12 > 5 > 38 > 32 > 25 > 17 > 9 > 4 > 40 > 35 > 31 > 26 > 22 > 17 > 11 > 6 > 40 > 30 > 25 > 20 > 16 > 12 > 8 > 4 > 40 > 35 > 32 > 27 > 23 > 19 > 15 > 11 > 6 > 2 > 37 > 32 > 27 > 22 > 18 > 14 > 10 > 5 > 1 > 36 > 31 > 26 > 22 > 17 > 13 > 9 > 5 > 1 > 35 > 31 > 26 > 21 > 17 > 13 > 9 > 5 > 40 > 35 > 31 > 26 > 22 > 18 > 12 > 8 > 3 > 38 > 32 > 28 > 23 > 19 > 14 > 10 > 6 > 2 > 38 > 33 > 29 > 25 > 21 > 17 > 12 > 8 > 4 > 39 > 34 > 29 > 25 > 21 > 16 > 12 > 8 > 4 > 40 > 35 > 30 > 26 > 21 > 17 > 13 > 8 > 4 > 39 > 34 > 30 > 26 > 22 > 17 > 12 > 7 > 3 > 38 > 33 > 29 > 25 > 10 > 5 > 27 > 22 > 15 > 8 > 2 > 37 > 31 > 25 > 19 > 12 > 6 > 39 > 33 > 0 > 29 > 3 > 26 > 10 > 0 > 31 > 19 > 9,0,160 > 168 > 0 > 8 > 160 > 168 > 8 > 160,1 > 0 > 1 > 0 > 1 > 0 > 1,0 > 4 > 0 > 4 > 0,0,+0x1228 secondary reaction timer observed; +0x1210 held instead of decrementing on one or more sampled frames
2026-07-28T13:57:22Z,0,2316,2316,P2-C1,P2,0x927EB9E0,1,Ken the Eagle,hit,1,Action 1,1,Action 1,1 Action 1 > 64 Standing Hitstun > 1 Action 1,hitstun > neutral,0,0,21,12,0,0,0,2311,False,False,False,,,,2316,0x00000000,25 > 11 > 36 > 23 > 16 > 9 > 3 > 37 > 33 > 29 > 24 > 20 > 15 > 11 > 7 > 2 > 38 > 34 > 30 > 26 > 22 > 18 > 14 > 10 > 6 > 1 > 38 > 33 > 29 > 25 > 21 > 17 > 13 > 9 > 5 > 1 > 37 > 33 > 29 > 25 > 21 > 16 > 12 > 9 > 5 > 40 > 36 > 33 > 29 > 24 > 19 > 15 > 11 > 7 > 2 > 38 > 34 > 30 > 26 > 21 > 16 > 11 > 7 > 2 > 38 > 34 > 30 > 25 > 21 > 16 > 12 > 8 > 4 > 40 > 36 > 32 > 28 > 24 > 20 > 16 > 12 > 8 > 4 > 40 > 36 > 32 > 27 > 23 > 18 > 14 > 10 > 6 > 2 > 38 > 34 > 29 > 25 > 20 > 16 > 12 > 7 > 3 > 40 > 36 > 31 > 26 > 22 > 18 > 13 > 9 > 5 > 1 > 37 > 33 > 29 > 25 > 21 > 17 > 13 > 9 > 5 > 1 > 37 > 33 > 28 > 24 > 19 > 15 > 11 > 7 > 3 > 39 > 35 > 32 > 28 > 24 > 20 > 16 > 11 > 7 > 3 > 39 > 35 > 31 > 26 > 22 > 18 > 14 > 10 > 5 > 1 > 37 > 33 > 29 > 24 > 20 > 16 > 12 > 8 > 4 > 40 > 35 > 31 > 26 > 22 > 17 > 12 > 8 > 4 > 40 > 36 > 32 > 28 > 24 > 20 > 16 > 12 > 8 > 4 > 40 > 35 > 31 > 23 > 18 > 14 > 10 > 5 > 2 > 38 > 33 > 29 > 25 > 21 > 17 > 13 > 9 > 5 > 1 > 37 > 33 > 28 > 24 > 20 > 16 > 12 > 8 > 4 > 40 > 36 > 32 > 28 > 24 > 20 > 16 > 12 > 8 > 4 > 40 > 35 > 29 > 25 > 21 > 17 > 13 > 9 > 4 > 1 > 36 > 32 > 28 > 24 > 20 > 16 > 12 > 8 > 4 > 1 > 36 > 31 > 26 > 22 > 18 > 14 > 10 > 6 > 2 > 38 > 34 > 30 > 26 > 22 > 18 > 14 > 10 > 6 > 2 > 38 > 33 > 29 > 25 > 21 > 17 > 13 > 8 > 4 > 40 > 35 > 30 > 25 > 21 > 16 > 11 > 7 > 2 > 38 > 33 > 29 > 25 > 20 > 16 > 12 > 8 > 4 > 40 > 36 > 32 > 28 > 24 > 20 > 16 > 12 > 7 > 3 > 39 > 35 > 31 > 27 > 22 > 18 > 13 > 9 > 5 > 1 > 37 > 33 > 29 > 25 > 21 > 17 > 13 > 8 > 3 > 39 > 35 > 31 > 27 > 23 > 18 > 15 > 10 > 7 > 3 > 38 > 34 > 30 > 26 > 22 > 18 > 14 > 9 > 5 > 1 > 37 > 33 > 29 > 25 > 21 > 17 > 13 > 9 > 5 > 1 > 37 > 33 > 29 > 25 > 21 > 16 > 12 > 8 > 3 > 39 > 35 > 30 > 26 > 21 > 16 > 11 > 6 > 2 > 37 > 33 > 29 > 25 > 20 > 16 > 11 > 6 > 2 > 37 > 32 > 27 > 23 > 19 > 15 > 11 > 7 > 3 > 39 > 35 > 31 > 26 > 22 > 18 > 13 > 9 > 5 > 1 > 37 > 33 > 29 > 25 > 21 > 16 > 12 > 8 > 2 > 37 > 33 > 29 > 24 > 19 > 15 > 11 > 7 > 3 > 39 > 35 > 30 > 26 > 22 > 18 > 13 > 9 > 5 > 1 > 37 > 33 > 29 > 25 > 20 > 16 > 12 > 8 > 4 > 40 > 36 > 32 > 28 > 24 > 20 > 16 > 12 > 8 > 3 > 39 > 35 > 30 > 25 > 21 > 17 > 13 > 9 > 5 > 1 > 37 > 33 > 29 > 26 > 22 > 18 > 13 > 9 > 5 > 1 > 37 > 33 > 28 > 24 > 20 > 15 > 11 > 7 > 3 > 39 > 35 > 31 > 27 > 23 > 19 > 14 > 9 > 4 > 39 > 35 > 29 > 24 > 20 > 16 > 12 > 7 > 3 > 39 > 35 > 31 > 27 > 22 > 18 > 14 > 10 > 6 > 2 > 38 > 33 > 28 > 23 > 19 > 15 > 11 > 7 > 3 > 39 > 35 > 31 > 27 > 23 > 19 > 15 > 10 > 6 > 2 > 38 > 33 > 29 > 25 > 21 > 17 > 13 > 9 > 5 > 1 > 37 > 33 > 28 > 25 > 21 > 17 > 13 > 9 > 5 > 40 > 35 > 30 > 26 > 21 > 17 > 13 > 9 > 4 > 40 > 36 > 32 > 28 > 24 > 20 > 16 > 12 > 8 > 4 > 40 > 35 > 31 > 27 > 23 > 19 > 15 > 11 > 7 > 3 > 39 > 35 > 31 > 28 > 23 > 19 > 15 > 11 > 8 > 3 > 38 > 34 > 29 > 25 > 21 > 17 > 13 > 8 > 3 > 38 > 34 > 30 > 25 > 20 > 16 > 12 > 7 > 3 > 39 > 34 > 31 > 26 > 23 > 19 > 14 > 10 > 6 > 2 > 38 > 34 > 30 > 26 > 22 > 18 > 14 > 10 > 5 > 1 > 37 > 33 > 29 > 25 > 21 > 17 > 13 > 9 > 5 > 1 > 37 > 33 > 29 > 25 > 20 > 16 > 11 > 6 > 1 > 35 > 31 > 26 > 22 > 18 > 14 > 10 > 6 > 2 > 38 > 33 > 29 > 25 > 21 > 17 > 13 > 9 > 5 > 40 > 36 > 32 > 27 > 23 > 19 > 14 > 10 > 6 > 2 > 38 > 34 > 30 > 25 > 21 > 18 > 14 > 9 > 5 > 40 > 36 > 31 > 26 > 22 > 18 > 13 > 9 > 5 > 40 > 36 > 32 > 28 > 23 > 18 > 14 > 8 > 3 > 39 > 35 > 31 > 27 > 23 > 19 > 15 > 11 > 7 > 3 > 39 > 35 > 31 > 27 > 23 > 19 > 15 > 11 > 6 > 2 > 37 > 33 > 29 > 25 > 21 > 17 > 12 > 8 > 4 > 39 > 35 > 30 > 26 > 22 > 18 > 13 > 8 > 4 > 40 > 36 > 32 > 27 > 22 > 18 > 14 > 10 > 6 > 2 > 38 > 34 > 30 > 26 > 22 > 18 > 14 > 8 > 4 > 40 > 36 > 32 > 28 > 24 > 20 > 16 > 11 > 7 > 3 > 39 > 35 > 31 > 27 > 23 > 19 > 15 > 10 > 6 > 2 > 38 > 33 > 29 > 25 > 21 > 17 > 13 > 9 > 5 > 1 > 37 > 33 > 29 > 25 > 21 > 16 > 11 > 6 > 1 > 37 > 33 > 29 > 24 > 20 > 16 > 12 > 8 > 3 > 39 > 36 > 31 > 27 > 23 > 19 > 15 > 10 > 6 > 1 > 37 > 33 > 29 > 25 > 20 > 16 > 11 > 7 > 2 > 38 > 33 > 29 > 25 > 21 > 16 > 12 > 8 > 4 > 40 > 36 > 32 > 28 > 24 > 20 > 16 > 12 > 8 > 4 > 40 > 36 > 32 > 28 > 24 > 20 > 16 > 11 > 7 > 2 > 38 > 34 > 30 > 25 > 21 > 17 > 13 > 8 > 3 > 39 > 35 > 31 > 26 > 20 > 13 > 5 > 38 > 30 > 22 > 15 > 9 > 3 > 38 > 32 > 26 > 19 > 13 > 7 > 1 > 36 > 32 > 27 > 23 > 19 > 14 > 10 > 5 > 40 > 35 > 30 > 25 > 20 > 14 > 9 > 4 > 39 > 34 > 30 > 26 > 21 > 17 > 13 > 9 > 5 > 1 > 37 > 33 > 29 > 25 > 21 > 16 > 11 > 7 > 3 > 38 > 34 > 30 > 26 > 22 > 18 > 14 > 10 > 6 > 2 > 37 > 33 > 29 > 24 > 20 > 15 > 9 > 4 > 40 > 35 > 31 > 27 > 23 > 19 > 15 > 10 > 6 > 1 > 37 > 33 > 29 > 25 > 20 > 15 > 10 > 6 > 2 > 38 > 33 > 29 > 25 > 21 > 16 > 12 > 8 > 4 > 40 > 36 > 31 > 27 > 23 > 18 > 14 > 9 > 5 > 40 > 36 > 31 > 27 > 23 > 19 > 14 > 10 > 6 > 2 > 38 > 33 > 29 > 25 > 20 > 15 > 11 > 7 > 2 > 37 > 32 > 27 > 23 > 18 > 14 > 10 > 5 > 1 > 37 > 33 > 29 > 24 > 18 > 14 > 8 > 4 > 39 > 35 > 30 > 26 > 21 > 17 > 13 > 9 > 5 > 1 > 37 > 33 > 29 > 24 > 20 > 15 > 11 > 7 > 2 > 38 > 34 > 30 > 25 > 21 > 17 > 13 > 9 > 5 > 1 > 37 > 33 > 28 > 24 > 20 > 15 > 11 > 7 > 3 > 39 > 35 > 31 > 27 > 23 > 19 > 15 > 10 > 6 > 2 > 38 > 34 > 29 > 25 > 20 > 16 > 12 > 8 > 4 > 40 > 36 > 31 > 27 > 23 > 19 > 14 > 10 > 6 > 1 > 37 > 33 > 28 > 24 > 20 > 16 > 12 > 7 > 3 > 39 > 35 > 31 > 27 > 23 > 19 > 14 > 10 > 5 > 40 > 35 > 30 > 25 > 21 > 16 > 12 > 8 > 3 > 39 > 35 > 31 > 27 > 22 > 18 > 14 > 10 > 5 > 1 > 36 > 32 > 28 > 24 > 19 > 15 > 11 > 7 > 3 > 38 > 34 > 29 > 25 > 21 > 17 > 12 > 8 > 4 > 40 > 35 > 31 > 27 > 23 > 19 > 14 > 10 > 6 > 2 > 38 > 33 > 29 > 25 > 21 > 17 > 13 > 9 > 4 > 39 > 35 > 30 > 26 > 21 > 17 > 13 > 9 > 5 > 1 > 37 > 33 > 29 > 25 > 21 > 17 > 12 > 7 > 3 > 39 > 35 > 31 > 27 > 23 > 19 > 15 > 11 > 7 > 3 > 39 > 35 > 31 > 26 > 22 > 18 > 12 > 7 > 2 > 38 > 33 > 28 > 23 > 19 > 13 > 9 > 5 > 1 > 37 > 33 > 29 > 25 > 21 > 16 > 12 > 8 > 3 > 39 > 35 > 31 > 27 > 22 > 18 > 14 > 10 > 6 > 2 > 37 > 34 > 30 > 26 > 22 > 17 > 13 > 9 > 4 > 40 > 36 > 32 > 28 > 23 > 19 > 14 > 10 > 5 > 1 > 36 > 32 > 27 > 23 > 19 > 14 > 10 > 5 > 1 > 37 > 33 > 28 > 24 > 20 > 15 > 11 > 6 > 1 > 36 > 32 > 27 > 23 > 18 > 14 > 9 > 5 > 1 > 37 > 32 > 28 > 24 > 20 > 17 > 12 > 8 > 4 > 40 > 36 > 31 > 26 > 22 > 18 > 13 > 9 > 5 > 1 > 37 > 33 > 29 > 25 > 21 > 16 > 11 > 6 > 1 > 36 > 30 > 26 > 21 > 17 > 12 > 8 > 4 > 40 > 37 > 33 > 29 > 24 > 20 > 16 > 12 > 8 > 4 > 40 > 36 > 32 > 27 > 23 > 18 > 14 > 10 > 6 > 2 > 38 > 33 > 29 > 25 > 21 > 17 > 13 > 9 > 5 > 40 > 36 > 31 > 27 > 22 > 18 > 14 > 10 > 6 > 2 > 38 > 34 > 30 > 26 > 22 > 18 > 14 > 10 > 6 > 2 > 37 > 32 > 28 > 24 > 20 > 16 > 12 > 8 > 4 > 40 > 36 > 32 > 28 > 24 > 19 > 15 > 11 > 7 > 2 > 38 > 33 > 29 > 24 > 20 > 16 > 12 > 8 > 4 > 40 > 35 > 31 > 26 > 22 > 18 > 14 > 9 > 4 > 40 > 35 > 31 > 26 > 22 > 18 > 13 > 8 > 3 > 38 > 34 > 30 > 26 > 22 > 18 > 13 > 9 > 4 > 40 > 35 > 31 > 26 > 22 > 18 > 14 > 9 > 4 > 40 > 36 > 32 > 28 > 24 > 20 > 16 > 11 > 7 > 2 > 38 > 34 > 30 > 26 > 22 > 18 > 14 > 10 > 6 > 2 > 38 > 34 > 30 > 26 > 22 > 18 > 14 > 10 > 6 > 1 > 37 > 33 > 29 > 25 > 21 > 17 > 12 > 8 > 4 > 40 > 36 > 32 > 28 > 24 > 20 > 16 > 11 > 6 > 2 > 38 > 34 > 29 > 25 > 21 > 17 > 13 > 9 > 5 > 1 > 37 > 33 > 29 > 25 > 21 > 17 > 13 > 8 > 4 > 40 > 36 > 32 > 28 > 24 > 20 > 16 > 12 > 8 > 4 > 40 > 35 > 31 > 26 > 20 > 15 > 10 > 6 > 1 > 37 > 33 > 29 > 25 > 21 > 17 > 12 > 8 > 4 > 40 > 36 > 32 > 28 > 24 > 20 > 16 > 12 > 7 > 3 > 39 > 35 > 31 > 27 > 23 > 19 > 15 > 11 > 6 > 2 > 38 > 34 > 30 > 26 > 22 > 17 > 13 > 8 > 4 > 40 > 36 > 32 > 28 > 23 > 19 > 15 > 11 > 7 > 3 > 39 > 34 > 30 > 26 > 21 > 17 > 12 > 8 > 4 > 40 > 36 > 32 > 28 > 24 > 20 > 15 > 11 > 7 > 3 > 39 > 35 > 31 > 27 > 22 > 18 > 14 > 10 > 6 > 2 > 37 > 33 > 28 > 24 > 20 > 15 > 11 > 6 > 2 > 37 > 33 > 28 > 23 > 18 > 14 > 9 > 5 > 1 > 37 > 32 > 28 > 24 > 19 > 15 > 10 > 6 > 1 > 37 > 33 > 28 > 24 > 20 > 15 > 11 > 7 > 3 > 38 > 34 > 30 > 25 > 21 > 17 > 13 > 9 > 5 > 1 > 37 > 32 > 27 > 23 > 19 > 15 > 11 > 7 > 3 > 39 > 34 > 30 > 26 > 22 > 18 > 14 > 10 > 6 > 2 > 37 > 33 > 28 > 24 > 20 > 15 > 11 > 7 > 3 > 39 > 35 > 31 > 27 > 23 > 19 > 15 > 12 > 7 > 3 > 39 > 34 > 30 > 26 > 22 > 18 > 14 > 10 > 6 > 1 > 37 > 32 > 28 > 24 > 20 > 16 > 12 > 7 > 3 > 39 > 34 > 30 > 24 > 20 > 16 > 11 > 7 > 3 > 39 > 35 > 31 > 27 > 23 > 19 > 15 > 11 > 7 > 3 > 39 > 35 > 29 > 24 > 19 > 14 > 10 > 5 > 40 > 36 > 31 > 27 > 23 > 19 > 15 > 11 > 7 > 2 > 38 > 33 > 29 > 25 > 20 > 16 > 12 > 8 > 4 > 40 > 36 > 32 > 28 > 24 > 20 > 16 > 12 > 8 > 4 > 40 > 36 > 32 > 27 > 23 > 19 > 15 > 11 > 7 > 2 > 38 > 34 > 30 > 26 > 22 > 18 > 14 > 9 > 5 > 1 > 37 > 32 > 27 > 23 > 19 > 15 > 11 > 6 > 2 > 38 > 34 > 30 > 25 > 22 > 18 > 14 > 10 > 6 > 2 > 37 > 33 > 28 > 24 > 20 > 16 > 12 > 8 > 3 > 39 > 36 > 32 > 27 > 23 > 20 > 16 > 11 > 7 > 3 > 39 > 34 > 30 > 26 > 22 > 16 > 11 > 7 > 2 > 38 > 34 > 29 > 25 > 21 > 16 > 12 > 8 > 3 > 39 > 35 > 31 > 27 > 23 > 19 > 15 > 11 > 7 > 3 > 39 > 35 > 31 > 27 > 23 > 19 > 15 > 11 > 7 > 2 > 38 > 34 > 30 > 25 > 21 > 17 > 13 > 9 > 5 > 1 > 37 > 32 > 28 > 25 > 21 > 17 > 12 > 7 > 3 > 39 > 34 > 30 > 26 > 22 > 18 > 14 > 10 > 6 > 2 > 38 > 34 > 29 > 26 > 22 > 17 > 13 > 8 > 4 > 40 > 36 > 32 > 28 > 24 > 20 > 16 > 12 > 8 > 4 > 40 > 36 > 32 > 28 > 24 > 20 > 16 > 11 > 7 > 3 > 38 > 33 > 30 > 25 > 22 > 17 > 13 > 9 > 5 > 1 > 37 > 33 > 29 > 24 > 18 > 13 > 8 > 3 > 39 > 35 > 30 > 25 > 19 > 15 > 11 > 7 > 2 > 38 > 34 > 29 > 25 > 21 > 15 > 11 > 7 > 1 > 36 > 32 > 28 > 24 > 20 > 15 > 11 > 7 > 2 > 39 > 34 > 30 > 25 > 21 > 16 > 12 > 8 > 4 > 40 > 34 > 29 > 25 > 20 > 16 > 11 > 7 > 3 > 39 > 34 > 30 > 26 > 21 > 17 > 13 > 9 > 5 > 1 > 36 > 32 > 28 > 23 > 20 > 15 > 11 > 7 > 3 > 39 > 34 > 29 > 25 > 20 > 15 > 11 > 4 > 39 > 35 > 30 > 26 > 21 > 14 > 9 > 4 > 1 > 36 > 31 > 27 > 23 > 19 > 15 > 11 > 7 > 3 > 39 > 34 > 30 > 26 > 22 > 18 > 13 > 9 > 5 > 1 > 37 > 33 > 28 > 24 > 20 > 16 > 12 > 8 > 4 > 1 > 37 > 33 > 29 > 25 > 21 > 17 > 13 > 8 > 4 > 40 > 36 > 31 > 27 > 23 > 19 > 15 > 10 > 6 > 3 > 38 > 34 > 30 > 26 > 22 > 18 > 14 > 11 > 6 > 2 > 38 > 34 > 30 > 26 > 22 > 18 > 14 > 10 > 6 > 2 > 38 > 34 > 30 > 27 > 23 > 19 > 15 > 11 > 7 > 3 > 38 > 34 > 30 > 25 > 21 > 17 > 13 > 8 > 4 > 40 > 36 > 32 > 28 > 24 > 20 > 16 > 12 > 8 > 4 > 40 > 35 > 31 > 27 > 23 > 19 > 16 > 12 > 7 > 3 > 39 > 35 > 31 > 27 > 23 > 19 > 15 > 10 > 0 > 35 > 22 > 7 > 37,0,160 > 168 > 8 > 160,1 > 0 > 1,0 > 4 > 0,0,+0x1228 secondary reaction timer observed; +0x1210 held instead of decrementing on one or more sampled frames
2026-07-28T13:57:27Z,2319,2359,40,P2-C1,P2,0x927EB9E0,1,Ken the Eagle,hit,1,Action 1,1,Action 1,1 Action 1 > 64 Standing Hitstun > 1 Action 1 > 64 Standing Hitstun > 1 Action 1,hitstun > neutral > hitstun > neutral,0,0,21,12,0,0,1,31,False,False,False,,,,40,0x00000000,29 > 22 > 15 > 11 > 7 > 3 > 38 > 33 > 28 > 24 > 20 > 8 > 38 > 30 > 22 > 12 > 39 > 31 > 26 > 22 > 17 > 13 > 9 > 5 > 1 > 36 > 32 > 28 > 24 > 20 > 16 > 12 > 0 > 36 > 0 > 30 > 19 > 3,0,160 > 168 > 0 > 8 > 168 > 8 > 160,1 > 0 > 1 > 0 > 1,0 > 4 > 0 > 4 > 0,0,+0x1228 secondary reaction timer observed; +0x1210 held instead of decrementing on one or more sampled frames
2026-07-28T13:57:34Z,2362,2413,51,P2-C1,P2,0x927EB9E0,1,Ken the Eagle,hit,1,Action 1,1,Action 1,1 Action 1 > 64 Standing Hitstun > 66 Low Hitstun > 64 Standing Hitstun > 81 Bounce Launch > 82 Bounce Off > 92 Hard Knockdown > 119 Get Up Face Down > 1 Action 1 > 64 Standing Hitstun > 1 Action 1,hitstun > knockdown > wakeup > hitstun > neutral,0,0,21,20,255232,4,0,36,True,True,False,10,18,,51,0x00000000,0 > 40 > 29 > 25 > 40 > 36 > 32 > 27 > 23 > 18 > 14 > 10 > 6 > 2 > 38 > 34 > 30 > 26 > 22 > 18 > 11 > 4 > 39 > 32 > 24 > 17 > 13 > 8 > 4 > 0 > 32 > 20 > 35,0,168 > 8 > 0 > 128 > 160 > 168 > 8 > 168 > 160,1 > 0 > 64 > 192 > 0 > 1 > 0 > 1,0 > 4 > 0 > 4 > 0 > 4 > 0,0,+0x1228 secondary reaction timer observed; +0x1210 held instead of decrementing on one or more sampled frames
2026-07-28T14:24:56Z,487,497,10,P2-C1,P2,0x927EB9E0,1,Ken the Eagle,hit,64,Standing Hitstun,1,Action 1,64 Standing Hitstun > 1 Action 1 > 64 Standing Hitstun > 1 Action 1,hitstun > neutral,0,0,12,11,0,0,0,0,False,False,False,,,,10,0x00000000,0 > 25 > 11 > 3,0,8 > 136 > 8 > 40 > 8 > 160 > 168,0 > 1 > 0 > 1,4 > 0 > 4 > 0,0,+0x1228 secondary reaction timer observed
2026-07-28T14:25:02Z,505,530,25,P2-C1,P2,0x927EB9E0,1,Ken the Eagle,hit,1,Action 1,1,Action 1,1 Action 1 > 64 Standing Hitstun > 1 Action 1 > 64 Standing Hitstun > 1 Action 1,hitstun > neutral,0,0,21,12,0,0,0,18,False,False,False,,,,25,0x00000000,29 > 12 > 37 > 29 > 24 > 20 > 15 > 11 > 6 > 2 > 37 > 33 > 22 > 11 > 3 > 34 > 26 > 18 > 12 > 0 > 36 > 20 > 4 > 31,0,160 > 168 > 8 > 136 > 8 > 160,1 > 0 > 1,0 > 4 > 0 > 4 > 0,0,+0x1228 secondary reaction timer observed; +0x1210 held instead of decrementing on one or more sampled frames
2026-07-28T14:26:07Z,1373,1599,226,P2-C1,P2,0x927EB9E0,1,Ken the Eagle,hit,1,Action 1,1,Action 1,1 Action 1 > 64 Standing Hitstun > 1 Action 1,hitstun > neutral,0,0,21,16,0,0,0,220,False,False,False,,,,226,0x00000000,29 > 15 > 6 > 39 > 31 > 24 > 20 > 7 > 39 > 34 > 30 > 25 > 21 > 17 > 12 > 8 > 3 > 38 > 34 > 30 > 26 > 22 > 17 > 13 > 7 > 3 > 38 > 33 > 29 > 24 > 20 > 15 > 10 > 5 > 1 > 37 > 32 > 27 > 22 > 18 > 13 > 8 > 3 > 39 > 34 > 30 > 25 > 21 > 16 > 11 > 6 > 1 > 36 > 32 > 27 > 22 > 18 > 13 > 8 > 3 > 39 > 34 > 30 > 25 > 21 > 17 > 12 > 8 > 4 > 40 > 36 > 31 > 27 > 23 > 19 > 15 > 11 > 6 > 2 > 37 > 32 > 27 > 23 > 18 > 14 > 10 > 6 > 2 > 38 > 34 > 30 > 25 > 21 > 17 > 12 > 8 > 3 > 39 > 34 > 30 > 27 > 22 > 18 > 13 > 9 > 5 > 1 > 37 > 33 > 29 > 25 > 21 > 17 > 13 > 8 > 4 > 39 > 35 > 30 > 25 > 21 > 17 > 13 > 9 > 5 > 1 > 36 > 32 > 28 > 24 > 19 > 15 > 10 > 5 > 39 > 34 > 29 > 25 > 21 > 17 > 39 > 22 > 16 > 12 > 7 > 2 > 38 > 33 > 29 > 25 > 20 > 16 > 12 > 8 > 4 > 39 > 35 > 31 > 27 > 22 > 18 > 9 > 3 > 37 > 31 > 26 > 21 > 20 > 0 > 11 > 32 > 11,0,160 > 168 > 40 > 8 > 160,1 > 0 > 1,0 > 4 > 0,0,+0x1228 secondary reaction timer observed; +0x1210 held instead of decrementing on one or more sampled frames
2026-07-28T15:06:50Z,0,474,474,P2-C1,P2,0x927EB9E0,1,Ken the Eagle,hit,1,Action 1,1,Action 1,1 Action 1 > 64 Standing Hitstun > 1 Action 1,hitstun > neutral,0,0,21,11,0,0,0,468,False,False,False,,,,474,0x00000000,25 > 12 > 5 > 34 > 24 > 17 > 8 > 4 > 1 > 37 > 33 > 30 > 26 > 22 > 18 > 15 > 11 > 8 > 4 > 40 > 36 > 32 > 28 > 24 > 20 > 16 > 10 > 5 > 1 > 37 > 33 > 29 > 25 > 22 > 18 > 14 > 10 > 5 > 1 > 37 > 33 > 30 > 26 > 22 > 18 > 14 > 11 > 7 > 4 > 40 > 36 > 32 > 28 > 24 > 21 > 17 > 13 > 9 > 5 > 2 > 38 > 35 > 31 > 28 > 24 > 20 > 17 > 13 > 10 > 6 > 3 > 39 > 35 > 31 > 28 > 24 > 21 > 17 > 14 > 10 > 6 > 3 > 39 > 35 > 32 > 28 > 25 > 21 > 18 > 15 > 10 > 7 > 4 > 40 > 37 > 33 > 30 > 26 > 23 > 19 > 15 > 11 > 7 > 4 > 40 > 37 > 33 > 29 > 25 > 21 > 18 > 14 > 10 > 7 > 3 > 40 > 36 > 33 > 29 > 26 > 22 > 19 > 15 > 11 > 8 > 4 > 1 > 37 > 34 > 30 > 27 > 23 > 20 > 16 > 13 > 9 > 6 > 2 > 39 > 35 > 32 > 28 > 25 > 21 > 15 > 11 > 8 > 4 > 1 > 37 > 34 > 30 > 27 > 23 > 20 > 16 > 13 > 9 > 6 > 2 > 38 > 35 > 32 > 28 > 24 > 21 > 17 > 13 > 9 > 6 > 2 > 39 > 35 > 32 > 28 > 24 > 21 > 18 > 14 > 10 > 7 > 4 > 40 > 36 > 33 > 29 > 25 > 21 > 18 > 14 > 11 > 7 > 4 > 1 > 37 > 34 > 30 > 26 > 23 > 19 > 15 > 12 > 9 > 5 > 2 > 38 > 35 > 31 > 27 > 24 > 20 > 16 > 13 > 10 > 6 > 3 > 39 > 35 > 32 > 28 > 25 > 21 > 18 > 14 > 11 > 7 > 4 > 40 > 37 > 33 > 29 > 26 > 22 > 18 > 14 > 11 > 7 > 4 > 1 > 37 > 34 > 30 > 27 > 23 > 20 > 16 > 13 > 9 > 6 > 2 > 38 > 35 > 31 > 27 > 23 > 20 > 16 > 13 > 9 > 6 > 2 > 39 > 35 > 32 > 28 > 25 > 21 > 18 > 14 > 10 > 6 > 3 > 39 > 35 > 31 > 28 > 24 > 20 > 17 > 14 > 10 > 7 > 3 > 39 > 36 > 32 > 29 > 25 > 22 > 18 > 15 > 11 > 8 > 4 > 1 > 37 > 33 > 30 > 26 > 22 > 19 > 15 > 11 > 7 > 4 > 40 > 37 > 34 > 30 > 27 > 23 > 20 > 16 > 12 > 9 > 5 > 2 > 38 > 34 > 30 > 27 > 23 > 20 > 16 > 13 > 9 > 6 > 2 > 39 > 35 > 32 > 29 > 24 > 22 > 18 > 14 > 11 > 7 > 4 > 40 > 36 > 33 > 29 > 26 > 22 > 19 > 15 > 12 > 8 > 5 > 1 > 38 > 34 > 31 > 27 > 24 > 20 > 17 > 13 > 10 > 6 > 2 > 38 > 35 > 31 > 28 > 24 > 20 > 16 > 13 > 9 > 6 > 2 > 38 > 35 > 31 > 28 > 25 > 21 > 18 > 14 > 10 > 6 > 2 > 38 > 35 > 31 > 27 > 24 > 20 > 17 > 13 > 9 > 6 > 2 > 38 > 34 > 30 > 26 > 22 > 18 > 14 > 10 > 7 > 3 > 39 > 35 > 31 > 27 > 24 > 20 > 17 > 13 > 10 > 7 > 3 > 40 > 36 > 33 > 26 > 22 > 18 > 14 > 10 > 7 > 1 > 37 > 33 > 29 > 25 > 21 > 18 > 14 > 11 > 7 > 4 > 40 > 37 > 33 > 30 > 26 > 23 > 19 > 15 > 11 > 7 > 4 > 39 > 35 > 32 > 28 > 24 > 20 > 17 > 13 > 9 > 6 > 2 > 39 > 35 > 31 > 28 > 24 > 20 > 16 > 13 > 9 > 6 > 0 > 40 > 33 > 27 > 20,0,160 > 168 > 40 > 8 > 160,1 > 0 > 1 > 0 > 1,0 > 4 > 0,0,+0x1228 secondary reaction timer observed; +0x1210 held instead of decrementing on one or more sampled frames
2026-07-28T15:13:05Z,501,5143,4642,P2-C1,P2,0x927EB9E0,1,Ken the Eagle,hit,1,Action 1,1,Action 1,1 Action 1 > 65 Overhead Hitstun > 1 Action 1 > 64 Standing Hitstun > 66 Low Hitstun > 64 Standing Hitstun > 96 Soft Knockdown > 91 Soft Knockdown > 81 Bounce Launch > 82 Bounce Off > 92 Hard Knockdown > 119 Get Up Face Down > 1 Action 1 > 89 Spiral Knockdown > 102 Knockdown Face Up > 113 Get Up Face Up > 32 Action 32 > 1 Action 1 > 32 Action 32 > 1 Action 1 > 64 Standing Hitstun > 66 Low Hitstun > 96 Soft Knockdown > 102 Knockdown Face Up > 103 Wakeup Transition > 113 Get Up Face Up > 32 Action 32 > 1 Action 1 > 64 Standing Hitstun > 66 Low Hitstun > 96 Soft Knockdown > 102 Knockdown Face Up > 113 Get Up Face Up > 1 Action 1 > 64 Standing Hitstun > 66 Low Hitstun > 96 Soft Knockdown > 102 Knockdown Face Up > 113 Get Up Face Up > 64 Standing Hitstun > 66 Low Hitstun > 96 Soft Knockdown > 102 Knockdown Face Up > 113 Get Up Face Up > 1 Action 1 > 96 Soft Knockdown > 102 Knockdown Face Up > 103 Wakeup Transition > 113 Get Up Face Up > 1 Action 1 > 91 Soft Knockdown > 1 Action 1,hitstun > knockdown > wakeup > hitstun > knockdown > wakeup > hitstun > knockdown > wakeup > hitstun > knockdown > wakeup > hitstun > knockdown > wakeup > hitstun > knockdown > wakeup > hitstun > knockdown > wakeup > hitstun > knockdown > neutral,0,0,21,21,255488,4,0,4610,True,True,False,17,33,,4642,0x00000000,26 > 0 > 35 > 0 > 34 > 26 > 0 > 31 > 24 > 18 > 12 > 5 > 40 > 35 > 30 > 24 > 17 > 10 > 5 > 40 > 35 > 29 > 24 > 19 > 13 > 8 > 4 > 40 > 37 > 33 > 29 > 26 > 22 > 18 > 14 > 10 > 7 > 3 > 35 > 30 > 25 > 20 > 15 > 10 > 5 > 39 > 35 > 31 > 28 > 24 > 20 > 16 > 13 > 9 > 6 > 2 > 39 > 35 > 31 > 28 > 24 > 20 > 17 > 13 > 10 > 6 > 2 > 39 > 35 > 31 > 27 > 23 > 20 > 16 > 12 > 9 > 5 > 1 > 38 > 34 > 31 > 27 > 23 > 20 > 16 > 12 > 9 > 5 > 1 > 37 > 34 > 30 > 26 > 23 > 19 > 15 > 10 > 6 > 2 > 38 > 34 > 30 > 26 > 22 > 17 > 7 > 3 > 39 > 33 > 29 > 25 > 22 > 18 > 13 > 10 > 5 > 40 > 35 > 31 > 27 > 23 > 19 > 15 > 9 > 2 > 35 > 29 > 26 > 21 > 17 > 13 > 9 > 5 > 1 > 37 > 33 > 30 > 26 > 22 > 18 > 15 > 11 > 7 > 3 > 39 > 35 > 30 > 27 > 23 > 19 > 14 > 10 > 6 > 2 > 38 > 35 > 31 > 27 > 23 > 19 > 15 > 12 > 8 > 4 > 40 > 37 > 33 > 29 > 25 > 21 > 18 > 13 > 8 > 1 > 36 > 30 > 25 > 20 > 16 > 11 > 7 > 3 > 39 > 34 > 30 > 26 > 22 > 18 > 13 > 7 > 1 > 37 > 33 > 29 > 25 > 21 > 17 > 13 > 9 > 5 > 1 > 38 > 34 > 30 > 26 > 23 > 19 > 15 > 11 > 8 > 4 > 40 > 36 > 32 > 29 > 25 > 21 > 17 > 13 > 10 > 6 > 2 > 39 > 35 > 32 > 28 > 24 > 20 > 14 > 7 > 38 > 33 > 28 > 25 > 20 > 15 > 11 > 7 > 3 > 39 > 36 > 31 > 27 > 23 > 19 > 15 > 11 > 7 > 3 > 1 > 40 > 36 > 31 > 27 > 22 > 16 > 11 > 6 > 1 > 36 > 32 > 27 > 18 > 13 > 7 > 2 > 37 > 32 > 27 > 22 > 17 > 12 > 7 > 3 > 38 > 33 > 29 > 24 > 19 > 15 > 10 > 5 > 1 > 36 > 31 > 26 > 20 > 15 > 11 > 6 > 1 > 37 > 32 > 28 > 23 > 18 > 14 > 9 > 5 > 40 > 35 > 30 > 25 > 21 > 17 > 12 > 8 > 3 > 38 > 34 > 27 > 20 > 14 > 9 > 4 > 39 > 35 > 30 > 24 > 20 > 15 > 10 > 6 > 1 > 36 > 31 > 26 > 22 > 17 > 12 > 8 > 3 > 38 > 32 > 28 > 23 > 18 > 13 > 9 > 4 > 39 > 34 > 30 > 25 > 21 > 16 > 11 > 6 > 40 > 35 > 30 > 25 > 21 > 16 > 11 > 7 > 2 > 38 > 33 > 28 > 23 > 18 > 14 > 9 > 3 > 37 > 32 > 27 > 22 > 17 > 13 > 8 > 3 > 38 > 34 > 29 > 24 > 20 > 15 > 10 > 5 > 40 > 36 > 31 > 26 > 21 > 16 > 11 > 7 > 2 > 38 > 33 > 28 > 24 > 19 > 15 > 9 > 4 > 36 > 31 > 26 > 21 > 17 > 12 > 7 > 2 > 38 > 33 > 29 > 24 > 19 > 14 > 9 > 4 > 39 > 34 > 30 > 26 > 21 > 16 > 12 > 7 > 2 > 38 > 33 > 28 > 24 > 18 > 13 > 8 > 3 > 38 > 34 > 29 > 24 > 20 > 15 > 10 > 5 > 40 > 35 > 31 > 26 > 21 > 16 > 10 > 6 > 1 > 36 > 31 > 26 > 22 > 17 > 12 > 8 > 3 > 38 > 34 > 29 > 24 > 19 > 13 > 9 > 4 > 39 > 34 > 29 > 24 > 20 > 15 > 11 > 6 > 1 > 36 > 32 > 26 > 20 > 15 > 10 > 5 > 1 > 36 > 31 > 26 > 19 > 13 > 8 > 3 > 38 > 33 > 28 > 23 > 17 > 12 > 7 > 3 > 38 > 32 > 28 > 23 > 18 > 13 > 9 > 4 > 40 > 34 > 28 > 23 > 18 > 13 > 8 > 3 > 38 > 33 > 29 > 24 > 19 > 15 > 10 > 5 > 40 > 34 > 28 > 23 > 18 > 14 > 9 > 4 > 40 > 35 > 30 > 25 > 20 > 15 > 11 > 6 > 1 > 36 > 31 > 26 > 22 > 17 > 12 > 8 > 3 > 38 > 34 > 29 > 24 > 16 > 11 > 6 > 40 > 36 > 31 > 26 > 21 > 16 > 11 > 7 > 2 > 37 > 32 > 28 > 23 > 18 > 13 > 7 > 1 > 37 > 32 > 27 > 22 > 18 > 13 > 8 > 3 > 38 > 34 > 29 > 24 > 19 > 13 > 8 > 3 > 39 > 33 > 28 > 23 > 18 > 14 > 9 > 5 > 40 > 35 > 31 > 26 > 21 > 16 > 11 > 6 > 2 > 37 > 32 > 28 > 23 > 18 > 14 > 9 > 4 > 40 > 35 > 30 > 26 > 21 > 16 > 11 > 6 > 1 > 37 > 32 > 28 > 24 > 19 > 14 > 10 > 5 > 40 > 36 > 31 > 26 > 21 > 16 > 12 > 7 > 2 > 38 > 31 > 25 > 20 > 15 > 10 > 6 > 1 > 36 > 32 > 27 > 22 > 17 > 12 > 8 > 3 > 39 > 34 > 29 > 25 > 20 > 16 > 11 > 6 > 2 > 37 > 32 > 27 > 22 > 18 > 13 > 9 > 4 > 40 > 35 > 30 > 25 > 20 > 15 > 11 > 6 > 1 > 36 > 31 > 26 > 21 > 17 > 12 > 8 > 3 > 38 > 34 > 29 > 25 > 20 > 16 > 11 > 6 > 1 > 36 > 31 > 27 > 22 > 17 > 13 > 8 > 4 > 39 > 34 > 30 > 25 > 20 > 16 > 11 > 6 > 2 > 36 > 32 > 27 > 23 > 18 > 13 > 8 > 4 > 39 > 34 > 30 > 25 > 21 > 15 > 10 > 5 > 38 > 32 > 27 > 22 > 18 > 13 > 8 > 3 > 37 > 32 > 27 > 21 > 17 > 12 > 7 > 2 > 37 > 32 > 28 > 23 > 19 > 14 > 10 > 5 > 40 > 36 > 31 > 26 > 21 > 16 > 11 > 6 > 2 > 37 > 32 > 27 > 23 > 18 > 14 > 9 > 4 > 40 > 35 > 30 > 26 > 21 > 16 > 11 > 6 > 2 > 37 > 32 > 27 > 22 > 16 > 11 > 6 > 2 > 37 > 32 > 28 > 23 > 18 > 13 > 8 > 3 > 38 > 34 > 29 > 25 > 20 > 15 > 11 > 6 > 2 > 37 > 32 > 27 > 22 > 17 > 12 > 8 > 3 > 38 > 34 > 29 > 25 > 17 > 12 > 8 > 3 > 38 > 33 > 28 > 23 > 19 > 14 > 9 > 5 > 40 > 36 > 31 > 27 > 22 > 17 > 13 > 8 > 3 > 38 > 33 > 28 > 23 > 18 > 13 > 9 > 4 > 39 > 35 > 30 > 25 > 21 > 16 > 12 > 7 > 2 > 36 > 32 > 27 > 22 > 16 > 12 > 7 > 2 > 37 > 32 > 28 > 23 > 19 > 14 > 9 > 4 > 39 > 35 > 30 > 26 > 21 > 16 > 12 > 7 > 3 > 38 > 34 > 29 > 24 > 20 > 15 > 11 > 6 > 1 > 36 > 31 > 26 > 22 > 17 > 13 > 8 > 3 > 39 > 34 > 29 > 25 > 20 > 16 > 11 > 5 > 1 > 36 > 27 > 21 > 16 > 11 > 5 > 38 > 31 > 26 > 21 > 16 > 11 > 6 > 1 > 36 > 32 > 27 > 23 > 18 > 13 > 9 > 4 > 40 > 36 > 31 > 26 > 21 > 16 > 11 > 6 > 1 > 36 > 32 > 27 > 22 > 18 > 13 > 9 > 4 > 39 > 34 > 30 > 25 > 20 > 15 > 10 > 5 > 1 > 36 > 32 > 27 > 22 > 18 > 13 > 8 > 3 > 39 > 34 > 29 > 24 > 19 > 14 > 9 > 5 > 40 > 35 > 30 > 25 > 21 > 16 > 11 > 7 > 2 > 38 > 33 > 28 > 23 > 18 > 13 > 9 > 4 > 40 > 35 > 30 > 25 > 21 > 17 > 12 > 7 > 3 > 36 > 29 > 24 > 19 > 15 > 10 > 6 > 1 > 37 > 32 > 28 > 23 > 18 > 14 > 10 > 5 > 1 > 36 > 30 > 26 > 21 > 16 > 12 > 7 > 2 > 38 > 33 > 28 > 23 > 18 > 13 > 9 > 4 > 39 > 34 > 29 > 24 > 20 > 15 > 10 > 6 > 1 > 36 > 32 > 27 > 22 > 18 > 13 > 8 > 4 > 39 > 34 > 29 > 24 > 20 > 15 > 11 > 6 > 2 > 37 > 32 > 28 > 23 > 18 > 14 > 9 > 4 > 39 > 34 > 30 > 25 > 21 > 16 > 12 > 7 > 2 > 37 > 33 > 28 > 23 > 19 > 14 > 9 > 4 > 39 > 35 > 30 > 25 > 20 > 16 > 11 > 3 > 38 > 33 > 28 > 23 > 18 > 12 > 6 > 40 > 36 > 31 > 26 > 22 > 17 > 12 > 7 > 3 > 38 > 34 > 29 > 24 > 20 > 15 > 9 > 5 > 40 > 35 > 30 > 25 > 21 > 16 > 11 > 7 > 2 > 37 > 33 > 29 > 24 > 18 > 13 > 8 > 4 > 39 > 35 > 30 > 25 > 21 > 16 > 12 > 7 > 3 > 38 > 34 > 28 > 24 > 19 > 14 > 9 > 5 > 40 > 35 > 31 > 26 > 22 > 17 > 12 > 7 > 3 > 38 > 33 > 28 > 23 > 18 > 13 > 9 > 4 > 40 > 35 > 30 > 25 > 20 > 15 > 10 > 6 > 1 > 36 > 31 > 26 > 21 > 17 > 9 > 4 > 39 > 35 > 30 > 25 > 20 > 15 > 10 > 6 > 1 > 35 > 30 > 26 > 21 > 16 > 12 > 7 > 3 > 38 > 34 > 29 > 25 > 20 > 15 > 11 > 6 > 1 > 36 > 31 > 26 > 22 > 17 > 12 > 8 > 3 > 39 > 35 > 30 > 25 > 21 > 16 > 11 > 6 > 1 > 37 > 32 > 27 > 23 > 18 > 14 > 9 > 4 > 40 > 35 > 30 > 25 > 21 > 16 > 12 > 6 > 2 > 37 > 32 > 28 > 23 > 18 > 13 > 9 > 4 > 40 > 35 > 30 > 25 > 20 > 16 > 11 > 6 > 1 > 36 > 31 > 27 > 22 > 18 > 13 > 8 > 4 > 39 > 35 > 29 > 22 > 17 > 12 > 7 > 2 > 37 > 32 > 28 > 23 > 18 > 13 > 9 > 4 > 39 > 35 > 30 > 25 > 20 > 15 > 10 > 5 > 1 > 36 > 31 > 27 > 22 > 17 > 13 > 7 > 3 > 39 > 34 > 29 > 24 > 19 > 15 > 10 > 5 > 1 > 36 > 31 > 27 > 22 > 16 > 11 > 7 > 2 > 37 > 33 > 29 > 23 > 19 > 14 > 9 > 4 > 40 > 35 > 30 > 25 > 21 > 16 > 12 > 7 > 2 > 38 > 33 > 27 > 22 > 16 > 10 > 6 > 1 > 36 > 31 > 27 > 22 > 18 > 11 > 4 > 39 > 34 > 29 > 24 > 19 > 14 > 9 > 5 > 40 > 36 > 31 > 26 > 21 > 17 > 12 > 8 > 3 > 39 > 33 > 28 > 24 > 19 > 14 > 10 > 4 > 40 > 35 > 31 > 26 > 22 > 17 > 12 > 8 > 2 > 37 > 32 > 28 > 23 > 18 > 14 > 9 > 4 > 40 > 35 > 30 > 26 > 21 > 16 > 12 > 7 > 2 > 37 > 32 > 27 > 23 > 18 > 13 > 9 > 4 > 39 > 34 > 30 > 25 > 21 > 16 > 11 > 6 > 1 > 36 > 32 > 27 > 21 > 16 > 12 > 7 > 3 > 38 > 33 > 28 > 24 > 19 > 14 > 7 > 40 > 35 > 30 > 26 > 21 > 16 > 11 > 7 > 2 > 38 > 33 > 28 > 24 > 19 > 13 > 8 > 3 > 39 > 34 > 30 > 25 > 20 > 15 > 11 > 6 > 2 > 37 > 32 > 28 > 23 > 18 > 13 > 8 > 3 > 39 > 34 > 29 > 24 > 19 > 14 > 9 > 4 > 38 > 34 > 29 > 24 > 18 > 13 > 8 > 3 > 38 > 34 > 29 > 24 > 19 > 14 > 9 > 4 > 39 > 34 > 29 > 23 > 17 > 12 > 7 > 2 > 37 > 32 > 28 > 23 > 18 > 14 > 8 > 3 > 39 > 34 > 29 > 23 > 16 > 11 > 6 > 1 > 37 > 32 > 26 > 22 > 13 > 8 > 3 > 38 > 33 > 28 > 23 > 18 > 13 > 8 > 3 > 38 > 34 > 28 > 23 > 18 > 13 > 8 > 4 > 38 > 33 > 27 > 22 > 17 > 12 > 8 > 3 > 37 > 33 > 28 > 23 > 19 > 14 > 9 > 5 > 40 > 35 > 28 > 23 > 18 > 13 > 9 > 4 > 39 > 34 > 29 > 24 > 20 > 15 > 10 > 5 > 40 > 35 > 30 > 25 > 20 > 16 > 11 > 6 > 2 > 37 > 32 > 27 > 23 > 18 > 13 > 9 > 4 > 39 > 34 > 29 > 25 > 20 > 15 > 11 > 6 > 1 > 37 > 32 > 28 > 23 > 19 > 14 > 10 > 5 > 39 > 35 > 27 > 20 > 16 > 11 > 6 > 2 > 37 > 32 > 28 > 23 > 18 > 13 > 8 > 2 > 38 > 33 > 28 > 24 > 19 > 14 > 9 > 4 > 40 > 36 > 31 > 26 > 21 > 17 > 12 > 7 > 2 > 37 > 33 > 29 > 24 > 19 > 15 > 10 > 6 > 1 > 36 > 32 > 27 > 22 > 18 > 12 > 7 > 3 > 38 > 33 > 28 > 23 > 19 > 14 > 9 > 4 > 40 > 35 > 30 > 26 > 21 > 16 > 11 > 6 > 1 > 37 > 32 > 28 > 23 > 19 > 14 > 10 > 5 > 40 > 36 > 30 > 25 > 19 > 14 > 9 > 4 > 40 > 35 > 30 > 26 > 21 > 16 > 11 > 6 > 1 > 35 > 27 > 20 > 13 > 8 > 3 > 38 > 33 > 28 > 23 > 19 > 14 > 9 > 4 > 40 > 35 > 30 > 25 > 20 > 16 > 10 > 6 > 1 > 36 > 31 > 27 > 22 > 17 > 13 > 9 > 4 > 39 > 35 > 29 > 24 > 19 > 15 > 10 > 5 > 1 > 36 > 32 > 27 > 23 > 18 > 13 > 9 > 4 > 40 > 35 > 30 > 25 > 20 > 16 > 11 > 6 > 2 > 37 > 32 > 28 > 23 > 18 > 14 > 9 > 5 > 40 > 35 > 30 > 25 > 21 > 16 > 11 > 6 > 2 > 37 > 33 > 28 > 23 > 18 > 14 > 9 > 3 > 35 > 29 > 24 > 19 > 14 > 10 > 5 > 1 > 36 > 32 > 27 > 22 > 18 > 13 > 8 > 3 > 38 > 33 > 28 > 23 > 18 > 14 > 9 > 4 > 40 > 35 > 30 > 26 > 21 > 16 > 12 > 7 > 1 > 37 > 32 > 27 > 23 > 18 > 13 > 9 > 4 > 39 > 34 > 29 > 25 > 20 > 16 > 11 > 6 > 1 > 36 > 31 > 26 > 22 > 17 > 13 > 7 > 3 > 38 > 33 > 29 > 24 > 20 > 15 > 10 > 4 > 39 > 35 > 30 > 25 > 21 > 16 > 12 > 7 > 2 > 38 > 33 > 28 > 24 > 19 > 14 > 9 > 4 > 39 > 31 > 25 > 20 > 15 > 11 > 6 > 1 > 36 > 32 > 28 > 23 > 18 > 13 > 8 > 3 > 38 > 34 > 29 > 24 > 19 > 15 > 11 > 6 > 2 > 36 > 32 > 27 > 23 > 17 > 12 > 7 > 3 > 38 > 33 > 29 > 24 > 20 > 15 > 10 > 5 > 1 > 36 > 32 > 27 > 22 > 17 > 12 > 7 > 3 > 39 > 34 > 29 > 25 > 20 > 16 > 11 > 6 > 1 > 37 > 32 > 27 > 22 > 17 > 12 > 8 > 3 > 39 > 34 > 29 > 24 > 19 > 15 > 10 > 5 > 1 > 37 > 32 > 27 > 22 > 17 > 8 > 4 > 40 > 35 > 30 > 26 > 21 > 16 > 12 > 7 > 2 > 38 > 32 > 28 > 23 > 18 > 13 > 9 > 4 > 39 > 35 > 30 > 25 > 21 > 16 > 11 > 6 > 2 > 37 > 32 > 27 > 22 > 18 > 13 > 8 > 4 > 38 > 34 > 29 > 24 > 19 > 15 > 10 > 5 > 40 > 35 > 30 > 25 > 21 > 16 > 11 > 7 > 2 > 37 > 33 > 28 > 23 > 18 > 14 > 8 > 3 > 37 > 33 > 28 > 23 > 18 > 14 > 9 > 5 > 40 > 35 > 30 > 26 > 21 > 16 > 11 > 6 > 1 > 37 > 32 > 27 > 23 > 18 > 14 > 9 > 4 > 40 > 34 > 29 > 22 > 16 > 11 > 6 > 1 > 37 > 32 > 27 > 23 > 18 > 13 > 8 > 3 > 39 > 34 > 30 > 25 > 20 > 15 > 10 > 5 > 40 > 35 > 31 > 25 > 21 > 16 > 11 > 7 > 2 > 37 > 32 > 28 > 23 > 18 > 13 > 8 > 3 > 38 > 34 > 29 > 24 > 20 > 15 > 10 > 6 > 1 > 36 > 31 > 27 > 20 > 14 > 8 > 4 > 39 > 34 > 29 > 25 > 20 > 15 > 10 > 5 > 39 > 34 > 29 > 24 > 19 > 14 > 9 > 5 > 40 > 36 > 31 > 26 > 21 > 16 > 12 > 7 > 2 > 38 > 33 > 28 > 23 > 18 > 13 > 8 > 3 > 36 > 30 > 26 > 21 > 16 > 12 > 7 > 2 > 37 > 32 > 27 > 22 > 18 > 13 > 8 > 3 > 39 > 34 > 29 > 24 > 19 > 15 > 10 > 5 > 1 > 36 > 31 > 26 > 21 > 17 > 12 > 7 > 2 > 36 > 31 > 27 > 22 > 17 > 13 > 8 > 3 > 38 > 33 > 28 > 23 > 18 > 14 > 9 > 5 > 40 > 35 > 30 > 25 > 20 > 16 > 11 > 6 > 1 > 35 > 29 > 24 > 19 > 14 > 10 > 5 > 40 > 36 > 31 > 26 > 22 > 17 > 12 > 7 > 2 > 37 > 32 > 28 > 23 > 18 > 12 > 8 > 3 > 38 > 34 > 29 > 24 > 19 > 15 > 6 > 40 > 35 > 30 > 25 > 20 > 15 > 9 > 3 > 38 > 33 > 28 > 23 > 19 > 14 > 9 > 4 > 39 > 34 > 29 > 25 > 20 > 15 > 10 > 2 > 33 > 21 > 11 > 3 > 36 > 29 > 24 > 19 > 14 > 9 > 4 > 39 > 34 > 29 > 24 > 18 > 13 > 8 > 3 > 38 > 33 > 28 > 23 > 17 > 11 > 6 > 1 > 36 > 31 > 27 > 21 > 16 > 11 > 5 > 40 > 35 > 30 > 25 > 20 > 15 > 10 > 5 > 40 > 35 > 30 > 25 > 20 > 14 > 9 > 4 > 39 > 35 > 29 > 21 > 15 > 10 > 6 > 40 > 36 > 30 > 25 > 19 > 14 > 9 > 4 > 39 > 35 > 30 > 25 > 20 > 15 > 10 > 5 > 40 > 35 > 30 > 25 > 19 > 14 > 10 > 5 > 39 > 34 > 29 > 24 > 19 > 14 > 9 > 4 > 39 > 34 > 29 > 24 > 19 > 14 > 9 > 4 > 39 > 34 > 29 > 24 > 20 > 15 > 10 > 5 > 40 > 34 > 28 > 23 > 18 > 13 > 8 > 3 > 38 > 33 > 28 > 23 > 18 > 14 > 8 > 3 > 37 > 32 > 27 > 22 > 17 > 12 > 7 > 2 > 37 > 32 > 27 > 23 > 18 > 13 > 8 > 3 > 34 > 28 > 23 > 18 > 12 > 7 > 3 > 38 > 33 > 28 > 24 > 18 > 14 > 9 > 3 > 38 > 33 > 27 > 21 > 16 > 11 > 6 > 1 > 37 > 32 > 27 > 22 > 17 > 11 > 6 > 1 > 35 > 30 > 26 > 21 > 16 > 11 > 6 > 1 > 37 > 32 > 26 > 22 > 17 > 11 > 6 > 1 > 35 > 30 > 25 > 20 > 15 > 11 > 5 > 40 > 36 > 31 > 26 > 21 > 16 > 10 > 6 > 40 > 35 > 30 > 25 > 20 > 15 > 9 > 4 > 39 > 35 > 30 > 25 > 19 > 13 > 8 > 3 > 38 > 33 > 27 > 22 > 18 > 13 > 7 > 39 > 34 > 29 > 23 > 17 > 11 > 5 > 37 > 31 > 26 > 21 > 16 > 11 > 6 > 1 > 37 > 32 > 26 > 20 > 14 > 9 > 4 > 39 > 34 > 29 > 24 > 19 > 14 > 9 > 4 > 39 > 34 > 30 > 24 > 19 > 13 > 9 > 3 > 38 > 32 > 27 > 22 > 16 > 11 > 6 > 1 > 36 > 30 > 25 > 20 > 15 > 10 > 5 > 40 > 35 > 30 > 26 > 21 > 16 > 11 > 6 > 1 > 36 > 30 > 25 > 20 > 15 > 10 > 6 > 1 > 35 > 31 > 26 > 21 > 16 > 11 > 6 > 1 > 36 > 30 > 25 > 20 > 12 > 6 > 1 > 36 > 31 > 26 > 21 > 16 > 11 > 7 > 2 > 36 > 31 > 26 > 21 > 16 > 11 > 6 > 1 > 36 > 31 > 26 > 22 > 16 > 11 > 6 > 40 > 35 > 29 > 25 > 20 > 15 > 10 > 5 > 40 > 35 > 30 > 25 > 20 > 15 > 10 > 5 > 38 > 33 > 27 > 22 > 16 > 11 > 6 > 1 > 36 > 32 > 27 > 22 > 17 > 11 > 5 > 39 > 33 > 28 > 23 > 18 > 13 > 8 > 3 > 39 > 34 > 29 > 24 > 20 > 14 > 9 > 3 > 38 > 33 > 29 > 24 > 19 > 14 > 9 > 4 > 39 > 34 > 26 > 20 > 15 > 10 > 5 > 40 > 36 > 31 > 25 > 20 > 16 > 11 > 6 > 1 > 36 > 32 > 27 > 22 > 17 > 10 > 38 > 33 > 28 > 23 > 19 > 12 > 5 > 39 > 31 > 23 > 16 > 10 > 2 > 35 > 29 > 24 > 19 > 14 > 9 > 3 > 36 > 29 > 20 > 12 > 6 > 1 > 36 > 31 > 25 > 20 > 15 > 9 > 4 > 39 > 34 > 29 > 23 > 18 > 13 > 8 > 3 > 38 > 33 > 28 > 23 > 18 > 14 > 9 > 5 > 40 > 33 > 29 > 25 > 20 > 16 > 11 > 6 > 2 > 38 > 33 > 29 > 24 > 20 > 15 > 11 > 7 > 2 > 38 > 33 > 28 > 23 > 18 > 13 > 8 > 4 > 39 > 34 > 29 > 24 > 20 > 16 > 12 > 7 > 2 > 38 > 33 > 28 > 23 > 18 > 13 > 8 > 3 > 39 > 35 > 30 > 26 > 22 > 17 > 13 > 8 > 40 > 35 > 31 > 26 > 22 > 17 > 13 > 9 > 4 > 40 > 36 > 31 > 27 > 23 > 18 > 14 > 9 > 5 > 1 > 37 > 33 > 28 > 23 > 19 > 14 > 10 > 6 > 1 > 36 > 32 > 27 > 23 > 18 > 14 > 10 > 4 > 39 > 34 > 28 > 23 > 18 > 13 > 8 > 3 > 39 > 35 > 30 > 26 > 21 > 16 > 12 > 7 > 2 > 36 > 31 > 26 > 21 > 16 > 12 > 6 > 40 > 35 > 29 > 24 > 18 > 12 > 7 > 2 > 38 > 33 > 28 > 23 > 18 > 12 > 8 > 2 > 34 > 28 > 23 > 19 > 14 > 9 > 4 > 39 > 34 > 28 > 24 > 19 > 14 > 9 > 5 > 1 > 36 > 32 > 28 > 22 > 18 > 13 > 9 > 3 > 38 > 33 > 29 > 24 > 20 > 16 > 11 > 7 > 2 > 37 > 33 > 28 > 23 > 18 > 13 > 8 > 3 > 39 > 34 > 30 > 25 > 21 > 16 > 12 > 7 > 1 > 36 > 31 > 26 > 22 > 18 > 14 > 9 > 3 > 38 > 33 > 28 > 23 > 18 > 13 > 8 > 4 > 39 > 35 > 31 > 26 > 21 > 16 > 11 > 6 > 1 > 35 > 31 > 26 > 21 > 16 > 12 > 8 > 3 > 38 > 33 > 25 > 19 > 13 > 7 > 3 > 39 > 34 > 29 > 25 > 20 > 16 > 11 > 6 > 1 > 35 > 30 > 25 > 21 > 16 > 11 > 7 > 2 > 37 > 31 > 26 > 21 > 16 > 11 > 6 > 1 > 36 > 32 > 27 > 22 > 16 > 11 > 6 > 1 > 35 > 30 > 25 > 21 > 17 > 12 > 8 > 3 > 38 > 34 > 28 > 23 > 18 > 12 > 7 > 2 > 38 > 34 > 29 > 24 > 19 > 14 > 10 > 5 > 40 > 35 > 30 > 25 > 21 > 16 > 11 > 3 > 36 > 31 > 26 > 21 > 17 > 12 > 7 > 3 > 38 > 33 > 28 > 23 > 17 > 12 > 7 > 2 > 38 > 33 > 28 > 23 > 19 > 15 > 10 > 6 > 1 > 36 > 31 > 26 > 21 > 16 > 11 > 6 > 1 > 37 > 32 > 28 > 22 > 17 > 12 > 7 > 2 > 37 > 32 > 27 > 22 > 18 > 14 > 9 > 4 > 39 > 34 > 29 > 24 > 19 > 14 > 10 > 5 > 40 > 35 > 30 > 24 > 19 > 14 > 9 > 4 > 39 > 34 > 30 > 25 > 21 > 16 > 12 > 7 > 2 > 37 > 32 > 27 > 22 > 14 > 8 > 4 > 39 > 35 > 30 > 25 > 20 > 16 > 11 > 6 > 40 > 35 > 30 > 25 > 20 > 15 > 10 > 6 > 1 > 36 > 32 > 27 > 22 > 16 > 12 > 6 > 1 > 37 > 32 > 27 > 22 > 17 > 11 > 7 > 2 > 37 > 32 > 28 > 23 > 19 > 15 > 10 > 5 > 40 > 35 > 31 > 26 > 21 > 16 > 12 > 7 > 2 > 38 > 34 > 29 > 25 > 20 > 15 > 10 > 5 > 1 > 36 > 31 > 26 > 22 > 18 > 14 > 9 > 5 > 40 > 36 > 31 > 26 > 22 > 16 > 11 > 6 > 2 > 38 > 34 > 30 > 25 > 21 > 16 > 12 > 7 > 3 > 38 > 34 > 29 > 25 > 21 > 17 > 12 > 8 > 3 > 39 > 34 > 30 > 25 > 21 > 16 > 12 > 7 > 3 > 39 > 35 > 31 > 27 > 22 > 16 > 12 > 7 > 2 > 38 > 33 > 29 > 25 > 21 > 17 > 13 > 8 > 4 > 39 > 34 > 29 > 24 > 19 > 15 > 10 > 6 > 2 > 38 > 33 > 29 > 24 > 20 > 16 > 11 > 7 > 2 > 38 > 33 > 29 > 24 > 20 > 16 > 11 > 7 > 3 > 38 > 33 > 29 > 25 > 20 > 16 > 11 > 7 > 3 > 39 > 35 > 30 > 25 > 21 > 16 > 11 > 7 > 3 > 38 > 34 > 30 > 25 > 21 > 17 > 13 > 8 > 3 > 38 > 32 > 26 > 20 > 15 > 10 > 5 > 1 > 37 > 33 > 28 > 23 > 19 > 14 > 9 > 4 > 40 > 35 > 30 > 26 > 22 > 17 > 13 > 8 > 4 > 40 > 35 > 31 > 27 > 22 > 17 > 13 > 8 > 4 > 40 > 36 > 31 > 26 > 22 > 17 > 13 > 8 > 4 > 36 > 31 > 27 > 23 > 19 > 15 > 10 > 5 > 1 > 36 > 32 > 27 > 22 > 18 > 14 > 9 > 5 > 1 > 37 > 33 > 28 > 24 > 19 > 15 > 10 > 6 > 1 > 36 > 31 > 27 > 22 > 17 > 14 > 10 > 6 > 1 > 37 > 32 > 28 > 23 > 19 > 14 > 10 > 6 > 1 > 37 > 33 > 28 > 23 > 19 > 14 > 9 > 5 > 40 > 36 > 31 > 27 > 22 > 18 > 14 > 10 > 5 > 40 > 36 > 31 > 27 > 22 > 18 > 13 > 9 > 5 > 40 > 37 > 32 > 28 > 23 > 19 > 14 > 10 > 5 > 40 > 36 > 31 > 27 > 23 > 18 > 14 > 10 > 5 > 1 > 37 > 32 > 27 > 23 > 18 > 14 > 9 > 5 > 40 > 36 > 32 > 28 > 23 > 19 > 14 > 10 > 5 > 1 > 36 > 32 > 27 > 23 > 19 > 14 > 9 > 4 > 40 > 35 > 31 > 27 > 22 > 18 > 14 > 9 > 5 > 1 > 37 > 33 > 29 > 24 > 20 > 15 > 11 > 6 > 2 > 37 > 33 > 29 > 24 > 21 > 17 > 12 > 8 > 4 > 39 > 35 > 31 > 27 > 22 > 17 > 12 > 7 > 2 > 37 > 32 > 25 > 21 > 17 > 13 > 9 > 5 > 1 > 37 > 33 > 28 > 24 > 20 > 16 > 12 > 8 > 4 > 40 > 36 > 32 > 27 > 23 > 19 > 15 > 11 > 7 > 2 > 38 > 33 > 29 > 25 > 21 > 17 > 13 > 9 > 5 > 1 > 37 > 32 > 28 > 24 > 20 > 16 > 12 > 8 > 4 > 40 > 36 > 32 > 28 > 24 > 20 > 16 > 12 > 7 > 2 > 36 > 30 > 26 > 23 > 19 > 15 > 11 > 7 > 4 > 40 > 36 > 32 > 28 > 24 > 20 > 16 > 12 > 6 > 4 > 40 > 37 > 33 > 28 > 24 > 20 > 17 > 13 > 9 > 5 > 1 > 37 > 32 > 29 > 25 > 21 > 17 > 13 > 9 > 5 > 40 > 37 > 33 > 29 > 25 > 21 > 17 > 13 > 9 > 5 > 1 > 37 > 33 > 29 > 25 > 22 > 17 > 14 > 10 > 6 > 3 > 39 > 35 > 31 > 27 > 23 > 19 > 15 > 12 > 5 > 39 > 35 > 31 > 28 > 23 > 19 > 15 > 11 > 8 > 4 > 40 > 36 > 32 > 29 > 25 > 21 > 17 > 13 > 9 > 5 > 1 > 37 > 33 > 29 > 25 > 20 > 16 > 12 > 9 > 5 > 1 > 37 > 33 > 30 > 26 > 22 > 18 > 14 > 9 > 5 > 1 > 37 > 33 > 29 > 25 > 21 > 18 > 14 > 10 > 6 > 2 > 38 > 34 > 30 > 27 > 23 > 19 > 15 > 11 > 7 > 3 > 39 > 35 > 32 > 28 > 24 > 20 > 16 > 12 > 9 > 4 > 1 > 37 > 33 > 29 > 26 > 22 > 18 > 14 > 10 > 6 > 2 > 38 > 34 > 31 > 27 > 23 > 19 > 15 > 11 > 7 > 1 > 36 > 32 > 28 > 24 > 20 > 16 > 12 > 8 > 4 > 40 > 36 > 32 > 29 > 25 > 21 > 17 > 14 > 10 > 6 > 2 > 38 > 34 > 30 > 26 > 22 > 18 > 14 > 11 > 6 > 1 > 35 > 32 > 28 > 24 > 20 > 16 > 12 > 8 > 4 > 40 > 36 > 32 > 28 > 24 > 20 > 15 > 11 > 8 > 4 > 40 > 35 > 30 > 24 > 18 > 14 > 10 > 6 > 2 > 38 > 35 > 30 > 26 > 22 > 18 > 15 > 10 > 5 > 40 > 34 > 30 > 26 > 22 > 18 > 14 > 10 > 7 > 2 > 38 > 34 > 29 > 26 > 22 > 18 > 14 > 11 > 7 > 3 > 39 > 36 > 32 > 28 > 24 > 20 > 16 > 13 > 9 > 5 > 1 > 37 > 33 > 29 > 25 > 21 > 18 > 14 > 10 > 6 > 2 > 38 > 34 > 30 > 26 > 23 > 19 > 15 > 11 > 7 > 3 > 39 > 35 > 31 > 27 > 23 > 19 > 15 > 11 > 7 > 3 > 39 > 36 > 32 > 28 > 24 > 21 > 17 > 13 > 9 > 6 > 1 > 37 > 33 > 28 > 23 > 18 > 13 > 9 > 5 > 1 > 37 > 33 > 29 > 26 > 22 > 18 > 14 > 10 > 6 > 2 > 38 > 34 > 30 > 26 > 23 > 19 > 15 > 11 > 7 > 4 > 40 > 36 > 32 > 28 > 24 > 20 > 16 > 13 > 9 > 5 > 40 > 36 > 32 > 28 > 25 > 21 > 17 > 12 > 9 > 5 > 1 > 37 > 33 > 30 > 26 > 22 > 18 > 14 > 10 > 6 > 39 > 34 > 30 > 25 > 22 > 18 > 15 > 11 > 7 > 3 > 40 > 36 > 32 > 28 > 24 > 20 > 16 > 12 > 8 > 4 > 40 > 36 > 33 > 29 > 25 > 22 > 18 > 14 > 11 > 7 > 3 > 39 > 35 > 31 > 27 > 23 > 19 > 15 > 11 > 7 > 3 > 39 > 36 > 32 > 28 > 24 > 20 > 16 > 12 > 9 > 5 > 1 > 37 > 34 > 30 > 26 > 20 > 14 > 8 > 3 > 39 > 35 > 30 > 27 > 23 > 19 > 15 > 12 > 8 > 4 > 40 > 36 > 33 > 29 > 24 > 20 > 16 > 12 > 8 > 4 > 1 > 37 > 33 > 29 > 25 > 22 > 18 > 14 > 11 > 7 > 3 > 39 > 35 > 31 > 27 > 23 > 19 > 15 > 11 > 8 > 4 > 40 > 36 > 32 > 29 > 25 > 21 > 17 > 14 > 9 > 5 > 2 > 38 > 34 > 30 > 26 > 22 > 18 > 15 > 11 > 7 > 2 > 39 > 35 > 31 > 27 > 23 > 20 > 15 > 9 > 4 > 39 > 35 > 31 > 27 > 23 > 19 > 12 > 8 > 4 > 1 > 37 > 33 > 30 > 26 > 22 > 18 > 14 > 11 > 7 > 1 > 35 > 28 > 23 > 19 > 15 > 11 > 7 > 3 > 38 > 34 > 30 > 26 > 22 > 18 > 15 > 11 > 7 > 3 > 39 > 35 > 30 > 27 > 22 > 19 > 15 > 11 > 7 > 3 > 39 > 35 > 31 > 28 > 24 > 19 > 15 > 12 > 7 > 3 > 39 > 35 > 31 > 27 > 23 > 19 > 16 > 12 > 8 > 4 > 40 > 37 > 33 > 29 > 25 > 21 > 17 > 14 > 10 > 5 > 1 > 37 > 33 > 29 > 25 > 22 > 18 > 14 > 11 > 7 > 3 > 40 > 36 > 32 > 28 > 24 > 20 > 16 > 12 > 8 > 4 > 40 > 36 > 33 > 29 > 25 > 21 > 18 > 14 > 10 > 7 > 1 > 36 > 31 > 26 > 23 > 18 > 12 > 7 > 3 > 39 > 35 > 31 > 27 > 23 > 20 > 15 > 11 > 7 > 3 > 39 > 35 > 31 > 27 > 24 > 19 > 15 > 11 > 7 > 3 > 39 > 34 > 29 > 24 > 20 > 16 > 12 > 8 > 4 > 1 > 37 > 33 > 29 > 25 > 21 > 17 > 13 > 9 > 5 > 1 > 37 > 34 > 30 > 26 > 22 > 17 > 13 > 10 > 6 > 2 > 38 > 34 > 30 > 26 > 21 > 17 > 14 > 8 > 4 > 40 > 36 > 32 > 28 > 24 > 20 > 16 > 12 > 9 > 5 > 1 > 37 > 34 > 30 > 26 > 22 > 18 > 14 > 10 > 7 > 3 > 39 > 35 > 31 > 27 > 24 > 20 > 16 > 12 > 8 > 5 > 1 > 37 > 33 > 29 > 25 > 21 > 17 > 13 > 9 > 6 > 2 > 38 > 34 > 30 > 27 > 23 > 19 > 15 > 11 > 8 > 4 > 39 > 36 > 31 > 27 > 23 > 19 > 15 > 11 > 7 > 3 > 38 > 35 > 31 > 27 > 23 > 19 > 16 > 12 > 8 > 4 > 40 > 36 > 31 > 27 > 23 > 19 > 16 > 12 > 8 > 4 > 40 > 36 > 32 > 29 > 25 > 21 > 17 > 13 > 10 > 6 > 2 > 38 > 34 > 30 > 26 > 22 > 18 > 14 > 10 > 7 > 3 > 39 > 35 > 31 > 28 > 24 > 20 > 16 > 12 > 9 > 4 > 40 > 36 > 32 > 28 > 24 > 20 > 16 > 13 > 9 > 5 > 1 > 38 > 34 > 30 > 26 > 22 > 18 > 14 > 10 > 6 > 2 > 38 > 34 > 30 > 26 > 21 > 15 > 7 > 1 > 37 > 33 > 29 > 26 > 22 > 18 > 14 > 11 > 6 > 2 > 38 > 35 > 30 > 25 > 20 > 14 > 9 > 3 > 39 > 33 > 27 > 23 > 19 > 15 > 11 > 6 > 1 > 37 > 33 > 29 > 25 > 21 > 17 > 13 > 9 > 5 > 1 > 36 > 31 > 26 > 21 > 17 > 12 > 7 > 3 > 39 > 35 > 31 > 28 > 23 > 19 > 14 > 10 > 6 > 2 > 38 > 34 > 30 > 26 > 22 > 18 > 14 > 10 > 6 > 2 > 38 > 34 > 22 > 0 > 34 > 0 > 36 > 33 > 27 > 22 > 16 > 11 > 4 > 38 > 33 > 29 > 25 > 15 > 9 > 3 > 38 > 31 > 25 > 19 > 14 > 9 > 5 > 1 > 36 > 32 > 28 > 24 > 20 > 16 > 12 > 9 > 5 > 1 > 36 > 32 > 29 > 25 > 21 > 17 > 13 > 9 > 5 > 1 > 37 > 33 > 29 > 26 > 22 > 18 > 14 > 10 > 6 > 2 > 38 > 33 > 28 > 23 > 19 > 15 > 11 > 7 > 3 > 38 > 34 > 29 > 25 > 21 > 17 > 13 > 8 > 3 > 38 > 33 > 28 > 24 > 20 > 16 > 12 > 7 > 2 > 38 > 33 > 28 > 24 > 19 > 15 > 10 > 6 > 1 > 37 > 33 > 29 > 25 > 21 > 17 > 13 > 8 > 4 > 38 > 34 > 28 > 23 > 19 > 14 > 10 > 5 > 40 > 36 > 31 > 27 > 23 > 19 > 15 > 11 > 38 > 39 > 32 > 25 > 0 > 39 > 30 > 22 > 38 > 40 > 36 > 31 > 27 > 19 > 13 > 6 > 0 > 31 > 25 > 38 > 0 > 31 > 0 > 33 > 23 > 36 > 29 > 25 > 13 > 5 > 35 > 27 > 20 > 11 > 0 > 40 > 27 > 36 > 27 > 18 > 9 > 1 > 33 > 28 > 21 > 16 > 11 > 2 > 37 > 30 > 24 > 18 > 0 > 34 > 30 > 21,0,168 > 8 > 0 > 168 > 8 > 0 > 8 > 0 > 160 > 128 > 160 > 168 > 8 > 16 > 0 > 16 > 0 > 32 > 160 > 176 > 48 > 160 > 8 > 0 > 48 > 160 > 8 > 0 > 160 > 168 > 8 > 0 > 8 > 0 > 160 > 168 > 8 > 0 > 160 > 168 > 8 > 168 > 160,1 > 0 > 1 > 0 > 64 > 192 > 64 > 192 > 0 > 1 > 64 > 192 > 0 > 1 > 0 > 64 > 192 > 0 > 1 > 0 > 64 > 192 > 0 > 1 > 0 > 64 > 192 > 0 > 64 > 192 > 0 > 1 > 64 > 192 > 0 > 1 > 64 > 192 > 1,0 > 4 > 0 > 4 > 0 > 4 > 0 > 4 > 0 > 4 > 0 > 4 > 0 > 4 > 0 > 4 > 0 > 4 > 0 > 4 > 0 > 4 > 0 > 4 > 0,0,+0x1228 secondary reaction timer observed; +0x1210 held instead of decrementing on one or more sampled frames
2026-07-28T15:19:41Z,10285,10348,63,P2-C1,P2,0x927EB9E0,30,Frank West,hit,64,Standing Hitstun,1,Action 1,64 Standing Hitstun > 66 Low Hitstun > 64 Standing Hitstun > 96 Soft Knockdown > 91 Soft Knockdown > 81 Bounce Launch > 82 Bounce Off > 91 Soft Knockdown > 80 Hard Knockdown > 73 Knockdown Face Up > 113 Get Up Face Up > 6 Action 6 > 65 Overhead Hitstun > 7 Action 7 > 64 Standing Hitstun > 66 Low Hitstun > 64 Standing Hitstun > 81 Bounce Launch > 82 Bounce Off > 91 Soft Knockdown > 1 Action 1,hitstun > knockdown > wakeup > hitstun > neutral > hitstun > knockdown > neutral,0,0,21,21,255488,6,0,36,True,True,False,6,31,,63,0x00000000,0 > 29 > 40 > 34 > 24 > 0 > 34 > 0 > 32 > 19 > 39,0,8 > 0 > 8 > 0 > 8 > 0 > 8 > 168 > 160,0 > 64 > 192 > 64 > 192 > 64 > 192 > 64 > 192 > 64 > 192 > 0 > 1 > 0 > 1 > 0 > 64 > 192 > 64 > 192 > 64 > 192 > 1,4 > 0 > 4 > 0 > 4 > 0 > 4 > 0,0,+0x1228 secondary reaction timer observed; +0x1210 held instead of decrementing on one or more sampled frames
2026-07-28T15:19:42Z,10351,10356,5,P1-C1,P1,0x9246B9C0,12,Ryu,block,48,Block,260,Action 260,48 Block > 257 Action 257 > 260 Action 260,blockstun > neutral,3,14,0,0,0,0,0,0,False,False,False,,,,5,0x00000000,31 > 25 > 36 > 33 > 36 > 0,0,8 > 0,16 > 17 > 32 > 34 > 38,0,0 > 64 > 72,
2026-07-28T15:19:47Z,10372,10377,5,P1-C1,P1,0x9246B9C0,12,Ryu,hit,65,Overhead Hitstun,3,Action 3,65 Overhead Hitstun > 64 Standing Hitstun > 11 Action 11 > 3 Action 3,hitstun > neutral,0,0,16,15,0,0,0,0,False,False,False,,,,5,0x00000000,0 > 34 > 22 > 31,0,8 > 32,0 > 1,4 > 0 > 4,0,+0x1228 secondary reaction timer observed
2026-07-28T15:19:55Z,10415,10419,4,P1-C2,P1,0x92B6BA00,7,Ippatsuman,hit,161,Hard Knockdown,11,Action 11,161 Hard Knockdown > 1 Action 1 > 11 Action 11,knockdown > neutral,0,0,0,0,0,5,0,0,True,False,False,0,,,4,0x00000000,0 > 40 > 30 > 19 > 40,0,0 > 160 > 32,194 > 1,0,64 > 0,
2026-07-28T15:19:59Z,10353,10438,85,P2-C2,P2,0x92EEBA20,6,Doronjo,hit,425,Action 425,353,Action 353,425 Action 425 > 64 Standing Hitstun > 66 Low Hitstun > 64 Standing Hitstun > 91 Soft Knockdown > 160 Air Recovery > 19 Action 19 > 21 Action 21 > 266 Action 266 > 259 Action 259 > 1 Action 1 > 2 Action 2 > 7 Action 7 > 65 Overhead Hitstun > 64 Standing Hitstun > 66 Low Hitstun > 64 Standing Hitstun > 1 Action 1 > 80 Hard Knockdown > 73 Knockdown Face Up > 115 Forward Roll > 7 Action 7 > 2 Action 2 > 95 Forced Roll > 1 Action 1 > 266 Action 266 > 30 Action 30 > 257 Action 257 > 64 Standing Hitstun > 1 Action 1 > 353 Action 353,hitstun > knockdown > air_recovery > hitstun > knockdown > wakeup > hitstun > knockdown > hitstun > neutral,0,0,21,21,255488,4,1,62,True,True,True,7,54,12,85,0x00000000,0 > 39 > 32 > 25 > 39 > 30 > 18 > 34 > 40 > 34 > 17 > 36 > 25 > 34 > 24 > 13 > 40 > 32 > 0 > 32 > 21 > 12 > 34 > 21 > 37 > 27 > 40 > 0 > 36 > 26 > 15 > 6 > 36 > 27 > 20 > 11 > 39 > 30 > 18 > 9 > 38 > 32 > 0 > 28 > 38 > 34,0,0 > 8 > 0 > 8 > 40 > 168 > 40 > 8 > 0 > 160 > 32 > 8 > 0 > 8 > 0 > 8 > 168 > 8 > 0 > 8 > 16 > 0 > 32 > 8 > 0 > 160 > 168 > 8 > 0 > 40 > 8 > 160 > 168 > 8,0 > 64 > 192 > 193 > 1 > 65 > 193 > 192 > 198 > 6 > 4 > 1 > 0 > 1 > 64 > 192 > 64 > 192 > 0 > 192 > 0 > 1 > 64 > 192 > 1 > 0 > 1 > 0,0 > 4 > 0 > 128 > 4 > 16 > 0 > 4 > 0 > 4 > 0 > 4 > 0 > 4 > 0,0 > 64 > 0 > 64 > 0 > 64 > 0,+0x1228 secondary reaction timer observed; +0x1210 held instead of decrementing on one or more sampled frames
2026-07-28T15:20:01Z,10450,10453,3,P2-C2,P2,0x92EEBA20,6,Doronjo,block,353,Action 353,513,Action 513,353 Action 353 > 513 Action 513,blockstun > neutral,0,9,0,0,251648,0,0,0,False,False,False,,,,3,0x00000000,8 > 26 > 14 > 3,0,8 > 0,0,0,0,
2026-07-28T15:20:37Z,10451,10617,166,P1-C2,P1,0x92B6BA00,7,Ippatsuman,hit,4610,Action 4610,258,Action 258,4610 Action 4610 > 102 Knockdown Face Up > 115 Forward Roll > 11 Action 11 > 20 Action 20 > 35 Action 35 > 265 Action 265 > 30 Action 30 > 6 Action 6 > 257 Action 257 > 259 Action 259 > 3 Action 3 > 48 Block > 256 Action 256 > 257 Action 257 > 270 Action 270 > 265 Action 265 > 288 Action 288 > 266 Action 266 > 321 Action 321 > 164 Action 164 > 35 Action 35 > 266 Action 266 > 10 Action 10 > 11 Action 11 > 3 Action 3 > 22 Action 22 > 352 Action 352 > 6 Action 6 > 21 Action 21 > 35 Action 35 > 267 Action 267 > 256 Action 256 > 257 Action 257 > 260 Action 260 > 258 Action 258 > 264 Action 264 > 31 Action 31 > 265 Action 265 > 288 Action 288 > 266 Action 266 > 161 Hard Knockdown > 309 Action 309 > 3 Action 3 > 22 Action 22 > 36 Action 36 > 7 Action 7 > 11 Action 11 > 307 Action 307 > 22 Action 22 > 36 Action 36 > 6 Action 6 > 305 Action 305 > 260 Action 260 > 3 Action 3 > 22 Action 22 > 30 Action 30 > 260 Action 260 > 256 Action 256 > 65 Overhead Hitstun > 10 Action 10 > 260 Action 260 > 258 Action 258,hitstun > knockdown > wakeup > hitstun > blockstun > hitstun > knockdown > hitstun > neutral,0,8,21,20,254976,4,0,161,True,True,False,30,32,,166,0x00000000,0 > 37 > 28 > 14 > 0 > 32 > 24 > 34 > 32 > 31 > 38 > 39 > 35 > 30 > 16 > 5 > 32 > 33 > 39 > 31 > 38 > 40 > 0 > 37 > 0 > 30 > 16 > 0 > 33 > 40 > 37 > 34 > 33 > 21 > 36 > 38 > 21 > 7 > 40 > 32 > 40 > 31 > 15 > 39 > 28 > 7 > 24 > 11 > 40 > 31 > 10 > 34 > 19 > 5 > 29 > 7 > 27 > 0 > 19 > 31 > 40 > 32 > 33 > 28 > 39 > 37 > 30 > 15 > 34 > 37 > 23 > 0 > 32 > 39 > 37 > 34 > 36 > 0 > 38 > 34 > 32 > 25 > 21 > 17 > 36 > 21 > 14 > 6 > 35 > 24 > 16 > 4 > 40 > 31 > 36 > 27 > 16 > 40 > 26 > 38 > 33 > 23 > 12 > 33 > 19 > 40 > 37 > 29 > 12 > 22 > 11 > 37 > 31 > 13 > 7 > 28 > 39 > 26 > 12 > 30 > 13 > 37 > 30 > 20 > 0 > 37 > 31 > 34,0,8 > 40 > 32 > 0 > 16 > 0 > 16 > 0 > 32 > 0 > 32 > 0 > 24 > 8 > 40 > 32 > 40 > 0 > 8 > 0 > 32 > 0 > 160 > 0 > 32 > 0 > 32 > 0 > 32 > 40 > 32 > 0 > 8 > 0 > 32 > 40 > 0 > 8 > 0 > 32 > 0,0 > 192 > 0 > 1 > 65 > 64 > 192 > 1 > 0 > 32 > 38 > 36 > 0 > 1 > 17 > 6 > 32 > 36 > 38 > 32 > 38 > 64 > 96 > 102 > 66 > 64 > 65 > 64 > 192 > 1 > 65 > 193 > 192 > 0 > 6 > 4 > 0 > 64 > 198 > 196 > 6 > 32 > 36 > 32 > 38 > 32 > 36 > 38 > 0 > 64 > 96 > 100 > 194 > 192 > 0 > 1 > 65 > 193 > 1 > 0 > 65 > 193 > 65 > 193 > 0 > 1 > 65 > 193 > 0 > 1 > 32,36 > 4 > 0 > 16 > 0 > 4 > 0 > 4 > 16 > 0 > 16 > 0 > 4 > 16 > 0 > 16 > 0 > 4 > 16 > 0 > 4 > 0,0 > 64 > 0 > 64 > 72 > 0 > 64 > 0 > 64 > 0 > 64 > 72 > 64 > 0 > 64 > 0 > 64 > 0 > 64 > 0 > 64 > 0 > 64 > 72 > 0 > 64 > 0 > 64 > 0 > 64 > 0 > 64 > 0 > 64 > 0,+0x1228 secondary reaction timer observed; +0x1210 held instead of decrementing on one or more sampled frames
2026-07-28T15:48:12Z,0,257,257,P2-C2,P2,0x92EEBA20,6,Doronjo,hit,154,KO,430,Action 430,154 KO > 430 Action 430,ko > neutral,0,0,21,0,2530048,0,0,255,False,False,False,,,,257,0x00000000,0 > 21,0,0,0 > 64,128 > 0,0,+0x1210 held instead of decrementing on one or more sampled frames
2026-07-28T15:48:25Z,0,343,343,P2-C1,P2,0x927EB9E0,30,Frank West,hit,154,KO,1,Action 1,154 KO > 1 Action 1 > 64 Standing Hitstun > 66 Low Hitstun > 64 Standing Hitstun > 96 Soft Knockdown > 91 Soft Knockdown > 1 Action 1 > 64 Standing Hitstun > 66 Low Hitstun > 64 Standing Hitstun > 81 Bounce Launch > 82 Bounce Off > 92 Hard Knockdown > 119 Get Up Face Down > 1 Action 1 > 64 Standing Hitstun > 66 Low Hitstun > 64 Standing Hitstun > 1 Action 1,ko > hitstun > knockdown > neutral > hitstun > knockdown > wakeup > hitstun > neutral,0,0,21,20,2327040,4,1,309,True,True,False,291,320,,343,0x00000000,30 > 29 > 28 > 23 > 21 > 20 > 17 > 7 > 3 > 39 > 35 > 31 > 0 > 34 > 19 > 0 > 29 > 40 > 30 > 20 > 11 > 4 > 0 > 38 > 26 > 19,0,0 > 160 > 168 > 40 > 8 > 160 > 40 > 8 > 0 > 8 > 160 > 168 > 8 > 0 > 8 > 0 > 128 > 160,0 > 1 > 0 > 64 > 192 > 64 > 192 > 1 > 0 > 64 > 192 > 0 > 1 > 0 > 1,0 > 4 > 0 > 4 > 0 > 4 > 0 > 4 > 0,0,+0x1228 secondary reaction timer observed; +0x1210 held instead of decrementing on one or more sampled frames
2026-07-28T15:48:51Z,346,522,176,P2-C1,P2,0x927EB9E0,1,Ken the Eagle,hit,64,Standing Hitstun,1,Action 1,64 Standing Hitstun > 66 Low Hitstun > 64 Standing Hitstun > 4609 Action 4609 > 91 Soft Knockdown > 81 Bounce Launch > 82 Bounce Off > 91 Soft Knockdown > 80 Hard Knockdown > 91 Soft Knockdown > 160 Air Recovery > 1 Action 1,hitstun > knockdown > air_recovery > hitstun > neutral,0,0,21,21,255232,5,1,157,True,False,True,65,,133,176,0x00000000,0 > 35 > 40 > 36 > 29 > 17 > 10 > 2 > 34 > 27 > 15 > 8 > 2 > 35 > 27 > 21 > 13 > 8 > 38 > 29 > 21 > 15 > 8 > 2 > 35 > 31 > 26 > 21 > 17 > 13 > 9 > 5 > 40 > 36 > 31 > 26 > 16 > 8 > 2 > 36 > 31 > 2 > 25 > 7,0,8 > 0 > 8 > 24 > 0 > 8 > 0 > 8 > 0 > 8 > 0 > 8 > 0 > 8 > 40 > 168 > 160,0 > 192 > 64 > 192 > 64 > 192 > 64 > 192 > 64 > 192 > 64 > 192 > 64 > 192 > 64 > 192 > 64 > 192 > 64 > 193 > 1,4 > 36 > 4 > 0 > 128 > 0,0,+0x1228 secondary reaction timer observed; +0x1210 held instead of decrementing on one or more sampled frames
2026-07-28T15:49:28Z,539,709,170,P2-C1,P2,0x927EB9E0,17,Viewtiful Joe,hit,1,Action 1,1,Action 1,1 Action 1 > 66 Low Hitstun > 64 Standing Hitstun > 97 Launched > 91 Soft Knockdown > 160 Air Recovery > 30 Action 30 > 1 Action 1 > 64 Standing Hitstun > 1 Action 1 > 91 Soft Knockdown > 1 Action 1 > 91 Soft Knockdown > 30 Action 30 > 64 Standing Hitstun > 75 Crumple > 66 Low Hitstun > 64 Standing Hitstun > 97 Launched > 91 Soft Knockdown > 160 Air Recovery > 1 Action 1 > 91 Soft Knockdown > 66 Low Hitstun > 64 Standing Hitstun > 97 Launched > 91 Soft Knockdown > 160 Air Recovery > 30 Action 30 > 64 Standing Hitstun > 1 Action 1 > 64 Standing Hitstun > 97 Launched > 91 Soft Knockdown > 160 Air Recovery > 1 Action 1 > 64 Standing Hitstun > 1 Action 1,hitstun > knockdown > air_recovery > hitstun > knockdown > hitstun > knockdown > hitstun > knockdown > hitstun > knockdown > air_recovery > hitstun > knockdown > hitstun > knockdown > air_recovery > hitstun > knockdown > air_recovery > hitstun > neutral,0,0,21,21,7424,5,1,103,True,False,True,9,,20,170,0x00000000,40 > 0 > 39 > 37 > 27 > 20 > 16 > 0 > 38 > 0 > 30 > 13 > 0 > 39 > 29 > 40 > 33 > 23 > 16 > 38 > 25 > 6 > 35 > 20 > 12 > 39 > 0 > 40 > 0 > 29 > 0 > 36 > 0 > 31 > 0 > 40 > 31 > 38 > 34 > 25 > 17 > 9 > 40 > 33 > 26 > 11 > 1 > 32 > 25 > 16 > 13 > 8 > 39 > 29 > 19 > 11 > 7 > 2 > 38 > 33 > 28 > 24 > 15 > 3 > 37 > 0 > 40 > 31 > 20 > 11,0,0 > 8 > 0 > 8 > 0 > 8 > 0 > 32 > 160 > 168 > 0 > 8 > 168 > 8 > 0 > 160 > 168 > 8 > 0 > 8 > 0 > 8 > 0 > 8 > 0 > 8 > 40 > 168 > 0 > 8 > 0 > 8 > 0 > 8 > 0 > 8 > 0 > 8 > 32 > 40 > 8 > 168 > 8 > 0 > 8 > 0 > 8 > 40 > 160 > 168 > 0 > 8 > 168,0 > 64 > 192 > 64 > 192 > 64 > 192 > 193 > 1 > 0 > 1 > 64 > 192 > 64 > 192 > 64 > 192 > 1 > 64 > 0 > 192 > 64 > 192 > 193 > 1 > 64 > 192 > 0 > 64 > 192 > 193 > 1 > 0 > 1 > 0 > 64 > 192 > 193 > 1 > 0 > 1,0 > 4 > 0 > 128 > 0 > 4 > 0 > 4 > 0 > 128 > 0 > 4 > 0 > 128 > 4 > 0 > 4 > 0 > 128 > 0 > 4 > 0,0,+0x1228 secondary reaction timer observed; +0x1210 held instead of decrementing on one or more sampled frames
2026-07-28T16:13:16Z,759,16632,15873,P2-C1,P2,0x927EB9E0,17,Viewtiful Joe,hit,1,Action 1,1,Action 1,1 Action 1 > 89 Spiral Knockdown > 102 Knockdown Face Up > 113 Get Up Face Up > 1 Action 1 > 64 Standing Hitstun > 1 Action 1 > 64 Standing Hitstun > 91 Soft Knockdown > 160 Air Recovery > 1 Action 1 > 64 Standing Hitstun > 1 Action 1,hitstun > knockdown > wakeup > hitstun > neutral > hitstun > knockdown > air_recovery > hitstun > neutral,1,0,21,21,255488,4,0,15859,True,True,True,1,12,15847,15873,0x00000000,35 > 0 > 36 > 32 > 26 > 22 > 36 > 32 > 26 > 22 > 16 > 12 > 6 > 2 > 37 > 31 > 28 > 21 > 17 > 12 > 40 > 33 > 25 > 18 > 10 > 1 > 35 > 31 > 26 > 22 > 17 > 13 > 4 > 31 > 19 > 5 > 34 > 26 > 18 > 12 > 8 > 3 > 39 > 34 > 30 > 25 > 21 > 15 > 11 > 6 > 2 > 37 > 32 > 28 > 23 > 19 > 14 > 10 > 5 > 1 > 36 > 32 > 27 > 21 > 17 > 12 > 8 > 2 > 39 > 33 > 30 > 25 > 19 > 16 > 11 > 7 > 2 > 39 > 33 > 29 > 24 > 20 > 14 > 11 > 6 > 2 > 37 > 31 > 28 > 23 > 19 > 14 > 10 > 5 > 1 > 36 > 32 > 27 > 21 > 17 > 11 > 6 > 2 > 37 > 33 > 28 > 24 > 19 > 15 > 10 > 7 > 2 > 37 > 33 > 26 > 22 > 17 > 13 > 8 > 4 > 39 > 36 > 31 > 27 > 22 > 18 > 13 > 8 > 4 > 39 > 35 > 30 > 26 > 21 > 17 > 12 > 6 > 2 > 38 > 34 > 29 > 25 > 20 > 16 > 11 > 7 > 1 > 35 > 31 > 25 > 19 > 14 > 8 > 2 > 38 > 32 > 27 > 23 > 16 > 13 > 8 > 4 > 39 > 35 > 29 > 24 > 20 > 15 > 11 > 6 > 2 > 37 > 29 > 26 > 21 > 17 > 12 > 8 > 2 > 36 > 33 > 27 > 21 > 18 > 13 > 9 > 4 > 40 > 35 > 31 > 26 > 23 > 17 > 14 > 5 > 39 > 35 > 30 > 26 > 21 > 17 > 12 > 8 > 3 > 39 > 34 > 28 > 24 > 19 > 16 > 11 > 7 > 1 > 38 > 33 > 29 > 24 > 20 > 15 > 11 > 6 > 2 > 37 > 33 > 28 > 24 > 18 > 15 > 10 > 4 > 40 > 34 > 30 > 24 > 18 > 15 > 9 > 6 > 1 > 35 > 31 > 26 > 22 > 17 > 13 > 7 > 1 > 37 > 32 > 28 > 23 > 19 > 14 > 11 > 5 > 40 > 36 > 31 > 25 > 21 > 16 > 13 > 7 > 4 > 38 > 35 > 29 > 26 > 20 > 15 > 11 > 6 > 2 > 37 > 33 > 28 > 25 > 20 > 16 > 9 > 4 > 40 > 34 > 30 > 25 > 21 > 15 > 10 > 7 > 2 > 38 > 33 > 29 > 24 > 20 > 15 > 11 > 6 > 2 > 37 > 33 > 28 > 23 > 18 > 13 > 9 > 4 > 40 > 35 > 31 > 26 > 22 > 17 > 13 > 8 > 2 > 39 > 34 > 30 > 25 > 21 > 16 > 13 > 7 > 3 > 38 > 35 > 30 > 26 > 21 > 17 > 12 > 9 > 4 > 40 > 35 > 31 > 26 > 22 > 17 > 14 > 9 > 5 > 40 > 36 > 31 > 27 > 22 > 17 > 13 > 7 > 3 > 38 > 34 > 29 > 19 > 14 > 10 > 5 > 39 > 35 > 27 > 23 > 17 > 14 > 9 > 3 > 39 > 34 > 30 > 24 > 19 > 15 > 10 > 6 > 1 > 37 > 32 > 28 > 23 > 19 > 14 > 10 > 5 > 1 > 36 > 32 > 27 > 23 > 18 > 12 > 9 > 4 > 40 > 35 > 31 > 25 > 20 > 16 > 11 > 7 > 2 > 38 > 32 > 27 > 23 > 17 > 14 > 8 > 5 > 39 > 34 > 30 > 25 > 21 > 16 > 12 > 7 > 3 > 37 > 32 > 28 > 22 > 19 > 14 > 10 > 5 > 1 > 36 > 32 > 28 > 23 > 18 > 13 > 10 > 4 > 1 > 35 > 31 > 25 > 20 > 17 > 11 > 7 > 2 > 38 > 33 > 27 > 23 > 18 > 14 > 9 > 6 > 40 > 34 > 31 > 26 > 22 > 14 > 9 > 5 > 40 > 36 > 31 > 27 > 21 > 17 > 12 > 9 > 3 > 38 > 34 > 28 > 25 > 20 > 16 > 11 > 8 > 2 > 39 > 34 > 30 > 24 > 21 > 16 > 12 > 6 > 3 > 37 > 33 > 28 > 25 > 20 > 16 > 11 > 8 > 2 > 37 > 33 > 28 > 24 > 19 > 15 > 10 > 6 > 40 > 37 > 32 > 25 > 20 > 15 > 10 > 6 > 1 > 36 > 31 > 28 > 23 > 17 > 13 > 8 > 4 > 40 > 31 > 28 > 22 > 19 > 14 > 10 > 5 > 40 > 36 > 31 > 27 > 21 > 17 > 12 > 6 > 3 > 38 > 34 > 28 > 25 > 19 > 15 > 10 > 6 > 1 > 38 > 32 > 29 > 24 > 18 > 14 > 8 > 3 > 39 > 34 > 30 > 25 > 21 > 16 > 12 > 7 > 1 > 37 > 32 > 28 > 23 > 19 > 13 > 9 > 4 > 38 > 35 > 29 > 26 > 21 > 17 > 12 > 9 > 4 > 40 > 35 > 31 > 25 > 21 > 15 > 11 > 6 > 40 > 37 > 32 > 28 > 23 > 20 > 14 > 11 > 5 > 1 > 36 > 33 > 27 > 22 > 18 > 13 > 9 > 4 > 40 > 35 > 31 > 26 > 20 > 17 > 12 > 8 > 3 > 39 > 34 > 31 > 25 > 22 > 16 > 13 > 8 > 4 > 39 > 35 > 30 > 24 > 20 > 15 > 12 > 7 > 3 > 38 > 34 > 28 > 22 > 18 > 13 > 9 > 4 > 40 > 35 > 30 > 26 > 21 > 18 > 13 > 9 > 3 > 40 > 34 > 31 > 25 > 21 > 16 > 11 > 7 > 1 > 37 > 31 > 24 > 20 > 15 > 12 > 6 > 3 > 36 > 31 > 27 > 22 > 18 > 13 > 8 > 3 > 37 > 33 > 29 > 25 > 20 > 16 > 11 > 7 > 1 > 35 > 31 > 25 > 20 > 14 > 8 > 3 > 35 > 29 > 21 > 15 > 8 > 40 > 34 > 30 > 24 > 21 > 15 > 11 > 6 > 1 > 37 > 31 > 28 > 22 > 16 > 13 > 7 > 3 > 37 > 34 > 28 > 23 > 19 > 14 > 10 > 4 > 38 > 34 > 28 > 25 > 19 > 13 > 10 > 4 > 39 > 33 > 26 > 22 > 16 > 10 > 6 > 39 > 35 > 28 > 23 > 19 > 13 > 8 > 2 > 37 > 32 > 26 > 19 > 14 > 9 > 2 > 38 > 32 > 25 > 20 > 14 > 8 > 3 > 37 > 30 > 27 > 21 > 17 > 11 > 5 > 1 > 35 > 31 > 25 > 19 > 14 > 7 > 1 > 36 > 30 > 23 > 19 > 13 > 8 > 4 > 38 > 31 > 27 > 22 > 18 > 13 > 5 > 1 > 35 > 29 > 25 > 20 > 16 > 10 > 6 > 1 > 36 > 32 > 26 > 22 > 17 > 9 > 5 > 39 > 34 > 30 > 25 > 21 > 16 > 12 > 7 > 3 > 36 > 31 > 27 > 21 > 18 > 12 > 8 > 2 > 36 > 33 > 28 > 24 > 18 > 15 > 9 > 4 > 40 > 35 > 31 > 26 > 22 > 17 > 13 > 7 > 1 > 37 > 32 > 29 > 23 > 20 > 15 > 11 > 5 > 40 > 36 > 31 > 27 > 22 > 17 > 11 > 6 > 3 > 37 > 33 > 28 > 25 > 19 > 15 > 10 > 6 > 1 > 35 > 32 > 27 > 22 > 17 > 11 > 7 > 2 > 38 > 33 > 28 > 23 > 17 > 13 > 7 > 4 > 38 > 33 > 30 > 24 > 20 > 14 > 10 > 4 > 1 > 35 > 30 > 27 > 21 > 18 > 12 > 8 > 3 > 40 > 34 > 28 > 24 > 18 > 13 > 9 > 4 > 40 > 35 > 31 > 26 > 22 > 17 > 13 > 7 > 2 > 38 > 33 > 29 > 24 > 18 > 14 > 9 > 5 > 40 > 37 > 32 > 27 > 21 > 18 > 12 > 8 > 3 > 39 > 34 > 28 > 24 > 19 > 14 > 10 > 4 > 40 > 35 > 31 > 26 > 22 > 17 > 12 > 8 > 3 > 39 > 34 > 30 > 24 > 18 > 14 > 9 > 6 > 40 > 36 > 31 > 28 > 22 > 18 > 12 > 6 > 2 > 37 > 33 > 27 > 21 > 18 > 13 > 9 > 3 > 40 > 34 > 29 > 25 > 19 > 16 > 11 > 7 > 2 > 38 > 32 > 27 > 23 > 18 > 14 > 8 > 5 > 39 > 35 > 30 > 26 > 21 > 17 > 12 > 8 > 3 > 36 > 32 > 26 > 22 > 17 > 11 > 7 > 2 > 38 > 33 > 29 > 24 > 19 > 10 > 5 > 31 > 26 > 19 > 12 > 7 > 40 > 35 > 31 > 26 > 22 > 16 > 13 > 7 > 1 > 38 > 32 > 28 > 23 > 21 > 9 > 4 > 39 > 35 > 30 > 26 > 20 > 17 > 11 > 7 > 2 > 35 > 31 > 25 > 22 > 16 > 13 > 8 > 4 > 39 > 35 > 30 > 26 > 21 > 17 > 12 > 8 > 2 > 39 > 33 > 27 > 24 > 19 > 15 > 10 > 6 > 1 > 37 > 31 > 27 > 22 > 18 > 13 > 7 > 3 > 38 > 34 > 28 > 23 > 19 > 13 > 10 > 4 > 40 > 35 > 31 > 26 > 20 > 17 > 11 > 7 > 1 > 35 > 29 > 25 > 20 > 16 > 10 > 6 > 1 > 37 > 32 > 28 > 23 > 17 > 12 > 5 > 40 > 36 > 32 > 29 > 23 > 19 > 14 > 9 > 5 > 40 > 36 > 31 > 27 > 21 > 17 > 11 > 5 > 1 > 36 > 32 > 27 > 21 > 17 > 12 > 8 > 3 > 38 > 33 > 29 > 23 > 17 > 13 > 8 > 2 > 36 > 31 > 27 > 23 > 19 > 15 > 8 > 4 > 39 > 35 > 30 > 25 > 20 > 15 > 10 > 6 > 1 > 37 > 32 > 26 > 22 > 17 > 13 > 8 > 4 > 39 > 35 > 29 > 23 > 18 > 14 > 10 > 6 > 2 > 39 > 33 > 29 > 22 > 15 > 11 > 5 > 1 > 36 > 29 > 25 > 19 > 15 > 9 > 4 > 40 > 26 > 15 > 8 > 4 > 37 > 31 > 27 > 22 > 18 > 12 > 8 > 2 > 37 > 33 > 28 > 24 > 18 > 15 > 10 > 4 > 40 > 32 > 25 > 21 > 16 > 12 > 7 > 3 > 38 > 32 > 28 > 23 > 19 > 14 > 10 > 4 > 1 > 35 > 30 > 24 > 17 > 11 > 7 > 2 > 36 > 31 > 25 > 22 > 17 > 13 > 7 > 1 > 37 > 31 > 26 > 22 > 15 > 12 > 6 > 1 > 37 > 32 > 28 > 23 > 19 > 14 > 10 > 3 > 37 > 33 > 28 > 24 > 18 > 12 > 7 > 2 > 38 > 33 > 29 > 24 > 19 > 14 > 8 > 4 > 39 > 35 > 30 > 26 > 21 > 18 > 12 > 7 > 4 > 39 > 34 > 29 > 25 > 20 > 14 > 10 > 5 > 1 > 36 > 32 > 27 > 23 > 18 > 13 > 9 > 4 > 40 > 35 > 31 > 26 > 20 > 16 > 11 > 7 > 2 > 38 > 33 > 28 > 24 > 19 > 15 > 10 > 7 > 1 > 38 > 33 > 29 > 23 > 19 > 14 > 10 > 5 > 1 > 36 > 33 > 28 > 24 > 19 > 14 > 10 > 5 > 2 > 36 > 33 > 27 > 22 > 17 > 11 > 7 > 6 > 40 > 34 > 29 > 22 > 14 > 7 > 36 > 33 > 26 > 22 > 15 > 8 > 4 > 37 > 31 > 26 > 19 > 12 > 8 > 1 > 34 > 30 > 23 > 17 > 12 > 6 > 39 > 35 > 29 > 22 > 17 > 10 > 3 > 39 > 32 > 26 > 20 > 13 > 7 > 40 > 36 > 29 > 21 > 14 > 9 > 2 > 36 > 31 > 24 > 17 > 12 > 6 > 40 > 35 > 29 > 22 > 17 > 10 > 4 > 40 > 32 > 26 > 21 > 15 > 8 > 4 > 38 > 31 > 26 > 19 > 12 > 8 > 1 > 34 > 30 > 23 > 17 > 12 > 6 > 39 > 35 > 28 > 20 > 16 > 9 > 3 > 39 > 32 > 26 > 21 > 15 > 8 > 4 > 37 > 30 > 25 > 19 > 12 > 7 > 39 > 31 > 24 > 16 > 12 > 5 > 38 > 30 > 25 > 19 > 12 > 7 > 1 > 34 > 30 > 24 > 17 > 12 > 6 > 40 > 35 > 28 > 20 > 15 > 8 > 1 > 33 > 28 > 20 > 9 > 2 > 34 > 29 > 23 > 17 > 12 > 6 > 40 > 35 > 28 > 22 > 17 > 11 > 5 > 40 > 33 > 27 > 23 > 16 > 10 > 5 > 39 > 33 > 28 > 22 > 15 > 11 > 4 > 37 > 29 > 24 > 18 > 11 > 7 > 1 > 34 > 30 > 24 > 17 > 13 > 7 > 39 > 35 > 28 > 22 > 17 > 10 > 4 > 40 > 33 > 27 > 22 > 15 > 9 > 4 > 37 > 30 > 26 > 20 > 13 > 9 > 2 > 36 > 31 > 25 > 19 > 14 > 8 > 1 > 37 > 30 > 23 > 19 > 12 > 6 > 1 > 34 > 28 > 23 > 17 > 10 > 5 > 38 > 31 > 27 > 20 > 14 > 10 > 3 > 37 > 33 > 26 > 20 > 15 > 9 > 2 > 38 > 32 > 25 > 21 > 14 > 8 > 4 > 37 > 31 > 26 > 20 > 13 > 8 > 2 > 35 > 31 > 25 > 18 > 14 > 7 > 1 > 37 > 31 > 24 > 20 > 13 > 7 > 2 > 35 > 28 > 24 > 18 > 12 > 7 > 1 > 34 > 30 > 24 > 17 > 12 > 5 > 39 > 34 > 28 > 21 > 17 > 11 > 4 > 40 > 34 > 27 > 23 > 17 > 10 > 5 > 39 > 33 > 23 > 19 > 12 > 5 > 1 > 34 > 27 > 22 > 12 > 7 > 1 > 34 > 30 > 23 > 17 > 13 > 7 > 1 > 36 > 28 > 21 > 17 > 10 > 3 > 39 > 33 > 26 > 22 > 16 > 9 > 4 > 38 > 32 > 28 > 21 > 14 > 10 > 3 > 37 > 32 > 26 > 19 > 15 > 9 > 2 > 37 > 31 > 24 > 20 > 13 > 7 > 2 > 36 > 29 > 25 > 19 > 12 > 8 > 2 > 35 > 31 > 24 > 17 > 12 > 6 > 39 > 35 > 29 > 23 > 18 > 12 > 5 > 1 > 35 > 28 > 23 > 16 > 10 > 6 > 40 > 33 > 28 > 22 > 15 > 11 > 4 > 37 > 32 > 25 > 17 > 13 > 6 > 40 > 36 > 29 > 23 > 19 > 12 > 6 > 2 > 36 > 29 > 24 > 17 > 10 > 6 > 39 > 32 > 28 > 21 > 15 > 10 > 4 > 38 > 33 > 26 > 19 > 15 > 8 > 2 > 38 > 32 > 25 > 21 > 15 > 9 > 4 > 38 > 31 > 26 > 20 > 13 > 8 > 2 > 36 > 32 > 26 > 19 > 15 > 9 > 3 > 38 > 31 > 24 > 20 > 13 > 7 > 3 > 36 > 30 > 25 > 19 > 12 > 8 > 1 > 34 > 30 > 23 > 17 > 13 > 7 > 40 > 36 > 30 > 23 > 19 > 13 > 7 > 3 > 37 > 33 > 27 > 22 > 18 > 12 > 8 > 2 > 36 > 32 > 26 > 19 > 14 > 8 > 2 > 38 > 31 > 26 > 21 > 15 > 10 > 6 > 1 > 37 > 31 > 25 > 22 > 16 > 12 > 5 > 39 > 34 > 29 > 23 > 19 > 13 > 9 > 3 > 38 > 33 > 27 > 21 > 17 > 11 > 5 > 1 > 35 > 29 > 22 > 19 > 15 > 9 > 1 > 36 > 30 > 25 > 21 > 15 > 10 > 3 > 36 > 31 > 25 > 18 > 14 > 8 > 1 > 33 > 29 > 23 > 16 > 8 > 3 > 37 > 30 > 26 > 20 > 13 > 8 > 2 > 37 > 30 > 23 > 16 > 11 > 4 > 38 > 31 > 26 > 19 > 12 > 8 > 1 > 35 > 30 > 24 > 18 > 13 > 6 > 39 > 33 > 28 > 22 > 16 > 11 > 5 > 1 > 35 > 28 > 22 > 17 > 10 > 3 > 39 > 33 > 27 > 22 > 16 > 7 > 40 > 36 > 29 > 21 > 14 > 10 > 4 > 38 > 33 > 27 > 21 > 16 > 10 > 3 > 39 > 32 > 27 > 22 > 16 > 9 > 4 > 38 > 31 > 27 > 20 > 14 > 9 > 4 > 37 > 33 > 26 > 19 > 14 > 7 > 1 > 36 > 30 > 26 > 20 > 14 > 10 > 4 > 37 > 32 > 25 > 18 > 14 > 8 > 2 > 38 > 32 > 25 > 21 > 14 > 7 > 3 > 35 > 30 > 25 > 19 > 12 > 7 > 38 > 31 > 27 > 20 > 14 > 10 > 4 > 38 > 33 > 26 > 20 > 15 > 9 > 2 > 38 > 31 > 26 > 21 > 14 > 8 > 4 > 37 > 30 > 25 > 18 > 12 > 8 > 2 > 38 > 31 > 25 > 20 > 14 > 8 > 4 > 37 > 31 > 26 > 20 > 14 > 10 > 4 > 38 > 34 > 27 > 21 > 16 > 11 > 7 > 1 > 34 > 29 > 24 > 17 > 13 > 7 > 40 > 36 > 31 > 24 > 20 > 13 > 8 > 4 > 38 > 34 > 28 > 22 > 18 > 12 > 8 > 2 > 38 > 32 > 27 > 23 > 17 > 13 > 7 > 40 > 36 > 30 > 25 > 21 > 15 > 12 > 6 > 1 > 37 > 31 > 27 > 22 > 18 > 12 > 6 > 2 > 36 > 30 > 26 > 20 > 14 > 10 > 4 > 39 > 35 > 29 > 25 > 19 > 15 > 9 > 4 > 39 > 33 > 27 > 23 > 18 > 14 > 8 > 3 > 38 > 33 > 29 > 23 > 19 > 13 > 7 > 3 > 36 > 30 > 26 > 20 > 15 > 11 > 6 > 2 > 36 > 30 > 26 > 20 > 14 > 10 > 5 > 40 > 34 > 28 > 24 > 19 > 15 > 9 > 4 > 40 > 34 > 30 > 25 > 21 > 16 > 9 > 4 > 38 > 32 > 27 > 21 > 15 > 10 > 4 > 38 > 33 > 27 > 22 > 18 > 12 > 8 > 2 > 36 > 32 > 26 > 20 > 16 > 10 > 6 > 1 > 35 > 31 > 25 > 21 > 16 > 10 > 6 > 39 > 36 > 30 > 24 > 20 > 15 > 11 > 5 > 1 > 35 > 29 > 25 > 20 > 16 > 10 > 3 > 39 > 34 > 30 > 24 > 18 > 14 > 9 > 5 > 39 > 35 > 30 > 24 > 21 > 15 > 10 > 3 > 38 > 34 > 28 > 22 > 18 > 13 > 9 > 3 > 40 > 34 > 28 > 24 > 18 > 12 > 8 > 2 > 36 > 32 > 27 > 23 > 17 > 12 > 8 > 2 > 38 > 33 > 29 > 24 > 20 > 14 > 7 > 3 > 37 > 31 > 28 > 21 > 18 > 12 > 8 > 2 > 37 > 33 > 26 > 19 > 15 > 9 > 3 > 39 > 34 > 29 > 24 > 20 > 14 > 8 > 4 > 39 > 35 > 29 > 22 > 0 > 33 > 13 > 0 > 31 > 0 > 37 > 19 > 10 > 37 > 28 > 20 > 9 > 39 > 23 > 14 > 8 > 38 > 28 > 17 > 3 > 29 > 22 > 7 > 33 > 20 > 10 > 0 > 35 > 20,0,160 > 0 > 160 > 168 > 8 > 168 > 8 > 168 > 160 > 168 > 160 > 168 > 8 > 160,1 > 64 > 192 > 0 > 1 > 0 > 1 > 0 > 1 > 0 > 64 > 192 > 193 > 1 > 0 > 1,0 > 4 > 0 > 4 > 0 > 4 > 0 > 4 > 0,0,+0x1228 secondary reaction timer observed; +0x1210 held instead of decrementing on one or more sampled frames
2026-07-28T17:42:42Z,0,163,163,P2-C1,P2,0x927EB9E0,1,Ken the Eagle,hit,1,Action 1,1,Action 1,1 Action 1 > 64 Standing Hitstun > 66 Low Hitstun > 64 Standing Hitstun > 96 Soft Knockdown > 102 Knockdown Face Up > 113 Get Up Face Up > 1 Action 1 > 64 Standing Hitstun > 66 Low Hitstun > 64 Standing Hitstun > 1 Action 1,hitstun > knockdown > wakeup > hitstun > neutral,0,0,21,21,255488,4,0,146,True,True,False,140,146,,163,0x00000000,15 > 39 > 11 > 40 > 31 > 24 > 18 > 13 > 9 > 4 > 40 > 36 > 30 > 25 > 21 > 17 > 12 > 8 > 3 > 39 > 35 > 31 > 27 > 22 > 18 > 14 > 9 > 5 > 40 > 35 > 27 > 20 > 15 > 12 > 8 > 4 > 40 > 36 > 32 > 27 > 22 > 17 > 12 > 8 > 3 > 39 > 35 > 31 > 26 > 22 > 18 > 14 > 10 > 6 > 2 > 38 > 34 > 30 > 25 > 21 > 17 > 13 > 9 > 5 > 1 > 36 > 32 > 28 > 24 > 20 > 16 > 12 > 8 > 5 > 13 > 9 > 5 > 1 > 37 > 33 > 27 > 22 > 18 > 14 > 10 > 6 > 2 > 38 > 34 > 31 > 27 > 23 > 19 > 15 > 12 > 8 > 4 > 40 > 36 > 32 > 28 > 24 > 20 > 16 > 12 > 8 > 5 > 1 > 37 > 33 > 28 > 24 > 20 > 17 > 13 > 9 > 5 > 1 > 37 > 33 > 29 > 25 > 21 > 17 > 13 > 9 > 5 > 1 > 37 > 34 > 29 > 25 > 22 > 18 > 14 > 0 > 39 > 31 > 34 > 20 > 0 > 39 > 24 > 12 > 3,0,160 > 168 > 8 > 0 > 8 > 0 > 8 > 160 > 8 > 0 > 8 > 168 > 160,1 > 0 > 64 > 192 > 0 > 1 > 0 > 1,0 > 4 > 0 > 4 > 0 > 4 > 0,0,+0x1228 secondary reaction timer observed; +0x1210 held instead of decrementing on one or more sampled frames
2026-07-28T21:50:40Z,0,22854,22854,P2-C1,P2,0x927EB9E0,1,Ken the Eagle,hit,1,Action 1,1,Action 1,1 Action 1 > 89 Spiral Knockdown > 102 Knockdown Face Up > 113 Get Up Face Up > 1 Action 1 > 65 Overhead Hitstun > 64 Standing Hitstun > 66 Low Hitstun > 64 Standing Hitstun > 96 Soft Knockdown > 102 Knockdown Face Up > 113 Get Up Face Up > 1 Action 1 > 64 Standing Hitstun > 66 Low Hitstun > 64 Standing Hitstun > 66 Low Hitstun > 64 Standing Hitstun > 96 Soft Knockdown > 91 Soft Knockdown > 81 Bounce Launch > 82 Bounce Off > 91 Soft Knockdown > 80 Hard Knockdown > 91 Soft Knockdown > 80 Hard Knockdown > 4609 Action 4609 > 91 Soft Knockdown > 80 Hard Knockdown > 91 Soft Knockdown > 64 Standing Hitstun > 4609 Action 4609 > 102 Knockdown Face Up > 113 Get Up Face Up > 1 Action 1 > 64 Standing Hitstun > 1 Action 1,hitstun > knockdown > wakeup > hitstun > knockdown > wakeup > hitstun > knockdown > hitstun > knockdown > hitstun > knockdown > wakeup > hitstun > neutral,0,0,21,21,255488,4,1,22804,True,True,False,21,28,,22854,0x00000000,20 > 37 > 25 > 8 > 39 > 32 > 26 > 21 > 17 > 13 > 9 > 5 > 2 > 38 > 34 > 30 > 26 > 22 > 17 > 8 > 40 > 0 > 31 > 40 > 35 > 31 > 20 > 5 > 32 > 21 > 0 > 36 > 18 > 30 > 13 > 4 > 35 > 29 > 24 > 20 > 15 > 11 > 7 > 2 > 37 > 33 > 28 > 16 > 7 > 39 > 29 > 20 > 13 > 7 > 3 > 39 > 35 > 30 > 26 > 21 > 17 > 12 > 8 > 39 > 35 > 30 > 26 > 21 > 16 > 6 > 36 > 25 > 17 > 10 > 6 > 2 > 38 > 34 > 30 > 26 > 22 > 18 > 14 > 9 > 5 > 1 > 37 > 31 > 26 > 22 > 18 > 14 > 9 > 5 > 40 > 36 > 32 > 27 > 23 > 19 > 15 > 10 > 7 > 3 > 38 > 33 > 28 > 23 > 18 > 13 > 9 > 4 > 40 > 35 > 31 > 27 > 23 > 19 > 15 > 11 > 6 > 0 > 39 > 30 > 23 > 37 > 34 > 29 > 24 > 19 > 14 > 10 > 5 > 39 > 34 > 29 > 24 > 20 > 15 > 4 > 37 > 30 > 24 > 18 > 10 > 3 > 31 > 23 > 14 > 5 > 36 > 26 > 16 > 9 > 4 > 39 > 33 > 28 > 22 > 17 > 13 > 7 > 35 > 23 > 9 > 36 > 27 > 18 > 5 > 39 > 35 > 30 > 26 > 21 > 18 > 12 > 6 > 2 > 37 > 32 > 28 > 24 > 20 > 16 > 12 > 7 > 3 > 38 > 33 > 29 > 24 > 21 > 15 > 10 > 7 > 2 > 38 > 34 > 30 > 25 > 21 > 16 > 11 > 8 > 2 > 37 > 32 > 28 > 23 > 18 > 13 > 8 > 4 > 40 > 35 > 31 > 27 > 23 > 18 > 14 > 10 > 5 > 1 > 37 > 34 > 30 > 25 > 21 > 15 > 11 > 6 > 1 > 36 > 31 > 26 > 21 > 16 > 13 > 8 > 4 > 40 > 36 > 32 > 27 > 24 > 19 > 12 > 7 > 3 > 39 > 35 > 31 > 27 > 22 > 17 > 13 > 7 > 3 > 37 > 32 > 28 > 23 > 16 > 11 > 6 > 1 > 36 > 31 > 27 > 22 > 19 > 14 > 10 > 6 > 2 > 37 > 33 > 27 > 22 > 17 > 13 > 8 > 4 > 39 > 34 > 28 > 23 > 18 > 11 > 6 > 2 > 37 > 34 > 29 > 24 > 21 > 15 > 11 > 6 > 2 > 37 > 34 > 29 > 25 > 20 > 17 > 12 > 7 > 2 > 37 > 31 > 26 > 22 > 17 > 13 > 4 > 36 > 30 > 26 > 20 > 15 > 11 > 6 > 2 > 37 > 32 > 28 > 22 > 18 > 13 > 8 > 3 > 37 > 31 > 26 > 22 > 16 > 12 > 7 > 3 > 38 > 32 > 27 > 22 > 16 > 12 > 6 > 1 > 37 > 32 > 26 > 21 > 14 > 6 > 1 > 37 > 31 > 25 > 20 > 15 > 9 > 5 > 39 > 34 > 30 > 26 > 22 > 17 > 11 > 7 > 2 > 37 > 33 > 27 > 22 > 18 > 13 > 8 > 4 > 39 > 35 > 30 > 24 > 20 > 15 > 10 > 6 > 40 > 35 > 31 > 26 > 22 > 17 > 12 > 8 > 3 > 37 > 33 > 27 > 21 > 16 > 11 > 6 > 26 > 18 > 2 > 36 > 27 > 18 > 11 > 4 > 37 > 27 > 23 > 18 > 13 > 1 > 37 > 32 > 17 > 13 > 40 > 33 > 28 > 21 > 13 > 7 > 1 > 37 > 32 > 27 > 22 > 18 > 13 > 7 > 1 > 34 > 32 > 17 > 13 > 8 > 3 > 39 > 34 > 30 > 25 > 20 > 16 > 11 > 6 > 1 > 36 > 32 > 27 > 23 > 18 > 12 > 8 > 3 > 37 > 33 > 28 > 22 > 18 > 13 > 7 > 3 > 38 > 33 > 29 > 24 > 20 > 15 > 11 > 6 > 1 > 37 > 32 > 29 > 24 > 19 > 15 > 9 > 5 > 40 > 35 > 31 > 26 > 22 > 17 > 14 > 9 > 4 > 40 > 35 > 31 > 26 > 21 > 17 > 12 > 7 > 3 > 38 > 34 > 29 > 25 > 20 > 15 > 11 > 6 > 2 > 37 > 32 > 28 > 23 > 18 > 14 > 9 > 4 > 40 > 35 > 31 > 26 > 22 > 17 > 12 > 9 > 3 > 38 > 34 > 29 > 25 > 20 > 15 > 11 > 6 > 2 > 38 > 33 > 29 > 24 > 20 > 15 > 11 > 7 > 2 > 38 > 33 > 29 > 24 > 20 > 15 > 10 > 5 > 1 > 37 > 32 > 27 > 23 > 18 > 13 > 8 > 2 > 37 > 33 > 28 > 23 > 19 > 14 > 9 > 5 > 40 > 35 > 31 > 26 > 21 > 17 > 12 > 8 > 3 > 38 > 34 > 29 > 25 > 19 > 14 > 10 > 4 > 39 > 35 > 30 > 26 > 22 > 16 > 12 > 7 > 2 > 38 > 33 > 28 > 23 > 18 > 13 > 9 > 3 > 38 > 34 > 29 > 25 > 20 > 15 > 11 > 7 > 2 > 37 > 32 > 28 > 23 > 17 > 13 > 8 > 4 > 40 > 35 > 31 > 26 > 22 > 17 > 13 > 8 > 4 > 40 > 35 > 30 > 24 > 19 > 15 > 11 > 7 > 2 > 38 > 33 > 28 > 24 > 20 > 16 > 11 > 7 > 2 > 37 > 33 > 28 > 23 > 19 > 14 > 10 > 5 > 40 > 36 > 31 > 27 > 23 > 19 > 14 > 9 > 5 > 40 > 35 > 31 > 26 > 21 > 17 > 12 > 8 > 4 > 40 > 35 > 30 > 26 > 20 > 16 > 12 > 7 > 3 > 38 > 34 > 28 > 23 > 19 > 14 > 11 > 6 > 1 > 37 > 32 > 28 > 23 > 19 > 15 > 9 > 5 > 40 > 35 > 31 > 25 > 21 > 16 > 11 > 7 > 2 > 38 > 33 > 30 > 25 > 20 > 16 > 11 > 7 > 2 > 37 > 32 > 27 > 22 > 17 > 13 > 8 > 3 > 39 > 34 > 30 > 25 > 20 > 16 > 12 > 8 > 2 > 37 > 33 > 28 > 24 > 19 > 15 > 11 > 6 > 2 > 37 > 32 > 28 > 23 > 19 > 15 > 10 > 6 > 1 > 35 > 31 > 26 > 20 > 16 > 11 > 6 > 2 > 37 > 34 > 29 > 24 > 20 > 15 > 11 > 6 > 1 > 36 > 31 > 25 > 21 > 16 > 11 > 7 > 2 > 37 > 33 > 28 > 24 > 19 > 14 > 10 > 5 > 39 > 35 > 29 > 24 > 20 > 15 > 9 > 2 > 37 > 32 > 27 > 23 > 19 > 15 > 9 > 4 > 40 > 35 > 31 > 26 > 22 > 17 > 13 > 8 > 4 > 39 > 35 > 31 > 27 > 22 > 18 > 13 > 8 > 4 > 39 > 34 > 30 > 25 > 20 > 16 > 11 > 8 > 3 > 39 > 34 > 30 > 26 > 21 > 17 > 11 > 8 > 3 > 37 > 34 > 29 > 25 > 20 > 17 > 12 > 8 > 3 > 39 > 35 > 30 > 26 > 21 > 16 > 10 > 5 > 1 > 36 > 31 > 28 > 23 > 18 > 13 > 7 > 2 > 38 > 33 > 30 > 25 > 20 > 16 > 11 > 7 > 1 > 36 > 31 > 27 > 23 > 18 > 14 > 10 > 5 > 40 > 36 > 31 > 26 > 22 > 17 > 12 > 8 > 2 > 38 > 34 > 29 > 25 > 20 > 16 > 12 > 8 > 3 > 38 > 34 > 29 > 26 > 21 > 17 > 12 > 8 > 3 > 38 > 34 > 30 > 26 > 21 > 17 > 12 > 7 > 2 > 38 > 34 > 29 > 24 > 20 > 15 > 10 > 6 > 1 > 35 > 31 > 26 > 22 > 17 > 12 > 8 > 3 > 38 > 34 > 30 > 25 > 20 > 15 > 11 > 6 > 2 > 37 > 33 > 28 > 23 > 19 > 14 > 10 > 5 > 40 > 36 > 31 > 27 > 22 > 17 > 13 > 8 > 4 > 39 > 34 > 30 > 25 > 21 > 16 > 11 > 7 > 3 > 39 > 34 > 30 > 25 > 20 > 16 > 12 > 8 > 3 > 39 > 34 > 30 > 26 > 21 > 17 > 12 > 8 > 3 > 38 > 34 > 29 > 24 > 20 > 15 > 12 > 7 > 3 > 39 > 34 > 30 > 25 > 21 > 16 > 11 > 7 > 3 > 39 > 34 > 30 > 25 > 20 > 16 > 11 > 7 > 3 > 39 > 34 > 31 > 26 > 22 > 17 > 13 > 9 > 5 > 40 > 35 > 31 > 26 > 20 > 17 > 12 > 8 > 3 > 38 > 34 > 30 > 26 > 21 > 18 > 13 > 9 > 4 > 40 > 35 > 30 > 25 > 21 > 16 > 12 > 8 > 4 > 39 > 35 > 30 > 25 > 21 > 16 > 13 > 8 > 4 > 39 > 34 > 30 > 24 > 19 > 15 > 9 > 3 > 39 > 34 > 30 > 25 > 20 > 16 > 11 > 7 > 2 > 38 > 34 > 28 > 24 > 19 > 16 > 11 > 7 > 2 > 37 > 33 > 28 > 23 > 19 > 14 > 9 > 4 > 38 > 33 > 28 > 23 > 19 > 14 > 10 > 5 > 1 > 36 > 29 > 24 > 20 > 15 > 10 > 6 > 40 > 36 > 31 > 26 > 22 > 17 > 13 > 9 > 4 > 40 > 35 > 31 > 26 > 22 > 17 > 12 > 8 > 3 > 38 > 34 > 29 > 25 > 20 > 15 > 11 > 6 > 1 > 37 > 32 > 28 > 23 > 18 > 14 > 9 > 4 > 40 > 35 > 31 > 26 > 21 > 17 > 12 > 8 > 3 > 38 > 34 > 29 > 26 > 21 > 17 > 12 > 7 > 3 > 38 > 33 > 29 > 25 > 21 > 16 > 12 > 7 > 4 > 39 > 35 > 30 > 25 > 21 > 17 > 13 > 8 > 3 > 39 > 34 > 30 > 25 > 22 > 17 > 13 > 8 > 3 > 39 > 35 > 31 > 26 > 21 > 17 > 12 > 7 > 3 > 38 > 34 > 29 > 25 > 21 > 16 > 12 > 7 > 4 > 39 > 35 > 30 > 25 > 22 > 17 > 13 > 8 > 2 > 38 > 34 > 30 > 25 > 20 > 16 > 11 > 7 > 2 > 39 > 34 > 29 > 25 > 20 > 14 > 10 > 5 > 1 > 37 > 32 > 28 > 23 > 19 > 14 > 9 > 5 > 40 > 37 > 32 > 28 > 23 > 18 > 14 > 9 > 5 > 40 > 36 > 31 > 26 > 23 > 18 > 14 > 9 > 4 > 40 > 36 > 32 > 27 > 23 > 18 > 13 > 9 > 4 > 39 > 35 > 30 > 26 > 21 > 18 > 13 > 9 > 4 > 40 > 36 > 31 > 27 > 21 > 16 > 12 > 7 > 3 > 38 > 33 > 29 > 24 > 19 > 15 > 10 > 6 > 1 > 38 > 33 > 27 > 23 > 17 > 11 > 8 > 3 > 39 > 34 > 29 > 24 > 19 > 14 > 10 > 5 > 40 > 36 > 31 > 27 > 22 > 16 > 12 > 7 > 1 > 37 > 33 > 29 > 24 > 19 > 15 > 10 > 6 > 1 > 36 > 32 > 27 > 21 > 17 > 12 > 8 > 4 > 39 > 35 > 30 > 27 > 22 > 18 > 13 > 8 > 4 > 39 > 35 > 30 > 26 > 21 > 16 > 12 > 7 > 3 > 39 > 35 > 30 > 25 > 21 > 16 > 12 > 8 > 4 > 39 > 34 > 30 > 25 > 21 > 16 > 11 > 7 > 2 > 38 > 33 > 30 > 25 > 20 > 16 > 11 > 7 > 2 > 38 > 33 > 28 > 24 > 19 > 15 > 11 > 6 > 2 > 37 > 33 > 28 > 25 > 20 > 15 > 11 > 6 > 2 > 37 > 32 > 28 > 23 > 19 > 14 > 9 > 5 > 40 > 36 > 32 > 27 > 23 > 18 > 14 > 9 > 5 > 40 > 35 > 31 > 26 > 21 > 17 > 13 > 8 > 4 > 39 > 35 > 30 > 26 > 21 > 17 > 13 > 9 > 4 > 39 > 34 > 29 > 24 > 20 > 15 > 11 > 6 > 3 > 38 > 32 > 29 > 25 > 21 > 17 > 12 > 6 > 2 > 37 > 32 > 28 > 23 > 19 > 14 > 10 > 5 > 39 > 32 > 28 > 23 > 18 > 14 > 9 > 5 > 39 > 34 > 30 > 25 > 20 > 16 > 11 > 6 > 2 > 37 > 33 > 28 > 22 > 18 > 13 > 7 > 3 > 37 > 32 > 28 > 23 > 18 > 14 > 9 > 5 > 40 > 36 > 31 > 27 > 22 > 18 > 13 > 9 > 4 > 39 > 35 > 30 > 25 > 20 > 15 > 11 > 6 > 2 > 37 > 32 > 28 > 23 > 18 > 14 > 8 > 3 > 39 > 34 > 31 > 26 > 21 > 17 > 12 > 7 > 3 > 38 > 34 > 29 > 25 > 20 > 15 > 11 > 6 > 1 > 37 > 32 > 28 > 23 > 18 > 14 > 9 > 5 > 1 > 36 > 32 > 27 > 24 > 18 > 13 > 9 > 4 > 40 > 36 > 31 > 27 > 22 > 18 > 13 > 9 > 5 > 40 > 36 > 31 > 26 > 22 > 17 > 12 > 8 > 3 > 39 > 35 > 31 > 26 > 23 > 18 > 13 > 9 > 4 > 40 > 35 > 31 > 27 > 22 > 17 > 12 > 8 > 4 > 39 > 35 > 30 > 26 > 21 > 16 > 12 > 8 > 4 > 39 > 35 > 31 > 25 > 21 > 16 > 11 > 7 > 2 > 39 > 34 > 28 > 24 > 20 > 16 > 11 > 6 > 2 > 37 > 33 > 28 > 23 > 19 > 14 > 10 > 5 > 40 > 36 > 32 > 28 > 23 > 18 > 14 > 9 > 5 > 40 > 35 > 31 > 26 > 21 > 17 > 12 > 8 > 4 > 40 > 35 > 30 > 26 > 21 > 16 > 12 > 7 > 3 > 38 > 33 > 28 > 23 > 18 > 13 > 8 > 3 > 39 > 34 > 30 > 25 > 21 > 17 > 12 > 8 > 3 > 38 > 33 > 28 > 22 > 19 > 14 > 10 > 5 > 40 > 36 > 31 > 27 > 21 > 16 > 13 > 8 > 4 > 39 > 33 > 29 > 24 > 21 > 16 > 12 > 7 > 3 > 39 > 35 > 30 > 25 > 21 > 16 > 12 > 7 > 2 > 38 > 33 > 29 > 24 > 20 > 15 > 11 > 7 > 2 > 37 > 33 > 28 > 25 > 20 > 16 > 11 > 6 > 2 > 37 > 31 > 27 > 22 > 18 > 14 > 9 > 5 > 40 > 36 > 32 > 27 > 23 > 18 > 14 > 10 > 4 > 40 > 35 > 30 > 26 > 21 > 17 > 13 > 9 > 4 > 37 > 33 > 28 > 23 > 19 > 14 > 11 > 5 > 40 > 36 > 31 > 27 > 22 > 17 > 14 > 9 > 5 > 40 > 35 > 32 > 27 > 23 > 18 > 13 > 9 > 4 > 40 > 35 > 31 > 27 > 22 > 18 > 13 > 9 > 4 > 40 > 36 > 31 > 27 > 22 > 18 > 13 > 8 > 3 > 38 > 33 > 30 > 25 > 21 > 16 > 13 > 8 > 4 > 39 > 34 > 30 > 25 > 21 > 17 > 11 > 7 > 2 > 38 > 33 > 28 > 24 > 20 > 16 > 10 > 5 > 1 > 37 > 33 > 28 > 23 > 19 > 14 > 10 > 5 > 40 > 35 > 30 > 26 > 20 > 15 > 10 > 5 > 40 > 36 > 31 > 25 > 21 > 15 > 10 > 5 > 40 > 35 > 31 > 25 > 19 > 15 > 10 > 4 > 39 > 35 > 30 > 26 > 21 > 17 > 12 > 7 > 3 > 38 > 34 > 30 > 25 > 21 > 16 > 12 > 6 > 1 > 37 > 33 > 29 > 24 > 19 > 14 > 9 > 4 > 40 > 35 > 29 > 25 > 20 > 17 > 12 > 7 > 3 > 38 > 32 > 27 > 22 > 16 > 12 > 7 > 2 > 38 > 33 > 29 > 25 > 20 > 16 > 11 > 8 > 3 > 39 > 34 > 30 > 25 > 20 > 16 > 11 > 6 > 3 > 38 > 34 > 29 > 26 > 21 > 16 > 12 > 7 > 3 > 38 > 34 > 29 > 24 > 19 > 15 > 10 > 5 > 2 > 37 > 33 > 28 > 24 > 19 > 14 > 10 > 5 > 2 > 37 > 32 > 28 > 22 > 17 > 13 > 8 > 4 > 39 > 35 > 31 > 26 > 22 > 17 > 13 > 9 > 4 > 40 > 35 > 30 > 26 > 21 > 16 > 12 > 7 > 3 > 38 > 33 > 29 > 25 > 21 > 16 > 12 > 7 > 2 > 38 > 33 > 28 > 23 > 19 > 15 > 10 > 5 > 1 > 37 > 33 > 28 > 23 > 19 > 14 > 10 > 5 > 1 > 36 > 31 > 26 > 22 > 18 > 14 > 9 > 5 > 40 > 36 > 31 > 27 > 23 > 18 > 14 > 9 > 4 > 39 > 34 > 29 > 24 > 20 > 16 > 11 > 7 > 2 > 38 > 33 > 28 > 24 > 19 > 15 > 10 > 6 > 40 > 35 > 31 > 26 > 22 > 17 > 13 > 9 > 4 > 40 > 35 > 30 > 26 > 21 > 16 > 12 > 7 > 2 > 38 > 33 > 29 > 24 > 21 > 16 > 9 > 3 > 40 > 35 > 31 > 26 > 22 > 18 > 14 > 8 > 3 > 39 > 34 > 30 > 25 > 20 > 16 > 12 > 8 > 3 > 38 > 34 > 29 > 26 > 21 > 17 > 12 > 6 > 2 > 38 > 34 > 29 > 24 > 20 > 15 > 11 > 7 > 2 > 38 > 33 > 29 > 24 > 21 > 16 > 10 > 6 > 1 > 36 > 32 > 28 > 24 > 19 > 15 > 11 > 6 > 2 > 37 > 33 > 28 > 24 > 19 > 15 > 10 > 5 > 1 > 36 > 33 > 28 > 23 > 19 > 14 > 11 > 6 > 2 > 37 > 34 > 29 > 24 > 20 > 14 > 9 > 6 > 1 > 37 > 32 > 28 > 24 > 20 > 15 > 11 > 7 > 2 > 38 > 33 > 28 > 24 > 19 > 14 > 10 > 5 > 1 > 36 > 32 > 28 > 23 > 19 > 15 > 10 > 6 > 1 > 37 > 32 > 27 > 22 > 17 > 12 > 8 > 4 > 40 > 35 > 31 > 26 > 22 > 18 > 13 > 9 > 5 > 1 > 36 > 32 > 27 > 22 > 18 > 12 > 9 > 4 > 39 > 35 > 30 > 26 > 21 > 16 > 12 > 7 > 3 > 38 > 33 > 28 > 23 > 17 > 13 > 8 > 3 > 39 > 34 > 31 > 26 > 21 > 17 > 12 > 8 > 3 > 38 > 34 > 29 > 25 > 20 > 15 > 11 > 6 > 2 > 38 > 34 > 28 > 23 > 18 > 14 > 10 > 6 > 40 > 36 > 31 > 25 > 22 > 17 > 13 > 8 > 3 > 39 > 35 > 31 > 26 > 22 > 17 > 14 > 9 > 5 > 40 > 36 > 31 > 26 > 22 > 17 > 14 > 9 > 5 > 40 > 36 > 32 > 27 > 24 > 19 > 14 > 10 > 4 > 40 > 35 > 30 > 26 > 21 > 17 > 12 > 8 > 3 > 38 > 34 > 29 > 24 > 20 > 15 > 11 > 6 > 1 > 37 > 32 > 28 > 23 > 18 > 15 > 10 > 5 > 1 > 36 > 32 > 27 > 23 > 18 > 13 > 9 > 4 > 39 > 34 > 30 > 26 > 21 > 16 > 12 > 7 > 3 > 38 > 33 > 30 > 25 > 21 > 17 > 12 > 7 > 2 > 38 > 33 > 30 > 25 > 20 > 16 > 12 > 8 > 3 > 39 > 35 > 30 > 26 > 21 > 17 > 12 > 7 > 39 > 35 > 31 > 27 > 22 > 17 > 13 > 8 > 4 > 40 > 35 > 31 > 26 > 23 > 17 > 12 > 8 > 3 > 39 > 34 > 29 > 25 > 20 > 17 > 11 > 7 > 3 > 38 > 34 > 29 > 25 > 20 > 14 > 10 > 5 > 40 > 36 > 31 > 27 > 22 > 18 > 13 > 9 > 4 > 1 > 36 > 31 > 26 > 21 > 16 > 12 > 7 > 3 > 38 > 33 > 29 > 25 > 21 > 16 > 12 > 6 > 1 > 37 > 32 > 27 > 23 > 18 > 14 > 9 > 4 > 40 > 36 > 30 > 26 > 21 > 17 > 12 > 9 > 4 > 39 > 34 > 29 > 23 > 18 > 13 > 8 > 4 > 39 > 35 > 30 > 26 > 22 > 17 > 13 > 8 > 4 > 39 > 34 > 27 > 17 > 6 > 38 > 33 > 27 > 22 > 16 > 12 > 7 > 2 > 38 > 33 > 29 > 24 > 19 > 15 > 10 > 6 > 1 > 37 > 33 > 28 > 24 > 19 > 15 > 10 > 6 > 1 > 37 > 32 > 27 > 23 > 18 > 14 > 10 > 6 > 1 > 37 > 33 > 28 > 24 > 19 > 15 > 11 > 7 > 2 > 37 > 33 > 28 > 24 > 19 > 14 > 10 > 5 > 1 > 37 > 32 > 28 > 23 > 19 > 14 > 11 > 6 > 2 > 37 > 32 > 28 > 23 > 19 > 14 > 9 > 5 > 40 > 36 > 32 > 28 > 23 > 19 > 14 > 10 > 6 > 1 > 37 > 32 > 28 > 23 > 18 > 14 > 9 > 5 > 40 > 36 > 32 > 27 > 23 > 19 > 13 > 9 > 4 > 39 > 35 > 30 > 26 > 21 > 16 > 12 > 8 > 4 > 39 > 35 > 30 > 26 > 22 > 17 > 13 > 8 > 3 > 39 > 34 > 30 > 25 > 22 > 17 > 12 > 8 > 3 > 39 > 34 > 29 > 25 > 20 > 16 > 11 > 6 > 2 > 37 > 33 > 28 > 23 > 19 > 14 > 9 > 5 > 40 > 36 > 31 > 26 > 22 > 18 > 14 > 9 > 4 > 40 > 35 > 31 > 26 > 21 > 18 > 13 > 9 > 4 > 1 > 36 > 32 > 27 > 23 > 19 > 14 > 10 > 5 > 1 > 35 > 29 > 24 > 20 > 14 > 6 > 2 > 37 > 32 > 28 > 22 > 17 > 13 > 9 > 5 > 40 > 35 > 31 > 27 > 23 > 18 > 14 > 9 > 4 > 40 > 35 > 30 > 27 > 22 > 17 > 12 > 7 > 4 > 39 > 35 > 30 > 25 > 21 > 17 > 13 > 8 > 4 > 39 > 36 > 31 > 26 > 22 > 17 > 13 > 8 > 3 > 39 > 34 > 30 > 25 > 21 > 16 > 11 > 7 > 2 > 37 > 33 > 28 > 24 > 19 > 14 > 10 > 5 > 1 > 36 > 31 > 27 > 22 > 17 > 13 > 8 > 4 > 39 > 35 > 30 > 25 > 21 > 15 > 11 > 7 > 2 > 38 > 33 > 29 > 25 > 20 > 16 > 11 > 8 > 2 > 39 > 34 > 30 > 25 > 21 > 16 > 10 > 7 > 2 > 38 > 32 > 27 > 23 > 18 > 11 > 7 > 2 > 37 > 32 > 27 > 22 > 18 > 13 > 9 > 4 > 39 > 35 > 30 > 26 > 21 > 18 > 13 > 8 > 4 > 39 > 34 > 29 > 24 > 20 > 15 > 10 > 6 > 2 > 36 > 32 > 27 > 23 > 18 > 13 > 9 > 4 > 39 > 35 > 29 > 24 > 19 > 14 > 9 > 4 > 39 > 35 > 30 > 25 > 21 > 16 > 13 > 7 > 3 > 39 > 34 > 29 > 24 > 19 > 16 > 11 > 7 > 2 > 38 > 34 > 29 > 25 > 20 > 15 > 11 > 6 > 2 > 37 > 32 > 28 > 23 > 19 > 14 > 10 > 6 > 1 > 37 > 32 > 28 > 23 > 18 > 15 > 10 > 6 > 1 > 37 > 32 > 27 > 22 > 18 > 13 > 9 > 4 > 40 > 36 > 31 > 27 > 22 > 17 > 13 > 8 > 5 > 40 > 34 > 30 > 25 > 20 > 15 > 11 > 7 > 2 > 38 > 33 > 28 > 25 > 20 > 16 > 11 > 7 > 2 > 38 > 33 > 28 > 24 > 19 > 15 > 10 > 5 > 2 > 37 > 33 > 28 > 24 > 19 > 15 > 11 > 6 > 2 > 37 > 32 > 28 > 23 > 18 > 14 > 9 > 5 > 1 > 37 > 32 > 27 > 23 > 18 > 14 > 9 > 3 > 38 > 34 > 29 > 24 > 20 > 14 > 6 > 39 > 34 > 28 > 23 > 19 > 14 > 9 > 5 > 40 > 35 > 30 > 25 > 19 > 15 > 11 > 7 > 2 > 36 > 32 > 27 > 22 > 18 > 13 > 5 > 1 > 36 > 30 > 26 > 21 > 17 > 12 > 7 > 3 > 38 > 33 > 29 > 24 > 19 > 15 > 10 > 6 > 1 > 35 > 31 > 26 > 21 > 17 > 12 > 8 > 3 > 38 > 34 > 29 > 25 > 20 > 15 > 11 > 5 > 40 > 36 > 31 > 27 > 22 > 17 > 13 > 8 > 4 > 38 > 33 > 28 > 23 > 17 > 13 > 8 > 3 > 39 > 34 > 29 > 24 > 19 > 13 > 9 > 3 > 39 > 35 > 30 > 26 > 20 > 15 > 11 > 6 > 1 > 37 > 32 > 28 > 23 > 18 > 14 > 9 > 4 > 40 > 35 > 31 > 26 > 21 > 16 > 11 > 6 > 2 > 37 > 31 > 27 > 21 > 15 > 8 > 4 > 37 > 32 > 28 > 22 > 16 > 12 > 6 > 40 > 36 > 30 > 25 > 21 > 16 > 10 > 6 > 1 > 35 > 31 > 26 > 21 > 17 > 12 > 8 > 2 > 37 > 32 > 27 > 21 > 17 > 12 > 6 > 2 > 36 > 31 > 26 > 19 > 13 > 9 > 4 > 38 > 34 > 28 > 23 > 19 > 14 > 8 > 4 > 39 > 33 > 29 > 24 > 19 > 15 > 9 > 5 > 40 > 34 > 29 > 23 > 17 > 10 > 5 > 40 > 35 > 31 > 26 > 21 > 17 > 12 > 8 > 3 > 38 > 34 > 28 > 23 > 19 > 13 > 8 > 4 > 39 > 34 > 30 > 25 > 21 > 16 > 10 > 6 > 1 > 36 > 32 > 26 > 21 > 16 > 11 > 6 > 2 > 36 > 31 > 27 > 21 > 16 > 12 > 7 > 2 > 38 > 33 > 27 > 23 > 18 > 12 > 8 > 3 > 38 > 34 > 29 > 23 > 19 > 14 > 10 > 5 > 1 > 36 > 31 > 27 > 21 > 16 > 12 > 7 > 2 > 38 > 33 > 28 > 24 > 19 > 14 > 10 > 5 > 1 > 36 > 31 > 26 > 21 > 15 > 11 > 6 > 1 > 36 > 31 > 26 > 22 > 17 > 13 > 8 > 4 > 39 > 34 > 30 > 25 > 21 > 15 > 10 > 6 > 1 > 35 > 31 > 26 > 21 > 17 > 12 > 7 > 3 > 38 > 34 > 29 > 23 > 19 > 14 > 9 > 5 > 39 > 34 > 30 > 24 > 19 > 14 > 9 > 4 > 40 > 35 > 27 > 22 > 17 > 12 > 7 > 2 > 37 > 33 > 28 > 23 > 19 > 14 > 10 > 5 > 40 > 36 > 31 > 27 > 22 > 16 > 12 > 7 > 3 > 38 > 33 > 29 > 24 > 20 > 15 > 10 > 6 > 1 > 36 > 32 > 26 > 22 > 17 > 12 > 8 > 3 > 38 > 33 > 28 > 24 > 18 > 13 > 9 > 4 > 40 > 35 > 30 > 26 > 20 > 15 > 11 > 6 > 2 > 36 > 31 > 27 > 22 > 16 > 12 > 7 > 1 > 37 > 32 > 28 > 23 > 18 > 13 > 8 > 3 > 39 > 34 > 29 > 25 > 20 > 14 > 10 > 5 > 40 > 36 > 31 > 27 > 21 > 16 > 12 > 7 > 3 > 38 > 34 > 30 > 25 > 21 > 16 > 11 > 7 > 2 > 38 > 33 > 29 > 24 > 19 > 15 > 10 > 5 > 40 > 35 > 30 > 26 > 22 > 18 > 13 > 9 > 4 > 39 > 35 > 30 > 25 > 21 > 15 > 10 > 6 > 2 > 38 > 33 > 29 > 24 > 20 > 16 > 11 > 7 > 2 > 39 > 34 > 30 > 25 > 20 > 16 > 10 > 5 > 1 > 37 > 33 > 28 > 24 > 19 > 13 > 9 > 4 > 39 > 35 > 30 > 24 > 20 > 15 > 11 > 6 > 2 > 37 > 32 > 28 > 23 > 18 > 14 > 9 > 5 > 1 > 37 > 32 > 28 > 23 > 17 > 13 > 9 > 4 > 40 > 35 > 32 > 26 > 23 > 18 > 13 > 9 > 4 > 40 > 35 > 30 > 25 > 20 > 15 > 11 > 6 > 2 > 37 > 32 > 28 > 23 > 19 > 14 > 9 > 5 > 1 > 37 > 32 > 26 > 22 > 17 > 13 > 8 > 3 > 39 > 34 > 29 > 26 > 21 > 17 > 12 > 7 > 3 > 39 > 35 > 30 > 24 > 20 > 15 > 11 > 6 > 1 > 37 > 32 > 28 > 23 > 18 > 14 > 8 > 3 > 39 > 34 > 29 > 24 > 19 > 14 > 10 > 5 > 40 > 36 > 31 > 26 > 22 > 17 > 13 > 8 > 3 > 39 > 34 > 29 > 24 > 19 > 13 > 9 > 4 > 39 > 35 > 30 > 26 > 21 > 16 > 12 > 7 > 2 > 38 > 34 > 29 > 24 > 18 > 14 > 9 > 5 > 40 > 35 > 31 > 27 > 23 > 18 > 13 > 9 > 4 > 40 > 36 > 30 > 26 > 21 > 16 > 12 > 7 > 40 > 36 > 31 > 27 > 22 > 17 > 13 > 8 > 4 > 39 > 35 > 31 > 25 > 20 > 17 > 11 > 8 > 3 > 38 > 34 > 29 > 25 > 20 > 15 > 11 > 5 > 39 > 34 > 29 > 24 > 19 > 14 > 9 > 5 > 40 > 35 > 31 > 26 > 22 > 17 > 13 > 9 > 4 > 40 > 35 > 30 > 26 > 20 > 15 > 11 > 6 > 2 > 38 > 33 > 29 > 24 > 20 > 15 > 11 > 6 > 1 > 36 > 31 > 25 > 21 > 16 > 12 > 7 > 2 > 38 > 33 > 30 > 25 > 21 > 16 > 11 > 7 > 2 > 39 > 34 > 29 > 24 > 19 > 14 > 10 > 5 > 2 > 37 > 32 > 28 > 23 > 19 > 15 > 10 > 6 > 1 > 37 > 32 > 27 > 22 > 17 > 12 > 8 > 3 > 39 > 34 > 29 > 26 > 21 > 17 > 12 > 7 > 2 > 38 > 33 > 28 > 23 > 18 > 13 > 9 > 4 > 39 > 34 > 30 > 25 > 21 > 16 > 11 > 7 > 2 > 36 > 32 > 27 > 21 > 17 > 12 > 7 > 3 > 38 > 34 > 29 > 25 > 20 > 15 > 11 > 6 > 2 > 37 > 33 > 28 > 23 > 19 > 13 > 8 > 4 > 38 > 33 > 29 > 24 > 21 > 16 > 11 > 7 > 2 > 36 > 32 > 27 > 22 > 17 > 13 > 9 > 4 > 39 > 36 > 31 > 27 > 22 > 18 > 13 > 8 > 4 > 39 > 36 > 31 > 25 > 21 > 16 > 11 > 8 > 3 > 39 > 34 > 29 > 25 > 21 > 17 > 12 > 8 > 3 > 39 > 34 > 29 > 25 > 20 > 16 > 11 > 6 > 3 > 38 > 33 > 29 > 25 > 20 > 15 > 11 > 7 > 3 > 38 > 33 > 28 > 23 > 19 > 14 > 9 > 6 > 1 > 37 > 32 > 27 > 23 > 18 > 15 > 10 > 4 > 1 > 36 > 32 > 26 > 21 > 17 > 12 > 7 > 3 > 38 > 34 > 29 > 25 > 21 > 16 > 12 > 7 > 3 > 38 > 33 > 29 > 24 > 19 > 15 > 10 > 6 > 1 > 36 > 32 > 27 > 24 > 18 > 13 > 10 > 5 > 1 > 36 > 31 > 26 > 21 > 16 > 12 > 7 > 3 > 38 > 33 > 29 > 24 > 21 > 15 > 11 > 7 > 2 > 38 > 33 > 27 > 23 > 18 > 13 > 9 > 4 > 39 > 35 > 30 > 26 > 21 > 17 > 12 > 7 > 3 > 38 > 32 > 28 > 23 > 17 > 13 > 9 > 5 > 40 > 35 > 31 > 26 > 22 > 17 > 12 > 8 > 3 > 38 > 34 > 28 > 23 > 19 > 13 > 8 > 4 > 39 > 34 > 29 > 24 > 20 > 15 > 10 > 6 > 1 > 37 > 32 > 27 > 23 > 18 > 13 > 9 > 4 > 40 > 35 > 31 > 27 > 23 > 18 > 13 > 9 > 4 > 36 > 32 > 27 > 21 > 18 > 13 > 9 > 4 > 40 > 35 > 31 > 27 > 22 > 18 > 13 > 8 > 4 > 39 > 34 > 29 > 24 > 18 > 14 > 10 > 6 > 1 > 37 > 32 > 27 > 23 > 18 > 15 > 10 > 5 > 1 > 36 > 32 > 27 > 22 > 18 > 13 > 9 > 4 > 39 > 35 > 30 > 26 > 21 > 16 > 12 > 7 > 4 > 39 > 34 > 30 > 24 > 21 > 16 > 12 > 7 > 3 > 38 > 33 > 29 > 24 > 20 > 15 > 11 > 6 > 1 > 37 > 32 > 27 > 23 > 18 > 14 > 9 > 4 > 1 > 35 > 30 > 27 > 22 > 17 > 12 > 8 > 3 > 38 > 34 > 29 > 23 > 19 > 14 > 9 > 5 > 40 > 34 > 30 > 25 > 21 > 17 > 13 > 8 > 3 > 38 > 33 > 28 > 24 > 19 > 14 > 10 > 5 > 1 > 35 > 31 > 27 > 23 > 18 > 13 > 10 > 5 > 40 > 36 > 30 > 25 > 21 > 16 > 12 > 8 > 3 > 38 > 33 > 28 > 24 > 19 > 13 > 9 > 5 > 40 > 36 > 31 > 25 > 21 > 16 > 11 > 7 > 2 > 38 > 33 > 28 > 24 > 19 > 15 > 11 > 6 > 2 > 37 > 32 > 27 > 22 > 18 > 13 > 9 > 5 > 40 > 36 > 31 > 27 > 23 > 19 > 14 > 9 > 5 > 1 > 36 > 32 > 27 > 23 > 18 > 13 > 9 > 4 > 40 > 35 > 31 > 27 > 22 > 18 > 13 > 10 > 5 > 1 > 36 > 32 > 27 > 22 > 18 > 13 > 8 > 5 > 40 > 36 > 31 > 27 > 23 > 19 > 14 > 9 > 6 > 1 > 37 > 32 > 27 > 23 > 18 > 14 > 10 > 6 > 1 > 37 > 32 > 28 > 24 > 19 > 15 > 10 > 5 > 1 > 36 > 31 > 27 > 22 > 18 > 13 > 8 > 4 > 39 > 34 > 30 > 25 > 21 > 16 > 11 > 8 > 3 > 39 > 34 > 29 > 25 > 20 > 15 > 11 > 6 > 3 > 38 > 34 > 28 > 24 > 20 > 15 > 12 > 6 > 1 > 37 > 32 > 27 > 23 > 18 > 14 > 10 > 5 > 1 > 36 > 32 > 27 > 23 > 18 > 13 > 9 > 4 > 40 > 35 > 30 > 26 > 21 > 16 > 13 > 8 > 4 > 39 > 35 > 30 > 25 > 21 > 16 > 12 > 6 > 35 > 27 > 19 > 11 > 3 > 35 > 28 > 23 > 17 > 10 > 5 > 39 > 32 > 25 > 18 > 13 > 6 > 40 > 21 > 10 > 40 > 31 > 22 > 17 > 12 > 6 > 1 > 35 > 29 > 24 > 19 > 14 > 9 > 2 > 36 > 31 > 25 > 19 > 14 > 7 > 1 > 35 > 30 > 24 > 19 > 14 > 9 > 4 > 39 > 32 > 25 > 18 > 12 > 7 > 39 > 32 > 26 > 17 > 9 > 2 > 35 > 29 > 23 > 17 > 11 > 6 > 39 > 32 > 28 > 22 > 17 > 13 > 8 > 3 > 39 > 33 > 27 > 20 > 13 > 7 > 40 > 34 > 28 > 24 > 18 > 14 > 8 > 3 > 38 > 32 > 27 > 22 > 16 > 11 > 6 > 40 > 35 > 31 > 25 > 19 > 15 > 9 > 4 > 39 > 34 > 28 > 23 > 17 > 12 > 7 > 1 > 35 > 31 > 25 > 20 > 15 > 10 > 4 > 40 > 34 > 28 > 24 > 19 > 13 > 9 > 4 > 38 > 34 > 28 > 23 > 19 > 13 > 8 > 3 > 38 > 33 > 28 > 23 > 18 > 13 > 8 > 3 > 39 > 34 > 28 > 24 > 18 > 13 > 8 > 3 > 37 > 33 > 27 > 20 > 15 > 9 > 3 > 39 > 33 > 27 > 23 > 17 > 12 > 7 > 2 > 36 > 32 > 26 > 21 > 17 > 11 > 7 > 2 > 37 > 33 > 27 > 22 > 18 > 12 > 7 > 3 > 38 > 34 > 29 > 24 > 20 > 15 > 11 > 1 > 36 > 31 > 25 > 21 > 16 > 9 > 5 > 39 > 32 > 25 > 20 > 14 > 9 > 2 > 35 > 31 > 25 > 20 > 16 > 11 > 5 > 40 > 34 > 28 > 20 > 15 > 11 > 6 > 2 > 37 > 33 > 27 > 22 > 18 > 13 > 7 > 3 > 38 > 33 > 29 > 24 > 20 > 15 > 11 > 6 > 1 > 34 > 29 > 24 > 19 > 14 > 10 > 5 > 1 > 36 > 32 > 27 > 23 > 18 > 13 > 10 > 5 > 39 > 35 > 30 > 25 > 21 > 16 > 11 > 7 > 2 > 38 > 33 > 29 > 24 > 19 > 15 > 10 > 6 > 1 > 36 > 32 > 27 > 23 > 18 > 14 > 9 > 4 > 40 > 35 > 30 > 26 > 21 > 17 > 11 > 1 > 34 > 29 > 24 > 19 > 13 > 8 > 2 > 36 > 29 > 24 > 19 > 13 > 9 > 4 > 39 > 35 > 29 > 24 > 20 > 15 > 11 > 6 > 1 > 37 > 32 > 28 > 22 > 17 > 13 > 8 > 3 > 40 > 34 > 30 > 24 > 19 > 14 > 9 > 4 > 40 > 35 > 30 > 26 > 21 > 15 > 11 > 6 > 2 > 37 > 32 > 27 > 22 > 17 > 13 > 8 > 4 > 39 > 34 > 30 > 25 > 21 > 16 > 12 > 7 > 2 > 38 > 33 > 28 > 24 > 19 > 14 > 10 > 5 > 40 > 36 > 31 > 27 > 22 > 17 > 13 > 8 > 3 > 39 > 34 > 30 > 25 > 19 > 15 > 10 > 5 > 40 > 36 > 32 > 28 > 23 > 19 > 14 > 10 > 5 > 1 > 36 > 31 > 27 > 22 > 17 > 13 > 8 > 4 > 39 > 34 > 30 > 24 > 20 > 15 > 10 > 5 > 40 > 35 > 31 > 25 > 22 > 17 > 12 > 8 > 3 > 39 > 34 > 29 > 25 > 20 > 16 > 12 > 7 > 2 > 37 > 33 > 28 > 23 > 19 > 14 > 9 > 5 > 40 > 36 > 31 > 27 > 22 > 17 > 13 > 9 > 5 > 39 > 34 > 30 > 25 > 20 > 16 > 11 > 7 > 3 > 38 > 34 > 29 > 25 > 20 > 15 > 11 > 6 > 1 > 36 > 31 > 26 > 22 > 17 > 12 > 8 > 3 > 39 > 34 > 29 > 25 > 20 > 15 > 11 > 6 > 40 > 36 > 31 > 28 > 23 > 18 > 14 > 9 > 4 > 39 > 34 > 31 > 26 > 22 > 17 > 11 > 7 > 2 > 36 > 32 > 27 > 22 > 18 > 12 > 7 > 3 > 38 > 34 > 30 > 25 > 21 > 16 > 10 > 5 > 40 > 35 > 31 > 26 > 21 > 17 > 12 > 8 > 3 > 38 > 34 > 29 > 25 > 20 > 14 > 10 > 4 > 40 > 36 > 31 > 27 > 22 > 18 > 13 > 8 > 3 > 38 > 33 > 28 > 21 > 17 > 11 > 6 > 1 > 36 > 30 > 22 > 16 > 11 > 3 > 37 > 32 > 27 > 21 > 15 > 8 > 39 > 31 > 21 > 12 > 7 > 35 > 25 > 9 > 2 > 34 > 27 > 22 > 15 > 8 > 2 > 33 > 28 > 17 > 10 > 39 > 29 > 20 > 12 > 7 > 40 > 33 > 25 > 18 > 12 > 8 > 2 > 36 > 32 > 27 > 21 > 17 > 12 > 7 > 3 > 38 > 33 > 29 > 21 > 13 > 6 > 39 > 33 > 28 > 23 > 17 > 9 > 34 > 23 > 16 > 12 > 4 > 36 > 28 > 20 > 14 > 10 > 4 > 39 > 34 > 29 > 23 > 19 > 12 > 6 > 2 > 36 > 30 > 26 > 21 > 15 > 11 > 6 > 1 > 36 > 29 > 22 > 16 > 11 > 6 > 1 > 37 > 31 > 27 > 22 > 17 > 12 > 7 > 1 > 37 > 32 > 27 > 23 > 18 > 12 > 8 > 3 > 39 > 34 > 28 > 24 > 19 > 13 > 9 > 4 > 40 > 36 > 30 > 26 > 20 > 15 > 11 > 5 > 2 > 36 > 31 > 27 > 22 > 18 > 13 > 7 > 3 > 38 > 33 > 29 > 23 > 18 > 14 > 8 > 3 > 39 > 33 > 28 > 24 > 19 > 13 > 10 > 5 > 1 > 36 > 30 > 26 > 21 > 16 > 12 > 7 > 2 > 37 > 32 > 26 > 22 > 15 > 9 > 4 > 39 > 33 > 28 > 23 > 17 > 12 > 7 > 2 > 37 > 31 > 25 > 20 > 15 > 9 > 5 > 38 > 32 > 27 > 22 > 16 > 12 > 7 > 2 > 38 > 33 > 27 > 23 > 18 > 12 > 8 > 2 > 37 > 32 > 27 > 22 > 18 > 12 > 7 > 3 > 38 > 34 > 29 > 24 > 20 > 15 > 9 > 5 > 40 > 34 > 30 > 25 > 20 > 16 > 11 > 7 > 2 > 38 > 33 > 27 > 20 > 15 > 10 > 5 > 40 > 35 > 29 > 25 > 20 > 13 > 9 > 4 > 39 > 34 > 29 > 24 > 20 > 14 > 9 > 4 > 39 > 34 > 30 > 24 > 19 > 15 > 10 > 5 > 40 > 35 > 31 > 25 > 20 > 16 > 11 > 5 > 1 > 35 > 30 > 26 > 21 > 16 > 11 > 6 > 1 > 37 > 32 > 28 > 23 > 18 > 14 > 9 > 4 > 38 > 33 > 29 > 24 > 19 > 15 > 10 > 5 > 1 > 36 > 31 > 27 > 22 > 18 > 13 > 8 > 3 > 38 > 33 > 29 > 24 > 19 > 14 > 9 > 5 > 1 > 36 > 32 > 27 > 22 > 18 > 13 > 7 > 3 > 38 > 33 > 29 > 24 > 20 > 15 > 10 > 6 > 1 > 36 > 33 > 28 > 24 > 19 > 14 > 10 > 5 > 39 > 35 > 29 > 24 > 20 > 15 > 10 > 5 > 40 > 36 > 31 > 27 > 22 > 17 > 13 > 8 > 2 > 38 > 32 > 26 > 22 > 16 > 10 > 6 > 40 > 35 > 31 > 26 > 21 > 16 > 11 > 6 > 2 > 37 > 33 > 28 > 23 > 18 > 13 > 8 > 4 > 39 > 35 > 30 > 25 > 21 > 16 > 10 > 6 > 1 > 36 > 31 > 26 > 21 > 17 > 11 > 7 > 2 > 37 > 33 > 28 > 24 > 18 > 13 > 9 > 3 > 38 > 34 > 29 > 24 > 20 > 15 > 11 > 6 > 1 > 37 > 32 > 28 > 23 > 17 > 13 > 8 > 2 > 38 > 33 > 28 > 23 > 18 > 12 > 7 > 2 > 37 > 33 > 26 > 19 > 13 > 8 > 3 > 38 > 34 > 29 > 24 > 19 > 14 > 10 > 6 > 40 > 37 > 32 > 28 > 22 > 16 > 9 > 4 > 39 > 33 > 30 > 23 > 16 > 12 > 7 > 1 > 37 > 32 > 27 > 22 > 17 > 11 > 7 > 2 > 37 > 31 > 25 > 20 > 15 > 6 > 1 > 35 > 31 > 26 > 19 > 12 > 4 > 37 > 32 > 26 > 20 > 16 > 11 > 5 > 1 > 35 > 29 > 25 > 20 > 14 > 10 > 5 > 1 > 36 > 31 > 27 > 22 > 17 > 13 > 8 > 4 > 40 > 35 > 30 > 25 > 19 > 16 > 10 > 7 > 2 > 37 > 34 > 29 > 25 > 20 > 16 > 11 > 6 > 2 > 37 > 34 > 29 > 25 > 20 > 14 > 10 > 6 > 2 > 37 > 32 > 28 > 23 > 19 > 15 > 10 > 6 > 1 > 38 > 33 > 29 > 24 > 19 > 15 > 10 > 8 > 40 > 36 > 30 > 25 > 20 > 16 > 12 > 8 > 3 > 39 > 34 > 29 > 23 > 18 > 13 > 9 > 2 > 36 > 33 > 28 > 22 > 18 > 13 > 8 > 3 > 36 > 30 > 26 > 21 > 16 > 12 > 7 > 4 > 39 > 35 > 30 > 26 > 21 > 17 > 13 > 8 > 5 > 40 > 37 > 32 > 27 > 23 > 17 > 12 > 8 > 4 > 40 > 36 > 32 > 27 > 23 > 19 > 14 > 10 > 5 > 1 > 37 > 33 > 28 > 23 > 19 > 14 > 10 > 5 > 1 > 37 > 32 > 29 > 24 > 20 > 16 > 11 > 7 > 2 > 39 > 34 > 30 > 25 > 21 > 16 > 12 > 8 > 3 > 40 > 35 > 30 > 26 > 22 > 18 > 13 > 10 > 5 > 2 > 37 > 32 > 28 > 23 > 18 > 13 > 8 > 5 > 40 > 35 > 31 > 26 > 21 > 17 > 12 > 8 > 3 > 40 > 35 > 30 > 26 > 21 > 17 > 12 > 7 > 4 > 39 > 36 > 31 > 28 > 23 > 19 > 15 > 11 > 6 > 3 > 38 > 35 > 29 > 24 > 20 > 15 > 10 > 7 > 2 > 38 > 34 > 30 > 26 > 22 > 18 > 12 > 8 > 3 > 39 > 35 > 30 > 26 > 21 > 17 > 12 > 7 > 3 > 38 > 35 > 30 > 27 > 22 > 19 > 14 > 10 > 6 > 2 > 38 > 34 > 28 > 24 > 19 > 15 > 10 > 6 > 2 > 37 > 34 > 29 > 25 > 21 > 17 > 12 > 8 > 4 > 40 > 35 > 31 > 25 > 20 > 17 > 12 > 8 > 4 > 40 > 36 > 31 > 27 > 22 > 18 > 14 > 10 > 5 > 2 > 37 > 33 > 29 > 24 > 20 > 15 > 11 > 7 > 3 > 38 > 34 > 29 > 24 > 21 > 16 > 12 > 8 > 4 > 40 > 36 > 30 > 26 > 22 > 17 > 12 > 8 > 4 > 40 > 36 > 31 > 27 > 23 > 18 > 15 > 9 > 6 > 1 > 38 > 33 > 28 > 24 > 19 > 15 > 11 > 7 > 2 > 37 > 33 > 28 > 25 > 20 > 16 > 12 > 7 > 4 > 39 > 35 > 31 > 27 > 22 > 17 > 13 > 8 > 5 > 40 > 36 > 32 > 28 > 23 > 19 > 15 > 10 > 6 > 2 > 38 > 33 > 28 > 24 > 19 > 15 > 10 > 5 > 2 > 37 > 33 > 28 > 25 > 20 > 16 > 11 > 8 > 3 > 40 > 35 > 31 > 26 > 21 > 17 > 12 > 9 > 4 > 1 > 36 > 32 > 27 > 24 > 19 > 15 > 11 > 6 > 3 > 38 > 34 > 30 > 26 > 21 > 17 > 13 > 9 > 4 > 40 > 36 > 32 > 28 > 24 > 20 > 15 > 12 > 7 > 3 > 38 > 33 > 28 > 23 > 19 > 15 > 11 > 6 > 2 > 38 > 34 > 29 > 25 > 20 > 15 > 12 > 7 > 4 > 39 > 35 > 30 > 27 > 22 > 17 > 13 > 8 > 4 > 40 > 35 > 31 > 27 > 23 > 19 > 15 > 10 > 7 > 2 > 38 > 33 > 28 > 24 > 20 > 16 > 11 > 8 > 3 > 40 > 35 > 32 > 27 > 23 > 19 > 14 > 10 > 6 > 2 > 37 > 33 > 28 > 24 > 19 > 15 > 11 > 7 > 3 > 39 > 35 > 31 > 27 > 22 > 19 > 14 > 9 > 5 > 40 > 36 > 32 > 28 > 23 > 19 > 15 > 12 > 7 > 2 > 39 > 34 > 30 > 26 > 22 > 17 > 14 > 9 > 5 > 1 > 36 > 32 > 27 > 22 > 18 > 13 > 9 > 4 > 1 > 37 > 33 > 28 > 24 > 20 > 16 > 12 > 8 > 4 > 39 > 34 > 29 > 25 > 21 > 17 > 13 > 8 > 4 > 40 > 36 > 32 > 28 > 24 > 19 > 15 > 10 > 7 > 2 > 37 > 33 > 28 > 24 > 20 > 16 > 12 > 7 > 4 > 39 > 35 > 30 > 25 > 22 > 17 > 13 > 9 > 5 > 40 > 36 > 31 > 27 > 23 > 17 > 13 > 9 > 5 > 40 > 37 > 33 > 29 > 24 > 21 > 16 > 12 > 8 > 3 > 39 > 34 > 30 > 25 > 22 > 17 > 14 > 9 > 6 > 1 > 38 > 33 > 29 > 25 > 21 > 17 > 12 > 9 > 4 > 40 > 36 > 31 > 27 > 23 > 20 > 15 > 11 > 7 > 3 > 38 > 34 > 30 > 26 > 21 > 18 > 14 > 10 > 5 > 1 > 36 > 31 > 27 > 23 > 19 > 14 > 10 > 6 > 2 > 38 > 34 > 29 > 25 > 21 > 16 > 13 > 8 > 4 > 39 > 35 > 30 > 24 > 21 > 16 > 13 > 8 > 5 > 40 > 37 > 32 > 28 > 24 > 19 > 15 > 11 > 6 > 1 > 37 > 32 > 28 > 23 > 20 > 15 > 11 > 7 > 3 > 39 > 35 > 30 > 26 > 22 > 17 > 13 > 9 > 4 > 40 > 35 > 32 > 27 > 23 > 18 > 13 > 10 > 5 > 1 > 37 > 33 > 29 > 25 > 21 > 17 > 13 > 9 > 4 > 39 > 35 > 30 > 26 > 21 > 17 > 13 > 8 > 5 > 40 > 37 > 32 > 28 > 23 > 20 > 15 > 10 > 6 > 1 > 37 > 33 > 29 > 24 > 21 > 15 > 11 > 8 > 4 > 40 > 35 > 31 > 26 > 23 > 18 > 14 > 9 > 3 > 38 > 33 > 27 > 24 > 19 > 14 > 9 > 4 > 40 > 34 > 29 > 25 > 20 > 16 > 12 > 7 > 3 > 38 > 34 > 29 > 26 > 21 > 16 > 13 > 8 > 4 > 40 > 36 > 32 > 28 > 23 > 20 > 15 > 12 > 7 > 3 > 38 > 33 > 29 > 25 > 21 > 17 > 13 > 8 > 5 > 40 > 36 > 32 > 28 > 24 > 19 > 16 > 11 > 7 > 3 > 39 > 34 > 30 > 26 > 22 > 17 > 12 > 9 > 4 > 40 > 35 > 32 > 27 > 24 > 19 > 15 > 11 > 7 > 2 > 37 > 33 > 28 > 24 > 20 > 15 > 11 > 7 > 3 > 39 > 35 > 31 > 27 > 23 > 19 > 14 > 11 > 6 > 2 > 37 > 33 > 29 > 26 > 21 > 17 > 13 > 9 > 4 > 1 > 36 > 32 > 27 > 24 > 19 > 16 > 11 > 6 > 2 > 37 > 32 > 28 > 24 > 20 > 15 > 12 > 7 > 3 > 39 > 35 > 31 > 27 > 23 > 19 > 15 > 11 > 6 > 2 > 37 > 32 > 28 > 24 > 20 > 16 > 12 > 8 > 4 > 40 > 36 > 32 > 28 > 23 > 20 > 15 > 11 > 6 > 1 > 37 > 33 > 29 > 25 > 21 > 17 > 13 > 9 > 5 > 40 > 36 > 31 > 28 > 23 > 19 > 14 > 9 > 5 > 40 > 35 > 32 > 27 > 24 > 19 > 15 > 11 > 7 > 3 > 39 > 35 > 31 > 26 > 23 > 18 > 14 > 10 > 6 > 1 > 36 > 32 > 28 > 24 > 20 > 16 > 12 > 8 > 3 > 40 > 34 > 29 > 25 > 20 > 15 > 8 > 4 > 40 > 36 > 31 > 27 > 23 > 19 > 15 > 11 > 7 > 2 > 39 > 34 > 30 > 26 > 22 > 18 > 13 > 8 > 5 > 40 > 36 > 32 > 27 > 24 > 19 > 15 > 11 > 7 > 2 > 39 > 34 > 30 > 26 > 22 > 17 > 12 > 8 > 3 > 39 > 34 > 31 > 26 > 22 > 18 > 14 > 10 > 6 > 2 > 38 > 34 > 29 > 26 > 21 > 17 > 12 > 7 > 2 > 39 > 34 > 30 > 26 > 22 > 18 > 13 > 10 > 5 > 1 > 36 > 32 > 28 > 24 > 20 > 14 > 10 > 5 > 40 > 36 > 32 > 28 > 24 > 20 > 15 > 11 > 7 > 4 > 39 > 35 > 31 > 27 > 23 > 19 > 14 > 9 > 5 > 40 > 36 > 32 > 28 > 24 > 19 > 15 > 10 > 7 > 2 > 38 > 34 > 30 > 26 > 21 > 17 > 13 > 8 > 3 > 39 > 34 > 30 > 26 > 22 > 17 > 13 > 9 > 4 > 40 > 35 > 31 > 26 > 21 > 17 > 12 > 8 > 3 > 39 > 35 > 30 > 27 > 22 > 18 > 13 > 10 > 5 > 1 > 37 > 32 > 29 > 24 > 19 > 14 > 9 > 5 > 40 > 35 > 31 > 26 > 22 > 17 > 13 > 9 > 5 > 1 > 37 > 33 > 28 > 24 > 19 > 14 > 10 > 5 > 1 > 37 > 33 > 29 > 25 > 19 > 13 > 8 > 5 > 40 > 36 > 31 > 26 > 22 > 17 > 13 > 8 > 3 > 39 > 34 > 29 > 25 > 20 > 16 > 12 > 8 > 4 > 39 > 35 > 31 > 27 > 21 > 17 > 13 > 7 > 3 > 39 > 34 > 30 > 22 > 15 > 9 > 4 > 38 > 33 > 29 > 23 > 19 > 14 > 9 > 5 > 40 > 35 > 31 > 26 > 22 > 17 > 12 > 8 > 2 > 34 > 27 > 23 > 18 > 12 > 8 > 3 > 40 > 35 > 30 > 27 > 22 > 19 > 14 > 9 > 2 > 35 > 30 > 25 > 20 > 15 > 11 > 6 > 40 > 36 > 31 > 26 > 22 > 17 > 13 > 6 > 37 > 27 > 20 > 13 > 2 > 33 > 25 > 17 > 12 > 6 > 40 > 35 > 30 > 24 > 20 > 15 > 9 > 5 > 40 > 35 > 31 > 26 > 21 > 17 > 12 > 8 > 3 > 38 > 34 > 29 > 24 > 19 > 14 > 9 > 4 > 38 > 34 > 29 > 24 > 20 > 15 > 11 > 6 > 2 > 38 > 34 > 29 > 24 > 19 > 14 > 10 > 6 > 2 > 37 > 34 > 29 > 26 > 21 > 16 > 13 > 8 > 4 > 40 > 36 > 32 > 28 > 23 > 19 > 15 > 11 > 6 > 2 > 38 > 33 > 30 > 25 > 22 > 17 > 14 > 9 > 6 > 1 > 36 > 33 > 28 > 24 > 19 > 16 > 11 > 8 > 3 > 40 > 35 > 32 > 27 > 23 > 19 > 15 > 10 > 7 > 2 > 39 > 34 > 30 > 25 > 20 > 17 > 12 > 8 > 3 > 39 > 35 > 30 > 26 > 22 > 18 > 13 > 9 > 4 > 39 > 34 > 29 > 25 > 21 > 17 > 12 > 9 > 5 > 1 > 36 > 32 > 27 > 24 > 19 > 14 > 11 > 6 > 3 > 38 > 35 > 31 > 27 > 22 > 18 > 13 > 10 > 5 > 1 > 37 > 33 > 29 > 24 > 20 > 16 > 12 > 8 > 4 > 39 > 36 > 32 > 28 > 23 > 19 > 15 > 11 > 7 > 3 > 39 > 35 > 31 > 28 > 23 > 20 > 15 > 12 > 8 > 4 > 40 > 36 > 32 > 27 > 23 > 18 > 14 > 10 > 6 > 2 > 38 > 34 > 30 > 26 > 21 > 18 > 13 > 10 > 5 > 2 > 37 > 34 > 29 > 26 > 21 > 17 > 12 > 8 > 4 > 39 > 36 > 32 > 28 > 24 > 20 > 15 > 11 > 7 > 2 > 38 > 34 > 30 > 25 > 21 > 15 > 12 > 7 > 3 > 39 > 35 > 31 > 27 > 23 > 19 > 15 > 10 > 7 > 2 > 39 > 34 > 31 > 26 > 21 > 17 > 12 > 7 > 3 > 38 > 34 > 30 > 26 > 22 > 18 > 14 > 11 > 6 > 3 > 38 > 34 > 30 > 26 > 22 > 18 > 13 > 9 > 4 > 1 > 36 > 33 > 28 > 25 > 21 > 17 > 13 > 9 > 5 > 1 > 37 > 32 > 29 > 24 > 21 > 16 > 13 > 7 > 2 > 39 > 35 > 31 > 26 > 23 > 18 > 15 > 11 > 7 > 3 > 39 > 35 > 32 > 27 > 24 > 19 > 16 > 11 > 7 > 3 > 39 > 35 > 31 > 27 > 23 > 19 > 14 > 11 > 6 > 3 > 38 > 35 > 30 > 26 > 22 > 18 > 13 > 9 > 5 > 2 > 37 > 34 > 29 > 26 > 21 > 18 > 14 > 10 > 6 > 2 > 38 > 34 > 30 > 27 > 22 > 18 > 14 > 9 > 6 > 1 > 38 > 34 > 30 > 26 > 22 > 18 > 14 > 10 > 6 > 2 > 39 > 34 > 31 > 26 > 23 > 18 > 15 > 10 > 6 > 2 > 38 > 33 > 30 > 25 > 22 > 17 > 12 > 9 > 5 > 1 > 36 > 33 > 28 > 25 > 20 > 17 > 12 > 8 > 4 > 40 > 36 > 32 > 28 > 24 > 20 > 15 > 12 > 8 > 4 > 39 > 36 > 32 > 28 > 24 > 20 > 16 > 12 > 7 > 3 > 38 > 33 > 28 > 23 > 18 > 14 > 9 > 5 > 1 > 37 > 33 > 29 > 25 > 21 > 17 > 13 > 8 > 4 > 40 > 35 > 31 > 27 > 23 > 19 > 15 > 11 > 7 > 2 > 39 > 34 > 31 > 26 > 23 > 18 > 14 > 10 > 6 > 1 > 38 > 33 > 29 > 25 > 21 > 17 > 13 > 9 > 5 > 2 > 37 > 34 > 30 > 26 > 22 > 18 > 13 > 10 > 5 > 2 > 37 > 34 > 30 > 26 > 22 > 18 > 14 > 10 > 6 > 3 > 38 > 34 > 30 > 26 > 22 > 18 > 14 > 10 > 5 > 2 > 38 > 34 > 30 > 26 > 22 > 18 > 14 > 10 > 6 > 2 > 38 > 34 > 30 > 27 > 22 > 19 > 14 > 10 > 6 > 2 > 38 > 34 > 30 > 27 > 22 > 19 > 15 > 11 > 7 > 3 > 39 > 35 > 30 > 27 > 22 > 18 > 11 > 5 > 40 > 35 > 31 > 26 > 21 > 17 > 11 > 8 > 3 > 40 > 35 > 32 > 27 > 23 > 18 > 14 > 9 > 5 > 1 > 34 > 24 > 17 > 10 > 2 > 35 > 29 > 22 > 14 > 5 > 32 > 22 > 14 > 8 > 3 > 37 > 32 > 27 > 22 > 17 > 12 > 7 > 3 > 37 > 32 > 28 > 22 > 15 > 11 > 5 > 40 > 36 > 31 > 26 > 22 > 16 > 11 > 5 > 39 > 33 > 29 > 23 > 18 > 13 > 8 > 2 > 38 > 32 > 26 > 19 > 15 > 8 > 2 > 37 > 32 > 25 > 20 > 16 > 11 > 6 > 2 > 37 > 32 > 27 > 22 > 18 > 12 > 7 > 3 > 37 > 31 > 27 > 22 > 17 > 13 > 8 > 2 > 38 > 33 > 29 > 23 > 17 > 13 > 8 > 2 > 38 > 32 > 27 > 22 > 16 > 10 > 6 > 1 > 35 > 31 > 26 > 20 > 14 > 10 > 4 > 39 > 35 > 29 > 21 > 16 > 11 > 6 > 1 > 36 > 30 > 26 > 21 > 15 > 11 > 6 > 40 > 36 > 31 > 26 > 20 > 15 > 8 > 4 > 37 > 31 > 26 > 21 > 15 > 9 > 5 > 40 > 34 > 30 > 24 > 20 > 15 > 10 > 5 > 40 > 34 > 29 > 23 > 18 > 13 > 5 > 39 > 32 > 28 > 22 > 16 > 9 > 5 > 40 > 34 > 30 > 24 > 19 > 15 > 8 > 2 > 36 > 31 > 26 > 20 > 16 > 9 > 2 > 36 > 32 > 26 > 21 > 17 > 12 > 7 > 3 > 37 > 31 > 26 > 20 > 14 > 10 > 5 > 1 > 36 > 31 > 27 > 22 > 19 > 14 > 10 > 4 > 39 > 35 > 30 > 23 > 19 > 14 > 7 > 3 > 38 > 33 > 29 > 24 > 19 > 14 > 9 > 5 > 39 > 33 > 29 > 24 > 18 > 14 > 8 > 2 > 37 > 32 > 25 > 20 > 14 > 8 > 3 > 37 > 30 > 26 > 20 > 15 > 10 > 4 > 38 > 33 > 27 > 22 > 12 > 2 > 34 > 26 > 22 > 15 > 10 > 5 > 40 > 35 > 30 > 25 > 20 > 15 > 9 > 2 > 34 > 30 > 25 > 20 > 17 > 11 > 6 > 2 > 37 > 32 > 28 > 22 > 16 > 12 > 6 > 39 > 35 > 29 > 24 > 20 > 15 > 10 > 6 > 40 > 34 > 30 > 23 > 17 > 13 > 7 > 2 > 37 > 31 > 26 > 20 > 14 > 8 > 2 > 38 > 31 > 25 > 18 > 13 > 8 > 3 > 38 > 33 > 28 > 24 > 19 > 13 > 8 > 3 > 38 > 33 > 28 > 24 > 18 > 12 > 7 > 3 > 37 > 31 > 27 > 22 > 17 > 12 > 7 > 2 > 38 > 32 > 27 > 23 > 18 > 11 > 6 > 1 > 36 > 31 > 26 > 21 > 17 > 12 > 8 > 3 > 39 > 34 > 29 > 24 > 20 > 14 > 9 > 5 > 40 > 35 > 31 > 26 > 22 > 17 > 12 > 8 > 3 > 40 > 35 > 31 > 25 > 19 > 13 > 7 > 2 > 36 > 31 > 26 > 21 > 16 > 11 > 6 > 2 > 37 > 33 > 27 > 22 > 18 > 12 > 7 > 2 > 37 > 33 > 28 > 23 > 19 > 14 > 8 > 4 > 39 > 33 > 29 > 24 > 20 > 15 > 9 > 5 > 40 > 36 > 31 > 26 > 21 > 16 > 10 > 5 > 1 > 36 > 30 > 26 > 21 > 15 > 10 > 5 > 40 > 35 > 30 > 24 > 20 > 15 > 9 > 5 > 39 > 34 > 30 > 24 > 18 > 14 > 6 > 39 > 34 > 29 > 24 > 18 > 14 > 9 > 4 > 40 > 34 > 29 > 25 > 20 > 14 > 10 > 5 > 40 > 36 > 30 > 25 > 21 > 15 > 10 > 5 > 40 > 35 > 31 > 26 > 21 > 16 > 11 > 6 > 2 > 36 > 32 > 27 > 22 > 18 > 13 > 8 > 4 > 39 > 34 > 30 > 25 > 19 > 15 > 10 > 4 > 40 > 35 > 30 > 26 > 21 > 16 > 12 > 7 > 1 > 37 > 32 > 28 > 23 > 17 > 13 > 8 > 2 > 38 > 33 > 29 > 22 > 19 > 14 > 9 > 4 > 40 > 35 > 30 > 26 > 20 > 15 > 10 > 5 > 1 > 36 > 30 > 26 > 21 > 16 > 12 > 7 > 2 > 38 > 33 > 28 > 23 > 18 > 13 > 8 > 3 > 39 > 34 > 29 > 24 > 19 > 14 > 10 > 5 > 40 > 36 > 30 > 25 > 20 > 15 > 10 > 6 > 1 > 35 > 31 > 26 > 21 > 16 > 11 > 6 > 2 > 36 > 31 > 26 > 21 > 15 > 11 > 6 > 1 > 37 > 31 > 26 > 22 > 17 > 12 > 7 > 2 > 37 > 33 > 27 > 22 > 17 > 12 > 6 > 2 > 36 > 31 > 27 > 22 > 17 > 12 > 7 > 2 > 38 > 32 > 27 > 22 > 17 > 12 > 8 > 2 > 38 > 33 > 28 > 24 > 18 > 13 > 9 > 4 > 39 > 34 > 29 > 23 > 19 > 14 > 10 > 5 > 40 > 35 > 30 > 25 > 21 > 16 > 12 > 7 > 2 > 37 > 32 > 27 > 22 > 17 > 12 > 8 > 3 > 39 > 34 > 29 > 25 > 19 > 14 > 10 > 3 > 37 > 32 > 27 > 21 > 17 > 12 > 7 > 2 > 38 > 34 > 29 > 23 > 19 > 14 > 9 > 5 > 40 > 34 > 30 > 24 > 19 > 15 > 10 > 4 > 40 > 35 > 30 > 26 > 21 > 16 > 12 > 7 > 1 > 36 > 31 > 27 > 22 > 17 > 13 > 8 > 4 > 38 > 33 > 28 > 24 > 19 > 15 > 10 > 5 > 40 > 34 > 29 > 25 > 19 > 14 > 10 > 6 > 40 > 36 > 31 > 25 > 21 > 16 > 11 > 6 > 1 > 35 > 31 > 26 > 20 > 16 > 10 > 5 > 1 > 36 > 30 > 26 > 21 > 17 > 12 > 6 > 1 > 36 > 30 > 26 > 21 > 17 > 12 > 6 > 2 > 37 > 32 > 28 > 22 > 17 > 13 > 7 > 1 > 36 > 31 > 25 > 21 > 16 > 10 > 6 > 1 > 36 > 31 > 26 > 22 > 17 > 11 > 6 > 1 > 36 > 32 > 27 > 20 > 16 > 11 > 6 > 2 > 36 > 31 > 27 > 22 > 17 > 13 > 7 > 2 > 38 > 32 > 28 > 23 > 18 > 14 > 9 > 4 > 40 > 34 > 29 > 25 > 20 > 15 > 10 > 4 > 40 > 35 > 30 > 26 > 21 > 15 > 11 > 6 > 2 > 37 > 32 > 28 > 23 > 17 > 12 > 7 > 2 > 37 > 32 > 27 > 23 > 18 > 14 > 9 > 4 > 40 > 34 > 29 > 25 > 20 > 15 > 10 > 5 > 40 > 36 > 31 > 27 > 21 > 16 > 11 > 7 > 2 > 38 > 33 > 29 > 23 > 18 > 13 > 8 > 3 > 38 > 33 > 28 > 24 > 19 > 14 > 10 > 5 > 1 > 35 > 30 > 26 > 21 > 15 > 11 > 5 > 40 > 36 > 31 > 25 > 21 > 16 > 11 > 7 > 2 > 36 > 32 > 27 > 22 > 18 > 12 > 7 > 3 > 38 > 33 > 29 > 24 > 20 > 14 > 9 > 5 > 40 > 36 > 31 > 26 > 22 > 16 > 11 > 7 > 1 > 35 > 31 > 26 > 21 > 17 > 12 > 7 > 3 > 37 > 32 > 28 > 22 > 17 > 12 > 7 > 2 > 37 > 32 > 27 > 23 > 17 > 12 > 8 > 3 > 38 > 33 > 27 > 22 > 17 > 12 > 7 > 2 > 37 > 33 > 27 > 22 > 18 > 12 > 7 > 3 > 37 > 32 > 28 > 22 > 16 > 12 > 7 > 3 > 37 > 32 > 28 > 23 > 18 > 14 > 8 > 3 > 39 > 34 > 30 > 25 > 19 > 15 > 10 > 4 > 40 > 35 > 30 > 26 > 21 > 16 > 12 > 7 > 3 > 37 > 32 > 27 > 22 > 16 > 12 > 7 > 2 > 38 > 33 > 27 > 23 > 18 > 14 > 9 > 4 > 40 > 34 > 29 > 25 > 19 > 14 > 10 > 5 > 1 > 35 > 30 > 26 > 21 > 16 > 12 > 7 > 2 > 38 > 32 > 27 > 23 > 17 > 12 > 8 > 3 > 39 > 34 > 29 > 25 > 20 > 16 > 11 > 5 > 1 > 36 > 30 > 26 > 21 > 16 > 12 > 7 > 1 > 37 > 32 > 28 > 23 > 18 > 14 > 8 > 3 > 39 > 33 > 28 > 23 > 18 > 13 > 9 > 3 > 38 > 34 > 29 > 23 > 19 > 14 > 10 > 5 > 40 > 35 > 30 > 25 > 21 > 16 > 11 > 6 > 1 > 37 > 32 > 28 > 23 > 17 > 12 > 8 > 3 > 37 > 32 > 27 > 22 > 18 > 12 > 7 > 3 > 37 > 33 > 28 > 22 > 17 > 12 > 6 > 1 > 36 > 31 > 26 > 21 > 16 > 12 > 6 > 1 > 37 > 31 > 26 > 22 > 17 > 11 > 7 > 1 > 36 > 32 > 27 > 22 > 17 > 11 > 6 > 2 > 37 > 32 > 27 > 22 > 17 > 13 > 7 > 1 > 37 > 31 > 27 > 22 > 17 > 12 > 7 > 2 > 38 > 33 > 29 > 24 > 17 > 13 > 8 > 2 > 38 > 33 > 28 > 23 > 18 > 13 > 9 > 4 > 40 > 35 > 30 > 25 > 20 > 15 > 11 > 5 > 40 > 36 > 31 > 27 > 22 > 16 > 12 > 7 > 3 > 38 > 32 > 28 > 23 > 18 > 14 > 8 > 3 > 39 > 34 > 28 > 24 > 19 > 14 > 10 > 5 > 40 > 36 > 30 > 25 > 21 > 16 > 11 > 6 > 1 > 37 > 32 > 26 > 22 > 17 > 12 > 8 > 3 > 37 > 33 > 28 > 23 > 19 > 13 > 8 > 4 > 38 > 32 > 28 > 23 > 17 > 13 > 8 > 2 > 37 > 32 > 26 > 21 > 15 > 9 > 5 > 39 > 33 > 29 > 23 > 17 > 13 > 7 > 1 > 37 > 31 > 25 > 21 > 15 > 9 > 4 > 39 > 34 > 30 > 25 > 19 > 15 > 10 > 6 > 1 > 35 > 31 > 26 > 21 > 17 > 11 > 6 > 1 > 36 > 31 > 27 > 21 > 16 > 12 > 7 > 2 > 38 > 33 > 29 > 23 > 18 > 14 > 8 > 4 > 39 > 33 > 29 > 24 > 19 > 15 > 9 > 4 > 40 > 35 > 29 > 25 > 20 > 14 > 10 > 4 > 39 > 35 > 30 > 25 > 21 > 15 > 10 > 7 > 1 > 36 > 32 > 27 > 22 > 17 > 12 > 6 > 2 > 37 > 32 > 28 > 22 > 17 > 13 > 8 > 3 > 39 > 33 > 29 > 24 > 19 > 14 > 9 > 4 > 39 > 34 > 29 > 25 > 20 > 15 > 11 > 5 > 1 > 36 > 31 > 27 > 22 > 16 > 12 > 7 > 1 > 37 > 32 > 27 > 22 > 17 > 12 > 8 > 3 > 37 > 33 > 28 > 23 > 19 > 13 > 8 > 4 > 39 > 34 > 30 > 25 > 19 > 15 > 10 > 5 > 1 > 36 > 31 > 26 > 21 > 15 > 11 > 6 > 2 > 37 > 31 > 27 > 22 > 17 > 13 > 8 > 2 > 38 > 33 > 28 > 24 > 18 > 12 > 8 > 3 > 38 > 34 > 29 > 23 > 19 > 14 > 10 > 5 > 40 > 36 > 31 > 26 > 21 > 15 > 11 > 6 > 1 > 37 > 32 > 27 > 22 > 17 > 12 > 8 > 2 > 37 > 33 > 27 > 21 > 17 > 11 > 6 > 2 > 37 > 31 > 27 > 22 > 17 > 12 > 7 > 1 > 37 > 31 > 24 > 17 > 12 > 7 > 1 > 37 > 32 > 26 > 22 > 16 > 11 > 7 > 1 > 36 > 29 > 25 > 20 > 16 > 10 > 5 > 1 > 36 > 31 > 27 > 22 > 18 > 12 > 7 > 3 > 38 > 33 > 28 > 23 > 17 > 13 > 8 > 2 > 38 > 32 > 27 > 24 > 18 > 13 > 9 > 4 > 39 > 34 > 29 > 23 > 19 > 14 > 10 > 5 > 40 > 36 > 31 > 25 > 21 > 16 > 12 > 7 > 2 > 36 > 31 > 27 > 21 > 16 > 12 > 7 > 2 > 38 > 33 > 28 > 24 > 18 > 13 > 9 > 4 > 40 > 35 > 29 > 25 > 20 > 15 > 11 > 6 > 2 > 37 > 31 > 27 > 22 > 17 > 13 > 7 > 2 > 37 > 32 > 27 > 22 > 17 > 12 > 8 > 3 > 37 > 33 > 28 > 23 > 19 > 14 > 10 > 4 > 38 > 34 > 29 > 24 > 20 > 15 > 10 > 6 > 1 > 36 > 31 > 26 > 22 > 17 > 11 > 7 > 2 > 37 > 32 > 27 > 22 > 18 > 13 > 9 > 4 > 39 > 34 > 29 > 25 > 20 > 16 > 11 > 6 > 1 > 36 > 31 > 27 > 21 > 16 > 11 > 6 > 1 > 37 > 32 > 27 > 22 > 17 > 12 > 8 > 2 > 37 > 32 > 27 > 22 > 18 > 12 > 7 > 3 > 38 > 33 > 28 > 23 > 17 > 12 > 7 > 1 > 36 > 31 > 25 > 21 > 16 > 12 > 6 > 1 > 37 > 32 > 26 > 22 > 17 > 11 > 7 > 2 > 36 > 32 > 27 > 22 > 18 > 13 > 8 > 4 > 39 > 33 > 29 > 24 > 19 > 15 > 9 > 4 > 40 > 35 > 31 > 26 > 21 > 17 > 12 > 8 > 3 > 37 > 33 > 28 > 23 > 19 > 13 > 8 > 3 > 38 > 33 > 29 > 24 > 20 > 15 > 10 > 6 > 1 > 36 > 32 > 27 > 23 > 18 > 12 > 8 > 3 > 38 > 34 > 29 > 24 > 20 > 15 > 9 > 5 > 40 > 35 > 31 > 26 > 21 > 16 > 11 > 6 > 2 > 37 > 31 > 27 > 21 > 15 > 9 > 4 > 39 > 34 > 30 > 25 > 21 > 15 > 10 > 6 > 1 > 36 > 32 > 27 > 23 > 18 > 13 > 9 > 4 > 39 > 35 > 30 > 26 > 20 > 15 > 10 > 5 > 40 > 35 > 30 > 25 > 21 > 15 > 10 > 6 > 1 > 35 > 31 > 25 > 20 > 15 > 10 > 5 > 40 > 36 > 30 > 26 > 21 > 16 > 12 > 7 > 3 > 38 > 33 > 29 > 23 > 19 > 14 > 9 > 4 > 39 > 34 > 30 > 25 > 20 > 16 > 11 > 6 > 1 > 36 > 32 > 26 > 21 > 17 > 12 > 7 > 2 > 37 > 33 > 28 > 23 > 19 > 14 > 8 > 4 > 39 > 34 > 29 > 24 > 19 > 14 > 9 > 5 > 40 > 35 > 31 > 26 > 22 > 17 > 12 > 8 > 2 > 37 > 33 > 28 > 22 > 18 > 13 > 8 > 4 > 39 > 35 > 30 > 25 > 21 > 16 > 12 > 7 > 2 > 38 > 33 > 27 > 23 > 18 > 13 > 9 > 4 > 36 > 32 > 27 > 22 > 18 > 13 > 9 > 4 > 39 > 35 > 30 > 24 > 20 > 15 > 10 > 6 > 1 > 37 > 32 > 27 > 23 > 18 > 14 > 9 > 4 > 40 > 35 > 31 > 26 > 20 > 15 > 11 > 6 > 1 > 37 > 32 > 27 > 23 > 18 > 14 > 9 > 3 > 39 > 33 > 29 > 24 > 19 > 15 > 10 > 6 > 1 > 36 > 32 > 27 > 23 > 18 > 13 > 9 > 4 > 39 > 34 > 29 > 25 > 20 > 16 > 11 > 6 > 2 > 37 > 32 > 28 > 23 > 19 > 14 > 9 > 5 > 40 > 36 > 31 > 26 > 22 > 17 > 13 > 8 > 3 > 39 > 34 > 29 > 25 > 20 > 16 > 11 > 5 > 1 > 36 > 31 > 27 > 22 > 18 > 13 > 8 > 4 > 38 > 34 > 29 > 24 > 20 > 14 > 9 > 4 > 39 > 34 > 29 > 25 > 20 > 16 > 11 > 6 > 1 > 36 > 31 > 27 > 22 > 17 > 13 > 7 > 2 > 38 > 33 > 27 > 23 > 18 > 13 > 9 > 4 > 38 > 34 > 29 > 24 > 20 > 14 > 10 > 5 > 39 > 35 > 30 > 25 > 21 > 16 > 12 > 7 > 2 > 38 > 33 > 29 > 24 > 20 > 14 > 9 > 5 > 40 > 35 > 31 > 26 > 22 > 17 > 11 > 8 > 2 > 37 > 33 > 28 > 23 > 19 > 13 > 8 > 4 > 39 > 35 > 30 > 24 > 20 > 15 > 10 > 6 > 1 > 36 > 32 > 27 > 23 > 17 > 12 > 8 > 2 > 37 > 33 > 28 > 24 > 19 > 14 > 10 > 5 > 1 > 36 > 31 > 27 > 22 > 17 > 12 > 7 > 3 > 38 > 33 > 29 > 24 > 19 > 15 > 10 > 6 > 1 > 36 > 32 > 27 > 17 > 11 > 7 > 2 > 37 > 31 > 25 > 19 > 14 > 6 > 40 > 35 > 31 > 24 > 16 > 12 > 6 > 1 > 35 > 31 > 25 > 18 > 12 > 7 > 40 > 35 > 31 > 26 > 20 > 16 > 10 > 5 > 1 > 36 > 31 > 26 > 21 > 16 > 12 > 7 > 1 > 36 > 31 > 26 > 22 > 16 > 11 > 7 > 2 > 36 > 32 > 27 > 22 > 18 > 13 > 9 > 3 > 38 > 34 > 28 > 23 > 18 > 13 > 7 > 3 > 38 > 32 > 28 > 23 > 18 > 14 > 8 > 3 > 39 > 34 > 29 > 24 > 19 > 13 > 9 > 3 > 38 > 34 > 29 > 24 > 20 > 14 > 9 > 5 > 40 > 35 > 31 > 25 > 20 > 16 > 10 > 5 > 1 > 36 > 29 > 27 > 22 > 18 > 13 > 7 > 3 > 38 > 34 > 29 > 24 > 19 > 15 > 9 > 5 > 40 > 35 > 31 > 26 > 21 > 17 > 12 > 8 > 3 > 39 > 34 > 28 > 24 > 19 > 14 > 10 > 5 > 1 > 36 > 31 > 27 > 22 > 18 > 13 > 8 > 4 > 39 > 34 > 29 > 24 > 19 > 15 > 10 > 5 > 1 > 36 > 32 > 27 > 22 > 18 > 13 > 9 > 5 > 39 > 35 > 30 > 25 > 21 > 16 > 12 > 7 > 3 > 38 > 32 > 29 > 24 > 20 > 15 > 10 > 6 > 1 > 34 > 30 > 25 > 19 > 15 > 11 > 6 > 2 > 36 > 32 > 27 > 22 > 17 > 12 > 7 > 2 > 37 > 31 > 27 > 22 > 17 > 13 > 8 > 2 > 39 > 34 > 30 > 24 > 19 > 15 > 10 > 5 > 1 > 35 > 30 > 25 > 20 > 15 > 11 > 6 > 1 > 36 > 31 > 26 > 22 > 17 > 13 > 8 > 2 > 38 > 33 > 27 > 23 > 18 > 14 > 9 > 4 > 40 > 34 > 29 > 25 > 20 > 15 > 11 > 5 > 40 > 35 > 30 > 26 > 21 > 16 > 12 > 6 > 1 > 37 > 32 > 27 > 23 > 17 > 12 > 8 > 2 > 37 > 33 > 27 > 22 > 18 > 13 > 8 > 4 > 39 > 35 > 30 > 25 > 21 > 16 > 12 > 6 > 1 > 37 > 32 > 27 > 23 > 18 > 14 > 8 > 3 > 40 > 34 > 30 > 25 > 20 > 16 > 11 > 5 > 1 > 36 > 31 > 27 > 22 > 18 > 13 > 7 > 3 > 38 > 34 > 30 > 24 > 20 > 15 > 10 > 6 > 40 > 35 > 31 > 25 > 20 > 16 > 11 > 7 > 1 > 36 > 32 > 27 > 22 > 18 > 13 > 7 > 3 > 37 > 33 > 29 > 23 > 19 > 15 > 9 > 5 > 1 > 35 > 31 > 26 > 20 > 15 > 8 > 2 > 38 > 32 > 27 > 23 > 18 > 13 > 9 > 4 > 37 > 35 > 30 > 26 > 20 > 14 > 10 > 5 > 40 > 36 > 31 > 27 > 22 > 17 > 13 > 8 > 2 > 38 > 33 > 28 > 24 > 19 > 14 > 9 > 4 > 40 > 35 > 30 > 25 > 20 > 15 > 11 > 5 > 40 > 36 > 31 > 25 > 21 > 15 > 10 > 6 > 1 > 35 > 31 > 26 > 21 > 17 > 12 > 6 > 2 > 37 > 32 > 28 > 22 > 16 > 12 > 6 > 2 > 37 > 32 > 27 > 22 > 18 > 13 > 8 > 3 > 38 > 33 > 29 > 23 > 18 > 14 > 9 > 3 > 39 > 34 > 29 > 25 > 19 > 14 > 10 > 5 > 40 > 36 > 31 > 26 > 21 > 16 > 11 > 7 > 2 > 37 > 33 > 28 > 24 > 19 > 14 > 10 > 4 > 1 > 36 > 32 > 26 > 21 > 16 > 11 > 6 > 2 > 34 > 30 > 25 > 21 > 16 > 11 > 7 > 1 > 37 > 33 > 27 > 23 > 18 > 13 > 9 > 4 > 40 > 34 > 28 > 22 > 18 > 13 > 7 > 3 > 38 > 33 > 28 > 23 > 17 > 13 > 8 > 3 > 38 > 33 > 28 > 24 > 19 > 15 > 10 > 5 > 1 > 36 > 30 > 25 > 20 > 15 > 11 > 6 > 1 > 37 > 31 > 27 > 22 > 17 > 13 > 8 > 3 > 39 > 32 > 24 > 14 > 4 > 39 > 33 > 27 > 20 > 16 > 11 > 5 > 1 > 35 > 30 > 25 > 20 > 15 > 11 > 5 > 40 > 36 > 31 > 26 > 22 > 16 > 11 > 7 > 1 > 36 > 31 > 26 > 22 > 17 > 11 > 7 > 2 > 37 > 32 > 27 > 22 > 18 > 12 > 6 > 2 > 36 > 31 > 26 > 21 > 16 > 11 > 6 > 1 > 37 > 32 > 26 > 21 > 16 > 11 > 6 > 40 > 34 > 30 > 24 > 18 > 14 > 9 > 3 > 39 > 33 > 28 > 24 > 19 > 13 > 9 > 3 > 38 > 34 > 28 > 23 > 19 > 13 > 8 > 4 > 38 > 33 > 29 > 24 > 18 > 14 > 9 > 3 > 38 > 34 > 28 > 24 > 19 > 14 > 9 > 4 > 40 > 35 > 28 > 25 > 20 > 16 > 11 > 5 > 1 > 36 > 31 > 26 > 21 > 16 > 12 > 7 > 1 > 37 > 32 > 27 > 23 > 17 > 12 > 7 > 2 > 37 > 33 > 27 > 22 > 18 > 12 > 7 > 3 > 38 > 32 > 28 > 23 > 17 > 13 > 7 > 2 > 38 > 33 > 27 > 23 > 18 > 13 > 9 > 4 > 38 > 34 > 29 > 24 > 19 > 14 > 8 > 4 > 39 > 33 > 29 > 24 > 20 > 15 > 10 > 6 > 1 > 36 > 32 > 26 > 21 > 16 > 11 > 6 > 2 > 37 > 31 > 27 > 22 > 17 > 13 > 7 > 3 > 38 > 32 > 28 > 23 > 17 > 12 > 6 > 1 > 37 > 32 > 27 > 23 > 17 > 12 > 8 > 3 > 37 > 33 > 28 > 23 > 18 > 13 > 7 > 3 > 38 > 32 > 28 > 22 > 17 > 13 > 8 > 4 > 39 > 33 > 29 > 23 > 17 > 13 > 8 > 2 > 38 > 33 > 27 > 23 > 17 > 12 > 8 > 3 > 39 > 33 > 28 > 23 > 18 > 12 > 8 > 2 > 37 > 32 > 27 > 22 > 18 > 12 > 8 > 3 > 38 > 34 > 28 > 22 > 18 > 12 > 7 > 3 > 38 > 33 > 28 > 23 > 18 > 14 > 9 > 4 > 40 > 34 > 30 > 24 > 19 > 15 > 10 > 5 > 40 > 35 > 30 > 26 > 21 > 15 > 11 > 6 > 1 > 37 > 32 > 28 > 22 > 17 > 13 > 7 > 2 > 38 > 33 > 27 > 23 > 18 > 13 > 9 > 4 > 39 > 35 > 29 > 23 > 19 > 14 > 9 > 5 > 40 > 35 > 30 > 25 > 21 > 16 > 11 > 6 > 1 > 36 > 31 > 26 > 21 > 17 > 11 > 7 > 2 > 37 > 33 > 28 > 22 > 18 > 13 > 7 > 3 > 38 > 32 > 28 > 22 > 17 > 13 > 7 > 2 > 38 > 33 > 27 > 23 > 18 > 13 > 9 > 4 > 38 > 34 > 28 > 22 > 18 > 13 > 8 > 4 > 39 > 34 > 30 > 24 > 19 > 15 > 10 > 5 > 40 > 35 > 29 > 25 > 19 > 14 > 10 > 4 > 39 > 35 > 30 > 24 > 20 > 15 > 11 > 6 > 40 > 35 > 30 > 24 > 20 > 15 > 11 > 6 > 40 > 35 > 31 > 26 > 20 > 16 > 11 > 5 > 1 > 35 > 29 > 25 > 20 > 14 > 10 > 4 > 39 > 35 > 30 > 25 > 20 > 15 > 10 > 5 > 39 > 34 > 29 > 24 > 19 > 14 > 9 > 4 > 40 > 34 > 30 > 25 > 19 > 15 > 10 > 4 > 40 > 34 > 30 > 25 > 20 > 16 > 11 > 5 > 1 > 35 > 30 > 26 > 21 > 16 > 11 > 6 > 1 > 36 > 31 > 25 > 21 > 16 > 11 > 7 > 1 > 36 > 32 > 27 > 22 > 18 > 12 > 7 > 2 > 37 > 32 > 27 > 22 > 18 > 13 > 8 > 3 > 38 > 33 > 29 > 24 > 18 > 14 > 8 > 3 > 39 > 33 > 28 > 24 > 19 > 14 > 9 > 4 > 39 > 35 > 29 > 24 > 20 > 15 > 9 > 5 > 40 > 35 > 30 > 25 > 19 > 15 > 10 > 4 > 39 > 34 > 29 > 24 > 18 > 13 > 8 > 3 > 37 > 32 > 27 > 22 > 18 > 13 > 8 > 4 > 39 > 35 > 30 > 25 > 21 > 15 > 10 > 6 > 1 > 35 > 30 > 25 > 19 > 15 > 9 > 4 > 40 > 35 > 30 > 25 > 20 > 15 > 11 > 5 > 40 > 36 > 31 > 26 > 21 > 16 > 11 > 7 > 2 > 37 > 32 > 27 > 21 > 17 > 12 > 6 > 2 > 37 > 32 > 28 > 23 > 17 > 14 > 8 > 3 > 39 > 34 > 30 > 24 > 19 > 15 > 9 > 5 > 40 > 36 > 31 > 26 > 22 > 17 > 12 > 7 > 2 > 37 > 33 > 27 > 22 > 18 > 12 > 7 > 3 > 36 > 30 > 26 > 20 > 15 > 11 > 6 > 1 > 37 > 32 > 27 > 22 > 17 > 13 > 8 > 4 > 39 > 35 > 30 > 25 > 21 > 16 > 11 > 7 > 2 > 38 > 33 > 27 > 22 > 18 > 12 > 7 > 3 > 38 > 33 > 29 > 24 > 20 > 15 > 10 > 6 > 1 > 36 > 31 > 26 > 21 > 17 > 12 > 8 > 3 > 38 > 34 > 29 > 24 > 20 > 15 > 11 > 6 > 40 > 35 > 30 > 25 > 20 > 16 > 11 > 7 > 2 > 37 > 32 > 28 > 23 > 19 > 14 > 9 > 5 > 40 > 35 > 30 > 25 > 20 > 16 > 11 > 6 > 2 > 37 > 32 > 28 > 23 > 18 > 14 > 8 > 4 > 39 > 34 > 30 > 25 > 19 > 15 > 10 > 5 > 1 > 36 > 32 > 27 > 21 > 16 > 11 > 6 > 1 > 37 > 31 > 26 > 21 > 16 > 10 > 6 > 1 > 36 > 31 > 26 > 22 > 17 > 8 > 2 > 37 > 31 > 25 > 21 > 16 > 12 > 7 > 1 > 37 > 32 > 26 > 22 > 17 > 12 > 7 > 2 > 36 > 32 > 26 > 22 > 17 > 11 > 7 > 1 > 36 > 32 > 26 > 21 > 17 > 12 > 7 > 2 > 36 > 32 > 26 > 22 > 17 > 12 > 7 > 2 > 37 > 33 > 28 > 23 > 18 > 13 > 8 > 4 > 38 > 33 > 28 > 23 > 18 > 14 > 9 > 5 > 39 > 34 > 30 > 25 > 20 > 16 > 10 > 5 > 40 > 35 > 29 > 25 > 20 > 15 > 10 > 4 > 36 > 32 > 25 > 19 > 14 > 9 > 3 > 37 > 32 > 27 > 20 > 16 > 11 > 5 > 1 > 36 > 31 > 27 > 22 > 17 > 12 > 5 > 40 > 35 > 29 > 24 > 18 > 12 > 7 > 1 > 35 > 31 > 26 > 21 > 17 > 11 > 5 > 40 > 35 > 30 > 26 > 21 > 16 > 12 > 7 > 2 > 38 > 33 > 28 > 23 > 19 > 14 > 8 > 3 > 39 > 33 > 28 > 24 > 19 > 15 > 9 > 4 > 40 > 35 > 30 > 26 > 19 > 13 > 9 > 4 > 39 > 34 > 29 > 23 > 19 > 14 > 9 > 5 > 40 > 36 > 31 > 27 > 22 > 17 > 13 > 7 > 1 > 38 > 32 > 28 > 22 > 17 > 13 > 9 > 3 > 39 > 35 > 29 > 25 > 20 > 16 > 10 > 5 > 39 > 36 > 31 > 27 > 22 > 18 > 13 > 7 > 3 > 38 > 34 > 29 > 25 > 20 > 16 > 10 > 5 > 1 > 36 > 31 > 27 > 21 > 17 > 11 > 5 > 1 > 35 > 30 > 26 > 21 > 15 > 10 > 5 > 39 > 34 > 28 > 23 > 19 > 13 > 7 > 3 > 38 > 34 > 29 > 23 > 18 > 14 > 8 > 3 > 38 > 33 > 28 > 24 > 19 > 15 > 9 > 4 > 40 > 35 > 29 > 25 > 16 > 10 > 4 > 40 > 35 > 30 > 26 > 21 > 15 > 11 > 6 > 40 > 36 > 31 > 25 > 20 > 15 > 9 > 5 > 39 > 33 > 29 > 24 > 19 > 14 > 8 > 3 > 39 > 34 > 30 > 25 > 18 > 14 > 9 > 3 > 39 > 33 > 27 > 23 > 18 > 13 > 8 > 3 > 38 > 34 > 28 > 22 > 18 > 12 > 7 > 2 > 37 > 31 > 26 > 21 > 16 > 12 > 7 > 3 > 38 > 33 > 29 > 24 > 18 > 13 > 7 > 2 > 37 > 33 > 28 > 24 > 19 > 14 > 10 > 6 > 1 > 37 > 32 > 27 > 22 > 17 > 13 > 8 > 4 > 39 > 35 > 30 > 26 > 21 > 17 > 13 > 8 > 4 > 39 > 35 > 31 > 26 > 22 > 17 > 13 > 8 > 3 > 39 > 34 > 30 > 25 > 22 > 17 > 13 > 8 > 2 > 38 > 33 > 28 > 24 > 19 > 14 > 9 > 4 > 40 > 35 > 30 > 26 > 22 > 18 > 13 > 8 > 4 > 39 > 35 > 29 > 24 > 19 > 15 > 9 > 5 > 1 > 37 > 32 > 28 > 24 > 19 > 15 > 10 > 6 > 1 > 36 > 32 > 27 > 22 > 18 > 13 > 9 > 4 > 40 > 36 > 30 > 26 > 21 > 16 > 12 > 8 > 4 > 39 > 33 > 27 > 23 > 18 > 13 > 8 > 3 > 40 > 35 > 31 > 26 > 21 > 17 > 12 > 8 > 3 > 39 > 34 > 29 > 23 > 15 > 11 > 5 > 1 > 36 > 31 > 27 > 22 > 17 > 13 > 7 > 3 > 39 > 34 > 30 > 24 > 19 > 15 > 11 > 7 > 2 > 39 > 34 > 29 > 25 > 20 > 17 > 12 > 8 > 3 > 38 > 34 > 29 > 24 > 19 > 14 > 9 > 5 > 40 > 35 > 32 > 27 > 23 > 18 > 15 > 10 > 6 > 1 > 37 > 33 > 27 > 23 > 18 > 15 > 10 > 5 > 1 > 36 > 32 > 27 > 23 > 19 > 14 > 10 > 5 > 1 > 37 > 32 > 28 > 23 > 17 > 13 > 9 > 5 > 1 > 37 > 32 > 28 > 24 > 19 > 15 > 11 > 7 > 2 > 38 > 33 > 28 > 23 > 19 > 14 > 10 > 5 > 1 > 37 > 32 > 28 > 23 > 19 > 15 > 11 > 6 > 3 > 38 > 33 > 28 > 23 > 18 > 15 > 10 > 6 > 2 > 38 > 33 > 28 > 24 > 20 > 16 > 10 > 6 > 2 > 37 > 33 > 28 > 24 > 19 > 13 > 11 > 6 > 2 > 37 > 33 > 28 > 25 > 20 > 15 > 11 > 7 > 3 > 38 > 34 > 29 > 23 > 19 > 15 > 11 > 6 > 1 > 37 > 32 > 28 > 23 > 20 > 15 > 10 > 6 > 2 > 38 > 32 > 26 > 22 > 18 > 14 > 9 > 4 > 1 > 36 > 32 > 28 > 23 > 18 > 13 > 9 > 4 > 1 > 36 > 30 > 26 > 21 > 18 > 13 > 9 > 4 > 39 > 35 > 30 > 25 > 21 > 16 > 12 > 7 > 3 > 39 > 34 > 30 > 25 > 21 > 16 > 10 > 6 > 1 > 36 > 33 > 28 > 24 > 19 > 15 > 10 > 5 > 2 > 37 > 32 > 26 > 21 > 17 > 12 > 7 > 2 > 37 > 33 > 28 > 24 > 19 > 13 > 9 > 4 > 39 > 34 > 29 > 24 > 20 > 15 > 10 > 6 > 1 > 37 > 32 > 27 > 23 > 18 > 14 > 9 > 4 > 40 > 34 > 30 > 25 > 20 > 15 > 5 > 39 > 34 > 30 > 25 > 19 > 15 > 10 > 7 > 1 > 36 > 32 > 26 > 22 > 17 > 13 > 9 > 4 > 38 > 34 > 30 > 26 > 21 > 17 > 11 > 6 > 1 > 36 > 31 > 25 > 21 > 16 > 12 > 7 > 3 > 38 > 33 > 29 > 24 > 20 > 15 > 10 > 6 > 40 > 34 > 29 > 24 > 19 > 15 > 10 > 6 > 1 > 36 > 32 > 27 > 24 > 19 > 14 > 10 > 5 > 40 > 35 > 30 > 26 > 19 > 13 > 9 > 4 > 40 > 35 > 30 > 26 > 22 > 18 > 13 > 8 > 4 > 38 > 34 > 29 > 24 > 20 > 15 > 10 > 6 > 1 > 37 > 32 > 27 > 24 > 19 > 15 > 10 > 6 > 2 > 36 > 32 > 27 > 23 > 19 > 14 > 10 > 5 > 1 > 36 > 33 > 28 > 22 > 17 > 11 > 6 > 2 > 37 > 31 > 27 > 22 > 19 > 13 > 9 > 5 > 40 > 36 > 31 > 26 > 22 > 18 > 13 > 8 > 4 > 39 > 34 > 30 > 24 > 19 > 15 > 11 > 7 > 2 > 37 > 33 > 28 > 24 > 19 > 14 > 10 > 5 > 40 > 35 > 30 > 26 > 21 > 15 > 11 > 6 > 1 > 38 > 33 > 29 > 24 > 19 > 16 > 11 > 6 > 1 > 36 > 33 > 27 > 24 > 19 > 15 > 10 > 6 > 2 > 37 > 33 > 28 > 24 > 19 > 14 > 5 > 1 > 36 > 31 > 27 > 22 > 18 > 13 > 8 > 5 > 40 > 36 > 30 > 27 > 22 > 16 > 12 > 5 > 39 > 35 > 30 > 27 > 21 > 17 > 13 > 8 > 4 > 40 > 35 > 31 > 26 > 23 > 17 > 12 > 8 > 3 > 38 > 34 > 29 > 24 > 20 > 15 > 11 > 6 > 1 > 38 > 33 > 29 > 24 > 20 > 16 > 9 > 5 > 40 > 35 > 31 > 27 > 23 > 18 > 14 > 9 > 4 > 40 > 35 > 30 > 26 > 21 > 15 > 11 > 6 > 1 > 37 > 32 > 28 > 23 > 19 > 14 > 9 > 5 > 40 > 35 > 31 > 26 > 22 > 17 > 12 > 7 > 3 > 39 > 34 > 30 > 25 > 20 > 16 > 11 > 8 > 2 > 37 > 33 > 28 > 23 > 18 > 12 > 6 > 2 > 37 > 32 > 27 > 23 > 18 > 13 > 9 > 4 > 40 > 35 > 30 > 26 > 21 > 15 > 11 > 6 > 1 > 37 > 32 > 27 > 23 > 18 > 14 > 9 > 4 > 40 > 35 > 30 > 26 > 21 > 15 > 10 > 5 > 40 > 36 > 30 > 25 > 21 > 16 > 11 > 7 > 2 > 38 > 33 > 29 > 24 > 18 > 14 > 9 > 3 > 39 > 34 > 30 > 25 > 20 > 16 > 11 > 5 > 1 > 36 > 31 > 26 > 17 > 11 > 6 > 1 > 36 > 30 > 26 > 20 > 15 > 11 > 5 > 40 > 36 > 31 > 26 > 21 > 16 > 11 > 7 > 2 > 37 > 32 > 27 > 22 > 18 > 12 > 7 > 2 > 37 > 31 > 27 > 21 > 15 > 11 > 5 > 40 > 35 > 30 > 26 > 21 > 16 > 11 > 6 > 1 > 36 > 31 > 25 > 21 > 16 > 11 > 7 > 2 > 37 > 32 > 27 > 22 > 18 > 13 > 9 > 4 > 39 > 35 > 30 > 24 > 19 > 14 > 8 > 4 > 39 > 34 > 30 > 24 > 19 > 15 > 10 > 6 > 1 > 36 > 31 > 26 > 21 > 17 > 12 > 8 > 3 > 38 > 34 > 29 > 24 > 20 > 15 > 11 > 6 > 1 > 36 > 31 > 25 > 21 > 16 > 12 > 7 > 2 > 38 > 33 > 29 > 24 > 19 > 15 > 10 > 5 > 40 > 35 > 30 > 25 > 20 > 15 > 11 > 6 > 2 > 37 > 31 > 27 > 22 > 17 > 13 > 8 > 3 > 39 > 33 > 28 > 24 > 19 > 14 > 9 > 5 > 1 > 36 > 30 > 26 > 21 > 16 > 12 > 7 > 1 > 37 > 32 > 27 > 23 > 18 > 12 > 8 > 3 > 39 > 34 > 29 > 24 > 20 > 14 > 10 > 5 > 40 > 35 > 30 > 26 > 21 > 16 > 12 > 7 > 2 > 38 > 33 > 28 > 24 > 19 > 15 > 10 > 4 > 39 > 35 > 29 > 24 > 19 > 14 > 9 > 5 > 39 > 34 > 30 > 25 > 19 > 15 > 10 > 5 > 40 > 35 > 29 > 25 > 20 > 15 > 11 > 6 > 1 > 36 > 31 > 26 > 22 > 17 > 11 > 7 > 2 > 36 > 32 > 26 > 20 > 16 > 11 > 5 > 1 > 36 > 31 > 27 > 21 > 16 > 12 > 6 > 1 > 37 > 32 > 27 > 23 > 17 > 13 > 8 > 3 > 39 > 34 > 29 > 25 > 20 > 16 > 11 > 5 > 1 > 36 > 30 > 26 > 21 > 16 > 12 > 7 > 2 > 38 > 33 > 29 > 24 > 19 > 15 > 9 > 4 > 40 > 35 > 31 > 26 > 21 > 16 > 11 > 7 > 2 > 38 > 33 > 28 > 23 > 19 > 14 > 9 > 4 > 39 > 35 > 31 > 26 > 22 > 16 > 11 > 7 > 2 > 37 > 33 > 28 > 22 > 19 > 13 > 4 > 40 > 35 > 30 > 26 > 21 > 17 > 12 > 7 > 2 > 37 > 31 > 28 > 22 > 16 > 12 > 7 > 2 > 38 > 33 > 28 > 24 > 19 > 15 > 10 > 5 > 1 > 36 > 30 > 27 > 22 > 16 > 12 > 7 > 3 > 38 > 33 > 29 > 24 > 20 > 15 > 9 > 5 > 40 > 35 > 32 > 26 > 21 > 17 > 12 > 6 > 2 > 37 > 33 > 28 > 23 > 19 > 14 > 9 > 4 > 40 > 36 > 30 > 26 > 21 > 15 > 11 > 6 > 1 > 37 > 31 > 26 > 22 > 17 > 12 > 8 > 3 > 39 > 33 > 28 > 23 > 18 > 14 > 8 > 3 > 38 > 34 > 28 > 23 > 19 > 14 > 9 > 4 > 39 > 34 > 29 > 24 > 18 > 14 > 9 > 4 > 40 > 34 > 30 > 25 > 20 > 16 > 11 > 7 > 2 > 36 > 32 > 27 > 22 > 18 > 12 > 7 > 3 > 38 > 34 > 29 > 24 > 20 > 15 > 11 > 6 > 1 > 37 > 31 > 26 > 21 > 16 > 11 > 7 > 2 > 38 > 33 > 29 > 24 > 19 > 15 > 10 > 5 > 1 > 35 > 30 > 26 > 21 > 16 > 12 > 6 > 3 > 37 > 32 > 28 > 23 > 19 > 14 > 10 > 5 > 39 > 33 > 29 > 23 > 16 > 12 > 6 > 1 > 37 > 32 > 28 > 23 > 18 > 14 > 9 > 5 > 40 > 34 > 28 > 24 > 18 > 13 > 9 > 4 > 39 > 34 > 29 > 24 > 20 > 15 > 10 > 6 > 1 > 35 > 31 > 26 > 20 > 16 > 11 > 5 > 1 > 36 > 31 > 27 > 22 > 17 > 13 > 8 > 4 > 38 > 33 > 29 > 24 > 20 > 15 > 9 > 5 > 40 > 35 > 31 > 26 > 22 > 17 > 12 > 8 > 3 > 37 > 33 > 28 > 23 > 18 > 13 > 8 > 4 > 39 > 35 > 30 > 25 > 21 > 15 > 10 > 6 > 1 > 35 > 31 > 26 > 20 > 16 > 11 > 6 > 2 > 36 > 31 > 27 > 22 > 17 > 12 > 8 > 4 > 38 > 33 > 27 > 23 > 17 > 12 > 7 > 2 > 37 > 32 > 27 > 22 > 18 > 13 > 9 > 4 > 38 > 34 > 29 > 23 > 19 > 14 > 10 > 5 > 40 > 36 > 29 > 27 > 22 > 16 > 12 > 7 > 2 > 37 > 32 > 27 > 23 > 18 > 14 > 9 > 4 > 40 > 35 > 30 > 26 > 21 > 17 > 12 > 6 > 2 > 37 > 33 > 28 > 23 > 19 > 13 > 8 > 4 > 39 > 35 > 30 > 25 > 21 > 16 > 11 > 7 > 1 > 37 > 32 > 27 > 22 > 18 > 12 > 9 > 4 > 40 > 35 > 30 > 26 > 21 > 17 > 12 > 6 > 2 > 37 > 32 > 28 > 23 > 18 > 14 > 9 > 5 > 40 > 35 > 31 > 26 > 22 > 17 > 12 > 7 > 2 > 36 > 32 > 27 > 23 > 18 > 13 > 8 > 39 > 35 > 29 > 24 > 19 > 14 > 8 > 3 > 37 > 31 > 27 > 21 > 16 > 12 > 6 > 1 > 36 > 31 > 25 > 21 > 16 > 10 > 6 > 1 > 35 > 31 > 26 > 21 > 16 > 12 > 7 > 2 > 37 > 32 > 27 > 22 > 18 > 13 > 7 > 3 > 37 > 32 > 27 > 22 > 17 > 12 > 7 > 2 > 37 > 32 > 27 > 23 > 18 > 13 > 8 > 2 > 37 > 32 > 27 > 22 > 17 > 12 > 8 > 2 > 37 > 32 > 27 > 22 > 17 > 11 > 5 > 1 > 35 > 30 > 25 > 20 > 15 > 11 > 6 > 1 > 36 > 31 > 26 > 22 > 16 > 10 > 6 > 1 > 35 > 31 > 26 > 21 > 17 > 11 > 7 > 2 > 38 > 33 > 28 > 23 > 18 > 13 > 8 > 3 > 38 > 33 > 28 > 23 > 19 > 14 > 10 > 5 > 40 > 36 > 31 > 25 > 21 > 16 > 10 > 6 > 1 > 36 > 32 > 27 > 23 > 18 > 13 > 8 > 3 > 38 > 33 > 28 > 23 > 18 > 13 > 7 > 3 > 38 > 33 > 28 > 24 > 18 > 14 > 9 > 4 > 40 > 35 > 31 > 26 > 21 > 16 > 11 > 6 > 2 > 36 > 31 > 26 > 22 > 18 > 13 > 8 > 4 > 38 > 33 > 29 > 24 > 18 > 14 > 8 > 3 > 39 > 33 > 28 > 24 > 19 > 14 > 10 > 5 > 40 > 36 > 31 > 27 > 22 > 16 > 12 > 6 > 1 > 37 > 31 > 26 > 22 > 17 > 12 > 7 > 2 > 39 > 33 > 28 > 24 > 19 > 14 > 9 > 4 > 39 > 35 > 29 > 24 > 20 > 15 > 10 > 6 > 1 > 37 > 31 > 26 > 22 > 16 > 10 > 6 > 1 > 36 > 32 > 27 > 21 > 17 > 12 > 7 > 3 > 37 > 32 > 27 > 22 > 16 > 11 > 6 > 1 > 36 > 31 > 25 > 21 > 16 > 11 > 6 > 1 > 36 > 32 > 26 > 21 > 16 > 11 > 6 > 2 > 37 > 31 > 27 > 22 > 17 > 13 > 8 > 4 > 39 > 34 > 28 > 24 > 18 > 13 > 9 > 4 > 39 > 34 > 29 > 24 > 20 > 15 > 11 > 6 > 1 > 37 > 31 > 26 > 22 > 16 > 11 > 7 > 1 > 36 > 32 > 27 > 22 > 17 > 12 > 7 > 3 > 38 > 34 > 28 > 23 > 18 > 13 > 8 > 4 > 39 > 34 > 30 > 25 > 21 > 16 > 11 > 7 > 1 > 36 > 32 > 26 > 21 > 17 > 11 > 6 > 2 > 37 > 32 > 28 > 23 > 19 > 14 > 9 > 5 > 40 > 34 > 29 > 24 > 20 > 15 > 10 > 6 > 1 > 36 > 32 > 27 > 22 > 18 > 13 > 8 > 3 > 38 > 34 > 28 > 23 > 19 > 14 > 9 > 5 > 40 > 36 > 30 > 26 > 21 > 15 > 8 > 3 > 38 > 33 > 28 > 24 > 18 > 13 > 9 > 4 > 40 > 35 > 31 > 26 > 21 > 17 > 11 > 7 > 2 > 36 > 32 > 27 > 22 > 18 > 13 > 7 > 2 > 37 > 33 > 28 > 23 > 18 > 13 > 8 > 3 > 38 > 33 > 29 > 23 > 18 > 14 > 9 > 4 > 39 > 34 > 29 > 25 > 19 > 14 > 10 > 4 > 39 > 35 > 29 > 24 > 20 > 15 > 10 > 6 > 1 > 35 > 32 > 27 > 23 > 17 > 12 > 8 > 2 > 37 > 32 > 27 > 22 > 18 > 12 > 7 > 3 > 38 > 32 > 28 > 23 > 17 > 13 > 7 > 2 > 38 > 33 > 27 > 23 > 18 > 14 > 9 > 4 > 40 > 35 > 29 > 25 > 20 > 15 > 10 > 5 > 40 > 36 > 30 > 25 > 21 > 16 > 11 > 7 > 2 > 38 > 33 > 27 > 23 > 18 > 13 > 8 > 3 > 39 > 33 > 28 > 24 > 19 > 15 > 10 > 5 > 1 > 36 > 31 > 27 > 22 > 18 > 12 > 7 > 3 > 38 > 34 > 29 > 24 > 20 > 15 > 11 > 6 > 40 > 36 > 31 > 26 > 22 > 17 > 11 > 7 > 2 > 37 > 33 > 28 > 23 > 19 > 14 > 9 > 4 > 39 > 35 > 30 > 25 > 21 > 15 > 10 > 6 > 1 > 36 > 32 > 27 > 22 > 18 > 12 > 7 > 3 > 38 > 33 > 29 > 23 > 18 > 14 > 8 > 3 > 39 > 34 > 29 > 25 > 19 > 14 > 10 > 5 > 40 > 35 > 30 > 24 > 20 > 14 > 9 > 5 > 40 > 34 > 30 > 25 > 20 > 16 > 10 > 5 > 40 > 35 > 29 > 24 > 19 > 13 > 7 > 40 > 35 > 30 > 24 > 20 > 15 > 10 > 5 > 40 > 35 > 30 > 25 > 19 > 14 > 9 > 4 > 40 > 35 > 31 > 26 > 20 > 16 > 11 > 6 > 2 > 37 > 33 > 27 > 22 > 18 > 12 > 7 > 3 > 38 > 33 > 29 > 24 > 18 > 14 > 9 > 4 > 40 > 35 > 30 > 26 > 20 > 16 > 11 > 6 > 1 > 36 > 31 > 27 > 22 > 17 > 13 > 8 > 3 > 39 > 34 > 28 > 23 > 18 > 13 > 8 > 3 > 39 > 34 > 30 > 25 > 20 > 16 > 11 > 7 > 2 > 37 > 32 > 27 > 21 > 17 > 12 > 7 > 3 > 38 > 34 > 29 > 24 > 20 > 15 > 11 > 6 > 40 > 36 > 31 > 26 > 21 > 16 > 12 > 7 > 2 > 38 > 33 > 28 > 23 > 18 > 13 > 9 > 4 > 40 > 35 > 29 > 25 > 20 > 15 > 11 > 5 > 40 > 36 > 31 > 26 > 22 > 17 > 13 > 8 > 3 > 39 > 34 > 29 > 24 > 19 > 14 > 9 > 4 > 40 > 35 > 30 > 26 > 21 > 16 > 11 > 6 > 2 > 37 > 29 > 24 > 19 > 14 > 9 > 4 > 40 > 34 > 29 > 25 > 20 > 15 > 10 > 5 > 40 > 35 > 30 > 25 > 20 > 15 > 9 > 5 > 40 > 35 > 30 > 25 > 21 > 16 > 10 > 6 > 40 > 34 > 29 > 24 > 19 > 15 > 9 > 4 > 39 > 34 > 29 > 24 > 19 > 13 > 9 > 3 > 37 > 33 > 27 > 22 > 17 > 12 > 7 > 3 > 38 > 33 > 29 > 24 > 18 > 14 > 9 > 5 > 40 > 34 > 30 > 25 > 19 > 15 > 10 > 5 > 1 > 36 > 31 > 27 > 22 > 18 > 13 > 8 > 3 > 37 > 31 > 27 > 22 > 17 > 13 > 8 > 4 > 39 > 34 > 30 > 25 > 19 > 15 > 10 > 5 > 40 > 35 > 29 > 25 > 20 > 15 > 11 > 6 > 1 > 37 > 32 > 27 > 22 > 17 > 12 > 8 > 2 > 36 > 32 > 27 > 21 > 17 > 12 > 7 > 3 > 38 > 33 > 28 > 23 > 18 > 14 > 9 > 4 > 39 > 34 > 30 > 24 > 19 > 15 > 10 > 5 > 1 > 36 > 31 > 27 > 22 > 16 > 12 > 7 > 2 > 37 > 32 > 26 > 22 > 17 > 12 > 8 > 3 > 37 > 33 > 28 > 23 > 19 > 13 > 8 > 3 > 38 > 33 > 29 > 23 > 18 > 14 > 9 > 5 > 39 > 34 > 30 > 25 > 20 > 15 > 10 > 4 > 40 > 35 > 29 > 25 > 20 > 16 > 11 > 5 > 1 > 36 > 32 > 27 > 22 > 17 > 11 > 5 > 1 > 35 > 30 > 26 > 21 > 16 > 11 > 6 > 1 > 37 > 31 > 26 > 22 > 17 > 11 > 7 > 1 > 35 > 31 > 26 > 21 > 17 > 12 > 6 > 2 > 37 > 33 > 28 > 23 > 19 > 13 > 7 > 3 > 37 > 32 > 28 > 23 > 18 > 14 > 9 > 5 > 40 > 35 > 31 > 25 > 20 > 15 > 10 > 5 > 1 > 36 > 32 > 26 > 21 > 17 > 12 > 6 > 2 > 37 > 33 > 28 > 23 > 19 > 13 > 8 > 4 > 39 > 35 > 30 > 25 > 21 > 16 > 10 > 6 > 1 > 36 > 32 > 27 > 23 > 18 > 13 > 8 > 3 > 38 > 34 > 29 > 25 > 20 > 15 > 11 > 6 > 2 > 37 > 31 > 25 > 21 > 15 > 9 > 5 > 40 > 35 > 31 > 26 > 22 > 17 > 12 > 8 > 3 > 38 > 34 > 29 > 23 > 19 > 14 > 8 > 4 > 39 > 33 > 29 > 24 > 19 > 14 > 10 > 4 > 40 > 35 > 30 > 25 > 20 > 15 > 11 > 6 > 1 > 36 > 31 > 26 > 22 > 16 > 9 > 4 > 38 > 33 > 29 > 23 > 17 > 13 > 8 > 2 > 38 > 33 > 28 > 24 > 18 > 13 > 9 > 3 > 38 > 33 > 28 > 22 > 18 > 12 > 8 > 3 > 38 > 33 > 28 > 23 > 18 > 12 > 7 > 2 > 37 > 31 > 26 > 21 > 16 > 12 > 7 > 2 > 37 > 32 > 27 > 23 > 18 > 13 > 8 > 3 > 39 > 34 > 28 > 24 > 19 > 13 > 9 > 4 > 39 > 35 > 30 > 25 > 21 > 16 > 12 > 7 > 2 > 37 > 32 > 27 > 22 > 18 > 13 > 8 > 3 > 39 > 34 > 29 > 25 > 20 > 16 > 11 > 5 > 1 > 36 > 30 > 26 > 21 > 16 > 12 > 7 > 2 > 38 > 32 > 28 > 23 > 18 > 14 > 9 > 5 > 40 > 35 > 31 > 25 > 21 > 16 > 11 > 6 > 2 > 37 > 33 > 28 > 23 > 19 > 14 > 8 > 4 > 39 > 33 > 29 > 24 > 19 > 15 > 10 > 6 > 1 > 36 > 32 > 27 > 23 > 18 > 12 > 8 > 3 > 38 > 33 > 28 > 23 > 19 > 14 > 8 > 4 > 39 > 34 > 30 > 25 > 20 > 16 > 11 > 5 > 1 > 36 > 31 > 27 > 22 > 18 > 13 > 8 > 4 > 38 > 34 > 29 > 24 > 20 > 15 > 10 > 5 > 40 > 35 > 30 > 25 > 20 > 16 > 11 > 6 > 2 > 37 > 33 > 27 > 22 > 18 > 13 > 7 > 3 > 38 > 32 > 28 > 23 > 18 > 14 > 9 > 4 > 39 > 34 > 29 > 24 > 19 > 14 > 9 > 4 > 39 > 35 > 30 > 25 > 21 > 15 > 10 > 6 > 1 > 36 > 32 > 27 > 22 > 17 > 12 > 7 > 2 > 37 > 32 > 28 > 23 > 18 > 14 > 9 > 5 > 40 > 34 > 30 > 25 > 20 > 15 > 10 > 5 > 1 > 36 > 32 > 27 > 22 > 18 > 13 > 8 > 3 > 38 > 34 > 29 > 24 > 19 > 14 > 9 > 5 > 40 > 36 > 31 > 26 > 22 > 17 > 12 > 8 > 3 > 38 > 34 > 30 > 25 > 19 > 15 > 10 > 4 > 40 > 35 > 30 > 26 > 21 > 16 > 12 > 7 > 3 > 38 > 33 > 29 > 23 > 18 > 14 > 8 > 3 > 39 > 34 > 29 > 25 > 20 > 15 > 10 > 5 > 40 > 36 > 31 > 25 > 21 > 15 > 10 > 5 > 40 > 34 > 27 > 23 > 17 > 12 > 8 > 3 > 38 > 34 > 29 > 24 > 19 > 14 > 10 > 4 > 39 > 35 > 30 > 25 > 21 > 16 > 12 > 4 > 39 > 34 > 29 > 23 > 18 > 13 > 7 > 4 > 39 > 33 > 29 > 24 > 19 > 15 > 10 > 6 > 40 > 35 > 31 > 26 > 21 > 17 > 11 > 6 > 2 > 37 > 32 > 28 > 23 > 19 > 14 > 8 > 3 > 39 > 34 > 28 > 24 > 18 > 13 > 9 > 3 > 39 > 34 > 29 > 24 > 19 > 14 > 10 > 4 > 39 > 35 > 29 > 23 > 19 > 14 > 8 > 4 > 39 > 35 > 30 > 25 > 20 > 15 > 10 > 6 > 40 > 35 > 31 > 25 > 20 > 16 > 11 > 5 > 1 > 36 > 32 > 27 > 22 > 18 > 13 > 8 > 4 > 39 > 35 > 29 > 24 > 20 > 15 > 10 > 6 > 1 > 35 > 32 > 26 > 22 > 17 > 12 > 7 > 3 > 37 > 32 > 28 > 22 > 17 > 13 > 8 > 2 > 38 > 32 > 27 > 23 > 17 > 12 > 7 > 2 > 36 > 32 > 27 > 21 > 17 > 12 > 7 > 3 > 38 > 33 > 28 > 23 > 18 > 14 > 9 > 4 > 39 > 34 > 29 > 24 > 19 > 14 > 10 > 5 > 1 > 35 > 30 > 26 > 21 > 16 > 11 > 6 > 1 > 36 > 31 > 25 > 21 > 16 > 11 > 7 > 2 > 37 > 33 > 27 > 22 > 18 > 13 > 7 > 3 > 37 > 32 > 28 > 22 > 17 > 13 > 8 > 3 > 38 > 33 > 29 > 23 > 18 > 14 > 9 > 3 > 38 > 33 > 27 > 23 > 18 > 13 > 9 > 3 > 38 > 34 > 28 > 23 > 19 > 14 > 9 > 6 > 33 > 28 > 23 > 18 > 12 > 4 > 39 > 33 > 25 > 18 > 12 > 8 > 40 > 33 > 26 > 22 > 16 > 10 > 6 > 39 > 32 > 26 > 18 > 13 > 7 > 1 > 37 > 32 > 27 > 22 > 17 > 13 > 7 > 1 > 37 > 32 > 26 > 22 > 16 > 11 > 6 > 40 > 35 > 31 > 26 > 21 > 16 > 11 > 7 > 2 > 36 > 32 > 27 > 22 > 18 > 12 > 7 > 3 > 37 > 32 > 28 > 23 > 18 > 14 > 9 > 3 > 39 > 34 > 29 > 24 > 19 > 13 > 8 > 3 > 38 > 34 > 29 > 23 > 19 > 14 > 9 > 5 > 40 > 34 > 30 > 25 > 20 > 15 > 10 > 5 > 1 > 35 > 30 > 26 > 21 > 15 > 11 > 6 > 1 > 37 > 31 > 26 > 17 > 13 > 7 > 2 > 38 > 32 > 27 > 22 > 17 > 12 > 8 > 2 > 37 > 33 > 28 > 22 > 18 > 12 > 6 > 2 > 37 > 32 > 27 > 22 > 17 > 13 > 8 > 2 > 38 > 33 > 29 > 24 > 18 > 12 > 8 > 3 > 38 > 33 > 28 > 22 > 17 > 12 > 7 > 3 > 38 > 32 > 28 > 23 > 17 > 13 > 8 > 3 > 38 > 33 > 28 > 23 > 18 > 14 > 8 > 3 > 39 > 33 > 27 > 22 > 17 > 11 > 7 > 2 > 36 > 32 > 27 > 21 > 17 > 12 > 7 > 3 > 37 > 32 > 28 > 22 > 17 > 12 > 7 > 1 > 37 > 32 > 27 > 23 > 18 > 13 > 8 > 3 > 38 > 34 > 28 > 23 > 19 > 13 > 8 > 4 > 38 > 34 > 29 > 24 > 20 > 14 > 9 > 5 > 40 > 35 > 31 > 25 > 19 > 15 > 10 > 5 > 1 > 36 > 30 > 26 > 21 > 18 > 13 > 8 > 4 > 38 > 33 > 29 > 23 > 19 > 14 > 9 > 5 > 40 > 35 > 31 > 25 > 21 > 16 > 11 > 7 > 2 > 38 > 32 > 27 > 23 > 17 > 12 > 8 > 3 > 38 > 33 > 28 > 23 > 19 > 14 > 10 > 5 > 40 > 35 > 30 > 24 > 20 > 15 > 10 > 6 > 1 > 37 > 32 > 26 > 23 > 17 > 13 > 8 > 3 > 39 > 33 > 28 > 24 > 19 > 13 > 9 > 3 > 38 > 34 > 29 > 24 > 20 > 15 > 10 > 6 > 40 > 36 > 31 > 26 > 21 > 16 > 12 > 7 > 2 > 36 > 32 > 27 > 22 > 18 > 13 > 8 > 4 > 38 > 33 > 29 > 24 > 19 > 15 > 9 > 5 > 40 > 35 > 31 > 26 > 22 > 17 > 11 > 7 > 1 > 35 > 31 > 26 > 21 > 17 > 12 > 7 > 2 > 37 > 32 > 27 > 22 > 16 > 12 > 6 > 1 > 37 > 31 > 26 > 22 > 17 > 12 > 7 > 2 > 37 > 32 > 27 > 22 > 18 > 12 > 6 > 2 > 36 > 31 > 27 > 22 > 16 > 12 > 7 > 3 > 38 > 32 > 28 > 23 > 18 > 14 > 8 > 2 > 38 > 33 > 28 > 23 > 18 > 15 > 10 > 4 > 40 > 35 > 31 > 26 > 20 > 16 > 10 > 4 > 40 > 35 > 30 > 26 > 21 > 17 > 11 > 6 > 2 > 37 > 32 > 28 > 23 > 18 > 13 > 8 > 2 > 38 > 33 > 27 > 23 > 18 > 13 > 8 > 3 > 37 > 33 > 28 > 23 > 19 > 14 > 8 > 4 > 39 > 33 > 29 > 24 > 19 > 15 > 10 > 6 > 37 > 32 > 27 > 23 > 17 > 12 > 8 > 2 > 37 > 33 > 28 > 22 > 18 > 13 > 7 > 3 > 38 > 32 > 28 > 22 > 16 > 12 > 6 > 1 > 36 > 31 > 25 > 21 > 16 > 10 > 6 > 1 > 35 > 31 > 26 > 20 > 16 > 11 > 5 > 1 > 36 > 30 > 26 > 21 > 16 > 12 > 7 > 1 > 37 > 32 > 27 > 22 > 17 > 11 > 7 > 2 > 36 > 32 > 27 > 21 > 17 > 12 > 6 > 2 > 37 > 31 > 27 > 21 > 15 > 11 > 6 > 40 > 36 > 31 > 26 > 21 > 16 > 11 > 6 > 40 > 36 > 31 > 25 > 20 > 15 > 9 > 5 > 40 > 34 > 30 > 24 > 19 > 15 > 10 > 4 > 40 > 35 > 29 > 25 > 19 > 13 > 9 > 4 > 39 > 35 > 29 > 24 > 19 > 13 > 7 > 2 > 37 > 31 > 26 > 21 > 16 > 12 > 7 > 3 > 37 > 32 > 27 > 22 > 17 > 12 > 7 > 3 > 38 > 33 > 28 > 23 > 17 > 13 > 8 > 3 > 38 > 33 > 29 > 23 > 18 > 13 > 9 > 4 > 39 > 34 > 29 > 24 > 19 > 14 > 10 > 4 > 39 > 35 > 30 > 26 > 21 > 16 > 11 > 6 > 1 > 37 > 31 > 25 > 21 > 16 > 11 > 7 > 2 > 37 > 32 > 27 > 23 > 18 > 13 > 8 > 3 > 37 > 33 > 27 > 22 > 18 > 13 > 8 > 3 > 38 > 33 > 29 > 24 > 19 > 14 > 9 > 5 > 39 > 34 > 30 > 24 > 18 > 13 > 8 > 3 > 39 > 33 > 28 > 24 > 19 > 14 > 9 > 4 > 38 > 33 > 28 > 23 > 19 > 13 > 8 > 4 > 39 > 33 > 29 > 23 > 18 > 14 > 9 > 3 > 39 > 32 > 26 > 19 > 14 > 8 > 2 > 35 > 31 > 25 > 19 > 15 > 10 > 4 > 39 > 34 > 28 > 23 > 18 > 13 > 9 > 3 > 37 > 32 > 27 > 21 > 17 > 11 > 5 > 39 > 33 > 27 > 21 > 17 > 12 > 7 > 2 > 37 > 32 > 27 > 22 > 16 > 12 > 6 > 40 > 36 > 30 > 25 > 21 > 15 > 10 > 6 > 1 > 35 > 31 > 26 > 21 > 17 > 11 > 7 > 1 > 36 > 32 > 27 > 21 > 17 > 12 > 7 > 3 > 37 > 32 > 28 > 23 > 18 > 13 > 8 > 2 > 38 > 33 > 27 > 23 > 18 > 14 > 9 > 4 > 40 > 35 > 30 > 25 > 20 > 15 > 11 > 5 > 40 > 35 > 30 > 25 > 21 > 16 > 10 > 6 > 1 > 36 > 31 > 26 > 21 > 17 > 11 > 5 > 1 > 36 > 31 > 27 > 22 > 18 > 12 > 7 > 2 > 38 > 33 > 28 > 23 > 18 > 13 > 8 > 2 > 37 > 30 > 25 > 19 > 15 > 11 > 5 > 1 > 36 > 32 > 27 > 22 > 17 > 12 > 6 > 2 > 37 > 33 > 27 > 22 > 18 > 13 > 7 > 3 > 38 > 33 > 29 > 23 > 18 > 13 > 8 > 3 > 38 > 33 > 27 > 23 > 18 > 13 > 8 > 3 > 37 > 33 > 28 > 22 > 18 > 12 > 7 > 2 > 37 > 31 > 27 > 22 > 18 > 12 > 7 > 2 > 37 > 32 > 28 > 22 > 16 > 12 > 6 > 1 > 37 > 32 > 26 > 22 > 17 > 11 > 7 > 2 > 36 > 32 > 27 > 21 > 17 > 12 > 7 > 2 > 37 > 32 > 28 > 22 > 17 > 13 > 8 > 2 > 37 > 32 > 26 > 19 > 14 > 9 > 3 > 38 > 33 > 27 > 22 > 17 > 11 > 7 > 1 > 35 > 30 > 24 > 18 > 12 > 7 > 1 > 35 > 31 > 25 > 20 > 15 > 9 > 4 > 39 > 33 > 28 > 23 > 17 > 11 > 7 > 2 > 36 > 32 > 26 > 21 > 16 > 11 > 5 > 1 > 34 > 28 > 23 > 18 > 12 > 8 > 2 > 38 > 33 > 27 > 23 > 17 > 11 > 6 > 1 > 35 > 30 > 24 > 18 > 14 > 9 > 3 > 38 > 33 > 28 > 24 > 18 > 12 > 8 > 2 > 37 > 32 > 27 > 21 > 16 > 11 > 5 > 1 > 35 > 30 > 25 > 19 > 14 > 9 > 4 > 38 > 34 > 28 > 22 > 18 > 12 > 7 > 2 > 37 > 31 > 27 > 22 > 17 > 12 > 6 > 2 > 36 > 30 > 26 > 20 > 15 > 10 > 5 > 39 > 35 > 29 > 24 > 19 > 14 > 9 > 4 > 39 > 33 > 28 > 23 > 17 > 12 > 7 > 1 > 37 > 31 > 26 > 21 > 16 > 11 > 6 > 1 > 35 > 30 > 25 > 19 > 15 > 9 > 4 > 40 > 35 > 30 > 25 > 20 > 15 > 11 > 6 > 40 > 36 > 30 > 25 > 20 > 15 > 9 > 5 > 40 > 34 > 30 > 25 > 19 > 15 > 9 > 4 > 40 > 33 > 28 > 23 > 18 > 14 > 8 > 3 > 39 > 33 > 28 > 24 > 18 > 13 > 9 > 3 > 38 > 33 > 28 > 22 > 18 > 12 > 8 > 3 > 38 > 33 > 28 > 23 > 19 > 13 > 8 > 4 > 38 > 33 > 28 > 23 > 18 > 13 > 8 > 3 > 38 > 33 > 28 > 24 > 18 > 13 > 8 > 3 > 37 > 33 > 27 > 22 > 18 > 13 > 7 > 3 > 38 > 32 > 28 > 23 > 17 > 13 > 8 > 2 > 38 > 32 > 27 > 23 > 18 > 12 > 8 > 3 > 37 > 33 > 27 > 22 > 18 > 12 > 6 > 2 > 36 > 30 > 25 > 17 > 11 > 6 > 1 > 36 > 30 > 26 > 21 > 14 > 9 > 3 > 37 > 32 > 27 > 21 > 16 > 10 > 5 > 40 > 35 > 29 > 25 > 20 > 14 > 9 > 4 > 38 > 34 > 28 > 23 > 19 > 13 > 7 > 3 > 37 > 31 > 27 > 21 > 16 > 11 > 5 > 40 > 35 > 30 > 24 > 20 > 15 > 9 > 5 > 40 > 34 > 30 > 25 > 19 > 15 > 9 > 3 > 39 > 34 > 28 > 24 > 19 > 13 > 9 > 4 > 38 > 34 > 29 > 23 > 19 > 13 > 8 > 3 > 38 > 32 > 28 > 23 > 17 > 13 > 7 > 1 > 37 > 31 > 26 > 22 > 16 > 10 > 6 > 1 > 35 > 31 > 25 > 20 > 16 > 11 > 5 > 1 > 36 > 31 > 26 > 21 > 15 > 11 > 5 > 40 > 36 > 30 > 25 > 21 > 16 > 10 > 6 > 40 > 35 > 30 > 24 > 18 > 14 > 8 > 3 > 38 > 33 > 28 > 24 > 18 > 13 > 8 > 3 > 37 > 33 > 28 > 22 > 18 > 12 > 6 > 2 > 37 > 31 > 27 > 22 > 16 > 12 > 7 > 2 > 37 > 32 > 27 > 22 > 17 > 11 > 6 > 1 > 36 > 31 > 26 > 20 > 16 > 10 > 5 > 40 > 33 > 27 > 21 > 16 > 10 > 5 > 40 > 35 > 29 > 24 > 19 > 14 > 9 > 4 > 38 > 34 > 28 > 22 > 18 > 13 > 7 > 39 > 35 > 29 > 24 > 19 > 14 > 8 > 4 > 39 > 33 > 29 > 23 > 18 > 13 > 8 > 2 > 38 > 32 > 27 > 23 > 17 > 12 > 8 > 2 > 37 > 32 > 27 > 21 > 17 > 11 > 6 > 2 > 36 > 30 > 24 > 20 > 15 > 10 > 6 > 40 > 34 > 30 > 24 > 18 > 13 > 8 > 2 > 38 > 33 > 27 > 23 > 17 > 12 > 7 > 2 > 36 > 32 > 26 > 20 > 16 > 10 > 4 > 40 > 35 > 29 > 25 > 19 > 14 > 9 > 4 > 39 > 34 > 28 > 23 > 18 > 13 > 7 > 3 > 37 > 32 > 27 > 22 > 16 > 12 > 6 > 1 > 36 > 30 > 25 > 20 > 15 > 9 > 5 > 40 > 34 > 29 > 24 > 18 > 14 > 9 > 3 > 38 > 32 > 27 > 22 > 17 > 11 > 7 > 1 > 36 > 32 > 26 > 21 > 16 > 11 > 6 > 1 > 35 > 29 > 25 > 19 > 14 > 9 > 4 > 38 > 34 > 28 > 23 > 18 > 13 > 7 > 2 > 36 > 31 > 27 > 22 > 16 > 12 > 7 > 1 > 37 > 31 > 26 > 22 > 16 > 11 > 7 > 1 > 35 > 31 > 25 > 20 > 16 > 10 > 5 > 1 > 35 > 30 > 25 > 20 > 15 > 10 > 4 > 39 > 34 > 29 > 23 > 18 > 13 > 8 > 3 > 37 > 32 > 28 > 22 > 16 > 12 > 6 > 40 > 35 > 30 > 25 > 20 > 15 > 9 > 5 > 39 > 35 > 29 > 24 > 20 > 14 > 9 > 4 > 39 > 33 > 29 > 24 > 19 > 15 > 9 > 4 > 40 > 34 > 29 > 25 > 19 > 14 > 10 > 4 > 39 > 35 > 29 > 25 > 20 > 14 > 10 > 5 > 39 > 35 > 30 > 26 > 21 > 16 > 11 > 6 > 40 > 36 > 31 > 25 > 21 > 16 > 10 > 6 > 1 > 36 > 32 > 27 > 22 > 17 > 11 > 6 > 1 > 36 > 31 > 26 > 21 > 16 > 12 > 6 > 1 > 37 > 32 > 27 > 22 > 17 > 11 > 6 > 1 > 36 > 31 > 26 > 21 > 17 > 12 > 6 > 2 > 37 > 32 > 27 > 22 > 17 > 12 > 7 > 1 > 37 > 32 > 27 > 23 > 18 > 12 > 8 > 3 > 37 > 33 > 27 > 22 > 17 > 11 > 6 > 1 > 36 > 31 > 27 > 21 > 16 > 12 > 6 > 40 > 36 > 31 > 25 > 21 > 15 > 9 > 5 > 40 > 34 > 30 > 24 > 19 > 15 > 9 > 3 > 39 > 34 > 29 > 25 > 19 > 13 > 9 > 3 > 38 > 33 > 28 > 23 > 18 > 13 > 7 > 3 > 38 > 32 > 28 > 23 > 17 > 12 > 7 > 1 > 37 > 31 > 25 > 22 > 15 > 9 > 4 > 39 > 30 > 20 > 13 > 8 > 3 > 38 > 34 > 29 > 24 > 20 > 15 > 10 > 6 > 2 > 37 > 32 > 27 > 23 > 18 > 13 > 9 > 4 > 40 > 35 > 32 > 27 > 22 > 18 > 12 > 8 > 3 > 38 > 33 > 29 > 24 > 20 > 15 > 11 > 6 > 3 > 38 > 33 > 29 > 24 > 21 > 16 > 12 > 8 > 4 > 39 > 36 > 31 > 27 > 22 > 16 > 11 > 7 > 2 > 37 > 33 > 28 > 25 > 20 > 16 > 12 > 8 > 4 > 40 > 35 > 31 > 27 > 22 > 18 > 12 > 8 > 3 > 40 > 35 > 30 > 27 > 22 > 18 > 14 > 10 > 5 > 1 > 37 > 33 > 28 > 23 > 19 > 14 > 9 > 5 > 40 > 36 > 32 > 28 > 24 > 19 > 14 > 9 > 5 > 40 > 37 > 32 > 29 > 24 > 19 > 15 > 10 > 6 > 1 > 37 > 32 > 26 > 22 > 18 > 14 > 9 > 5 > 1 > 36 > 33 > 28 > 23 > 18 > 12 > 8 > 2 > 37 > 33 > 28 > 24 > 19 > 14 > 10 > 5 > 2 > 36 > 33 > 28 > 22 > 19 > 14 > 10 > 5 > 2 > 37 > 32 > 29 > 24 > 20 > 16 > 12 > 7 > 3 > 39 > 35 > 30 > 26 > 21 > 17 > 13 > 8 > 4 > 39 > 36 > 30 > 25 > 22 > 17 > 14 > 9 > 5 > 1 > 37 > 32 > 28 > 23 > 18 > 13 > 9 > 5 > 40 > 35 > 31 > 27 > 23 > 18 > 14 > 10 > 6 > 1 > 36 > 31 > 26 > 21 > 17 > 12 > 8 > 3 > 39 > 35 > 30 > 27 > 22 > 18 > 13 > 8 > 4 > 39 > 35 > 31 > 26 > 21 > 17 > 13 > 9 > 4 > 39 > 35 > 30 > 25 > 21 > 16 > 12 > 8 > 3 > 39 > 34 > 31 > 25 > 21 > 16 > 11 > 7 > 2 > 38 > 33 > 28 > 24 > 19 > 16 > 11 > 7 > 2 > 37 > 32 > 26 > 21 > 16 > 11 > 7 > 3 > 38 > 34 > 30 > 26 > 21 > 17 > 13 > 8 > 4 > 39 > 35 > 30 > 25 > 21 > 16 > 12 > 8 > 4 > 39 > 34 > 30 > 25 > 21 > 17 > 13 > 8 > 4 > 40 > 35 > 31 > 26 > 21 > 17 > 12 > 8 > 3 > 40 > 35 > 30 > 27 > 22 > 18 > 13 > 9 > 5 > 40 > 36 > 31 > 25 > 21 > 16 > 11 > 7 > 2 > 39 > 34 > 30 > 26 > 22 > 17 > 13 > 9 > 5 > 40 > 35 > 31 > 26 > 22 > 18 > 13 > 9 > 3 > 39 > 34 > 29 > 25 > 20 > 16 > 12 > 8 > 3 > 38 > 34 > 29 > 24 > 20 > 15 > 11 > 7 > 1 > 38 > 33 > 29 > 24 > 19 > 16 > 11 > 7 > 2 > 39 > 34 > 30 > 25 > 21 > 16 > 13 > 8 > 4 > 40 > 35 > 31 > 26 > 22 > 18 > 13 > 9 > 4 > 1 > 35 > 29 > 25 > 19 > 16 > 11 > 7 > 3 > 38 > 33 > 28 > 23 > 19 > 14 > 11 > 6 > 1 > 37 > 32 > 28 > 24 > 18 > 14 > 9 > 5 > 40 > 35 > 31 > 26 > 22 > 17 > 13 > 8 > 3 > 39 > 34 > 28 > 24 > 20 > 15 > 10 > 6 > 2 > 37 > 33 > 27 > 21 > 17 > 12 > 8 > 2 > 37 > 33 > 27 > 23 > 18 > 12 > 9 > 3 > 39 > 34 > 29 > 25 > 20 > 16 > 11 > 7 > 2 > 37 > 32 > 28 > 23 > 19 > 14 > 7 > 3 > 39 > 33 > 29 > 24 > 19 > 15 > 10 > 6 > 1 > 35 > 30 > 24 > 18 > 14 > 7 > 2 > 38 > 32 > 28 > 22 > 17 > 13 > 7 > 2 > 38 > 32 > 26 > 21 > 16 > 10 > 6 > 1 > 36 > 32 > 26 > 23 > 18 > 13 > 9 > 5 > 1 > 36 > 33 > 28 > 24 > 19 > 16 > 10 > 5 > 2 > 37 > 34 > 29 > 25 > 20 > 16 > 12 > 8 > 4 > 40 > 35 > 31 > 26 > 22 > 17 > 12 > 9 > 4 > 40 > 36 > 31 > 27 > 22 > 19 > 14 > 10 > 5 > 1 > 37 > 32 > 28 > 23 > 19 > 14 > 10 > 6 > 1 > 38 > 33 > 28 > 23 > 19 > 15 > 10 > 6 > 2 > 37 > 33 > 28 > 24 > 19 > 14 > 10 > 5 > 1 > 37 > 33 > 28 > 24 > 20 > 15 > 11 > 6 > 3 > 38 > 34 > 29 > 24 > 20 > 15 > 11 > 7 > 3 > 38 > 34 > 30 > 25 > 21 > 17 > 12 > 8 > 3 > 39 > 35 > 30 > 25 > 20 > 16 > 11 > 7 > 3 > 38 > 34 > 30 > 26 > 22 > 18 > 13 > 9 > 5 > 40 > 36 > 32 > 27 > 22 > 17 > 14 > 9 > 5 > 40 > 36 > 32 > 27 > 23 > 19 > 15 > 11 > 7 > 2 > 38 > 33 > 28 > 24 > 19 > 15 > 11 > 7 > 2 > 39 > 34 > 30 > 26 > 21 > 17 > 11 > 7 > 3 > 39 > 34 > 30 > 25 > 20 > 16 > 12 > 8 > 3 > 39 > 34 > 29 > 26 > 21 > 18 > 13 > 9 > 5 > 1 > 37 > 33 > 28 > 22 > 19 > 14 > 9 > 5 > 1 > 37 > 32 > 29 > 24 > 21 > 16 > 12 > 8 > 4 > 39 > 35 > 30 > 26 > 22 > 17 > 14 > 9 > 5 > 40 > 35 > 31 > 26 > 21 > 17 > 12 > 8 > 4 > 39 > 35 > 30 > 26 > 22 > 18 > 13 > 10 > 5 > 1 > 37 > 33 > 28 > 23 > 20 > 15 > 11 > 6 > 3 > 38 > 33 > 29 > 23 > 18 > 14 > 9 > 6 > 1 > 37 > 33 > 29 > 24 > 19 > 16 > 11 > 6 > 40 > 33 > 29 > 24 > 20 > 15 > 12 > 7 > 2 > 38 > 33 > 29 > 24 > 21 > 16 > 11 > 8 > 3 > 39 > 34 > 30 > 25 > 19 > 15 > 11 > 6 > 3 > 38 > 34 > 29 > 25 > 20 > 15 > 11 > 6 > 3 > 38 > 34 > 29 > 26 > 21 > 16 > 13 > 8 > 4 > 39 > 36 > 31 > 26 > 23 > 18 > 14 > 10 > 6 > 1 > 37 > 32 > 27 > 23 > 18 > 15 > 10 > 6 > 2 > 38 > 34 > 29 > 25 > 21 > 17 > 12 > 7 > 3 > 38 > 34 > 28 > 23 > 20 > 15 > 11 > 7 > 3 > 38 > 34 > 29 > 26 > 21 > 18 > 13 > 9 > 4 > 40 > 36 > 30 > 26 > 21 > 17 > 12 > 8 > 4 > 39 > 36 > 31 > 27 > 23 > 19 > 15 > 11 > 6 > 3 > 37 > 32 > 28 > 23 > 20 > 15 > 11 > 7 > 2 > 38 > 33 > 29 > 24 > 21 > 15 > 10 > 7 > 2 > 37 > 33 > 28 > 22 > 17 > 12 > 8 > 3 > 38 > 34 > 29 > 26 > 21 > 17 > 12 > 8 > 4 > 39 > 34 > 30 > 25 > 21 > 16 > 12 > 7 > 3 > 39 > 34 > 31 > 26 > 22 > 17 > 14 > 9 > 5 > 40 > 35 > 28 > 24 > 20 > 16 > 12 > 8 > 3 > 40 > 35 > 31 > 27 > 23 > 18 > 14 > 9 > 4 > 1 > 36 > 31 > 27 > 22 > 18 > 13 > 10 > 5 > 1 > 37 > 33 > 28 > 24 > 19 > 16 > 11 > 7 > 2 > 37 > 33 > 28 > 24 > 20 > 16 > 11 > 6 > 2 > 37 > 34 > 29 > 25 > 21 > 16 > 12 > 7 > 3 > 38 > 33 > 28 > 25 > 20 > 15 > 12 > 6 > 3 > 38 > 34 > 30 > 25 > 21 > 17 > 13 > 8 > 4 > 39 > 35 > 30 > 26 > 22 > 18 > 14 > 9 > 5 > 1 > 36 > 32 > 28 > 23 > 20 > 15 > 11 > 6 > 40 > 36 > 31 > 27 > 23 > 18 > 14 > 10 > 6 > 1 > 38 > 33 > 29 > 25 > 21 > 16 > 13 > 8 > 4 > 39 > 34 > 30 > 25 > 21 > 17 > 13 > 8 > 5 > 40 > 36 > 32 > 27 > 22 > 18 > 13 > 8 > 4 > 39 > 35 > 30 > 27 > 22 > 19 > 14 > 11 > 6 > 2 > 38 > 33 > 29 > 24 > 20 > 16 > 12 > 7 > 2 > 38 > 34 > 30 > 25 > 21 > 16 > 12 > 8 > 3 > 39 > 34 > 30 > 25 > 22 > 17 > 13 > 9 > 4 > 40 > 35 > 31 > 27 > 23 > 18 > 13 > 9 > 5 > 1 > 36 > 33 > 28 > 24 > 19 > 15 > 10 > 6 > 1 > 36 > 32 > 28 > 24 > 20 > 15 > 11 > 7 > 2 > 38 > 34 > 30 > 25 > 21 > 17 > 13 > 8 > 3 > 39 > 34 > 30 > 25 > 21 > 17 > 12 > 8 > 3 > 39 > 35 > 30 > 26 > 21 > 18 > 13 > 9 > 4 > 39 > 35 > 30 > 26 > 21 > 17 > 13 > 9 > 4 > 39 > 35 > 31 > 27 > 23 > 18 > 14 > 9 > 5 > 40 > 35 > 31 > 27 > 23 > 18 > 14 > 9 > 5 > 40 > 35 > 31 > 26 > 22 > 17 > 12 > 8 > 3 > 39 > 35 > 31 > 26 > 23 > 18 > 14 > 9 > 6 > 1 > 36 > 33 > 28 > 24 > 20 > 16 > 11 > 7 > 2 > 36 > 33 > 28 > 24 > 20 > 16 > 11 > 7 > 3 > 37 > 33 > 28 > 24 > 20 > 15 > 10 > 5 > 2 > 36 > 31 > 27 > 23 > 19 > 14 > 11 > 6 > 1 > 38 > 33 > 29 > 25 > 21 > 16 > 12 > 7 > 2 > 38 > 33 > 30 > 25 > 21 > 16 > 11 > 7 > 3 > 39 > 34 > 31 > 26 > 22 > 18 > 13 > 9 > 4 > 40 > 36 > 32 > 27 > 22 > 19 > 14 > 11 > 5 > 1 > 37 > 33 > 28 > 23 > 19 > 14 > 10 > 5 > 40 > 36 > 32 > 28 > 23 > 19 > 15 > 11 > 6 > 1 > 38 > 33 > 29 > 25 > 21 > 16 > 12 > 7 > 4 > 39 > 34 > 30 > 25 > 21 > 15 > 10 > 6 > 2 > 37 > 32 > 28 > 23 > 18 > 13 > 8 > 3 > 39 > 34 > 28 > 24 > 19 > 14 > 9 > 4 > 40 > 36 > 32 > 28 > 24 > 19 > 14 > 10 > 5 > 1 > 36 > 32 > 28 > 23 > 20 > 15 > 11 > 7 > 3 > 39 > 35 > 30 > 26 > 22 > 17 > 13 > 8 > 2 > 38 > 33 > 28 > 24 > 19 > 15 > 11 > 7 > 2 > 38 > 34 > 30 > 25 > 20 > 16 > 11 > 6 > 1 > 37 > 33 > 28 > 23 > 19 > 15 > 11 > 6 > 3 > 38 > 35 > 30 > 25 > 21 > 16 > 11 > 7 > 3 > 39 > 34 > 30 > 26 > 21 > 17 > 13 > 9 > 4 > 40 > 35 > 31 > 27 > 23 > 19 > 13 > 8 > 4 > 40 > 36 > 31 > 27 > 23 > 19 > 14 > 10 > 6 > 2 > 38 > 34 > 29 > 25 > 21 > 15 > 11 > 6 > 3 > 38 > 34 > 30 > 26 > 21 > 18 > 13 > 9 > 5 > 40 > 36 > 31 > 27 > 22 > 18 > 12 > 8 > 4 > 39 > 35 > 30 > 25 > 22 > 17 > 13 > 9 > 5 > 40 > 35 > 31 > 27 > 23 > 18 > 14 > 9 > 5 > 1 > 36 > 32 > 28 > 24 > 20 > 16 > 11 > 7 > 3 > 39 > 34 > 31 > 26 > 22 > 18 > 13 > 9 > 5 > 39 > 35 > 31 > 27 > 22 > 18 > 14 > 10 > 5 > 1 > 37 > 32 > 28 > 23 > 18 > 13 > 9 > 5 > 40 > 35 > 31 > 27 > 23 > 18 > 13 > 10 > 5 > 1 > 36 > 31 > 27 > 21 > 17 > 13 > 9 > 4 > 40 > 36 > 31 > 27 > 23 > 19 > 14 > 10 > 6 > 2 > 37 > 33 > 29 > 24 > 21 > 16 > 12 > 7 > 3 > 39 > 34 > 30 > 26 > 22 > 17 > 14 > 9 > 5 > 1 > 37 > 32 > 29 > 24 > 19 > 15 > 10 > 6 > 1 > 36 > 33 > 28 > 24 > 19 > 15 > 11 > 7 > 3 > 38 > 34 > 29 > 25 > 19 > 14 > 10 > 6 > 2 > 37 > 33 > 28 > 23 > 20 > 15 > 11 > 7 > 3 > 38 > 34 > 30 > 25 > 21 > 16 > 10 > 5 > 40 > 35 > 31 > 27 > 23 > 18 > 15 > 10 > 6 > 2 > 38 > 33 > 29 > 24 > 19 > 15 > 10 > 6 > 2 > 37 > 34 > 29 > 24 > 19 > 16 > 11 > 7 > 3 > 38 > 34 > 29 > 25 > 19 > 15 > 11 > 6 > 2 > 37 > 34 > 29 > 23 > 20 > 15 > 11 > 6 > 1 > 37 > 32 > 27 > 17 > 9 > 4 > 39 > 34 > 28 > 23 > 18 > 12 > 8 > 3 > 38 > 34 > 28 > 22 > 14 > 4 > 36 > 27 > 22 > 16 > 10 > 5 > 40 > 34 > 27 > 22 > 17 > 12 > 8 > 2 > 38 > 33 > 28 > 24 > 19 > 13 > 9 > 4 > 38 > 34 > 28 > 23 > 19 > 13 > 8 > 4 > 39 > 33 > 29 > 24 > 18 > 14 > 9 > 4 > 39 > 34 > 29 > 25 > 19 > 13 > 9 > 4 > 39 > 35 > 29 > 23 > 19 > 14 > 9 > 4 > 38 > 33 > 28 > 22 > 18 > 13 > 8 > 2 > 36 > 31 > 26 > 19 > 15 > 8 > 2 > 38 > 32 > 25 > 17 > 12 > 8 > 3 > 38 > 33 > 28 > 23 > 19 > 13 > 8 > 3 > 37 > 32 > 28 > 23 > 17 > 13 > 8 > 3 > 39 > 35 > 31 > 26 > 21 > 17 > 12 > 7 > 2 > 36 > 33 > 27 > 22 > 18 > 13 > 9 > 4 > 39 > 35 > 30 > 26 > 21 > 15 > 11 > 6 > 1 > 37 > 31 > 26 > 22 > 17 > 13 > 8 > 3 > 39 > 34 > 29 > 25 > 20 > 15 > 10 > 5 > 40 > 36 > 31 > 27 > 22 > 17 > 13 > 8 > 3 > 39 > 34 > 30 > 25 > 20 > 15 > 10 > 4 > 40 > 35 > 30 > 26 > 21 > 17 > 12 > 7 > 3 > 38 > 34 > 29 > 25 > 20 > 15 > 11 > 5 > 1 > 36 > 32 > 27 > 22 > 18 > 13 > 8 > 4 > 39 > 34 > 29 > 24 > 19 > 14 > 9 > 5 > 40 > 35 > 31 > 26 > 20 > 16 > 11 > 6 > 2 > 37 > 31 > 27 > 22 > 17 > 12 > 8 > 3 > 37 > 33 > 28 > 23 > 19 > 14 > 9 > 5 > 39 > 35 > 30 > 25 > 20 > 15 > 10 > 6 > 1 > 35 > 31 > 27 > 23 > 18 > 12 > 8 > 3 > 38 > 34 > 29 > 24 > 19 > 14 > 10 > 5 > 1 > 36 > 31 > 27 > 22 > 16 > 8 > 28 > 4 > 24 > 38 > 22 > 11 > 36 > 25 > 17 > 37 > 29 > 18 > 8 > 39 > 29 > 17 > 1 > 25 > 14 > 3 > 29 > 11 > 38 > 21 > 11 > 35 > 23 > 14 > 7 > 38 > 30 > 20 > 10 > 1 > 32 > 23 > 14 > 4 > 33 > 20 > 9 > 38 > 28 > 17 > 7 > 34 > 23 > 15 > 7 > 2 > 35 > 28 > 21 > 13 > 3 > 36 > 29 > 23 > 16 > 9 > 2 > 37 > 31 > 25 > 19 > 14 > 8 > 2 > 38 > 32 > 27 > 22 > 17 > 10 > 6 > 40 > 34 > 30 > 24 > 19 > 15 > 9 > 4 > 39 > 33 > 28 > 23 > 18 > 13 > 7 > 2 > 37 > 32 > 25 > 20 > 10 > 40 > 32 > 24 > 16 > 8 > 1 > 36 > 30 > 23 > 17 > 10 > 4 > 38 > 32 > 25 > 19 > 13 > 5 > 38 > 30 > 21 > 13 > 9 > 3 > 34 > 26 > 20 > 12 > 4 > 34 > 25 > 17 > 10 > 1 > 32 > 24 > 16 > 9 > 2 > 33 > 24 > 17 > 9 > 2 > 33 > 25 > 17 > 9 > 2 > 36 > 26 > 19 > 13 > 8 > 1 > 33 > 25 > 17 > 9 > 40 > 29 > 21 > 14 > 8 > 1 > 35 > 28 > 20 > 13 > 6 > 40 > 31 > 23 > 16 > 10 > 5 > 39 > 35 > 28 > 21 > 17 > 11 > 5 > 1 > 35 > 29 > 25 > 19 > 14 > 10 > 4 > 39 > 35 > 29 > 24 > 20 > 14 > 8 > 4 > 38 > 31 > 26 > 20 > 14 > 9 > 4 > 38 > 34 > 28 > 23 > 14 > 7 > 1 > 31 > 20 > 13 > 6 > 1 > 36 > 30 > 24 > 15 > 7 > 39 > 31 > 22 > 17 > 11 > 6 > 40 > 35 > 28 > 21 > 16 > 10 > 3 > 38 > 32 > 25 > 18 > 11 > 6 > 39 > 32 > 26 > 20 > 13 > 3 > 36 > 27 > 20 > 14 > 9 > 3 > 37 > 32 > 27 > 21 > 17 > 10 > 3 > 38 > 31 > 24 > 18 > 13 > 7 > 1 > 37 > 30 > 24 > 20 > 14 > 9 > 3 > 39 > 31 > 25 > 19 > 14 > 7 > 39 > 32 > 26 > 21 > 15 > 9 > 5 > 40 > 34 > 28 > 21 > 15 > 8 > 2 > 36 > 30 > 25 > 18 > 13 > 7 > 1 > 34 > 29 > 23 > 17 > 13 > 7 > 40 > 33 > 26 > 21 > 14 > 8 > 2 > 35 > 28 > 23 > 18 > 12 > 3 > 35 > 29 > 25 > 19 > 12 > 5 > 39 > 32 > 26 > 21 > 15 > 10 > 5 > 37 > 27 > 19 > 11 > 3 > 35 > 26 > 18 > 11 > 2 > 35 > 30 > 23 > 16 > 10 > 5 > 39 > 32 > 25 > 21 > 15 > 8 > 3 > 38 > 32 > 28 > 22 > 16 > 11 > 5 > 39 > 32 > 26 > 20 > 14 > 9 > 4 > 36 > 31 > 26 > 20 > 15 > 10 > 4 > 39 > 32 > 25 > 18 > 13 > 7 > 1 > 35 > 27 > 22 > 15 > 9 > 4 > 39 > 33 > 26 > 20 > 14 > 7 > 1 > 35 > 30 > 23 > 17 > 10 > 4 > 37 > 26 > 19 > 12 > 7 > 2 > 36 > 31 > 25 > 19 > 14 > 7 > 1 > 34 > 30 > 19 > 14 > 8 > 2 > 38 > 32 > 26 > 21 > 15 > 10 > 5 > 39 > 33 > 28 > 22 > 17 > 12 > 7 > 1 > 36 > 31 > 25 > 20 > 14 > 7 > 2 > 36 > 29 > 25 > 19 > 13 > 9 > 3 > 38 > 33 > 28 > 22 > 17 > 12 > 6 > 1 > 35 > 30 > 25 > 20 > 14 > 10 > 5 > 39 > 35 > 29 > 24 > 19 > 13 > 8 > 3 > 37 > 31 > 27 > 22 > 17 > 12 > 6 > 1 > 37 > 31 > 25 > 21 > 16 > 10 > 5 > 40 > 34 > 29 > 24 > 19 > 15 > 9 > 4 > 39 > 34 > 29 > 24 > 19 > 14 > 9 > 3 > 37 > 33 > 28 > 22 > 18 > 12 > 7 > 2 > 37 > 31 > 27 > 21 > 16 > 10 > 4 > 39 > 34 > 29 > 21 > 14 > 9 > 4 > 39 > 34 > 28 > 22 > 14 > 9 > 3 > 37 > 31 > 26 > 20 > 16 > 10 > 4 > 40 > 34 > 29 > 24 > 19 > 13 > 8 > 3 > 37 > 32 > 27 > 21 > 16 > 11 > 5 > 1 > 36 > 30 > 25 > 20 > 14 > 9 > 4 > 38 > 34 > 28 > 22 > 18 > 12 > 6 > 2 > 36 > 31 > 27 > 21 > 16 > 11 > 5 > 40 > 35 > 29 > 24 > 19 > 14 > 9 > 4 > 39 > 33 > 29 > 23 > 17 > 12 > 5 > 39 > 33 > 28 > 22 > 17 > 12 > 7 > 1 > 37 > 30 > 23 > 16 > 10 > 4 > 38 > 32 > 27 > 22 > 16 > 10 > 3 > 38 > 31 > 25 > 19 > 10 > 5 > 39 > 33 > 27 > 23 > 18 > 12 > 7 > 2 > 33 > 26 > 21 > 14 > 6 > 40 > 35 > 30 > 24 > 17 > 12 > 6 > 40 > 35 > 28 > 22 > 15 > 9 > 1 > 34 > 28 > 21 > 16 > 9 > 5 > 39 > 32 > 28 > 22 > 15 > 8 > 3 > 37 > 25 > 12 > 40 > 29 > 22 > 17 > 11 > 4 > 39 > 33 > 27 > 22 > 16 > 10 > 3 > 39 > 30 > 23 > 15 > 10 > 5 > 40 > 33 > 26 > 20 > 11 > 2 > 35 > 28 > 16 > 7 > 40 > 30 > 23 > 18 > 10 > 3 > 36 > 31 > 25 > 20 > 11 > 3 > 35 > 30 > 25 > 19 > 14 > 8 > 1 > 34 > 28 > 22 > 15 > 7 > 40 > 33 > 28 > 22 > 16 > 11 > 5 > 39 > 34 > 25 > 17 > 8 > 2 > 33 > 25 > 20 > 14 > 7 > 40 > 35 > 30 > 23 > 17 > 11 > 5 > 37 > 32 > 28 > 23 > 18 > 13 > 8 > 3 > 38 > 32 > 24 > 17 > 13 > 7 > 3 > 36 > 29 > 21 > 13 > 5 > 38 > 33 > 26 > 16 > 6 > 38 > 33 > 26 > 20 > 12 > 2 > 36 > 31 > 26 > 20 > 15 > 4 > 37 > 29 > 21 > 12 > 5 > 37 > 28 > 21 > 13 > 6 > 39 > 32 > 27 > 21 > 15 > 8 > 3 > 33 > 26 > 18 > 11 > 40 > 33 > 26 > 20 > 14 > 7 > 1 > 36 > 30 > 24 > 17 > 12 > 5 > 39 > 33 > 28 > 23 > 17 > 12 > 6 > 40 > 36 > 30 > 25 > 20 > 14 > 9 > 3 > 37 > 32 > 26 > 19 > 12 > 4 > 36 > 29 > 24 > 17 > 10 > 3 > 34 > 27 > 21 > 17 > 11 > 6 > 1 > 36 > 31 > 26 > 21 > 15 > 10 > 4 > 39 > 34 > 29 > 23 > 18 > 11 > 3 > 34 > 27 > 19 > 13 > 8 > 2 > 36 > 31 > 25 > 20 > 15 > 9 > 4 > 40 > 34 > 29 > 24 > 18 > 12 > 8 > 2 > 37 > 32 > 27 > 21 > 17 > 12 > 7 > 2 > 37 > 31 > 27 > 21 > 15 > 10 > 5 > 40 > 35 > 29 > 24 > 19 > 14 > 9 > 4 > 39 > 34 > 29 > 24 > 18 > 13 > 8 > 1 > 37 > 31 > 26 > 21 > 16 > 10 > 5 > 40 > 35 > 30 > 25 > 20 > 15 > 9 > 4 > 39 > 33 > 28 > 23 > 18 > 12 > 8 > 2 > 37 > 33 > 27 > 22 > 17 > 10 > 4 > 35 > 31 > 24 > 19 > 14 > 8 > 3 > 38 > 33 > 27 > 23 > 16 > 10 > 2 > 37 > 31 > 25 > 21 > 15 > 9 > 4 > 39 > 33 > 29 > 24 > 18 > 14 > 8 > 2 > 37 > 32 > 26 > 22 > 17 > 11 > 7 > 1 > 35 > 30 > 25 > 20 > 15 > 9 > 3 > 39 > 34 > 28 > 24 > 17 > 12 > 7 > 2 > 36 > 32 > 27 > 21 > 17 > 11 > 5 > 1 > 36 > 30 > 26 > 21 > 15 > 11 > 6 > 1 > 36 > 30 > 26 > 21 > 15 > 11 > 5 > 40 > 36 > 30 > 25 > 20 > 15 > 10 > 6 > 40 > 32 > 28 > 23 > 17 > 12 > 7 > 1 > 37 > 32 > 26 > 22 > 17 > 12 > 7 > 2 > 37 > 33 > 27 > 22 > 17 > 12 > 6 > 2 > 36 > 31 > 27 > 21 > 17 > 12 > 7 > 3 > 37 > 32 > 28 > 22 > 17 > 12 > 7 > 2 > 37 > 32 > 27 > 23 > 18 > 12 > 8 > 3 > 39 > 33 > 28 > 24 > 18 > 12 > 8 > 3 > 37 > 33 > 28 > 23 > 18 > 13 > 8 > 4 > 38 > 33 > 29 > 23 > 17 > 13 > 8 > 2 > 38 > 33 > 28 > 23 > 18 > 13 > 8 > 3 > 38 > 33 > 29 > 23 > 18 > 13 > 7 > 3 > 38 > 32 > 28 > 23 > 18 > 13 > 8 > 2 > 38 > 33 > 27 > 23 > 17 > 12 > 7 > 40 > 34 > 30 > 24 > 18 > 11 > 4 > 38 > 31 > 25 > 19 > 11 > 4 > 39 > 29 > 23 > 17 > 13 > 7 > 40 > 32 > 25 > 17 > 12 > 7 > 1 > 36 > 29 > 22 > 15 > 10 > 3 > 38 > 31 > 23 > 18 > 12 > 6 > 2 > 36 > 32 > 26 > 20 > 16 > 10 > 5 > 40 > 35 > 29 > 25 > 18 > 11 > 4 > 38 > 32 > 27 > 21 > 17 > 7 > 1 > 35 > 29 > 23 > 17 > 10 > 3 > 38 > 33 > 27 > 20 > 14 > 8 > 2 > 36 > 31 > 22 > 15 > 9 > 3 > 37 > 32 > 27 > 21 > 17 > 12 > 7 > 2 > 37 > 30 > 23 > 18 > 12 > 6 > 1 > 34 > 28 > 22 > 18 > 13 > 7 > 3 > 37 > 31 > 27 > 21 > 15 > 11 > 6 > 1 > 36 > 31 > 25 > 21 > 16 > 10 > 6 > 1 > 35 > 30 > 24 > 18 > 14 > 8 > 2 > 38 > 33 > 27 > 23 > 18 > 13 > 9 > 3 > 38 > 33 > 27 > 22 > 17 > 12 > 7 > 2 > 37 > 32 > 28 > 22 > 17 > 13 > 8 > 2 > 37 > 28 > 22 > 18 > 13 > 7 > 3 > 37 > 32 > 28 > 22 > 17 > 12 > 7 > 2 > 38 > 32 > 26 > 22 > 16 > 11 > 7 > 1 > 36 > 31 > 26 > 22 > 17 > 12 > 7 > 2 > 36 > 32 > 26 > 20 > 16 > 11 > 5 > 1 > 35 > 30 > 25 > 20 > 15 > 11 > 5 > 40 > 36 > 30 > 24 > 20 > 15 > 10 > 5 > 40 > 36 > 30 > 25 > 21 > 15 > 10 > 6 > 1 > 35 > 30 > 25 > 21 > 16 > 10 > 6 > 1 > 35 > 31 > 26 > 21 > 17 > 11 > 6 > 2 > 37 > 31 > 27 > 21 > 16 > 11 > 6 > 1 > 37 > 31 > 26 > 21 > 16 > 10 > 5 > 39 > 33 > 28 > 23 > 17 > 12 > 6 > 1 > 36 > 31 > 19 > 14 > 10 > 4 > 39 > 34 > 29 > 23 > 19 > 13 > 8 > 4 > 38 > 33 > 29 > 23 > 19 > 14 > 8 > 4 > 37 > 31 > 26 > 19 > 13 > 8 > 3 > 37 > 33 > 28 > 22 > 18 > 12 > 7 > 3 > 37 > 29 > 21 > 13 > 8 > 2 > 36 > 31 > 25 > 19 > 14 > 9 > 2 > 32 > 26 > 21 > 16 > 11 > 7 > 1 > 32 > 16 > 8 > 40 > 32 > 26 > 21 > 15 > 10 > 5 > 39 > 33 > 29 > 23 > 18 > 13 > 8 > 3 > 38 > 33 > 27 > 23 > 18 > 13 > 9 > 4 > 38 > 34 > 29 > 23 > 19 > 14 > 8 > 4 > 39 > 33 > 29 > 24 > 18 > 14 > 9 > 4 > 40 > 35 > 30 > 26 > 21 > 16 > 12 > 6 > 1 > 37 > 31 > 27 > 22 > 17 > 11 > 7 > 2 > 37 > 33 > 28 > 24 > 19 > 13 > 9 > 4 > 39 > 34 > 29 > 23 > 19 > 14 > 10 > 5 > 40 > 35 > 31 > 26 > 22 > 17 > 12 > 7 > 2 > 37 > 32 > 27 > 22 > 18 > 13 > 9 > 4 > 39 > 35 > 30 > 25 > 21 > 16 > 10 > 6 > 40 > 34 > 31 > 26 > 21 > 16 > 11 > 7 > 2 > 37 > 33 > 28 > 22 > 18 > 12 > 7 > 3 > 37 > 32 > 28 > 23 > 18 > 14 > 9 > 5 > 40 > 34 > 31 > 26 > 21 > 17 > 11 > 7 > 1 > 37 > 32 > 27 > 23 > 17 > 12 > 8 > 3 > 39 > 34 > 29 > 25 > 20 > 15 > 11 > 5 > 40 > 35 > 30 > 25 > 21 > 16 > 12 > 7 > 2 > 37 > 32 > 27 > 23 > 18 > 12 > 8 > 2 > 37 > 33 > 28 > 24 > 19 > 14 > 9 > 4 > 39 > 35 > 30 > 26 > 21 > 15 > 11 > 6 > 2 > 36 > 31 > 27 > 22 > 17 > 12 > 7 > 2 > 38 > 33 > 29 > 24 > 19 > 14 > 9 > 4 > 40 > 34 > 29 > 25 > 20 > 15 > 11 > 6 > 1 > 36 > 32 > 27 > 22 > 17 > 12 > 7 > 1 > 37 > 32 > 27 > 23 > 18 > 14 > 9 > 5 > 40 > 35 > 30 > 26 > 21 > 15 > 8 > 1 > 37 > 32 > 28 > 23 > 18 > 14 > 9 > 4 > 40 > 35 > 31 > 26 > 20 > 16 > 11 > 7 > 2 > 37 > 33 > 28 > 23 > 20 > 14 > 11 > 6 > 1 > 37 > 32 > 28 > 23 > 17 > 13 > 8 > 3 > 39 > 34 > 30 > 25 > 20 > 16 > 11 > 7 > 2 > 37 > 33 > 27 > 23 > 18 > 13 > 9 > 4 > 39 > 35 > 30 > 26 > 21 > 15 > 10 > 6 > 1 > 36 > 32 > 27 > 22 > 18 > 12 > 8 > 4 > 38 > 34 > 29 > 25 > 20 > 15 > 11 > 6 > 1 > 37 > 32 > 27 > 22 > 17 > 13 > 8 > 4 > 39 > 34 > 31 > 26 > 19 > 16 > 11 > 8 > 3 > 39 > 33 > 28 > 24 > 19 > 14 > 10 > 5 > 1 > 36 > 32 > 27 > 22 > 17 > 12 > 7 > 3 > 37 > 32 > 28 > 22 > 17 > 13 > 7 > 4 > 38 > 33 > 29 > 24 > 18 > 14 > 9 > 4 > 40 > 34 > 29 > 25 > 19 > 14 > 10 > 4 > 39 > 35 > 30 > 24 > 20 > 15 > 11 > 6 > 1 > 37 > 31 > 26 > 22 > 17 > 12 > 8 > 2 > 37 > 33 > 28 > 23 > 19 > 14 > 10 > 5 > 1 > 36 > 31 > 27 > 22 > 17 > 13 > 8 > 4 > 39 > 34 > 30 > 25 > 20 > 15 > 10 > 5 > 40 > 34 > 30 > 25 > 19 > 15 > 10 > 5 > 1 > 36 > 32 > 27 > 21 > 17 > 12 > 7 > 3 > 38 > 32 > 28 > 23 > 19 > 14 > 10 > 5 > 40 > 36 > 31 > 25 > 21 > 15 > 10 > 6 > 40 > 35 > 31 > 26 > 21 > 17 > 12 > 8 > 3 > 38 > 33 > 28 > 24 > 19 > 15 > 11 > 6 > 40 > 36 > 31 > 26 > 22 > 17 > 12 > 8 > 3 > 39 > 34 > 30 > 25 > 20 > 16 > 11 > 7 > 2 > 36 > 32 > 27 > 22 > 18 > 13 > 9 > 5 > 1 > 36 > 30 > 26 > 20 > 15 > 11 > 5 > 40 > 36 > 30 > 26 > 21 > 16 > 12 > 7 > 3 > 38 > 32 > 27 > 23 > 18 > 13 > 9 > 3 > 38 > 34 > 28 > 23 > 19 > 14 > 9 > 5 > 40 > 35 > 30 > 25 > 20 > 16 > 11 > 4 > 40 > 34 > 29 > 24 > 19 > 15 > 10 > 4 > 40 > 35 > 31 > 26 > 21 > 17 > 11 > 6 > 1 > 36 > 31 > 27 > 22 > 18 > 13 > 9 > 4 > 38 > 30 > 26 > 21 > 17 > 12 > 7 > 3 > 38 > 33 > 29 > 24 > 20 > 15 > 10 > 6 > 1 > 37 > 32 > 27 > 23 > 18 > 14 > 8 > 3 > 39 > 34 > 30 > 25 > 20 > 16 > 11 > 7 > 2 > 37 > 33 > 28 > 24 > 19 > 14 > 10 > 4 > 39 > 35 > 30 > 25 > 21 > 16 > 12 > 7 > 2 > 38 > 33 > 29 > 24 > 19 > 14 > 9 > 5 > 40 > 35 > 31 > 26 > 22 > 16 > 12 > 8 > 2 > 37 > 33 > 28 > 23 > 19 > 14 > 8 > 4 > 39 > 33 > 29 > 23 > 18 > 14 > 9 > 3 > 39 > 34 > 29 > 25 > 19 > 14 > 9 > 4 > 38 > 34 > 28 > 23 > 18 > 12 > 7 > 2 > 37 > 32 > 27 > 22 > 17 > 11 > 6 > 1 > 35 > 30 > 25 > 19 > 14 > 9 > 3 > 38 > 33 > 28 > 23 > 18 > 13 > 8 > 2 > 36 > 32 > 26 > 21 > 16 > 11 > 5 > 40 > 35 > 29 > 25 > 20 > 14 > 10 > 4 > 39 > 35 > 29 > 25 > 20 > 15 > 11 > 6 > 1 > 36 > 31 > 26 > 22 > 16 > 11 > 7 > 1 > 36 > 32 > 27 > 21 > 17 > 12 > 7 > 3 > 38 > 34 > 29 > 24 > 20 > 15 > 9 > 5 > 39 > 34 > 30 > 25 > 20 > 16 > 11 > 7 > 2 > 37 > 32 > 27 > 22 > 17 > 12 > 4 > 38 > 34 > 29 > 24 > 20 > 15 > 11 > 6 > 40 > 36 > 31 > 27 > 22 > 17 > 13 > 7 > 2 > 38 > 33 > 28 > 24 > 18 > 13 > 9 > 4 > 1 > 36 > 31 > 27 > 22 > 17 > 13 > 7 > 2 > 38 > 33 > 28 > 24 > 19 > 14 > 10 > 5 > 1 > 35 > 30 > 26 > 21 > 16 > 12 > 6 > 1 > 37 > 32 > 28 > 22 > 17 > 13 > 6 > 1 > 35 > 31 > 26 > 21 > 16 > 11 > 5 > 1 > 36 > 32 > 27 > 22 > 18 > 13 > 8 > 4 > 39 > 35 > 30 > 25 > 21 > 16 > 11 > 6 > 1 > 37 > 32 > 27 > 23 > 18 > 14 > 9 > 4 > 40 > 35 > 31 > 26 > 21 > 16 > 11 > 7 > 2 > 37 > 33 > 28 > 22 > 19 > 14 > 10 > 5 > 40 > 36 > 30 > 26 > 21 > 15 > 10 > 6 > 1 > 35 > 31 > 26 > 20 > 16 > 11 > 5 > 1 > 36 > 31 > 26 > 21 > 16 > 11 > 6 > 1 > 36 > 31 > 28 > 22 > 17 > 13 > 8 > 2 > 38 > 33 > 29 > 23 > 18 > 12 > 8 > 3 > 38 > 33 > 28 > 23 > 19 > 14 > 9 > 5 > 40 > 35 > 30 > 25 > 20 > 15 > 10 > 6 > 1 > 37 > 32 > 27 > 23 > 18 > 13 > 9 > 4 > 40 > 35 > 29 > 25 > 19 > 14 > 10 > 5 > 1 > 36 > 31 > 27 > 22 > 18 > 13 > 8 > 4 > 39 > 34 > 30 > 25 > 19 > 15 > 10 > 5 > 1 > 36 > 30 > 27 > 22 > 18 > 13 > 8 > 4 > 38 > 34 > 29 > 23 > 19 > 14 > 9 > 5 > 40 > 36 > 31 > 26 > 22 > 17 > 13 > 8 > 3 > 39 > 33 > 28 > 24 > 19 > 13 > 8 > 3 > 38 > 33 > 28 > 24 > 19 > 14 > 9 > 3 > 37 > 33 > 28 > 22 > 18 > 13 > 8 > 4 > 39 > 34 > 30 > 25 > 21 > 16 > 12 > 7 > 1 > 37 > 31 > 26 > 22 > 17 > 12 > 8 > 3 > 39 > 34 > 29 > 25 > 20 > 15 > 10 > 5 > 40 > 36 > 30 > 25 > 21 > 16 > 11 > 7 > 1 > 37 > 29 > 24 > 20 > 15 > 11 > 6 > 40 > 36 > 31 > 26 > 21 > 16 > 11 > 6 > 1 > 37 > 32 > 27 > 23 > 17 > 13 > 8 > 2 > 38 > 32 > 27 > 23 > 17 > 12 > 8 > 3 > 37 > 33 > 28 > 23 > 18 > 13 > 8 > 3 > 38 > 33 > 29 > 24 > 20 > 15 > 10 > 6 > 1 > 36 > 32 > 27 > 23 > 18 > 14 > 9 > 3 > 39 > 34 > 30 > 25 > 20 > 16 > 11 > 6 > 2 > 37 > 33 > 28 > 23 > 19 > 14 > 9 > 5 > 39 > 34 > 30 > 25 > 21 > 16 > 11 > 7 > 2 > 36 > 33 > 28 > 24 > 19 > 14 > 10 > 4 > 39 > 35 > 30 > 25 > 21 > 16 > 12 > 7 > 1 > 37 > 33 > 29 > 24 > 19 > 14 > 9 > 4 > 40 > 35 > 31 > 26 > 21 > 17 > 12 > 7 > 3 > 38 > 34 > 29 > 25 > 20 > 15 > 10 > 5 > 40 > 36 > 31 > 26 > 22 > 17 > 11 > 7 > 2 > 37 > 33 > 28 > 23 > 18 > 13 > 9 > 4 > 39 > 34 > 30 > 25 > 21 > 15 > 12 > 6 > 1 > 37 > 32 > 29 > 24 > 18 > 14 > 9 > 4 > 40 > 35 > 29 > 25 > 20 > 15 > 11 > 6 > 2 > 37 > 31 > 27 > 22 > 17 > 12 > 7 > 1 > 37 > 32 > 28 > 23 > 18 > 14 > 9 > 4 > 40 > 35 > 30 > 25 > 20 > 14 > 10 > 5 > 40 > 36 > 31 > 27 > 22 > 17 > 12 > 7 > 2 > 38 > 33 > 28 > 24 > 18 > 14 > 9 > 5 > 40 > 34 > 30 > 25 > 20 > 15 > 10 > 5 > 1 > 36 > 32 > 27 > 22 > 18 > 13 > 9 > 4 > 39 > 35 > 30 > 26 > 21 > 17 > 12 > 7 > 3 > 38 > 33 > 29 > 23 > 18 > 14 > 9 > 4 > 40 > 35 > 31 > 26 > 22 > 17 > 12 > 8 > 4 > 38 > 35 > 29 > 23 > 19 > 14 > 9 > 5 > 40 > 36 > 31 > 27 > 22 > 18 > 13 > 8 > 4 > 39 > 34 > 30 > 24 > 19 > 15 > 10 > 5 > 1 > 36 > 32 > 27 > 22 > 18 > 13 > 8 > 4 > 39 > 34 > 29 > 24 > 20 > 15 > 11 > 6 > 1 > 36 > 31 > 26 > 22 > 17 > 13 > 9 > 4 > 39 > 34 > 29 > 25 > 20 > 15 > 10 > 5 > 1 > 36 > 31 > 27 > 22 > 16 > 12 > 7 > 3 > 38 > 33 > 29 > 24 > 20 > 13 > 7 > 2 > 38 > 33 > 29 > 24 > 19 > 15 > 10 > 5 > 40 > 35 > 30 > 25 > 20 > 15 > 11 > 6 > 2 > 37 > 32 > 28 > 23 > 19 > 14 > 9 > 5 > 39 > 33 > 29 > 24 > 19 > 15 > 10 > 5 > 40 > 35 > 31 > 26 > 21 > 17 > 12 > 7 > 2 > 37 > 31 > 27 > 22 > 17 > 13 > 8 > 4 > 39 > 35 > 30 > 24 > 20 > 15 > 10 > 6 > 1 > 35 > 31 > 26 > 22 > 17 > 13 > 8 > 4 > 40 > 34 > 30 > 25 > 20 > 15 > 12 > 6 > 1 > 36 > 31 > 26 > 22 > 17 > 13 > 8 > 3 > 39 > 35 > 31 > 25 > 20 > 16 > 11 > 7 > 1 > 36 > 32 > 27 > 23 > 19 > 14 > 10 > 5 > 1 > 36 > 31 > 27 > 22 > 18 > 13 > 8 > 3 > 38 > 33 > 29 > 24 > 19 > 15 > 10 > 6 > 1 > 36 > 32 > 27 > 22 > 18 > 13 > 9 > 4 > 38 > 35 > 30 > 26 > 21 > 16 > 12 > 7 > 3 > 38 > 33 > 29 > 24 > 20 > 15 > 10 > 6 > 40 > 35 > 31 > 26 > 21 > 17 > 12 > 8 > 3 > 38 > 34 > 29 > 25 > 20 > 15 > 11 > 6 > 2 > 37 > 32 > 28 > 23 > 19 > 14 > 9 > 5 > 40 > 36 > 31 > 26 > 22 > 17 > 12 > 7 > 2 > 37 > 33 > 28 > 24 > 19 > 14 > 10 > 5 > 40 > 36 > 31 > 26 > 22 > 16 > 11 > 7 > 2 > 37 > 33 > 28 > 24 > 19 > 13 > 9 > 4 > 39 > 35 > 30 > 25 > 20 > 15 > 9 > 5 > 40 > 36 > 31 > 26 > 22 > 17 > 13 > 8 > 2 > 38 > 33 > 29 > 24 > 19 > 15 > 10 > 4 > 40 > 35 > 31 > 26 > 21 > 17 > 12 > 6 > 2 > 37 > 30 > 25 > 20 > 14 > 10 > 5 > 1 > 36 > 31 > 27 > 22 > 17 > 13 > 8 > 3 > 39 > 34 > 30 > 24 > 19 > 14 > 9 > 5 > 1 > 35 > 31 > 25 > 20 > 16 > 11 > 7 > 3 > 37 > 33 > 27 > 21 > 17 > 12 > 7 > 3 > 38 > 32 > 29 > 24 > 18 > 14 > 9 > 5 > 40 > 36 > 31 > 26 > 21 > 16 > 11 > 7 > 2 > 37 > 33 > 28 > 24 > 19 > 15 > 10 > 5 > 1 > 36 > 31 > 27 > 21 > 16 > 12 > 7 > 3 > 38 > 33 > 29 > 24 > 20 > 15 > 11 > 6 > 40 > 34 > 29 > 24 > 20 > 14 > 10 > 5 > 40 > 36 > 31 > 26 > 22 > 17 > 13 > 7 > 2 > 37 > 32 > 27 > 22 > 17 > 11 > 7 > 1 > 36 > 31 > 26 > 21 > 17 > 12 > 8 > 2 > 37 > 32 > 27 > 22 > 18 > 13 > 8 > 3 > 39 > 34 > 29 > 24 > 19 > 14 > 9 > 5 > 40 > 34 > 30 > 24 > 19 > 15 > 9 > 5 > 40 > 35 > 30 > 25 > 20 > 15 > 10 > 4 > 40 > 35 > 29 > 24 > 19 > 14 > 10 > 5 > 1 > 36 > 31 > 27 > 21 > 18 > 13 > 8 > 4 > 38 > 32 > 28 > 23 > 19 > 14 > 9 > 5 > 40 > 35 > 31 > 26 > 22 > 17 > 13 > 8 > 3 > 38 > 33 > 28 > 24 > 19 > 15 > 10 > 5 > 1 > 36 > 32 > 27 > 21 > 18 > 13 > 9 > 4 > 40 > 35 > 29 > 26 > 21 > 17 > 12 > 7 > 3 > 38 > 34 > 29 > 24 > 20 > 15 > 11 > 6 > 40 > 36 > 31 > 27 > 22 > 17 > 13 > 8 > 4 > 39 > 34 > 30 > 25 > 20 > 16 > 11 > 7 > 1 > 36 > 32 > 27 > 23 > 18 > 14 > 10 > 5 > 1 > 36 > 31 > 27 > 22 > 17 > 13 > 8 > 4 > 39 > 34 > 30 > 25 > 20 > 16 > 11 > 7 > 2 > 37 > 33 > 28 > 24 > 19 > 14 > 10 > 5 > 40 > 36 > 31 > 27 > 22 > 17 > 13 > 8 > 4 > 39 > 34 > 30 > 25 > 21 > 16 > 10 > 6 > 1 > 37 > 32 > 27 > 23 > 18 > 14 > 9 > 4 > 40 > 35 > 31 > 26 > 21 > 17 > 11 > 6 > 2 > 37 > 33 > 28 > 22 > 18 > 13 > 8 > 4 > 39 > 34 > 30 > 25 > 21 > 16 > 9 > 3 > 39 > 33 > 28 > 23 > 18 > 13 > 8 > 3 > 38 > 34 > 29 > 25 > 20 > 14 > 10 > 5 > 40 > 35 > 30 > 26 > 21 > 16 > 12 > 7 > 2 > 38 > 33 > 29 > 24 > 19 > 15 > 9 > 5 > 1 > 35 > 30 > 26 > 21 > 16 > 12 > 7 > 2 > 38 > 33 > 29 > 24 > 20 > 15 > 10 > 6 > 40 > 36 > 32 > 27 > 23 > 18 > 13 > 9 > 4 > 39 > 35 > 30 > 25 > 20 > 15 > 10 > 6 > 1 > 37 > 32 > 27 > 23 > 18 > 14 > 9 > 4 > 40 > 35 > 32 > 27 > 23 > 17 > 12 > 7 > 2 > 37 > 32 > 24 > 19 > 13 > 8 > 4 > 40 > 35 > 31 > 26 > 21 > 16 > 11 > 7 > 2 > 38 > 33 > 28 > 24 > 19 > 15 > 10 > 5 > 1 > 36 > 32 > 27 > 21 > 17 > 12 > 7 > 3 > 38 > 33 > 29 > 24 > 19 > 15 > 10 > 6 > 1 > 36 > 32 > 27 > 22 > 18 > 12 > 9 > 3 > 39 > 34 > 30 > 25 > 20 > 15 > 10 > 7 > 1 > 38 > 33 > 27 > 23 > 18 > 13 > 9 > 3 > 38 > 34 > 29 > 25 > 20 > 15 > 10 > 5 > 40 > 36 > 30 > 24 > 20 > 15 > 10 > 5 > 40 > 35 > 31 > 26 > 22 > 17 > 11 > 7 > 2 > 37 > 33 > 28 > 22 > 18 > 13 > 7 > 3 > 38 > 35 > 30 > 25 > 20 > 15 > 11 > 6 > 2 > 37 > 32 > 27 > 22 > 17 > 13 > 8 > 4 > 39 > 35 > 30 > 25 > 21 > 16 > 11 > 7 > 2 > 38 > 33 > 29 > 23 > 18 > 14 > 9 > 5 > 40 > 35 > 31 > 26 > 23 > 18 > 13 > 9 > 4 > 39 > 34 > 29 > 25 > 20 > 15 > 12 > 6 > 2 > 37 > 33 > 28 > 23 > 18 > 14 > 8 > 3 > 38 > 33 > 28 > 24 > 19 > 15 > 10 > 4 > 1 > 36 > 32 > 27 > 22 > 18 > 13 > 9 > 4 > 39 > 35 > 30 > 26 > 21 > 16 > 12 > 7 > 2 > 38 > 33 > 29 > 24 > 20 > 16 > 11 > 6 > 1 > 35 > 31 > 26 > 22 > 17 > 13 > 9 > 4 > 40 > 35 > 30 > 26 > 21 > 17 > 12 > 7 > 2 > 37 > 31 > 27 > 22 > 17 > 13 > 8 > 3 > 39 > 34 > 30 > 26 > 22 > 17 > 12 > 8 > 3 > 37 > 33 > 28 > 23 > 19 > 14 > 10 > 5 > 40 > 36 > 31 > 27 > 22 > 16 > 13 > 7 > 1 > 37 > 32 > 27 > 23 > 18 > 14 > 9 > 4 > 40 > 35 > 30 > 26 > 20 > 15 > 11 > 6 > 40 > 36 > 31 > 27 > 22 > 17 > 13 > 7 > 2 > 38 > 33 > 29 > 24 > 19 > 15 > 9 > 4 > 40 > 35 > 31 > 25 > 20 > 16 > 11 > 7 > 2 > 37 > 33 > 28 > 23 > 19 > 14 > 10 > 5 > 39 > 35 > 30 > 26 > 21 > 16 > 12 > 7 > 2 > 38 > 33 > 29 > 24 > 20 > 15 > 9 > 6 > 40 > 35 > 32 > 27 > 23 > 18 > 14 > 9 > 4 > 40 > 35 > 31 > 26 > 18 > 12 > 8 > 3 > 38 > 34 > 29 > 25 > 20 > 15 > 11 > 6 > 2 > 38 > 33 > 29 > 24 > 19 > 14 > 8 > 4 > 39 > 34 > 30 > 25 > 21 > 16 > 11 > 7 > 2 > 38 > 33 > 28 > 23 > 18 > 13 > 9 > 4 > 39 > 35 > 30 > 26 > 21 > 17 > 12 > 7 > 3 > 38 > 34 > 29 > 24 > 19 > 14 > 10 > 5 > 39 > 35 > 30 > 25 > 21 > 16 > 10 > 6 > 1 > 35 > 31 > 26 > 20 > 15 > 9 > 3 > 39 > 34 > 30 > 25 > 20 > 16 > 11 > 6 > 2 > 37 > 33 > 28 > 23 > 18 > 13 > 9 > 4 > 39 > 34 > 29 > 25 > 20 > 15 > 11 > 6 > 2 > 37 > 33 > 27 > 21 > 17 > 12 > 8 > 3 > 38 > 34 > 29 > 25 > 20 > 15 > 10 > 5 > 2 > 36 > 31 > 27 > 22 > 17 > 13 > 7 > 3 > 38 > 34 > 29 > 24 > 20 > 15 > 10 > 6 > 1 > 37 > 31 > 26 > 21 > 16 > 11 > 7 > 2 > 38 > 33 > 28 > 24 > 19 > 15 > 10 > 5 > 1 > 37 > 32 > 27 > 22 > 17 > 14 > 9 > 4 > 40 > 33 > 31 > 26 > 21 > 17 > 12 > 7 > 3 > 37 > 33 > 28 > 23 > 19 > 14 > 10 > 5 > 40 > 36 > 31 > 27 > 22 > 16 > 12 > 7 > 4 > 39 > 33 > 29 > 24 > 20 > 15 > 10 > 6 > 1 > 37 > 32 > 27 > 23 > 18 > 14 > 9 > 4 > 40 > 34 > 29 > 25 > 20 > 16 > 11 > 7 > 2 > 38 > 34 > 29 > 24 > 20 > 15 > 11 > 6 > 40 > 36 > 31 > 26 > 22 > 17 > 13 > 8 > 4 > 39 > 34 > 30 > 25 > 21 > 16 > 11 > 7 > 2 > 36 > 32 > 27 > 23 > 18 > 13 > 9 > 4 > 39 > 35 > 29 > 25 > 21 > 16 > 12 > 7 > 2 > 37 > 31 > 27 > 22 > 17 > 13 > 7 > 2 > 38 > 33 > 29 > 24 > 19 > 15 > 10 > 6 > 40 > 35 > 31 > 26 > 20 > 16 > 11 > 6 > 2 > 37 > 33 > 28 > 23 > 18 > 13 > 7 > 3 > 38 > 33 > 28 > 23 > 18 > 14 > 8 > 3 > 39 > 34 > 29 > 24 > 19 > 16 > 10 > 4 > 40 > 35 > 30 > 26 > 21 > 17 > 12 > 7 > 3 > 38 > 34 > 29 > 24 > 20 > 15 > 11 > 5 > 40 > 36 > 31 > 26 > 22 > 15 > 9 > 4 > 40 > 35 > 31 > 26 > 21 > 17 > 12 > 7 > 3 > 37 > 34 > 28 > 24 > 20 > 14 > 10 > 6 > 2 > 37 > 33 > 28 > 23 > 18 > 13 > 7 > 3 > 38 > 33 > 29 > 24 > 19 > 15 > 10 > 6 > 1 > 36 > 32 > 27 > 23 > 18 > 12 > 8 > 3 > 38 > 34 > 29 > 26 > 21 > 16 > 12 > 7 > 3 > 38 > 33 > 30 > 25 > 20 > 15 > 10 > 6 > 1 > 37 > 32 > 27 > 23 > 18 > 13 > 9 > 4 > 40 > 35 > 30 > 26 > 21 > 15 > 11 > 6 > 40 > 37 > 32 > 28 > 23 > 18 > 14 > 9 > 5 > 40 > 35 > 31 > 25 > 20 > 15 > 10 > 5 > 1 > 36 > 31 > 27 > 22 > 18 > 13 > 8 > 4 > 39 > 34 > 30 > 24 > 19 > 15 > 10 > 5 > 1 > 35 > 30 > 26 > 21 > 16 > 12 > 7 > 3 > 38 > 33 > 28 > 23 > 17 > 13 > 8 > 3 > 39 > 34 > 30 > 25 > 19 > 15 > 10 > 5 > 1 > 36 > 30 > 26 > 21 > 17 > 11 > 6 > 2 > 36 > 31 > 27 > 22 > 17 > 12 > 7 > 2 > 38 > 33 > 27 > 23 > 18 > 13 > 9 > 4 > 39 > 35 > 30 > 26 > 21 > 15 > 11 > 6 > 2 > 37 > 32 > 27 > 23 > 18 > 14 > 9 > 4 > 40 > 35 > 30 > 26 > 21 > 17 > 12 > 7 > 3 > 38 > 33 > 28 > 23 > 18 > 14 > 9 > 6 > 1 > 37 > 32 > 27 > 23 > 18 > 14 > 9 > 4 > 40 > 35 > 29 > 25 > 20 > 15 > 11 > 6 > 2 > 37 > 32 > 28 > 24 > 20 > 15 > 10 > 6 > 1 > 35 > 31 > 26 > 21 > 17 > 12 > 8 > 3 > 38 > 34 > 29 > 25 > 20 > 15 > 11 > 6 > 1 > 36 > 31 > 26 > 22 > 17 > 13 > 8 > 3 > 39 > 34 > 30 > 25 > 20 > 16 > 11 > 6 > 2 > 36 > 31 > 27 > 22 > 18 > 13 > 8 > 4 > 40 > 36 > 31 > 26 > 22 > 17 > 13 > 7 > 2 > 37 > 32 > 27 > 23 > 18 > 14 > 9 > 4 > 40 > 35 > 31 > 26 > 20 > 16 > 11 > 6 > 1 > 36 > 31 > 27 > 22 > 17 > 13 > 8 > 4 > 39 > 34 > 30 > 25 > 21 > 16 > 10 > 5 > 1 > 35 > 30 > 26 > 21 > 17 > 12 > 7 > 3 > 38 > 32 > 28 > 23 > 18 > 14 > 8 > 1 > 35 > 31 > 26 > 21 > 17 > 12 > 6 > 2 > 37 > 31 > 28 > 23 > 19 > 14 > 9 > 5 > 39 > 35 > 30 > 25 > 21 > 16 > 12 > 7 > 2 > 38 > 33 > 29 > 24 > 19 > 15 > 9 > 4 > 40 > 35 > 30 > 27 > 22 > 18 > 13 > 8 > 4 > 39 > 34 > 30 > 25 > 19 > 15 > 10 > 6 > 1 > 36 > 32 > 27 > 23 > 18 > 13 > 9 > 4 > 40 > 35 > 29 > 25 > 19 > 11 > 5 > 40 > 34 > 28 > 23 > 17 > 12 > 8 > 3 > 38 > 34 > 29 > 25 > 20 > 14 > 10 > 5 > 1 > 36 > 30 > 25 > 20 > 15 > 9 > 5 > 39 > 34 > 29 > 23 > 17 > 13 > 8 > 3 > 38 > 33 > 28 > 24 > 19 > 15 > 9 > 4 > 39 > 35 > 30 > 24 > 20 > 14 > 9 > 5 > 40 > 36 > 31 > 26 > 22 > 17 > 12 > 8 > 4 > 40 > 34 > 29 > 25 > 20 > 14 > 10 > 6 > 2 > 37 > 32 > 28 > 22 > 17 > 13 > 8 > 3 > 38 > 33 > 27 > 23 > 17 > 12 > 8 > 3 > 37 > 33 > 28 > 23 > 19 > 13 > 7 > 3 > 38 > 33 > 28 > 23 > 17 > 13 > 8 > 2 > 38 > 33 > 27 > 23 > 18 > 13 > 8 > 3 > 37 > 33 > 27 > 22 > 17 > 12 > 7 > 3 > 38 > 32 > 28 > 23 > 18 > 14 > 8 > 3 > 39 > 33 > 27 > 23 > 18 > 13 > 8 > 3 > 39 > 34 > 30 > 25 > 20 > 16 > 11 > 7 > 2 > 37 > 32 > 27 > 20 > 16 > 10 > 4 > 40 > 33 > 27 > 23 > 17 > 11 > 7 > 2 > 37 > 32 > 27 > 21 > 17 > 12 > 6 > 2 > 37 > 31 > 27 > 22 > 18 > 13 > 8 > 4 > 39 > 33 > 28 > 23 > 18 > 14 > 9 > 4 > 40 > 34 > 29 > 25 > 20 > 15 > 11 > 5 > 1 > 36 > 30 > 26 > 21 > 16 > 12 > 7 > 2 > 38 > 32 > 27 > 23 > 18 > 14 > 9 > 4 > 40 > 34 > 29 > 25 > 20 > 16 > 11 > 7 > 2 > 37 > 33 > 28 > 24 > 19 > 14 > 10 > 5 > 1 > 36 > 30 > 26 > 21 > 16 > 12 > 7 > 3 > 38 > 33 > 29 > 24 > 20 > 15 > 10 > 6 > 40 > 35 > 31 > 26 > 22 > 17 > 12 > 8 > 3 > 39 > 33 > 25 > 20 > 13 > 11 > 6 > 1 > 36 > 31 > 27 > 22 > 17 > 13 > 7 > 3 > 38 > 32 > 28 > 23 > 19 > 14 > 9 > 5 > 40 > 34 > 30 > 25 > 20 > 16 > 11 > 7 > 2 > 37 > 33 > 28 > 24 > 19 > 14 > 10 > 4 > 40 > 35 > 30 > 26 > 21 > 17 > 12 > 7 > 3 > 38 > 33 > 29 > 24 > 20 > 15 > 10 > 5 > 1 > 36 > 32 > 27 > 22 > 18 > 13 > 9 > 4 > 40 > 36 > 31 > 27 > 22 > 18 > 12 > 8 > 3 > 38 > 34 > 29 > 24 > 21 > 16 > 11 > 7 > 2 > 38 > 33 > 29 > 25 > 19 > 14 > 10 > 5 > 1 > 36 > 31 > 27 > 22 > 17 > 13 > 8 > 4 > 39 > 36 > 31 > 25 > 21 > 16 > 11 > 7 > 2 > 37 > 33 > 28 > 23 > 19 > 14 > 9 > 4 > 40 > 36 > 31 > 26 > 21 > 16 > 11 > 7 > 2 > 39 > 33 > 28 > 24 > 19 > 15 > 10 > 5 > 2 > 37 > 32 > 27 > 22 > 18 > 13 > 9 > 4 > 39 > 35 > 30 > 24 > 20 > 15 > 10 > 6 > 1 > 36 > 32 > 27 > 21 > 17 > 12 > 8 > 3 > 38 > 34 > 28 > 25 > 20 > 16 > 11 > 6 > 2 > 37 > 32 > 28 > 22 > 18 > 13 > 8 > 4 > 39 > 35 > 30 > 25 > 21 > 16 > 12 > 7 > 1 > 37 > 32 > 26 > 22 > 17 > 12 > 7 > 2 > 37 > 33 > 28 > 24 > 19 > 14 > 10 > 5 > 1 > 36 > 30 > 26 > 21 > 16 > 12 > 7 > 3 > 38 > 33 > 29 > 24 > 20 > 15 > 10 > 6 > 1 > 37 > 32 > 27 > 23 > 18 > 13 > 9 > 3 > 39 > 34 > 29 > 25 > 20 > 15 > 11 > 6 > 2 > 37 > 33 > 28 > 22 > 17 > 13 > 8 > 4 > 39 > 35 > 30 > 25 > 21 > 16 > 12 > 7 > 2 > 38 > 33 > 27 > 23 > 18 > 14 > 9 > 4 > 1 > 36 > 32 > 27 > 22 > 18 > 13 > 9 > 4 > 39 > 35 > 30 > 24 > 20 > 16 > 12 > 7 > 2 > 38 > 33 > 29 > 24 > 21 > 16 > 11 > 7 > 2 > 36 > 32 > 27 > 23 > 18 > 14 > 10 > 5 > 1 > 36 > 31 > 27 > 22 > 19 > 13 > 9 > 4 > 39 > 34 > 30 > 25 > 20 > 16 > 11 > 7 > 2 > 38 > 33 > 28 > 24 > 19 > 14 > 10 > 4 > 40 > 35 > 30 > 22 > 18 > 13 > 8 > 4 > 39 > 34 > 30 > 25 > 20 > 16 > 11 > 7 > 1 > 36 > 32 > 27 > 22 > 18 > 13 > 9 > 4 > 38 > 34 > 29 > 25 > 20 > 15 > 11 > 5 > 40 > 36 > 30 > 25 > 21 > 16 > 12 > 7 > 2 > 38 > 33 > 29 > 23 > 18 > 14 > 9 > 4 > 39 > 34 > 29 > 25 > 20 > 15 > 11 > 6 > 1 > 36 > 31 > 26 > 22 > 17 > 12 > 7 > 2 > 38 > 33 > 29 > 24 > 19 > 15 > 10 > 4 > 40 > 35 > 32 > 27 > 23 > 17 > 12 > 8 > 2 > 36 > 32 > 26 > 21 > 17 > 12 > 6 > 2 > 37 > 32 > 28 > 23 > 18 > 13 > 8 > 2 > 38 > 33 > 28 > 24 > 19 > 13 > 9 > 4 > 40 > 34 > 29 > 25 > 20 > 14 > 9 > 3 > 37 > 33 > 28 > 23 > 19 > 13 > 8 > 4 > 39 > 33 > 29 > 24 > 19 > 14 > 9 > 4 > 39 > 34 > 29 > 25 > 19 > 14 > 9 > 37 > 32 > 28 > 22 > 18 > 11 > 4 > 39 > 32 > 26 > 20 > 16 > 11 > 5 > 37 > 32 > 27 > 21 > 17 > 12 > 6 > 39 > 35 > 29 > 22 > 18 > 13 > 8 > 4 > 38 > 33 > 29 > 24 > 20 > 14 > 9 > 5 > 39 > 34 > 29 > 24 > 19 > 15 > 10 > 4 > 40 > 35 > 31 > 26 > 20 > 14 > 10 > 5 > 40 > 35 > 30 > 25 > 20 > 15 > 10 > 6 > 1 > 35 > 31 > 26 > 20 > 16 > 11 > 6 > 1 > 36 > 32 > 26 > 21 > 17 > 12 > 8 > 3 > 38 > 34 > 29 > 24 > 19 > 14 > 9 > 5 > 39 > 34 > 30 > 25 > 19 > 15 > 11 > 6 > 1 > 37 > 33 > 28 > 24 > 18 > 13 > 9 > 4 > 39 > 35 > 30 > 25 > 21 > 16 > 12 > 7 > 2 > 38 > 32 > 28 > 23 > 18 > 13 > 8 > 3 > 39 > 34 > 30 > 26 > 22 > 17 > 12 > 8 > 3 > 37 > 34 > 29 > 24 > 19 > 14 > 10 > 5 > 40 > 35 > 30 > 25 > 21 > 16 > 10 > 6 > 1 > 36 > 32 > 27 > 23 > 18 > 13 > 8 > 4 > 39 > 34 > 29 > 25 > 20 > 16 > 11 > 6 > 2 > 37 > 32 > 27 > 22 > 17 > 13 > 8 > 4 > 39 > 34 > 30 > 25 > 21 > 16 > 8 > 4 > 39 > 34 > 30 > 25 > 19 > 15 > 10 > 5 > 1 > 36 > 31 > 27 > 22 > 18 > 13 > 8 > 4 > 39 > 35 > 30 > 25 > 20 > 15 > 10 > 6 > 1 > 37 > 32 > 27 > 23 > 18 > 14 > 9 > 5 > 40 > 35 > 30 > 25 > 20 > 16 > 11 > 7 > 1 > 36 > 32 > 27 > 23 > 18 > 13 > 9 > 4 > 40 > 35 > 29 > 25 > 19 > 14 > 10 > 4 > 37 > 33 > 28 > 22 > 18 > 13 > 7 > 3 > 38 > 33 > 29 > 23 > 18 > 14 > 9 > 5 > 40 > 35 > 31 > 25 > 21 > 16 > 11 > 7 > 2 > 38 > 32 > 27 > 23 > 18 > 13 > 9 > 3 > 38 > 34 > 29 > 25 > 20 > 16 > 11 > 6 > 2 > 37 > 32 > 27 > 22 > 17 > 13 > 8 > 4 > 39 > 34 > 30 > 25 > 22 > 17 > 11 > 7 > 2 > 37 > 32 > 27 > 22 > 18 > 13 > 8 > 4 > 38 > 35 > 30 > 25 > 21 > 16 > 12 > 7 > 3 > 37 > 32 > 28 > 23 > 18 > 13 > 8 > 3 > 39 > 34 > 30 > 24 > 19 > 14 > 9 > 4 > 38 > 32 > 27 > 22 > 17 > 12 > 8 > 3 > 38 > 34 > 29 > 25 > 20 > 16 > 11 > 5 > 40 > 32 > 27 > 22 > 16 > 11 > 6 > 1 > 35 > 30 > 25 > 19 > 15 > 10 > 4 > 40 > 34 > 29 > 25 > 18 > 11 > 3 > 35 > 30 > 24 > 18 > 11 > 5 > 39 > 33 > 28 > 23 > 16 > 11 > 5 > 39 > 32 > 27 > 21 > 14 > 9 > 2 > 35 > 29 > 25 > 20 > 13 > 6 > 2 > 35 > 27 > 21 > 16 > 10 > 3 > 36 > 28 > 23 > 17 > 10 > 5 > 39 > 34 > 29 > 23 > 16 > 11 > 5 > 39 > 34 > 29 > 23 > 18 > 14 > 8 > 3 > 38 > 33 > 27 > 16 > 12 > 34 > 29 > 23 > 18 > 14 > 7 > 40 > 32 > 22 > 14 > 9 > 4 > 39 > 35 > 31 > 19 > 4 > 40 > 34 > 19 > 11 > 2 > 33 > 28 > 22 > 16 > 9 > 4 > 36 > 29 > 23 > 18 > 5 > 40 > 35 > 29 > 24 > 19 > 14 > 10 > 4 > 39 > 35 > 29 > 24 > 20 > 14 > 8 > 39 > 30 > 25 > 19 > 13 > 7 > 3 > 38 > 32 > 28 > 22 > 17 > 12 > 7 > 2 > 37 > 32 > 27 > 22 > 17 > 12 > 7 > 2 > 36 > 31 > 26 > 20 > 16 > 10 > 4 > 39 > 34 > 28 > 23 > 18 > 12 > 8 > 2 > 36 > 32 > 26 > 20 > 16 > 11 > 5 > 1 > 35 > 30 > 26 > 21 > 15 > 11 > 6 > 40 > 35 > 30 > 24 > 19 > 14 > 9 > 5 > 40 > 34 > 29 > 24 > 18 > 14 > 8 > 2 > 37 > 31 > 25 > 19 > 11 > 6 > 1 > 34 > 26 > 20 > 15 > 9 > 3 > 38 > 30 > 20 > 10 > 2 > 34 > 25 > 16 > 8 > 40 > 32 > 25 > 16 > 8 > 39 > 29 > 20 > 14 > 9 > 2 > 35 > 24 > 11 > 0 > 39 > 21 > 3,0,160 > 168 > 8 > 0 > 16 > 0 > 8 > 24 > 168 > 160 > 168 > 8 > 0 > 160 > 168 > 8 > 0 > 8 > 0 > 8 > 0 > 8 > 0 > 8 > 0 > 8 > 0 > 8 > 0 > 8 > 0 > 8 > 0 > 8 > 0 > 8 > 0 > 8 > 0 > 8 > 0 > 160 > 128 > 160 > 128 > 160 > 128 > 160 > 128 > 160 > 168 > 8 > 160 > 168 > 160,1 > 64 > 192 > 0 > 1 > 0 > 64 > 192 > 0 > 1 > 0 > 64 > 192 > 64 > 192 > 64 > 192 > 64 > 192 > 64 > 192 > 64 > 192 > 64 > 192 > 64 > 192 > 64 > 192 > 64 > 192 > 64 > 192 > 64 > 192 > 64 > 192 > 64 > 0 > 64 > 192 > 0 > 1 > 0 > 1 > 0 > 1 > 0 > 1 > 0 > 1,0 > 4 > 0 > 4 > 0 > 4 > 0 > 4 > 0 > 36 > 4 > 0 > 4 > 36 > 4 > 0 > 4 > 0 > 4 > 0,0,+0x1228 secondary reaction timer observed; +0x1210 held instead of decrementing on one or more sampled frames
2026-07-28T21:50:43Z,22856,22860,4,P2-C1,P2,0x927EB9E0,1,Ken the Eagle,hit,64,Standing Hitstun,1,Action 1,64 Standing Hitstun > 1 Action 1,hitstun > neutral,0,0,21,20,0,0,0,0,False,False,False,,,,4,0x00000000,0 > 25 > 11 > 24,0,8 > 168 > 160,0 > 1,4 > 0,0,+0x1228 secondary reaction timer observed
2026-07-28T21:50:54Z,22894,22898,4,P2-C1,P2,0x927EB9E0,1,Ken the Eagle,hit,1,Action 1,1,Action 1,1 Action 1 > 64 Standing Hitstun > 1 Action 1,hitstun > neutral,0,0,21,20,0,0,0,0,False,False,False,,,,4,0x00000000,0 > 28 > 39 > 19,0,0 > 8 > 160,0 > 1,0 > 4 > 0,0,+0x1228 secondary reaction timer observed
2026-07-28T21:51:46Z,23130,23137,7,P2-C1,P2,0x927EB9E0,1,Ken the Eagle,hit,91,Soft Knockdown,1,Action 1,91 Soft Knockdown > 64 Standing Hitstun > 1 Action 1,knockdown > hitstun > neutral,0,0,21,19,0,3,0,1,True,False,False,0,,,7,0x00000000,0 > 38 > 0 > 31 > 12 > 35 > 21,0,8 > 0 > 168 > 160,64 > 192 > 0 > 1,0 > 4 > 0,0,+0x1228 secondary reaction timer observed; +0x1210 held instead of decrementing on one or more sampled frames
2026-07-28T21:52:03Z,23241,23245,4,P2-C1,P2,0x927EB9E0,1,Ken the Eagle,hit,64,Standing Hitstun,1,Action 1,64 Standing Hitstun > 1 Action 1,hitstun > neutral,0,0,21,20,0,0,0,0,False,False,False,,,,4,0x00000000,0 > 30 > 11 > 27,0,8 > 160,0 > 1,4 > 0,0,+0x1228 secondary reaction timer observed
2026-07-28T21:53:46Z,23948,23954,6,P2-C1,P2,0x927EB9E0,1,Ken the Eagle,hit,91,Soft Knockdown,29,Action 29,91 Soft Knockdown > 160 Air Recovery > 64 Standing Hitstun > 29 Action 29,knockdown > air_recovery > hitstun > neutral,0,0,12,11,0,0,0,2,True,False,True,0,,2,6,0x00000000,0 > 27 > 11 > 32,0,8 > 0 > 8 > 32,64 > 193 > 0 > 65 > 193,0 > 4 > 16,0,+0x1228 secondary reaction timer observed; +0x1210 held instead of decrementing on one or more sampled frames
2026-07-28T21:54:04Z,23963,24026,63,P2-C1,P2,0x927EB9E0,1,Ken the Eagle,hit,89,Spiral Knockdown,29,Action 29,89 Spiral Knockdown > 102 Knockdown Face Up > 113 Get Up Face Up > 29 Action 29 > 1 Action 1 > 29 Action 29 > 31 Action 31 > 29 Action 29 > 30 Action 30 > 29 Action 29 > 30 Action 30 > 29 Action 29 > 64 Standing Hitstun > 29 Action 29,knockdown > wakeup > hitstun > neutral,0,0,21,20,254464,6,0,59,True,True,False,0,4,,63,0x00000000,0 > 37 > 32 > 29 > 35 > 20 > 35 > 15 > 34 > 21 > 6 > 39 > 23 > 12 > 2 > 34 > 25 > 17 > 9 > 0 > 38 > 29 > 18 > 10 > 3 > 35 > 27 > 19 > 12 > 6 > 0 > 32 > 24 > 15 > 7 > 39 > 31 > 22 > 14 > 0 > 31 > 22 > 7 > 31 > 15 > 39 > 26 > 13 > 36 > 20 > 38 > 28 > 12 > 36 > 19 > 0 > 32 > 12 > 31,0,8 > 0 > 8 > 32 > 160 > 32 > 160 > 32 > 40 > 32 > 40 > 32 > 40 > 32 > 40 > 32 > 8 > 32,64 > 192 > 0 > 65 > 193 > 65 > 193 > 65 > 193 > 1 > 65 > 193 > 1 > 65 > 193 > 1 > 65 > 193 > 1 > 65 > 193 > 1 > 65 > 193 > 0 > 65 > 193,0 > 4 > 16 > 0 > 16 > 0 > 16 > 0 > 16 > 0 > 16 > 4 > 16,0,+0x1228 secondary reaction timer observed; +0x1210 held instead of decrementing on one or more sampled frames
2026-07-28T21:54:08Z,24037,24041,4,P2-C1,P2,0x927EB9E0,1,Ken the Eagle,hit,30,Action 30,29,Action 29,30 Action 30 > 64 Standing Hitstun > 31 Action 31 > 29 Action 29,hitstun > neutral,0,0,12,12,0,2,1,0,False,False,False,,,,4,0x00000000,0 > 38 > 24 > 8,0,40 > 8 > 168 > 40 > 32,1 > 0 > 1 > 65,0 > 4 > 0 > 16,0,+0x1228 secondary reaction timer observed
2026-07-28T21:54:25Z,24122,24127,5,P2-C1,P2,0x927EB9E0,1,Ken the Eagle,hit,29,Action 29,29,Action 29,29 Action 29 > 91 Soft Knockdown > 30 Action 30 > 29 Action 29,hitstun > knockdown > neutral,0,0,21,20,0,0,0,2,True,False,False,1,,,5,0x00000000,0 > 14 > 35,0,40 > 8 > 32 > 40,193 > 64 > 192 > 1 > 65 > 193,16 > 0 > 16,0,+0x1228 secondary reaction timer observed; +0x1210 held instead of decrementing on one or more sampled frames
2026-07-28T21:54:27Z,24129,24133,4,P2-C1,P2,0x927EB9E0,1,Ken the Eagle,hit,91,Soft Knockdown,29,Action 29,91 Soft Knockdown > 31 Action 31 > 29 Action 29,knockdown > neutral,0,0,21,16,0,0,0,1,True,False,False,0,,,4,0x00000000,0 > 34 > 18 > 4,0,8 > 0 > 160 > 32,64 > 192 > 1 > 65,0 > 16,0,+0x1228 secondary reaction timer observed; +0x1210 held instead of decrementing on one or more sampled frames
2026-07-28T21:54:32Z,24142,24149,7,P2-C1,P2,0x927EB9E0,1,Ken the Eagle,hit,29,Action 29,29,Action 29,29 Action 29 > 91 Soft Knockdown > 160 Air Recovery > 91 Soft Knockdown > 1 Action 1 > 29 Action 29,hitstun > knockdown > air_recovery > knockdown > neutral,0,0,21,20,0,0,0,4,True,False,True,1,,2,7,0x00000000,0 > 39 > 0 > 30 > 11 > 37,0,40 > 8 > 0 > 8 > 160 > 32,193 > 64 > 193 > 64 > 192 > 1 > 65 > 193,16 > 0 > 128 > 16,0,+0x1228 secondary reaction timer observed; +0x1210 held instead of decrementing on one or more sampled frames
2026-07-28T21:54:56Z,24151,24243,92,P2-C1,P2,0x927EB9E0,1,Ken the Eagle,hit,89,Spiral Knockdown,29,Action 29,89 Spiral Knockdown > 102 Knockdown Face Up > 103 Wakeup Transition > 113 Get Up Face Up > 29 Action 29 > 30 Action 30 > 91 Soft Knockdown > 80 Hard Knockdown > 73 Knockdown Face Up > 113 Get Up Face Up > 29 Action 29 > 30 Action 30 > 29 Action 29 > 31 Action 31 > 29 Action 29 > 31 Action 31 > 29 Action 29 > 30 Action 30 > 29 Action 29 > 31 Action 31 > 29 Action 29 > 31 Action 31 > 29 Action 29 > 80 Hard Knockdown > 73 Knockdown Face Up > 113 Get Up Face Up > 29 Action 29 > 30 Action 30 > 29 Action 29 > 30 Action 30 > 64 Standing Hitstun > 29 Action 29,knockdown > wakeup > hitstun > knockdown > wakeup > hitstun > knockdown > wakeup > hitstun > neutral,0,0,21,20,254976,5,0,85,True,True,False,0,4,,92,0x00000000,0 > 38 > 26 > 10 > 33 > 15 > 0 > 39 > 26 > 35 > 20 > 37 > 16 > 0 > 21 > 1 > 27 > 10 > 33 > 19 > 4 > 31 > 9 > 38 > 31 > 18 > 4 > 31 > 19 > 8 > 0 > 38 > 32 > 20 > 12 > 3 > 35 > 27 > 19 > 11 > 39 > 40 > 32 > 23 > 16 > 8 > 40 > 31 > 24 > 15 > 7 > 40 > 34 > 25 > 17 > 8 > 40 > 27 > 9 > 0 > 29 > 30 > 9 > 31 > 17 > 38 > 28 > 3 > 20 > 39 > 28 > 9 > 33 > 17 > 0 > 32 > 18 > 38,0,8 > 0 > 8 > 0 > 32 > 8 > 24 > 8 > 40 > 32 > 40 > 32 > 160 > 32 > 160 > 32 > 160 > 32 > 160 > 32 > 40 > 8 > 0 > 40 > 32 > 56 > 40 > 32 > 40 > 0 > 8 > 40,64 > 192 > 0 > 65 > 193 > 1 > 64 > 192 > 64 > 192 > 0 > 65 > 193 > 1 > 65 > 193 > 1 > 65 > 193 > 1 > 65 > 193 > 1 > 65 > 193 > 1 > 65 > 193 > 1 > 65 > 193 > 64 > 192 > 64 > 0 > 65 > 193 > 1 > 65 > 193 > 1 > 65 > 193 > 0 > 65 > 193,0 > 4 > 16 > 0 > 4 > 16 > 0 > 16 > 0 > 16 > 0 > 16 > 0 > 16 > 0 > 16 > 0 > 16 > 0 > 4 > 16 > 0 > 16 > 0 > 4 > 16,0,+0x1228 secondary reaction timer observed; +0x1210 held instead of decrementing on one or more sampled frames
2026-07-28T21:56:53Z,24683,24686,3,P2-C1,P2,0x927EB9E0,1,Ken the Eagle,hit,91,Soft Knockdown,29,Action 29,91 Soft Knockdown > 29 Action 29,knockdown > neutral,0,0,0,0,0,5,0,0,True,False,False,0,,,3,0x00000000,40 > 23 > 6 > 25,0,8 > 40 > 32,64 > 65 > 193,0 > 16,0,
2026-07-28T21:57:21Z,24688,24775,87,P2-C1,P2,0x927EB9E0,1,Ken the Eagle,hit,89,Spiral Knockdown,29,Action 29,89 Spiral Knockdown > 102 Knockdown Face Up > 113 Get Up Face Up > 29 Action 29 > 32 Action 32 > 29 Action 29 > 30 Action 30 > 29 Action 29 > 31 Action 31 > 29 Action 29 > 31 Action 31 > 29 Action 29 > 30 Action 30 > 29 Action 29 > 31 Action 31 > 29 Action 29 > 30 Action 30 > 29 Action 29 > 30 Action 30 > 31 Action 31 > 29 Action 29 > 31 Action 31 > 29 Action 29 > 30 Action 30 > 91 Soft Knockdown > 160 Air Recovery > 29 Action 29 > 31 Action 31 > 29 Action 29 > 64 Standing Hitstun > 31 Action 31 > 29 Action 29,knockdown > wakeup > hitstun > knockdown > air_recovery > hitstun > neutral,0,0,21,20,250624,5,0,81,True,True,True,0,4,69,87,0x00000000,0 > 22 > 28 > 8 > 24 > 31 > 9 > 28 > 39 > 15 > 38 > 16 > 39 > 20 > 2 > 25 > 10 > 30 > 10 > 26 > 11 > 40 > 28 > 14 > 38 > 21 > 38 > 31 > 19 > 5 > 29 > 12 > 40 > 28 > 20 > 12 > 4 > 36 > 18 > 38 > 31 > 17 > 7 > 27 > 0 > 29 > 9 > 13 > 29 > 6 > 19 > 40 > 0 > 21 > 33 > 12 > 40 > 25 > 3 > 24 > 39 > 20 > 37 > 19 > 38 > 0 > 38 > 29 > 14 > 33 > 9 > 40 > 21 > 6 > 29 > 6 > 29 > 8 > 25 > 7 > 0 > 33 > 14 > 38,0,8 > 0 > 8 > 40 > 32 > 40 > 56 > 40 > 32 > 40 > 32 > 160 > 32 > 168 > 40 > 32 > 40 > 32 > 168 > 40 > 32 > 40 > 32 > 40 > 168 > 32 > 160 > 32 > 40 > 32 > 40 > 32 > 8 > 0 > 32 > 40 > 32 > 168 > 40 > 32 > 40 > 8 > 168 > 40,64 > 192 > 0 > 65 > 193 > 65 > 193 > 1 > 65 > 193 > 1 > 65 > 193 > 1 > 65 > 193 > 1 > 65 > 193 > 1 > 65 > 193 > 1 > 65 > 193 > 1 > 65 > 193 > 65 > 193 > 65 > 193 > 1 > 65 > 193 > 1 > 65 > 193 > 65 > 193 > 1 > 64 > 193 > 65 > 193 > 1 > 65 > 193 > 65 > 193 > 0 > 1 > 65 > 193,0 > 4 > 16 > 0 > 16 > 0 > 16 > 0 > 16 > 0 > 16 > 0 > 16 > 0 > 16 > 0 > 16 > 0 > 16 > 0 > 16 > 0 > 16 > 0 > 16 > 4 > 0 > 16,0,+0x1228 secondary reaction timer observed; +0x1210 held instead of decrementing on one or more sampled frames
2026-07-28T21:58:28Z,24819,25050,231,P2-C1,P2,0x927EB9E0,1,Ken the Eagle,hit,91,Soft Knockdown,29,Action 29,91 Soft Knockdown > 30 Action 30 > 29 Action 29 > 31 Action 31 > 29 Action 29 > 30 Action 30 > 29 Action 29 > 89 Spiral Knockdown > 102 Knockdown Face Up > 113 Get Up Face Up > 31 Action 31 > 29 Action 29 > 1 Action 1 > 29 Action 29 > 30 Action 30 > 29 Action 29 > 31 Action 31 > 29 Action 29 > 30 Action 30 > 29 Action 29 > 31 Action 31 > 29 Action 29 > 1 Action 1 > 29 Action 29 > 1 Action 1 > 29 Action 29 > 1 Action 1 > 29 Action 29 > 30 Action 30 > 29 Action 29 > 31 Action 31 > 29 Action 29 > 30 Action 30 > 29 Action 29 > 31 Action 31 > 29 Action 29 > 30 Action 30 > 29 Action 29 > 30 Action 30 > 31 Action 31 > 29 Action 29 > 31 Action 31 > 29 Action 29 > 1 Action 1 > 29 Action 29 > 31 Action 31 > 29 Action 29 > 30 Action 30 > 29 Action 29 > 31 Action 31 > 29 Action 29 > 1 Action 1 > 29 Action 29 > 30 Action 30 > 29 Action 29 > 31 Action 31 > 29 Action 29 > 30 Action 30 > 29 Action 29 > 31 Action 31 > 64 Standing Hitstun > 29 Action 29,knockdown > hitstun > knockdown > wakeup > hitstun > neutral,0,0,21,10,254464,6,0,225,True,True,False,0,35,,231,0x00000000,0 > 39 > 24 > 9 > 28 > 10 > 0 > 23 > 10 > 27 > 11 > 34 > 16 > 39 > 18 > 38 > 28 > 11 > 35 > 24 > 0 > 26 > 5 > 26 > 7 > 33 > 12 > 34 > 21 > 38 > 0 > 29 > 37 > 22 > 8 > 29 > 9 > 36 > 17 > 33 > 14 > 0 > 25 > 3 > 27 > 40 > 24 > 6 > 25 > 0 > 32 > 12 > 31 > 17 > 0 > 27 > 11 > 35 > 19 > 0 > 34 > 17 > 2 > 25 > 9 > 39 > 25 > 10 > 32 > 16 > 38 > 23 > 6 > 29 > 10 > 39 > 21 > 3 > 27 > 14 > 0 > 23 > 11 > 35 > 13 > 40 > 27 > 13 > 31 > 17 > 39 > 27 > 6 > 30 > 14 > 0 > 23 > 6 > 28 > 11 > 36 > 22 > 5 > 31 > 17 > 10 > 40 > 0 > 32 > 24 > 16 > 8 > 39 > 31 > 22 > 13 > 0 > 38 > 34 > 25 > 20 > 12 > 1 > 32 > 23 > 10 > 38 > 20 > 3 > 29 > 19 > 10 > 0 > 38 > 29 > 20 > 12 > 3 > 34 > 26 > 18 > 12 > 40 > 0 > 34 > 24 > 15 > 6 > 37 > 28 > 20 > 15 > 7 > 40 > 36 > 27 > 19 > 11 > 2 > 37 > 28 > 20 > 10 > 0 > 36 > 26 > 17 > 8 > 37 > 27 > 17 > 9 > 0 > 36 > 27 > 18 > 9 > 1 > 32 > 24 > 11 > 36 > 20 > 5 > 31 > 17 > 0 > 24 > 6 > 30 > 12 > 0 > 24 > 11 > 31 > 14 > 39 > 26 > 6 > 31 > 14 > 0 > 30 > 21 > 2 > 22 > 40 > 32 > 18 > 40 > 23 > 11 > 39 > 27 > 8 > 32 > 16 > 38 > 30 > 17 > 39 > 21 > 8 > 0 > 22 > 40 > 18,0,8 > 40 > 32 > 40 > 160 > 40 > 32 > 40 > 32 > 40 > 48 > 32 > 8 > 0 > 160 > 40 > 32 > 40 > 32 > 40 > 168 > 32 > 40 > 32 > 40 > 32 > 40 > 32 > 40 > 32 > 40 > 160 > 32 > 40 > 32 > 160 > 40 > 32 > 160 > 32 > 40 > 168 > 40 > 168 > 40 > 32 > 40 > 32 > 40 > 32 > 160 > 32 > 160 > 32 > 40 > 32 > 160 > 32 > 160 > 32 > 160 > 32 > 160 > 32 > 40 > 32 > 40 > 32 > 8 > 40 > 32 > 168 > 40 > 32 > 40 > 168 > 32 > 40 > 32 > 40 > 160 > 32 > 40 > 32 > 40 > 32 > 56 > 168 > 8 > 40 > 32,64 > 192 > 1 > 65 > 193 > 1 > 65 > 193 > 65 > 193 > 1 > 65 > 193 > 65 > 193 > 65 > 193 > 64 > 192 > 0 > 1 > 65 > 193 > 65 > 193 > 1 > 65 > 193 > 65 > 193 > 65 > 193 > 1 > 65 > 193 > 65 > 193 > 1 > 65 > 193 > 1 > 65 > 193 > 1 > 65 > 193 > 1 > 65 > 193 > 1 > 65 > 193 > 1 > 65 > 193 > 1 > 65 > 193 > 1 > 65 > 193 > 1 > 65 > 193 > 1 > 65 > 193 > 65 > 193 > 1 > 65 > 193 > 1 > 65 > 193 > 1 > 65 > 193 > 1 > 65 > 193 > 1 > 65 > 193 > 65 > 193 > 1 > 65 > 193 > 1 > 65 > 193 > 1 > 65 > 193 > 1 > 65 > 193 > 65 > 193 > 1 > 65 > 193 > 1 > 65 > 193 > 1 > 0 > 65 > 193,0 > 16 > 0 > 16 > 0 > 16 > 0 > 4 > 0 > 16 > 0 > 16 > 0 > 16 > 0 > 16 > 0 > 16 > 0 > 16 > 0 > 16 > 0 > 16 > 0 > 16 > 0 > 16 > 0 > 16 > 0 > 16 > 0 > 16 > 0 > 16 > 0 > 16 > 0 > 16 > 0 > 16 > 0 > 16 > 0 > 16 > 0 > 16 > 0 > 16 > 0 > 16 > 0 > 16 > 0 > 16 > 0 > 4 > 16,0,+0x1228 secondary reaction timer observed; +0x1210 held instead of decrementing on one or more sampled frames
2026-07-28T21:58:36Z,25069,25072,3,P2-C1,P2,0x927EB9E0,1,Ken the Eagle,hit,64,Standing Hitstun,29,Action 29,64 Standing Hitstun > 1 Action 1 > 29 Action 29,hitstun > neutral,0,0,10,9,0,0,0,0,False,False,False,,,,3,0x00000000,0 > 37 > 13 > 35,0,8 > 136 > 56 > 32,0 > 65 > 193,4 > 0 > 16,0,+0x1228 secondary reaction timer observed
2026-07-28T22:03:23Z,27340,27344,4,P2-C1,P2,0x927EB9E0,12,Ryu,hit,1,Action 1,1,Action 1,1 Action 1 > 64 Standing Hitstun > 1 Action 1,hitstun > neutral,0,0,17,16,0,0,0,0,False,False,False,,,,4,0x00000000,0 > 7 > 20 > 32,0,168 > 8 > 160,1 > 0 > 1,0 > 4 > 0,0,+0x1228 secondary reaction timer observed
2026-07-28T22:03:25Z,27345,27348,3,P2-C1,P2,0x927EB9E0,12,Ryu,hit,66,Low Hitstun,1,Action 1,66 Low Hitstun > 1 Action 1,hitstun > neutral,1,0,0,0,0,0,0,0,False,False,False,,,,3,0x00000000,40 > 19 > 32 > 15,0,8 > 160,0 > 1,4 > 0,0,
2026-07-28T22:03:29Z,27351,27359,8,P2-C1,P2,0x927EB9E0,12,Ryu,hit,4611,Action 4611,1,Action 1,4611 Action 4611 > 106 OTG Face Down > 119 Get Up Face Down > 66 Low Hitstun > 1 Action 1,hitstun > knockdown > wakeup > hitstun > neutral,0,0,17,11,254720,0,0,2,True,True,False,2,4,,8,0x00000000,0 > 38 > 0 > 33 > 16 > 38 > 26,0,8 > 0 > 8 > 160,0 > 1,96 > 64 > 68 > 64,0,+0x1228 secondary reaction timer observed; +0x1210 held instead of decrementing on one or more sampled frames
2026-07-28T22:03:51Z,27366,27416,50,P2-C1,P2,0x927EB9E0,12,Ryu,hit,1,Action 1,1,Action 1,1 Action 1 > 89 Spiral Knockdown > 102 Knockdown Face Up > 113 Get Up Face Up > 32 Action 32 > 1 Action 1 > 65 Overhead Hitstun > 64 Standing Hitstun > 1 Action 1,hitstun > knockdown > wakeup > hitstun > neutral,0,0,21,20,254976,4,0,45,True,True,False,1,4,,50,0x00000000,0 > 26 > 34 > 15 > 29 > 9 > 32 > 17 > 3 > 11 > 32 > 15 > 40 > 18 > 40 > 15 > 40 > 26 > 16 > 37 > 20 > 38 > 15 > 34 > 12 > 31 > 15 > 32 > 33 > 40 > 4 > 18 > 28 > 39 > 10 > 32 > 14 > 21 > 26 > 2 > 11 > 21 > 0 > 15 > 35 > 6,0,168 > 24 > 0 > 32 > 160 > 168 > 160 > 168 > 160 > 168 > 160 > 168 > 160 > 168 > 160 > 40 > 0 > 8 > 168,1 > 64 > 192 > 0 > 1 > 0 > 1,64 > 68 > 64 > 68 > 64,0,+0x1228 secondary reaction timer observed; +0x1210 held instead of decrementing on one or more sampled frames
2026-07-28T22:05:52Z,27421,28080,659,P1-C1,P1,0x9246B9C0,17,Viewtiful Joe,hit,465,Action 465,40,Action 40,465 Action 465 > 89 Spiral Knockdown > 102 Knockdown Face Up > 115 Forward Roll > 1 Action 1 > 2 Action 2 > 1 Action 1 > 2 Action 2 > 3 Action 3 > 1 Action 1 > 256 Action 256 > 1 Action 1 > 258 Action 258 > 3 Action 3 > 256 Action 256 > 307 Action 307 > 258 Action 258 > 89 Spiral Knockdown > 102 Knockdown Face Up > 113 Get Up Face Up > 2 Action 2 > 1 Action 1 > 3 Action 3 > 1 Action 1 > 40 Action 40,hitstun > knockdown > wakeup > hitstun > knockdown > wakeup > hitstun > neutral,2,0,21,21,253696,4,0,656,True,True,False,1,4,,659,0x00000000,0 > 23 > 34 > 36 > 21 > 36 > 28 > 37 > 15 > 23 > 40 > 14 > 33 > 40 > 25 > 1 > 32 > 0 > 34 > 0 > 12 > 35 > 13 > 25 > 11 > 40 > 27 > 17 > 10 > 33 > 26 > 15 > 37 > 27 > 14 > 38 > 24 > 5 > 33 > 23 > 14 > 4 > 35 > 20 > 3 > 23 > 5 > 31 > 22 > 12 > 3 > 34 > 24 > 18 > 6 > 36 > 27 > 17 > 9 > 3 > 34 > 25 > 15 > 5 > 36 > 26 > 16 > 4 > 24 > 38 > 8 > 11 > 33 > 19 > 7 > 29 > 11 > 37 > 25 > 15 > 4 > 34 > 22 > 10 > 37 > 9 > 2 > 39 > 11 > 22 > 37 > 12 > 25 > 8 > 15 > 30 > 9 > 32 > 12 > 37 > 25 > 15 > 6 > 37 > 26 > 16 > 5 > 34 > 23 > 14 > 5 > 35 > 25 > 15 > 5 > 34 > 22 > 12 > 39 > 29 > 19 > 9 > 39 > 27 > 17 > 7 > 38 > 29 > 19 > 40 > 18 > 39 > 21 > 12 > 2 > 37 > 24 > 13 > 4 > 35 > 27 > 21 > 12 > 4 > 35 > 25 > 16 > 7 > 1 > 33 > 24 > 14 > 6 > 37 > 28 > 18 > 9 > 40 > 30 > 25 > 15 > 6 > 37 > 28 > 19 > 10 > 1 > 36 > 27 > 19 > 9 > 1 > 31 > 22 > 10 > 1 > 32 > 23 > 14 > 5 > 39 > 30 > 17 > 8 > 2 > 34 > 24 > 15 > 6 > 38 > 32 > 20 > 13 > 40 > 34 > 26 > 17 > 8 > 39 > 31 > 21 > 16 > 7 > 38 > 30 > 21 > 12 > 3 > 35 > 25 > 20 > 10 > 1 > 32 > 23 > 15 > 9 > 1 > 32 > 22 > 12 > 2 > 33 > 24 > 15 > 6 > 40 > 31 > 22 > 13 > 4 > 35 > 29 > 20 > 11 > 2 > 33 > 23 > 13 > 1 > 32 > 22 > 13 > 8 > 39 > 30 > 22 > 12 > 3 > 37 > 29 > 20 > 12 > 3 > 34 > 24 > 15 > 5 > 36 > 26 > 16 > 7 > 38 > 30 > 24 > 15 > 6 > 37 > 28 > 19 > 10 > 1 > 35 > 26 > 16 > 6 > 37 > 29 > 20 > 15 > 6 > 37 > 28 > 18 > 9 > 4 > 35 > 26 > 18 > 8 > 39 > 31 > 22 > 14 > 7 > 38 > 29 > 20 > 12 > 6 > 38 > 29 > 19 > 10 > 1 > 36 > 27 > 18 > 10 > 1 > 32 > 22 > 13 > 4 > 35 > 26 > 16 > 7 > 37 > 32 > 19 > 13 > 4 > 35 > 26 > 17 > 8 > 3 > 34 > 25 > 15 > 6 > 37 > 27 > 17 > 7 > 37 > 27 > 18 > 8 > 37 > 28 > 23 > 14 > 5 > 37 > 31 > 23 > 13 > 4 > 35 > 26 > 17 > 8 > 40 > 34 > 25 > 16 > 6 > 39 > 30 > 17 > 30,0,0 > 160 > 32 > 160 > 32 > 160 > 0 > 160 > 0 > 32 > 0 > 32 > 160 > 32 > 160 > 128 > 160 > 176 > 160 > 0,0 > 192 > 0 > 1 > 0 > 1 > 0 > 1 > 0 > 1 > 0 > 1 > 0 > 64 > 192 > 0 > 1 > 0,0 > 4 > 0 > 4 > 0 > 4 > 0 > 4 > 0 > 4 > 0,0 > 72 > 0 > 64 > 0 > 64 > 0,+0x1228 secondary reaction timer observed; +0x1210 held instead of decrementing on one or more sampled frames
2026-07-28T22:05:52Z,27345,28080,735,P1-C2,P1,0x92B6BA00,27,Joe the Condor,hit,256,Action 256,41,Action 41,256 Action 256 > 89 Spiral Knockdown > 102 Knockdown Face Up > 113 Get Up Face Up > 2 Action 2 > 514 Action 514 > 2 Action 2 > 256 Action 256 > 1 Action 1 > 3 Action 3 > 416 Action 416 > 417 Action 417 > 430 Action 430 > 426 Action 426 > 424 Action 424 > 430 Action 430 > 426 Action 426 > 424 Action 424 > 417 Action 417 > 430 Action 430 > 426 Action 426 > 424 Action 424 > 417 Action 417 > 430 Action 430 > 426 Action 426 > 424 Action 424 > 430 Action 430 > 1 Action 1 > 41 Action 41,hitstun > knockdown > wakeup > hitstun > neutral,0,0,21,11,255232,4,0,732,True,True,False,1,4,,735,0x00000000,0 > 30 > 28 > 36 > 11 > 39 > 35 > 18 > 40 > 28 > 40 > 15 > 28 > 6 > 39 > 34 > 39 > 19 > 11 > 27 > 9 > 28 > 9 > 23 > 5 > 26 > 11 > 37 > 5 > 26 > 9 > 34 > 12 > 34 > 9 > 34 > 20 > 10 > 31 > 14 > 32 > 9 > 28 > 6 > 26 > 9 > 33 > 34 > 31 > 26 > 27 > 37 > 8 > 24 > 1 > 23 > 30 > 35 > 11 > 20 > 30 > 5 > 13 > 37 > 10 > 30 > 24 > 37 > 40 > 38 > 34 > 37 > 17 > 1 > 17 > 28 > 4 > 22 > 7 > 32 > 9 > 30 > 38 > 14 > 20 > 21 > 40 > 13 > 32 > 8 > 18 > 32 > 9 > 34 > 1 > 23 > 2 > 13 > 29 > 7 > 28 > 14 > 3 > 30 > 20 > 13 > 4 > 37 > 26 > 9 > 38 > 25 > 10 > 35 > 16 > 4 > 34 > 25 > 15 > 6 > 31 > 14 > 34 > 16 > 2 > 33 > 23 > 14 > 5 > 35 > 30 > 17 > 8 > 38 > 28 > 20 > 14 > 5 > 36 > 26 > 16 > 7 > 37 > 27 > 15 > 35 > 9 > 19 > 22 > 4 > 30 > 18 > 40 > 22 > 8 > 37 > 26 > 15 > 5 > 36 > 24 > 11 > 23 > 37 > 20 > 33 > 3 > 19 > 34 > 7 > 30 > 37 > 12 > 31 > 14 > 34 > 19 > 7 > 37 > 28 > 19 > 8 > 38 > 27 > 16 > 5 > 36 > 27 > 17 > 7 > 37 > 27 > 16 > 4 > 34 > 21 > 11 > 1 > 31 > 21 > 9 > 39 > 29 > 20 > 11 > 1 > 22 > 40 > 21 > 3 > 34 > 24 > 19 > 6 > 35 > 26 > 17 > 9 > 3 > 34 > 26 > 17 > 7 > 38 > 29 > 23 > 15 > 6 > 36 > 28 > 19 > 10 > 40 > 31 > 22 > 12 > 7 > 37 > 28 > 19 > 10 > 1 > 32 > 23 > 18 > 9 > 40 > 31 > 23 > 13 > 4 > 32 > 23 > 14 > 5 > 36 > 27 > 21 > 12 > 39 > 30 > 24 > 16 > 6 > 37 > 28 > 20 > 14 > 2 > 35 > 22 > 16 > 8 > 39 > 30 > 21 > 13 > 3 > 38 > 29 > 20 > 12 > 3 > 34 > 25 > 17 > 7 > 2 > 32 > 23 > 14 > 5 > 37 > 31 > 23 > 14 > 4 > 34 > 24 > 15 > 6 > 37 > 28 > 22 > 13 > 4 > 35 > 26 > 17 > 11 > 2 > 33 > 24 > 15 > 5 > 35 > 23 > 14 > 4 > 35 > 30 > 21 > 12 > 4 > 34 > 25 > 19 > 11 > 2 > 34 > 25 > 16 > 6 > 37 > 27 > 18 > 8 > 38 > 29 > 20 > 12 > 6 > 37 > 28 > 19 > 10 > 1 > 32 > 23 > 17 > 8 > 38 > 28 > 19 > 11 > 2 > 37 > 28 > 19 > 10 > 40 > 31 > 26 > 17 > 8 > 40 > 30 > 21 > 13 > 4 > 36 > 29 > 20 > 11 > 2 > 34 > 28 > 20 > 11 > 1 > 32 > 23 > 16 > 9 > 40 > 32 > 23 > 14 > 4 > 35 > 26 > 17 > 8 > 38 > 29 > 19 > 14 > 1 > 35 > 26 > 17 > 8 > 39 > 30 > 25 > 16 > 7 > 37 > 28 > 19 > 9 > 39 > 29 > 19 > 9 > 40 > 31 > 19 > 10 > 5 > 36 > 27 > 19 > 13 > 5 > 35 > 26 > 17 > 8 > 39 > 30 > 21 > 16 > 7 > 38 > 28 > 21 > 30 > 18 > 30,0,0 > 32 > 0 > 32 > 0 > 160 > 32 > 0 > 176 > 160 > 0,4 > 192 > 0 > 4 > 0 > 4 > 1 > 0 > 192 > 64 > 192 > 0 > 64 > 192 > 0 > 192 > 64 > 0 > 192 > 64 > 192 > 1 > 0 > 64 > 1 > 0,0 > 4 > 66 > 68 > 64 > 68 > 64 > 0,64 > 0 > 64 > 0,+0x1228 secondary reaction timer observed; +0x1210 held instead of decrementing on one or more sampled frames
2026-07-28T22:05:52Z,27419,28080,661,P2-C1,P2,0x927EB9E0,12,Ryu,hit,1,Action 1,1,Action 1,1 Action 1 > 4562 Action 4562 > 113 Get Up Face Up > 32 Action 32 > 1 Action 1 > 89 Spiral Knockdown > 102 Knockdown Face Up > 113 Get Up Face Up > 1 Action 1,hitstun > wakeup > hitstun > knockdown > wakeup > hitstun > neutral,1,0,21,21,254464,4,0,657,True,True,False,23,2,,661,0x00000000,0 > 31 > 40 > 24 > 40 > 11 > 27 > 5 > 30 > 15 > 22 > 3 > 21 > 37 > 12 > 26 > 5 > 18 > 37 > 13 > 23 > 0 > 35 > 34 > 5 > 21 > 39 > 20 > 6 > 35 > 22 > 12 > 5 > 36 > 29 > 18 > 1 > 30 > 17 > 1 > 27 > 8 > 36 > 26 > 17 > 7 > 38 > 23 > 6 > 26 > 8 > 34 > 25 > 15 > 6 > 37 > 27 > 22 > 9 > 39 > 30 > 20 > 12 > 6 > 37 > 28 > 18 > 8 > 39 > 29 > 19 > 7 > 27 > 1 > 11 > 14 > 36 > 22 > 10 > 32 > 14 > 40 > 28 > 18 > 7 > 37 > 25 > 13 > 40 > 12 > 5 > 1 > 14 > 24 > 40 > 15 > 28 > 11 > 18 > 33 > 12 > 35 > 15 > 40 > 28 > 18 > 9 > 40 > 29 > 19 > 8 > 37 > 26 > 17 > 8 > 38 > 28 > 18 > 8 > 37 > 25 > 15 > 2 > 32 > 22 > 12 > 2 > 30 > 20 > 10 > 1 > 32 > 22 > 3 > 21 > 2 > 24 > 15 > 5 > 40 > 27 > 16 > 7 > 38 > 30 > 24 > 15 > 7 > 38 > 28 > 19 > 10 > 4 > 36 > 27 > 17 > 9 > 40 > 31 > 21 > 12 > 3 > 33 > 28 > 18 > 9 > 40 > 31 > 22 > 13 > 4 > 39 > 30 > 21 > 12 > 4 > 34 > 25 > 13 > 4 > 35 > 26 > 17 > 8 > 2 > 33 > 20 > 11 > 5 > 37 > 27 > 18 > 9 > 1 > 35 > 23 > 13 > 3 > 37 > 29 > 20 > 11 > 2 > 34 > 24 > 19 > 10 > 1 > 33 > 24 > 15 > 6 > 38 > 28 > 23 > 13 > 4 > 35 > 26 > 18 > 12 > 4 > 35 > 25 > 15 > 5 > 36 > 27 > 18 > 9 > 3 > 34 > 25 > 16 > 7 > 38 > 32 > 23 > 14 > 5 > 36 > 26 > 16 > 4 > 35 > 25 > 16 > 11 > 2 > 33 > 25 > 15 > 6 > 40 > 32 > 23 > 14 > 6 > 37 > 27 > 18 > 8 > 39 > 29 > 19 > 10 > 1 > 33 > 27 > 18 > 9 > 40 > 31 > 22 > 13 > 4 > 38 > 29 > 19 > 9 > 40 > 32 > 23 > 18 > 9 > 40 > 31 > 21 > 12 > 7 > 38 > 29 > 21 > 11 > 2 > 34 > 25 > 17 > 10 > 1 > 32 > 23 > 15 > 9 > 1 > 32 > 22 > 13 > 4 > 35 > 30 > 21 > 13 > 4 > 35 > 25 > 16 > 7 > 38 > 29 > 19 > 10 > 40 > 35 > 22 > 16 > 7 > 38 > 29 > 20 > 11 > 6 > 37 > 28 > 18 > 9 > 40 > 30 > 20 > 10 > 40 > 30 > 21 > 11 > 40 > 31 > 26 > 17 > 8 > 40 > 34 > 26 > 16 > 7 > 38 > 29 > 20 > 11 > 2 > 37 > 28 > 19 > 9 > 2 > 30 > 17 > 24,0,160 > 16 > 0 > 32 > 160 > 168 > 160 > 168 > 160 > 168 > 0 > 160 > 168 > 160 > 176 > 160,1 > 0 > 1 > 64 > 192 > 0 > 1,64 > 68 > 64 > 68 > 64 > 0,0,+0x1228 secondary reaction timer observed; +0x1210 held instead of decrementing on one or more sampled frames
2026-07-28T22:06:11Z,28107,28130,23,P2-C1,P2,0x927EB9E0,12,Ryu,hit,1,Action 1,1,Action 1,1 Action 1 > 64 Standing Hitstun > 1 Action 1 > 89 Spiral Knockdown > 102 Knockdown Face Up > 113 Get Up Face Up > 1 Action 1 > 75 Crumple > 119 Get Up Face Down > 1 Action 1 > 66 Low Hitstun > 1 Action 1 > 66 Low Hitstun > 1 Action 1,hitstun > knockdown > wakeup > hitstun > knockdown > wakeup > hitstun > neutral > hitstun > neutral > hitstun > neutral,0,0,21,20,251904,4,0,12,True,True,False,3,6,,23,0x00000000,0 > 25 > 0 > 27 > 20 > 0 > 25 > 17 > 38 > 0 > 25 > 0 > 21 > 37 > 34 > 7 > 22,0,168 > 0 > 168 > 0 > 160 > 0 > 8 > 0 > 160 > 8 > 168 > 160 > 8 > 168 > 160,1 > 0 > 1 > 64 > 192 > 0 > 1 > 0 > 1 > 0 > 1 > 0 > 1,0 > 4 > 0 > 4 > 0 > 4 > 0 > 4 > 0 > 4 > 0,0,+0x1228 secondary reaction timer observed; +0x1210 held instead of decrementing on one or more sampled frames
2026-07-28T23:56:31Z,95000,97005,2005,P2-C1,P2,0x927EB9E0,12,Ryu,hit,89,Spiral Knockdown,1,Action 1,89 Spiral Knockdown > 102 Knockdown Face Up > 113 Get Up Face Up > 1 Action 1 > 89 Spiral Knockdown > 102 Knockdown Face Up > 113 Get Up Face Up > 1 Action 1 > 89 Spiral Knockdown > 102 Knockdown Face Up > 113 Get Up Face Up > 1 Action 1,knockdown > wakeup > hitstun > knockdown > wakeup > hitstun > knockdown > wakeup > hitstun > neutral,1,0,21,15,255488,4,0,2001,True,True,False,0,4,,2005,0x00000000,0 > 34 > 24 > 31 > 25 > 16 > 11 > 34 > 21 > 11 > 37 > 26 > 12 > 3 > 38 > 28 > 23 > 14 > 36 > 24 > 7 > 36 > 24 > 8 > 35 > 27 > 18 > 10 > 40 > 32 > 26 > 18 > 9 > 39 > 30 > 21 > 11 > 6 > 38 > 29 > 21 > 16 > 4 > 26 > 9 > 35 > 19 > 10 > 40 > 31 > 26 > 17 > 9 > 1 > 36 > 28 > 19 > 11 > 2 > 32 > 24 > 19 > 10 > 2 > 34 > 28 > 20 > 12 > 3 > 32 > 23 > 18 > 9 > 1 > 33 > 28 > 20 > 11 > 6 > 36 > 26 > 17 > 9 > 4 > 36 > 27 > 22 > 14 > 4 > 35 > 25 > 17 > 11 > 3 > 34 > 26 > 20 > 12 > 4 > 32 > 23 > 14 > 9 > 1 > 33 > 24 > 15 > 6 > 1 > 27 > 18 > 13 > 5 > 36 > 28 > 23 > 15 > 6 > 37 > 26 > 18 > 9 > 4 > 36 > 28 > 23 > 14 > 6 > 31 > 22 > 13 > 5 > 37 > 31 > 23 > 15 > 9 > 40 > 31 > 22 > 14 > 6 > 1 > 33 > 25 > 20 > 11 > 3 > 34 > 24 > 19 > 10 > 2 > 34 > 29 > 21 > 12 > 7 > 28 > 20 > 11 > 6 > 38 > 29 > 21 > 16 > 8 > 39 > 30 > 21 > 16 > 7 > 40 > 34 > 26 > 18 > 12 > 4 > 27 > 18 > 12 > 5 > 37 > 28 > 24 > 16 > 7 > 38 > 28 > 20 > 14 > 6 > 38 > 33 > 25 > 16 > 11 > 2 > 33 > 24 > 16 > 7 > 2 > 33 > 25 > 17 > 12 > 3 > 33 > 24 > 19 > 10 > 2 > 38 > 29 > 21 > 16 > 8 > 36 > 27 > 22 > 14 > 5 > 37 > 31 > 23 > 15 > 6 > 36 > 27 > 22 > 13 > 4 > 36 > 30 > 22 > 14 > 5 > 35 > 30 > 21 > 13 > 5 > 40 > 31 > 23 > 14 > 9 > 35 > 30 > 21 > 13 > 8 > 39 > 29 > 21 > 16 > 7 > 37 > 28 > 20 > 15 > 7 > 39 > 34 > 26 > 17 > 9 > 40 > 31 > 22 > 16 > 8 > 40 > 31 > 26 > 18 > 10 > 40 > 30 > 25 > 17 > 9 > 1 > 36 > 28 > 20 > 15 > 6 > 36 > 27 > 18 > 9 > 4 > 36 > 28 > 19 > 14 > 5 > 36 > 27 > 19 > 13 > 6 > 38 > 33 > 25 > 17 > 12 > 2 > 33 > 25 > 17 > 9 > 40 > 36 > 27 > 18 > 8 > 39 > 30 > 24 > 16 > 8 > 39 > 34 > 25 > 17 > 12 > 3 > 34 > 25 > 17 > 12 > 4 > 36 > 28 > 23 > 15 > 5 > 35 > 27 > 21 > 13 > 5 > 36 > 31 > 23 > 15 > 6 > 35 > 31 > 23 > 15 > 10 > 2 > 34 > 26 > 17 > 7 > 35 > 26 > 21 > 7 > 38 > 33 > 25 > 20 > 11 > 32 > 26 > 12 > 3 > 32 > 23 > 18 > 8 > 38 > 20 > 11 > 33 > 23 > 11 > 37 > 26 > 15 > 4 > 39 > 30 > 22 > 13 > 3 > 33 > 25 > 19 > 11 > 2 > 37 > 29 > 21 > 14 > 9 > 34 > 24 > 14 > 9 > 1 > 32 > 23 > 18 > 3 > 33 > 24 > 18 > 9 > 40 > 30 > 19 > 9 > 36 > 27 > 18 > 13 > 5 > 36 > 28 > 23 > 13 > 3 > 32 > 23 > 13 > 3 > 32 > 22 > 11 > 40 > 29 > 19 > 8 > 40 > 29 > 21 > 16 > 7 > 37 > 27 > 19 > 14 > 6 > 38 > 33 > 24 > 15 > 6 > 37 > 27 > 22 > 13 > 5 > 37 > 32 > 18 > 7 > 34 > 24 > 14 > 3 > 33 > 22 > 13 > 4 > 33 > 26 > 19 > 10 > 40 > 32 > 23 > 14 > 4 > 35 > 30 > 21 > 12 > 4 > 38 > 30 > 22 > 13 > 4 > 34 > 29 > 20 > 12 > 6 > 38 > 29 > 23 > 16 > 6 > 37 > 28 > 19 > 10 > 5 > 37 > 29 > 24 > 15 > 6 > 37 > 28 > 20 > 15 > 6 > 38 > 33 > 25 > 16 > 7 > 2 > 33 > 24 > 14 > 9 > 35 > 30 > 22 > 13 > 3 > 34 > 29 > 21 > 13 > 8 > 40 > 31 > 21 > 11 > 2 > 34 > 28 > 20 > 11 > 2 > 37 > 29 > 20 > 10 > 1 > 36 > 28 > 19 > 14 > 6 > 38 > 32 > 20 > 14 > 5 > 36 > 27 > 20 > 10 > 5 > 37 > 28 > 16 > 6 > 37 > 28 > 23 > 15 > 7 > 38 > 33 > 24 > 13 > 5 > 36 > 30 > 22 > 14 > 6 > 1 > 33 > 24 > 15 > 10 > 1 > 32 > 24 > 19 > 11 > 3 > 34 > 25 > 15 > 10 > 2 > 33 > 29 > 20 > 12 > 7 > 39 > 30 > 21 > 12 > 7 > 38 > 20 > 9 > 21 > 4 > 33 > 17 > 28 > 17 > 9 > 3 > 35 > 25 > 14 > 5 > 35 > 21 > 11 > 3 > 37 > 28 > 18 > 8 > 39 > 30 > 21 > 11 > 6 > 37 > 13 > 40 > 22 > 18 > 31 > 10 > 18 > 37 > 14 > 35 > 0 > 23 > 31 > 14 > 3 > 29 > 16 > 8 > 2 > 34 > 28 > 17 > 12 > 38 > 23 > 10 > 37 > 21 > 7 > 35 > 25 > 15 > 6 > 37 > 27 > 17 > 8 > 3 > 29 > 20 > 15 > 6 > 36 > 27 > 18 > 9 > 4 > 35 > 27 > 18 > 9 > 36 > 16 > 37 > 17 > 9 > 4 > 35 > 26 > 16 > 11 > 2 > 33 > 25 > 19 > 11 > 3 > 35 > 26 > 16 > 11 > 2 > 33 > 24 > 20 > 11 > 3 > 38 > 30 > 21 > 16 > 8 > 39 > 30 > 25 > 17 > 8 > 3 > 35 > 26 > 17 > 12 > 2 > 33 > 25 > 19 > 11 > 3 > 38 > 30 > 20 > 12 > 3 > 36 > 29 > 20 > 12 > 7 > 39 > 30 > 25 > 17 > 8 > 39 > 34 > 25 > 17 > 9 > 4 > 36 > 27 > 19 > 14 > 4 > 35 > 27 > 22 > 14 > 6 > 37 > 32 > 23 > 15 > 5 > 40 > 32 > 24 > 19 > 11 > 3 > 38 > 29 > 21 > 12 > 6 > 37 > 28 > 20 > 11 > 6 > 38 > 29 > 21 > 15 > 6 > 37 > 29 > 24 > 15 > 7 > 39 > 34 > 26 > 17 > 8 > 40 > 34 > 26 > 18 > 13 > 4 > 35 > 30 > 21 > 12 > 3 > 35 > 29 > 21 > 13 > 4 > 38 > 30 > 21 > 11 > 2 > 30 > 22 > 17 > 8 > 40 > 31 > 22 > 13 > 8 > 40 > 32 > 27 > 18 > 9 > 39 > 29 > 20 > 9 > 4 > 36 > 27 > 22 > 11 > 3 > 35 > 26 > 17 > 8 > 3 > 35 > 27 > 22 > 13 > 5 > 35 > 26 > 16 > 8 > 2 > 34 > 26 > 21 > 13 > 4 > 35 > 30 > 19 > 10 > 2 > 36 > 28 > 22 > 12 > 8 > 39 > 31 > 17 > 4 > 28 > 11 > 35 > 13 > 29 > 10 > 35 > 2 > 11 > 0 > 37 > 21 > 8 > 37 > 22 > 40 > 30 > 15 > 6 > 31 > 20 > 5 > 38 > 26 > 17 > 8 > 2 > 25 > 11 > 38 > 20 > 6 > 31 > 21 > 12 > 3 > 38 > 24 > 19 > 10 > 2 > 33 > 28 > 19 > 11 > 37 > 14 > 29 > 4 > 22 > 9 > 39 > 30 > 25 > 16 > 7 > 36 > 26 > 16 > 7 > 2 > 33 > 25 > 19 > 11 > 1 > 31 > 21 > 12 > 4 > 38 > 29 > 20 > 12 > 6 > 37 > 27 > 17 > 8 > 39 > 30 > 25 > 17 > 8 > 3 > 33 > 23 > 13 > 5 > 36 > 31 > 22 > 13 > 4 > 35 > 25 > 16 > 7 > 2 > 34 > 25 > 17 > 11 > 3 > 31 > 20 > 10 > 40 > 30 > 19 > 10 > 5 > 37 > 25 > 16 > 6 > 37 > 32 > 23 > 13 > 4 > 34 > 23 > 15 > 9 > 40 > 30 > 21 > 12 > 7 > 38 > 28 > 18 > 9 > 3 > 35 > 26 > 18 > 13 > 4 > 33 > 22 > 14 > 5 > 40 > 31 > 22 > 14 > 8 > 39 > 29 > 19 > 10 > 40 > 31 > 23 > 17 > 8 > 39 > 29 > 19 > 10 > 5 > 36 > 27 > 19 > 9 > 3 > 28 > 17 > 8 > 3 > 35 > 26 > 17 > 8 > 3 > 34 > 24 > 15 > 6 > 36 > 26 > 16 > 6 > 40 > 26 > 20 > 10 > 34 > 29 > 19 > 10 > 1 > 28 > 19 > 10 > 5 > 36 > 27 > 18 > 10 > 4 > 35 > 24 > 15 > 6 > 36 > 26 > 21 > 12 > 2 > 32 > 22 > 12 > 2 > 32 > 22 > 12 > 2 > 31 > 21 > 12 > 3 > 37 > 28 > 18 > 7 > 38 > 27 > 17 > 8 > 2 > 33 > 24 > 15 > 7 > 30 > 32 > 4 > 28,0,0 > 160 > 168 > 160 > 0 > 160 > 168 > 160 > 0 > 160 > 168 > 160 > 168 > 160,64 > 192 > 0 > 1 > 64 > 192 > 0 > 1 > 192 > 0 > 1,0 > 4 > 0 > 4 > 0 > 4 > 0,0,+0x1228 secondary reaction timer observed; +0x1210 held instead of decrementing on one or more sampled frames
2026-07-28T23:56:35Z,97012,97016,4,P2-C1,P2,0x927EB9E0,12,Ryu,hit,66,Low Hitstun,1,Action 1,66 Low Hitstun > 65 Overhead Hitstun > 1 Action 1,hitstun > neutral,0,0,11,10,0,0,0,0,False,False,False,,,,4,0x00000000,37 > 0 > 34 > 6 > 31,0,0 > 8 > 136 > 160,0 > 1,4 > 0,0,+0x1228 secondary reaction timer observed
2026-07-28T23:56:41Z,97018,97030,12,P2-C1,P2,0x927EB9E0,12,Ryu,hit,4611,Action 4611,1,Action 1,4611 Action 4611 > 74 Knockdown Face Down > 106 OTG Face Down > 119 Get Up Face Down > 64 Standing Hitstun > 1 Action 1 > 66 Low Hitstun > 1 Action 1,hitstun > knockdown > wakeup > hitstun > neutral > hitstun > neutral,0,0,17,17,253184,4,0,3,True,True,False,2,4,,12,0x00000000,0 > 31 > 0 > 38 > 5 > 0 > 34 > 40 > 16 > 35,0,0 > 8 > 0 > 8 > 160 > 168 > 8 > 160,0 > 1 > 0 > 1,96 > 64 > 68 > 64 > 68 > 64,0,+0x1228 secondary reaction timer observed; +0x1210 held instead of decrementing on one or more sampled frames
2026-07-28T23:57:01Z,97069,97081,12,P2-C1,P2,0x927EB9E0,12,Ryu,hit,64,Standing Hitstun,1,Action 1,64 Standing Hitstun > 75 Crumple > 119 Get Up Face Down > 1 Action 1 > 66 Low Hitstun > 1 Action 1,hitstun > knockdown > wakeup > hitstun > neutral,0,0,21,20,253696,4,0,8,True,True,False,1,5,,12,0x00000000,0 > 23 > 27 > 4 > 26 > 39 > 14 > 36 > 12,0,8 > 0 > 8 > 160 > 168 > 8 > 168 > 160,0 > 1 > 0 > 1,68 > 64 > 68 > 64,0,+0x1228 secondary reaction timer observed; +0x1210 held instead of decrementing on one or more sampled frames
2026-07-28T23:57:16Z,97126,97129,3,P2-C1,P2,0x927EB9E0,12,Ryu,hit,64,Standing Hitstun,1,Action 1,64 Standing Hitstun > 1 Action 1,hitstun > neutral,0,0,0,0,0,0,0,0,False,False,False,,,,3,0x00000000,33 > 4 > 20 > 40,0,8 > 168 > 160,0 > 1,68 > 64,0,
2026-07-28T23:57:35Z,97140,97190,50,P2-C1,P2,0x927EB9E0,12,Ryu,hit,89,Spiral Knockdown,1,Action 1,89 Spiral Knockdown > 102 Knockdown Face Up > 113 Get Up Face Up > 1 Action 1 > 64 Standing Hitstun > 1 Action 1,knockdown > wakeup > hitstun > neutral,0,0,21,16,253696,4,0,46,True,True,False,0,4,,50,0x00000000,0 > 34 > 35 > 8 > 29 > 7 > 31 > 11 > 37 > 26 > 20 > 10 > 1 > 34 > 7 > 27 > 15 > 31 > 9 > 31 > 4 > 19 > 26 > 3 > 16 > 27 > 2 > 17 > 5 > 35 > 25 > 16 > 40 > 30 > 19 > 9 > 40 > 34 > 24 > 15 > 4 > 32 > 21 > 11 > 0 > 18 > 4 > 23,0,8 > 0 > 160 > 168 > 160 > 168 > 8 > 168 > 160,64 > 192 > 0 > 1 > 0 > 1,64 > 68 > 64 > 68 > 64,0,+0x1228 secondary reaction timer observed; +0x1210 held instead of decrementing on one or more sampled frames
2026-07-28T23:57:37Z,97192,97196,4,P2-C1,P2,0x927EB9E0,12,Ryu,hit,64,Standing Hitstun,1,Action 1,64 Standing Hitstun > 1 Action 1,hitstun > neutral,0,0,12,11,0,0,0,0,False,False,False,,,,4,0x00000000,0 > 12 > 30 > 16,0,0 > 8 > 168 > 160,0 > 1,68 > 64,0,+0x1228 secondary reaction timer observed
2026-07-28T23:58:10Z,97204,97281,77,P2-C1,P2,0x927EB9E0,12,Ryu,hit,1,Action 1,1,Action 1,1 Action 1 > 89 Spiral Knockdown > 102 Knockdown Face Up > 113 Get Up Face Up > 1 Action 1 > 65 Overhead Hitstun > 64 Standing Hitstun > 1 Action 1 > 80 Hard Knockdown > 73 Knockdown Face Up > 113 Get Up Face Up > 1 Action 1 > 64 Standing Hitstun > 1 Action 1 > 64 Standing Hitstun > 1 Action 1,hitstun > knockdown > wakeup > hitstun > neutral > hitstun > knockdown > wakeup > hitstun > neutral > hitstun > neutral,1,0,21,20,252160,4,0,65,True,True,False,1,4,,77,0x00000000,0 > 23 > 19 > 38 > 20 > 11 > 38 > 20 > 8 > 23 > 9 > 24 > 35 > 16 > 27 > 6 > 21 > 1 > 27 > 5 > 31 > 20 > 5 > 14 > 27 > 38 > 21 > 2 > 22 > 1 > 15 > 24 > 2 > 18 > 34 > 6 > 21 > 3 > 20 > 39 > 26 > 11 > 29 > 17 > 40 > 16 > 0 > 24 > 0 > 28 > 22 > 8 > 29 > 35 > 16 > 24 > 40 > 20 > 34 > 10 > 33 > 21 > 35 > 14 > 0 > 25 > 40 > 16 > 0 > 3 > 26 > 32,0,160 > 0 > 160 > 168 > 160 > 168 > 160 > 168 > 160 > 168 > 160 > 168 > 160 > 168 > 160 > 8 > 40 > 136 > 168 > 8 > 0 > 8 > 168 > 160 > 168 > 160 > 168 > 160 > 168 > 160 > 8 > 160 > 8 > 160,1 > 64 > 192 > 0 > 1 > 0 > 1 > 0 > 1 > 192 > 0 > 1 > 0 > 1 > 0 > 1,64 > 68 > 64 > 68 > 64 > 68 > 64 > 68 > 64 > 68 > 64,0,+0x1228 secondary reaction timer observed; +0x1210 held instead of decrementing on one or more sampled frames
2026-07-28T23:59:40Z,97287,97591,304,P2-C1,P2,0x927EB9E0,12,Ryu,hit,89,Spiral Knockdown,1,Action 1,89 Spiral Knockdown > 102 Knockdown Face Up > 113 Get Up Face Up > 1 Action 1 > 89 Spiral Knockdown > 102 Knockdown Face Up > 113 Get Up Face Up > 1 Action 1 > 32 Action 32 > 1 Action 1 > 89 Spiral Knockdown > 102 Knockdown Face Up > 1 Action 1 > 89 Spiral Knockdown > 102 Knockdown Face Up > 113 Get Up Face Up > 1 Action 1 > 89 Spiral Knockdown > 102 Knockdown Face Up > 113 Get Up Face Up > 1 Action 1 > 64 Standing Hitstun > 1 Action 1,knockdown > wakeup > hitstun > knockdown > wakeup > hitstun > knockdown > hitstun > knockdown > wakeup > hitstun > knockdown > wakeup > hitstun > neutral,1,0,21,20,255232,4,0,300,True,True,False,0,4,,304,0x00000000,0 > 28 > 25 > 39 > 22 > 3 > 27 > 9 > 34 > 15 > 1 > 26 > 16 > 4 > 31 > 24 > 13 > 4 > 31 > 13 > 26 > 34 > 10 > 17 > 26 > 34 > 8 > 31 > 0 > 40 > 22 > 23 > 7 > 33 > 27 > 15 > 1 > 27 > 15 > 37 > 27 > 10 > 38 > 23 > 11 > 4 > 33 > 27 > 15 > 3 > 32 > 21 > 11 > 40 > 29 > 18 > 6 > 36 > 25 > 14 > 4 > 34 > 24 > 12 > 36 > 15 > 34 > 13 > 39 > 28 > 16 > 5 > 34 > 22 > 11 > 1 > 31 > 20 > 9 > 39 > 34 > 20 > 7 > 36 > 26 > 15 > 5 > 35 > 23 > 12 > 2 > 35 > 21 > 15 > 38 > 27 > 17 > 7 > 1 > 31 > 16 > 10 > 1 > 30 > 20 > 9 > 38 > 27 > 17 > 7 > 37 > 26 > 14 > 5 > 39 > 23 > 13 > 7 > 36 > 25 > 14 > 4 > 34 > 23 > 12 > 40 > 37 > 25 > 15 > 4 > 33 > 28 > 13 > 2 > 30 > 20 > 14 > 39 > 29 > 23 > 12 > 1 > 29 > 18 > 8 > 27 > 9 > 27 > 11 > 27 > 40 > 23 > 1 > 20 > 39 > 21 > 40 > 22 > 38 > 27 > 16 > 5 > 35 > 22 > 9 > 38 > 27 > 6 > 29 > 5 > 22 > 35 > 4 > 13 > 25 > 20 > 21 > 36 > 0 > 29 > 28 > 1 > 16 > 31 > 9 > 37 > 19 > 0 > 27 > 18 > 35 > 11 > 32 > 9 > 29 > 11 > 37 > 20 > 7 > 35 > 28 > 15 > 3 > 35 > 23 > 7 > 23 > 2 > 18 > 29 > 11 > 29 > 8 > 28 > 2 > 6 > 14 > 28 > 31 > 4 > 26 > 4 > 22 > 7 > 36 > 26 > 14 > 4 > 33 > 21 > 11 > 40 > 29 > 19 > 9 > 38 > 26 > 16 > 6 > 35 > 24 > 13 > 3 > 30 > 19 > 9 > 38 > 26 > 14 > 38 > 15 > 34 > 15 > 37 > 25 > 13 > 40 > 27 > 17 > 5 > 32 > 22 > 12 > 1 > 31 > 20 > 10 > 39 > 28 > 17 > 7 > 35 > 24 > 13 > 2 > 29 > 9 > 28 > 13 > 31 > 7 > 19 > 40 > 39 > 2 > 35 > 0 > 25 > 38 > 12 > 34 > 32 > 30,0,8 > 0 > 160 > 168 > 160 > 0 > 160 > 176 > 48 > 160 > 168 > 160 > 168 > 160 > 168 > 160 > 168 > 160 > 168 > 160 > 168 > 160 > 0 > 8 > 160 > 168 > 160 > 168 > 160 > 0 > 8 > 160 > 168 > 160 > 168 > 160 > 168 > 160 > 168 > 160 > 0 > 160 > 8 > 160,64 > 192 > 0 > 1 > 64 > 192 > 0 > 1 > 64 > 192 > 0 > 1 > 64 > 192 > 0 > 1 > 64 > 0 > 1 > 0 > 1,64 > 68 > 64 > 68 > 64 > 68 > 64 > 68 > 64 > 68 > 64,0,+0x1228 secondary reaction timer observed; +0x1210 held instead of decrementing on one or more sampled frames
2026-07-28T23:59:44Z,97594,97599,5,P2-C1,P2,0x927EB9E0,12,Ryu,hit,1,Action 1,1,Action 1,1 Action 1 > 66 Low Hitstun > 1 Action 1,hitstun > neutral,0,0,12,11,0,0,0,0,False,False,False,,,,5,0x00000000,0 > 34 > 39 > 18 > 33 > 12,0,0 > 8 > 168,0 > 1,64 > 68 > 64,0,+0x1228 secondary reaction timer observed
2026-07-28T23:59:53Z,97615,97620,5,P2-C1,P2,0x927EB9E0,12,Ryu,hit,64,Standing Hitstun,1,Action 1,64 Standing Hitstun > 1 Action 1,hitstun > neutral,1,0,13,12,0,0,0,0,False,False,False,,,,5,0x00000000,0 > 21 > 40 > 23 > 35,0,8 > 0 > 160,0 > 1,68 > 64,0,+0x1228 secondary reaction timer observed
2026-07-28T23:59:56Z,97627,97630,3,P2-C1,P2,0x927EB9E0,12,Ryu,hit,66,Low Hitstun,1,Action 1,66 Low Hitstun > 1 Action 1,hitstun > neutral,0,0,7,6,0,0,0,0,False,False,False,,,,3,0x00000000,0 > 25 > 40 > 16,0,8 > 160,0 > 1,68 > 64,0,+0x1228 secondary reaction timer observed
2026-07-29T00:00:11Z,97643,97666,23,P2-C1,P2,0x927EB9E0,12,Ryu,hit,79,Stagger,1,Action 1,79 Stagger > 1 Action 1 > 89 Spiral Knockdown > 102 Knockdown Face Up > 113 Get Up Face Up > 1 Action 1 > 66 Low Hitstun > 1 Action 1,hitstun > knockdown > wakeup > hitstun > neutral,0,0,21,20,255232,4,0,19,True,True,False,13,16,,23,0x00000000,0 > 40 > 14 > 34 > 15 > 25 > 3 > 24 > 12 > 25 > 3 > 0 > 24 > 25 > 2 > 17 > 37 > 12 > 32 > 5,0,8 > 168 > 160 > 168 > 160 > 168 > 160 > 0 > 168 > 160 > 8 > 160 > 168,0 > 1 > 64 > 192 > 0 > 1 > 0 > 1,68 > 64 > 68 > 64 > 68 > 64,0,+0x1228 secondary reaction timer observed; +0x1210 held instead of decrementing on one or more sampled frames
2026-07-29T00:00:18Z,97680,97683,3,P2-C1,P2,0x927EB9E0,12,Ryu,hit,1,Action 1,1,Action 1,1 Action 1,hitstun > neutral,0,0,9,8,0,0,0,0,False,False,False,,,,3,0x00000000,0 > 21 > 33 > 12,0,168 > 136 > 168,1 > 0 > 1,64,0,+0x1228 secondary reaction timer observed
2026-07-29T00:00:20Z,97685,97688,3,P2-C1,P2,0x927EB9E0,12,Ryu,hit,1,Action 1,1,Action 1,1 Action 1,hitstun > neutral,0,0,12,11,0,0,0,0,False,False,False,,,,3,0x00000000,0 > 29 > 9 > 35,0,160,1,64,0,+0x1228 secondary reaction timer observed
2026-07-29T00:00:28Z,97706,97710,4,P2-C1,P2,0x927EB9E0,12,Ryu,hit,64,Standing Hitstun,1,Action 1,64 Standing Hitstun > 1 Action 1,hitstun > neutral,0,0,17,16,0,0,0,0,False,False,False,,,,4,0x00000000,0 > 21 > 35 > 13,0,8 > 160,0 > 1,68 > 64,0,+0x1228 secondary reaction timer observed
2026-07-29T00:01:15Z,97761,97859,98,P2-C1,P2,0x927EB9E0,12,Ryu,hit,89,Spiral Knockdown,1,Action 1,89 Spiral Knockdown > 102 Knockdown Face Up > 113 Get Up Face Up > 1 Action 1 > 89 Spiral Knockdown > 102 Knockdown Face Up > 113 Get Up Face Up > 1 Action 1 > 89 Spiral Knockdown > 102 Knockdown Face Up > 113 Get Up Face Up > 1 Action 1 > 64 Standing Hitstun > 1 Action 1,knockdown > wakeup > hitstun > knockdown > wakeup > hitstun > knockdown > wakeup > hitstun > neutral,0,0,21,20,255232,4,0,93,True,True,False,0,3,,98,0x00000000,0 > 22 > 20 > 36 > 13 > 32 > 16 > 37 > 18 > 5 > 20 > 40 > 21 > 40 > 25 > 5 > 33 > 19 > 7 > 36 > 16 > 32 > 17 > 37 > 15 > 33 > 12 > 29 > 12 > 1 > 31 > 20 > 8 > 38 > 27 > 14 > 2 > 30 > 19 > 8 > 37 > 26 > 10 > 37 > 27 > 11 > 27 > 1 > 17 > 29 > 26 > 2 > 22 > 26 > 31 > 0 > 34 > 37 > 16 > 40 > 19 > 29 > 11 > 35 > 16 > 40 > 14 > 36 > 11 > 36 > 17 > 31 > 12 > 29 > 11 > 34 > 9 > 17 > 40 > 16 > 34 > 13 > 33 > 9 > 0 > 30 > 31 > 0 > 28 > 5 > 12 > 29,0,0 > 8 > 0 > 8 > 160 > 168 > 160 > 168 > 160 > 168 > 160 > 168 > 160 > 168 > 160 > 168 > 160 > 0 > 8 > 168 > 160 > 168 > 160 > 168 > 160 > 168 > 160 > 168 > 160 > 168 > 160 > 0 > 8 > 168 > 0 > 8 > 160,64 > 192 > 0 > 1 > 64 > 192 > 0 > 1 > 0 > 64 > 192 > 0 > 1 > 0 > 1,64 > 68 > 64 > 68 > 64 > 68 > 64 > 68 > 64,0,+0x1228 secondary reaction timer observed; +0x1210 held instead of decrementing on one or more sampled frames
2026-07-29T00:01:23Z,97883,97886,3,P2-C1,P2,0x927EB9E0,12,Ryu,hit,1,Action 1,1,Action 1,1 Action 1,hitstun > neutral,0,0,15,14,0,0,0,0,False,False,False,,,,3,0x00000000,0 > 26 > 3 > 25,0,168 > 160,1,64,0,+0x1228 secondary reaction timer observed
2026-07-29T00:02:14Z,97887,98020,133,P2-C1,P2,0x927EB9E0,12,Ryu,hit,89,Spiral Knockdown,1,Action 1,89 Spiral Knockdown > 102 Knockdown Face Up > 113 Get Up Face Up > 1 Action 1 > 89 Spiral Knockdown > 102 Knockdown Face Up > 113 Get Up Face Up > 1 Action 1 > 64 Standing Hitstun > 1 Action 1,knockdown > wakeup > hitstun > knockdown > wakeup > hitstun > neutral,1,0,21,20,254976,4,0,127,True,True,False,0,4,,133,0x00000000,0 > 28 > 26 > 12 > 37 > 30 > 7 > 28 > 14 > 35 > 21 > 9 > 31 > 17 > 1 > 23 > 9 > 1 > 28 > 16 > 4 > 31 > 18 > 5 > 32 > 21 > 9 > 38 > 26 > 14 > 2 > 29 > 12 > 22 > 5 > 21 > 8 > 37 > 22 > 10 > 39 > 28 > 17 > 6 > 35 > 24 > 12 > 40 > 14 > 38 > 15 > 27 > 30 > 23 > 21 > 3 > 7 > 12 > 15 > 24 > 30 > 5 > 18 > 29 > 2 > 12 > 24 > 36 > 3 > 24 > 6 > 32 > 20 > 8 > 37 > 26 > 15 > 4 > 25 > 29 > 2 > 14 > 17 > 21 > 35 > 18 > 30 > 32 > 6 > 9 > 24 > 37 > 11 > 13 > 29 > 12 > 27 > 4 > 20 > 4 > 22 > 2 > 22 > 37 > 16 > 30 > 33 > 1 > 5 > 17 > 28 > 38 > 6 > 20 > 39 > 14 > 25 > 35 > 9 > 21 > 2 > 0 > 39 > 32 > 0 > 26 > 9 > 34,0,0 > 160 > 168 > 160 > 168 > 160 > 168 > 160 > 168 > 160 > 168 > 160 > 168 > 160 > 168 > 160 > 168 > 160 > 168 > 160 > 168 > 160 > 168 > 8 > 0 > 168 > 136 > 8 > 168 > 160,64 > 192 > 0 > 1 > 192 > 0 > 1 > 0 > 1,64 > 68 > 64 > 68 > 64 > 68 > 64,0,+0x1228 secondary reaction timer observed; +0x1210 held instead of decrementing on one or more sampled frames
2026-07-29T00:02:23Z,98037,98042,5,P2-C1,P2,0x927EB9E0,12,Ryu,hit,65,Overhead Hitstun,1,Action 1,65 Overhead Hitstun > 1 Action 1 > 66 Low Hitstun > 1 Action 1,hitstun > neutral > hitstun > neutral,0,0,0,0,0,0,0,0,False,False,False,,,,5,0x00000000,39 > 5 > 36 > 4 > 22 > 35,0,8 > 160 > 8 > 168 > 160,0 > 1 > 0 > 1,68 > 64 > 68 > 64,0,
2026-07-29T00:02:45Z,98046,98118,72,P2-C1,P2,0x927EB9E0,12,Ryu,hit,89,Spiral Knockdown,1,Action 1,89 Spiral Knockdown > 102 Knockdown Face Up > 113 Get Up Face Up > 1 Action 1 > 66 Low Hitstun > 1 Action 1 > 64 Standing Hitstun > 1 Action 1,knockdown > wakeup > hitstun > neutral > hitstun > neutral,1,0,21,4,255488,4,0,66,True,True,False,0,4,,72,0x00000000,0 > 26 > 27 > 11 > 36 > 25 > 17 > 4 > 20 > 7 > 28 > 15 > 3 > 24 > 8 > 34 > 27 > 13 > 2 > 30 > 18 > 6 > 34 > 21 > 9 > 37 > 25 > 3 > 27 > 5 > 28 > 4 > 31 > 19 > 7 > 35 > 20 > 7 > 33 > 20 > 9 > 37 > 26 > 13 > 2 > 29 > 17 > 5 > 34 > 22 > 10 > 37 > 22 > 3 > 22 > 33 > 1 > 13 > 20 > 27 > 10 > 19 > 35 > 2 > 40 > 10 > 0 > 21 > 2 > 17,0,0 > 160 > 168 > 160 > 168 > 160 > 8 > 168 > 8 > 168 > 160,64 > 192 > 0 > 1 > 0 > 1 > 0 > 1,64 > 68 > 64 > 68 > 64 > 68 > 64,0,+0x1228 secondary reaction timer observed; +0x1210 held instead of decrementing on one or more sampled frames
2026-07-29T00:03:00Z,98143,98151,8,P2-C1,P2,0x927EB9E0,12,Ryu,hit,89,Spiral Knockdown,1,Action 1,89 Spiral Knockdown > 102 Knockdown Face Up > 113 Get Up Face Up > 1 Action 1 > 66 Low Hitstun > 1 Action 1,knockdown > wakeup > hitstun > neutral,1,0,21,11,252928,4,0,4,True,True,False,0,3,,8,0x00000000,0 > 29 > 0 > 24 > 3 > 29,0,0 > 168 > 8 > 168 > 160,64 > 192 > 0 > 1 > 0 > 1,64 > 68 > 64 > 68 > 64,0,+0x1228 secondary reaction timer observed; +0x1210 held instead of decrementing on one or more sampled frames
2026-07-29T00:03:37Z,98157,98254,97,P2-C1,P2,0x927EB9E0,12,Ryu,hit,89,Spiral Knockdown,1,Action 1,89 Spiral Knockdown > 102 Knockdown Face Up > 113 Get Up Face Up > 1 Action 1 > 64 Standing Hitstun > 1 Action 1,knockdown > wakeup > hitstun > neutral,1,0,21,0,254720,4,0,93,True,True,False,0,4,,97,0x00000000,0 > 38 > 37 > 16 > 38 > 11 > 39 > 28 > 3 > 29 > 10 > 37 > 9 > 33 > 16 > 35 > 17 > 35 > 12 > 26 > 39 > 34 > 9 > 18 > 13 > 25 > 35 > 17 > 36 > 13 > 18 > 32 > 4 > 15 > 21 > 26 > 7 > 25 > 12 > 39 > 28 > 16 > 4 > 33 > 22 > 6 > 34 > 22 > 12 > 34 > 9 > 25 > 9 > 34 > 23 > 10 > 36 > 15 > 24 > 30 > 9 > 22 > 23 > 38 > 14 > 30 > 38 > 17 > 15 > 27 > 1 > 26 > 9 > 28 > 15 > 33 > 25 > 13 > 32 > 21 > 8 > 28 > 17 > 39 > 26 > 13 > 34 > 21 > 1 > 19 > 37 > 27 > 11 > 30 > 40,0,0 > 160 > 168 > 160 > 168 > 160 > 168 > 160 > 168 > 160 > 168 > 160 > 168 > 160 > 168 > 160 > 168 > 160 > 168 > 160 > 168 > 160 > 8 > 168 > 160,64 > 192 > 0 > 1 > 0 > 1,64 > 68 > 64 > 68 > 64,0,+0x1210 held instead of decrementing on one or more sampled frames
2026-07-29T00:03:49Z,98279,98283,4,P2-C1,P2,0x927EB9E0,12,Ryu,hit,1,Action 1,1,Action 1,1 Action 1 > 64 Standing Hitstun > 1 Action 1,hitstun > neutral,0,0,21,20,0,0,0,0,False,False,False,,,,4,0x00000000,0 > 27 > 16 > 29,0,168 > 8 > 168,1 > 0 > 1,64 > 68 > 64,0,+0x1228 secondary reaction timer observed
2026-07-29T00:03:52Z,98288,98292,4,P2-C1,P2,0x927EB9E0,12,Ryu,hit,64,Standing Hitstun,1,Action 1,64 Standing Hitstun > 1 Action 1,hitstun > neutral,0,0,21,20,0,0,0,0,False,False,False,,,,4,0x00000000,0 > 34 > 15 > 5 > 18,0,8 > 0 > 160,0 > 1,68 > 64,0,+0x1228 secondary reaction timer observed
2026-07-29T00:03:58Z,98302,98306,4,P2-C1,P2,0x927EB9E0,12,Ryu,hit,64,Standing Hitstun,1,Action 1,64 Standing Hitstun > 1 Action 1,hitstun > neutral,0,0,9,8,0,0,0,0,False,False,False,,,,4,0x00000000,0 > 32 > 13 > 32 > 13,0,8 > 160,0 > 1,68 > 64,0,+0x1228 secondary reaction timer observed
2026-07-29T00:04:05Z,98320,98323,3,P2-C1,P2,0x927EB9E0,12,Ryu,hit,64,Standing Hitstun,1,Action 1,64 Standing Hitstun > 1 Action 1,hitstun > neutral,0,0,4,3,0,0,0,0,False,False,False,,,,3,0x00000000,0 > 15 > 2 > 28,0,8 > 160 > 184 > 160,0 > 1,68 > 64,0,+0x1228 secondary reaction timer observed
2026-07-29T00:04:15Z,98336,98349,13,P2-C1,P2,0x927EB9E0,12,Ryu,hit,89,Spiral Knockdown,1,Action 1,89 Spiral Knockdown > 102 Knockdown Face Up > 113 Get Up Face Up > 1 Action 1 > 64 Standing Hitstun > 1 Action 1,knockdown > wakeup > hitstun > neutral,2,0,21,11,254720,4,0,7,True,True,False,0,3,,13,0x00000000,0 > 30 > 35 > 15 > 33 > 17 > 0 > 33 > 8 > 33 > 15,0,0 > 160 > 8 > 160,192 > 0 > 1 > 0 > 1,64 > 68 > 64 > 68 > 64,0,+0x1228 secondary reaction timer observed; +0x1210 held instead of decrementing on one or more sampled frames
2026-07-29T00:07:54Z,99521,99529,8,P2-C1,P2,0x927EB9E0,4,Polimar,hit,6,Action 6,1,Action 1,6 Action 6 > 65 Overhead Hitstun > 1 Action 1 > 64 Standing Hitstun > 1 Action 1,hitstun > neutral > hitstun > neutral,0,0,12,11,0,0,0,0,False,False,False,,,,8,0x00000000,0 > 35 > 14 > 0 > 38 > 16 > 26 > 1,0,8 > 0 > 160 > 8 > 168,1 > 0 > 1 > 0 > 1,0 > 4 > 0 > 4 > 0,0,+0x1228 secondary reaction timer observed
2026-07-29T00:07:59Z,99532,99542,10,P2-C1,P2,0x927EB9E0,4,Polimar,hit,91,Soft Knockdown,1,Action 1,91 Soft Knockdown > 1 Action 1 > 7 Action 7 > 21 Action 21 > 266 Action 266 > 6 Action 6 > 67 Air T-Pose Hit > 267 Action 267 > 3 Action 3 > 1 Action 1,knockdown > hitstun > neutral,1,0,12,11,0,6,0,6,True,False,False,0,,,10,0x00000000,0 > 27 > 40 > 18 > 0 > 26 > 0 > 38 > 19 > 28 > 23,0,8 > 160 > 0 > 40 > 0 > 16 > 0 > 32 > 168,64 > 1 > 64 > 192 > 1 > 0 > 192 > 1,0 > 16 > 0 > 4 > 0 > 4 > 0,0 > 64 > 0 > 64 > 0,+0x1228 secondary reaction timer observed; +0x1210 held instead of decrementing on one or more sampled frames
2026-07-29T00:09:10Z,99864,99867,3,P2-C1,P2,0x927EB9E0,4,Polimar,hit,64,Standing Hitstun,1,Action 1,64 Standing Hitstun > 1 Action 1,hitstun > neutral,0,0,2,1,0,0,0,0,False,False,False,,,,3,0x00000000,0 > 38,0,8 > 168,0 > 1,4 > 0,0,+0x1228 secondary reaction timer observed
2026-07-29T00:09:15Z,99869,99882,13,P2-C1,P2,0x927EB9E0,4,Polimar,hit,64,Standing Hitstun,2,Action 2,64 Standing Hitstun > 91 Soft Knockdown > 6 Action 6 > 2 Action 2,hitstun > knockdown > neutral,0,0,21,21,0,0,2,2,True,False,False,9,,,13,0x00000000,0 > 36 > 39 > 30,0,8 > 0 > 8 > 0 > 8 > 0 > 32,0 > 64 > 1 > 0,4 > 0 > 4,0,+0x1228 secondary reaction timer observed; +0x1210 held instead of decrementing on one or more sampled frames
2026-07-29T00:09:20Z,99515,99894,379,P1-C1,P1,0x9246B9C0,30,Frank West,hit,91,Soft Knockdown,10,Action 10,91 Soft Knockdown > 160 Air Recovery > 22 Action 22 > 1 Action 1 > 21 Action 21 > 1 Action 1 > 259 Action 259 > 256 Action 256 > 2 Action 2 > 22 Action 22 > 265 Action 265 > 1 Action 1 > 65 Overhead Hitstun > 265 Action 265 > 97 Launched > 30 Action 30 > 256 Action 256 > 22 Action 22 > 10 Action 10 > 11 Action 11 > 2 Action 2 > 1 Action 1 > 11 Action 11 > 352 Action 352 > 1 Action 1 > 21 Action 21 > 22 Action 22 > 265 Action 265 > 256 Action 256 > 2 Action 2 > 65 Overhead Hitstun > 21 Action 21 > 10 Action 10,knockdown > air_recovery > hitstun > neutral,20,0,21,20,248064,6,0,372,True,False,True,0,,1,379,0x00000000,0 > 40 > 11 > 30 > 39 > 36 > 0 > 27 > 40 > 33 > 40 > 28 > 5 > 15 > 30 > 2 > 40 > 24 > 40 > 22 > 38 > 0 > 38 > 18 > 23 > 38 > 19 > 34 > 8 > 37 > 31 > 19 > 6 > 31 > 24 > 31 > 38 > 25 > 0 > 35 > 23 > 11 > 28 > 6 > 38 > 26 > 21 > 8 > 40 > 31 > 20 > 8 > 33 > 17 > 38 > 27 > 9 > 23 > 9 > 34 > 16 > 32 > 35 > 16 > 0 > 28 > 34 > 13 > 31,0,0 > 8 > 32 > 0 > 32 > 160 > 32 > 160 > 0 > 32 > 0 > 168 > 0 > 8 > 0 > 8 > 32 > 0 > 32 > 160 > 32 > 0 > 160 > 32 > 0 > 8 > 32 > 0 > 32,64 > 193 > 65 > 193 > 1 > 193 > 1 > 6 > 0 > 4 > 0 > 64 > 192 > 1 > 0 > 64 > 192 > 1 > 0 > 193 > 1 > 0 > 1 > 2 > 0 > 4 > 6 > 4 > 1 > 193 > 64 > 192 > 0 > 64 > 193 > 0,0 > 16 > 0 > 16 > 0 > 4 > 16 > 0 > 4 > 0 > 128 > 0 > 16 > 0 > 4 > 0 > 16 > 0 > 4 > 16 > 0,0 > 64 > 72 > 64 > 0 > 64 > 0 > 64 > 0 > 64 > 0 > 64 > 0 > 64 > 0 > 64 > 0 > 64 > 72 > 0,+0x1228 secondary reaction timer observed; +0x1210 held instead of decrementing on one or more sampled frames
2026-07-29T00:09:28Z,99898,99912,14,P2-C1,P2,0x927EB9E0,4,Polimar,hit,266,Action 266,417,Action 417,266 Action 266 > 80 Hard Knockdown > 115 Forward Roll > 6 Action 6 > 82 Bounce Off > 92 Hard Knockdown > 7 Action 7 > 1 Action 1 > 6 Action 6 > 64 Standing Hitstun > 3 Action 3 > 417 Action 417,hitstun > knockdown > wakeup > hitstun > knockdown > hitstun > neutral,1,0,21,10,254208,4,0,10,True,True,False,1,2,,14,0x00000000,0 > 31 > 13 > 0 > 34 > 30 > 33 > 32 > 0 > 24 > 33 > 40,0,0 > 8 > 0 > 160 > 8 > 32 > 0,192 > 0 > 192 > 0 > 1 > 0 > 1 > 0 > 192,0 > 4 > 0,64 > 0,+0x1228 secondary reaction timer observed; +0x1210 held instead of decrementing on one or more sampled frames
2026-07-29T00:09:32Z,99919,99923,4,P2-C2,P2,0x92EEBA20,27,Joe the Condor,hit,91,Soft Knockdown,264,Action 264,91 Soft Knockdown > 1 Action 1 > 264 Action 264,knockdown > neutral,0,0,21,20,0,0,0,1,True,False,False,0,,,4,0x00000000,0 > 22 > 3 > 10,0,8 > 168 > 160 > 0,64 > 192 > 1 > 0,0,0,+0x1228 secondary reaction timer observed; +0x1210 held instead of decrementing on one or more sampled frames
2026-07-29T00:09:46Z,99937,99955,18,P1-C2,P1,0x92B6BA00,20,Saki,hit,10,Action 10,256,Action 256,10 Action 10 > 9 Action 9 > 4562 Action 4562 > 80 Hard Knockdown > 73 Knockdown Face Up > 113 Get Up Face Up > 1 Action 1 > 65 Overhead Hitstun > 64 Standing Hitstun > 11 Action 11 > 262 Action 262 > 65 Overhead Hitstun > 1 Action 1 > 64 Standing Hitstun > 3 Action 3 > 265 Action 265 > 256 Action 256,hitstun > neutral > hitstun > knockdown > wakeup > hitstun > neutral > hitstun > neutral,0,0,21,20,255232,5,0,5,True,True,False,5,7,,18,0x00000000,0 > 24 > 0 > 40 > 22 > 0 > 37 > 0 > 38 > 33 > 40 > 20,0,40 > 32 > 16 > 0 > 160 > 8 > 32 > 8 > 168 > 8 > 32 > 0,1 > 0 > 192 > 0 > 1 > 0 > 1 > 0 > 1 > 0 > 1 > 192 > 0,0 > 4 > 0 > 4 > 0 > 4 > 0 > 4 > 0,0 > 64 > 0 > 64,+0x1228 secondary reaction timer observed; +0x1210 held instead of decrementing on one or more sampled frames
2026-07-29T00:09:47Z,99932,99957,25,P2-C2,P2,0x92EEBA20,27,Joe the Condor,hit,89,Spiral Knockdown,1,Action 1,89 Spiral Knockdown > 102 Knockdown Face Up > 116 Backward Roll > 259 Action 259 > 1 Action 1 > 465 Action 465 > 6 Action 6 > 267 Action 267 > 257 Action 257 > 1 Action 1 > 267 Action 267 > 257 Action 257 > 1 Action 1 > 20 Action 20 > 1 Action 1,knockdown > wakeup > hitstun > neutral,0,0,21,20,254976,4,0,22,True,True,False,0,4,,25,0x00000000,0 > 39 > 17 > 35 > 17 > 20 > 36 > 13 > 24 > 25 > 40 > 27 > 32 > 14 > 40 > 27 > 0 > 32 > 39 > 38 > 32 > 0 > 32 > 25,0,40 > 0 > 8 > 24 > 0 > 168 > 24 > 0 > 168 > 8 > 0 > 168 > 32 > 160,65 > 64 > 192 > 0 > 6 > 1 > 0 > 1 > 192 > 0 > 4 > 1 > 192 > 196 > 0 > 4 > 1 > 65 > 1,0 > 16 > 0,0 > 72 > 0 > 64 > 0 > 64 > 0 > 72 > 0,+0x1228 secondary reaction timer observed; +0x1210 held instead of decrementing on one or more sampled frames
2026-07-29T00:10:10Z,99967,100003,36,P1-C2,P1,0x92B6BA00,20,Saki,hit,11,Action 11,430,Action 430,11 Action 11 > 4562 Action 4562 > 80 Hard Knockdown > 73 Knockdown Face Up > 115 Forward Roll > 10 Action 10 > 11 Action 11 > 416 Action 416 > 417 Action 417 > 430 Action 430 > 426 Action 426 > 65 Overhead Hitstun > 417 Action 417 > 430 Action 430,hitstun > neutral > hitstun > knockdown > wakeup > hitstun > neutral,0,0,12,7,254976,4,0,30,True,True,False,5,7,,36,0x00000000,0 > 1 > 0 > 14 > 39 > 21 > 33 > 35 > 16 > 20 > 34 > 14 > 23 > 3 > 29 > 7 > 16 > 37 > 11 > 25 > 7 > 16 > 31 > 36 > 8 > 26 > 30 > 10 > 28 > 39 > 18 > 25 > 31,0,32 > 0 > 16 > 32 > 0 > 8 > 0 > 8 > 16 > 0 > 8 > 0,1 > 0 > 192 > 0 > 1 > 0 > 192 > 64 > 192 > 0 > 192 > 64,0 > 4 > 0,0,+0x1228 secondary reaction timer observed; +0x1210 held instead of decrementing on one or more sampled frames
2026-07-29T00:10:14Z,99911,100011,100,P1-C1,P1,0x9246B9C0,30,Frank West,hit,89,Spiral Knockdown,417,Action 417,89 Spiral Knockdown > 102 Knockdown Face Up > 113 Get Up Face Up > 10 Action 10 > 20 Action 20 > 22 Action 22 > 11 Action 11 > 10 Action 10 > 11 Action 11 > 2 Action 2 > 4565 Action 4565 > 102 Knockdown Face Up > 113 Get Up Face Up > 416 Action 416 > 417 Action 417 > 430 Action 430 > 426 Action 426 > 424 Action 424 > 417 Action 417 > 430 Action 430 > 426 Action 426 > 424 Action 424 > 417 Action 417 > 430 Action 430 > 426 Action 426 > 424 Action 424 > 430 Action 430 > 418 Action 418 > 425 Action 425 > 11 Action 11 > 1 Action 1 > 11 Action 11 > 22 Action 22 > 306 Action 306 > 3 Action 3 > 261 Action 261 > 4562 Action 4562 > 73 Knockdown Face Up > 103 Wakeup Transition > 1 Action 1 > 2 Action 2 > 265 Action 265 > 20 Action 20 > 11 Action 11 > 2 Action 2 > 306 Action 306 > 65 Overhead Hitstun > 10 Action 10 > 416 Action 416 > 417 Action 417,knockdown > wakeup > hitstun > knockdown > wakeup > hitstun > blockstun > hitstun > knockdown > wakeup > hitstun > blockstun > neutral,1,6,21,21,255232,6,0,93,True,True,False,0,4,,100,0x00000000,0 > 26 > 39 > 0 > 28 > 0 > 39 > 40 > 21 > 14 > 24 > 0 > 24 > 39 > 34 > 13 > 24 > 2 > 10 > 22 > 23 > 31 > 29 > 7 > 29 > 37 > 6 > 22 > 38 > 10 > 30 > 2 > 16 > 31 > 14 > 22 > 21 > 38 > 33 > 36 > 18 > 30 > 7 > 1 > 7 > 35 > 26 > 35 > 16 > 28 > 5 > 21 > 22 > 7 > 29 > 38 > 28 > 35 > 11 > 25 > 34 > 38 > 22 > 8 > 36 > 33 > 14 > 32 > 6 > 28 > 33 > 8 > 38 > 0 > 32 > 19 > 0 > 25 > 31 > 12 > 0 > 7 > 0 > 38 > 16 > 27,0,8 > 16 > 0 > 32 > 40 > 32 > 0 > 16 > 0 > 8 > 0 > 8 > 0 > 8 > 0 > 8 > 0 > 32 > 160 > 32 > 40 > 32 > 0 > 32 > 0 > 8 > 16 > 0 > 64 > 168 > 40 > 0 > 32 > 0 > 8 > 40 > 8 > 0,64 > 192 > 0 > 65 > 64 > 192 > 1 > 0 > 192 > 64 > 0 > 192 > 64 > 0 > 192 > 64 > 6 > 0 > 64 > 192 > 196 > 0 > 1 > 193 > 0 > 1 > 0 > 1 > 0 > 64 > 1 > 0 > 1 > 0 > 192,0 > 4 > 0 > 16 > 0 > 4 > 0 > 4 > 0 > 16 > 0 > 4 > 0 > 4 > 0 > 4 > 0 > 4 > 0,0 > 64 > 0 > 64 > 0,+0x1228 secondary reaction timer observed; +0x1210 held instead of decrementing on one or more sampled frames
2026-07-29T00:10:19Z,99961,100022,61,P2-C2,P2,0x92EEBA20,27,Joe the Condor,hit,91,Soft Knockdown,1,Action 1,91 Soft Knockdown > 30 Action 30 > 6 Action 6 > 1 Action 1 > 267 Action 267 > 1 Action 1 > 265 Action 265 > 1 Action 1 > 465 Action 465 > 7 Action 7 > 6 Action 6 > 10 Action 10 > 89 Spiral Knockdown > 102 Knockdown Face Up > 115 Forward Roll > 6 Action 6 > 1 Action 1 > 21 Action 21 > 267 Action 267 > 1 Action 1 > 36 Action 36 > 30 Action 30 > 1 Action 1 > 266 Action 266 > 465 Action 465 > 6 Action 6 > 265 Action 265 > 30 Action 30 > 4615 Action 4615 > 2 Action 2 > 1 Action 1 > 20 Action 20 > 267 Action 267 > 257 Action 257 > 10 Action 10 > 89 Spiral Knockdown > 102 Knockdown Face Up > 115 Forward Roll > 7 Action 7 > 19 Action 19 > 21 Action 21 > 4615 Action 4615 > 64 Standing Hitstun > 259 Action 259 > 1 Action 1,knockdown > hitstun > knockdown > wakeup > hitstun > knockdown > wakeup > hitstun > neutral,0,0,21,20,252416,5,0,53,True,True,False,0,21,,61,0x00000000,0 > 21 > 31 > 25 > 24 > 17 > 0 > 32 > 29 > 10 > 22 > 39 > 31 > 17 > 31 > 37 > 0 > 26 > 32 > 37 > 32 > 23 > 16 > 37 > 31 > 37 > 20 > 29 > 23 > 40 > 14 > 32 > 36 > 39 > 17 > 27 > 0 > 38 > 11 > 27 > 0 > 24 > 0 > 23 > 32 > 34 > 38 > 40 > 0 > 33 > 35 > 17 > 29,0,8 > 32 > 0 > 160 > 0 > 160 > 0 > 160 > 16 > 0 > 32 > 8 > 24 > 0 > 128 > 32 > 0 > 160 > 40 > 168 > 8 > 16 > 0 > 8 > 0 > 32 > 8 > 0 > 32 > 160 > 40 > 0 > 32 > 8 > 0 > 160 > 40 > 8 > 32 > 160,64 > 1 > 192 > 1 > 6 > 1 > 0 > 1 > 64 > 192 > 0 > 1 > 65 > 192 > 1 > 65 > 1 > 64 > 192 > 0 > 1 > 64 > 1 > 0 > 1 > 65 > 196 > 16 > 1 > 64 > 192 > 0 > 1 > 193 > 0 > 1,0 > 128 > 0 > 16 > 0 > 32 > 4 > 0 > 16 > 0 > 4 > 16 > 32 > 4 > 0,0 > 64 > 0 > 64 > 0 > 64 > 0 > 64 > 0 > 72 > 0 > 64 > 0,+0x1228 secondary reaction timer observed; +0x1210 held instead of decrementing on one or more sampled frames
2026-07-29T00:10:26Z,100037,100040,3,P2-C2,P2,0x92EEBA20,27,Joe the Condor,hit,161,Hard Knockdown,21,Action 21,161 Hard Knockdown > 6 Action 6 > 257 Action 257 > 21 Action 21,knockdown > neutral,0,0,0,0,0,4,0,0,True,False,False,0,,,3,0x00000000,39 > 35 > 17 > 25,0,0 > 32,192 > 1 > 0 > 65,0 > 16,0,
2026-07-29T00:10:36Z,100029,100064,35,P1-C2,P1,0x92B6BA00,20,Saki,hit,65,Overhead Hitstun,1,Action 1,65 Overhead Hitstun > 97 Launched > 160 Air Recovery > 1 Action 1 > 95 Forced Roll > 1 Action 1 > 65 Overhead Hitstun > 97 Launched > 160 Air Recovery > 33 Action 33 > 1 Action 1 > 4562 Action 4562 > 73 Knockdown Face Up > 103 Wakeup Transition > 113 Get Up Face Up > 1 Action 1 > 65 Overhead Hitstun > 1 Action 1,hitstun > air_recovery > hitstun > knockdown > hitstun > air_recovery > hitstun > knockdown > wakeup > hitstun > neutral,0,0,21,20,254976,4,0,25,True,True,True,8,29,4,35,0x00000000,0 > 37 > 40 > 20 > 0 > 32 > 6 > 27 > 12 > 0 > 35 > 0 > 32 > 0 > 17 > 1 > 21 > 0 > 36 > 35 > 22 > 0 > 24 > 4 > 38,0,8 > 0 > 8 > 32 > 168 > 8 > 168 > 160 > 168 > 8 > 0 > 40 > 160 > 0 > 64 > 0 > 160 > 8 > 160,0 > 64 > 193 > 1 > 192 > 0 > 1 > 0 > 64 > 192 > 193 > 1 > 0 > 1 > 0 > 1,4 > 0 > 128 > 0 > 4 > 0 > 128 > 0 > 4 > 0 > 4 > 0,0,+0x1228 secondary reaction timer observed; +0x1210 held instead of decrementing on one or more sampled frames
2026-07-29T00:16:40Z,100096,101843,1747,P1-C1,P1,0x9246B9C0,30,Frank West,hit,1,Action 1,20,Action 20,1 Action 1 > 64 Standing Hitstun > 1 Action 1 > 64 Standing Hitstun > 258 Action 258 > 65 Overhead Hitstun > 10 Action 10 > 97 Launched > 160 Air Recovery > 30 Action 30 > 7 Action 7 > 20 Action 20 > 265 Action 265 > 3 Action 3 > 258 Action 258 > 1 Action 1 > 2 Action 2 > 256 Action 256 > 258 Action 258 > 65 Overhead Hitstun > 64 Standing Hitstun > 1 Action 1 > 97 Launched > 160 Air Recovery > 32 Action 32 > 1 Action 1 > 3 Action 3 > 258 Action 258 > 1 Action 1 > 20 Action 20 > 30 Action 30 > 1 Action 1 > 4565 Action 4565 > 102 Knockdown Face Up > 113 Get Up Face Up > 1 Action 1 > 11 Action 11 > 1 Action 1 > 66 Low Hitstun > 1 Action 1 > 20 Action 20,hitstun > neutral > hitstun > neutral > hitstun > neutral > hitstun > air_recovery > hitstun > air_recovery > hitstun > knockdown > wakeup > hitstun > neutral,0,0,21,20,254208,4,0,1726,True,True,True,1735,1737,1686,1747,0x00000000,0 > 30 > 0 > 33 > 0 > 26 > 0 > 37 > 36 > 15 > 20 > 40 > 33 > 29 > 15 > 2 > 35 > 37 > 22 > 0 > 38 > 39 > 31 > 24 > 11 > 40 > 33 > 7 > 32 > 34 > 13 > 28 > 0 > 17 > 36 > 23 > 40 > 25 > 14 > 37 > 22 > 9 > 36 > 31 > 0 > 26 > 28 > 38 > 20 > 37 > 26 > 17 > 0 > 39 > 36 > 16,0,160 > 168 > 8 > 160 > 8 > 0 > 8 > 0 > 32 > 8 > 32 > 0 > 32 > 0 > 8 > 128 > 32 > 0 > 8 > 0 > 168 > 0 > 48 > 160 > 168 > 32 > 0 > 8 > 0 > 160 > 32 > 160 > 0 > 16 > 0 > 160 > 32 > 160 > 168 > 8 > 160 > 48,1 > 0 > 1 > 0 > 64 > 193 > 1 > 65 > 192 > 1 > 0 > 1 > 0 > 1 > 192 > 64 > 193 > 1 > 0 > 1 > 65 > 1 > 0 > 1 > 0 > 1 > 193,0 > 4 > 0 > 4 > 0 > 4 > 0 > 128 > 16 > 0 > 4 > 0 > 4 > 0 > 4 > 0 > 128 > 0 > 4 > 0 > 16 > 0 > 4 > 0 > 4 > 0 > 16,0 > 64 > 0 > 64 > 0 > 64 > 0 > 64 > 0 > 64 > 0 > 64 > 0,+0x1228 secondary reaction timer observed; +0x1210 held instead of decrementing on one or more sampled frames
2026-07-29T00:16:45Z,101861,101864,3,P1-C1,P1,0x9246B9C0,30,Frank West,block,48,Block,3,Action 3,48 Block > 3 Action 3,blockstun > neutral,0,14,0,0,0,0,0,0,False,False,False,,,,3,0x00000000,40 > 27 > 3 > 33,0,24 > 32,0 > 1,0 > 4,0,
2026-07-29T23:46:20Z,148719,148729,10,P2-C1,P2,0x927EB9E0,11,Gold Lightan,hit,30,Action 30,468,Action 468,30 Action 30 > 6 Action 6 > 263 Action 263 > 468 Action 468,hitstun > neutral,0,0,20,20,252672,0,0,0,False,False,False,,,,10,0x00000030 > 0x00000054 > 0x00000058 > 0x00000060 > 0x000000A8 > 0x000000C0 > 0x000000BF,44 > 32 > 44 > 37 > 44 > 40 > 26 > 11 > 33 > 22,0,40 > 8 > 0 > 8 > 16 > 0,0,0,0,+0x1228 secondary reaction timer observed; giant/boss character uses explicit hitstun update branch
2026-07-29T23:46:27Z,148746,148752,6,P2-C1,P2,0x927EB9E0,11,Gold Lightan,hit,6,Action 6,1,Action 1,6 Action 6 > 260 Action 260 > 258 Action 258 > 1 Action 1,hitstun > neutral,2,0,20,20,0,0,0,1,False,False,False,,,,6,0x000000CF > 0x000000DB > 0x00000123 > 0x0000012F > 0x0000012E,40 > 44 > 34 > 20 > 12 > 40,0,8 > 0 > 160,0 > 6 > 32 > 1,0,0 > 64 > 0,+0x1228 secondary reaction timer observed; +0x1210 held instead of decrementing on one or more sampled frames; giant/boss character uses explicit hitstun update branch
2026-07-29T23:46:28Z,148726,148756,30,P1-C1,P1,0x9246B9C0,20,Saki,hit,4565,Action 4565,264,Action 264,4565 Action 4565 > 126 Breakaway > 267 Action 267 > 260 Action 260 > 267 Action 267 > 258 Action 258 > 256 Action 256 > 264 Action 264 > 258 Action 258 > 304 Action 304 > 64 Standing Hitstun > 10 Action 10 > 260 Action 260 > 264 Action 264,hitstun > air_recovery > hitstun > neutral,10,0,21,20,252672,1,0,23,False,False,True,,,4,30,0x00000000,0 > 35 > 15 > 39 > 0 > 31 > 40 > 36 > 16 > 37 > 25 > 28 > 16 > 29 > 17 > 32 > 27 > 13 > 28 > 3 > 0 > 35 > 39,0,16 > 0 > 8 > 0 > 8 > 0 > 8 > 0 > 8 > 40 > 8 > 0,0 > 65 > 192 > 0 > 64 > 192 > 0 > 4 > 0 > 6 > 0 > 6 > 4 > 0 > 1 > 34,0 > 4 > 0,0 > 72 > 0 > 64 > 0 > 64 > 0 > 64,+0x1228 secondary reaction timer observed; +0x1210 held instead of decrementing on one or more sampled frames
2026-07-29T23:46:30Z,148755,148762,7,P2-C1,P2,0x927EB9E0,11,Gold Lightan,hit,6,Action 6,271,Action 271,6 Action 6 > 2 Action 2 > 257 Action 257 > 271 Action 271,hitstun > neutral,3,0,16,16,0,0,1,1,False,False,False,,,,7,0x00000131 > 0x00000139 > 0x00000145,40 > 44 > 37 > 25 > 20 > 16 > 15,0,8 > 0,0 > 34 > 32 > 38,0 > 4 > 0,0 > 64 > 0,+0x1228 secondary reaction timer observed; +0x1210 held instead of decrementing on one or more sampled frames; giant/boss character uses explicit hitstun update branch
2026-07-29T23:46:34Z,148766,148776,10,P2-C1,P2,0x927EB9E0,11,Gold Lightan,hit,271,Action 271,304,Action 304,271 Action 271 > 1 Action 1 > 19 Action 19 > 21 Action 21 > 267 Action 267 > 20 Action 20 > 9 Action 9 > 304 Action 304,hitstun > neutral > hitstun > neutral > hitstun > neutral,1,0,19,19,0,0,0,0,False,False,False,,,,10,0x0000014F > 0x0000014E > 0x0000015A > 0x00000167 > 0x00000166,39 > 26 > 8 > 38 > 43 > 24 > 3 > 31 > 10 > 34 > 15,0,8 > 168 > 40 > 8 > 0 > 8 > 40 > 8 > 0,4 > 1 > 64 > 192 > 0 > 6,0 > 4 > 16 > 0,0 > 64 > 0,+0x1228 secondary reaction timer observed; giant/boss character uses explicit hitstun update branch
2026-07-29T23:46:43Z,148814,148817,3,P2-C1,P2,0x927EB9E0,11,Gold Lightan,hit,313,Action 313,476,Action 476,313 Action 313 > 476 Action 476,hitstun > neutral,1,0,12,12,249600,0,0,0,False,False,False,,,,3,0x00000169 > 0x00000168,28 > 39 > 23 > 11,0,8 > 16 > 0,0,0,0,+0x1228 secondary reaction timer observed; giant/boss character uses explicit hitstun update branch
2026-07-29T23:46:49Z,148830,148838,8,P2-C1,P2,0x927EB9E0,11,Gold Lightan,hit,312,Action 312,308,Action 308,312 Action 312 > 308 Action 308,hitstun > neutral > hitstun > neutral,2,0,11,11,0,0,0,1,False,False,False,,,,8,0x00000167 > 0x00000172 > 0x0000017E > 0x0000017D,44 > 36 > 17 > 1 > 34 > 12 > 39 > 28,0,8 > 24 > 8 > 0,0 > 6,0,0,+0x1228 secondary reaction timer observed; +0x1210 held instead of decrementing on one or more sampled frames; giant/boss character uses explicit hitstun update branch
2026-07-29T23:48:06Z,149441,149450,9,P1-C1,P1,0x9246B9C0,10,Karas,hit,1,Action 1,265,Action 265,1 Action 1 > 64 Standing Hitstun > 66 Low Hitstun > 64 Standing Hitstun > 66 Low Hitstun > 265 Action 265,hitstun > neutral,0,0,21,20,0,0,0,0,False,False,False,,,,9,0x00000000,0 > 40 > 28 > 10 > 37,0,160 > 8 > 0,1 > 0 > 64 > 192,0 > 4 > 0,0 > 64 > 0,+0x1228 secondary reaction timer observed
2026-07-29T23:48:23Z,149503,149511,8,P1-C2,P1,0x92B6BA00,3,Tekkaman,hit,425,Action 425,261,Action 261,425 Action 425 > 67 Air T-Pose Hit > 79 Stagger > 91 Soft Knockdown > 259 Action 259 > 261 Action 261,hitstun > knockdown > neutral,0,0,21,20,0,0,0,0,True,False,False,3,,,8,0x00000000,38 > 0 > 36 > 0 > 30 > 0,0,8 > 0,0 > 64 > 192 > 6 > 32 > 38,0 > 4 > 0 > 2 > 0,0 > 64,+0x1228 secondary reaction timer observed
2026-07-29T23:48:25Z,149454,149518,64,P2-C1,P2,0x927EB9E0,8,Jun the Swan,hit,267,Action 267,315,Action 315,267 Action 267 > 95 Forced Roll > 258 Action 258 > 6 Action 6 > 256 Action 256 > 6 Action 6 > 259 Action 259 > 260 Action 260 > 264 Action 264 > 31 Action 31 > 288 Action 288 > 266 Action 266 > 20 Action 20 > 265 Action 265 > 3 Action 3 > 315 Action 315 > 524 Action 524 > 35 Action 35 > 18 Action 18 > 35 Action 35 > 6 Action 6 > 1 Action 1 > 21 Action 21 > 91 Soft Knockdown > 160 Air Recovery > 20 Action 20 > 267 Action 267 > 20 Action 20 > 267 Action 267 > 1 Action 1 > 53 Crouching Pushblock > 20 Action 20 > 266 Action 266 > 1 Action 1 > 256 Action 256 > 257 Action 257 > 264 Action 264 > 66 Low Hitstun > 64 Standing Hitstun > 49 Crouching Block > 315 Action 315,hitstun > knockdown > hitstun > knockdown > air_recovery > hitstun > blockstun > hitstun > blockstun > neutral,8,12,21,20,255488,3,0,53,True,False,True,1,,38,64,0x00000000,0 > 32 > 18 > 4 > 0 > 30 > 28 > 38 > 0 > 34 > 28 > 40 > 37 > 38 > 34 > 16 > 40 > 34 > 40 > 25 > 38 > 30 > 21 > 12 > 39 > 37 > 26 > 40 > 27 > 21 > 4 > 38 > 26 > 38 > 27 > 0 > 29 > 21 > 30 > 40 > 35 > 36 > 21 > 35 > 0 > 28 > 0 > 40 > 0 > 40 > 14 > 0 > 40 > 26 > 10 > 37,0,8 > 32 > 0 > 16 > 0 > 160 > 0 > 32 > 0 > 32 > 0 > 16 > 0 > 48 > 32 > 160 > 32 > 0 > 8 > 168 > 40 > 8 > 0 > 40 > 8 > 40 > 0 > 168 > 0 > 32 > 0 > 32 > 0 > 8 > 0,192 > 0 > 1 > 0 > 32 > 0 > 96 > 100 > 102 > 100 > 229 > 198 > 1 > 0 > 64 > 193 > 65 > 193 > 65 > 193 > 0 > 1 > 64 > 193 > 65 > 192 > 65 > 192 > 1 > 65 > 192 > 1 > 34 > 32 > 0,0 > 4 > 0 > 4 > 0 > 16 > 0 > 16 > 0 > 16 > 0 > 16 > 0 > 4 > 0,64 > 0 > 64 > 0 > 64 > 0 > 64 > 0 > 64 > 0 > 64 > 0 > 64 > 0 > 64 > 0 > 64 > 0,+0x1228 secondary reaction timer observed; +0x1210 held instead of decrementing on one or more sampled frames
2026-07-29T23:52:31Z,151716,151727,11,P1-C1,P1,0x9246B9C0,11,Gold Lightan,hit,6,Action 6,2,Action 2,6 Action 6 > 2 Action 2,hitstun > neutral,0,0,26,26,0,0,0,1,False,False,False,,,,11,0x00000004 > 0x00000010 > 0x00000018 > 0x00000020 > 0x0000002C > 0x00000038 > 0x00000037,44 > 41 > 44 > 31 > 44 > 32 > 18 > 35 > 22,0,8 > 24 > 8 > 32 > 40,0,0 > 4,0,+0x1228 secondary reaction timer observed; +0x1210 held instead of decrementing on one or more sampled frames; giant/boss character uses explicit hitstun update branch
2026-07-29T23:52:33Z,151731,151735,4,P2-C1,P2,0x92B6B9E0,7,Ippatsuman,block,49,Crouching Block,264,Action 264,49 Crouching Block > 1 Action 1 > 264 Action 264,blockstun > neutral,0,15,0,0,0,0,0,0,False,False,False,,,,4,0x00000000,0 > 26 > 32 > 37 > 19,0,8 > 168 > 8,0 > 1 > 0,0,0 > 64,
2026-07-29T23:52:35Z,151738,151743,5,P1-C1,P1,0x9246B9C0,11,Gold Lightan,hit,6,Action 6,258,Action 258,6 Action 6 > 260 Action 260 > 258 Action 258,hitstun > neutral,1,0,24,24,0,0,0,0,False,False,False,,,,5,0x0000003F > 0x0000003E,44 > 41 > 31 > 18 > 10 > 39,0,8 > 0,0 > 6 > 32,0,0 > 64,+0x1228 secondary reaction timer observed; giant/boss character uses explicit hitstun update branch
2026-07-29T23:52:36Z,151741,151748,7,P2-C1,P2,0x92B6B9E0,7,Ippatsuman,hit,67,Air T-Pose Hit,267,Action 267,67 Air T-Pose Hit > 9 Action 9 > 64 Standing Hitstun > 1 Action 1 > 21 Action 21 > 267 Action 267,hitstun > neutral,0,0,21,20,0,0,0,0,False,False,False,,,,7,0x00000000,0 > 37 > 23 > 34,0,8 > 40 > 8 > 136 > 40 > 0,0 > 1 > 0 > 65 > 192,4 > 0 > 4 > 0 > 16 > 0,0 > 64,+0x1228 secondary reaction timer observed
2026-07-29T23:52:37Z,151749,151752,3,P1-C1,P1,0x9246B9C0,11,Gold Lightan,hit,22,Action 22,260,Action 260,22 Action 22 > 265 Action 265 > 260 Action 260,hitstun > neutral,0,0,20,20,0,5,0,0,False,False,False,,,,3,0x00000049 > 0x00000048,44 > 24 > 12 > 40,0,40 > 8 > 0,65 > 64 > 192 > 0,16 > 0,0 > 64 > 0,+0x1228 secondary reaction timer observed; giant/boss character uses explicit hitstun update branch
2026-07-29T23:52:37Z,151749,151753,4,P2-C1,P2,0x92B6B9E0,7,Ippatsuman,hit,161,Hard Knockdown,10,Action 10,161 Hard Knockdown > 7 Action 7 > 10 Action 10,knockdown > neutral,1,0,0,0,0,0,0,0,True,False,False,0,,,4,0x00000000,0 > 39 > 27 > 15 > 0,0,0 > 8 > 40,194 > 1,0,64 > 0,
2026-07-29T23:52:40Z,151759,151764,5,P2-C1,P2,0x92B6B9E0,7,Ippatsuman,block,50,Air Block,20,Action 20,50 Air Block > 7 Action 7 > 259 Action 259 > 20 Action 20,blockstun > neutral,0,2,0,0,0,2,0,0,False,False,False,,,,5,0x00000000,0 > 34 > 38 > 22 > 25 > 32,0,8 > 40,193 > 192 > 1 > 0 > 65,0 > 16,0 > 64 > 0,
2026-07-29T23:52:44Z,151772,151780,8,P1-C1,P1,0x9246B9C0,11,Gold Lightan,hit,265,Action 265,1,Action 1,265 Action 265 > 271 Action 271 > 1 Action 1,hitstun > neutral,0,0,26,26,0,0,0,0,False,False,False,,,,8,0x00000045 > 0x00000051 > 0x00000059 > 0x00000065 > 0x00000064,44 > 31 > 44 > 23 > 9 > 37 > 24,0,8 > 0 > 160,192 > 0 > 1,0,0,+0x1228 secondary reaction timer observed; giant/boss character uses explicit hitstun update branch
2026-07-29T23:52:45Z,151781,151784,3,P1-C1,P1,0x9246B9C0,11,Gold Lightan,hit,310,Action 310,310,Action 310,310 Action 310,hitstun > neutral,0,0,4,4,0,0,0,0,False,False,False,,,,3,0x00000068 > 0x00000067,37 > 14 > 5 > 36,0,8 > 0 > 16 > 24,0,0,0,+0x1228 secondary reaction timer observed; giant/boss character uses explicit hitstun update branch
2026-07-29T23:52:48Z,151788,151793,5,P1-C1,P1,0x9246B9C0,11,Gold Lightan,hit,32,Action 32,257,Action 257,32 Action 32 > 257 Action 257,hitstun > neutral,1,0,13,13,0,0,0,0,False,False,False,,,,5,0x0000006E > 0x00000076 > 0x00000075,45 > 41 > 39 > 25 > 8 > 26,0,8 > 0,0 > 4,0,0 > 64 > 0,+0x1228 secondary reaction timer observed; giant/boss character uses explicit hitstun update branch
2026-07-29T23:52:50Z,151795,151799,4,P1-C1,P1,0x9246B9C0,11,Gold Lightan,hit,256,Action 256,271,Action 271,256 Action 256 > 271 Action 271,hitstun > neutral,4,0,20,20,0,0,0,0,False,False,False,,,,4,0x00000075 > 0x00000074,44 > 26 > 23 > 13 > 38,0,8 > 0,6 > 4,0,64 > 0,+0x1228 secondary reaction timer observed; giant/boss character uses explicit hitstun update branch
2026-07-29T23:52:50Z,151796,151800,4,P1-C2,P1,0x92EEBA00,10,Karas,hit,64,Standing Hitstun,417,Action 417,64 Standing Hitstun > 417 Action 417,hitstun > neutral,0,0,19,18,254464,0,0,0,False,False,False,,,,4,0x00000000,0 > 37 > 22 > 38,0,8,0 > 192,4 > 0,0,+0x1228 secondary reaction timer observed
2026-07-29T23:52:50Z,151791,151802,11,P2-C1,P2,0x92B6B9E0,7,Ippatsuman,hit,64,Standing Hitstun,20,Action 20,64 Standing Hitstun > 19 Action 19 > 20 Action 20 > 91 Soft Knockdown > 1 Action 1 > 314 Action 314 > 20 Action 20,hitstun > neutral > knockdown > neutral,1,0,21,20,0,5,0,2,True,False,False,4,,,11,0x00000000,0 > 40 > 33 > 24 > 0 > 40 > 20 > 7,0,8 > 136 > 40 > 8 > 168 > 8 > 32,0 > 65 > 64 > 192 > 1 > 192 > 193,4 > 16 > 0,0,+0x1228 secondary reaction timer observed; +0x1210 held instead of decrementing on one or more sampled frames
2026-07-29T23:52:54Z,151810,151815,5,P1-C1,P1,0x9246B9C0,11,Gold Lightan,hit,1,Action 1,310,Action 310,1 Action 1 > 310 Action 310,hitstun > neutral,0,0,25,25,0,0,0,0,False,False,False,,,,5,0x0000007C > 0x0000007B,45 > 39 > 25 > 8 > 31 > 22,0,168 > 40 > 8 > 0,1 > 0,0,0,+0x1228 secondary reaction timer observed; giant/boss character uses explicit hitstun update branch
2026-07-29T23:52:55Z,151817,151821,4,P1-C1,P1,0x9246B9C0,11,Gold Lightan,hit,310,Action 310,259,Action 259,310 Action 310 > 32 Action 32 > 259 Action 259,hitstun > neutral,1,0,20,20,0,0,0,0,False,False,False,,,,4,0x00000086,44 > 38 > 23 > 12 > 5,0,0 > 8 > 32 > 0,0 > 1 > 0,0,0 > 64,+0x1228 secondary reaction timer observed; giant/boss character uses explicit hitstun update branch
2026-07-29T23:52:56Z,151821,151825,4,P1-C2,P1,0x92EEBA00,10,Karas,hit,425,Action 425,261,Action 261,425 Action 425 > 64 Standing Hitstun > 261 Action 261,hitstun > neutral,0,0,12,11,0,0,0,0,False,False,False,,,,4,0x00000000,0 > 35 > 34 > 24 > 22,0,8,0 > 6,0 > 4 > 0,0 > 64,+0x1228 secondary reaction timer observed
2026-07-29T23:52:57Z,151824,151831,7,P1-C1,P1,0x9246B9C0,11,Gold Lightan,hit,304,Action 304,260,Action 260,304 Action 304 > 260 Action 260,hitstun > neutral,2,0,24,24,0,0,0,2,False,False,False,,,,7,0x00000091 > 0x00000090,44 > 38 > 29 > 40 > 35 > 26,0,8 > 0,0 > 6 > 4 > 0,0,0,+0x1228 secondary reaction timer observed; +0x1210 held instead of decrementing on one or more sampled frames; giant/boss character uses explicit hitstun update branch
2026-07-29T23:56:53Z,153978,153982,4,P2-C1,P2,0x927EB9E0,1,Ken the Eagle,block,264,Action 264,305,Action 305,264 Action 264 > 165 Breakaway Recovery > 3 Action 3 > 305 Action 305,blockstun > air_recovery > neutral,0,12,0,0,0,0,0,0,False,False,True,,,1,4,0x00000000,35 > 32 > 35 > 18,0,8 > 40 > 32 > 8,0 > 193 > 1 > 0,0 > 128 > 4 > 0,0,
2026-07-29T23:57:12Z,153986,154057,71,P1-C1,P1,0x9246B9C0,1,Ken the Eagle,hit,64,Standing Hitstun,329,Action 329,64 Standing Hitstun > 91 Soft Knockdown > 6 Action 6 > 91 Soft Knockdown > 160 Air Recovery > 329 Action 329 > 18 Action 18 > 331 Action 331 > 91 Soft Knockdown > 160 Air Recovery > 6 Action 6 > 309 Action 309 > 30 Action 30 > 6 Action 6 > 3 Action 3 > 305 Action 305 > 3 Action 3 > 328 Action 328 > 265 Action 265 > 30 Action 30 > 258 Action 258 > 265 Action 265 > 331 Action 331 > 91 Soft Knockdown > 160 Air Recovery > 6 Action 6 > 1 Action 1 > 265 Action 265 > 21 Action 21 > 91 Soft Knockdown > 1 Action 1 > 36 Action 36 > 265 Action 265 > 259 Action 259 > 266 Action 266 > 265 Action 265 > 267 Action 267 > 91 Soft Knockdown > 20 Action 20 > 329 Action 329,hitstun > knockdown > hitstun > knockdown > air_recovery > hitstun > knockdown > air_recovery > hitstun > knockdown > air_recovery > hitstun > knockdown > hitstun > knockdown > neutral,2,0,21,20,0,6,0,63,True,False,True,1,,8,71,0x00000000,0 > 36 > 0 > 32 > 22 > 1 > 0 > 29 > 0 > 35 > 39 > 29 > 24 > 40 > 27 > 36 > 21 > 38 > 25 > 15 > 1 > 32 > 33 > 39 > 33 > 29 > 23 > 14 > 39 > 17 > 37 > 24 > 14 > 40 > 22 > 7 > 33 > 25 > 0 > 32 > 22 > 40 > 28 > 0 > 36 > 0 > 24 > 23 > 9 > 33 > 38 > 31 > 0 > 40 > 39 > 34 > 20,0,8 > 0 > 8 > 0 > 8 > 0 > 32 > 160 > 16 > 8 > 0 > 8 > 0 > 32 > 0 > 32 > 8 > 24 > 8 > 40 > 32 > 0 > 32 > 0 > 8 > 0 > 8 > 24 > 136 > 8 > 0 > 8 > 168 > 40 > 8 > 0 > 8 > 32 > 0,0 > 64 > 192 > 0 > 64 > 192 > 64 > 193 > 192 > 64 > 192 > 0 > 198 > 196 > 68 > 196 > 1 > 0 > 1 > 64 > 70 > 68 > 192 > 1 > 0 > 64 > 192 > 64 > 193 > 1 > 192 > 64 > 192 > 0 > 65 > 192 > 0 > 64 > 192 > 64 > 192 > 65 > 64,4 > 0 > 4 > 0 > 128 > 4 > 0 > 4 > 0 > 128 > 0 > 16 > 0 > 16 > 0,0 > 64 > 0 > 64 > 0 > 64 > 0 > 64 > 0 > 64 > 0 > 64 > 0 > 64 > 0,+0x1228 secondary reaction timer observed; +0x1210 held instead of decrementing on one or more sampled frames
2026-07-29T23:57:16Z,154059,154072,13,P1-C1,P1,0x9246B9C0,1,Ken the Eagle,hit,329,Action 329,264,Action 264,329 Action 329 > 91 Soft Knockdown > 95 Forced Roll > 3 Action 3 > 48 Block > 304 Action 304 > 64 Standing Hitstun > 256 Action 256 > 257 Action 257 > 264 Action 264,hitstun > knockdown > blockstun > hitstun > neutral,2,2,21,20,255488,0,0,7,True,False,False,1,,,13,0x00000000,0 > 39 > 28 > 7 > 0 > 40 > 0 > 32 > 35,0,56 > 8 > 40 > 8 > 0 > 8 > 0,193 > 192 > 0 > 1 > 0 > 16 > 0 > 32 > 34,0 > 4 > 0 > 4 > 0,0 > 64,+0x1228 secondary reaction timer observed; +0x1210 held instead of decrementing on one or more sampled frames
2026-07-29T23:59:52Z,154647,155495,848,P2-C1,P2,0x927EB9E0,1,Ken the Eagle,hit,1,Action 1,1,Action 1,1 Action 1 > 91 Soft Knockdown > 30 Action 30 > 1 Action 1,hitstun > knockdown > neutral,0,0,21,20,0,0,0,848,True,False,False,843,,,848,0x00000000,2 > 29 > 21 > 28 > 15 > 35 > 17 > 27 > 35 > 15 > 23 > 4 > 25 > 5 > 27 > 8 > 27 > 9 > 32 > 16 > 39 > 21 > 16 > 3 > 29 > 12 > 36 > 18 > 12 > 6 > 31 > 16 > 1 > 22 > 6 > 31 > 26 > 20 > 15 > 9 > 2 > 31 > 24 > 18 > 12 > 5 > 40 > 33 > 26 > 20 > 15 > 8 > 40 > 34 > 25 > 19 > 14 > 8 > 3 > 38 > 30 > 24 > 19 > 13 > 7 > 40 > 32 > 23 > 16 > 10 > 4 > 39 > 33 > 27 > 21 > 15 > 9 > 3 > 37 > 31 > 22 > 15 > 9 > 3 > 38 > 33 > 28 > 23 > 18 > 12 > 7 > 2 > 37 > 32 > 25 > 19 > 12 > 5 > 39 > 34 > 29 > 24 > 19 > 11 > 5 > 40 > 34 > 29 > 23 > 16 > 10 > 3 > 37 > 31 > 25 > 18 > 12 > 6 > 40 > 34 > 29 > 23 > 18 > 5 > 39 > 33 > 27 > 22 > 16 > 11 > 5 > 40 > 34 > 29 > 24 > 18 > 12 > 5 > 39 > 31 > 25 > 18 > 12 > 5 > 39 > 32 > 26 > 19 > 11 > 7 > 40 > 34 > 25 > 19 > 14 > 8 > 3 > 38 > 33 > 27 > 22 > 17 > 12 > 6 > 40 > 34 > 20 > 13 > 8 > 2 > 37 > 31 > 24 > 17 > 13 > 2 > 35 > 28 > 21 > 14 > 10 > 6 > 40 > 35 > 27 > 22 > 17 > 13 > 8 > 3 > 38 > 30 > 25 > 20 > 15 > 10 > 6 > 40 > 34 > 28 > 24 > 19 > 14 > 10 > 5 > 1 > 37 > 32 > 27 > 22 > 17 > 13 > 9 > 4 > 37 > 31 > 27 > 19 > 15 > 10 > 6 > 1 > 37 > 32 > 27 > 22 > 15 > 11 > 6 > 37 > 32 > 27 > 23 > 19 > 15 > 10 > 6 > 1 > 37 > 33 > 28 > 23 > 16 > 10 > 6 > 1 > 37 > 32 > 28 > 24 > 19 > 15 > 10 > 5 > 1 > 37 > 33 > 29 > 24 > 19 > 14 > 9 > 4 > 40 > 33 > 27 > 23 > 19 > 14 > 10 > 5 > 39 > 32 > 28 > 22 > 6 > 1 > 33 > 24 > 18 > 13 > 8 > 3 > 39 > 31 > 25 > 19 > 13 > 6 > 34 > 23 > 15 > 7 > 1 > 35 > 29 > 24 > 20 > 15 > 10 > 6 > 2 > 31 > 25 > 19 > 14 > 9 > 3 > 38 > 33 > 29 > 25 > 20 > 16 > 12 > 7 > 3 > 38 > 32 > 26 > 22 > 17 > 11 > 4 > 37 > 30 > 20 > 12 > 2 > 20 > 14 > 9 > 4 > 39 > 35 > 30 > 14 > 39 > 31 > 18 > 10 > 3 > 37 > 30 > 24 > 19 > 12 > 6 > 1 > 35 > 20 > 14 > 8 > 2 > 37 > 32 > 27 > 19 > 12 > 6 > 1 > 36 > 31 > 26 > 18 > 9 > 38 > 29 > 24 > 17 > 11 > 5 > 40 > 35 > 31 > 26 > 21 > 15 > 9 > 4 > 39 > 34 > 29 > 24 > 20 > 15 > 10 > 6 > 1 > 36 > 31 > 27 > 23 > 18 > 13 > 9 > 4 > 39 > 34 > 28 > 24 > 19 > 15 > 10 > 6 > 2 > 36 > 32 > 27 > 23 > 18 > 13 > 9 > 40 > 35 > 30 > 25 > 21 > 17 > 12 > 8 > 3 > 39 > 35 > 31 > 27 > 22 > 18 > 14 > 8 > 3 > 38 > 34 > 29 > 24 > 19 > 14 > 10 > 5 > 1 > 37 > 32 > 28 > 24 > 19 > 14 > 8 > 2 > 33 > 26 > 20 > 12 > 5 > 39 > 34 > 29 > 24 > 19 > 13 > 5 > 38 > 32 > 22 > 16 > 10 > 5 > 40 > 36 > 31 > 25 > 21 > 16 > 11 > 4 > 38 > 34 > 29 > 24 > 20 > 15 > 10 > 5 > 1 > 37 > 33 > 28 > 24 > 20 > 16 > 11 > 3 > 33 > 27 > 20 > 15 > 6 > 38 > 31 > 26 > 22 > 18 > 14 > 10 > 5 > 1 > 36 > 31 > 26 > 22 > 17 > 13 > 9 > 4 > 39 > 35 > 31 > 26 > 22 > 18 > 13 > 9 > 5 > 1 > 37 > 32 > 27 > 21 > 16 > 12 > 7 > 2 > 38 > 33 > 29 > 24 > 20 > 16 > 11 > 7 > 2 > 38 > 33 > 28 > 23 > 18 > 14 > 10 > 5 > 1 > 37 > 32 > 27 > 23 > 19 > 14 > 10 > 6 > 2 > 38 > 33 > 28 > 24 > 19 > 14 > 10 > 5 > 1 > 36 > 32 > 27 > 22 > 18 > 14 > 10 > 6 > 2 > 37 > 33 > 26 > 21 > 15 > 10 > 5 > 1 > 37 > 32 > 28 > 23 > 19 > 15 > 11 > 7 > 2 > 37 > 33 > 29 > 24 > 19 > 15 > 10 > 6 > 2 > 38 > 33 > 28 > 23 > 19 > 15 > 11 > 7 > 3 > 39 > 35 > 31 > 26 > 22 > 18 > 14 > 10 > 5 > 1 > 37 > 33 > 28 > 24 > 20 > 16 > 12 > 8 > 4 > 40 > 36 > 32 > 28 > 23 > 19 > 15 > 10 > 6 > 2 > 38 > 33 > 29 > 25 > 21 > 17 > 13 > 8 > 4 > 40 > 36 > 32 > 27 > 22 > 18 > 13 > 9 > 4 > 40 > 36 > 31 > 27 > 22 > 18 > 14 > 10 > 6 > 2 > 38 > 34 > 30 > 25 > 20 > 16 > 11 > 7 > 3 > 39 > 34 > 29 > 25 > 20 > 16 > 11 > 7 > 2 > 38 > 34 > 30 > 25 > 20 > 15 > 11 > 6 > 2 > 38 > 34 > 29 > 25 > 21 > 17 > 13 > 8 > 4 > 40 > 36 > 32 > 27 > 22 > 18 > 13 > 8 > 4 > 40 > 36 > 31 > 27 > 23 > 18 > 14 > 10 > 5 > 40 > 36 > 32 > 28 > 24 > 19 > 15 > 11 > 7 > 2 > 38 > 34 > 29 > 25 > 21 > 16 > 13 > 9 > 5 > 1 > 37 > 33 > 29 > 24 > 19 > 15 > 10 > 6 > 2 > 38 > 34 > 29 > 25 > 21 > 17 > 12 > 8 > 4 > 40 > 36 > 32 > 28 > 24 > 19 > 14 > 10 > 5 > 1 > 37 > 33 > 28 > 23 > 19 > 15 > 11 > 7 > 3 > 39 > 35 > 31 > 27 > 21 > 16 > 11 > 7 > 2 > 38 > 34 > 29 > 21 > 14 > 8 > 6 > 2 > 32 > 25 > 20 > 14 > 8 > 4 > 40 > 36 > 32 > 27 > 23 > 18 > 14 > 9 > 3 > 1 > 37 > 32 > 28 > 22 > 17 > 11 > 6 > 40 > 35 > 30 > 24 > 16 > 14 > 2 > 35 > 28 > 20 > 14 > 8 > 1 > 36 > 31 > 25 > 18 > 10 > 4 > 38 > 32 > 0 > 29 > 8 > 29,0,160 > 128 > 160 > 128 > 160 > 168 > 0 > 8 > 0 > 8 > 32 > 160,1 > 0 > 1 > 0 > 1 > 0 > 64 > 192 > 1,0,0,+0x1228 secondary reaction timer observed; +0x1210 held instead of decrementing on one or more sampled frames
2026-07-30T00:00:52Z,155519,156133,614,P2-C1,P2,0x927EB9E0,1,Ken the Eagle,hit,91,Soft Knockdown,1,Action 1,91 Soft Knockdown > 30 Action 30 > 1 Action 1,knockdown > neutral,0,0,21,20,0,4,0,611,True,False,False,0,,,614,0x00000000,0 > 39 > 32 > 22,0,8 > 0 > 160,64 > 192 > 1,0,0,+0x1228 secondary reaction timer observed; +0x1210 held instead of decrementing on one or more sampled frames
2026-07-30T00:01:05Z,156220,156230,10,P2-C1,P2,0x927EB9E0,1,Ken the Eagle,hit,91,Soft Knockdown,1,Action 1,91 Soft Knockdown > 1 Action 1 > 64 Standing Hitstun > 1 Action 1,knockdown > neutral > hitstun > neutral,0,0,21,20,0,0,0,3,True,False,False,0,,,10,0x00000000,0 > 26 > 0 > 23 > 11 > 31,0,8 > 0 > 168 > 8 > 160,64 > 192 > 1 > 0 > 1,0 > 4 > 0,0,+0x1228 secondary reaction timer observed; +0x1210 held instead of decrementing on one or more sampled frames
2026-07-30T00:02:19Z,156718,156723,5,P2-C1,P2,0x927EB9E0,1,Ken the Eagle,hit,64,Standing Hitstun,1,Action 1,64 Standing Hitstun > 1 Action 1,hitstun > neutral,0,0,21,20,0,0,0,0,False,False,False,,,,5,0x00000000,0 > 35 > 13 > 37 > 22,0,8 > 0 > 168,0 > 1,4 > 0,0,+0x1228 secondary reaction timer observed
2026-07-30T00:02:34Z,156829,156833,4,P2-C1,P2,0x927EB9E0,1,Ken the Eagle,hit,1,Action 1,1,Action 1,1 Action 1 > 64 Standing Hitstun > 1 Action 1,hitstun > neutral,0,0,21,20,0,0,0,0,False,False,False,,,,4,0x00000000,0 > 24 > 6 > 35,0,168 > 8 > 160,1 > 0 > 1,0 > 4 > 0,0,+0x1228 secondary reaction timer observed
2026-07-30T00:02:37Z,156838,156842,4,P2-C1,P2,0x927EB9E0,1,Ken the Eagle,hit,1,Action 1,1,Action 1,1 Action 1 > 64 Standing Hitstun > 1 Action 1,hitstun > neutral,0,0,21,20,0,0,0,0,False,False,False,,,,4,0x00000000,0 > 26 > 6 > 33,0,168 > 8 > 160,1 > 0 > 1,0 > 4 > 0,0,+0x1228 secondary reaction timer observed
2026-07-30T00:03:03Z,157045,157051,6,P2-C1,P2,0x927EB9E0,1,Ken the Eagle,hit,91,Soft Knockdown,1,Action 1,91 Soft Knockdown > 1 Action 1,knockdown > neutral,0,0,21,21,0,0,0,2,True,False,False,0,,,6,0x00000000,0 > 17 > 36 > 15,0,8 > 0 > 160,64 > 192 > 1,0,0,+0x1228 secondary reaction timer observed; +0x1210 held instead of decrementing on one or more sampled frames
2026-07-30T00:03:08Z,157067,157071,4,P2-C1,P2,0x927EB9E0,1,Ken the Eagle,hit,91,Soft Knockdown,1,Action 1,91 Soft Knockdown > 30 Action 30 > 1 Action 1,knockdown > neutral,0,0,21,21,0,0,0,1,True,False,False,0,,,4,0x00000000,0 > 29 > 14 > 3,0,8 > 0 > 160 > 168,64 > 1,0,0,+0x1228 secondary reaction timer observed; +0x1210 held instead of decrementing on one or more sampled frames
2026-07-30T00:03:10Z,157074,157078,4,P2-C1,P2,0x927EB9E0,1,Ken the Eagle,hit,64,Standing Hitstun,1,Action 1,64 Standing Hitstun > 1 Action 1,hitstun > neutral,0,0,21,20,0,0,0,0,False,False,False,,,,4,0x00000000,0 > 27 > 15 > 5,0,8 > 160,0 > 1,4 > 0,0,+0x1228 secondary reaction timer observed
2026-07-30T00:03:18Z,157101,157108,7,P2-C1,P2,0x927EB9E0,1,Ken the Eagle,hit,64,Standing Hitstun,1,Action 1,64 Standing Hitstun > 91 Soft Knockdown > 30 Action 30 > 1 Action 1,hitstun > knockdown > neutral,0,0,21,20,0,0,0,2,True,False,False,2,,,7,0x00000000,0 > 38 > 25 > 13,0,8 > 32 > 160,0 > 64 > 1,4 > 0,0,+0x1228 secondary reaction timer observed; +0x1210 held instead of decrementing on one or more sampled frames
2026-07-30T00:03:29Z,157172,157179,7,P2-C1,P2,0x927EB9E0,1,Ken the Eagle,hit,91,Soft Knockdown,1,Action 1,91 Soft Knockdown > 64 Standing Hitstun > 1 Action 1,knockdown > hitstun > neutral,0,0,21,20,0,0,1,2,True,False,False,0,,,7,0x00000000,0 > 39 > 12 > 33 > 19,0,8 > 0 > 8 > 160 > 168,64 > 192 > 0 > 1,0 > 4 > 0,0,+0x1228 secondary reaction timer observed; +0x1210 held instead of decrementing on one or more sampled frames
2026-07-30T00:04:02Z,157431,157436,5,P2-C1,P2,0x927EB9E0,1,Ken the Eagle,hit,91,Soft Knockdown,1,Action 1,91 Soft Knockdown > 1 Action 1,knockdown > neutral,0,0,21,21,0,0,0,1,True,False,False,0,,,5,0x00000000,0 > 33 > 15 > 38 > 16,0,8 > 0 > 168,64 > 192 > 1,0,0,+0x1228 secondary reaction timer observed; +0x1210 held instead of decrementing on one or more sampled frames
2026-07-30T00:04:16Z,157534,157543,9,P2-C1,P2,0x927EB9E0,1,Ken the Eagle,hit,1,Action 1,1,Action 1,1 Action 1 > 91 Soft Knockdown > 1 Action 1 > 64 Standing Hitstun > 1 Action 1,hitstun > knockdown > neutral > hitstun > neutral,0,0,21,20,0,1,0,2,True,False,False,1,,,9,0x00000000,0 > 40 > 22 > 6 > 0 > 24 > 8 > 35,0,168 > 8 > 160 > 168 > 8 > 160,1 > 64 > 192 > 1 > 0 > 1,0 > 4 > 0,0,+0x1228 secondary reaction timer observed; +0x1210 held instead of decrementing on one or more sampled frames
2026-07-30T00:04:19Z,157547,157554,7,P2-C1,P2,0x927EB9E0,1,Ken the Eagle,hit,1,Action 1,1,Action 1,1 Action 1 > 64 Standing Hitstun > 1 Action 1 > 91 Soft Knockdown > 30 Action 30 > 1 Action 1,hitstun > knockdown > neutral,0,0,21,20,0,0,0,2,True,False,False,3,,,7,0x00000000,0 > 37 > 24 > 1,0,0 > 8 > 168 > 8 > 32 > 160,0 > 1 > 64 > 1,0 > 4 > 0,0,+0x1228 secondary reaction timer observed; +0x1210 held instead of decrementing on one or more sampled frames
2026-07-30T00:04:32Z,157633,157643,10,P2-C1,P2,0x927EB9E0,1,Ken the Eagle,hit,91,Soft Knockdown,1,Action 1,91 Soft Knockdown > 30 Action 30 > 1 Action 1 > 64 Standing Hitstun > 1 Action 1,knockdown > neutral > hitstun > neutral,0,0,21,21,0,0,0,3,True,False,False,0,,,10,0x00000000,0 > 33 > 0 > 26 > 11 > 39,0,8 > 0 > 8 > 32 > 168 > 8 > 160,64 > 1 > 0 > 1,0 > 4 > 0,0,+0x1228 secondary reaction timer observed; +0x1210 held instead of decrementing on one or more sampled frames
2026-07-30T00:04:36Z,157646,157653,7,P2-C1,P2,0x927EB9E0,1,Ken the Eagle,hit,1,Action 1,1,Action 1,1 Action 1 > 64 Standing Hitstun > 1 Action 1 > 91 Soft Knockdown > 30 Action 30 > 1 Action 1,hitstun > knockdown > neutral,0,0,21,20,0,0,0,2,True,False,False,3,,,7,0x00000000,0 > 36 > 21 > 4,0,168 > 8 > 136 > 8 > 40 > 160 > 168,1 > 0 > 64 > 1,0 > 4 > 0,0,+0x1228 secondary reaction timer observed; +0x1210 held instead of decrementing on one or more sampled frames
2026-07-30T00:05:07Z,157891,157895,4,P2-C1,P2,0x927EB9E0,1,Ken the Eagle,hit,64,Standing Hitstun,1,Action 1,64 Standing Hitstun > 1 Action 1,hitstun > neutral,0,0,21,20,0,0,0,0,False,False,False,,,,4,0x00000000,0 > 35 > 11 > 32 > 14,0,8 > 0 > 160,0 > 1,4 > 0,0,+0x1228 secondary reaction timer observed
2026-07-30T00:05:11Z,157908,157915,7,P2-C1,P2,0x927EB9E0,1,Ken the Eagle,hit,91,Soft Knockdown,1,Action 1,91 Soft Knockdown > 1 Action 1,knockdown > neutral,0,0,21,20,0,0,0,4,True,False,False,0,,,7,0x00000000,0 > 28 > 15 > 39,0,8 > 0 > 160,64 > 192 > 1,0,0,+0x1228 secondary reaction timer observed; +0x1210 held instead of decrementing on one or more sampled frames
2026-07-30T00:05:16Z,157938,157945,7,P2-C1,P2,0x927EB9E0,1,Ken the Eagle,hit,91,Soft Knockdown,1,Action 1,91 Soft Knockdown > 1 Action 1,knockdown > neutral,0,0,21,20,0,5,0,3,True,False,False,0,,,7,0x00000000,0 > 40 > 31 > 23 > 13,0,8 > 0 > 8 > 0 > 160 > 168,64 > 192 > 1,0,0,+0x1228 secondary reaction timer observed; +0x1210 held instead of decrementing on one or more sampled frames
2026-07-30T00:05:22Z,157961,157967,6,P2-C1,P2,0x927EB9E0,1,Ken the Eagle,hit,1,Action 1,1,Action 1,1 Action 1 > 91 Soft Knockdown > 1 Action 1,hitstun > knockdown > neutral,0,0,21,21,0,0,0,3,True,False,False,1,,,6,0x00000000,0 > 30 > 12 > 37,0,168 > 8 > 0 > 8 > 168,1 > 64 > 1,0,0,+0x1228 secondary reaction timer observed; +0x1210 held instead of decrementing on one or more sampled frames
2026-07-30T00:05:26Z,157977,157985,8,P2-C1,P2,0x927EB9E0,1,Ken the Eagle,hit,64,Standing Hitstun,1,Action 1,64 Standing Hitstun > 1 Action 1 > 91 Soft Knockdown > 30 Action 30 > 1 Action 1,hitstun > knockdown > neutral,0,0,21,21,0,0,0,3,True,False,False,3,,,8,0x00000000,0 > 36 > 19 > 6,0,8 > 168 > 8 > 32 > 168,0 > 1 > 64 > 192 > 1,4 > 0,0,+0x1228 secondary reaction timer observed; +0x1210 held instead of decrementing on one or more sampled frames
2026-07-30T00:05:39Z,158009,158043,34,P2-C1,P2,0x927EB9E0,1,Ken the Eagle,hit,4562,Action 4562,1,Action 1,4562 Action 4562 > 102 Knockdown Face Up > 113 Get Up Face Up > 32 Action 32 > 1 Action 1 > 4562 Action 4562 > 102 Knockdown Face Up > 113 Get Up Face Up > 1 Action 1 > 4562 Action 4562 > 102 Knockdown Face Up > 113 Get Up Face Up > 32 Action 32 > 91 Soft Knockdown > 64 Standing Hitstun > 1 Action 1,hitstun > knockdown > wakeup > hitstun > knockdown > wakeup > hitstun > knockdown > wakeup > hitstun > knockdown > hitstun > neutral,0,0,21,21,255488,4,0,29,True,True,False,3,4,,34,0x00000000,0 > 29 > 37 > 34 > 20 > 6 > 0 > 33 > 37 > 26 > 10 > 36 > 23 > 7 > 0 > 30 > 0 > 37 > 22 > 40,0,24 > 8 > 0 > 8 > 40 > 168 > 160 > 16 > 0 > 8 > 160 > 16 > 0 > 40 > 8 > 136 > 160,0 > 1 > 0 > 1 > 0 > 1 > 64 > 192 > 0 > 1,0 > 4 > 0 > 4 > 0 > 4 > 0 > 4 > 0,0,+0x1228 secondary reaction timer observed; +0x1210 held instead of decrementing on one or more sampled frames
2026-07-30T00:05:51Z,158047,158093,46,P2-C1,P2,0x927EB9E0,1,Ken the Eagle,hit,1,Action 1,1,Action 1,1 Action 1 > 4562 Action 4562 > 102 Knockdown Face Up > 113 Get Up Face Up > 91 Soft Knockdown > 30 Action 30 > 4562 Action 4562 > 102 Knockdown Face Up > 113 Get Up Face Up > 32 Action 32 > 1 Action 1 > 4562 Action 4562 > 102 Knockdown Face Up > 113 Get Up Face Up > 1 Action 1 > 4562 Action 4562 > 102 Knockdown Face Up > 113 Get Up Face Up > 64 Standing Hitstun > 1 Action 1 > 64 Standing Hitstun > 1 Action 1,hitstun > knockdown > wakeup > knockdown > neutral > hitstun > knockdown > wakeup > hitstun > knockdown > wakeup > hitstun > knockdown > wakeup > hitstun > neutral > hitstun > neutral,0,0,21,20,255488,4,0,34,True,True,False,2,4,,46,0x00000000,0 > 34 > 0 > 36 > 0 > 35 > 22 > 37 > 25 > 13 > 35 > 0 > 34 > 24 > 13 > 4 > 36 > 31 > 26 > 3 > 0 > 33 > 37 > 0 > 30 > 0 > 30 > 18 > 3 > 33,0,160 > 16 > 0 > 8 > 32 > 16 > 0 > 32 > 160 > 16 > 0 > 160 > 168 > 24 > 8 > 0 > 8 > 168 > 0 > 8 > 160,1 > 0 > 64 > 192 > 1 > 0 > 1 > 0 > 1 > 0 > 1 > 0 > 1,0 > 4 > 0 > 4 > 0 > 4 > 0 > 4 > 0 > 4 > 0,0,+0x1228 secondary reaction timer observed; +0x1210 held instead of decrementing on one or more sampled frames
2026-07-30T00:05:58Z,158096,158120,24,P2-C1,P2,0x927EB9E0,1,Ken the Eagle,hit,4562,Action 4562,1,Action 1,4562 Action 4562 > 102 Knockdown Face Up > 113 Get Up Face Up > 32 Action 32 > 1 Action 1 > 4562 Action 4562 > 102 Knockdown Face Up > 113 Get Up Face Up > 32 Action 32 > 1 Action 1 > 91 Soft Knockdown > 1 Action 1,hitstun > knockdown > wakeup > hitstun > knockdown > wakeup > hitstun > knockdown > neutral,0,0,21,20,254720,4,0,20,True,True,False,2,4,,24,0x00000000,0 > 32 > 35 > 25 > 0 > 38 > 24 > 39 > 27 > 17 > 7 > 35 > 22 > 0 > 29 > 16 > 40,0,24 > 8 > 0 > 32 > 160 > 16 > 0 > 32 > 160 > 168 > 8 > 0 > 160,0 > 1 > 0 > 1 > 64 > 192 > 1,0 > 4 > 0 > 4 > 0,0,+0x1228 secondary reaction timer observed; +0x1210 held instead of decrementing on one or more sampled frames
2026-07-30T00:06:04Z,158142,158148,6,P2-C1,P2,0x927EB9E0,1,Ken the Eagle,hit,1,Action 1,1,Action 1,1 Action 1 > 91 Soft Knockdown > 1 Action 1,hitstun > knockdown > neutral,0,0,21,20,0,3,0,2,True,False,False,1,,,6,0x00000000,0 > 38 > 27 > 13 > 37,0,0 > 8 > 0 > 160,0 > 64 > 192 > 1,0,0,+0x1228 secondary reaction timer observed; +0x1210 held instead of decrementing on one or more sampled frames
2026-08-09T23:58:53Z,0,58,58,P2-C1,P2,0x927EB9E0,1,Ken the Eagle,hit,1,Action 1,1,Action 1,1 Action 1 > 64 Standing Hitstun > 1 Action 1,hitstun > neutral,0,0,21,11,0,0,0,52,False,False,False,,,,58,0x00000000,19 > 3 > 27 > 17 > 9 > 4 > 40 > 35 > 32 > 28 > 24 > 20 > 17 > 13 > 10 > 6 > 3 > 39 > 36 > 32 > 29 > 25 > 22 > 18 > 15 > 11 > 8 > 4 > 40 > 37 > 33 > 30 > 26 > 23 > 20 > 16 > 13 > 9 > 5 > 1 > 37 > 33 > 29 > 25 > 21 > 17 > 14 > 10 > 6 > 2 > 39 > 35 > 0 > 22 > 10 > 39,0,160 > 168 > 40 > 8 > 160 > 168,1 > 0 > 1,0 > 4 > 0,0,+0x1228 secondary reaction timer observed; +0x1210 held instead of decrementing on one or more sampled frames
2026-08-09T23:59:21Z,418,424,6,P2-C1,P2,0x927EB9E0,1,Ken the Eagle,hit,64,Standing Hitstun,1,Action 1,64 Standing Hitstun > 1 Action 1,hitstun > neutral,0,0,21,20,0,0,0,1,False,False,False,,,,6,0x00000000,0 > 34 > 22 > 11,0,8 > 168 > 160,0 > 1,4 > 0,0,+0x1228 secondary reaction timer observed; +0x1210 held instead of decrementing on one or more sampled frames
2026-08-09T23:59:24Z,436,444,8,P2-C1,P2,0x927EB9E0,1,Ken the Eagle,hit,1,Action 1,1,Action 1,1 Action 1 > 64 Standing Hitstun > 1 Action 1,hitstun > neutral,0,0,21,20,0,0,1,1,False,False,False,,,,8,0x00000000,0 > 28 > 12 > 40,0,0 > 8 > 160,0 > 1,0 > 4 > 0,0,+0x1228 secondary reaction timer observed; +0x1210 held instead of decrementing on one or more sampled frames
2026-08-09T23:59:45Z,703,711,8,P2-C1,P2,0x927EB9E0,1,Ken the Eagle,hit,1,Action 1,1,Action 1,1 Action 1 > 65 Overhead Hitstun > 1 Action 1,hitstun > neutral,0,0,21,20,0,0,0,2,False,False,False,,,,8,0x00000000,0 > 37 > 19 > 9 > 40,0,0 > 8 > 0 > 160,0 > 1,0 > 4 > 0,0,+0x1228 secondary reaction timer observed; +0x1210 held instead of decrementing on one or more sampled frames
