timestamp_utc,gui_frame,actor,owner_slot,owner_base,owner_char_id,owner_name,owner_action_id,owner_action_name,owner_action_frame,victim_slot,victim_base,victim_char_id,victim_name,property_a,property_a_text,property_b,property_b_text,runtime_status_20,phase_property_a,phase_property_b,base_damage,object_flags_10,object_flags_14,object_flags_18,object_flags_1c,object_flags_24,object_flags_28,object_flags_2c
2026-07-25T17:18:42Z,548,0x91A6B774,P1-C1,0x9246B9C0,12,Ryu,0x0160,Shinkuu,91,,0x00000000,0,,0x0000000C,"Mid, Heavy Hit",0x00000123,"Damage exception route A, Init/default bit, Default collision family, Unknown B bits 0x00000020",0x00000000,0x00000109,0x00000023,720,0x2C06000D,0x00030000,0x03040000,0x00000000,0x00000000,0x00000003,0x000003E8
2026-07-25T17:18:42Z,548,0x91A6B774,P1-C1,0x9246B9C0,12,Ryu,0x0160,Shinkuu,92,,0x00000000,0,,0x0000000C,"Mid, Heavy Hit",0x00000123,"Damage exception route A, Init/default bit, Default collision family, Unknown B bits 0x00000020",0x00000000,0x00000109,0x00000023,720,0x2C06000D,0x00030000,0x03000000,0x00000000,0x00000000,0x00000003,0x000003E8
2026-07-25T17:18:42Z,549,0x91A6B774,P1-C1,0x9246B9C0,12,Ryu,0x0160,Shinkuu,96,P2-C1,0x927EB9E0,1,Ken the Eagle,0x0000000C,"Mid, Heavy Hit",0x00000123,"Damage exception route A, Init/default bit, Default collision family, Unknown B bits 0x00000020",0x00000000,0x00000109,0x00000023,720,0x2C06000D,0x00030000,0x03000004,0x00000000,0x00000000,0x00000003,0x000003E8
2026-07-25T17:18:42Z,549,0x91A6B774,P1-C1,0x9246B9C0,12,Ryu,0x0160,Shinkuu,97,P2-C1,0x927EB9E0,1,Ken the Eagle,0x0000000C,"Mid, Heavy Hit",0x00000123,"Damage exception route A, Init/default bit, Default collision family, Unknown B bits 0x00000020",0x00000000,0x00000109,0x00000023,720,0x2C06000D,0x00030000,0x03000000,0x00000000,0x00000000,0x00000003,0x000003E8
2026-07-25T17:18:42Z,549,0x91A6B774,P1-C1,0x9246B9C0,12,Ryu,0x0160,Shinkuu,101,P2-C1,0x927EB9E0,1,Ken the Eagle,0x0000000C,"Mid, Heavy Hit",0x00000123,"Damage exception route A, Init/default bit, Default collision family, Unknown B bits 0x00000020",0x00000000,0x00000109,0x00000023,720,0x2C06000D,0x00030000,0x03002004,0x00000000,0x00000000,0x00000003,0x000003E8
2026-07-25T17:18:42Z,549,0x91A6B774,P1-C1,0x9246B9C0,12,Ryu,0x0160,Shinkuu,102,P2-C1,0x927EB9E0,1,Ken the Eagle,0x0000000C,"Mid, Heavy Hit",0x00000123,"Damage exception route A, Init/default bit, Default collision family, Unknown B bits 0x00000020",0x00000000,0x00000109,0x00000023,720,0x2C06000D,0x00030000,0x03000000,0x00000000,0x00000000,0x00000003,0x000003E8
2026-07-25T17:18:42Z,550,0x91A6B774,P1-C1,0x9246B9C0,12,Ryu,0x0160,Shinkuu,106,P2-C1,0x927EB9E0,1,Ken the Eagle,0x0000000C,"Mid, Heavy Hit",0x00000123,"Damage exception route A, Init/default bit, Default collision family, Unknown B bits 0x00000020",0x00000000,0x00000109,0x00000023,720,0x2C06000D,0x00030000,0x03002004,0x00000000,0x00000000,0x00000003,0x000003E8
2026-07-25T17:18:42Z,550,0x91A6B774,P1-C1,0x9246B9C0,12,Ryu,0x0160,Shinkuu,107,P2-C1,0x927EB9E0,1,Ken the Eagle,0x0000000C,"Mid, Heavy Hit",0x00000123,"Damage exception route A, Init/default bit, Default collision family, Unknown B bits 0x00000020",0x00000000,0x00000109,0x00000023,720,0x2C06000D,0x00030000,0x03000000,0x00000000,0x00000000,0x00000003,0x000003E8
2026-07-25T17:18:42Z,551,0x91A6B774,P1-C1,0x9246B9C0,12,Ryu,0x0160,Shinkuu,111,P2-C1,0x927EB9E0,1,Ken the Eagle,0x0000000C,"Mid, Heavy Hit",0x00000123,"Damage exception route A, Init/default bit, Default collision family, Unknown B bits 0x00000020",0x00000000,0x00000109,0x00000023,720,0x2C06000D,0x00030000,0x03002004,0x00000000,0x00000000,0x00000003,0x000003E8
2026-07-25T17:18:42Z,551,0x91A6B774,P1-C1,0x9246B9C0,12,Ryu,0x0160,Shinkuu,112,P2-C1,0x927EB9E0,1,Ken the Eagle,0x0000000C,"Mid, Heavy Hit",0x00000123,"Damage exception route A, Init/default bit, Default collision family, Unknown B bits 0x00000020",0x00000000,0x00000109,0x00000023,720,0x2C06000D,0x00030000,0x03000000,0x00000000,0x00000000,0x00000003,0x000003E8
2026-07-25T17:18:42Z,552,0x91A6B774,P1-C1,0x9246B9C0,12,Ryu,0x0160,Shinkuu,116,P2-C1,0x927EB9E0,1,Ken the Eagle,0x0000000C,"Mid, Heavy Hit",0x00000123,"Damage exception route A, Init/default bit, Default collision family, Unknown B bits 0x00000020",0x00000000,0x00000109,0x00000023,720,0x2C06000D,0x00030000,0x03002004,0x00000000,0x00000000,0x00000003,0x000003E8
2026-07-25T17:18:42Z,552,0x91A6B774,P1-C1,0x9246B9C0,12,Ryu,0x0160,Shinkuu,117,P2-C1,0x927EB9E0,1,Ken the Eagle,0x0000000C,"Mid, Heavy Hit",0x00000123,"Damage exception route A, Init/default bit, Default collision family, Unknown B bits 0x00000020",0x00000000,0x00000109,0x00000023,720,0x2C06000D,0x00030000,0x03000000,0x00000000,0x00000000,0x00000003,0x000003E8
2026-07-25T17:18:42Z,552,0x91A6B774,P1-C1,0x9246B9C0,12,Ryu,0x0160,Shinkuu,121,P2-C1,0x927EB9E0,1,Ken the Eagle,0x0000000C,"Mid, Heavy Hit",0x00000123,"Damage exception route A, Init/default bit, Default collision family, Unknown B bits 0x00000020",0x00000000,0x00000109,0x00000023,720,0x2C06000D,0x00030000,0x03000004,0x00000000,0x00000000,0x00000003,0x000003E8
2026-07-25T17:18:42Z,552,0x91A6B774,P1-C1,0x9246B9C0,12,Ryu,0x0160,Shinkuu,121,P2-C1,0x927EB9E0,1,Ken the Eagle,0x0000000C,"Mid, Heavy Hit",0x00000123,"Damage exception route A, Init/default bit, Default collision family, Unknown B bits 0x00000020",0x00000000,0x00000109,0x00000023,720,0x2C06000D,0x00030000,0x03002004,0x00000000,0x00000000,0x00000003,0x000003E8
2026-07-25T17:18:42Z,553,0x91A6B774,P1-C1,0x9246B9C0,12,Ryu,0x0160,Shinkuu,122,P2-C1,0x927EB9E0,1,Ken the Eagle,0x0000000C,"Mid, Heavy Hit",0x00000123,"Damage exception route A, Init/default bit, Default collision family, Unknown B bits 0x00000020",0x00000000,0x00000109,0x00000023,720,0x2C06000D,0x00030000,0x03000000,0x00000000,0x00000000,0x00000003,0x000003E8
2026-07-25T17:18:42Z,553,0x91A6B774,P1-C1,0x9246B9C0,12,Ryu,0x0160,Shinkuu,125,P2-C1,0x927EB9E0,1,Ken the Eagle,0x0000000C,"Mid, Heavy Hit",0x00000123,"Damage exception route A, Init/default bit, Default collision family, Unknown B bits 0x00000020",0x00000000,0x00000109,0x00000023,720,0x2C06000D,0x00030000,0x03002004,0x00000000,0x00000000,0x00000003,0x000003E8
2026-07-25T17:18:42Z,553,0x91A6B774,P1-C1,0x9246B9C0,12,Ryu,0x0160,Shinkuu,127,P2-C1,0x927EB9E0,1,Ken the Eagle,0x0000000C,"Mid, Heavy Hit",0x00000123,"Damage exception route A, Init/default bit, Default collision family, Unknown B bits 0x00000020",0x00000000,0x00000109,0x00000023,720,0x2C06000D,0x00030000,0x03000000,0x00000000,0x00000000,0x00000003,0x000003E8
2026-07-25T17:18:43Z,554,0x91A6B774,P1-C1,0x9246B9C0,12,Ryu,0x0160,Shinkuu,131,P2-C1,0x927EB9E0,1,Ken the Eagle,0x0000000C,"Mid, Heavy Hit",0x00000123,"Damage exception route A, Init/default bit, Default collision family, Unknown B bits 0x00000020",0x00000000,0x00000109,0x00000023,720,0x2C06000D,0x00030000,0x03002004,0x00000000,0x00000000,0x00000003,0x000003E8
2026-07-25T17:18:43Z,554,0x91A6B774,P1-C1,0x9246B9C0,12,Ryu,0x0160,Shinkuu,133,P2-C1,0x927EB9E0,1,Ken the Eagle,0x0000000C,"Mid, Heavy Hit",0x00000123,"Damage exception route A, Init/default bit, Default collision family, Unknown B bits 0x00000020",0x00000000,0x00000109,0x00000023,720,0x2C06000D,0x00030000,0x03000000,0x00000000,0x00000000,0x00000003,0x000003E8
2026-07-25T17:18:43Z,555,0x91A6B774,P1-C1,0x9246B9C0,12,Ryu,0x0160,Shinkuu,136,P2-C1,0x927EB9E0,1,Ken the Eagle,0x0000000C,"Mid, Heavy Hit",0x00000123,"Damage exception route A, Init/default bit, Default collision family, Unknown B bits 0x00000020",0x00000000,0x00000109,0x00000023,720,0x2C06000D,0x00030000,0x03002004,0x00000000,0x00000000,0x00000003,0x000003E8
2026-07-25T17:18:43Z,555,0x91A6B774,P1-C1,0x9246B9C0,12,Ryu,0x0160,Shinkuu,137,P2-C1,0x927EB9E0,1,Ken the Eagle,0x0000000C,"Mid, Heavy Hit",0x00000123,"Damage exception route A, Init/default bit, Default collision family, Unknown B bits 0x00000020",0x00000000,0x00000109,0x00000023,720,0x2C06000D,0x00030000,0x03000000,0x00000000,0x00000000,0x00000003,0x000003E8
2026-07-25T17:18:43Z,556,0x91A6B774,P1-C1,0x9246B9C0,12,Ryu,0x0160,Shinkuu,141,P2-C1,0x927EB9E0,1,Ken the Eagle,0x0000000C,"Mid, Heavy Hit",0x00000123,"Damage exception route A, Init/default bit, Default collision family, Unknown B bits 0x00000020",0x00000000,0x00000109,0x00000023,720,0x2C06000D,0x00030000,0x03002004,0x00000000,0x00000000,0x00000003,0x000003E8
2026-07-25T17:18:43Z,556,0x91A6B774,P1-C1,0x9246B9C0,12,Ryu,0x0160,Shinkuu,142,P2-C1,0x927EB9E0,1,Ken the Eagle,0x0000000C,"Mid, Heavy Hit",0x00000123,"Damage exception route A, Init/default bit, Default collision family, Unknown B bits 0x00000020",0x00000000,0x00000109,0x00000023,720,0x2C06000D,0x00030000,0x03000000,0x00000000,0x00000000,0x00000003,0x000003E8
2026-07-25T17:18:43Z,557,0x91A6B774,P1-C1,0x9246B9C0,12,Ryu,0x0160,Shinkuu,146,P2-C1,0x927EB9E0,1,Ken the Eagle,0x0000000C,"Mid, Heavy Hit",0x00000123,"Damage exception route A, Init/default bit, Default collision family, Unknown B bits 0x00000020",0x00000000,0x00000109,0x00000023,720,0x2C06000D,0x00030000,0x03002004,0x00000000,0x00000000,0x00000003,0x000003E8
2026-07-25T17:18:43Z,557,0x91A6B774,P1-C1,0x9246B9C0,12,Ryu,0x0160,Shinkuu,147,P2-C1,0x927EB9E0,1,Ken the Eagle,0x0000000C,"Mid, Heavy Hit",0x00000123,"Damage exception route A, Init/default bit, Default collision family, Unknown B bits 0x00000020",0x00000000,0x00000109,0x00000023,720,0x2C06000D,0x00030000,0x03000000,0x00000000,0x00000000,0x00000003,0x000003E8
2026-07-25T17:18:43Z,557,0x91A6B774,P1-C1,0x9246B9C0,12,Ryu,0x0160,Shinkuu,151,P2-C1,0x927EB9E0,1,Ken the Eagle,0x0000000C,"Mid, Heavy Hit",0x00000123,"Damage exception route A, Init/default bit, Default collision family, Unknown B bits 0x00000020",0x00000000,0x00000109,0x00000023,720,0x2C06000D,0x00030000,0x03002004,0x00000000,0x00000000,0x00000003,0x000003E8
2026-07-25T17:18:43Z,558,0x91A6B774,P1-C1,0x9246B9C0,12,Ryu,0x0160,Shinkuu,152,P2-C1,0x927EB9E0,1,Ken the Eagle,0x0000000C,"Mid, Heavy Hit",0x00000123,"Damage exception route A, Init/default bit, Default collision family, Unknown B bits 0x00000020",0x00000000,0x00000109,0x00000023,720,0x2C06000D,0x00030000,0x03000000,0x00000000,0x00000000,0x00000003,0x000003E8
2026-07-25T17:18:43Z,558,0x91A6B774,P1-C1,0x9246B9C0,12,Ryu,0x0160,Shinkuu,156,P2-C1,0x927EB9E0,1,Ken the Eagle,0x0000000C,"Mid, Heavy Hit",0x00000123,"Damage exception route A, Init/default bit, Default collision family, Unknown B bits 0x00000020",0x00000000,0x00000109,0x00000023,720,0x2C06000D,0x00030000,0x03002004,0x00000000,0x00000000,0x00000003,0x000003E8
2026-07-25T17:18:43Z,558,0x91A6B774,P1-C1,0x9246B9C0,12,Ryu,0x0160,Shinkuu,157,P2-C1,0x927EB9E0,1,Ken the Eagle,0x0000000C,"Mid, Heavy Hit",0x00000123,"Damage exception route A, Init/default bit, Default collision family, Unknown B bits 0x00000020",0x00000000,0x00000109,0x00000023,720,0x2C06000D,0x00030000,0x03000000,0x00000000,0x00000000,0x00000003,0x000003E8
2026-07-25T17:18:43Z,561,0x91A6B774,P1-C1,0x9246B9C0,12,Ryu,0x0160,Shinkuu,171,P2-C1,0x927EB9E0,1,Ken the Eagle,0x0000000C,"Mid, Heavy Hit",0x00000123,"Damage exception route A, Init/default bit, Default collision family, Unknown B bits 0x00000020",0x00000000,0x00000109,0x00000023,720,0x2C06000D,0x00030000,0x03002004,0x00000000,0x00000000,0x00000003,0x000003E8
2026-07-25T17:18:43Z,561,0x91A6B774,P1-C1,0x9246B9C0,12,Ryu,0x0160,Shinkuu,172,P2-C1,0x927EB9E0,1,Ken the Eagle,0x0000000C,"Mid, Heavy Hit",0x00000123,"Damage exception route A, Init/default bit, Default collision family, Unknown B bits 0x00000020",0x00000000,0x00000109,0x00000023,720,0x2C06000D,0x00030000,0x03000000,0x00000000,0x00000000,0x00000003,0x000003E8
2026-07-25T17:18:43Z,562,0x91A6B774,P1-C1,0x9246B9C0,12,Ryu,0x0160,Shinkuu,176,P2-C1,0x927EB9E0,1,Ken the Eagle,0x0000000C,"Mid, Heavy Hit",0x00000123,"Damage exception route A, Init/default bit, Default collision family, Unknown B bits 0x00000020",0x00000000,0x00000109,0x00000023,720,0x2C06000D,0x00030000,0x03002004,0x00000000,0x00000000,0x00000003,0x000003E8
2026-07-25T17:18:43Z,562,0x91A6B774,P1-C1,0x9246B9C0,12,Ryu,0x0160,Shinkuu,177,P2-C1,0x927EB9E0,1,Ken the Eagle,0x0000000C,"Mid, Heavy Hit",0x00000123,"Damage exception route A, Init/default bit, Default collision family, Unknown B bits 0x00000020",0x00000000,0x00000109,0x00000023,720,0x2C06000D,0x00030000,0x03000000,0x00000000,0x00000000,0x00000003,0x000003E8
2026-07-25T17:18:43Z,564,0x91A6B774,P1-C1,0x9246B9C0,12,Ryu,0x0160,Shinkuu,186,P2-C1,0x927EB9E0,1,Ken the Eagle,0x00000109,"Mid, Light Hit, A flags 0x00000100",0x00000023,"Damage exception route A, Init/default bit, Unknown B bits 0x00000020",0x00000000,0x00000109,0x00000023,1040,0x2C02000D,0x00030000,0x03002004,0x00000000,0x00000000,0x00000003,0x000003E8
2026-07-25T17:18:43Z,564,0x91A6B774,P1-C1,0x9246B9C0,12,Ryu,0x0160,Shinkuu,187,P2-C1,0x927EB9E0,1,Ken the Eagle,0x00000009,"Mid, Light Hit",0x00000040,Common normal-hit bit,0x00000000,0x00000109,0x00000023,100,0x2C02000D,0x00030000,0x83006000,0x83006000,0x00000000,0x00000003,0x000003E8
2026-07-25T17:18:44Z,567,0x91A6B774,P1-C1,0x9246B9C0,12,Ryu,0x0160,Shinkuu,205,P2-C1,0x927EB9E0,1,Ken the Eagle,0x00000009,"Mid, Light Hit",0x00000040,Common normal-hit bit,0x00000000,0x00000109,0x00000023,100,0x2C02000D,0x00030000,0x83006000,0x00400000,0x00000000,0x00000003,0x000003E8
2026-07-25T17:18:44Z,567,0x91A6B774,P1-C1,0x9246B9C0,12,Ryu,0x0160,Shinkuu,206,P2-C1,0x927EB9E0,1,Ken the Eagle,0x00000009,"Mid, Light Hit",0x00000040,Common normal-hit bit,0x00000000,0x00000109,0x00000023,100,0x00000000,0x00030000,0x83006000,0x00400000,0x00000000,0x00000003,0x000003E8
2026-07-25T18:07:25Z,144,0x91A6B774,P1-C1,0x9246B9C0,12,Ryu,0x0131,Hado M,15,,0x00000000,0,,0x00000000,"No guard category, No strength tier",0x00000000,No property B bits,0x00000000,0x00000000,0x00000000,0,0x00010009,0x00000000,0x03040000,0x00000000,0x00000000,0x00000000,0x000003E8
2026-07-25T18:07:26Z,144,0x91A6B774,P1-C1,0x9246B9C0,12,Ryu,0x0131,Hado M,15,,0x00000000,0,,0x00000009,"Mid, Light Hit",0x00000040,Common normal-hit bit,0x00000000,0x00000000,0x00000000,100,0x00010009,0x00000000,0x03040000,0x00000000,0x00000000,0x00000000,0x000003E8
2026-07-25T18:07:26Z,145,0x91A6B774,P1-C1,0x9246B9C0,12,Ryu,0x0131,Hado M,15,,0x00000000,0,,0x0000000C,"Mid, Heavy Hit",0x00040102,"One-eighth block-damage route B, Init/default bit, Default collision family",0x00000000,0x00000000,0x00000000,2800,0x00010009,0x00000000,0x03040000,0x00000000,0x00000000,0x00000000,0x000003E8
2026-07-25T18:07:26Z,145,0x91A6B774,P1-C1,0x9246B9C0,12,Ryu,0x0131,Hado M,16,,0x00000000,0,,0x0000000C,"Mid, Heavy Hit",0x00040102,"One-eighth block-damage route B, Init/default bit, Default collision family",0x00000000,0x00000000,0x00000000,2800,0x00010009,0x00000000,0x03000000,0x00000000,0x00000000,0x00000000,0x000003E8
2026-07-25T18:07:25Z,40113,0x91A6B774,P1-C1,0x9246B9C0,12,Ryu,0x0131,Hado M,15,,0x00000000,0,,0x00000000,"No guard category, No strength tier",0x00000000,No property B bits,0x00000000,0x00000000,0x00000000,0,0x00010009,0x00000000,0x03040000,0x00000000,0x00000000,0x00000000,0x000003E8
2026-07-25T18:07:26Z,40113,0x91A6B774,P1-C1,0x9246B9C0,12,Ryu,0x0131,Hado M,15,,0x00000000,0,,0x00000009,"Mid, Light Hit",0x00000040,Common normal-hit bit,0x00000000,0x00000000,0x00000000,100,0x00010009,0x00000000,0x03040000,0x00000000,0x00000000,0x00000000,0x000003E8
2026-07-25T18:07:26Z,40114,0x91A6B774,P1-C1,0x9246B9C0,12,Ryu,0x0131,Hado M,16,,0x00000000,0,,0x0000000C,"Mid, Heavy Hit",0x00040102,"One-eighth block-damage route B, Init/default bit, Default collision family",0x00000000,0x00000000,0x00000000,2800,0x00010009,0x00000000,0x03040000,0x00000000,0x00000000,0x00000000,0x000003E8
2026-07-25T18:07:26Z,40114,0x91A6B774,P1-C1,0x9246B9C0,12,Ryu,0x0131,Hado M,16,,0x00000000,0,,0x0000000C,"Mid, Heavy Hit",0x00040102,"One-eighth block-damage route B, Init/default bit, Default collision family",0x00000000,0x00000000,0x00000000,2800,0x00010009,0x00000000,0x03000000,0x00000000,0x00000000,0x00000000,0x000003E8
2026-07-25T18:07:26Z,40118,0x91A6B774,P1-C1,0x9246B9C0,12,Ryu,0x0131,Hado M,45,P2-C1,0x927EB9E0,1,Ken the Eagle,0x00000009,"Mid, Light Hit",0x00000040,Common normal-hit bit,0x00000000,0x00000000,0x00000000,100,0x00010009,0x00000000,0x83002004,0x83002004,0x00000000,0x00000000,0x000003E8
2026-07-25T18:07:26Z,40118,0x91A6B774,P1-C1,0x9246B9C0,12,Ryu,0x0131,Hado M,46,P2-C1,0x927EB9E0,1,Ken the Eagle,0x00000009,"Mid, Light Hit",0x00000040,Common normal-hit bit,0x00000000,0x00000000,0x00000000,100,0x00010009,0x00000000,0x83006004,0x83006004,0x00000000,0x00000000,0x000003E8
2026-07-25T18:07:26Z,150,0x91A6B774,P1-C1,0x9246B9C0,12,Ryu,0x0131,Hado M,45,P2-C1,0x927EB9E0,1,Ken the Eagle,0x00000009,"Mid, Light Hit",0x00000040,Common normal-hit bit,0x00000000,0x00000000,0x00000000,100,0x00010009,0x00000000,0x83002004,0x83002004,0x00000000,0x00000000,0x000003E8
2026-07-25T18:07:26Z,150,0x91A6B774,P1-C1,0x9246B9C0,12,Ryu,0x0131,Hado M,46,P2-C1,0x927EB9E0,1,Ken the Eagle,0x00000009,"Mid, Light Hit",0x00000040,Common normal-hit bit,0x00000000,0x00000000,0x00000000,100,0x00010009,0x00000000,0x83006004,0x83006004,0x00000000,0x00000000,0x000003E8
2026-07-25T18:07:26Z,150,0x91A6B774,P1-C1,0x9246B9C0,12,Ryu,0x0131,Hado M,47,P2-C1,0x927EB9E0,1,Ken the Eagle,0x00000009,"Mid, Light Hit",0x00000040,Common normal-hit bit,0x00000000,0x00000000,0x00000000,100,0x00000000,0x00000000,0x83006004,0x00400000,0x00000000,0x00000000,0x000003E8
2026-07-25T18:07:27Z,40123,0x91A6B774,P1-C1,0x9246B9C0,12,Ryu,0x0131,Hado M,17,,0x00000000,0,,0x0000000C,"Mid, Heavy Hit",0x00040102,"One-eighth block-damage route B, Init/default bit, Default collision family",0x00000000,0x00000000,0x00000000,2800,0x00010009,0x00000000,0x03000000,0x00000000,0x00000000,0x00000000,0x000003E8
2026-07-25T18:07:28Z,40127,0x91A6B774,P1-C1,0x9246B9C0,12,Ryu,0x0131,Hado M,44,P2-C1,0x927EB9E0,1,Ken the Eagle,0x00000009,"Mid, Light Hit",0x00000040,Common normal-hit bit,0x00000000,0x00000000,0x00000000,100,0x00010009,0x00000000,0x83002004,0x83002004,0x00000000,0x00000000,0x000003E8
2026-07-25T18:07:28Z,40127,0x91A6B774,P1-C1,0x9246B9C0,12,Ryu,0x0131,Hado M,44,P2-C1,0x927EB9E0,1,Ken the Eagle,0x00000009,"Mid, Light Hit",0x00000040,Common normal-hit bit,0x00000000,0x00000000,0x00000000,100,0x00010009,0x00000000,0x83006004,0x83006004,0x00000000,0x00000000,0x000003E8
2026-07-25T18:07:28Z,40127,0x91A6B774,P1-C1,0x9246B9C0,12,Ryu,0x0131,Hado M,45,P2-C1,0x927EB9E0,1,Ken the Eagle,0x00000009,"Mid, Light Hit",0x00000040,Common normal-hit bit,0x00000000,0x00000000,0x00000000,100,0x00010009,0x00000000,0x83006004,0x00400000,0x00000000,0x00000000,0x000003E8
2026-07-25T18:07:27Z,155,0x91A6B774,P1-C1,0x9246B9C0,12,Ryu,0x0131,Hado M,17,,0x00000000,0,,0x0000000C,"Mid, Heavy Hit",0x00040102,"One-eighth block-damage route B, Init/default bit, Default collision family",0x00000000,0x00000000,0x00000000,2800,0x00010009,0x00000000,0x03000000,0x00000000,0x00000000,0x00000000,0x000003E8
2026-07-25T18:07:28Z,159,0x91A6B774,P1-C1,0x9246B9C0,12,Ryu,0x0131,Hado M,44,P2-C1,0x927EB9E0,1,Ken the Eagle,0x00000009,"Mid, Light Hit",0x00000040,Common normal-hit bit,0x00000000,0x00000000,0x00000000,100,0x00010009,0x00000000,0x83006004,0x83006004,0x00000000,0x00000000,0x000003E8
2026-07-25T18:07:28Z,159,0x91A6B774,P1-C1,0x9246B9C0,12,Ryu,0x0131,Hado M,45,P2-C1,0x927EB9E0,1,Ken the Eagle,0x00000009,"Mid, Light Hit",0x00000040,Common normal-hit bit,0x00000000,0x00000000,0x00000000,100,0x00010009,0x00000000,0x83006004,0x00400000,0x00000000,0x00000000,0x000003E8
2026-07-25T18:07:28Z,40128,0x91A6B774,P1-C1,0x9246B9C0,12,Ryu,0x0131,Hado M,46,P2-C1,0x927EB9E0,1,Ken the Eagle,0x00000009,"Mid, Light Hit",0x00000040,Common normal-hit bit,0x00000000,0x00000000,0x00000000,100,0x00000000,0x00000000,0x83006004,0x00400000,0x00000000,0x00000000,0x000003E8
2026-07-25T18:07:29Z,40135,0x91A6B774,P1-C1,0x9246B9C0,12,Ryu,0x0131,Hado M,17,,0x00000000,0,,0x0000000C,"Mid, Heavy Hit",0x00040102,"One-eighth block-damage route B, Init/default bit, Default collision family",0x00000000,0x00000000,0x00000000,2800,0x00010009,0x00000000,0x03000000,0x00000000,0x00000000,0x00000000,0x000003E8
2026-07-25T18:07:29Z,40138,0x91A6B774,P1-C1,0x9246B9C0,12,Ryu,0x0131,Hado M,41,P2-C1,0x927EB9E0,1,Ken the Eagle,0x00000009,"Mid, Light Hit",0x00000040,Common normal-hit bit,0x00000000,0x00000000,0x00000000,100,0x00010009,0x00000000,0x83002004,0x83002004,0x00000000,0x00000000,0x000003E8
2026-07-25T18:07:29Z,40138,0x91A6B774,P1-C1,0x9246B9C0,12,Ryu,0x0131,Hado M,42,P2-C1,0x927EB9E0,1,Ken the Eagle,0x00000009,"Mid, Light Hit",0x00000040,Common normal-hit bit,0x00000000,0x00000000,0x00000000,100,0x00010009,0x00000000,0x83006004,0x83006004,0x00000000,0x00000000,0x000003E8
2026-07-25T18:07:29Z,40138,0x91A6B774,P1-C1,0x9246B9C0,12,Ryu,0x0131,Hado M,43,P2-C1,0x927EB9E0,1,Ken the Eagle,0x00000009,"Mid, Light Hit",0x00000040,Common normal-hit bit,0x00000000,0x00000000,0x00000000,100,0x00010009,0x00000000,0x83006004,0x00400000,0x00000000,0x00000000,0x000003E8
2026-07-25T18:07:29Z,167,0x91A6B774,P1-C1,0x9246B9C0,12,Ryu,0x0131,Hado M,16,,0x00000000,0,,0x0000000C,"Mid, Heavy Hit",0x00040102,"One-eighth block-damage route B, Init/default bit, Default collision family",0x00000000,0x00000000,0x00000000,2800,0x00010009,0x00000000,0x03000000,0x00000000,0x00000000,0x00000000,0x000003E8
2026-07-25T18:07:29Z,170,0x91A6B774,P1-C1,0x9246B9C0,12,Ryu,0x0131,Hado M,41,P2-C1,0x927EB9E0,1,Ken the Eagle,0x00000009,"Mid, Light Hit",0x00000040,Common normal-hit bit,0x00000000,0x00000000,0x00000000,100,0x00010009,0x00000000,0x83002004,0x83002004,0x00000000,0x00000000,0x000003E8
2026-07-25T18:07:29Z,170,0x91A6B774,P1-C1,0x9246B9C0,12,Ryu,0x0131,Hado M,42,P2-C1,0x927EB9E0,1,Ken the Eagle,0x00000009,"Mid, Light Hit",0x00000040,Common normal-hit bit,0x00000000,0x00000000,0x00000000,100,0x00010009,0x00000000,0x83006004,0x83006004,0x00000000,0x00000000,0x000003E8
2026-07-25T18:07:29Z,170,0x91A6B774,P1-C1,0x9246B9C0,12,Ryu,0x0131,Hado M,43,P2-C1,0x927EB9E0,1,Ken the Eagle,0x00000009,"Mid, Light Hit",0x00000040,Common normal-hit bit,0x00000000,0x00000000,0x00000000,100,0x00010009,0x00000000,0x83006004,0x00400000,0x00000000,0x00000000,0x000003E8
2026-07-25T18:07:29Z,171,0x91A6B774,P1-C1,0x9246B9C0,12,Ryu,0x0131,Hado M,44,P2-C1,0x927EB9E0,1,Ken the Eagle,0x00000009,"Mid, Light Hit",0x00000040,Common normal-hit bit,0x00000000,0x00000000,0x00000000,100,0x00000000,0x00000000,0x83006004,0x00400000,0x00000000,0x00000000,0x000003E8
2026-07-25T18:09:07Z,1055,0x91A6B774,P1-C1,0x9246B9C0,12,Ryu,0x0131,Hado M,16,P2-C1,0x927EB9E0,1,Ken the Eagle,0x0000000C,"Mid, Heavy Hit",0x00040102,"One-eighth block-damage route B, Init/default bit, Default collision family",0x00000000,0x00000000,0x00000000,2800,0x00010009,0x00000000,0x83000004,0x00000000,0x00000000,0x00000000,0x000003E8
2026-07-25T18:09:07Z,1055,0x91A6B774,P1-C1,0x9246B9C0,12,Ryu,0x0131,Hado M,17,P2-C1,0x927EB9E0,1,Ken the Eagle,0x00000009,"Mid, Light Hit",0x00000040,Common normal-hit bit,0x00000000,0x00000000,0x00000000,100,0x00010009,0x00000000,0x83002004,0x83002004,0x00000000,0x00000000,0x000003E8
2026-07-25T18:09:07Z,1055,0x91A6B774,P1-C1,0x9246B9C0,12,Ryu,0x0131,Hado M,18,P2-C1,0x927EB9E0,1,Ken the Eagle,0x00000009,"Mid, Light Hit",0x00000040,Common normal-hit bit,0x00000000,0x00000000,0x00000000,100,0x00010009,0x00000000,0x83006004,0x83006004,0x00000000,0x00000000,0x000003E8
2026-07-25T18:09:07Z,1056,0x91A6B774,P1-C1,0x9246B9C0,12,Ryu,0x0131,Hado M,20,P2-C1,0x927EB9E0,1,Ken the Eagle,0x00000009,"Mid, Light Hit",0x00000040,Common normal-hit bit,0x00000000,0x00000000,0x00000000,100,0x00010009,0x00000000,0x83006004,0x00400000,0x00000000,0x00000000,0x000003E8
2026-07-25T18:09:10Z,1076,0x91A6B774,P1-C1,0x9246B9C0,12,Ryu,0x0131,Hado M,16,P2-C1,0x927EB9E0,1,Ken the Eagle,0x0000000C,"Mid, Heavy Hit",0x00040102,"One-eighth block-damage route B, Init/default bit, Default collision family",0x00000000,0x00000000,0x00000000,2800,0x00010009,0x00000000,0x83000004,0x00000000,0x00000000,0x00000000,0x000003E8
2026-07-25T18:09:10Z,1076,0x91A6B774,P1-C1,0x9246B9C0,12,Ryu,0x0131,Hado M,17,P2-C1,0x927EB9E0,1,Ken the Eagle,0x00000009,"Mid, Light Hit",0x00000040,Common normal-hit bit,0x00000000,0x00000000,0x00000000,100,0x00010009,0x00000000,0x83002004,0x83002004,0x00000000,0x00000000,0x000003E8
2026-07-25T18:09:10Z,1077,0x91A6B774,P1-C1,0x9246B9C0,12,Ryu,0x0131,Hado M,18,P2-C1,0x927EB9E0,1,Ken the Eagle,0x00000009,"Mid, Light Hit",0x00000040,Common normal-hit bit,0x00000000,0x00000000,0x00000000,100,0x00010009,0x00000000,0x83006004,0x83006004,0x00000000,0x00000000,0x000003E8
2026-07-25T18:09:10Z,1077,0x91A6B774,P1-C1,0x9246B9C0,12,Ryu,0x00A2,,0,P2-C1,0x927EB9E0,1,Ken the Eagle,0x00000009,"Mid, Light Hit",0x00000040,Common normal-hit bit,0x00000000,0x00000000,0x00000000,100,0x00010009,0x00000000,0x83006004,0x83006004,0x00000000,0x00000000,0x000003E8
2026-07-25T18:09:10Z,1077,0x91A6B774,P1-C1,0x9246B9C0,12,Ryu,0x0001,,0,P2-C1,0x927EB9E0,1,Ken the Eagle,0x00000009,"Mid, Light Hit",0x00000040,Common normal-hit bit,0x00000000,0x00000000,0x00000000,100,0x00010009,0x00000000,0x83006004,0x83006004,0x00000000,0x00000000,0x000003E8
2026-07-25T18:09:10Z,1077,0x91A6B774,P1-C1,0x9246B9C0,12,Ryu,0x000A,,0,P2-C1,0x927EB9E0,1,Ken the Eagle,0x00000009,"Mid, Light Hit",0x00000040,Common normal-hit bit,0x00000000,0x00000000,0x00000000,100,0x00010009,0x00000000,0x83006004,0x83006004,0x00000000,0x00000000,0x000003E8
2026-07-25T18:09:10Z,1077,0x91A6B774,P1-C1,0x9246B9C0,12,Ryu,0x000B,,0,P2-C1,0x927EB9E0,1,Ken the Eagle,0x00000009,"Mid, Light Hit",0x00000040,Common normal-hit bit,0x00000000,0x00000000,0x00000000,100,0x00010009,0x00000000,0x83006004,0x83006004,0x00000000,0x00000000,0x000003E8
2026-07-25T18:09:10Z,1077,0x91A6B774,P1-C1,0x9246B9C0,12,Ryu,0x0003,,0,P2-C1,0x927EB9E0,1,Ken the Eagle,0x00000009,"Mid, Light Hit",0x00000040,Common normal-hit bit,0x00000000,0x00000000,0x00000000,100,0x00010009,0x00000000,0x83006004,0x83006004,0x00000000,0x00000000,0x000003E8
2026-07-25T18:09:10Z,1078,0x91A6B774,P1-C1,0x9246B9C0,12,Ryu,0x0003,,3,P2-C1,0x927EB9E0,1,Ken the Eagle,0x00000009,"Mid, Light Hit",0x00000040,Common normal-hit bit,0x00000000,0x00000000,0x00000000,100,0x00010009,0x00000000,0x83006004,0x00400000,0x00000000,0x00000000,0x000003E8
2026-07-25T18:09:16Z,1129,0x91A6B774,P1-C1,0x9246B9C0,12,Ryu,0x0131,Hado M,16,P2-C1,0x927EB9E0,1,Ken the Eagle,0x0000000C,"Mid, Heavy Hit",0x00040102,"One-eighth block-damage route B, Init/default bit, Default collision family",0x00000000,0x00000000,0x00000000,2800,0x00010009,0x00000000,0x83000004,0x00000000,0x00000000,0x00000000,0x000003E8
2026-07-25T18:09:16Z,1129,0x91A6B774,P1-C1,0x9246B9C0,12,Ryu,0x0131,Hado M,17,P2-C1,0x927EB9E0,1,Ken the Eagle,0x00000009,"Mid, Light Hit",0x00000040,Common normal-hit bit,0x00000000,0x00000000,0x00000000,100,0x00010009,0x00000000,0x83002004,0x83002004,0x00000000,0x00000000,0x000003E8
2026-07-25T18:09:16Z,1129,0x91A6B774,P1-C1,0x9246B9C0,12,Ryu,0x0131,Hado M,19,P2-C1,0x927EB9E0,1,Ken the Eagle,0x00000009,"Mid, Light Hit",0x00000040,Common normal-hit bit,0x00000000,0x00000000,0x00000000,100,0x00010009,0x00000000,0x83006004,0x83006004,0x00000000,0x00000000,0x000003E8
2026-07-25T18:09:16Z,1129,0x91A6B774,P1-C1,0x9246B9C0,12,Ryu,0x0131,Hado M,20,P2-C1,0x927EB9E0,1,Ken the Eagle,0x00000009,"Mid, Light Hit",0x00000040,Common normal-hit bit,0x00000000,0x00000000,0x00000000,100,0x00010009,0x00000000,0x83006004,0x00400000,0x00000000,0x00000000,0x000003E8
2026-07-25T18:09:23Z,1193,0x91A6B774,P1-C1,0x9246B9C0,12,Ryu,0x0131,Hado M,16,P2-C1,0x927EB9E0,1,Ken the Eagle,0x0000000C,"Mid, Heavy Hit",0x00040102,"One-eighth block-damage route B, Init/default bit, Default collision family",0x00000000,0x00000000,0x00000000,2800,0x00010009,0x00000000,0x83000004,0x00000000,0x00000000,0x00000000,0x000003E8
2026-07-25T18:09:23Z,1194,0x91A6B774,P1-C1,0x9246B9C0,12,Ryu,0x0131,Hado M,18,P2-C1,0x927EB9E0,1,Ken the Eagle,0x00000009,"Mid, Light Hit",0x00000040,Common normal-hit bit,0x00000000,0x00000000,0x00000000,100,0x00010009,0x00000000,0x83006004,0x83006004,0x00000000,0x00000000,0x000003E8
2026-07-25T18:09:23Z,1194,0x91A6B774,P1-C1,0x9246B9C0,12,Ryu,0x00A2,,0,P2-C1,0x927EB9E0,1,Ken the Eagle,0x00000009,"Mid, Light Hit",0x00000040,Common normal-hit bit,0x00000000,0x00000000,0x00000000,100,0x00010009,0x00000000,0x83006004,0x83006004,0x00000000,0x00000000,0x000003E8
2026-07-25T18:09:23Z,1194,0x91A6B774,P1-C1,0x9246B9C0,12,Ryu,0x0001,,0,P2-C1,0x927EB9E0,1,Ken the Eagle,0x00000009,"Mid, Light Hit",0x00000040,Common normal-hit bit,0x00000000,0x00000000,0x00000000,100,0x00010009,0x00000000,0x83006004,0x83006004,0x00000000,0x00000000,0x000003E8
2026-07-25T18:09:23Z,1194,0x91A6B774,P1-C1,0x9246B9C0,12,Ryu,0x000A,,0,P2-C1,0x927EB9E0,1,Ken the Eagle,0x00000009,"Mid, Light Hit",0x00000040,Common normal-hit bit,0x00000000,0x00000000,0x00000000,100,0x00010009,0x00000000,0x83006004,0x83006004,0x00000000,0x00000000,0x000003E8
2026-07-25T18:09:23Z,1194,0x91A6B774,P1-C1,0x9246B9C0,12,Ryu,0x000B,,0,P2-C1,0x927EB9E0,1,Ken the Eagle,0x00000009,"Mid, Light Hit",0x00000040,Common normal-hit bit,0x00000000,0x00000000,0x00000000,100,0x00010009,0x00000000,0x83006004,0x83006004,0x00000000,0x00000000,0x000003E8
2026-07-25T18:09:23Z,1195,0x91A6B774,P1-C1,0x9246B9C0,12,Ryu,0x0003,,0,P2-C1,0x927EB9E0,1,Ken the Eagle,0x00000009,"Mid, Light Hit",0x00000040,Common normal-hit bit,0x00000000,0x00000000,0x00000000,100,0x00010009,0x00000000,0x83006004,0x83006004,0x00000000,0x00000000,0x000003E8
2026-07-25T18:09:24Z,1195,0x91A6B774,P1-C1,0x9246B9C0,12,Ryu,0x0003,,3,P2-C1,0x927EB9E0,1,Ken the Eagle,0x00000009,"Mid, Light Hit",0x00000040,Common normal-hit bit,0x00000000,0x00000000,0x00000000,100,0x00010009,0x00000000,0x83006004,0x00400000,0x00000000,0x00000000,0x000003E8
2026-07-25T18:09:29Z,1239,0x91A6B774,P1-C1,0x9246B9C0,12,Ryu,0x00A2,,0,P2-C1,0x927EB9E0,1,Ken the Eagle,0x0000000C,"Mid, Heavy Hit",0x00040102,"One-eighth block-damage route B, Init/default bit, Default collision family",0x00000000,0x00000000,0x00000000,2800,0x00010009,0x00000000,0x83000004,0x00000000,0x00000000,0x00000000,0x000003E8
2026-07-25T18:09:29Z,1239,0x91A6B774,P1-C1,0x9246B9C0,12,Ryu,0x0001,,0,P2-C1,0x927EB9E0,1,Ken the Eagle,0x0000000C,"Mid, Heavy Hit",0x00040102,"One-eighth block-damage route B, Init/default bit, Default collision family",0x00000000,0x00000000,0x00000000,2800,0x00010009,0x00000000,0x83000004,0x00000000,0x00000000,0x00000000,0x000003E8
2026-07-25T18:09:29Z,1240,0x91A6B774,P1-C1,0x9246B9C0,12,Ryu,0x000A,,0,P2-C1,0x927EB9E0,1,Ken the Eagle,0x0000000C,"Mid, Heavy Hit",0x00040102,"One-eighth block-damage route B, Init/default bit, Default collision family",0x00000000,0x00000000,0x00000000,2800,0x00010009,0x00000000,0x83000004,0x00000000,0x00000000,0x00000000,0x000003E8
2026-07-25T18:09:29Z,1240,0x91A6B774,P1-C1,0x9246B9C0,12,Ryu,0x000B,,0,P2-C1,0x927EB9E0,1,Ken the Eagle,0x00000009,"Mid, Light Hit",0x00000040,Common normal-hit bit,0x00000000,0x00000000,0x00000000,100,0x00010009,0x00000000,0x83002004,0x83002004,0x00000000,0x00000000,0x000003E8
2026-07-25T18:09:29Z,1240,0x91A6B774,P1-C1,0x9246B9C0,12,Ryu,0x000B,,1,P2-C1,0x927EB9E0,1,Ken the Eagle,0x00000009,"Mid, Light Hit",0x00000040,Common normal-hit bit,0x00000000,0x00000000,0x00000000,100,0x00010009,0x00000000,0x83006004,0x83006004,0x00000000,0x00000000,0x000003E8
2026-07-25T18:09:29Z,1241,0x91A6B774,P1-C1,0x9246B9C0,12,Ryu,0x0003,,0,P2-C1,0x927EB9E0,1,Ken the Eagle,0x00000009,"Mid, Light Hit",0x00000040,Common normal-hit bit,0x00000000,0x00000000,0x00000000,100,0x00010009,0x00000000,0x83006004,0x83006004,0x00000000,0x00000000,0x000003E8
2026-07-25T18:09:29Z,1241,0x91A6B774,P1-C1,0x9246B9C0,12,Ryu,0x0003,,2,P2-C1,0x927EB9E0,1,Ken the Eagle,0x00000009,"Mid, Light Hit",0x00000040,Common normal-hit bit,0x00000000,0x00000000,0x00000000,100,0x00010009,0x00000000,0x83006004,0x00400000,0x00000000,0x00000000,0x000003E8
2026-07-25T18:09:38Z,1329,0x91A6B774,P1-C1,0x9246B9C0,12,Ryu,0x0131,Hado M,16,P2-C1,0x927EB9E0,1,Ken the Eagle,0x0000000C,"Mid, Heavy Hit",0x00040102,"One-eighth block-damage route B, Init/default bit, Default collision family",0x00000000,0x00000000,0x00000000,2800,0x00010009,0x00000000,0x83000004,0x00000000,0x00000000,0x00000000,0x000003E8
2026-07-25T18:09:38Z,1329,0x91A6B774,P1-C1,0x9246B9C0,12,Ryu,0x0131,Hado M,17,P2-C1,0x927EB9E0,1,Ken the Eagle,0x00000009,"Mid, Light Hit",0x00000040,Common normal-hit bit,0x00000000,0x00000000,0x00000000,100,0x00010009,0x00000000,0x83002004,0x83002004,0x00000000,0x00000000,0x000003E8
2026-07-25T18:09:38Z,1329,0x91A6B774,P1-C1,0x9246B9C0,12,Ryu,0x0131,Hado M,18,P2-C1,0x927EB9E0,1,Ken the Eagle,0x00000009,"Mid, Light Hit",0x00000040,Common normal-hit bit,0x00000000,0x00000000,0x00000000,100,0x00010009,0x00000000,0x83006004,0x83006004,0x00000000,0x00000000,0x000003E8
2026-07-25T18:09:38Z,1329,0x91A6B774,P1-C1,0x9246B9C0,12,Ryu,0x00A2,,0,P2-C1,0x927EB9E0,1,Ken the Eagle,0x00000009,"Mid, Light Hit",0x00000040,Common normal-hit bit,0x00000000,0x00000000,0x00000000,100,0x00010009,0x00000000,0x83006004,0x83006004,0x00000000,0x00000000,0x000003E8
2026-07-25T18:09:38Z,1329,0x91A6B774,P1-C1,0x9246B9C0,12,Ryu,0x0001,,0,P2-C1,0x927EB9E0,1,Ken the Eagle,0x00000009,"Mid, Light Hit",0x00000040,Common normal-hit bit,0x00000000,0x00000000,0x00000000,100,0x00010009,0x00000000,0x83006004,0x83006004,0x00000000,0x00000000,0x000003E8
2026-07-25T18:09:38Z,1329,0x91A6B774,P1-C1,0x9246B9C0,12,Ryu,0x000A,,0,P2-C1,0x927EB9E0,1,Ken the Eagle,0x00000009,"Mid, Light Hit",0x00000040,Common normal-hit bit,0x00000000,0x00000000,0x00000000,100,0x00010009,0x00000000,0x83006004,0x83006004,0x00000000,0x00000000,0x000003E8
2026-07-25T18:09:38Z,1330,0x91A6B774,P1-C1,0x9246B9C0,12,Ryu,0x000B,,0,P2-C1,0x927EB9E0,1,Ken the Eagle,0x00000009,"Mid, Light Hit",0x00000040,Common normal-hit bit,0x00000000,0x00000000,0x00000000,100,0x00010009,0x00000000,0x83006004,0x83006004,0x00000000,0x00000000,0x000003E8
2026-07-25T18:09:38Z,1330,0x91A6B774,P1-C1,0x9246B9C0,12,Ryu,0x0003,,0,P2-C1,0x927EB9E0,1,Ken the Eagle,0x00000009,"Mid, Light Hit",0x00000040,Common normal-hit bit,0x00000000,0x00000000,0x00000000,100,0x00010009,0x00000000,0x83006004,0x83006004,0x00000000,0x00000000,0x000003E8
2026-07-25T18:09:38Z,1330,0x91A6B774,P1-C1,0x9246B9C0,12,Ryu,0x0003,,3,P2-C1,0x927EB9E0,1,Ken the Eagle,0x00000009,"Mid, Light Hit",0x00000040,Common normal-hit bit,0x00000000,0x00000000,0x00000000,100,0x00010009,0x00000000,0x83006004,0x00400000,0x00000000,0x00000000,0x000003E8
2026-07-25T18:09:46Z,1406,0x91A6B774,P1-C1,0x9246B9C0,12,Ryu,0x0131,Hado M,17,P2-C1,0x927EB9E0,1,Ken the Eagle,0x00000009,"Mid, Light Hit",0x00000040,Common normal-hit bit,0x00000000,0x00000000,0x00000000,100,0x00010009,0x00000000,0x83002004,0x83002004,0x00000000,0x00000000,0x000003E8
2026-07-25T18:09:46Z,1406,0x91A6B774,P1-C1,0x9246B9C0,12,Ryu,0x0131,Hado M,18,P2-C1,0x927EB9E0,1,Ken the Eagle,0x00000009,"Mid, Light Hit",0x00000040,Common normal-hit bit,0x00000000,0x00000000,0x00000000,100,0x00010009,0x00000000,0x83006004,0x83006004,0x00000000,0x00000000,0x000003E8
2026-07-25T18:09:46Z,1407,0x91A6B774,P1-C1,0x9246B9C0,12,Ryu,0x00A2,,0,P2-C1,0x927EB9E0,1,Ken the Eagle,0x00000009,"Mid, Light Hit",0x00000040,Common normal-hit bit,0x00000000,0x00000000,0x00000000,100,0x00010009,0x00000000,0x83006004,0x83006004,0x00000000,0x00000000,0x000003E8
2026-07-25T18:09:46Z,1407,0x91A6B774,P1-C1,0x9246B9C0,12,Ryu,0x0001,,0,P2-C1,0x927EB9E0,1,Ken the Eagle,0x00000009,"Mid, Light Hit",0x00000040,Common normal-hit bit,0x00000000,0x00000000,0x00000000,100,0x00010009,0x00000000,0x83006004,0x83006004,0x00000000,0x00000000,0x000003E8
2026-07-25T18:09:46Z,1407,0x91A6B774,P1-C1,0x9246B9C0,12,Ryu,0x000A,,0,P2-C1,0x927EB9E0,1,Ken the Eagle,0x00000009,"Mid, Light Hit",0x00000040,Common normal-hit bit,0x00000000,0x00000000,0x00000000,100,0x00010009,0x00000000,0x83006004,0x83006004,0x00000000,0x00000000,0x000003E8
2026-07-25T18:09:46Z,1407,0x91A6B774,P1-C1,0x9246B9C0,12,Ryu,0x000B,,0,P2-C1,0x927EB9E0,1,Ken the Eagle,0x00000009,"Mid, Light Hit",0x00000040,Common normal-hit bit,0x00000000,0x00000000,0x00000000,100,0x00010009,0x00000000,0x83006004,0x83006004,0x00000000,0x00000000,0x000003E8
2026-07-25T18:09:46Z,1407,0x91A6B774,P1-C1,0x9246B9C0,12,Ryu,0x0003,,0,P2-C1,0x927EB9E0,1,Ken the Eagle,0x00000009,"Mid, Light Hit",0x00000040,Common normal-hit bit,0x00000000,0x00000000,0x00000000,100,0x00010009,0x00000000,0x83006004,0x83006004,0x00000000,0x00000000,0x000003E8
2026-07-25T18:09:46Z,1408,0x91A6B774,P1-C1,0x9246B9C0,12,Ryu,0x0003,,3,P2-C1,0x927EB9E0,1,Ken the Eagle,0x00000009,"Mid, Light Hit",0x00000040,Common normal-hit bit,0x00000000,0x00000000,0x00000000,100,0x00010009,0x00000000,0x83006004,0x00400000,0x00000000,0x00000000,0x000003E8
2026-07-25T18:09:46Z,1408,0x91A6B774,P1-C1,0x9246B9C0,12,Ryu,0x0003,,5,P2-C1,0x927EB9E0,1,Ken the Eagle,0x00000009,"Mid, Light Hit",0x00000040,Common normal-hit bit,0x00000000,0x00000000,0x00000000,100,0x00000000,0x00000000,0x83006004,0x00400000,0x00000000,0x00000000,0x000003E8
2026-07-25T18:09:53Z,1476,0x91A6B774,P1-C1,0x9246B9C0,12,Ryu,0x0131,Hado M,16,P2-C1,0x927EB9E0,1,Ken the Eagle,0x0000000C,"Mid, Heavy Hit",0x00040102,"One-eighth block-damage route B, Init/default bit, Default collision family",0x00000000,0x00000000,0x00000000,2800,0x00010009,0x00000000,0x83000004,0x00000000,0x00000000,0x00000000,0x000003E8
2026-07-25T18:09:53Z,1476,0x91A6B774,P1-C1,0x9246B9C0,12,Ryu,0x0001,,0,P2-C1,0x927EB9E0,1,Ken the Eagle,0x0000000C,"Mid, Heavy Hit",0x00040102,"One-eighth block-damage route B, Init/default bit, Default collision family",0x00000000,0x00000000,0x00000000,2800,0x00010009,0x00000000,0x83000004,0x00000000,0x00000000,0x00000000,0x000003E8
2026-07-25T18:09:53Z,1476,0x91A6B774,P1-C1,0x9246B9C0,12,Ryu,0x000A,,0,P2-C1,0x927EB9E0,1,Ken the Eagle,0x0000000C,"Mid, Heavy Hit",0x00040102,"One-eighth block-damage route B, Init/default bit, Default collision family",0x00000000,0x00000000,0x00000000,2800,0x00010009,0x00000000,0x83000004,0x00000000,0x00000000,0x00000000,0x000003E8
2026-07-25T18:09:53Z,1477,0x91A6B774,P1-C1,0x9246B9C0,12,Ryu,0x000B,,0,P2-C1,0x927EB9E0,1,Ken the Eagle,0x0000000C,"Mid, Heavy Hit",0x00040102,"One-eighth block-damage route B, Init/default bit, Default collision family",0x00000000,0x00000000,0x00000000,2800,0x00010009,0x00000000,0x83000004,0x00000000,0x00000000,0x00000000,0x000003E8
2026-07-25T18:09:53Z,1477,0x91A6B774,P1-C1,0x9246B9C0,12,Ryu,0x000B,,1,P2-C1,0x927EB9E0,1,Ken the Eagle,0x00000009,"Mid, Light Hit",0x00000040,Common normal-hit bit,0x00000000,0x00000000,0x00000000,100,0x00010009,0x00000000,0x83002004,0x83002004,0x00000000,0x00000000,0x000003E8
2026-07-25T18:09:53Z,1477,0x91A6B774,P1-C1,0x9246B9C0,12,Ryu,0x0003,,2,P2-C1,0x927EB9E0,1,Ken the Eagle,0x00000009,"Mid, Light Hit",0x00000040,Common normal-hit bit,0x00000000,0x00000000,0x00000000,100,0x00010009,0x00000000,0x83006004,0x83006004,0x00000000,0x00000000,0x000003E8
2026-07-25T18:09:53Z,1477,0x91A6B774,P1-C1,0x9246B9C0,12,Ryu,0x0003,,3,P2-C1,0x927EB9E0,1,Ken the Eagle,0x00000009,"Mid, Light Hit",0x00000040,Common normal-hit bit,0x00000000,0x00000000,0x00000000,100,0x00010009,0x00000000,0x83006004,0x00400000,0x00000000,0x00000000,0x000003E8
2026-07-25T18:10:02Z,1557,0x91A6B774,P1-C1,0x9246B9C0,12,Ryu,0x0162,Air Shinkuu,93,P2-C1,0x927EB9E0,1,Ken the Eagle,0x0000000C,"Mid, Heavy Hit",0x00000123,"Damage exception route A, Init/default bit, Default collision family, Unknown B bits 0x00000020",0x00000000,0x00000109,0x00000023,720,0x2C06000D,0x00030000,0x03000004,0x00000000,0x00000000,0x00000003,0x000003E8
2026-07-25T18:10:02Z,1557,0x91A6B774,P1-C1,0x9246B9C0,12,Ryu,0x0162,Air Shinkuu,95,P2-C1,0x927EB9E0,1,Ken the Eagle,0x0000000C,"Mid, Heavy Hit",0x00000123,"Damage exception route A, Init/default bit, Default collision family, Unknown B bits 0x00000020",0x00000000,0x00000109,0x00000023,720,0x2C06000D,0x00030000,0x03000000,0x00000000,0x00000000,0x00000003,0x000003E8
2026-07-25T18:10:02Z,1558,0x91A6B774,P1-C1,0x9246B9C0,12,Ryu,0x0162,Air Shinkuu,98,P2-C1,0x927EB9E0,1,Ken the Eagle,0x0000000C,"Mid, Heavy Hit",0x00000123,"Damage exception route A, Init/default bit, Default collision family, Unknown B bits 0x00000020",0x00000000,0x00000109,0x00000023,720,0x2C06000D,0x00030000,0x03002004,0x00000000,0x00000000,0x00000003,0x000003E8
2026-07-25T18:10:02Z,1558,0x91A6B774,P1-C1,0x9246B9C0,12,Ryu,0x0162,Air Shinkuu,99,P2-C1,0x927EB9E0,1,Ken the Eagle,0x0000000C,"Mid, Heavy Hit",0x00000123,"Damage exception route A, Init/default bit, Default collision family, Unknown B bits 0x00000020",0x00000000,0x00000109,0x00000023,720,0x2C06000D,0x00030000,0x03000000,0x00000000,0x00000000,0x00000003,0x000003E8
2026-07-25T18:10:02Z,1558,0x91A6B774,P1-C1,0x9246B9C0,12,Ryu,0x0162,Air Shinkuu,103,P2-C1,0x927EB9E0,1,Ken the Eagle,0x0000000C,"Mid, Heavy Hit",0x00000123,"Damage exception route A, Init/default bit, Default collision family, Unknown B bits 0x00000020",0x00000000,0x00000109,0x00000023,720,0x2C06000D,0x00030000,0x03002004,0x00000000,0x00000000,0x00000003,0x000003E8
2026-07-25T18:10:02Z,1558,0x91A6B774,P1-C1,0x9246B9C0,12,Ryu,0x0162,Air Shinkuu,104,P2-C1,0x927EB9E0,1,Ken the Eagle,0x0000000C,"Mid, Heavy Hit",0x00000123,"Damage exception route A, Init/default bit, Default collision family, Unknown B bits 0x00000020",0x00000000,0x00000109,0x00000023,720,0x2C06000D,0x00030000,0x03000000,0x00000000,0x00000000,0x00000003,0x000003E8
2026-07-25T18:10:02Z,1559,0x91A6B774,P1-C1,0x9246B9C0,12,Ryu,0x0162,Air Shinkuu,108,P2-C1,0x927EB9E0,1,Ken the Eagle,0x0000000C,"Mid, Heavy Hit",0x00000123,"Damage exception route A, Init/default bit, Default collision family, Unknown B bits 0x00000020",0x00000000,0x00000109,0x00000023,720,0x2C06000D,0x00030000,0x03002004,0x00000000,0x00000000,0x00000003,0x000003E8
2026-07-25T18:10:02Z,1559,0x91A6B774,P1-C1,0x9246B9C0,12,Ryu,0x0162,Air Shinkuu,109,P2-C1,0x927EB9E0,1,Ken the Eagle,0x0000000C,"Mid, Heavy Hit",0x00000123,"Damage exception route A, Init/default bit, Default collision family, Unknown B bits 0x00000020",0x00000000,0x00000109,0x00000023,720,0x2C06000D,0x00030000,0x03000000,0x00000000,0x00000000,0x00000003,0x000003E8
2026-07-25T18:10:02Z,1560,0x91A6B774,P1-C1,0x9246B9C0,12,Ryu,0x0162,Air Shinkuu,113,P2-C1,0x927EB9E0,1,Ken the Eagle,0x0000000C,"Mid, Heavy Hit",0x00000123,"Damage exception route A, Init/default bit, Default collision family, Unknown B bits 0x00000020",0x00000000,0x00000109,0x00000023,720,0x2C06000D,0x00030000,0x03002004,0x00000000,0x00000000,0x00000003,0x000003E8
2026-07-25T18:10:02Z,1560,0x91A6B774,P1-C1,0x9246B9C0,12,Ryu,0x0162,Air Shinkuu,115,P2-C1,0x927EB9E0,1,Ken the Eagle,0x0000000C,"Mid, Heavy Hit",0x00000123,"Damage exception route A, Init/default bit, Default collision family, Unknown B bits 0x00000020",0x00000000,0x00000109,0x00000023,720,0x2C06000D,0x00030000,0x03000000,0x00000000,0x00000000,0x00000003,0x000003E8
2026-07-25T18:10:02Z,1561,0x91A6B774,P1-C1,0x9246B9C0,12,Ryu,0x0162,Air Shinkuu,118,P2-C1,0x927EB9E0,1,Ken the Eagle,0x0000000C,"Mid, Heavy Hit",0x00000123,"Damage exception route A, Init/default bit, Default collision family, Unknown B bits 0x00000020",0x00000000,0x00000109,0x00000023,720,0x2C06000D,0x00030000,0x03002004,0x00000000,0x00000000,0x00000003,0x000003E8
2026-07-25T18:10:02Z,1561,0x91A6B774,P1-C1,0x9246B9C0,12,Ryu,0x0162,Air Shinkuu,119,P2-C1,0x927EB9E0,1,Ken the Eagle,0x0000000C,"Mid, Heavy Hit",0x00000123,"Damage exception route A, Init/default bit, Default collision family, Unknown B bits 0x00000020",0x00000000,0x00000109,0x00000023,720,0x2C06000D,0x00030000,0x03000000,0x00000000,0x00000000,0x00000003,0x000003E8
2026-07-25T18:10:02Z,1564,0x91A6B774,P1-C1,0x9246B9C0,12,Ryu,0x0162,Air Shinkuu,133,P2-C1,0x927EB9E0,1,Ken the Eagle,0x0000000C,"Mid, Heavy Hit",0x00000123,"Damage exception route A, Init/default bit, Default collision family, Unknown B bits 0x00000020",0x00000000,0x00000109,0x00000023,720,0x2C06000D,0x00030000,0x03002004,0x00000000,0x00000000,0x00000003,0x000003E8
2026-07-25T18:10:02Z,1564,0x91A6B774,P1-C1,0x9246B9C0,12,Ryu,0x0162,Air Shinkuu,134,P2-C1,0x927EB9E0,1,Ken the Eagle,0x0000000C,"Mid, Heavy Hit",0x00000123,"Damage exception route A, Init/default bit, Default collision family, Unknown B bits 0x00000020",0x00000000,0x00000109,0x00000023,720,0x2C06000D,0x00030000,0x03000000,0x00000000,0x00000000,0x00000003,0x000003E8
2026-07-25T18:10:03Z,1564,0x91A6B774,P1-C1,0x9246B9C0,12,Ryu,0x0162,Air Shinkuu,138,P2-C1,0x927EB9E0,1,Ken the Eagle,0x0000000C,"Mid, Heavy Hit",0x00000123,"Damage exception route A, Init/default bit, Default collision family, Unknown B bits 0x00000020",0x00000000,0x00000109,0x00000023,720,0x2C06000D,0x00030000,0x03002004,0x00000000,0x00000000,0x00000003,0x000003E8
2026-07-25T18:10:03Z,1564,0x91A6B774,P1-C1,0x9246B9C0,12,Ryu,0x0162,Air Shinkuu,139,P2-C1,0x927EB9E0,1,Ken the Eagle,0x0000000C,"Mid, Heavy Hit",0x00000123,"Damage exception route A, Init/default bit, Default collision family, Unknown B bits 0x00000020",0x00000000,0x00000109,0x00000023,720,0x2C06000D,0x00030000,0x03002000,0x00000000,0x00000000,0x00000003,0x000003E8
2026-07-25T18:10:03Z,1564,0x91A6B774,P1-C1,0x9246B9C0,12,Ryu,0x0162,Air Shinkuu,139,P2-C1,0x927EB9E0,1,Ken the Eagle,0x0000000C,"Mid, Heavy Hit",0x00000123,"Damage exception route A, Init/default bit, Default collision family, Unknown B bits 0x00000020",0x00000000,0x00000109,0x00000023,720,0x2C06000D,0x00030000,0x03000000,0x00000000,0x00000000,0x00000003,0x000003E8
2026-07-25T18:10:03Z,1565,0x91A6B774,P1-C1,0x9246B9C0,12,Ryu,0x0162,Air Shinkuu,144,P2-C1,0x927EB9E0,1,Ken the Eagle,0x0000000C,"Mid, Heavy Hit",0x00000123,"Damage exception route A, Init/default bit, Default collision family, Unknown B bits 0x00000020",0x00000000,0x00000109,0x00000023,720,0x2C06000D,0x00030000,0x03002004,0x00000000,0x00000000,0x00000003,0x000003E8
2026-07-25T18:10:03Z,1565,0x91A6B774,P1-C1,0x9246B9C0,12,Ryu,0x0162,Air Shinkuu,144,P2-C1,0x927EB9E0,1,Ken the Eagle,0x0000000C,"Mid, Heavy Hit",0x00000123,"Damage exception route A, Init/default bit, Default collision family, Unknown B bits 0x00000020",0x00000000,0x00000109,0x00000023,720,0x2C06000D,0x00030000,0x03000000,0x00000000,0x00000000,0x00000003,0x000003E8
2026-07-25T18:10:03Z,1566,0x91A6B774,P1-C1,0x9246B9C0,12,Ryu,0x0162,Air Shinkuu,148,P2-C1,0x927EB9E0,1,Ken the Eagle,0x0000000C,"Mid, Heavy Hit",0x00000123,"Damage exception route A, Init/default bit, Default collision family, Unknown B bits 0x00000020",0x00000000,0x00000109,0x00000023,720,0x2C06000D,0x00030000,0x03002004,0x00000000,0x00000000,0x00000003,0x000003E8
2026-07-25T18:10:03Z,1566,0x91A6B774,P1-C1,0x9246B9C0,12,Ryu,0x0162,Air Shinkuu,149,P2-C1,0x927EB9E0,1,Ken the Eagle,0x0000000C,"Mid, Heavy Hit",0x00000123,"Damage exception route A, Init/default bit, Default collision family, Unknown B bits 0x00000020",0x00000000,0x00000109,0x00000023,720,0x2C06000D,0x00030000,0x03000000,0x00000000,0x00000000,0x00000003,0x000003E8
2026-07-25T18:10:03Z,1566,0x91A6B774,P1-C1,0x9246B9C0,12,Ryu,0x0162,Air Shinkuu,153,P2-C1,0x927EB9E0,1,Ken the Eagle,0x0000000C,"Mid, Heavy Hit",0x00000123,"Damage exception route A, Init/default bit, Default collision family, Unknown B bits 0x00000020",0x00000000,0x00000109,0x00000023,720,0x2C06000D,0x00030000,0x03002004,0x00000000,0x00000000,0x00000003,0x000003E8
2026-07-25T18:10:03Z,1566,0x91A6B774,P1-C1,0x9246B9C0,12,Ryu,0x0162,Air Shinkuu,155,P2-C1,0x927EB9E0,1,Ken the Eagle,0x0000000C,"Mid, Heavy Hit",0x00000123,"Damage exception route A, Init/default bit, Default collision family, Unknown B bits 0x00000020",0x00000000,0x00000109,0x00000023,720,0x2C06000D,0x00030000,0x03000000,0x00000000,0x00000000,0x00000003,0x000003E8
2026-07-25T18:10:03Z,1567,0x91A6B774,P1-C1,0x9246B9C0,12,Ryu,0x0162,Air Shinkuu,158,P2-C1,0x927EB9E0,1,Ken the Eagle,0x0000000C,"Mid, Heavy Hit",0x00000123,"Damage exception route A, Init/default bit, Default collision family, Unknown B bits 0x00000020",0x00000000,0x00000109,0x00000023,720,0x2C06000D,0x00030000,0x03002004,0x00000000,0x00000000,0x00000003,0x000003E8
2026-07-25T18:10:03Z,1567,0x91A6B774,P1-C1,0x9246B9C0,12,Ryu,0x0162,Air Shinkuu,159,P2-C1,0x927EB9E0,1,Ken the Eagle,0x0000000C,"Mid, Heavy Hit",0x00000123,"Damage exception route A, Init/default bit, Default collision family, Unknown B bits 0x00000020",0x00000000,0x00000109,0x00000023,720,0x2C06000D,0x00030000,0x03000000,0x00000000,0x00000000,0x00000003,0x000003E8
2026-07-25T18:10:03Z,1568,0x91A6B774,P1-C1,0x9246B9C0,12,Ryu,0x0162,Air Shinkuu,168,P2-C1,0x927EB9E0,1,Ken the Eagle,0x0000000C,"Mid, Heavy Hit",0x00000123,"Damage exception route A, Init/default bit, Default collision family, Unknown B bits 0x00000020",0x00000000,0x00000109,0x00000023,720,0x2C06000D,0x00030000,0x03002004,0x00000000,0x00000000,0x00000003,0x000003E8
2026-07-25T18:10:03Z,1568,0x91A6B774,P1-C1,0x9246B9C0,12,Ryu,0x0162,Air Shinkuu,170,P2-C1,0x927EB9E0,1,Ken the Eagle,0x0000000C,"Mid, Heavy Hit",0x00000123,"Damage exception route A, Init/default bit, Default collision family, Unknown B bits 0x00000020",0x00000000,0x00000109,0x00000023,720,0x2C06000D,0x00030000,0x03000000,0x00000000,0x00000000,0x00000003,0x000003E8
2026-07-25T18:10:03Z,1569,0x91A6B774,P1-C1,0x9246B9C0,12,Ryu,0x0162,Air Shinkuu,173,P2-C1,0x927EB9E0,1,Ken the Eagle,0x0000000C,"Mid, Heavy Hit",0x00000123,"Damage exception route A, Init/default bit, Default collision family, Unknown B bits 0x00000020",0x00000000,0x00000109,0x00000023,720,0x2C06000D,0x00030000,0x03002004,0x00000000,0x00000000,0x00000003,0x000003E8
2026-07-25T18:10:03Z,1569,0x91A6B774,P1-C1,0x9246B9C0,12,Ryu,0x0162,Air Shinkuu,174,P2-C1,0x927EB9E0,1,Ken the Eagle,0x0000000C,"Mid, Heavy Hit",0x00000123,"Damage exception route A, Init/default bit, Default collision family, Unknown B bits 0x00000020",0x00000000,0x00000109,0x00000023,720,0x2C06000D,0x00030000,0x03000000,0x00000000,0x00000000,0x00000003,0x000003E8
2026-07-25T18:10:03Z,1569,0x91A6B774,P1-C1,0x9246B9C0,12,Ryu,0x0162,Air Shinkuu,178,P2-C1,0x927EB9E0,1,Ken the Eagle,0x0000000C,"Mid, Heavy Hit",0x00000123,"Damage exception route A, Init/default bit, Default collision family, Unknown B bits 0x00000020",0x00000000,0x00000109,0x00000023,720,0x2C06000D,0x00030000,0x03002004,0x00000000,0x00000000,0x00000003,0x000003E8
2026-07-25T18:10:03Z,1570,0x91A6B774,P1-C1,0x9246B9C0,12,Ryu,0x0162,Air Shinkuu,179,P2-C1,0x927EB9E0,1,Ken the Eagle,0x0000000C,"Mid, Heavy Hit",0x00000123,"Damage exception route A, Init/default bit, Default collision family, Unknown B bits 0x00000020",0x00000000,0x00000109,0x00000023,720,0x2C06000D,0x00030000,0x03000000,0x00000000,0x00000000,0x00000003,0x000003E8
2026-07-25T18:10:03Z,1570,0x91A6B774,P1-C1,0x9246B9C0,12,Ryu,0x0162,Air Shinkuu,183,P2-C1,0x927EB9E0,1,Ken the Eagle,0x0000000C,"Mid, Heavy Hit",0x00000123,"Damage exception route A, Init/default bit, Default collision family, Unknown B bits 0x00000020",0x00000000,0x00000109,0x00000023,720,0x2C06000D,0x00030000,0x03002004,0x00000000,0x00000000,0x00000003,0x000003E8
2026-07-25T18:10:03Z,1570,0x91A6B774,P1-C1,0x9246B9C0,12,Ryu,0x0162,Air Shinkuu,184,P2-C1,0x927EB9E0,1,Ken the Eagle,0x0000000C,"Mid, Heavy Hit",0x00000123,"Damage exception route A, Init/default bit, Default collision family, Unknown B bits 0x00000020",0x00000000,0x00000109,0x00000023,720,0x2C06000D,0x00030000,0x03000000,0x00000000,0x00000000,0x00000003,0x000003E8
2026-07-25T18:10:03Z,1571,0x91A6B774,P1-C1,0x9246B9C0,12,Ryu,0x0162,Air Shinkuu,188,P2-C1,0x927EB9E0,1,Ken the Eagle,0x00000109,"Mid, Light Hit, A flags 0x00000100",0x00000023,"Damage exception route A, Init/default bit, Unknown B bits 0x00000020",0x00000000,0x00000109,0x00000023,1040,0x2C02000D,0x00030000,0x03000004,0x00000000,0x00000000,0x00000003,0x000003E8
2026-07-25T18:10:03Z,1571,0x91A6B774,P1-C1,0x9246B9C0,12,Ryu,0x0162,Air Shinkuu,188,P2-C1,0x927EB9E0,1,Ken the Eagle,0x00000109,"Mid, Light Hit, A flags 0x00000100",0x00000023,"Damage exception route A, Init/default bit, Unknown B bits 0x00000020",0x00000000,0x00000109,0x00000023,1040,0x2C02000D,0x00030000,0x03002004,0x00000000,0x00000000,0x00000003,0x000003E8
2026-07-25T18:10:03Z,1571,0x91A6B774,P1-C1,0x9246B9C0,12,Ryu,0x0162,Air Shinkuu,189,P2-C1,0x927EB9E0,1,Ken the Eagle,0x00000009,"Mid, Light Hit",0x00000040,Common normal-hit bit,0x00000000,0x00000109,0x00000023,100,0x2C02000D,0x00030000,0x83006000,0x83006000,0x00000000,0x00000003,0x000003E8
2026-07-25T18:10:04Z,1573,0x91A6B774,P1-C1,0x9246B9C0,12,Ryu,0x0162,Air Shinkuu,207,P2-C1,0x927EB9E0,1,Ken the Eagle,0x00000009,"Mid, Light Hit",0x00000040,Common normal-hit bit,0x00000000,0x00000109,0x00000023,100,0x2C02000D,0x00030000,0x83006000,0x00400000,0x00000000,0x00000003,0x000003E8
2026-07-25T18:10:04Z,1573,0x91A6B774,P1-C1,0x9246B9C0,12,Ryu,0x0162,Air Shinkuu,208,P2-C1,0x927EB9E0,1,Ken the Eagle,0x00000009,"Mid, Light Hit",0x00000040,Common normal-hit bit,0x00000000,0x00000109,0x00000023,100,0x00000000,0x00030000,0x83006000,0x00400000,0x00000000,0x00000003,0x000003E8
2026-07-25T19:00:58Z,139,0x91A6B774,P1-C1,0x9246B9C0,12,Ryu,0x0131,Hado M,16,P2-C1,0x927EB9E0,1,Ken the Eagle,0x0000000C,"Mid, Heavy Hit",0x00040102,"One-eighth block-damage route B, Init/default bit, Default collision family",0x00000000,0x00000000,0x00000000,2800,0x00010009,0x00000000,0x83040004,0x00000000,0x00000000,0x00000000,0x000003E8
2026-07-25T19:00:58Z,139,0x91A6B774,P1-C1,0x9246B9C0,12,Ryu,0x0001,,0,P2-C1,0x927EB9E0,1,Ken the Eagle,0x0000000C,"Mid, Heavy Hit",0x00040102,"One-eighth block-damage route B, Init/default bit, Default collision family",0x00000000,0x00000000,0x00000000,2800,0x00010009,0x00000000,0x83000004,0x00000000,0x00000000,0x00000000,0x000003E8
2026-07-25T19:00:58Z,139,0x91A6B774,P1-C1,0x9246B9C0,12,Ryu,0x000A,,0,P2-C1,0x927EB9E0,1,Ken the Eagle,0x0000000C,"Mid, Heavy Hit",0x00040102,"One-eighth block-damage route B, Init/default bit, Default collision family",0x00000000,0x00000000,0x00000000,2800,0x00010009,0x00000000,0x83000004,0x00000000,0x00000000,0x00000000,0x000003E8
2026-07-25T19:00:58Z,140,0x91A6B774,P1-C1,0x9246B9C0,12,Ryu,0x000B,,0,P2-C1,0x927EB9E0,1,Ken the Eagle,0x0000000C,"Mid, Heavy Hit",0x00040102,"One-eighth block-damage route B, Init/default bit, Default collision family",0x00000000,0x00000000,0x00000000,2800,0x00010009,0x00000000,0x83000004,0x00000000,0x00000000,0x00000000,0x000003E8
2026-07-25T19:00:58Z,140,0x91A6B774,P1-C1,0x9246B9C0,12,Ryu,0x000B,,3,P2-C1,0x927EB9E0,1,Ken the Eagle,0x00000009,"Mid, Light Hit",0x00000040,Common normal-hit bit,0x00000000,0x00000000,0x00000000,100,0x00010009,0x00000000,0x83006004,0x83006004,0x00000000,0x00000000,0x000003E8
2026-07-25T19:00:58Z,140,0x91A6B774,P1-C1,0x9246B9C0,12,Ryu,0x0003,,0,P2-C1,0x927EB9E0,1,Ken the Eagle,0x00000009,"Mid, Light Hit",0x00000040,Common normal-hit bit,0x00000000,0x00000000,0x00000000,100,0x00010009,0x00000000,0x83006004,0x83006004,0x00000000,0x00000000,0x000003E8
2026-07-25T19:00:58Z,140,0x91A6B774,P1-C1,0x9246B9C0,12,Ryu,0x0003,,3,P2-C1,0x927EB9E0,1,Ken the Eagle,0x00000009,"Mid, Light Hit",0x00000040,Common normal-hit bit,0x00000000,0x00000000,0x00000000,100,0x00000000,0x00000000,0x83006004,0x00400000,0x00000000,0x00000000,0x000003E8
2026-07-25T19:07:51Z,66,0x91A6B774,P1-C1,0x9246B9C0,12,Ryu,0x0131,Hado M,16,P2-C1,0x927EB9E0,1,Ken the Eagle,0x0000000C,"Mid, Heavy Hit",0x00040102,"One-eighth block-damage route B, Init/default bit, Default collision family",0x00000000,0x00000000,0x00000000,2800,0x00010009,0x00000000,0x83000004,0x00000000,0x00000000,0x00000000,0x000003E8
2026-07-25T19:07:51Z,66,0x91A6B774,P1-C1,0x9246B9C0,12,Ryu,0x0131,Hado M,17,P2-C1,0x927EB9E0,1,Ken the Eagle,0x00000009,"Mid, Light Hit",0x00000040,Common normal-hit bit,0x00000000,0x00000000,0x00000000,100,0x00010009,0x00000000,0x83002004,0x83002004,0x00000000,0x00000000,0x000003E8
2026-07-25T19:07:51Z,66,0x91A6B774,P1-C1,0x9246B9C0,12,Ryu,0x0131,Hado M,18,P2-C1,0x927EB9E0,1,Ken the Eagle,0x00000009,"Mid, Light Hit",0x00000040,Common normal-hit bit,0x00000000,0x00000000,0x00000000,100,0x00010009,0x00000000,0x83006004,0x83006004,0x00000000,0x00000000,0x000003E8
2026-07-25T19:07:51Z,66,0x91A6B774,P1-C1,0x9246B9C0,12,Ryu,0x0131,Hado M,20,P2-C1,0x927EB9E0,1,Ken the Eagle,0x00000009,"Mid, Light Hit",0x00000040,Common normal-hit bit,0x00000000,0x00000000,0x00000000,100,0x00010009,0x00000000,0x83006004,0x00400000,0x00000000,0x00000000,0x000003E8
2026-07-25T19:07:55Z,99,0x91A6B774,P1-C1,0x9246B9C0,12,Ryu,0x0131,Hado M,17,P2-C1,0x927EB9E0,1,Ken the Eagle,0x00000009,"Mid, Light Hit",0x00000040,Common normal-hit bit,0x00000000,0x00000000,0x00000000,100,0x00010009,0x00000000,0x83002004,0x83002004,0x00000000,0x00000000,0x000003E8
2026-07-25T19:07:55Z,99,0x91A6B774,P1-C1,0x9246B9C0,12,Ryu,0x0131,Hado M,18,P2-C1,0x927EB9E0,1,Ken the Eagle,0x00000009,"Mid, Light Hit",0x00000040,Common normal-hit bit,0x00000000,0x00000000,0x00000000,100,0x00010009,0x00000000,0x83006004,0x83006004,0x00000000,0x00000000,0x000003E8
2026-07-25T19:07:55Z,100,0x91A6B774,P1-C1,0x9246B9C0,12,Ryu,0x00A2,,0,P2-C1,0x927EB9E0,1,Ken the Eagle,0x00000009,"Mid, Light Hit",0x00000040,Common normal-hit bit,0x00000000,0x00000000,0x00000000,100,0x00010009,0x00000000,0x83006004,0x83006004,0x00000000,0x00000000,0x000003E8
2026-07-25T19:07:55Z,100,0x91A6B774,P1-C1,0x9246B9C0,12,Ryu,0x0001,,0,P2-C1,0x927EB9E0,1,Ken the Eagle,0x00000009,"Mid, Light Hit",0x00000040,Common normal-hit bit,0x00000000,0x00000000,0x00000000,100,0x00010009,0x00000000,0x83006004,0x83006004,0x00000000,0x00000000,0x000003E8
2026-07-25T19:07:55Z,100,0x91A6B774,P1-C1,0x9246B9C0,12,Ryu,0x000A,,0,P2-C1,0x927EB9E0,1,Ken the Eagle,0x00000009,"Mid, Light Hit",0x00000040,Common normal-hit bit,0x00000000,0x00000000,0x00000000,100,0x00010009,0x00000000,0x83006004,0x83006004,0x00000000,0x00000000,0x000003E8
2026-07-25T19:07:55Z,100,0x91A6B774,P1-C1,0x9246B9C0,12,Ryu,0x000B,,0,P2-C1,0x927EB9E0,1,Ken the Eagle,0x00000009,"Mid, Light Hit",0x00000040,Common normal-hit bit,0x00000000,0x00000000,0x00000000,100,0x00010009,0x00000000,0x83006004,0x83006004,0x00000000,0x00000000,0x000003E8
2026-07-25T19:07:55Z,100,0x91A6B774,P1-C1,0x9246B9C0,12,Ryu,0x0003,,0,P2-C1,0x927EB9E0,1,Ken the Eagle,0x00000009,"Mid, Light Hit",0x00000040,Common normal-hit bit,0x00000000,0x00000000,0x00000000,100,0x00010009,0x00000000,0x83006004,0x83006004,0x00000000,0x00000000,0x000003E8
2026-07-25T19:07:55Z,100,0x91A6B774,P1-C1,0x9246B9C0,12,Ryu,0x0003,,2,P2-C1,0x927EB9E0,1,Ken the Eagle,0x00000009,"Mid, Light Hit",0x00000040,Common normal-hit bit,0x00000000,0x00000000,0x00000000,100,0x00010009,0x00000000,0x83006004,0x00400000,0x00000000,0x00000000,0x000003E8
2026-07-25T19:07:59Z,137,0x91A6B774,P1-C1,0x9246B9C0,12,Ryu,0x0160,Shinkuu,91,P2-C1,0x927EB9E0,1,Ken the Eagle,0x0000000C,"Mid, Heavy Hit",0x00000123,"Damage exception route A, Init/default bit, Default collision family, Unknown B bits 0x00000020",0x00000000,0x00000109,0x00000023,720,0x2C06000D,0x00030000,0x03040004,0x00000000,0x00000000,0x00000003,0x000003E8
2026-07-25T19:07:59Z,137,0x91A6B774,P1-C1,0x9246B9C0,12,Ryu,0x0160,Shinkuu,92,P2-C1,0x927EB9E0,1,Ken the Eagle,0x0000000C,"Mid, Heavy Hit",0x00000123,"Damage exception route A, Init/default bit, Default collision family, Unknown B bits 0x00000020",0x00000000,0x00000109,0x00000023,720,0x2C06000D,0x00030000,0x03000000,0x00000000,0x00000000,0x00000003,0x000003E8
2026-07-25T19:07:59Z,137,0x91A6B774,P1-C1,0x9246B9C0,12,Ryu,0x0160,Shinkuu,96,P2-C1,0x927EB9E0,1,Ken the Eagle,0x0000000C,"Mid, Heavy Hit",0x00000123,"Damage exception route A, Init/default bit, Default collision family, Unknown B bits 0x00000020",0x00000000,0x00000109,0x00000023,720,0x2C06000D,0x00030000,0x03002004,0x00000000,0x00000000,0x00000003,0x000003E8
2026-07-25T19:07:59Z,138,0x91A6B774,P1-C1,0x9246B9C0,12,Ryu,0x0160,Shinkuu,97,P2-C1,0x927EB9E0,1,Ken the Eagle,0x0000000C,"Mid, Heavy Hit",0x00000123,"Damage exception route A, Init/default bit, Default collision family, Unknown B bits 0x00000020",0x00000000,0x00000109,0x00000023,720,0x2C06000D,0x00030000,0x03000000,0x00000000,0x00000000,0x00000003,0x000003E8
2026-07-25T19:07:59Z,138,0x91A6B774,P1-C1,0x9246B9C0,12,Ryu,0x0160,Shinkuu,101,P2-C1,0x927EB9E0,1,Ken the Eagle,0x0000000C,"Mid, Heavy Hit",0x00000123,"Damage exception route A, Init/default bit, Default collision family, Unknown B bits 0x00000020",0x00000000,0x00000109,0x00000023,720,0x2C06000D,0x00030000,0x03002004,0x00000000,0x00000000,0x00000003,0x000003E8
2026-07-25T19:07:59Z,138,0x91A6B774,P1-C1,0x9246B9C0,12,Ryu,0x0160,Shinkuu,102,P2-C1,0x927EB9E0,1,Ken the Eagle,0x0000000C,"Mid, Heavy Hit",0x00000123,"Damage exception route A, Init/default bit, Default collision family, Unknown B bits 0x00000020",0x00000000,0x00000109,0x00000023,720,0x2C06000D,0x00030000,0x03000000,0x00000000,0x00000000,0x00000003,0x000003E8
2026-07-25T19:07:59Z,138,0x91A6B774,P1-C1,0x9246B9C0,12,Ryu,0x0160,Shinkuu,105,P2-C1,0x927EB9E0,1,Ken the Eagle,0x0000000C,"Mid, Heavy Hit",0x00000123,"Damage exception route A, Init/default bit, Default collision family, Unknown B bits 0x00000020",0x00000000,0x00000109,0x00000023,720,0x2C06000D,0x00030000,0x03002004,0x00000000,0x00000000,0x00000003,0x000003E8
2026-07-25T19:07:59Z,138,0x91A6B774,P1-C1,0x9246B9C0,12,Ryu,0x0160,Shinkuu,107,P2-C1,0x927EB9E0,1,Ken the Eagle,0x0000000C,"Mid, Heavy Hit",0x00000123,"Damage exception route A, Init/default bit, Default collision family, Unknown B bits 0x00000020",0x00000000,0x00000109,0x00000023,720,0x2C06000D,0x00030000,0x03000000,0x00000000,0x00000000,0x00000003,0x000003E8
2026-07-25T19:07:59Z,139,0x91A6B774,P1-C1,0x9246B9C0,12,Ryu,0x0160,Shinkuu,111,P2-C1,0x927EB9E0,1,Ken the Eagle,0x0000000C,"Mid, Heavy Hit",0x00000123,"Damage exception route A, Init/default bit, Default collision family, Unknown B bits 0x00000020",0x00000000,0x00000109,0x00000023,720,0x2C06000D,0x00030000,0x03002004,0x00000000,0x00000000,0x00000003,0x000003E8
2026-07-25T19:07:59Z,139,0x91A6B774,P1-C1,0x9246B9C0,12,Ryu,0x0160,Shinkuu,112,P2-C1,0x927EB9E0,1,Ken the Eagle,0x0000000C,"Mid, Heavy Hit",0x00000123,"Damage exception route A, Init/default bit, Default collision family, Unknown B bits 0x00000020",0x00000000,0x00000109,0x00000023,720,0x2C06000D,0x00030000,0x03000000,0x00000000,0x00000000,0x00000003,0x000003E8
2026-07-25T19:07:59Z,140,0x91A6B774,P1-C1,0x9246B9C0,12,Ryu,0x0160,Shinkuu,116,P2-C1,0x927EB9E0,1,Ken the Eagle,0x0000000C,"Mid, Heavy Hit",0x00000123,"Damage exception route A, Init/default bit, Default collision family, Unknown B bits 0x00000020",0x00000000,0x00000109,0x00000023,720,0x2C06000D,0x00030000,0x03002004,0x00000000,0x00000000,0x00000003,0x000003E8
2026-07-25T19:07:59Z,140,0x91A6B774,P1-C1,0x9246B9C0,12,Ryu,0x0160,Shinkuu,118,P2-C1,0x927EB9E0,1,Ken the Eagle,0x0000000C,"Mid, Heavy Hit",0x00000123,"Damage exception route A, Init/default bit, Default collision family, Unknown B bits 0x00000020",0x00000000,0x00000109,0x00000023,720,0x2C06000D,0x00030000,0x03000000,0x00000000,0x00000000,0x00000003,0x000003E8
2026-07-25T19:07:59Z,141,0x91A6B774,P1-C1,0x9246B9C0,12,Ryu,0x0160,Shinkuu,122,P2-C1,0x927EB9E0,1,Ken the Eagle,0x0000000C,"Mid, Heavy Hit",0x00000123,"Damage exception route A, Init/default bit, Default collision family, Unknown B bits 0x00000020",0x00000000,0x00000109,0x00000023,720,0x2C06000D,0x00030000,0x03002004,0x00000000,0x00000000,0x00000003,0x000003E8
2026-07-25T19:07:59Z,141,0x91A6B774,P1-C1,0x9246B9C0,12,Ryu,0x0160,Shinkuu,122,P2-C1,0x927EB9E0,1,Ken the Eagle,0x0000000C,"Mid, Heavy Hit",0x00000123,"Damage exception route A, Init/default bit, Default collision family, Unknown B bits 0x00000020",0x00000000,0x00000109,0x00000023,720,0x2C06000D,0x00030000,0x03000000,0x00000000,0x00000000,0x00000003,0x000003E8
2026-07-25T19:07:59Z,142,0x91A6B774,P1-C1,0x9246B9C0,12,Ryu,0x0160,Shinkuu,126,P2-C1,0x927EB9E0,1,Ken the Eagle,0x0000000C,"Mid, Heavy Hit",0x00000123,"Damage exception route A, Init/default bit, Default collision family, Unknown B bits 0x00000020",0x00000000,0x00000109,0x00000023,720,0x2C06000D,0x00030000,0x03002004,0x00000000,0x00000000,0x00000003,0x000003E8
2026-07-25T19:07:59Z,142,0x91A6B774,P1-C1,0x9246B9C0,12,Ryu,0x0160,Shinkuu,127,P2-C1,0x927EB9E0,1,Ken the Eagle,0x0000000C,"Mid, Heavy Hit",0x00000123,"Damage exception route A, Init/default bit, Default collision family, Unknown B bits 0x00000020",0x00000000,0x00000109,0x00000023,720,0x2C06000D,0x00030000,0x03000000,0x00000000,0x00000000,0x00000003,0x000003E8
2026-07-25T19:07:59Z,142,0x91A6B774,P1-C1,0x9246B9C0,12,Ryu,0x0160,Shinkuu,131,P2-C1,0x927EB9E0,1,Ken the Eagle,0x0000000C,"Mid, Heavy Hit",0x00000123,"Damage exception route A, Init/default bit, Default collision family, Unknown B bits 0x00000020",0x00000000,0x00000109,0x00000023,720,0x2C06000D,0x00030000,0x03002004,0x00000000,0x00000000,0x00000003,0x000003E8
2026-07-25T19:07:59Z,143,0x91A6B774,P1-C1,0x9246B9C0,12,Ryu,0x0160,Shinkuu,133,P2-C1,0x927EB9E0,1,Ken the Eagle,0x0000000C,"Mid, Heavy Hit",0x00000123,"Damage exception route A, Init/default bit, Default collision family, Unknown B bits 0x00000020",0x00000000,0x00000109,0x00000023,720,0x2C06000D,0x00030000,0x03000000,0x00000000,0x00000000,0x00000003,0x000003E8
2026-07-25T19:08:00Z,145,0x91A6B774,P1-C1,0x9246B9C0,12,Ryu,0x0160,Shinkuu,146,P2-C1,0x927EB9E0,1,Ken the Eagle,0x0000000C,"Mid, Heavy Hit",0x00000123,"Damage exception route A, Init/default bit, Default collision family, Unknown B bits 0x00000020",0x00000000,0x00000109,0x00000023,720,0x2C06000D,0x00030000,0x03002004,0x00000000,0x00000000,0x00000003,0x000003E8
2026-07-25T19:08:00Z,145,0x91A6B774,P1-C1,0x9246B9C0,12,Ryu,0x0160,Shinkuu,147,P2-C1,0x927EB9E0,1,Ken the Eagle,0x0000000C,"Mid, Heavy Hit",0x00000123,"Damage exception route A, Init/default bit, Default collision family, Unknown B bits 0x00000020",0x00000000,0x00000109,0x00000023,720,0x2C06000D,0x00030000,0x03000000,0x00000000,0x00000000,0x00000003,0x000003E8
2026-07-25T19:08:00Z,145,0x91A6B774,P1-C1,0x9246B9C0,12,Ryu,0x0160,Shinkuu,151,P2-C1,0x927EB9E0,1,Ken the Eagle,0x0000000C,"Mid, Heavy Hit",0x00000123,"Damage exception route A, Init/default bit, Default collision family, Unknown B bits 0x00000020",0x00000000,0x00000109,0x00000023,720,0x2C06000D,0x00030000,0x03002004,0x00000000,0x00000000,0x00000003,0x000003E8
2026-07-25T19:08:00Z,145,0x91A6B774,P1-C1,0x9246B9C0,12,Ryu,0x0160,Shinkuu,152,P2-C1,0x927EB9E0,1,Ken the Eagle,0x0000000C,"Mid, Heavy Hit",0x00000123,"Damage exception route A, Init/default bit, Default collision family, Unknown B bits 0x00000020",0x00000000,0x00000109,0x00000023,720,0x2C06000D,0x00030000,0x03000000,0x00000000,0x00000000,0x00000003,0x000003E8
2026-07-25T19:08:00Z,145,0x91A6B774,P1-C1,0x9246B9C0,12,Ryu,0x0160,Shinkuu,155,P2-C1,0x927EB9E0,1,Ken the Eagle,0x0000000C,"Mid, Heavy Hit",0x00000123,"Damage exception route A, Init/default bit, Default collision family, Unknown B bits 0x00000020",0x00000000,0x00000109,0x00000023,720,0x2C06000D,0x00030000,0x03002004,0x00000000,0x00000000,0x00000003,0x000003E8
2026-07-25T19:08:00Z,146,0x91A6B774,P1-C1,0x9246B9C0,12,Ryu,0x0160,Shinkuu,157,P2-C1,0x927EB9E0,1,Ken the Eagle,0x0000000C,"Mid, Heavy Hit",0x00000123,"Damage exception route A, Init/default bit, Default collision family, Unknown B bits 0x00000020",0x00000000,0x00000109,0x00000023,720,0x2C06000D,0x00030000,0x03000000,0x00000000,0x00000000,0x00000003,0x000003E8
2026-07-25T19:08:00Z,146,0x91A6B774,P1-C1,0x9246B9C0,12,Ryu,0x0160,Shinkuu,161,P2-C1,0x927EB9E0,1,Ken the Eagle,0x0000000C,"Mid, Heavy Hit",0x00000123,"Damage exception route A, Init/default bit, Default collision family, Unknown B bits 0x00000020",0x00000000,0x00000109,0x00000023,720,0x2C06000D,0x00030000,0x03002004,0x00000000,0x00000000,0x00000003,0x000003E8
2026-07-25T19:08:00Z,146,0x91A6B774,P1-C1,0x9246B9C0,12,Ryu,0x0160,Shinkuu,162,P2-C1,0x927EB9E0,1,Ken the Eagle,0x0000000C,"Mid, Heavy Hit",0x00000123,"Damage exception route A, Init/default bit, Default collision family, Unknown B bits 0x00000020",0x00000000,0x00000109,0x00000023,720,0x2C06000D,0x00030000,0x03000000,0x00000000,0x00000000,0x00000003,0x000003E8
2026-07-25T19:08:00Z,147,0x91A6B774,P1-C1,0x9246B9C0,12,Ryu,0x0160,Shinkuu,166,P2-C1,0x927EB9E0,1,Ken the Eagle,0x0000000C,"Mid, Heavy Hit",0x00000123,"Damage exception route A, Init/default bit, Default collision family, Unknown B bits 0x00000020",0x00000000,0x00000109,0x00000023,720,0x2C06000D,0x00030000,0x03002004,0x00000000,0x00000000,0x00000003,0x000003E8
2026-07-25T19:08:00Z,147,0x91A6B774,P1-C1,0x9246B9C0,12,Ryu,0x0160,Shinkuu,167,P2-C1,0x927EB9E0,1,Ken the Eagle,0x0000000C,"Mid, Heavy Hit",0x00000123,"Damage exception route A, Init/default bit, Default collision family, Unknown B bits 0x00000020",0x00000000,0x00000109,0x00000023,720,0x2C06000D,0x00030000,0x03000000,0x00000000,0x00000000,0x00000003,0x000003E8
2026-07-25T19:08:00Z,148,0x91A6B774,P1-C1,0x9246B9C0,12,Ryu,0x0160,Shinkuu,171,P2-C1,0x927EB9E0,1,Ken the Eagle,0x0000000C,"Mid, Heavy Hit",0x00000123,"Damage exception route A, Init/default bit, Default collision family, Unknown B bits 0x00000020",0x00000000,0x00000109,0x00000023,720,0x2C06000D,0x00030000,0x03002004,0x00000000,0x00000000,0x00000003,0x000003E8
2026-07-25T19:08:00Z,149,0x91A6B774,P1-C1,0x9246B9C0,12,Ryu,0x0160,Shinkuu,172,P2-C1,0x927EB9E0,1,Ken the Eagle,0x0000000C,"Mid, Heavy Hit",0x00000123,"Damage exception route A, Init/default bit, Default collision family, Unknown B bits 0x00000020",0x00000000,0x00000109,0x00000023,720,0x2C06000D,0x00030000,0x03000000,0x00000000,0x00000000,0x00000003,0x000003E8
2026-07-25T19:08:00Z,149,0x91A6B774,P1-C1,0x9246B9C0,12,Ryu,0x0160,Shinkuu,176,P2-C1,0x927EB9E0,1,Ken the Eagle,0x0000000C,"Mid, Heavy Hit",0x00000123,"Damage exception route A, Init/default bit, Default collision family, Unknown B bits 0x00000020",0x00000000,0x00000109,0x00000023,720,0x2C06000D,0x00030000,0x03002004,0x00000000,0x00000000,0x00000003,0x000003E8
2026-07-25T19:08:00Z,149,0x91A6B774,P1-C1,0x9246B9C0,12,Ryu,0x0160,Shinkuu,177,P2-C1,0x927EB9E0,1,Ken the Eagle,0x0000000C,"Mid, Heavy Hit",0x00000123,"Damage exception route A, Init/default bit, Default collision family, Unknown B bits 0x00000020",0x00000000,0x00000109,0x00000023,720,0x2C06000D,0x00030000,0x03000000,0x00000000,0x00000000,0x00000003,0x000003E8
2026-07-25T19:08:00Z,150,0x91A6B774,P1-C1,0x9246B9C0,12,Ryu,0x0160,Shinkuu,181,P2-C1,0x927EB9E0,1,Ken the Eagle,0x0000000C,"Mid, Heavy Hit",0x00000123,"Damage exception route A, Init/default bit, Default collision family, Unknown B bits 0x00000020",0x00000000,0x00000109,0x00000023,720,0x2C06000D,0x00030000,0x03002004,0x00000000,0x00000000,0x00000003,0x000003E8
2026-07-25T19:08:00Z,150,0x91A6B774,P1-C1,0x9246B9C0,12,Ryu,0x0160,Shinkuu,182,P2-C1,0x927EB9E0,1,Ken the Eagle,0x0000000C,"Mid, Heavy Hit",0x00000123,"Damage exception route A, Init/default bit, Default collision family, Unknown B bits 0x00000020",0x00000000,0x00000109,0x00000023,720,0x2C06000D,0x00030000,0x03000000,0x00000000,0x00000000,0x00000003,0x000003E8
2026-07-25T19:08:00Z,151,0x91A6B774,P1-C1,0x9246B9C0,12,Ryu,0x0160,Shinkuu,186,P2-C1,0x927EB9E0,1,Ken the Eagle,0x00000109,"Mid, Light Hit, A flags 0x00000100",0x00000023,"Damage exception route A, Init/default bit, Unknown B bits 0x00000020",0x00000000,0x00000109,0x00000023,1040,0x2C02000D,0x00030000,0x03002004,0x00000000,0x00000000,0x00000003,0x000003E8
2026-07-25T19:08:00Z,151,0x91A6B774,P1-C1,0x9246B9C0,12,Ryu,0x0160,Shinkuu,187,P2-C1,0x927EB9E0,1,Ken the Eagle,0x00000009,"Mid, Light Hit",0x00000040,Common normal-hit bit,0x00000000,0x00000109,0x00000023,100,0x2C02000D,0x00030000,0x83006000,0x83006000,0x00000000,0x00000003,0x000003E8
2026-07-25T19:08:01Z,154,0x91A6B774,P1-C1,0x9246B9C0,12,Ryu,0x0160,Shinkuu,205,P2-C1,0x927EB9E0,1,Ken the Eagle,0x00000009,"Mid, Light Hit",0x00000040,Common normal-hit bit,0x00000000,0x00000109,0x00000023,100,0x2C02000D,0x00030000,0x83006000,0x00400000,0x00000000,0x00000003,0x000003E8
2026-07-25T19:08:06Z,200,0x91A6B774,P1-C1,0x9246B9C0,12,Ryu,0x0131,Hado M,16,P2-C1,0x927EB9E0,1,Ken the Eagle,0x0000000C,"Mid, Heavy Hit",0x00040102,"One-eighth block-damage route B, Init/default bit, Default collision family",0x00000000,0x00000000,0x00000000,2800,0x00010009,0x00000000,0x83000004,0x00000000,0x00000000,0x00000000,0x000003E8
2026-07-25T19:08:06Z,200,0x91A6B774,P1-C1,0x9246B9C0,12,Ryu,0x00A2,,0,P2-C1,0x927EB9E0,1,Ken the Eagle,0x0000000C,"Mid, Heavy Hit",0x00040102,"One-eighth block-damage route B, Init/default bit, Default collision family",0x00000000,0x00000000,0x00000000,2800,0x00010009,0x00000000,0x83000004,0x00000000,0x00000000,0x00000000,0x000003E8
2026-07-25T19:08:06Z,200,0x91A6B774,P1-C1,0x9246B9C0,12,Ryu,0x0001,,0,P2-C1,0x927EB9E0,1,Ken the Eagle,0x0000000C,"Mid, Heavy Hit",0x00040102,"One-eighth block-damage route B, Init/default bit, Default collision family",0x00000000,0x00000000,0x00000000,2800,0x00010009,0x00000000,0x83000004,0x00000000,0x00000000,0x00000000,0x000003E8
2026-07-25T19:08:06Z,200,0x91A6B774,P1-C1,0x9246B9C0,12,Ryu,0x000A,,0,P2-C1,0x927EB9E0,1,Ken the Eagle,0x0000000C,"Mid, Heavy Hit",0x00040102,"One-eighth block-damage route B, Init/default bit, Default collision family",0x00000000,0x00000000,0x00000000,2800,0x00010009,0x00000000,0x83000004,0x00000000,0x00000000,0x00000000,0x000003E8
2026-07-25T19:08:06Z,200,0x91A6B774,P1-C1,0x9246B9C0,12,Ryu,0x000B,,0,P2-C1,0x927EB9E0,1,Ken the Eagle,0x0000000C,"Mid, Heavy Hit",0x00040102,"One-eighth block-damage route B, Init/default bit, Default collision family",0x00000000,0x00000000,0x00000000,2800,0x00010009,0x00000000,0x83000004,0x00000000,0x00000000,0x00000000,0x000003E8
2026-07-25T19:08:06Z,201,0x91A6B774,P1-C1,0x9246B9C0,12,Ryu,0x000B,,1,P2-C1,0x927EB9E0,1,Ken the Eagle,0x00000009,"Mid, Light Hit",0x00000040,Common normal-hit bit,0x00000000,0x00000000,0x00000000,100,0x00010009,0x00000000,0x83002004,0x83002004,0x00000000,0x00000000,0x000003E8
2026-07-25T19:08:06Z,201,0x91A6B774,P1-C1,0x9246B9C0,12,Ryu,0x000B,,3,P2-C1,0x927EB9E0,1,Ken the Eagle,0x00000009,"Mid, Light Hit",0x00000040,Common normal-hit bit,0x00000000,0x00000000,0x00000000,100,0x00010009,0x00000000,0x83006004,0x83006004,0x00000000,0x00000000,0x000003E8
2026-07-25T19:08:06Z,201,0x91A6B774,P1-C1,0x9246B9C0,12,Ryu,0x0003,,0,P2-C1,0x927EB9E0,1,Ken the Eagle,0x00000009,"Mid, Light Hit",0x00000040,Common normal-hit bit,0x00000000,0x00000000,0x00000000,100,0x00010009,0x00000000,0x83006004,0x83006004,0x00000000,0x00000000,0x000003E8
2026-07-25T19:08:06Z,201,0x91A6B774,P1-C1,0x9246B9C0,12,Ryu,0x0003,,2,P2-C1,0x927EB9E0,1,Ken the Eagle,0x00000009,"Mid, Light Hit",0x00000040,Common normal-hit bit,0x00000000,0x00000000,0x00000000,100,0x00010009,0x00000000,0x83006004,0x00400000,0x00000000,0x00000000,0x000003E8
2026-07-25T19:08:24Z,347,0x91A6B774,P1-C2,0x92B6BA00,13,Chun-Li,0x0160,Kikosho,109,P2-C1,0x927EB9E0,1,Ken the Eagle,0x0000000C,"Mid, Heavy Hit",0x00000123,"Damage exception route A, Init/default bit, Default collision family, Unknown B bits 0x00000020",0x00000000,0x0000010C,0x00000043,960,0x2C06000D,0x00030000,0x03040004,0x00000000,0x00000000,0x00000000,0x000003E8
2026-07-25T19:08:24Z,347,0x91A6B774,P1-C2,0x92B6BA00,13,Chun-Li,0x0160,Kikosho,110,P2-C1,0x927EB9E0,1,Ken the Eagle,0x0000000C,"Mid, Heavy Hit",0x00000123,"Damage exception route A, Init/default bit, Default collision family, Unknown B bits 0x00000020",0x00000000,0x0000010C,0x00000043,960,0x2C06000D,0x00030000,0x03000000,0x00000000,0x00000000,0x00000000,0x000003E8
2026-07-25T19:08:24Z,348,0x91A6B774,P1-C2,0x92B6BA00,13,Chun-Li,0x0160,Kikosho,115,P2-C1,0x927EB9E0,1,Ken the Eagle,0x0000000C,"Mid, Heavy Hit",0x00000123,"Damage exception route A, Init/default bit, Default collision family, Unknown B bits 0x00000020",0x00000000,0x0000010C,0x00000043,960,0x2C06000D,0x00030000,0x03002004,0x00000000,0x00000000,0x00000000,0x000003E8
2026-07-25T19:08:24Z,348,0x91A6B774,P1-C2,0x92B6BA00,13,Chun-Li,0x0160,Kikosho,116,P2-C1,0x927EB9E0,1,Ken the Eagle,0x0000000C,"Mid, Heavy Hit",0x00000123,"Damage exception route A, Init/default bit, Default collision family, Unknown B bits 0x00000020",0x00000000,0x0000010C,0x00000043,960,0x2C06000D,0x00030000,0x03000000,0x00000000,0x00000000,0x00000000,0x000003E8
2026-07-25T19:08:24Z,348,0x91A6B774,P1-C2,0x92B6BA00,13,Chun-Li,0x0160,Kikosho,121,P2-C1,0x927EB9E0,1,Ken the Eagle,0x0000000C,"Mid, Heavy Hit",0x00000123,"Damage exception route A, Init/default bit, Default collision family, Unknown B bits 0x00000020",0x00000000,0x0000010C,0x00000043,960,0x2C06000D,0x00030000,0x03002004,0x00000000,0x00000000,0x00000000,0x000003E8
2026-07-25T19:08:24Z,348,0x91A6B774,P1-C2,0x92B6BA00,13,Chun-Li,0x0160,Kikosho,122,P2-C1,0x927EB9E0,1,Ken the Eagle,0x0000000C,"Mid, Heavy Hit",0x00000123,"Damage exception route A, Init/default bit, Default collision family, Unknown B bits 0x00000020",0x00000000,0x0000010C,0x00000043,960,0x2C06000D,0x00030000,0x03000000,0x00000000,0x00000000,0x00000000,0x000003E8
2026-07-25T19:08:24Z,349,0x91A6B774,P1-C2,0x92B6BA00,13,Chun-Li,0x0160,Kikosho,127,P2-C1,0x927EB9E0,1,Ken the Eagle,0x0000000C,"Mid, Heavy Hit",0x00000123,"Damage exception route A, Init/default bit, Default collision family, Unknown B bits 0x00000020",0x00000000,0x0000010C,0x00000043,960,0x2C06000D,0x00030000,0x03002004,0x00000000,0x00000000,0x00000000,0x000003E8
2026-07-25T19:08:24Z,349,0x91A6B774,P1-C2,0x92B6BA00,13,Chun-Li,0x0160,Kikosho,128,P2-C1,0x927EB9E0,1,Ken the Eagle,0x0000000C,"Mid, Heavy Hit",0x00000123,"Damage exception route A, Init/default bit, Default collision family, Unknown B bits 0x00000020",0x00000000,0x0000010C,0x00000043,960,0x2C06000D,0x00030000,0x03000000,0x00000000,0x00000000,0x00000000,0x000003E8
2026-07-25T19:08:24Z,350,0x91A6B774,P1-C2,0x92B6BA00,13,Chun-Li,0x0160,Kikosho,133,P2-C1,0x927EB9E0,1,Ken the Eagle,0x0000000C,"Mid, Heavy Hit",0x00000123,"Damage exception route A, Init/default bit, Default collision family, Unknown B bits 0x00000020",0x00000000,0x0000010C,0x00000043,960,0x2C06000D,0x00030000,0x03002004,0x00000000,0x00000000,0x00000000,0x000003E8
2026-07-25T19:08:24Z,350,0x91A6B774,P1-C2,0x92B6BA00,13,Chun-Li,0x0160,Kikosho,134,P2-C1,0x927EB9E0,1,Ken the Eagle,0x0000000C,"Mid, Heavy Hit",0x00000123,"Damage exception route A, Init/default bit, Default collision family, Unknown B bits 0x00000020",0x00000000,0x0000010C,0x00000043,960,0x2C06000D,0x00030000,0x03002000,0x00000000,0x00000000,0x00000000,0x000003E8
2026-07-25T19:08:24Z,350,0x91A6B774,P1-C2,0x92B6BA00,13,Chun-Li,0x0160,Kikosho,134,P2-C1,0x927EB9E0,1,Ken the Eagle,0x0000000C,"Mid, Heavy Hit",0x00000123,"Damage exception route A, Init/default bit, Default collision family, Unknown B bits 0x00000020",0x00000000,0x0000010C,0x00000043,960,0x2C06000D,0x00030000,0x03000000,0x00000000,0x00000000,0x00000000,0x000003E8
2026-07-25T19:08:24Z,351,0x91A6B774,P1-C2,0x92B6BA00,13,Chun-Li,0x0160,Kikosho,139,P2-C1,0x927EB9E0,1,Ken the Eagle,0x0000000C,"Mid, Heavy Hit",0x00000123,"Damage exception route A, Init/default bit, Default collision family, Unknown B bits 0x00000020",0x00000000,0x0000010C,0x00000043,960,0x2C06000D,0x00030000,0x03002004,0x00000000,0x00000000,0x00000000,0x000003E8
2026-07-25T19:08:24Z,351,0x91A6B774,P1-C2,0x92B6BA00,13,Chun-Li,0x0160,Kikosho,140,P2-C1,0x927EB9E0,1,Ken the Eagle,0x0000000C,"Mid, Heavy Hit",0x00000123,"Damage exception route A, Init/default bit, Default collision family, Unknown B bits 0x00000020",0x00000000,0x0000010C,0x00000043,960,0x2C06000D,0x00030000,0x03000000,0x00000000,0x00000000,0x00000000,0x000003E8
2026-07-25T19:08:24Z,353,0x91A6B774,P1-C2,0x92B6BA00,13,Chun-Li,0x0160,Kikosho,145,P2-C1,0x927EB9E0,1,Ken the Eagle,0x0000000C,"Mid, Heavy Hit",0x00000123,"Damage exception route A, Init/default bit, Default collision family, Unknown B bits 0x00000020",0x00000000,0x0000010C,0x00000043,960,0x2C06000D,0x00030000,0x03002004,0x00000000,0x00000000,0x00000000,0x000003E8
2026-07-25T19:08:24Z,353,0x91A6B774,P1-C2,0x92B6BA00,13,Chun-Li,0x0160,Kikosho,146,P2-C1,0x927EB9E0,1,Ken the Eagle,0x0000000C,"Mid, Heavy Hit",0x00000123,"Damage exception route A, Init/default bit, Default collision family, Unknown B bits 0x00000020",0x00000000,0x0000010C,0x00000043,960,0x2C06000D,0x00030000,0x03000000,0x00000000,0x00000000,0x00000000,0x000003E8
2026-07-25T19:08:24Z,354,0x91A6B774,P1-C2,0x92B6BA00,13,Chun-Li,0x0160,Kikosho,151,P2-C1,0x927EB9E0,1,Ken the Eagle,0x0000000C,"Mid, Heavy Hit",0x00000123,"Damage exception route A, Init/default bit, Default collision family, Unknown B bits 0x00000020",0x00000000,0x0000010C,0x00000043,960,0x2C06000D,0x00030000,0x03002004,0x00000000,0x00000000,0x00000000,0x000003E8
2026-07-25T19:08:25Z,354,0x91A6B774,P1-C2,0x92B6BA00,13,Chun-Li,0x0160,Kikosho,152,P2-C1,0x927EB9E0,1,Ken the Eagle,0x0000000C,"Mid, Heavy Hit",0x00000123,"Damage exception route A, Init/default bit, Default collision family, Unknown B bits 0x00000020",0x00000000,0x0000010C,0x00000043,960,0x2C06000D,0x00030000,0x03000000,0x00000000,0x00000000,0x00000000,0x000003E8
2026-07-25T19:08:25Z,355,0x91A6B774,P1-C2,0x92B6BA00,13,Chun-Li,0x0160,Kikosho,157,P2-C1,0x927EB9E0,1,Ken the Eagle,0x0000000C,"Mid, Heavy Hit",0x00000123,"Damage exception route A, Init/default bit, Default collision family, Unknown B bits 0x00000020",0x00000000,0x0000010C,0x00000043,960,0x2C06000D,0x00030000,0x03002004,0x00000000,0x00000000,0x00000000,0x000003E8
2026-07-25T19:08:25Z,355,0x91A6B774,P1-C2,0x92B6BA00,13,Chun-Li,0x0160,Kikosho,158,P2-C1,0x927EB9E0,1,Ken the Eagle,0x0000000C,"Mid, Heavy Hit",0x00000123,"Damage exception route A, Init/default bit, Default collision family, Unknown B bits 0x00000020",0x00000000,0x0000010C,0x00000043,960,0x2C06000D,0x00030000,0x03000000,0x00000000,0x00000000,0x00000000,0x000003E8
2026-07-25T19:08:25Z,356,0x91A6B774,P1-C2,0x92B6BA00,13,Chun-Li,0x0160,Kikosho,163,P2-C1,0x927EB9E0,1,Ken the Eagle,0x0000000C,"Mid, Heavy Hit",0x00000123,"Damage exception route A, Init/default bit, Default collision family, Unknown B bits 0x00000020",0x00000000,0x0000010C,0x00000043,960,0x2C06000D,0x00030000,0x03002004,0x00000000,0x00000000,0x00000000,0x000003E8
2026-07-25T19:08:25Z,357,0x91A6B774,P1-C2,0x92B6BA00,13,Chun-Li,0x0160,Kikosho,164,P2-C1,0x927EB9E0,1,Ken the Eagle,0x0000000C,"Mid, Heavy Hit",0x00000123,"Damage exception route A, Init/default bit, Default collision family, Unknown B bits 0x00000020",0x00000000,0x0000010C,0x00000043,960,0x2C06000D,0x00030000,0x03000000,0x00000000,0x00000000,0x00000000,0x000003E8
2026-07-25T19:08:25Z,358,0x91A6B774,P1-C2,0x92B6BA00,13,Chun-Li,0x0160,Kikosho,169,P2-C1,0x927EB9E0,1,Ken the Eagle,0x0000000C,"Mid, Heavy Hit",0x00000123,"Damage exception route A, Init/default bit, Default collision family, Unknown B bits 0x00000020",0x00000000,0x0000010C,0x00000043,960,0x2C06000D,0x00030000,0x03002004,0x00000000,0x00000000,0x00000000,0x000003E8
2026-07-25T19:08:25Z,359,0x91A6B774,P1-C2,0x92B6BA00,13,Chun-Li,0x0160,Kikosho,171,P2-C1,0x927EB9E0,1,Ken the Eagle,0x0000000C,"Mid, Heavy Hit",0x00000123,"Damage exception route A, Init/default bit, Default collision family, Unknown B bits 0x00000020",0x00000000,0x0000010C,0x00000043,960,0x2C06000D,0x00030000,0x03000000,0x00000000,0x00000000,0x00000000,0x000003E8
2026-07-25T19:08:25Z,360,0x91A6B774,P1-C2,0x92B6BA00,13,Chun-Li,0x0160,Kikosho,175,P2-C1,0x927EB9E0,1,Ken the Eagle,0x0000000C,"Mid, Heavy Hit",0x00000123,"Damage exception route A, Init/default bit, Default collision family, Unknown B bits 0x00000020",0x00000000,0x0000010C,0x00000043,960,0x2C06000D,0x00030000,0x03002004,0x00000000,0x00000000,0x00000000,0x000003E8
2026-07-25T19:08:25Z,360,0x91A6B774,P1-C2,0x92B6BA00,13,Chun-Li,0x0160,Kikosho,176,P2-C1,0x927EB9E0,1,Ken the Eagle,0x0000000C,"Mid, Heavy Hit",0x00000123,"Damage exception route A, Init/default bit, Default collision family, Unknown B bits 0x00000020",0x00000000,0x0000010C,0x00000043,960,0x2C06000D,0x00030000,0x03000000,0x00000000,0x00000000,0x00000000,0x000003E8
2026-07-25T19:08:25Z,361,0x91A6B774,P1-C2,0x92B6BA00,13,Chun-Li,0x0160,Kikosho,181,P2-C1,0x927EB9E0,1,Ken the Eagle,0x0000000C,"Mid, Heavy Hit",0x00000123,"Damage exception route A, Init/default bit, Default collision family, Unknown B bits 0x00000020",0x00000000,0x0000010C,0x00000043,960,0x2C06000D,0x00030000,0x03002004,0x00000000,0x00000000,0x00000000,0x000003E8
2026-07-25T19:08:25Z,362,0x91A6B774,P1-C2,0x92B6BA00,13,Chun-Li,0x0160,Kikosho,182,P2-C1,0x927EB9E0,1,Ken the Eagle,0x0000000C,"Mid, Heavy Hit",0x00000123,"Damage exception route A, Init/default bit, Default collision family, Unknown B bits 0x00000020",0x00000000,0x0000010C,0x00000043,960,0x2C06000D,0x00030000,0x03000000,0x00000000,0x00000000,0x00000000,0x000003E8
2026-07-25T19:08:25Z,362,0x91A6B774,P1-C2,0x92B6BA00,13,Chun-Li,0x0160,Kikosho,187,P2-C1,0x927EB9E0,1,Ken the Eagle,0x0000010C,"Mid, Heavy Hit, A flags 0x00000100",0x00000043,"Damage exception route A, Init/default bit, Common normal-hit bit",0x00000000,0x0000010C,0x00000043,960,0x2C02000D,0x00030000,0x03002004,0x00000000,0x00000000,0x00000000,0x000003E8
2026-07-25T19:08:25Z,362,0x91A6B774,P1-C2,0x92B6BA00,13,Chun-Li,0x0160,Kikosho,188,P2-C1,0x927EB9E0,1,Ken the Eagle,0x00000009,"Mid, Light Hit",0x00000040,Common normal-hit bit,0x00000000,0x0000010C,0x00000043,100,0x2C02000D,0x00030000,0x83006000,0x83006000,0x00000000,0x00000000,0x000003E8
2026-07-25T19:08:26Z,364,0x91A6B774,P1-C2,0x92B6BA00,13,Chun-Li,0x0160,Kikosho,193,P2-C1,0x927EB9E0,1,Ken the Eagle,0x00000009,"Mid, Light Hit",0x00000040,Common normal-hit bit,0x00000000,0x0000010C,0x00000043,100,0x2C02000D,0x00030000,0x83006000,0x00400000,0x00000000,0x00000000,0x000003E8
2026-07-25T19:11:33Z,1903,0x91A6B774,P2-C1,0x927EB9E0,18,Volnutt,0x010B,,12,,0x00000000,0,,0x0000000A,"Mid, Medium Hit",0x00000042,"Init/default bit, Common normal-hit bit",0x00000000,0x00000000,0x00000000,1280,0x00010009,0x00000000,0x03040000,0x00000000,0x00000000,0x00000000,0x000003E8
2026-07-25T19:11:34Z,1903,0x91A6B774,P2-C1,0x927EB9E0,18,Volnutt,0x001E,,0,,0x00000000,0,,0x0000000A,"Mid, Medium Hit",0x00000042,"Init/default bit, Common normal-hit bit",0x00000000,0x00000000,0x00000000,1280,0x00010009,0x00000000,0x03040000,0x00000000,0x00000000,0x00000000,0x000003E8
2026-07-25T19:11:34Z,1904,0x91A6B774,P2-C1,0x927EB9E0,18,Volnutt,0x0001,,0,,0x00000000,0,,0x0000000A,"Mid, Medium Hit",0x00000042,"Init/default bit, Common normal-hit bit",0x00000000,0x00000000,0x00000000,1280,0x00010009,0x00000000,0x03040000,0x00000000,0x00000000,0x00000000,0x000003E8
2026-07-25T19:11:34Z,1904,0x91A6B774,P2-C1,0x927EB9E0,18,Volnutt,0x0021,,0,,0x00000000,0,,0x0000000A,"Mid, Medium Hit",0x00000042,"Init/default bit, Common normal-hit bit",0x00000000,0x00000000,0x00000000,1280,0x00010009,0x00000000,0x03040000,0x00000000,0x00000000,0x00000000,0x000003E8
2026-07-25T19:11:34Z,1904,0x91A6B774,P2-C1,0x927EB9E0,18,Volnutt,0x0013,,0,,0x00000000,0,,0x0000000A,"Mid, Medium Hit",0x00000042,"Init/default bit, Common normal-hit bit",0x00000000,0x00000000,0x00000000,1280,0x00010009,0x00000000,0x03040000,0x00000000,0x00000000,0x00000000,0x000003E8
2026-07-25T19:11:34Z,1904,0x91A6B774,P2-C1,0x927EB9E0,18,Volnutt,0x0015,,0,,0x00000000,0,,0x0000000A,"Mid, Medium Hit",0x00000042,"Init/default bit, Common normal-hit bit",0x00000000,0x00000000,0x00000000,1280,0x00010009,0x00000000,0x03040000,0x00000000,0x00000000,0x00000000,0x000003E8
2026-07-25T19:11:35Z,1905,0x91A6B774,P2-C1,0x927EB9E0,18,Volnutt,0x010A,,0,,0x00000000,0,,0x0000000A,"Mid, Medium Hit",0x00000042,"Init/default bit, Common normal-hit bit",0x00000000,0x00000000,0x00000000,1280,0x00010009,0x00000000,0x03040000,0x00000000,0x00000000,0x00000000,0x000003E8
2026-07-25T19:11:35Z,1905,0x91A6B774,P2-C1,0x927EB9E0,18,Volnutt,0x001E,,0,,0x00000000,0,,0x0000000A,"Mid, Medium Hit",0x00000042,"Init/default bit, Common normal-hit bit",0x00000000,0x00000000,0x00000000,1280,0x00010009,0x00000000,0x03040000,0x00000000,0x00000000,0x00000000,0x000003E8
2026-07-25T19:11:39Z,1906,0x91A6B774,P2-C1,0x927EB9E0,18,Volnutt,0x0102,,10,P1-C1,0x9246B9C0,16,Alex,0x0000000A,"Mid, Medium Hit",0x00000042,"Init/default bit, Common normal-hit bit",0x00000000,0x00000000,0x00000000,1280,0x00010009,0x00000000,0x83040004,0x00000000,0x00000000,0x00000000,0x000003E8
2026-07-25T19:11:39Z,1906,0x91A6B774,P2-C1,0x927EB9E0,18,Volnutt,0x0102,,12,P1-C1,0x9246B9C0,16,Alex,0x00000009,"Mid, Light Hit",0x00000040,Common normal-hit bit,0x00000000,0x00000000,0x00000000,100,0x00010009,0x00000000,0x83046004,0x00400000,0x00000000,0x00000000,0x000003E8
2026-07-25T19:23:52Z,312,0x91A6B774,P1-C1,0x9246B9C0,12,Ryu,0x0131,Hado M,16,,0x00000000,0,,0x0000000C,"Mid, Heavy Hit",0x00040102,"One-eighth block-damage route B, Init/default bit, Default collision family",0x00000000,0x00000000,0x00000000,2800,0x00010009,0x00000000,0x03040000,0x00000000,0x00000000,0x00000000,0x000003E8
2026-07-25T19:23:52Z,312,0x91A6B774,P1-C1,0x9246B9C0,12,Ryu,0x0131,Hado M,16,P2-C1,0x927EB9E0,1,Ken the Eagle,0x0000000C,"Mid, Heavy Hit",0x00040102,"One-eighth block-damage route B, Init/default bit, Default collision family",0x00000000,0x00000000,0x00000000,2800,0x00010009,0x00000000,0x83040004,0x00000000,0x00000000,0x00000000,0x000003E8
2026-07-25T19:23:52Z,312,0x91A6B774,P1-C1,0x9246B9C0,12,Ryu,0x0131,Hado M,16,P2-C1,0x927EB9E0,1,Ken the Eagle,0x0000000C,"Mid, Heavy Hit",0x00040102,"One-eighth block-damage route B, Init/default bit, Default collision family",0x00000000,0x00000000,0x00000000,2800,0x00010009,0x00000000,0x83000004,0x00000000,0x00000000,0x00000000,0x000003E8
2026-07-25T19:23:52Z,312,0x91A6B774,P1-C1,0x9246B9C0,12,Ryu,0x00A2,,0,P2-C1,0x927EB9E0,1,Ken the Eagle,0x0000000C,"Mid, Heavy Hit",0x00040102,"One-eighth block-damage route B, Init/default bit, Default collision family",0x00000000,0x00000000,0x00000000,2800,0x00010009,0x00000000,0x83000004,0x00000000,0x00000000,0x00000000,0x000003E8
2026-07-25T19:23:52Z,312,0x91A6B774,P1-C1,0x9246B9C0,12,Ryu,0x0001,,0,P2-C1,0x927EB9E0,1,Ken the Eagle,0x0000000C,"Mid, Heavy Hit",0x00040102,"One-eighth block-damage route B, Init/default bit, Default collision family",0x00000000,0x00000000,0x00000000,2800,0x00010009,0x00000000,0x83000004,0x00000000,0x00000000,0x00000000,0x000003E8
2026-07-25T19:23:52Z,312,0x91A6B774,P1-C1,0x9246B9C0,12,Ryu,0x0001,,10,P2-C1,0x927EB9E0,1,Ken the Eagle,0x00000009,"Mid, Light Hit",0x00000040,Common normal-hit bit,0x00000000,0x00000000,0x00000000,100,0x00010009,0x00000000,0x83002004,0x83002004,0x00000000,0x00000000,0x000003E8
2026-07-25T19:23:52Z,313,0x91A6B774,P1-C1,0x9246B9C0,12,Ryu,0x0001,idle,12,P2-C1,0x927EB9E0,1,Ken the Eagle,0x00000009,"Mid, Light Hit",0x00000040,Common normal-hit bit,0x00000000,0x00000000,0x00000000,100,0x00010009,0x00000000,0x83006004,0x83006004,0x00000000,0x00000000,0x000003E8
2026-07-25T19:23:52Z,313,0x91A6B774,P1-C1,0x9246B9C0,12,Ryu,0x0001,idle,13,P2-C1,0x927EB9E0,1,Ken the Eagle,0x00000009,"Mid, Light Hit",0x00000040,Common normal-hit bit,0x00000000,0x00000000,0x00000000,100,0x00010009,0x00000000,0x83006004,0x00400000,0x00000000,0x00000000,0x000003E8
2026-07-25T19:26:40Z,1719,0x91A6B774,P1-C1,0x9246B9C0,12,Ryu,0x0131,Hado M,16,P2-C1,0x927EB9E0,1,Ken the Eagle,0x0000000C,"Mid, Heavy Hit",0x00040102,"One-eighth block-damage route B, Init/default bit, Default collision family",0x00000000,0x00000000,0x00000000,2800,0x00010009,0x00000000,0x83000004,0x00000000,0x00000000,0x00000000,0x000003E8
2026-07-25T19:26:40Z,1719,0x91A6B774,P1-C1,0x9246B9C0,12,Ryu,0x00A2,,0,P2-C1,0x927EB9E0,1,Ken the Eagle,0x0000000C,"Mid, Heavy Hit",0x00040102,"One-eighth block-damage route B, Init/default bit, Default collision family",0x00000000,0x00000000,0x00000000,2800,0x00010009,0x00000000,0x83000004,0x00000000,0x00000000,0x00000000,0x000003E8
2026-07-25T19:26:40Z,1719,0x91A6B774,P1-C1,0x9246B9C0,12,Ryu,0x0001,,0,P2-C1,0x927EB9E0,1,Ken the Eagle,0x0000000C,"Mid, Heavy Hit",0x00040102,"One-eighth block-damage route B, Init/default bit, Default collision family",0x00000000,0x00000000,0x00000000,2800,0x00010009,0x00000000,0x83000004,0x00000000,0x00000000,0x00000000,0x000003E8
2026-07-25T19:26:40Z,1719,0x91A6B774,P1-C1,0x9246B9C0,12,Ryu,0x000A,,0,P2-C1,0x927EB9E0,1,Ken the Eagle,0x0000000C,"Mid, Heavy Hit",0x00040102,"One-eighth block-damage route B, Init/default bit, Default collision family",0x00000000,0x00000000,0x00000000,2800,0x00010009,0x00000000,0x83000004,0x00000000,0x00000000,0x00000000,0x000003E8
2026-07-25T19:26:40Z,1719,0x91A6B774,P1-C1,0x9246B9C0,12,Ryu,0x000B,,0,P2-C1,0x927EB9E0,1,Ken the Eagle,0x0000000C,"Mid, Heavy Hit",0x00040102,"One-eighth block-damage route B, Init/default bit, Default collision family",0x00000000,0x00000000,0x00000000,2800,0x00010009,0x00000000,0x83000004,0x00000000,0x00000000,0x00000000,0x000003E8
2026-07-25T19:26:40Z,1719,0x91A6B774,P1-C1,0x9246B9C0,12,Ryu,0x000B,,1,P2-C1,0x927EB9E0,1,Ken the Eagle,0x00000009,"Mid, Light Hit",0x00000040,Common normal-hit bit,0x00000000,0x00000000,0x00000000,100,0x00010009,0x00000000,0x83002004,0x83002004,0x00000000,0x00000000,0x000003E8
2026-07-25T19:26:40Z,1719,0x91A6B774,P1-C1,0x9246B9C0,12,Ryu,0x000B,,2,P2-C1,0x927EB9E0,1,Ken the Eagle,0x00000009,"Mid, Light Hit",0x00000040,Common normal-hit bit,0x00000000,0x00000000,0x00000000,100,0x00010009,0x00000000,0x83006004,0x83006004,0x00000000,0x00000000,0x000003E8
2026-07-25T19:26:40Z,1719,0x91A6B774,P1-C1,0x9246B9C0,12,Ryu,0x0003,,0,P2-C1,0x927EB9E0,1,Ken the Eagle,0x00000009,"Mid, Light Hit",0x00000040,Common normal-hit bit,0x00000000,0x00000000,0x00000000,100,0x00010009,0x00000000,0x83006004,0x00400000,0x00000000,0x00000000,0x000003E8
2026-07-25T19:26:45Z,1750,0x91A6B774,P1-C1,0x9246B9C0,12,Ryu,0x0131,Hado M,16,,0x00000000,0,,0x0000000C,"Mid, Heavy Hit",0x00040102,"One-eighth block-damage route B, Init/default bit, Default collision family",0x00000000,0x00000000,0x00000000,2800,0x00010009,0x00000000,0x03040000,0x00000000,0x00000000,0x00000000,0x000003E8
2026-07-25T19:26:45Z,1750,0x91A6B774,P1-C1,0x9246B9C0,12,Ryu,0x0131,Hado M,16,P2-C1,0x927EB9E0,1,Ken the Eagle,0x0000000C,"Mid, Heavy Hit",0x00040102,"One-eighth block-damage route B, Init/default bit, Default collision family",0x00000000,0x00000000,0x00000000,2800,0x00010009,0x00000000,0x83000004,0x00000000,0x00000000,0x00000000,0x000003E8
2026-07-25T19:26:45Z,1750,0x91A6B774,P1-C1,0x9246B9C0,12,Ryu,0x0131,Hado M,17,P2-C1,0x927EB9E0,1,Ken the Eagle,0x00000009,"Mid, Light Hit",0x00000040,Common normal-hit bit,0x00000000,0x00000000,0x00000000,100,0x00010009,0x00000000,0x83002004,0x83002004,0x00000000,0x00000000,0x000003E8
2026-07-25T19:26:45Z,1751,0x91A6B774,P1-C1,0x9246B9C0,12,Ryu,0x0131,Hado M,18,P2-C1,0x927EB9E0,1,Ken the Eagle,0x00000009,"Mid, Light Hit",0x00000040,Common normal-hit bit,0x00000000,0x00000000,0x00000000,100,0x00010009,0x00000000,0x83006004,0x83006004,0x00000000,0x00000000,0x000003E8
2026-07-25T19:26:45Z,1751,0x91A6B774,P1-C1,0x9246B9C0,12,Ryu,0x0170,,0,P2-C1,0x927EB9E0,1,Ken the Eagle,0x00000009,"Mid, Light Hit",0x00000040,Common normal-hit bit,0x00000000,0x00000000,0x00000000,100,0x00010009,0x00000000,0x83006004,0x83006004,0x00000000,0x00000000,0x000003E8
2026-07-25T19:26:45Z,1751,0x91A6B774,P1-C1,0x9246B9C0,12,Ryu,0x0170,,1,P2-C1,0x927EB9E0,1,Ken the Eagle,0x00000009,"Mid, Light Hit",0x00000040,Common normal-hit bit,0x00000000,0x00000000,0x00000000,100,0x00010009,0x00000000,0x83006004,0x00400000,0x00000000,0x00000000,0x000003E8
2026-07-25T19:27:10Z,1902,0x91A6B774,P1-C1,0x9246B9C0,12,Ryu,0x0131,Hado M,16,P2-C1,0x927EB9E0,1,Ken the Eagle,0x0000000C,"Mid, Heavy Hit",0x00040102,"One-eighth block-damage route B, Init/default bit, Default collision family",0x00000000,0x00000000,0x00000000,2800,0x00010009,0x00000000,0x83040004,0x00000000,0x00000000,0x00000000,0x000003E8
2026-07-25T19:27:10Z,1902,0x91A6B774,P1-C1,0x9246B9C0,12,Ryu,0x0131,Hado M,16,P2-C1,0x927EB9E0,1,Ken the Eagle,0x0000000C,"Mid, Heavy Hit",0x00040102,"One-eighth block-damage route B, Init/default bit, Default collision family",0x00000000,0x00000000,0x00000000,2800,0x00010009,0x00000000,0x83000004,0x00000000,0x00000000,0x00000000,0x000003E8
2026-07-25T19:27:10Z,1902,0x91A6B774,P1-C1,0x9246B9C0,12,Ryu,0x0131,Hado M,17,P2-C1,0x927EB9E0,1,Ken the Eagle,0x00000009,"Mid, Light Hit",0x00000040,Common normal-hit bit,0x00000000,0x00000000,0x00000000,100,0x00010009,0x00000000,0x83002004,0x83002004,0x00000000,0x00000000,0x000003E8
2026-07-25T19:27:10Z,1902,0x91A6B774,P1-C1,0x9246B9C0,12,Ryu,0x0131,Hado M,19,P2-C1,0x927EB9E0,1,Ken the Eagle,0x00000009,"Mid, Light Hit",0x00000040,Common normal-hit bit,0x00000000,0x00000000,0x00000000,100,0x00010009,0x00000000,0x83006004,0x83006004,0x00000000,0x00000000,0x000003E8
2026-07-25T19:27:10Z,1902,0x91A6B774,P1-C1,0x9246B9C0,12,Ryu,0x0131,Hado M,20,P2-C1,0x927EB9E0,1,Ken the Eagle,0x00000009,"Mid, Light Hit",0x00000040,Common normal-hit bit,0x00000000,0x00000000,0x00000000,100,0x00010009,0x00000000,0x83006004,0x00400000,0x00000000,0x00000000,0x000003E8
2026-07-25T19:27:15Z,1930,0x91A6B774,P1-C1,0x9246B9C0,12,Ryu,0x0131,Hado M,16,P2-C1,0x927EB9E0,1,Ken the Eagle,0x0000000C,"Mid, Heavy Hit",0x00040102,"One-eighth block-damage route B, Init/default bit, Default collision family",0x00000000,0x00000000,0x00000000,2800,0x00010009,0x00000000,0x83000004,0x00000000,0x00000000,0x00000000,0x000003E8
2026-07-25T19:27:15Z,1930,0x91A6B774,P1-C1,0x9246B9C0,12,Ryu,0x00A2,,0,P2-C1,0x927EB9E0,1,Ken the Eagle,0x0000000C,"Mid, Heavy Hit",0x00040102,"One-eighth block-damage route B, Init/default bit, Default collision family",0x00000000,0x00000000,0x00000000,2800,0x00010009,0x00000000,0x83000004,0x00000000,0x00000000,0x00000000,0x000003E8
2026-07-25T19:27:15Z,1930,0x91A6B774,P1-C1,0x9246B9C0,12,Ryu,0x0001,,0,P2-C1,0x927EB9E0,1,Ken the Eagle,0x0000000C,"Mid, Heavy Hit",0x00040102,"One-eighth block-damage route B, Init/default bit, Default collision family",0x00000000,0x00000000,0x00000000,2800,0x00010009,0x00000000,0x83000004,0x00000000,0x00000000,0x00000000,0x000003E8
2026-07-25T19:27:15Z,1930,0x91A6B774,P1-C1,0x9246B9C0,12,Ryu,0x000A,,0,P2-C1,0x927EB9E0,1,Ken the Eagle,0x0000000C,"Mid, Heavy Hit",0x00040102,"One-eighth block-damage route B, Init/default bit, Default collision family",0x00000000,0x00000000,0x00000000,2800,0x00010009,0x00000000,0x83000004,0x00000000,0x00000000,0x00000000,0x000003E8
2026-07-25T19:27:15Z,1930,0x91A6B774,P1-C1,0x9246B9C0,12,Ryu,0x000B,,0,P2-C1,0x927EB9E0,1,Ken the Eagle,0x0000000C,"Mid, Heavy Hit",0x00040102,"One-eighth block-damage route B, Init/default bit, Default collision family",0x00000000,0x00000000,0x00000000,2800,0x00010009,0x00000000,0x83000004,0x00000000,0x00000000,0x00000000,0x000003E8
2026-07-25T19:27:15Z,1930,0x91A6B774,P1-C1,0x9246B9C0,12,Ryu,0x000B,,3,P2-C1,0x927EB9E0,1,Ken the Eagle,0x00000009,"Mid, Light Hit",0x00000040,Common normal-hit bit,0x00000000,0x00000000,0x00000000,100,0x00010009,0x00000000,0x83002004,0x83002004,0x00000000,0x00000000,0x000003E8
2026-07-25T19:27:15Z,1930,0x91A6B774,P1-C1,0x9246B9C0,12,Ryu,0x000B,,4,P2-C1,0x927EB9E0,1,Ken the Eagle,0x00000009,"Mid, Light Hit",0x00000040,Common normal-hit bit,0x00000000,0x00000000,0x00000000,100,0x00010009,0x00000000,0x83006004,0x83006004,0x00000000,0x00000000,0x000003E8
2026-07-25T19:27:15Z,1930,0x91A6B774,P1-C1,0x9246B9C0,12,Ryu,0x0003,,0,P2-C1,0x927EB9E0,1,Ken the Eagle,0x00000009,"Mid, Light Hit",0x00000040,Common normal-hit bit,0x00000000,0x00000000,0x00000000,100,0x00010009,0x00000000,0x83006004,0x83006004,0x00000000,0x00000000,0x000003E8
2026-07-25T19:27:15Z,1930,0x91A6B774,P1-C1,0x9246B9C0,12,Ryu,0x0003,,2,P2-C1,0x927EB9E0,1,Ken the Eagle,0x00000009,"Mid, Light Hit",0x00000040,Common normal-hit bit,0x00000000,0x00000000,0x00000000,100,0x00010009,0x00000000,0x83006004,0x00400000,0x00000000,0x00000000,0x000003E8
2026-07-25T19:27:15Z,1930,0x91A6B774,P1-C1,0x9246B9C0,12,Ryu,0x0003,,3,P2-C1,0x927EB9E0,1,Ken the Eagle,0x00000009,"Mid, Light Hit",0x00000040,Common normal-hit bit,0x00000000,0x00000000,0x00000000,100,0x00000000,0x00000000,0x83006004,0x00400000,0x00000000,0x00000000,0x000003E8
2026-07-25T19:27:32Z,2053,0x91A6B774,P1-C1,0x9246B9C0,12,Ryu,0x0131,Hado M,16,,0x00000000,0,,0x0000000C,"Mid, Heavy Hit",0x00040102,"One-eighth block-damage route B, Init/default bit, Default collision family",0x00000000,0x00000000,0x00000000,2800,0x00010009,0x00000000,0x03040000,0x00000000,0x00000000,0x00000000,0x000003E8
2026-07-25T19:27:32Z,2053,0x91A6B774,P1-C1,0x9246B9C0,12,Ryu,0x0131,Hado M,16,P2-C1,0x927EB9E0,1,Ken the Eagle,0x0000000C,"Mid, Heavy Hit",0x00040102,"One-eighth block-damage route B, Init/default bit, Default collision family",0x00000000,0x00000000,0x00000000,2800,0x00010009,0x00000000,0x83000004,0x00000000,0x00000000,0x00000000,0x000003E8
2026-07-25T19:27:32Z,2053,0x91A6B774,P1-C1,0x9246B9C0,12,Ryu,0x0131,Hado M,18,P2-C1,0x927EB9E0,1,Ken the Eagle,0x00000009,"Mid, Light Hit",0x00000040,Common normal-hit bit,0x00000000,0x00000000,0x00000000,100,0x00010009,0x00000000,0x83006004,0x83006004,0x00000000,0x00000000,0x000003E8
2026-07-25T19:27:32Z,2054,0x91A6B774,P1-C1,0x9246B9C0,12,Ryu,0x00A2,,0,P2-C1,0x927EB9E0,1,Ken the Eagle,0x00000009,"Mid, Light Hit",0x00000040,Common normal-hit bit,0x00000000,0x00000000,0x00000000,100,0x00010009,0x00000000,0x83006004,0x83006004,0x00000000,0x00000000,0x000003E8
2026-07-25T19:27:32Z,2054,0x91A6B774,P1-C1,0x9246B9C0,12,Ryu,0x0001,,0,P2-C1,0x927EB9E0,1,Ken the Eagle,0x00000009,"Mid, Light Hit",0x00000040,Common normal-hit bit,0x00000000,0x00000000,0x00000000,100,0x00010009,0x00000000,0x83006004,0x83006004,0x00000000,0x00000000,0x000003E8
2026-07-25T19:27:32Z,2054,0x91A6B774,P1-C1,0x9246B9C0,12,Ryu,0x000A,,0,P2-C1,0x927EB9E0,1,Ken the Eagle,0x00000009,"Mid, Light Hit",0x00000040,Common normal-hit bit,0x00000000,0x00000000,0x00000000,100,0x00010009,0x00000000,0x83006004,0x83006004,0x00000000,0x00000000,0x000003E8
2026-07-25T19:27:32Z,2054,0x91A6B774,P1-C1,0x9246B9C0,12,Ryu,0x000B,,0,P2-C1,0x927EB9E0,1,Ken the Eagle,0x00000009,"Mid, Light Hit",0x00000040,Common normal-hit bit,0x00000000,0x00000000,0x00000000,100,0x00010009,0x00000000,0x83006004,0x83006004,0x00000000,0x00000000,0x000003E8
2026-07-25T19:27:32Z,2054,0x91A6B774,P1-C1,0x9246B9C0,12,Ryu,0x0003,,0,P2-C1,0x927EB9E0,1,Ken the Eagle,0x00000009,"Mid, Light Hit",0x00000040,Common normal-hit bit,0x00000000,0x00000000,0x00000000,100,0x00010009,0x00000000,0x83006004,0x00400000,0x00000000,0x00000000,0x000003E8
2026-07-25T19:27:37Z,2087,0x91A6B774,P1-C1,0x9246B9C0,12,Ryu,0x0131,Hado M,16,P2-C1,0x927EB9E0,1,Ken the Eagle,0x0000000C,"Mid, Heavy Hit",0x00040102,"One-eighth block-damage route B, Init/default bit, Default collision family",0x00000000,0x00000000,0x00000000,2800,0x00010009,0x00000000,0x83000004,0x00000000,0x00000000,0x00000000,0x000003E8
2026-07-25T19:27:37Z,2087,0x91A6B774,P1-C1,0x9246B9C0,12,Ryu,0x00A2,,0,P2-C1,0x927EB9E0,1,Ken the Eagle,0x0000000C,"Mid, Heavy Hit",0x00040102,"One-eighth block-damage route B, Init/default bit, Default collision family",0x00000000,0x00000000,0x00000000,2800,0x00010009,0x00000000,0x83000004,0x00000000,0x00000000,0x00000000,0x000003E8
2026-07-25T19:27:37Z,2087,0x91A6B774,P1-C1,0x9246B9C0,12,Ryu,0x0001,,0,P2-C1,0x927EB9E0,1,Ken the Eagle,0x0000000C,"Mid, Heavy Hit",0x00040102,"One-eighth block-damage route B, Init/default bit, Default collision family",0x00000000,0x00000000,0x00000000,2800,0x00010009,0x00000000,0x83000004,0x00000000,0x00000000,0x00000000,0x000003E8
2026-07-25T19:27:37Z,2087,0x91A6B774,P1-C1,0x9246B9C0,12,Ryu,0x000A,,0,P2-C1,0x927EB9E0,1,Ken the Eagle,0x0000000C,"Mid, Heavy Hit",0x00040102,"One-eighth block-damage route B, Init/default bit, Default collision family",0x00000000,0x00000000,0x00000000,2800,0x00010009,0x00000000,0x83000004,0x00000000,0x00000000,0x00000000,0x000003E8
2026-07-25T19:27:37Z,2087,0x91A6B774,P1-C1,0x9246B9C0,12,Ryu,0x000B,,0,P2-C1,0x927EB9E0,1,Ken the Eagle,0x0000000C,"Mid, Heavy Hit",0x00040102,"One-eighth block-damage route B, Init/default bit, Default collision family",0x00000000,0x00000000,0x00000000,2800,0x00010009,0x00000000,0x83000004,0x00000000,0x00000000,0x00000000,0x000003E8
2026-07-25T19:27:37Z,2087,0x91A6B774,P1-C1,0x9246B9C0,12,Ryu,0x000B,,1,P2-C1,0x927EB9E0,1,Ken the Eagle,0x00000009,"Mid, Light Hit",0x00000040,Common normal-hit bit,0x00000000,0x00000000,0x00000000,100,0x00010009,0x00000000,0x83002004,0x83002004,0x00000000,0x00000000,0x000003E8
2026-07-25T19:27:37Z,2087,0x91A6B774,P1-C1,0x9246B9C0,12,Ryu,0x000B,,2,P2-C1,0x927EB9E0,1,Ken the Eagle,0x00000009,"Mid, Light Hit",0x00000040,Common normal-hit bit,0x00000000,0x00000000,0x00000000,100,0x00010009,0x00000000,0x83006004,0x83006004,0x00000000,0x00000000,0x000003E8
2026-07-25T19:27:37Z,2087,0x91A6B774,P1-C1,0x9246B9C0,12,Ryu,0x0003,,0,P2-C1,0x927EB9E0,1,Ken the Eagle,0x00000009,"Mid, Light Hit",0x00000040,Common normal-hit bit,0x00000000,0x00000000,0x00000000,100,0x00010009,0x00000000,0x83006004,0x83006004,0x00000000,0x00000000,0x000003E8
2026-07-25T19:27:37Z,2087,0x91A6B774,P1-C1,0x9246B9C0,12,Ryu,0x0003,,2,P2-C1,0x927EB9E0,1,Ken the Eagle,0x00000009,"Mid, Light Hit",0x00000040,Common normal-hit bit,0x00000000,0x00000000,0x00000000,100,0x00010009,0x00000000,0x83006004,0x00400000,0x00000000,0x00000000,0x000003E8
2026-07-25T19:27:41Z,2115,0x91A6B774,P1-C1,0x9246B9C0,12,Ryu,0x00A2,,0,P2-C1,0x927EB9E0,1,Ken the Eagle,0x0000000C,"Mid, Heavy Hit",0x00040102,"One-eighth block-damage route B, Init/default bit, Default collision family",0x00000000,0x00000000,0x00000000,2800,0x00010009,0x00000000,0x83000004,0x00000000,0x00000000,0x00000000,0x000003E8
2026-07-25T19:27:41Z,2115,0x91A6B774,P1-C1,0x9246B9C0,12,Ryu,0x0001,,0,P2-C1,0x927EB9E0,1,Ken the Eagle,0x0000000C,"Mid, Heavy Hit",0x00040102,"One-eighth block-damage route B, Init/default bit, Default collision family",0x00000000,0x00000000,0x00000000,2800,0x00010009,0x00000000,0x83000004,0x00000000,0x00000000,0x00000000,0x000003E8
2026-07-25T19:27:41Z,2115,0x91A6B774,P1-C1,0x9246B9C0,12,Ryu,0x000A,,0,P2-C1,0x927EB9E0,1,Ken the Eagle,0x0000000C,"Mid, Heavy Hit",0x00040102,"One-eighth block-damage route B, Init/default bit, Default collision family",0x00000000,0x00000000,0x00000000,2800,0x00010009,0x00000000,0x83000004,0x00000000,0x00000000,0x00000000,0x000003E8
2026-07-25T19:27:41Z,2115,0x91A6B774,P1-C1,0x9246B9C0,12,Ryu,0x000B,,0,P2-C1,0x927EB9E0,1,Ken the Eagle,0x0000000C,"Mid, Heavy Hit",0x00040102,"One-eighth block-damage route B, Init/default bit, Default collision family",0x00000000,0x00000000,0x00000000,2800,0x00010009,0x00000000,0x83000004,0x00000000,0x00000000,0x00000000,0x000003E8
2026-07-25T19:27:41Z,2115,0x91A6B774,P1-C1,0x9246B9C0,12,Ryu,0x000B,,2,P2-C1,0x927EB9E0,1,Ken the Eagle,0x00000009,"Mid, Light Hit",0x00000040,Common normal-hit bit,0x00000000,0x00000000,0x00000000,100,0x00010009,0x00000000,0x83002004,0x83002004,0x00000000,0x00000000,0x000003E8
2026-07-25T19:27:41Z,2115,0x91A6B774,P1-C1,0x9246B9C0,12,Ryu,0x000B,,3,P2-C1,0x927EB9E0,1,Ken the Eagle,0x00000009,"Mid, Light Hit",0x00000040,Common normal-hit bit,0x00000000,0x00000000,0x00000000,100,0x00010009,0x00000000,0x83006004,0x83006004,0x00000000,0x00000000,0x000003E8
2026-07-25T19:27:41Z,2116,0x91A6B774,P1-C1,0x9246B9C0,12,Ryu,0x0003,,0,P2-C1,0x927EB9E0,1,Ken the Eagle,0x00000009,"Mid, Light Hit",0x00000040,Common normal-hit bit,0x00000000,0x00000000,0x00000000,100,0x00010009,0x00000000,0x83006004,0x83006004,0x00000000,0x00000000,0x000003E8
2026-07-25T19:27:41Z,2116,0x91A6B774,P1-C1,0x9246B9C0,12,Ryu,0x0003,,2,P2-C1,0x927EB9E0,1,Ken the Eagle,0x00000009,"Mid, Light Hit",0x00000040,Common normal-hit bit,0x00000000,0x00000000,0x00000000,100,0x00010009,0x00000000,0x83006004,0x00400000,0x00000000,0x00000000,0x000003E8
2026-07-25T19:29:29Z,246,0x91A6B774,P1-C1,0x9246B9C0,12,Ryu,0x0131,Hado M,16,P2-C1,0x927EB9E0,1,Ken the Eagle,0x0000000C,"Mid, Heavy Hit",0x00040102,"One-eighth block-damage route B, Init/default bit, Default collision family",0x00000000,0x00000000,0x00000000,2800,0x00010009,0x00000000,0x83000004,0x00000000,0x00000000,0x00000000,0x000003E8
2026-07-25T19:29:29Z,246,0x91A6B774,P1-C1,0x9246B9C0,12,Ryu,0x0001,,0,P2-C1,0x927EB9E0,1,Ken the Eagle,0x0000000C,"Mid, Heavy Hit",0x00040102,"One-eighth block-damage route B, Init/default bit, Default collision family",0x00000000,0x00000000,0x00000000,2800,0x00010009,0x00000000,0x83000004,0x00000000,0x00000000,0x00000000,0x000003E8
2026-07-25T19:29:29Z,246,0x91A6B774,P1-C1,0x9246B9C0,12,Ryu,0x000A,,0,P2-C1,0x927EB9E0,1,Ken the Eagle,0x0000000C,"Mid, Heavy Hit",0x00040102,"One-eighth block-damage route B, Init/default bit, Default collision family",0x00000000,0x00000000,0x00000000,2800,0x00010009,0x00000000,0x83000004,0x00000000,0x00000000,0x00000000,0x000003E8
2026-07-25T19:29:29Z,246,0x91A6B774,P1-C1,0x9246B9C0,12,Ryu,0x000B,,0,P2-C1,0x927EB9E0,1,Ken the Eagle,0x0000000C,"Mid, Heavy Hit",0x00040102,"One-eighth block-damage route B, Init/default bit, Default collision family",0x00000000,0x00000000,0x00000000,2800,0x00010009,0x00000000,0x83000004,0x00000000,0x00000000,0x00000000,0x000003E8
2026-07-25T19:29:29Z,246,0x91A6B774,P1-C1,0x9246B9C0,12,Ryu,0x0003,,0,P2-C1,0x927EB9E0,1,Ken the Eagle,0x00000009,"Mid, Light Hit",0x00000040,Common normal-hit bit,0x00000000,0x00000000,0x00000000,100,0x00010009,0x00000000,0x83002004,0x83002004,0x00000000,0x00000000,0x000003E8
2026-07-25T19:29:29Z,247,0x91A6B774,P1-C1,0x9246B9C0,12,Ryu,0x0003,,2,P2-C1,0x927EB9E0,1,Ken the Eagle,0x00000009,"Mid, Light Hit",0x00000040,Common normal-hit bit,0x00000000,0x00000000,0x00000000,100,0x00010009,0x00000000,0x83006004,0x83006004,0x00000000,0x00000000,0x000003E8
2026-07-25T19:29:29Z,247,0x91A6B774,P1-C1,0x9246B9C0,12,Ryu,0x0003,,5,P2-C1,0x927EB9E0,1,Ken the Eagle,0x00000009,"Mid, Light Hit",0x00000040,Common normal-hit bit,0x00000000,0x00000000,0x00000000,100,0x00010009,0x00000000,0x83006004,0x00400000,0x00000000,0x00000000,0x000003E8
2026-07-25T19:30:18Z,646,0x91A6B774,P1-C1,0x9246B9C0,12,Ryu,0x0131,Hado M,16,P2-C1,0x927EB9E0,1,Ken the Eagle,0x0000000C,"Mid, Heavy Hit",0x00040102,"One-eighth block-damage route B, Init/default bit, Default collision family",0x00000000,0x00000000,0x00000000,2800,0x00010009,0x00000000,0x83000004,0x00000000,0x00000000,0x00000000,0x000003E8
2026-07-25T19:30:18Z,646,0x91A6B774,P1-C1,0x9246B9C0,12,Ryu,0x0131,Hado M,17,P2-C1,0x927EB9E0,1,Ken the Eagle,0x00000009,"Mid, Light Hit",0x00000040,Common normal-hit bit,0x00000000,0x00000000,0x00000000,100,0x00010009,0x00000000,0x83002004,0x83002004,0x00000000,0x00000000,0x000003E8
2026-07-25T19:30:18Z,646,0x91A6B774,P1-C1,0x9246B9C0,12,Ryu,0x0131,Hado M,18,P2-C1,0x927EB9E0,1,Ken the Eagle,0x00000009,"Mid, Light Hit",0x00000040,Common normal-hit bit,0x00000000,0x00000000,0x00000000,100,0x00010009,0x00000000,0x83006004,0x83006004,0x00000000,0x00000000,0x000003E8
2026-07-25T19:30:18Z,646,0x91A6B774,P1-C1,0x9246B9C0,12,Ryu,0x00A2,,0,P2-C1,0x927EB9E0,1,Ken the Eagle,0x00000009,"Mid, Light Hit",0x00000040,Common normal-hit bit,0x00000000,0x00000000,0x00000000,100,0x00010009,0x00000000,0x83006004,0x83006004,0x00000000,0x00000000,0x000003E8
2026-07-25T19:30:18Z,646,0x91A6B774,P1-C1,0x9246B9C0,12,Ryu,0x0001,,0,P2-C1,0x927EB9E0,1,Ken the Eagle,0x00000009,"Mid, Light Hit",0x00000040,Common normal-hit bit,0x00000000,0x00000000,0x00000000,100,0x00010009,0x00000000,0x83006004,0x83006004,0x00000000,0x00000000,0x000003E8
2026-07-25T19:30:18Z,646,0x91A6B774,P1-C1,0x9246B9C0,12,Ryu,0x000A,,0,P2-C1,0x927EB9E0,1,Ken the Eagle,0x00000009,"Mid, Light Hit",0x00000040,Common normal-hit bit,0x00000000,0x00000000,0x00000000,100,0x00010009,0x00000000,0x83006004,0x83006004,0x00000000,0x00000000,0x000003E8
2026-07-25T19:30:18Z,646,0x91A6B774,P1-C1,0x9246B9C0,12,Ryu,0x000B,,0,P2-C1,0x927EB9E0,1,Ken the Eagle,0x00000009,"Mid, Light Hit",0x00000040,Common normal-hit bit,0x00000000,0x00000000,0x00000000,100,0x00010009,0x00000000,0x83006004,0x83006004,0x00000000,0x00000000,0x000003E8
2026-07-25T19:30:18Z,647,0x91A6B774,P1-C1,0x9246B9C0,12,Ryu,0x0003,,0,P2-C1,0x927EB9E0,1,Ken the Eagle,0x00000009,"Mid, Light Hit",0x00000040,Common normal-hit bit,0x00000000,0x00000000,0x00000000,100,0x00010009,0x00000000,0x83006004,0x83006004,0x00000000,0x00000000,0x000003E8
2026-07-25T19:30:18Z,647,0x91A6B774,P1-C1,0x9246B9C0,12,Ryu,0x001F,,0,P2-C1,0x927EB9E0,1,Ken the Eagle,0x00000009,"Mid, Light Hit",0x00000040,Common normal-hit bit,0x00000000,0x00000000,0x00000000,100,0x00010009,0x00000000,0x83006004,0x00400000,0x00000000,0x00000000,0x000003E8
2026-07-25T19:30:18Z,647,0x91A6B774,P1-C1,0x9246B9C0,12,Ryu,0x001F,,1,P2-C1,0x927EB9E0,1,Ken the Eagle,0x00000009,"Mid, Light Hit",0x00000040,Common normal-hit bit,0x00000000,0x00000000,0x00000000,100,0x00000000,0x00000000,0x83006004,0x00400000,0x00000000,0x00000000,0x000003E8
2026-07-25T19:30:27Z,700,0x91A6B774,P1-C2,0x92B6BA00,13,Chun-Li,0x0160,Kikosho,109,P2-C1,0x927EB9E0,1,Ken the Eagle,0x0000000C,"Mid, Heavy Hit",0x00000123,"Damage exception route A, Init/default bit, Default collision family, Unknown B bits 0x00000020",0x00000000,0x0000010C,0x00000043,960,0x2C06000D,0x00030000,0x03040004,0x00000000,0x00000000,0x00000000,0x000003E8
2026-07-25T19:30:27Z,700,0x91A6B774,P1-C2,0x92B6BA00,13,Chun-Li,0x0160,Kikosho,110,P2-C1,0x927EB9E0,1,Ken the Eagle,0x0000000C,"Mid, Heavy Hit",0x00000123,"Damage exception route A, Init/default bit, Default collision family, Unknown B bits 0x00000020",0x00000000,0x0000010C,0x00000043,960,0x2C06000D,0x00030000,0x03000000,0x00000000,0x00000000,0x00000000,0x000003E8
2026-07-25T19:30:27Z,700,0x91A6B774,P1-C2,0x92B6BA00,13,Chun-Li,0x0160,Kikosho,115,P2-C1,0x927EB9E0,1,Ken the Eagle,0x0000000C,"Mid, Heavy Hit",0x00000123,"Damage exception route A, Init/default bit, Default collision family, Unknown B bits 0x00000020",0x00000000,0x0000010C,0x00000043,960,0x2C06000D,0x00030000,0x03002004,0x00000000,0x00000000,0x00000000,0x000003E8
2026-07-25T19:30:27Z,700,0x91A6B774,P1-C2,0x92B6BA00,13,Chun-Li,0x0160,Kikosho,116,P2-C1,0x927EB9E0,1,Ken the Eagle,0x0000000C,"Mid, Heavy Hit",0x00000123,"Damage exception route A, Init/default bit, Default collision family, Unknown B bits 0x00000020",0x00000000,0x0000010C,0x00000043,960,0x2C06000D,0x00030000,0x03000000,0x00000000,0x00000000,0x00000000,0x000003E8
2026-07-25T19:30:27Z,700,0x91A6B774,P1-C2,0x92B6BA00,13,Chun-Li,0x0160,Kikosho,120,P2-C1,0x927EB9E0,1,Ken the Eagle,0x0000000C,"Mid, Heavy Hit",0x00000123,"Damage exception route A, Init/default bit, Default collision family, Unknown B bits 0x00000020",0x00000000,0x0000010C,0x00000043,960,0x2C06000D,0x00030000,0x03002004,0x00000000,0x00000000,0x00000000,0x000003E8
2026-07-25T19:30:27Z,700,0x91A6B774,P1-C2,0x92B6BA00,13,Chun-Li,0x0160,Kikosho,122,P2-C1,0x927EB9E0,1,Ken the Eagle,0x0000000C,"Mid, Heavy Hit",0x00000123,"Damage exception route A, Init/default bit, Default collision family, Unknown B bits 0x00000020",0x00000000,0x0000010C,0x00000043,960,0x2C06000D,0x00030000,0x03000000,0x00000000,0x00000000,0x00000000,0x000003E8
2026-07-25T19:30:27Z,702,0x91A6B774,P1-C2,0x92B6BA00,13,Chun-Li,0x0160,Kikosho,133,P2-C1,0x927EB9E0,1,Ken the Eagle,0x0000000C,"Mid, Heavy Hit",0x00000123,"Damage exception route A, Init/default bit, Default collision family, Unknown B bits 0x00000020",0x00000000,0x0000010C,0x00000043,960,0x2C06000D,0x00030000,0x03002004,0x00000000,0x00000000,0x00000000,0x000003E8
2026-07-25T19:30:27Z,702,0x91A6B774,P1-C2,0x92B6BA00,13,Chun-Li,0x0160,Kikosho,135,P2-C1,0x927EB9E0,1,Ken the Eagle,0x0000000C,"Mid, Heavy Hit",0x00000123,"Damage exception route A, Init/default bit, Default collision family, Unknown B bits 0x00000020",0x00000000,0x0000010C,0x00000043,960,0x2C06000D,0x00030000,0x03000000,0x00000000,0x00000000,0x00000000,0x000003E8
2026-07-25T19:30:27Z,702,0x91A6B774,P1-C2,0x92B6BA00,13,Chun-Li,0x0160,Kikosho,138,P2-C1,0x927EB9E0,1,Ken the Eagle,0x0000000C,"Mid, Heavy Hit",0x00000123,"Damage exception route A, Init/default bit, Default collision family, Unknown B bits 0x00000020",0x00000000,0x0000010C,0x00000043,960,0x2C06000D,0x00030000,0x03002004,0x00000000,0x00000000,0x00000000,0x000003E8
2026-07-25T19:30:27Z,703,0x91A6B774,P1-C2,0x92B6BA00,13,Chun-Li,0x0160,Kikosho,140,P2-C1,0x927EB9E0,1,Ken the Eagle,0x0000000C,"Mid, Heavy Hit",0x00000123,"Damage exception route A, Init/default bit, Default collision family, Unknown B bits 0x00000020",0x00000000,0x0000010C,0x00000043,960,0x2C06000D,0x00030000,0x03000000,0x00000000,0x00000000,0x00000000,0x000003E8
2026-07-25T19:30:27Z,704,0x91A6B774,P1-C2,0x92B6BA00,13,Chun-Li,0x0160,Kikosho,145,P2-C1,0x927EB9E0,1,Ken the Eagle,0x0000000C,"Mid, Heavy Hit",0x00000123,"Damage exception route A, Init/default bit, Default collision family, Unknown B bits 0x00000020",0x00000000,0x0000010C,0x00000043,960,0x2C06000D,0x00030000,0x03002004,0x00000000,0x00000000,0x00000000,0x000003E8
2026-07-25T19:30:27Z,704,0x91A6B774,P1-C2,0x92B6BA00,13,Chun-Li,0x0160,Kikosho,146,P2-C1,0x927EB9E0,1,Ken the Eagle,0x0000000C,"Mid, Heavy Hit",0x00000123,"Damage exception route A, Init/default bit, Default collision family, Unknown B bits 0x00000020",0x00000000,0x0000010C,0x00000043,960,0x2C06000D,0x00030000,0x03000000,0x00000000,0x00000000,0x00000000,0x000003E8
2026-07-25T19:30:27Z,705,0x91A6B774,P1-C2,0x92B6BA00,13,Chun-Li,0x0160,Kikosho,151,P2-C1,0x927EB9E0,1,Ken the Eagle,0x0000000C,"Mid, Heavy Hit",0x00000123,"Damage exception route A, Init/default bit, Default collision family, Unknown B bits 0x00000020",0x00000000,0x0000010C,0x00000043,960,0x2C06000D,0x00030000,0x03002004,0x00000000,0x00000000,0x00000000,0x000003E8
2026-07-25T19:30:27Z,706,0x91A6B774,P1-C2,0x92B6BA00,13,Chun-Li,0x0160,Kikosho,152,P2-C1,0x927EB9E0,1,Ken the Eagle,0x0000000C,"Mid, Heavy Hit",0x00000123,"Damage exception route A, Init/default bit, Default collision family, Unknown B bits 0x00000020",0x00000000,0x0000010C,0x00000043,960,0x2C06000D,0x00030000,0x03000000,0x00000000,0x00000000,0x00000000,0x000003E8
2026-07-25T19:30:28Z,706,0x91A6B774,P1-C2,0x92B6BA00,13,Chun-Li,0x0160,Kikosho,157,P2-C1,0x927EB9E0,1,Ken the Eagle,0x0000000C,"Mid, Heavy Hit",0x00000123,"Damage exception route A, Init/default bit, Default collision family, Unknown B bits 0x00000020",0x00000000,0x0000010C,0x00000043,960,0x2C06000D,0x00030000,0x03002004,0x00000000,0x00000000,0x00000000,0x000003E8
2026-07-25T19:30:28Z,706,0x91A6B774,P1-C2,0x92B6BA00,13,Chun-Li,0x0160,Kikosho,158,P2-C1,0x927EB9E0,1,Ken the Eagle,0x0000000C,"Mid, Heavy Hit",0x00000123,"Damage exception route A, Init/default bit, Default collision family, Unknown B bits 0x00000020",0x00000000,0x0000010C,0x00000043,960,0x2C06000D,0x00030000,0x03000000,0x00000000,0x00000000,0x00000000,0x000003E8
2026-07-25T19:30:28Z,707,0x91A6B774,P1-C2,0x92B6BA00,13,Chun-Li,0x0160,Kikosho,163,P2-C1,0x927EB9E0,1,Ken the Eagle,0x0000000C,"Mid, Heavy Hit",0x00000123,"Damage exception route A, Init/default bit, Default collision family, Unknown B bits 0x00000020",0x00000000,0x0000010C,0x00000043,960,0x2C06000D,0x00030000,0x03002004,0x00000000,0x00000000,0x00000000,0x000003E8
2026-07-25T19:30:28Z,707,0x91A6B774,P1-C2,0x92B6BA00,13,Chun-Li,0x0160,Kikosho,164,P2-C1,0x927EB9E0,1,Ken the Eagle,0x0000000C,"Mid, Heavy Hit",0x00000123,"Damage exception route A, Init/default bit, Default collision family, Unknown B bits 0x00000020",0x00000000,0x0000010C,0x00000043,960,0x2C06000D,0x00030000,0x03000000,0x00000000,0x00000000,0x00000000,0x000003E8
2026-07-25T19:30:28Z,708,0x91A6B774,P1-C2,0x92B6BA00,13,Chun-Li,0x0160,Kikosho,169,P2-C1,0x927EB9E0,1,Ken the Eagle,0x0000000C,"Mid, Heavy Hit",0x00000123,"Damage exception route A, Init/default bit, Default collision family, Unknown B bits 0x00000020",0x00000000,0x0000010C,0x00000043,960,0x2C06000D,0x00030000,0x03002004,0x00000000,0x00000000,0x00000000,0x000003E8
2026-07-25T19:30:28Z,709,0x91A6B774,P1-C2,0x92B6BA00,13,Chun-Li,0x0160,Kikosho,170,P2-C1,0x927EB9E0,1,Ken the Eagle,0x0000000C,"Mid, Heavy Hit",0x00000123,"Damage exception route A, Init/default bit, Default collision family, Unknown B bits 0x00000020",0x00000000,0x0000010C,0x00000043,960,0x2C06000D,0x00030000,0x03000000,0x00000000,0x00000000,0x00000000,0x000003E8
2026-07-25T19:30:28Z,710,0x91A6B774,P1-C2,0x92B6BA00,13,Chun-Li,0x0160,Kikosho,175,P2-C1,0x927EB9E0,1,Ken the Eagle,0x0000000C,"Mid, Heavy Hit",0x00000123,"Damage exception route A, Init/default bit, Default collision family, Unknown B bits 0x00000020",0x00000000,0x0000010C,0x00000043,960,0x2C06000D,0x00030000,0x03002004,0x00000000,0x00000000,0x00000000,0x000003E8
2026-07-25T19:30:28Z,710,0x91A6B774,P1-C2,0x92B6BA00,13,Chun-Li,0x0160,Kikosho,176,P2-C1,0x927EB9E0,1,Ken the Eagle,0x0000000C,"Mid, Heavy Hit",0x00000123,"Damage exception route A, Init/default bit, Default collision family, Unknown B bits 0x00000020",0x00000000,0x0000010C,0x00000043,960,0x2C06000D,0x00030000,0x03000000,0x00000000,0x00000000,0x00000000,0x000003E8
2026-07-25T19:30:28Z,711,0x91A6B774,P1-C2,0x92B6BA00,13,Chun-Li,0x0160,Kikosho,181,P2-C1,0x927EB9E0,1,Ken the Eagle,0x0000000C,"Mid, Heavy Hit",0x00000123,"Damage exception route A, Init/default bit, Default collision family, Unknown B bits 0x00000020",0x00000000,0x0000010C,0x00000043,960,0x2C06000D,0x00030000,0x03002004,0x00000000,0x00000000,0x00000000,0x000003E8
2026-07-25T19:30:28Z,711,0x91A6B774,P1-C2,0x92B6BA00,13,Chun-Li,0x0160,Kikosho,182,P2-C1,0x927EB9E0,1,Ken the Eagle,0x0000000C,"Mid, Heavy Hit",0x00000123,"Damage exception route A, Init/default bit, Default collision family, Unknown B bits 0x00000020",0x00000000,0x0000010C,0x00000043,960,0x2C06000D,0x00030000,0x03000000,0x00000000,0x00000000,0x00000000,0x000003E8
2026-07-25T19:30:28Z,712,0x91A6B774,P1-C2,0x92B6BA00,13,Chun-Li,0x0160,Kikosho,187,P2-C1,0x927EB9E0,1,Ken the Eagle,0x0000010C,"Mid, Heavy Hit, A flags 0x00000100",0x00000043,"Damage exception route A, Init/default bit, Common normal-hit bit",0x00000000,0x0000010C,0x00000043,960,0x2C02000D,0x00030000,0x03002004,0x00000000,0x00000000,0x00000000,0x000003E8
2026-07-25T19:30:28Z,712,0x91A6B774,P1-C2,0x92B6BA00,13,Chun-Li,0x0160,Kikosho,187,P2-C1,0x927EB9E0,1,Ken the Eagle,0x0000010C,"Mid, Heavy Hit, A flags 0x00000100",0x00000043,"Damage exception route A, Init/default bit, Common normal-hit bit",0x00000000,0x0000010C,0x00000043,960,0x2C02000D,0x00030000,0x03002000,0x00000000,0x00000000,0x00000000,0x000003E8
2026-07-25T19:30:28Z,712,0x91A6B774,P1-C2,0x92B6BA00,13,Chun-Li,0x0160,Kikosho,188,P2-C1,0x927EB9E0,1,Ken the Eagle,0x00000009,"Mid, Light Hit",0x00000040,Common normal-hit bit,0x00000000,0x0000010C,0x00000043,100,0x2C02000D,0x00030000,0x83006000,0x83006000,0x00000000,0x00000000,0x000003E8
2026-07-25T19:30:28Z,713,0x91A6B774,P1-C2,0x92B6BA00,13,Chun-Li,0x0160,Kikosho,193,P2-C1,0x927EB9E0,1,Ken the Eagle,0x00000009,"Mid, Light Hit",0x00000040,Common normal-hit bit,0x00000000,0x0000010C,0x00000043,100,0x2C02000D,0x00030000,0x83006000,0x00400000,0x00000000,0x00000000,0x000003E8
2026-07-25T19:31:07Z,925,0x91A6B774,P1-C1,0x9246B9C0,12,Ryu,0x0131,Hado M,16,P2-C1,0x927EB9E0,1,Ken the Eagle,0x00000009,"Mid, Light Hit",0x00000040,Common normal-hit bit,0x00000000,0x00000000,0x00000000,100,0x00010009,0x00000000,0x83002004,0x83002004,0x00000000,0x00000000,0x000003E8
2026-07-25T19:31:07Z,925,0x91A6B774,P1-C1,0x9246B9C0,12,Ryu,0x0131,Hado M,18,P2-C1,0x927EB9E0,1,Ken the Eagle,0x00000009,"Mid, Light Hit",0x00000040,Common normal-hit bit,0x00000000,0x00000000,0x00000000,100,0x00010009,0x00000000,0x83006004,0x83006004,0x00000000,0x00000000,0x000003E8
2026-07-25T19:31:07Z,926,0x91A6B774,P1-C1,0x9246B9C0,12,Ryu,0x0131,Hado M,20,P2-C1,0x927EB9E0,1,Ken the Eagle,0x00000009,"Mid, Light Hit",0x00000040,Common normal-hit bit,0x00000000,0x00000000,0x00000000,100,0x00010009,0x00000000,0x83006004,0x00400000,0x00000000,0x00000000,0x000003E8
2026-07-25T19:31:19Z,1012,0x91A6B774,P1-C1,0x9246B9C0,12,Ryu,0x0131,Hado M,16,P2-C1,0x927EB9E0,1,Ken the Eagle,0x0000000C,"Mid, Heavy Hit",0x00040102,"One-eighth block-damage route B, Init/default bit, Default collision family",0x00000000,0x00000000,0x00000000,2800,0x00010009,0x00000000,0x83000004,0x00000000,0x00000000,0x00000000,0x000003E8
2026-07-25T19:31:19Z,1013,0x91A6B774,P1-C1,0x9246B9C0,12,Ryu,0x0131,Hado M,17,P2-C1,0x927EB9E0,1,Ken the Eagle,0x00000009,"Mid, Light Hit",0x00000040,Common normal-hit bit,0x00000000,0x00000000,0x00000000,100,0x00010009,0x00000000,0x83002004,0x83002004,0x00000000,0x00000000,0x000003E8
2026-07-25T19:31:19Z,1013,0x91A6B774,P1-C1,0x9246B9C0,12,Ryu,0x0131,Hado M,18,P2-C1,0x927EB9E0,1,Ken the Eagle,0x00000009,"Mid, Light Hit",0x00000040,Common normal-hit bit,0x00000000,0x00000000,0x00000000,100,0x00010009,0x00000000,0x83006004,0x83006004,0x00000000,0x00000000,0x000003E8
2026-07-25T19:31:19Z,1013,0x91A6B774,P1-C1,0x9246B9C0,12,Ryu,0x00A2,,0,P2-C1,0x927EB9E0,1,Ken the Eagle,0x00000009,"Mid, Light Hit",0x00000040,Common normal-hit bit,0x00000000,0x00000000,0x00000000,100,0x00010009,0x00000000,0x83006004,0x83006004,0x00000000,0x00000000,0x000003E8
2026-07-25T19:31:19Z,1013,0x91A6B774,P1-C1,0x9246B9C0,12,Ryu,0x0001,,0,P2-C1,0x927EB9E0,1,Ken the Eagle,0x00000009,"Mid, Light Hit",0x00000040,Common normal-hit bit,0x00000000,0x00000000,0x00000000,100,0x00010009,0x00000000,0x83006004,0x83006004,0x00000000,0x00000000,0x000003E8
2026-07-25T19:31:19Z,1013,0x91A6B774,P1-C1,0x9246B9C0,12,Ryu,0x000A,,0,P2-C1,0x927EB9E0,1,Ken the Eagle,0x00000009,"Mid, Light Hit",0x00000040,Common normal-hit bit,0x00000000,0x00000000,0x00000000,100,0x00010009,0x00000000,0x83006004,0x83006004,0x00000000,0x00000000,0x000003E8
2026-07-25T19:31:19Z,1013,0x91A6B774,P1-C1,0x9246B9C0,12,Ryu,0x000B,,0,P2-C1,0x927EB9E0,1,Ken the Eagle,0x00000009,"Mid, Light Hit",0x00000040,Common normal-hit bit,0x00000000,0x00000000,0x00000000,100,0x00010009,0x00000000,0x83006004,0x83006004,0x00000000,0x00000000,0x000003E8
2026-07-25T19:31:19Z,1013,0x91A6B774,P1-C1,0x9246B9C0,12,Ryu,0x0003,,0,P2-C1,0x927EB9E0,1,Ken the Eagle,0x00000009,"Mid, Light Hit",0x00000040,Common normal-hit bit,0x00000000,0x00000000,0x00000000,100,0x00010009,0x00000000,0x83006004,0x83006004,0x00000000,0x00000000,0x000003E8
2026-07-25T19:31:19Z,1013,0x91A6B774,P1-C1,0x9246B9C0,12,Ryu,0x0003,,2,P2-C1,0x927EB9E0,1,Ken the Eagle,0x00000009,"Mid, Light Hit",0x00000040,Common normal-hit bit,0x00000000,0x00000000,0x00000000,100,0x00010009,0x00000000,0x83006004,0x00400000,0x00000000,0x00000000,0x000003E8
2026-07-25T19:31:34Z,1088,0x91A6B774,P1-C1,0x9246B9C0,12,Ryu,0x0131,Hado M,16,P2-C1,0x927EB9E0,1,Ken the Eagle,0x0000000C,"Mid, Heavy Hit",0x00040102,"One-eighth block-damage route B, Init/default bit, Default collision family",0x00000000,0x00000000,0x00000000,2800,0x00010009,0x00000000,0x83000004,0x00000000,0x00000000,0x00000000,0x000003E8
2026-07-25T19:31:34Z,1088,0x91A6B774,P1-C1,0x9246B9C0,12,Ryu,0x0131,Hado M,17,P2-C1,0x927EB9E0,1,Ken the Eagle,0x00000009,"Mid, Light Hit",0x00000040,Common normal-hit bit,0x00000000,0x00000000,0x00000000,100,0x00010009,0x00000000,0x83002004,0x83002004,0x00000000,0x00000000,0x000003E8
2026-07-25T19:31:34Z,1088,0x91A6B774,P1-C1,0x9246B9C0,12,Ryu,0x0170,,0,P2-C1,0x927EB9E0,1,Ken the Eagle,0x00000009,"Mid, Light Hit",0x00000040,Common normal-hit bit,0x00000000,0x00000000,0x00000000,100,0x00010009,0x00000000,0x83006004,0x83006004,0x00000000,0x00000000,0x000003E8
2026-07-25T19:31:34Z,1088,0x91A6B774,P1-C1,0x9246B9C0,12,Ryu,0x0170,,2,P2-C1,0x927EB9E0,1,Ken the Eagle,0x00000009,"Mid, Light Hit",0x00000040,Common normal-hit bit,0x00000000,0x00000000,0x00000000,100,0x00010009,0x00000000,0x83006004,0x00400000,0x00000000,0x00000000,0x000003E8
2026-07-25T19:31:36Z,1096,0x91A6B774,P1-C1,0x9246B9C0,12,Ryu,0x0170,Shin Sho,86,P2-C1,0x927EB9E0,1,Ken the Eagle,0x00000009,"Mid, Light Hit",0x00000040,Common normal-hit bit,0x00000000,0x00000000,0x00000000,100,0x00000000,0x00000000,0x83006004,0x00400000,0x00000000,0x00000000,0x000003E8
2026-07-25T19:31:51Z,1165,0x91A6B774,P1-C1,0x9246B9C0,12,Ryu,0x0130,,16,P2-C1,0x927EB9E0,1,Ken the Eagle,0x0000000C,"Mid, Heavy Hit",0x00040102,"One-eighth block-damage route B, Init/default bit, Default collision family",0x00000000,0x00000000,0x00000000,2400,0x00010009,0x00000000,0x83000004,0x00000000,0x00000000,0x00000000,0x000003E8
2026-07-25T19:31:51Z,1165,0x91A6B774,P1-C1,0x9246B9C0,12,Ryu,0x0130,,17,P2-C1,0x927EB9E0,1,Ken the Eagle,0x00000009,"Mid, Light Hit",0x00000040,Common normal-hit bit,0x00000000,0x00000000,0x00000000,100,0x00010009,0x00000000,0x83002004,0x83002004,0x00000000,0x00000000,0x000003E8
2026-07-25T19:31:51Z,1165,0x91A6B774,P1-C1,0x9246B9C0,12,Ryu,0x0130,,18,P2-C1,0x927EB9E0,1,Ken the Eagle,0x00000009,"Mid, Light Hit",0x00000040,Common normal-hit bit,0x00000000,0x00000000,0x00000000,100,0x00010009,0x00000000,0x83006004,0x83006004,0x00000000,0x00000000,0x000003E8
2026-07-25T19:31:51Z,1166,0x91A6B774,P1-C1,0x9246B9C0,12,Ryu,0x0170,,0,P2-C1,0x927EB9E0,1,Ken the Eagle,0x00000009,"Mid, Light Hit",0x00000040,Common normal-hit bit,0x00000000,0x00000000,0x00000000,100,0x00010009,0x00000000,0x83006004,0x00400000,0x00000000,0x00000000,0x000003E8
2026-07-25T19:31:57Z,1201,0x91A6B774,P1-C1,0x9246B9C0,12,Ryu,0x0130,Hado L,16,,0x00000000,0,,0x0000000C,"Mid, Heavy Hit",0x00040102,"One-eighth block-damage route B, Init/default bit, Default collision family",0x00000000,0x00000000,0x00000000,2400,0x00010009,0x00000000,0x03000000,0x00000000,0x00000000,0x00000000,0x000003E8
2026-07-25T19:31:58Z,1207,0x91A6B774,P1-C1,0x9246B9C0,12,Ryu,0x0001,,0,,0x00000000,0,,0x0000000C,"Mid, Heavy Hit",0x00040102,"One-eighth block-damage route B, Init/default bit, Default collision family",0x00000000,0x00000000,0x00000000,2400,0x00010009,0x00000000,0x03000000,0x00000000,0x00000000,0x00000000,0x000003E8
2026-07-25T19:31:58Z,1207,0x91A6B774,P1-C1,0x9246B9C0,12,Ryu,0x0006,,0,,0x00000000,0,,0x0000000C,"Mid, Heavy Hit",0x00040102,"One-eighth block-damage route B, Init/default bit, Default collision family",0x00000000,0x00000000,0x00000000,2400,0x00010009,0x00000000,0x03000000,0x00000000,0x00000000,0x00000000,0x000003E8
2026-07-25T19:31:58Z,1207,0x91A6B774,P1-C1,0x9246B9C0,12,Ryu,0x0006,,10,P2-C1,0x927EB9E0,1,Ken the Eagle,0x00000009,"Mid, Light Hit",0x00000040,Common normal-hit bit,0x00000000,0x00000000,0x00000000,100,0x00010009,0x00000000,0x83002004,0x83002004,0x00000000,0x00000000,0x000003E8
2026-07-25T19:31:58Z,1207,0x91A6B774,P1-C1,0x9246B9C0,12,Ryu,0x0006,,11,P2-C1,0x927EB9E0,1,Ken the Eagle,0x00000009,"Mid, Light Hit",0x00000040,Common normal-hit bit,0x00000000,0x00000000,0x00000000,100,0x00010009,0x00000000,0x83006004,0x83006004,0x00000000,0x00000000,0x000003E8
2026-07-25T19:31:58Z,1207,0x91A6B774,P1-C1,0x9246B9C0,12,Ryu,0x0006,,12,P2-C1,0x927EB9E0,1,Ken the Eagle,0x00000009,"Mid, Light Hit",0x00000040,Common normal-hit bit,0x00000000,0x00000000,0x00000000,100,0x00010009,0x00000000,0x83006004,0x00400000,0x00000000,0x00000000,0x000003E8
2026-07-25T19:37:28Z,237,0x91A6B774,P1-C1,0x9246B9C0,12,Ryu,0x0131,Hado M,16,P2-C1,0x927EB9E0,1,Ken the Eagle,0x0000000C,"Mid, Heavy Hit",0x00040102,"One-eighth block-damage route B, Init/default bit, Default collision family",0x00000000,0x00000000,0x00000000,2800,0x00010009,0x00000000,0x83000004,0x00000000,0x00000000,0x00000000,0x000003E8
2026-07-25T19:37:28Z,238,0x91A6B774,P1-C1,0x9246B9C0,12,Ryu,0x0131,Hado M,17,P2-C1,0x927EB9E0,1,Ken the Eagle,0x00000009,"Mid, Light Hit",0x00000040,Common normal-hit bit,0x00000000,0x00000000,0x00000000,100,0x00010009,0x00000000,0x83002004,0x83002004,0x00000000,0x00000000,0x000003E8
2026-07-25T19:37:28Z,238,0x91A6B774,P1-C1,0x9246B9C0,12,Ryu,0x0131,Hado M,18,P2-C1,0x927EB9E0,1,Ken the Eagle,0x00000009,"Mid, Light Hit",0x00000040,Common normal-hit bit,0x00000000,0x00000000,0x00000000,100,0x00010009,0x00000000,0x83006004,0x83006004,0x00000000,0x00000000,0x000003E8
2026-07-25T19:37:28Z,238,0x91A6B774,P1-C1,0x9246B9C0,12,Ryu,0x00A2,,0,P2-C1,0x927EB9E0,1,Ken the Eagle,0x00000009,"Mid, Light Hit",0x00000040,Common normal-hit bit,0x00000000,0x00000000,0x00000000,100,0x00010009,0x00000000,0x83006004,0x00400000,0x00000000,0x00000000,0x000003E8
2026-07-25T19:37:28Z,238,0x91A6B774,P1-C1,0x9246B9C0,12,Ryu,0x0001,,0,P2-C1,0x927EB9E0,1,Ken the Eagle,0x00000009,"Mid, Light Hit",0x00000040,Common normal-hit bit,0x00000000,0x00000000,0x00000000,100,0x00010009,0x00000000,0x83006004,0x00400000,0x00000000,0x00000000,0x000003E8
2026-07-25T19:37:29Z,238,0x91A6B774,P1-C1,0x9246B9C0,12,Ryu,0x000A,,0,P2-C1,0x927EB9E0,1,Ken the Eagle,0x00000009,"Mid, Light Hit",0x00000040,Common normal-hit bit,0x00000000,0x00000000,0x00000000,100,0x00010009,0x00000000,0x83006004,0x00400000,0x00000000,0x00000000,0x000003E8
2026-07-25T19:37:29Z,239,0x91A6B774,P1-C1,0x9246B9C0,12,Ryu,0x000B,,0,P2-C1,0x927EB9E0,1,Ken the Eagle,0x00000009,"Mid, Light Hit",0x00000040,Common normal-hit bit,0x00000000,0x00000000,0x00000000,100,0x00010009,0x00000000,0x83006004,0x00400000,0x00000000,0x00000000,0x000003E8
2026-07-25T19:37:45Z,346,0x91A6B774,P1-C1,0x9246B9C0,12,Ryu,0x0160,Shinkuu,92,P2-C1,0x927EB9E0,1,Ken the Eagle,0x0000000C,"Mid, Heavy Hit",0x00000123,"Damage exception route A, Init/default bit, Default collision family, Unknown B bits 0x00000020",0x00000000,0x00000109,0x00000023,720,0x2C06000D,0x00030000,0x03000000,0x00000000,0x00000000,0x00000003,0x000003E8
2026-07-25T19:37:45Z,347,0x91A6B774,P1-C1,0x9246B9C0,12,Ryu,0x0160,Shinkuu,101,P2-C1,0x927EB9E0,1,Ken the Eagle,0x0000000C,"Mid, Heavy Hit",0x00000123,"Damage exception route A, Init/default bit, Default collision family, Unknown B bits 0x00000020",0x00000000,0x00000109,0x00000023,720,0x2C06000D,0x00030000,0x03002004,0x00000000,0x00000000,0x00000003,0x000003E8
2026-07-25T19:37:45Z,347,0x91A6B774,P1-C1,0x9246B9C0,12,Ryu,0x0160,Shinkuu,102,P2-C1,0x927EB9E0,1,Ken the Eagle,0x0000000C,"Mid, Heavy Hit",0x00000123,"Damage exception route A, Init/default bit, Default collision family, Unknown B bits 0x00000020",0x00000000,0x00000109,0x00000023,720,0x2C06000D,0x00030000,0x03002000,0x00000000,0x00000000,0x00000003,0x000003E8
2026-07-25T19:37:45Z,347,0x91A6B774,P1-C1,0x9246B9C0,12,Ryu,0x0160,Shinkuu,102,P2-C1,0x927EB9E0,1,Ken the Eagle,0x0000000C,"Mid, Heavy Hit",0x00000123,"Damage exception route A, Init/default bit, Default collision family, Unknown B bits 0x00000020",0x00000000,0x00000109,0x00000023,720,0x2C06000D,0x00030000,0x03000000,0x00000000,0x00000000,0x00000003,0x000003E8
2026-07-25T19:37:45Z,347,0x91A6B774,P1-C1,0x9246B9C0,12,Ryu,0x0160,Shinkuu,106,P2-C1,0x927EB9E0,1,Ken the Eagle,0x0000000C,"Mid, Heavy Hit",0x00000123,"Damage exception route A, Init/default bit, Default collision family, Unknown B bits 0x00000020",0x00000000,0x00000109,0x00000023,720,0x2C06000D,0x00030000,0x03002004,0x00000000,0x00000000,0x00000003,0x000003E8
2026-07-25T19:37:45Z,347,0x91A6B774,P1-C1,0x9246B9C0,12,Ryu,0x0160,Shinkuu,107,P2-C1,0x927EB9E0,1,Ken the Eagle,0x0000000C,"Mid, Heavy Hit",0x00000123,"Damage exception route A, Init/default bit, Default collision family, Unknown B bits 0x00000020",0x00000000,0x00000109,0x00000023,720,0x2C06000D,0x00030000,0x03000000,0x00000000,0x00000000,0x00000003,0x000003E8
2026-07-25T19:37:46Z,347,0x91A6B774,P1-C1,0x9246B9C0,12,Ryu,0x0160,Shinkuu,111,P2-C1,0x927EB9E0,1,Ken the Eagle,0x0000000C,"Mid, Heavy Hit",0x00000123,"Damage exception route A, Init/default bit, Default collision family, Unknown B bits 0x00000020",0x00000000,0x00000109,0x00000023,720,0x2C06000D,0x00030000,0x03002004,0x00000000,0x00000000,0x00000003,0x000003E8
2026-07-25T19:37:46Z,347,0x91A6B774,P1-C1,0x9246B9C0,12,Ryu,0x0160,Shinkuu,112,P2-C1,0x927EB9E0,1,Ken the Eagle,0x0000000C,"Mid, Heavy Hit",0x00000123,"Damage exception route A, Init/default bit, Default collision family, Unknown B bits 0x00000020",0x00000000,0x00000109,0x00000023,720,0x2C06000D,0x00030000,0x03000000,0x00000000,0x00000000,0x00000003,0x000003E8
2026-07-25T19:37:46Z,348,0x91A6B774,P1-C1,0x9246B9C0,12,Ryu,0x0160,Shinkuu,116,P2-C1,0x927EB9E0,1,Ken the Eagle,0x0000000C,"Mid, Heavy Hit",0x00000123,"Damage exception route A, Init/default bit, Default collision family, Unknown B bits 0x00000020",0x00000000,0x00000109,0x00000023,720,0x2C06000D,0x00030000,0x03002004,0x00000000,0x00000000,0x00000003,0x000003E8
2026-07-25T19:37:46Z,348,0x91A6B774,P1-C1,0x9246B9C0,12,Ryu,0x0160,Shinkuu,117,P2-C1,0x927EB9E0,1,Ken the Eagle,0x0000000C,"Mid, Heavy Hit",0x00000123,"Damage exception route A, Init/default bit, Default collision family, Unknown B bits 0x00000020",0x00000000,0x00000109,0x00000023,720,0x2C06000D,0x00030000,0x03000000,0x00000000,0x00000000,0x00000003,0x000003E8
2026-07-25T19:37:46Z,348,0x91A6B774,P1-C1,0x9246B9C0,12,Ryu,0x0160,Shinkuu,121,P2-C1,0x927EB9E0,1,Ken the Eagle,0x0000000C,"Mid, Heavy Hit",0x00000123,"Damage exception route A, Init/default bit, Default collision family, Unknown B bits 0x00000020",0x00000000,0x00000109,0x00000023,720,0x2C06000D,0x00030000,0x03002004,0x00000000,0x00000000,0x00000003,0x000003E8
2026-07-25T19:37:46Z,348,0x91A6B774,P1-C1,0x9246B9C0,12,Ryu,0x0160,Shinkuu,122,P2-C1,0x927EB9E0,1,Ken the Eagle,0x0000000C,"Mid, Heavy Hit",0x00000123,"Damage exception route A, Init/default bit, Default collision family, Unknown B bits 0x00000020",0x00000000,0x00000109,0x00000023,720,0x2C06000D,0x00030000,0x03000000,0x00000000,0x00000000,0x00000003,0x000003E8
2026-07-25T19:37:46Z,349,0x91A6B774,P1-C1,0x9246B9C0,12,Ryu,0x0160,Shinkuu,126,P2-C1,0x927EB9E0,1,Ken the Eagle,0x0000000C,"Mid, Heavy Hit",0x00000123,"Damage exception route A, Init/default bit, Default collision family, Unknown B bits 0x00000020",0x00000000,0x00000109,0x00000023,720,0x2C06000D,0x00030000,0x03002004,0x00000000,0x00000000,0x00000003,0x000003E8
2026-07-25T19:37:46Z,349,0x91A6B774,P1-C1,0x9246B9C0,12,Ryu,0x0160,Shinkuu,127,P2-C1,0x927EB9E0,1,Ken the Eagle,0x0000000C,"Mid, Heavy Hit",0x00000123,"Damage exception route A, Init/default bit, Default collision family, Unknown B bits 0x00000020",0x00000000,0x00000109,0x00000023,720,0x2C06000D,0x00030000,0x03000000,0x00000000,0x00000000,0x00000003,0x000003E8
2026-07-25T19:37:46Z,349,0x91A6B774,P1-C1,0x9246B9C0,12,Ryu,0x0160,Shinkuu,131,P2-C1,0x927EB9E0,1,Ken the Eagle,0x0000000C,"Mid, Heavy Hit",0x00000123,"Damage exception route A, Init/default bit, Default collision family, Unknown B bits 0x00000020",0x00000000,0x00000109,0x00000023,720,0x2C06000D,0x00030000,0x03002004,0x00000000,0x00000000,0x00000003,0x000003E8
2026-07-25T19:37:46Z,350,0x91A6B774,P1-C1,0x9246B9C0,12,Ryu,0x0160,Shinkuu,132,P2-C1,0x927EB9E0,1,Ken the Eagle,0x0000000C,"Mid, Heavy Hit",0x00000123,"Damage exception route A, Init/default bit, Default collision family, Unknown B bits 0x00000020",0x00000000,0x00000109,0x00000023,720,0x2C06000D,0x00030000,0x03000000,0x00000000,0x00000000,0x00000003,0x000003E8
2026-07-25T19:37:46Z,350,0x91A6B774,P1-C1,0x9246B9C0,12,Ryu,0x0160,Shinkuu,136,P2-C1,0x927EB9E0,1,Ken the Eagle,0x0000000C,"Mid, Heavy Hit",0x00000123,"Damage exception route A, Init/default bit, Default collision family, Unknown B bits 0x00000020",0x00000000,0x00000109,0x00000023,720,0x2C06000D,0x00030000,0x03000004,0x00000000,0x00000000,0x00000003,0x000003E8
2026-07-25T19:37:46Z,350,0x91A6B774,P1-C1,0x9246B9C0,12,Ryu,0x0160,Shinkuu,136,P2-C1,0x927EB9E0,1,Ken the Eagle,0x0000000C,"Mid, Heavy Hit",0x00000123,"Damage exception route A, Init/default bit, Default collision family, Unknown B bits 0x00000020",0x00000000,0x00000109,0x00000023,720,0x2C06000D,0x00030000,0x03002004,0x00000000,0x00000000,0x00000003,0x000003E8
2026-07-25T19:37:46Z,350,0x91A6B774,P1-C1,0x9246B9C0,12,Ryu,0x0160,Shinkuu,137,P2-C1,0x927EB9E0,1,Ken the Eagle,0x0000000C,"Mid, Heavy Hit",0x00000123,"Damage exception route A, Init/default bit, Default collision family, Unknown B bits 0x00000020",0x00000000,0x00000109,0x00000023,720,0x2C06000D,0x00030000,0x03000000,0x00000000,0x00000000,0x00000003,0x000003E8
2026-07-25T19:37:46Z,352,0x91A6B774,P1-C1,0x9246B9C0,12,Ryu,0x0160,Shinkuu,146,P2-C1,0x927EB9E0,1,Ken the Eagle,0x0000000C,"Mid, Heavy Hit",0x00000123,"Damage exception route A, Init/default bit, Default collision family, Unknown B bits 0x00000020",0x00000000,0x00000109,0x00000023,720,0x2C06000D,0x00030000,0x03002004,0x00000000,0x00000000,0x00000003,0x000003E8
2026-07-25T19:37:46Z,352,0x91A6B774,P1-C1,0x9246B9C0,12,Ryu,0x0160,Shinkuu,147,P2-C1,0x927EB9E0,1,Ken the Eagle,0x0000000C,"Mid, Heavy Hit",0x00000123,"Damage exception route A, Init/default bit, Default collision family, Unknown B bits 0x00000020",0x00000000,0x00000109,0x00000023,720,0x2C06000D,0x00030000,0x03000000,0x00000000,0x00000000,0x00000003,0x000003E8
2026-07-25T19:37:46Z,352,0x91A6B774,P1-C1,0x9246B9C0,12,Ryu,0x0160,Shinkuu,151,P2-C1,0x927EB9E0,1,Ken the Eagle,0x0000000C,"Mid, Heavy Hit",0x00000123,"Damage exception route A, Init/default bit, Default collision family, Unknown B bits 0x00000020",0x00000000,0x00000109,0x00000023,720,0x2C06000D,0x00030000,0x03002004,0x00000000,0x00000000,0x00000003,0x000003E8
2026-07-25T19:37:46Z,352,0x91A6B774,P1-C1,0x9246B9C0,12,Ryu,0x0160,Shinkuu,152,P2-C1,0x927EB9E0,1,Ken the Eagle,0x0000000C,"Mid, Heavy Hit",0x00000123,"Damage exception route A, Init/default bit, Default collision family, Unknown B bits 0x00000020",0x00000000,0x00000109,0x00000023,720,0x2C06000D,0x00030000,0x03000000,0x00000000,0x00000000,0x00000003,0x000003E8
2026-07-25T19:37:46Z,352,0x91A6B774,P1-C1,0x9246B9C0,12,Ryu,0x0160,Shinkuu,156,P2-C1,0x927EB9E0,1,Ken the Eagle,0x0000000C,"Mid, Heavy Hit",0x00000123,"Damage exception route A, Init/default bit, Default collision family, Unknown B bits 0x00000020",0x00000000,0x00000109,0x00000023,720,0x2C06000D,0x00030000,0x03002004,0x00000000,0x00000000,0x00000003,0x000003E8
2026-07-25T19:37:46Z,352,0x91A6B774,P1-C1,0x9246B9C0,12,Ryu,0x0160,Shinkuu,157,P2-C1,0x927EB9E0,1,Ken the Eagle,0x0000000C,"Mid, Heavy Hit",0x00000123,"Damage exception route A, Init/default bit, Default collision family, Unknown B bits 0x00000020",0x00000000,0x00000109,0x00000023,720,0x2C06000D,0x00030000,0x03000000,0x00000000,0x00000000,0x00000003,0x000003E8
2026-07-25T19:37:46Z,352,0x91A6B774,P1-C1,0x9246B9C0,12,Ryu,0x0160,Shinkuu,161,P2-C1,0x927EB9E0,1,Ken the Eagle,0x0000000C,"Mid, Heavy Hit",0x00000123,"Damage exception route A, Init/default bit, Default collision family, Unknown B bits 0x00000020",0x00000000,0x00000109,0x00000023,720,0x2C06000D,0x00030000,0x03000004,0x00000000,0x00000000,0x00000003,0x000003E8
2026-07-25T19:37:46Z,352,0x91A6B774,P1-C1,0x9246B9C0,12,Ryu,0x0160,Shinkuu,161,P2-C1,0x927EB9E0,1,Ken the Eagle,0x0000000C,"Mid, Heavy Hit",0x00000123,"Damage exception route A, Init/default bit, Default collision family, Unknown B bits 0x00000020",0x00000000,0x00000109,0x00000023,720,0x2C06000D,0x00030000,0x03002004,0x00000000,0x00000000,0x00000003,0x000003E8
2026-07-25T19:37:46Z,353,0x91A6B774,P1-C1,0x9246B9C0,12,Ryu,0x0160,Shinkuu,162,P2-C1,0x927EB9E0,1,Ken the Eagle,0x0000000C,"Mid, Heavy Hit",0x00000123,"Damage exception route A, Init/default bit, Default collision family, Unknown B bits 0x00000020",0x00000000,0x00000109,0x00000023,720,0x2C06000D,0x00030000,0x03000000,0x00000000,0x00000000,0x00000003,0x000003E8
2026-07-25T19:37:46Z,353,0x91A6B774,P1-C1,0x9246B9C0,12,Ryu,0x0160,Shinkuu,166,P2-C1,0x927EB9E0,1,Ken the Eagle,0x0000000C,"Mid, Heavy Hit",0x00000123,"Damage exception route A, Init/default bit, Default collision family, Unknown B bits 0x00000020",0x00000000,0x00000109,0x00000023,720,0x2C06000D,0x00030000,0x03002004,0x00000000,0x00000000,0x00000003,0x000003E8
2026-07-25T19:37:46Z,353,0x91A6B774,P1-C1,0x9246B9C0,12,Ryu,0x0160,Shinkuu,167,P2-C1,0x927EB9E0,1,Ken the Eagle,0x0000000C,"Mid, Heavy Hit",0x00000123,"Damage exception route A, Init/default bit, Default collision family, Unknown B bits 0x00000020",0x00000000,0x00000109,0x00000023,720,0x2C06000D,0x00030000,0x03000000,0x00000000,0x00000000,0x00000003,0x000003E8
2026-07-25T19:37:47Z,354,0x91A6B774,P1-C1,0x9246B9C0,12,Ryu,0x0160,Shinkuu,176,P2-C1,0x927EB9E0,1,Ken the Eagle,0x0000000C,"Mid, Heavy Hit",0x00000123,"Damage exception route A, Init/default bit, Default collision family, Unknown B bits 0x00000020",0x00000000,0x00000109,0x00000023,720,0x2C06000D,0x00030000,0x03002004,0x00000000,0x00000000,0x00000003,0x000003E8
2026-07-25T19:37:47Z,355,0x91A6B774,P1-C1,0x9246B9C0,12,Ryu,0x0160,Shinkuu,177,P2-C1,0x927EB9E0,1,Ken the Eagle,0x0000000C,"Mid, Heavy Hit",0x00000123,"Damage exception route A, Init/default bit, Default collision family, Unknown B bits 0x00000020",0x00000000,0x00000109,0x00000023,720,0x2C06000D,0x00030000,0x03000000,0x00000000,0x00000000,0x00000003,0x000003E8
2026-07-25T19:37:47Z,355,0x91A6B774,P1-C1,0x9246B9C0,12,Ryu,0x0160,Shinkuu,181,P2-C1,0x927EB9E0,1,Ken the Eagle,0x0000000C,"Mid, Heavy Hit",0x00000123,"Damage exception route A, Init/default bit, Default collision family, Unknown B bits 0x00000020",0x00000000,0x00000109,0x00000023,720,0x2C06000D,0x00030000,0x03002004,0x00000000,0x00000000,0x00000003,0x000003E8
2026-07-25T19:37:47Z,355,0x91A6B774,P1-C1,0x9246B9C0,12,Ryu,0x0160,Shinkuu,182,P2-C1,0x927EB9E0,1,Ken the Eagle,0x0000000C,"Mid, Heavy Hit",0x00000123,"Damage exception route A, Init/default bit, Default collision family, Unknown B bits 0x00000020",0x00000000,0x00000109,0x00000023,720,0x2C06000D,0x00030000,0x03000000,0x00000000,0x00000000,0x00000003,0x000003E8
2026-07-25T19:37:47Z,356,0x91A6B774,P1-C1,0x9246B9C0,12,Ryu,0x0160,Shinkuu,186,P2-C1,0x927EB9E0,1,Ken the Eagle,0x00000109,"Mid, Light Hit, A flags 0x00000100",0x00000023,"Damage exception route A, Init/default bit, Unknown B bits 0x00000020",0x00000000,0x00000109,0x00000023,1040,0x2C02000D,0x00030000,0x03002004,0x00000000,0x00000000,0x00000003,0x000003E8
2026-07-25T19:37:47Z,356,0x91A6B774,P1-C1,0x9246B9C0,12,Ryu,0x0160,Shinkuu,187,P2-C1,0x927EB9E0,1,Ken the Eagle,0x00000009,"Mid, Light Hit",0x00000040,Common normal-hit bit,0x00000000,0x00000109,0x00000023,100,0x2C02000D,0x00030000,0x83006000,0x83006000,0x00000000,0x00000003,0x000003E8
2026-07-25T19:37:47Z,357,0x91A6B774,P1-C1,0x9246B9C0,12,Ryu,0x0160,Shinkuu,205,P2-C1,0x927EB9E0,1,Ken the Eagle,0x00000009,"Mid, Light Hit",0x00000040,Common normal-hit bit,0x00000000,0x00000109,0x00000023,100,0x2C02000D,0x00030000,0x83006000,0x00400000,0x00000000,0x00000003,0x000003E8
2026-07-25T19:37:53Z,391,0x91A6B774,P1-C1,0x9246B9C0,12,Ryu,0x0131,Hado M,16,P2-C1,0x927EB9E0,1,Ken the Eagle,0x0000000C,"Mid, Heavy Hit",0x00040102,"One-eighth block-damage route B, Init/default bit, Default collision family",0x00000000,0x00000000,0x00000000,2800,0x00010009,0x00000000,0x83000004,0x00000000,0x00000000,0x00000000,0x000003E8
2026-07-25T19:37:53Z,392,0x91A6B774,P1-C1,0x9246B9C0,12,Ryu,0x0131,Hado M,17,P2-C1,0x927EB9E0,1,Ken the Eagle,0x00000009,"Mid, Light Hit",0x00000040,Common normal-hit bit,0x00000000,0x00000000,0x00000000,100,0x00010009,0x00000000,0x83002004,0x83002004,0x00000000,0x00000000,0x000003E8
2026-07-25T19:37:53Z,392,0x91A6B774,P1-C1,0x9246B9C0,12,Ryu,0x0131,Hado M,18,P2-C1,0x927EB9E0,1,Ken the Eagle,0x00000009,"Mid, Light Hit",0x00000040,Common normal-hit bit,0x00000000,0x00000000,0x00000000,100,0x00010009,0x00000000,0x83006004,0x83006004,0x00000000,0x00000000,0x000003E8
2026-07-25T19:37:53Z,392,0x91A6B774,P1-C1,0x9246B9C0,12,Ryu,0x00A2,,0,P2-C1,0x927EB9E0,1,Ken the Eagle,0x00000009,"Mid, Light Hit",0x00000040,Common normal-hit bit,0x00000000,0x00000000,0x00000000,100,0x00010009,0x00000000,0x83006004,0x83006004,0x00000000,0x00000000,0x000003E8
2026-07-25T19:37:53Z,392,0x91A6B774,P1-C1,0x9246B9C0,12,Ryu,0x0001,,1,P2-C1,0x927EB9E0,1,Ken the Eagle,0x00000009,"Mid, Light Hit",0x00000040,Common normal-hit bit,0x00000000,0x00000000,0x00000000,100,0x00010009,0x00000000,0x83006004,0x83006004,0x00000000,0x00000000,0x000003E8
2026-07-25T19:37:53Z,392,0x91A6B774,P1-C1,0x9246B9C0,12,Ryu,0x000A,,0,P2-C1,0x927EB9E0,1,Ken the Eagle,0x00000009,"Mid, Light Hit",0x00000040,Common normal-hit bit,0x00000000,0x00000000,0x00000000,100,0x00010009,0x00000000,0x83006004,0x83006004,0x00000000,0x00000000,0x000003E8
2026-07-25T19:37:53Z,392,0x91A6B774,P1-C1,0x9246B9C0,12,Ryu,0x000B,,0,P2-C1,0x927EB9E0,1,Ken the Eagle,0x00000009,"Mid, Light Hit",0x00000040,Common normal-hit bit,0x00000000,0x00000000,0x00000000,100,0x00010009,0x00000000,0x83006004,0x83006004,0x00000000,0x00000000,0x000003E8
2026-07-25T19:37:53Z,393,0x91A6B774,P1-C1,0x9246B9C0,12,Ryu,0x0003,,0,P2-C1,0x927EB9E0,1,Ken the Eagle,0x00000009,"Mid, Light Hit",0x00000040,Common normal-hit bit,0x00000000,0x00000000,0x00000000,100,0x00010009,0x00000000,0x83006004,0x00400000,0x00000000,0x00000000,0x000003E8
2026-07-25T19:37:53Z,393,0x91A6B774,P1-C1,0x9246B9C0,12,Ryu,0x001F,,0,P2-C1,0x927EB9E0,1,Ken the Eagle,0x00000009,"Mid, Light Hit",0x00000040,Common normal-hit bit,0x00000000,0x00000000,0x00000000,100,0x00000000,0x00000000,0x83006004,0x00400000,0x00000000,0x00000000,0x000003E8
2026-07-25T19:38:08Z,479,0x91A6B774,P1-C1,0x9246B9C0,12,Ryu,0x0131,Hado M,16,,0x00000000,0,,0x0000000C,"Mid, Heavy Hit",0x00040102,"One-eighth block-damage route B, Init/default bit, Default collision family",0x00000000,0x00000000,0x00000000,2800,0x00010009,0x00000000,0x03040000,0x00000000,0x00000000,0x00000000,0x000003E8
2026-07-25T19:38:08Z,479,0x91A6B774,P1-C1,0x9246B9C0,12,Ryu,0x0131,Hado M,16,P2-C1,0x927EB9E0,1,Ken the Eagle,0x0000000C,"Mid, Heavy Hit",0x00040102,"One-eighth block-damage route B, Init/default bit, Default collision family",0x00000000,0x00000000,0x00000000,2800,0x00010009,0x00000000,0x83000004,0x00000000,0x00000000,0x00000000,0x000003E8
2026-07-25T19:38:08Z,479,0x91A6B774,P1-C1,0x9246B9C0,12,Ryu,0x0131,Hado M,17,P2-C1,0x927EB9E0,1,Ken the Eagle,0x00000009,"Mid, Light Hit",0x00000040,Common normal-hit bit,0x00000000,0x00000000,0x00000000,100,0x00010009,0x00000000,0x83002004,0x83002004,0x00000000,0x00000000,0x000003E8
2026-07-25T19:38:08Z,479,0x91A6B774,P1-C1,0x9246B9C0,12,Ryu,0x00A2,,0,P2-C1,0x927EB9E0,1,Ken the Eagle,0x00000009,"Mid, Light Hit",0x00000040,Common normal-hit bit,0x00000000,0x00000000,0x00000000,100,0x00010009,0x00000000,0x83006004,0x83006004,0x00000000,0x00000000,0x000003E8
2026-07-25T19:38:08Z,479,0x91A6B774,P1-C1,0x9246B9C0,12,Ryu,0x0001,,0,P2-C1,0x927EB9E0,1,Ken the Eagle,0x00000009,"Mid, Light Hit",0x00000040,Common normal-hit bit,0x00000000,0x00000000,0x00000000,100,0x00010009,0x00000000,0x83006004,0x83006004,0x00000000,0x00000000,0x000003E8
2026-07-25T19:38:08Z,479,0x91A6B774,P1-C1,0x9246B9C0,12,Ryu,0x000A,,0,P2-C1,0x927EB9E0,1,Ken the Eagle,0x00000009,"Mid, Light Hit",0x00000040,Common normal-hit bit,0x00000000,0x00000000,0x00000000,100,0x00010009,0x00000000,0x83006004,0x83006004,0x00000000,0x00000000,0x000003E8
2026-07-25T19:38:08Z,479,0x91A6B774,P1-C1,0x9246B9C0,12,Ryu,0x000B,,0,P2-C1,0x927EB9E0,1,Ken the Eagle,0x00000009,"Mid, Light Hit",0x00000040,Common normal-hit bit,0x00000000,0x00000000,0x00000000,100,0x00010009,0x00000000,0x83006004,0x83006004,0x00000000,0x00000000,0x000003E8
2026-07-25T19:38:08Z,480,0x91A6B774,P1-C1,0x9246B9C0,12,Ryu,0x0003,,0,P2-C1,0x927EB9E0,1,Ken the Eagle,0x00000009,"Mid, Light Hit",0x00000040,Common normal-hit bit,0x00000000,0x00000000,0x00000000,100,0x00010009,0x00000000,0x83006004,0x83006004,0x00000000,0x00000000,0x000003E8
2026-07-25T19:38:08Z,480,0x91A6B774,P1-C1,0x9246B9C0,12,Ryu,0x001F,,0,P2-C1,0x927EB9E0,1,Ken the Eagle,0x00000009,"Mid, Light Hit",0x00000040,Common normal-hit bit,0x00000000,0x00000000,0x00000000,100,0x00010009,0x00000000,0x83006004,0x83006004,0x00000000,0x00000000,0x000003E8
2026-07-25T19:38:08Z,480,0x91A6B774,P1-C1,0x9246B9C0,12,Ryu,0x001F,,1,P2-C1,0x927EB9E0,1,Ken the Eagle,0x00000009,"Mid, Light Hit",0x00000040,Common normal-hit bit,0x00000000,0x00000000,0x00000000,100,0x00010009,0x00000000,0x83006004,0x00400000,0x00000000,0x00000000,0x000003E8
2026-07-25T19:38:08Z,480,0x91A6B774,P1-C1,0x9246B9C0,12,Ryu,0x001F,,2,P2-C1,0x927EB9E0,1,Ken the Eagle,0x00000009,"Mid, Light Hit",0x00000040,Common normal-hit bit,0x00000000,0x00000000,0x00000000,100,0x00000000,0x00000000,0x83006004,0x00400000,0x00000000,0x00000000,0x000003E8
2026-07-25T19:38:35Z,648,0x91A6B774,P1-C1,0x9246B9C0,12,Ryu,0x0160,Shinkuu,91,P2-C1,0x927EB9E0,1,Ken the Eagle,0x0000000C,"Mid, Heavy Hit",0x00000123,"Damage exception route A, Init/default bit, Default collision family, Unknown B bits 0x00000020",0x00000000,0x00000109,0x00000023,720,0x2C06000D,0x00030000,0x03000004,0x00000000,0x00000000,0x00000003,0x000003E8
2026-07-25T19:38:35Z,648,0x91A6B774,P1-C1,0x9246B9C0,12,Ryu,0x0160,Shinkuu,92,P2-C1,0x927EB9E0,1,Ken the Eagle,0x0000000C,"Mid, Heavy Hit",0x00000123,"Damage exception route A, Init/default bit, Default collision family, Unknown B bits 0x00000020",0x00000000,0x00000109,0x00000023,720,0x2C06000D,0x00030000,0x03000000,0x00000000,0x00000000,0x00000003,0x000003E8
2026-07-25T19:38:35Z,649,0x91A6B774,P1-C1,0x9246B9C0,12,Ryu,0x0160,Shinkuu,96,P2-C1,0x927EB9E0,1,Ken the Eagle,0x0000000C,"Mid, Heavy Hit",0x00000123,"Damage exception route A, Init/default bit, Default collision family, Unknown B bits 0x00000020",0x00000000,0x00000109,0x00000023,720,0x2C06000D,0x00030000,0x03002004,0x00000000,0x00000000,0x00000003,0x000003E8
2026-07-25T19:38:35Z,649,0x91A6B774,P1-C1,0x9246B9C0,12,Ryu,0x0160,Shinkuu,98,P2-C1,0x927EB9E0,1,Ken the Eagle,0x0000000C,"Mid, Heavy Hit",0x00000123,"Damage exception route A, Init/default bit, Default collision family, Unknown B bits 0x00000020",0x00000000,0x00000109,0x00000023,720,0x2C06000D,0x00030000,0x03000000,0x00000000,0x00000000,0x00000003,0x000003E8
2026-07-25T19:38:35Z,649,0x91A6B774,P1-C1,0x9246B9C0,12,Ryu,0x0160,Shinkuu,101,P2-C1,0x927EB9E0,1,Ken the Eagle,0x0000000C,"Mid, Heavy Hit",0x00000123,"Damage exception route A, Init/default bit, Default collision family, Unknown B bits 0x00000020",0x00000000,0x00000109,0x00000023,720,0x2C06000D,0x00030000,0x03002004,0x00000000,0x00000000,0x00000003,0x000003E8
2026-07-25T19:38:35Z,649,0x91A6B774,P1-C1,0x9246B9C0,12,Ryu,0x0160,Shinkuu,102,P2-C1,0x927EB9E0,1,Ken the Eagle,0x0000000C,"Mid, Heavy Hit",0x00000123,"Damage exception route A, Init/default bit, Default collision family, Unknown B bits 0x00000020",0x00000000,0x00000109,0x00000023,720,0x2C06000D,0x00030000,0x03000000,0x00000000,0x00000000,0x00000003,0x000003E8
2026-07-25T19:38:35Z,649,0x91A6B774,P1-C1,0x9246B9C0,12,Ryu,0x0160,Shinkuu,106,P2-C1,0x927EB9E0,1,Ken the Eagle,0x0000000C,"Mid, Heavy Hit",0x00000123,"Damage exception route A, Init/default bit, Default collision family, Unknown B bits 0x00000020",0x00000000,0x00000109,0x00000023,720,0x2C06000D,0x00030000,0x03002004,0x00000000,0x00000000,0x00000003,0x000003E8
2026-07-25T19:38:35Z,649,0x91A6B774,P1-C1,0x9246B9C0,12,Ryu,0x0160,Shinkuu,107,P2-C1,0x927EB9E0,1,Ken the Eagle,0x0000000C,"Mid, Heavy Hit",0x00000123,"Damage exception route A, Init/default bit, Default collision family, Unknown B bits 0x00000020",0x00000000,0x00000109,0x00000023,720,0x2C06000D,0x00030000,0x03000000,0x00000000,0x00000000,0x00000003,0x000003E8
2026-07-25T19:38:35Z,649,0x91A6B774,P1-C1,0x9246B9C0,12,Ryu,0x0160,Shinkuu,111,P2-C1,0x927EB9E0,1,Ken the Eagle,0x0000000C,"Mid, Heavy Hit",0x00000123,"Damage exception route A, Init/default bit, Default collision family, Unknown B bits 0x00000020",0x00000000,0x00000109,0x00000023,720,0x2C06000D,0x00030000,0x03002004,0x00000000,0x00000000,0x00000003,0x000003E8
2026-07-25T19:38:35Z,649,0x91A6B774,P1-C1,0x9246B9C0,12,Ryu,0x0160,Shinkuu,112,P2-C1,0x927EB9E0,1,Ken the Eagle,0x0000000C,"Mid, Heavy Hit",0x00000123,"Damage exception route A, Init/default bit, Default collision family, Unknown B bits 0x00000020",0x00000000,0x00000109,0x00000023,720,0x2C06000D,0x00030000,0x03000000,0x00000000,0x00000000,0x00000003,0x000003E8
2026-07-25T19:38:36Z,650,0x91A6B774,P1-C1,0x9246B9C0,12,Ryu,0x0160,Shinkuu,116,P2-C1,0x927EB9E0,1,Ken the Eagle,0x0000000C,"Mid, Heavy Hit",0x00000123,"Damage exception route A, Init/default bit, Default collision family, Unknown B bits 0x00000020",0x00000000,0x00000109,0x00000023,720,0x2C06000D,0x00030000,0x03002004,0x00000000,0x00000000,0x00000003,0x000003E8
2026-07-25T19:38:36Z,650,0x91A6B774,P1-C1,0x9246B9C0,12,Ryu,0x0160,Shinkuu,117,P2-C1,0x927EB9E0,1,Ken the Eagle,0x0000000C,"Mid, Heavy Hit",0x00000123,"Damage exception route A, Init/default bit, Default collision family, Unknown B bits 0x00000020",0x00000000,0x00000109,0x00000023,720,0x2C06000D,0x00030000,0x03000000,0x00000000,0x00000000,0x00000003,0x000003E8
2026-07-25T19:38:36Z,650,0x91A6B774,P1-C1,0x9246B9C0,12,Ryu,0x0160,Shinkuu,121,P2-C1,0x927EB9E0,1,Ken the Eagle,0x0000000C,"Mid, Heavy Hit",0x00000123,"Damage exception route A, Init/default bit, Default collision family, Unknown B bits 0x00000020",0x00000000,0x00000109,0x00000023,720,0x2C06000D,0x00030000,0x03002004,0x00000000,0x00000000,0x00000003,0x000003E8
2026-07-25T19:38:36Z,650,0x91A6B774,P1-C1,0x9246B9C0,12,Ryu,0x0160,Shinkuu,122,P2-C1,0x927EB9E0,1,Ken the Eagle,0x0000000C,"Mid, Heavy Hit",0x00000123,"Damage exception route A, Init/default bit, Default collision family, Unknown B bits 0x00000020",0x00000000,0x00000109,0x00000023,720,0x2C06000D,0x00030000,0x03000000,0x00000000,0x00000000,0x00000003,0x000003E8
2026-07-25T19:38:36Z,650,0x91A6B774,P1-C1,0x9246B9C0,12,Ryu,0x0160,Shinkuu,126,P2-C1,0x927EB9E0,1,Ken the Eagle,0x0000000C,"Mid, Heavy Hit",0x00000123,"Damage exception route A, Init/default bit, Default collision family, Unknown B bits 0x00000020",0x00000000,0x00000109,0x00000023,720,0x2C06000D,0x00030000,0x03002004,0x00000000,0x00000000,0x00000003,0x000003E8
2026-07-25T19:38:36Z,650,0x91A6B774,P1-C1,0x9246B9C0,12,Ryu,0x0160,Shinkuu,127,P2-C1,0x927EB9E0,1,Ken the Eagle,0x0000000C,"Mid, Heavy Hit",0x00000123,"Damage exception route A, Init/default bit, Default collision family, Unknown B bits 0x00000020",0x00000000,0x00000109,0x00000023,720,0x2C06000D,0x00030000,0x03000000,0x00000000,0x00000000,0x00000003,0x000003E8
2026-07-25T19:38:36Z,651,0x91A6B774,P1-C1,0x9246B9C0,12,Ryu,0x0160,Shinkuu,131,P2-C1,0x927EB9E0,1,Ken the Eagle,0x0000000C,"Mid, Heavy Hit",0x00000123,"Damage exception route A, Init/default bit, Default collision family, Unknown B bits 0x00000020",0x00000000,0x00000109,0x00000023,720,0x2C06000D,0x00030000,0x03002004,0x00000000,0x00000000,0x00000003,0x000003E8
2026-07-25T19:38:36Z,651,0x91A6B774,P1-C1,0x9246B9C0,12,Ryu,0x0160,Shinkuu,132,P2-C1,0x927EB9E0,1,Ken the Eagle,0x0000000C,"Mid, Heavy Hit",0x00000123,"Damage exception route A, Init/default bit, Default collision family, Unknown B bits 0x00000020",0x00000000,0x00000109,0x00000023,720,0x2C06000D,0x00030000,0x03000000,0x00000000,0x00000000,0x00000003,0x000003E8
2026-07-25T19:38:36Z,652,0x91A6B774,P1-C1,0x9246B9C0,12,Ryu,0x0160,Shinkuu,136,P2-C1,0x927EB9E0,1,Ken the Eagle,0x0000000C,"Mid, Heavy Hit",0x00000123,"Damage exception route A, Init/default bit, Default collision family, Unknown B bits 0x00000020",0x00000000,0x00000109,0x00000023,720,0x2C06000D,0x00030000,0x03002004,0x00000000,0x00000000,0x00000003,0x000003E8
2026-07-25T19:38:36Z,652,0x91A6B774,P1-C1,0x9246B9C0,12,Ryu,0x0160,Shinkuu,137,P2-C1,0x927EB9E0,1,Ken the Eagle,0x0000000C,"Mid, Heavy Hit",0x00000123,"Damage exception route A, Init/default bit, Default collision family, Unknown B bits 0x00000020",0x00000000,0x00000109,0x00000023,720,0x2C06000D,0x00030000,0x03000000,0x00000000,0x00000000,0x00000003,0x000003E8
2026-07-25T19:38:36Z,652,0x91A6B774,P1-C1,0x9246B9C0,12,Ryu,0x0160,Shinkuu,141,P2-C1,0x927EB9E0,1,Ken the Eagle,0x0000000C,"Mid, Heavy Hit",0x00000123,"Damage exception route A, Init/default bit, Default collision family, Unknown B bits 0x00000020",0x00000000,0x00000109,0x00000023,720,0x2C06000D,0x00030000,0x03002004,0x00000000,0x00000000,0x00000003,0x000003E8
2026-07-25T19:38:36Z,652,0x91A6B774,P1-C1,0x9246B9C0,12,Ryu,0x0160,Shinkuu,142,P2-C1,0x927EB9E0,1,Ken the Eagle,0x0000000C,"Mid, Heavy Hit",0x00000123,"Damage exception route A, Init/default bit, Default collision family, Unknown B bits 0x00000020",0x00000000,0x00000109,0x00000023,720,0x2C06000D,0x00030000,0x03000000,0x00000000,0x00000000,0x00000003,0x000003E8
2026-07-25T19:38:36Z,653,0x91A6B774,P1-C1,0x9246B9C0,12,Ryu,0x0160,Shinkuu,146,P2-C1,0x927EB9E0,1,Ken the Eagle,0x0000000C,"Mid, Heavy Hit",0x00000123,"Damage exception route A, Init/default bit, Default collision family, Unknown B bits 0x00000020",0x00000000,0x00000109,0x00000023,720,0x2C06000D,0x00030000,0x03002004,0x00000000,0x00000000,0x00000003,0x000003E8
2026-07-25T19:38:36Z,653,0x91A6B774,P1-C1,0x9246B9C0,12,Ryu,0x0160,Shinkuu,147,P2-C1,0x927EB9E0,1,Ken the Eagle,0x0000000C,"Mid, Heavy Hit",0x00000123,"Damage exception route A, Init/default bit, Default collision family, Unknown B bits 0x00000020",0x00000000,0x00000109,0x00000023,720,0x2C06000D,0x00030000,0x03000000,0x00000000,0x00000000,0x00000003,0x000003E8
2026-07-25T19:38:36Z,653,0x91A6B774,P1-C1,0x9246B9C0,12,Ryu,0x0160,Shinkuu,151,P2-C1,0x927EB9E0,1,Ken the Eagle,0x0000000C,"Mid, Heavy Hit",0x00000123,"Damage exception route A, Init/default bit, Default collision family, Unknown B bits 0x00000020",0x00000000,0x00000109,0x00000023,720,0x2C06000D,0x00030000,0x03002004,0x00000000,0x00000000,0x00000003,0x000003E8
2026-07-25T19:38:36Z,653,0x91A6B774,P1-C1,0x9246B9C0,12,Ryu,0x0160,Shinkuu,152,P2-C1,0x927EB9E0,1,Ken the Eagle,0x0000000C,"Mid, Heavy Hit",0x00000123,"Damage exception route A, Init/default bit, Default collision family, Unknown B bits 0x00000020",0x00000000,0x00000109,0x00000023,720,0x2C06000D,0x00030000,0x03000000,0x00000000,0x00000000,0x00000003,0x000003E8
2026-07-25T19:38:36Z,653,0x91A6B774,P1-C1,0x9246B9C0,12,Ryu,0x0160,Shinkuu,156,P2-C1,0x927EB9E0,1,Ken the Eagle,0x0000000C,"Mid, Heavy Hit",0x00000123,"Damage exception route A, Init/default bit, Default collision family, Unknown B bits 0x00000020",0x00000000,0x00000109,0x00000023,720,0x2C06000D,0x00030000,0x03002004,0x00000000,0x00000000,0x00000003,0x000003E8
2026-07-25T19:38:36Z,653,0x91A6B774,P1-C1,0x9246B9C0,12,Ryu,0x0160,Shinkuu,157,P2-C1,0x927EB9E0,1,Ken the Eagle,0x0000000C,"Mid, Heavy Hit",0x00000123,"Damage exception route A, Init/default bit, Default collision family, Unknown B bits 0x00000020",0x00000000,0x00000109,0x00000023,720,0x2C06000D,0x00030000,0x03000000,0x00000000,0x00000000,0x00000003,0x000003E8
2026-07-25T19:38:36Z,653,0x91A6B774,P1-C1,0x9246B9C0,12,Ryu,0x0160,Shinkuu,161,P2-C1,0x927EB9E0,1,Ken the Eagle,0x0000000C,"Mid, Heavy Hit",0x00000123,"Damage exception route A, Init/default bit, Default collision family, Unknown B bits 0x00000020",0x00000000,0x00000109,0x00000023,720,0x2C06000D,0x00030000,0x03002004,0x00000000,0x00000000,0x00000003,0x000003E8
2026-07-25T19:38:36Z,654,0x91A6B774,P1-C1,0x9246B9C0,12,Ryu,0x0160,Shinkuu,162,P2-C1,0x927EB9E0,1,Ken the Eagle,0x0000000C,"Mid, Heavy Hit",0x00000123,"Damage exception route A, Init/default bit, Default collision family, Unknown B bits 0x00000020",0x00000000,0x00000109,0x00000023,720,0x2C06000D,0x00030000,0x03000000,0x00000000,0x00000000,0x00000003,0x000003E8
2026-07-25T19:38:36Z,654,0x91A6B774,P1-C1,0x9246B9C0,12,Ryu,0x0160,Shinkuu,165,P2-C1,0x927EB9E0,1,Ken the Eagle,0x0000000C,"Mid, Heavy Hit",0x00000123,"Damage exception route A, Init/default bit, Default collision family, Unknown B bits 0x00000020",0x00000000,0x00000109,0x00000023,720,0x2C06000D,0x00030000,0x03000004,0x00000000,0x00000000,0x00000003,0x000003E8
2026-07-25T19:38:36Z,654,0x91A6B774,P1-C1,0x9246B9C0,12,Ryu,0x0160,Shinkuu,166,P2-C1,0x927EB9E0,1,Ken the Eagle,0x0000000C,"Mid, Heavy Hit",0x00000123,"Damage exception route A, Init/default bit, Default collision family, Unknown B bits 0x00000020",0x00000000,0x00000109,0x00000023,720,0x2C06000D,0x00030000,0x03002004,0x00000000,0x00000000,0x00000003,0x000003E8
2026-07-25T19:38:36Z,654,0x91A6B774,P1-C1,0x9246B9C0,12,Ryu,0x0160,Shinkuu,167,P2-C1,0x927EB9E0,1,Ken the Eagle,0x0000000C,"Mid, Heavy Hit",0x00000123,"Damage exception route A, Init/default bit, Default collision family, Unknown B bits 0x00000020",0x00000000,0x00000109,0x00000023,720,0x2C06000D,0x00030000,0x03000000,0x00000000,0x00000000,0x00000003,0x000003E8
2026-07-25T19:38:36Z,655,0x91A6B774,P1-C1,0x9246B9C0,12,Ryu,0x0160,Shinkuu,171,P2-C1,0x927EB9E0,1,Ken the Eagle,0x0000000C,"Mid, Heavy Hit",0x00000123,"Damage exception route A, Init/default bit, Default collision family, Unknown B bits 0x00000020",0x00000000,0x00000109,0x00000023,720,0x2C06000D,0x00030000,0x03002004,0x00000000,0x00000000,0x00000003,0x000003E8
2026-07-25T19:38:36Z,655,0x91A6B774,P1-C1,0x9246B9C0,12,Ryu,0x0160,Shinkuu,172,P2-C1,0x927EB9E0,1,Ken the Eagle,0x0000000C,"Mid, Heavy Hit",0x00000123,"Damage exception route A, Init/default bit, Default collision family, Unknown B bits 0x00000020",0x00000000,0x00000109,0x00000023,720,0x2C06000D,0x00030000,0x03000000,0x00000000,0x00000000,0x00000003,0x000003E8
2026-07-25T19:38:37Z,656,0x91A6B774,P1-C1,0x9246B9C0,12,Ryu,0x0160,Shinkuu,176,P2-C1,0x927EB9E0,1,Ken the Eagle,0x0000000C,"Mid, Heavy Hit",0x00000123,"Damage exception route A, Init/default bit, Default collision family, Unknown B bits 0x00000020",0x00000000,0x00000109,0x00000023,720,0x2C06000D,0x00030000,0x03002004,0x00000000,0x00000000,0x00000003,0x000003E8
2026-07-25T19:38:37Z,656,0x91A6B774,P1-C1,0x9246B9C0,12,Ryu,0x0160,Shinkuu,177,P2-C1,0x927EB9E0,1,Ken the Eagle,0x0000000C,"Mid, Heavy Hit",0x00000123,"Damage exception route A, Init/default bit, Default collision family, Unknown B bits 0x00000020",0x00000000,0x00000109,0x00000023,720,0x2C06000D,0x00030000,0x03000000,0x00000000,0x00000000,0x00000003,0x000003E8
2026-07-25T19:38:37Z,656,0x91A6B774,P1-C1,0x9246B9C0,12,Ryu,0x0160,Shinkuu,181,P2-C1,0x927EB9E0,1,Ken the Eagle,0x0000000C,"Mid, Heavy Hit",0x00000123,"Damage exception route A, Init/default bit, Default collision family, Unknown B bits 0x00000020",0x00000000,0x00000109,0x00000023,720,0x2C06000D,0x00030000,0x03002004,0x00000000,0x00000000,0x00000003,0x000003E8
2026-07-25T19:38:37Z,657,0x91A6B774,P1-C1,0x9246B9C0,12,Ryu,0x0160,Shinkuu,182,P2-C1,0x927EB9E0,1,Ken the Eagle,0x0000000C,"Mid, Heavy Hit",0x00000123,"Damage exception route A, Init/default bit, Default collision family, Unknown B bits 0x00000020",0x00000000,0x00000109,0x00000023,720,0x2C06000D,0x00030000,0x03000000,0x00000000,0x00000000,0x00000003,0x000003E8
2026-07-25T19:38:37Z,657,0x91A6B774,P1-C1,0x9246B9C0,12,Ryu,0x0160,Shinkuu,186,P2-C1,0x927EB9E0,1,Ken the Eagle,0x00000109,"Mid, Light Hit, A flags 0x00000100",0x00000023,"Damage exception route A, Init/default bit, Unknown B bits 0x00000020",0x00000000,0x00000109,0x00000023,1040,0x2C02000D,0x00030000,0x03002004,0x00000000,0x00000000,0x00000003,0x000003E8
2026-07-25T19:38:37Z,657,0x91A6B774,P1-C1,0x9246B9C0,12,Ryu,0x0160,Shinkuu,187,P2-C1,0x927EB9E0,1,Ken the Eagle,0x00000009,"Mid, Light Hit",0x00000040,Common normal-hit bit,0x00000000,0x00000109,0x00000023,100,0x2C02000D,0x00030000,0x83006000,0x83006000,0x00000000,0x00000003,0x000003E8
2026-07-25T19:38:37Z,658,0x91A6B774,P1-C1,0x9246B9C0,12,Ryu,0x0160,Shinkuu,205,P2-C1,0x927EB9E0,1,Ken the Eagle,0x00000009,"Mid, Light Hit",0x00000040,Common normal-hit bit,0x00000000,0x00000109,0x00000023,100,0x2C02000D,0x00030000,0x83006000,0x00400000,0x00000000,0x00000003,0x000003E8
2026-07-25T19:43:24Z,76,0x91A6CCB8,P1-C1,0x9246B9C0,19,Roll,0x0136,,25,,0x00000000,0,,0x0000080C,"Mid, Heavy Hit, A flags 0x00000800",0x00040102,"One-eighth block-damage route B, Init/default bit, Default collision family",0x00004000,0x00000000,0x00000000,1200,0x02010009,0x00010114,0x03000000,0x00000000,0x00000000,0x00000000,0x000003E8
2026-07-25T19:43:24Z,76,0x91A6CCB8,P1-C1,0x9246B9C0,19,Roll,0x0136,,29,P2-C1,0x927EB9E0,12,Ryu,0x00000009,"Mid, Light Hit",0x00000040,Common normal-hit bit,0x00004000,0x00000000,0x00000000,100,0x03010009,0x00010100,0x83006004,0x83006004,0x00000000,0x00000000,0x000003E8
2026-07-25T19:43:25Z,76,0x91A6CCB8,P1-C1,0x9246B9C0,19,Roll,0x0001,idle,0,P2-C1,0x927EB9E0,12,Ryu,0x00000009,"Mid, Light Hit",0x00000040,Common normal-hit bit,0x00004000,0x00000000,0x00000000,100,0x03010009,0x00010100,0x83006004,0x83006004,0x00000000,0x00000000,0x000003E8
2026-07-25T19:43:25Z,76,0x91A6CCB8,P1-C1,0x9246B9C0,19,Roll,0x0001,idle,7,P2-C1,0x927EB9E0,12,Ryu,0x00000009,"Mid, Light Hit",0x00000040,Common normal-hit bit,0x00004000,0x00000000,0x00000000,100,0x03010009,0x00010100,0x83006004,0x00400000,0x00000000,0x00000000,0x000003E8
2026-07-25T19:43:26Z,77,0x91A6CCB8,P1-C1,0x9246B9C0,19,Roll,0x0136,Bucket A,25,,0x00000000,0,,0x0000080C,"Mid, Heavy Hit, A flags 0x00000800",0x00040102,"One-eighth block-damage route B, Init/default bit, Default collision family",0x00004000,0x00000000,0x00000000,1200,0x02010009,0x00010114,0x03000000,0x00000000,0x00000000,0x00000000,0x000003E8
2026-07-25T19:43:27Z,77,0x91A6CCB8,P1-C1,0x9246B9C0,19,Roll,0x0136,Bucket A,28,,0x00000000,0,,0x0000080C,"Mid, Heavy Hit, A flags 0x00000800",0x00040102,"One-eighth block-damage route B, Init/default bit, Default collision family",0x00004000,0x00000000,0x00000000,1200,0x03010009,0x00010100,0x03000000,0x00000000,0x00000000,0x00000000,0x000003E8
2026-07-25T19:43:27Z,77,0x91A6CCB8,P1-C1,0x9246B9C0,19,Roll,0x0136,Bucket A,29,P2-C1,0x927EB9E0,12,Ryu,0x00000009,"Mid, Light Hit",0x00000040,Common normal-hit bit,0x00004000,0x00000000,0x00000000,100,0x03010009,0x00010100,0x83006004,0x83006004,0x00000000,0x00000000,0x000003E8
2026-07-25T19:43:27Z,77,0x91A6CCB8,P1-C1,0x9246B9C0,19,Roll,0x0002,,0,P2-C1,0x927EB9E0,12,Ryu,0x00000009,"Mid, Light Hit",0x00000040,Common normal-hit bit,0x00004000,0x00000000,0x00000000,100,0x03010009,0x00010100,0x83006004,0x83006004,0x00000000,0x00000000,0x000003E8
2026-07-25T19:43:27Z,77,0x91A6CCB8,P1-C1,0x9246B9C0,19,Roll,0x0002,,7,P2-C1,0x927EB9E0,12,Ryu,0x00000009,"Mid, Light Hit",0x00000040,Common normal-hit bit,0x00004000,0x00000000,0x00000000,100,0x03010009,0x00010100,0x83006004,0x00400000,0x00000000,0x00000000,0x000003E8
2026-07-25T19:43:27Z,77,0x91A6CCB8,P1-C1,0x9246B9C0,19,Roll,0x0002,,9,P2-C1,0x927EB9E0,12,Ryu,0x00000009,"Mid, Light Hit",0x00000040,Common normal-hit bit,0x00004000,0x00000000,0x00000000,100,0x00000000,0x00010100,0x83006004,0x00400000,0x00000000,0x00000000,0x000003E8
2026-07-25T19:44:55Z,372,0x91A6CCB8,P1-C1,0x9246B9C0,19,Roll,0x0136,Bucket A,25,,0x00000000,0,,0x0000080C,"Mid, Heavy Hit, A flags 0x00000800",0x00040102,"One-eighth block-damage route B, Init/default bit, Default collision family",0x00004000,0x00000000,0x00000000,1200,0x02010009,0x00010114,0x03000000,0x00000000,0x00000000,0x00000000,0x000003E8
2026-07-25T19:44:55Z,372,0x91A6CCB8,P1-C1,0x9246B9C0,19,Roll,0x0136,Bucket A,27,,0x00000000,0,,0x0000080C,"Mid, Heavy Hit, A flags 0x00000800",0x00040102,"One-eighth block-damage route B, Init/default bit, Default collision family",0x00004000,0x00000000,0x00000000,1200,0x03010009,0x00010100,0x03000000,0x00000000,0x00000000,0x00000000,0x000003E8
2026-07-25T19:44:55Z,375,0x91A6CCB8,P1-C1,0x9246B9C0,19,Roll,0x0136,Bucket A,44,,0x00000000,0,,0x00000009,"Mid, Light Hit",0x00000040,Common normal-hit bit,0x00004000,0x00000000,0x00000000,100,0x02010009,0x00010100,0x83002040,0x83002040,0x00000000,0x00000000,0x000003E8
2026-07-25T19:44:55Z,375,0x91A6CCB8,P1-C1,0x9246B9C0,19,Roll,0x0136,Bucket A,45,,0x00000000,0,,0x00000009,"Mid, Light Hit",0x00000040,Common normal-hit bit,0x00004000,0x00000000,0x00000000,100,0x02010009,0x00010100,0x83006040,0x83006040,0x00000000,0x00000000,0x000003E8
2026-07-25T19:44:55Z,375,0x91A6B774,P1-C1,0x9246B9C0,19,Roll,0x0136,Bucket A,45,,0x00000000,0,,0x00000424,"Low, Heavy Hit, A flags 0x00000400",0x00000102,"Init/default bit, Default collision family",0x00000000,0x00000000,0x00000000,640,0x80010009,0x00012134,0x03040000,0x00000000,0x00000000,0x00000000,0x000003E9
2026-07-25T19:44:55Z,375,0x91A6B774,P1-C1,0x9246B9C0,19,Roll,0x0136,Bucket A,47,,0x00000000,0,,0x00000424,"Low, Heavy Hit, A flags 0x00000400",0x00000102,"Init/default bit, Default collision family",0x00000000,0x00000000,0x00000000,640,0x80010009,0x00012120,0x03040000,0x00000000,0x00000000,0x00000000,0x000003E9
2026-07-25T19:44:56Z,379,0x91A6CCB8,P1-C1,0x9246B9C0,19,Roll,0x0001,,0,,0x00000000,0,,0x00000009,"Mid, Light Hit",0x00000040,Common normal-hit bit,0x00004000,0x00000000,0x00000000,100,0x02010009,0x00010100,0x83006040,0x83006040,0x00000000,0x00000000,0x000003E8
2026-07-25T19:44:56Z,379,0x91A6B774,P1-C1,0x9246B9C0,19,Roll,0x0001,,0,,0x00000000,0,,0x00000424,"Low, Heavy Hit, A flags 0x00000400",0x00000102,"Init/default bit, Default collision family",0x00000000,0x00000000,0x00000000,640,0x80010009,0x00012120,0x03040000,0x00000000,0x00000000,0x00000000,0x000003E9
2026-07-25T19:44:56Z,379,0x91A6CCB8,P1-C1,0x9246B9C0,19,Roll,0x0006,,0,,0x00000000,0,,0x00000009,"Mid, Light Hit",0x00000040,Common normal-hit bit,0x00004000,0x00000000,0x00000000,100,0x02010009,0x00010100,0x83006040,0x83006040,0x00000000,0x00000000,0x000003E8
2026-07-25T19:44:56Z,379,0x91A6B774,P1-C1,0x9246B9C0,19,Roll,0x0006,,0,,0x00000000,0,,0x00000424,"Low, Heavy Hit, A flags 0x00000400",0x00000102,"Init/default bit, Default collision family",0x00000000,0x00000000,0x00000000,640,0x80010009,0x00012120,0x03040000,0x00000000,0x00000000,0x00000000,0x000003E9
2026-07-25T19:44:56Z,379,0x91A6CCB8,P1-C1,0x9246B9C0,19,Roll,0x0006,,4,,0x00000000,0,,0x00000009,"Mid, Light Hit",0x00000040,Common normal-hit bit,0x00004000,0x00000000,0x00000000,100,0x02010009,0x00010100,0x83006040,0x00400000,0x00000000,0x00000000,0x000003E8
2026-07-25T19:44:56Z,381,0x91A6B774,P1-C1,0x9246B9C0,19,Roll,0x000A,,0,,0x00000000,0,,0x00000424,"Low, Heavy Hit, A flags 0x00000400",0x00000102,"Init/default bit, Default collision family",0x00000000,0x00000000,0x00000000,640,0x80010009,0x00012120,0x03040000,0x00000000,0x00000000,0x00000000,0x000003E9
2026-07-25T19:44:56Z,381,0x91A6B774,P1-C1,0x9246B9C0,19,Roll,0x000B,,0,,0x00000000,0,,0x00000424,"Low, Heavy Hit, A flags 0x00000400",0x00000102,"Init/default bit, Default collision family",0x00000000,0x00000000,0x00000000,640,0x80010009,0x00012120,0x03040000,0x00000000,0x00000000,0x00000000,0x000003E9
2026-07-25T19:44:56Z,385,0x91A6B774,P1-C1,0x9246B9C0,19,Roll,0x0003,,0,,0x00000000,0,,0x00000424,"Low, Heavy Hit, A flags 0x00000400",0x00000102,"Init/default bit, Default collision family",0x00000000,0x00000000,0x00000000,640,0x80010009,0x00012120,0x03040000,0x00000000,0x00000000,0x00000000,0x000003E9
2026-07-25T19:44:57Z,389,0x91A6B774,P1-C1,0x9246B9C0,19,Roll,0x0001,,0,,0x00000000,0,,0x00000424,"Low, Heavy Hit, A flags 0x00000400",0x00000102,"Init/default bit, Default collision family",0x00000000,0x00000000,0x00000000,640,0x80010009,0x00012120,0x03040000,0x00000000,0x00000000,0x00000000,0x000003E9
2026-07-25T19:44:57Z,389,0x91A6B774,P1-C1,0x9246B9C0,19,Roll,0x0002,,0,,0x00000000,0,,0x00000424,"Low, Heavy Hit, A flags 0x00000400",0x00000102,"Init/default bit, Default collision family",0x00000000,0x00000000,0x00000000,640,0x80010009,0x00012120,0x03040000,0x00000000,0x00000000,0x00000000,0x000003E9
2026-07-25T19:44:57Z,390,0x91A6B774,P1-C1,0x9246B9C0,19,Roll,0x0161,,0,,0x00000000,0,,0x00000424,"Low, Heavy Hit, A flags 0x00000400",0x00000102,"Init/default bit, Default collision family",0x00000000,0x00000000,0x00000000,640,0x80010009,0x00012120,0x03040000,0x00000000,0x00000000,0x00000000,0x000003E9
2026-07-25T19:44:58Z,403,0x91A6B774,P1-C1,0x9246B9C0,19,Roll,0x0161,Mop up Turbo,84,,0x00000000,0,,0x00000009,"Mid, Light Hit",0x00000040,Common normal-hit bit,0x00000000,0x00000000,0x00000000,100,0x80010009,0x00012120,0x83040000,0x00400000,0x00000000,0x00000000,0x000003E9
2026-07-25T19:46:32Z,1151,0x91A6B774,P1-C1,0x9246B9C0,19,Roll,0x0136,,25,,0x00000000,0,,0x0000080C,"Mid, Heavy Hit, A flags 0x00000800",0x00040102,"One-eighth block-damage route B, Init/default bit, Default collision family",0x00004000,0x00000000,0x00000000,1200,0x02010009,0x00010114,0x03000000,0x00000000,0x00000000,0x00000000,0x000003E8
2026-07-25T19:46:33Z,1151,0x91A6B774,P1-C1,0x9246B9C0,19,Roll,0x0136,,32,,0x00000000,0,,0x0000080C,"Mid, Heavy Hit, A flags 0x00000800",0x00040102,"One-eighth block-damage route B, Init/default bit, Default collision family",0x00004000,0x00000000,0x00000000,1200,0x03010009,0x00010100,0x03000000,0x00000000,0x00000000,0x00000000,0x000003E8
2026-07-25T19:46:33Z,1152,0x91A6B774,P1-C1,0x9246B9C0,19,Roll,0x0136,,44,,0x00000000,0,,0x00000009,"Mid, Light Hit",0x00000040,Common normal-hit bit,0x00004000,0x00000000,0x00000000,100,0x02010009,0x00010100,0x83002040,0x83002040,0x00000000,0x00000000,0x000003E8
2026-07-25T19:46:33Z,1152,0x91A6B774,P1-C1,0x9246B9C0,19,Roll,0x0136,,47,,0x00000000,0,,0x00000009,"Mid, Light Hit",0x00000040,Common normal-hit bit,0x00004000,0x00000000,0x00000000,100,0x02010009,0x00010100,0x83006040,0x83006040,0x00000000,0x00000000,0x000003E8
2026-07-25T19:46:33Z,1152,0x91A6CCB8,P1-C1,0x9246B9C0,19,Roll,0x0136,,47,,0x00000000,0,,0x00000424,"Low, Heavy Hit, A flags 0x00000400",0x00000102,"Init/default bit, Default collision family",0x00000000,0x00000000,0x00000000,640,0x80010009,0x00012134,0x03040000,0x00000000,0x00000000,0x00000000,0x000003E9
2026-07-25T19:46:33Z,1152,0x91A6CCB8,P1-C1,0x9246B9C0,19,Roll,0x0136,,48,,0x00000000,0,,0x00000424,"Low, Heavy Hit, A flags 0x00000400",0x00000102,"Init/default bit, Default collision family",0x00000000,0x00000000,0x00000000,640,0x80010009,0x00012120,0x03040000,0x00000000,0x00000000,0x00000000,0x000003E9
2026-07-25T19:46:33Z,1152,0x91A6B774,P1-C1,0x9246B9C0,19,Roll,0x0001,idle,0,,0x00000000,0,,0x00000009,"Mid, Light Hit",0x00000040,Common normal-hit bit,0x00004000,0x00000000,0x00000000,100,0x02010009,0x00010100,0x83006040,0x83006040,0x00000000,0x00000000,0x000003E8
2026-07-25T19:46:33Z,1152,0x91A6CCB8,P1-C1,0x9246B9C0,19,Roll,0x0001,idle,0,,0x00000000,0,,0x00000424,"Low, Heavy Hit, A flags 0x00000400",0x00000102,"Init/default bit, Default collision family",0x00000000,0x00000000,0x00000000,640,0x80010009,0x00012120,0x03040000,0x00000000,0x00000000,0x00000000,0x000003E9
2026-07-25T19:46:33Z,1152,0x91A6B774,P1-C1,0x9246B9C0,19,Roll,0x0002,,2,,0x00000000,0,,0x00000009,"Mid, Light Hit",0x00000040,Common normal-hit bit,0x00004000,0x00000000,0x00000000,100,0x02010009,0x00010100,0x83006040,0x83006040,0x00000000,0x00000000,0x000003E8
2026-07-25T19:46:33Z,1152,0x91A6CCB8,P1-C1,0x9246B9C0,19,Roll,0x0002,,2,,0x00000000,0,,0x00000424,"Low, Heavy Hit, A flags 0x00000400",0x00000102,"Init/default bit, Default collision family",0x00000000,0x00000000,0x00000000,640,0x80010009,0x00012120,0x03040000,0x00000000,0x00000000,0x00000000,0x000003E9
2026-07-25T19:46:33Z,1152,0x91A6B774,P1-C1,0x9246B9C0,19,Roll,0x0001,idle,2,,0x00000000,0,,0x00000009,"Mid, Light Hit",0x00000040,Common normal-hit bit,0x00004000,0x00000000,0x00000000,100,0x02010009,0x00010100,0x83006040,0x83006040,0x00000000,0x00000000,0x000003E8
2026-07-25T19:46:33Z,1152,0x91A6CCB8,P1-C1,0x9246B9C0,19,Roll,0x0001,idle,2,,0x00000000,0,,0x00000424,"Low, Heavy Hit, A flags 0x00000400",0x00000102,"Init/default bit, Default collision family",0x00000000,0x00000000,0x00000000,640,0x80010009,0x00012120,0x03040000,0x00000000,0x00000000,0x00000000,0x000003E9
2026-07-25T19:46:33Z,1152,0x91A6CCB8,P1-C1,0x9246B9C0,19,Roll,0x0006,,2,,0x00000000,0,,0x00000424,"Low, Heavy Hit, A flags 0x00000400",0x00000102,"Init/default bit, Default collision family",0x00000000,0x00000000,0x00000000,640,0x80010009,0x00012120,0x03040000,0x00000000,0x00000000,0x00000000,0x000003E9
2026-07-25T19:46:34Z,1153,0x91A6CCB8,P1-C1,0x9246B9C0,19,Roll,0x000A,,0,,0x00000000,0,,0x00000424,"Low, Heavy Hit, A flags 0x00000400",0x00000102,"Init/default bit, Default collision family",0x00000000,0x00000000,0x00000000,640,0x80010009,0x00012120,0x03040000,0x00000000,0x00000000,0x00000000,0x000003E9
2026-07-25T19:46:34Z,1153,0x91A6CCB8,P1-C1,0x9246B9C0,19,Roll,0x000B,,0,,0x00000000,0,,0x00000424,"Low, Heavy Hit, A flags 0x00000400",0x00000102,"Init/default bit, Default collision family",0x00000000,0x00000000,0x00000000,640,0x80010009,0x00012120,0x03040000,0x00000000,0x00000000,0x00000000,0x000003E9
2026-07-25T19:46:34Z,1153,0x91A6CCB8,P1-C1,0x9246B9C0,19,Roll,0x0003,,0,,0x00000000,0,,0x00000424,"Low, Heavy Hit, A flags 0x00000400",0x00000102,"Init/default bit, Default collision family",0x00000000,0x00000000,0x00000000,640,0x80010009,0x00012120,0x03040000,0x00000000,0x00000000,0x00000000,0x000003E9
2026-07-25T19:46:34Z,1155,0x91A6CCB8,P1-C1,0x9246B9C0,19,Roll,0x000A,,0,,0x00000000,0,,0x00000424,"Low, Heavy Hit, A flags 0x00000400",0x00000102,"Init/default bit, Default collision family",0x00000000,0x00000000,0x00000000,640,0x80010009,0x00012120,0x03040000,0x00000000,0x00000000,0x00000000,0x000003E9
2026-07-25T19:46:34Z,1155,0x91A6CCB8,P1-C1,0x9246B9C0,19,Roll,0x0002,,0,,0x00000000,0,,0x00000424,"Low, Heavy Hit, A flags 0x00000400",0x00000102,"Init/default bit, Default collision family",0x00000000,0x00000000,0x00000000,640,0x80010009,0x00012120,0x03040000,0x00000000,0x00000000,0x00000000,0x000003E9
2026-07-25T19:46:34Z,1155,0x91A6CCB8,P1-C1,0x9246B9C0,19,Roll,0x0161,,1,,0x00000000,0,,0x00000424,"Low, Heavy Hit, A flags 0x00000400",0x00000102,"Init/default bit, Default collision family",0x00000000,0x00000000,0x00000000,640,0x80010009,0x00012120,0x03040000,0x00000000,0x00000000,0x00000000,0x000003E9
2026-07-25T19:46:39Z,1181,0x91A6CCB8,P1-C1,0x9246B9C0,19,Roll,0x0001,,0,,0x00000000,0,,0x00000424,"Low, Heavy Hit, A flags 0x00000400",0x00000102,"Init/default bit, Default collision family",0x00000000,0x00000000,0x00000000,640,0x80010009,0x00012120,0x03040000,0x00000000,0x00000000,0x00000000,0x000003E9
2026-07-25T19:46:39Z,1181,0x91A6CCB8,P1-C1,0x9246B9C0,19,Roll,0x0002,,0,,0x00000000,0,,0x00000424,"Low, Heavy Hit, A flags 0x00000400",0x00000102,"Init/default bit, Default collision family",0x00000000,0x00000000,0x00000000,640,0x80010009,0x00012120,0x03040000,0x00000000,0x00000000,0x00000000,0x000003E9
2026-07-25T19:46:39Z,1181,0x91A6CCB8,P1-C1,0x9246B9C0,19,Roll,0x000A,,0,,0x00000000,0,,0x00000424,"Low, Heavy Hit, A flags 0x00000400",0x00000102,"Init/default bit, Default collision family",0x00000000,0x00000000,0x00000000,640,0x80010009,0x00012120,0x03040000,0x00000000,0x00000000,0x00000000,0x000003E9
2026-07-25T19:46:39Z,1181,0x91A6CCB8,P1-C1,0x9246B9C0,19,Roll,0x000B,,0,,0x00000000,0,,0x00000424,"Low, Heavy Hit, A flags 0x00000400",0x00000102,"Init/default bit, Default collision family",0x00000000,0x00000000,0x00000000,640,0x80010009,0x00012120,0x03040000,0x00000000,0x00000000,0x00000000,0x000003E9
2026-07-25T19:46:39Z,1181,0x91A6CCB8,P1-C1,0x9246B9C0,19,Roll,0x0136,,0,,0x00000000,0,,0x00000424,"Low, Heavy Hit, A flags 0x00000400",0x00000102,"Init/default bit, Default collision family",0x00000000,0x00000000,0x00000000,640,0x80010009,0x00012120,0x03040000,0x00000000,0x00000000,0x00000000,0x000003E9
2026-07-25T19:46:39Z,1183,0x91A6CCB8,P1-C1,0x9246B9C0,19,Roll,0x0136,Bucket A,22,,0x00000000,0,,0x00000009,"Mid, Light Hit",0x00000040,Common normal-hit bit,0x00000000,0x00000000,0x00000000,100,0x80010009,0x00012120,0x83040000,0x00400000,0x00000000,0x00000000,0x000003E9
2026-07-25T19:46:39Z,1183,0x91A6CCB8,P1-C1,0x9246B9C0,19,Roll,0x0136,Bucket A,25,,0x00000000,0,,0x0000080C,"Mid, Heavy Hit, A flags 0x00000800",0x00040102,"One-eighth block-damage route B, Init/default bit, Default collision family",0x00004000,0x00000000,0x00000000,1200,0x02010009,0x00010114,0x03000000,0x00000000,0x00000000,0x00000000,0x000003E8
2026-07-25T19:46:39Z,1183,0x91A6CCB8,P1-C1,0x9246B9C0,19,Roll,0x0136,Bucket A,27,,0x00000000,0,,0x0000080C,"Mid, Heavy Hit, A flags 0x00000800",0x00040102,"One-eighth block-damage route B, Init/default bit, Default collision family",0x00004000,0x00000000,0x00000000,1200,0x03010009,0x00010100,0x03000000,0x00000000,0x00000000,0x00000000,0x000003E8
2026-07-25T19:46:40Z,1184,0x91A6CCB8,P1-C1,0x9246B9C0,19,Roll,0x0136,Bucket A,44,,0x00000000,0,,0x00000009,"Mid, Light Hit",0x00000040,Common normal-hit bit,0x00004000,0x00000000,0x00000000,100,0x02010009,0x00010100,0x83002040,0x83002040,0x00000000,0x00000000,0x000003E8
2026-07-25T19:46:40Z,1184,0x91A6CCB8,P1-C1,0x9246B9C0,19,Roll,0x0136,Bucket A,45,,0x00000000,0,,0x00000009,"Mid, Light Hit",0x00000040,Common normal-hit bit,0x00004000,0x00000000,0x00000000,100,0x02010009,0x00010100,0x83006040,0x83006040,0x00000000,0x00000000,0x000003E8
2026-07-25T19:46:40Z,1184,0x91A6B774,P1-C1,0x9246B9C0,19,Roll,0x0136,Bucket A,45,,0x00000000,0,,0x00000424,"Low, Heavy Hit, A flags 0x00000400",0x00000102,"Init/default bit, Default collision family",0x00000000,0x00000000,0x00000000,640,0x80010009,0x00012134,0x03040000,0x00000000,0x00000000,0x00000000,0x000003E9
2026-07-25T19:46:40Z,1185,0x91A6B774,P1-C1,0x9246B9C0,19,Roll,0x0136,Bucket A,48,,0x00000000,0,,0x00000424,"Low, Heavy Hit, A flags 0x00000400",0x00000102,"Init/default bit, Default collision family",0x00000000,0x00000000,0x00000000,640,0x80010009,0x00012120,0x03040000,0x00000000,0x00000000,0x00000000,0x000003E9
2026-07-25T19:46:40Z,1187,0x91A6CCB8,P1-C1,0x9246B9C0,19,Roll,0x0001,,0,,0x00000000,0,,0x00000009,"Mid, Light Hit",0x00000040,Common normal-hit bit,0x00004000,0x00000000,0x00000000,100,0x02010009,0x00010100,0x83006040,0x83006040,0x00000000,0x00000000,0x000003E8
2026-07-25T19:46:40Z,1187,0x91A6B774,P1-C1,0x9246B9C0,19,Roll,0x0001,,0,,0x00000000,0,,0x00000424,"Low, Heavy Hit, A flags 0x00000400",0x00000102,"Init/default bit, Default collision family",0x00000000,0x00000000,0x00000000,640,0x80010009,0x00012120,0x03040000,0x00000000,0x00000000,0x00000000,0x000003E9
2026-07-25T19:46:40Z,1187,0x91A6CCB8,P1-C1,0x9246B9C0,19,Roll,0x0002,,0,,0x00000000,0,,0x00000009,"Mid, Light Hit",0x00000040,Common normal-hit bit,0x00004000,0x00000000,0x00000000,100,0x02010009,0x00010100,0x83006040,0x83006040,0x00000000,0x00000000,0x000003E8
2026-07-25T19:46:40Z,1187,0x91A6B774,P1-C1,0x9246B9C0,19,Roll,0x0002,,0,,0x00000000,0,,0x00000424,"Low, Heavy Hit, A flags 0x00000400",0x00000102,"Init/default bit, Default collision family",0x00000000,0x00000000,0x00000000,640,0x80010009,0x00012120,0x03040000,0x00000000,0x00000000,0x00000000,0x000003E9
2026-07-25T19:46:40Z,1187,0x91A6CCB8,P1-C1,0x9246B9C0,19,Roll,0x0001,,1,,0x00000000,0,,0x00000009,"Mid, Light Hit",0x00000040,Common normal-hit bit,0x00004000,0x00000000,0x00000000,100,0x02010009,0x00010100,0x83006040,0x83006040,0x00000000,0x00000000,0x000003E8
2026-07-25T19:46:40Z,1187,0x91A6B774,P1-C1,0x9246B9C0,19,Roll,0x0001,,1,,0x00000000,0,,0x00000424,"Low, Heavy Hit, A flags 0x00000400",0x00000102,"Init/default bit, Default collision family",0x00000000,0x00000000,0x00000000,640,0x80010009,0x00012120,0x03040000,0x00000000,0x00000000,0x00000000,0x000003E9
2026-07-25T19:46:40Z,1187,0x91A6CCB8,P1-C1,0x9246B9C0,19,Roll,0x0006,,0,,0x00000000,0,,0x00000009,"Mid, Light Hit",0x00000040,Common normal-hit bit,0x00004000,0x00000000,0x00000000,100,0x02010009,0x00010100,0x83006040,0x83006040,0x00000000,0x00000000,0x000003E8
2026-07-25T19:46:40Z,1187,0x91A6B774,P1-C1,0x9246B9C0,19,Roll,0x0006,,0,,0x00000000,0,,0x00000424,"Low, Heavy Hit, A flags 0x00000400",0x00000102,"Init/default bit, Default collision family",0x00000000,0x00000000,0x00000000,640,0x80010009,0x00012120,0x03040000,0x00000000,0x00000000,0x00000000,0x000003E9
2026-07-25T19:46:40Z,1187,0x91A6CCB8,P1-C1,0x9246B9C0,19,Roll,0x0006,,1,,0x00000000,0,,0x00000009,"Mid, Light Hit",0x00000040,Common normal-hit bit,0x00004000,0x00000000,0x00000000,100,0x02010009,0x00010100,0x83006040,0x00400000,0x00000000,0x00000000,0x000003E8
2026-07-25T19:46:40Z,1188,0x91A6B774,P1-C1,0x9246B9C0,19,Roll,0x000A,,0,,0x00000000,0,,0x00000424,"Low, Heavy Hit, A flags 0x00000400",0x00000102,"Init/default bit, Default collision family",0x00000000,0x00000000,0x00000000,640,0x80010009,0x00012120,0x03040000,0x00000000,0x00000000,0x00000000,0x000003E9
2026-07-25T19:46:40Z,1189,0x91A6B774,P1-C1,0x9246B9C0,19,Roll,0x000B,,0,,0x00000000,0,,0x00000424,"Low, Heavy Hit, A flags 0x00000400",0x00000102,"Init/default bit, Default collision family",0x00000000,0x00000000,0x00000000,640,0x80010009,0x00012120,0x03040000,0x00000000,0x00000000,0x00000000,0x000003E9
2026-07-25T19:46:41Z,1189,0x91A6B774,P1-C1,0x9246B9C0,19,Roll,0x0003,,1,,0x00000000,0,,0x00000424,"Low, Heavy Hit, A flags 0x00000400",0x00000102,"Init/default bit, Default collision family",0x00000000,0x00000000,0x00000000,640,0x80010009,0x00012120,0x03040000,0x00000000,0x00000000,0x00000000,0x000003E9
2026-07-25T19:46:41Z,1193,0x91A6B774,P1-C1,0x9246B9C0,19,Roll,0x0001,,0,,0x00000000,0,,0x00000424,"Low, Heavy Hit, A flags 0x00000400",0x00000102,"Init/default bit, Default collision family",0x00000000,0x00000000,0x00000000,640,0x80010009,0x00012120,0x03040000,0x00000000,0x00000000,0x00000000,0x000003E9
2026-07-25T19:46:42Z,1200,0x91A6B774,P1-C1,0x9246B9C0,19,Roll,0x0003,,0,,0x00000000,0,,0x00000424,"Low, Heavy Hit, A flags 0x00000400",0x00000102,"Init/default bit, Default collision family",0x00000000,0x00000000,0x00000000,640,0x80010009,0x00012120,0x03040000,0x00000000,0x00000000,0x00000000,0x000003E9
2026-07-25T19:46:42Z,1200,0x91A6B774,P1-C1,0x9246B9C0,19,Roll,0x000A,,0,,0x00000000,0,,0x00000424,"Low, Heavy Hit, A flags 0x00000400",0x00000102,"Init/default bit, Default collision family",0x00000000,0x00000000,0x00000000,640,0x80010009,0x00012120,0x03040000,0x00000000,0x00000000,0x00000000,0x000003E9
2026-07-25T19:46:42Z,1201,0x91A6B774,P1-C1,0x9246B9C0,19,Roll,0x000B,,0,,0x00000000,0,,0x00000424,"Low, Heavy Hit, A flags 0x00000400",0x00000102,"Init/default bit, Default collision family",0x00000000,0x00000000,0x00000000,640,0x80010009,0x00012120,0x03040000,0x00000000,0x00000000,0x00000000,0x000003E9
2026-07-25T19:46:43Z,1206,0x91A6B774,P1-C1,0x9246B9C0,19,Roll,0x0161,,0,,0x00000000,0,,0x00000424,"Low, Heavy Hit, A flags 0x00000400",0x00000102,"Init/default bit, Default collision family",0x00000000,0x00000000,0x00000000,640,0x80010009,0x00012120,0x03040000,0x00000000,0x00000000,0x00000000,0x000003E9
2026-07-25T19:46:45Z,1216,0x91A6B774,P1-C1,0x9246B9C0,19,Roll,0x0161,Mop up Turbo,84,,0x00000000,0,,0x00000009,"Mid, Light Hit",0x00000040,Common normal-hit bit,0x00000000,0x00000000,0x00000000,100,0x80010009,0x00012120,0x83040000,0x00400000,0x00000000,0x00000000,0x000003E9
2026-07-25T21:09:07Z,831,0x91A6B774,P1-C1,0x9246B9C0,19,Roll,0x0137,Bucket B,25,,0x00000000,0,,0x0000080C,"Mid, Heavy Hit, A flags 0x00000800",0x00000082,"Init/default bit, Unknown B bits 0x00000080",0x00004000,0x00000000,0x00000000,1200,0x02010009,0x00010114,0x03040000,0x00000000,0x00000000,0x00000000,0x000003E8
2026-07-25T21:09:07Z,831,0x91A6B774,P1-C1,0x9246B9C0,19,Roll,0x0137,Bucket B,26,,0x00000000,0,,0x0000080C,"Mid, Heavy Hit, A flags 0x00000800",0x00000082,"Init/default bit, Unknown B bits 0x00000080",0x00004000,0x00000000,0x00000000,1200,0x02010009,0x00010114,0x03000000,0x00000000,0x00000000,0x00000000,0x000003E8
2026-07-25T21:09:07Z,831,0x91A6B774,P1-C1,0x9246B9C0,19,Roll,0x0137,Bucket B,27,,0x00000000,0,,0x0000080C,"Mid, Heavy Hit, A flags 0x00000800",0x00000082,"Init/default bit, Unknown B bits 0x00000080",0x00004000,0x00000000,0x00000000,1200,0x03010009,0x00010100,0x03000000,0x00000000,0x00000000,0x00000000,0x000003E8
2026-07-25T21:09:07Z,832,0x91A6B774,P1-C1,0x9246B9C0,19,Roll,0x0137,Bucket B,34,P2-C1,0x927EB9E0,12,Ryu,0x00000009,"Mid, Light Hit",0x00000040,Common normal-hit bit,0x00004000,0x00000000,0x00000000,100,0x03010009,0x00010100,0x83002004,0x83002004,0x00000000,0x00000000,0x000003E8
2026-07-25T21:09:07Z,832,0x91A6B774,P1-C1,0x9246B9C0,19,Roll,0x0137,Bucket B,35,P2-C1,0x927EB9E0,12,Ryu,0x00000009,"Mid, Light Hit",0x00000040,Common normal-hit bit,0x00004000,0x00000000,0x00000000,100,0x03010009,0x00010100,0x83006004,0x83006004,0x00000000,0x00000000,0x000003E8
2026-07-25T21:09:08Z,833,0x91A6B774,P1-C1,0x9246B9C0,19,Roll,0x0161,,0,P2-C1,0x927EB9E0,12,Ryu,0x00000009,"Mid, Light Hit",0x00000040,Common normal-hit bit,0x00004000,0x00000000,0x00000000,100,0x03010009,0x00010100,0x83006004,0x83006004,0x00000000,0x00000000,0x000003E8
2026-07-25T21:09:10Z,844,0x91A6B774,P1-C1,0x9246B9C0,19,Roll,0x0161,Mop up Turbo,98,P2-C1,0x927EB9E0,12,Ryu,0x00000009,"Mid, Light Hit",0x00000040,Common normal-hit bit,0x00004000,0x00000000,0x00000000,100,0x03010009,0x00010100,0x83006004,0x00400000,0x00000000,0x00000000,0x000003E8
2026-07-25T21:09:48Z,1004,0x91A6B774,P1-C1,0x9246B9C0,12,Ryu,0x0131,,15,,0x00000000,0,,0x00000000,"No guard category, No strength tier",0x00000000,No property B bits,0x00000000,0x00000000,0x00000000,0,0x00010009,0x00000000,0x03040000,0x00000000,0x00000000,0x00000000,0x000003E8
2026-07-25T21:09:48Z,1004,0x91A6B774,P1-C1,0x9246B9C0,12,Ryu,0x0131,,16,,0x00000000,0,,0x0000000C,"Mid, Heavy Hit",0x00040102,"One-eighth block-damage route B, Init/default bit, Default collision family",0x00000000,0x00000000,0x00000000,2800,0x00010009,0x00000000,0x03040000,0x00000000,0x00000000,0x00000000,0x000003E8
2026-07-25T21:09:48Z,1004,0x91A6B774,P1-C1,0x9246B9C0,12,Ryu,0x0131,,16,P2-C1,0x927EB9E0,1,Ken the Eagle,0x0000000C,"Mid, Heavy Hit",0x00040102,"One-eighth block-damage route B, Init/default bit, Default collision family",0x00000000,0x00000000,0x00000000,2800,0x00010009,0x00000000,0x83040004,0x00000000,0x00000000,0x00000000,0x000003E8
2026-07-25T21:09:48Z,1004,0x91A6B774,P1-C1,0x9246B9C0,12,Ryu,0x0131,,16,P2-C1,0x927EB9E0,1,Ken the Eagle,0x0000000C,"Mid, Heavy Hit",0x00040102,"One-eighth block-damage route B, Init/default bit, Default collision family",0x00000000,0x00000000,0x00000000,2800,0x00010009,0x00000000,0x83000004,0x00000000,0x00000000,0x00000000,0x000003E8
2026-07-25T21:09:48Z,1004,0x91A6B774,P1-C1,0x9246B9C0,12,Ryu,0x00A2,,0,P2-C1,0x927EB9E0,1,Ken the Eagle,0x0000000C,"Mid, Heavy Hit",0x00040102,"One-eighth block-damage route B, Init/default bit, Default collision family",0x00000000,0x00000000,0x00000000,2800,0x00010009,0x00000000,0x83000004,0x00000000,0x00000000,0x00000000,0x000003E8
2026-07-25T21:09:48Z,1004,0x91A6B774,P1-C1,0x9246B9C0,12,Ryu,0x0001,,0,P2-C1,0x927EB9E0,1,Ken the Eagle,0x0000000C,"Mid, Heavy Hit",0x00040102,"One-eighth block-damage route B, Init/default bit, Default collision family",0x00000000,0x00000000,0x00000000,2800,0x00010009,0x00000000,0x83000004,0x00000000,0x00000000,0x00000000,0x000003E8
2026-07-25T21:09:48Z,1004,0x91A6B774,P1-C1,0x9246B9C0,12,Ryu,0x000A,,0,P2-C1,0x927EB9E0,1,Ken the Eagle,0x0000000C,"Mid, Heavy Hit",0x00040102,"One-eighth block-damage route B, Init/default bit, Default collision family",0x00000000,0x00000000,0x00000000,2800,0x00010009,0x00000000,0x83000004,0x00000000,0x00000000,0x00000000,0x000003E8
2026-07-25T21:09:48Z,1004,0x91A6B774,P1-C1,0x9246B9C0,12,Ryu,0x000B,,0,P2-C1,0x927EB9E0,1,Ken the Eagle,0x0000000C,"Mid, Heavy Hit",0x00040102,"One-eighth block-damage route B, Init/default bit, Default collision family",0x00000000,0x00000000,0x00000000,2800,0x00010009,0x00000000,0x83000004,0x00000000,0x00000000,0x00000000,0x000003E8
2026-07-25T21:09:48Z,1004,0x91A6B774,P1-C1,0x9246B9C0,12,Ryu,0x0003,,0,P2-C1,0x927EB9E0,1,Ken the Eagle,0x0000000C,"Mid, Heavy Hit",0x00040102,"One-eighth block-damage route B, Init/default bit, Default collision family",0x00000000,0x00000000,0x00000000,2800,0x00010009,0x00000000,0x83002004,0x00000000,0x00000000,0x00000000,0x000003E8
2026-07-25T21:09:48Z,1004,0x91A6B774,P1-C1,0x9246B9C0,12,Ryu,0x0003,,0,P2-C1,0x927EB9E0,1,Ken the Eagle,0x00000009,"Mid, Light Hit",0x00000040,Common normal-hit bit,0x00000000,0x00000000,0x00000000,100,0x00010009,0x00000000,0x83002004,0x83002004,0x00000000,0x00000000,0x000003E8
2026-07-25T21:09:48Z,1004,0x91A6B774,P1-C1,0x9246B9C0,12,Ryu,0x001F,,0,P2-C1,0x927EB9E0,1,Ken the Eagle,0x00000009,"Mid, Light Hit",0x00000040,Common normal-hit bit,0x00000000,0x00000000,0x00000000,100,0x00010009,0x00000000,0x83006004,0x83006004,0x00000000,0x00000000,0x000003E8
2026-07-25T21:09:48Z,1004,0x91A6B774,P1-C1,0x9246B9C0,12,Ryu,0x001F,,1,P2-C1,0x927EB9E0,1,Ken the Eagle,0x00000009,"Mid, Light Hit",0x00000040,Common normal-hit bit,0x00000000,0x00000000,0x00000000,100,0x00010009,0x00000000,0x83006004,0x00400000,0x00000000,0x00000000,0x000003E8
2026-07-25T21:10:27Z,1244,0x91A6B774,P1-C1,0x9246B9C0,12,Ryu,0x0131,,16,P2-C1,0x927EB9E0,1,Ken the Eagle,0x0000000C,"Mid, Heavy Hit",0x00040102,"One-eighth block-damage route B, Init/default bit, Default collision family",0x00000000,0x00000000,0x00000000,2800,0x00010009,0x00000000,0x83000004,0x00000000,0x00000000,0x00000000,0x000003E8
2026-07-25T21:10:27Z,1244,0x91A6B774,P1-C1,0x9246B9C0,12,Ryu,0x00A2,,0,P2-C1,0x927EB9E0,1,Ken the Eagle,0x0000000C,"Mid, Heavy Hit",0x00040102,"One-eighth block-damage route B, Init/default bit, Default collision family",0x00000000,0x00000000,0x00000000,2800,0x00010009,0x00000000,0x83000004,0x00000000,0x00000000,0x00000000,0x000003E8
2026-07-25T21:10:27Z,1244,0x91A6B774,P1-C1,0x9246B9C0,12,Ryu,0x0001,,0,P2-C1,0x927EB9E0,1,Ken the Eagle,0x0000000C,"Mid, Heavy Hit",0x00040102,"One-eighth block-damage route B, Init/default bit, Default collision family",0x00000000,0x00000000,0x00000000,2800,0x00010009,0x00000000,0x83000004,0x00000000,0x00000000,0x00000000,0x000003E8
2026-07-25T21:10:27Z,1244,0x91A6B774,P1-C1,0x9246B9C0,12,Ryu,0x000A,,0,P2-C1,0x927EB9E0,1,Ken the Eagle,0x0000000C,"Mid, Heavy Hit",0x00040102,"One-eighth block-damage route B, Init/default bit, Default collision family",0x00000000,0x00000000,0x00000000,2800,0x00010009,0x00000000,0x83000004,0x00000000,0x00000000,0x00000000,0x000003E8
2026-07-25T21:10:27Z,1244,0x91A6B774,P1-C1,0x9246B9C0,12,Ryu,0x000B,,0,P2-C1,0x927EB9E0,1,Ken the Eagle,0x0000000C,"Mid, Heavy Hit",0x00040102,"One-eighth block-damage route B, Init/default bit, Default collision family",0x00000000,0x00000000,0x00000000,2800,0x00010009,0x00000000,0x83000004,0x00000000,0x00000000,0x00000000,0x000003E8
2026-07-25T21:10:27Z,1244,0x91A6B774,P1-C1,0x9246B9C0,12,Ryu,0x0003,,0,P2-C1,0x927EB9E0,1,Ken the Eagle,0x0000000C,"Mid, Heavy Hit",0x00040102,"One-eighth block-damage route B, Init/default bit, Default collision family",0x00000000,0x00000000,0x00000000,2800,0x00010009,0x00000000,0x83000004,0x00000000,0x00000000,0x00000000,0x000003E8
2026-07-25T21:10:27Z,1244,0x91A6B774,P1-C1,0x9246B9C0,12,Ryu,0x0003,,2,P2-C1,0x927EB9E0,1,Ken the Eagle,0x00000009,"Mid, Light Hit",0x00000040,Common normal-hit bit,0x00000000,0x00000000,0x00000000,100,0x00010009,0x00000000,0x83002004,0x83002004,0x00000000,0x00000000,0x000003E8
2026-07-25T21:10:27Z,1244,0x91A6B774,P1-C1,0x9246B9C0,12,Ryu,0x001F,,0,P2-C1,0x927EB9E0,1,Ken the Eagle,0x00000009,"Mid, Light Hit",0x00000040,Common normal-hit bit,0x00000000,0x00000000,0x00000000,100,0x00010009,0x00000000,0x83006004,0x83006004,0x00000000,0x00000000,0x000003E8
2026-07-25T21:10:27Z,1244,0x91A6B774,P1-C1,0x9246B9C0,12,Ryu,0x001F,,2,P2-C1,0x927EB9E0,1,Ken the Eagle,0x00000009,"Mid, Light Hit",0x00000040,Common normal-hit bit,0x00000000,0x00000000,0x00000000,100,0x00010009,0x00000000,0x83006004,0x00400000,0x00000000,0x00000000,0x000003E8
2026-07-25T21:10:27Z,1244,0x91A6B774,P1-C1,0x9246B9C0,12,Ryu,0x001F,,3,P2-C1,0x927EB9E0,1,Ken the Eagle,0x00000009,"Mid, Light Hit",0x00000040,Common normal-hit bit,0x00000000,0x00000000,0x00000000,100,0x00000000,0x00000000,0x83006004,0x00400000,0x00000000,0x00000000,0x000003E8
2026-07-25T21:17:27Z,4492,0x91A6B774,P1-C1,0x9246B9C0,12,Ryu,0x0131,,16,,0x00000000,0,,0x0000000C,"Mid, Heavy Hit",0x00040102,"One-eighth block-damage route B, Init/default bit, Default collision family",0x00000000,0x00000000,0x00000000,2800,0x00010009,0x00000000,0x03040000,0x00000000,0x00000000,0x00000000,0x000003E8
2026-07-25T21:17:27Z,4492,0x91A6B774,P1-C1,0x9246B9C0,12,Ryu,0x0131,,16,P2-C1,0x927EB9E0,1,Ken the Eagle,0x0000000C,"Mid, Heavy Hit",0x00040102,"One-eighth block-damage route B, Init/default bit, Default collision family",0x00000000,0x00000000,0x00000000,2800,0x00010009,0x00000000,0x83000004,0x00000000,0x00000000,0x00000000,0x000003E8
2026-07-25T21:17:27Z,4492,0x91A6B774,P1-C1,0x9246B9C0,12,Ryu,0x0131,,17,P2-C1,0x927EB9E0,1,Ken the Eagle,0x00000009,"Mid, Light Hit",0x00000040,Common normal-hit bit,0x00000000,0x00000000,0x00000000,100,0x00010009,0x00000000,0x83002004,0x83002004,0x00000000,0x00000000,0x000003E8
2026-07-25T21:17:27Z,4492,0x91A6B774,P1-C1,0x9246B9C0,12,Ryu,0x0131,,18,P2-C1,0x927EB9E0,1,Ken the Eagle,0x00000009,"Mid, Light Hit",0x00000040,Common normal-hit bit,0x00000000,0x00000000,0x00000000,100,0x00010009,0x00000000,0x83006004,0x83006004,0x00000000,0x00000000,0x000003E8
2026-07-25T21:17:27Z,4492,0x91A6B774,P1-C1,0x9246B9C0,12,Ryu,0x00A2,,0,P2-C1,0x927EB9E0,1,Ken the Eagle,0x00000009,"Mid, Light Hit",0x00000040,Common normal-hit bit,0x00000000,0x00000000,0x00000000,100,0x00010009,0x00000000,0x83006004,0x83006004,0x00000000,0x00000000,0x000003E8
2026-07-25T21:17:27Z,4492,0x91A6B774,P1-C1,0x9246B9C0,12,Ryu,0x0001,,0,P2-C1,0x927EB9E0,1,Ken the Eagle,0x00000009,"Mid, Light Hit",0x00000040,Common normal-hit bit,0x00000000,0x00000000,0x00000000,100,0x00010009,0x00000000,0x83006004,0x83006004,0x00000000,0x00000000,0x000003E8
2026-07-25T21:17:27Z,4493,0x91A6B774,P1-C1,0x9246B9C0,12,Ryu,0x000A,,1,P2-C1,0x927EB9E0,1,Ken the Eagle,0x00000009,"Mid, Light Hit",0x00000040,Common normal-hit bit,0x00000000,0x00000000,0x00000000,100,0x00010009,0x00000000,0x83006004,0x83006004,0x00000000,0x00000000,0x000003E8
2026-07-25T21:17:27Z,4493,0x91A6B774,P1-C1,0x9246B9C0,12,Ryu,0x000B,,0,P2-C1,0x927EB9E0,1,Ken the Eagle,0x00000009,"Mid, Light Hit",0x00000040,Common normal-hit bit,0x00000000,0x00000000,0x00000000,100,0x00010009,0x00000000,0x83006004,0x83006004,0x00000000,0x00000000,0x000003E8
2026-07-25T21:17:27Z,4493,0x91A6B774,P1-C1,0x9246B9C0,12,Ryu,0x0003,,0,P2-C1,0x927EB9E0,1,Ken the Eagle,0x00000009,"Mid, Light Hit",0x00000040,Common normal-hit bit,0x00000000,0x00000000,0x00000000,100,0x00010009,0x00000000,0x83006004,0x83006004,0x00000000,0x00000000,0x000003E8
2026-07-25T21:17:27Z,4493,0x91A6B774,P1-C1,0x9246B9C0,12,Ryu,0x001F,,0,P2-C1,0x927EB9E0,1,Ken the Eagle,0x00000009,"Mid, Light Hit",0x00000040,Common normal-hit bit,0x00000000,0x00000000,0x00000000,100,0x00010009,0x00000000,0x83006004,0x00400000,0x00000000,0x00000000,0x000003E8
2026-07-25T21:17:39Z,4529,0x91A6B774,P1-C1,0x9246B9C0,12,Ryu,0x0131,Hado M,16,P2-C1,0x927EB9E0,1,Ken the Eagle,0x0000000C,"Mid, Heavy Hit",0x00040102,"One-eighth block-damage route B, Init/default bit, Default collision family",0x00000000,0x00000000,0x00000000,2800,0x00010009,0x00000000,0x83000004,0x00000000,0x00000000,0x00000000,0x000003E8
2026-07-25T21:17:39Z,4529,0x91A6B774,P1-C1,0x9246B9C0,12,Ryu,0x0131,Hado M,17,P2-C1,0x927EB9E0,1,Ken the Eagle,0x00000009,"Mid, Light Hit",0x00000040,Common normal-hit bit,0x00000000,0x00000000,0x00000000,100,0x00010009,0x00000000,0x83002004,0x83002004,0x00000000,0x00000000,0x000003E8
2026-07-25T21:17:39Z,4529,0x91A6B774,P1-C1,0x9246B9C0,12,Ryu,0x0131,Hado M,18,P2-C1,0x927EB9E0,1,Ken the Eagle,0x00000009,"Mid, Light Hit",0x00000040,Common normal-hit bit,0x00000000,0x00000000,0x00000000,100,0x00010009,0x00000000,0x83006004,0x83006004,0x00000000,0x00000000,0x000003E8
2026-07-25T21:17:39Z,4529,0x91A6B774,P1-C1,0x9246B9C0,12,Ryu,0x0131,Hado M,19,P2-C1,0x927EB9E0,1,Ken the Eagle,0x00000009,"Mid, Light Hit",0x00000040,Common normal-hit bit,0x00000000,0x00000000,0x00000000,100,0x00010009,0x00000000,0x83006004,0x00400000,0x00000000,0x00000000,0x000003E8
2026-07-25T21:17:44Z,4550,0x91A6B774,P1-C1,0x9246B9C0,12,Ryu,0x0131,Hado M,16,P2-C1,0x927EB9E0,1,Ken the Eagle,0x0000000C,"Mid, Heavy Hit",0x00040102,"One-eighth block-damage route B, Init/default bit, Default collision family",0x00000000,0x00000000,0x00000000,2800,0x00010009,0x00000000,0x83000004,0x00000000,0x00000000,0x00000000,0x000003E8
2026-07-25T21:17:44Z,4550,0x91A6B774,P1-C1,0x9246B9C0,12,Ryu,0x0131,Hado M,17,P2-C1,0x927EB9E0,1,Ken the Eagle,0x00000009,"Mid, Light Hit",0x00000040,Common normal-hit bit,0x00000000,0x00000000,0x00000000,100,0x00010009,0x00000000,0x83002004,0x83002004,0x00000000,0x00000000,0x000003E8
2026-07-25T21:17:44Z,4550,0x91A6B774,P1-C1,0x9246B9C0,12,Ryu,0x0131,Hado M,18,P2-C1,0x927EB9E0,1,Ken the Eagle,0x00000009,"Mid, Light Hit",0x00000040,Common normal-hit bit,0x00000000,0x00000000,0x00000000,100,0x00010009,0x00000000,0x83006004,0x83006004,0x00000000,0x00000000,0x000003E8
2026-07-25T21:17:44Z,4550,0x91A6B774,P1-C1,0x9246B9C0,12,Ryu,0x00A2,,0,P2-C1,0x927EB9E0,1,Ken the Eagle,0x00000009,"Mid, Light Hit",0x00000040,Common normal-hit bit,0x00000000,0x00000000,0x00000000,100,0x00010009,0x00000000,0x83006004,0x83006004,0x00000000,0x00000000,0x000003E8
2026-07-25T21:17:44Z,4550,0x91A6B774,P1-C1,0x9246B9C0,12,Ryu,0x0001,,0,P2-C1,0x927EB9E0,1,Ken the Eagle,0x00000009,"Mid, Light Hit",0x00000040,Common normal-hit bit,0x00000000,0x00000000,0x00000000,100,0x00010009,0x00000000,0x83006004,0x83006004,0x00000000,0x00000000,0x000003E8
2026-07-25T21:17:44Z,4550,0x91A6B774,P1-C1,0x9246B9C0,12,Ryu,0x000A,,0,P2-C1,0x927EB9E0,1,Ken the Eagle,0x00000009,"Mid, Light Hit",0x00000040,Common normal-hit bit,0x00000000,0x00000000,0x00000000,100,0x00010009,0x00000000,0x83006004,0x83006004,0x00000000,0x00000000,0x000003E8
2026-07-25T21:17:44Z,4550,0x91A6B774,P1-C1,0x9246B9C0,12,Ryu,0x000B,,0,P2-C1,0x927EB9E0,1,Ken the Eagle,0x00000009,"Mid, Light Hit",0x00000040,Common normal-hit bit,0x00000000,0x00000000,0x00000000,100,0x00010009,0x00000000,0x83006004,0x83006004,0x00000000,0x00000000,0x000003E8
2026-07-25T21:17:45Z,4551,0x91A6B774,P1-C1,0x9246B9C0,12,Ryu,0x001F,,0,P2-C1,0x927EB9E0,1,Ken the Eagle,0x00000009,"Mid, Light Hit",0x00000040,Common normal-hit bit,0x00000000,0x00000000,0x00000000,100,0x00010009,0x00000000,0x83006004,0x00400000,0x00000000,0x00000000,0x000003E8
2026-07-25T21:17:52Z,4578,0x91A6B774,P1-C1,0x9246B9C0,12,Ryu,0x0131,,16,P2-C1,0x927EB9E0,1,Ken the Eagle,0x0000000C,"Mid, Heavy Hit",0x00040102,"One-eighth block-damage route B, Init/default bit, Default collision family",0x00000000,0x00000000,0x00000000,2800,0x00010009,0x00000000,0x83000004,0x00000000,0x00000000,0x00000000,0x000003E8
2026-07-25T21:17:52Z,4578,0x91A6B774,P1-C1,0x9246B9C0,12,Ryu,0x0131,,17,P2-C1,0x927EB9E0,1,Ken the Eagle,0x00000009,"Mid, Light Hit",0x00000040,Common normal-hit bit,0x00000000,0x00000000,0x00000000,100,0x00010009,0x00000000,0x83002004,0x83002004,0x00000000,0x00000000,0x000003E8
2026-07-25T21:17:52Z,4578,0x91A6B774,P1-C1,0x9246B9C0,12,Ryu,0x0131,,18,P2-C1,0x927EB9E0,1,Ken the Eagle,0x00000009,"Mid, Light Hit",0x00000040,Common normal-hit bit,0x00000000,0x00000000,0x00000000,100,0x00010009,0x00000000,0x83006004,0x83006004,0x00000000,0x00000000,0x000003E8
2026-07-25T21:17:52Z,4578,0x91A6B774,P1-C1,0x9246B9C0,12,Ryu,0x00A2,,0,P2-C1,0x927EB9E0,1,Ken the Eagle,0x00000009,"Mid, Light Hit",0x00000040,Common normal-hit bit,0x00000000,0x00000000,0x00000000,100,0x00010009,0x00000000,0x83006004,0x83006004,0x00000000,0x00000000,0x000003E8
2026-07-25T21:17:52Z,4579,0x91A6B774,P1-C1,0x9246B9C0,12,Ryu,0x0001,,0,P2-C1,0x927EB9E0,1,Ken the Eagle,0x00000009,"Mid, Light Hit",0x00000040,Common normal-hit bit,0x00000000,0x00000000,0x00000000,100,0x00010009,0x00000000,0x83006004,0x83006004,0x00000000,0x00000000,0x000003E8
2026-07-25T21:17:52Z,4579,0x91A6B774,P1-C1,0x9246B9C0,12,Ryu,0x000A,,0,P2-C1,0x927EB9E0,1,Ken the Eagle,0x00000009,"Mid, Light Hit",0x00000040,Common normal-hit bit,0x00000000,0x00000000,0x00000000,100,0x00010009,0x00000000,0x83006004,0x83006004,0x00000000,0x00000000,0x000003E8
2026-07-25T21:17:52Z,4579,0x91A6B774,P1-C1,0x9246B9C0,12,Ryu,0x0003,,0,P2-C1,0x927EB9E0,1,Ken the Eagle,0x00000009,"Mid, Light Hit",0x00000040,Common normal-hit bit,0x00000000,0x00000000,0x00000000,100,0x00010009,0x00000000,0x83006004,0x00400000,0x00000000,0x00000000,0x000003E8
2026-07-25T21:27:48Z,486,0x91A6E1FC,P1-C2,0x92B6BA00,2,Casshan,0x0136,,19,,0x00000000,0,,0x0000000C,"Mid, Heavy Hit",0x00040102,"One-eighth block-damage route B, Init/default bit, Default collision family",0x00000000,0x00000000,0x00000000,480,0x0200000D,0x00010100,0x03040000,0x00000000,0x00000000,0x00000000,0x000003E8
2026-07-25T21:27:48Z,486,0x91A6E1FC,P1-C2,0x92B6BA00,2,Casshan,0x00A2,,0,,0x00000000,0,,0x0000000C,"Mid, Heavy Hit",0x00040102,"One-eighth block-damage route B, Init/default bit, Default collision family",0x00000000,0x00000000,0x00000000,480,0x0200000D,0x00010100,0x03040000,0x00000000,0x00000000,0x00000000,0x000003E8
2026-07-25T21:27:48Z,486,0x91A6E1FC,P1-C2,0x92B6BA00,2,Casshan,0x0001,,0,,0x00000000,0,,0x0000000C,"Mid, Heavy Hit",0x00040102,"One-eighth block-damage route B, Init/default bit, Default collision family",0x00000000,0x00000000,0x00000000,480,0x0200000D,0x00010100,0x03040000,0x00000000,0x00000000,0x00000000,0x000003E8
2026-07-25T21:27:48Z,487,0x91A6E1FC,P1-C2,0x92B6BA00,2,Casshan,0x0001,,10,,0x00000000,0,,0x00000009,"Mid, Light Hit",0x00000040,Common normal-hit bit,0x00000000,0x00000000,0x00000000,100,0x0200000D,0x00010100,0x83040000,0x00400000,0x00000000,0x00000000,0x000003E8
2026-07-25T21:27:49Z,487,0x91A6E1FC,P1-C1,0x9246B9C0,27,Joe the Condor,0x01AA,,38,,0x00000000,0,,0x0000000C,"Mid, Heavy Hit",0x00000102,"Init/default bit, Default collision family",0x00000000,0x00000000,0x00000000,1000,0x0F010009,0x00000000,0x03040000,0x00000000,0x00000000,0x00000000,0x000003E8
2026-07-25T21:27:49Z,487,0x91A6F740,P1-C1,0x9246B9C0,27,Joe the Condor,0x01AA,,42,,0x00000000,0,,0x0000000C,"Mid, Heavy Hit",0x00000102,"Init/default bit, Default collision family",0x00000000,0x00000000,0x00000000,1000,0x0F010009,0x00000000,0x03040000,0x00000000,0x00000000,0x00000000,0x000003E9
2026-07-25T21:27:49Z,487,0x91A7CBE8,P1-C1,0x9246B9C0,27,Joe the Condor,0x01AA,,47,P2-C1,0x927EB9E0,17,Viewtiful Joe,0x0000000C,"Mid, Heavy Hit",0x00000102,"Init/default bit, Default collision family",0x00000000,0x00000000,0x00000000,1000,0x0F010009,0x00000000,0x83040004,0x00000000,0x00000000,0x00000000,0x000003EA
2026-07-25T21:27:50Z,487,0x91A7CBE8,P1-C1,0x9246B9C0,27,Joe the Condor,0x01AA,,51,P2-C1,0x927EB9E0,17,Viewtiful Joe,0x00000009,"Mid, Light Hit",0x00000040,Common normal-hit bit,0x00000000,0x00000000,0x00000000,100,0x0F010009,0x00000000,0x83046004,0x83046004,0x00000000,0x00000000,0x000003EA
2026-07-25T21:27:50Z,487,0x91A776D8,P1-C1,0x9246B9C0,27,Joe the Condor,0x01AA,,51,P2-C1,0x927EB9E0,17,Viewtiful Joe,0x0000000C,"Mid, Heavy Hit",0x00000102,"Init/default bit, Default collision family",0x00000000,0x00000000,0x00000000,1000,0x0F010009,0x00000000,0x83040004,0x00000000,0x00000000,0x00000000,0x000003EB
2026-07-25T21:27:50Z,487,0x91A776D8,P1-C1,0x9246B9C0,27,Joe the Condor,0x01AA,,53,P2-C1,0x927EB9E0,17,Viewtiful Joe,0x00000009,"Mid, Light Hit",0x00000040,Common normal-hit bit,0x00000000,0x00000000,0x00000000,100,0x0F010009,0x00000000,0x83046004,0x83046004,0x00000000,0x00000000,0x000003EB
2026-07-25T21:27:50Z,487,0x91A6E1FC,P1-C1,0x9246B9C0,27,Joe the Condor,0x01A8,,2,,0x00000000,0,,0x0000000C,"Mid, Heavy Hit",0x00000102,"Init/default bit, Default collision family",0x00000000,0x00000000,0x00000000,1000,0x0F010009,0x00000000,0x03040000,0x00000000,0x00000000,0x00000000,0x000003E8
2026-07-25T21:27:50Z,487,0x91A6F740,P1-C1,0x9246B9C0,27,Joe the Condor,0x01A8,,2,,0x00000000,0,,0x0000000C,"Mid, Heavy Hit",0x00000102,"Init/default bit, Default collision family",0x00000000,0x00000000,0x00000000,1000,0x0F010009,0x00000000,0x03040000,0x00000000,0x00000000,0x00000000,0x000003E9
2026-07-25T21:27:50Z,487,0x91A7CBE8,P1-C1,0x9246B9C0,27,Joe the Condor,0x01A8,,2,P2-C1,0x927EB9E0,17,Viewtiful Joe,0x00000009,"Mid, Light Hit",0x00000040,Common normal-hit bit,0x00000000,0x00000000,0x00000000,100,0x0F010009,0x00000000,0x83046004,0x83046004,0x00000000,0x00000000,0x000003EA
2026-07-25T21:27:50Z,487,0x91A776D8,P1-C1,0x9246B9C0,27,Joe the Condor,0x01A8,,2,P2-C1,0x927EB9E0,17,Viewtiful Joe,0x00000009,"Mid, Light Hit",0x00000040,Common normal-hit bit,0x00000000,0x00000000,0x00000000,100,0x0F010009,0x00000000,0x83046004,0x83046004,0x00000000,0x00000000,0x000003EB
2026-07-25T21:27:50Z,487,0x91A6E1FC,P1-C1,0x9246B9C0,27,Joe the Condor,0x01A8,,16,,0x00000000,0,,0x00000009,"Mid, Light Hit",0x00000040,Common normal-hit bit,0x00000000,0x00000000,0x00000000,100,0x00000000,0x00000000,0x83040000,0x00400000,0x00000000,0x00000000,0x000003E8
2026-07-25T21:27:50Z,487,0x91A6F740,P1-C1,0x9246B9C0,27,Joe the Condor,0x01A8,,20,,0x00000000,0,,0x00000009,"Mid, Light Hit",0x00000040,Common normal-hit bit,0x00000000,0x00000000,0x00000000,100,0x0F010009,0x00000000,0x83040000,0x00400000,0x00000000,0x00000000,0x000003E9
2026-07-25T21:27:50Z,487,0x91A7CBE8,P1-C1,0x9246B9C0,27,Joe the Condor,0x01A8,,26,P2-C1,0x927EB9E0,17,Viewtiful Joe,0x00000009,"Mid, Light Hit",0x00000040,Common normal-hit bit,0x00000000,0x00000000,0x00000000,100,0x0F010009,0x00000000,0x83046004,0x00400000,0x00000000,0x00000000,0x000003EA
2026-07-25T21:27:50Z,487,0x91A776D8,P1-C1,0x9246B9C0,27,Joe the Condor,0x01A1,,0,P2-C1,0x927EB9E0,17,Viewtiful Joe,0x00000009,"Mid, Light Hit",0x00000040,Common normal-hit bit,0x00000000,0x00000000,0x00000000,100,0x00000000,0x00000000,0x83046004,0x00400000,0x00000000,0x00000000,0x000003EB
2026-07-25T21:27:56Z,489,0x91A776D8,P1-C1,0x9246B9C0,27,Joe the Condor,0x01AA,,53,,0x00000000,0,,0x0000000C,"Mid, Heavy Hit",0x00000102,"Init/default bit, Default collision family",0x00000000,0x00000000,0x00000000,1000,0x0F010009,0x00000000,0x03040000,0x00000000,0x00000000,0x00000000,0x000003E8
2026-07-25T21:27:56Z,489,0x91A7CBE8,P1-C1,0x9246B9C0,27,Joe the Condor,0x01AA,,53,,0x00000000,0,,0x0000000C,"Mid, Heavy Hit",0x00000102,"Init/default bit, Default collision family",0x00000000,0x00000000,0x00000000,1000,0x0F010009,0x00000000,0x03040000,0x00000000,0x00000000,0x00000000,0x000003E9
2026-07-25T21:27:56Z,489,0x91A6F740,P1-C1,0x9246B9C0,27,Joe the Condor,0x01AA,,53,,0x00000000,0,,0x0000000C,"Mid, Heavy Hit",0x00000102,"Init/default bit, Default collision family",0x00000000,0x00000000,0x00000000,1000,0x0F010009,0x00000000,0x03040000,0x00000000,0x00000000,0x00000000,0x000003EA
2026-07-25T21:27:56Z,489,0x91A6E1FC,P1-C1,0x9246B9C0,27,Joe the Condor,0x01AA,,53,,0x00000000,0,,0x0000000C,"Mid, Heavy Hit",0x00000102,"Init/default bit, Default collision family",0x00000000,0x00000000,0x00000000,1000,0x0F010009,0x00000000,0x03040000,0x00000000,0x00000000,0x00000000,0x000003EB
2026-07-25T21:27:56Z,489,0x91A776D8,P1-C1,0x9246B9C0,27,Joe the Condor,0x01A8,,0,,0x00000000,0,,0x0000000C,"Mid, Heavy Hit",0x00000102,"Init/default bit, Default collision family",0x00000000,0x00000000,0x00000000,1000,0x0F010009,0x00000000,0x03040000,0x00000000,0x00000000,0x00000000,0x000003E8
2026-07-25T21:27:56Z,489,0x91A7CBE8,P1-C1,0x9246B9C0,27,Joe the Condor,0x01A8,,0,,0x00000000,0,,0x0000000C,"Mid, Heavy Hit",0x00000102,"Init/default bit, Default collision family",0x00000000,0x00000000,0x00000000,1000,0x0F010009,0x00000000,0x03040000,0x00000000,0x00000000,0x00000000,0x000003E9
2026-07-25T21:27:56Z,489,0x91A6F740,P1-C1,0x9246B9C0,27,Joe the Condor,0x01A8,,0,,0x00000000,0,,0x0000000C,"Mid, Heavy Hit",0x00000102,"Init/default bit, Default collision family",0x00000000,0x00000000,0x00000000,1000,0x0F010009,0x00000000,0x03040000,0x00000000,0x00000000,0x00000000,0x000003EA
2026-07-25T21:27:56Z,489,0x91A6E1FC,P1-C1,0x9246B9C0,27,Joe the Condor,0x01A8,,0,,0x00000000,0,,0x0000000C,"Mid, Heavy Hit",0x00000102,"Init/default bit, Default collision family",0x00000000,0x00000000,0x00000000,1000,0x0F010009,0x00000000,0x03040000,0x00000000,0x00000000,0x00000000,0x000003EB
2026-07-25T21:27:57Z,489,0x91A7CBE8,P1-C1,0x9246B9C0,27,Joe the Condor,0x01A8,,22,,0x00000000,0,,0x00000009,"Mid, Light Hit",0x00000040,Common normal-hit bit,0x00000000,0x00000000,0x00000000,100,0x00000000,0x00000000,0x83040000,0x00400000,0x00000000,0x00000000,0x000003E9
2026-07-25T21:27:57Z,489,0x91A6F740,P1-C1,0x9246B9C0,27,Joe the Condor,0x01A8,,26,,0x00000000,0,,0x00000009,"Mid, Light Hit",0x00000040,Common normal-hit bit,0x00000000,0x00000000,0x00000000,100,0x0F010009,0x00000000,0x83040000,0x00400000,0x00000000,0x00000000,0x000003EA
2026-07-25T21:27:57Z,489,0x91A6E1FC,P1-C1,0x9246B9C0,27,Joe the Condor,0x01A1,,30,,0x00000000,0,,0x00000009,"Mid, Light Hit",0x00000040,Common normal-hit bit,0x00000000,0x00000000,0x00000000,100,0x00000000,0x00000000,0x83040000,0x00400000,0x00000000,0x00000000,0x000003EB
2026-07-25T21:28:23Z,506,0x91A6E1FC,P1-C2,0x92B6BA00,2,Casshan,0x0136,,14,,0x00000000,0,,0x0000000C,"Mid, Heavy Hit",0x00040102,"One-eighth block-damage route B, Init/default bit, Default collision family",0x00000000,0x00000000,0x00000000,480,0x0200000D,0x00010100,0x03040000,0x00000000,0x00000000,0x00000000,0x000003E8
2026-07-25T21:28:24Z,508,0x91A6E1FC,P1-C2,0x92B6BA00,2,Casshan,0x0136,Knee A,27,,0x00000000,0,,0x00000009,"Mid, Light Hit",0x00000040,Common normal-hit bit,0x00000000,0x00000000,0x00000000,100,0x0200000D,0x00010100,0x83040000,0x00400000,0x00000000,0x00000000,0x000003E8
2026-07-25T21:28:29Z,527,0x91A6E1FC,P1-C2,0x92B6BA00,2,Casshan,0x0136,,15,,0x00000000,0,,0x0000000C,"Mid, Heavy Hit",0x00040102,"One-eighth block-damage route B, Init/default bit, Default collision family",0x00000000,0x00000000,0x00000000,480,0x0200000D,0x00010100,0x03040000,0x00000000,0x00000000,0x00000000,0x000003E8
2026-07-25T21:28:30Z,529,0x91A6E1FC,P1-C2,0x92B6BA00,2,Casshan,0x0136,Knee A,27,,0x00000000,0,,0x00000009,"Mid, Light Hit",0x00000040,Common normal-hit bit,0x00000000,0x00000000,0x00000000,100,0x0200000D,0x00010100,0x83040000,0x00400000,0x00000000,0x00000000,0x000003E8
2026-07-25T21:28:33Z,538,0x91A6E1FC,P1-C2,0x92B6BA00,2,Casshan,0x0136,,15,,0x00000000,0,,0x0000000C,"Mid, Heavy Hit",0x00040102,"One-eighth block-damage route B, Init/default bit, Default collision family",0x00000000,0x00000000,0x00000000,480,0x0200000D,0x00010100,0x03040000,0x00000000,0x00000000,0x00000000,0x000003E8
2026-07-25T21:28:33Z,539,0x91A6E1FC,P1-C2,0x92B6BA00,2,Casshan,0x0136,Knee A,27,,0x00000000,0,,0x00000009,"Mid, Light Hit",0x00000040,Common normal-hit bit,0x00000000,0x00000000,0x00000000,100,0x0200000D,0x00010100,0x83040000,0x00400000,0x00000000,0x00000000,0x000003E8
2026-07-25T21:28:36Z,543,0x91A6E1FC,P1-C2,0x92B6BA00,2,Casshan,0x0136,Knee A,15,,0x00000000,0,,0x0000000C,"Mid, Heavy Hit",0x00040102,"One-eighth block-damage route B, Init/default bit, Default collision family",0x00000000,0x00000000,0x00000000,480,0x0200000D,0x00010100,0x03040000,0x00000000,0x00000000,0x00000000,0x000003E8
2026-07-25T21:28:37Z,544,0x91A6E1FC,P1-C2,0x92B6BA00,2,Casshan,0x0136,Knee A,27,,0x00000000,0,,0x00000009,"Mid, Light Hit",0x00000040,Common normal-hit bit,0x00000000,0x00000000,0x00000000,100,0x0200000D,0x00010100,0x83040000,0x00400000,0x00000000,0x00000000,0x000003E8
2026-07-25T21:28:39Z,558,0x91A6E1FC,P1-C2,0x92B6BA00,2,Casshan,0x0160,Brutal Axe,103,,0x00000000,0,,0x00000009,"Mid, Light Hit",0x00000040,Common normal-hit bit,0x00000000,0x00000000,0x00000000,100,0x0E02000D,0x10010000,0x03040000,0x00000000,0x00000000,0x00000003,0x000003E8
2026-07-25T21:28:39Z,558,0x91A6E1FC,P1-C2,0x92B6BA00,2,Casshan,0x0160,Brutal Axe,105,P2-C1,0x927EB9E0,17,Viewtiful Joe,0x0000410C,"Mid, Heavy Hit, A flags 0x00004100",0x00100123,"Damage exception route A, Paired special condition, Init/default bit, Default collision family, Unknown B bits 0x00000020",0x00000000,0x00000000,0x00000000,1440,0x0E02000D,0x10010000,0x03000000,0x00000000,0x00000000,0x00000003,0x000003E8
2026-07-25T21:28:39Z,558,0x91A6E1FC,P1-C2,0x92B6BA00,2,Casshan,0x0160,Brutal Axe,110,P2-C1,0x927EB9E0,17,Viewtiful Joe,0x0000410C,"Mid, Heavy Hit, A flags 0x00004100",0x00100123,"Damage exception route A, Paired special condition, Init/default bit, Default collision family, Unknown B bits 0x00000020",0x00000000,0x00000000,0x00000000,1440,0x0E02000D,0x10010000,0x03002004,0x00000000,0x00000000,0x00000003,0x000003E8
2026-07-25T21:28:40Z,559,0x91A6E1FC,P1-C2,0x92B6BA00,2,Casshan,0x0160,Brutal Axe,114,P2-C1,0x927EB9E0,17,Viewtiful Joe,0x0000410C,"Mid, Heavy Hit, A flags 0x00004100",0x00100123,"Damage exception route A, Paired special condition, Init/default bit, Default collision family, Unknown B bits 0x00000020",0x00000000,0x00000000,0x00000000,1440,0x0E02000D,0x10010000,0x03000000,0x00000000,0x00000000,0x00000003,0x000003E8
2026-07-25T21:28:40Z,559,0x91A6E1FC,P1-C2,0x92B6BA00,2,Casshan,0x0160,Brutal Axe,116,P2-C1,0x927EB9E0,17,Viewtiful Joe,0x0000410C,"Mid, Heavy Hit, A flags 0x00004100",0x00100123,"Damage exception route A, Paired special condition, Init/default bit, Default collision family, Unknown B bits 0x00000020",0x00000000,0x00000000,0x00000000,1440,0x0E02000D,0x10010000,0x03002004,0x00000000,0x00000000,0x00000003,0x000003E8
2026-07-25T21:28:40Z,559,0x91A6E1FC,P1-C2,0x92B6BA00,2,Casshan,0x0160,Brutal Axe,117,P2-C1,0x927EB9E0,17,Viewtiful Joe,0x0000410C,"Mid, Heavy Hit, A flags 0x00004100",0x00100123,"Damage exception route A, Paired special condition, Init/default bit, Default collision family, Unknown B bits 0x00000020",0x00000000,0x00000000,0x00000000,1440,0x0E02000D,0x10010000,0x03000000,0x00000000,0x00000000,0x00000003,0x000003E8
2026-07-25T21:28:40Z,559,0x91A6E1FC,P1-C2,0x92B6BA00,2,Casshan,0x0160,Brutal Axe,122,P2-C1,0x927EB9E0,17,Viewtiful Joe,0x0000410C,"Mid, Heavy Hit, A flags 0x00004100",0x00100123,"Damage exception route A, Paired special condition, Init/default bit, Default collision family, Unknown B bits 0x00000020",0x00000000,0x00000000,0x00000000,1440,0x0E02000D,0x10010000,0x03002004,0x00000000,0x00000000,0x00000003,0x000003E8
2026-07-25T21:28:40Z,559,0x91A6E1FC,P1-C2,0x92B6BA00,2,Casshan,0x0160,Brutal Axe,123,P2-C1,0x927EB9E0,17,Viewtiful Joe,0x0000410C,"Mid, Heavy Hit, A flags 0x00004100",0x00100123,"Damage exception route A, Paired special condition, Init/default bit, Default collision family, Unknown B bits 0x00000020",0x00000000,0x00000000,0x00000000,1440,0x0E02000D,0x10010000,0x03000000,0x00000000,0x00000000,0x00000003,0x000003E8
2026-07-25T21:28:40Z,559,0x91A6E1FC,P1-C2,0x92B6BA00,2,Casshan,0x0160,Brutal Axe,128,P2-C1,0x927EB9E0,17,Viewtiful Joe,0x0000410C,"Mid, Heavy Hit, A flags 0x00004100",0x00100123,"Damage exception route A, Paired special condition, Init/default bit, Default collision family, Unknown B bits 0x00000020",0x00000000,0x00000000,0x00000000,1440,0x0E02000D,0x10010000,0x03002004,0x00000000,0x00000000,0x00000003,0x000003E8
2026-07-25T21:28:40Z,559,0x91A6E1FC,P1-C2,0x92B6BA00,2,Casshan,0x0160,Brutal Axe,129,P2-C1,0x927EB9E0,17,Viewtiful Joe,0x0000410C,"Mid, Heavy Hit, A flags 0x00004100",0x00100123,"Damage exception route A, Paired special condition, Init/default bit, Default collision family, Unknown B bits 0x00000020",0x00000000,0x00000000,0x00000000,1440,0x0E02000D,0x10010000,0x03000000,0x00000000,0x00000000,0x00000003,0x000003E8
2026-07-25T21:28:40Z,559,0x91A6E1FC,P1-C2,0x92B6BA00,2,Casshan,0x0160,Brutal Axe,134,P2-C1,0x927EB9E0,17,Viewtiful Joe,0x0000410C,"Mid, Heavy Hit, A flags 0x00004100",0x00100123,"Damage exception route A, Paired special condition, Init/default bit, Default collision family, Unknown B bits 0x00000020",0x00000000,0x00000000,0x00000000,1440,0x0E02000D,0x10010000,0x03002004,0x00000000,0x00000000,0x00000003,0x000003E8
2026-07-25T21:28:40Z,559,0x91A6E1FC,P1-C2,0x92B6BA00,2,Casshan,0x0160,Brutal Axe,135,P2-C1,0x927EB9E0,17,Viewtiful Joe,0x0000410C,"Mid, Heavy Hit, A flags 0x00004100",0x00100123,"Damage exception route A, Paired special condition, Init/default bit, Default collision family, Unknown B bits 0x00000020",0x00000000,0x00000000,0x00000000,1440,0x0E02000D,0x10010000,0x03000000,0x00000000,0x00000000,0x00000003,0x000003E8
2026-07-25T21:28:40Z,560,0x91A6E1FC,P1-C2,0x92B6BA00,2,Casshan,0x0160,Brutal Axe,146,P2-C1,0x927EB9E0,17,Viewtiful Joe,0x00000009,"Mid, Light Hit",0x00000040,Common normal-hit bit,0x00000000,0x00000000,0x00000000,100,0x0E02000D,0x10010000,0x83002004,0x83002004,0x00000000,0x00000003,0x000003E8
2026-07-25T21:28:40Z,560,0x91A6E1FC,P1-C2,0x92B6BA00,2,Casshan,0x0160,Brutal Axe,147,P2-C1,0x927EB9E0,17,Viewtiful Joe,0x00000009,"Mid, Light Hit",0x00000040,Common normal-hit bit,0x00000000,0x00000000,0x00000000,100,0x0E02000D,0x10010000,0x83006004,0x83006004,0x00000000,0x00000003,0x000003E8
2026-07-25T21:28:40Z,561,0x91A6E1FC,P1-C2,0x92B6BA00,2,Casshan,0x0160,Brutal Axe,152,P2-C1,0x927EB9E0,17,Viewtiful Joe,0x00000009,"Mid, Light Hit",0x00000040,Common normal-hit bit,0x00000000,0x00000000,0x00000000,100,0x0E02000D,0x10010000,0x83006004,0x00400000,0x00000000,0x00000003,0x000003E8
2026-07-25T21:55:15Z,112,0x91A6E1FC,P1-C2,0x92B6BA00,2,Casshan,0x0136,,15,,0x00000000,0,,0x0000000C,"Mid, Heavy Hit",0x00040102,"One-eighth block-damage route B, Init/default bit, Default collision family",0x00000000,0x00000000,0x00000000,480,0x0200000D,0x00010100,0x03040000,0x00000000,0x00000000,0x00000000,0x000003E8
2026-07-25T21:55:15Z,114,0x91A6E1FC,P1-C2,0x92B6BA00,2,Casshan,0x0136,Knee A,27,,0x00000000,0,,0x00000009,"Mid, Light Hit",0x00000040,Common normal-hit bit,0x00000000,0x00000000,0x00000000,100,0x0200000D,0x00010100,0x83040000,0x00400000,0x00000000,0x00000000,0x000003E8
2026-07-25T21:55:20Z,133,0x91A6E1FC,P1-C2,0x92B6BA00,2,Casshan,0x0136,Knee A,16,,0x00000000,0,,0x0000000C,"Mid, Heavy Hit",0x00040102,"One-eighth block-damage route B, Init/default bit, Default collision family",0x00000000,0x00000000,0x00000000,480,0x0200000D,0x00010100,0x03040000,0x00000000,0x00000000,0x00000000,0x000003E8
2026-07-25T21:55:20Z,133,0x91A6E1FC,P1-C2,0x92B6BA00,2,Casshan,0x0136,Knee A,27,,0x00000000,0,,0x00000009,"Mid, Light Hit",0x00000040,Common normal-hit bit,0x00000000,0x00000000,0x00000000,100,0x0200000D,0x00010100,0x83040000,0x00400000,0x00000000,0x00000000,0x000003E8
2026-07-25T21:55:23Z,144,0x91A6E1FC,P1-C2,0x92B6BA00,2,Casshan,0x0136,,15,,0x00000000,0,,0x0000000C,"Mid, Heavy Hit",0x00040102,"One-eighth block-damage route B, Init/default bit, Default collision family",0x00000000,0x00000000,0x00000000,480,0x0200000D,0x00010100,0x03040000,0x00000000,0x00000000,0x00000000,0x000003E8
2026-07-25T21:55:24Z,145,0x91A6E1FC,P1-C2,0x92B6BA00,2,Casshan,0x0136,Knee A,27,,0x00000000,0,,0x00000009,"Mid, Light Hit",0x00000040,Common normal-hit bit,0x00000000,0x00000000,0x00000000,100,0x0200000D,0x00010100,0x83040000,0x00400000,0x00000000,0x00000000,0x000003E8
2026-07-25T21:55:51Z,248,0x91A6E1FC,P1-C2,0x92B6BA00,2,Casshan,0x0136,Knee A,15,,0x00000000,0,,0x0000000C,"Mid, Heavy Hit",0x00040102,"One-eighth block-damage route B, Init/default bit, Default collision family",0x00000000,0x00000000,0x00000000,480,0x0200000D,0x00010100,0x03040000,0x00000000,0x00000000,0x00000000,0x000003E8
2026-07-25T21:55:51Z,250,0x91A6E1FC,P1-C2,0x92B6BA00,2,Casshan,0x0136,Knee A,27,,0x00000000,0,,0x00000009,"Mid, Light Hit",0x00000040,Common normal-hit bit,0x00000000,0x00000000,0x00000000,100,0x0200000D,0x00010100,0x83040000,0x00400000,0x00000000,0x00000000,0x000003E8
2026-07-25T21:56:44Z,617,0x91A6B774,P1-C1,0x9246B9C0,12,Ryu,0x0131,,16,P2-C1,0x927EB9E0,1,Ken the Eagle,0x0000000C,"Mid, Heavy Hit",0x00040102,"One-eighth block-damage route B, Init/default bit, Default collision family",0x00000000,0x00000000,0x00000000,2800,0x00010009,0x00000000,0x83040004,0x00000000,0x00000000,0x00000000,0x000003E8
2026-07-25T21:56:44Z,617,0x91A6B774,P1-C1,0x9246B9C0,12,Ryu,0x0131,,16,P2-C1,0x927EB9E0,1,Ken the Eagle,0x0000000C,"Mid, Heavy Hit",0x00040102,"One-eighth block-damage route B, Init/default bit, Default collision family",0x00000000,0x00000000,0x00000000,2800,0x00010009,0x00000000,0x83000004,0x00000000,0x00000000,0x00000000,0x000003E8
2026-07-25T21:56:44Z,617,0x91A6B774,P1-C1,0x9246B9C0,12,Ryu,0x0131,,17,P2-C1,0x927EB9E0,1,Ken the Eagle,0x00000009,"Mid, Light Hit",0x00000040,Common normal-hit bit,0x00000000,0x00000000,0x00000000,100,0x00010009,0x00000000,0x83002004,0x83002004,0x00000000,0x00000000,0x000003E8
2026-07-25T21:56:44Z,617,0x91A6B774,P1-C1,0x9246B9C0,12,Ryu,0x0131,,18,P2-C1,0x927EB9E0,1,Ken the Eagle,0x00000009,"Mid, Light Hit",0x00000040,Common normal-hit bit,0x00000000,0x00000000,0x00000000,100,0x00010009,0x00000000,0x83006004,0x83006004,0x00000000,0x00000000,0x000003E8
2026-07-25T21:56:44Z,617,0x91A6B774,P1-C1,0x9246B9C0,12,Ryu,0x0131,,20,P2-C1,0x927EB9E0,1,Ken the Eagle,0x00000009,"Mid, Light Hit",0x00000040,Common normal-hit bit,0x00000000,0x00000000,0x00000000,100,0x00010009,0x00000000,0x83006004,0x00400000,0x00000000,0x00000000,0x000003E8
2026-07-25T21:57:48Z,926,0x91A6B774,P1-C1,0x9246B9C0,12,Ryu,0x0160,Shinkuu,92,,0x00000000,0,,0x0000000C,"Mid, Heavy Hit",0x00000123,"Damage exception route A, Init/default bit, Default collision family, Unknown B bits 0x00000020",0x00000000,0x00000109,0x00000023,720,0x2C06000D,0x00030000,0x03000000,0x00000000,0x00000000,0x00000003,0x000003E8
2026-07-25T21:57:49Z,931,0x91A6B774,P1-C1,0x9246B9C0,12,Ryu,0x0160,Shinkuu,138,P2-C1,0x927EB9E0,1,Ken the Eagle,0x0000000C,"Mid, Heavy Hit",0x00000123,"Damage exception route A, Init/default bit, Default collision family, Unknown B bits 0x00000020",0x00000000,0x00000109,0x00000023,720,0x2C06000D,0x00030000,0x03002004,0x00000000,0x00000000,0x00000003,0x000003E8
2026-07-25T21:57:49Z,931,0x91A6B774,P1-C1,0x9246B9C0,12,Ryu,0x0160,Shinkuu,139,P2-C1,0x927EB9E0,1,Ken the Eagle,0x0000000C,"Mid, Heavy Hit",0x00000123,"Damage exception route A, Init/default bit, Default collision family, Unknown B bits 0x00000020",0x00000000,0x00000109,0x00000023,720,0x2C06000D,0x00030000,0x03000000,0x00000000,0x00000000,0x00000003,0x000003E8
2026-07-25T21:57:49Z,932,0x91A6B774,P1-C1,0x9246B9C0,12,Ryu,0x0160,Shinkuu,143,P2-C1,0x927EB9E0,1,Ken the Eagle,0x0000000C,"Mid, Heavy Hit",0x00000123,"Damage exception route A, Init/default bit, Default collision family, Unknown B bits 0x00000020",0x00000000,0x00000109,0x00000023,720,0x2C06000D,0x00030000,0x03002004,0x00000000,0x00000000,0x00000003,0x000003E8
2026-07-25T21:57:49Z,932,0x91A6B774,P1-C1,0x9246B9C0,12,Ryu,0x0160,Shinkuu,144,P2-C1,0x927EB9E0,1,Ken the Eagle,0x0000000C,"Mid, Heavy Hit",0x00000123,"Damage exception route A, Init/default bit, Default collision family, Unknown B bits 0x00000020",0x00000000,0x00000109,0x00000023,720,0x2C06000D,0x00030000,0x03000000,0x00000000,0x00000000,0x00000003,0x000003E8
2026-07-25T21:57:49Z,932,0x91A6B774,P1-C1,0x9246B9C0,12,Ryu,0x0160,Shinkuu,148,P2-C1,0x927EB9E0,1,Ken the Eagle,0x0000000C,"Mid, Heavy Hit",0x00000123,"Damage exception route A, Init/default bit, Default collision family, Unknown B bits 0x00000020",0x00000000,0x00000109,0x00000023,720,0x2C06000D,0x00030000,0x03002004,0x00000000,0x00000000,0x00000003,0x000003E8
2026-07-25T21:57:49Z,932,0x91A6B774,P1-C1,0x9246B9C0,12,Ryu,0x0160,Shinkuu,149,P2-C1,0x927EB9E0,1,Ken the Eagle,0x0000000C,"Mid, Heavy Hit",0x00000123,"Damage exception route A, Init/default bit, Default collision family, Unknown B bits 0x00000020",0x00000000,0x00000109,0x00000023,720,0x2C06000D,0x00030000,0x03000000,0x00000000,0x00000000,0x00000003,0x000003E8
2026-07-25T21:57:49Z,932,0x91A6B774,P1-C1,0x9246B9C0,12,Ryu,0x0160,Shinkuu,153,P2-C1,0x927EB9E0,1,Ken the Eagle,0x0000000C,"Mid, Heavy Hit",0x00000123,"Damage exception route A, Init/default bit, Default collision family, Unknown B bits 0x00000020",0x00000000,0x00000109,0x00000023,720,0x2C06000D,0x00030000,0x03002004,0x00000000,0x00000000,0x00000003,0x000003E8
2026-07-25T21:57:49Z,932,0x91A6B774,P1-C1,0x9246B9C0,12,Ryu,0x0160,Shinkuu,154,P2-C1,0x927EB9E0,1,Ken the Eagle,0x0000000C,"Mid, Heavy Hit",0x00000123,"Damage exception route A, Init/default bit, Default collision family, Unknown B bits 0x00000020",0x00000000,0x00000109,0x00000023,720,0x2C06000D,0x00030000,0x03000000,0x00000000,0x00000000,0x00000003,0x000003E8
2026-07-25T21:57:49Z,933,0x91A6B774,P1-C1,0x9246B9C0,12,Ryu,0x0160,Shinkuu,158,P2-C1,0x927EB9E0,1,Ken the Eagle,0x0000000C,"Mid, Heavy Hit",0x00000123,"Damage exception route A, Init/default bit, Default collision family, Unknown B bits 0x00000020",0x00000000,0x00000109,0x00000023,720,0x2C06000D,0x00030000,0x03002004,0x00000000,0x00000000,0x00000003,0x000003E8
2026-07-25T21:57:49Z,933,0x91A6B774,P1-C1,0x9246B9C0,12,Ryu,0x0160,Shinkuu,159,P2-C1,0x927EB9E0,1,Ken the Eagle,0x0000000C,"Mid, Heavy Hit",0x00000123,"Damage exception route A, Init/default bit, Default collision family, Unknown B bits 0x00000020",0x00000000,0x00000109,0x00000023,720,0x2C06000D,0x00030000,0x03000000,0x00000000,0x00000000,0x00000003,0x000003E8
2026-07-25T21:57:49Z,933,0x91A6B774,P1-C1,0x9246B9C0,12,Ryu,0x0160,Shinkuu,163,P2-C1,0x927EB9E0,1,Ken the Eagle,0x0000000C,"Mid, Heavy Hit",0x00000123,"Damage exception route A, Init/default bit, Default collision family, Unknown B bits 0x00000020",0x00000000,0x00000109,0x00000023,720,0x2C06000D,0x00030000,0x03002004,0x00000000,0x00000000,0x00000003,0x000003E8
2026-07-25T21:57:49Z,933,0x91A6B774,P1-C1,0x9246B9C0,12,Ryu,0x0160,Shinkuu,164,P2-C1,0x927EB9E0,1,Ken the Eagle,0x0000000C,"Mid, Heavy Hit",0x00000123,"Damage exception route A, Init/default bit, Default collision family, Unknown B bits 0x00000020",0x00000000,0x00000109,0x00000023,720,0x2C06000D,0x00030000,0x03000000,0x00000000,0x00000000,0x00000003,0x000003E8
2026-07-25T21:57:49Z,934,0x91A6B774,P1-C1,0x9246B9C0,12,Ryu,0x0160,Shinkuu,168,P2-C1,0x927EB9E0,1,Ken the Eagle,0x0000000C,"Mid, Heavy Hit",0x00000123,"Damage exception route A, Init/default bit, Default collision family, Unknown B bits 0x00000020",0x00000000,0x00000109,0x00000023,720,0x2C06000D,0x00030000,0x03002004,0x00000000,0x00000000,0x00000003,0x000003E8
2026-07-25T21:57:49Z,934,0x91A6B774,P1-C1,0x9246B9C0,12,Ryu,0x0160,Shinkuu,169,P2-C1,0x927EB9E0,1,Ken the Eagle,0x0000000C,"Mid, Heavy Hit",0x00000123,"Damage exception route A, Init/default bit, Default collision family, Unknown B bits 0x00000020",0x00000000,0x00000109,0x00000023,720,0x2C06000D,0x00030000,0x03000000,0x00000000,0x00000000,0x00000003,0x000003E8
2026-07-25T21:57:50Z,934,0x91A6B774,P1-C1,0x9246B9C0,12,Ryu,0x0160,Shinkuu,178,P2-C1,0x927EB9E0,1,Ken the Eagle,0x0000000C,"Mid, Heavy Hit",0x00000123,"Damage exception route A, Init/default bit, Default collision family, Unknown B bits 0x00000020",0x00000000,0x00000109,0x00000023,720,0x2C06000D,0x00030000,0x03002004,0x00000000,0x00000000,0x00000003,0x000003E8
2026-07-25T21:57:50Z,934,0x91A6B774,P1-C1,0x9246B9C0,12,Ryu,0x0160,Shinkuu,179,P2-C1,0x927EB9E0,1,Ken the Eagle,0x0000000C,"Mid, Heavy Hit",0x00000123,"Damage exception route A, Init/default bit, Default collision family, Unknown B bits 0x00000020",0x00000000,0x00000109,0x00000023,720,0x2C06000D,0x00030000,0x03000000,0x00000000,0x00000000,0x00000003,0x000003E8
2026-07-25T21:57:50Z,935,0x91A6B774,P1-C1,0x9246B9C0,12,Ryu,0x0160,Shinkuu,183,P2-C1,0x927EB9E0,1,Ken the Eagle,0x0000000C,"Mid, Heavy Hit",0x00000123,"Damage exception route A, Init/default bit, Default collision family, Unknown B bits 0x00000020",0x00000000,0x00000109,0x00000023,720,0x2C06000D,0x00030000,0x03002004,0x00000000,0x00000000,0x00000003,0x000003E8
2026-07-25T21:57:50Z,935,0x91A6B774,P1-C1,0x9246B9C0,12,Ryu,0x0160,Shinkuu,185,P2-C1,0x927EB9E0,1,Ken the Eagle,0x0000000C,"Mid, Heavy Hit",0x00000123,"Damage exception route A, Init/default bit, Default collision family, Unknown B bits 0x00000020",0x00000000,0x00000109,0x00000023,720,0x2C06000D,0x00030000,0x03000000,0x00000000,0x00000000,0x00000003,0x000003E8
2026-07-25T21:57:50Z,935,0x91A6B774,P1-C1,0x9246B9C0,12,Ryu,0x0160,Shinkuu,189,P2-C1,0x927EB9E0,1,Ken the Eagle,0x00000009,"Mid, Light Hit",0x00000040,Common normal-hit bit,0x00000000,0x00000109,0x00000023,100,0x2C02000D,0x00030000,0x83006000,0x83006000,0x00000000,0x00000003,0x000003E8
2026-07-25T21:57:50Z,936,0x91A6B774,P1-C1,0x9246B9C0,12,Ryu,0x0160,Shinkuu,207,P2-C1,0x927EB9E0,1,Ken the Eagle,0x00000009,"Mid, Light Hit",0x00000040,Common normal-hit bit,0x00000000,0x00000109,0x00000023,100,0x00000000,0x00030000,0x83006000,0x00400000,0x00000000,0x00000003,0x000003E8
2026-07-25T21:57:56Z,956,0x91A6B774,P1-C1,0x9246B9C0,12,Ryu,0x0131,Hado M,17,P2-C1,0x927EB9E0,1,Ken the Eagle,0x00000009,"Mid, Light Hit",0x00000040,Common normal-hit bit,0x00000000,0x00000000,0x00000000,100,0x00010009,0x00000000,0x83002004,0x83002004,0x00000000,0x00000000,0x000003E8
2026-07-25T21:57:56Z,956,0x91A6B774,P1-C1,0x9246B9C0,12,Ryu,0x0131,Hado M,18,P2-C1,0x927EB9E0,1,Ken the Eagle,0x00000009,"Mid, Light Hit",0x00000040,Common normal-hit bit,0x00000000,0x00000000,0x00000000,100,0x00010009,0x00000000,0x83006004,0x83006004,0x00000000,0x00000000,0x000003E8
2026-07-25T21:57:56Z,956,0x91A6B774,P1-C1,0x9246B9C0,12,Ryu,0x00A2,,0,P2-C1,0x927EB9E0,1,Ken the Eagle,0x00000009,"Mid, Light Hit",0x00000040,Common normal-hit bit,0x00000000,0x00000000,0x00000000,100,0x00010009,0x00000000,0x83006004,0x83006004,0x00000000,0x00000000,0x000003E8
2026-07-25T21:57:56Z,956,0x91A6B774,P1-C1,0x9246B9C0,12,Ryu,0x0001,,0,P2-C1,0x927EB9E0,1,Ken the Eagle,0x00000009,"Mid, Light Hit",0x00000040,Common normal-hit bit,0x00000000,0x00000000,0x00000000,100,0x00010009,0x00000000,0x83006004,0x83006004,0x00000000,0x00000000,0x000003E8
2026-07-25T21:57:56Z,956,0x91A6B774,P1-C1,0x9246B9C0,12,Ryu,0x000A,,0,P2-C1,0x927EB9E0,1,Ken the Eagle,0x00000009,"Mid, Light Hit",0x00000040,Common normal-hit bit,0x00000000,0x00000000,0x00000000,100,0x00010009,0x00000000,0x83006004,0x83006004,0x00000000,0x00000000,0x000003E8
2026-07-25T21:57:56Z,956,0x91A6B774,P1-C1,0x9246B9C0,12,Ryu,0x000B,,0,P2-C1,0x927EB9E0,1,Ken the Eagle,0x00000009,"Mid, Light Hit",0x00000040,Common normal-hit bit,0x00000000,0x00000000,0x00000000,100,0x00010009,0x00000000,0x83006004,0x83006004,0x00000000,0x00000000,0x000003E8
2026-07-25T21:57:56Z,956,0x91A6B774,P1-C1,0x9246B9C0,12,Ryu,0x000B,,3,P2-C1,0x927EB9E0,1,Ken the Eagle,0x00000009,"Mid, Light Hit",0x00000040,Common normal-hit bit,0x00000000,0x00000000,0x00000000,100,0x00010009,0x00000000,0x83006004,0x00400000,0x00000000,0x00000000,0x000003E8
2026-07-25T21:58:01Z,974,0x91A6B774,P1-C1,0x9246B9C0,12,Ryu,0x0131,Hado M,17,P2-C1,0x927EB9E0,1,Ken the Eagle,0x00000009,"Mid, Light Hit",0x00000040,Common normal-hit bit,0x00000000,0x00000000,0x00000000,100,0x00010009,0x00000000,0x83002004,0x83002004,0x00000000,0x00000000,0x000003E8
2026-07-25T21:58:01Z,974,0x91A6B774,P1-C1,0x9246B9C0,12,Ryu,0x0131,Hado M,18,P2-C1,0x927EB9E0,1,Ken the Eagle,0x00000009,"Mid, Light Hit",0x00000040,Common normal-hit bit,0x00000000,0x00000000,0x00000000,100,0x00010009,0x00000000,0x83006004,0x83006004,0x00000000,0x00000000,0x000003E8
2026-07-25T21:58:01Z,974,0x91A6B774,P1-C1,0x9246B9C0,12,Ryu,0x00A2,,0,P2-C1,0x927EB9E0,1,Ken the Eagle,0x00000009,"Mid, Light Hit",0x00000040,Common normal-hit bit,0x00000000,0x00000000,0x00000000,100,0x00010009,0x00000000,0x83006004,0x83006004,0x00000000,0x00000000,0x000003E8
2026-07-25T21:58:01Z,974,0x91A6B774,P1-C1,0x9246B9C0,12,Ryu,0x0001,,1,P2-C1,0x927EB9E0,1,Ken the Eagle,0x00000009,"Mid, Light Hit",0x00000040,Common normal-hit bit,0x00000000,0x00000000,0x00000000,100,0x00010009,0x00000000,0x83006004,0x83006004,0x00000000,0x00000000,0x000003E8
2026-07-25T21:58:01Z,974,0x91A6B774,P1-C1,0x9246B9C0,12,Ryu,0x000A,,1,P2-C1,0x927EB9E0,1,Ken the Eagle,0x00000009,"Mid, Light Hit",0x00000040,Common normal-hit bit,0x00000000,0x00000000,0x00000000,100,0x00010009,0x00000000,0x83006004,0x83006004,0x00000000,0x00000000,0x000003E8
2026-07-25T21:58:01Z,974,0x91A6B774,P1-C1,0x9246B9C0,12,Ryu,0x000B,,0,P2-C1,0x927EB9E0,1,Ken the Eagle,0x00000009,"Mid, Light Hit",0x00000040,Common normal-hit bit,0x00000000,0x00000000,0x00000000,100,0x00010009,0x00000000,0x83006004,0x83006004,0x00000000,0x00000000,0x000003E8
2026-07-25T21:58:01Z,974,0x91A6B774,P1-C1,0x9246B9C0,12,Ryu,0x0003,,0,P2-C1,0x927EB9E0,1,Ken the Eagle,0x00000009,"Mid, Light Hit",0x00000040,Common normal-hit bit,0x00000000,0x00000000,0x00000000,100,0x00010009,0x00000000,0x83006004,0x83006004,0x00000000,0x00000000,0x000003E8
2026-07-25T21:58:01Z,974,0x91A6B774,P1-C1,0x9246B9C0,12,Ryu,0x0003,,2,P2-C1,0x927EB9E0,1,Ken the Eagle,0x00000009,"Mid, Light Hit",0x00000040,Common normal-hit bit,0x00000000,0x00000000,0x00000000,100,0x00010009,0x00000000,0x83006004,0x00400000,0x00000000,0x00000000,0x000003E8
2026-07-25T21:58:11Z,1012,0x91A6B774,P1-C1,0x9246B9C0,12,Ryu,0x0131,Hado M,16,P2-C1,0x927EB9E0,1,Ken the Eagle,0x0000000C,"Mid, Heavy Hit",0x00040102,"One-eighth block-damage route B, Init/default bit, Default collision family",0x00000000,0x00000000,0x00000000,2800,0x00010009,0x00000000,0x83000004,0x00000000,0x00000000,0x00000000,0x000003E8
2026-07-25T21:58:11Z,1012,0x91A6B774,P1-C1,0x9246B9C0,12,Ryu,0x0131,Hado M,17,P2-C1,0x927EB9E0,1,Ken the Eagle,0x00000009,"Mid, Light Hit",0x00000040,Common normal-hit bit,0x00000000,0x00000000,0x00000000,100,0x00010009,0x00000000,0x83002004,0x83002004,0x00000000,0x00000000,0x000003E8
2026-07-25T21:58:11Z,1012,0x91A6B774,P1-C1,0x9246B9C0,12,Ryu,0x0131,Hado M,18,P2-C1,0x927EB9E0,1,Ken the Eagle,0x00000009,"Mid, Light Hit",0x00000040,Common normal-hit bit,0x00000000,0x00000000,0x00000000,100,0x00010009,0x00000000,0x83006004,0x83006004,0x00000000,0x00000000,0x000003E8
2026-07-25T21:58:11Z,1012,0x91A6B774,P1-C1,0x9246B9C0,12,Ryu,0x00A2,,0,P2-C1,0x927EB9E0,1,Ken the Eagle,0x00000009,"Mid, Light Hit",0x00000040,Common normal-hit bit,0x00000000,0x00000000,0x00000000,100,0x00010009,0x00000000,0x83006004,0x83006004,0x00000000,0x00000000,0x000003E8
2026-07-25T21:58:11Z,1012,0x91A6B774,P1-C1,0x9246B9C0,12,Ryu,0x0001,,0,P2-C1,0x927EB9E0,1,Ken the Eagle,0x00000009,"Mid, Light Hit",0x00000040,Common normal-hit bit,0x00000000,0x00000000,0x00000000,100,0x00010009,0x00000000,0x83006004,0x83006004,0x00000000,0x00000000,0x000003E8
2026-07-25T21:58:12Z,1012,0x91A6B774,P1-C1,0x9246B9C0,12,Ryu,0x000A,,0,P2-C1,0x927EB9E0,1,Ken the Eagle,0x00000009,"Mid, Light Hit",0x00000040,Common normal-hit bit,0x00000000,0x00000000,0x00000000,100,0x00010009,0x00000000,0x83006004,0x83006004,0x00000000,0x00000000,0x000003E8
2026-07-25T21:58:12Z,1012,0x91A6B774,P1-C1,0x9246B9C0,12,Ryu,0x000B,,0,P2-C1,0x927EB9E0,1,Ken the Eagle,0x00000009,"Mid, Light Hit",0x00000040,Common normal-hit bit,0x00000000,0x00000000,0x00000000,100,0x00010009,0x00000000,0x83006004,0x83006004,0x00000000,0x00000000,0x000003E8
2026-07-25T21:58:12Z,1012,0x91A6B774,P1-C1,0x9246B9C0,12,Ryu,0x0003,,0,P2-C1,0x927EB9E0,1,Ken the Eagle,0x00000009,"Mid, Light Hit",0x00000040,Common normal-hit bit,0x00000000,0x00000000,0x00000000,100,0x00010009,0x00000000,0x83006004,0x00400000,0x00000000,0x00000000,0x000003E8
2026-07-25T21:58:21Z,1055,0x91A6B774,P1-C1,0x9246B9C0,12,Ryu,0x0160,Shinkuu,91,P2-C1,0x927EB9E0,1,Ken the Eagle,0x0000000C,"Mid, Heavy Hit",0x00000123,"Damage exception route A, Init/default bit, Default collision family, Unknown B bits 0x00000020",0x00000000,0x00000109,0x00000023,720,0x2C06000D,0x00030000,0x03000004,0x00000000,0x00000000,0x00000003,0x000003E8
2026-07-25T21:58:21Z,1055,0x91A6B774,P1-C1,0x9246B9C0,12,Ryu,0x0160,Shinkuu,92,P2-C1,0x927EB9E0,1,Ken the Eagle,0x0000000C,"Mid, Heavy Hit",0x00000123,"Damage exception route A, Init/default bit, Default collision family, Unknown B bits 0x00000020",0x00000000,0x00000109,0x00000023,720,0x2C06000D,0x00030000,0x03000000,0x00000000,0x00000000,0x00000003,0x000003E8
2026-07-25T21:58:21Z,1055,0x91A6B774,P1-C1,0x9246B9C0,12,Ryu,0x0160,Shinkuu,96,P2-C1,0x927EB9E0,1,Ken the Eagle,0x0000000C,"Mid, Heavy Hit",0x00000123,"Damage exception route A, Init/default bit, Default collision family, Unknown B bits 0x00000020",0x00000000,0x00000109,0x00000023,720,0x2C06000D,0x00030000,0x03002004,0x00000000,0x00000000,0x00000003,0x000003E8
2026-07-25T21:58:21Z,1055,0x91A6B774,P1-C1,0x9246B9C0,12,Ryu,0x0160,Shinkuu,97,P2-C1,0x927EB9E0,1,Ken the Eagle,0x0000000C,"Mid, Heavy Hit",0x00000123,"Damage exception route A, Init/default bit, Default collision family, Unknown B bits 0x00000020",0x00000000,0x00000109,0x00000023,720,0x2C06000D,0x00030000,0x03000000,0x00000000,0x00000000,0x00000003,0x000003E8
2026-07-25T21:58:22Z,1055,0x91A6B774,P1-C1,0x9246B9C0,12,Ryu,0x0160,Shinkuu,101,P2-C1,0x927EB9E0,1,Ken the Eagle,0x0000000C,"Mid, Heavy Hit",0x00000123,"Damage exception route A, Init/default bit, Default collision family, Unknown B bits 0x00000020",0x00000000,0x00000109,0x00000023,720,0x2C06000D,0x00030000,0x03002004,0x00000000,0x00000000,0x00000003,0x000003E8
2026-07-25T21:58:22Z,1055,0x91A6B774,P1-C1,0x9246B9C0,12,Ryu,0x0160,Shinkuu,102,P2-C1,0x927EB9E0,1,Ken the Eagle,0x0000000C,"Mid, Heavy Hit",0x00000123,"Damage exception route A, Init/default bit, Default collision family, Unknown B bits 0x00000020",0x00000000,0x00000109,0x00000023,720,0x2C06000D,0x00030000,0x03000000,0x00000000,0x00000000,0x00000003,0x000003E8
2026-07-25T21:58:22Z,1056,0x91A6B774,P1-C1,0x9246B9C0,12,Ryu,0x0160,Shinkuu,106,P2-C1,0x927EB9E0,1,Ken the Eagle,0x0000000C,"Mid, Heavy Hit",0x00000123,"Damage exception route A, Init/default bit, Default collision family, Unknown B bits 0x00000020",0x00000000,0x00000109,0x00000023,720,0x2C06000D,0x00030000,0x03002004,0x00000000,0x00000000,0x00000003,0x000003E8
2026-07-25T21:58:22Z,1056,0x91A6B774,P1-C1,0x9246B9C0,12,Ryu,0x0160,Shinkuu,107,P2-C1,0x927EB9E0,1,Ken the Eagle,0x0000000C,"Mid, Heavy Hit",0x00000123,"Damage exception route A, Init/default bit, Default collision family, Unknown B bits 0x00000020",0x00000000,0x00000109,0x00000023,720,0x2C06000D,0x00030000,0x03000000,0x00000000,0x00000000,0x00000003,0x000003E8
2026-07-25T21:58:22Z,1056,0x91A6B774,P1-C1,0x9246B9C0,12,Ryu,0x0160,Shinkuu,111,P2-C1,0x927EB9E0,1,Ken the Eagle,0x0000000C,"Mid, Heavy Hit",0x00000123,"Damage exception route A, Init/default bit, Default collision family, Unknown B bits 0x00000020",0x00000000,0x00000109,0x00000023,720,0x2C06000D,0x00030000,0x03002004,0x00000000,0x00000000,0x00000003,0x000003E8
2026-07-25T21:58:22Z,1056,0x91A6B774,P1-C1,0x9246B9C0,12,Ryu,0x0160,Shinkuu,112,P2-C1,0x927EB9E0,1,Ken the Eagle,0x0000000C,"Mid, Heavy Hit",0x00000123,"Damage exception route A, Init/default bit, Default collision family, Unknown B bits 0x00000020",0x00000000,0x00000109,0x00000023,720,0x2C06000D,0x00030000,0x03000000,0x00000000,0x00000000,0x00000003,0x000003E8
2026-07-25T21:58:22Z,1057,0x91A6B774,P1-C1,0x9246B9C0,12,Ryu,0x0160,Shinkuu,121,P2-C1,0x927EB9E0,1,Ken the Eagle,0x0000000C,"Mid, Heavy Hit",0x00000123,"Damage exception route A, Init/default bit, Default collision family, Unknown B bits 0x00000020",0x00000000,0x00000109,0x00000023,720,0x2C06000D,0x00030000,0x03002004,0x00000000,0x00000000,0x00000003,0x000003E8
2026-07-25T21:58:22Z,1057,0x91A6B774,P1-C1,0x9246B9C0,12,Ryu,0x0160,Shinkuu,122,P2-C1,0x927EB9E0,1,Ken the Eagle,0x0000000C,"Mid, Heavy Hit",0x00000123,"Damage exception route A, Init/default bit, Default collision family, Unknown B bits 0x00000020",0x00000000,0x00000109,0x00000023,720,0x2C06000D,0x00030000,0x03000000,0x00000000,0x00000000,0x00000003,0x000003E8
2026-07-25T21:58:22Z,1057,0x91A6B774,P1-C1,0x9246B9C0,12,Ryu,0x0160,Shinkuu,126,P2-C1,0x927EB9E0,1,Ken the Eagle,0x0000000C,"Mid, Heavy Hit",0x00000123,"Damage exception route A, Init/default bit, Default collision family, Unknown B bits 0x00000020",0x00000000,0x00000109,0x00000023,720,0x2C06000D,0x00030000,0x03002004,0x00000000,0x00000000,0x00000003,0x000003E8
2026-07-25T21:58:22Z,1057,0x91A6B774,P1-C1,0x9246B9C0,12,Ryu,0x0160,Shinkuu,127,P2-C1,0x927EB9E0,1,Ken the Eagle,0x0000000C,"Mid, Heavy Hit",0x00000123,"Damage exception route A, Init/default bit, Default collision family, Unknown B bits 0x00000020",0x00000000,0x00000109,0x00000023,720,0x2C06000D,0x00030000,0x03000000,0x00000000,0x00000000,0x00000003,0x000003E8
2026-07-25T21:58:22Z,1058,0x91A6B774,P1-C1,0x9246B9C0,12,Ryu,0x0160,Shinkuu,131,P2-C1,0x927EB9E0,1,Ken the Eagle,0x0000000C,"Mid, Heavy Hit",0x00000123,"Damage exception route A, Init/default bit, Default collision family, Unknown B bits 0x00000020",0x00000000,0x00000109,0x00000023,720,0x2C06000D,0x00030000,0x03002004,0x00000000,0x00000000,0x00000003,0x000003E8
2026-07-25T21:58:22Z,1058,0x91A6B774,P1-C1,0x9246B9C0,12,Ryu,0x0160,Shinkuu,132,P2-C1,0x927EB9E0,1,Ken the Eagle,0x0000000C,"Mid, Heavy Hit",0x00000123,"Damage exception route A, Init/default bit, Default collision family, Unknown B bits 0x00000020",0x00000000,0x00000109,0x00000023,720,0x2C06000D,0x00030000,0x03000000,0x00000000,0x00000000,0x00000003,0x000003E8
2026-07-25T21:58:22Z,1058,0x91A6B774,P1-C1,0x9246B9C0,12,Ryu,0x0160,Shinkuu,136,P2-C1,0x927EB9E0,1,Ken the Eagle,0x0000000C,"Mid, Heavy Hit",0x00000123,"Damage exception route A, Init/default bit, Default collision family, Unknown B bits 0x00000020",0x00000000,0x00000109,0x00000023,720,0x2C06000D,0x00030000,0x03002004,0x00000000,0x00000000,0x00000003,0x000003E8
2026-07-25T21:58:22Z,1058,0x91A6B774,P1-C1,0x9246B9C0,12,Ryu,0x0160,Shinkuu,137,P2-C1,0x927EB9E0,1,Ken the Eagle,0x0000000C,"Mid, Heavy Hit",0x00000123,"Damage exception route A, Init/default bit, Default collision family, Unknown B bits 0x00000020",0x00000000,0x00000109,0x00000023,720,0x2C06000D,0x00030000,0x03000000,0x00000000,0x00000000,0x00000003,0x000003E8
2026-07-25T21:58:22Z,1058,0x91A6B774,P1-C1,0x9246B9C0,12,Ryu,0x0160,Shinkuu,141,P2-C1,0x927EB9E0,1,Ken the Eagle,0x0000000C,"Mid, Heavy Hit",0x00000123,"Damage exception route A, Init/default bit, Default collision family, Unknown B bits 0x00000020",0x00000000,0x00000109,0x00000023,720,0x2C06000D,0x00030000,0x03002004,0x00000000,0x00000000,0x00000003,0x000003E8
2026-07-25T21:58:22Z,1058,0x91A6B774,P1-C1,0x9246B9C0,12,Ryu,0x0160,Shinkuu,142,P2-C1,0x927EB9E0,1,Ken the Eagle,0x0000000C,"Mid, Heavy Hit",0x00000123,"Damage exception route A, Init/default bit, Default collision family, Unknown B bits 0x00000020",0x00000000,0x00000109,0x00000023,720,0x2C06000D,0x00030000,0x03000000,0x00000000,0x00000000,0x00000003,0x000003E8
2026-07-25T21:58:22Z,1058,0x91A6B774,P1-C1,0x9246B9C0,12,Ryu,0x0160,Shinkuu,146,P2-C1,0x927EB9E0,1,Ken the Eagle,0x0000000C,"Mid, Heavy Hit",0x00000123,"Damage exception route A, Init/default bit, Default collision family, Unknown B bits 0x00000020",0x00000000,0x00000109,0x00000023,720,0x2C06000D,0x00030000,0x03002004,0x00000000,0x00000000,0x00000003,0x000003E8
2026-07-25T21:58:22Z,1059,0x91A6B774,P1-C1,0x9246B9C0,12,Ryu,0x0160,Shinkuu,147,P2-C1,0x927EB9E0,1,Ken the Eagle,0x0000000C,"Mid, Heavy Hit",0x00000123,"Damage exception route A, Init/default bit, Default collision family, Unknown B bits 0x00000020",0x00000000,0x00000109,0x00000023,720,0x2C06000D,0x00030000,0x03000000,0x00000000,0x00000000,0x00000003,0x000003E8
2026-07-25T21:58:22Z,1059,0x91A6B774,P1-C1,0x9246B9C0,12,Ryu,0x0160,Shinkuu,151,P2-C1,0x927EB9E0,1,Ken the Eagle,0x0000000C,"Mid, Heavy Hit",0x00000123,"Damage exception route A, Init/default bit, Default collision family, Unknown B bits 0x00000020",0x00000000,0x00000109,0x00000023,720,0x2C06000D,0x00030000,0x03002004,0x00000000,0x00000000,0x00000003,0x000003E8
2026-07-25T21:58:22Z,1059,0x91A6B774,P1-C1,0x9246B9C0,12,Ryu,0x0160,Shinkuu,153,P2-C1,0x927EB9E0,1,Ken the Eagle,0x0000000C,"Mid, Heavy Hit",0x00000123,"Damage exception route A, Init/default bit, Default collision family, Unknown B bits 0x00000020",0x00000000,0x00000109,0x00000023,720,0x2C06000D,0x00030000,0x03000000,0x00000000,0x00000000,0x00000003,0x000003E8
2026-07-25T21:58:22Z,1059,0x91A6B774,P1-C1,0x9246B9C0,12,Ryu,0x0160,Shinkuu,156,P2-C1,0x927EB9E0,1,Ken the Eagle,0x0000000C,"Mid, Heavy Hit",0x00000123,"Damage exception route A, Init/default bit, Default collision family, Unknown B bits 0x00000020",0x00000000,0x00000109,0x00000023,720,0x2C06000D,0x00030000,0x03002004,0x00000000,0x00000000,0x00000003,0x000003E8
2026-07-25T21:58:22Z,1059,0x91A6B774,P1-C1,0x9246B9C0,12,Ryu,0x0160,Shinkuu,157,P2-C1,0x927EB9E0,1,Ken the Eagle,0x0000000C,"Mid, Heavy Hit",0x00000123,"Damage exception route A, Init/default bit, Default collision family, Unknown B bits 0x00000020",0x00000000,0x00000109,0x00000023,720,0x2C06000D,0x00030000,0x03000000,0x00000000,0x00000000,0x00000003,0x000003E8
2026-07-25T21:58:23Z,1059,0x91A6B774,P1-C1,0x9246B9C0,12,Ryu,0x0160,Shinkuu,161,P2-C1,0x927EB9E0,1,Ken the Eagle,0x0000000C,"Mid, Heavy Hit",0x00000123,"Damage exception route A, Init/default bit, Default collision family, Unknown B bits 0x00000020",0x00000000,0x00000109,0x00000023,720,0x2C06000D,0x00030000,0x03002004,0x00000000,0x00000000,0x00000003,0x000003E8
2026-07-25T21:58:23Z,1059,0x91A6B774,P1-C1,0x9246B9C0,12,Ryu,0x0160,Shinkuu,162,P2-C1,0x927EB9E0,1,Ken the Eagle,0x0000000C,"Mid, Heavy Hit",0x00000123,"Damage exception route A, Init/default bit, Default collision family, Unknown B bits 0x00000020",0x00000000,0x00000109,0x00000023,720,0x2C06000D,0x00030000,0x03002000,0x00000000,0x00000000,0x00000003,0x000003E8
2026-07-25T21:58:23Z,1059,0x91A6B774,P1-C1,0x9246B9C0,12,Ryu,0x0160,Shinkuu,162,P2-C1,0x927EB9E0,1,Ken the Eagle,0x0000000C,"Mid, Heavy Hit",0x00000123,"Damage exception route A, Init/default bit, Default collision family, Unknown B bits 0x00000020",0x00000000,0x00000109,0x00000023,720,0x2C06000D,0x00030000,0x03000000,0x00000000,0x00000000,0x00000003,0x000003E8
2026-07-25T21:58:23Z,1060,0x91A6B774,P1-C1,0x9246B9C0,12,Ryu,0x0160,Shinkuu,166,P2-C1,0x927EB9E0,1,Ken the Eagle,0x0000000C,"Mid, Heavy Hit",0x00000123,"Damage exception route A, Init/default bit, Default collision family, Unknown B bits 0x00000020",0x00000000,0x00000109,0x00000023,720,0x2C06000D,0x00030000,0x03002004,0x00000000,0x00000000,0x00000003,0x000003E8
2026-07-25T21:58:23Z,1060,0x91A6B774,P1-C1,0x9246B9C0,12,Ryu,0x0160,Shinkuu,167,P2-C1,0x927EB9E0,1,Ken the Eagle,0x0000000C,"Mid, Heavy Hit",0x00000123,"Damage exception route A, Init/default bit, Default collision family, Unknown B bits 0x00000020",0x00000000,0x00000109,0x00000023,720,0x2C06000D,0x00030000,0x03000000,0x00000000,0x00000000,0x00000003,0x000003E8
2026-07-25T21:58:23Z,1060,0x91A6B774,P1-C1,0x9246B9C0,12,Ryu,0x0160,Shinkuu,176,P2-C1,0x927EB9E0,1,Ken the Eagle,0x0000000C,"Mid, Heavy Hit",0x00000123,"Damage exception route A, Init/default bit, Default collision family, Unknown B bits 0x00000020",0x00000000,0x00000109,0x00000023,720,0x2C06000D,0x00030000,0x03002004,0x00000000,0x00000000,0x00000003,0x000003E8
2026-07-25T21:58:23Z,1060,0x91A6B774,P1-C1,0x9246B9C0,12,Ryu,0x0160,Shinkuu,177,P2-C1,0x927EB9E0,1,Ken the Eagle,0x0000000C,"Mid, Heavy Hit",0x00000123,"Damage exception route A, Init/default bit, Default collision family, Unknown B bits 0x00000020",0x00000000,0x00000109,0x00000023,720,0x2C06000D,0x00030000,0x03000000,0x00000000,0x00000000,0x00000003,0x000003E8
2026-07-25T21:58:23Z,1061,0x91A6B774,P1-C1,0x9246B9C0,12,Ryu,0x0160,Shinkuu,181,P2-C1,0x927EB9E0,1,Ken the Eagle,0x0000000C,"Mid, Heavy Hit",0x00000123,"Damage exception route A, Init/default bit, Default collision family, Unknown B bits 0x00000020",0x00000000,0x00000109,0x00000023,720,0x2C06000D,0x00030000,0x03002004,0x00000000,0x00000000,0x00000003,0x000003E8
2026-07-25T21:58:23Z,1061,0x91A6B774,P1-C1,0x9246B9C0,12,Ryu,0x0160,Shinkuu,182,P2-C1,0x927EB9E0,1,Ken the Eagle,0x0000000C,"Mid, Heavy Hit",0x00000123,"Damage exception route A, Init/default bit, Default collision family, Unknown B bits 0x00000020",0x00000000,0x00000109,0x00000023,720,0x2C06000D,0x00030000,0x03000000,0x00000000,0x00000000,0x00000003,0x000003E8
2026-07-25T21:58:23Z,1061,0x91A6B774,P1-C1,0x9246B9C0,12,Ryu,0x0160,Shinkuu,186,P2-C1,0x927EB9E0,1,Ken the Eagle,0x00000109,"Mid, Light Hit, A flags 0x00000100",0x00000023,"Damage exception route A, Init/default bit, Unknown B bits 0x00000020",0x00000000,0x00000109,0x00000023,1040,0x2C02000D,0x00030000,0x03002004,0x00000000,0x00000000,0x00000003,0x000003E8
2026-07-25T21:58:23Z,1061,0x91A6B774,P1-C1,0x9246B9C0,12,Ryu,0x0160,Shinkuu,187,P2-C1,0x927EB9E0,1,Ken the Eagle,0x00000009,"Mid, Light Hit",0x00000040,Common normal-hit bit,0x00000000,0x00000109,0x00000023,100,0x2C02000D,0x00030000,0x83006000,0x83006000,0x00000000,0x00000003,0x000003E8
2026-07-25T21:58:23Z,1062,0x91A6B774,P1-C1,0x9246B9C0,12,Ryu,0x0160,Shinkuu,205,P2-C1,0x927EB9E0,1,Ken the Eagle,0x00000009,"Mid, Light Hit",0x00000040,Common normal-hit bit,0x00000000,0x00000109,0x00000023,100,0x2C02000D,0x00030000,0x83006000,0x00400000,0x00000000,0x00000003,0x000003E8
2026-07-25T21:59:14Z,1267,0x91A6E1FC,P1-C1,0x9246B9C0,27,Joe the Condor,0x013C,Wild Lasso A,16,,0x00000000,0,,0x00304009,"Mid, Light Hit, A flags 0x00304000",0x00180086,"Grab family, Grab modifier route, Paired special condition, Init/default bit, Unknown B bits 0x00000080",0x00000000,0x00000000,0x00000000,1300,0x0C030009,0x00090000,0x03040000,0x00000000,0x00000000,0x00000000,0x000003E8
2026-07-25T21:59:14Z,1268,0x91A6E1FC,P1-C1,0x9246B9C0,27,Joe the Condor,0x013C,Wild Lasso A,31,,0x00000000,0,,0x00000009,"Mid, Light Hit",0x00000040,Common normal-hit bit,0x00000000,0x00000000,0x00000000,100,0x00000000,0x00090000,0x83040000,0x00400000,0x00000000,0x00000000,0x000003E8
2026-07-25T21:59:19Z,1280,0x91A6E1FC,P1-C1,0x9246B9C0,27,Joe the Condor,0x013C,,16,,0x00000000,0,,0x00304009,"Mid, Light Hit, A flags 0x00304000",0x00180086,"Grab family, Grab modifier route, Paired special condition, Init/default bit, Unknown B bits 0x00000080",0x00000000,0x00000000,0x00000000,1300,0x0C030009,0x00090000,0x03040000,0x00000000,0x00000000,0x00000000,0x000003E8
2026-07-25T21:59:19Z,1280,0x91A6E1FC,P1-C1,0x9246B9C0,27,Joe the Condor,0x013C,,19,P2-C1,0x927EB9E0,17,Viewtiful Joe,0x00000009,"Mid, Light Hit",0x00000040,Common normal-hit bit,0x00000000,0x00000000,0x00000000,100,0x0C030009,0x00090010,0x83042004,0x83042004,0x00000000,0x00000000,0x000003E8
2026-07-25T21:59:19Z,1280,0x91A6E1FC,P1-C1,0x9246B9C0,27,Joe the Condor,0x0202,,0,P2-C1,0x927EB9E0,17,Viewtiful Joe,0x00000009,"Mid, Light Hit",0x00000040,Common normal-hit bit,0x00000000,0x00000000,0x00000000,100,0x0C030009,0x00090010,0x83046004,0x83046004,0x00000000,0x00000000,0x000003E8
2026-07-25T21:59:19Z,1281,0x91A6E1FC,P1-C1,0x9246B9C0,27,Joe the Condor,0x0202,,12,P2-C1,0x927EB9E0,17,Viewtiful Joe,0x00000009,"Mid, Light Hit",0x00000040,Common normal-hit bit,0x00000000,0x00000000,0x00000000,100,0x00000000,0x00090010,0x83046004,0x00400000,0x00000000,0x00000000,0x000003E8
2026-07-25T21:59:20Z,1282,0x91A6E1FC,P1-C1,0x9246B9C0,27,Joe the Condor,0x0202,Wild Lasso,52,,0x00000000,0,,0x0000400C,"Mid, Heavy Hit, A flags 0x00004000",0x00000102,"Init/default bit, Default collision family",0x00000000,0x00000000,0x00000000,1000,0x0F010009,0x00000000,0x03040000,0x00000000,0x00000000,0x00000000,0x000003E8
2026-07-25T21:59:20Z,1282,0x91A6E1FC,P1-C1,0x9246B9C0,27,Joe the Condor,0x0202,Wild Lasso,53,P2-C1,0x927EB9E0,17,Viewtiful Joe,0x00000009,"Mid, Light Hit",0x00000040,Common normal-hit bit,0x00000000,0x00000000,0x00000000,100,0x0F010009,0x00000000,0x83042004,0x83042004,0x00000000,0x00000000,0x000003E8
2026-07-25T21:59:20Z,1282,0x91A6E1FC,P1-C1,0x9246B9C0,27,Joe the Condor,0x0202,Wild Lasso,54,P2-C1,0x927EB9E0,17,Viewtiful Joe,0x00000009,"Mid, Light Hit",0x00000040,Common normal-hit bit,0x00000000,0x00000000,0x00000000,100,0x0F010009,0x00000000,0x83046004,0x83046004,0x00000000,0x00000000,0x000003E8
2026-07-25T21:59:20Z,1282,0x91A6F740,P1-C1,0x9246B9C0,27,Joe the Condor,0x0202,Wild Lasso,56,,0x00000000,0,,0x0000400C,"Mid, Heavy Hit, A flags 0x00004000",0x00000102,"Init/default bit, Default collision family",0x00000000,0x00000000,0x00000000,1000,0x0F010009,0x00000000,0x03040000,0x00000000,0x00000000,0x00000000,0x000003E9
2026-07-25T21:59:20Z,1282,0x91A6F740,P1-C1,0x9246B9C0,27,Joe the Condor,0x0202,Wild Lasso,58,P2-C1,0x927EB9E0,17,Viewtiful Joe,0x00000009,"Mid, Light Hit",0x00000040,Common normal-hit bit,0x00000000,0x00000000,0x00000000,100,0x0F010009,0x00000000,0x83042004,0x83042004,0x00000000,0x00000000,0x000003E9
2026-07-25T21:59:20Z,1282,0x91A6F740,P1-C1,0x9246B9C0,27,Joe the Condor,0x0202,Wild Lasso,59,P2-C1,0x927EB9E0,17,Viewtiful Joe,0x00000009,"Mid, Light Hit",0x00000040,Common normal-hit bit,0x00000000,0x00000000,0x00000000,100,0x0F010009,0x00000000,0x83046004,0x83046004,0x00000000,0x00000000,0x000003E9
2026-07-25T21:59:20Z,1282,0x91A7CBE8,P1-C1,0x9246B9C0,27,Joe the Condor,0x0202,Wild Lasso,61,,0x00000000,0,,0x0000400C,"Mid, Heavy Hit, A flags 0x00004000",0x00000102,"Init/default bit, Default collision family",0x00000000,0x00000000,0x00000000,1000,0x0F010009,0x00000000,0x03040000,0x00000000,0x00000000,0x00000000,0x000003EA
2026-07-25T21:59:20Z,1282,0x91A7CBE8,P1-C1,0x9246B9C0,27,Joe the Condor,0x0202,Wild Lasso,62,P2-C1,0x927EB9E0,17,Viewtiful Joe,0x00000009,"Mid, Light Hit",0x00000040,Common normal-hit bit,0x00000000,0x00000000,0x00000000,100,0x0F010009,0x00000000,0x83042004,0x83042004,0x00000000,0x00000000,0x000003EA
2026-07-25T21:59:20Z,1282,0x91A7CBE8,P1-C1,0x9246B9C0,27,Joe the Condor,0x0202,Wild Lasso,64,P2-C1,0x927EB9E0,17,Viewtiful Joe,0x00000009,"Mid, Light Hit",0x00000040,Common normal-hit bit,0x00000000,0x00000000,0x00000000,100,0x0F010009,0x00000000,0x83046004,0x83046004,0x00000000,0x00000000,0x000003EA
2026-07-25T21:59:20Z,1283,0x91A6E1FC,P1-C1,0x9246B9C0,27,Joe the Condor,0x0001,,0,P2-C1,0x927EB9E0,17,Viewtiful Joe,0x00000009,"Mid, Light Hit",0x00000040,Common normal-hit bit,0x00000000,0x00000000,0x00000000,100,0x0F010009,0x00000000,0x83046004,0x83046004,0x00000000,0x00000000,0x000003E8
2026-07-25T21:59:20Z,1283,0x91A6F740,P1-C1,0x9246B9C0,27,Joe the Condor,0x0001,,0,P2-C1,0x927EB9E0,17,Viewtiful Joe,0x00000009,"Mid, Light Hit",0x00000040,Common normal-hit bit,0x00000000,0x00000000,0x00000000,100,0x0F010009,0x00000000,0x83046004,0x83046004,0x00000000,0x00000000,0x000003E9
2026-07-25T21:59:20Z,1283,0x91A7CBE8,P1-C1,0x9246B9C0,27,Joe the Condor,0x0001,,0,P2-C1,0x927EB9E0,17,Viewtiful Joe,0x00000009,"Mid, Light Hit",0x00000040,Common normal-hit bit,0x00000000,0x00000000,0x00000000,100,0x0F010009,0x00000000,0x83046004,0x83046004,0x00000000,0x00000000,0x000003EA
2026-07-25T21:59:20Z,1283,0x91A6E1FC,P1-C1,0x9246B9C0,27,Joe the Condor,0x0009,,0,P2-C1,0x927EB9E0,17,Viewtiful Joe,0x00000009,"Mid, Light Hit",0x00000040,Common normal-hit bit,0x00000000,0x00000000,0x00000000,100,0x0F010009,0x00000000,0x83046004,0x83046004,0x00000000,0x00000000,0x000003E8
2026-07-25T21:59:20Z,1283,0x91A6F740,P1-C1,0x9246B9C0,27,Joe the Condor,0x0009,,0,P2-C1,0x927EB9E0,17,Viewtiful Joe,0x00000009,"Mid, Light Hit",0x00000040,Common normal-hit bit,0x00000000,0x00000000,0x00000000,100,0x0F010009,0x00000000,0x83046004,0x83046004,0x00000000,0x00000000,0x000003E9
2026-07-25T21:59:20Z,1283,0x91A7CBE8,P1-C1,0x9246B9C0,27,Joe the Condor,0x0009,,0,P2-C1,0x927EB9E0,17,Viewtiful Joe,0x00000009,"Mid, Light Hit",0x00000040,Common normal-hit bit,0x00000000,0x00000000,0x00000000,100,0x0F010009,0x00000000,0x83046004,0x83046004,0x00000000,0x00000000,0x000003EA
2026-07-25T21:59:21Z,1283,0x91A6E1FC,P1-C1,0x9246B9C0,27,Joe the Condor,0x0001,,0,P2-C1,0x927EB9E0,17,Viewtiful Joe,0x00000009,"Mid, Light Hit",0x00000040,Common normal-hit bit,0x00000000,0x00000000,0x00000000,100,0x0F010009,0x00000000,0x83046004,0x83046004,0x00000000,0x00000000,0x000003E8
2026-07-25T21:59:21Z,1283,0x91A6F740,P1-C1,0x9246B9C0,27,Joe the Condor,0x0001,,0,P2-C1,0x927EB9E0,17,Viewtiful Joe,0x00000009,"Mid, Light Hit",0x00000040,Common normal-hit bit,0x00000000,0x00000000,0x00000000,100,0x0F010009,0x00000000,0x83046004,0x83046004,0x00000000,0x00000000,0x000003E9
2026-07-25T21:59:21Z,1283,0x91A7CBE8,P1-C1,0x9246B9C0,27,Joe the Condor,0x0001,,0,P2-C1,0x927EB9E0,17,Viewtiful Joe,0x00000009,"Mid, Light Hit",0x00000040,Common normal-hit bit,0x00000000,0x00000000,0x00000000,100,0x0F010009,0x00000000,0x83046004,0x83046004,0x00000000,0x00000000,0x000003EA
2026-07-25T21:59:21Z,1284,0x91A6F740,P1-C1,0x9246B9C0,27,Joe the Condor,0x0001,,9,P2-C1,0x927EB9E0,17,Viewtiful Joe,0x00000009,"Mid, Light Hit",0x00000040,Common normal-hit bit,0x00000000,0x00000000,0x00000000,100,0x0F010009,0x00000000,0x83046004,0x00400000,0x00000000,0x00000000,0x000003E9
2026-07-25T21:59:21Z,1284,0x91A7CBE8,P1-C1,0x9246B9C0,27,Joe the Condor,0x0001,,14,P2-C1,0x927EB9E0,17,Viewtiful Joe,0x00000009,"Mid, Light Hit",0x00000040,Common normal-hit bit,0x00000000,0x00000000,0x00000000,100,0x0F010009,0x00000000,0x83046004,0x00400000,0x00000000,0x00000000,0x000003EA
2026-07-25T21:59:25Z,1296,0x91A7CBE8,P1-C1,0x9246B9C0,27,Joe the Condor,0x0143,,16,,0x00000000,0,,0x0000010C,"Mid, Heavy Hit, A flags 0x00000100",0x00000082,"Init/default bit, Unknown B bits 0x00000080",0x00000000,0x00000000,0x00000000,1500,0x01010009,0x00000000,0x03040000,0x00000000,0x00000000,0x00000000,0x000003E8
2026-07-25T21:59:25Z,1297,0x91A7CBE8,P1-C1,0x9246B9C0,27,Joe the Condor,0x0014,,34,,0x00000000,0,,0x0000010C,"Mid, Heavy Hit, A flags 0x00000100",0x00000082,"Init/default bit, Unknown B bits 0x00000080",0x00000000,0x00000000,0x00000000,1500,0x01010009,0x00000000,0x03040000,0x00000000,0x00000000,0x00000000,0x000003E8
2026-07-25T21:59:26Z,1299,0x91A7CBE8,P1-C1,0x9246B9C0,27,Joe the Condor,0x001E,,0,,0x00000000,0,,0x0000010C,"Mid, Heavy Hit, A flags 0x00000100",0x00000082,"Init/default bit, Unknown B bits 0x00000080",0x00000000,0x00000000,0x00000000,1500,0x01010009,0x00000000,0x03040000,0x00000000,0x00000000,0x00000000,0x000003E8
2026-07-25T21:59:26Z,1299,0x91A7CBE8,P1-C1,0x9246B9C0,27,Joe the Condor,0x0006,,0,,0x00000000,0,,0x0000010C,"Mid, Heavy Hit, A flags 0x00000100",0x00000082,"Init/default bit, Unknown B bits 0x00000080",0x00000000,0x00000000,0x00000000,1500,0x01010009,0x00000000,0x03040000,0x00000000,0x00000000,0x00000000,0x000003E8
2026-07-25T21:59:26Z,1299,0x91A7CBE8,P1-C1,0x9246B9C0,27,Joe the Condor,0x0100,,1,,0x00000000,0,,0x0000010C,"Mid, Heavy Hit, A flags 0x00000100",0x00000082,"Init/default bit, Unknown B bits 0x00000080",0x00000000,0x00000000,0x00000000,1500,0x01010009,0x00000000,0x03040000,0x00000000,0x00000000,0x00000000,0x000003E8
2026-07-25T21:59:26Z,1299,0x91A7CBE8,P1-C1,0x9246B9C0,27,Joe the Condor,0x0100,,3,,0x00000000,0,,0x00000009,"Mid, Light Hit",0x00000040,Common normal-hit bit,0x00000000,0x00000000,0x00000000,100,0x01010009,0x00000000,0x83040000,0x00400000,0x00000000,0x00000000,0x000003E8
2026-07-25T21:59:26Z,1299,0x91A7CBE8,P1-C1,0x9246B9C0,27,Joe the Condor,0x0100,,4,,0x00000000,0,,0x00000009,"Mid, Light Hit",0x00000040,Common normal-hit bit,0x00000000,0x00000000,0x00000000,100,0x00000000,0x00000000,0x83040000,0x00400000,0x00000000,0x00000000,0x000003E8
2026-07-25T21:59:28Z,1303,0x91A7CBE8,P1-C1,0x9246B9C0,27,Joe the Condor,0x0130,,15,,0x00000000,0,,0x0000010C,"Mid, Heavy Hit, A flags 0x00000100",0x00000082,"Init/default bit, Unknown B bits 0x00000080",0x00000000,0x00000000,0x00000000,1500,0x01010009,0x00000000,0x03040000,0x00000000,0x00000000,0x00000000,0x000003E8
2026-07-25T21:59:28Z,1304,0x91A7CBE8,P1-C1,0x9246B9C0,27,Joe the Condor,0x0130,shuriken A,21,P2-C1,0x927EB9E0,17,Viewtiful Joe,0x00000009,"Mid, Light Hit",0x00000040,Common normal-hit bit,0x00000000,0x00000000,0x00000000,100,0x01010009,0x00000000,0x83046004,0x83046004,0x00000000,0x00000000,0x000003E8
2026-07-25T21:59:28Z,1304,0x91A7CBE8,P1-C1,0x9246B9C0,27,Joe the Condor,0x0001,,0,P2-C1,0x927EB9E0,17,Viewtiful Joe,0x00000009,"Mid, Light Hit",0x00000040,Common normal-hit bit,0x00000000,0x00000000,0x00000000,100,0x01010009,0x00000000,0x83046004,0x83046004,0x00000000,0x00000000,0x000003E8
2026-07-25T21:59:28Z,1304,0x91A7CBE8,P1-C1,0x9246B9C0,27,Joe the Condor,0x0002,,0,P2-C1,0x927EB9E0,17,Viewtiful Joe,0x00000009,"Mid, Light Hit",0x00000040,Common normal-hit bit,0x00000000,0x00000000,0x00000000,100,0x01010009,0x00000000,0x83046004,0x83046004,0x00000000,0x00000000,0x000003E8
2026-07-25T21:59:28Z,1304,0x91A7CBE8,P1-C1,0x9246B9C0,27,Joe the Condor,0x0001,,0,P2-C1,0x927EB9E0,17,Viewtiful Joe,0x00000009,"Mid, Light Hit",0x00000040,Common normal-hit bit,0x00000000,0x00000000,0x00000000,100,0x01010009,0x00000000,0x83046004,0x83046004,0x00000000,0x00000000,0x000003E8
2026-07-25T21:59:28Z,1304,0x91A7CBE8,P1-C1,0x9246B9C0,27,Joe the Condor,0x0006,,0,P2-C1,0x927EB9E0,17,Viewtiful Joe,0x00000009,"Mid, Light Hit",0x00000040,Common normal-hit bit,0x00000000,0x00000000,0x00000000,100,0x01010009,0x00000000,0x83046004,0x83046004,0x00000000,0x00000000,0x000003E8
2026-07-25T21:59:28Z,1305,0x91A7CBE8,P1-C1,0x9246B9C0,27,Joe the Condor,0x0100,,0,P2-C1,0x927EB9E0,17,Viewtiful Joe,0x00000009,"Mid, Light Hit",0x00000040,Common normal-hit bit,0x00000000,0x00000000,0x00000000,100,0x01010009,0x00000000,0x83046004,0x83046004,0x00000000,0x00000000,0x000003E8
2026-07-25T21:59:28Z,1305,0x91A7CBE8,P1-C1,0x9246B9C0,27,Joe the Condor,0x0101,,0,P2-C1,0x927EB9E0,17,Viewtiful Joe,0x00000009,"Mid, Light Hit",0x00000040,Common normal-hit bit,0x00000000,0x00000000,0x00000000,100,0x01010009,0x00000000,0x83046004,0x83046004,0x00000000,0x00000000,0x000003E8
2026-07-25T21:59:29Z,1306,0x91A7CBE8,P1-C1,0x9246B9C0,27,Joe the Condor,0x0101,5B,9,P2-C1,0x927EB9E0,17,Viewtiful Joe,0x00000009,"Mid, Light Hit",0x00000040,Common normal-hit bit,0x00000000,0x00000000,0x00000000,100,0x01010009,0x00000000,0x83046004,0x00400000,0x00000000,0x00000000,0x000003E8
2026-07-25T21:59:31Z,1311,0x91A7CBE8,P1-C1,0x9246B9C0,27,Joe the Condor,0x0143,Air Shuriken A,16,P2-C1,0x927EB9E0,17,Viewtiful Joe,0x0000010C,"Mid, Heavy Hit, A flags 0x00000100",0x00000082,"Init/default bit, Unknown B bits 0x00000080",0x00000000,0x00000000,0x00000000,1500,0x01010009,0x00000000,0x83040004,0x00000000,0x00000000,0x00000000,0x000003E8
2026-07-25T21:59:31Z,1311,0x91A7CBE8,P1-C1,0x9246B9C0,27,Joe the Condor,0x0143,Air Shuriken A,17,P2-C1,0x927EB9E0,17,Viewtiful Joe,0x00000009,"Mid, Light Hit",0x00000040,Common normal-hit bit,0x00000000,0x00000000,0x00000000,100,0x01010009,0x00000000,0x83042004,0x83042004,0x00000000,0x00000000,0x000003E8
2026-07-25T21:59:31Z,1311,0x91A7CBE8,P1-C1,0x9246B9C0,27,Joe the Condor,0x0143,Air Shuriken A,19,P2-C1,0x927EB9E0,17,Viewtiful Joe,0x00000009,"Mid, Light Hit",0x00000040,Common normal-hit bit,0x00000000,0x00000000,0x00000000,100,0x01010009,0x00000000,0x83046004,0x83046004,0x00000000,0x00000000,0x000003E8
2026-07-25T21:59:31Z,1312,0x91A7CBE8,P1-C1,0x9246B9C0,27,Joe the Condor,0x0141,,1,P2-C1,0x927EB9E0,17,Viewtiful Joe,0x00000009,"Mid, Light Hit",0x00000040,Common normal-hit bit,0x00000000,0x00000000,0x00000000,100,0x01010009,0x00000000,0x83046004,0x83046004,0x00000000,0x00000000,0x000003E8
2026-07-25T21:59:32Z,1312,0x91A6F740,P1-C1,0x9246B9C0,27,Joe the Condor,0x0141,,16,P2-C1,0x927EB9E0,17,Viewtiful Joe,0x0000000C,"Mid, Heavy Hit",0x00000102,"Init/default bit, Default collision family",0x00000000,0x00000000,0x00000000,1000,0x0F010009,0x00000000,0x83040004,0x00000000,0x00000000,0x00000000,0x000003E9
2026-07-25T21:59:32Z,1312,0x91A6F740,P1-C1,0x9246B9C0,27,Joe the Condor,0x0141,,18,P2-C1,0x927EB9E0,17,Viewtiful Joe,0x00000009,"Mid, Light Hit",0x00000040,Common normal-hit bit,0x00000000,0x00000000,0x00000000,100,0x0F010009,0x00000000,0x83042004,0x83042004,0x00000000,0x00000000,0x000003E9
2026-07-25T21:59:32Z,1312,0x91A6F740,P1-C1,0x9246B9C0,27,Joe the Condor,0x0141,,19,P2-C1,0x927EB9E0,17,Viewtiful Joe,0x00000009,"Mid, Light Hit",0x00000040,Common normal-hit bit,0x00000000,0x00000000,0x00000000,100,0x0F010009,0x00000000,0x83046004,0x83046004,0x00000000,0x00000000,0x000003E9
2026-07-25T21:59:32Z,1312,0x91A6E1FC,P1-C1,0x9246B9C0,27,Joe the Condor,0x0141,,21,P2-C1,0x927EB9E0,17,Viewtiful Joe,0x0000000C,"Mid, Heavy Hit",0x00000102,"Init/default bit, Default collision family",0x00000000,0x00000000,0x00000000,1000,0x0F010009,0x00000000,0x83040004,0x00000000,0x00000000,0x00000000,0x000003EA
2026-07-25T21:59:32Z,1312,0x91A6E1FC,P1-C1,0x9246B9C0,27,Joe the Condor,0x0141,,22,P2-C1,0x927EB9E0,17,Viewtiful Joe,0x00000009,"Mid, Light Hit",0x00000040,Common normal-hit bit,0x00000000,0x00000000,0x00000000,100,0x0F010009,0x00000000,0x83042004,0x83042004,0x00000000,0x00000000,0x000003EA
2026-07-25T21:59:32Z,1312,0x91A6E1FC,P1-C1,0x9246B9C0,27,Joe the Condor,0x0141,,22,P2-C1,0x927EB9E0,17,Viewtiful Joe,0x00000009,"Mid, Light Hit",0x00000040,Common normal-hit bit,0x00000000,0x00000000,0x00000000,100,0x0F010009,0x00000000,0x83046004,0x83046004,0x00000000,0x00000000,0x000003EA
2026-07-25T21:59:32Z,1313,0x91A776D8,P1-C1,0x9246B9C0,27,Joe the Condor,0x0141,Air Savage Shot B,30,P2-C1,0x927EB9E0,17,Viewtiful Joe,0x00000009,"Mid, Light Hit",0x00000040,Common normal-hit bit,0x00000000,0x00000000,0x00000000,100,0x0F010009,0x00000000,0x83046004,0x83046004,0x00000000,0x00000000,0x000003EB
2026-07-25T21:59:32Z,1313,0x91A76194,P1-C1,0x9246B9C0,27,Joe the Condor,0x0141,Air Savage Shot B,31,P2-C1,0x927EB9E0,17,Viewtiful Joe,0x0000000C,"Mid, Heavy Hit",0x00000102,"Init/default bit, Default collision family",0x00000000,0x00000000,0x00000000,1000,0x0F010009,0x00000000,0x83040004,0x00000000,0x00000000,0x00000000,0x000003EC
2026-07-25T21:59:32Z,1313,0x91A76194,P1-C1,0x9246B9C0,27,Joe the Condor,0x0141,Air Savage Shot B,31,P2-C1,0x927EB9E0,17,Viewtiful Joe,0x00000009,"Mid, Light Hit",0x00000040,Common normal-hit bit,0x00000000,0x00000000,0x00000000,100,0x0F010009,0x00000000,0x83042004,0x83042004,0x00000000,0x00000000,0x000003EC
2026-07-25T21:59:32Z,1313,0x91A76194,P1-C1,0x9246B9C0,27,Joe the Condor,0x0141,Air Savage Shot B,33,P2-C1,0x927EB9E0,17,Viewtiful Joe,0x00000009,"Mid, Light Hit",0x00000040,Common normal-hit bit,0x00000000,0x00000000,0x00000000,100,0x0F010009,0x00000000,0x83046004,0x83046004,0x00000000,0x00000000,0x000003EC
2026-07-25T21:59:32Z,1313,0x91A7CBE8,P1-C1,0x9246B9C0,27,Joe the Condor,0x0141,Air Savage Shot B,45,P2-C1,0x927EB9E0,17,Viewtiful Joe,0x00000009,"Mid, Light Hit",0x00000040,Common normal-hit bit,0x00000000,0x00000000,0x00000000,100,0x01010009,0x00000000,0x83046004,0x00400000,0x00000000,0x00000000,0x000003E8
2026-07-25T21:59:32Z,1313,0x91A6F740,P1-C1,0x9246B9C0,27,Joe the Condor,0x0014,,50,P2-C1,0x927EB9E0,17,Viewtiful Joe,0x00000009,"Mid, Light Hit",0x00000040,Common normal-hit bit,0x00000000,0x00000000,0x00000000,100,0x0F010009,0x00000000,0x83046004,0x83046004,0x00000000,0x00000000,0x000003E9
2026-07-25T21:59:32Z,1313,0x91A6E1FC,P1-C1,0x9246B9C0,27,Joe the Condor,0x0014,,50,P2-C1,0x927EB9E0,17,Viewtiful Joe,0x00000009,"Mid, Light Hit",0x00000040,Common normal-hit bit,0x00000000,0x00000000,0x00000000,100,0x0F010009,0x00000000,0x83046004,0x83046004,0x00000000,0x00000000,0x000003EA
2026-07-25T21:59:32Z,1313,0x91A776D8,P1-C1,0x9246B9C0,27,Joe the Condor,0x0014,,50,P2-C1,0x927EB9E0,17,Viewtiful Joe,0x00000009,"Mid, Light Hit",0x00000040,Common normal-hit bit,0x00000000,0x00000000,0x00000000,100,0x0F010009,0x00000000,0x83046004,0x83046004,0x00000000,0x00000000,0x000003EB
2026-07-25T21:59:32Z,1313,0x91A76194,P1-C1,0x9246B9C0,27,Joe the Condor,0x0014,,50,P2-C1,0x927EB9E0,17,Viewtiful Joe,0x00000009,"Mid, Light Hit",0x00000040,Common normal-hit bit,0x00000000,0x00000000,0x00000000,100,0x0F010009,0x00000000,0x83046004,0x83046004,0x00000000,0x00000000,0x000003EC
2026-07-25T21:59:32Z,1313,0x91A6F740,P1-C1,0x9246B9C0,27,Joe the Condor,0x010A,,0,P2-C1,0x927EB9E0,17,Viewtiful Joe,0x00000009,"Mid, Light Hit",0x00000040,Common normal-hit bit,0x00000000,0x00000000,0x00000000,100,0x0F010009,0x00000000,0x83046004,0x83046004,0x00000000,0x00000000,0x000003E9
2026-07-25T21:59:32Z,1313,0x91A6E1FC,P1-C1,0x9246B9C0,27,Joe the Condor,0x010A,,0,P2-C1,0x927EB9E0,17,Viewtiful Joe,0x00000009,"Mid, Light Hit",0x00000040,Common normal-hit bit,0x00000000,0x00000000,0x00000000,100,0x0F010009,0x00000000,0x83046004,0x83046004,0x00000000,0x00000000,0x000003EA
2026-07-25T21:59:32Z,1313,0x91A776D8,P1-C1,0x9246B9C0,27,Joe the Condor,0x010A,,0,P2-C1,0x927EB9E0,17,Viewtiful Joe,0x00000009,"Mid, Light Hit",0x00000040,Common normal-hit bit,0x00000000,0x00000000,0x00000000,100,0x0F010009,0x00000000,0x83046004,0x83046004,0x00000000,0x00000000,0x000003EB
2026-07-25T21:59:32Z,1313,0x91A76194,P1-C1,0x9246B9C0,27,Joe the Condor,0x010A,,0,P2-C1,0x927EB9E0,17,Viewtiful Joe,0x00000009,"Mid, Light Hit",0x00000040,Common normal-hit bit,0x00000000,0x00000000,0x00000000,100,0x0F010009,0x00000000,0x83046004,0x83046004,0x00000000,0x00000000,0x000003EC
2026-07-25T21:59:32Z,1314,0x91A6F740,P1-C1,0x9246B9C0,27,Joe the Condor,0x0143,,0,P2-C1,0x927EB9E0,17,Viewtiful Joe,0x00000009,"Mid, Light Hit",0x00000040,Common normal-hit bit,0x00000000,0x00000000,0x00000000,100,0x0F010009,0x00000000,0x83046004,0x83046004,0x00000000,0x00000000,0x000003E9
2026-07-25T21:59:32Z,1314,0x91A6E1FC,P1-C1,0x9246B9C0,27,Joe the Condor,0x0143,,0,P2-C1,0x927EB9E0,17,Viewtiful Joe,0x00000009,"Mid, Light Hit",0x00000040,Common normal-hit bit,0x00000000,0x00000000,0x00000000,100,0x0F010009,0x00000000,0x83046004,0x83046004,0x00000000,0x00000000,0x000003EA
2026-07-25T21:59:32Z,1314,0x91A776D8,P1-C1,0x9246B9C0,27,Joe the Condor,0x0143,,0,P2-C1,0x927EB9E0,17,Viewtiful Joe,0x00000009,"Mid, Light Hit",0x00000040,Common normal-hit bit,0x00000000,0x00000000,0x00000000,100,0x0F010009,0x00000000,0x83046004,0x83046004,0x00000000,0x00000000,0x000003EB
2026-07-25T21:59:32Z,1314,0x91A76194,P1-C1,0x9246B9C0,27,Joe the Condor,0x0143,,0,P2-C1,0x927EB9E0,17,Viewtiful Joe,0x00000009,"Mid, Light Hit",0x00000040,Common normal-hit bit,0x00000000,0x00000000,0x00000000,100,0x0F010009,0x00000000,0x83046004,0x83046004,0x00000000,0x00000000,0x000003EC
2026-07-25T21:59:32Z,1314,0x91A6F740,P1-C1,0x9246B9C0,27,Joe the Condor,0x0143,,0,P2-C1,0x927EB9E0,17,Viewtiful Joe,0x00000009,"Mid, Light Hit",0x00000040,Common normal-hit bit,0x00000000,0x00000000,0x00000000,100,0x0F010009,0x00000000,0x83046004,0x00400000,0x00000000,0x00000000,0x000003E9
2026-07-25T21:59:33Z,1314,0x91A6E1FC,P1-C1,0x9246B9C0,27,Joe the Condor,0x0143,,2,P2-C1,0x927EB9E0,17,Viewtiful Joe,0x00000009,"Mid, Light Hit",0x00000040,Common normal-hit bit,0x00000000,0x00000000,0x00000000,100,0x0F010009,0x00000000,0x83046004,0x00400000,0x00000000,0x00000000,0x000003EA
2026-07-25T21:59:33Z,1314,0x91A776D8,P1-C1,0x9246B9C0,27,Joe the Condor,0x0143,,8,P2-C1,0x927EB9E0,17,Viewtiful Joe,0x00000009,"Mid, Light Hit",0x00000040,Common normal-hit bit,0x00000000,0x00000000,0x00000000,100,0x0F010009,0x00000000,0x83046004,0x00400000,0x00000000,0x00000000,0x000003EB
2026-07-25T21:59:33Z,1314,0x91A76194,P1-C1,0x9246B9C0,27,Joe the Condor,0x0143,,13,P2-C1,0x927EB9E0,17,Viewtiful Joe,0x00000009,"Mid, Light Hit",0x00000040,Common normal-hit bit,0x00000000,0x00000000,0x00000000,100,0x0F010009,0x00000000,0x83046004,0x00400000,0x00000000,0x00000000,0x000003EC
2026-07-25T21:59:33Z,1314,0x91A76194,P1-C1,0x9246B9C0,27,Joe the Condor,0x0143,,16,P2-C1,0x927EB9E0,17,Viewtiful Joe,0x0000010C,"Mid, Heavy Hit, A flags 0x00000100",0x00000082,"Init/default bit, Unknown B bits 0x00000080",0x00000000,0x00000000,0x00000000,1500,0x01010009,0x00000000,0x83040004,0x00000000,0x00000000,0x00000000,0x000003E8
2026-07-25T21:59:33Z,1314,0x91A76194,P1-C1,0x9246B9C0,27,Joe the Condor,0x0143,,17,P2-C1,0x927EB9E0,17,Viewtiful Joe,0x00000009,"Mid, Light Hit",0x00000040,Common normal-hit bit,0x00000000,0x00000000,0x00000000,100,0x01010009,0x00000000,0x83042004,0x83042004,0x00000000,0x00000000,0x000003E8
2026-07-25T21:59:33Z,1314,0x91A76194,P1-C1,0x9246B9C0,27,Joe the Condor,0x0143,,18,P2-C1,0x927EB9E0,17,Viewtiful Joe,0x00000009,"Mid, Light Hit",0x00000040,Common normal-hit bit,0x00000000,0x00000000,0x00000000,100,0x01010009,0x00000000,0x83046004,0x83046004,0x00000000,0x00000000,0x000003E8
2026-07-25T21:59:33Z,1315,0x91A76194,P1-C1,0x9246B9C0,27,Joe the Condor,0x0014,,34,P2-C1,0x927EB9E0,17,Viewtiful Joe,0x00000009,"Mid, Light Hit",0x00000040,Common normal-hit bit,0x00000000,0x00000000,0x00000000,100,0x01010009,0x00000000,0x83046004,0x83046004,0x00000000,0x00000000,0x000003E8
2026-07-25T21:59:33Z,1315,0x91A76194,P1-C1,0x9246B9C0,27,Joe the Condor,0x0141,,0,P2-C1,0x927EB9E0,17,Viewtiful Joe,0x00000009,"Mid, Light Hit",0x00000040,Common normal-hit bit,0x00000000,0x00000000,0x00000000,100,0x01010009,0x00000000,0x83046004,0x83046004,0x00000000,0x00000000,0x000003E8
2026-07-25T21:59:33Z,1316,0x91A776D8,P1-C1,0x9246B9C0,27,Joe the Condor,0x0141,Air Savage Shot B,17,P2-C1,0x927EB9E0,17,Viewtiful Joe,0x00000009,"Mid, Light Hit",0x00000040,Common normal-hit bit,0x00000000,0x00000000,0x00000000,100,0x0F010009,0x00000000,0x83042004,0x83042004,0x00000000,0x00000000,0x000003E9
2026-07-25T21:59:33Z,1316,0x91A776D8,P1-C1,0x9246B9C0,27,Joe the Condor,0x0141,Air Savage Shot B,19,P2-C1,0x927EB9E0,17,Viewtiful Joe,0x00000009,"Mid, Light Hit",0x00000040,Common normal-hit bit,0x00000000,0x00000000,0x00000000,100,0x0F010009,0x00000000,0x83046004,0x83046004,0x00000000,0x00000000,0x000003E9
2026-07-25T21:59:33Z,1316,0x91A6E1FC,P1-C1,0x9246B9C0,27,Joe the Condor,0x0141,Air Savage Shot B,23,P2-C1,0x927EB9E0,17,Viewtiful Joe,0x00000009,"Mid, Light Hit",0x00000040,Common normal-hit bit,0x00000000,0x00000000,0x00000000,100,0x0F010009,0x00000000,0x83046004,0x83046004,0x00000000,0x00000000,0x000003EA
2026-07-25T21:59:33Z,1316,0x91A76194,P1-C1,0x9246B9C0,27,Joe the Condor,0x0161,,1,P2-C1,0x927EB9E0,17,Viewtiful Joe,0x00000009,"Mid, Light Hit",0x00000040,Common normal-hit bit,0x00000000,0x00000000,0x00000000,100,0x01010009,0x00000000,0x83046004,0x83046004,0x00000000,0x00000000,0x000003E8
2026-07-25T21:59:33Z,1316,0x91A776D8,P1-C1,0x9246B9C0,27,Joe the Condor,0x0161,,1,P2-C1,0x927EB9E0,17,Viewtiful Joe,0x00000009,"Mid, Light Hit",0x00000040,Common normal-hit bit,0x00000000,0x00000000,0x00000000,100,0x0F010009,0x00000000,0x83046004,0x83046004,0x00000000,0x00000000,0x000003E9
2026-07-25T21:59:33Z,1316,0x91A6E1FC,P1-C1,0x9246B9C0,27,Joe the Condor,0x0161,,1,P2-C1,0x927EB9E0,17,Viewtiful Joe,0x00000009,"Mid, Light Hit",0x00000040,Common normal-hit bit,0x00000000,0x00000000,0x00000000,100,0x0F010009,0x00000000,0x83046004,0x83046004,0x00000000,0x00000000,0x000003EA
2026-07-25T21:59:34Z,1318,0x91A776D8,P1-C1,0x9246B9C0,27,Joe the Condor,0x0161,Air Condor Magnum,42,P2-C1,0x927EB9E0,17,Viewtiful Joe,0x00000009,"Mid, Light Hit",0x00000040,Common normal-hit bit,0x00000000,0x00000000,0x00000000,100,0x00000000,0x00000000,0x83046004,0x00400000,0x00000000,0x00000000,0x000003E9
2026-07-25T21:59:34Z,1318,0x91A6E1FC,P1-C1,0x9246B9C0,27,Joe the Condor,0x0161,Air Condor Magnum,45,P2-C1,0x927EB9E0,17,Viewtiful Joe,0x00000009,"Mid, Light Hit",0x00000040,Common normal-hit bit,0x00000000,0x00000000,0x00000000,100,0x0F010009,0x00000000,0x83046004,0x00400000,0x00000000,0x00000000,0x000003EA
2026-07-25T21:59:35Z,1321,0x91A6E1FC,P1-C1,0x9246B9C0,27,Joe the Condor,0x0161,Air Condor Magnum,96,,0x00000000,0,,0x0000000C,"Mid, Heavy Hit",0x00000103,"Damage exception route A, Init/default bit, Default collision family",0x00000000,0x00000000,0x00000000,1000,0x01050009,0x00000000,0x03040000,0x00000000,0x00000000,0x00000000,0x000003E9
2026-07-25T21:59:35Z,1322,0x91A776D8,P1-C1,0x9246B9C0,27,Joe the Condor,0x0161,Air Condor Magnum,97,,0x00000000,0,,0x0000000C,"Mid, Heavy Hit",0x00000103,"Damage exception route A, Init/default bit, Default collision family",0x00000000,0x00000000,0x00000000,1000,0x01050009,0x00000000,0x03040000,0x00000000,0x00000000,0x00000000,0x000003EA
2026-07-25T21:59:35Z,1322,0x91A6F740,P1-C1,0x9246B9C0,27,Joe the Condor,0x0161,Air Condor Magnum,97,,0x00000000,0,,0x0000000C,"Mid, Heavy Hit",0x00000103,"Damage exception route A, Init/default bit, Default collision family",0x00000000,0x00000000,0x00000000,1000,0x01050009,0x00000000,0x03040000,0x00000000,0x00000000,0x00000000,0x000003EB
2026-07-25T21:59:35Z,1322,0x91A7CBE8,P1-C1,0x9246B9C0,27,Joe the Condor,0x0161,Air Condor Magnum,99,,0x00000000,0,,0x0000000C,"Mid, Heavy Hit",0x00000103,"Damage exception route A, Init/default bit, Default collision family",0x00000000,0x00000000,0x00000000,1000,0x01050009,0x00000000,0x03040000,0x00000000,0x00000000,0x00000000,0x000003EC
2026-07-25T21:59:35Z,1322,0x91A6F740,P1-C1,0x9246B9C0,27,Joe the Condor,0x0161,Air Condor Magnum,103,P2-C1,0x927EB9E0,17,Viewtiful Joe,0x00000009,"Mid, Light Hit",0x00000040,Common normal-hit bit,0x00000000,0x00000000,0x00000000,100,0x01050009,0x00000000,0x83042004,0x83042004,0x00000000,0x00000000,0x000003EB
2026-07-25T21:59:35Z,1322,0x91A6F740,P1-C1,0x9246B9C0,27,Joe the Condor,0x0161,Air Condor Magnum,103,P2-C1,0x927EB9E0,17,Viewtiful Joe,0x00000009,"Mid, Light Hit",0x00000040,Common normal-hit bit,0x00000000,0x00000000,0x00000000,100,0x01050009,0x00000000,0x83046004,0x83046004,0x00000000,0x00000000,0x000003EB
2026-07-25T21:59:35Z,1322,0x91A7CBE8,P1-C1,0x9246B9C0,27,Joe the Condor,0x0161,Air Condor Magnum,103,P2-C1,0x927EB9E0,17,Viewtiful Joe,0x00000009,"Mid, Light Hit",0x00000040,Common normal-hit bit,0x00000000,0x00000000,0x00000000,100,0x01050009,0x00000000,0x83042004,0x83042004,0x00000000,0x00000000,0x000003EC
2026-07-25T21:59:35Z,1322,0x91A76194,P1-C1,0x9246B9C0,27,Joe the Condor,0x0161,Air Condor Magnum,105,P2-C1,0x927EB9E0,17,Viewtiful Joe,0x00000009,"Mid, Light Hit",0x00000040,Common normal-hit bit,0x00000000,0x00000000,0x00000000,100,0x01010009,0x00000000,0x83046004,0x00400000,0x00000000,0x00000000,0x000003E8
2026-07-25T21:59:35Z,1322,0x91A7CBE8,P1-C1,0x9246B9C0,27,Joe the Condor,0x0161,Air Condor Magnum,105,P2-C1,0x927EB9E0,17,Viewtiful Joe,0x00000009,"Mid, Light Hit",0x00000040,Common normal-hit bit,0x00000000,0x00000000,0x00000000,100,0x01050009,0x00000000,0x83046004,0x83046004,0x00000000,0x00000000,0x000003EC
2026-07-25T21:59:36Z,1323,0x91A6E1FC,P1-C1,0x9246B9C0,27,Joe the Condor,0x0161,Air Condor Magnum,122,,0x00000000,0,,0x00000009,"Mid, Light Hit",0x00000040,Common normal-hit bit,0x00000000,0x00000000,0x00000000,100,0x01050009,0x00000000,0x83042040,0x83042040,0x00000000,0x00000000,0x000003E9
2026-07-25T21:59:36Z,1323,0x91A6E1FC,P1-C1,0x9246B9C0,27,Joe the Condor,0x0161,Air Condor Magnum,124,,0x00000000,0,,0x00000009,"Mid, Light Hit",0x00000040,Common normal-hit bit,0x00000000,0x00000000,0x00000000,100,0x01050009,0x00000000,0x83046040,0x83046040,0x00000000,0x00000000,0x000003E9
2026-07-25T21:59:36Z,1323,0x91A776D8,P1-C1,0x9246B9C0,27,Joe the Condor,0x0161,Air Condor Magnum,124,,0x00000000,0,,0x00000009,"Mid, Light Hit",0x00000040,Common normal-hit bit,0x00000000,0x00000000,0x00000000,100,0x01050009,0x00000000,0x83042040,0x83042040,0x00000000,0x00000000,0x000003EA
2026-07-25T21:59:36Z,1323,0x91A776D8,P1-C1,0x9246B9C0,27,Joe the Condor,0x0161,Air Condor Magnum,125,,0x00000000,0,,0x00000009,"Mid, Light Hit",0x00000040,Common normal-hit bit,0x00000000,0x00000000,0x00000000,100,0x01050009,0x00000000,0x83046040,0x83046040,0x00000000,0x00000000,0x000003EA
2026-07-25T21:59:36Z,1324,0x91A76194,P1-C1,0x9246B9C0,27,Joe the Condor,0x0161,Air Condor Magnum,131,,0x00000000,0,,0x0000000C,"Mid, Heavy Hit",0x00000103,"Damage exception route A, Init/default bit, Default collision family",0x00000000,0x00000000,0x00000000,1000,0x01050009,0x00000000,0x03040000,0x00000000,0x00000000,0x00000000,0x000003E8
2026-07-25T21:59:36Z,1324,0x91A6CCB8,P1-C1,0x9246B9C0,27,Joe the Condor,0x0161,Air Condor Magnum,131,,0x00000000,0,,0x0000000C,"Mid, Heavy Hit",0x00000103,"Damage exception route A, Init/default bit, Default collision family",0x00000000,0x00000000,0x00000000,1000,0x01050009,0x00000000,0x03040000,0x00000000,0x00000000,0x00000000,0x000003ED
2026-07-25T21:59:36Z,1324,0x91A7370C,P1-C1,0x9246B9C0,27,Joe the Condor,0x0161,Air Condor Magnum,131,,0x00000000,0,,0x0000000C,"Mid, Heavy Hit",0x00000103,"Damage exception route A, Init/default bit, Default collision family",0x00000000,0x00000000,0x00000000,1000,0x01050009,0x00000000,0x03040000,0x00000000,0x00000000,0x00000000,0x000003EE
2026-07-25T21:59:36Z,1324,0x91A860C4,P1-C1,0x9246B9C0,27,Joe the Condor,0x0161,Air Condor Magnum,133,,0x00000000,0,,0x0000000C,"Mid, Heavy Hit",0x00080107,"Damage exception route A, Grab family, Grab modifier route, Init/default bit, Default collision family",0x00000000,0x00000000,0x00000000,1000,0x01010009,0x00080000,0x03040000,0x00000000,0x00000000,0x00000000,0x000003EF
2026-07-25T21:59:36Z,1324,0x91A76194,P1-C1,0x9246B9C0,27,Joe the Condor,0x0161,Air Condor Magnum,135,P2-C1,0x927EB9E0,17,Viewtiful Joe,0x00000009,"Mid, Light Hit",0x00000040,Common normal-hit bit,0x00000000,0x00000000,0x00000000,100,0x01050009,0x00000000,0x83046004,0x83046004,0x00000000,0x00000000,0x000003E8
2026-07-25T21:59:36Z,1324,0x91A6CCB8,P1-C1,0x9246B9C0,27,Joe the Condor,0x0161,Air Condor Magnum,135,P2-C1,0x927EB9E0,17,Viewtiful Joe,0x00000009,"Mid, Light Hit",0x00000040,Common normal-hit bit,0x00000000,0x00000000,0x00000000,100,0x01050009,0x00000000,0x83046004,0x83046004,0x00000000,0x00000000,0x000003ED
2026-07-25T21:59:36Z,1324,0x91A7370C,P1-C1,0x9246B9C0,27,Joe the Condor,0x0161,Air Condor Magnum,135,P2-C1,0x927EB9E0,17,Viewtiful Joe,0x00000009,"Mid, Light Hit",0x00000040,Common normal-hit bit,0x00000000,0x00000000,0x00000000,100,0x01050009,0x00000000,0x83046004,0x83046004,0x00000000,0x00000000,0x000003EE
2026-07-25T21:59:36Z,1324,0x91A860C4,P1-C1,0x9246B9C0,27,Joe the Condor,0x0161,Air Condor Magnum,135,P2-C1,0x927EB9E0,17,Viewtiful Joe,0x00000009,"Mid, Light Hit",0x00000040,Common normal-hit bit,0x00000000,0x00000000,0x00000000,100,0x01010009,0x00080010,0x83046004,0x83046004,0x00000000,0x00000000,0x000003EF
2026-07-25T21:59:36Z,1324,0x91A6E1FC,P1-C1,0x9246B9C0,27,Joe the Condor,0x0205,,0,,0x00000000,0,,0x00000009,"Mid, Light Hit",0x00000040,Common normal-hit bit,0x00000000,0x00000000,0x00000000,100,0x01050009,0x00000000,0x83046040,0x83046040,0x00000000,0x00000000,0x000003E9
2026-07-25T21:59:36Z,1324,0x91A776D8,P1-C1,0x9246B9C0,27,Joe the Condor,0x0205,,0,,0x00000000,0,,0x00000009,"Mid, Light Hit",0x00000040,Common normal-hit bit,0x00000000,0x00000000,0x00000000,100,0x01050009,0x00000000,0x83046040,0x83046040,0x00000000,0x00000000,0x000003EA
2026-07-25T21:59:36Z,1324,0x91A6F740,P1-C1,0x9246B9C0,27,Joe the Condor,0x0205,,0,P2-C1,0x927EB9E0,17,Viewtiful Joe,0x00000009,"Mid, Light Hit",0x00000040,Common normal-hit bit,0x00000000,0x00000000,0x00000000,100,0x01050009,0x00000000,0x83046004,0x83046004,0x00000000,0x00000000,0x000003EB
2026-07-25T21:59:36Z,1324,0x91A7CBE8,P1-C1,0x9246B9C0,27,Joe the Condor,0x0205,,0,P2-C1,0x927EB9E0,17,Viewtiful Joe,0x00000009,"Mid, Light Hit",0x00000040,Common normal-hit bit,0x00000000,0x00000000,0x00000000,100,0x01050009,0x00000000,0x83046004,0x83046004,0x00000000,0x00000000,0x000003EC
2026-07-25T21:59:36Z,1324,0x91A76194,P1-C1,0x9246B9C0,27,Joe the Condor,0x0205,,0,P2-C1,0x927EB9E0,17,Viewtiful Joe,0x00000009,"Mid, Light Hit",0x00000040,Common normal-hit bit,0x00000000,0x00000000,0x00000000,100,0x01050009,0x00000000,0x83046004,0x83046004,0x00000000,0x00000000,0x000003E8
2026-07-25T21:59:36Z,1324,0x91A6CCB8,P1-C1,0x9246B9C0,27,Joe the Condor,0x0205,,0,P2-C1,0x927EB9E0,17,Viewtiful Joe,0x00000009,"Mid, Light Hit",0x00000040,Common normal-hit bit,0x00000000,0x00000000,0x00000000,100,0x01050009,0x00000000,0x83046004,0x83046004,0x00000000,0x00000000,0x000003ED
2026-07-25T21:59:36Z,1324,0x91A7370C,P1-C1,0x9246B9C0,27,Joe the Condor,0x0205,,0,P2-C1,0x927EB9E0,17,Viewtiful Joe,0x00000009,"Mid, Light Hit",0x00000040,Common normal-hit bit,0x00000000,0x00000000,0x00000000,100,0x01050009,0x00000000,0x83046004,0x83046004,0x00000000,0x00000000,0x000003EE
2026-07-25T21:59:36Z,1324,0x91A860C4,P1-C1,0x9246B9C0,27,Joe the Condor,0x0205,,0,P2-C1,0x927EB9E0,17,Viewtiful Joe,0x00000009,"Mid, Light Hit",0x00000040,Common normal-hit bit,0x00000000,0x00000000,0x00000000,100,0x01010009,0x00080010,0x83046004,0x83046004,0x00000000,0x00000000,0x000003EF
2026-07-25T21:59:36Z,1325,0x91A6E1FC,P1-C1,0x9246B9C0,27,Joe the Condor,0x0205,Condor Magnum,22,,0x00000000,0,,0x00000009,"Mid, Light Hit",0x00000040,Common normal-hit bit,0x00000000,0x00000000,0x00000000,100,0x01050009,0x00000000,0x83046040,0x00400000,0x00000000,0x00000000,0x000003E9
2026-07-25T21:59:36Z,1325,0x91A776D8,P1-C1,0x9246B9C0,27,Joe the Condor,0x0205,Condor Magnum,23,,0x00000000,0,,0x00000009,"Mid, Light Hit",0x00000040,Common normal-hit bit,0x00000000,0x00000000,0x00000000,100,0x01050009,0x00000000,0x83046040,0x00400000,0x00000000,0x00000000,0x000003EA
2026-07-25T21:59:36Z,1325,0x91A6F740,P1-C1,0x9246B9C0,27,Joe the Condor,0x0205,Condor Magnum,24,P2-C1,0x927EB9E0,17,Viewtiful Joe,0x00000009,"Mid, Light Hit",0x00000040,Common normal-hit bit,0x00000000,0x00000000,0x00000000,100,0x01050009,0x00000000,0x83046004,0x00400000,0x00000000,0x00000000,0x000003EB
2026-07-25T21:59:36Z,1325,0x91A7CBE8,P1-C1,0x9246B9C0,27,Joe the Condor,0x0205,Condor Magnum,24,P2-C1,0x927EB9E0,17,Viewtiful Joe,0x00000009,"Mid, Light Hit",0x00000040,Common normal-hit bit,0x00000000,0x00000000,0x00000000,100,0x01050009,0x00000000,0x83046004,0x00400000,0x00000000,0x00000000,0x000003EC
2026-07-25T21:59:37Z,1327,0x91A76194,P1-C1,0x9246B9C0,27,Joe the Condor,0x0205,Condor Magnum,57,P2-C1,0x927EB9E0,17,Viewtiful Joe,0x00000009,"Mid, Light Hit",0x00000040,Common normal-hit bit,0x00000000,0x00000000,0x00000000,100,0x01050009,0x00000000,0x83046004,0x00400000,0x00000000,0x00000000,0x000003E8
2026-07-25T21:59:37Z,1327,0x91A6CCB8,P1-C1,0x9246B9C0,27,Joe the Condor,0x0205,Condor Magnum,58,P2-C1,0x927EB9E0,17,Viewtiful Joe,0x00000009,"Mid, Light Hit",0x00000040,Common normal-hit bit,0x00000000,0x00000000,0x00000000,100,0x01050009,0x00000000,0x83046004,0x00400000,0x00000000,0x00000000,0x000003ED
2026-07-25T21:59:37Z,1328,0x91A7370C,P1-C1,0x9246B9C0,27,Joe the Condor,0x0205,Condor Magnum,59,P2-C1,0x927EB9E0,17,Viewtiful Joe,0x00000009,"Mid, Light Hit",0x00000040,Common normal-hit bit,0x00000000,0x00000000,0x00000000,100,0x01050009,0x00000000,0x83046004,0x00400000,0x00000000,0x00000000,0x000003EE
2026-07-25T21:59:37Z,1328,0x91A860C4,P1-C1,0x9246B9C0,27,Joe the Condor,0x0205,Condor Magnum,60,P2-C1,0x927EB9E0,17,Viewtiful Joe,0x00000009,"Mid, Light Hit",0x00000040,Common normal-hit bit,0x00000000,0x00000000,0x00000000,100,0x01010009,0x00080010,0x83046004,0x00400000,0x00000000,0x00000000,0x000003EF
2026-07-25T21:59:37Z,1328,0x91A860C4,P1-C1,0x9246B9C0,27,Joe the Condor,0x0205,Condor Magnum,61,P2-C1,0x927EB9E0,17,Viewtiful Joe,0x00000009,"Mid, Light Hit",0x00000040,Common normal-hit bit,0x00000000,0x00000000,0x00000000,100,0x00000000,0x00080010,0x83046004,0x00400000,0x00000000,0x00000000,0x000003EF
2026-07-25T21:59:58Z,1419,0x91A860C4,P1-C1,0x9246B9C0,27,Joe the Condor,0x0143,Air Shuriken A,16,P2-C1,0x927EB9E0,17,Viewtiful Joe,0x0000010C,"Mid, Heavy Hit, A flags 0x00000100",0x00000082,"Init/default bit, Unknown B bits 0x00000080",0x00000000,0x00000000,0x00000000,1500,0x01010009,0x00000000,0x83040004,0x00000000,0x00000000,0x00000000,0x000003E8
2026-07-25T21:59:58Z,1419,0x91A860C4,P1-C1,0x9246B9C0,27,Joe the Condor,0x0143,Air Shuriken A,22,P2-C1,0x927EB9E0,17,Viewtiful Joe,0x00000009,"Mid, Light Hit",0x00000040,Common normal-hit bit,0x00000000,0x00000000,0x00000000,100,0x01010009,0x00000000,0x83046004,0x83046004,0x00000000,0x00000000,0x000003E8
2026-07-25T21:59:59Z,1419,0x91A860C4,P1-C1,0x9246B9C0,27,Joe the Condor,0x0014,,34,P2-C1,0x927EB9E0,17,Viewtiful Joe,0x00000009,"Mid, Light Hit",0x00000040,Common normal-hit bit,0x00000000,0x00000000,0x00000000,100,0x01010009,0x00000000,0x83046004,0x83046004,0x00000000,0x00000000,0x000003E8
2026-07-25T21:59:59Z,1419,0x91A860C4,P1-C1,0x9246B9C0,27,Joe the Condor,0x0023,,2,P2-C1,0x927EB9E0,17,Viewtiful Joe,0x00000009,"Mid, Light Hit",0x00000040,Common normal-hit bit,0x00000000,0x00000000,0x00000000,100,0x01010009,0x00000000,0x83046004,0x83046004,0x00000000,0x00000000,0x000003E8
2026-07-25T21:59:59Z,1419,0x91A860C4,P1-C1,0x9246B9C0,27,Joe the Condor,0x010A,,0,P2-C1,0x927EB9E0,17,Viewtiful Joe,0x00000009,"Mid, Light Hit",0x00000040,Common normal-hit bit,0x00000000,0x00000000,0x00000000,100,0x01010009,0x00000000,0x83046004,0x83046004,0x00000000,0x00000000,0x000003E8
2026-07-25T21:59:59Z,1420,0x91A860C4,P1-C1,0x9246B9C0,27,Joe the Condor,0x0012,,1,P2-C1,0x927EB9E0,17,Viewtiful Joe,0x00000009,"Mid, Light Hit",0x00000040,Common normal-hit bit,0x00000000,0x00000000,0x00000000,100,0x01010009,0x00000000,0x83046004,0x83046004,0x00000000,0x00000000,0x000003E8
2026-07-25T21:59:59Z,1420,0x91A860C4,P1-C1,0x9246B9C0,27,Joe the Condor,0x0016,,0,P2-C1,0x927EB9E0,17,Viewtiful Joe,0x00000009,"Mid, Light Hit",0x00000040,Common normal-hit bit,0x00000000,0x00000000,0x00000000,100,0x01010009,0x00000000,0x83046004,0x83046004,0x00000000,0x00000000,0x000003E8
2026-07-25T21:59:59Z,1420,0x91A860C4,P1-C1,0x9246B9C0,27,Joe the Condor,0x010A,,0,P2-C1,0x927EB9E0,17,Viewtiful Joe,0x00000009,"Mid, Light Hit",0x00000040,Common normal-hit bit,0x00000000,0x00000000,0x00000000,100,0x01010009,0x00000000,0x83046004,0x83046004,0x00000000,0x00000000,0x000003E8
2026-07-25T21:59:59Z,1421,0x91A860C4,P1-C1,0x9246B9C0,27,Joe the Condor,0x0143,,0,P2-C1,0x927EB9E0,17,Viewtiful Joe,0x00000009,"Mid, Light Hit",0x00000040,Common normal-hit bit,0x00000000,0x00000000,0x00000000,100,0x01010009,0x00000000,0x83046004,0x83046004,0x00000000,0x00000000,0x000003E8
2026-07-25T21:59:59Z,1421,0x91A860C4,P1-C1,0x9246B9C0,27,Joe the Condor,0x0143,,0,P2-C1,0x927EB9E0,17,Viewtiful Joe,0x00000009,"Mid, Light Hit",0x00000040,Common normal-hit bit,0x00000000,0x00000000,0x00000000,100,0x01010009,0x00000000,0x83046004,0x00400000,0x00000000,0x00000000,0x000003E8
2026-07-25T21:59:59Z,1421,0x91A860C4,P1-C1,0x9246B9C0,27,Joe the Condor,0x0143,,2,P2-C1,0x927EB9E0,17,Viewtiful Joe,0x00000009,"Mid, Light Hit",0x00000040,Common normal-hit bit,0x00000000,0x00000000,0x00000000,100,0x00000000,0x00000000,0x83046004,0x00400000,0x00000000,0x00000000,0x000003E8
2026-07-25T22:00:00Z,1422,0x91A860C4,P1-C1,0x9246B9C0,27,Joe the Condor,0x0143,Air Shuriken A,16,,0x00000000,0,,0x0000010C,"Mid, Heavy Hit, A flags 0x00000100",0x00000082,"Init/default bit, Unknown B bits 0x00000080",0x00000000,0x00000000,0x00000000,1500,0x01010009,0x00000000,0x03040000,0x00000000,0x00000000,0x00000000,0x000003E8
2026-07-25T22:00:00Z,1422,0x91A860C4,P1-C1,0x9246B9C0,27,Joe the Condor,0x0014,,34,,0x00000000,0,,0x0000010C,"Mid, Heavy Hit, A flags 0x00000100",0x00000082,"Init/default bit, Unknown B bits 0x00000080",0x00000000,0x00000000,0x00000000,1500,0x01010009,0x00000000,0x03040000,0x00000000,0x00000000,0x00000000,0x000003E8
2026-07-25T22:00:00Z,1422,0x91A860C4,P1-C1,0x9246B9C0,27,Joe the Condor,0x0140,,0,,0x00000000,0,,0x0000010C,"Mid, Heavy Hit, A flags 0x00000100",0x00000082,"Init/default bit, Unknown B bits 0x00000080",0x00000000,0x00000000,0x00000000,1500,0x01010009,0x00000000,0x03040000,0x00000000,0x00000000,0x00000000,0x000003E8
2026-07-25T22:00:00Z,1423,0x91A7370C,P1-C1,0x9246B9C0,27,Joe the Condor,0x0140,,16,,0x00000000,0,,0x0000000C,"Mid, Heavy Hit",0x00000102,"Init/default bit, Default collision family",0x00000000,0x00000000,0x00000000,1000,0x0F010009,0x00000000,0x03040000,0x00000000,0x00000000,0x00000000,0x000003E9
2026-07-25T22:00:00Z,1423,0x91A6CCB8,P1-C1,0x9246B9C0,27,Joe the Condor,0x0140,,21,,0x00000000,0,,0x0000000C,"Mid, Heavy Hit",0x00000102,"Init/default bit, Default collision family",0x00000000,0x00000000,0x00000000,1000,0x0F010009,0x00000000,0x03040000,0x00000000,0x00000000,0x00000000,0x000003EA
2026-07-25T22:00:00Z,1423,0x91A76194,P1-C1,0x9246B9C0,27,Joe the Condor,0x0140,,26,,0x00000000,0,,0x0000000C,"Mid, Heavy Hit",0x00000102,"Init/default bit, Default collision family",0x00000000,0x00000000,0x00000000,1000,0x0F010009,0x00000000,0x03040000,0x00000000,0x00000000,0x00000000,0x000003EB
2026-07-25T22:00:01Z,1424,0x91A860C4,P1-C1,0x9246B9C0,27,Joe the Condor,0x0014,,44,,0x00000000,0,,0x0000010C,"Mid, Heavy Hit, A flags 0x00000100",0x00000082,"Init/default bit, Unknown B bits 0x00000080",0x00000000,0x00000000,0x00000000,1500,0x01010009,0x00000000,0x03040000,0x00000000,0x00000000,0x00000000,0x000003E8
2026-07-25T22:00:01Z,1424,0x91A7370C,P1-C1,0x9246B9C0,27,Joe the Condor,0x0014,,44,,0x00000000,0,,0x0000000C,"Mid, Heavy Hit",0x00000102,"Init/default bit, Default collision family",0x00000000,0x00000000,0x00000000,1000,0x0F010009,0x00000000,0x03040000,0x00000000,0x00000000,0x00000000,0x000003E9
2026-07-25T22:00:01Z,1424,0x91A6CCB8,P1-C1,0x9246B9C0,27,Joe the Condor,0x0014,,44,,0x00000000,0,,0x0000000C,"Mid, Heavy Hit",0x00000102,"Init/default bit, Default collision family",0x00000000,0x00000000,0x00000000,1000,0x0F010009,0x00000000,0x03040000,0x00000000,0x00000000,0x00000000,0x000003EA
2026-07-25T22:00:01Z,1424,0x91A76194,P1-C1,0x9246B9C0,27,Joe the Condor,0x0014,,44,,0x00000000,0,,0x0000000C,"Mid, Heavy Hit",0x00000102,"Init/default bit, Default collision family",0x00000000,0x00000000,0x00000000,1000,0x0F010009,0x00000000,0x03040000,0x00000000,0x00000000,0x00000000,0x000003EB
2026-07-25T22:00:01Z,1424,0x91A860C4,P1-C1,0x9246B9C0,27,Joe the Condor,0x0014,,45,,0x00000000,0,,0x00000009,"Mid, Light Hit",0x00000040,Common normal-hit bit,0x00000000,0x00000000,0x00000000,100,0x01010009,0x00000000,0x83040000,0x00400000,0x00000000,0x00000000,0x000003E8
2026-07-25T22:00:01Z,1425,0x91A7370C,P1-C1,0x9246B9C0,27,Joe the Condor,0x0014,jump,62,,0x00000000,0,,0x00000009,"Mid, Light Hit",0x00000040,Common normal-hit bit,0x00000000,0x00000000,0x00000000,100,0x0F010009,0x00000000,0x83042040,0x83042040,0x00000000,0x00000000,0x000003E9
2026-07-25T22:00:01Z,1425,0x91A7370C,P1-C1,0x9246B9C0,27,Joe the Condor,0x0014,jump,63,,0x00000000,0,,0x00000009,"Mid, Light Hit",0x00000040,Common normal-hit bit,0x00000000,0x00000000,0x00000000,100,0x0F010009,0x00000000,0x83046040,0x83046040,0x00000000,0x00000000,0x000003E9
2026-07-25T22:00:01Z,1425,0x91A7370C,P1-C1,0x9246B9C0,27,Joe the Condor,0x0014,jump,64,,0x00000000,0,,0x00000009,"Mid, Light Hit",0x00000040,Common normal-hit bit,0x00000000,0x00000000,0x00000000,100,0x0F010009,0x00000000,0x83046040,0x00400000,0x00000000,0x00000000,0x000003E9
2026-07-25T22:00:01Z,1425,0x91A7370C,P1-C1,0x9246B9C0,27,Joe the Condor,0x0014,jump,65,,0x00000000,0,,0x00000009,"Mid, Light Hit",0x00000040,Common normal-hit bit,0x00000000,0x00000000,0x00000000,100,0x00000000,0x00000000,0x83046040,0x00400000,0x00000000,0x00000000,0x000003E9
2026-07-25T22:00:01Z,1426,0x91A6CCB8,P1-C1,0x9246B9C0,27,Joe the Condor,0x0014,jump,68,,0x00000000,0,,0x00000009,"Mid, Light Hit",0x00000040,Common normal-hit bit,0x00000000,0x00000000,0x00000000,100,0x0F010009,0x00000000,0x83046040,0x83046040,0x00000000,0x00000000,0x000003EA
2026-07-25T22:00:01Z,1426,0x91A76194,P1-C1,0x9246B9C0,27,Joe the Condor,0x0014,jump,73,,0x00000000,0,,0x00000009,"Mid, Light Hit",0x00000040,Common normal-hit bit,0x00000000,0x00000000,0x00000000,100,0x0F010009,0x00000000,0x83046040,0x83046040,0x00000000,0x00000000,0x000003EB
2026-07-25T22:00:01Z,1426,0x91A76194,P1-C1,0x9246B9C0,27,Joe the Condor,0x0014,jump,74,,0x00000000,0,,0x00000009,"Mid, Light Hit",0x00000040,Common normal-hit bit,0x00000000,0x00000000,0x00000000,100,0x00000000,0x00000000,0x83046040,0x00400000,0x00000000,0x00000000,0x000003EB
2026-07-25T22:00:04Z,1433,0x91A76194,P1-C1,0x9246B9C0,27,Joe the Condor,0x0143,,16,P2-C1,0x927EB9E0,17,Viewtiful Joe,0x0000010C,"Mid, Heavy Hit, A flags 0x00000100",0x00000082,"Init/default bit, Unknown B bits 0x00000080",0x00000000,0x00000000,0x00000000,1500,0x01010009,0x00000000,0x83040004,0x00000000,0x00000000,0x00000000,0x000003E8
2026-07-25T22:00:04Z,1433,0x91A76194,P1-C1,0x9246B9C0,27,Joe the Condor,0x0143,,18,P2-C1,0x927EB9E0,17,Viewtiful Joe,0x00000009,"Mid, Light Hit",0x00000040,Common normal-hit bit,0x00000000,0x00000000,0x00000000,100,0x01010009,0x00000000,0x83046004,0x83046004,0x00000000,0x00000000,0x000003E8
2026-07-25T22:00:04Z,1434,0x91A76194,P1-C1,0x9246B9C0,27,Joe the Condor,0x0014,,34,P2-C1,0x927EB9E0,17,Viewtiful Joe,0x00000009,"Mid, Light Hit",0x00000040,Common normal-hit bit,0x00000000,0x00000000,0x00000000,100,0x01010009,0x00000000,0x83046004,0x83046004,0x00000000,0x00000000,0x000003E8
2026-07-25T22:00:04Z,1434,0x91A76194,P1-C1,0x9246B9C0,27,Joe the Condor,0x0023,,2,P2-C1,0x927EB9E0,17,Viewtiful Joe,0x00000009,"Mid, Light Hit",0x00000040,Common normal-hit bit,0x00000000,0x00000000,0x00000000,100,0x01010009,0x00000000,0x83046004,0x83046004,0x00000000,0x00000000,0x000003E8
2026-07-25T22:00:05Z,1434,0x91A76194,P1-C1,0x9246B9C0,27,Joe the Condor,0x010A,,0,P2-C1,0x927EB9E0,17,Viewtiful Joe,0x00000009,"Mid, Light Hit",0x00000040,Common normal-hit bit,0x00000000,0x00000000,0x00000000,100,0x01010009,0x00000000,0x83046004,0x83046004,0x00000000,0x00000000,0x000003E8
2026-07-25T22:00:05Z,1435,0x91A76194,P1-C1,0x9246B9C0,27,Joe the Condor,0x0012,,0,P2-C1,0x927EB9E0,17,Viewtiful Joe,0x00000009,"Mid, Light Hit",0x00000040,Common normal-hit bit,0x00000000,0x00000000,0x00000000,100,0x01010009,0x00000000,0x83046004,0x83046004,0x00000000,0x00000000,0x000003E8
2026-07-25T22:00:05Z,1435,0x91A76194,P1-C1,0x9246B9C0,27,Joe the Condor,0x0014,jump,0,P2-C1,0x927EB9E0,17,Viewtiful Joe,0x00000009,"Mid, Light Hit",0x00000040,Common normal-hit bit,0x00000000,0x00000000,0x00000000,100,0x01010009,0x00000000,0x83046004,0x83046004,0x00000000,0x00000000,0x000003E8
2026-07-25T22:00:05Z,1435,0x91A76194,P1-C1,0x9246B9C0,27,Joe the Condor,0x010A,,0,P2-C1,0x927EB9E0,17,Viewtiful Joe,0x00000009,"Mid, Light Hit",0x00000040,Common normal-hit bit,0x00000000,0x00000000,0x00000000,100,0x01010009,0x00000000,0x83046004,0x83046004,0x00000000,0x00000000,0x000003E8
2026-07-25T22:00:05Z,1436,0x91A76194,P1-C1,0x9246B9C0,27,Joe the Condor,0x0143,,0,P2-C1,0x927EB9E0,17,Viewtiful Joe,0x00000009,"Mid, Light Hit",0x00000040,Common normal-hit bit,0x00000000,0x00000000,0x00000000,100,0x01010009,0x00000000,0x83046004,0x83046004,0x00000000,0x00000000,0x000003E8
2026-07-25T22:00:05Z,1436,0x91A76194,P1-C1,0x9246B9C0,27,Joe the Condor,0x0143,,3,P2-C1,0x927EB9E0,17,Viewtiful Joe,0x00000009,"Mid, Light Hit",0x00000040,Common normal-hit bit,0x00000000,0x00000000,0x00000000,100,0x00000000,0x00000000,0x83046004,0x00400000,0x00000000,0x00000000,0x000003E8
2026-07-25T22:00:05Z,1436,0x91A76194,P1-C1,0x9246B9C0,27,Joe the Condor,0x0143,,16,,0x00000000,0,,0x0000010C,"Mid, Heavy Hit, A flags 0x00000100",0x00000082,"Init/default bit, Unknown B bits 0x00000080",0x00000000,0x00000000,0x00000000,1500,0x01010009,0x00000000,0x03040000,0x00000000,0x00000000,0x00000000,0x000003E8
2026-07-25T22:00:05Z,1436,0x91A76194,P1-C1,0x9246B9C0,27,Joe the Condor,0x0143,,16,P2-C1,0x927EB9E0,17,Viewtiful Joe,0x0000010C,"Mid, Heavy Hit, A flags 0x00000100",0x00000082,"Init/default bit, Unknown B bits 0x00000080",0x00000000,0x00000000,0x00000000,1500,0x01010009,0x00000000,0x83040004,0x00000000,0x00000000,0x00000000,0x000003E8
2026-07-25T22:00:05Z,1436,0x91A76194,P1-C1,0x9246B9C0,27,Joe the Condor,0x0143,,17,P2-C1,0x927EB9E0,17,Viewtiful Joe,0x00000009,"Mid, Light Hit",0x00000040,Common normal-hit bit,0x00000000,0x00000000,0x00000000,100,0x01010009,0x00000000,0x83042004,0x83042004,0x00000000,0x00000000,0x000003E8
2026-07-25T22:00:05Z,1436,0x91A76194,P1-C1,0x9246B9C0,27,Joe the Condor,0x0143,,18,P2-C1,0x927EB9E0,17,Viewtiful Joe,0x00000009,"Mid, Light Hit",0x00000040,Common normal-hit bit,0x00000000,0x00000000,0x00000000,100,0x01010009,0x00000000,0x83046004,0x83046004,0x00000000,0x00000000,0x000003E8
2026-07-25T22:00:06Z,1437,0x91A76194,P1-C1,0x9246B9C0,27,Joe the Condor,0x0014,,34,P2-C1,0x927EB9E0,17,Viewtiful Joe,0x00000009,"Mid, Light Hit",0x00000040,Common normal-hit bit,0x00000000,0x00000000,0x00000000,100,0x01010009,0x00000000,0x83046004,0x83046004,0x00000000,0x00000000,0x000003E8
2026-07-25T22:00:06Z,1437,0x91A76194,P1-C1,0x9246B9C0,27,Joe the Condor,0x0141,,1,P2-C1,0x927EB9E0,17,Viewtiful Joe,0x00000009,"Mid, Light Hit",0x00000040,Common normal-hit bit,0x00000000,0x00000000,0x00000000,100,0x01010009,0x00000000,0x83046004,0x83046004,0x00000000,0x00000000,0x000003E8
2026-07-25T22:00:06Z,1437,0x91A6CCB8,P1-C1,0x9246B9C0,27,Joe the Condor,0x0141,,17,P2-C1,0x927EB9E0,17,Viewtiful Joe,0x0000000C,"Mid, Heavy Hit",0x00000102,"Init/default bit, Default collision family",0x00000000,0x00000000,0x00000000,1000,0x0F010009,0x00000000,0x83040004,0x00000000,0x00000000,0x00000000,0x000003E9
2026-07-25T22:00:06Z,1437,0x91A6CCB8,P1-C1,0x9246B9C0,27,Joe the Condor,0x0141,,17,P2-C1,0x927EB9E0,17,Viewtiful Joe,0x00000009,"Mid, Light Hit",0x00000040,Common normal-hit bit,0x00000000,0x00000000,0x00000000,100,0x0F010009,0x00000000,0x83042004,0x83042004,0x00000000,0x00000000,0x000003E9
2026-07-25T22:00:06Z,1438,0x91A6CCB8,P1-C1,0x9246B9C0,27,Joe the Condor,0x0141,Air Savage Shot B,19,P2-C1,0x927EB9E0,17,Viewtiful Joe,0x00000009,"Mid, Light Hit",0x00000040,Common normal-hit bit,0x00000000,0x00000000,0x00000000,100,0x0F010009,0x00000000,0x83046004,0x83046004,0x00000000,0x00000000,0x000003E9
2026-07-25T22:00:06Z,1438,0x91A7370C,P1-C1,0x9246B9C0,27,Joe the Condor,0x0141,Air Savage Shot B,21,P2-C1,0x927EB9E0,17,Viewtiful Joe,0x0000000C,"Mid, Heavy Hit",0x00000102,"Init/default bit, Default collision family",0x00000000,0x00000000,0x00000000,1000,0x0F010009,0x00000000,0x83040004,0x00000000,0x00000000,0x00000000,0x000003EA
2026-07-25T22:00:06Z,1438,0x91A7370C,P1-C1,0x9246B9C0,27,Joe the Condor,0x0141,Air Savage Shot B,22,P2-C1,0x927EB9E0,17,Viewtiful Joe,0x00000009,"Mid, Light Hit",0x00000040,Common normal-hit bit,0x00000000,0x00000000,0x00000000,100,0x0F010009,0x00000000,0x83042004,0x83042004,0x00000000,0x00000000,0x000003EA
2026-07-25T22:00:06Z,1438,0x91A7370C,P1-C1,0x9246B9C0,27,Joe the Condor,0x0141,Air Savage Shot B,23,P2-C1,0x927EB9E0,17,Viewtiful Joe,0x00000009,"Mid, Light Hit",0x00000040,Common normal-hit bit,0x00000000,0x00000000,0x00000000,100,0x0F010009,0x00000000,0x83046004,0x83046004,0x00000000,0x00000000,0x000003EA
2026-07-25T22:00:06Z,1438,0x91A860C4,P1-C1,0x9246B9C0,27,Joe the Condor,0x0141,Air Savage Shot B,25,P2-C1,0x927EB9E0,17,Viewtiful Joe,0x00000009,"Mid, Light Hit",0x00000040,Common normal-hit bit,0x00000000,0x00000000,0x00000000,100,0x0F010009,0x00000000,0x83042004,0x83042004,0x00000000,0x00000000,0x000003EB
2026-07-25T22:00:06Z,1438,0x91A860C4,P1-C1,0x9246B9C0,27,Joe the Condor,0x0141,Air Savage Shot B,28,P2-C1,0x927EB9E0,17,Viewtiful Joe,0x00000009,"Mid, Light Hit",0x00000040,Common normal-hit bit,0x00000000,0x00000000,0x00000000,100,0x0F010009,0x00000000,0x83046004,0x83046004,0x00000000,0x00000000,0x000003EB
2026-07-25T22:00:06Z,1438,0x91A7CBE8,P1-C1,0x9246B9C0,27,Joe the Condor,0x0141,Air Savage Shot B,30,,0x00000000,0,,0x0000000C,"Mid, Heavy Hit",0x00000102,"Init/default bit, Default collision family",0x00000000,0x00000000,0x00000000,1000,0x0F010009,0x00000000,0x03040000,0x00000000,0x00000000,0x00000000,0x000003EC
2026-07-25T22:00:07Z,1439,0x91A76194,P1-C1,0x9246B9C0,27,Joe the Condor,0x0141,Air Savage Shot B,45,P2-C1,0x927EB9E0,17,Viewtiful Joe,0x00000009,"Mid, Light Hit",0x00000040,Common normal-hit bit,0x00000000,0x00000000,0x00000000,100,0x01010009,0x00000000,0x83046004,0x00400000,0x00000000,0x00000000,0x000003E8
2026-07-25T22:00:07Z,1439,0x91A76194,P1-C1,0x9246B9C0,27,Joe the Condor,0x0141,Air Savage Shot B,46,P2-C1,0x927EB9E0,17,Viewtiful Joe,0x00000009,"Mid, Light Hit",0x00000040,Common normal-hit bit,0x00000000,0x00000000,0x00000000,100,0x00000000,0x00000000,0x83046004,0x00400000,0x00000000,0x00000000,0x000003E8
2026-07-25T22:00:07Z,1439,0x91A6CCB8,P1-C1,0x9246B9C0,27,Joe the Condor,0x010A,,2,P2-C1,0x927EB9E0,17,Viewtiful Joe,0x00000009,"Mid, Light Hit",0x00000040,Common normal-hit bit,0x00000000,0x00000000,0x00000000,100,0x0F010009,0x00000000,0x83046004,0x83046004,0x00000000,0x00000000,0x000003E9
2026-07-25T22:00:07Z,1439,0x91A7370C,P1-C1,0x9246B9C0,27,Joe the Condor,0x010A,,2,P2-C1,0x927EB9E0,17,Viewtiful Joe,0x00000009,"Mid, Light Hit",0x00000040,Common normal-hit bit,0x00000000,0x00000000,0x00000000,100,0x0F010009,0x00000000,0x83046004,0x83046004,0x00000000,0x00000000,0x000003EA
2026-07-25T22:00:07Z,1439,0x91A860C4,P1-C1,0x9246B9C0,27,Joe the Condor,0x010A,,2,P2-C1,0x927EB9E0,17,Viewtiful Joe,0x00000009,"Mid, Light Hit",0x00000040,Common normal-hit bit,0x00000000,0x00000000,0x00000000,100,0x0F010009,0x00000000,0x83046004,0x83046004,0x00000000,0x00000000,0x000003EB
2026-07-25T22:00:07Z,1439,0x91A7CBE8,P1-C1,0x9246B9C0,27,Joe the Condor,0x010A,,2,,0x00000000,0,,0x0000000C,"Mid, Heavy Hit",0x00000102,"Init/default bit, Default collision family",0x00000000,0x00000000,0x00000000,1000,0x0F010009,0x00000000,0x03040000,0x00000000,0x00000000,0x00000000,0x000003EC
2026-07-25T22:00:07Z,1439,0x91A6CCB8,P1-C1,0x9246B9C0,27,Joe the Condor,0x0143,,2,P2-C1,0x927EB9E0,17,Viewtiful Joe,0x00000009,"Mid, Light Hit",0x00000040,Common normal-hit bit,0x00000000,0x00000000,0x00000000,100,0x0F010009,0x00000000,0x83046004,0x83046004,0x00000000,0x00000000,0x000003E9
2026-07-25T22:00:07Z,1439,0x91A7370C,P1-C1,0x9246B9C0,27,Joe the Condor,0x0143,,2,P2-C1,0x927EB9E0,17,Viewtiful Joe,0x00000009,"Mid, Light Hit",0x00000040,Common normal-hit bit,0x00000000,0x00000000,0x00000000,100,0x0F010009,0x00000000,0x83046004,0x83046004,0x00000000,0x00000000,0x000003EA
2026-07-25T22:00:07Z,1439,0x91A860C4,P1-C1,0x9246B9C0,27,Joe the Condor,0x0143,,2,P2-C1,0x927EB9E0,17,Viewtiful Joe,0x00000009,"Mid, Light Hit",0x00000040,Common normal-hit bit,0x00000000,0x00000000,0x00000000,100,0x0F010009,0x00000000,0x83046004,0x83046004,0x00000000,0x00000000,0x000003EB
2026-07-25T22:00:07Z,1439,0x91A7CBE8,P1-C1,0x9246B9C0,27,Joe the Condor,0x0143,,2,,0x00000000,0,,0x0000000C,"Mid, Heavy Hit",0x00000102,"Init/default bit, Default collision family",0x00000000,0x00000000,0x00000000,1000,0x0F010009,0x00000000,0x03040000,0x00000000,0x00000000,0x00000000,0x000003EC
2026-07-25T22:00:07Z,1439,0x91A6CCB8,P1-C1,0x9246B9C0,27,Joe the Condor,0x0143,,10,P2-C1,0x927EB9E0,17,Viewtiful Joe,0x00000009,"Mid, Light Hit",0x00000040,Common normal-hit bit,0x00000000,0x00000000,0x00000000,100,0x0F010009,0x00000000,0x83046004,0x00400000,0x00000000,0x00000000,0x000003E9
2026-07-25T22:00:07Z,1439,0x91A7370C,P1-C1,0x9246B9C0,27,Joe the Condor,0x0143,,14,P2-C1,0x927EB9E0,17,Viewtiful Joe,0x00000009,"Mid, Light Hit",0x00000040,Common normal-hit bit,0x00000000,0x00000000,0x00000000,100,0x0F010009,0x00000000,0x83046004,0x00400000,0x00000000,0x00000000,0x000003EA
2026-07-25T22:00:07Z,1440,0x91A7370C,P1-C1,0x9246B9C0,27,Joe the Condor,0x0143,Air Shuriken A,16,,0x00000000,0,,0x0000010C,"Mid, Heavy Hit, A flags 0x00000100",0x00000082,"Init/default bit, Unknown B bits 0x00000080",0x00000000,0x00000000,0x00000000,1500,0x01010009,0x00000000,0x03040000,0x00000000,0x00000000,0x00000000,0x000003E8
2026-07-25T22:00:07Z,1440,0x91A860C4,P1-C1,0x9246B9C0,27,Joe the Condor,0x0143,Air Shuriken A,19,P2-C1,0x927EB9E0,17,Viewtiful Joe,0x00000009,"Mid, Light Hit",0x00000040,Common normal-hit bit,0x00000000,0x00000000,0x00000000,100,0x0F010009,0x00000000,0x83046004,0x00400000,0x00000000,0x00000000,0x000003EB
2026-07-25T22:00:07Z,1440,0x91A7CBE8,P1-C1,0x9246B9C0,27,Joe the Condor,0x0143,Air Shuriken A,25,,0x00000000,0,,0x00000009,"Mid, Light Hit",0x00000040,Common normal-hit bit,0x00000000,0x00000000,0x00000000,100,0x00000000,0x00000000,0x83042040,0x00400000,0x00000000,0x00000000,0x000003EC
2026-07-25T22:00:07Z,1440,0x91A7370C,P1-C1,0x9246B9C0,27,Joe the Condor,0x0014,,34,,0x00000000,0,,0x0000010C,"Mid, Heavy Hit, A flags 0x00000100",0x00000082,"Init/default bit, Unknown B bits 0x00000080",0x00000000,0x00000000,0x00000000,1500,0x01010009,0x00000000,0x03040000,0x00000000,0x00000000,0x00000000,0x000003E8
2026-07-25T22:00:08Z,1442,0x91A7370C,P1-C1,0x9246B9C0,27,Joe the Condor,0x001E,,0,,0x00000000,0,,0x0000010C,"Mid, Heavy Hit, A flags 0x00000100",0x00000082,"Init/default bit, Unknown B bits 0x00000080",0x00000000,0x00000000,0x00000000,1500,0x01010009,0x00000000,0x03040000,0x00000000,0x00000000,0x00000000,0x000003E8
2026-07-25T22:00:08Z,1443,0x91A7370C,P1-C1,0x9246B9C0,27,Joe the Condor,0x0001,,0,,0x00000000,0,,0x0000010C,"Mid, Heavy Hit, A flags 0x00000100",0x00000082,"Init/default bit, Unknown B bits 0x00000080",0x00000000,0x00000000,0x00000000,1500,0x01010009,0x00000000,0x03040000,0x00000000,0x00000000,0x00000000,0x000003E8
2026-07-25T22:00:08Z,1443,0x91A7370C,P1-C1,0x9246B9C0,27,Joe the Condor,0x0001,,3,,0x00000000,0,,0x00000009,"Mid, Light Hit",0x00000040,Common normal-hit bit,0x00000000,0x00000000,0x00000000,100,0x01010009,0x00000000,0x83040000,0x00400000,0x00000000,0x00000000,0x000003E8
2026-07-25T22:00:11Z,1452,0x91A7370C,P1-C1,0x9246B9C0,27,Joe the Condor,0x0143,Air Shuriken A,16,P2-C1,0x927EB9E0,17,Viewtiful Joe,0x0000010C,"Mid, Heavy Hit, A flags 0x00000100",0x00000082,"Init/default bit, Unknown B bits 0x00000080",0x00000000,0x00000000,0x00000000,1500,0x01010009,0x00000000,0x83040004,0x00000000,0x00000000,0x00000000,0x000003E8
2026-07-25T22:00:11Z,1452,0x91A7370C,P1-C1,0x9246B9C0,27,Joe the Condor,0x0143,Air Shuriken A,17,P2-C1,0x927EB9E0,17,Viewtiful Joe,0x00000009,"Mid, Light Hit",0x00000040,Common normal-hit bit,0x00000000,0x00000000,0x00000000,100,0x01010009,0x00000000,0x83042004,0x83042004,0x00000000,0x00000000,0x000003E8
2026-07-25T22:00:11Z,1452,0x91A7370C,P1-C1,0x9246B9C0,27,Joe the Condor,0x0143,Air Shuriken A,18,P2-C1,0x927EB9E0,17,Viewtiful Joe,0x00000009,"Mid, Light Hit",0x00000040,Common normal-hit bit,0x00000000,0x00000000,0x00000000,100,0x01010009,0x00000000,0x83046004,0x83046004,0x00000000,0x00000000,0x000003E8
2026-07-25T22:00:11Z,1453,0x91A7370C,P1-C1,0x9246B9C0,27,Joe the Condor,0x0023,,6,P2-C1,0x927EB9E0,17,Viewtiful Joe,0x00000009,"Mid, Light Hit",0x00000040,Common normal-hit bit,0x00000000,0x00000000,0x00000000,100,0x01010009,0x00000000,0x83046004,0x83046004,0x00000000,0x00000000,0x000003E8
2026-07-25T22:00:12Z,1453,0x91A7370C,P1-C1,0x9246B9C0,27,Joe the Condor,0x010A,,1,P2-C1,0x927EB9E0,17,Viewtiful Joe,0x00000009,"Mid, Light Hit",0x00000040,Common normal-hit bit,0x00000000,0x00000000,0x00000000,100,0x01010009,0x00000000,0x83046004,0x83046004,0x00000000,0x00000000,0x000003E8
2026-07-25T22:00:12Z,1453,0x91A7370C,P1-C1,0x9246B9C0,27,Joe the Condor,0x0012,,0,P2-C1,0x927EB9E0,17,Viewtiful Joe,0x00000009,"Mid, Light Hit",0x00000040,Common normal-hit bit,0x00000000,0x00000000,0x00000000,100,0x01010009,0x00000000,0x83046004,0x83046004,0x00000000,0x00000000,0x000003E8
2026-07-25T22:00:12Z,1453,0x91A7370C,P1-C1,0x9246B9C0,27,Joe the Condor,0x0016,,0,P2-C1,0x927EB9E0,17,Viewtiful Joe,0x00000009,"Mid, Light Hit",0x00000040,Common normal-hit bit,0x00000000,0x00000000,0x00000000,100,0x01010009,0x00000000,0x83046004,0x83046004,0x00000000,0x00000000,0x000003E8
2026-07-25T22:00:12Z,1453,0x91A7370C,P1-C1,0x9246B9C0,27,Joe the Condor,0x010A,,0,P2-C1,0x927EB9E0,17,Viewtiful Joe,0x00000009,"Mid, Light Hit",0x00000040,Common normal-hit bit,0x00000000,0x00000000,0x00000000,100,0x01010009,0x00000000,0x83046004,0x83046004,0x00000000,0x00000000,0x000003E8
2026-07-25T22:00:12Z,1454,0x91A7370C,P1-C1,0x9246B9C0,27,Joe the Condor,0x0143,,0,P2-C1,0x927EB9E0,17,Viewtiful Joe,0x00000009,"Mid, Light Hit",0x00000040,Common normal-hit bit,0x00000000,0x00000000,0x00000000,100,0x01010009,0x00000000,0x83046004,0x83046004,0x00000000,0x00000000,0x000003E8
2026-07-25T22:00:12Z,1454,0x91A7370C,P1-C1,0x9246B9C0,27,Joe the Condor,0x0143,,0,P2-C1,0x927EB9E0,17,Viewtiful Joe,0x00000009,"Mid, Light Hit",0x00000040,Common normal-hit bit,0x00000000,0x00000000,0x00000000,100,0x01010009,0x00000000,0x83046004,0x00400000,0x00000000,0x00000000,0x000003E8
2026-07-25T22:00:12Z,1455,0x91A7370C,P1-C1,0x9246B9C0,27,Joe the Condor,0x0143,Air Shuriken A,17,P2-C1,0x927EB9E0,17,Viewtiful Joe,0x0000010C,"Mid, Heavy Hit, A flags 0x00000100",0x00000082,"Init/default bit, Unknown B bits 0x00000080",0x00000000,0x00000000,0x00000000,1500,0x01010009,0x00000000,0x83040004,0x00000000,0x00000000,0x00000000,0x000003E8
2026-07-25T22:00:12Z,1455,0x91A7370C,P1-C1,0x9246B9C0,27,Joe the Condor,0x0143,Air Shuriken A,17,P2-C1,0x927EB9E0,17,Viewtiful Joe,0x00000009,"Mid, Light Hit",0x00000040,Common normal-hit bit,0x00000000,0x00000000,0x00000000,100,0x01010009,0x00000000,0x83042004,0x83042004,0x00000000,0x00000000,0x000003E8
2026-07-25T22:00:12Z,1455,0x91A7370C,P1-C1,0x9246B9C0,27,Joe the Condor,0x0143,Air Shuriken A,18,P2-C1,0x927EB9E0,17,Viewtiful Joe,0x00000009,"Mid, Light Hit",0x00000040,Common normal-hit bit,0x00000000,0x00000000,0x00000000,100,0x01010009,0x00000000,0x83046004,0x83046004,0x00000000,0x00000000,0x000003E8
2026-07-25T22:00:13Z,1455,0x91A7370C,P1-C1,0x9246B9C0,27,Joe the Condor,0x0014,,34,P2-C1,0x927EB9E0,17,Viewtiful Joe,0x00000009,"Mid, Light Hit",0x00000040,Common normal-hit bit,0x00000000,0x00000000,0x00000000,100,0x01010009,0x00000000,0x83046004,0x83046004,0x00000000,0x00000000,0x000003E8
2026-07-25T22:00:13Z,1455,0x91A7370C,P1-C1,0x9246B9C0,27,Joe the Condor,0x0141,,0,P2-C1,0x927EB9E0,17,Viewtiful Joe,0x00000009,"Mid, Light Hit",0x00000040,Common normal-hit bit,0x00000000,0x00000000,0x00000000,100,0x01010009,0x00000000,0x83046004,0x83046004,0x00000000,0x00000000,0x000003E8
2026-07-25T22:00:13Z,1456,0x91A7CBE8,P1-C1,0x9246B9C0,27,Joe the Condor,0x0141,,17,P2-C1,0x927EB9E0,17,Viewtiful Joe,0x00000009,"Mid, Light Hit",0x00000040,Common normal-hit bit,0x00000000,0x00000000,0x00000000,100,0x0F010009,0x00000000,0x83042004,0x83042004,0x00000000,0x00000000,0x000003E9
2026-07-25T22:00:13Z,1456,0x91A7CBE8,P1-C1,0x9246B9C0,27,Joe the Condor,0x0141,,19,P2-C1,0x927EB9E0,17,Viewtiful Joe,0x00000009,"Mid, Light Hit",0x00000040,Common normal-hit bit,0x00000000,0x00000000,0x00000000,100,0x0F010009,0x00000000,0x83046004,0x83046004,0x00000000,0x00000000,0x000003E9
2026-07-25T22:00:13Z,1456,0x91A860C4,P1-C1,0x9246B9C0,27,Joe the Condor,0x0141,,21,P2-C1,0x927EB9E0,17,Viewtiful Joe,0x0000000C,"Mid, Heavy Hit",0x00000102,"Init/default bit, Default collision family",0x00000000,0x00000000,0x00000000,1000,0x0F010009,0x00000000,0x83040004,0x00000000,0x00000000,0x00000000,0x000003EA
2026-07-25T22:00:13Z,1456,0x91A860C4,P1-C1,0x9246B9C0,27,Joe the Condor,0x0141,,22,P2-C1,0x927EB9E0,17,Viewtiful Joe,0x00000009,"Mid, Light Hit",0x00000040,Common normal-hit bit,0x00000000,0x00000000,0x00000000,100,0x0F010009,0x00000000,0x83042004,0x83042004,0x00000000,0x00000000,0x000003EA
2026-07-25T22:00:13Z,1456,0x91A860C4,P1-C1,0x9246B9C0,27,Joe the Condor,0x0141,,23,P2-C1,0x927EB9E0,17,Viewtiful Joe,0x00000009,"Mid, Light Hit",0x00000040,Common normal-hit bit,0x00000000,0x00000000,0x00000000,100,0x0F010009,0x00000000,0x83046004,0x83046004,0x00000000,0x00000000,0x000003EA
2026-07-25T22:00:13Z,1456,0x91A6CCB8,P1-C1,0x9246B9C0,27,Joe the Condor,0x0141,,26,,0x00000000,0,,0x0000000C,"Mid, Heavy Hit",0x00000102,"Init/default bit, Default collision family",0x00000000,0x00000000,0x00000000,1000,0x0F010009,0x00000000,0x03040000,0x00000000,0x00000000,0x00000000,0x000003EB
2026-07-25T22:00:13Z,1457,0x91A76194,P1-C1,0x9246B9C0,27,Joe the Condor,0x0141,Air Savage Shot B,31,,0x00000000,0,,0x0000000C,"Mid, Heavy Hit",0x00000102,"Init/default bit, Default collision family",0x00000000,0x00000000,0x00000000,1000,0x0F010009,0x00000000,0x03040000,0x00000000,0x00000000,0x00000000,0x000003EC
2026-07-25T22:00:14Z,1457,0x91A7370C,P1-C1,0x9246B9C0,27,Joe the Condor,0x0141,Air Savage Shot B,45,P2-C1,0x927EB9E0,17,Viewtiful Joe,0x00000009,"Mid, Light Hit",0x00000040,Common normal-hit bit,0x00000000,0x00000000,0x00000000,100,0x01010009,0x00000000,0x83046004,0x00400000,0x00000000,0x00000000,0x000003E8
2026-07-25T22:00:14Z,1457,0x91A7370C,P1-C1,0x9246B9C0,27,Joe the Condor,0x0141,Air Savage Shot B,46,P2-C1,0x927EB9E0,17,Viewtiful Joe,0x00000009,"Mid, Light Hit",0x00000040,Common normal-hit bit,0x00000000,0x00000000,0x00000000,100,0x00000000,0x00000000,0x83046004,0x00400000,0x00000000,0x00000000,0x000003E8
2026-07-25T22:00:14Z,1457,0x91A7CBE8,P1-C1,0x9246B9C0,27,Joe the Condor,0x0014,,50,P2-C1,0x927EB9E0,17,Viewtiful Joe,0x00000009,"Mid, Light Hit",0x00000040,Common normal-hit bit,0x00000000,0x00000000,0x00000000,100,0x0F010009,0x00000000,0x83046004,0x83046004,0x00000000,0x00000000,0x000003E9
2026-07-25T22:00:14Z,1457,0x91A860C4,P1-C1,0x9246B9C0,27,Joe the Condor,0x0014,,50,P2-C1,0x927EB9E0,17,Viewtiful Joe,0x00000009,"Mid, Light Hit",0x00000040,Common normal-hit bit,0x00000000,0x00000000,0x00000000,100,0x0F010009,0x00000000,0x83046004,0x83046004,0x00000000,0x00000000,0x000003EA
2026-07-25T22:00:14Z,1457,0x91A6CCB8,P1-C1,0x9246B9C0,27,Joe the Condor,0x0014,,50,,0x00000000,0,,0x0000000C,"Mid, Heavy Hit",0x00000102,"Init/default bit, Default collision family",0x00000000,0x00000000,0x00000000,1000,0x0F010009,0x00000000,0x03040000,0x00000000,0x00000000,0x00000000,0x000003EB
2026-07-25T22:00:14Z,1457,0x91A76194,P1-C1,0x9246B9C0,27,Joe the Condor,0x0014,,50,,0x00000000,0,,0x0000000C,"Mid, Heavy Hit",0x00000102,"Init/default bit, Default collision family",0x00000000,0x00000000,0x00000000,1000,0x0F010009,0x00000000,0x03040000,0x00000000,0x00000000,0x00000000,0x000003EC
2026-07-25T22:00:14Z,1457,0x91A7CBE8,P1-C1,0x9246B9C0,27,Joe the Condor,0x0143,,0,P2-C1,0x927EB9E0,17,Viewtiful Joe,0x00000009,"Mid, Light Hit",0x00000040,Common normal-hit bit,0x00000000,0x00000000,0x00000000,100,0x0F010009,0x00000000,0x83046004,0x83046004,0x00000000,0x00000000,0x000003E9
2026-07-25T22:00:14Z,1457,0x91A860C4,P1-C1,0x9246B9C0,27,Joe the Condor,0x0143,,0,P2-C1,0x927EB9E0,17,Viewtiful Joe,0x00000009,"Mid, Light Hit",0x00000040,Common normal-hit bit,0x00000000,0x00000000,0x00000000,100,0x0F010009,0x00000000,0x83046004,0x83046004,0x00000000,0x00000000,0x000003EA
2026-07-25T22:00:14Z,1457,0x91A6CCB8,P1-C1,0x9246B9C0,27,Joe the Condor,0x0143,,0,,0x00000000,0,,0x0000000C,"Mid, Heavy Hit",0x00000102,"Init/default bit, Default collision family",0x00000000,0x00000000,0x00000000,1000,0x0F010009,0x00000000,0x03040000,0x00000000,0x00000000,0x00000000,0x000003EB
2026-07-25T22:00:14Z,1457,0x91A76194,P1-C1,0x9246B9C0,27,Joe the Condor,0x0143,,0,,0x00000000,0,,0x0000000C,"Mid, Heavy Hit",0x00000102,"Init/default bit, Default collision family",0x00000000,0x00000000,0x00000000,1000,0x0F010009,0x00000000,0x03040000,0x00000000,0x00000000,0x00000000,0x000003EC
2026-07-25T22:00:14Z,1458,0x91A7CBE8,P1-C1,0x9246B9C0,27,Joe the Condor,0x0143,,9,P2-C1,0x927EB9E0,17,Viewtiful Joe,0x00000009,"Mid, Light Hit",0x00000040,Common normal-hit bit,0x00000000,0x00000000,0x00000000,100,0x0F010009,0x00000000,0x83046004,0x00400000,0x00000000,0x00000000,0x000003E9
2026-07-25T22:00:14Z,1458,0x91A860C4,P1-C1,0x9246B9C0,27,Joe the Condor,0x0143,,13,P2-C1,0x927EB9E0,17,Viewtiful Joe,0x00000009,"Mid, Light Hit",0x00000040,Common normal-hit bit,0x00000000,0x00000000,0x00000000,100,0x0F010009,0x00000000,0x83046004,0x00400000,0x00000000,0x00000000,0x000003EA
2026-07-25T22:00:14Z,1458,0x91A6CCB8,P1-C1,0x9246B9C0,27,Joe the Condor,0x0143,,15,,0x00000000,0,,0x00000009,"Mid, Light Hit",0x00000040,Common normal-hit bit,0x00000000,0x00000000,0x00000000,100,0x0F010009,0x00000000,0x83042040,0x83042040,0x00000000,0x00000000,0x000003EB
2026-07-25T22:00:14Z,1458,0x91A6CCB8,P1-C1,0x9246B9C0,27,Joe the Condor,0x0143,,18,,0x00000000,0,,0x00000009,"Mid, Light Hit",0x00000040,Common normal-hit bit,0x00000000,0x00000000,0x00000000,100,0x0F010009,0x00000000,0x83046040,0x00400000,0x00000000,0x00000000,0x000003EB
2026-07-25T22:00:14Z,1458,0x91A860C4,P1-C1,0x9246B9C0,27,Joe the Condor,0x0143,,18,,0x00000000,0,,0x0000010C,"Mid, Heavy Hit, A flags 0x00000100",0x00000082,"Init/default bit, Unknown B bits 0x00000080",0x00000000,0x00000000,0x00000000,1500,0x01010009,0x00000000,0x03040000,0x00000000,0x00000000,0x00000000,0x000003E8
2026-07-25T22:00:14Z,1458,0x91A76194,P1-C1,0x9246B9C0,27,Joe the Condor,0x0143,,20,,0x00000000,0,,0x00000009,"Mid, Light Hit",0x00000040,Common normal-hit bit,0x00000000,0x00000000,0x00000000,100,0x0F010009,0x00000000,0x83042040,0x83042040,0x00000000,0x00000000,0x000003EC
2026-07-25T22:00:14Z,1458,0x91A76194,P1-C1,0x9246B9C0,27,Joe the Condor,0x0143,,23,,0x00000000,0,,0x00000009,"Mid, Light Hit",0x00000040,Common normal-hit bit,0x00000000,0x00000000,0x00000000,100,0x0F010009,0x00000000,0x83046040,0x00400000,0x00000000,0x00000000,0x000003EC
2026-07-25T22:00:14Z,1459,0x91A860C4,P1-C1,0x9246B9C0,27,Joe the Condor,0x0014,,34,,0x00000000,0,,0x0000010C,"Mid, Heavy Hit, A flags 0x00000100",0x00000082,"Init/default bit, Unknown B bits 0x00000080",0x00000000,0x00000000,0x00000000,1500,0x01010009,0x00000000,0x03040000,0x00000000,0x00000000,0x00000000,0x000003E8
2026-07-25T22:00:15Z,1460,0x91A860C4,P1-C1,0x9246B9C0,27,Joe the Condor,0x001E,,0,,0x00000000,0,,0x0000010C,"Mid, Heavy Hit, A flags 0x00000100",0x00000082,"Init/default bit, Unknown B bits 0x00000080",0x00000000,0x00000000,0x00000000,1500,0x01010009,0x00000000,0x03040000,0x00000000,0x00000000,0x00000000,0x000003E8
2026-07-25T22:00:15Z,1460,0x91A860C4,P1-C1,0x9246B9C0,27,Joe the Condor,0x0001,,0,,0x00000000,0,,0x0000010C,"Mid, Heavy Hit, A flags 0x00000100",0x00000082,"Init/default bit, Unknown B bits 0x00000080",0x00000000,0x00000000,0x00000000,1500,0x01010009,0x00000000,0x03040000,0x00000000,0x00000000,0x00000000,0x000003E8
2026-07-25T22:00:15Z,1461,0x91A860C4,P1-C1,0x9246B9C0,27,Joe the Condor,0x0001,,5,,0x00000000,0,,0x00000009,"Mid, Light Hit",0x00000040,Common normal-hit bit,0x00000000,0x00000000,0x00000000,100,0x01010009,0x00000000,0x83040000,0x00400000,0x00000000,0x00000000,0x000003E8
2026-07-25T22:00:18Z,1468,0x91A860C4,P1-C1,0x9246B9C0,27,Joe the Condor,0x0143,Air Shuriken A,17,P2-C1,0x927EB9E0,17,Viewtiful Joe,0x00000009,"Mid, Light Hit",0x00000040,Common normal-hit bit,0x00000000,0x00000000,0x00000000,100,0x01010009,0x00000000,0x83042004,0x83042004,0x00000000,0x00000000,0x000003E8
2026-07-25T22:00:18Z,1468,0x91A860C4,P1-C1,0x9246B9C0,27,Joe the Condor,0x0143,Air Shuriken A,18,P2-C1,0x927EB9E0,17,Viewtiful Joe,0x00000009,"Mid, Light Hit",0x00000040,Common normal-hit bit,0x00000000,0x00000000,0x00000000,100,0x01010009,0x00000000,0x83046004,0x83046004,0x00000000,0x00000000,0x000003E8
2026-07-25T22:00:18Z,1469,0x91A860C4,P1-C1,0x9246B9C0,27,Joe the Condor,0x0014,,34,P2-C1,0x927EB9E0,17,Viewtiful Joe,0x00000009,"Mid, Light Hit",0x00000040,Common normal-hit bit,0x00000000,0x00000000,0x00000000,100,0x01010009,0x00000000,0x83046004,0x83046004,0x00000000,0x00000000,0x000003E8
2026-07-25T22:00:18Z,1469,0x91A860C4,P1-C1,0x9246B9C0,27,Joe the Condor,0x0023,,2,P2-C1,0x927EB9E0,17,Viewtiful Joe,0x00000009,"Mid, Light Hit",0x00000040,Common normal-hit bit,0x00000000,0x00000000,0x00000000,100,0x01010009,0x00000000,0x83046004,0x83046004,0x00000000,0x00000000,0x000003E8
2026-07-25T22:00:18Z,1469,0x91A860C4,P1-C1,0x9246B9C0,27,Joe the Condor,0x010A,,0,P2-C1,0x927EB9E0,17,Viewtiful Joe,0x00000009,"Mid, Light Hit",0x00000040,Common normal-hit bit,0x00000000,0x00000000,0x00000000,100,0x01010009,0x00000000,0x83046004,0x83046004,0x00000000,0x00000000,0x000003E8
2026-07-25T22:00:19Z,1469,0x91A860C4,P1-C1,0x9246B9C0,27,Joe the Condor,0x0012,,0,P2-C1,0x927EB9E0,17,Viewtiful Joe,0x00000009,"Mid, Light Hit",0x00000040,Common normal-hit bit,0x00000000,0x00000000,0x00000000,100,0x01010009,0x00000000,0x83046004,0x83046004,0x00000000,0x00000000,0x000003E8
2026-07-25T22:00:19Z,1469,0x91A860C4,P1-C1,0x9246B9C0,27,Joe the Condor,0x0016,,0,P2-C1,0x927EB9E0,17,Viewtiful Joe,0x00000009,"Mid, Light Hit",0x00000040,Common normal-hit bit,0x00000000,0x00000000,0x00000000,100,0x01010009,0x00000000,0x83046004,0x83046004,0x00000000,0x00000000,0x000003E8
2026-07-25T22:00:19Z,1470,0x91A860C4,P1-C1,0x9246B9C0,27,Joe the Condor,0x010A,j.B,0,P2-C1,0x927EB9E0,17,Viewtiful Joe,0x00000009,"Mid, Light Hit",0x00000040,Common normal-hit bit,0x00000000,0x00000000,0x00000000,100,0x01010009,0x00000000,0x83046004,0x83046004,0x00000000,0x00000000,0x000003E8
2026-07-25T22:00:19Z,1470,0x91A860C4,P1-C1,0x9246B9C0,27,Joe the Condor,0x0143,,0,P2-C1,0x927EB9E0,17,Viewtiful Joe,0x00000009,"Mid, Light Hit",0x00000040,Common normal-hit bit,0x00000000,0x00000000,0x00000000,100,0x01010009,0x00000000,0x83046004,0x83046004,0x00000000,0x00000000,0x000003E8
2026-07-25T22:00:19Z,1470,0x91A860C4,P1-C1,0x9246B9C0,27,Joe the Condor,0x0143,,0,P2-C1,0x927EB9E0,17,Viewtiful Joe,0x00000009,"Mid, Light Hit",0x00000040,Common normal-hit bit,0x00000000,0x00000000,0x00000000,100,0x00000000,0x00000000,0x83046004,0x00400000,0x00000000,0x00000000,0x000003E8
2026-07-25T22:00:19Z,1471,0x91A860C4,P1-C1,0x9246B9C0,27,Joe the Condor,0x0143,Air Shuriken A,16,P2-C1,0x927EB9E0,17,Viewtiful Joe,0x0000010C,"Mid, Heavy Hit, A flags 0x00000100",0x00000082,"Init/default bit, Unknown B bits 0x00000080",0x00000000,0x00000000,0x00000000,1500,0x01010009,0x00000000,0x83040004,0x00000000,0x00000000,0x00000000,0x000003E8
2026-07-25T22:00:19Z,1471,0x91A860C4,P1-C1,0x9246B9C0,27,Joe the Condor,0x0143,Air Shuriken A,17,P2-C1,0x927EB9E0,17,Viewtiful Joe,0x00000009,"Mid, Light Hit",0x00000040,Common normal-hit bit,0x00000000,0x00000000,0x00000000,100,0x01010009,0x00000000,0x83042004,0x83042004,0x00000000,0x00000000,0x000003E8
2026-07-25T22:00:19Z,1471,0x91A860C4,P1-C1,0x9246B9C0,27,Joe the Condor,0x0143,Air Shuriken A,18,P2-C1,0x927EB9E0,17,Viewtiful Joe,0x00000009,"Mid, Light Hit",0x00000040,Common normal-hit bit,0x00000000,0x00000000,0x00000000,100,0x01010009,0x00000000,0x83046004,0x83046004,0x00000000,0x00000000,0x000003E8
2026-07-25T22:00:20Z,1472,0x91A860C4,P1-C1,0x9246B9C0,27,Joe the Condor,0x0014,,34,P2-C1,0x927EB9E0,17,Viewtiful Joe,0x00000009,"Mid, Light Hit",0x00000040,Common normal-hit bit,0x00000000,0x00000000,0x00000000,100,0x01010009,0x00000000,0x83046004,0x83046004,0x00000000,0x00000000,0x000003E8
2026-07-25T22:00:20Z,1472,0x91A860C4,P1-C1,0x9246B9C0,27,Joe the Condor,0x0141,,1,P2-C1,0x927EB9E0,17,Viewtiful Joe,0x00000009,"Mid, Light Hit",0x00000040,Common normal-hit bit,0x00000000,0x00000000,0x00000000,100,0x01010009,0x00000000,0x83046004,0x83046004,0x00000000,0x00000000,0x000003E8
2026-07-25T22:00:20Z,1473,0x91A76194,P1-C1,0x9246B9C0,27,Joe the Condor,0x0141,Air Savage Shot B,17,P2-C1,0x927EB9E0,17,Viewtiful Joe,0x0000000C,"Mid, Heavy Hit",0x00000102,"Init/default bit, Default collision family",0x00000000,0x00000000,0x00000000,1000,0x0F010009,0x00000000,0x83040004,0x00000000,0x00000000,0x00000000,0x000003E9
2026-07-25T22:00:20Z,1473,0x91A76194,P1-C1,0x9246B9C0,27,Joe the Condor,0x0141,Air Savage Shot B,17,P2-C1,0x927EB9E0,17,Viewtiful Joe,0x00000009,"Mid, Light Hit",0x00000040,Common normal-hit bit,0x00000000,0x00000000,0x00000000,100,0x0F010009,0x00000000,0x83042004,0x83042004,0x00000000,0x00000000,0x000003E9
2026-07-25T22:00:20Z,1473,0x91A76194,P1-C1,0x9246B9C0,27,Joe the Condor,0x0141,Air Savage Shot B,19,P2-C1,0x927EB9E0,17,Viewtiful Joe,0x00000009,"Mid, Light Hit",0x00000040,Common normal-hit bit,0x00000000,0x00000000,0x00000000,100,0x0F010009,0x00000000,0x83046004,0x83046004,0x00000000,0x00000000,0x000003E9
2026-07-25T22:00:20Z,1473,0x91A6CCB8,P1-C1,0x9246B9C0,27,Joe the Condor,0x0141,Air Savage Shot B,22,P2-C1,0x927EB9E0,17,Viewtiful Joe,0x00000009,"Mid, Light Hit",0x00000040,Common normal-hit bit,0x00000000,0x00000000,0x00000000,100,0x0F010009,0x00000000,0x83042004,0x83042004,0x00000000,0x00000000,0x000003EA
2026-07-25T22:00:20Z,1473,0x91A6CCB8,P1-C1,0x9246B9C0,27,Joe the Condor,0x0141,Air Savage Shot B,23,P2-C1,0x927EB9E0,17,Viewtiful Joe,0x00000009,"Mid, Light Hit",0x00000040,Common normal-hit bit,0x00000000,0x00000000,0x00000000,100,0x0F010009,0x00000000,0x83046004,0x83046004,0x00000000,0x00000000,0x000003EA
2026-07-25T22:00:20Z,1473,0x91A7CBE8,P1-C1,0x9246B9C0,27,Joe the Condor,0x0141,Air Savage Shot B,25,,0x00000000,0,,0x0000000C,"Mid, Heavy Hit",0x00000102,"Init/default bit, Default collision family",0x00000000,0x00000000,0x00000000,1000,0x0F010009,0x00000000,0x03040000,0x00000000,0x00000000,0x00000000,0x000003EB
2026-07-25T22:00:20Z,1473,0x91A7370C,P1-C1,0x9246B9C0,27,Joe the Condor,0x0141,Air Savage Shot B,30,,0x00000000,0,,0x0000000C,"Mid, Heavy Hit",0x00000102,"Init/default bit, Default collision family",0x00000000,0x00000000,0x00000000,1000,0x0F010009,0x00000000,0x03040000,0x00000000,0x00000000,0x00000000,0x000003EC
2026-07-25T22:00:21Z,1474,0x91A860C4,P1-C1,0x9246B9C0,27,Joe the Condor,0x0141,Air Savage Shot B,46,P2-C1,0x927EB9E0,17,Viewtiful Joe,0x00000009,"Mid, Light Hit",0x00000040,Common normal-hit bit,0x00000000,0x00000000,0x00000000,100,0x00000000,0x00000000,0x83046004,0x00400000,0x00000000,0x00000000,0x000003E8
2026-07-25T22:00:21Z,1474,0x91A76194,P1-C1,0x9246B9C0,27,Joe the Condor,0x0014,,60,P2-C1,0x927EB9E0,17,Viewtiful Joe,0x00000009,"Mid, Light Hit",0x00000040,Common normal-hit bit,0x00000000,0x00000000,0x00000000,100,0x0F010009,0x00000000,0x83046004,0x83046004,0x00000000,0x00000000,0x000003E9
2026-07-25T22:00:21Z,1474,0x91A6CCB8,P1-C1,0x9246B9C0,27,Joe the Condor,0x0014,,60,P2-C1,0x927EB9E0,17,Viewtiful Joe,0x00000009,"Mid, Light Hit",0x00000040,Common normal-hit bit,0x00000000,0x00000000,0x00000000,100,0x0F010009,0x00000000,0x83046004,0x83046004,0x00000000,0x00000000,0x000003EA
2026-07-25T22:00:21Z,1474,0x91A7CBE8,P1-C1,0x9246B9C0,27,Joe the Condor,0x0014,,60,,0x00000000,0,,0x0000000C,"Mid, Heavy Hit",0x00000102,"Init/default bit, Default collision family",0x00000000,0x00000000,0x00000000,1000,0x0F010009,0x00000000,0x03040000,0x00000000,0x00000000,0x00000000,0x000003EB
2026-07-25T22:00:21Z,1474,0x91A7370C,P1-C1,0x9246B9C0,27,Joe the Condor,0x0014,,60,,0x00000000,0,,0x0000000C,"Mid, Heavy Hit",0x00000102,"Init/default bit, Default collision family",0x00000000,0x00000000,0x00000000,1000,0x0F010009,0x00000000,0x03040000,0x00000000,0x00000000,0x00000000,0x000003EC
2026-07-25T22:00:21Z,1474,0x91A76194,P1-C1,0x9246B9C0,27,Joe the Condor,0x0014,,65,P2-C1,0x927EB9E0,17,Viewtiful Joe,0x00000009,"Mid, Light Hit",0x00000040,Common normal-hit bit,0x00000000,0x00000000,0x00000000,100,0x0F010009,0x00000000,0x83046004,0x00400000,0x00000000,0x00000000,0x000003E9
2026-07-25T22:00:21Z,1474,0x91A76194,P1-C1,0x9246B9C0,27,Joe the Condor,0x0014,,66,P2-C1,0x927EB9E0,17,Viewtiful Joe,0x00000009,"Mid, Light Hit",0x00000040,Common normal-hit bit,0x00000000,0x00000000,0x00000000,100,0x00000000,0x00000000,0x83046004,0x00400000,0x00000000,0x00000000,0x000003E9
2026-07-25T22:00:21Z,1474,0x91A7CBE8,P1-C1,0x9246B9C0,27,Joe the Condor,0x0014,,67,,0x00000000,0,,0x00000009,"Mid, Light Hit",0x00000040,Common normal-hit bit,0x00000000,0x00000000,0x00000000,100,0x0F010009,0x00000000,0x83042040,0x83042040,0x00000000,0x00000000,0x000003EB
2026-07-25T22:00:21Z,1474,0x91A7CBE8,P1-C1,0x9246B9C0,27,Joe the Condor,0x0014,,68,,0x00000000,0,,0x00000009,"Mid, Light Hit",0x00000040,Common normal-hit bit,0x00000000,0x00000000,0x00000000,100,0x0F010009,0x00000000,0x83046040,0x83046040,0x00000000,0x00000000,0x000003EB
2026-07-25T22:00:21Z,1474,0x91A6CCB8,P1-C1,0x9246B9C0,27,Joe the Condor,0x0014,,69,P2-C1,0x927EB9E0,17,Viewtiful Joe,0x00000009,"Mid, Light Hit",0x00000040,Common normal-hit bit,0x00000000,0x00000000,0x00000000,100,0x0F010009,0x00000000,0x83046004,0x00400000,0x00000000,0x00000000,0x000003EA
2026-07-25T22:00:21Z,1474,0x91A7370C,P1-C1,0x9246B9C0,27,Joe the Condor,0x0014,,71,,0x00000000,0,,0x00000009,"Mid, Light Hit",0x00000040,Common normal-hit bit,0x00000000,0x00000000,0x00000000,100,0x0F010009,0x00000000,0x83042040,0x83042040,0x00000000,0x00000000,0x000003EC
2026-07-25T22:00:21Z,1474,0x91A7370C,P1-C1,0x9246B9C0,27,Joe the Condor,0x0014,,71,,0x00000000,0,,0x00000009,"Mid, Light Hit",0x00000040,Common normal-hit bit,0x00000000,0x00000000,0x00000000,100,0x0F010009,0x00000000,0x83046040,0x83046040,0x00000000,0x00000000,0x000003EC
2026-07-25T22:00:21Z,1474,0x91A7CBE8,P1-C1,0x9246B9C0,27,Joe the Condor,0x0014,,74,,0x00000000,0,,0x00000009,"Mid, Light Hit",0x00000040,Common normal-hit bit,0x00000000,0x00000000,0x00000000,100,0x0F010009,0x00000000,0x83046040,0x00400000,0x00000000,0x00000000,0x000003EB
2026-07-25T22:00:21Z,1474,0x91A7CBE8,P1-C1,0x9246B9C0,27,Joe the Condor,0x0014,,75,,0x00000000,0,,0x00000009,"Mid, Light Hit",0x00000040,Common normal-hit bit,0x00000000,0x00000000,0x00000000,100,0x00000000,0x00000000,0x83046040,0x00400000,0x00000000,0x00000000,0x000003EB
2026-07-25T22:00:21Z,1474,0x91A7370C,P1-C1,0x9246B9C0,27,Joe the Condor,0x0014,,80,,0x00000000,0,,0x00000009,"Mid, Light Hit",0x00000040,Common normal-hit bit,0x00000000,0x00000000,0x00000000,100,0x00000000,0x00000000,0x83046040,0x00400000,0x00000000,0x00000000,0x000003EC
2026-07-25T22:13:02Z,228,0x91A7370C,P1-C1,0x9246B9C0,27,Joe the Condor,0x0139,Cactus Bunker A,20,,0x00000000,0,,0x0000030C,"Mid, Heavy Hit, A flags 0x00000300",0x0000011A,"Special resolver route, Init/default bit, Cleanup-managed bit, Default collision family",0x00000000,0x00000000,0x00000000,3000,0x00010009,0x00030014,0x03040000,0x00000000,0x00000000,0x00000000,0x000003E8
2026-07-25T22:13:02Z,229,0x91A7370C,P1-C1,0x9246B9C0,27,Joe the Condor,0x0139,Cactus Bunker A,48,,0x00000000,0,,0x0000030C,"Mid, Heavy Hit, A flags 0x00000300",0x0000011A,"Special resolver route, Init/default bit, Cleanup-managed bit, Default collision family",0x00000000,0x00000000,0x00000000,3000,0x00010009,0x00030000,0x03040000,0x00000000,0x00000000,0x00000000,0x000003E8
2026-07-25T22:13:02Z,229,0x91A7370C,P1-C1,0x9246B9C0,27,Joe the Condor,0x0139,Cactus Bunker A,49,P2-C1,0x927EB9E0,17,Viewtiful Joe,0x0000030C,"Mid, Heavy Hit, A flags 0x00000300",0x0000011A,"Special resolver route, Init/default bit, Cleanup-managed bit, Default collision family",0x00000000,0x00000000,0x00000000,3000,0x00010009,0x00030000,0x03042004,0x00000000,0x00000000,0x00000000,0x000003E8
2026-07-25T22:13:02Z,229,0x91A7370C,P1-C1,0x9246B9C0,27,Joe the Condor,0x0139,Cactus Bunker A,50,P2-C1,0x927EB9E0,17,Viewtiful Joe,0x0000030C,"Mid, Heavy Hit, A flags 0x00000300",0x0000011A,"Special resolver route, Init/default bit, Cleanup-managed bit, Default collision family",0x00000000,0x00000000,0x00000000,3000,0x00010009,0x00030000,0x03042000,0x00000000,0x00000000,0x00000000,0x000003E8
2026-07-25T22:13:02Z,229,0x91A7370C,P1-C1,0x9246B9C0,27,Joe the Condor,0x0139,Cactus Bunker A,51,P2-C1,0x927EB9E0,17,Viewtiful Joe,0x00000009,"Mid, Light Hit",0x00000040,Common normal-hit bit,0x00000000,0x00000000,0x00000000,100,0x00010009,0x00030000,0x83046000,0x83046000,0x00000000,0x00000000,0x000003E8
2026-07-25T22:13:02Z,229,0x91A7370C,P1-C1,0x9246B9C0,27,Joe the Condor,0x0139,Cactus Bunker A,52,P2-C1,0x927EB9E0,17,Viewtiful Joe,0x00000009,"Mid, Light Hit",0x00000040,Common normal-hit bit,0x00000000,0x00000000,0x00000000,100,0x00010009,0x00030000,0x83046000,0x00400000,0x00000000,0x00000000,0x000003E8
2026-07-25T22:13:09Z,252,0x91A7370C,P1-C1,0x9246B9C0,27,Joe the Condor,0x0139,Cactus Bunker A,24,,0x00000000,0,,0x0000030C,"Mid, Heavy Hit, A flags 0x00000300",0x0000011A,"Special resolver route, Init/default bit, Cleanup-managed bit, Default collision family",0x00000000,0x00000000,0x00000000,3000,0x00010009,0x00030014,0x03040000,0x00000000,0x00000000,0x00000000,0x000003E8
2026-07-25T22:13:10Z,253,0x91A7370C,P1-C1,0x9246B9C0,27,Joe the Condor,0x0139,Cactus Bunker A,52,,0x00000000,0,,0x0000030C,"Mid, Heavy Hit, A flags 0x00000300",0x0000011A,"Special resolver route, Init/default bit, Cleanup-managed bit, Default collision family",0x00000000,0x00000000,0x00000000,3000,0x00010009,0x00030000,0x03040000,0x00000000,0x00000000,0x00000000,0x000003E8
2026-07-25T22:13:10Z,253,0x91A7370C,P1-C1,0x9246B9C0,27,Joe the Condor,0x0139,Cactus Bunker A,53,P2-C1,0x927EB9E0,17,Viewtiful Joe,0x0000030C,"Mid, Heavy Hit, A flags 0x00000300",0x0000011A,"Special resolver route, Init/default bit, Cleanup-managed bit, Default collision family",0x00000000,0x00000000,0x00000000,3000,0x00010009,0x00030000,0x03042004,0x00000000,0x00000000,0x00000000,0x000003E8
2026-07-25T22:13:10Z,253,0x91A7370C,P1-C1,0x9246B9C0,27,Joe the Condor,0x0139,Cactus Bunker A,54,P2-C1,0x927EB9E0,17,Viewtiful Joe,0x00000009,"Mid, Light Hit",0x00000040,Common normal-hit bit,0x00000000,0x00000000,0x00000000,100,0x00010009,0x00030000,0x83046000,0x83046000,0x00000000,0x00000000,0x000003E8
2026-07-25T22:13:15Z,271,0x91A7370C,P1-C1,0x9246B9C0,27,Joe the Condor,0x0139,Cactus Bunker A,25,,0x00000000,0,,0x0000030C,"Mid, Heavy Hit, A flags 0x00000300",0x0000011A,"Special resolver route, Init/default bit, Cleanup-managed bit, Default collision family",0x00000000,0x00000000,0x00000000,3000,0x00010009,0x00030014,0x03040000,0x00000000,0x00000000,0x00000000,0x000003E8
2026-07-25T22:13:16Z,272,0x91A7370C,P1-C1,0x9246B9C0,27,Joe the Condor,0x0139,Cactus Bunker A,52,,0x00000000,0,,0x0000030C,"Mid, Heavy Hit, A flags 0x00000300",0x0000011A,"Special resolver route, Init/default bit, Cleanup-managed bit, Default collision family",0x00000000,0x00000000,0x00000000,3000,0x00010009,0x00030000,0x03040000,0x00000000,0x00000000,0x00000000,0x000003E8
2026-07-25T22:13:16Z,272,0x91A7370C,P1-C1,0x9246B9C0,27,Joe the Condor,0x0139,Cactus Bunker A,53,P2-C1,0x927EB9E0,17,Viewtiful Joe,0x0000030C,"Mid, Heavy Hit, A flags 0x00000300",0x0000011A,"Special resolver route, Init/default bit, Cleanup-managed bit, Default collision family",0x00000000,0x00000000,0x00000000,3000,0x00010009,0x00030000,0x03042004,0x00000000,0x00000000,0x00000000,0x000003E8
2026-07-25T22:13:16Z,272,0x91A7370C,P1-C1,0x9246B9C0,27,Joe the Condor,0x0139,Cactus Bunker A,56,P2-C1,0x927EB9E0,17,Viewtiful Joe,0x00000009,"Mid, Light Hit",0x00000040,Common normal-hit bit,0x00000000,0x00000000,0x00000000,100,0x00010009,0x00030000,0x83046000,0x00400000,0x00000000,0x00000000,0x000003E8
2026-07-25T22:13:17Z,275,0x91A7370C,P1-C1,0x9246B9C0,27,Joe the Condor,0x013C,,17,,0x00000000,0,,0x00304009,"Mid, Light Hit, A flags 0x00304000",0x00180086,"Grab family, Grab modifier route, Paired special condition, Init/default bit, Unknown B bits 0x00000080",0x00000000,0x00000000,0x00000000,1300,0x0C030009,0x00090000,0x03040000,0x00000000,0x00000000,0x00000000,0x000003E8
2026-07-25T22:13:17Z,276,0x91A7370C,P1-C1,0x9246B9C0,27,Joe the Condor,0x013C,Wild Lasso A,31,,0x00000000,0,,0x00000009,"Mid, Light Hit",0x00000040,Common normal-hit bit,0x00000000,0x00000000,0x00000000,100,0x0C030009,0x00090000,0x83040000,0x00400000,0x00000000,0x00000000,0x000003E8
2026-07-25T22:13:20Z,286,0x91A7370C,P1-C1,0x9246B9C0,27,Joe the Condor,0x0139,Cactus Bunker A,24,,0x00000000,0,,0x0000030C,"Mid, Heavy Hit, A flags 0x00000300",0x0000011A,"Special resolver route, Init/default bit, Cleanup-managed bit, Default collision family",0x00000000,0x00000000,0x00000000,3000,0x00010009,0x00030014,0x03040000,0x00000000,0x00000000,0x00000000,0x000003E8
2026-07-25T22:13:21Z,288,0x91A7370C,P1-C1,0x9246B9C0,27,Joe the Condor,0x0139,Cactus Bunker A,52,,0x00000000,0,,0x0000030C,"Mid, Heavy Hit, A flags 0x00000300",0x0000011A,"Special resolver route, Init/default bit, Cleanup-managed bit, Default collision family",0x00000000,0x00000000,0x00000000,3000,0x00010009,0x00030000,0x03040000,0x00000000,0x00000000,0x00000000,0x000003E8
2026-07-25T22:13:21Z,288,0x91A7370C,P1-C1,0x9246B9C0,27,Joe the Condor,0x0139,Cactus Bunker A,53,P2-C1,0x927EB9E0,17,Viewtiful Joe,0x0000030C,"Mid, Heavy Hit, A flags 0x00000300",0x0000011A,"Special resolver route, Init/default bit, Cleanup-managed bit, Default collision family",0x00000000,0x00000000,0x00000000,3000,0x00010009,0x00030000,0x03042004,0x00000000,0x00000000,0x00000000,0x000003E8
2026-07-25T22:13:21Z,288,0x91A7370C,P1-C1,0x9246B9C0,27,Joe the Condor,0x0139,Cactus Bunker A,54,P2-C1,0x927EB9E0,17,Viewtiful Joe,0x00000009,"Mid, Light Hit",0x00000040,Common normal-hit bit,0x00000000,0x00000000,0x00000000,100,0x00010009,0x00030000,0x83046000,0x83046000,0x00000000,0x00000000,0x000003E8
2026-07-25T22:13:21Z,291,0x91A7370C,P1-C1,0x9246B9C0,27,Joe the Condor,0x013C,Wild Lasso A,17,,0x00000000,0,,0x00304009,"Mid, Light Hit, A flags 0x00304000",0x00180086,"Grab family, Grab modifier route, Paired special condition, Init/default bit, Unknown B bits 0x00000080",0x00000000,0x00000000,0x00000000,1300,0x0C030009,0x00090000,0x03040000,0x00000000,0x00000000,0x00000000,0x000003E8
2026-07-25T22:13:22Z,291,0x91A7370C,P1-C1,0x9246B9C0,27,Joe the Condor,0x013C,Wild Lasso A,22,P2-C1,0x927EB9E0,17,Viewtiful Joe,0x00000009,"Mid, Light Hit",0x00000040,Common normal-hit bit,0x00000000,0x00000000,0x00000000,100,0x0C030009,0x00090010,0x83042004,0x83042004,0x00000000,0x00000000,0x000003E8
2026-07-25T22:13:22Z,291,0x91A7370C,P1-C1,0x9246B9C0,27,Joe the Condor,0x0202,,0,P2-C1,0x927EB9E0,17,Viewtiful Joe,0x00000009,"Mid, Light Hit",0x00000040,Common normal-hit bit,0x00000000,0x00000000,0x00000000,100,0x0C030009,0x00090010,0x83046004,0x83046004,0x00000000,0x00000000,0x000003E8
2026-07-25T22:13:22Z,291,0x91A7370C,P1-C1,0x9246B9C0,27,Joe the Condor,0x0202,,8,P2-C1,0x927EB9E0,17,Viewtiful Joe,0x00000009,"Mid, Light Hit",0x00000040,Common normal-hit bit,0x00000000,0x00000000,0x00000000,100,0x0C030009,0x00090010,0x83046004,0x00400000,0x00000000,0x00000000,0x000003E8
2026-07-25T22:13:22Z,293,0x91A7370C,P1-C1,0x9246B9C0,27,Joe the Condor,0x0202,Wild Lasso,51,,0x00000000,0,,0x0000400C,"Mid, Heavy Hit, A flags 0x00004000",0x00000102,"Init/default bit, Default collision family",0x00000000,0x00000000,0x00000000,1000,0x0F010009,0x00000000,0x03040000,0x00000000,0x00000000,0x00000000,0x000003E8
2026-07-25T22:13:23Z,293,0x91A7370C,P1-C1,0x9246B9C0,27,Joe the Condor,0x0202,Wild Lasso,54,P2-C1,0x927EB9E0,17,Viewtiful Joe,0x00000009,"Mid, Light Hit",0x00000040,Common normal-hit bit,0x00000000,0x00000000,0x00000000,100,0x0F010009,0x00000000,0x83042004,0x83042004,0x00000000,0x00000000,0x000003E8
2026-07-25T22:13:23Z,293,0x91A7370C,P1-C1,0x9246B9C0,27,Joe the Condor,0x0202,Wild Lasso,57,P2-C1,0x927EB9E0,17,Viewtiful Joe,0x00000009,"Mid, Light Hit",0x00000040,Common normal-hit bit,0x00000000,0x00000000,0x00000000,100,0x0F010009,0x00000000,0x83046004,0x83046004,0x00000000,0x00000000,0x000003E8
2026-07-25T22:13:23Z,293,0x91A7CBE8,P1-C1,0x9246B9C0,27,Joe the Condor,0x0202,Wild Lasso,57,P2-C1,0x927EB9E0,17,Viewtiful Joe,0x00000009,"Mid, Light Hit",0x00000040,Common normal-hit bit,0x00000000,0x00000000,0x00000000,100,0x0F010009,0x00000000,0x83042004,0x83042004,0x00000000,0x00000000,0x000003E9
2026-07-25T22:13:23Z,293,0x91A7CBE8,P1-C1,0x9246B9C0,27,Joe the Condor,0x0202,Wild Lasso,58,P2-C1,0x927EB9E0,17,Viewtiful Joe,0x00000009,"Mid, Light Hit",0x00000040,Common normal-hit bit,0x00000000,0x00000000,0x00000000,100,0x0F010009,0x00000000,0x83046004,0x83046004,0x00000000,0x00000000,0x000003E9
2026-07-25T22:13:23Z,294,0x91A6CCB8,P1-C1,0x9246B9C0,27,Joe the Condor,0x0202,Wild Lasso,65,P2-C1,0x927EB9E0,17,Viewtiful Joe,0x00000009,"Mid, Light Hit",0x00000040,Common normal-hit bit,0x00000000,0x00000000,0x00000000,100,0x0F010009,0x00000000,0x83046004,0x83046004,0x00000000,0x00000000,0x000003EA
2026-07-25T22:13:23Z,294,0x91A7370C,P1-C1,0x9246B9C0,27,Joe the Condor,0x0001,,0,P2-C1,0x927EB9E0,17,Viewtiful Joe,0x00000009,"Mid, Light Hit",0x00000040,Common normal-hit bit,0x00000000,0x00000000,0x00000000,100,0x0F010009,0x00000000,0x83046004,0x83046004,0x00000000,0x00000000,0x000003E8
2026-07-25T22:13:23Z,294,0x91A7CBE8,P1-C1,0x9246B9C0,27,Joe the Condor,0x0001,,0,P2-C1,0x927EB9E0,17,Viewtiful Joe,0x00000009,"Mid, Light Hit",0x00000040,Common normal-hit bit,0x00000000,0x00000000,0x00000000,100,0x0F010009,0x00000000,0x83046004,0x83046004,0x00000000,0x00000000,0x000003E9
2026-07-25T22:13:23Z,294,0x91A6CCB8,P1-C1,0x9246B9C0,27,Joe the Condor,0x0001,,0,P2-C1,0x927EB9E0,17,Viewtiful Joe,0x00000009,"Mid, Light Hit",0x00000040,Common normal-hit bit,0x00000000,0x00000000,0x00000000,100,0x0F010009,0x00000000,0x83046004,0x83046004,0x00000000,0x00000000,0x000003EA
2026-07-25T22:13:23Z,294,0x91A7370C,P1-C1,0x9246B9C0,27,Joe the Condor,0x0001,,9,P2-C1,0x927EB9E0,17,Viewtiful Joe,0x00000009,"Mid, Light Hit",0x00000040,Common normal-hit bit,0x00000000,0x00000000,0x00000000,100,0x0F010009,0x00000000,0x83046004,0x00400000,0x00000000,0x00000000,0x000003E8
2026-07-25T22:13:23Z,294,0x91A7CBE8,P1-C1,0x9246B9C0,27,Joe the Condor,0x0001,,14,P2-C1,0x927EB9E0,17,Viewtiful Joe,0x00000009,"Mid, Light Hit",0x00000040,Common normal-hit bit,0x00000000,0x00000000,0x00000000,100,0x0F010009,0x00000000,0x83046004,0x00400000,0x00000000,0x00000000,0x000003E9
2026-07-25T22:13:23Z,295,0x91A7CBE8,P1-C1,0x9246B9C0,27,Joe the Condor,0x0001,,15,P2-C1,0x927EB9E0,17,Viewtiful Joe,0x00000009,"Mid, Light Hit",0x00000040,Common normal-hit bit,0x00000000,0x00000000,0x00000000,100,0x00000000,0x00000000,0x83046004,0x00400000,0x00000000,0x00000000,0x000003E9
2026-07-25T22:13:23Z,295,0x91A6CCB8,P1-C1,0x9246B9C0,27,Joe the Condor,0x0001,,19,P2-C1,0x927EB9E0,17,Viewtiful Joe,0x00000009,"Mid, Light Hit",0x00000040,Common normal-hit bit,0x00000000,0x00000000,0x00000000,100,0x0F010009,0x00000000,0x83046004,0x00400000,0x00000000,0x00000000,0x000003EA
2026-07-25T22:13:23Z,295,0x91A6CCB8,P1-C1,0x9246B9C0,27,Joe the Condor,0x0001,,20,P2-C1,0x927EB9E0,17,Viewtiful Joe,0x00000009,"Mid, Light Hit",0x00000040,Common normal-hit bit,0x00000000,0x00000000,0x00000000,100,0x00000000,0x00000000,0x83046004,0x00400000,0x00000000,0x00000000,0x000003EA
2026-07-25T22:14:51Z,92,0x91A6CCB8,P1-C1,0x9246B9C0,27,Joe the Condor,0x0143,Air Shuriken A,17,P2-C1,0x927EB9E0,17,Viewtiful Joe,0x0000010C,"Mid, Heavy Hit, A flags 0x00000100",0x00000082,"Init/default bit, Unknown B bits 0x00000080",0x00000000,0x00000000,0x00000000,1500,0x01010009,0x00000000,0x83040004,0x00000000,0x00000000,0x00000000,0x000003E8
2026-07-25T22:14:51Z,92,0x91A6CCB8,P1-C1,0x9246B9C0,27,Joe the Condor,0x0143,Air Shuriken A,18,P2-C1,0x927EB9E0,17,Viewtiful Joe,0x00000009,"Mid, Light Hit",0x00000040,Common normal-hit bit,0x00000000,0x00000000,0x00000000,100,0x01010009,0x00000000,0x83046004,0x83046004,0x00000000,0x00000000,0x000003E8
2026-07-25T22:14:52Z,93,0x91A6CCB8,P1-C1,0x9246B9C0,27,Joe the Condor,0x0023,,2,P2-C1,0x927EB9E0,17,Viewtiful Joe,0x00000009,"Mid, Light Hit",0x00000040,Common normal-hit bit,0x00000000,0x00000000,0x00000000,100,0x01010009,0x00000000,0x83046004,0x83046004,0x00000000,0x00000000,0x000003E8
2026-07-25T22:14:52Z,93,0x91A6CCB8,P1-C1,0x9246B9C0,27,Joe the Condor,0x010A,,0,P2-C1,0x927EB9E0,17,Viewtiful Joe,0x00000009,"Mid, Light Hit",0x00000040,Common normal-hit bit,0x00000000,0x00000000,0x00000000,100,0x01010009,0x00000000,0x83046004,0x83046004,0x00000000,0x00000000,0x000003E8
2026-07-25T22:14:52Z,94,0x91A6CCB8,P1-C1,0x9246B9C0,27,Joe the Condor,0x0012,,0,P2-C1,0x927EB9E0,17,Viewtiful Joe,0x00000009,"Mid, Light Hit",0x00000040,Common normal-hit bit,0x00000000,0x00000000,0x00000000,100,0x01010009,0x00000000,0x83046004,0x83046004,0x00000000,0x00000000,0x000003E8
2026-07-25T22:14:52Z,94,0x91A6CCB8,P1-C1,0x9246B9C0,27,Joe the Condor,0x0016,,0,P2-C1,0x927EB9E0,17,Viewtiful Joe,0x00000009,"Mid, Light Hit",0x00000040,Common normal-hit bit,0x00000000,0x00000000,0x00000000,100,0x01010009,0x00000000,0x83046004,0x83046004,0x00000000,0x00000000,0x000003E8
2026-07-25T22:14:52Z,94,0x91A6CCB8,P1-C1,0x9246B9C0,27,Joe the Condor,0x010A,j.B,0,P2-C1,0x927EB9E0,17,Viewtiful Joe,0x00000009,"Mid, Light Hit",0x00000040,Common normal-hit bit,0x00000000,0x00000000,0x00000000,100,0x01010009,0x00000000,0x83046004,0x83046004,0x00000000,0x00000000,0x000003E8
2026-07-25T22:14:52Z,95,0x91A6CCB8,P1-C1,0x9246B9C0,27,Joe the Condor,0x0143,,0,P2-C1,0x927EB9E0,17,Viewtiful Joe,0x00000009,"Mid, Light Hit",0x00000040,Common normal-hit bit,0x00000000,0x00000000,0x00000000,100,0x01010009,0x00000000,0x83046004,0x83046004,0x00000000,0x00000000,0x000003E8
2026-07-25T22:14:52Z,95,0x91A6CCB8,P1-C1,0x9246B9C0,27,Joe the Condor,0x0143,,0,P2-C1,0x927EB9E0,17,Viewtiful Joe,0x00000009,"Mid, Light Hit",0x00000040,Common normal-hit bit,0x00000000,0x00000000,0x00000000,100,0x01010009,0x00000000,0x83046004,0x00400000,0x00000000,0x00000000,0x000003E8
2026-07-25T22:14:52Z,95,0x91A6CCB8,P1-C1,0x9246B9C0,27,Joe the Condor,0x0143,,0,P2-C1,0x927EB9E0,17,Viewtiful Joe,0x00000009,"Mid, Light Hit",0x00000040,Common normal-hit bit,0x00000000,0x00000000,0x00000000,100,0x00000000,0x00000000,0x83046004,0x00400000,0x00000000,0x00000000,0x000003E8
2026-07-25T22:14:53Z,96,0x91A6CCB8,P1-C1,0x9246B9C0,27,Joe the Condor,0x0143,Air Shuriken A,17,P2-C1,0x927EB9E0,17,Viewtiful Joe,0x00000009,"Mid, Light Hit",0x00000040,Common normal-hit bit,0x00000000,0x00000000,0x00000000,100,0x01010009,0x00000000,0x83042004,0x83042004,0x00000000,0x00000000,0x000003E8
2026-07-25T22:14:53Z,96,0x91A6CCB8,P1-C1,0x9246B9C0,27,Joe the Condor,0x0143,Air Shuriken A,18,P2-C1,0x927EB9E0,17,Viewtiful Joe,0x00000009,"Mid, Light Hit",0x00000040,Common normal-hit bit,0x00000000,0x00000000,0x00000000,100,0x01010009,0x00000000,0x83046004,0x83046004,0x00000000,0x00000000,0x000003E8
2026-07-25T22:14:53Z,97,0x91A6CCB8,P1-C1,0x9246B9C0,27,Joe the Condor,0x0014,,34,P2-C1,0x927EB9E0,17,Viewtiful Joe,0x00000009,"Mid, Light Hit",0x00000040,Common normal-hit bit,0x00000000,0x00000000,0x00000000,100,0x01010009,0x00000000,0x83046004,0x83046004,0x00000000,0x00000000,0x000003E8
2026-07-25T22:14:53Z,97,0x91A6CCB8,P1-C1,0x9246B9C0,27,Joe the Condor,0x0141,,0,P2-C1,0x927EB9E0,17,Viewtiful Joe,0x00000009,"Mid, Light Hit",0x00000040,Common normal-hit bit,0x00000000,0x00000000,0x00000000,100,0x01010009,0x00000000,0x83046004,0x83046004,0x00000000,0x00000000,0x000003E8
2026-07-25T22:14:53Z,97,0x91A7CBE8,P1-C1,0x9246B9C0,27,Joe the Condor,0x0141,,17,P2-C1,0x927EB9E0,17,Viewtiful Joe,0x0000000C,"Mid, Heavy Hit",0x00000102,"Init/default bit, Default collision family",0x00000000,0x00000000,0x00000000,1000,0x0F010009,0x00000000,0x83040004,0x00000000,0x00000000,0x00000000,0x000003E9
2026-07-25T22:14:53Z,98,0x91A7CBE8,P1-C1,0x9246B9C0,27,Joe the Condor,0x0141,Air Savage Shot B,18,P2-C1,0x927EB9E0,17,Viewtiful Joe,0x00000009,"Mid, Light Hit",0x00000040,Common normal-hit bit,0x00000000,0x00000000,0x00000000,100,0x0F010009,0x00000000,0x83042004,0x83042004,0x00000000,0x00000000,0x000003E9
2026-07-25T22:14:53Z,98,0x91A7CBE8,P1-C1,0x9246B9C0,27,Joe the Condor,0x0141,Air Savage Shot B,19,P2-C1,0x927EB9E0,17,Viewtiful Joe,0x00000009,"Mid, Light Hit",0x00000040,Common normal-hit bit,0x00000000,0x00000000,0x00000000,100,0x0F010009,0x00000000,0x83046004,0x83046004,0x00000000,0x00000000,0x000003E9
2026-07-25T22:14:53Z,98,0x91A7370C,P1-C1,0x9246B9C0,27,Joe the Condor,0x0141,Air Savage Shot B,21,P2-C1,0x927EB9E0,17,Viewtiful Joe,0x0000000C,"Mid, Heavy Hit",0x00000102,"Init/default bit, Default collision family",0x00000000,0x00000000,0x00000000,1000,0x0F010009,0x00000000,0x83040004,0x00000000,0x00000000,0x00000000,0x000003EA
2026-07-25T22:14:53Z,98,0x91A7370C,P1-C1,0x9246B9C0,27,Joe the Condor,0x0141,Air Savage Shot B,22,P2-C1,0x927EB9E0,17,Viewtiful Joe,0x00000009,"Mid, Light Hit",0x00000040,Common normal-hit bit,0x00000000,0x00000000,0x00000000,100,0x0F010009,0x00000000,0x83042004,0x83042004,0x00000000,0x00000000,0x000003EA
2026-07-25T22:14:53Z,98,0x91A7370C,P1-C1,0x9246B9C0,27,Joe the Condor,0x0141,Air Savage Shot B,24,P2-C1,0x927EB9E0,17,Viewtiful Joe,0x00000009,"Mid, Light Hit",0x00000040,Common normal-hit bit,0x00000000,0x00000000,0x00000000,100,0x0F010009,0x00000000,0x83046004,0x83046004,0x00000000,0x00000000,0x000003EA
2026-07-25T22:14:53Z,98,0x91A76194,P1-C1,0x9246B9C0,27,Joe the Condor,0x0141,Air Savage Shot B,26,,0x00000000,0,,0x0000000C,"Mid, Heavy Hit",0x00000102,"Init/default bit, Default collision family",0x00000000,0x00000000,0x00000000,1000,0x0F010009,0x00000000,0x03040000,0x00000000,0x00000000,0x00000000,0x000003EB
2026-07-25T22:14:54Z,98,0x91A860C4,P1-C1,0x9246B9C0,27,Joe the Condor,0x0141,Air Savage Shot B,30,,0x00000000,0,,0x0000000C,"Mid, Heavy Hit",0x00000102,"Init/default bit, Default collision family",0x00000000,0x00000000,0x00000000,1000,0x0F010009,0x00000000,0x03040000,0x00000000,0x00000000,0x00000000,0x000003EC
2026-07-25T22:14:54Z,99,0x91A6CCB8,P1-C1,0x9246B9C0,27,Joe the Condor,0x0141,Air Savage Shot B,46,P2-C1,0x927EB9E0,17,Viewtiful Joe,0x00000009,"Mid, Light Hit",0x00000040,Common normal-hit bit,0x00000000,0x00000000,0x00000000,100,0x00000000,0x00000000,0x83046004,0x00400000,0x00000000,0x00000000,0x000003E8
2026-07-25T22:14:54Z,99,0x91A7CBE8,P1-C1,0x9246B9C0,27,Joe the Condor,0x0014,,51,P2-C1,0x927EB9E0,17,Viewtiful Joe,0x00000009,"Mid, Light Hit",0x00000040,Common normal-hit bit,0x00000000,0x00000000,0x00000000,100,0x0F010009,0x00000000,0x83046004,0x83046004,0x00000000,0x00000000,0x000003E9
2026-07-25T22:14:54Z,99,0x91A7370C,P1-C1,0x9246B9C0,27,Joe the Condor,0x0014,,51,P2-C1,0x927EB9E0,17,Viewtiful Joe,0x00000009,"Mid, Light Hit",0x00000040,Common normal-hit bit,0x00000000,0x00000000,0x00000000,100,0x0F010009,0x00000000,0x83046004,0x83046004,0x00000000,0x00000000,0x000003EA
2026-07-25T22:14:54Z,99,0x91A76194,P1-C1,0x9246B9C0,27,Joe the Condor,0x0014,,51,,0x00000000,0,,0x0000000C,"Mid, Heavy Hit",0x00000102,"Init/default bit, Default collision family",0x00000000,0x00000000,0x00000000,1000,0x0F010009,0x00000000,0x03040000,0x00000000,0x00000000,0x00000000,0x000003EB
2026-07-25T22:14:54Z,99,0x91A860C4,P1-C1,0x9246B9C0,27,Joe the Condor,0x0014,,51,,0x00000000,0,,0x0000000C,"Mid, Heavy Hit",0x00000102,"Init/default bit, Default collision family",0x00000000,0x00000000,0x00000000,1000,0x0F010009,0x00000000,0x03040000,0x00000000,0x00000000,0x00000000,0x000003EC
2026-07-25T22:14:54Z,99,0x91A7CBE8,P1-C1,0x9246B9C0,27,Joe the Condor,0x0143,,0,P2-C1,0x927EB9E0,17,Viewtiful Joe,0x00000009,"Mid, Light Hit",0x00000040,Common normal-hit bit,0x00000000,0x00000000,0x00000000,100,0x0F010009,0x00000000,0x83046004,0x83046004,0x00000000,0x00000000,0x000003E9
2026-07-25T22:14:54Z,99,0x91A7370C,P1-C1,0x9246B9C0,27,Joe the Condor,0x0143,,0,P2-C1,0x927EB9E0,17,Viewtiful Joe,0x00000009,"Mid, Light Hit",0x00000040,Common normal-hit bit,0x00000000,0x00000000,0x00000000,100,0x0F010009,0x00000000,0x83046004,0x83046004,0x00000000,0x00000000,0x000003EA
2026-07-25T22:14:54Z,99,0x91A76194,P1-C1,0x9246B9C0,27,Joe the Condor,0x0143,,0,,0x00000000,0,,0x0000000C,"Mid, Heavy Hit",0x00000102,"Init/default bit, Default collision family",0x00000000,0x00000000,0x00000000,1000,0x0F010009,0x00000000,0x03040000,0x00000000,0x00000000,0x00000000,0x000003EB
2026-07-25T22:14:54Z,99,0x91A860C4,P1-C1,0x9246B9C0,27,Joe the Condor,0x0143,,0,,0x00000000,0,,0x0000000C,"Mid, Heavy Hit",0x00000102,"Init/default bit, Default collision family",0x00000000,0x00000000,0x00000000,1000,0x0F010009,0x00000000,0x03040000,0x00000000,0x00000000,0x00000000,0x000003EC
2026-07-25T22:14:54Z,99,0x91A7CBE8,P1-C1,0x9246B9C0,27,Joe the Condor,0x0143,,11,P2-C1,0x927EB9E0,17,Viewtiful Joe,0x00000009,"Mid, Light Hit",0x00000040,Common normal-hit bit,0x00000000,0x00000000,0x00000000,100,0x0F010009,0x00000000,0x83046004,0x00400000,0x00000000,0x00000000,0x000003E9
2026-07-25T22:14:54Z,99,0x91A7CBE8,P1-C1,0x9246B9C0,27,Joe the Condor,0x0143,,12,P2-C1,0x927EB9E0,17,Viewtiful Joe,0x00000009,"Mid, Light Hit",0x00000040,Common normal-hit bit,0x00000000,0x00000000,0x00000000,100,0x00000000,0x00000000,0x83046004,0x00400000,0x00000000,0x00000000,0x000003E9
2026-07-25T22:14:54Z,99,0x91A7370C,P1-C1,0x9246B9C0,27,Joe the Condor,0x0143,,15,P2-C1,0x927EB9E0,17,Viewtiful Joe,0x00000009,"Mid, Light Hit",0x00000040,Common normal-hit bit,0x00000000,0x00000000,0x00000000,100,0x0F010009,0x00000000,0x83046004,0x00400000,0x00000000,0x00000000,0x000003EA
2026-07-25T22:14:54Z,100,0x91A76194,P1-C1,0x9246B9C0,27,Joe the Condor,0x0143,,16,,0x00000000,0,,0x00000009,"Mid, Light Hit",0x00000040,Common normal-hit bit,0x00000000,0x00000000,0x00000000,100,0x0F010009,0x00000000,0x83042040,0x83042040,0x00000000,0x00000000,0x000003EB
2026-07-25T22:14:54Z,100,0x91A7CBE8,P1-C1,0x9246B9C0,27,Joe the Condor,0x0143,,16,,0x00000000,0,,0x0000010C,"Mid, Heavy Hit, A flags 0x00000100",0x00000082,"Init/default bit, Unknown B bits 0x00000080",0x00000000,0x00000000,0x00000000,1500,0x01010009,0x00000000,0x03040000,0x00000000,0x00000000,0x00000000,0x000003E8
2026-07-25T22:14:54Z,100,0x91A76194,P1-C1,0x9246B9C0,27,Joe the Condor,0x0143,,17,,0x00000000,0,,0x00000009,"Mid, Light Hit",0x00000040,Common normal-hit bit,0x00000000,0x00000000,0x00000000,100,0x0F010009,0x00000000,0x83046040,0x83046040,0x00000000,0x00000000,0x000003EB
2026-07-25T22:14:54Z,100,0x91A76194,P1-C1,0x9246B9C0,27,Joe the Condor,0x0143,,20,,0x00000000,0,,0x00000009,"Mid, Light Hit",0x00000040,Common normal-hit bit,0x00000000,0x00000000,0x00000000,100,0x0F010009,0x00000000,0x83046040,0x00400000,0x00000000,0x00000000,0x000003EB
2026-07-25T22:14:54Z,100,0x91A860C4,P1-C1,0x9246B9C0,27,Joe the Condor,0x0143,,21,,0x00000000,0,,0x00000009,"Mid, Light Hit",0x00000040,Common normal-hit bit,0x00000000,0x00000000,0x00000000,100,0x0F010009,0x00000000,0x83042040,0x83042040,0x00000000,0x00000000,0x000003EC
2026-07-25T22:14:54Z,100,0x91A860C4,P1-C1,0x9246B9C0,27,Joe the Condor,0x0143,,23,,0x00000000,0,,0x00000009,"Mid, Light Hit",0x00000040,Common normal-hit bit,0x00000000,0x00000000,0x00000000,100,0x0F010009,0x00000000,0x83046040,0x83046040,0x00000000,0x00000000,0x000003EC
2026-07-25T22:14:54Z,100,0x91A860C4,P1-C1,0x9246B9C0,27,Joe the Condor,0x0143,,25,,0x00000000,0,,0x00000009,"Mid, Light Hit",0x00000040,Common normal-hit bit,0x00000000,0x00000000,0x00000000,100,0x0F010009,0x00000000,0x83046040,0x00400000,0x00000000,0x00000000,0x000003EC
2026-07-25T22:14:54Z,100,0x91A860C4,P1-C1,0x9246B9C0,27,Joe the Condor,0x0143,,26,,0x00000000,0,,0x00000009,"Mid, Light Hit",0x00000040,Common normal-hit bit,0x00000000,0x00000000,0x00000000,100,0x00000000,0x00000000,0x83046040,0x00400000,0x00000000,0x00000000,0x000003EC
2026-07-25T22:14:54Z,101,0x91A7CBE8,P1-C1,0x9246B9C0,27,Joe the Condor,0x0014,,34,,0x00000000,0,,0x0000010C,"Mid, Heavy Hit, A flags 0x00000100",0x00000082,"Init/default bit, Unknown B bits 0x00000080",0x00000000,0x00000000,0x00000000,1500,0x01010009,0x00000000,0x03040000,0x00000000,0x00000000,0x00000000,0x000003E8
2026-07-25T22:14:55Z,103,0x91A7CBE8,P1-C1,0x9246B9C0,27,Joe the Condor,0x001E,,0,,0x00000000,0,,0x0000010C,"Mid, Heavy Hit, A flags 0x00000100",0x00000082,"Init/default bit, Unknown B bits 0x00000080",0x00000000,0x00000000,0x00000000,1500,0x01010009,0x00000000,0x03040000,0x00000000,0x00000000,0x00000000,0x000003E8
2026-07-25T22:14:55Z,103,0x91A7CBE8,P1-C1,0x9246B9C0,27,Joe the Condor,0x0001,,0,,0x00000000,0,,0x0000010C,"Mid, Heavy Hit, A flags 0x00000100",0x00000082,"Init/default bit, Unknown B bits 0x00000080",0x00000000,0x00000000,0x00000000,1500,0x01010009,0x00000000,0x03040000,0x00000000,0x00000000,0x00000000,0x000003E8
2026-07-25T22:14:55Z,103,0x91A7CBE8,P1-C1,0x9246B9C0,27,Joe the Condor,0x0003,,0,,0x00000000,0,,0x0000010C,"Mid, Heavy Hit, A flags 0x00000100",0x00000082,"Init/default bit, Unknown B bits 0x00000080",0x00000000,0x00000000,0x00000000,1500,0x01010009,0x00000000,0x03040000,0x00000000,0x00000000,0x00000000,0x000003E8
2026-07-25T22:14:55Z,104,0x91A7CBE8,P1-C1,0x9246B9C0,27,Joe the Condor,0x01A0,,3,,0x00000000,0,,0x00000009,"Mid, Light Hit",0x00000040,Common normal-hit bit,0x00000000,0x00000000,0x00000000,100,0x00000000,0x00000000,0x83040000,0x00400000,0x00000000,0x00000000,0x000003E8
2026-07-25T22:14:58Z,119,0x91A7CBE8,P1-C2,0x92B6BA00,2,Casshan,0x0160,Brutal Axe,103,,0x00000000,0,,0x00000000,"No guard category, No strength tier",0x00000000,No property B bits,0x00000000,0x00000000,0x00000000,0,0x0E02000D,0x10010000,0x03040000,0x00000000,0x00000000,0x00000003,0x000003E8
2026-07-25T22:14:58Z,119,0x91A7CBE8,P1-C2,0x92B6BA00,2,Casshan,0x0160,Brutal Axe,104,P2-C1,0x927EB9E0,17,Viewtiful Joe,0x0000410C,"Mid, Heavy Hit, A flags 0x00004100",0x00100123,"Damage exception route A, Paired special condition, Init/default bit, Default collision family, Unknown B bits 0x00000020",0x00000000,0x00000000,0x00000000,1440,0x0E02000D,0x10010000,0x03000004,0x00000000,0x00000000,0x00000003,0x000003E8
2026-07-25T22:14:58Z,119,0x91A7CBE8,P1-C2,0x92B6BA00,2,Casshan,0x0160,Brutal Axe,105,P2-C1,0x927EB9E0,17,Viewtiful Joe,0x0000410C,"Mid, Heavy Hit, A flags 0x00004100",0x00100123,"Damage exception route A, Paired special condition, Init/default bit, Default collision family, Unknown B bits 0x00000020",0x00000000,0x00000000,0x00000000,1440,0x0E02000D,0x10010000,0x03000000,0x00000000,0x00000000,0x00000003,0x000003E8
2026-07-25T22:14:59Z,120,0x91A7CBE8,P1-C2,0x92B6BA00,2,Casshan,0x0160,Brutal Axe,116,P2-C1,0x927EB9E0,17,Viewtiful Joe,0x0000410C,"Mid, Heavy Hit, A flags 0x00004100",0x00100123,"Damage exception route A, Paired special condition, Init/default bit, Default collision family, Unknown B bits 0x00000020",0x00000000,0x00000000,0x00000000,1440,0x0E02000D,0x10010000,0x03000004,0x00000000,0x00000000,0x00000003,0x000003E8
2026-07-25T22:14:59Z,120,0x91A7CBE8,P1-C2,0x92B6BA00,2,Casshan,0x0160,Brutal Axe,116,P2-C1,0x927EB9E0,17,Viewtiful Joe,0x0000410C,"Mid, Heavy Hit, A flags 0x00004100",0x00100123,"Damage exception route A, Paired special condition, Init/default bit, Default collision family, Unknown B bits 0x00000020",0x00000000,0x00000000,0x00000000,1440,0x0E02000D,0x10010000,0x03002004,0x00000000,0x00000000,0x00000003,0x000003E8
2026-07-25T22:14:59Z,120,0x91A7CBE8,P1-C2,0x92B6BA00,2,Casshan,0x0160,Brutal Axe,117,P2-C1,0x927EB9E0,17,Viewtiful Joe,0x0000410C,"Mid, Heavy Hit, A flags 0x00004100",0x00100123,"Damage exception route A, Paired special condition, Init/default bit, Default collision family, Unknown B bits 0x00000020",0x00000000,0x00000000,0x00000000,1440,0x0E02000D,0x10010000,0x03000000,0x00000000,0x00000000,0x00000003,0x000003E8
2026-07-25T22:14:59Z,120,0x91A7CBE8,P1-C2,0x92B6BA00,2,Casshan,0x0160,Brutal Axe,122,P2-C1,0x927EB9E0,17,Viewtiful Joe,0x0000410C,"Mid, Heavy Hit, A flags 0x00004100",0x00100123,"Damage exception route A, Paired special condition, Init/default bit, Default collision family, Unknown B bits 0x00000020",0x00000000,0x00000000,0x00000000,1440,0x0E02000D,0x10010000,0x03002004,0x00000000,0x00000000,0x00000003,0x000003E8
2026-07-25T22:14:59Z,120,0x91A7CBE8,P1-C2,0x92B6BA00,2,Casshan,0x0160,Brutal Axe,123,P2-C1,0x927EB9E0,17,Viewtiful Joe,0x0000410C,"Mid, Heavy Hit, A flags 0x00004100",0x00100123,"Damage exception route A, Paired special condition, Init/default bit, Default collision family, Unknown B bits 0x00000020",0x00000000,0x00000000,0x00000000,1440,0x0E02000D,0x10010000,0x03000000,0x00000000,0x00000000,0x00000003,0x000003E8
2026-07-25T22:14:59Z,121,0x91A7CBE8,P1-C2,0x92B6BA00,2,Casshan,0x0160,Brutal Axe,128,P2-C1,0x927EB9E0,17,Viewtiful Joe,0x0000410C,"Mid, Heavy Hit, A flags 0x00004100",0x00100123,"Damage exception route A, Paired special condition, Init/default bit, Default collision family, Unknown B bits 0x00000020",0x00000000,0x00000000,0x00000000,1440,0x0E02000D,0x10010000,0x03002004,0x00000000,0x00000000,0x00000003,0x000003E8
2026-07-25T22:14:59Z,121,0x91A7CBE8,P1-C2,0x92B6BA00,2,Casshan,0x0160,Brutal Axe,129,P2-C1,0x927EB9E0,17,Viewtiful Joe,0x0000410C,"Mid, Heavy Hit, A flags 0x00004100",0x00100123,"Damage exception route A, Paired special condition, Init/default bit, Default collision family, Unknown B bits 0x00000020",0x00000000,0x00000000,0x00000000,1440,0x0E02000D,0x10010000,0x03000000,0x00000000,0x00000000,0x00000003,0x000003E8
2026-07-25T22:14:59Z,121,0x91A7CBE8,P1-C2,0x92B6BA00,2,Casshan,0x0160,Brutal Axe,134,P2-C1,0x927EB9E0,17,Viewtiful Joe,0x0000410C,"Mid, Heavy Hit, A flags 0x00004100",0x00100123,"Damage exception route A, Paired special condition, Init/default bit, Default collision family, Unknown B bits 0x00000020",0x00000000,0x00000000,0x00000000,1440,0x0E02000D,0x10010000,0x03000004,0x00000000,0x00000000,0x00000003,0x000003E8
2026-07-25T22:14:59Z,121,0x91A7CBE8,P1-C2,0x92B6BA00,2,Casshan,0x0160,Brutal Axe,134,P2-C1,0x927EB9E0,17,Viewtiful Joe,0x0000410C,"Mid, Heavy Hit, A flags 0x00004100",0x00100123,"Damage exception route A, Paired special condition, Init/default bit, Default collision family, Unknown B bits 0x00000020",0x00000000,0x00000000,0x00000000,1440,0x0E02000D,0x10010000,0x03002004,0x00000000,0x00000000,0x00000003,0x000003E8
2026-07-25T22:14:59Z,121,0x91A7CBE8,P1-C2,0x92B6BA00,2,Casshan,0x0160,Brutal Axe,135,P2-C1,0x927EB9E0,17,Viewtiful Joe,0x0000410C,"Mid, Heavy Hit, A flags 0x00004100",0x00100123,"Damage exception route A, Paired special condition, Init/default bit, Default collision family, Unknown B bits 0x00000020",0x00000000,0x00000000,0x00000000,1440,0x0E02000D,0x10010000,0x03000000,0x00000000,0x00000000,0x00000003,0x000003E8
2026-07-25T22:14:59Z,122,0x91A7CBE8,P1-C2,0x92B6BA00,2,Casshan,0x0160,Brutal Axe,140,P2-C1,0x927EB9E0,17,Viewtiful Joe,0x0000410C,"Mid, Heavy Hit, A flags 0x00004100",0x00100123,"Damage exception route A, Paired special condition, Init/default bit, Default collision family, Unknown B bits 0x00000020",0x00000000,0x00000000,0x00000000,1440,0x0E02000D,0x10010000,0x03002004,0x00000000,0x00000000,0x00000003,0x000003E8
2026-07-25T22:14:59Z,122,0x91A7CBE8,P1-C2,0x92B6BA00,2,Casshan,0x0160,Brutal Axe,143,P2-C1,0x927EB9E0,17,Viewtiful Joe,0x0000410C,"Mid, Heavy Hit, A flags 0x00004100",0x00100123,"Damage exception route A, Paired special condition, Init/default bit, Default collision family, Unknown B bits 0x00000020",0x00000000,0x00000000,0x00000000,1440,0x0E02000D,0x10010000,0x03000000,0x00000000,0x00000000,0x00000003,0x000003E8
2026-07-25T22:14:59Z,122,0x91A7CBE8,P1-C2,0x92B6BA00,2,Casshan,0x0160,Brutal Axe,146,P2-C1,0x927EB9E0,17,Viewtiful Joe,0x00000009,"Mid, Light Hit",0x00000040,Common normal-hit bit,0x00000000,0x00000000,0x00000000,100,0x0E02000D,0x10010000,0x83002004,0x83002004,0x00000000,0x00000003,0x000003E8
2026-07-25T22:14:59Z,123,0x91A7CBE8,P1-C2,0x92B6BA00,2,Casshan,0x0160,Brutal Axe,148,P2-C1,0x927EB9E0,17,Viewtiful Joe,0x00000009,"Mid, Light Hit",0x00000040,Common normal-hit bit,0x00000000,0x00000000,0x00000000,100,0x0E02000D,0x10010000,0x83006004,0x83006004,0x00000000,0x00000003,0x000003E8
2026-07-25T22:14:59Z,123,0x91A7CBE8,P1-C2,0x92B6BA00,2,Casshan,0x0160,Brutal Axe,152,P2-C1,0x927EB9E0,17,Viewtiful Joe,0x00000009,"Mid, Light Hit",0x00000040,Common normal-hit bit,0x00000000,0x00000000,0x00000000,100,0x0E02000D,0x10010000,0x83006004,0x00400000,0x00000000,0x00000003,0x000003E8
2026-07-25T22:15:16Z,188,0x91A7CBE8,P1-C2,0x92B6BA00,2,Casshan,0x0160,Brutal Axe,105,P2-C1,0x927EB9E0,17,Viewtiful Joe,0x0000410C,"Mid, Heavy Hit, A flags 0x00004100",0x00100123,"Damage exception route A, Paired special condition, Init/default bit, Default collision family, Unknown B bits 0x00000020",0x00000000,0x00000000,0x00000000,1440,0x0E02000D,0x10010000,0x03000000,0x00000000,0x00000000,0x00000003,0x000003E8
2026-07-25T22:15:16Z,189,0x91A7CBE8,P1-C2,0x92B6BA00,2,Casshan,0x0160,Brutal Axe,110,P2-C1,0x927EB9E0,17,Viewtiful Joe,0x0000410C,"Mid, Heavy Hit, A flags 0x00004100",0x00100123,"Damage exception route A, Paired special condition, Init/default bit, Default collision family, Unknown B bits 0x00000020",0x00000000,0x00000000,0x00000000,1440,0x0E02000D,0x10010000,0x03002004,0x00000000,0x00000000,0x00000003,0x000003E8
2026-07-25T22:15:17Z,189,0x91A7CBE8,P1-C2,0x92B6BA00,2,Casshan,0x0160,Brutal Axe,111,P2-C1,0x927EB9E0,17,Viewtiful Joe,0x0000410C,"Mid, Heavy Hit, A flags 0x00004100",0x00100123,"Damage exception route A, Paired special condition, Init/default bit, Default collision family, Unknown B bits 0x00000020",0x00000000,0x00000000,0x00000000,1440,0x0E02000D,0x10010000,0x03000000,0x00000000,0x00000000,0x00000003,0x000003E8
2026-07-25T22:15:17Z,189,0x91A7CBE8,P1-C2,0x92B6BA00,2,Casshan,0x0160,Brutal Axe,116,P2-C1,0x927EB9E0,17,Viewtiful Joe,0x0000410C,"Mid, Heavy Hit, A flags 0x00004100",0x00100123,"Damage exception route A, Paired special condition, Init/default bit, Default collision family, Unknown B bits 0x00000020",0x00000000,0x00000000,0x00000000,1440,0x0E02000D,0x10010000,0x03002004,0x00000000,0x00000000,0x00000003,0x000003E8
2026-07-25T22:15:17Z,189,0x91A7CBE8,P1-C2,0x92B6BA00,2,Casshan,0x0160,Brutal Axe,117,P2-C1,0x927EB9E0,17,Viewtiful Joe,0x0000410C,"Mid, Heavy Hit, A flags 0x00004100",0x00100123,"Damage exception route A, Paired special condition, Init/default bit, Default collision family, Unknown B bits 0x00000020",0x00000000,0x00000000,0x00000000,1440,0x0E02000D,0x10010000,0x03000000,0x00000000,0x00000000,0x00000003,0x000003E8
2026-07-25T22:15:17Z,190,0x91A7CBE8,P1-C2,0x92B6BA00,2,Casshan,0x0160,Brutal Axe,122,P2-C1,0x927EB9E0,17,Viewtiful Joe,0x0000410C,"Mid, Heavy Hit, A flags 0x00004100",0x00100123,"Damage exception route A, Paired special condition, Init/default bit, Default collision family, Unknown B bits 0x00000020",0x00000000,0x00000000,0x00000000,1440,0x0E02000D,0x10010000,0x03002004,0x00000000,0x00000000,0x00000003,0x000003E8
2026-07-25T22:15:17Z,190,0x91A7CBE8,P1-C2,0x92B6BA00,2,Casshan,0x0160,Brutal Axe,123,P2-C1,0x927EB9E0,17,Viewtiful Joe,0x0000410C,"Mid, Heavy Hit, A flags 0x00004100",0x00100123,"Damage exception route A, Paired special condition, Init/default bit, Default collision family, Unknown B bits 0x00000020",0x00000000,0x00000000,0x00000000,1440,0x0E02000D,0x10010000,0x03000000,0x00000000,0x00000000,0x00000003,0x000003E8
2026-07-25T22:15:17Z,190,0x91A7CBE8,P1-C2,0x92B6BA00,2,Casshan,0x0160,Brutal Axe,128,P2-C1,0x927EB9E0,17,Viewtiful Joe,0x0000410C,"Mid, Heavy Hit, A flags 0x00004100",0x00100123,"Damage exception route A, Paired special condition, Init/default bit, Default collision family, Unknown B bits 0x00000020",0x00000000,0x00000000,0x00000000,1440,0x0E02000D,0x10010000,0x03002004,0x00000000,0x00000000,0x00000003,0x000003E8
2026-07-25T22:15:17Z,190,0x91A7CBE8,P1-C2,0x92B6BA00,2,Casshan,0x0160,Brutal Axe,129,P2-C1,0x927EB9E0,17,Viewtiful Joe,0x0000410C,"Mid, Heavy Hit, A flags 0x00004100",0x00100123,"Damage exception route A, Paired special condition, Init/default bit, Default collision family, Unknown B bits 0x00000020",0x00000000,0x00000000,0x00000000,1440,0x0E02000D,0x10010000,0x03000000,0x00000000,0x00000000,0x00000003,0x000003E8
2026-07-25T22:15:17Z,190,0x91A7CBE8,P1-C2,0x92B6BA00,2,Casshan,0x0160,Brutal Axe,134,P2-C1,0x927EB9E0,17,Viewtiful Joe,0x0000410C,"Mid, Heavy Hit, A flags 0x00004100",0x00100123,"Damage exception route A, Paired special condition, Init/default bit, Default collision family, Unknown B bits 0x00000020",0x00000000,0x00000000,0x00000000,1440,0x0E02000D,0x10010000,0x03002004,0x00000000,0x00000000,0x00000003,0x000003E8
2026-07-25T22:15:17Z,190,0x91A7CBE8,P1-C2,0x92B6BA00,2,Casshan,0x0160,Brutal Axe,135,P2-C1,0x927EB9E0,17,Viewtiful Joe,0x0000410C,"Mid, Heavy Hit, A flags 0x00004100",0x00100123,"Damage exception route A, Paired special condition, Init/default bit, Default collision family, Unknown B bits 0x00000020",0x00000000,0x00000000,0x00000000,1440,0x0E02000D,0x10010000,0x03000000,0x00000000,0x00000000,0x00000003,0x000003E8
2026-07-25T22:15:17Z,191,0x91A7CBE8,P1-C2,0x92B6BA00,2,Casshan,0x0160,Brutal Axe,140,P2-C1,0x927EB9E0,17,Viewtiful Joe,0x0000410C,"Mid, Heavy Hit, A flags 0x00004100",0x00100123,"Damage exception route A, Paired special condition, Init/default bit, Default collision family, Unknown B bits 0x00000020",0x00000000,0x00000000,0x00000000,1440,0x0E02000D,0x10010000,0x03002004,0x00000000,0x00000000,0x00000003,0x000003E8
2026-07-25T22:15:17Z,191,0x91A7CBE8,P1-C2,0x92B6BA00,2,Casshan,0x0160,Brutal Axe,141,P2-C1,0x927EB9E0,17,Viewtiful Joe,0x0000410C,"Mid, Heavy Hit, A flags 0x00004100",0x00100123,"Damage exception route A, Paired special condition, Init/default bit, Default collision family, Unknown B bits 0x00000020",0x00000000,0x00000000,0x00000000,1440,0x0E02000D,0x10010000,0x03000000,0x00000000,0x00000000,0x00000003,0x000003E8
2026-07-25T22:15:17Z,191,0x91A7CBE8,P1-C2,0x92B6BA00,2,Casshan,0x0160,Brutal Axe,146,P2-C1,0x927EB9E0,17,Viewtiful Joe,0x00000009,"Mid, Light Hit",0x00000040,Common normal-hit bit,0x00000000,0x00000000,0x00000000,100,0x0E02000D,0x10010000,0x83002004,0x83002004,0x00000000,0x00000003,0x000003E8
2026-07-25T22:15:17Z,191,0x91A7CBE8,P1-C2,0x92B6BA00,2,Casshan,0x0160,Brutal Axe,147,P2-C1,0x927EB9E0,17,Viewtiful Joe,0x00000009,"Mid, Light Hit",0x00000040,Common normal-hit bit,0x00000000,0x00000000,0x00000000,100,0x0E02000D,0x10010000,0x83006004,0x83006004,0x00000000,0x00000003,0x000003E8
2026-07-25T22:15:17Z,192,0x91A7CBE8,P1-C2,0x92B6BA00,2,Casshan,0x0160,Brutal Axe,152,P2-C1,0x927EB9E0,17,Viewtiful Joe,0x00000009,"Mid, Light Hit",0x00000040,Common normal-hit bit,0x00000000,0x00000000,0x00000000,100,0x0E02000D,0x10010000,0x83006004,0x00400000,0x00000000,0x00000003,0x000003E8
2026-07-25T22:15:19Z,201,0x91A7CBE8,P1-C2,0x92B6BA00,2,Casshan,0x013B,,2,,0x00000000,0,,0x00000000,"No guard category, No strength tier",0x00040082,"One-eighth block-damage route B, Init/default bit, Unknown B bits 0x00000080",0x00000000,0x00000000,0x00000000,0,0x80050089,0x00050020,0x03000000,0x00000000,0x00000000,0x00000000,0x000003E8
2026-07-25T22:15:20Z,203,0x91A7CBE8,P1-C2,0x92B6BA00,2,Casshan,0x013B,Friender C,56,,0x00000000,0,,0x00000000,"No guard category, No strength tier",0x00040082,"One-eighth block-damage route B, Init/default bit, Unknown B bits 0x00000080",0x00000000,0x00000000,0x00000000,0,0x80050089,0x00050020,0x03200000,0x00000000,0x00000000,0x00000000,0x000003E8
2026-07-25T22:15:20Z,203,0x91A860C4,P1-C2,0x92B6BA00,2,Casshan,0x013B,Friender C,56,,0x00000000,0,,0x0000000C,"Mid, Heavy Hit",0x00040102,"One-eighth block-damage route B, Init/default bit, Default collision family",0x00000000,0x00000000,0x00000000,960,0x00050009,0x00010000,0x03040000,0x00000000,0x00000000,0x00000000,0x000003E9
2026-07-25T22:15:20Z,203,0x91A7CBE8,P1-C2,0x92B6BA00,2,Casshan,0x0001,,2,,0x00000000,0,,0x00000000,"No guard category, No strength tier",0x00040082,"One-eighth block-damage route B, Init/default bit, Unknown B bits 0x00000080",0x00000000,0x00000000,0x00000000,0,0x80050089,0x00050020,0x03200000,0x00000000,0x00000000,0x00000000,0x000003E8
2026-07-25T22:15:20Z,203,0x91A860C4,P1-C2,0x92B6BA00,2,Casshan,0x0001,,2,,0x00000000,0,,0x0000000C,"Mid, Heavy Hit",0x00040102,"One-eighth block-damage route B, Init/default bit, Default collision family",0x00000000,0x00000000,0x00000000,960,0x00050009,0x00010000,0x03040000,0x00000000,0x00000000,0x00000000,0x000003E9
2026-07-25T22:15:20Z,204,0x91A76194,P1-C2,0x92B6BA00,2,Casshan,0x0001,,5,,0x00000000,0,,0x0000000C,"Mid, Heavy Hit",0x00040102,"One-eighth block-damage route B, Init/default bit, Default collision family",0x00000000,0x00000000,0x00000000,960,0x00050009,0x00010000,0x03040000,0x00000000,0x00000000,0x00000000,0x000003EA
2026-07-25T22:15:20Z,204,0x91A7CBE8,P1-C2,0x92B6BA00,2,Casshan,0x0002,,0,,0x00000000,0,,0x00000000,"No guard category, No strength tier",0x00040082,"One-eighth block-damage route B, Init/default bit, Unknown B bits 0x00000080",0x00000000,0x00000000,0x00000000,0,0x80050089,0x00050020,0x03200000,0x00000000,0x00000000,0x00000000,0x000003E8
2026-07-25T22:15:20Z,204,0x91A860C4,P1-C2,0x92B6BA00,2,Casshan,0x0002,,0,P2-C1,0x927EB9E0,17,Viewtiful Joe,0x00000009,"Mid, Light Hit",0x00000040,Common normal-hit bit,0x00000000,0x00000000,0x00000000,100,0x00050009,0x00010000,0x83046004,0x00400000,0x00000000,0x00000000,0x000003E9
2026-07-25T22:15:20Z,204,0x91A76194,P1-C2,0x92B6BA00,2,Casshan,0x0002,,0,,0x00000000,0,,0x0000000C,"Mid, Heavy Hit",0x00040102,"One-eighth block-damage route B, Init/default bit, Default collision family",0x00000000,0x00000000,0x00000000,960,0x00050009,0x00010000,0x03040000,0x00000000,0x00000000,0x00000000,0x000003EA
2026-07-25T22:15:20Z,204,0x91A7370C,P1-C2,0x92B6BA00,2,Casshan,0x0002,,0,,0x00000000,0,,0x0000000C,"Mid, Heavy Hit",0x00040102,"One-eighth block-damage route B, Init/default bit, Default collision family",0x00000000,0x00000000,0x00000000,960,0x00050009,0x00010000,0x03040000,0x00000000,0x00000000,0x00000000,0x000003EB
2026-07-25T22:15:20Z,204,0x91A7CBE8,P1-C2,0x92B6BA00,2,Casshan,0x0013,,1,,0x00000000,0,,0x00000000,"No guard category, No strength tier",0x00040082,"One-eighth block-damage route B, Init/default bit, Unknown B bits 0x00000080",0x00000000,0x00000000,0x00000000,0,0x80050089,0x00050020,0x03200000,0x00000000,0x00000000,0x00000000,0x000003E8
2026-07-25T22:15:20Z,204,0x91A76194,P1-C2,0x92B6BA00,2,Casshan,0x0013,,1,P2-C1,0x927EB9E0,17,Viewtiful Joe,0x00000009,"Mid, Light Hit",0x00000040,Common normal-hit bit,0x00000000,0x00000000,0x00000000,100,0x00050009,0x00010000,0x83042004,0x83042004,0x00000000,0x00000000,0x000003EA
2026-07-25T22:15:20Z,204,0x91A7370C,P1-C2,0x92B6BA00,2,Casshan,0x0013,,1,,0x00000000,0,,0x0000000C,"Mid, Heavy Hit",0x00040102,"One-eighth block-damage route B, Init/default bit, Default collision family",0x00000000,0x00000000,0x00000000,960,0x00050009,0x00010000,0x03040000,0x00000000,0x00000000,0x00000000,0x000003EB
2026-07-25T22:15:20Z,204,0x91A7CBE8,P1-C2,0x92B6BA00,2,Casshan,0x0015,,2,,0x00000000,0,,0x00000000,"No guard category, No strength tier",0x00040082,"One-eighth block-damage route B, Init/default bit, Unknown B bits 0x00000080",0x00000000,0x00000000,0x00000000,0,0x80050089,0x00050020,0x03200000,0x00000000,0x00000000,0x00000000,0x000003E8
2026-07-25T22:15:20Z,204,0x91A76194,P1-C2,0x92B6BA00,2,Casshan,0x0015,,2,P2-C1,0x927EB9E0,17,Viewtiful Joe,0x00000009,"Mid, Light Hit",0x00000040,Common normal-hit bit,0x00000000,0x00000000,0x00000000,100,0x00050009,0x00010000,0x83046004,0x83046004,0x00000000,0x00000000,0x000003EA
2026-07-25T22:15:20Z,204,0x91A7370C,P1-C2,0x92B6BA00,2,Casshan,0x0015,,2,,0x00000000,0,,0x0000000C,"Mid, Heavy Hit",0x00040102,"One-eighth block-damage route B, Init/default bit, Default collision family",0x00000000,0x00000000,0x00000000,960,0x00050009,0x00010000,0x03040000,0x00000000,0x00000000,0x00000000,0x000003EB
2026-07-25T22:15:20Z,204,0x91A860C4,P1-C2,0x92B6BA00,2,Casshan,0x0015,,3,,0x00000000,0,,0x0000000C,"Mid, Heavy Hit",0x00040102,"One-eighth block-damage route B, Init/default bit, Default collision family",0x00000000,0x00000000,0x00000000,960,0x00050009,0x00010000,0x03040000,0x00000000,0x00000000,0x00000000,0x000003E9
2026-07-25T22:15:20Z,204,0x91A7CBE8,P1-C2,0x92B6BA00,2,Casshan,0x0109,,0,,0x00000000,0,,0x00000000,"No guard category, No strength tier",0x00040082,"One-eighth block-damage route B, Init/default bit, Unknown B bits 0x00000080",0x00000000,0x00000000,0x00000000,0,0x80050089,0x00050020,0x03200000,0x00000000,0x00000000,0x00000000,0x000003E8
2026-07-25T22:15:20Z,204,0x91A7370C,P1-C2,0x92B6BA00,2,Casshan,0x0109,,0,,0x00000000,0,,0x0000000C,"Mid, Heavy Hit",0x00040102,"One-eighth block-damage route B, Init/default bit, Default collision family",0x00000000,0x00000000,0x00000000,960,0x00050009,0x00010000,0x03040000,0x00000000,0x00000000,0x00000000,0x000003EB
2026-07-25T22:15:20Z,204,0x91A860C4,P1-C2,0x92B6BA00,2,Casshan,0x0109,,0,,0x00000000,0,,0x0000000C,"Mid, Heavy Hit",0x00040102,"One-eighth block-damage route B, Init/default bit, Default collision family",0x00000000,0x00000000,0x00000000,960,0x00050009,0x00010000,0x03040000,0x00000000,0x00000000,0x00000000,0x000003E9
2026-07-25T22:15:20Z,204,0x91A76194,P1-C2,0x92B6BA00,2,Casshan,0x0109,,0,,0x00000000,0,,0x0000000C,"Mid, Heavy Hit",0x00040102,"One-eighth block-damage route B, Init/default bit, Default collision family",0x00000000,0x00000000,0x00000000,960,0x00050009,0x00010000,0x03040000,0x00000000,0x00000000,0x00000000,0x000003EA
2026-07-25T22:15:20Z,204,0x91A7CBE8,P1-C2,0x92B6BA00,2,Casshan,0x0023,,2,,0x00000000,0,,0x00000000,"No guard category, No strength tier",0x00040082,"One-eighth block-damage route B, Init/default bit, Unknown B bits 0x00000080",0x00000000,0x00000000,0x00000000,0,0x80050089,0x00050020,0x03200000,0x00000000,0x00000000,0x00000000,0x000003E8
2026-07-25T22:15:20Z,204,0x91A7370C,P1-C2,0x92B6BA00,2,Casshan,0x0023,,2,,0x00000000,0,,0x00000009,"Mid, Light Hit",0x00000040,Common normal-hit bit,0x00000000,0x00000000,0x00000000,100,0x00050009,0x00010000,0x83040000,0x00400000,0x00000000,0x00000000,0x000003EB
2026-07-25T22:15:20Z,204,0x91A860C4,P1-C2,0x92B6BA00,2,Casshan,0x0023,,2,,0x00000000,0,,0x0000000C,"Mid, Heavy Hit",0x00040102,"One-eighth block-damage route B, Init/default bit, Default collision family",0x00000000,0x00000000,0x00000000,960,0x00050009,0x00010000,0x03040000,0x00000000,0x00000000,0x00000000,0x000003E9
2026-07-25T22:15:20Z,204,0x91A76194,P1-C2,0x92B6BA00,2,Casshan,0x0023,,2,,0x00000000,0,,0x0000000C,"Mid, Heavy Hit",0x00040102,"One-eighth block-damage route B, Init/default bit, Default collision family",0x00000000,0x00000000,0x00000000,960,0x00050009,0x00010000,0x03040000,0x00000000,0x00000000,0x00000000,0x000003EA
2026-07-25T22:15:20Z,204,0x91A7370C,P1-C2,0x92B6BA00,2,Casshan,0x0023,,9,,0x00000000,0,,0x0000000C,"Mid, Heavy Hit",0x00040102,"One-eighth block-damage route B, Init/default bit, Default collision family",0x00000000,0x00000000,0x00000000,960,0x00050009,0x00010000,0x03040000,0x00000000,0x00000000,0x00000000,0x000003EB
2026-07-25T22:15:21Z,204,0x91A860C4,P1-C2,0x92B6BA00,2,Casshan,0x0023,,10,,0x00000000,0,,0x00000009,"Mid, Light Hit",0x00000040,Common normal-hit bit,0x00000000,0x00000000,0x00000000,100,0x00050009,0x00010000,0x83040000,0x00400000,0x00000000,0x00000000,0x000003E9
2026-07-25T22:15:21Z,205,0x91A7370C,P1-C2,0x92B6BA00,2,Casshan,0x0023,,17,P2-C1,0x927EB9E0,17,Viewtiful Joe,0x00000009,"Mid, Light Hit",0x00000040,Common normal-hit bit,0x00000000,0x00000000,0x00000000,100,0x00050009,0x00010000,0x83042004,0x83042004,0x00000000,0x00000000,0x000003EB
2026-07-25T22:15:21Z,205,0x91A860C4,P1-C2,0x92B6BA00,2,Casshan,0x0023,,17,,0x00000000,0,,0x0000000C,"Mid, Heavy Hit",0x00040102,"One-eighth block-damage route B, Init/default bit, Default collision family",0x00000000,0x00000000,0x00000000,960,0x00050009,0x00010000,0x03040000,0x00000000,0x00000000,0x00000000,0x000003E9
2026-07-25T22:15:21Z,205,0x91A7370C,P1-C2,0x92B6BA00,2,Casshan,0x0023,,17,P2-C1,0x927EB9E0,17,Viewtiful Joe,0x00000009,"Mid, Light Hit",0x00000040,Common normal-hit bit,0x00000000,0x00000000,0x00000000,100,0x00050009,0x00010000,0x83046004,0x83046004,0x00000000,0x00000000,0x000003EB
2026-07-25T22:15:21Z,205,0x91A7CBE8,P1-C2,0x92B6BA00,2,Casshan,0x010B,,0,,0x00000000,0,,0x00000000,"No guard category, No strength tier",0x00040082,"One-eighth block-damage route B, Init/default bit, Unknown B bits 0x00000080",0x00000000,0x00000000,0x00000000,0,0x80050089,0x00050020,0x03200000,0x00000000,0x00000000,0x00000000,0x000003E8
2026-07-25T22:15:21Z,205,0x91A7370C,P1-C2,0x92B6BA00,2,Casshan,0x010B,,0,P2-C1,0x927EB9E0,17,Viewtiful Joe,0x00000009,"Mid, Light Hit",0x00000040,Common normal-hit bit,0x00000000,0x00000000,0x00000000,100,0x00050009,0x00010000,0x83046004,0x83046004,0x00000000,0x00000000,0x000003EB
2026-07-25T22:15:21Z,205,0x91A860C4,P1-C2,0x92B6BA00,2,Casshan,0x010B,,0,,0x00000000,0,,0x0000000C,"Mid, Heavy Hit",0x00040102,"One-eighth block-damage route B, Init/default bit, Default collision family",0x00000000,0x00000000,0x00000000,960,0x00050009,0x00010000,0x03040000,0x00000000,0x00000000,0x00000000,0x000003E9
2026-07-25T22:15:21Z,205,0x91A7370C,P1-C2,0x92B6BA00,2,Casshan,0x010B,,1,P2-C1,0x927EB9E0,17,Viewtiful Joe,0x00000009,"Mid, Light Hit",0x00000040,Common normal-hit bit,0x00000000,0x00000000,0x00000000,100,0x00050009,0x00010000,0x83046004,0x00400000,0x00000000,0x00000000,0x000003EB
2026-07-25T22:15:21Z,205,0x91A76194,P1-C2,0x92B6BA00,2,Casshan,0x010B,,1,,0x00000000,0,,0x0000000C,"Mid, Heavy Hit",0x00040102,"One-eighth block-damage route B, Init/default bit, Default collision family",0x00000000,0x00000000,0x00000000,960,0x00050009,0x00010000,0x03040000,0x00000000,0x00000000,0x00000000,0x000003EA
2026-07-25T22:15:21Z,205,0x91A860C4,P1-C2,0x92B6BA00,2,Casshan,0x010B,,8,,0x00000000,0,,0x00000009,"Mid, Light Hit",0x00000040,Common normal-hit bit,0x00000000,0x00000000,0x00000000,100,0x00000000,0x00010000,0x83040000,0x00400000,0x00000000,0x00000000,0x000003E9
2026-07-25T22:15:21Z,205,0x91A76194,P1-C2,0x92B6BA00,2,Casshan,0x010B,,14,,0x00000000,0,,0x00000009,"Mid, Light Hit",0x00000040,Common normal-hit bit,0x00000000,0x00000000,0x00000000,100,0x00050009,0x00010000,0x83040000,0x00400000,0x00000000,0x00000000,0x000003EA
2026-07-25T22:15:21Z,205,0x91A76194,P1-C2,0x92B6BA00,2,Casshan,0x010B,,14,,0x00000000,0,,0x00000009,"Mid, Light Hit",0x00000040,Common normal-hit bit,0x00000000,0x00000000,0x00000000,100,0x00000000,0x00010000,0x83040000,0x00400000,0x00000000,0x00000000,0x000003EA
2026-07-25T22:15:21Z,206,0x91A7CBE8,P1-C2,0x92B6BA00,2,Casshan,0x001E,,0,,0x00000000,0,,0x00000000,"No guard category, No strength tier",0x00040082,"One-eighth block-damage route B, Init/default bit, Unknown B bits 0x00000080",0x00000000,0x00000000,0x00000000,0,0x80050089,0x00050020,0x03200000,0x00000000,0x00000000,0x00000000,0x000003E8
2026-07-25T22:15:21Z,206,0x91A7CBE8,P1-C2,0x92B6BA00,2,Casshan,0x0100,,0,,0x00000000,0,,0x00000000,"No guard category, No strength tier",0x00040082,"One-eighth block-damage route B, Init/default bit, Unknown B bits 0x00000080",0x00000000,0x00000000,0x00000000,0,0x80050089,0x00050020,0x03200000,0x00000000,0x00000000,0x00000000,0x000003E8
2026-07-25T22:15:22Z,207,0x91A7CBE8,P1-C2,0x92B6BA00,2,Casshan,0x000A,,0,,0x00000000,0,,0x00000000,"No guard category, No strength tier",0x00040082,"One-eighth block-damage route B, Init/default bit, Unknown B bits 0x00000080",0x00000000,0x00000000,0x00000000,0,0x80050089,0x00050020,0x03200000,0x00000000,0x00000000,0x00000000,0x000003E8
2026-07-25T22:15:22Z,207,0x91A7CBE8,P1-C2,0x92B6BA00,2,Casshan,0x000B,,0,,0x00000000,0,,0x00000000,"No guard category, No strength tier",0x00040082,"One-eighth block-damage route B, Init/default bit, Unknown B bits 0x00000080",0x00000000,0x00000000,0x00000000,0,0x80050089,0x00050020,0x03200000,0x00000000,0x00000000,0x00000000,0x000003E8
2026-07-25T22:15:22Z,207,0x91A7CBE8,P1-C2,0x92B6BA00,2,Casshan,0x000B,,12,,0x00000000,0,,0x00000000,"No guard category, No strength tier",0x00040082,"One-eighth block-damage route B, Init/default bit, Unknown B bits 0x00000080",0x00000000,0x00000000,0x00000000,0,0x80050089,0x00050020,0x83200000,0x00000000,0x00000000,0x00000000,0x000003E8
2026-07-25T22:15:22Z,207,0x91A7CBE8,P1-C2,0x92B6BA00,2,Casshan,0x000B,,13,,0x00000000,0,,0x00000009,"Mid, Light Hit",0x00000040,Common normal-hit bit,0x00000000,0x00000000,0x00000000,100,0x80050089,0x00050020,0x83202000,0x00400000,0x00000000,0x00000000,0x000003E8
2026-07-25T22:18:54Z,353,0x91A6B774,P1-C1,0x9246B9C0,5,Yatterman-1,0x0161,yatter wan flame,91,,0x00000000,0,,0x8000420C,"Mid, Heavy Hit, A flags 0x80004200",0x00100123,"Damage exception route A, Paired special condition, Init/default bit, Default collision family, Unknown B bits 0x00000020",0x00000000,0x00000000,0x00000000,1860,0x8E010209,0x00230002,0x03040000,0x00000000,0x00000000,0x00000000,0x000003E8
2026-07-25T22:18:54Z,353,0x91A6B774,P1-C1,0x9246B9C0,5,Yatterman-1,0x0161,yatter wan flame,91,,0x00000000,0,,0x8000420C,"Mid, Heavy Hit, A flags 0x80004200",0x00100123,"Damage exception route A, Paired special condition, Init/default bit, Default collision family, Unknown B bits 0x00000020",0x00000000,0x00000000,0x00000000,1860,0x8E010209,0x00230002,0x03000000,0x00000000,0x00000000,0x00000000,0x000003E8
2026-07-25T22:18:54Z,356,0x91A6B774,P1-C1,0x9246B9C0,5,Yatterman-1,0x0161,yatter wan flame,107,P2-C1,0x927EB9E0,12,Ryu,0x8000420C,"Mid, Heavy Hit, A flags 0x80004200",0x00100123,"Damage exception route A, Paired special condition, Init/default bit, Default collision family, Unknown B bits 0x00000020",0x00000000,0x00000000,0x00000000,1860,0x8E010209,0x00232002,0x03000004,0x00000000,0x00000000,0x00000000,0x000003E8
2026-07-25T22:18:54Z,356,0x91A6B774,P1-C1,0x9246B9C0,5,Yatterman-1,0x0161,yatter wan flame,107,P2-C1,0x927EB9E0,12,Ryu,0x8000420C,"Mid, Heavy Hit, A flags 0x80004200",0x00100123,"Damage exception route A, Paired special condition, Init/default bit, Default collision family, Unknown B bits 0x00000020",0x00000000,0x00000000,0x00000000,1860,0x8E010209,0x00232002,0x03000000,0x00000000,0x00000000,0x00000000,0x000003E8
2026-07-25T22:18:55Z,361,0x91A6B774,P1-C1,0x9246B9C0,5,Yatterman-1,0x0161,yatter wan flame,140,P2-C1,0x927EB9E0,12,Ryu,0x8000420C,"Mid, Heavy Hit, A flags 0x80004200",0x00100123,"Damage exception route A, Paired special condition, Init/default bit, Default collision family, Unknown B bits 0x00000020",0x00000000,0x00000000,0x00000000,1860,0x8E010209,0x00232016,0x03000000,0x00000000,0x00000000,0x00000000,0x000003E8
2026-07-25T22:18:56Z,369,0x91A6B774,P1-C1,0x9246B9C0,5,Yatterman-1,0x0161,yatter wan flame,200,P2-C1,0x927EB9E0,12,Ryu,0x8000420C,"Mid, Heavy Hit, A flags 0x80004200",0x00100123,"Damage exception route A, Paired special condition, Init/default bit, Default collision family, Unknown B bits 0x00000020",0x00000000,0x00000000,0x00000000,1860,0x8E010209,0x00232016,0x03200000,0x00000000,0x00000000,0x00000000,0x000003E8
2026-07-25T22:18:56Z,369,0x91A6CCB8,P1-C1,0x9246B9C0,5,Yatterman-1,0x0161,yatter wan flame,200,,0x00000000,0,,0x0000010C,"Mid, Heavy Hit, A flags 0x00000100",0x00000063,"Damage exception route A, Init/default bit, Common normal-hit bit, Unknown B bits 0x00000020",0x00000000,0x00000000,0x00000000,480,0x0E010009,0x00230100,0x03040000,0x00000000,0x00000000,0x00000000,0x000003E9
2026-07-25T22:18:56Z,369,0x91A6CCB8,P1-C1,0x9246B9C0,5,Yatterman-1,0x0161,yatter wan flame,201,P2-C1,0x927EB9E0,12,Ryu,0x0000410C,"Mid, Heavy Hit, A flags 0x00004100",0x00000063,"Damage exception route A, Init/default bit, Common normal-hit bit, Unknown B bits 0x00000020",0x00000000,0x00000000,0x00000000,480,0x0E010009,0x00230100,0x03040004,0x00000000,0x00000000,0x00000000,0x000003E9
2026-07-25T22:18:56Z,369,0x91A6CCB8,P1-C1,0x9246B9C0,5,Yatterman-1,0x0161,yatter wan flame,202,P2-C1,0x927EB9E0,12,Ryu,0x00000009,"Mid, Light Hit",0x00000040,Common normal-hit bit,0x00000000,0x00000000,0x00000000,100,0x0E010009,0x00230100,0x83046000,0x83046000,0x00000000,0x00000000,0x000003E9
2026-07-25T22:18:56Z,369,0x91A6E1FC,P1-C1,0x9246B9C0,5,Yatterman-1,0x0161,yatter wan flame,202,,0x00000000,0,,0x0000010C,"Mid, Heavy Hit, A flags 0x00000100",0x00000063,"Damage exception route A, Init/default bit, Common normal-hit bit, Unknown B bits 0x00000020",0x00000000,0x00000000,0x00000000,480,0x0E010009,0x00230100,0x03040000,0x00000000,0x00000000,0x00000000,0x000003EA
2026-07-25T22:18:56Z,369,0x91A6E1FC,P1-C1,0x9246B9C0,5,Yatterman-1,0x0161,yatter wan flame,204,P2-C1,0x927EB9E0,12,Ryu,0x0000410C,"Mid, Heavy Hit, A flags 0x00004100",0x00000063,"Damage exception route A, Init/default bit, Common normal-hit bit, Unknown B bits 0x00000020",0x00000000,0x00000000,0x00000000,480,0x0E010009,0x00230100,0x03040004,0x00000000,0x00000000,0x00000000,0x000003EA
2026-07-25T22:18:56Z,370,0x91A6E1FC,P1-C1,0x9246B9C0,5,Yatterman-1,0x0161,yatter wan flame,205,P2-C1,0x927EB9E0,12,Ryu,0x00000009,"Mid, Light Hit",0x00000040,Common normal-hit bit,0x00000000,0x00000000,0x00000000,100,0x0E010009,0x00230100,0x83042000,0x83042000,0x00000000,0x00000000,0x000003EA
2026-07-25T22:18:56Z,370,0x91A6E1FC,P1-C1,0x9246B9C0,5,Yatterman-1,0x0161,yatter wan flame,206,P2-C1,0x927EB9E0,12,Ryu,0x00000009,"Mid, Light Hit",0x00000040,Common normal-hit bit,0x00000000,0x00000000,0x00000000,100,0x0E010009,0x00230100,0x83046000,0x83046000,0x00000000,0x00000000,0x000003EA
2026-07-25T22:18:56Z,370,0x91A6F740,P1-C1,0x9246B9C0,5,Yatterman-1,0x0161,yatter wan flame,206,P2-C1,0x927EB9E0,12,Ryu,0x0000410C,"Mid, Heavy Hit, A flags 0x00004100",0x00000063,"Damage exception route A, Init/default bit, Common normal-hit bit, Unknown B bits 0x00000020",0x00000000,0x00000000,0x00000000,480,0x0E010009,0x00230100,0x03040004,0x00000000,0x00000000,0x00000000,0x000003EB
2026-07-25T22:18:56Z,370,0x91A6F740,P1-C1,0x9246B9C0,5,Yatterman-1,0x0161,yatter wan flame,208,P2-C1,0x927EB9E0,12,Ryu,0x00000009,"Mid, Light Hit",0x00000040,Common normal-hit bit,0x00000000,0x00000000,0x00000000,100,0x0E010009,0x00230100,0x83042000,0x83042000,0x00000000,0x00000000,0x000003EB
2026-07-25T22:18:56Z,370,0x91A6F740,P1-C1,0x9246B9C0,5,Yatterman-1,0x0161,yatter wan flame,209,P2-C1,0x927EB9E0,12,Ryu,0x00000009,"Mid, Light Hit",0x00000040,Common normal-hit bit,0x00000000,0x00000000,0x00000000,100,0x0E010009,0x00230100,0x83046000,0x83046000,0x00000000,0x00000000,0x000003EB
2026-07-25T22:18:56Z,370,0x91A70C84,P1-C1,0x9246B9C0,5,Yatterman-1,0x0161,yatter wan flame,209,,0x00000000,0,,0x0000010C,"Mid, Heavy Hit, A flags 0x00000100",0x00000063,"Damage exception route A, Init/default bit, Common normal-hit bit, Unknown B bits 0x00000020",0x00000000,0x00000000,0x00000000,480,0x0E010009,0x00230100,0x03040000,0x00000000,0x00000000,0x00000000,0x000003EC
2026-07-25T22:18:56Z,370,0x91A70C84,P1-C1,0x9246B9C0,5,Yatterman-1,0x0161,yatter wan flame,211,P2-C1,0x927EB9E0,12,Ryu,0x00000009,"Mid, Light Hit",0x00000040,Common normal-hit bit,0x00000000,0x00000000,0x00000000,100,0x0E010009,0x00230100,0x83042000,0x83042000,0x00000000,0x00000000,0x000003EC
2026-07-25T22:18:56Z,370,0x91A70C84,P1-C1,0x9246B9C0,5,Yatterman-1,0x0161,yatter wan flame,212,P2-C1,0x927EB9E0,12,Ryu,0x00000009,"Mid, Light Hit",0x00000040,Common normal-hit bit,0x00000000,0x00000000,0x00000000,100,0x0E010009,0x00230100,0x83046000,0x83046000,0x00000000,0x00000000,0x000003EC
2026-07-25T22:18:56Z,370,0x91A721C8,P1-C1,0x9246B9C0,5,Yatterman-1,0x0161,yatter wan flame,212,,0x00000000,0,,0x0000010C,"Mid, Heavy Hit, A flags 0x00000100",0x00000063,"Damage exception route A, Init/default bit, Common normal-hit bit, Unknown B bits 0x00000020",0x00000000,0x00000000,0x00000000,480,0x0E010009,0x00230100,0x03040000,0x00000000,0x00000000,0x00000000,0x000003ED
2026-07-25T22:18:56Z,370,0x91A721C8,P1-C1,0x9246B9C0,5,Yatterman-1,0x0161,yatter wan flame,212,P2-C1,0x927EB9E0,12,Ryu,0x0000410C,"Mid, Heavy Hit, A flags 0x00004100",0x00000063,"Damage exception route A, Init/default bit, Common normal-hit bit, Unknown B bits 0x00000020",0x00000000,0x00000000,0x00000000,480,0x0E010009,0x00230100,0x03040004,0x00000000,0x00000000,0x00000000,0x000003ED
2026-07-25T22:18:56Z,371,0x91A721C8,P1-C1,0x9246B9C0,5,Yatterman-1,0x0161,yatter wan flame,214,P2-C1,0x927EB9E0,12,Ryu,0x00000009,"Mid, Light Hit",0x00000040,Common normal-hit bit,0x00000000,0x00000000,0x00000000,100,0x0E010009,0x00230100,0x83042000,0x83042000,0x00000000,0x00000000,0x000003ED
2026-07-25T22:18:56Z,371,0x91A721C8,P1-C1,0x9246B9C0,5,Yatterman-1,0x0161,yatter wan flame,215,P2-C1,0x927EB9E0,12,Ryu,0x00000009,"Mid, Light Hit",0x00000040,Common normal-hit bit,0x00000000,0x00000000,0x00000000,100,0x0E010009,0x00230100,0x83046000,0x83046000,0x00000000,0x00000000,0x000003ED
2026-07-25T22:18:56Z,371,0x91A6CCB8,P1-C1,0x9246B9C0,5,Yatterman-1,0x0161,yatter wan flame,215,,0x00000000,0,,0x0000010C,"Mid, Heavy Hit, A flags 0x00000100",0x00000063,"Damage exception route A, Init/default bit, Common normal-hit bit, Unknown B bits 0x00000020",0x00000000,0x00000000,0x00000000,480,0x0E010009,0x00230100,0x03040000,0x00000000,0x00000000,0x00000000,0x000003E9
2026-07-25T22:18:56Z,371,0x91A6E1FC,P1-C1,0x9246B9C0,5,Yatterman-1,0x0161,yatter wan flame,215,P2-C1,0x927EB9E0,12,Ryu,0x00000009,"Mid, Light Hit",0x00000040,Common normal-hit bit,0x00000000,0x00000000,0x00000000,100,0x0E010009,0x00230100,0x83046000,0x00400000,0x00000000,0x00000000,0x000003EA
2026-07-25T22:18:56Z,371,0x91A6CCB8,P1-C1,0x9246B9C0,5,Yatterman-1,0x0161,yatter wan flame,215,P2-C1,0x927EB9E0,12,Ryu,0x0000410C,"Mid, Heavy Hit, A flags 0x00004100",0x00000063,"Damage exception route A, Init/default bit, Common normal-hit bit, Unknown B bits 0x00000020",0x00000000,0x00000000,0x00000000,480,0x0E010009,0x00230100,0x03040004,0x00000000,0x00000000,0x00000000,0x000003E9
2026-07-25T22:18:56Z,371,0x91A6CCB8,P1-C1,0x9246B9C0,5,Yatterman-1,0x0161,yatter wan flame,216,P2-C1,0x927EB9E0,12,Ryu,0x00000009,"Mid, Light Hit",0x00000040,Common normal-hit bit,0x00000000,0x00000000,0x00000000,100,0x0E010009,0x00230100,0x83042000,0x83042000,0x00000000,0x00000000,0x000003E9
2026-07-25T22:18:56Z,371,0x91A6CCB8,P1-C1,0x9246B9C0,5,Yatterman-1,0x0161,yatter wan flame,217,P2-C1,0x927EB9E0,12,Ryu,0x00000009,"Mid, Light Hit",0x00000040,Common normal-hit bit,0x00000000,0x00000000,0x00000000,100,0x0E010009,0x00230100,0x83046000,0x83046000,0x00000000,0x00000000,0x000003E9
2026-07-25T22:18:56Z,371,0x91A6E1FC,P1-C1,0x9246B9C0,5,Yatterman-1,0x0161,yatter wan flame,217,P2-C1,0x927EB9E0,12,Ryu,0x0000410C,"Mid, Heavy Hit, A flags 0x00004100",0x00000063,"Damage exception route A, Init/default bit, Common normal-hit bit, Unknown B bits 0x00000020",0x00000000,0x00000000,0x00000000,480,0x0E010009,0x00230100,0x03040004,0x00000000,0x00000000,0x00000000,0x000003EA
2026-07-25T22:18:56Z,371,0x91A6F740,P1-C1,0x9246B9C0,5,Yatterman-1,0x0161,yatter wan flame,219,P2-C1,0x927EB9E0,12,Ryu,0x00000009,"Mid, Light Hit",0x00000040,Common normal-hit bit,0x00000000,0x00000000,0x00000000,100,0x0E010009,0x00230100,0x83046000,0x00400000,0x00000000,0x00000000,0x000003EB
2026-07-25T22:18:56Z,371,0x91A6E1FC,P1-C1,0x9246B9C0,5,Yatterman-1,0x0161,yatter wan flame,219,P2-C1,0x927EB9E0,12,Ryu,0x00000009,"Mid, Light Hit",0x00000040,Common normal-hit bit,0x00000000,0x00000000,0x00000000,100,0x0E010009,0x00230100,0x83042000,0x83042000,0x00000000,0x00000000,0x000003EA
2026-07-25T22:18:56Z,371,0x91A6E1FC,P1-C1,0x9246B9C0,5,Yatterman-1,0x0161,yatter wan flame,223,P2-C1,0x927EB9E0,12,Ryu,0x00000009,"Mid, Light Hit",0x00000040,Common normal-hit bit,0x00000000,0x00000000,0x00000000,100,0x0E010009,0x00230100,0x83046000,0x83046000,0x00000000,0x00000000,0x000003EA
2026-07-25T22:18:56Z,371,0x91A6F740,P1-C1,0x9246B9C0,5,Yatterman-1,0x0161,yatter wan flame,223,P2-C1,0x927EB9E0,12,Ryu,0x00000009,"Mid, Light Hit",0x00000040,Common normal-hit bit,0x00000000,0x00000000,0x00000000,100,0x0E010009,0x00230100,0x83042000,0x83042000,0x00000000,0x00000000,0x000003EB
2026-07-25T22:18:56Z,371,0x91A6F740,P1-C1,0x9246B9C0,5,Yatterman-1,0x0161,yatter wan flame,224,P2-C1,0x927EB9E0,12,Ryu,0x00000009,"Mid, Light Hit",0x00000040,Common normal-hit bit,0x00000000,0x00000000,0x00000000,100,0x0E010009,0x00230100,0x83046000,0x83046000,0x00000000,0x00000000,0x000003EB
2026-07-25T22:18:56Z,371,0x91A70C84,P1-C1,0x9246B9C0,5,Yatterman-1,0x0161,yatter wan flame,224,,0x00000000,0,,0x0000010C,"Mid, Heavy Hit, A flags 0x00000100",0x00000063,"Damage exception route A, Init/default bit, Common normal-hit bit, Unknown B bits 0x00000020",0x00000000,0x00000000,0x00000000,480,0x0E010009,0x00230100,0x03040000,0x00000000,0x00000000,0x00000000,0x000003EC
2026-07-25T22:18:56Z,371,0x91A721C8,P1-C1,0x9246B9C0,5,Yatterman-1,0x0161,yatter wan flame,225,P2-C1,0x927EB9E0,12,Ryu,0x00000009,"Mid, Light Hit",0x00000040,Common normal-hit bit,0x00000000,0x00000000,0x00000000,100,0x0E010009,0x00230100,0x83046000,0x00400000,0x00000000,0x00000000,0x000003ED
2026-07-25T22:18:56Z,371,0x91A70C84,P1-C1,0x9246B9C0,5,Yatterman-1,0x0161,yatter wan flame,225,P2-C1,0x927EB9E0,12,Ryu,0x0000410C,"Mid, Heavy Hit, A flags 0x00004100",0x00000063,"Damage exception route A, Init/default bit, Common normal-hit bit, Unknown B bits 0x00000020",0x00000000,0x00000000,0x00000000,480,0x0E010009,0x00230100,0x03040004,0x00000000,0x00000000,0x00000000,0x000003EC
2026-07-25T22:18:56Z,371,0x91A70C84,P1-C1,0x9246B9C0,5,Yatterman-1,0x0161,yatter wan flame,225,P2-C1,0x927EB9E0,12,Ryu,0x00000009,"Mid, Light Hit",0x00000040,Common normal-hit bit,0x00000000,0x00000000,0x00000000,100,0x0E010009,0x00230100,0x83042000,0x83042000,0x00000000,0x00000000,0x000003EC
2026-07-25T22:18:56Z,371,0x91A70C84,P1-C1,0x9246B9C0,5,Yatterman-1,0x0161,yatter wan flame,226,P2-C1,0x927EB9E0,12,Ryu,0x00000009,"Mid, Light Hit",0x00000040,Common normal-hit bit,0x00000000,0x00000000,0x00000000,100,0x0E010009,0x00230100,0x83046000,0x83046000,0x00000000,0x00000000,0x000003EC
2026-07-25T22:18:56Z,371,0x91A721C8,P1-C1,0x9246B9C0,5,Yatterman-1,0x0161,yatter wan flame,226,,0x00000000,0,,0x0000010C,"Mid, Heavy Hit, A flags 0x00000100",0x00000063,"Damage exception route A, Init/default bit, Common normal-hit bit, Unknown B bits 0x00000020",0x00000000,0x00000000,0x00000000,480,0x0E010009,0x00230100,0x03040000,0x00000000,0x00000000,0x00000000,0x000003ED
2026-07-25T22:18:56Z,371,0x91A6CCB8,P1-C1,0x9246B9C0,5,Yatterman-1,0x0161,yatter wan flame,228,P2-C1,0x927EB9E0,12,Ryu,0x00000009,"Mid, Light Hit",0x00000040,Common normal-hit bit,0x00000000,0x00000000,0x00000000,100,0x0E010009,0x00230100,0x83046000,0x00400000,0x00000000,0x00000000,0x000003E9
2026-07-25T22:18:56Z,371,0x91A721C8,P1-C1,0x9246B9C0,5,Yatterman-1,0x0161,yatter wan flame,228,P2-C1,0x927EB9E0,12,Ryu,0x0000410C,"Mid, Heavy Hit, A flags 0x00004100",0x00000063,"Damage exception route A, Init/default bit, Common normal-hit bit, Unknown B bits 0x00000020",0x00000000,0x00000000,0x00000000,480,0x0E010009,0x00230100,0x03040004,0x00000000,0x00000000,0x00000000,0x000003ED
2026-07-25T22:18:56Z,372,0x91A721C8,P1-C1,0x9246B9C0,5,Yatterman-1,0x0161,yatter wan flame,229,P2-C1,0x927EB9E0,12,Ryu,0x00000009,"Mid, Light Hit",0x00000040,Common normal-hit bit,0x00000000,0x00000000,0x00000000,100,0x0E010009,0x00230100,0x83042000,0x83042000,0x00000000,0x00000000,0x000003ED
2026-07-25T22:18:56Z,372,0x91A721C8,P1-C1,0x9246B9C0,5,Yatterman-1,0x0161,yatter wan flame,230,P2-C1,0x927EB9E0,12,Ryu,0x00000009,"Mid, Light Hit",0x00000040,Common normal-hit bit,0x00000000,0x00000000,0x00000000,100,0x0E010009,0x00230100,0x83046000,0x83046000,0x00000000,0x00000000,0x000003ED
2026-07-25T22:18:56Z,372,0x91A6CCB8,P1-C1,0x9246B9C0,5,Yatterman-1,0x0161,yatter wan flame,230,,0x00000000,0,,0x0000010C,"Mid, Heavy Hit, A flags 0x00000100",0x00000063,"Damage exception route A, Init/default bit, Common normal-hit bit, Unknown B bits 0x00000020",0x00000000,0x00000000,0x00000000,480,0x0E010009,0x00230100,0x03040000,0x00000000,0x00000000,0x00000000,0x000003E9
2026-07-25T22:18:56Z,372,0x91A6CCB8,P1-C1,0x9246B9C0,5,Yatterman-1,0x0161,yatter wan flame,231,P2-C1,0x927EB9E0,12,Ryu,0x0000410C,"Mid, Heavy Hit, A flags 0x00004100",0x00000063,"Damage exception route A, Init/default bit, Common normal-hit bit, Unknown B bits 0x00000020",0x00000000,0x00000000,0x00000000,480,0x0E010009,0x00230100,0x03040004,0x00000000,0x00000000,0x00000000,0x000003E9
2026-07-25T22:18:56Z,372,0x91A6E1FC,P1-C1,0x9246B9C0,5,Yatterman-1,0x0161,yatter wan flame,231,P2-C1,0x927EB9E0,12,Ryu,0x00000009,"Mid, Light Hit",0x00000040,Common normal-hit bit,0x00000000,0x00000000,0x00000000,100,0x0E010009,0x00230100,0x83046000,0x00400000,0x00000000,0x00000000,0x000003EA
2026-07-25T22:18:56Z,372,0x91A6CCB8,P1-C1,0x9246B9C0,5,Yatterman-1,0x0161,yatter wan flame,232,P2-C1,0x927EB9E0,12,Ryu,0x00000009,"Mid, Light Hit",0x00000040,Common normal-hit bit,0x00000000,0x00000000,0x00000000,100,0x0E010009,0x00230100,0x83042000,0x83042000,0x00000000,0x00000000,0x000003E9
2026-07-25T22:18:56Z,372,0x91A6CCB8,P1-C1,0x9246B9C0,5,Yatterman-1,0x0161,yatter wan flame,232,P2-C1,0x927EB9E0,12,Ryu,0x00000009,"Mid, Light Hit",0x00000040,Common normal-hit bit,0x00000000,0x00000000,0x00000000,100,0x0E010009,0x00230100,0x83046000,0x83046000,0x00000000,0x00000000,0x000003E9
2026-07-25T22:18:56Z,372,0x91A6E1FC,P1-C1,0x9246B9C0,5,Yatterman-1,0x0161,yatter wan flame,232,P2-C1,0x927EB9E0,12,Ryu,0x0000410C,"Mid, Heavy Hit, A flags 0x00004100",0x00000063,"Damage exception route A, Init/default bit, Common normal-hit bit, Unknown B bits 0x00000020",0x00000000,0x00000000,0x00000000,480,0x0E010009,0x00230100,0x03040004,0x00000000,0x00000000,0x00000000,0x000003EA
2026-07-25T22:18:56Z,372,0x91A6E1FC,P1-C1,0x9246B9C0,5,Yatterman-1,0x0161,yatter wan flame,234,P2-C1,0x927EB9E0,12,Ryu,0x00000009,"Mid, Light Hit",0x00000040,Common normal-hit bit,0x00000000,0x00000000,0x00000000,100,0x0E010009,0x00230100,0x83042000,0x83042000,0x00000000,0x00000000,0x000003EA
2026-07-25T22:18:57Z,372,0x91A6E1FC,P1-C1,0x9246B9C0,5,Yatterman-1,0x0161,yatter wan flame,236,P2-C1,0x927EB9E0,12,Ryu,0x00000009,"Mid, Light Hit",0x00000040,Common normal-hit bit,0x00000000,0x00000000,0x00000000,100,0x0E010009,0x00230100,0x83046000,0x83046000,0x00000000,0x00000000,0x000003EA
2026-07-25T22:18:57Z,372,0x91A6F740,P1-C1,0x9246B9C0,5,Yatterman-1,0x0161,yatter wan flame,236,,0x00000000,0,,0x0000010C,"Mid, Heavy Hit, A flags 0x00000100",0x00000063,"Damage exception route A, Init/default bit, Common normal-hit bit, Unknown B bits 0x00000020",0x00000000,0x00000000,0x00000000,480,0x0E010009,0x00230100,0x03040000,0x00000000,0x00000000,0x00000000,0x000003EB
2026-07-25T22:18:57Z,373,0x91A6F740,P1-C1,0x9246B9C0,5,Yatterman-1,0x0161,yatter wan flame,238,P2-C1,0x927EB9E0,12,Ryu,0x00000009,"Mid, Light Hit",0x00000040,Common normal-hit bit,0x00000000,0x00000000,0x00000000,100,0x0E010009,0x00230100,0x83042000,0x83042000,0x00000000,0x00000000,0x000003EB
2026-07-25T22:18:57Z,373,0x91A6F740,P1-C1,0x9246B9C0,5,Yatterman-1,0x0161,yatter wan flame,239,P2-C1,0x927EB9E0,12,Ryu,0x00000009,"Mid, Light Hit",0x00000040,Common normal-hit bit,0x00000000,0x00000000,0x00000000,100,0x0E010009,0x00230100,0x83046000,0x83046000,0x00000000,0x00000000,0x000003EB
2026-07-25T22:18:57Z,373,0x91A70C84,P1-C1,0x9246B9C0,5,Yatterman-1,0x0161,yatter wan flame,239,,0x00000000,0,,0x0000010C,"Mid, Heavy Hit, A flags 0x00000100",0x00000063,"Damage exception route A, Init/default bit, Common normal-hit bit, Unknown B bits 0x00000020",0x00000000,0x00000000,0x00000000,480,0x0E010009,0x00230100,0x03040000,0x00000000,0x00000000,0x00000000,0x000003EC
2026-07-25T22:18:57Z,373,0x91A70C84,P1-C1,0x9246B9C0,5,Yatterman-1,0x0161,yatter wan flame,241,P2-C1,0x927EB9E0,12,Ryu,0x00000009,"Mid, Light Hit",0x00000040,Common normal-hit bit,0x00000000,0x00000000,0x00000000,100,0x0E010009,0x00230100,0x83042000,0x83042000,0x00000000,0x00000000,0x000003EC
2026-07-25T22:18:57Z,373,0x91A70C84,P1-C1,0x9246B9C0,5,Yatterman-1,0x0161,yatter wan flame,242,P2-C1,0x927EB9E0,12,Ryu,0x00000009,"Mid, Light Hit",0x00000040,Common normal-hit bit,0x00000000,0x00000000,0x00000000,100,0x0E010009,0x00230100,0x83046000,0x83046000,0x00000000,0x00000000,0x000003EC
2026-07-25T22:18:57Z,373,0x91A721C8,P1-C1,0x9246B9C0,5,Yatterman-1,0x0161,yatter wan flame,242,,0x00000000,0,,0x0000010C,"Mid, Heavy Hit, A flags 0x00000100",0x00000063,"Damage exception route A, Init/default bit, Common normal-hit bit, Unknown B bits 0x00000020",0x00000000,0x00000000,0x00000000,480,0x0E010009,0x00230100,0x03040000,0x00000000,0x00000000,0x00000000,0x000003ED
2026-07-25T22:18:57Z,374,0x91A6CCB8,P1-C1,0x9246B9C0,5,Yatterman-1,0x0161,yatter wan flame,243,P2-C1,0x927EB9E0,12,Ryu,0x00000009,"Mid, Light Hit",0x00000040,Common normal-hit bit,0x00000000,0x00000000,0x00000000,100,0x0E010009,0x00230100,0x83046000,0x00400000,0x00000000,0x00000000,0x000003E9
2026-07-25T22:18:57Z,374,0x91A721C8,P1-C1,0x9246B9C0,5,Yatterman-1,0x0161,yatter wan flame,243,P2-C1,0x927EB9E0,12,Ryu,0x00000009,"Mid, Light Hit",0x00000040,Common normal-hit bit,0x00000000,0x00000000,0x00000000,100,0x0E010009,0x00230100,0x83042000,0x83042000,0x00000000,0x00000000,0x000003ED
2026-07-25T22:18:57Z,374,0x91A721C8,P1-C1,0x9246B9C0,5,Yatterman-1,0x0161,yatter wan flame,244,P2-C1,0x927EB9E0,12,Ryu,0x00000009,"Mid, Light Hit",0x00000040,Common normal-hit bit,0x00000000,0x00000000,0x00000000,100,0x0E010009,0x00230100,0x83046000,0x83046000,0x00000000,0x00000000,0x000003ED
2026-07-25T22:18:57Z,374,0x91A6CCB8,P1-C1,0x9246B9C0,5,Yatterman-1,0x0161,yatter wan flame,244,,0x00000000,0,,0x0000010C,"Mid, Heavy Hit, A flags 0x00000100",0x00000063,"Damage exception route A, Init/default bit, Common normal-hit bit, Unknown B bits 0x00000020",0x00000000,0x00000000,0x00000000,480,0x0E010009,0x00230100,0x03040000,0x00000000,0x00000000,0x00000000,0x000003E9
2026-07-25T22:18:57Z,374,0x91A6CCB8,P1-C1,0x9246B9C0,5,Yatterman-1,0x0161,yatter wan flame,247,P2-C1,0x927EB9E0,12,Ryu,0x00000009,"Mid, Light Hit",0x00000040,Common normal-hit bit,0x00000000,0x00000000,0x00000000,100,0x0E010009,0x00230100,0x83042000,0x83042000,0x00000000,0x00000000,0x000003E9
2026-07-25T22:18:57Z,374,0x91A6CCB8,P1-C1,0x9246B9C0,5,Yatterman-1,0x0161,yatter wan flame,248,P2-C1,0x927EB9E0,12,Ryu,0x00000009,"Mid, Light Hit",0x00000040,Common normal-hit bit,0x00000000,0x00000000,0x00000000,100,0x0E010009,0x00230100,0x83046000,0x83046000,0x00000000,0x00000000,0x000003E9
2026-07-25T22:18:57Z,374,0x91A6E1FC,P1-C1,0x9246B9C0,5,Yatterman-1,0x0161,yatter wan flame,248,,0x00000000,0,,0x0000010C,"Mid, Heavy Hit, A flags 0x00000100",0x00000063,"Damage exception route A, Init/default bit, Common normal-hit bit, Unknown B bits 0x00000020",0x00000000,0x00000000,0x00000000,480,0x0E010009,0x00230100,0x03040000,0x00000000,0x00000000,0x00000000,0x000003EA
2026-07-25T22:18:57Z,375,0x91A6F740,P1-C1,0x9246B9C0,5,Yatterman-1,0x0161,yatter wan flame,249,P2-C1,0x927EB9E0,12,Ryu,0x00000009,"Mid, Light Hit",0x00000040,Common normal-hit bit,0x00000000,0x00000000,0x00000000,100,0x0E010009,0x00230100,0x83046000,0x00400000,0x00000000,0x00000000,0x000003EB
2026-07-25T22:18:57Z,375,0x91A6E1FC,P1-C1,0x9246B9C0,5,Yatterman-1,0x0161,yatter wan flame,249,P2-C1,0x927EB9E0,12,Ryu,0x0000410C,"Mid, Heavy Hit, A flags 0x00004100",0x00000063,"Damage exception route A, Init/default bit, Common normal-hit bit, Unknown B bits 0x00000020",0x00000000,0x00000000,0x00000000,480,0x0E010009,0x00230100,0x03040004,0x00000000,0x00000000,0x00000000,0x000003EA
2026-07-25T22:18:57Z,375,0x91A6F740,P1-C1,0x9246B9C0,5,Yatterman-1,0x0161,yatter wan flame,250,P2-C1,0x927EB9E0,12,Ryu,0x00000009,"Mid, Light Hit",0x00000040,Common normal-hit bit,0x00000000,0x00000000,0x00000000,100,0x00000000,0x00230100,0x83046000,0x00400000,0x00000000,0x00000000,0x000003EB
2026-07-25T22:18:57Z,375,0x91A6E1FC,P1-C1,0x9246B9C0,5,Yatterman-1,0x0161,yatter wan flame,250,P2-C1,0x927EB9E0,12,Ryu,0x00000009,"Mid, Light Hit",0x00000040,Common normal-hit bit,0x00000000,0x00000000,0x00000000,100,0x0E010009,0x00230100,0x83042000,0x83042000,0x00000000,0x00000000,0x000003EA
2026-07-25T22:18:57Z,375,0x91A6E1FC,P1-C1,0x9246B9C0,5,Yatterman-1,0x0161,yatter wan flame,251,P2-C1,0x927EB9E0,12,Ryu,0x00000009,"Mid, Light Hit",0x00000040,Common normal-hit bit,0x00000000,0x00000000,0x00000000,100,0x0E010009,0x00230100,0x83046000,0x83046000,0x00000000,0x00000000,0x000003EA
2026-07-25T22:18:57Z,375,0x91A6F740,P1-C1,0x9246B9C0,5,Yatterman-1,0x0161,yatter wan flame,251,,0x00000000,0,,0x0000010C,"Mid, Heavy Hit, A flags 0x00000100",0x00000063,"Damage exception route A, Init/default bit, Common normal-hit bit, Unknown B bits 0x00000020",0x00000000,0x00000000,0x00000000,480,0x0E010009,0x00230100,0x03040000,0x00000000,0x00000000,0x00000000,0x000003EB
2026-07-25T22:18:57Z,375,0x91A6F740,P1-C1,0x9246B9C0,5,Yatterman-1,0x0161,yatter wan flame,252,P2-C1,0x927EB9E0,12,Ryu,0x0000410C,"Mid, Heavy Hit, A flags 0x00004100",0x00000063,"Damage exception route A, Init/default bit, Common normal-hit bit, Unknown B bits 0x00000020",0x00000000,0x00000000,0x00000000,480,0x0E010009,0x00230100,0x03040004,0x00000000,0x00000000,0x00000000,0x000003EB
2026-07-25T22:18:57Z,375,0x91A70C84,P1-C1,0x9246B9C0,5,Yatterman-1,0x0161,yatter wan flame,252,P2-C1,0x927EB9E0,12,Ryu,0x00000009,"Mid, Light Hit",0x00000040,Common normal-hit bit,0x00000000,0x00000000,0x00000000,100,0x0E010009,0x00230100,0x83046000,0x00400000,0x00000000,0x00000000,0x000003EC
2026-07-25T22:18:57Z,375,0x91A6F740,P1-C1,0x9246B9C0,5,Yatterman-1,0x0161,yatter wan flame,252,P2-C1,0x927EB9E0,12,Ryu,0x00000009,"Mid, Light Hit",0x00000040,Common normal-hit bit,0x00000000,0x00000000,0x00000000,100,0x0E010009,0x00230100,0x83046000,0x83046000,0x00000000,0x00000000,0x000003EB
2026-07-25T22:18:57Z,375,0x91A70C84,P1-C1,0x9246B9C0,5,Yatterman-1,0x0161,yatter wan flame,254,,0x00000000,0,,0x0000010C,"Mid, Heavy Hit, A flags 0x00000100",0x00000063,"Damage exception route A, Init/default bit, Common normal-hit bit, Unknown B bits 0x00000020",0x00000000,0x00000000,0x00000000,480,0x0E010009,0x00230100,0x03040000,0x00000000,0x00000000,0x00000000,0x000003EC
2026-07-25T22:18:57Z,375,0x91A721C8,P1-C1,0x9246B9C0,5,Yatterman-1,0x0161,yatter wan flame,255,P2-C1,0x927EB9E0,12,Ryu,0x00000009,"Mid, Light Hit",0x00000040,Common normal-hit bit,0x00000000,0x00000000,0x00000000,100,0x0E010009,0x00230100,0x83046000,0x00400000,0x00000000,0x00000000,0x000003ED
2026-07-25T22:18:57Z,375,0x91A70C84,P1-C1,0x9246B9C0,5,Yatterman-1,0x0161,yatter wan flame,255,P2-C1,0x927EB9E0,12,Ryu,0x0000410C,"Mid, Heavy Hit, A flags 0x00004100",0x00000063,"Damage exception route A, Init/default bit, Common normal-hit bit, Unknown B bits 0x00000020",0x00000000,0x00000000,0x00000000,480,0x0E010009,0x00230100,0x03040004,0x00000000,0x00000000,0x00000000,0x000003EC
2026-07-25T22:18:57Z,376,0x91A70C84,P1-C1,0x9246B9C0,5,Yatterman-1,0x0161,yatter wan flame,255,P2-C1,0x927EB9E0,12,Ryu,0x00000009,"Mid, Light Hit",0x00000040,Common normal-hit bit,0x00000000,0x00000000,0x00000000,100,0x0E010009,0x00230100,0x83046000,0x83046000,0x00000000,0x00000000,0x000003EC
2026-07-25T22:18:57Z,376,0x91A6CCB8,P1-C1,0x9246B9C0,5,Yatterman-1,0x0161,yatter wan flame,258,P2-C1,0x927EB9E0,12,Ryu,0x00000009,"Mid, Light Hit",0x00000040,Common normal-hit bit,0x00000000,0x00000000,0x00000000,100,0x0E010009,0x00230100,0x83046000,0x00400000,0x00000000,0x00000000,0x000003E9
2026-07-25T22:18:57Z,376,0x91A721C8,P1-C1,0x9246B9C0,5,Yatterman-1,0x0161,yatter wan flame,258,P2-C1,0x927EB9E0,12,Ryu,0x0000410C,"Mid, Heavy Hit, A flags 0x00004100",0x00000063,"Damage exception route A, Init/default bit, Common normal-hit bit, Unknown B bits 0x00000020",0x00000000,0x00000000,0x00000000,480,0x0E010009,0x00230100,0x03040004,0x00000000,0x00000000,0x00000000,0x000003ED
2026-07-25T22:18:57Z,376,0x91A721C8,P1-C1,0x9246B9C0,5,Yatterman-1,0x0161,yatter wan flame,259,P2-C1,0x927EB9E0,12,Ryu,0x00000009,"Mid, Light Hit",0x00000040,Common normal-hit bit,0x00000000,0x00000000,0x00000000,100,0x0E010009,0x00230100,0x83046000,0x83046000,0x00000000,0x00000000,0x000003ED
2026-07-25T22:18:57Z,376,0x91A6CCB8,P1-C1,0x9246B9C0,5,Yatterman-1,0x0161,yatter wan flame,259,,0x00000000,0,,0x0000010C,"Mid, Heavy Hit, A flags 0x00000100",0x00000063,"Damage exception route A, Init/default bit, Common normal-hit bit, Unknown B bits 0x00000020",0x00000000,0x00000000,0x00000000,480,0x0E010009,0x00230100,0x03040000,0x00000000,0x00000000,0x00000000,0x000003E9
2026-07-25T22:18:57Z,376,0x91A6CCB8,P1-C1,0x9246B9C0,5,Yatterman-1,0x0161,yatter wan flame,260,P2-C1,0x927EB9E0,12,Ryu,0x0000410C,"Mid, Heavy Hit, A flags 0x00004100",0x00000063,"Damage exception route A, Init/default bit, Common normal-hit bit, Unknown B bits 0x00000020",0x00000000,0x00000000,0x00000000,480,0x0E010009,0x00230100,0x03040004,0x00000000,0x00000000,0x00000000,0x000003E9
2026-07-25T22:18:57Z,376,0x91A6E1FC,P1-C1,0x9246B9C0,5,Yatterman-1,0x0161,yatter wan flame,261,P2-C1,0x927EB9E0,12,Ryu,0x00000009,"Mid, Light Hit",0x00000040,Common normal-hit bit,0x00000000,0x00000000,0x00000000,100,0x0E010009,0x00230100,0x83046000,0x00400000,0x00000000,0x00000000,0x000003EA
2026-07-25T22:18:57Z,376,0x91A6CCB8,P1-C1,0x9246B9C0,5,Yatterman-1,0x0161,yatter wan flame,262,P2-C1,0x927EB9E0,12,Ryu,0x00000009,"Mid, Light Hit",0x00000040,Common normal-hit bit,0x00000000,0x00000000,0x00000000,100,0x0E010009,0x00230100,0x83042000,0x83042000,0x00000000,0x00000000,0x000003E9
2026-07-25T22:18:57Z,377,0x91A6CCB8,P1-C1,0x9246B9C0,5,Yatterman-1,0x0161,yatter wan flame,262,P2-C1,0x927EB9E0,12,Ryu,0x00000009,"Mid, Light Hit",0x00000040,Common normal-hit bit,0x00000000,0x00000000,0x00000000,100,0x0E010009,0x00230100,0x83046000,0x83046000,0x00000000,0x00000000,0x000003E9
2026-07-25T22:18:57Z,377,0x91A6E1FC,P1-C1,0x9246B9C0,5,Yatterman-1,0x0161,yatter wan flame,262,,0x00000000,0,,0x0000010C,"Mid, Heavy Hit, A flags 0x00000100",0x00000063,"Damage exception route A, Init/default bit, Common normal-hit bit, Unknown B bits 0x00000020",0x00000000,0x00000000,0x00000000,480,0x0E010009,0x00230100,0x03040000,0x00000000,0x00000000,0x00000000,0x000003EA
2026-07-25T22:18:57Z,377,0x91A6F740,P1-C1,0x9246B9C0,5,Yatterman-1,0x0161,yatter wan flame,264,P2-C1,0x927EB9E0,12,Ryu,0x00000009,"Mid, Light Hit",0x00000040,Common normal-hit bit,0x00000000,0x00000000,0x00000000,100,0x0E010009,0x00230100,0x83046000,0x00400000,0x00000000,0x00000000,0x000003EB
2026-07-25T22:18:57Z,377,0x91A6E1FC,P1-C1,0x9246B9C0,5,Yatterman-1,0x0161,yatter wan flame,264,P2-C1,0x927EB9E0,12,Ryu,0x0000410C,"Mid, Heavy Hit, A flags 0x00004100",0x00000063,"Damage exception route A, Init/default bit, Common normal-hit bit, Unknown B bits 0x00000020",0x00000000,0x00000000,0x00000000,480,0x0E010009,0x00230100,0x03040004,0x00000000,0x00000000,0x00000000,0x000003EA
2026-07-25T22:18:57Z,377,0x91A6E1FC,P1-C1,0x9246B9C0,5,Yatterman-1,0x0161,yatter wan flame,265,P2-C1,0x927EB9E0,12,Ryu,0x00000009,"Mid, Light Hit",0x00000040,Common normal-hit bit,0x00000000,0x00000000,0x00000000,100,0x0E010009,0x00230100,0x83042000,0x83042000,0x00000000,0x00000000,0x000003EA
2026-07-25T22:18:57Z,377,0x91A6E1FC,P1-C1,0x9246B9C0,5,Yatterman-1,0x0161,yatter wan flame,266,P2-C1,0x927EB9E0,12,Ryu,0x00000009,"Mid, Light Hit",0x00000040,Common normal-hit bit,0x00000000,0x00000000,0x00000000,100,0x0E010009,0x00230100,0x83046000,0x83046000,0x00000000,0x00000000,0x000003EA
2026-07-25T22:18:57Z,377,0x91A6F740,P1-C1,0x9246B9C0,5,Yatterman-1,0x0161,yatter wan flame,266,,0x00000000,0,,0x0000010C,"Mid, Heavy Hit, A flags 0x00000100",0x00000063,"Damage exception route A, Init/default bit, Common normal-hit bit, Unknown B bits 0x00000020",0x00000000,0x00000000,0x00000000,480,0x0E010009,0x00230100,0x03040000,0x00000000,0x00000000,0x00000000,0x000003EB
2026-07-25T22:18:57Z,377,0x91A6F740,P1-C1,0x9246B9C0,5,Yatterman-1,0x0161,yatter wan flame,266,P2-C1,0x927EB9E0,12,Ryu,0x0000410C,"Mid, Heavy Hit, A flags 0x00004100",0x00000063,"Damage exception route A, Init/default bit, Common normal-hit bit, Unknown B bits 0x00000020",0x00000000,0x00000000,0x00000000,480,0x0E010009,0x00230100,0x03040004,0x00000000,0x00000000,0x00000000,0x000003EB
2026-07-25T22:18:57Z,377,0x91A721C8,P1-C1,0x9246B9C0,5,Yatterman-1,0x0161,yatter wan flame,269,P2-C1,0x927EB9E0,12,Ryu,0x00000009,"Mid, Light Hit",0x00000040,Common normal-hit bit,0x00000000,0x00000000,0x00000000,100,0x0E010009,0x00230100,0x83046000,0x00400000,0x00000000,0x00000000,0x000003ED
2026-07-25T22:18:57Z,377,0x91A6F740,P1-C1,0x9246B9C0,5,Yatterman-1,0x0161,yatter wan flame,269,P2-C1,0x927EB9E0,12,Ryu,0x00000009,"Mid, Light Hit",0x00000040,Common normal-hit bit,0x00000000,0x00000000,0x00000000,100,0x0E010009,0x00230100,0x83046000,0x83046000,0x00000000,0x00000000,0x000003EB
2026-07-25T22:18:57Z,377,0x91A70C84,P1-C1,0x9246B9C0,5,Yatterman-1,0x0161,yatter wan flame,269,P2-C1,0x927EB9E0,12,Ryu,0x0000410C,"Mid, Heavy Hit, A flags 0x00004100",0x00000063,"Damage exception route A, Init/default bit, Common normal-hit bit, Unknown B bits 0x00000020",0x00000000,0x00000000,0x00000000,480,0x0E010009,0x00230100,0x03040004,0x00000000,0x00000000,0x00000000,0x000003EC
2026-07-25T22:18:57Z,377,0x91A721C8,P1-C1,0x9246B9C0,5,Yatterman-1,0x0161,yatter wan flame,271,P2-C1,0x927EB9E0,12,Ryu,0x00000009,"Mid, Light Hit",0x00000040,Common normal-hit bit,0x00000000,0x00000000,0x00000000,100,0x00000000,0x00230100,0x83046000,0x00400000,0x00000000,0x00000000,0x000003ED
2026-07-25T22:18:57Z,377,0x91A70C84,P1-C1,0x9246B9C0,5,Yatterman-1,0x0161,yatter wan flame,271,P2-C1,0x927EB9E0,12,Ryu,0x00000009,"Mid, Light Hit",0x00000040,Common normal-hit bit,0x00000000,0x00000000,0x00000000,100,0x0E010009,0x00230100,0x83042000,0x83042000,0x00000000,0x00000000,0x000003EC
2026-07-25T22:18:57Z,377,0x91A70C84,P1-C1,0x9246B9C0,5,Yatterman-1,0x0161,yatter wan flame,271,P2-C1,0x927EB9E0,12,Ryu,0x00000009,"Mid, Light Hit",0x00000040,Common normal-hit bit,0x00000000,0x00000000,0x00000000,100,0x0E010009,0x00230100,0x83046000,0x83046000,0x00000000,0x00000000,0x000003EC
2026-07-25T22:18:57Z,377,0x91A721C8,P1-C1,0x9246B9C0,5,Yatterman-1,0x0161,yatter wan flame,271,,0x00000000,0,,0x0000010C,"Mid, Heavy Hit, A flags 0x00000100",0x00000063,"Damage exception route A, Init/default bit, Common normal-hit bit, Unknown B bits 0x00000020",0x00000000,0x00000000,0x00000000,480,0x0E010009,0x00230100,0x03040000,0x00000000,0x00000000,0x00000000,0x000003ED
2026-07-25T22:18:57Z,377,0x91A6CCB8,P1-C1,0x9246B9C0,5,Yatterman-1,0x0161,yatter wan flame,273,P2-C1,0x927EB9E0,12,Ryu,0x00000009,"Mid, Light Hit",0x00000040,Common normal-hit bit,0x00000000,0x00000000,0x00000000,100,0x0E010009,0x00230100,0x83046000,0x00400000,0x00000000,0x00000000,0x000003E9
2026-07-25T22:18:57Z,377,0x91A721C8,P1-C1,0x9246B9C0,5,Yatterman-1,0x0161,yatter wan flame,273,P2-C1,0x927EB9E0,12,Ryu,0x0000410C,"Mid, Heavy Hit, A flags 0x00004100",0x00000063,"Damage exception route A, Init/default bit, Common normal-hit bit, Unknown B bits 0x00000020",0x00000000,0x00000000,0x00000000,480,0x0E010009,0x00230100,0x03040004,0x00000000,0x00000000,0x00000000,0x000003ED
2026-07-25T22:18:57Z,377,0x91A721C8,P1-C1,0x9246B9C0,5,Yatterman-1,0x0161,yatter wan flame,274,P2-C1,0x927EB9E0,12,Ryu,0x00000009,"Mid, Light Hit",0x00000040,Common normal-hit bit,0x00000000,0x00000000,0x00000000,100,0x0E010009,0x00230100,0x83042000,0x83042000,0x00000000,0x00000000,0x000003ED
2026-07-25T22:18:57Z,378,0x91A721C8,P1-C1,0x9246B9C0,5,Yatterman-1,0x0161,yatter wan flame,275,P2-C1,0x927EB9E0,12,Ryu,0x00000009,"Mid, Light Hit",0x00000040,Common normal-hit bit,0x00000000,0x00000000,0x00000000,100,0x0E010009,0x00230100,0x83046000,0x83046000,0x00000000,0x00000000,0x000003ED
2026-07-25T22:18:57Z,378,0x91A6CCB8,P1-C1,0x9246B9C0,5,Yatterman-1,0x0161,yatter wan flame,275,,0x00000000,0,,0x0000010C,"Mid, Heavy Hit, A flags 0x00000100",0x00000063,"Damage exception route A, Init/default bit, Common normal-hit bit, Unknown B bits 0x00000020",0x00000000,0x00000000,0x00000000,480,0x0E010009,0x00230100,0x03040000,0x00000000,0x00000000,0x00000000,0x000003E9
2026-07-25T22:18:57Z,378,0x91A6CCB8,P1-C1,0x9246B9C0,5,Yatterman-1,0x0161,yatter wan flame,275,P2-C1,0x927EB9E0,12,Ryu,0x0000410C,"Mid, Heavy Hit, A flags 0x00004100",0x00000063,"Damage exception route A, Init/default bit, Common normal-hit bit, Unknown B bits 0x00000020",0x00000000,0x00000000,0x00000000,480,0x0E010009,0x00230100,0x03040004,0x00000000,0x00000000,0x00000000,0x000003E9
2026-07-25T22:18:57Z,378,0x91A6E1FC,P1-C1,0x9246B9C0,5,Yatterman-1,0x0161,yatter wan flame,276,P2-C1,0x927EB9E0,12,Ryu,0x00000009,"Mid, Light Hit",0x00000040,Common normal-hit bit,0x00000000,0x00000000,0x00000000,100,0x0E010009,0x00230100,0x83046000,0x00400000,0x00000000,0x00000000,0x000003EA
2026-07-25T22:18:57Z,378,0x91A6CCB8,P1-C1,0x9246B9C0,5,Yatterman-1,0x0161,yatter wan flame,277,P2-C1,0x927EB9E0,12,Ryu,0x00000009,"Mid, Light Hit",0x00000040,Common normal-hit bit,0x00000000,0x00000000,0x00000000,100,0x0E010009,0x00230100,0x83046000,0x83046000,0x00000000,0x00000000,0x000003E9
2026-07-25T22:18:57Z,378,0x91A6E1FC,P1-C1,0x9246B9C0,5,Yatterman-1,0x0161,yatter wan flame,277,,0x00000000,0,,0x0000010C,"Mid, Heavy Hit, A flags 0x00000100",0x00000063,"Damage exception route A, Init/default bit, Common normal-hit bit, Unknown B bits 0x00000020",0x00000000,0x00000000,0x00000000,480,0x0E010009,0x00230100,0x03040000,0x00000000,0x00000000,0x00000000,0x000003EA
2026-07-25T22:18:57Z,378,0x91A6E1FC,P1-C1,0x9246B9C0,5,Yatterman-1,0x0161,yatter wan flame,278,P2-C1,0x927EB9E0,12,Ryu,0x0000410C,"Mid, Heavy Hit, A flags 0x00004100",0x00000063,"Damage exception route A, Init/default bit, Common normal-hit bit, Unknown B bits 0x00000020",0x00000000,0x00000000,0x00000000,480,0x0E010009,0x00230100,0x03040004,0x00000000,0x00000000,0x00000000,0x000003EA
2026-07-25T22:18:57Z,378,0x91A6F740,P1-C1,0x9246B9C0,5,Yatterman-1,0x0161,yatter wan flame,279,P2-C1,0x927EB9E0,12,Ryu,0x00000009,"Mid, Light Hit",0x00000040,Common normal-hit bit,0x00000000,0x00000000,0x00000000,100,0x0E010009,0x00230100,0x83046000,0x00400000,0x00000000,0x00000000,0x000003EB
2026-07-25T22:18:57Z,378,0x91A6F740,P1-C1,0x9246B9C0,5,Yatterman-1,0x0161,yatter wan flame,280,P2-C1,0x927EB9E0,12,Ryu,0x00000009,"Mid, Light Hit",0x00000040,Common normal-hit bit,0x00000000,0x00000000,0x00000000,100,0x00000000,0x00230100,0x83046000,0x00400000,0x00000000,0x00000000,0x000003EB
2026-07-25T22:18:57Z,378,0x91A6E1FC,P1-C1,0x9246B9C0,5,Yatterman-1,0x0161,yatter wan flame,280,P2-C1,0x927EB9E0,12,Ryu,0x00000009,"Mid, Light Hit",0x00000040,Common normal-hit bit,0x00000000,0x00000000,0x00000000,100,0x0E010009,0x00230100,0x83042000,0x83042000,0x00000000,0x00000000,0x000003EA
2026-07-25T22:18:57Z,378,0x91A70C84,P1-C1,0x9246B9C0,5,Yatterman-1,0x0161,yatter wan flame,282,P2-C1,0x927EB9E0,12,Ryu,0x00000009,"Mid, Light Hit",0x00000040,Common normal-hit bit,0x00000000,0x00000000,0x00000000,100,0x0E010009,0x00230100,0x83046000,0x00400000,0x00000000,0x00000000,0x000003EC
2026-07-25T22:18:57Z,378,0x91A6E1FC,P1-C1,0x9246B9C0,5,Yatterman-1,0x0161,yatter wan flame,282,P2-C1,0x927EB9E0,12,Ryu,0x00000009,"Mid, Light Hit",0x00000040,Common normal-hit bit,0x00000000,0x00000000,0x00000000,100,0x0E010009,0x00230100,0x83046000,0x83046000,0x00000000,0x00000000,0x000003EA
2026-07-25T22:18:57Z,378,0x91A6F740,P1-C1,0x9246B9C0,5,Yatterman-1,0x0161,yatter wan flame,282,P2-C1,0x927EB9E0,12,Ryu,0x0000410C,"Mid, Heavy Hit, A flags 0x00004100",0x00000063,"Damage exception route A, Init/default bit, Common normal-hit bit, Unknown B bits 0x00000020",0x00000000,0x00000000,0x00000000,480,0x0E010009,0x00230100,0x03040004,0x00000000,0x00000000,0x00000000,0x000003EB
2026-07-25T22:18:57Z,378,0x91A6F740,P1-C1,0x9246B9C0,5,Yatterman-1,0x0161,yatter wan flame,283,P2-C1,0x927EB9E0,12,Ryu,0x00000009,"Mid, Light Hit",0x00000040,Common normal-hit bit,0x00000000,0x00000000,0x00000000,100,0x0E010009,0x00230100,0x83042000,0x83042000,0x00000000,0x00000000,0x000003EB
2026-07-25T22:18:57Z,378,0x91A6F740,P1-C1,0x9246B9C0,5,Yatterman-1,0x0161,yatter wan flame,284,P2-C1,0x927EB9E0,12,Ryu,0x00000009,"Mid, Light Hit",0x00000040,Common normal-hit bit,0x00000000,0x00000000,0x00000000,100,0x0E010009,0x00230100,0x83046000,0x83046000,0x00000000,0x00000000,0x000003EB
2026-07-25T22:18:57Z,379,0x91A70C84,P1-C1,0x9246B9C0,5,Yatterman-1,0x0161,yatter wan flame,284,,0x00000000,0,,0x0000010C,"Mid, Heavy Hit, A flags 0x00000100",0x00000063,"Damage exception route A, Init/default bit, Common normal-hit bit, Unknown B bits 0x00000020",0x00000000,0x00000000,0x00000000,480,0x0E010009,0x00230100,0x03040000,0x00000000,0x00000000,0x00000000,0x000003EC
2026-07-25T22:18:57Z,379,0x91A721C8,P1-C1,0x9246B9C0,5,Yatterman-1,0x0161,yatter wan flame,285,P2-C1,0x927EB9E0,12,Ryu,0x00000009,"Mid, Light Hit",0x00000040,Common normal-hit bit,0x00000000,0x00000000,0x00000000,100,0x0E010009,0x00230100,0x83046000,0x00400000,0x00000000,0x00000000,0x000003ED
2026-07-25T22:18:57Z,379,0x91A70C84,P1-C1,0x9246B9C0,5,Yatterman-1,0x0161,yatter wan flame,285,P2-C1,0x927EB9E0,12,Ryu,0x0000410C,"Mid, Heavy Hit, A flags 0x00004100",0x00000063,"Damage exception route A, Init/default bit, Common normal-hit bit, Unknown B bits 0x00000020",0x00000000,0x00000000,0x00000000,480,0x0E010009,0x00230100,0x03040004,0x00000000,0x00000000,0x00000000,0x000003EC
2026-07-25T22:18:57Z,379,0x91A721C8,P1-C1,0x9246B9C0,5,Yatterman-1,0x0161,yatter wan flame,285,P2-C1,0x927EB9E0,12,Ryu,0x00000009,"Mid, Light Hit",0x00000040,Common normal-hit bit,0x00000000,0x00000000,0x00000000,100,0x00000000,0x00230100,0x83046000,0x00400000,0x00000000,0x00000000,0x000003ED
2026-07-25T22:18:57Z,379,0x91A70C84,P1-C1,0x9246B9C0,5,Yatterman-1,0x0161,yatter wan flame,285,P2-C1,0x927EB9E0,12,Ryu,0x00000009,"Mid, Light Hit",0x00000040,Common normal-hit bit,0x00000000,0x00000000,0x00000000,100,0x0E010009,0x00230100,0x83042000,0x83042000,0x00000000,0x00000000,0x000003EC
2026-07-25T22:18:57Z,379,0x91A70C84,P1-C1,0x9246B9C0,5,Yatterman-1,0x0161,yatter wan flame,287,P2-C1,0x927EB9E0,12,Ryu,0x00000009,"Mid, Light Hit",0x00000040,Common normal-hit bit,0x00000000,0x00000000,0x00000000,100,0x0E010009,0x00230100,0x83046000,0x83046000,0x00000000,0x00000000,0x000003EC
2026-07-25T22:18:57Z,379,0x91A721C8,P1-C1,0x9246B9C0,5,Yatterman-1,0x0161,yatter wan flame,287,,0x00000000,0,,0x0000010C,"Mid, Heavy Hit, A flags 0x00000100",0x00000063,"Damage exception route A, Init/default bit, Common normal-hit bit, Unknown B bits 0x00000020",0x00000000,0x00000000,0x00000000,480,0x0E010009,0x00230100,0x03040000,0x00000000,0x00000000,0x00000000,0x000003ED
2026-07-25T22:18:57Z,379,0x91A721C8,P1-C1,0x9246B9C0,5,Yatterman-1,0x0161,yatter wan flame,289,P2-C1,0x927EB9E0,12,Ryu,0x00000009,"Mid, Light Hit",0x00000040,Common normal-hit bit,0x00000000,0x00000000,0x00000000,100,0x0E010009,0x00230100,0x83042000,0x83042000,0x00000000,0x00000000,0x000003ED
2026-07-25T22:18:57Z,379,0x91A721C8,P1-C1,0x9246B9C0,5,Yatterman-1,0x0161,yatter wan flame,290,P2-C1,0x927EB9E0,12,Ryu,0x00000009,"Mid, Light Hit",0x00000040,Common normal-hit bit,0x00000000,0x00000000,0x00000000,100,0x0E010009,0x00230100,0x83046000,0x83046000,0x00000000,0x00000000,0x000003ED
2026-07-25T22:18:57Z,379,0x91A6CCB8,P1-C1,0x9246B9C0,5,Yatterman-1,0x0161,yatter wan flame,290,,0x00000000,0,,0x0000010C,"Mid, Heavy Hit, A flags 0x00000100",0x00000063,"Damage exception route A, Init/default bit, Common normal-hit bit, Unknown B bits 0x00000020",0x00000000,0x00000000,0x00000000,480,0x0E010009,0x00230100,0x03040000,0x00000000,0x00000000,0x00000000,0x000003E9
2026-07-25T22:18:57Z,379,0x91A6E1FC,P1-C1,0x9246B9C0,5,Yatterman-1,0x0161,yatter wan flame,291,P2-C1,0x927EB9E0,12,Ryu,0x00000009,"Mid, Light Hit",0x00000040,Common normal-hit bit,0x00000000,0x00000000,0x00000000,100,0x0E010009,0x00230100,0x83046000,0x00400000,0x00000000,0x00000000,0x000003EA
2026-07-25T22:18:57Z,379,0x91A6CCB8,P1-C1,0x9246B9C0,5,Yatterman-1,0x0161,yatter wan flame,291,P2-C1,0x927EB9E0,12,Ryu,0x0000410C,"Mid, Heavy Hit, A flags 0x00004100",0x00000063,"Damage exception route A, Init/default bit, Common normal-hit bit, Unknown B bits 0x00000020",0x00000000,0x00000000,0x00000000,480,0x0E010009,0x00230100,0x03040004,0x00000000,0x00000000,0x00000000,0x000003E9
2026-07-25T22:18:57Z,380,0x91A6CCB8,P1-C1,0x9246B9C0,5,Yatterman-1,0x0161,yatter wan flame,292,P2-C1,0x927EB9E0,12,Ryu,0x00000009,"Mid, Light Hit",0x00000040,Common normal-hit bit,0x00000000,0x00000000,0x00000000,100,0x0E010009,0x00230100,0x83046000,0x83046000,0x00000000,0x00000000,0x000003E9
2026-07-25T22:18:57Z,380,0x91A6E1FC,P1-C1,0x9246B9C0,5,Yatterman-1,0x0161,yatter wan flame,292,,0x00000000,0,,0x0000010C,"Mid, Heavy Hit, A flags 0x00000100",0x00000063,"Damage exception route A, Init/default bit, Common normal-hit bit, Unknown B bits 0x00000020",0x00000000,0x00000000,0x00000000,480,0x0E010009,0x00230100,0x03040000,0x00000000,0x00000000,0x00000000,0x000003EA
2026-07-25T22:18:57Z,380,0x91A6F740,P1-C1,0x9246B9C0,5,Yatterman-1,0x0161,yatter wan flame,294,P2-C1,0x927EB9E0,12,Ryu,0x00000009,"Mid, Light Hit",0x00000040,Common normal-hit bit,0x00000000,0x00000000,0x00000000,100,0x0E010009,0x00230100,0x83046000,0x00400000,0x00000000,0x00000000,0x000003EB
2026-07-25T22:18:57Z,380,0x91A6E1FC,P1-C1,0x9246B9C0,5,Yatterman-1,0x0161,yatter wan flame,294,P2-C1,0x927EB9E0,12,Ryu,0x0000410C,"Mid, Heavy Hit, A flags 0x00004100",0x00000063,"Damage exception route A, Init/default bit, Common normal-hit bit, Unknown B bits 0x00000020",0x00000000,0x00000000,0x00000000,480,0x0E010009,0x00230100,0x03040004,0x00000000,0x00000000,0x00000000,0x000003EA
2026-07-25T22:18:58Z,380,0x91A6E1FC,P1-C1,0x9246B9C0,5,Yatterman-1,0x0161,yatter wan flame,294,P2-C1,0x927EB9E0,12,Ryu,0x00000009,"Mid, Light Hit",0x00000040,Common normal-hit bit,0x00000000,0x00000000,0x00000000,100,0x0E010009,0x00230100,0x83046000,0x83046000,0x00000000,0x00000000,0x000003EA
2026-07-25T22:18:58Z,380,0x91A6F740,P1-C1,0x9246B9C0,5,Yatterman-1,0x0161,yatter wan flame,294,P2-C1,0x927EB9E0,12,Ryu,0x0000410C,"Mid, Heavy Hit, A flags 0x00004100",0x00000063,"Damage exception route A, Init/default bit, Common normal-hit bit, Unknown B bits 0x00000020",0x00000000,0x00000000,0x00000000,480,0x0E010009,0x00230100,0x03040004,0x00000000,0x00000000,0x00000000,0x000003EB
2026-07-25T22:18:58Z,380,0x91A70C84,P1-C1,0x9246B9C0,5,Yatterman-1,0x0161,yatter wan flame,297,P2-C1,0x927EB9E0,12,Ryu,0x00000009,"Mid, Light Hit",0x00000040,Common normal-hit bit,0x00000000,0x00000000,0x00000000,100,0x0E010009,0x00230100,0x83046000,0x00400000,0x00000000,0x00000000,0x000003EC
2026-07-25T22:18:58Z,380,0x91A6F740,P1-C1,0x9246B9C0,5,Yatterman-1,0x0161,yatter wan flame,298,P2-C1,0x927EB9E0,12,Ryu,0x00000009,"Mid, Light Hit",0x00000040,Common normal-hit bit,0x00000000,0x00000000,0x00000000,100,0x0E010009,0x00230100,0x83042000,0x83042000,0x00000000,0x00000000,0x000003EB
2026-07-25T22:18:58Z,380,0x91A6F740,P1-C1,0x9246B9C0,5,Yatterman-1,0x0161,yatter wan flame,299,P2-C1,0x927EB9E0,12,Ryu,0x00000009,"Mid, Light Hit",0x00000040,Common normal-hit bit,0x00000000,0x00000000,0x00000000,100,0x0E010009,0x00230100,0x83046000,0x83046000,0x00000000,0x00000000,0x000003EB
2026-07-25T22:18:58Z,380,0x91A70C84,P1-C1,0x9246B9C0,5,Yatterman-1,0x0161,yatter wan flame,299,,0x00000000,0,,0x0000010C,"Mid, Heavy Hit, A flags 0x00000100",0x00000063,"Damage exception route A, Init/default bit, Common normal-hit bit, Unknown B bits 0x00000020",0x00000000,0x00000000,0x00000000,480,0x0E010009,0x00230100,0x03040000,0x00000000,0x00000000,0x00000000,0x000003EC
2026-07-25T22:18:58Z,381,0x91A721C8,P1-C1,0x9246B9C0,5,Yatterman-1,0x0161,yatter wan flame,300,P2-C1,0x927EB9E0,12,Ryu,0x00000009,"Mid, Light Hit",0x00000040,Common normal-hit bit,0x00000000,0x00000000,0x00000000,100,0x0E010009,0x00230100,0x83046000,0x00400000,0x00000000,0x00000000,0x000003ED
2026-07-25T22:18:58Z,381,0x91A70C84,P1-C1,0x9246B9C0,5,Yatterman-1,0x0161,yatter wan flame,300,P2-C1,0x927EB9E0,12,Ryu,0x0000410C,"Mid, Heavy Hit, A flags 0x00004100",0x00000063,"Damage exception route A, Init/default bit, Common normal-hit bit, Unknown B bits 0x00000020",0x00000000,0x00000000,0x00000000,480,0x0E010009,0x00230100,0x03040004,0x00000000,0x00000000,0x00000000,0x000003EC
2026-07-25T22:18:58Z,381,0x91A70C84,P1-C1,0x9246B9C0,5,Yatterman-1,0x0161,yatter wan flame,300,P2-C1,0x927EB9E0,12,Ryu,0x00000009,"Mid, Light Hit",0x00000040,Common normal-hit bit,0x00000000,0x00000000,0x00000000,100,0x0E010009,0x00230100,0x83042000,0x83042000,0x00000000,0x00000000,0x000003EC
2026-07-25T22:18:58Z,381,0x91A70C84,P1-C1,0x9246B9C0,5,Yatterman-1,0x0161,yatter wan flame,301,P2-C1,0x927EB9E0,12,Ryu,0x00000009,"Mid, Light Hit",0x00000040,Common normal-hit bit,0x00000000,0x00000000,0x00000000,100,0x0E010009,0x00230100,0x83046000,0x83046000,0x00000000,0x00000000,0x000003EC
2026-07-25T22:18:58Z,381,0x91A721C8,P1-C1,0x9246B9C0,5,Yatterman-1,0x0161,yatter wan flame,301,,0x00000000,0,,0x0000010C,"Mid, Heavy Hit, A flags 0x00000100",0x00000063,"Damage exception route A, Init/default bit, Common normal-hit bit, Unknown B bits 0x00000020",0x00000000,0x00000000,0x00000000,480,0x0E010009,0x00230100,0x03040000,0x00000000,0x00000000,0x00000000,0x000003ED
2026-07-25T22:18:58Z,381,0x91A6CCB8,P1-C1,0x9246B9C0,5,Yatterman-1,0x0161,yatter wan flame,303,P2-C1,0x927EB9E0,12,Ryu,0x00000009,"Mid, Light Hit",0x00000040,Common normal-hit bit,0x00000000,0x00000000,0x00000000,100,0x0E010009,0x00230100,0x83046000,0x00400000,0x00000000,0x00000000,0x000003E9
2026-07-25T22:18:58Z,381,0x91A721C8,P1-C1,0x9246B9C0,5,Yatterman-1,0x0161,yatter wan flame,303,P2-C1,0x927EB9E0,12,Ryu,0x0000410C,"Mid, Heavy Hit, A flags 0x00004100",0x00000063,"Damage exception route A, Init/default bit, Common normal-hit bit, Unknown B bits 0x00000020",0x00000000,0x00000000,0x00000000,480,0x0E010009,0x00230100,0x03040004,0x00000000,0x00000000,0x00000000,0x000003ED
2026-07-25T22:18:58Z,381,0x91A721C8,P1-C1,0x9246B9C0,5,Yatterman-1,0x0161,yatter wan flame,304,P2-C1,0x927EB9E0,12,Ryu,0x00000009,"Mid, Light Hit",0x00000040,Common normal-hit bit,0x00000000,0x00000000,0x00000000,100,0x0E010009,0x00230100,0x83046000,0x83046000,0x00000000,0x00000000,0x000003ED
2026-07-25T22:18:58Z,381,0x91A6CCB8,P1-C1,0x9246B9C0,5,Yatterman-1,0x0161,yatter wan flame,305,,0x00000000,0,,0x0000010C,"Mid, Heavy Hit, A flags 0x00000100",0x00000063,"Damage exception route A, Init/default bit, Common normal-hit bit, Unknown B bits 0x00000020",0x00000000,0x00000000,0x00000000,480,0x0E010009,0x00230100,0x03040000,0x00000000,0x00000000,0x00000000,0x000003E9
2026-07-25T22:18:58Z,381,0x91A6E1FC,P1-C1,0x9246B9C0,5,Yatterman-1,0x0161,yatter wan flame,306,P2-C1,0x927EB9E0,12,Ryu,0x00000009,"Mid, Light Hit",0x00000040,Common normal-hit bit,0x00000000,0x00000000,0x00000000,100,0x0E010009,0x00230100,0x83046000,0x00400000,0x00000000,0x00000000,0x000003EA
2026-07-25T22:18:58Z,381,0x91A6CCB8,P1-C1,0x9246B9C0,5,Yatterman-1,0x0161,yatter wan flame,306,P2-C1,0x927EB9E0,12,Ryu,0x0000410C,"Mid, Heavy Hit, A flags 0x00004100",0x00000063,"Damage exception route A, Init/default bit, Common normal-hit bit, Unknown B bits 0x00000020",0x00000000,0x00000000,0x00000000,480,0x0E010009,0x00230100,0x03040004,0x00000000,0x00000000,0x00000000,0x000003E9
2026-07-25T22:18:58Z,381,0x91A6CCB8,P1-C1,0x9246B9C0,5,Yatterman-1,0x0161,yatter wan flame,307,P2-C1,0x927EB9E0,12,Ryu,0x00000009,"Mid, Light Hit",0x00000040,Common normal-hit bit,0x00000000,0x00000000,0x00000000,100,0x0E010009,0x00230100,0x83042000,0x83042000,0x00000000,0x00000000,0x000003E9
2026-07-25T22:18:58Z,381,0x91A6CCB8,P1-C1,0x9246B9C0,5,Yatterman-1,0x0161,yatter wan flame,308,P2-C1,0x927EB9E0,12,Ryu,0x00000009,"Mid, Light Hit",0x00000040,Common normal-hit bit,0x00000000,0x00000000,0x00000000,100,0x0E010009,0x00230100,0x83046000,0x83046000,0x00000000,0x00000000,0x000003E9
2026-07-25T22:18:58Z,381,0x91A6E1FC,P1-C1,0x9246B9C0,5,Yatterman-1,0x0161,yatter wan flame,308,,0x00000000,0,,0x0000010C,"Mid, Heavy Hit, A flags 0x00000100",0x00000063,"Damage exception route A, Init/default bit, Common normal-hit bit, Unknown B bits 0x00000020",0x00000000,0x00000000,0x00000000,480,0x0E010009,0x00230100,0x03040000,0x00000000,0x00000000,0x00000000,0x000003EA
2026-07-25T22:18:58Z,381,0x91A6F740,P1-C1,0x9246B9C0,5,Yatterman-1,0x0161,yatter wan flame,309,P2-C1,0x927EB9E0,12,Ryu,0x00000009,"Mid, Light Hit",0x00000040,Common normal-hit bit,0x00000000,0x00000000,0x00000000,100,0x0E010009,0x00230100,0x83046000,0x00400000,0x00000000,0x00000000,0x000003EB
2026-07-25T22:18:58Z,381,0x91A6E1FC,P1-C1,0x9246B9C0,5,Yatterman-1,0x0161,yatter wan flame,309,P2-C1,0x927EB9E0,12,Ryu,0x0000410C,"Mid, Heavy Hit, A flags 0x00004100",0x00000063,"Damage exception route A, Init/default bit, Common normal-hit bit, Unknown B bits 0x00000020",0x00000000,0x00000000,0x00000000,480,0x0E010009,0x00230100,0x03040004,0x00000000,0x00000000,0x00000000,0x000003EA
2026-07-25T22:18:58Z,382,0x91A6F740,P1-C1,0x9246B9C0,5,Yatterman-1,0x0161,yatter wan flame,310,P2-C1,0x927EB9E0,12,Ryu,0x00000009,"Mid, Light Hit",0x00000040,Common normal-hit bit,0x00000000,0x00000000,0x00000000,100,0x00000000,0x00230100,0x83046000,0x00400000,0x00000000,0x00000000,0x000003EB
2026-07-25T22:18:58Z,382,0x91A6E1FC,P1-C1,0x9246B9C0,5,Yatterman-1,0x0161,yatter wan flame,310,P2-C1,0x927EB9E0,12,Ryu,0x00000009,"Mid, Light Hit",0x00000040,Common normal-hit bit,0x00000000,0x00000000,0x00000000,100,0x0E010009,0x00230100,0x83042000,0x83042000,0x00000000,0x00000000,0x000003EA
2026-07-25T22:18:58Z,382,0x91A6E1FC,P1-C1,0x9246B9C0,5,Yatterman-1,0x0161,yatter wan flame,311,P2-C1,0x927EB9E0,12,Ryu,0x00000009,"Mid, Light Hit",0x00000040,Common normal-hit bit,0x00000000,0x00000000,0x00000000,100,0x0E010009,0x00230100,0x83046000,0x83046000,0x00000000,0x00000000,0x000003EA
2026-07-25T22:18:58Z,382,0x91A6F740,P1-C1,0x9246B9C0,5,Yatterman-1,0x0161,yatter wan flame,311,P2-C1,0x927EB9E0,12,Ryu,0x0000410C,"Mid, Heavy Hit, A flags 0x00004100",0x00000063,"Damage exception route A, Init/default bit, Common normal-hit bit, Unknown B bits 0x00000020",0x00000000,0x00000000,0x00000000,480,0x0E010009,0x00230100,0x03040004,0x00000000,0x00000000,0x00000000,0x000003EB
2026-07-25T22:18:58Z,382,0x91A6F740,P1-C1,0x9246B9C0,5,Yatterman-1,0x0161,yatter wan flame,313,P2-C1,0x927EB9E0,12,Ryu,0x00000009,"Mid, Light Hit",0x00000040,Common normal-hit bit,0x00000000,0x00000000,0x00000000,100,0x0E010009,0x00230100,0x83042000,0x83042000,0x00000000,0x00000000,0x000003EB
2026-07-25T22:18:58Z,382,0x91A6F740,P1-C1,0x9246B9C0,5,Yatterman-1,0x0161,yatter wan flame,313,P2-C1,0x927EB9E0,12,Ryu,0x00000009,"Mid, Light Hit",0x00000040,Common normal-hit bit,0x00000000,0x00000000,0x00000000,100,0x0E010009,0x00230100,0x83046000,0x83046000,0x00000000,0x00000000,0x000003EB
2026-07-25T22:18:58Z,382,0x91A70C84,P1-C1,0x9246B9C0,5,Yatterman-1,0x0161,yatter wan flame,313,,0x00000000,0,,0x0000010C,"Mid, Heavy Hit, A flags 0x00000100",0x00000063,"Damage exception route A, Init/default bit, Common normal-hit bit, Unknown B bits 0x00000020",0x00000000,0x00000000,0x00000000,480,0x0E010009,0x00230100,0x03040000,0x00000000,0x00000000,0x00000000,0x000003EC
2026-07-25T22:18:58Z,382,0x91A721C8,P1-C1,0x9246B9C0,5,Yatterman-1,0x0161,yatter wan flame,315,P2-C1,0x927EB9E0,12,Ryu,0x00000009,"Mid, Light Hit",0x00000040,Common normal-hit bit,0x00000000,0x00000000,0x00000000,100,0x0E010009,0x00230100,0x83046000,0x00400000,0x00000000,0x00000000,0x000003ED
2026-07-25T22:18:58Z,382,0x91A70C84,P1-C1,0x9246B9C0,5,Yatterman-1,0x0161,yatter wan flame,315,P2-C1,0x927EB9E0,12,Ryu,0x0000410C,"Mid, Heavy Hit, A flags 0x00004100",0x00000063,"Damage exception route A, Init/default bit, Common normal-hit bit, Unknown B bits 0x00000020",0x00000000,0x00000000,0x00000000,480,0x0E010009,0x00230100,0x03040004,0x00000000,0x00000000,0x00000000,0x000003EC
2026-07-25T22:18:58Z,382,0x91A70C84,P1-C1,0x9246B9C0,5,Yatterman-1,0x0161,yatter wan flame,316,P2-C1,0x927EB9E0,12,Ryu,0x00000009,"Mid, Light Hit",0x00000040,Common normal-hit bit,0x00000000,0x00000000,0x00000000,100,0x0E010009,0x00230100,0x83042000,0x83042000,0x00000000,0x00000000,0x000003EC
2026-07-25T22:18:58Z,382,0x91A70C84,P1-C1,0x9246B9C0,5,Yatterman-1,0x0161,yatter wan flame,317,P2-C1,0x927EB9E0,12,Ryu,0x00000009,"Mid, Light Hit",0x00000040,Common normal-hit bit,0x00000000,0x00000000,0x00000000,100,0x0E010009,0x00230100,0x83046000,0x83046000,0x00000000,0x00000000,0x000003EC
2026-07-25T22:18:58Z,382,0x91A721C8,P1-C1,0x9246B9C0,5,Yatterman-1,0x0161,yatter wan flame,317,,0x00000000,0,,0x0000010C,"Mid, Heavy Hit, A flags 0x00000100",0x00000063,"Damage exception route A, Init/default bit, Common normal-hit bit, Unknown B bits 0x00000020",0x00000000,0x00000000,0x00000000,480,0x0E010009,0x00230100,0x03040000,0x00000000,0x00000000,0x00000000,0x000003ED
2026-07-25T22:18:58Z,382,0x91A721C8,P1-C1,0x9246B9C0,5,Yatterman-1,0x0161,yatter wan flame,317,P2-C1,0x927EB9E0,12,Ryu,0x0000410C,"Mid, Heavy Hit, A flags 0x00004100",0x00000063,"Damage exception route A, Init/default bit, Common normal-hit bit, Unknown B bits 0x00000020",0x00000000,0x00000000,0x00000000,480,0x0E010009,0x00230100,0x03040004,0x00000000,0x00000000,0x00000000,0x000003ED
2026-07-25T22:18:58Z,383,0x91A721C8,P1-C1,0x9246B9C0,5,Yatterman-1,0x0161,yatter wan flame,319,P2-C1,0x927EB9E0,12,Ryu,0x00000009,"Mid, Light Hit",0x00000040,Common normal-hit bit,0x00000000,0x00000000,0x00000000,100,0x0E010009,0x00230100,0x83042000,0x83042000,0x00000000,0x00000000,0x000003ED
2026-07-25T22:18:58Z,383,0x91A721C8,P1-C1,0x9246B9C0,5,Yatterman-1,0x0161,yatter wan flame,320,P2-C1,0x927EB9E0,12,Ryu,0x00000009,"Mid, Light Hit",0x00000040,Common normal-hit bit,0x00000000,0x00000000,0x00000000,100,0x0E010009,0x00230100,0x83046000,0x83046000,0x00000000,0x00000000,0x000003ED
2026-07-25T22:18:58Z,383,0x91A6CCB8,P1-C1,0x9246B9C0,5,Yatterman-1,0x0161,yatter wan flame,320,,0x00000000,0,,0x0000010C,"Mid, Heavy Hit, A flags 0x00000100",0x00000063,"Damage exception route A, Init/default bit, Common normal-hit bit, Unknown B bits 0x00000020",0x00000000,0x00000000,0x00000000,480,0x0E010009,0x00230100,0x03040000,0x00000000,0x00000000,0x00000000,0x000003E9
2026-07-25T22:18:58Z,383,0x91A6CCB8,P1-C1,0x9246B9C0,5,Yatterman-1,0x0161,yatter wan flame,320,P2-C1,0x927EB9E0,12,Ryu,0x0000410C,"Mid, Heavy Hit, A flags 0x00004100",0x00000063,"Damage exception route A, Init/default bit, Common normal-hit bit, Unknown B bits 0x00000020",0x00000000,0x00000000,0x00000000,480,0x0E010009,0x00230100,0x03040004,0x00000000,0x00000000,0x00000000,0x000003E9
2026-07-25T22:18:58Z,383,0x91A6CCB8,P1-C1,0x9246B9C0,5,Yatterman-1,0x0161,yatter wan flame,322,P2-C1,0x927EB9E0,12,Ryu,0x00000009,"Mid, Light Hit",0x00000040,Common normal-hit bit,0x00000000,0x00000000,0x00000000,100,0x0E010009,0x00230100,0x83042000,0x83042000,0x00000000,0x00000000,0x000003E9
2026-07-25T22:18:58Z,383,0x91A6CCB8,P1-C1,0x9246B9C0,5,Yatterman-1,0x0161,yatter wan flame,323,P2-C1,0x927EB9E0,12,Ryu,0x00000009,"Mid, Light Hit",0x00000040,Common normal-hit bit,0x00000000,0x00000000,0x00000000,100,0x0E010009,0x00230100,0x83046000,0x83046000,0x00000000,0x00000000,0x000003E9
2026-07-25T22:18:58Z,383,0x91A6E1FC,P1-C1,0x9246B9C0,5,Yatterman-1,0x0161,yatter wan flame,323,P2-C1,0x927EB9E0,12,Ryu,0x0000410C,"Mid, Heavy Hit, A flags 0x00004100",0x00000063,"Damage exception route A, Init/default bit, Common normal-hit bit, Unknown B bits 0x00000020",0x00000000,0x00000000,0x00000000,480,0x0E010009,0x00230100,0x03040004,0x00000000,0x00000000,0x00000000,0x000003EA
2026-07-25T22:18:58Z,383,0x91A6F740,P1-C1,0x9246B9C0,5,Yatterman-1,0x0161,yatter wan flame,324,P2-C1,0x927EB9E0,12,Ryu,0x00000009,"Mid, Light Hit",0x00000040,Common normal-hit bit,0x00000000,0x00000000,0x00000000,100,0x0E010009,0x00230100,0x83046000,0x00400000,0x00000000,0x00000000,0x000003EB
2026-07-25T22:18:58Z,383,0x91A6E1FC,P1-C1,0x9246B9C0,5,Yatterman-1,0x0161,yatter wan flame,325,P2-C1,0x927EB9E0,12,Ryu,0x00000009,"Mid, Light Hit",0x00000040,Common normal-hit bit,0x00000000,0x00000000,0x00000000,100,0x0E010009,0x00230100,0x83046000,0x83046000,0x00000000,0x00000000,0x000003EA
2026-07-25T22:18:58Z,383,0x91A6F740,P1-C1,0x9246B9C0,5,Yatterman-1,0x0161,yatter wan flame,325,P2-C1,0x927EB9E0,12,Ryu,0x0000410C,"Mid, Heavy Hit, A flags 0x00004100",0x00000063,"Damage exception route A, Init/default bit, Common normal-hit bit, Unknown B bits 0x00000020",0x00000000,0x00000000,0x00000000,480,0x0E010009,0x00230100,0x03040004,0x00000000,0x00000000,0x00000000,0x000003EB
2026-07-25T22:18:58Z,383,0x91A70C84,P1-C1,0x9246B9C0,5,Yatterman-1,0x0161,yatter wan flame,327,P2-C1,0x927EB9E0,12,Ryu,0x00000009,"Mid, Light Hit",0x00000040,Common normal-hit bit,0x00000000,0x00000000,0x00000000,100,0x0E010009,0x00230100,0x83046000,0x00400000,0x00000000,0x00000000,0x000003EC
2026-07-25T22:18:58Z,383,0x91A6F740,P1-C1,0x9246B9C0,5,Yatterman-1,0x0161,yatter wan flame,327,P2-C1,0x927EB9E0,12,Ryu,0x00000009,"Mid, Light Hit",0x00000040,Common normal-hit bit,0x00000000,0x00000000,0x00000000,100,0x0E010009,0x00230100,0x83042000,0x83042000,0x00000000,0x00000000,0x000003EB
2026-07-25T22:18:58Z,383,0x91A6F740,P1-C1,0x9246B9C0,5,Yatterman-1,0x0161,yatter wan flame,329,P2-C1,0x927EB9E0,12,Ryu,0x00000009,"Mid, Light Hit",0x00000040,Common normal-hit bit,0x00000000,0x00000000,0x00000000,100,0x0E010009,0x00230100,0x83046000,0x83046000,0x00000000,0x00000000,0x000003EB
2026-07-25T22:18:58Z,383,0x91A70C84,P1-C1,0x9246B9C0,5,Yatterman-1,0x0161,yatter wan flame,329,,0x00000000,0,,0x0000010C,"Mid, Heavy Hit, A flags 0x00000100",0x00000063,"Damage exception route A, Init/default bit, Common normal-hit bit, Unknown B bits 0x00000020",0x00000000,0x00000000,0x00000000,480,0x0E010009,0x00230100,0x03040000,0x00000000,0x00000000,0x00000000,0x000003EC
2026-07-25T22:18:58Z,383,0x91A721C8,P1-C1,0x9246B9C0,5,Yatterman-1,0x0161,yatter wan flame,330,P2-C1,0x927EB9E0,12,Ryu,0x00000009,"Mid, Light Hit",0x00000040,Common normal-hit bit,0x00000000,0x00000000,0x00000000,100,0x0E010009,0x00230100,0x83046000,0x00400000,0x00000000,0x00000000,0x000003ED
2026-07-25T22:18:58Z,383,0x91A70C84,P1-C1,0x9246B9C0,5,Yatterman-1,0x0161,yatter wan flame,330,P2-C1,0x927EB9E0,12,Ryu,0x0000410C,"Mid, Heavy Hit, A flags 0x00004100",0x00000063,"Damage exception route A, Init/default bit, Common normal-hit bit, Unknown B bits 0x00000020",0x00000000,0x00000000,0x00000000,480,0x0E010009,0x00230100,0x03040004,0x00000000,0x00000000,0x00000000,0x000003EC
2026-07-25T22:18:58Z,383,0x91A70C84,P1-C1,0x9246B9C0,5,Yatterman-1,0x0161,yatter wan flame,331,P2-C1,0x927EB9E0,12,Ryu,0x00000009,"Mid, Light Hit",0x00000040,Common normal-hit bit,0x00000000,0x00000000,0x00000000,100,0x0E010009,0x00230100,0x83042000,0x83042000,0x00000000,0x00000000,0x000003EC
2026-07-25T22:18:58Z,384,0x91A70C84,P1-C1,0x9246B9C0,5,Yatterman-1,0x0161,yatter wan flame,331,P2-C1,0x927EB9E0,12,Ryu,0x00000009,"Mid, Light Hit",0x00000040,Common normal-hit bit,0x00000000,0x00000000,0x00000000,100,0x0E010009,0x00230100,0x83046000,0x83046000,0x00000000,0x00000000,0x000003EC
2026-07-25T22:18:58Z,384,0x91A721C8,P1-C1,0x9246B9C0,5,Yatterman-1,0x0161,yatter wan flame,331,,0x00000000,0,,0x0000010C,"Mid, Heavy Hit, A flags 0x00000100",0x00000063,"Damage exception route A, Init/default bit, Common normal-hit bit, Unknown B bits 0x00000020",0x00000000,0x00000000,0x00000000,480,0x0E010009,0x00230100,0x03040000,0x00000000,0x00000000,0x00000000,0x000003ED
2026-07-25T22:18:58Z,384,0x91A6CCB8,P1-C1,0x9246B9C0,5,Yatterman-1,0x0161,yatter wan flame,333,P2-C1,0x927EB9E0,12,Ryu,0x00000009,"Mid, Light Hit",0x00000040,Common normal-hit bit,0x00000000,0x00000000,0x00000000,100,0x0E010009,0x00230100,0x83046000,0x00400000,0x00000000,0x00000000,0x000003E9
2026-07-25T22:18:58Z,384,0x91A721C8,P1-C1,0x9246B9C0,5,Yatterman-1,0x0161,yatter wan flame,333,P2-C1,0x927EB9E0,12,Ryu,0x00000009,"Mid, Light Hit",0x00000040,Common normal-hit bit,0x00000000,0x00000000,0x00000000,100,0x0E010009,0x00230100,0x83042000,0x83042000,0x00000000,0x00000000,0x000003ED
2026-07-25T22:18:58Z,384,0x91A721C8,P1-C1,0x9246B9C0,5,Yatterman-1,0x0161,yatter wan flame,335,P2-C1,0x927EB9E0,12,Ryu,0x00000009,"Mid, Light Hit",0x00000040,Common normal-hit bit,0x00000000,0x00000000,0x00000000,100,0x0E010009,0x00230100,0x83046000,0x83046000,0x00000000,0x00000000,0x000003ED
2026-07-25T22:18:58Z,384,0x91A6CCB8,P1-C1,0x9246B9C0,5,Yatterman-1,0x0161,yatter wan flame,335,P2-C1,0x927EB9E0,12,Ryu,0x00000009,"Mid, Light Hit",0x00000040,Common normal-hit bit,0x00000000,0x00000000,0x00000000,100,0x0E010009,0x00230100,0x83042000,0x83042000,0x00000000,0x00000000,0x000003E9
2026-07-25T22:18:58Z,384,0x91A6CCB8,P1-C1,0x9246B9C0,5,Yatterman-1,0x0161,yatter wan flame,338,P2-C1,0x927EB9E0,12,Ryu,0x00000009,"Mid, Light Hit",0x00000040,Common normal-hit bit,0x00000000,0x00000000,0x00000000,100,0x0E010009,0x00230100,0x83046000,0x83046000,0x00000000,0x00000000,0x000003E9
2026-07-25T22:18:58Z,384,0x91A6E1FC,P1-C1,0x9246B9C0,5,Yatterman-1,0x0161,yatter wan flame,338,,0x00000000,0,,0x0000010C,"Mid, Heavy Hit, A flags 0x00000100",0x00000063,"Damage exception route A, Init/default bit, Common normal-hit bit, Unknown B bits 0x00000020",0x00000000,0x00000000,0x00000000,480,0x0E010009,0x00230100,0x03040000,0x00000000,0x00000000,0x00000000,0x000003EA
2026-07-25T22:18:58Z,384,0x91A6F740,P1-C1,0x9246B9C0,5,Yatterman-1,0x0161,yatter wan flame,339,P2-C1,0x927EB9E0,12,Ryu,0x00000009,"Mid, Light Hit",0x00000040,Common normal-hit bit,0x00000000,0x00000000,0x00000000,100,0x0E010009,0x00230100,0x83046000,0x00400000,0x00000000,0x00000000,0x000003EB
2026-07-25T22:18:58Z,384,0x91A6E1FC,P1-C1,0x9246B9C0,5,Yatterman-1,0x0161,yatter wan flame,339,P2-C1,0x927EB9E0,12,Ryu,0x0000410C,"Mid, Heavy Hit, A flags 0x00004100",0x00000063,"Damage exception route A, Init/default bit, Common normal-hit bit, Unknown B bits 0x00000020",0x00000000,0x00000000,0x00000000,480,0x0E010009,0x00230100,0x03040004,0x00000000,0x00000000,0x00000000,0x000003EA
2026-07-25T22:18:58Z,384,0x91A6E1FC,P1-C1,0x9246B9C0,5,Yatterman-1,0x0161,yatter wan flame,340,P2-C1,0x927EB9E0,12,Ryu,0x00000009,"Mid, Light Hit",0x00000040,Common normal-hit bit,0x00000000,0x00000000,0x00000000,100,0x0E010009,0x00230100,0x83042000,0x83042000,0x00000000,0x00000000,0x000003EA
2026-07-25T22:18:58Z,385,0x91A6E1FC,P1-C1,0x9246B9C0,5,Yatterman-1,0x0161,yatter wan flame,341,P2-C1,0x927EB9E0,12,Ryu,0x00000009,"Mid, Light Hit",0x00000040,Common normal-hit bit,0x00000000,0x00000000,0x00000000,100,0x0E010009,0x00230100,0x83046000,0x83046000,0x00000000,0x00000000,0x000003EA
2026-07-25T22:18:58Z,385,0x91A6F740,P1-C1,0x9246B9C0,5,Yatterman-1,0x0161,yatter wan flame,341,,0x00000000,0,,0x0000010C,"Mid, Heavy Hit, A flags 0x00000100",0x00000063,"Damage exception route A, Init/default bit, Common normal-hit bit, Unknown B bits 0x00000020",0x00000000,0x00000000,0x00000000,480,0x0E010009,0x00230100,0x03040000,0x00000000,0x00000000,0x00000000,0x000003EB
2026-07-25T22:18:58Z,385,0x91A70C84,P1-C1,0x9246B9C0,5,Yatterman-1,0x0161,yatter wan flame,342,P2-C1,0x927EB9E0,12,Ryu,0x00000009,"Mid, Light Hit",0x00000040,Common normal-hit bit,0x00000000,0x00000000,0x00000000,100,0x0E010009,0x00230100,0x83046000,0x00400000,0x00000000,0x00000000,0x000003EC
2026-07-25T22:18:58Z,385,0x91A6F740,P1-C1,0x9246B9C0,5,Yatterman-1,0x0161,yatter wan flame,342,P2-C1,0x927EB9E0,12,Ryu,0x0000410C,"Mid, Heavy Hit, A flags 0x00004100",0x00000063,"Damage exception route A, Init/default bit, Common normal-hit bit, Unknown B bits 0x00000020",0x00000000,0x00000000,0x00000000,480,0x0E010009,0x00230100,0x03040004,0x00000000,0x00000000,0x00000000,0x000003EB
2026-07-25T22:18:58Z,385,0x91A6F740,P1-C1,0x9246B9C0,5,Yatterman-1,0x0161,yatter wan flame,343,P2-C1,0x927EB9E0,12,Ryu,0x00000009,"Mid, Light Hit",0x00000040,Common normal-hit bit,0x00000000,0x00000000,0x00000000,100,0x0E010009,0x00230100,0x83042000,0x83042000,0x00000000,0x00000000,0x000003EB
2026-07-25T22:18:58Z,385,0x91A721C8,P1-C1,0x9246B9C0,5,Yatterman-1,0x0161,yatter wan flame,345,P2-C1,0x927EB9E0,12,Ryu,0x00000009,"Mid, Light Hit",0x00000040,Common normal-hit bit,0x00000000,0x00000000,0x00000000,100,0x0E010009,0x00230100,0x83046000,0x00400000,0x00000000,0x00000000,0x000003ED
2026-07-25T22:18:58Z,385,0x91A6F740,P1-C1,0x9246B9C0,5,Yatterman-1,0x0161,yatter wan flame,345,P2-C1,0x927EB9E0,12,Ryu,0x00000009,"Mid, Light Hit",0x00000040,Common normal-hit bit,0x00000000,0x00000000,0x00000000,100,0x0E010009,0x00230100,0x83046000,0x83046000,0x00000000,0x00000000,0x000003EB
2026-07-25T22:18:58Z,385,0x91A70C84,P1-C1,0x9246B9C0,5,Yatterman-1,0x0161,yatter wan flame,345,P2-C1,0x927EB9E0,12,Ryu,0x0000410C,"Mid, Heavy Hit, A flags 0x00004100",0x00000063,"Damage exception route A, Init/default bit, Common normal-hit bit, Unknown B bits 0x00000020",0x00000000,0x00000000,0x00000000,480,0x0E010009,0x00230100,0x03040004,0x00000000,0x00000000,0x00000000,0x000003EC
2026-07-25T22:18:58Z,385,0x91A70C84,P1-C1,0x9246B9C0,5,Yatterman-1,0x0161,yatter wan flame,346,P2-C1,0x927EB9E0,12,Ryu,0x00000009,"Mid, Light Hit",0x00000040,Common normal-hit bit,0x00000000,0x00000000,0x00000000,100,0x0E010009,0x00230100,0x83042000,0x83042000,0x00000000,0x00000000,0x000003EC
2026-07-25T22:18:58Z,386,0x91A70C84,P1-C1,0x9246B9C0,5,Yatterman-1,0x0161,yatter wan flame,347,P2-C1,0x927EB9E0,12,Ryu,0x00000009,"Mid, Light Hit",0x00000040,Common normal-hit bit,0x00000000,0x00000000,0x00000000,100,0x0E010009,0x00230100,0x83046000,0x83046000,0x00000000,0x00000000,0x000003EC
2026-07-25T22:18:58Z,386,0x91A721C8,P1-C1,0x9246B9C0,5,Yatterman-1,0x0161,yatter wan flame,347,P2-C1,0x927EB9E0,12,Ryu,0x0000410C,"Mid, Heavy Hit, A flags 0x00004100",0x00000063,"Damage exception route A, Init/default bit, Common normal-hit bit, Unknown B bits 0x00000020",0x00000000,0x00000000,0x00000000,480,0x0E010009,0x00230100,0x03040004,0x00000000,0x00000000,0x00000000,0x000003ED
2026-07-25T22:18:58Z,386,0x91A6CCB8,P1-C1,0x9246B9C0,5,Yatterman-1,0x0161,yatter wan flame,348,P2-C1,0x927EB9E0,12,Ryu,0x00000009,"Mid, Light Hit",0x00000040,Common normal-hit bit,0x00000000,0x00000000,0x00000000,100,0x0E010009,0x00230100,0x83046000,0x00400000,0x00000000,0x00000000,0x000003E9
2026-07-25T22:18:58Z,386,0x91A721C8,P1-C1,0x9246B9C0,5,Yatterman-1,0x0161,yatter wan flame,349,P2-C1,0x927EB9E0,12,Ryu,0x00000009,"Mid, Light Hit",0x00000040,Common normal-hit bit,0x00000000,0x00000000,0x00000000,100,0x0E010009,0x00230100,0x83042000,0x83042000,0x00000000,0x00000000,0x000003ED
2026-07-25T22:18:58Z,386,0x91A721C8,P1-C1,0x9246B9C0,5,Yatterman-1,0x0161,yatter wan flame,349,P2-C1,0x927EB9E0,12,Ryu,0x00000009,"Mid, Light Hit",0x00000040,Common normal-hit bit,0x00000000,0x00000000,0x00000000,100,0x0E010009,0x00230100,0x83046000,0x83046000,0x00000000,0x00000000,0x000003ED
2026-07-25T22:18:58Z,386,0x91A6CCB8,P1-C1,0x9246B9C0,5,Yatterman-1,0x0161,yatter wan flame,349,,0x00000000,0,,0x0000010C,"Mid, Heavy Hit, A flags 0x00000100",0x00000063,"Damage exception route A, Init/default bit, Common normal-hit bit, Unknown B bits 0x00000020",0x00000000,0x00000000,0x00000000,480,0x0E010009,0x00230100,0x03040000,0x00000000,0x00000000,0x00000000,0x000003E9
2026-07-25T22:18:58Z,386,0x91A6E1FC,P1-C1,0x9246B9C0,5,Yatterman-1,0x0161,yatter wan flame,351,P2-C1,0x927EB9E0,12,Ryu,0x00000009,"Mid, Light Hit",0x00000040,Common normal-hit bit,0x00000000,0x00000000,0x00000000,100,0x0E010009,0x00230100,0x83046000,0x00400000,0x00000000,0x00000000,0x000003EA
2026-07-25T22:18:58Z,386,0x91A6CCB8,P1-C1,0x9246B9C0,5,Yatterman-1,0x0161,yatter wan flame,351,P2-C1,0x927EB9E0,12,Ryu,0x0000410C,"Mid, Heavy Hit, A flags 0x00004100",0x00000063,"Damage exception route A, Init/default bit, Common normal-hit bit, Unknown B bits 0x00000020",0x00000000,0x00000000,0x00000000,480,0x0E010009,0x00230100,0x03040004,0x00000000,0x00000000,0x00000000,0x000003E9
2026-07-25T22:18:58Z,387,0x91A6CCB8,P1-C1,0x9246B9C0,5,Yatterman-1,0x0161,yatter wan flame,352,P2-C1,0x927EB9E0,12,Ryu,0x00000009,"Mid, Light Hit",0x00000040,Common normal-hit bit,0x00000000,0x00000000,0x00000000,100,0x0E010009,0x00230100,0x83042000,0x83042000,0x00000000,0x00000000,0x000003E9
2026-07-25T22:18:58Z,387,0x91A6CCB8,P1-C1,0x9246B9C0,5,Yatterman-1,0x0161,yatter wan flame,353,P2-C1,0x927EB9E0,12,Ryu,0x00000009,"Mid, Light Hit",0x00000040,Common normal-hit bit,0x00000000,0x00000000,0x00000000,100,0x0E010009,0x00230100,0x83046000,0x83046000,0x00000000,0x00000000,0x000003E9
2026-07-25T22:18:58Z,387,0x91A6F740,P1-C1,0x9246B9C0,5,Yatterman-1,0x0161,yatter wan flame,354,P2-C1,0x927EB9E0,12,Ryu,0x00000009,"Mid, Light Hit",0x00000040,Common normal-hit bit,0x00000000,0x00000000,0x00000000,100,0x0E010009,0x00230100,0x83046000,0x00400000,0x00000000,0x00000000,0x000003EB
2026-07-25T22:18:59Z,387,0x91A70C84,P1-C1,0x9246B9C0,5,Yatterman-1,0x0161,yatter wan flame,357,P2-C1,0x927EB9E0,12,Ryu,0x00000009,"Mid, Light Hit",0x00000040,Common normal-hit bit,0x00000000,0x00000000,0x00000000,100,0x0E010009,0x00230100,0x83046000,0x00400000,0x00000000,0x00000000,0x000003EC
2026-07-25T22:18:59Z,388,0x91A6CCB8,P1-C1,0x9246B9C0,5,Yatterman-1,0x0161,yatter wan flame,363,P2-C1,0x927EB9E0,12,Ryu,0x00000009,"Mid, Light Hit",0x00000040,Common normal-hit bit,0x00000000,0x00000000,0x00000000,100,0x0E010009,0x00230100,0x83046000,0x00400000,0x00000000,0x00000000,0x000003E9
2026-07-25T22:18:59Z,389,0x91A6B774,P1-C1,0x9246B9C0,5,Yatterman-1,0x0001,,0,P2-C1,0x927EB9E0,12,Ryu,0x8000420C,"Mid, Heavy Hit, A flags 0x80004200",0x00100123,"Damage exception route A, Paired special condition, Init/default bit, Default collision family, Unknown B bits 0x00000020",0x00000000,0x00000000,0x00000000,1860,0x8E010209,0x00232016,0x03200000,0x00000000,0x00000000,0x00000000,0x000003E8
2026-07-25T22:19:00Z,403,0x91A6B774,P1-C1,0x9246B9C0,5,Yatterman-1,0x0001,idle,98,P2-C1,0x927EB9E0,12,Ryu,0x8000420C,"Mid, Heavy Hit, A flags 0x80004200",0x00100123,"Damage exception route A, Paired special condition, Init/default bit, Default collision family, Unknown B bits 0x00000020",0x00000000,0x00000000,0x00000000,1860,0x8E010209,0x00232016,0x83200000,0x00000000,0x00000000,0x00000000,0x000003E8
2026-07-25T22:19:00Z,403,0x91A6B774,P1-C1,0x9246B9C0,5,Yatterman-1,0x0001,idle,99,P2-C1,0x927EB9E0,12,Ryu,0x00000009,"Mid, Light Hit",0x00000040,Common normal-hit bit,0x00000000,0x00000000,0x00000000,100,0x8E010209,0x00232016,0x83202000,0x00400000,0x00000000,0x00000000,0x000003E8
2026-07-25T22:19:01Z,403,0x91A6B774,P1-C1,0x9246B9C0,5,Yatterman-1,0x0001,idle,102,P2-C1,0x927EB9E0,12,Ryu,0x00000009,"Mid, Light Hit",0x00000040,Common normal-hit bit,0x00000000,0x00000000,0x00000000,100,0x00000000,0x00232016,0x83202000,0x00400000,0x00000000,0x00000000,0x000003E8
2026-07-25T23:13:52Z,1027,0x91A6B774,P1-C2,0x92B6BA00,2,Casshan,0x0136,Knee A,15,,0x00000000,0,,0x0000000C,"Mid, Heavy Hit",0x00040102,"One-eighth block-damage route B, Init/default bit, Default collision family",0x00000000,0x00000000,0x00000000,480,0x0200000D,0x00010100,0x03040000,0x00000000,0x00000000,0x00000000,0x000003E8
2026-07-25T23:13:53Z,1029,0x91A6B774,P1-C2,0x92B6BA00,2,Casshan,0x0136,Knee A,27,,0x00000000,0,,0x00000009,"Mid, Light Hit",0x00000040,Common normal-hit bit,0x00000000,0x00000000,0x00000000,100,0x0200000D,0x00010100,0x83040000,0x00400000,0x00000000,0x00000000,0x000003E8
2026-07-25T23:13:53Z,1029,0x91A6B774,P1-C2,0x92B6BA00,2,Casshan,0x0136,Knee A,28,,0x00000000,0,,0x00000009,"Mid, Light Hit",0x00000040,Common normal-hit bit,0x00000000,0x00000000,0x00000000,100,0x00000000,0x00010100,0x83040000,0x00400000,0x00000000,0x00000000,0x000003E8
2026-07-25T23:13:53Z,1032,0x91A6B774,P1-C1,0x9246B9C0,1,Ken the Eagle,0x01AA,assist attack,38,,0x00000000,0,,0x00000009,"Mid, Light Hit",0x00000102,"Init/default bit, Default collision family",0x00000000,0x00000000,0x00000000,1024,0x00010009,0x00010002,0x03040000,0x00000000,0x00000000,0x00000000,0x000003E8
2026-07-25T23:13:53Z,1032,0x91A6B774,P1-C1,0x9246B9C0,1,Ken the Eagle,0x01AA,assist attack,38,,0x00000000,0,,0x00000009,"Mid, Light Hit",0x00000102,"Init/default bit, Default collision family",0x00000000,0x00000000,0x00000000,1024,0x00010009,0x00010002,0x03000000,0x00000000,0x00000000,0x00000000,0x000003E8
2026-07-25T23:13:54Z,1033,0x91A6B774,P1-C1,0x9246B9C0,1,Ken the Eagle,0x01A8,,0,,0x00000000,0,,0x00000009,"Mid, Light Hit",0x00000102,"Init/default bit, Default collision family",0x00000000,0x00000000,0x00000000,1024,0x00010009,0x00010002,0x03000000,0x00000000,0x00000000,0x00000000,0x000003E8
2026-07-25T23:13:54Z,1035,0x91A6B774,P1-C1,0x9246B9C0,1,Ken the Eagle,0x01A1,,30,,0x00000000,0,,0x00000009,"Mid, Light Hit",0x00000102,"Init/default bit, Default collision family",0x00000000,0x00000000,0x00000000,1024,0x00010009,0x00010002,0x03000000,0x00000000,0x00000000,0x00000000,0x000003E8
2026-07-25T23:13:55Z,1036,0x91A6B774,P1-C1,0x9246B9C0,1,Ken the Eagle,0x01AE,,0,,0x00000000,0,,0x00000009,"Mid, Light Hit",0x00000102,"Init/default bit, Default collision family",0x00000000,0x00000000,0x00000000,1024,0x00010009,0x00010002,0x03000000,0x00000000,0x00000000,0x00000000,0x000003E8
2026-07-25T23:13:55Z,1037,0x91A6B774,P1-C1,0x9246B9C0,1,Ken the Eagle,0x01AE,assist standby,12,,0x00000000,0,,0x00000009,"Mid, Light Hit",0x00000040,Common normal-hit bit,0x00000000,0x00000000,0x00000000,100,0x00010009,0x00010002,0x83000000,0x00400000,0x00000000,0x00000000,0x000003E8
2026-07-25T23:13:59Z,1060,0x91A6B774,P1-C2,0x92B6BA00,2,Casshan,0x0136,Knee A,15,,0x00000000,0,,0x0000000C,"Mid, Heavy Hit",0x00040102,"One-eighth block-damage route B, Init/default bit, Default collision family",0x00000000,0x00000000,0x00000000,480,0x0200000D,0x00010100,0x03040000,0x00000000,0x00000000,0x00000000,0x000003E8
2026-07-25T23:13:59Z,1063,0x91A6B774,P1-C2,0x92B6BA00,2,Casshan,0x00A2,,0,,0x00000000,0,,0x0000000C,"Mid, Heavy Hit",0x00040102,"One-eighth block-damage route B, Init/default bit, Default collision family",0x00000000,0x00000000,0x00000000,480,0x0200000D,0x00010100,0x03040000,0x00000000,0x00000000,0x00000000,0x000003E8
2026-07-25T23:13:59Z,1063,0x91A6B774,P1-C2,0x92B6BA00,2,Casshan,0x0001,,2,,0x00000000,0,,0x0000000C,"Mid, Heavy Hit",0x00040102,"One-eighth block-damage route B, Init/default bit, Default collision family",0x00000000,0x00000000,0x00000000,480,0x0200000D,0x00010100,0x03040000,0x00000000,0x00000000,0x00000000,0x000003E8
2026-07-25T23:13:59Z,1064,0x91A6B774,P1-C2,0x92B6BA00,2,Casshan,0x0003,,2,,0x00000000,0,,0x0000000C,"Mid, Heavy Hit",0x00040102,"One-eighth block-damage route B, Init/default bit, Default collision family",0x00000000,0x00000000,0x00000000,480,0x0200000D,0x00010100,0x03040000,0x00000000,0x00000000,0x00000000,0x000003E8
2026-07-25T23:13:59Z,1064,0x91A6B774,P1-C2,0x92B6BA00,2,Casshan,0x000B,,0,,0x00000000,0,,0x0000000C,"Mid, Heavy Hit",0x00040102,"One-eighth block-damage route B, Init/default bit, Default collision family",0x00000000,0x00000000,0x00000000,480,0x0200000D,0x00010100,0x03040000,0x00000000,0x00000000,0x00000000,0x000003E8
2026-07-25T23:13:59Z,1064,0x91A6B774,P1-C2,0x92B6BA00,2,Casshan,0x000B,,1,,0x00000000,0,,0x00000009,"Mid, Light Hit",0x00000040,Common normal-hit bit,0x00000000,0x00000000,0x00000000,100,0x0200000D,0x00010100,0x83040000,0x00400000,0x00000000,0x00000000,0x000003E8
2026-07-25T23:33:47Z,173,0x91A6B774,P1-C1,0x9246B9C0,1,Ken the Eagle,0x0200,Phoenix,96,,0x00000000,0,,0x0000020C,"Mid, Heavy Hit, A flags 0x00000200",0x40000123,"Damage exception route A, Result flag 0x1, Init/default bit, Default collision family, Unknown B bits 0x00000020",0x00000000,0x00000000,0x00000000,3320,0x0C010009,0x00010034,0x03040000,0x00000000,0x00000000,0x00000000,0x000003E8
2026-07-25T23:33:50Z,183,0x91A6CCB8,P1-C1,0x9246B9C0,1,Ken the Eagle,0x0200,Phoenix,265,,0x00000000,0,,0x0020020C,"Mid, Heavy Hit, A flags 0x00200200",0x40000123,"Damage exception route A, Result flag 0x1, Init/default bit, Default collision family, Unknown B bits 0x00000020",0x00000000,0x0000020C,0x40000023,3320,0x0C018209,0x00230026,0x03040000,0x00000000,0x00000000,0x00000000,0x000003E9
2026-07-25T23:33:50Z,183,0x91A6B774,P1-C1,0x9246B9C0,1,Ken the Eagle,0x0200,Phoenix,266,,0x00000000,0,,0x0000020C,"Mid, Heavy Hit, A flags 0x00000200",0x40000123,"Damage exception route A, Result flag 0x1, Init/default bit, Default collision family, Unknown B bits 0x00000020",0x00000000,0x00000000,0x00000000,3320,0x0C010009,0x00010034,0x83040000,0x00000000,0x00000000,0x00000000,0x000003E8
2026-07-25T23:33:50Z,183,0x91A6CCB8,P1-C1,0x9246B9C0,1,Ken the Eagle,0x0200,Phoenix,266,,0x00000000,0,,0x0020020C,"Mid, Heavy Hit, A flags 0x00200200",0x40000123,"Damage exception route A, Result flag 0x1, Init/default bit, Default collision family, Unknown B bits 0x00000020",0x00000000,0x0000020C,0x40000023,3320,0x0C018209,0x00230026,0x03000000,0x00000000,0x00000000,0x00000000,0x000003E9
2026-07-25T23:33:51Z,185,0x91A6CCB8,P1-C1,0x9246B9C0,1,Ken the Eagle,0x0200,Phoenix,291,P2-C1,0x927EB9E0,12,Ryu,0x0020020C,"Mid, Heavy Hit, A flags 0x00200200",0x40000123,"Damage exception route A, Result flag 0x1, Init/default bit, Default collision family, Unknown B bits 0x00000020",0x00000000,0x0000020C,0x40000023,3320,0x0C018209,0x00230026,0x03000004,0x00000000,0x00000000,0x00000000,0x000003E9
2026-07-25T23:33:51Z,185,0x91A6CCB8,P1-C1,0x9246B9C0,1,Ken the Eagle,0x0200,Phoenix,292,P2-C1,0x927EB9E0,12,Ryu,0x0020020C,"Mid, Heavy Hit, A flags 0x00200200",0x40000123,"Damage exception route A, Result flag 0x1, Init/default bit, Default collision family, Unknown B bits 0x00000020",0x00000000,0x0000020C,0x40000023,3320,0x0C018209,0x00230026,0x03000000,0x00000000,0x00000000,0x00000000,0x000003E9
2026-07-25T23:33:51Z,185,0x91A6CCB8,P1-C1,0x9246B9C0,1,Ken the Eagle,0x0200,Phoenix,298,P2-C1,0x927EB9E0,12,Ryu,0x0020020C,"Mid, Heavy Hit, A flags 0x00200200",0x40000123,"Damage exception route A, Result flag 0x1, Init/default bit, Default collision family, Unknown B bits 0x00000020",0x00000000,0x0000020C,0x40000023,3320,0x0C018209,0x00230026,0x03000004,0x00000000,0x00000000,0x00000000,0x000003E9
2026-07-25T23:33:51Z,185,0x91A6CCB8,P1-C1,0x9246B9C0,1,Ken the Eagle,0x0200,Phoenix,304,P2-C1,0x927EB9E0,12,Ryu,0x0020020C,"Mid, Heavy Hit, A flags 0x00200200",0x40000123,"Damage exception route A, Result flag 0x1, Init/default bit, Default collision family, Unknown B bits 0x00000020",0x00000000,0x0000020C,0x40000023,3320,0x0C018209,0x00230026,0x03000000,0x00000000,0x00000000,0x00000000,0x000003E9
2026-07-25T23:33:51Z,185,0x91A6CCB8,P1-C1,0x9246B9C0,1,Ken the Eagle,0x0200,Phoenix,306,P2-C1,0x927EB9E0,12,Ryu,0x0020020C,"Mid, Heavy Hit, A flags 0x00200200",0x40000123,"Damage exception route A, Result flag 0x1, Init/default bit, Default collision family, Unknown B bits 0x00000020",0x00000000,0x0000020C,0x40000023,3320,0x0C018209,0x00230026,0x03000004,0x00000000,0x00000000,0x00000000,0x000003E9
2026-07-25T23:33:51Z,185,0x91A6CCB8,P1-C1,0x9246B9C0,1,Ken the Eagle,0x0200,Phoenix,308,P2-C1,0x927EB9E0,12,Ryu,0x0020020C,"Mid, Heavy Hit, A flags 0x00200200",0x40000123,"Damage exception route A, Result flag 0x1, Init/default bit, Default collision family, Unknown B bits 0x00000020",0x00000000,0x0000020C,0x40000023,3320,0x0C018209,0x00230026,0x03000000,0x00000000,0x00000000,0x00000000,0x000003E9
2026-07-25T23:33:51Z,186,0x91A6CCB8,P1-C1,0x9246B9C0,1,Ken the Eagle,0x0200,Phoenix,315,P2-C1,0x927EB9E0,12,Ryu,0x0020020C,"Mid, Heavy Hit, A flags 0x00200200",0x40000123,"Damage exception route A, Result flag 0x1, Init/default bit, Default collision family, Unknown B bits 0x00000020",0x00000000,0x0000020C,0x40000023,3320,0x0C018209,0x00230026,0x03000004,0x00000000,0x00000000,0x00000000,0x000003E9
2026-07-25T23:33:51Z,186,0x91A6CCB8,P1-C1,0x9246B9C0,1,Ken the Eagle,0x0200,Phoenix,319,P2-C1,0x927EB9E0,12,Ryu,0x0020020C,"Mid, Heavy Hit, A flags 0x00200200",0x40000123,"Damage exception route A, Result flag 0x1, Init/default bit, Default collision family, Unknown B bits 0x00000020",0x00000000,0x0000020C,0x40000023,3320,0x0C018209,0x00230026,0x03000000,0x00000000,0x00000000,0x00000000,0x000003E9
2026-07-25T23:33:51Z,186,0x91A6CCB8,P1-C1,0x9246B9C0,1,Ken the Eagle,0x0200,Phoenix,331,P2-C1,0x927EB9E0,12,Ryu,0x0020020C,"Mid, Heavy Hit, A flags 0x00200200",0x40000123,"Damage exception route A, Result flag 0x1, Init/default bit, Default collision family, Unknown B bits 0x00000020",0x00000000,0x0000020C,0x40000023,3320,0x0C018209,0x00230026,0x03000004,0x00000000,0x00000000,0x00000000,0x000003E9
2026-07-25T23:33:51Z,187,0x91A6CCB8,P1-C1,0x9246B9C0,1,Ken the Eagle,0x0200,Phoenix,332,P2-C1,0x927EB9E0,12,Ryu,0x0020020C,"Mid, Heavy Hit, A flags 0x00200200",0x40000123,"Damage exception route A, Result flag 0x1, Init/default bit, Default collision family, Unknown B bits 0x00000020",0x00000000,0x0000020C,0x40000023,3320,0x0C018209,0x00230026,0x03000000,0x00000000,0x00000000,0x00000000,0x000003E9
2026-07-25T23:33:52Z,187,0x91A6CCB8,P1-C1,0x9246B9C0,1,Ken the Eagle,0x0200,Phoenix,385,P2-C1,0x927EB9E0,12,Ryu,0x0000020C,"Mid, Heavy Hit, A flags 0x00000200",0x40000023,"Damage exception route A, Result flag 0x1, Init/default bit, Unknown B bits 0x00000020",0x00000000,0x0000020C,0x40000023,3320,0x0C018209,0x00230026,0x03000000,0x00000000,0x00000000,0x00000000,0x000003E9
2026-07-25T23:33:53Z,188,0x91A6CCB8,P1-C1,0x9246B9C0,1,Ken the Eagle,0x0200,Phoenix,429,P2-C1,0x927EB9E0,12,Ryu,0x0000020C,"Mid, Heavy Hit, A flags 0x00000200",0x40000023,"Damage exception route A, Result flag 0x1, Init/default bit, Unknown B bits 0x00000020",0x00000000,0x0000020C,0x40000023,3320,0x0C018209,0x00230026,0x83000000,0x00000000,0x00000000,0x00000000,0x000003E9
2026-07-25T23:33:53Z,188,0x91A6CCB8,P1-C1,0x9246B9C0,1,Ken the Eagle,0x0200,Phoenix,429,P2-C1,0x927EB9E0,12,Ryu,0x00000009,"Mid, Light Hit",0x00000040,Common normal-hit bit,0x00000000,0x0000020C,0x40000023,100,0x0C018209,0x00230026,0x83002000,0x00400000,0x00000000,0x00000000,0x000003E9
2026-07-25T23:33:53Z,188,0x91A6CCB8,P1-C1,0x9246B9C0,1,Ken the Eagle,0x0200,Phoenix,430,P2-C1,0x927EB9E0,12,Ryu,0x00000009,"Mid, Light Hit",0x00000040,Common normal-hit bit,0x00000000,0x0000020C,0x40000023,100,0x00000000,0x00230026,0x83002000,0x00400000,0x00000000,0x00000000,0x000003E9
2026-07-25T23:34:16Z,340,0x91A6CCB8,P1-C2,0x92B6BA00,2,Casshan,0x0136,Knee A,15,,0x00000000,0,,0x0000000C,"Mid, Heavy Hit",0x00040102,"One-eighth block-damage route B, Init/default bit, Default collision family",0x00000000,0x00000000,0x00000000,480,0x0200000D,0x00010100,0x03040000,0x00000000,0x00000000,0x00000000,0x000003E8
2026-07-25T23:34:17Z,341,0x91A6CCB8,P1-C2,0x92B6BA00,2,Casshan,0x0001,,1,,0x00000000,0,,0x0000000C,"Mid, Heavy Hit",0x00040102,"One-eighth block-damage route B, Init/default bit, Default collision family",0x00000000,0x00000000,0x00000000,480,0x0200000D,0x00010100,0x03040000,0x00000000,0x00000000,0x00000000,0x000003E8
2026-07-25T23:34:17Z,341,0x91A6CCB8,P1-C2,0x92B6BA00,2,Casshan,0x0001,,10,,0x00000000,0,,0x00000009,"Mid, Light Hit",0x00000040,Common normal-hit bit,0x00000000,0x00000000,0x00000000,100,0x0200000D,0x00010100,0x83040000,0x00400000,0x00000000,0x00000000,0x000003E8
2026-07-25T23:34:23Z,367,0x91A6CCB8,P1-C2,0x92B6BA00,2,Casshan,0x0136,Knee A,16,,0x00000000,0,,0x0000000C,"Mid, Heavy Hit",0x00040102,"One-eighth block-damage route B, Init/default bit, Default collision family",0x00000000,0x00000000,0x00000000,480,0x0200000D,0x00010100,0x03040000,0x00000000,0x00000000,0x00000000,0x000003E8
2026-07-25T23:34:23Z,369,0x91A6CCB8,P1-C2,0x92B6BA00,2,Casshan,0x00A2,,0,,0x00000000,0,,0x0000000C,"Mid, Heavy Hit",0x00040102,"One-eighth block-damage route B, Init/default bit, Default collision family",0x00000000,0x00000000,0x00000000,480,0x0200000D,0x00010100,0x03040000,0x00000000,0x00000000,0x00000000,0x000003E8
2026-07-25T23:34:23Z,369,0x91A6CCB8,P1-C2,0x92B6BA00,2,Casshan,0x0001,,0,,0x00000000,0,,0x0000000C,"Mid, Heavy Hit",0x00040102,"One-eighth block-damage route B, Init/default bit, Default collision family",0x00000000,0x00000000,0x00000000,480,0x0200000D,0x00010100,0x03040000,0x00000000,0x00000000,0x00000000,0x000003E8
2026-07-25T23:34:24Z,370,0x91A6CCB8,P1-C2,0x92B6BA00,2,Casshan,0x0001,,10,,0x00000000,0,,0x00000009,"Mid, Light Hit",0x00000040,Common normal-hit bit,0x00000000,0x00000000,0x00000000,100,0x0200000D,0x00010100,0x83040000,0x00400000,0x00000000,0x00000000,0x000003E8
2026-07-25T23:34:28Z,392,0x91A6CCB8,P1-C2,0x92B6BA00,2,Casshan,0x0208,Scrap Android,34,,0x00000000,0,,0x0020000C,"Mid, Heavy Hit, A flags 0x00200000",0x00080087,"Damage exception route A, Grab family, Grab modifier route, Init/default bit, Unknown B bits 0x00000080",0x00000000,0x00000000,0x00000000,1,0x0C010009,0x00090024,0x03000000,0x00000000,0x00000000,0x00000000,0x000003E8
2026-07-25T23:34:29Z,399,0x91A6B774,P1-C2,0x92B6BA00,2,Casshan,0x0208,Scrap Android,106,,0x00000000,0,,0x0000000C,"Mid, Heavy Hit",0x00040102,"One-eighth block-damage route B, Init/default bit, Default collision family",0x00000000,0x00000000,0x00000000,480,0x0200000D,0x00010100,0x03040000,0x00000000,0x00000000,0x00000000,0x000003E9
2026-07-25T23:34:30Z,404,0x91A6B774,P1-C2,0x92B6BA00,2,Casshan,0x0208,Scrap Android,115,,0x00000000,0,,0x0000400C,"Mid, Heavy Hit, A flags 0x00004000",0x00040102,"One-eighth block-damage route B, Init/default bit, Default collision family",0x00000000,0x00000000,0x00000000,480,0x0200000D,0x00010100,0x03040000,0x00000000,0x00000000,0x00000000,0x000003E9
2026-07-25T23:34:30Z,404,0x91A6B774,P1-C2,0x92B6BA00,2,Casshan,0x0208,Scrap Android,118,,0x00000000,0,,0x00000009,"Mid, Light Hit",0x00000040,Common normal-hit bit,0x00000000,0x00000000,0x00000000,100,0x0200000D,0x00010100,0x83040000,0x00400000,0x00000000,0x00000000,0x000003E9
2026-07-25T23:34:30Z,406,0x91A6CCB8,P1-C2,0x92B6BA00,2,Casshan,0x0208,Scrap Android,131,,0x00000000,0,,0x0020000C,"Mid, Heavy Hit, A flags 0x00200000",0x00080087,"Damage exception route A, Grab family, Grab modifier route, Init/default bit, Unknown B bits 0x00000080",0x00000000,0x00000000,0x00000000,1,0x0C010009,0x00090024,0x83000000,0x00000000,0x00000000,0x00000000,0x000003E8
2026-07-25T23:34:30Z,406,0x91A6CCB8,P1-C2,0x92B6BA00,2,Casshan,0x0208,Scrap Android,132,,0x00000000,0,,0x00000009,"Mid, Light Hit",0x00000040,Common normal-hit bit,0x00000000,0x00000000,0x00000000,100,0x0C010009,0x00090024,0x83002000,0x00400000,0x00000000,0x00000000,0x000003E8
2026-07-25T23:37:42Z,2126,0x91A6B774,P1-C1,0x9246B9C0,2,Casshan,0x0136,Knee A,14,,0x00000000,0,,0x00000009,"Mid, Light Hit",0x00000040,Common normal-hit bit,0x00000000,0x00000000,0x00000000,100,0x0200000D,0x00010100,0x03040000,0x00000000,0x00000000,0x00000000,0x000003E8
2026-07-25T23:37:42Z,2126,0x91A6B774,P1-C1,0x9246B9C0,2,Casshan,0x0136,Knee A,14,,0x00000000,0,,0x0000000C,"Mid, Heavy Hit",0x00040102,"One-eighth block-damage route B, Init/default bit, Default collision family",0x00000000,0x00000000,0x00000000,480,0x0200000D,0x00010100,0x03040000,0x00000000,0x00000000,0x00000000,0x000003E8
2026-07-25T23:37:42Z,2128,0x91A6B774,P1-C1,0x9246B9C0,2,Casshan,0x0001,,1,,0x00000000,0,,0x0000000C,"Mid, Heavy Hit",0x00040102,"One-eighth block-damage route B, Init/default bit, Default collision family",0x00000000,0x00000000,0x00000000,480,0x0200000D,0x00010100,0x03040000,0x00000000,0x00000000,0x00000000,0x000003E8
2026-07-25T23:37:42Z,2128,0x91A6B774,P1-C1,0x9246B9C0,2,Casshan,0x0003,,2,,0x00000000,0,,0x00000009,"Mid, Light Hit",0x00000040,Common normal-hit bit,0x00000000,0x00000000,0x00000000,100,0x0200000D,0x00010100,0x83040000,0x00400000,0x00000000,0x00000000,0x000003E8
2026-07-25T23:37:42Z,2128,0x91A6B774,P1-C1,0x9246B9C0,2,Casshan,0x0003,,3,,0x00000000,0,,0x00000009,"Mid, Light Hit",0x00000040,Common normal-hit bit,0x00000000,0x00000000,0x00000000,100,0x00000000,0x00010100,0x83040000,0x00400000,0x00000000,0x00000000,0x000003E8
2026-07-25T23:37:45Z,2137,0x91A6B774,P1-C2,0x92B6BA00,30,Frank West,0x0160,Real Megabuster,103,P2-C1,0x927EB9E0,12,Ryu,0x0000000C,"Mid, Heavy Hit",0x00000123,"Damage exception route A, Init/default bit, Default collision family, Unknown B bits 0x00000020",0x00000000,0x0000010C,0x00000023,820,0x2C02000D,0x02030000,0x03040004,0x00000000,0x00000000,0x00000003,0x000003E8
2026-07-25T23:37:45Z,2137,0x91A6B774,P1-C2,0x92B6BA00,30,Frank West,0x0160,Real Megabuster,104,P2-C1,0x927EB9E0,12,Ryu,0x0000000C,"Mid, Heavy Hit",0x00000123,"Damage exception route A, Init/default bit, Default collision family, Unknown B bits 0x00000020",0x00000000,0x0000010C,0x00000023,820,0x2C02000D,0x02030000,0x03000000,0x00000000,0x00000000,0x00000003,0x000003E8
2026-07-25T23:37:45Z,2137,0x91A6B774,P1-C2,0x92B6BA00,30,Frank West,0x0160,Real Megabuster,108,P2-C1,0x927EB9E0,12,Ryu,0x0000000C,"Mid, Heavy Hit",0x00000123,"Damage exception route A, Init/default bit, Default collision family, Unknown B bits 0x00000020",0x00000000,0x0000010C,0x00000023,820,0x2C02000D,0x02030000,0x03000004,0x00000000,0x00000000,0x00000003,0x000003E8
2026-07-25T23:37:45Z,2137,0x91A6B774,P1-C2,0x92B6BA00,30,Frank West,0x0160,Real Megabuster,108,P2-C1,0x927EB9E0,12,Ryu,0x0000000C,"Mid, Heavy Hit",0x00000123,"Damage exception route A, Init/default bit, Default collision family, Unknown B bits 0x00000020",0x00000000,0x0000010C,0x00000023,820,0x2C02000D,0x02030000,0x03002004,0x00000000,0x00000000,0x00000003,0x000003E8
2026-07-25T23:37:45Z,2137,0x91A6B774,P1-C2,0x92B6BA00,30,Frank West,0x0160,Real Megabuster,109,P2-C1,0x927EB9E0,12,Ryu,0x0000000C,"Mid, Heavy Hit",0x00000123,"Damage exception route A, Init/default bit, Default collision family, Unknown B bits 0x00000020",0x00000000,0x0000010C,0x00000023,820,0x2C02000D,0x02030000,0x03000000,0x00000000,0x00000000,0x00000003,0x000003E8
2026-07-25T23:37:45Z,2137,0x91A6B774,P1-C2,0x92B6BA00,30,Frank West,0x0160,Real Megabuster,113,P2-C1,0x927EB9E0,12,Ryu,0x0000000C,"Mid, Heavy Hit",0x00000123,"Damage exception route A, Init/default bit, Default collision family, Unknown B bits 0x00000020",0x00000000,0x0000010C,0x00000023,820,0x2C02000D,0x02030000,0x03002004,0x00000000,0x00000000,0x00000003,0x000003E8
2026-07-25T23:37:45Z,2138,0x91A6B774,P1-C2,0x92B6BA00,30,Frank West,0x0160,Real Megabuster,117,P2-C1,0x927EB9E0,12,Ryu,0x0000000C,"Mid, Heavy Hit",0x00000123,"Damage exception route A, Init/default bit, Default collision family, Unknown B bits 0x00000020",0x00000000,0x0000010C,0x00000023,820,0x2C02000D,0x02030000,0x03000000,0x00000000,0x00000000,0x00000003,0x000003E8
2026-07-25T23:37:45Z,2138,0x91A6B774,P1-C2,0x92B6BA00,30,Frank West,0x0160,Real Megabuster,118,P2-C1,0x927EB9E0,12,Ryu,0x0000000C,"Mid, Heavy Hit",0x00000123,"Damage exception route A, Init/default bit, Default collision family, Unknown B bits 0x00000020",0x00000000,0x0000010C,0x00000023,820,0x2C02000D,0x02030000,0x03002004,0x00000000,0x00000000,0x00000003,0x000003E8
2026-07-25T23:37:45Z,2138,0x91A6B774,P1-C2,0x92B6BA00,30,Frank West,0x0160,Real Megabuster,119,P2-C1,0x927EB9E0,12,Ryu,0x0000000C,"Mid, Heavy Hit",0x00000123,"Damage exception route A, Init/default bit, Default collision family, Unknown B bits 0x00000020",0x00000000,0x0000010C,0x00000023,820,0x2C02000D,0x02030000,0x03000000,0x00000000,0x00000000,0x00000003,0x000003E8
2026-07-25T23:37:45Z,2138,0x91A6B774,P1-C2,0x92B6BA00,30,Frank West,0x0160,Real Megabuster,123,P2-C1,0x927EB9E0,12,Ryu,0x0000000C,"Mid, Heavy Hit",0x00000123,"Damage exception route A, Init/default bit, Default collision family, Unknown B bits 0x00000020",0x00000000,0x0000010C,0x00000023,820,0x2C02000D,0x02030000,0x03002004,0x00000000,0x00000000,0x00000003,0x000003E8
2026-07-25T23:37:45Z,2138,0x91A6B774,P1-C2,0x92B6BA00,30,Frank West,0x0160,Real Megabuster,124,P2-C1,0x927EB9E0,12,Ryu,0x0000000C,"Mid, Heavy Hit",0x00000123,"Damage exception route A, Init/default bit, Default collision family, Unknown B bits 0x00000020",0x00000000,0x0000010C,0x00000023,820,0x2C02000D,0x02030000,0x03000000,0x00000000,0x00000000,0x00000003,0x000003E8
2026-07-25T23:37:46Z,2139,0x91A6B774,P1-C2,0x92B6BA00,30,Frank West,0x0160,Real Megabuster,127,P2-C1,0x927EB9E0,12,Ryu,0x0000000C,"Mid, Heavy Hit",0x00000123,"Damage exception route A, Init/default bit, Default collision family, Unknown B bits 0x00000020",0x00000000,0x0000010C,0x00000023,820,0x2C02000D,0x02030000,0x03002004,0x00000000,0x00000000,0x00000003,0x000003E8
2026-07-25T23:37:46Z,2139,0x91A6B774,P1-C2,0x92B6BA00,30,Frank West,0x0160,Real Megabuster,129,P2-C1,0x927EB9E0,12,Ryu,0x0000000C,"Mid, Heavy Hit",0x00000123,"Damage exception route A, Init/default bit, Default collision family, Unknown B bits 0x00000020",0x00000000,0x0000010C,0x00000023,820,0x2C02000D,0x02030000,0x03000000,0x00000000,0x00000000,0x00000003,0x000003E8
2026-07-25T23:37:46Z,2139,0x91A6B774,P1-C2,0x92B6BA00,30,Frank West,0x0160,Real Megabuster,133,P2-C1,0x927EB9E0,12,Ryu,0x0000000C,"Mid, Heavy Hit",0x00000123,"Damage exception route A, Init/default bit, Default collision family, Unknown B bits 0x00000020",0x00000000,0x0000010C,0x00000023,820,0x2C02000D,0x02030000,0x03002004,0x00000000,0x00000000,0x00000003,0x000003E8
2026-07-25T23:37:46Z,2139,0x91A6B774,P1-C2,0x92B6BA00,30,Frank West,0x0160,Real Megabuster,134,P2-C1,0x927EB9E0,12,Ryu,0x0000000C,"Mid, Heavy Hit",0x00000123,"Damage exception route A, Init/default bit, Default collision family, Unknown B bits 0x00000020",0x00000000,0x0000010C,0x00000023,820,0x2C02000D,0x02030000,0x03000000,0x00000000,0x00000000,0x00000003,0x000003E8
2026-07-25T23:37:46Z,2140,0x91A6B774,P1-C2,0x92B6BA00,30,Frank West,0x0160,Real Megabuster,138,P2-C1,0x927EB9E0,12,Ryu,0x0000000C,"Mid, Heavy Hit",0x00000123,"Damage exception route A, Init/default bit, Default collision family, Unknown B bits 0x00000020",0x00000000,0x0000010C,0x00000023,820,0x2C02000D,0x02030000,0x03002004,0x00000000,0x00000000,0x00000003,0x000003E8
2026-07-25T23:37:46Z,2140,0x91A6B774,P1-C2,0x92B6BA00,30,Frank West,0x0160,Real Megabuster,139,P2-C1,0x927EB9E0,12,Ryu,0x0000000C,"Mid, Heavy Hit",0x00000123,"Damage exception route A, Init/default bit, Default collision family, Unknown B bits 0x00000020",0x00000000,0x0000010C,0x00000023,820,0x2C02000D,0x02030000,0x03000000,0x00000000,0x00000000,0x00000003,0x000003E8
2026-07-25T23:37:46Z,2141,0x91A6B774,P1-C2,0x92B6BA00,30,Frank West,0x0160,Real Megabuster,143,P2-C1,0x927EB9E0,12,Ryu,0x0000000C,"Mid, Heavy Hit",0x00000123,"Damage exception route A, Init/default bit, Default collision family, Unknown B bits 0x00000020",0x00000000,0x0000010C,0x00000023,820,0x2C02000D,0x02030000,0x03002004,0x00000000,0x00000000,0x00000003,0x000003E8
2026-07-25T23:37:46Z,2141,0x91A6B774,P1-C2,0x92B6BA00,30,Frank West,0x0160,Real Megabuster,144,P2-C1,0x927EB9E0,12,Ryu,0x0000000C,"Mid, Heavy Hit",0x00000123,"Damage exception route A, Init/default bit, Default collision family, Unknown B bits 0x00000020",0x00000000,0x0000010C,0x00000023,820,0x2C02000D,0x02030000,0x03000000,0x00000000,0x00000000,0x00000003,0x000003E8
2026-07-25T23:37:46Z,2142,0x91A6B774,P1-C2,0x92B6BA00,30,Frank West,0x0160,Real Megabuster,148,P2-C1,0x927EB9E0,12,Ryu,0x0000000C,"Mid, Heavy Hit",0x00000123,"Damage exception route A, Init/default bit, Default collision family, Unknown B bits 0x00000020",0x00000000,0x0000010C,0x00000023,820,0x2C02000D,0x02030000,0x03002004,0x00000000,0x00000000,0x00000003,0x000003E8
2026-07-25T23:37:46Z,2142,0x91A6B774,P1-C2,0x92B6BA00,30,Frank West,0x0160,Real Megabuster,149,P2-C1,0x927EB9E0,12,Ryu,0x0000000C,"Mid, Heavy Hit",0x00000123,"Damage exception route A, Init/default bit, Default collision family, Unknown B bits 0x00000020",0x00000000,0x0000010C,0x00000023,820,0x2C02000D,0x02030000,0x03000000,0x00000000,0x00000000,0x00000003,0x000003E8
2026-07-25T23:37:46Z,2143,0x91A6B774,P1-C2,0x92B6BA00,30,Frank West,0x0160,Real Megabuster,153,P2-C1,0x927EB9E0,12,Ryu,0x0000000C,"Mid, Heavy Hit",0x00000123,"Damage exception route A, Init/default bit, Default collision family, Unknown B bits 0x00000020",0x00000000,0x0000010C,0x00000023,820,0x2C02000D,0x02030000,0x03002004,0x00000000,0x00000000,0x00000003,0x000003E8
2026-07-25T23:37:46Z,2143,0x91A6B774,P1-C2,0x92B6BA00,30,Frank West,0x0160,Real Megabuster,154,P2-C1,0x927EB9E0,12,Ryu,0x0000000C,"Mid, Heavy Hit",0x00000123,"Damage exception route A, Init/default bit, Default collision family, Unknown B bits 0x00000020",0x00000000,0x0000010C,0x00000023,820,0x2C02000D,0x02030000,0x03000000,0x00000000,0x00000000,0x00000003,0x000003E8
2026-07-25T23:37:46Z,2143,0x91A6B774,P1-C2,0x92B6BA00,30,Frank West,0x0160,Real Megabuster,158,P2-C1,0x927EB9E0,12,Ryu,0x0000000C,"Mid, Heavy Hit",0x00000123,"Damage exception route A, Init/default bit, Default collision family, Unknown B bits 0x00000020",0x00000000,0x0000010C,0x00000023,820,0x2C02000D,0x02030000,0x03002004,0x00000000,0x00000000,0x00000003,0x000003E8
2026-07-25T23:37:46Z,2144,0x91A6B774,P1-C2,0x92B6BA00,30,Frank West,0x0160,Real Megabuster,159,P2-C1,0x927EB9E0,12,Ryu,0x0000000C,"Mid, Heavy Hit",0x00000123,"Damage exception route A, Init/default bit, Default collision family, Unknown B bits 0x00000020",0x00000000,0x0000010C,0x00000023,820,0x2C02000D,0x02030000,0x03000000,0x00000000,0x00000000,0x00000003,0x000003E8
2026-07-25T23:37:47Z,2144,0x91A6B774,P1-C2,0x92B6BA00,30,Frank West,0x0160,Real Megabuster,163,P2-C1,0x927EB9E0,12,Ryu,0x0000000C,"Mid, Heavy Hit",0x00000123,"Damage exception route A, Init/default bit, Default collision family, Unknown B bits 0x00000020",0x00000000,0x0000010C,0x00000023,820,0x2C02000D,0x02030000,0x03002004,0x00000000,0x00000000,0x00000003,0x000003E8
2026-07-25T23:37:47Z,2144,0x91A6B774,P1-C2,0x92B6BA00,30,Frank West,0x0160,Real Megabuster,164,P2-C1,0x927EB9E0,12,Ryu,0x0000000C,"Mid, Heavy Hit",0x00000123,"Damage exception route A, Init/default bit, Default collision family, Unknown B bits 0x00000020",0x00000000,0x0000010C,0x00000023,820,0x2C02000D,0x02030000,0x03000000,0x00000000,0x00000000,0x00000003,0x000003E8
2026-07-25T23:37:47Z,2144,0x91A6B774,P1-C2,0x92B6BA00,30,Frank West,0x0160,Real Megabuster,168,P2-C1,0x927EB9E0,12,Ryu,0x0000000C,"Mid, Heavy Hit",0x00000123,"Damage exception route A, Init/default bit, Default collision family, Unknown B bits 0x00000020",0x00000000,0x0000010C,0x00000023,820,0x2C02000D,0x02030000,0x03002004,0x00000000,0x00000000,0x00000003,0x000003E8
2026-07-25T23:37:47Z,2145,0x91A6B774,P1-C2,0x92B6BA00,30,Frank West,0x0160,Real Megabuster,169,P2-C1,0x927EB9E0,12,Ryu,0x0000000C,"Mid, Heavy Hit",0x00000123,"Damage exception route A, Init/default bit, Default collision family, Unknown B bits 0x00000020",0x00000000,0x0000010C,0x00000023,820,0x2C02000D,0x02030000,0x03000000,0x00000000,0x00000000,0x00000003,0x000003E8
2026-07-25T23:37:47Z,2145,0x91A6B774,P1-C2,0x92B6BA00,30,Frank West,0x0160,Real Megabuster,172,P2-C1,0x927EB9E0,12,Ryu,0x0000000C,"Mid, Heavy Hit",0x00000123,"Damage exception route A, Init/default bit, Default collision family, Unknown B bits 0x00000020",0x00000000,0x0000010C,0x00000023,820,0x2C02000D,0x02030000,0x03002004,0x00000000,0x00000000,0x00000003,0x000003E8
2026-07-25T23:37:47Z,2146,0x91A6B774,P1-C2,0x92B6BA00,30,Frank West,0x0160,Real Megabuster,174,P2-C1,0x927EB9E0,12,Ryu,0x0000000C,"Mid, Heavy Hit",0x00000123,"Damage exception route A, Init/default bit, Default collision family, Unknown B bits 0x00000020",0x00000000,0x0000010C,0x00000023,820,0x2C02000D,0x02030000,0x03000000,0x00000000,0x00000000,0x00000003,0x000003E8
2026-07-25T23:37:47Z,2146,0x91A6B774,P1-C2,0x92B6BA00,30,Frank West,0x0160,Real Megabuster,178,P2-C1,0x927EB9E0,12,Ryu,0x0000000C,"Mid, Heavy Hit",0x00000123,"Damage exception route A, Init/default bit, Default collision family, Unknown B bits 0x00000020",0x00000000,0x0000010C,0x00000023,820,0x2C02000D,0x02030000,0x03002004,0x00000000,0x00000000,0x00000003,0x000003E8
2026-07-25T23:37:47Z,2146,0x91A6B774,P1-C2,0x92B6BA00,30,Frank West,0x0160,Real Megabuster,179,P2-C1,0x927EB9E0,12,Ryu,0x0000000C,"Mid, Heavy Hit",0x00000123,"Damage exception route A, Init/default bit, Default collision family, Unknown B bits 0x00000020",0x00000000,0x0000010C,0x00000023,820,0x2C02000D,0x02030000,0x03000000,0x00000000,0x00000000,0x00000003,0x000003E8
2026-07-25T23:37:47Z,2147,0x91A6B774,P1-C2,0x92B6BA00,30,Frank West,0x0160,Real Megabuster,183,P2-C1,0x927EB9E0,12,Ryu,0x0000000C,"Mid, Heavy Hit",0x00000123,"Damage exception route A, Init/default bit, Default collision family, Unknown B bits 0x00000020",0x00000000,0x0000010C,0x00000023,820,0x2C02000D,0x02030000,0x03000004,0x00000000,0x00000000,0x00000003,0x000003E8
2026-07-25T23:37:47Z,2147,0x91A6B774,P1-C2,0x92B6BA00,30,Frank West,0x0160,Real Megabuster,183,P2-C1,0x927EB9E0,12,Ryu,0x0000000C,"Mid, Heavy Hit",0x00000123,"Damage exception route A, Init/default bit, Default collision family, Unknown B bits 0x00000020",0x00000000,0x0000010C,0x00000023,820,0x2C02000D,0x02030000,0x03002004,0x00000000,0x00000000,0x00000003,0x000003E8
2026-07-25T23:37:47Z,2147,0x91A6B774,P1-C2,0x92B6BA00,30,Frank West,0x0160,Real Megabuster,184,P2-C1,0x927EB9E0,12,Ryu,0x0000000C,"Mid, Heavy Hit",0x00000123,"Damage exception route A, Init/default bit, Default collision family, Unknown B bits 0x00000020",0x00000000,0x0000010C,0x00000023,820,0x2C02000D,0x02030000,0x03000000,0x00000000,0x00000000,0x00000003,0x000003E8
2026-07-25T23:37:47Z,2148,0x91A6B774,P1-C2,0x92B6BA00,30,Frank West,0x0160,Real Megabuster,188,P2-C1,0x927EB9E0,12,Ryu,0x0000000C,"Mid, Heavy Hit",0x00000123,"Damage exception route A, Init/default bit, Default collision family, Unknown B bits 0x00000020",0x00000000,0x0000010C,0x00000023,820,0x2C02000D,0x02030000,0x03002004,0x00000000,0x00000000,0x00000003,0x000003E8
2026-07-25T23:37:47Z,2148,0x91A6B774,P1-C2,0x92B6BA00,30,Frank West,0x0160,Real Megabuster,189,P2-C1,0x927EB9E0,12,Ryu,0x0000000C,"Mid, Heavy Hit",0x00000123,"Damage exception route A, Init/default bit, Default collision family, Unknown B bits 0x00000020",0x00000000,0x0000010C,0x00000023,820,0x2C02000D,0x02030000,0x03000000,0x00000000,0x00000000,0x00000003,0x000003E8
2026-07-25T23:37:47Z,2148,0x91A6B774,P1-C2,0x92B6BA00,30,Frank West,0x0160,Real Megabuster,193,P2-C1,0x927EB9E0,12,Ryu,0x0000000C,"Mid, Heavy Hit",0x00000123,"Damage exception route A, Init/default bit, Default collision family, Unknown B bits 0x00000020",0x00000000,0x0000010C,0x00000023,820,0x2C02000D,0x02030000,0x03002004,0x00000000,0x00000000,0x00000003,0x000003E8
2026-07-25T23:37:47Z,2148,0x91A6B774,P1-C2,0x92B6BA00,30,Frank West,0x0160,Real Megabuster,194,P2-C1,0x927EB9E0,12,Ryu,0x0000000C,"Mid, Heavy Hit",0x00000123,"Damage exception route A, Init/default bit, Default collision family, Unknown B bits 0x00000020",0x00000000,0x0000010C,0x00000023,820,0x2C02000D,0x02030000,0x03000000,0x00000000,0x00000000,0x00000003,0x000003E8
2026-07-25T23:37:48Z,2149,0x91A6B774,P1-C2,0x92B6BA00,30,Frank West,0x0160,Real Megabuster,198,P2-C1,0x927EB9E0,12,Ryu,0x0000010C,"Mid, Heavy Hit, A flags 0x00000100",0x00000023,"Damage exception route A, Init/default bit, Unknown B bits 0x00000020",0x00000000,0x0000010C,0x00000023,1040,0x2C02000D,0x02030000,0x03002004,0x00000000,0x00000000,0x00000003,0x000003E8
2026-07-25T23:37:48Z,2149,0x91A6B774,P1-C2,0x92B6BA00,30,Frank West,0x0160,Real Megabuster,199,P2-C1,0x927EB9E0,12,Ryu,0x00000009,"Mid, Light Hit",0x00000040,Common normal-hit bit,0x00000000,0x0000010C,0x00000023,100,0x2C02000D,0x02030000,0x83006000,0x83006000,0x00000000,0x00000003,0x000003E8
2026-07-25T23:37:48Z,2151,0x91A6B774,P1-C2,0x92B6BA00,30,Frank West,0x0160,Real Megabuster,217,P2-C1,0x927EB9E0,12,Ryu,0x00000009,"Mid, Light Hit",0x00000040,Common normal-hit bit,0x00000000,0x0000010C,0x00000023,100,0x2C02000D,0x02030000,0x83006000,0x00400000,0x00000000,0x00000003,0x000003E8
2026-07-25T23:38:00Z,2204,0x91A6B774,P1-C1,0x9246B9C0,2,Casshan,0x0136,Knee A,15,,0x00000000,0,,0x0000000C,"Mid, Heavy Hit",0x00040102,"One-eighth block-damage route B, Init/default bit, Default collision family",0x00000000,0x00000000,0x00000000,480,0x0200000D,0x00010100,0x03040000,0x00000000,0x00000000,0x00000000,0x000003E8
2026-07-25T23:38:00Z,2205,0x91A6B774,P1-C1,0x9246B9C0,2,Casshan,0x00A2,,0,,0x00000000,0,,0x0000000C,"Mid, Heavy Hit",0x00040102,"One-eighth block-damage route B, Init/default bit, Default collision family",0x00000000,0x00000000,0x00000000,480,0x0200000D,0x00010100,0x03040000,0x00000000,0x00000000,0x00000000,0x000003E8
2026-07-25T23:38:00Z,2205,0x91A6B774,P1-C1,0x9246B9C0,2,Casshan,0x0001,,0,,0x00000000,0,,0x0000000C,"Mid, Heavy Hit",0x00040102,"One-eighth block-damage route B, Init/default bit, Default collision family",0x00000000,0x00000000,0x00000000,480,0x0200000D,0x00010100,0x03040000,0x00000000,0x00000000,0x00000000,0x000003E8
2026-07-25T23:38:00Z,2206,0x91A6B774,P1-C1,0x9246B9C0,2,Casshan,0x0001,,10,,0x00000000,0,,0x00000009,"Mid, Light Hit",0x00000040,Common normal-hit bit,0x00000000,0x00000000,0x00000000,100,0x0200000D,0x00010100,0x83040000,0x00400000,0x00000000,0x00000000,0x000003E8
2026-07-25T23:38:00Z,2206,0x91A6B774,P1-C1,0x9246B9C0,2,Casshan,0x0001,,10,,0x00000000,0,,0x00000009,"Mid, Light Hit",0x00000040,Common normal-hit bit,0x00000000,0x00000000,0x00000000,100,0x00000000,0x00010100,0x83040000,0x00400000,0x00000000,0x00000000,0x000003E8
2026-07-25T23:38:03Z,2219,0x91A6B774,P1-C2,0x92B6BA00,30,Frank West,0x0160,Real Megabuster,103,P2-C1,0x927EB9E0,12,Ryu,0x0000000C,"Mid, Heavy Hit",0x00000123,"Damage exception route A, Init/default bit, Default collision family, Unknown B bits 0x00000020",0x00000000,0x0000010C,0x00000023,820,0x2C02000D,0x02030000,0x03040004,0x00000000,0x00000000,0x00000003,0x000003E8
2026-07-25T23:38:03Z,2219,0x91A6B774,P1-C2,0x92B6BA00,30,Frank West,0x0160,Real Megabuster,104,P2-C1,0x927EB9E0,12,Ryu,0x0000000C,"Mid, Heavy Hit",0x00000123,"Damage exception route A, Init/default bit, Default collision family, Unknown B bits 0x00000020",0x00000000,0x0000010C,0x00000023,820,0x2C02000D,0x02030000,0x03000000,0x00000000,0x00000000,0x00000003,0x000003E8
2026-07-25T23:38:03Z,2219,0x91A6B774,P1-C2,0x92B6BA00,30,Frank West,0x0160,Real Megabuster,108,P2-C1,0x927EB9E0,12,Ryu,0x0000000C,"Mid, Heavy Hit",0x00000123,"Damage exception route A, Init/default bit, Default collision family, Unknown B bits 0x00000020",0x00000000,0x0000010C,0x00000023,820,0x2C02000D,0x02030000,0x03002004,0x00000000,0x00000000,0x00000003,0x000003E8
2026-07-25T23:38:03Z,2219,0x91A6B774,P1-C2,0x92B6BA00,30,Frank West,0x0160,Real Megabuster,109,P2-C1,0x927EB9E0,12,Ryu,0x0000000C,"Mid, Heavy Hit",0x00000123,"Damage exception route A, Init/default bit, Default collision family, Unknown B bits 0x00000020",0x00000000,0x0000010C,0x00000023,820,0x2C02000D,0x02030000,0x03000000,0x00000000,0x00000000,0x00000003,0x000003E8
2026-07-25T23:38:03Z,2220,0x91A6B774,P1-C2,0x92B6BA00,30,Frank West,0x0160,Real Megabuster,113,P2-C1,0x927EB9E0,12,Ryu,0x0000000C,"Mid, Heavy Hit",0x00000123,"Damage exception route A, Init/default bit, Default collision family, Unknown B bits 0x00000020",0x00000000,0x0000010C,0x00000023,820,0x2C02000D,0x02030000,0x03002004,0x00000000,0x00000000,0x00000003,0x000003E8
2026-07-25T23:38:03Z,2220,0x91A6B774,P1-C2,0x92B6BA00,30,Frank West,0x0160,Real Megabuster,114,P2-C1,0x927EB9E0,12,Ryu,0x0000000C,"Mid, Heavy Hit",0x00000123,"Damage exception route A, Init/default bit, Default collision family, Unknown B bits 0x00000020",0x00000000,0x0000010C,0x00000023,820,0x2C02000D,0x02030000,0x03000000,0x00000000,0x00000000,0x00000003,0x000003E8
2026-07-25T23:38:03Z,2220,0x91A6B774,P1-C2,0x92B6BA00,30,Frank West,0x0160,Real Megabuster,118,P2-C1,0x927EB9E0,12,Ryu,0x0000000C,"Mid, Heavy Hit",0x00000123,"Damage exception route A, Init/default bit, Default collision family, Unknown B bits 0x00000020",0x00000000,0x0000010C,0x00000023,820,0x2C02000D,0x02030000,0x03002004,0x00000000,0x00000000,0x00000003,0x000003E8
2026-07-25T23:38:03Z,2220,0x91A6B774,P1-C2,0x92B6BA00,30,Frank West,0x0160,Real Megabuster,119,P2-C1,0x927EB9E0,12,Ryu,0x0000000C,"Mid, Heavy Hit",0x00000123,"Damage exception route A, Init/default bit, Default collision family, Unknown B bits 0x00000020",0x00000000,0x0000010C,0x00000023,820,0x2C02000D,0x02030000,0x03000000,0x00000000,0x00000000,0x00000003,0x000003E8
2026-07-25T23:38:03Z,2221,0x91A6B774,P1-C2,0x92B6BA00,30,Frank West,0x0160,Real Megabuster,123,P2-C1,0x927EB9E0,12,Ryu,0x0000000C,"Mid, Heavy Hit",0x00000123,"Damage exception route A, Init/default bit, Default collision family, Unknown B bits 0x00000020",0x00000000,0x0000010C,0x00000023,820,0x2C02000D,0x02030000,0x03002004,0x00000000,0x00000000,0x00000003,0x000003E8
2026-07-25T23:38:04Z,2221,0x91A6B774,P1-C2,0x92B6BA00,30,Frank West,0x0160,Real Megabuster,124,P2-C1,0x927EB9E0,12,Ryu,0x0000000C,"Mid, Heavy Hit",0x00000123,"Damage exception route A, Init/default bit, Default collision family, Unknown B bits 0x00000020",0x00000000,0x0000010C,0x00000023,820,0x2C02000D,0x02030000,0x03000000,0x00000000,0x00000000,0x00000003,0x000003E8
2026-07-25T23:38:04Z,2222,0x91A6B774,P1-C2,0x92B6BA00,30,Frank West,0x0160,Real Megabuster,128,P2-C1,0x927EB9E0,12,Ryu,0x0000000C,"Mid, Heavy Hit",0x00000123,"Damage exception route A, Init/default bit, Default collision family, Unknown B bits 0x00000020",0x00000000,0x0000010C,0x00000023,820,0x2C02000D,0x02030000,0x03002004,0x00000000,0x00000000,0x00000003,0x000003E8
2026-07-25T23:38:04Z,2222,0x91A6B774,P1-C2,0x92B6BA00,30,Frank West,0x0160,Real Megabuster,129,P2-C1,0x927EB9E0,12,Ryu,0x0000000C,"Mid, Heavy Hit",0x00000123,"Damage exception route A, Init/default bit, Default collision family, Unknown B bits 0x00000020",0x00000000,0x0000010C,0x00000023,820,0x2C02000D,0x02030000,0x03000000,0x00000000,0x00000000,0x00000003,0x000003E8
2026-07-25T23:38:04Z,2223,0x91A6B774,P1-C2,0x92B6BA00,30,Frank West,0x0160,Real Megabuster,133,P2-C1,0x927EB9E0,12,Ryu,0x0000000C,"Mid, Heavy Hit",0x00000123,"Damage exception route A, Init/default bit, Default collision family, Unknown B bits 0x00000020",0x00000000,0x0000010C,0x00000023,820,0x2C02000D,0x02030000,0x03002004,0x00000000,0x00000000,0x00000003,0x000003E8
2026-07-25T23:38:04Z,2223,0x91A6B774,P1-C2,0x92B6BA00,30,Frank West,0x0160,Real Megabuster,134,P2-C1,0x927EB9E0,12,Ryu,0x0000000C,"Mid, Heavy Hit",0x00000123,"Damage exception route A, Init/default bit, Default collision family, Unknown B bits 0x00000020",0x00000000,0x0000010C,0x00000023,820,0x2C02000D,0x02030000,0x03000000,0x00000000,0x00000000,0x00000003,0x000003E8
2026-07-25T23:38:04Z,2224,0x91A6B774,P1-C2,0x92B6BA00,30,Frank West,0x0160,Real Megabuster,138,P2-C1,0x927EB9E0,12,Ryu,0x0000000C,"Mid, Heavy Hit",0x00000123,"Damage exception route A, Init/default bit, Default collision family, Unknown B bits 0x00000020",0x00000000,0x0000010C,0x00000023,820,0x2C02000D,0x02030000,0x03002004,0x00000000,0x00000000,0x00000003,0x000003E8
2026-07-25T23:38:04Z,2224,0x91A6B774,P1-C2,0x92B6BA00,30,Frank West,0x0160,Real Megabuster,139,P2-C1,0x927EB9E0,12,Ryu,0x0000000C,"Mid, Heavy Hit",0x00000123,"Damage exception route A, Init/default bit, Default collision family, Unknown B bits 0x00000020",0x00000000,0x0000010C,0x00000023,820,0x2C02000D,0x02030000,0x03000000,0x00000000,0x00000000,0x00000003,0x000003E8
2026-07-25T23:38:04Z,2224,0x91A6B774,P1-C2,0x92B6BA00,30,Frank West,0x0160,Real Megabuster,143,P2-C1,0x927EB9E0,12,Ryu,0x0000000C,"Mid, Heavy Hit",0x00000123,"Damage exception route A, Init/default bit, Default collision family, Unknown B bits 0x00000020",0x00000000,0x0000010C,0x00000023,820,0x2C02000D,0x02030000,0x03002004,0x00000000,0x00000000,0x00000003,0x000003E8
2026-07-25T23:38:04Z,2224,0x91A6B774,P1-C2,0x92B6BA00,30,Frank West,0x0160,Real Megabuster,144,P2-C1,0x927EB9E0,12,Ryu,0x0000000C,"Mid, Heavy Hit",0x00000123,"Damage exception route A, Init/default bit, Default collision family, Unknown B bits 0x00000020",0x00000000,0x0000010C,0x00000023,820,0x2C02000D,0x02030000,0x03000000,0x00000000,0x00000000,0x00000003,0x000003E8
2026-07-25T23:38:04Z,2225,0x91A6B774,P1-C2,0x92B6BA00,30,Frank West,0x0160,Real Megabuster,148,P2-C1,0x927EB9E0,12,Ryu,0x0000000C,"Mid, Heavy Hit",0x00000123,"Damage exception route A, Init/default bit, Default collision family, Unknown B bits 0x00000020",0x00000000,0x0000010C,0x00000023,820,0x2C02000D,0x02030000,0x03002004,0x00000000,0x00000000,0x00000003,0x000003E8
2026-07-25T23:38:04Z,2225,0x91A6B774,P1-C2,0x92B6BA00,30,Frank West,0x0160,Real Megabuster,149,P2-C1,0x927EB9E0,12,Ryu,0x0000000C,"Mid, Heavy Hit",0x00000123,"Damage exception route A, Init/default bit, Default collision family, Unknown B bits 0x00000020",0x00000000,0x0000010C,0x00000023,820,0x2C02000D,0x02030000,0x03000000,0x00000000,0x00000000,0x00000003,0x000003E8
2026-07-25T23:38:04Z,2226,0x91A6B774,P1-C2,0x92B6BA00,30,Frank West,0x0160,Real Megabuster,153,P2-C1,0x927EB9E0,12,Ryu,0x0000000C,"Mid, Heavy Hit",0x00000123,"Damage exception route A, Init/default bit, Default collision family, Unknown B bits 0x00000020",0x00000000,0x0000010C,0x00000023,820,0x2C02000D,0x02030000,0x03002004,0x00000000,0x00000000,0x00000003,0x000003E8
2026-07-25T23:38:04Z,2226,0x91A6B774,P1-C2,0x92B6BA00,30,Frank West,0x0160,Real Megabuster,154,P2-C1,0x927EB9E0,12,Ryu,0x0000000C,"Mid, Heavy Hit",0x00000123,"Damage exception route A, Init/default bit, Default collision family, Unknown B bits 0x00000020",0x00000000,0x0000010C,0x00000023,820,0x2C02000D,0x02030000,0x03000000,0x00000000,0x00000000,0x00000003,0x000003E8
2026-07-25T23:38:04Z,2227,0x91A6B774,P1-C2,0x92B6BA00,30,Frank West,0x0160,Real Megabuster,158,P2-C1,0x927EB9E0,12,Ryu,0x0000000C,"Mid, Heavy Hit",0x00000123,"Damage exception route A, Init/default bit, Default collision family, Unknown B bits 0x00000020",0x00000000,0x0000010C,0x00000023,820,0x2C02000D,0x02030000,0x03002004,0x00000000,0x00000000,0x00000003,0x000003E8
2026-07-25T23:38:05Z,2227,0x91A6B774,P1-C2,0x92B6BA00,30,Frank West,0x0160,Real Megabuster,159,P2-C1,0x927EB9E0,12,Ryu,0x0000000C,"Mid, Heavy Hit",0x00000123,"Damage exception route A, Init/default bit, Default collision family, Unknown B bits 0x00000020",0x00000000,0x0000010C,0x00000023,820,0x2C02000D,0x02030000,0x03002000,0x00000000,0x00000000,0x00000003,0x000003E8
2026-07-25T23:38:05Z,2227,0x91A6B774,P1-C2,0x92B6BA00,30,Frank West,0x0160,Real Megabuster,159,P2-C1,0x927EB9E0,12,Ryu,0x0000000C,"Mid, Heavy Hit",0x00000123,"Damage exception route A, Init/default bit, Default collision family, Unknown B bits 0x00000020",0x00000000,0x0000010C,0x00000023,820,0x2C02000D,0x02030000,0x03000000,0x00000000,0x00000000,0x00000003,0x000003E8
2026-07-25T23:38:05Z,2227,0x91A6B774,P1-C2,0x92B6BA00,30,Frank West,0x0160,Real Megabuster,163,P2-C1,0x927EB9E0,12,Ryu,0x0000000C,"Mid, Heavy Hit",0x00000123,"Damage exception route A, Init/default bit, Default collision family, Unknown B bits 0x00000020",0x00000000,0x0000010C,0x00000023,820,0x2C02000D,0x02030000,0x03002004,0x00000000,0x00000000,0x00000003,0x000003E8
2026-07-25T23:38:05Z,2227,0x91A6B774,P1-C2,0x92B6BA00,30,Frank West,0x0160,Real Megabuster,164,P2-C1,0x927EB9E0,12,Ryu,0x0000000C,"Mid, Heavy Hit",0x00000123,"Damage exception route A, Init/default bit, Default collision family, Unknown B bits 0x00000020",0x00000000,0x0000010C,0x00000023,820,0x2C02000D,0x02030000,0x03000000,0x00000000,0x00000000,0x00000003,0x000003E8
2026-07-25T23:38:05Z,2228,0x91A6B774,P1-C2,0x92B6BA00,30,Frank West,0x0160,Real Megabuster,168,P2-C1,0x927EB9E0,12,Ryu,0x0000000C,"Mid, Heavy Hit",0x00000123,"Damage exception route A, Init/default bit, Default collision family, Unknown B bits 0x00000020",0x00000000,0x0000010C,0x00000023,820,0x2C02000D,0x02030000,0x03002004,0x00000000,0x00000000,0x00000003,0x000003E8
2026-07-25T23:38:05Z,2228,0x91A6B774,P1-C2,0x92B6BA00,30,Frank West,0x0160,Real Megabuster,169,P2-C1,0x927EB9E0,12,Ryu,0x0000000C,"Mid, Heavy Hit",0x00000123,"Damage exception route A, Init/default bit, Default collision family, Unknown B bits 0x00000020",0x00000000,0x0000010C,0x00000023,820,0x2C02000D,0x02030000,0x03000000,0x00000000,0x00000000,0x00000003,0x000003E8
2026-07-25T23:38:05Z,2229,0x91A6B774,P1-C2,0x92B6BA00,30,Frank West,0x0160,Real Megabuster,173,P2-C1,0x927EB9E0,12,Ryu,0x0000000C,"Mid, Heavy Hit",0x00000123,"Damage exception route A, Init/default bit, Default collision family, Unknown B bits 0x00000020",0x00000000,0x0000010C,0x00000023,820,0x2C02000D,0x02030000,0x03002004,0x00000000,0x00000000,0x00000003,0x000003E8
2026-07-25T23:38:05Z,2229,0x91A6B774,P1-C2,0x92B6BA00,30,Frank West,0x0160,Real Megabuster,174,P2-C1,0x927EB9E0,12,Ryu,0x0000000C,"Mid, Heavy Hit",0x00000123,"Damage exception route A, Init/default bit, Default collision family, Unknown B bits 0x00000020",0x00000000,0x0000010C,0x00000023,820,0x2C02000D,0x02030000,0x03000000,0x00000000,0x00000000,0x00000003,0x000003E8
2026-07-25T23:38:05Z,2229,0x91A6B774,P1-C2,0x92B6BA00,30,Frank West,0x0160,Real Megabuster,177,P2-C1,0x927EB9E0,12,Ryu,0x0000000C,"Mid, Heavy Hit",0x00000123,"Damage exception route A, Init/default bit, Default collision family, Unknown B bits 0x00000020",0x00000000,0x0000010C,0x00000023,820,0x2C02000D,0x02030000,0x03002004,0x00000000,0x00000000,0x00000003,0x000003E8
2026-07-25T23:38:05Z,2230,0x91A6B774,P1-C2,0x92B6BA00,30,Frank West,0x0160,Real Megabuster,179,P2-C1,0x927EB9E0,12,Ryu,0x0000000C,"Mid, Heavy Hit",0x00000123,"Damage exception route A, Init/default bit, Default collision family, Unknown B bits 0x00000020",0x00000000,0x0000010C,0x00000023,820,0x2C02000D,0x02030000,0x03000000,0x00000000,0x00000000,0x00000003,0x000003E8
2026-07-25T23:38:05Z,2230,0x91A6B774,P1-C2,0x92B6BA00,30,Frank West,0x0160,Real Megabuster,183,P2-C1,0x927EB9E0,12,Ryu,0x0000000C,"Mid, Heavy Hit",0x00000123,"Damage exception route A, Init/default bit, Default collision family, Unknown B bits 0x00000020",0x00000000,0x0000010C,0x00000023,820,0x2C02000D,0x02030000,0x03002004,0x00000000,0x00000000,0x00000003,0x000003E8
2026-07-25T23:38:05Z,2230,0x91A6B774,P1-C2,0x92B6BA00,30,Frank West,0x0160,Real Megabuster,184,P2-C1,0x927EB9E0,12,Ryu,0x0000000C,"Mid, Heavy Hit",0x00000123,"Damage exception route A, Init/default bit, Default collision family, Unknown B bits 0x00000020",0x00000000,0x0000010C,0x00000023,820,0x2C02000D,0x02030000,0x03002000,0x00000000,0x00000000,0x00000003,0x000003E8
2026-07-25T23:38:05Z,2230,0x91A6B774,P1-C2,0x92B6BA00,30,Frank West,0x0160,Real Megabuster,184,P2-C1,0x927EB9E0,12,Ryu,0x0000000C,"Mid, Heavy Hit",0x00000123,"Damage exception route A, Init/default bit, Default collision family, Unknown B bits 0x00000020",0x00000000,0x0000010C,0x00000023,820,0x2C02000D,0x02030000,0x03000000,0x00000000,0x00000000,0x00000003,0x000003E8
2026-07-25T23:38:06Z,2231,0x91A6B774,P1-C2,0x92B6BA00,30,Frank West,0x0160,Real Megabuster,199,P2-C1,0x927EB9E0,12,Ryu,0x00000009,"Mid, Light Hit",0x00000040,Common normal-hit bit,0x00000000,0x0000010C,0x00000023,100,0x2C02000D,0x02030000,0x83002000,0x83002000,0x00000000,0x00000003,0x000003E8
2026-07-25T23:38:06Z,2231,0x91A6B774,P1-C2,0x92B6BA00,30,Frank West,0x0160,Real Megabuster,200,P2-C1,0x927EB9E0,12,Ryu,0x00000009,"Mid, Light Hit",0x00000040,Common normal-hit bit,0x00000000,0x0000010C,0x00000023,100,0x2C02000D,0x02030000,0x83006000,0x83006000,0x00000000,0x00000003,0x000003E8
2026-07-25T23:38:06Z,2234,0x91A6B774,P1-C2,0x92B6BA00,30,Frank West,0x0160,Real Megabuster,216,P2-C1,0x927EB9E0,12,Ryu,0x00000009,"Mid, Light Hit",0x00000040,Common normal-hit bit,0x00000000,0x0000010C,0x00000023,100,0x2C02000D,0x02030000,0x83006000,0x00400000,0x00000000,0x00000003,0x000003E8
2026-07-25T23:38:06Z,2234,0x91A6B774,P1-C1,0x9246B9C0,2,Casshan,0x0208,Scrap Android,35,,0x00000000,0,,0x0020000C,"Mid, Heavy Hit, A flags 0x00200000",0x00080087,"Damage exception route A, Grab family, Grab modifier route, Init/default bit, Unknown B bits 0x00000080",0x00000000,0x00000000,0x00000000,1,0x0C010009,0x00090024,0x03000000,0x00000000,0x00000000,0x00000000,0x000003E8
2026-07-25T23:38:07Z,2240,0x91A6CCB8,P1-C1,0x9246B9C0,2,Casshan,0x0208,Scrap Android,107,,0x00000000,0,,0x0000000C,"Mid, Heavy Hit",0x00040102,"One-eighth block-damage route B, Init/default bit, Default collision family",0x00000000,0x00000000,0x00000000,480,0x0200000D,0x00010100,0x03040000,0x00000000,0x00000000,0x00000000,0x000003E9
2026-07-25T23:38:08Z,2245,0x91A6CCB8,P1-C1,0x9246B9C0,2,Casshan,0x0208,Scrap Android,115,,0x00000000,0,,0x0000400C,"Mid, Heavy Hit, A flags 0x00004000",0x00040102,"One-eighth block-damage route B, Init/default bit, Default collision family",0x00000000,0x00000000,0x00000000,480,0x0200000D,0x00010100,0x03040000,0x00000000,0x00000000,0x00000000,0x000003E9
2026-07-25T23:38:08Z,2246,0x91A6CCB8,P1-C1,0x9246B9C0,2,Casshan,0x0208,Scrap Android,118,,0x00000000,0,,0x00000009,"Mid, Light Hit",0x00000040,Common normal-hit bit,0x00000000,0x00000000,0x00000000,100,0x0200000D,0x00010100,0x83040000,0x00400000,0x00000000,0x00000000,0x000003E9
2026-07-25T23:38:09Z,2251,0x91A6B774,P1-C1,0x9246B9C0,2,Casshan,0x0208,Scrap Android,156,,0x00000000,0,,0x00000009,"Mid, Light Hit",0x00000040,Common normal-hit bit,0x00000000,0x00000000,0x00000000,100,0x00000000,0x00090024,0x83002000,0x00400000,0x00000000,0x00000000,0x000003E8
2026-07-25T23:38:11Z,2262,0x91A6B774,P1-C1,0x9246B9C0,2,Casshan,0x0160,Brutal Axe,104,,0x00000000,0,,0x0000410C,"Mid, Heavy Hit, A flags 0x00004100",0x00100123,"Damage exception route A, Paired special condition, Init/default bit, Default collision family, Unknown B bits 0x00000020",0x00000000,0x00000000,0x00000000,1440,0x0E02000D,0x10010000,0x03000000,0x00000000,0x00000000,0x00000003,0x000003E8
2026-07-25T23:38:11Z,2265,0x91A6B774,P1-C1,0x9246B9C0,2,Casshan,0x0160,Brutal Axe,129,P2-C1,0x927EB9E0,12,Ryu,0x0000410C,"Mid, Heavy Hit, A flags 0x00004100",0x00100123,"Damage exception route A, Paired special condition, Init/default bit, Default collision family, Unknown B bits 0x00000020",0x00000000,0x00000000,0x00000000,1440,0x0E02000D,0x10010000,0x03002004,0x00000000,0x00000000,0x00000003,0x000003E8
2026-07-25T23:38:11Z,2265,0x91A6B774,P1-C1,0x9246B9C0,2,Casshan,0x0160,Brutal Axe,139,P2-C1,0x927EB9E0,12,Ryu,0x0000410C,"Mid, Heavy Hit, A flags 0x00004100",0x00100123,"Damage exception route A, Paired special condition, Init/default bit, Default collision family, Unknown B bits 0x00000020",0x00000000,0x00000000,0x00000000,1440,0x0E02000D,0x10010000,0x03000000,0x00000000,0x00000000,0x00000003,0x000003E8
2026-07-25T23:38:11Z,2265,0x91A6B774,P1-C1,0x9246B9C0,2,Casshan,0x0160,Brutal Axe,141,P2-C1,0x927EB9E0,12,Ryu,0x0000410C,"Mid, Heavy Hit, A flags 0x00004100",0x00100123,"Damage exception route A, Paired special condition, Init/default bit, Default collision family, Unknown B bits 0x00000020",0x00000000,0x00000000,0x00000000,1440,0x0E02000D,0x10010000,0x03002004,0x00000000,0x00000000,0x00000003,0x000003E8
2026-07-25T23:38:11Z,2265,0x91A6B774,P1-C1,0x9246B9C0,2,Casshan,0x0160,Brutal Axe,142,P2-C1,0x927EB9E0,12,Ryu,0x0000410C,"Mid, Heavy Hit, A flags 0x00004100",0x00100123,"Damage exception route A, Paired special condition, Init/default bit, Default collision family, Unknown B bits 0x00000020",0x00000000,0x00000000,0x00000000,1440,0x0E02000D,0x10010000,0x03000000,0x00000000,0x00000000,0x00000003,0x000003E8
2026-07-25T23:38:12Z,2266,0x91A6B774,P1-C1,0x9246B9C0,2,Casshan,0x0160,Brutal Axe,151,P2-C1,0x927EB9E0,12,Ryu,0x00000009,"Mid, Light Hit",0x00000040,Common normal-hit bit,0x00000000,0x00000000,0x00000000,100,0x0E02000D,0x10010000,0x83000000,0x00400000,0x00000000,0x00000003,0x000003E8
2026-07-25T23:49:50Z,73,0x91A6B774,P1-C1,0x9246B9C0,2,Casshan,0x0136,Knee A,15,,0x00000000,0,,0x0000000C,"Mid, Heavy Hit",0x00040102,"One-eighth block-damage route B, Init/default bit, Default collision family",0x00000000,0x00000000,0x00000000,480,0x0200000D,0x00010100,0x03040000,0x00000000,0x00000000,0x00000000,0x000003E8
2026-07-25T23:49:51Z,75,0x91A6B774,P1-C1,0x9246B9C0,2,Casshan,0x0001,,0,,0x00000000,0,,0x0000000C,"Mid, Heavy Hit",0x00040102,"One-eighth block-damage route B, Init/default bit, Default collision family",0x00000000,0x00000000,0x00000000,480,0x0200000D,0x00010100,0x03040000,0x00000000,0x00000000,0x00000000,0x000003E8
2026-07-25T23:49:51Z,75,0x91A6B774,P1-C1,0x9246B9C0,2,Casshan,0x0003,,0,,0x00000000,0,,0x0000000C,"Mid, Heavy Hit",0x00040102,"One-eighth block-damage route B, Init/default bit, Default collision family",0x00000000,0x00000000,0x00000000,480,0x0200000D,0x00010100,0x03040000,0x00000000,0x00000000,0x00000000,0x000003E8
2026-07-25T23:49:51Z,76,0x91A6B774,P1-C1,0x9246B9C0,2,Casshan,0x000B,,1,,0x00000000,0,,0x00000009,"Mid, Light Hit",0x00000040,Common normal-hit bit,0x00000000,0x00000000,0x00000000,100,0x00000000,0x00010100,0x83040000,0x00400000,0x00000000,0x00000000,0x000003E8
2026-07-25T23:49:54Z,85,0x91A6B774,P1-C2,0x92B6BA00,30,Frank West,0x0160,Real Megabuster,103,P2-C1,0x927EB9E0,12,Ryu,0x0000000C,"Mid, Heavy Hit",0x00000123,"Damage exception route A, Init/default bit, Default collision family, Unknown B bits 0x00000020",0x00000000,0x0000010C,0x00000023,820,0x2C02000D,0x02030000,0x03040004,0x00000000,0x00000000,0x00000003,0x000003E8
2026-07-25T23:49:54Z,85,0x91A6B774,P1-C2,0x92B6BA00,30,Frank West,0x0160,Real Megabuster,104,P2-C1,0x927EB9E0,12,Ryu,0x0000000C,"Mid, Heavy Hit",0x00000123,"Damage exception route A, Init/default bit, Default collision family, Unknown B bits 0x00000020",0x00000000,0x0000010C,0x00000023,820,0x2C02000D,0x02030000,0x03000000,0x00000000,0x00000000,0x00000003,0x000003E8
2026-07-25T23:49:54Z,85,0x91A6B774,P1-C2,0x92B6BA00,30,Frank West,0x0160,Real Megabuster,108,P2-C1,0x927EB9E0,12,Ryu,0x0000000C,"Mid, Heavy Hit",0x00000123,"Damage exception route A, Init/default bit, Default collision family, Unknown B bits 0x00000020",0x00000000,0x0000010C,0x00000023,820,0x2C02000D,0x02030000,0x03002004,0x00000000,0x00000000,0x00000003,0x000003E8
2026-07-25T23:49:54Z,85,0x91A6B774,P1-C2,0x92B6BA00,30,Frank West,0x0160,Real Megabuster,112,P2-C1,0x927EB9E0,12,Ryu,0x0000000C,"Mid, Heavy Hit",0x00000123,"Damage exception route A, Init/default bit, Default collision family, Unknown B bits 0x00000020",0x00000000,0x0000010C,0x00000023,820,0x2C02000D,0x02030000,0x03000000,0x00000000,0x00000000,0x00000003,0x000003E8
2026-07-25T23:49:54Z,85,0x91A6B774,P1-C2,0x92B6BA00,30,Frank West,0x0160,Real Megabuster,113,P2-C1,0x927EB9E0,12,Ryu,0x0000000C,"Mid, Heavy Hit",0x00000123,"Damage exception route A, Init/default bit, Default collision family, Unknown B bits 0x00000020",0x00000000,0x0000010C,0x00000023,820,0x2C02000D,0x02030000,0x03002004,0x00000000,0x00000000,0x00000003,0x000003E8
2026-07-25T23:49:54Z,85,0x91A6B774,P1-C2,0x92B6BA00,30,Frank West,0x0160,Real Megabuster,114,P2-C1,0x927EB9E0,12,Ryu,0x0000000C,"Mid, Heavy Hit",0x00000123,"Damage exception route A, Init/default bit, Default collision family, Unknown B bits 0x00000020",0x00000000,0x0000010C,0x00000023,820,0x2C02000D,0x02030000,0x03000000,0x00000000,0x00000000,0x00000003,0x000003E8
2026-07-25T23:49:54Z,86,0x91A6B774,P1-C2,0x92B6BA00,30,Frank West,0x0160,Real Megabuster,118,P2-C1,0x927EB9E0,12,Ryu,0x0000000C,"Mid, Heavy Hit",0x00000123,"Damage exception route A, Init/default bit, Default collision family, Unknown B bits 0x00000020",0x00000000,0x0000010C,0x00000023,820,0x2C02000D,0x02030000,0x03002004,0x00000000,0x00000000,0x00000003,0x000003E8
2026-07-25T23:49:54Z,86,0x91A6B774,P1-C2,0x92B6BA00,30,Frank West,0x0160,Real Megabuster,119,P2-C1,0x927EB9E0,12,Ryu,0x0000000C,"Mid, Heavy Hit",0x00000123,"Damage exception route A, Init/default bit, Default collision family, Unknown B bits 0x00000020",0x00000000,0x0000010C,0x00000023,820,0x2C02000D,0x02030000,0x03000000,0x00000000,0x00000000,0x00000003,0x000003E8
2026-07-25T23:49:54Z,86,0x91A6B774,P1-C2,0x92B6BA00,30,Frank West,0x0160,Real Megabuster,123,P2-C1,0x927EB9E0,12,Ryu,0x0000000C,"Mid, Heavy Hit",0x00000123,"Damage exception route A, Init/default bit, Default collision family, Unknown B bits 0x00000020",0x00000000,0x0000010C,0x00000023,820,0x2C02000D,0x02030000,0x03002004,0x00000000,0x00000000,0x00000003,0x000003E8
2026-07-25T23:49:54Z,86,0x91A6B774,P1-C2,0x92B6BA00,30,Frank West,0x0160,Real Megabuster,125,P2-C1,0x927EB9E0,12,Ryu,0x0000000C,"Mid, Heavy Hit",0x00000123,"Damage exception route A, Init/default bit, Default collision family, Unknown B bits 0x00000020",0x00000000,0x0000010C,0x00000023,820,0x2C02000D,0x02030000,0x03000000,0x00000000,0x00000000,0x00000003,0x000003E8
2026-07-25T23:49:54Z,87,0x91A6B774,P1-C2,0x92B6BA00,30,Frank West,0x0160,Real Megabuster,128,P2-C1,0x927EB9E0,12,Ryu,0x0000000C,"Mid, Heavy Hit",0x00000123,"Damage exception route A, Init/default bit, Default collision family, Unknown B bits 0x00000020",0x00000000,0x0000010C,0x00000023,820,0x2C02000D,0x02030000,0x03002004,0x00000000,0x00000000,0x00000003,0x000003E8
2026-07-25T23:49:54Z,87,0x91A6B774,P1-C2,0x92B6BA00,30,Frank West,0x0160,Real Megabuster,129,P2-C1,0x927EB9E0,12,Ryu,0x0000000C,"Mid, Heavy Hit",0x00000123,"Damage exception route A, Init/default bit, Default collision family, Unknown B bits 0x00000020",0x00000000,0x0000010C,0x00000023,820,0x2C02000D,0x02030000,0x03000000,0x00000000,0x00000000,0x00000003,0x000003E8
2026-07-25T23:49:54Z,87,0x91A6B774,P1-C2,0x92B6BA00,30,Frank West,0x0160,Real Megabuster,133,P2-C1,0x927EB9E0,12,Ryu,0x0000000C,"Mid, Heavy Hit",0x00000123,"Damage exception route A, Init/default bit, Default collision family, Unknown B bits 0x00000020",0x00000000,0x0000010C,0x00000023,820,0x2C02000D,0x02030000,0x03002004,0x00000000,0x00000000,0x00000003,0x000003E8
2026-07-25T23:49:54Z,87,0x91A6B774,P1-C2,0x92B6BA00,30,Frank West,0x0160,Real Megabuster,133,P2-C1,0x927EB9E0,12,Ryu,0x0000000C,"Mid, Heavy Hit",0x00000123,"Damage exception route A, Init/default bit, Default collision family, Unknown B bits 0x00000020",0x00000000,0x0000010C,0x00000023,820,0x2C02000D,0x02030000,0x03000000,0x00000000,0x00000000,0x00000003,0x000003E8
2026-07-25T23:49:54Z,88,0x91A6B774,P1-C2,0x92B6BA00,30,Frank West,0x0160,Real Megabuster,138,P2-C1,0x927EB9E0,12,Ryu,0x0000000C,"Mid, Heavy Hit",0x00000123,"Damage exception route A, Init/default bit, Default collision family, Unknown B bits 0x00000020",0x00000000,0x0000010C,0x00000023,820,0x2C02000D,0x02030000,0x03002004,0x00000000,0x00000000,0x00000003,0x000003E8
2026-07-25T23:49:54Z,88,0x91A6B774,P1-C2,0x92B6BA00,30,Frank West,0x0160,Real Megabuster,139,P2-C1,0x927EB9E0,12,Ryu,0x0000000C,"Mid, Heavy Hit",0x00000123,"Damage exception route A, Init/default bit, Default collision family, Unknown B bits 0x00000020",0x00000000,0x0000010C,0x00000023,820,0x2C02000D,0x02030000,0x03000000,0x00000000,0x00000000,0x00000003,0x000003E8
2026-07-25T23:49:55Z,89,0x91A6B774,P1-C2,0x92B6BA00,30,Frank West,0x0160,Real Megabuster,143,P2-C1,0x927EB9E0,12,Ryu,0x0000000C,"Mid, Heavy Hit",0x00000123,"Damage exception route A, Init/default bit, Default collision family, Unknown B bits 0x00000020",0x00000000,0x0000010C,0x00000023,820,0x2C02000D,0x02030000,0x03002004,0x00000000,0x00000000,0x00000003,0x000003E8
2026-07-25T23:49:55Z,89,0x91A6B774,P1-C2,0x92B6BA00,30,Frank West,0x0160,Real Megabuster,144,P2-C1,0x927EB9E0,12,Ryu,0x0000000C,"Mid, Heavy Hit",0x00000123,"Damage exception route A, Init/default bit, Default collision family, Unknown B bits 0x00000020",0x00000000,0x0000010C,0x00000023,820,0x2C02000D,0x02030000,0x03000000,0x00000000,0x00000000,0x00000003,0x000003E8
2026-07-25T23:49:55Z,90,0x91A6B774,P1-C2,0x92B6BA00,30,Frank West,0x0160,Real Megabuster,148,P2-C1,0x927EB9E0,12,Ryu,0x0000000C,"Mid, Heavy Hit",0x00000123,"Damage exception route A, Init/default bit, Default collision family, Unknown B bits 0x00000020",0x00000000,0x0000010C,0x00000023,820,0x2C02000D,0x02030000,0x03002004,0x00000000,0x00000000,0x00000003,0x000003E8
2026-07-25T23:49:55Z,90,0x91A6B774,P1-C2,0x92B6BA00,30,Frank West,0x0160,Real Megabuster,149,P2-C1,0x927EB9E0,12,Ryu,0x0000000C,"Mid, Heavy Hit",0x00000123,"Damage exception route A, Init/default bit, Default collision family, Unknown B bits 0x00000020",0x00000000,0x0000010C,0x00000023,820,0x2C02000D,0x02030000,0x03000000,0x00000000,0x00000000,0x00000003,0x000003E8
2026-07-25T23:49:55Z,91,0x91A6B774,P1-C2,0x92B6BA00,30,Frank West,0x0160,Real Megabuster,153,P2-C1,0x927EB9E0,12,Ryu,0x0000000C,"Mid, Heavy Hit",0x00000123,"Damage exception route A, Init/default bit, Default collision family, Unknown B bits 0x00000020",0x00000000,0x0000010C,0x00000023,820,0x2C02000D,0x02030000,0x03002004,0x00000000,0x00000000,0x00000003,0x000003E8
2026-07-25T23:49:55Z,91,0x91A6B774,P1-C2,0x92B6BA00,30,Frank West,0x0160,Real Megabuster,154,P2-C1,0x927EB9E0,12,Ryu,0x0000000C,"Mid, Heavy Hit",0x00000123,"Damage exception route A, Init/default bit, Default collision family, Unknown B bits 0x00000020",0x00000000,0x0000010C,0x00000023,820,0x2C02000D,0x02030000,0x03000000,0x00000000,0x00000000,0x00000003,0x000003E8
2026-07-25T23:49:55Z,92,0x91A6B774,P1-C2,0x92B6BA00,30,Frank West,0x0160,Real Megabuster,163,P2-C1,0x927EB9E0,12,Ryu,0x0000000C,"Mid, Heavy Hit",0x00000123,"Damage exception route A, Init/default bit, Default collision family, Unknown B bits 0x00000020",0x00000000,0x0000010C,0x00000023,820,0x2C02000D,0x02030000,0x03002004,0x00000000,0x00000000,0x00000003,0x000003E8
2026-07-25T23:49:55Z,92,0x91A6B774,P1-C2,0x92B6BA00,30,Frank West,0x0160,Real Megabuster,164,P2-C1,0x927EB9E0,12,Ryu,0x0000000C,"Mid, Heavy Hit",0x00000123,"Damage exception route A, Init/default bit, Default collision family, Unknown B bits 0x00000020",0x00000000,0x0000010C,0x00000023,820,0x2C02000D,0x02030000,0x03000000,0x00000000,0x00000000,0x00000003,0x000003E8
2026-07-25T23:49:55Z,93,0x91A6B774,P1-C2,0x92B6BA00,30,Frank West,0x0160,Real Megabuster,167,P2-C1,0x927EB9E0,12,Ryu,0x0000000C,"Mid, Heavy Hit",0x00000123,"Damage exception route A, Init/default bit, Default collision family, Unknown B bits 0x00000020",0x00000000,0x0000010C,0x00000023,820,0x2C02000D,0x02030000,0x03002004,0x00000000,0x00000000,0x00000003,0x000003E8
2026-07-25T23:49:55Z,93,0x91A6B774,P1-C2,0x92B6BA00,30,Frank West,0x0160,Real Megabuster,169,P2-C1,0x927EB9E0,12,Ryu,0x0000000C,"Mid, Heavy Hit",0x00000123,"Damage exception route A, Init/default bit, Default collision family, Unknown B bits 0x00000020",0x00000000,0x0000010C,0x00000023,820,0x2C02000D,0x02030000,0x03000000,0x00000000,0x00000000,0x00000003,0x000003E8
2026-07-25T23:49:55Z,93,0x91A6B774,P1-C2,0x92B6BA00,30,Frank West,0x0160,Real Megabuster,173,P2-C1,0x927EB9E0,12,Ryu,0x0000000C,"Mid, Heavy Hit",0x00000123,"Damage exception route A, Init/default bit, Default collision family, Unknown B bits 0x00000020",0x00000000,0x0000010C,0x00000023,820,0x2C02000D,0x02030000,0x03002004,0x00000000,0x00000000,0x00000003,0x000003E8
2026-07-25T23:49:55Z,93,0x91A6B774,P1-C2,0x92B6BA00,30,Frank West,0x0160,Real Megabuster,174,P2-C1,0x927EB9E0,12,Ryu,0x0000000C,"Mid, Heavy Hit",0x00000123,"Damage exception route A, Init/default bit, Default collision family, Unknown B bits 0x00000020",0x00000000,0x0000010C,0x00000023,820,0x2C02000D,0x02030000,0x03000000,0x00000000,0x00000000,0x00000003,0x000003E8
2026-07-25T23:49:55Z,94,0x91A6B774,P1-C2,0x92B6BA00,30,Frank West,0x0160,Real Megabuster,178,P2-C1,0x927EB9E0,12,Ryu,0x0000000C,"Mid, Heavy Hit",0x00000123,"Damage exception route A, Init/default bit, Default collision family, Unknown B bits 0x00000020",0x00000000,0x0000010C,0x00000023,820,0x2C02000D,0x02030000,0x03002004,0x00000000,0x00000000,0x00000003,0x000003E8
2026-07-25T23:49:55Z,94,0x91A6B774,P1-C2,0x92B6BA00,30,Frank West,0x0160,Real Megabuster,179,P2-C1,0x927EB9E0,12,Ryu,0x0000000C,"Mid, Heavy Hit",0x00000123,"Damage exception route A, Init/default bit, Default collision family, Unknown B bits 0x00000020",0x00000000,0x0000010C,0x00000023,820,0x2C02000D,0x02030000,0x03000000,0x00000000,0x00000000,0x00000003,0x000003E8
2026-07-25T23:49:56Z,94,0x91A6B774,P1-C2,0x92B6BA00,30,Frank West,0x0160,Real Megabuster,183,P2-C1,0x927EB9E0,12,Ryu,0x0000000C,"Mid, Heavy Hit",0x00000123,"Damage exception route A, Init/default bit, Default collision family, Unknown B bits 0x00000020",0x00000000,0x0000010C,0x00000023,820,0x2C02000D,0x02030000,0x03002004,0x00000000,0x00000000,0x00000003,0x000003E8
2026-07-25T23:49:56Z,94,0x91A6B774,P1-C2,0x92B6BA00,30,Frank West,0x0160,Real Megabuster,184,P2-C1,0x927EB9E0,12,Ryu,0x0000000C,"Mid, Heavy Hit",0x00000123,"Damage exception route A, Init/default bit, Default collision family, Unknown B bits 0x00000020",0x00000000,0x0000010C,0x00000023,820,0x2C02000D,0x02030000,0x03002000,0x00000000,0x00000000,0x00000003,0x000003E8
2026-07-25T23:49:56Z,94,0x91A6B774,P1-C2,0x92B6BA00,30,Frank West,0x0160,Real Megabuster,184,P2-C1,0x927EB9E0,12,Ryu,0x0000000C,"Mid, Heavy Hit",0x00000123,"Damage exception route A, Init/default bit, Default collision family, Unknown B bits 0x00000020",0x00000000,0x0000010C,0x00000023,820,0x2C02000D,0x02030000,0x03000000,0x00000000,0x00000000,0x00000003,0x000003E8
2026-07-25T23:49:56Z,96,0x91A6B774,P1-C2,0x92B6BA00,30,Frank West,0x0160,Real Megabuster,199,P2-C1,0x927EB9E0,12,Ryu,0x00000009,"Mid, Light Hit",0x00000040,Common normal-hit bit,0x00000000,0x0000010C,0x00000023,100,0x2C02000D,0x02030000,0x83002000,0x83002000,0x00000000,0x00000003,0x000003E8
2026-07-25T23:49:56Z,96,0x91A6B774,P1-C2,0x92B6BA00,30,Frank West,0x0160,Real Megabuster,200,P2-C1,0x927EB9E0,12,Ryu,0x00000009,"Mid, Light Hit",0x00000040,Common normal-hit bit,0x00000000,0x0000010C,0x00000023,100,0x2C02000D,0x02030000,0x83006000,0x83006000,0x00000000,0x00000003,0x000003E8
2026-07-25T23:49:56Z,100,0x91A6B774,P1-C2,0x92B6BA00,30,Frank West,0x0160,Real Megabuster,216,P2-C1,0x927EB9E0,12,Ryu,0x00000009,"Mid, Light Hit",0x00000040,Common normal-hit bit,0x00000000,0x0000010C,0x00000023,100,0x2C02000D,0x02030000,0x83006000,0x00400000,0x00000000,0x00000003,0x000003E8
2026-07-25T23:49:56Z,100,0x91A6B774,P1-C1,0x9246B9C0,2,Casshan,0x0208,Scrap Android,37,,0x00000000,0,,0x0020000C,"Mid, Heavy Hit, A flags 0x00200000",0x00080087,"Damage exception route A, Grab family, Grab modifier route, Init/default bit, Unknown B bits 0x00000080",0x00000000,0x00000000,0x00000000,1,0x0C010009,0x00090024,0x03000000,0x00000000,0x00000000,0x00000000,0x000003E8
2026-07-25T23:49:58Z,106,0x91A6CCB8,P1-C1,0x9246B9C0,2,Casshan,0x0208,Scrap Android,106,,0x00000000,0,,0x0000000C,"Mid, Heavy Hit",0x00040102,"One-eighth block-damage route B, Init/default bit, Default collision family",0x00000000,0x00000000,0x00000000,480,0x0200000D,0x00010100,0x03040000,0x00000000,0x00000000,0x00000000,0x000003E9
2026-07-25T23:49:59Z,115,0x91A6CCB8,P1-C1,0x9246B9C0,2,Casshan,0x0208,Scrap Android,115,,0x00000000,0,,0x0000400C,"Mid, Heavy Hit, A flags 0x00004000",0x00040102,"One-eighth block-damage route B, Init/default bit, Default collision family",0x00000000,0x00000000,0x00000000,480,0x0200000D,0x00010100,0x03040000,0x00000000,0x00000000,0x00000000,0x000003E9
2026-07-25T23:49:59Z,116,0x91A6CCB8,P1-C1,0x9246B9C0,2,Casshan,0x0208,Scrap Android,118,,0x00000000,0,,0x00000009,"Mid, Light Hit",0x00000040,Common normal-hit bit,0x00000000,0x00000000,0x00000000,100,0x0200000D,0x00010100,0x83040000,0x00400000,0x00000000,0x00000000,0x000003E9
2026-07-25T23:49:59Z,119,0x91A6B774,P1-C1,0x9246B9C0,2,Casshan,0x0208,Scrap Android,152,,0x00000000,0,,0x0020000C,"Mid, Heavy Hit, A flags 0x00200000",0x00080087,"Damage exception route A, Grab family, Grab modifier route, Init/default bit, Unknown B bits 0x00000080",0x00000000,0x00000000,0x00000000,1,0x0C010009,0x00090024,0x83000000,0x00000000,0x00000000,0x00000000,0x000003E8
2026-07-25T23:49:59Z,119,0x91A6B774,P1-C1,0x9246B9C0,2,Casshan,0x0208,Scrap Android,153,,0x00000000,0,,0x00000009,"Mid, Light Hit",0x00000040,Common normal-hit bit,0x00000000,0x00000000,0x00000000,100,0x0C010009,0x00090024,0x83002000,0x00400000,0x00000000,0x00000000,0x000003E8
2026-07-25T23:50:01Z,135,0x91A6B774,P1-C1,0x9246B9C0,2,Casshan,0x0160,Brutal Axe,104,,0x00000000,0,,0x0000410C,"Mid, Heavy Hit, A flags 0x00004100",0x00100123,"Damage exception route A, Paired special condition, Init/default bit, Default collision family, Unknown B bits 0x00000020",0x00000000,0x00000000,0x00000000,1440,0x0E02000D,0x10010000,0x03040000,0x00000000,0x00000000,0x00000003,0x000003E8
2026-07-25T23:50:01Z,135,0x91A6B774,P1-C1,0x9246B9C0,2,Casshan,0x0160,Brutal Axe,105,,0x00000000,0,,0x0000410C,"Mid, Heavy Hit, A flags 0x00004100",0x00100123,"Damage exception route A, Paired special condition, Init/default bit, Default collision family, Unknown B bits 0x00000020",0x00000000,0x00000000,0x00000000,1440,0x0E02000D,0x10010000,0x03000000,0x00000000,0x00000000,0x00000003,0x000003E8
2026-07-25T23:50:01Z,139,0x91A6B774,P1-C1,0x9246B9C0,2,Casshan,0x0160,Brutal Axe,129,P2-C1,0x927EB9E0,12,Ryu,0x0000410C,"Mid, Heavy Hit, A flags 0x00004100",0x00100123,"Damage exception route A, Paired special condition, Init/default bit, Default collision family, Unknown B bits 0x00000020",0x00000000,0x00000000,0x00000000,1440,0x0E02000D,0x10010000,0x03002004,0x00000000,0x00000000,0x00000003,0x000003E8
2026-07-25T23:50:02Z,139,0x91A6B774,P1-C1,0x9246B9C0,2,Casshan,0x0160,Brutal Axe,130,P2-C1,0x927EB9E0,12,Ryu,0x0000410C,"Mid, Heavy Hit, A flags 0x00004100",0x00100123,"Damage exception route A, Paired special condition, Init/default bit, Default collision family, Unknown B bits 0x00000020",0x00000000,0x00000000,0x00000000,1440,0x0E02000D,0x10010000,0x03000000,0x00000000,0x00000000,0x00000003,0x000003E8
2026-07-25T23:50:02Z,140,0x91A6B774,P1-C1,0x9246B9C0,2,Casshan,0x0160,Brutal Axe,141,P2-C1,0x927EB9E0,12,Ryu,0x0000410C,"Mid, Heavy Hit, A flags 0x00004100",0x00100123,"Damage exception route A, Paired special condition, Init/default bit, Default collision family, Unknown B bits 0x00000020",0x00000000,0x00000000,0x00000000,1440,0x0E02000D,0x10010000,0x03002004,0x00000000,0x00000000,0x00000003,0x000003E8
2026-07-25T23:50:02Z,140,0x91A6B774,P1-C1,0x9246B9C0,2,Casshan,0x0160,Brutal Axe,142,P2-C1,0x927EB9E0,12,Ryu,0x0000410C,"Mid, Heavy Hit, A flags 0x00004100",0x00100123,"Damage exception route A, Paired special condition, Init/default bit, Default collision family, Unknown B bits 0x00000020",0x00000000,0x00000000,0x00000000,1440,0x0E02000D,0x10010000,0x03000000,0x00000000,0x00000000,0x00000003,0x000003E8
2026-07-25T23:50:02Z,140,0x91A6B774,P1-C1,0x9246B9C0,2,Casshan,0x0160,Brutal Axe,147,P2-C1,0x927EB9E0,12,Ryu,0x0000410C,"Mid, Heavy Hit, A flags 0x00004100",0x00100123,"Damage exception route A, Paired special condition, Init/default bit, Default collision family, Unknown B bits 0x00000020",0x00000000,0x00000000,0x00000000,1440,0x0E02000D,0x10010000,0x03002004,0x00000000,0x00000000,0x00000003,0x000003E8
2026-07-25T23:50:02Z,140,0x91A6B774,P1-C1,0x9246B9C0,2,Casshan,0x0160,Brutal Axe,148,P2-C1,0x927EB9E0,12,Ryu,0x0000410C,"Mid, Heavy Hit, A flags 0x00004100",0x00100123,"Damage exception route A, Paired special condition, Init/default bit, Default collision family, Unknown B bits 0x00000020",0x00000000,0x00000000,0x00000000,1440,0x0E02000D,0x10010000,0x03000000,0x00000000,0x00000000,0x00000003,0x000003E8
2026-07-25T23:50:02Z,141,0x91A6B774,P1-C1,0x9246B9C0,2,Casshan,0x0160,Brutal Axe,152,P2-C1,0x927EB9E0,12,Ryu,0x00000009,"Mid, Light Hit",0x00000040,Common normal-hit bit,0x00000000,0x00000000,0x00000000,100,0x0E02000D,0x10010000,0x83000000,0x00400000,0x00000000,0x00000003,0x000003E8
2026-07-25T23:50:02Z,141,0x91A6B774,P1-C1,0x9246B9C0,2,Casshan,0x0160,Brutal Axe,153,P2-C1,0x927EB9E0,12,Ryu,0x00000009,"Mid, Light Hit",0x00000040,Common normal-hit bit,0x00000000,0x00000000,0x00000000,100,0x00000000,0x10010000,0x83000000,0x00400000,0x00000000,0x00000003,0x000003E8
