timestamp_utc,source_sequence,frame,slot,character,base,char_id,action_id,action_name,source_kind,packet_state,property_a,property_a_text,property_b,property_b_text,property_b_route_inference,phase_property_a,phase_property_b,runtime_status_20,actor,projectile_id,allocation_epoch,lifetime_key,victim_slot_hint,base_damage,cleanup_candidate,definition_status,definition_source
2026-07-28T15:06:50Z,1,466,P1-C1,Ryu,2454108608,12,256,5A,move_definition,CURRENT MOVE,9,"Mid, Light Hit",64,Standard-strike baseline,standard-strike baseline,0,0,0,0,0,0,,,0,False,OK,fighter+0x1E8
2026-07-28T15:06:50Z,2,473,P1-C1,Ryu,2454108608,12,256,5A,move_definition_latched,LAST MOVE,9,"Mid, Light Hit",64,Standard-strike baseline,standard-strike baseline,0,0,0,0,0,0,,,0,False,NO_PROPERTY_COMMAND,fighter+0x1E8
2026-07-28T15:06:51Z,3,481,P1-C1,Ryu,2454108608,12,257,5B,move_definition,CURRENT MOVE,10,"Mid, Medium Hit",64,Standard-strike baseline,standard-strike baseline,0,0,0,0,0,0,,,0,False,OK,fighter+0x1E8
2026-07-28T15:06:52Z,4,488,P1-C1,Ryu,2454108608,12,257,5B,move_definition_latched,LAST MOVE,10,"Mid, Medium Hit",64,Standard-strike baseline,standard-strike baseline,0,0,0,0,0,0,,,0,False,NO_PROPERTY_COMMAND,fighter+0x1E8
2026-07-28T15:06:52Z,5,490,P1-C1,Ryu,2454108608,12,260,2B,move_definition,CURRENT MOVE,34,"Low, Medium Hit",64,Standard-strike baseline,standard-strike baseline,0,0,0,0,0,0,,,0,False,OK,fighter+0x1E8
2026-07-28T15:06:53Z,6,495,P1-C1,Ryu,2454108608,12,260,2B,move_definition_latched,LAST MOVE,34,"Low, Medium Hit",64,Standard-strike baseline,standard-strike baseline,0,0,0,0,0,0,,,0,False,NO_PROPERTY_COMMAND,fighter+0x1E8
2026-07-28T15:06:53Z,7,500,P1-C1,Ryu,2454108608,12,267,j.C,move_definition,CURRENT MOVE,20,"High, Heavy Hit",64,Standard-strike baseline,standard-strike baseline,0,0,0,0,0,0,,,0,False,OK,fighter+0x1E8
2026-07-28T15:06:54Z,8,507,P1-C1,Ryu,2454108608,12,267,j.C,move_definition_latched,LAST MOVE,20,"High, Heavy Hit",64,Standard-strike baseline,standard-strike baseline,0,0,0,0,0,0,,,0,False,NO_PROPERTY_COMMAND,fighter+0x1E8
2026-07-28T15:06:55Z,9,515,P1-C1,Ryu,2454108608,12,258,5C,move_definition,CURRENT MOVE,12,"Mid, Heavy Hit",64,Standard-strike baseline,standard-strike baseline,0,0,0,0,0,0,,,0,False,OK,fighter+0x1E8
2026-07-28T15:06:56Z,10,517,P1-C1,Ryu,2454108608,12,261,2C,move_definition,CURRENT MOVE,36,"Low, Heavy Hit",64,Standard-strike baseline,standard-strike baseline,0,0,0,0,0,0,,,0,False,OK,fighter+0x1E8
2026-07-28T15:06:56Z,11,519,P1-C1,Ryu,2454108608,12,262,6C,move_definition,CURRENT MOVE,12,"Mid, Heavy Hit",64,Standard-strike baseline,standard-strike baseline,0,0,0,0,0,0,,,0,False,OK,fighter+0x1E8
2026-07-28T15:06:56Z,12,522,P1-C1,Ryu,2454108608,12,315,Donkey H,move_definition,CURRENT MOVE,12,"Mid, Heavy Hit",262208,"Standard-strike baseline, Special chip route B, one-eighth damage",standard-strike baseline; special chip route,0,0,0,0,0,0,,,0,False,OK,fighter+0x1E8
2026-07-28T15:06:58Z,13,530,P1-C1,Ryu,2454108608,12,315,Donkey H,move_definition_latched,LAST MOVE,12,"Mid, Heavy Hit",262208,"Standard-strike baseline, Special chip route B, one-eighth damage",standard-strike baseline; special chip route,0,0,0,0,0,0,,,0,False,NO_PROPERTY_COMMAND,fighter+0x1E8
2026-07-28T15:12:38Z,14,4916,P1-C2,Chun-Li,2461448704,13,418,Tag In,move_definition,CURRENT MOVE,12,"Mid, Heavy Hit",64,Standard-strike baseline,standard-strike baseline,0,0,0,0,0,0,,,0,False,OK,fighter+0x1E8
2026-07-28T15:12:39Z,15,4919,P1-C2,Chun-Li,2461448704,13,418,Tag In,move_definition_latched,LAST MOVE,12,"Mid, Heavy Hit",64,Standard-strike baseline,standard-strike baseline,0,0,0,0,0,0,,,0,False,NO_PROPERTY_COMMAND,fighter+0x1E8
2026-07-28T15:12:50Z,16,5042,P1-C2,Chun-Li,2461448704,13,259,2A,move_definition,CURRENT MOVE,9,"Mid, Light Hit",64,Standard-strike baseline,standard-strike baseline,0,0,0,0,0,0,,,0,False,OK,fighter+0x1E8
2026-07-28T15:12:50Z,17,5043,P1-C2,Chun-Li,2461448704,13,260,2B,move_definition,CURRENT MOVE,34,"Low, Medium Hit",64,Standard-strike baseline,standard-strike baseline,0,0,0,0,0,0,,,0,False,OK,fighter+0x1E8
2026-07-28T15:12:50Z,18,5044,P1-C2,Chun-Li,2461448704,13,261,2C,move_definition,CURRENT MOVE,36,"Low, Heavy Hit",64,Standard-strike baseline,standard-strike baseline,0,0,0,0,0,0,,,0,False,OK,fighter+0x1E8
2026-07-28T15:12:51Z,19,5049,P1-C2,Chun-Li,2461448704,13,261,2C,move_definition_latched,LAST MOVE,36,"Low, Heavy Hit",64,Standard-strike baseline,standard-strike baseline,0,0,0,0,0,0,,,0,False,NO_PROPERTY_COMMAND,fighter+0x1E8
2026-07-28T15:13:03Z,20,5131,P1-C2,Chun-Li,2461448704,13,309,SBK H,move_definition,CURRENT MOVE,12,"Mid, Heavy Hit",262208,"Standard-strike baseline, Special chip route B, one-eighth damage",standard-strike baseline; special chip route,12,262208,0,0,0,0,,,0,False,OK,fighter+0x1E8
2026-07-28T15:13:05Z,21,5144,P1-C2,Chun-Li,2461448704,13,309,SBK H,move_definition_latched,LAST MOVE,12,"Mid, Heavy Hit",262208,"Standard-strike baseline, Special chip route B, one-eighth damage",standard-strike baseline; special chip route,12,262208,0,0,0,0,,,0,False,NO_PROPERTY_COMMAND,fighter+0x1E8
2026-07-28T15:18:48Z,22,9014,P1-C1,Ryu,2454108608,12,315,Donkey H,move_definition_latched,LAST MOVE,12,"Mid, Heavy Hit",262208,"Standard-strike baseline, Special chip route B, one-eighth damage",standard-strike baseline; special chip route,0,0,0,0,0,0,,,0,False,RETRY_PENDING,fighter+0x1E8
2026-07-28T15:18:48Z,23,9014,P1-C2,Chun-Li,2461448704,13,309,SBK H,move_definition_latched,LAST MOVE,12,"Mid, Heavy Hit",262208,"Standard-strike baseline, Special chip route B, one-eighth damage",standard-strike baseline; special chip route,12,262208,0,0,0,0,,,0,False,RETRY_PENDING,fighter+0x1E8
2026-07-28T15:19:28Z,24,10279,P1-C1,Ryu,2454108608,12,267,j.C,move_definition,CURRENT MOVE,20,"High, Heavy Hit",64,Standard-strike baseline,standard-strike baseline,0,0,0,0,0,0,,,0,False,OK,fighter+0x1E8
2026-07-28T15:19:28Z,25,10284,P1-C1,Ryu,2454108608,12,267,j.C,move_definition_latched,LAST MOVE,20,"High, Heavy Hit",64,Standard-strike baseline,standard-strike baseline,0,0,0,0,0,0,,,0,False,NO_PROPERTY_COMMAND,fighter+0x1E8
2026-07-28T15:19:28Z,26,10285,P1-C1,Ryu,2454108608,12,256,5A,move_definition,CURRENT MOVE,9,"Mid, Light Hit",64,Standard-strike baseline,standard-strike baseline,0,0,0,0,0,0,,,0,False,OK,fighter+0x1E8
2026-07-28T15:19:29Z,27,10286,P1-C1,Ryu,2454108608,12,257,5B,move_definition,CURRENT MOVE,10,"Mid, Medium Hit",64,Standard-strike baseline,standard-strike baseline,0,0,0,0,0,0,,,0,False,OK,fighter+0x1E8
2026-07-28T15:19:29Z,28,10287,P1-C1,Ryu,2454108608,12,260,2B,move_definition,CURRENT MOVE,34,"Low, Medium Hit",64,Standard-strike baseline,standard-strike baseline,0,0,0,0,0,0,,,0,False,OK,fighter+0x1E8
2026-07-28T15:19:29Z,29,10288,P1-C1,Ryu,2454108608,12,258,5C,move_definition,CURRENT MOVE,12,"Mid, Heavy Hit",64,Standard-strike baseline,standard-strike baseline,0,0,0,0,0,0,,,0,False,OK,fighter+0x1E8
2026-07-28T15:19:29Z,30,10290,P1-C1,Ryu,2454108608,12,261,2C,move_definition,CURRENT MOVE,36,"Low, Heavy Hit",64,Standard-strike baseline,standard-strike baseline,0,0,0,0,0,0,,,0,False,OK,fighter+0x1E8
2026-07-28T15:19:30Z,31,10292,P1-C1,Ryu,2454108608,12,262,6C,move_definition,CURRENT MOVE,12,"Mid, Heavy Hit",64,Standard-strike baseline,standard-strike baseline,0,0,0,0,0,0,,,0,False,OK,fighter+0x1E8
2026-07-28T15:19:30Z,32,10294,P1-C1,Ryu,2454108608,12,315,Donkey H,move_definition,CURRENT MOVE,12,"Mid, Heavy Hit",262208,"Standard-strike baseline, Special chip route B, one-eighth damage",standard-strike baseline; special chip route,0,0,0,0,0,0,,,0,False,OK,fighter+0x1E8
2026-07-28T15:19:32Z,33,10304,P1-C1,Ryu,2454108608,12,309,Tatsu H,move_definition,CURRENT MOVE,12,"Mid, Heavy Hit",262208,"Standard-strike baseline, Special chip route B, one-eighth damage",standard-strike baseline; special chip route,12,262208,0,0,0,0,,,0,False,OK,fighter+0x1E8
2026-07-28T15:19:34Z,34,10310,P1-C2,Ippatsuman,2461448704,7,426,assist attack,move_definition,CURRENT MOVE,12,"Mid, Heavy Hit",64,Standard-strike baseline,standard-strike baseline,0,0,0,0,0,0,,,0,False,OK,fighter+0x1E8
2026-07-28T15:19:35Z,35,10315,P1-C1,Ryu,2454108608,12,309,Tatsu H,move_definition_latched,LAST MOVE,12,"Mid, Heavy Hit",262208,"Standard-strike baseline, Special chip route B, one-eighth damage",standard-strike baseline; special chip route,12,262208,0,0,0,0,,,0,False,RETRY_PENDING,fighter+0x1E8
2026-07-28T15:19:35Z,36,10317,P1-C2,Ippatsuman,2461448704,7,426,assist attack,move_definition_latched,LAST MOVE,12,"Mid, Heavy Hit",64,Standard-strike baseline,standard-strike baseline,0,0,0,0,0,0,,,0,False,NO_PROPERTY_COMMAND,fighter+0x1E8
2026-07-28T15:19:36Z,37,10321,P1-C1,Ryu,2454108608,12,325,Air Tatsu H,move_definition,CURRENT MOVE,12,"Mid, Heavy Hit",262208,"Standard-strike baseline, Special chip route B, one-eighth damage",standard-strike baseline; special chip route,12,262208,0,0,0,0,,,0,False,OK,fighter+0x1E8
2026-07-28T15:19:40Z,38,10343,P1-C1,Ryu,2454108608,12,313,Donkey L,move_definition,CURRENT MOVE,12,"Mid, Heavy Hit",262208,"Standard-strike baseline, Special chip route B, one-eighth damage",standard-strike baseline; special chip route,0,0,0,0,0,0,,,0,False,OK,fighter+0x1E8
2026-07-28T15:19:41Z,39,10349,P1-C1,Ryu,2454108608,12,313,Donkey L,move_definition_latched,LAST MOVE,12,"Mid, Heavy Hit",262208,"Standard-strike baseline, Special chip route B, one-eighth damage",standard-strike baseline; special chip route,0,0,0,0,0,0,,,0,False,NO_PROPERTY_COMMAND,fighter+0x1E8
2026-07-28T15:19:41Z,40,10351,P2-C2,Doronjo,2465118752,6,418,Tag In,move_definition,CURRENT MOVE,12,"Mid, Heavy Hit",64,Standard-strike baseline,standard-strike baseline,0,0,0,0,0,0,,,0,False,OK,fighter+0x1E8
2026-07-28T15:19:42Z,41,10354,P2-C2,Doronjo,2465118752,6,418,Tag In,move_definition_latched,LAST MOVE,12,"Mid, Heavy Hit",64,Standard-strike baseline,standard-strike baseline,0,0,0,0,0,0,,,0,False,NO_PROPERTY_COMMAND,fighter+0x1E8
2026-07-28T15:19:43Z,42,10360,P1-C1,Ryu,2454108608,12,312,Shoryu H,move_definition,CURRENT MOVE,12,"Mid, Heavy Hit",262208,"Standard-strike baseline, Special chip route B, one-eighth damage",standard-strike baseline; special chip route,12,262208,0,0,0,0,,,0,False,OK,fighter+0x1E8
2026-07-28T15:19:45Z,43,10369,P1-C1,Ryu,2454108608,12,312,Shoryu H,move_definition_latched,LAST MOVE,12,"Mid, Heavy Hit",262208,"Standard-strike baseline, Special chip route B, one-eighth damage",standard-strike baseline; special chip route,12,262208,0,0,0,0,,,0,False,NO_PROPERTY_COMMAND,fighter+0x1E8
2026-07-28T15:19:46Z,44,10372,P2-C2,Doronjo,2465118752,6,266,j.B,move_definition,CURRENT MOVE,18,"High, Medium Hit",64,Standard-strike baseline,standard-strike baseline,0,0,0,0,0,0,,,0,False,OK,fighter+0x1E8
2026-07-28T15:19:46Z,45,10373,P2-C2,Doronjo,2465118752,6,259,2A,move_definition,CURRENT MOVE,9,"Mid, Light Hit",64,Standard-strike baseline,standard-strike baseline,0,0,0,0,0,0,,,0,False,OK,fighter+0x1E8
2026-07-28T15:19:46Z,46,10376,P2-C2,Doronjo,2465118752,6,259,2A,move_definition_latched,LAST MOVE,9,"Mid, Light Hit",64,Standard-strike baseline,standard-strike baseline,0,0,0,0,0,0,,,0,False,NO_PROPERTY_COMMAND,fighter+0x1E8
2026-07-28T15:19:50Z,47,10393,P1-C1,Ryu,2454108608,12,262,6C,move_definition_latched,LAST MOVE,12,"Mid, Heavy Hit",64,Standard-strike baseline,standard-strike baseline,0,0,0,0,0,0,,,0,False,NO_PROPERTY_COMMAND,fighter+0x1E8
2026-07-28T15:19:50Z,48,10395,P1-C1,Ryu,2454108608,12,305,Hado M,cleanup_actor,LIVE ATTACK ACTOR,9,"Mid, Light Hit",64,Standard-strike baseline,standard-strike baseline,0,0,0,2444319156,305,1,P1-C1:91B159B4:91A6B774:0131:E1,,0,True,NO_PROPERTY_COMMAND,fighter+0x1E8
2026-07-28T15:19:50Z,49,10395,P1-C1,Ryu,2454108608,12,305,Hado M,cleanup_actor,LIVE ATTACK ACTOR,9,"Mid, Light Hit",64,Standard-strike baseline,standard-strike baseline,0,0,0,2444319156,0,0,,,0,True,NO_PROPERTY_COMMAND,fighter+0x1E8
2026-07-28T15:19:53Z,50,10408,P1-C2,Ippatsuman,2461448704,7,418,Tag In,move_definition,CURRENT MOVE,12,"Mid, Heavy Hit",64,Standard-strike baseline,standard-strike baseline,0,0,0,0,0,0,,,0,False,OK,fighter+0x1E8
2026-07-28T15:19:53Z,51,10410,P1-C2,Ippatsuman,2461448704,7,418,Tag In,move_definition_latched,LAST MOVE,12,"Mid, Heavy Hit",64,Standard-strike baseline,standard-strike baseline,0,0,0,0,0,0,,,0,False,RETRY_PENDING,fighter+0x1E8
2026-07-28T15:19:54Z,52,10415,P1-C2,Ippatsuman,2461448704,7,267,j.C,move_definition,CURRENT MOVE,20,"High, Heavy Hit",64,Standard-strike baseline,standard-strike baseline,0,0,0,0,0,0,,,0,False,OK,fighter+0x1E8
2026-07-28T15:19:55Z,53,10416,P1-C2,Ippatsuman,2461448704,7,267,j.C,move_definition_latched,LAST MOVE,20,"High, Heavy Hit",64,Standard-strike baseline,standard-strike baseline,0,0,0,0,0,0,,,0,False,NO_PROPERTY_COMMAND,fighter+0x1E8
2026-07-28T15:19:56Z,54,10426,P1-C2,Ippatsuman,2461448704,7,322,Air Rainball C,live_attack_actor,LIVE ATTACK ACTOR,12,"Mid, Heavy Hit",262402,"Initial actor phase, Special chip route B, one-eighth damage, Spawned-attack core flag (correlated)",spawned-attack core; initial actor phase; special chip route,0,0,0,2444319156,322,1,P1-C2:91B159B4:91A6B774:0142:E1,,0,False,RETRY_PENDING,fighter+0x1E8
2026-07-28T15:19:56Z,55,10426,P1-C2,Ippatsuman,2461448704,7,322,Air Rainball C,live_attack_actor,LIVE ATTACK ACTOR,12,"Mid, Heavy Hit",262402,"Initial actor phase, Special chip route B, one-eighth damage, Spawned-attack core flag (correlated)",spawned-attack core; initial actor phase; special chip route,0,0,0,2444319156,0,0,,,0,False,RETRY_PENDING,fighter+0x1E8
2026-07-28T15:19:57Z,56,10431,P1-C2,Ippatsuman,2461448704,7,265,j.A,move_definition,CURRENT MOVE,17,"High, Light Hit",64,Standard-strike baseline,standard-strike baseline,0,0,0,0,0,0,,,0,False,OK,fighter+0x1E8
2026-07-28T15:19:57Z,57,10432,P1-C2,Ippatsuman,2461448704,7,322,Air Rainball C,live_attack_actor_latched,LAST ATTACK ACTOR,12,"Mid, Heavy Hit",262402,"Initial actor phase, Special chip route B, one-eighth damage, Spawned-attack core flag (correlated)",spawned-attack core; initial actor phase; special chip route,0,0,0,2444319156,0,0,,,0,False,NO_PROPERTY_COMMAND,fighter+0x1E8
2026-07-28T15:19:57Z,58,10432,P2-C2,Doronjo,2465118752,6,266,j.B,move_definition_latched,LAST MOVE,18,"High, Medium Hit",64,Standard-strike baseline,standard-strike baseline,0,0,0,0,0,0,,,0,False,NO_PROPERTY_COMMAND,fighter+0x1E8
2026-07-28T15:19:58Z,59,10433,P1-C2,Ippatsuman,2461448704,7,304,Rainball A,live_attack_actor,LIVE ATTACK ACTOR,12,"Mid, Heavy Hit",262402,"Initial actor phase, Special chip route B, one-eighth damage, Spawned-attack core flag (correlated)",spawned-attack core; initial actor phase; special chip route,0,0,0,2444319156,304,1,P1-C2:91B159B4:91A6B774:0130:E1,,0,False,RETRY_PENDING,fighter+0x1E8
2026-07-28T15:19:58Z,60,10433,P1-C2,Ippatsuman,2461448704,7,304,Rainball A,live_attack_actor,LIVE ATTACK ACTOR,12,"Mid, Heavy Hit",262402,"Initial actor phase, Special chip route B, one-eighth damage, Spawned-attack core flag (correlated)",spawned-attack core; initial actor phase; special chip route,0,0,0,2444319156,0,0,,,0,False,RETRY_PENDING,fighter+0x1E8
2026-07-28T15:19:58Z,61,10433,P2-C2,Doronjo,2465118752,6,257,5B,move_definition,CURRENT MOVE,10,"Mid, Medium Hit",64,Standard-strike baseline,standard-strike baseline,0,0,0,0,0,0,,,0,False,OK,fighter+0x1E8
2026-07-28T15:19:58Z,62,10434,P1-C2,Ippatsuman,2461448704,7,304,Rainball A,live_attack_actor_latched,LAST ATTACK ACTOR,12,"Mid, Heavy Hit",262402,"Initial actor phase, Special chip route B, one-eighth damage, Spawned-attack core flag (correlated)",spawned-attack core; initial actor phase; special chip route,0,0,0,2444319156,0,0,,,0,False,RETRY_PENDING,fighter+0x1E8
2026-07-28T15:19:58Z,63,10434,P2-C2,Doronjo,2465118752,6,257,5B,move_definition_latched,LAST MOVE,10,"Mid, Medium Hit",64,Standard-strike baseline,standard-strike baseline,0,0,0,0,0,0,,,0,False,NO_PROPERTY_COMMAND,fighter+0x1E8
2026-07-28T15:19:59Z,64,10439,P2-C2,Doronjo,2465118752,6,353,Pummel Counter,move_definition,CURRENT MOVE,17,"High, Light Hit",20,"Target-acquired / contact-lock state (correlated), Unknown B bits 0x00000004",native low-bit route 0x4; target-acquired/contact-lock,0,0,0,0,0,0,,,0,False,OK,fighter+0x1E8
2026-07-28T15:20:01Z,65,10451,P1-C2,Ippatsuman,2461448704,7,256,5A,move_definition,CURRENT MOVE,9,"Mid, Light Hit",64,Standard-strike baseline,standard-strike baseline,0,0,0,0,0,0,,,0,False,OK,fighter+0x1E8
2026-07-28T15:20:01Z,66,10452,P1-C2,Ippatsuman,2461448704,7,256,5A,move_definition_latched,LAST MOVE,9,"Mid, Light Hit",64,Standard-strike baseline,standard-strike baseline,0,0,0,0,0,0,,,0,False,NO_ACTION_ENTRY,fighter+0x1E8
2026-07-28T15:20:01Z,67,10452,P2-C2,Doronjo,2465118752,6,513,Doronjo Counter,live_attack_actor,LIVE ATTACK ACTOR,2097153,"Unblockable, Light Hit, Capture trigger / opponent lock 0x00200000",1073741975,"Native result modifier +0004, Result propagation modifier +1, Spawned-attack core flag (correlated), Target-acquired / contact-lock state (correlated), Spawned-actor contact family 0x80 (correlated), Unknown B bits 0x00000004",native result +0004; spawned-attack core; native low-bit route 0x4; target-acquired/contact-lock; spawned-actor contact family; result propagation modifier,0,0,0,2444319156,513,1,P2-C2:91B159B4:91A6B774:0201:E1,,0,False,OK,fighter+0x1E8
2026-07-28T15:20:01Z,68,10452,P2-C2,Doronjo,2465118752,6,513,Doronjo Counter,move_definition,CURRENT MOVE,17,"High, Light Hit",1073741845,"Native result modifier +0004, Result propagation modifier +1, Target-acquired / contact-lock state (correlated), Unknown B bits 0x00000004",native result +0004; native low-bit route 0x4; target-acquired/contact-lock; result propagation modifier,17,1073741845,0,0,0,0,,,0,False,OK,fighter+0x1E8
2026-07-28T15:20:02Z,69,10455,P2-C2,Doronjo,2465118752,6,513,Doronjo Counter,live_attack_actor,LIVE ATTACK ACTOR,1,"Unblockable, Light Hit",147,"Native result modifier +0004, Spawned-attack core flag (correlated), Target-acquired / contact-lock state (correlated), Spawned-actor contact family 0x80 (correlated)",native result +0004; spawned-attack core; target-acquired/contact-lock; spawned-actor contact family,0,0,0,2444319576,513,1,P2-C2:91B15B58:91A6CCB8:0201:E1,,0,False,OK,fighter+0x1E8
2026-07-28T15:20:06Z,70,10481,P2-C2,Doronjo,2465118752,6,513,Doronjo Counter,live_attack_actor_latched,LAST ATTACK ACTOR,2097153,"Unblockable, Light Hit, Capture trigger / opponent lock 0x00200000",1073741975,"Native result modifier +0004, Result propagation modifier +1, Spawned-attack core flag (correlated), Target-acquired / contact-lock state (correlated), Spawned-actor contact family 0x80 (correlated), Unknown B bits 0x00000004",native result +0004; spawned-attack core; native low-bit route 0x4; target-acquired/contact-lock; spawned-actor contact family; result propagation modifier,0,0,0,2444319156,0,0,,,0,False,NO_PROPERTY_COMMAND,fighter+0x1E8
2026-07-28T15:20:07Z,71,10485,P1-C1,Ryu,2454108608,12,426,assist attack,move_definition,CURRENT MOVE,12,"Mid, Heavy Hit",262208,"Standard-strike baseline, Special chip route B, one-eighth damage",standard-strike baseline; special chip route,12,262208,0,0,0,0,,,0,False,OK,fighter+0x1E8
2026-07-28T15:20:07Z,72,10486,P2-C2,Doronjo,2465118752,6,309,Rock C,live_attack_actor,LIVE ATTACK ACTOR,1,"Unblockable, Light Hit",262274,"Special chip route B, one-eighth damage, Spawned-attack core flag (correlated), Spawned-actor contact family 0x80 (correlated)",spawned-attack core; spawned-actor contact family; special chip route,0,0,0,2444319156,309,1,P2-C2:91B159B4:91A6B774:0135:E1,,0,False,NO_PROPERTY_COMMAND,fighter+0x1E8
2026-07-28T15:20:07Z,73,10486,P2-C2,Doronjo,2465118752,6,309,Rock C,live_attack_actor,LIVE ATTACK ACTOR,1,"Unblockable, Light Hit",262274,"Special chip route B, one-eighth damage, Spawned-attack core flag (correlated), Spawned-actor contact family 0x80 (correlated)",spawned-attack core; spawned-actor contact family; special chip route,0,0,0,2444319156,0,0,,,0,False,NO_PROPERTY_COMMAND,fighter+0x1E8
2026-07-28T15:20:07Z,74,10488,P1-C1,Ryu,2454108608,12,426,assist attack,live_attack_actor,LIVE ATTACK ACTOR,12,"Mid, Heavy Hit",258,"Initial actor phase, Spawned-attack core flag (correlated)",spawned-attack core; initial actor phase,0,0,0,2444319576,426,1,P1-C1:91B15B58:91A6CCB8:01AA:E1,,0,False,OK,fighter+0x1E8
2026-07-28T15:20:08Z,75,10492,P1-C1,Ryu,2454108608,12,426,assist attack,live_attack_actor_latched,LAST ATTACK ACTOR,12,"Mid, Heavy Hit",258,"Initial actor phase, Spawned-attack core flag (correlated)",spawned-attack core; initial actor phase,0,0,0,2444319576,0,0,,,0,False,RETRY_PENDING,fighter+0x1E8
2026-07-28T15:20:09Z,76,10493,P1-C2,Ippatsuman,2461448704,7,265,j.A,move_definition_latched,LAST MOVE,17,"High, Light Hit",64,Standard-strike baseline,standard-strike baseline,0,0,0,0,0,0,,,0,False,NO_PROPERTY_COMMAND,fighter+0x1E8
2026-07-28T15:20:09Z,77,10495,P1-C2,Ippatsuman,2461448704,7,257,5B,move_definition,CURRENT MOVE,10,"Mid, Medium Hit",64,Standard-strike baseline,standard-strike baseline,10,64,0,0,0,0,,,0,False,OK,fighter+0x1E8
2026-07-28T15:20:10Z,78,10498,P2-C2,Doronjo,2465118752,6,309,Rock C,live_attack_actor_latched,LAST ATTACK ACTOR,1,"Unblockable, Light Hit",262274,"Special chip route B, one-eighth damage, Spawned-attack core flag (correlated), Spawned-actor contact family 0x80 (correlated)",spawned-attack core; spawned-actor contact family; special chip route,0,0,0,2444319156,0,0,,,0,False,NO_PROPERTY_COMMAND,fighter+0x1E8
2026-07-28T15:20:10Z,79,10500,P1-C2,Ippatsuman,2461448704,7,259,2A,move_definition,CURRENT MOVE,9,"Mid, Light Hit",64,Standard-strike baseline,standard-strike baseline,0,0,0,0,0,0,,,0,False,OK,fighter+0x1E8
2026-07-28T15:20:10Z,80,10502,P1-C2,Ippatsuman,2461448704,7,259,2A,move_definition_latched,LAST MOVE,9,"Mid, Light Hit",64,Standard-strike baseline,standard-strike baseline,0,0,0,0,0,0,,,0,False,RETRY_PENDING,fighter+0x1E8
2026-07-28T15:20:11Z,81,10503,P2-C2,Doronjo,2465118752,6,265,j.A,move_definition,CURRENT MOVE,17,"High, Light Hit",64,Standard-strike baseline,standard-strike baseline,0,0,0,0,0,0,,,0,False,OK,fighter+0x1E8
2026-07-28T15:20:11Z,82,10504,P2-C2,Doronjo,2465118752,6,265,j.A,move_definition_latched,LAST MOVE,17,"High, Light Hit",64,Standard-strike baseline,standard-strike baseline,0,0,0,0,0,0,,,0,False,NO_PROPERTY_COMMAND,fighter+0x1E8
2026-07-28T15:20:12Z,83,10510,P1-C2,Ippatsuman,2461448704,7,270,6B,move_definition,CURRENT MOVE,10,"Mid, Medium Hit",268435520,"Standard-strike baseline, Unknown B bits 0x10000000",standard-strike baseline,0,0,0,0,0,0,,,0,False,OK,fighter+0x1E8
2026-07-28T15:20:13Z,84,10514,P1-C2,Ippatsuman,2461448704,7,288,j.A (second hit),move_definition,CURRENT MOVE,17,"High, Light Hit",64,Standard-strike baseline,standard-strike baseline,0,0,0,0,0,0,,,0,False,OK,fighter+0x1E8
2026-07-28T15:20:13Z,85,10515,P1-C2,Ippatsuman,2461448704,7,266,j.B,move_definition,CURRENT MOVE,18,"High, Medium Hit",64,Standard-strike baseline,standard-strike baseline,0,0,0,0,0,0,,,0,False,OK,fighter+0x1E8
2026-07-28T15:20:14Z,86,10517,P1-C2,Ippatsuman,2461448704,7,266,j.B,move_definition_latched,LAST MOVE,18,"High, Medium Hit",64,Standard-strike baseline,standard-strike baseline,0,0,0,0,0,0,,,0,False,NO_PROPERTY_COMMAND,fighter+0x1E8
2026-07-28T15:20:14Z,87,10518,P1-C2,Ippatsuman,2461448704,7,321,Air Rainball B,live_attack_actor,LIVE ATTACK ACTOR,12,"Mid, Heavy Hit",262402,"Initial actor phase, Special chip route B, one-eighth damage, Spawned-attack core flag (correlated)",spawned-attack core; initial actor phase; special chip route,0,0,0,2444319156,321,1,P1-C2:91B159B4:91A6B774:0141:E1,,0,False,RETRY_PENDING,fighter+0x1E8
2026-07-28T15:20:14Z,88,10518,P1-C2,Ippatsuman,2461448704,7,321,Air Rainball B,live_attack_actor,LIVE ATTACK ACTOR,12,"Mid, Heavy Hit",262402,"Initial actor phase, Special chip route B, one-eighth damage, Spawned-attack core flag (correlated)",spawned-attack core; initial actor phase; special chip route,0,0,0,2444319156,0,0,,,0,False,RETRY_PENDING,fighter+0x1E8
2026-07-28T15:20:17Z,89,10530,P2-C1,Frank West,2457778656,30,418,Tag In,move_definition,CURRENT MOVE,12,"Mid, Heavy Hit",64,Standard-strike baseline,standard-strike baseline,0,0,0,0,0,0,,,0,False,OK,fighter+0x1E8
2026-07-28T15:20:19Z,90,10536,P1-C1,Ryu,2454108608,12,352,Shinkuu,live_attack_actor,LIVE ATTACK ACTOR,12,"Mid, Heavy Hit",291,"Native result modifier +0004, Sustained-contact actor route, Initial actor phase, Spawned-attack core flag (correlated)",native result +0004; spawned-attack core; sustained-contact route; initial actor phase,265,35,0,2444319156,352,1,P1-C1:91B159B4:91A6B774:0160:E1,,0,False,RETRY_PENDING,fighter+0x1E8
2026-07-28T15:20:19Z,91,10536,P1-C1,Ryu,2454108608,12,352,Shinkuu,live_attack_actor,LIVE ATTACK ACTOR,12,"Mid, Heavy Hit",291,"Native result modifier +0004, Sustained-contact actor route, Initial actor phase, Spawned-attack core flag (correlated)",native result +0004; spawned-attack core; sustained-contact route; initial actor phase,265,35,0,2444319156,0,0,,,0,False,RETRY_PENDING,fighter+0x1E8
2026-07-28T15:20:19Z,92,10537,P1-C2,Ippatsuman,2461448704,7,352,Grand Slam Attack,live_attack_actor,LIVE ATTACK ACTOR,33292,"Mid, Heavy Hit, Hard knockdown (Roll Swing family) 0x00008200",259,"Native result modifier +0004, Initial actor phase, Spawned-attack core flag (correlated)",native result +0004; spawned-attack core; initial actor phase,0,0,0,2444321256,352,1,P1-C2:91B161E8:91A721C8:0160:E1,,0,False,RETRY_PENDING,fighter+0x1E8
2026-07-28T15:20:19Z,93,10537,P1-C2,Ippatsuman,2461448704,7,352,Grand Slam Attack,live_attack_actor,LIVE ATTACK ACTOR,33292,"Mid, Heavy Hit, Hard knockdown (Roll Swing family) 0x00008200",259,"Native result modifier +0004, Initial actor phase, Spawned-attack core flag (correlated)",native result +0004; spawned-attack core; initial actor phase,0,0,0,2444321256,0,0,,,0,False,RETRY_PENDING,fighter+0x1E8
2026-07-28T15:20:19Z,94,10537,P2-C1,Frank West,2457778656,30,418,Tag In,move_definition_latched,LAST MOVE,12,"Mid, Heavy Hit",64,Standard-strike baseline,standard-strike baseline,0,0,0,0,0,0,,,0,False,NO_PROPERTY_COMMAND,fighter+0x1E8
2026-07-28T15:20:20Z,95,10539,P1-C2,Ippatsuman,2461448704,7,352,Grand Slam Attack,live_attack_actor_latched,LAST ATTACK ACTOR,33292,"Mid, Heavy Hit, Hard knockdown (Roll Swing family) 0x00008200",259,"Native result modifier +0004, Initial actor phase, Spawned-attack core flag (correlated)",native result +0004; spawned-attack core; initial actor phase,0,0,0,2444321256,0,0,,,0,False,RETRY_PENDING,fighter+0x1E8
2026-07-28T15:20:21Z,96,10543,P1-C1,Ryu,2454108608,12,352,Shinkuu,live_attack_actor_latched,LAST ATTACK ACTOR,12,"Mid, Heavy Hit",291,"Native result modifier +0004, Sustained-contact actor route, Initial actor phase, Spawned-attack core flag (correlated)",native result +0004; spawned-attack core; sustained-contact route; initial actor phase,265,35,0,2444319156,0,0,,,0,False,RETRY_PENDING,fighter+0x1E8
2026-07-28T15:20:21Z,97,10543,P2-C1,Frank West,2457778656,30,266,j.B,move_definition,CURRENT MOVE,18,"High, Medium Hit",64,Standard-strike baseline,standard-strike baseline,0,0,0,0,0,0,,,0,False,OK,fighter+0x1E8
2026-07-28T15:20:21Z,98,10544,P2-C1,Frank West,2457778656,30,266,j.B,move_definition_latched,LAST MOVE,18,"High, Medium Hit",64,Standard-strike baseline,standard-strike baseline,0,0,0,0,0,0,,,0,False,NO_PROPERTY_COMMAND,fighter+0x1E8
2026-07-28T15:20:23Z,99,10553,P1-C2,Ippatsuman,2461448704,7,260,2B,move_definition,CURRENT MOVE,34,"Low, Medium Hit",64,Standard-strike baseline,standard-strike baseline,0,0,0,0,0,0,,,0,False,OK,fighter+0x1E8
2026-07-28T15:20:23Z,100,10554,P1-C2,Ippatsuman,2461448704,7,258,5C,move_definition,CURRENT MOVE,12,"Mid, Heavy Hit",64,Standard-strike baseline,standard-strike baseline,0,0,0,0,0,0,,,0,False,OK,fighter+0x1E8
2026-07-28T15:20:24Z,101,10557,P1-C2,Ippatsuman,2461448704,7,264,3C,move_definition,CURRENT MOVE,12,"Mid, Heavy Hit",64,Standard-strike baseline,standard-strike baseline,0,0,0,0,0,0,,,0,False,OK,fighter+0x1E8
2026-07-28T15:20:24Z,102,10558,P1-C2,Ippatsuman,2461448704,7,264,3C,move_definition_latched,LAST MOVE,12,"Mid, Heavy Hit",64,Standard-strike baseline,standard-strike baseline,0,0,0,0,0,0,,,0,False,NO_PROPERTY_COMMAND,fighter+0x1E8
2026-07-28T15:20:27Z,103,10573,P1-C2,Ippatsuman,2461448704,7,309,Mound C,live_attack_actor,LIVE ATTACK ACTOR,16652,"Mid, Heavy Hit, OTG + launch / soft-knockdown 0x00004100",1310978,"Initial actor phase, Special chip route B, one-eighth damage, Spawned-attack core flag (correlated), Persistent/paired actor route 0x00100000 (correlated)",spawned-attack core; initial actor phase; special chip route; persistent/paired actor route,0,0,0,2444319156,309,1,P1-C2:91B159B4:91A6B774:0135:E1,,0,False,RETRY_PENDING,fighter+0x1E8
2026-07-28T15:20:27Z,104,10573,P1-C2,Ippatsuman,2461448704,7,309,Mound C,live_attack_actor,LIVE ATTACK ACTOR,16652,"Mid, Heavy Hit, OTG + launch / soft-knockdown 0x00004100",1310978,"Initial actor phase, Special chip route B, one-eighth damage, Spawned-attack core flag (correlated), Persistent/paired actor route 0x00100000 (correlated)",spawned-attack core; initial actor phase; special chip route; persistent/paired actor route,0,0,0,2444319156,0,0,,,0,False,RETRY_PENDING,fighter+0x1E8
2026-07-28T15:20:28Z,105,10575,P1-C2,Ippatsuman,2461448704,7,309,Mound C,live_attack_actor_latched,LAST ATTACK ACTOR,16652,"Mid, Heavy Hit, OTG + launch / soft-knockdown 0x00004100",1310978,"Initial actor phase, Special chip route B, one-eighth damage, Spawned-attack core flag (correlated), Persistent/paired actor route 0x00100000 (correlated)",spawned-attack core; initial actor phase; special chip route; persistent/paired actor route,0,0,0,2444319156,0,0,,,0,False,NO_PROPERTY_COMMAND,fighter+0x1E8
2026-07-28T15:20:30Z,106,10589,P1-C1,Ryu,2454108608,12,426,assist attack,live_attack_actor,LIVE ATTACK ACTOR,12,"Mid, Heavy Hit",258,"Initial actor phase, Spawned-attack core flag (correlated)",spawned-attack core; initial actor phase,0,0,0,2444321256,426,1,P1-C1:91B161E8:91A721C8:01AA:E1,,0,False,OK,fighter+0x1E8
2026-07-28T15:20:30Z,107,10589,P1-C2,Ippatsuman,2461448704,7,307,Mound A,live_attack_actor,LIVE ATTACK ACTOR,16652,"Mid, Heavy Hit, OTG + launch / soft-knockdown 0x00004100",1310978,"Initial actor phase, Special chip route B, one-eighth damage, Spawned-attack core flag (correlated), Persistent/paired actor route 0x00100000 (correlated)",spawned-attack core; initial actor phase; special chip route; persistent/paired actor route,0,0,0,2444319156,307,1,P1-C2:91B159B4:91A6B774:0133:E1,,0,False,RETRY_PENDING,fighter+0x1E8
2026-07-28T15:20:30Z,108,10589,P1-C2,Ippatsuman,2461448704,7,307,Mound A,live_attack_actor,LIVE ATTACK ACTOR,16652,"Mid, Heavy Hit, OTG + launch / soft-knockdown 0x00004100",1310978,"Initial actor phase, Special chip route B, one-eighth damage, Spawned-attack core flag (correlated), Persistent/paired actor route 0x00100000 (correlated)",spawned-attack core; initial actor phase; special chip route; persistent/paired actor route,0,0,0,2444319156,0,0,,,0,False,RETRY_PENDING,fighter+0x1E8
2026-07-28T15:20:31Z,109,10590,P1-C2,Ippatsuman,2461448704,7,307,Mound A,live_attack_actor_latched,LAST ATTACK ACTOR,16652,"Mid, Heavy Hit, OTG + launch / soft-knockdown 0x00004100",1310978,"Initial actor phase, Special chip route B, one-eighth damage, Spawned-attack core flag (correlated), Persistent/paired actor route 0x00100000 (correlated)",spawned-attack core; initial actor phase; special chip route; persistent/paired actor route,0,0,0,2444319156,0,0,,,0,False,RETRY_PENDING,fighter+0x1E8
2026-07-28T15:20:31Z,110,10593,P1-C1,Ryu,2454108608,12,426,assist attack,live_attack_actor_latched,LAST ATTACK ACTOR,12,"Mid, Heavy Hit",258,"Initial actor phase, Spawned-attack core flag (correlated)",spawned-attack core; initial actor phase,0,0,0,2444321256,0,0,,,0,False,NO_PROPERTY_COMMAND,fighter+0x1E8
2026-07-28T15:20:31Z,111,10594,P2-C2,Doronjo,2465118752,6,267,j.C,move_definition,CURRENT MOVE,20,"High, Heavy Hit",64,Standard-strike baseline,standard-strike baseline,0,0,0,0,0,0,,,0,False,OK,fighter+0x1E8
2026-07-28T15:20:32Z,112,10595,P2-C2,Doronjo,2465118752,6,267,j.C,move_definition_latched,LAST MOVE,20,"High, Heavy Hit",64,Standard-strike baseline,standard-strike baseline,0,0,0,0,0,0,,,0,False,NO_PROPERTY_COMMAND,fighter+0x1E8
2026-07-28T15:20:33Z,113,10600,P1-C2,Ippatsuman,2461448704,7,305,Rainball B,live_attack_actor,LIVE ATTACK ACTOR,12,"Mid, Heavy Hit",262402,"Initial actor phase, Special chip route B, one-eighth damage, Spawned-attack core flag (correlated)",spawned-attack core; initial actor phase; special chip route,0,0,0,2444321256,305,1,P1-C2:91B161E8:91A721C8:0131:E1,,0,False,NO_PROPERTY_COMMAND,fighter+0x1E8
2026-07-28T15:20:33Z,114,10600,P1-C2,Ippatsuman,2461448704,7,305,Rainball B,live_attack_actor,LIVE ATTACK ACTOR,12,"Mid, Heavy Hit",262402,"Initial actor phase, Special chip route B, one-eighth damage, Spawned-attack core flag (correlated)",spawned-attack core; initial actor phase; special chip route,0,0,0,2444321256,0,0,,,0,False,NO_PROPERTY_COMMAND,fighter+0x1E8
2026-07-28T15:20:33Z,115,10602,P1-C2,Ippatsuman,2461448704,7,305,Rainball B,live_attack_actor_latched,LAST ATTACK ACTOR,12,"Mid, Heavy Hit",262402,"Initial actor phase, Special chip route B, one-eighth damage, Spawned-attack core flag (correlated)",spawned-attack core; initial actor phase; special chip route,0,0,0,2444321256,0,0,,,0,False,RETRY_PENDING,fighter+0x1E8
2026-07-28T15:20:34Z,116,10606,P1-C2,Ippatsuman,2461448704,7,260,2B,move_definition_latched,LAST MOVE,34,"Low, Medium Hit",64,Standard-strike baseline,standard-strike baseline,0,0,0,0,0,0,,,0,False,NO_PROPERTY_COMMAND,fighter+0x1E8
2026-07-28T15:20:38Z,117,10620,P1-C2,Ippatsuman,2461448704,7,261,2C,move_definition,CURRENT MOVE,36,"Low, Heavy Hit",64,Standard-strike baseline,standard-strike baseline,0,0,0,0,0,0,,,0,False,OK,fighter+0x1E8
2026-07-28T15:20:38Z,118,10622,P1-C2,Ippatsuman,2461448704,7,313,Quick Upper A,move_definition,CURRENT MOVE,12,"Mid, Heavy Hit",262208,"Standard-strike baseline, Special chip route B, one-eighth damage",standard-strike baseline; special chip route,0,0,0,0,0,0,,,0,False,OK,fighter+0x1E8
2026-07-28T15:20:39Z,119,10624,P1-C2,Ippatsuman,2461448704,7,313,Quick Upper A,move_definition_latched,LAST MOVE,12,"Mid, Heavy Hit",262208,"Standard-strike baseline, Special chip route B, one-eighth damage",standard-strike baseline; special chip route,0,0,0,0,0,0,,,0,False,NO_PROPERTY_COMMAND,fighter+0x1E8
2026-07-28T15:20:40Z,120,10629,P1-C2,Ippatsuman,2461448704,7,314,Quick Upper B,move_definition,CURRENT MOVE,12,"Mid, Heavy Hit",262208,"Standard-strike baseline, Special chip route B, one-eighth damage",standard-strike baseline; special chip route,12,262208,0,0,0,0,,,0,False,OK,fighter+0x1E8
2026-07-28T15:20:40Z,121,10634,P1-C2,Ippatsuman,2461448704,7,314,Quick Upper B,move_definition_latched,LAST MOVE,12,"Mid, Heavy Hit",262208,"Standard-strike baseline, Special chip route B, one-eighth damage",standard-strike baseline; special chip route,12,262208,0,0,0,0,,,0,False,NO_PROPERTY_COMMAND,fighter+0x1E8
2026-07-28T15:48:14Z,1,283,P1-C1,Ryu,2454108608,12,256,5A,move_definition,CURRENT MOVE,9,"Mid, Light Hit",9,0,,False,[],[134217729],1,[],64,Standard-strike baseline,standard-strike baseline,0,0,0,0,0,0,,,,False,False,OK,fighter+0x1E8
2026-07-28T15:48:15Z,2,286,P1-C1,Ryu,2454108608,12,257,5B,move_definition,CURRENT MOVE,10,"Mid, Medium Hit",10,0,,False,[],[134217730],1,[],64,Standard-strike baseline,standard-strike baseline,0,0,0,0,0,0,,,,False,False,OK,fighter+0x1E8
2026-07-28T15:48:15Z,3,287,P1-C1,Ryu,2454108608,12,260,2B,move_definition,CURRENT MOVE,34,"Low, Medium Hit",34,0,,False,[],[134217730],1,[],64,Standard-strike baseline,standard-strike baseline,0,0,0,0,0,0,,,,False,False,OK,fighter+0x1E8
2026-07-28T15:48:15Z,4,288,P1-C1,Ryu,2454108608,12,258,5C,move_definition,CURRENT MOVE,12,"Mid, Heavy Hit",12,0,,False,[],[134217732],1,[],64,Standard-strike baseline,standard-strike baseline,0,0,0,0,0,0,,,,False,False,OK,fighter+0x1E8
2026-07-28T15:48:16Z,5,290,P1-C1,Ryu,2454108608,12,261,2C,move_definition,CURRENT MOVE,36,"Low, Heavy Hit",36,1024,"No guard category, No strength tier, Sweep 0x00000400",False,[1024],[134218756],1,[],64,Standard-strike baseline,standard-strike baseline,0,0,0,0,0,0,,,,False,False,OK,fighter+0x1E8
2026-07-28T15:48:16Z,6,292,P1-C1,Ryu,2454108608,12,262,6C,move_definition,CURRENT MOVE,12,"Mid, Heavy Hit",12,0,,False,[],[134217732],1,[],64,Standard-strike baseline,standard-strike baseline,0,0,0,0,0,0,,,,False,False,OK,fighter+0x1E8
2026-07-28T15:48:18Z,7,301,P1-C1,Ryu,2454108608,12,262,6C,move_definition_latched,LAST MOVE,12,"Mid, Heavy Hit",12,0,,False,[],[134217732],1,[],64,Standard-strike baseline,standard-strike baseline,0,0,0,0,0,0,,,,False,False,NO_PROPERTY_COMMAND,fighter+0x1E8
2026-07-28T15:48:19Z,8,311,P1-C1,Ryu,2454108608,12,315,Donkey H,move_definition,CURRENT MOVE,12,"Mid, Heavy Hit",12,2147484160,"No guard category, No strength tier, Wall-interaction hard knockdown 0x80000200",False,[2147484160],[2147484164],1,[],262208,"Standard-strike baseline, Special chip route B, one-eighth damage",standard-strike baseline; special chip route,0,0,0,0,0,0,,,,False,False,OK,fighter+0x1E8
2026-07-28T15:48:21Z,9,317,P1-C1,Ryu,2454108608,12,315,Donkey H,move_definition_latched,LAST MOVE,12,"Mid, Heavy Hit",12,2147484160,"No guard category, No strength tier, Wall-interaction hard knockdown 0x80000200",False,[2147484160],[2147484164],1,[],262208,"Standard-strike baseline, Special chip route B, one-eighth damage",standard-strike baseline; special chip route,0,0,0,0,0,0,,,,False,False,NO_PROPERTY_COMMAND,fighter+0x1E8
2026-07-28T15:48:21Z,10,321,P1-C1,Ryu,2454108608,12,267,j.C,move_definition,CURRENT MOVE,20,"High, Heavy Hit",20,524288,"No guard category, No strength tier, Air knockdown 0x00080000",False,[524288],[134742020],1,[],64,Standard-strike baseline,standard-strike baseline,0,0,0,0,0,0,,,,False,False,OK,fighter+0x1E8
2026-07-28T15:48:22Z,11,323,P1-C1,Ryu,2454108608,12,267,j.C,move_definition_latched,LAST MOVE,20,"High, Heavy Hit",20,524288,"No guard category, No strength tier, Air knockdown 0x00080000",False,[524288],[134742020],1,[],64,Standard-strike baseline,standard-strike baseline,0,0,0,0,0,0,,,,False,False,NO_PROPERTY_COMMAND,fighter+0x1E8
2026-07-28T15:48:24Z,12,338,P1-C1,Ryu,2454108608,12,305,Hado M,cleanup_actor,LIVE ATTACK ACTOR,9,"Mid, Light Hit",9,0,,False,[],[9],0,[],64,Standard-strike baseline,standard-strike baseline,0,0,0,2444319156,305,1,P1-C1:91B159B4:91A6B774:0131:E1,,,False,True,NO_PROPERTY_COMMAND,fighter+0x1E8
2026-07-28T15:48:24Z,13,338,P1-C1,Ryu,2454108608,12,305,Hado M,cleanup_actor,LIVE ATTACK ACTOR,9,"Mid, Light Hit",9,0,,False,[],[9],0,[],64,Standard-strike baseline,standard-strike baseline,0,0,0,2444319156,0,0,,,,False,True,NO_PROPERTY_COMMAND,fighter+0x1E8
2026-07-28T15:48:27Z,14,354,P1-C1,Ryu,2454108608,12,368,Shin Sho,move_definition,CURRENT MOVE,12,"Mid, Heavy Hit",12,0,,True,"[3149824,65792]","[3149828,65796,4]",19,"[2,3,4,5,6,7,8,9,11,12,13,14,15,16,17,18]",1074528341,"Native result modifier +0004, Standard-strike baseline, Special chip route B, one-eighth damage, Result propagation modifier +1, Target-acquired / contact-lock state (correlated), Capture/cinematic modifier 0x00080000 (correlated), Unknown B bits 0x00000004",exact: Level 3 cinematic capture packet; native result +0004; native low-bit route 0x4; target-acquired/contact-lock; standard-strike baseline; special chip route; capture/cinematic modifier; result propagation modifier,12,65,0,0,0,0,,,,False,False,OK,fighter+0x1E8
2026-07-28T15:48:29Z,15,363,P1-C1,Ryu,2454108608,12,512,Shin Sho,move_definition,CURRENT MOVE,17,"High, Light Hit",17,0,,False,[],[2097169],2,"[1,2]",21,"Native result modifier +0004, Target-acquired / contact-lock state (correlated), Unknown B bits 0x00000004",exact: Capture trigger packet; native result +0004; native low-bit route 0x4; target-acquired/contact-lock,17,21,0,0,0,0,,,,False,False,OK,fighter+0x1E8
2026-07-28T15:48:33Z,16,400,P1-C1,Ryu,2454108608,12,308,Tatsu M,move_definition,CURRENT MOVE,12,"Mid, Heavy Hit",12,512,"No guard category, No strength tier, Hard knockdown 0x00000200",False,[512],[516],2,"[1,2]",262208,"Standard-strike baseline, Special chip route B, one-eighth damage",standard-strike baseline; special chip route,12,262208,0,0,0,0,,,,False,False,OK,fighter+0x1E8
2026-07-28T15:48:34Z,17,412,P1-C1,Ryu,2454108608,12,259,2A,move_definition,CURRENT MOVE,33,"Low, Light Hit",33,0,,False,[],[134217729],1,[],64,Standard-strike baseline,standard-strike baseline,0,0,0,0,0,0,,,,False,False,OK,fighter+0x1E8
2026-07-28T15:48:39Z,18,436,P1-C1,Ryu,2454108608,12,309,Tatsu H,move_definition,CURRENT MOVE,12,"Mid, Heavy Hit",12,512,"No guard category, No strength tier, Hard knockdown 0x00000200",False,[512],[516],2,"[1,2]",262208,"Standard-strike baseline, Special chip route B, one-eighth damage",standard-strike baseline; special chip route,12,262208,0,0,0,0,,,,False,False,OK,fighter+0x1E8
2026-07-28T15:48:40Z,19,442,P1-C1,Ryu,2454108608,12,309,Tatsu H,move_definition_latched,LAST MOVE,12,"Mid, Heavy Hit",12,512,"No guard category, No strength tier, Hard knockdown 0x00000200",False,[512],[516],2,"[1,2]",262208,"Standard-strike baseline, Special chip route B, one-eighth damage",standard-strike baseline; special chip route,12,262208,0,0,0,0,,,,False,False,NO_PROPERTY_COMMAND,fighter+0x1E8
2026-07-28T15:48:41Z,20,454,P1-C1,Ryu,2454108608,12,354,Air Shinkuu,live_attack_actor,LIVE ATTACK ACTOR,12,"Mid, Heavy Hit",12,0,,False,[],[12],0,[],291,"Native result modifier +0004, Sustained-contact actor route, Initial actor phase, Spawned-attack core flag (correlated)",native result +0004; spawned-attack core; sustained-contact route; initial actor phase,265,35,0,2444319156,354,1,P1-C1:91B159B4:91A6B774:0162:E1,,,False,False,RETRY_PENDING,fighter+0x1E8
2026-07-28T15:48:41Z,21,454,P1-C1,Ryu,2454108608,12,354,Air Shinkuu,live_attack_actor,LIVE ATTACK ACTOR,12,"Mid, Heavy Hit",12,0,,False,[],[12],0,[],291,"Native result modifier +0004, Sustained-contact actor route, Initial actor phase, Spawned-attack core flag (correlated)",native result +0004; spawned-attack core; sustained-contact route; initial actor phase,265,35,0,2444319156,0,0,,,,False,False,RETRY_PENDING,fighter+0x1E8
2026-07-28T15:48:44Z,22,470,P1-C1,Ryu,2454108608,12,354,Air Shinkuu,live_attack_actor_latched,LAST ATTACK ACTOR,12,"Mid, Heavy Hit",12,0,,False,[],[12],0,[],291,"Native result modifier +0004, Sustained-contact actor route, Initial actor phase, Spawned-attack core flag (correlated)",native result +0004; spawned-attack core; sustained-contact route; initial actor phase,265,35,0,2444319156,0,0,,,,False,False,RETRY_PENDING,fighter+0x1E8
2026-07-28T15:48:44Z,23,470,P1-C2,Chun-Li,2461448704,13,352,Kikosho,live_attack_actor,LIVE ATTACK ACTOR,12,"Mid, Heavy Hit",12,0,,False,[],[12],0,[],291,"Native result modifier +0004, Sustained-contact actor route, Initial actor phase, Spawned-attack core flag (correlated)",native result +0004; spawned-attack core; sustained-contact route; initial actor phase,268,67,0,2444319156,352,1,P1-C2:91B159B4:91A6B774:0160:E1,,,False,False,RETRY_PENDING,fighter+0x1E8
2026-07-28T15:48:44Z,24,470,P1-C2,Chun-Li,2461448704,13,352,Kikosho,live_attack_actor,LIVE ATTACK ACTOR,12,"Mid, Heavy Hit",12,0,,False,[],[12],0,[],291,"Native result modifier +0004, Sustained-contact actor route, Initial actor phase, Spawned-attack core flag (correlated)",native result +0004; spawned-attack core; sustained-contact route; initial actor phase,268,67,0,2444319156,0,0,,,,False,False,RETRY_PENDING,fighter+0x1E8
2026-07-28T15:48:46Z,25,478,P1-C2,Chun-Li,2461448704,13,352,Kikosho,live_attack_actor_latched,LAST ATTACK ACTOR,12,"Mid, Heavy Hit",12,0,,False,[],[12],0,[],291,"Native result modifier +0004, Sustained-contact actor route, Initial actor phase, Spawned-attack core flag (correlated)",native result +0004; spawned-attack core; sustained-contact route; initial actor phase,268,67,0,2444319156,0,0,,,,False,False,RETRY_PENDING,fighter+0x1E8
2026-07-28T15:48:54Z,26,540,P1-C1,Joe the Condor,2454108608,27,256,5A,move_definition,CURRENT MOVE,33,"Low, Light Hit",33,0,,False,[],[134217729],1,[],64,Standard-strike baseline,standard-strike baseline,0,0,0,0,0,0,,,,False,False,OK,fighter+0x1E8
2026-07-28T15:48:54Z,27,542,P1-C1,Joe the Condor,2454108608,27,260,2B,move_definition,CURRENT MOVE,10,"Mid, Medium Hit",10,0,,False,[],[134217730],2,"[1,2]",64,Standard-strike baseline,standard-strike baseline,10,64,0,0,0,0,,,,False,False,OK,fighter+0x1E8
2026-07-28T15:48:55Z,28,546,P1-C1,Joe the Condor,2454108608,27,264,3C,move_definition,CURRENT MOVE,12,"Mid, Heavy Hit",12,262144,"No guard category, No strength tier, Launcher 0x00040000",False,[262144],[134479876],1,[],64,Standard-strike baseline,standard-strike baseline,0,0,0,0,0,0,,,,False,False,OK,fighter+0x1E8
2026-07-28T15:48:55Z,29,549,P1-C1,Joe the Condor,2454108608,27,266,j.B,move_definition,CURRENT MOVE,18,"High, Medium Hit",18,0,,False,[],[402653186],1,[],64,Standard-strike baseline,standard-strike baseline,0,0,0,0,0,0,,,,False,False,OK,fighter+0x1E8
2026-07-28T15:48:55Z,30,550,P1-C1,Joe the Condor,2454108608,27,289,j.B (second hit),move_definition,CURRENT MOVE,18,"High, Medium Hit",18,0,,False,[],[402653186],1,[],64,Standard-strike baseline,standard-strike baseline,0,0,0,0,0,0,,,,False,False,OK,fighter+0x1E8
2026-07-28T15:48:56Z,31,552,P1-C1,Joe the Condor,2454108608,27,289,j.B (second hit),move_definition_latched,LAST MOVE,18,"High, Medium Hit",18,0,,False,[],[402653186],1,[],64,Standard-strike baseline,standard-strike baseline,0,0,0,0,0,0,,,,False,False,NO_PROPERTY_COMMAND,fighter+0x1E8
2026-07-28T15:48:56Z,32,553,P1-C1,Joe the Condor,2454108608,27,323,Air Shuriken A,cleanup_actor,LIVE ATTACK ACTOR,9,"Mid, Light Hit",9,0,,False,[],[9],0,[],64,Standard-strike baseline,standard-strike baseline,0,0,0,2444323356,323,1,P1-C1:91B16A1C:91A7CBE8:0143:E1,,,False,True,NO_PROPERTY_COMMAND,fighter+0x1E8
2026-07-28T15:48:56Z,33,553,P1-C1,Joe the Condor,2454108608,27,323,Air Shuriken A,cleanup_actor,LIVE ATTACK ACTOR,9,"Mid, Light Hit",9,0,,False,[],[9],0,[],64,Standard-strike baseline,standard-strike baseline,0,0,0,2444323356,0,0,,,,False,True,NO_PROPERTY_COMMAND,fighter+0x1E8
2026-07-28T15:48:58Z,34,557,P1-C1,Joe the Condor,2454108608,27,323,Air Shuriken A,cleanup_actor,LIVE ATTACK ACTOR,9,"Mid, Light Hit",9,0,,False,[],[9],0,[],64,Standard-strike baseline,standard-strike baseline,0,0,0,2444323356,323,2,P1-C1:91B16A1C:91A7CBE8:0143:E2,,,False,True,NO_PROPERTY_COMMAND,fighter+0x1E8
2026-07-28T15:48:58Z,35,558,P1-C1,Joe the Condor,2454108608,27,321,Air Savage Shot B,cleanup_actor,LIVE ATTACK ACTOR,9,"Mid, Light Hit",9,0,,False,[],[9],0,[],64,Standard-strike baseline,standard-strike baseline,0,0,0,2444326716,321,1,P1-C1:91B1773C:91A7E12C:0141:E1,,,False,True,OK,fighter+0x1E8
2026-07-28T15:48:58Z,36,558,P1-C1,Joe the Condor,2454108608,27,321,Air Savage Shot B,move_definition,CURRENT MOVE,12,"Mid, Heavy Hit",12,0,,False,[],[134217740],4,"[1,2,3,4]",64,Standard-strike baseline,standard-strike baseline,12,64,0,0,0,0,,,,False,False,OK,fighter+0x1E8
2026-07-28T15:48:59Z,37,559,P1-C1,Joe the Condor,2454108608,27,321,Air Savage Shot B,live_attack_actor,LIVE ATTACK ACTOR,12,"Mid, Heavy Hit",12,0,,False,[],[12],0,[],258,"Initial actor phase, Spawned-attack core flag (correlated)",spawned-attack core; initial actor phase,0,0,0,2444320836,321,1,P1-C1:91B16044:91A6CCB8:0141:E1,,,False,False,OK,fighter+0x1E8
2026-07-28T15:48:59Z,38,560,P1-C1,Joe the Condor,2454108608,27,321,Air Savage Shot B,cleanup_actor,LIVE ATTACK ACTOR,9,"Mid, Light Hit",9,0,,False,[],[9],0,[],64,Standard-strike baseline,standard-strike baseline,0,0,0,2444326716,321,2,P1-C1:91B1773C:91A7E12C:0141:E2,,,False,True,OK,snapshot
2026-07-28T15:48:59Z,39,561,P1-C1,Joe the Condor,2454108608,27,321,Air Savage Shot B,cleanup_actor,LIVE ATTACK ACTOR,9,"Mid, Light Hit",9,0,,False,[],[9],0,[],64,Standard-strike baseline,standard-strike baseline,0,0,0,2444327136,321,1,P1-C1:91B178E0:91A776D8:0141:E1,,,False,True,NO_PROPERTY_COMMAND,fighter+0x1E8
2026-07-28T15:48:59Z,40,561,P1-C1,Joe the Condor,2454108608,27,321,Air Savage Shot B,live_attack_actor,LIVE ATTACK ACTOR,12,"Mid, Heavy Hit",12,0,,False,[],[12],0,[],258,"Initial actor phase, Spawned-attack core flag (correlated)",spawned-attack core; initial actor phase,0,0,0,2444320836,0,0,,,,False,False,NO_PROPERTY_COMMAND,fighter+0x1E8
2026-07-28T15:48:59Z,41,562,P1-C1,Joe the Condor,2454108608,27,321,Air Savage Shot B,live_attack_actor_latched,LAST ATTACK ACTOR,12,"Mid, Heavy Hit",12,0,,False,[],[12],0,[],258,"Initial actor phase, Spawned-attack core flag (correlated)",spawned-attack core; initial actor phase,0,0,0,2444320836,0,0,,,,False,False,NO_PROPERTY_COMMAND,fighter+0x1E8
2026-07-28T15:49:01Z,42,568,P1-C1,Joe the Condor,2454108608,27,258,5C,move_definition_latched,LAST MOVE,12,"Mid, Heavy Hit",12,0,,False,[],[134217732],1,[],64,Standard-strike baseline,standard-strike baseline,0,0,0,0,0,0,,,,False,False,NO_PROPERTY_COMMAND,fighter+0x1E8
2026-07-28T15:49:01Z,43,569,P1-C1,Joe the Condor,2454108608,27,261,2C,live_attack_actor,LIVE ATTACK ACTOR,12,"Mid, Heavy Hit",12,0,,False,[],[12],0,[],130,"Spawned-attack core flag (correlated), Spawned-actor contact family 0x80 (correlated)",spawned-attack core; spawned-actor contact family,0,0,0,2444320836,261,1,P1-C1:91B16044:91A6CCB8:0105:E1,,,False,False,NO_PROPERTY_COMMAND,fighter+0x1E8
2026-07-28T15:49:01Z,44,569,P1-C1,Joe the Condor,2454108608,27,261,2C,live_attack_actor,LIVE ATTACK ACTOR,12,"Mid, Heavy Hit",12,0,,False,[],[12],0,[],130,"Spawned-attack core flag (correlated), Spawned-actor contact family 0x80 (correlated)",spawned-attack core; spawned-actor contact family,0,0,0,2444320836,0,0,,,,False,False,NO_PROPERTY_COMMAND,fighter+0x1E8
2026-07-28T15:49:02Z,45,571,P1-C2,Casshan,2461448704,2,426,assist attack,live_attack_actor,LIVE ATTACK ACTOR,268,"Mid, Heavy Hit, Launch / soft-knockdown route 0x00000100",12,256,"No guard category, No strength tier, Launch / soft-knockdown route 0x00000100",False,[256],[268],0,[],258,"Initial actor phase, Spawned-attack core flag (correlated)",spawned-attack core; initial actor phase,0,0,0,2444327136,426,1,P1-C2:91B178E0:91A776D8:01AA:E1,,,False,False,RETRY_PENDING,fighter+0x1E8
2026-07-28T15:49:02Z,46,571,P1-C2,Casshan,2461448704,2,426,assist attack,live_attack_actor,LIVE ATTACK ACTOR,268,"Mid, Heavy Hit, Launch / soft-knockdown route 0x00000100",12,256,"No guard category, No strength tier, Launch / soft-knockdown route 0x00000100",False,[256],[268],0,[],258,"Initial actor phase, Spawned-attack core flag (correlated)",spawned-attack core; initial actor phase,0,0,0,2444327136,0,0,,,,False,False,RETRY_PENDING,fighter+0x1E8
2026-07-28T15:49:02Z,47,572,P1-C1,Joe the Condor,2454108608,27,261,2C,live_attack_actor_latched,LAST ATTACK ACTOR,12,"Mid, Heavy Hit",12,0,,False,[],[12],0,[],130,"Spawned-attack core flag (correlated), Spawned-actor contact family 0x80 (correlated)",spawned-attack core; spawned-actor contact family,0,0,0,2444320836,0,0,,,,False,False,NO_PROPERTY_COMMAND,fighter+0x1E8
2026-07-28T15:49:02Z,48,572,P1-C2,Casshan,2461448704,2,426,assist attack,live_attack_actor_latched,LAST ATTACK ACTOR,268,"Mid, Heavy Hit, Launch / soft-knockdown route 0x00000100",12,256,"No guard category, No strength tier, Launch / soft-knockdown route 0x00000100",False,[256],[268],0,[],258,"Initial actor phase, Spawned-attack core flag (correlated)",spawned-attack core; initial actor phase,0,0,0,2444327136,0,0,,,,False,False,RETRY_PENDING,fighter+0x1E8
2026-07-28T15:49:03Z,49,574,P1-C1,Joe the Condor,2454108608,27,323,Air Shuriken A,cleanup_actor,LIVE ATTACK ACTOR,9,"Mid, Light Hit",9,0,,False,[],[9],0,[],64,Standard-strike baseline,standard-strike baseline,0,0,0,2444327136,323,1,P1-C1:91B178E0:91A776D8:0143:E1,,,False,True,NO_PROPERTY_COMMAND,fighter+0x1E8
2026-07-28T15:49:03Z,50,574,P1-C1,Joe the Condor,2454108608,27,323,Air Shuriken A,cleanup_actor,LIVE ATTACK ACTOR,9,"Mid, Light Hit",9,0,,False,[],[9],0,[],64,Standard-strike baseline,standard-strike baseline,0,0,0,2444327136,0,0,,,,False,True,NO_PROPERTY_COMMAND,fighter+0x1E8
2026-07-28T15:49:03Z,51,576,P1-C1,Joe the Condor,2454108608,27,321,Air Savage Shot B,live_attack_actor,LIVE ATTACK ACTOR,12,"Mid, Heavy Hit",12,0,,False,[],[12],0,[],258,"Initial actor phase, Spawned-attack core flag (correlated)",spawned-attack core; initial actor phase,0,0,0,2444320836,321,2,P1-C1:91B16044:91A6CCB8:0141:E2,,,False,False,OK,fighter+0x1E8
2026-07-28T15:49:04Z,52,577,P1-C1,Joe the Condor,2454108608,27,321,Air Savage Shot B,live_attack_actor,LIVE ATTACK ACTOR,12,"Mid, Heavy Hit",12,0,,False,[],[12],0,[],258,"Initial actor phase, Spawned-attack core flag (correlated)",spawned-attack core; initial actor phase,0,0,0,2444323356,321,1,P1-C1:91B16A1C:91A7CBE8:0141:E1,,,False,False,OK,fighter+0x1E8
2026-07-28T15:49:04Z,53,578,P1-C1,Joe the Condor,2454108608,27,321,Air Savage Shot B,cleanup_actor,LIVE ATTACK ACTOR,9,"Mid, Light Hit",9,0,,False,[],[9],0,[],64,Standard-strike baseline,standard-strike baseline,0,0,0,2444320836,321,3,P1-C1:91B16044:91A6CCB8:0141:E3,,,False,True,OK,fighter+0x1E8
2026-07-28T15:49:04Z,54,580,P1-C1,Joe the Condor,2454108608,27,321,Air Savage Shot B,live_attack_actor_latched,LAST ATTACK ACTOR,12,"Mid, Heavy Hit",12,0,,False,[],[12],0,[],258,"Initial actor phase, Spawned-attack core flag (correlated)",spawned-attack core; initial actor phase,0,0,0,2444323356,0,0,,,,False,False,NO_PROPERTY_COMMAND,fighter+0x1E8
2026-07-28T15:49:05Z,55,581,P1-C1,Joe the Condor,2454108608,27,304,shuriken A,cleanup_actor,LIVE ATTACK ACTOR,9,"Mid, Light Hit",9,0,,False,[],[9],0,[],64,Standard-strike baseline,standard-strike baseline,0,0,0,2444323356,304,1,P1-C1:91B16A1C:91A7CBE8:0130:E1,,,False,True,NO_PROPERTY_COMMAND,fighter+0x1E8
2026-07-28T15:49:05Z,56,581,P1-C1,Joe the Condor,2454108608,27,304,shuriken A,cleanup_actor,LIVE ATTACK ACTOR,9,"Mid, Light Hit",9,0,,False,[],[9],0,[],64,Standard-strike baseline,standard-strike baseline,0,0,0,2444323356,0,0,,,,False,True,NO_PROPERTY_COMMAND,fighter+0x1E8
2026-07-28T15:49:06Z,57,587,P1-C1,Joe the Condor,2454108608,27,310,Battering Ram A,move_definition,CURRENT MOVE,12,"Mid, Heavy Hit",12,2147483776,"No guard category, No strength tier, Crumple 0x80000080",False,[2147483776],[2147483780],1,[],262208,"Standard-strike baseline, Special chip route B, one-eighth damage",standard-strike baseline; special chip route,0,0,0,0,0,0,,,,False,False,OK,fighter+0x1E8
2026-07-28T15:49:09Z,58,599,P1-C1,Joe the Condor,2454108608,27,264,3C,move_definition_latched,LAST MOVE,12,"Mid, Heavy Hit",12,262144,"No guard category, No strength tier, Launcher 0x00040000",False,[262144],[134479876],1,[],64,Standard-strike baseline,standard-strike baseline,0,0,0,0,0,0,,,,False,False,NO_PROPERTY_COMMAND,fighter+0x1E8
2026-07-28T15:49:10Z,59,603,P1-C1,Joe the Condor,2454108608,27,323,Air Shuriken A,cleanup_actor,LIVE ATTACK ACTOR,9,"Mid, Light Hit",9,0,,False,[],[9],0,[],64,Standard-strike baseline,standard-strike baseline,0,0,0,2444323356,323,3,P1-C1:91B16A1C:91A7CBE8:0143:E3,,,False,True,RETRY_PENDING,fighter+0x1E8
2026-07-28T15:49:11Z,60,609,P1-C1,Joe the Condor,2454108608,27,323,Air Shuriken A,live_attack_actor,LIVE ATTACK ACTOR,268,"Mid, Heavy Hit, Launch / soft-knockdown route 0x00000100",12,256,"No guard category, No strength tier, Launch / soft-knockdown route 0x00000100",False,[256],[268],0,[],130,"Spawned-attack core flag (correlated), Spawned-actor contact family 0x80 (correlated)",spawned-attack core; spawned-actor contact family,0,0,0,2444323356,323,4,P1-C1:91B16A1C:91A7CBE8:0143:E4,,,False,False,RETRY_PENDING,fighter+0x1E8
2026-07-28T15:49:11Z,61,609,P1-C1,Joe the Condor,2454108608,27,323,Air Shuriken A,live_attack_actor,LIVE ATTACK ACTOR,268,"Mid, Heavy Hit, Launch / soft-knockdown route 0x00000100",12,256,"No guard category, No strength tier, Launch / soft-knockdown route 0x00000100",False,[256],[268],0,[],130,"Spawned-attack core flag (correlated), Spawned-actor contact family 0x80 (correlated)",spawned-attack core; spawned-actor contact family,0,0,0,2444323356,0,0,,,,False,False,RETRY_PENDING,fighter+0x1E8
2026-07-28T15:49:12Z,62,614,P1-C1,Joe the Condor,2454108608,27,321,Air Savage Shot B,live_attack_actor,LIVE ATTACK ACTOR,12,"Mid, Heavy Hit",12,0,,False,[],[12],0,[],258,"Initial actor phase, Spawned-attack core flag (correlated)",spawned-attack core; initial actor phase,0,0,0,2444327136,321,2,P1-C1:91B178E0:91A776D8:0141:E2,,,False,False,OK,fighter+0x1E8
2026-07-28T15:49:12Z,63,616,P1-C1,Joe the Condor,2454108608,27,321,Air Savage Shot B,cleanup_actor,LIVE ATTACK ACTOR,9,"Mid, Light Hit",9,0,,False,[],[9],0,[],64,Standard-strike baseline,standard-strike baseline,0,0,0,2444326716,321,3,P1-C1:91B1773C:91A7E12C:0141:E3,,,False,True,OK,fighter+0x1E8
2026-07-28T15:49:13Z,64,619,P1-C1,Joe the Condor,2454108608,27,321,Air Savage Shot B,live_attack_actor_latched,LAST ATTACK ACTOR,12,"Mid, Heavy Hit",12,0,,False,[],[12],0,[],258,"Initial actor phase, Spawned-attack core flag (correlated)",spawned-attack core; initial actor phase,0,0,0,2444327136,0,0,,,,False,False,NO_PROPERTY_COMMAND,fighter+0x1E8
2026-07-28T15:49:13Z,65,620,P1-C1,Joe the Condor,2454108608,27,304,shuriken A,live_attack_actor,LIVE ATTACK ACTOR,268,"Mid, Heavy Hit, Launch / soft-knockdown route 0x00000100",12,256,"No guard category, No strength tier, Launch / soft-knockdown route 0x00000100",False,[256],[268],0,[],130,"Spawned-attack core flag (correlated), Spawned-actor contact family 0x80 (correlated)",spawned-attack core; spawned-actor contact family,0,0,0,2444327136,304,1,P1-C1:91B178E0:91A776D8:0130:E1,,,False,False,NO_PROPERTY_COMMAND,fighter+0x1E8
2026-07-28T15:49:13Z,66,620,P1-C1,Joe the Condor,2454108608,27,304,shuriken A,live_attack_actor,LIVE ATTACK ACTOR,268,"Mid, Heavy Hit, Launch / soft-knockdown route 0x00000100",12,256,"No guard category, No strength tier, Launch / soft-knockdown route 0x00000100",False,[256],[268],0,[],130,"Spawned-attack core flag (correlated), Spawned-actor contact family 0x80 (correlated)",spawned-attack core; spawned-actor contact family,0,0,0,2444327136,0,0,,,,False,False,NO_PROPERTY_COMMAND,fighter+0x1E8
2026-07-28T15:49:16Z,67,636,P1-C1,Joe the Condor,2454108608,27,323,Air Shuriken A,cleanup_actor,LIVE ATTACK ACTOR,9,"Mid, Light Hit",9,0,,False,[],[9],0,[],64,Standard-strike baseline,standard-strike baseline,0,0,0,2444327136,323,2,P1-C1:91B178E0:91A776D8:0143:E2,,,False,True,NO_PROPERTY_COMMAND,fighter+0x1E8
2026-07-28T15:49:19Z,68,650,P1-C1,Joe the Condor,2454108608,27,261,2C,cleanup_actor,LIVE ATTACK ACTOR,9,"Mid, Light Hit",9,0,,False,[],[9],0,[],64,Standard-strike baseline,standard-strike baseline,0,0,0,2444327136,261,1,P1-C1:91B178E0:91A776D8:0105:E1,,,False,True,RETRY_PENDING,fighter+0x1E8
2026-07-28T15:49:19Z,69,650,P1-C1,Joe the Condor,2454108608,27,261,2C,cleanup_actor,LIVE ATTACK ACTOR,9,"Mid, Light Hit",9,0,,False,[],[9],0,[],64,Standard-strike baseline,standard-strike baseline,0,0,0,2444327136,0,0,,,,False,True,RETRY_PENDING,fighter+0x1E8
2026-07-28T15:49:22Z,70,665,P1-C1,Joe the Condor,2454108608,27,323,Air Shuriken A,live_attack_actor,LIVE ATTACK ACTOR,268,"Mid, Heavy Hit, Launch / soft-knockdown route 0x00000100",12,256,"No guard category, No strength tier, Launch / soft-knockdown route 0x00000100",False,[256],[268],0,[],130,"Spawned-attack core flag (correlated), Spawned-actor contact family 0x80 (correlated)",spawned-attack core; spawned-actor contact family,0,0,0,2444327136,323,3,P1-C1:91B178E0:91A776D8:0143:E3,,,False,False,RETRY_PENDING,fighter+0x1E8
2026-07-28T15:49:22Z,71,665,P1-C1,Joe the Condor,2454108608,27,323,Air Shuriken A,live_attack_actor,LIVE ATTACK ACTOR,268,"Mid, Heavy Hit, Launch / soft-knockdown route 0x00000100",12,256,"No guard category, No strength tier, Launch / soft-knockdown route 0x00000100",False,[256],[268],0,[],130,"Spawned-attack core flag (correlated), Spawned-actor contact family 0x80 (correlated)",spawned-attack core; spawned-actor contact family,0,0,0,2444327136,0,0,,,,False,False,RETRY_PENDING,fighter+0x1E8
2026-07-28T15:49:23Z,72,673,P1-C1,Joe the Condor,2454108608,27,323,Air Shuriken A,live_attack_actor_latched,LAST ATTACK ACTOR,268,"Mid, Heavy Hit, Launch / soft-knockdown route 0x00000100",12,256,"No guard category, No strength tier, Launch / soft-knockdown route 0x00000100",False,[256],[268],0,[],130,"Spawned-attack core flag (correlated), Spawned-actor contact family 0x80 (correlated)",spawned-attack core; spawned-actor contact family,0,0,0,2444327136,0,0,,,,False,False,RETRY_PENDING,fighter+0x1E8
2026-07-28T15:49:23Z,73,675,P1-C1,Joe the Condor,2454108608,27,308,Savage Shot Ground B,move_definition,CURRENT MOVE,12,"Mid, Heavy Hit",12,0,,False,[],[134217740],4,"[1,2,3,4]",64,Standard-strike baseline,standard-strike baseline,12,64,0,0,0,0,,,,False,False,OK,snapshot
2026-07-28T15:49:24Z,74,676,P1-C1,Joe the Condor,2454108608,27,308,Savage Shot Ground B,move_definition_latched,LAST MOVE,12,"Mid, Heavy Hit",12,0,,False,[],[134217740],4,"[1,2,3,4]",64,Standard-strike baseline,standard-strike baseline,12,64,0,0,0,0,,,,False,False,RETRY_PENDING,fighter+0x1E8
2026-07-28T15:49:26Z,75,691,P1-C1,Joe the Condor,2454108608,27,354,Bird Missle Bullets,live_attack_actor,LIVE ATTACK ACTOR,12,"Mid, Heavy Hit",12,0,,False,[],[12],0,[],259,"Native result modifier +0004, Initial actor phase, Spawned-attack core flag (correlated)",native result +0004; spawned-attack core; initial actor phase,0,0,0,2444326716,354,1,P1-C1:91B1773C:91A7E12C:0162:E1,,,False,False,RETRY_PENDING,fighter+0x1E8
2026-07-28T15:49:26Z,76,691,P1-C1,Joe the Condor,2454108608,27,354,Bird Missle Bullets,live_attack_actor,LIVE ATTACK ACTOR,12,"Mid, Heavy Hit",12,0,,False,[],[12],0,[],259,"Native result modifier +0004, Initial actor phase, Spawned-attack core flag (correlated)",native result +0004; spawned-attack core; initial actor phase,0,0,0,2444326716,0,0,,,,False,False,RETRY_PENDING,fighter+0x1E8
2026-07-28T15:49:26Z,77,691,P1-C2,Casshan,2461448704,2,352,Brutal Axe,live_attack_actor,LIVE ATTACK ACTOR,268,"Mid, Heavy Hit, Launch / soft-knockdown route 0x00000100",12,256,"No guard category, No strength tier, Launch / soft-knockdown route 0x00000100",False,[256],[268],0,[],1048867,"Native result modifier +0004, Sustained-contact actor route, Initial actor phase, Spawned-attack core flag (correlated), Persistent/paired actor route 0x00100000 (correlated)",native result +0004; spawned-attack core; sustained-contact route; initial actor phase; persistent/paired actor route,0,0,0,2444327136,352,1,P1-C2:91B178E0:91A776D8:0160:E1,,,False,False,RETRY_PENDING,fighter+0x1E8
2026-07-28T15:49:26Z,78,691,P1-C2,Casshan,2461448704,2,352,Brutal Axe,live_attack_actor,LIVE ATTACK ACTOR,268,"Mid, Heavy Hit, Launch / soft-knockdown route 0x00000100",12,256,"No guard category, No strength tier, Launch / soft-knockdown route 0x00000100",False,[256],[268],0,[],1048867,"Native result modifier +0004, Sustained-contact actor route, Initial actor phase, Spawned-attack core flag (correlated), Persistent/paired actor route 0x00100000 (correlated)",native result +0004; spawned-attack core; sustained-contact route; initial actor phase; persistent/paired actor route,0,0,0,2444327136,0,0,,,,False,False,RETRY_PENDING,fighter+0x1E8
2026-07-28T15:49:26Z,79,692,P1-C1,Joe the Condor,2454108608,27,354,Bird Missle Bullets,live_attack_actor,LIVE ATTACK ACTOR,12,"Mid, Heavy Hit",12,0,,False,[],[12],0,[],259,"Native result modifier +0004, Initial actor phase, Spawned-attack core flag (correlated)",native result +0004; spawned-attack core; initial actor phase,0,0,0,2444319576,354,1,P1-C1:91B15B58:91A84B80:0162:E1,,,False,False,RETRY_PENDING,fighter+0x1E8
2026-07-28T15:49:26Z,80,692,P1-C1,Joe the Condor,2454108608,27,354,Bird Missle Bullets,live_attack_actor,LIVE ATTACK ACTOR,12,"Mid, Heavy Hit",12,0,,False,[],[12],0,[],259,"Native result modifier +0004, Initial actor phase, Spawned-attack core flag (correlated)",native result +0004; spawned-attack core; initial actor phase,0,0,0,2444319576,0,0,,,,False,False,RETRY_PENDING,fighter+0x1E8
2026-07-28T15:49:26Z,81,693,P1-C1,Joe the Condor,2454108608,27,354,Bird Missle Bullets,live_attack_actor,LIVE ATTACK ACTOR,12,"Mid, Heavy Hit",12,0,,False,[],[12],0,[],259,"Native result modifier +0004, Initial actor phase, Spawned-attack core flag (correlated)",native result +0004; spawned-attack core; initial actor phase,0,0,0,2444322096,354,1,P1-C1:91B16530:91A7A160:0162:E1,,,False,False,RETRY_PENDING,fighter+0x1E8
2026-07-28T15:49:26Z,82,693,P1-C1,Joe the Condor,2454108608,27,354,Bird Missle Bullets,live_attack_actor,LIVE ATTACK ACTOR,12,"Mid, Heavy Hit",12,0,,False,[],[12],0,[],259,"Native result modifier +0004, Initial actor phase, Spawned-attack core flag (correlated)",native result +0004; spawned-attack core; initial actor phase,0,0,0,2444322096,0,0,,,,False,False,RETRY_PENDING,fighter+0x1E8
2026-07-28T15:49:26Z,83,694,P1-C1,Joe the Condor,2454108608,27,354,Bird Missle Bullets,live_attack_actor,LIVE ATTACK ACTOR,12,"Mid, Heavy Hit",12,0,,False,[],[12],0,[],259,"Native result modifier +0004, Initial actor phase, Spawned-attack core flag (correlated)",native result +0004; spawned-attack core; initial actor phase,0,0,0,2444321676,354,1,P1-C1:91B1638C:91A6E1FC:0162:E1,,,False,False,RETRY_PENDING,fighter+0x1E8
2026-07-28T15:49:26Z,84,694,P1-C1,Joe the Condor,2454108608,27,354,Bird Missle Bullets,live_attack_actor,LIVE ATTACK ACTOR,12,"Mid, Heavy Hit",12,0,,False,[],[12],0,[],259,"Native result modifier +0004, Initial actor phase, Spawned-attack core flag (correlated)",native result +0004; spawned-attack core; initial actor phase,0,0,0,2444321676,0,0,,,,False,False,RETRY_PENDING,fighter+0x1E8
2026-07-28T15:49:26Z,85,695,P1-C1,Joe the Condor,2454108608,27,354,Bird Missle Bullets,live_attack_actor,LIVE ATTACK ACTOR,12,"Mid, Heavy Hit",12,0,,False,[],[12],0,[],259,"Native result modifier +0004, Initial actor phase, Spawned-attack core flag (correlated)",native result +0004; spawned-attack core; initial actor phase,0,0,0,2444327556,354,1,P1-C1:91B17A84:91A6F740:0162:E1,,,False,False,RETRY_PENDING,fighter+0x1E8
2026-07-28T15:49:26Z,86,695,P1-C1,Joe the Condor,2454108608,27,354,Bird Missle Bullets,live_attack_actor,LIVE ATTACK ACTOR,12,"Mid, Heavy Hit",12,0,,False,[],[12],0,[],259,"Native result modifier +0004, Initial actor phase, Spawned-attack core flag (correlated)",native result +0004; spawned-attack core; initial actor phase,0,0,0,2444327556,0,0,,,,False,False,RETRY_PENDING,fighter+0x1E8
2026-07-28T15:49:26Z,87,696,P1-C1,Joe the Condor,2454108608,27,354,Bird Missle Bullets,live_attack_actor,LIVE ATTACK ACTOR,12,"Mid, Heavy Hit",12,0,,False,[],[12],0,[],259,"Native result modifier +0004, Initial actor phase, Spawned-attack core flag (correlated)",native result +0004; spawned-attack core; initial actor phase,0,0,0,2444326716,354,1,P1-C1:91B1773C:91A7CBE8:0162:E1,,,False,False,RETRY_PENDING,fighter+0x1E8
2026-07-28T15:49:26Z,88,697,P1-C1,Joe the Condor,2454108608,27,354,Bird Missle Bullets,live_attack_actor,LIVE ATTACK ACTOR,12,"Mid, Heavy Hit",12,0,,False,[],[12],0,[],259,"Native result modifier +0004, Initial actor phase, Spawned-attack core flag (correlated)",native result +0004; spawned-attack core; initial actor phase,0,0,0,2444322936,354,1,P1-C1:91B16878:91A84B80:0162:E1,,,False,False,RETRY_PENDING,fighter+0x1E8
2026-07-28T15:49:26Z,89,697,P1-C1,Joe the Condor,2454108608,27,354,Bird Missle Bullets,live_attack_actor,LIVE ATTACK ACTOR,12,"Mid, Heavy Hit",12,0,,False,[],[12],0,[],259,"Native result modifier +0004, Initial actor phase, Spawned-attack core flag (correlated)",native result +0004; spawned-attack core; initial actor phase,0,0,0,2444322936,0,0,,,,False,False,RETRY_PENDING,fighter+0x1E8
2026-07-28T15:49:27Z,90,698,P1-C1,Joe the Condor,2454108608,27,354,Bird Missle Bullets,live_attack_actor,LIVE ATTACK ACTOR,12,"Mid, Heavy Hit",12,0,,False,[],[12],0,[],259,"Native result modifier +0004, Initial actor phase, Spawned-attack core flag (correlated)",native result +0004; spawned-attack core; initial actor phase,0,0,0,2444321256,354,1,P1-C1:91B161E8:91A78C1C:0162:E1,,,False,False,RETRY_PENDING,fighter+0x1E8
2026-07-28T15:49:27Z,91,698,P1-C1,Joe the Condor,2454108608,27,354,Bird Missle Bullets,cleanup_actor,LIVE ATTACK ACTOR,9,"Mid, Light Hit",9,0,,False,[],[9],0,[],64,Standard-strike baseline,standard-strike baseline,0,0,0,2444324616,354,1,P1-C1:91B16F08:91A6B774:0162:E1,,,False,True,RETRY_PENDING,fighter+0x1E8
2026-07-28T15:49:27Z,92,698,P1-C1,Joe the Condor,2454108608,27,354,Bird Missle Bullets,live_attack_actor,LIVE ATTACK ACTOR,12,"Mid, Heavy Hit",12,0,,False,[],[12],0,[],259,"Native result modifier +0004, Initial actor phase, Spawned-attack core flag (correlated)",native result +0004; spawned-attack core; initial actor phase,0,0,0,2444321256,0,0,,,,False,False,RETRY_PENDING,fighter+0x1E8
2026-07-28T15:49:27Z,93,698,P1-C2,Casshan,2461448704,2,352,Brutal Axe,live_attack_actor_latched,LAST ATTACK ACTOR,268,"Mid, Heavy Hit, Launch / soft-knockdown route 0x00000100",12,256,"No guard category, No strength tier, Launch / soft-knockdown route 0x00000100",False,[256],[268],0,[],1048867,"Native result modifier +0004, Sustained-contact actor route, Initial actor phase, Spawned-attack core flag (correlated), Persistent/paired actor route 0x00100000 (correlated)",native result +0004; spawned-attack core; sustained-contact route; initial actor phase; persistent/paired actor route,0,0,0,2444327136,0,0,,,,False,False,RETRY_PENDING,fighter+0x1E8
2026-07-28T15:49:27Z,94,699,P1-C1,Joe the Condor,2454108608,27,354,Bird Missle Bullets,live_attack_actor,LIVE ATTACK ACTOR,12,"Mid, Heavy Hit",12,0,,False,[],[12],0,[],259,"Native result modifier +0004, Initial actor phase, Spawned-attack core flag (correlated)",native result +0004; spawned-attack core; initial actor phase,0,0,0,2444324616,354,1,P1-C1:91B16F08:91A74C50:0162:E1,,,False,False,RETRY_PENDING,fighter+0x1E8
2026-07-28T15:49:27Z,95,699,P1-C1,Joe the Condor,2454108608,27,354,Bird Missle Bullets,live_attack_actor,LIVE ATTACK ACTOR,12,"Mid, Heavy Hit",12,0,,False,[],[12],0,[],259,"Native result modifier +0004, Initial actor phase, Spawned-attack core flag (correlated)",native result +0004; spawned-attack core; initial actor phase,0,0,0,2444324616,0,0,,,,False,False,RETRY_PENDING,fighter+0x1E8
2026-07-28T15:49:27Z,96,700,P1-C1,Joe the Condor,2454108608,27,354,Bird Missle Bullets,live_attack_actor,LIVE ATTACK ACTOR,12,"Mid, Heavy Hit",12,0,,False,[],[12],0,[],259,"Native result modifier +0004, Initial actor phase, Spawned-attack core flag (correlated)",native result +0004; spawned-attack core; initial actor phase,0,0,0,2444325036,354,1,P1-C1:91B170AC:91A860C4:0162:E1,,,False,False,RETRY_PENDING,fighter+0x1E8
2026-07-28T15:49:27Z,97,700,P1-C1,Joe the Condor,2454108608,27,354,Bird Missle Bullets,live_attack_actor,LIVE ATTACK ACTOR,12,"Mid, Heavy Hit",12,0,,False,[],[12],0,[],259,"Native result modifier +0004, Initial actor phase, Spawned-attack core flag (correlated)",native result +0004; spawned-attack core; initial actor phase,0,0,0,2444325036,0,0,,,,False,False,RETRY_PENDING,fighter+0x1E8
2026-07-28T15:49:27Z,98,701,P1-C1,Joe the Condor,2454108608,27,354,Bird Missle Bullets,live_attack_actor,LIVE ATTACK ACTOR,12,"Mid, Heavy Hit",12,0,,False,[],[12],0,[],259,"Native result modifier +0004, Initial actor phase, Spawned-attack core flag (correlated)",native result +0004; spawned-attack core; initial actor phase,0,0,0,2444320416,354,1,P1-C1:91B15EA0:91A8363C:0162:E1,,,False,False,RETRY_PENDING,fighter+0x1E8
2026-07-28T15:49:27Z,99,701,P1-C1,Joe the Condor,2454108608,27,354,Bird Missle Bullets,live_attack_actor,LIVE ATTACK ACTOR,12,"Mid, Heavy Hit",12,0,,False,[],[12],0,[],259,"Native result modifier +0004, Initial actor phase, Spawned-attack core flag (correlated)",native result +0004; spawned-attack core; initial actor phase,0,0,0,2444320416,0,0,,,,False,False,RETRY_PENDING,fighter+0x1E8
2026-07-28T15:49:27Z,100,702,P1-C1,Joe the Condor,2454108608,27,354,Bird Missle Bullets,live_attack_actor,LIVE ATTACK ACTOR,12,"Mid, Heavy Hit",12,0,,False,[],[12],0,[],259,"Native result modifier +0004, Initial actor phase, Spawned-attack core flag (correlated)",native result +0004; spawned-attack core; initial actor phase,0,0,0,2444324196,354,1,P1-C1:91B16D64:91A80BB4:0162:E1,,,False,False,RETRY_PENDING,fighter+0x1E8
2026-07-28T15:49:27Z,101,702,P1-C1,Joe the Condor,2454108608,27,354,Bird Missle Bullets,live_attack_actor,LIVE ATTACK ACTOR,12,"Mid, Heavy Hit",12,0,,False,[],[12],0,[],259,"Native result modifier +0004, Initial actor phase, Spawned-attack core flag (correlated)",native result +0004; spawned-attack core; initial actor phase,0,0,0,2444324196,0,0,,,,False,False,RETRY_PENDING,fighter+0x1E8
2026-07-28T15:49:27Z,102,703,P1-C1,Joe the Condor,2454108608,27,354,Bird Missle Bullets,live_attack_actor,LIVE ATTACK ACTOR,12,"Mid, Heavy Hit",12,0,,False,[],[12],0,[],283,"Native result modifier +0004, Initial actor phase, Spawned-attack core flag (correlated), Alternate normal/contact route 0x00000008 (unresolved), Target-acquired / contact-lock state (correlated)",native result +0004; spawned-attack core; alternate contact route; target-acquired/contact-lock; initial actor phase,0,0,0,2444323776,354,1,P1-C1:91B16BC0:91A6E1FC:0162:E1,,,False,False,RETRY_PENDING,fighter+0x1E8
2026-07-28T15:49:27Z,103,703,P1-C1,Joe the Condor,2454108608,27,354,Bird Missle Bullets,live_attack_actor,LIVE ATTACK ACTOR,12,"Mid, Heavy Hit",12,0,,False,[],[12],0,[],283,"Native result modifier +0004, Initial actor phase, Spawned-attack core flag (correlated), Alternate normal/contact route 0x00000008 (unresolved), Target-acquired / contact-lock state (correlated)",native result +0004; spawned-attack core; alternate contact route; target-acquired/contact-lock; initial actor phase,0,0,0,2444323776,0,0,,,,False,False,RETRY_PENDING,fighter+0x1E8
2026-07-28T15:49:34Z,104,760,P1-C1,Joe the Condor,2454108608,27,1,Spawned Actor 0001,live_attack_actor,LIVE ATTACK ACTOR,17164,"Mid, Heavy Hit, A flags 0x00004300",12,17152,"No guard category, No strength tier, A flags 0x00004300",False,[17152],[17164],0,[],1048851,"Native result modifier +0004, Initial actor phase, Spawned-attack core flag (correlated), Target-acquired / contact-lock state (correlated), Persistent/paired actor route 0x00100000 (correlated)",native result +0004; spawned-attack core; target-acquired/contact-lock; initial actor phase; persistent/paired actor route,0,0,0,2444324196,1,1,P1-C1:91B16D64:91A80BB4:0001:E1,,,False,False,RETRY_PENDING,fighter+0x1E8
2026-07-28T15:49:34Z,105,760,P1-C1,Joe the Condor,2454108608,27,1,Spawned Actor 0001,live_attack_actor,LIVE ATTACK ACTOR,17164,"Mid, Heavy Hit, A flags 0x00004300",12,17152,"No guard category, No strength tier, A flags 0x00004300",False,[17152],[17164],0,[],1048851,"Native result modifier +0004, Initial actor phase, Spawned-attack core flag (correlated), Target-acquired / contact-lock state (correlated), Persistent/paired actor route 0x00100000 (correlated)",native result +0004; spawned-attack core; target-acquired/contact-lock; initial actor phase; persistent/paired actor route,0,0,0,2444324196,0,0,,,,False,False,RETRY_PENDING,fighter+0x1E8
2026-07-28T15:49:34Z,106,761,P1-C1,Joe the Condor,2454108608,27,1,Spawned Actor 0001,live_attack_actor_latched,LAST ATTACK ACTOR,17164,"Mid, Heavy Hit, A flags 0x00004300",12,17152,"No guard category, No strength tier, A flags 0x00004300",False,[17152],[17164],0,[],1048851,"Native result modifier +0004, Initial actor phase, Spawned-attack core flag (correlated), Target-acquired / contact-lock state (correlated), Persistent/paired actor route 0x00100000 (correlated)",native result +0004; spawned-attack core; target-acquired/contact-lock; initial actor phase; persistent/paired actor route,0,0,0,2444324196,0,0,,,,False,False,NO_PROPERTY_COMMAND,fighter+0x1E8
2026-07-28T16:13:09Z,107,16599,P1-C1,Joe the Condor,2454108608,27,257,5B,move_definition_latched,LAST MOVE,10,"Mid, Medium Hit",10,0,,False,[],[134217730],1,[],64,Standard-strike baseline,standard-strike baseline,0,0,0,0,0,0,,,,False,False,NO_PROPERTY_COMMAND,fighter+0x1E8
2026-07-28T16:13:09Z,108,16600,P1-C1,Joe the Condor,2454108608,27,261,2C,live_attack_actor,LIVE ATTACK ACTOR,12,"Mid, Heavy Hit",12,0,,False,[],[12],0,[],130,"Spawned-attack core flag (correlated), Spawned-actor contact family 0x80 (correlated)",spawned-attack core; spawned-actor contact family,0,0,0,2444324196,261,1,P1-C1:91B16D64:91A80BB4:0105:E1,,,False,False,NO_PROPERTY_COMMAND,fighter+0x1E8
2026-07-28T16:13:09Z,109,16600,P1-C1,Joe the Condor,2454108608,27,261,2C,live_attack_actor,LIVE ATTACK ACTOR,12,"Mid, Heavy Hit",12,0,,False,[],[12],0,[],130,"Spawned-attack core flag (correlated), Spawned-actor contact family 0x80 (correlated)",spawned-attack core; spawned-actor contact family,0,0,0,2444324196,0,0,,,,False,False,NO_PROPERTY_COMMAND,fighter+0x1E8
2026-07-28T16:13:10Z,110,16603,P1-C1,Joe the Condor,2454108608,27,261,2C,live_attack_actor_latched,LAST ATTACK ACTOR,12,"Mid, Heavy Hit",12,0,,False,[],[12],0,[],130,"Spawned-attack core flag (correlated), Spawned-actor contact family 0x80 (correlated)",spawned-attack core; spawned-actor contact family,0,0,0,2444324196,0,0,,,,False,False,NO_PROPERTY_COMMAND,fighter+0x1E8
2026-07-28T16:13:10Z,111,16603,P1-C2,Casshan,2461448704,2,426,assist attack,live_attack_actor,LIVE ATTACK ACTOR,268,"Mid, Heavy Hit, Launch / soft-knockdown route 0x00000100",12,256,"No guard category, No strength tier, Launch / soft-knockdown route 0x00000100",False,[256],[268],0,[],258,"Initial actor phase, Spawned-attack core flag (correlated)",spawned-attack core; initial actor phase,0,0,0,2444323776,426,1,P1-C2:91B16BC0:91A6E1FC:01AA:E1,,,False,False,NO_PROPERTY_COMMAND,fighter+0x1E8
2026-07-28T16:13:10Z,112,16603,P1-C2,Casshan,2461448704,2,426,assist attack,live_attack_actor,LIVE ATTACK ACTOR,268,"Mid, Heavy Hit, Launch / soft-knockdown route 0x00000100",12,256,"No guard category, No strength tier, Launch / soft-knockdown route 0x00000100",False,[256],[268],0,[],258,"Initial actor phase, Spawned-attack core flag (correlated)",spawned-attack core; initial actor phase,0,0,0,2444323776,0,0,,,,False,False,NO_PROPERTY_COMMAND,fighter+0x1E8
2026-07-28T16:13:11Z,113,16604,P1-C2,Casshan,2461448704,2,426,assist attack,live_attack_actor_latched,LAST ATTACK ACTOR,268,"Mid, Heavy Hit, Launch / soft-knockdown route 0x00000100",12,256,"No guard category, No strength tier, Launch / soft-knockdown route 0x00000100",False,[256],[268],0,[],258,"Initial actor phase, Spawned-attack core flag (correlated)",spawned-attack core; initial actor phase,0,0,0,2444323776,0,0,,,,False,False,NO_PROPERTY_COMMAND,fighter+0x1E8
2026-07-28T17:42:36Z,1,133,P1-C1,Ryu,2454108608,12,256,5A,move_definition,CURRENT MOVE,9,"Mid, Light Hit",9,0,,False,[],[134217729],1,[],64,Standard-strike baseline,standard-strike baseline,0,0,0,0,0,0,,,,False,False,OK,fighter+0x1E8
2026-07-28T17:42:36Z,2,135,P1-C1,Ryu,2454108608,12,257,5B,move_definition,CURRENT MOVE,10,"Mid, Medium Hit",10,0,,False,[],[134217730],1,[],64,Standard-strike baseline,standard-strike baseline,0,0,0,0,0,0,,,,False,False,OK,fighter+0x1E8
2026-07-28T17:42:37Z,3,137,P1-C1,Ryu,2454108608,12,258,5C,move_definition,CURRENT MOVE,12,"Mid, Heavy Hit",12,0,,False,[],[134217732],1,[],64,Standard-strike baseline,standard-strike baseline,0,0,0,0,0,0,,,,False,False,OK,fighter+0x1E8
2026-07-28T17:42:37Z,4,139,P1-C1,Ryu,2454108608,12,261,2C,move_definition,CURRENT MOVE,36,"Low, Heavy Hit",36,1024,"No guard category, No strength tier, Sweep 0x00000400",False,[1024],[134218756],1,[],64,Standard-strike baseline,standard-strike baseline,0,0,0,0,0,0,,,,False,False,OK,fighter+0x1E8
2026-07-28T17:42:38Z,5,146,P1-C1,Ryu,2454108608,12,261,2C,move_definition_latched,LAST MOVE,36,"Low, Heavy Hit",36,1024,"No guard category, No strength tier, Sweep 0x00000400",False,[1024],[134218756],1,[],64,Standard-strike baseline,standard-strike baseline,0,0,0,0,0,0,,,,False,False,NO_PROPERTY_COMMAND,fighter+0x1E8
2026-07-28T17:42:39Z,6,149,P1-C1,Ryu,2454108608,12,256,5A,move_definition_latched,LAST MOVE,9,"Mid, Light Hit",9,0,,False,[],[134217729],1,[],64,Standard-strike baseline,standard-strike baseline,0,0,0,0,0,0,,,,False,False,NO_PROPERTY_COMMAND,fighter+0x1E8
2026-07-28T17:42:40Z,7,152,P1-C1,Ryu,2454108608,12,260,2B,move_definition,CURRENT MOVE,34,"Low, Medium Hit",34,0,,False,[],[134217730],1,[],64,Standard-strike baseline,standard-strike baseline,0,0,0,0,0,0,,,,False,False,OK,fighter+0x1E8
2026-07-28T17:42:41Z,8,155,P1-C1,Ryu,2454108608,12,262,6C,move_definition,CURRENT MOVE,12,"Mid, Heavy Hit",12,0,,False,[],[134217732],1,[],64,Standard-strike baseline,standard-strike baseline,0,0,0,0,0,0,,,,False,False,OK,fighter+0x1E8
2026-07-28T17:42:41Z,9,157,P1-C1,Ryu,2454108608,12,262,6C,move_definition_latched,LAST MOVE,12,"Mid, Heavy Hit",12,0,,False,[],[134217732],1,[],64,Standard-strike baseline,standard-strike baseline,0,0,0,0,0,0,,,,False,False,NO_PROPERTY_COMMAND,fighter+0x1E8
2026-07-28T17:42:41Z,10,159,P1-C1,Ryu,2454108608,12,305,Hado M,live_attack_actor,LIVE ATTACK ACTOR,12,"Mid, Heavy Hit",12,0,,False,[],[12],0,[],262402,"Initial actor phase, Special chip route B, one-eighth damage, Spawned-attack core flag (correlated)",spawned-attack core; initial actor phase; special chip route,0,0,0,2444319156,305,1,P1-C1:91B159B4:91A6B774:0131:E1,,,False,False,NO_PROPERTY_COMMAND,fighter+0x1E8
2026-07-28T17:42:41Z,11,159,P1-C1,Ryu,2454108608,12,305,Hado M,live_attack_actor,LIVE ATTACK ACTOR,12,"Mid, Heavy Hit",12,0,,False,[],[12],0,[],262402,"Initial actor phase, Special chip route B, one-eighth damage, Spawned-attack core flag (correlated)",spawned-attack core; initial actor phase; special chip route,0,0,0,2444319156,0,0,,,,False,False,NO_PROPERTY_COMMAND,fighter+0x1E8
2026-07-28T17:42:42Z,12,160,P1-C1,Ryu,2454108608,12,305,Hado M,live_attack_actor_latched,LAST ATTACK ACTOR,12,"Mid, Heavy Hit",12,0,,False,[],[12],0,[],262402,"Initial actor phase, Special chip route B, one-eighth damage, Spawned-attack core flag (correlated)",spawned-attack core; initial actor phase; special chip route,0,0,0,2444319156,0,0,,,,False,False,NO_PROPERTY_COMMAND,fighter+0x1E8
2026-07-28T17:42:42Z,13,161,P1-C1,Ryu,2454108608,12,267,j.C,move_definition,CURRENT MOVE,20,"High, Heavy Hit",20,524288,"No guard category, No strength tier, Air knockdown 0x00080000",False,[524288],[134742020],1,[],64,Standard-strike baseline,standard-strike baseline,0,0,0,0,0,0,,,,False,False,OK,fighter+0x1E8
2026-07-28T17:42:43Z,14,164,P1-C1,Ryu,2454108608,12,267,j.C,move_definition_latched,LAST MOVE,20,"High, Heavy Hit",20,524288,"No guard category, No strength tier, Air knockdown 0x00080000",False,[524288],[134742020],1,[],64,Standard-strike baseline,standard-strike baseline,0,0,0,0,0,0,,,,False,False,NO_PROPERTY_COMMAND,fighter+0x1E8
2026-07-28T17:42:46Z,15,177,P1-C1,Ryu,2454108608,12,305,Hado M,cleanup_actor,LIVE ATTACK ACTOR,9,"Mid, Light Hit",9,0,,False,[],[9],0,[],64,Standard-strike baseline,standard-strike baseline,0,0,0,2444319156,305,2,P1-C1:91B159B4:91A6B774:0131:E2,,,False,True,OK,fighter+0x1E8
2026-07-28T17:42:46Z,16,177,P1-C1,Ryu,2454108608,12,368,Shin Sho,move_definition,CURRENT MOVE,12,"Mid, Heavy Hit",12,0,,True,"[3149824,65792]","[3149828,65796,4]",19,"[2,3,4,5,6,7,8,9,11,12,13,14,15,16,17,18]",1074528341,"Native result modifier +0004, Standard-strike baseline, Special chip route B, one-eighth damage, Result propagation modifier +1, Target-acquired / contact-lock state (correlated), Capture/cinematic modifier 0x00080000 (correlated), Unknown B bits 0x00000004",exact: Level 3 cinematic capture packet; native result +0004; native low-bit route 0x4; target-acquired/contact-lock; standard-strike baseline; special chip route; capture/cinematic modifier; result propagation modifier,12,65,0,0,0,0,,,,False,False,OK,fighter+0x1E8
2026-07-28T17:42:47Z,17,185,P1-C1,Ryu,2454108608,12,512,Shin Sho,move_definition,CURRENT MOVE,17,"High, Light Hit",17,0,,False,[],[2097169],2,"[1,2]",21,"Native result modifier +0004, Target-acquired / contact-lock state (correlated), Unknown B bits 0x00000004",exact: Capture trigger packet; native result +0004; native low-bit route 0x4; target-acquired/contact-lock,17,21,0,0,0,0,,,,False,False,OK,fighter+0x1E8
2026-07-28T17:42:51Z,18,220,P1-C1,Ryu,2454108608,12,308,Tatsu M,move_definition,CURRENT MOVE,12,"Mid, Heavy Hit",12,512,"No guard category, No strength tier, Hard knockdown 0x00000200",False,[512],[516],2,"[1,2]",262208,"Standard-strike baseline, Special chip route B, one-eighth damage",standard-strike baseline; special chip route,12,262208,0,0,0,0,,,,False,False,OK,fighter+0x1E8
2026-07-28T17:42:54Z,19,241,P1-C1,Ryu,2454108608,12,309,Tatsu H,move_definition,CURRENT MOVE,12,"Mid, Heavy Hit",12,512,"No guard category, No strength tier, Hard knockdown 0x00000200",False,[512],[516],2,"[1,2]",262208,"Standard-strike baseline, Special chip route B, one-eighth damage",standard-strike baseline; special chip route,12,262208,0,0,0,0,,,,False,False,OK,fighter+0x1E8
2026-07-28T17:42:58Z,20,257,P1-C1,Ryu,2454108608,12,315,Donkey H,move_definition,CURRENT MOVE,12,"Mid, Heavy Hit",12,2147484160,"No guard category, No strength tier, Wall-interaction hard knockdown 0x80000200",False,[2147484160],[2147484164],1,[],262208,"Standard-strike baseline, Special chip route B, one-eighth damage",standard-strike baseline; special chip route,0,0,0,0,0,0,,,,False,False,OK,fighter+0x1E8
2026-07-28T17:43:02Z,21,279,P1-C1,Ryu,2454108608,12,309,Tatsu H,move_definition_latched,LAST MOVE,12,"Mid, Heavy Hit",12,512,"No guard category, No strength tier, Hard knockdown 0x00000200",False,[512],[516],2,"[1,2]",262208,"Standard-strike baseline, Special chip route B, one-eighth damage",standard-strike baseline; special chip route,12,262208,0,0,0,0,,,,False,False,RETRY_PENDING,fighter+0x1E8
2026-07-28T17:43:04Z,22,290,P1-C1,Ryu,2454108608,12,352,Shinkuu,live_attack_actor,LIVE ATTACK ACTOR,12,"Mid, Heavy Hit",12,0,,False,[],[12],0,[],291,"Native result modifier +0004, Sustained-contact actor route, Initial actor phase, Spawned-attack core flag (correlated)",native result +0004; spawned-attack core; sustained-contact route; initial actor phase,265,35,0,2444319156,352,1,P1-C1:91B159B4:91A6B774:0160:E1,,,False,False,NO_PROPERTY_COMMAND,fighter+0x1E8
2026-07-28T17:43:04Z,23,290,P1-C1,Ryu,2454108608,12,352,Shinkuu,live_attack_actor,LIVE ATTACK ACTOR,12,"Mid, Heavy Hit",12,0,,False,[],[12],0,[],291,"Native result modifier +0004, Sustained-contact actor route, Initial actor phase, Spawned-attack core flag (correlated)",native result +0004; spawned-attack core; sustained-contact route; initial actor phase,265,35,0,2444319156,0,0,,,,False,False,NO_PROPERTY_COMMAND,fighter+0x1E8
2026-07-28T17:43:04Z,24,290,P1-C2,Chun-Li,2461448704,13,352,Kikosho,live_attack_actor,LIVE ATTACK ACTOR,12,"Mid, Heavy Hit",12,0,,False,[],[12],0,[],291,"Native result modifier +0004, Sustained-contact actor route, Initial actor phase, Spawned-attack core flag (correlated)",native result +0004; spawned-attack core; sustained-contact route; initial actor phase,268,67,0,2444319576,352,1,P1-C2:91B15B58:91A6CCB8:0160:E1,,,False,False,RETRY_PENDING,fighter+0x1E8
2026-07-28T17:43:04Z,25,290,P1-C2,Chun-Li,2461448704,13,352,Kikosho,live_attack_actor,LIVE ATTACK ACTOR,12,"Mid, Heavy Hit",12,0,,False,[],[12],0,[],291,"Native result modifier +0004, Sustained-contact actor route, Initial actor phase, Spawned-attack core flag (correlated)",native result +0004; spawned-attack core; sustained-contact route; initial actor phase,268,67,0,2444319576,0,0,,,,False,False,RETRY_PENDING,fighter+0x1E8
2026-07-28T17:43:06Z,26,305,P1-C2,Chun-Li,2461448704,13,352,Kikosho,live_attack_actor_latched,LAST ATTACK ACTOR,12,"Mid, Heavy Hit",12,0,,False,[],[12],0,[],291,"Native result modifier +0004, Sustained-contact actor route, Initial actor phase, Spawned-attack core flag (correlated)",native result +0004; spawned-attack core; sustained-contact route; initial actor phase,268,67,0,2444319576,0,0,,,,False,False,RETRY_PENDING,fighter+0x1E8
2026-07-28T17:43:07Z,27,309,P1-C1,Ryu,2454108608,12,352,Shinkuu,live_attack_actor_latched,LAST ATTACK ACTOR,12,"Mid, Heavy Hit",12,0,,False,[],[12],0,[],291,"Native result modifier +0004, Sustained-contact actor route, Initial actor phase, Spawned-attack core flag (correlated)",native result +0004; spawned-attack core; sustained-contact route; initial actor phase,265,35,0,2444319156,0,0,,,,False,False,NO_PROPERTY_COMMAND,fighter+0x1E8
2026-07-28T17:43:09Z,28,323,P1-C1,Ryu,2454108608,12,352,Shinkuu,live_attack_actor,LIVE ATTACK ACTOR,12,"Mid, Heavy Hit",12,0,,False,[],[12],0,[],291,"Native result modifier +0004, Sustained-contact actor route, Initial actor phase, Spawned-attack core flag (correlated)",native result +0004; spawned-attack core; sustained-contact route; initial actor phase,265,35,0,2444319156,352,2,P1-C1:91B159B4:91A6B774:0160:E2,,,False,False,RETRY_PENDING,fighter+0x1E8
2026-07-28T21:08:31Z,1,1381,P1-C1,Ryu,2454108608,12,256,5A,move_definition,CURRENT MOVE,9,"Mid, Light Hit",9,0,,False,[],[134217729],1,[],64,Standard-strike baseline,standard-strike baseline,0,0,0,0,0,0,,,,False,,False,,False,,False,,,False,,False,False,OK,fighter+0x1E8
2026-07-28T21:08:32Z,2,1384,P1-C1,Ryu,2454108608,12,257,5B,move_definition,CURRENT MOVE,10,"Mid, Medium Hit",10,0,,False,[],[134217730],1,[],64,Standard-strike baseline,standard-strike baseline,0,0,0,0,0,0,,,,False,,False,,False,,False,,,False,,False,False,OK,fighter+0x1E8
2026-07-28T21:08:32Z,3,1385,P1-C1,Ryu,2454108608,12,260,2B,move_definition,CURRENT MOVE,34,"Low, Medium Hit",34,0,,False,[],[134217730],1,[],64,Standard-strike baseline,standard-strike baseline,0,0,0,0,0,0,,,,False,,False,,False,,False,,,False,,False,False,OK,fighter+0x1E8
2026-07-28T21:08:32Z,4,1386,P1-C1,Ryu,2454108608,12,258,5C,move_definition,CURRENT MOVE,12,"Mid, Heavy Hit",12,0,,False,[],[134217732],1,[],64,Standard-strike baseline,standard-strike baseline,0,0,0,0,0,0,,,,False,,False,,False,,False,,,False,,False,False,OK,fighter+0x1E8
2026-07-28T21:08:33Z,5,1387,P1-C1,Ryu,2454108608,12,261,2C,move_definition,CURRENT MOVE,36,"Low, Heavy Hit",36,1024,"No guard category, No strength tier, Sweep 0x00000400",False,[1024],[134218756],1,[],64,Standard-strike baseline,standard-strike baseline,0,0,0,0,0,0,,,,False,,False,,False,,False,,,False,,False,False,OK,fighter+0x1E8
2026-07-28T21:08:33Z,6,1389,P1-C1,Ryu,2454108608,12,262,6C,move_definition,CURRENT MOVE,12,"Mid, Heavy Hit",12,0,,False,[],[134217732],1,[],64,Standard-strike baseline,standard-strike baseline,0,0,0,0,0,0,,,,False,,False,,False,,False,,,False,,False,False,OK,fighter+0x1E8
2026-07-28T21:08:34Z,7,1391,P1-C1,Ryu,2454108608,12,315,Donkey H,move_definition,CURRENT MOVE,12,"Mid, Heavy Hit",12,2147484160,"No guard category, No strength tier, Wall-interaction hard knockdown 0x80000200",False,[2147484160],[2147484164],1,[],262208,"Standard-strike baseline, Special chip route B, one-eighth damage",standard-strike baseline; special chip route,0,0,0,0,0,0,,,,False,,False,,False,,False,,,False,,False,False,OK,fighter+0x1E8
2026-07-28T21:08:36Z,8,1398,P1-C1,Ryu,2454108608,12,256,5A,move_definition_latched,LAST MOVE,9,"Mid, Light Hit",9,0,,False,[],[134217729],1,[],64,Standard-strike baseline,standard-strike baseline,0,0,0,0,0,0,,,,False,,False,,False,,False,,,False,,False,False,NO_PROPERTY_COMMAND,fighter+0x1E8
2026-07-28T21:08:36Z,9,1401,P1-C1,Ryu,2454108608,12,267,j.C,move_definition,CURRENT MOVE,20,"High, Heavy Hit",20,524288,"No guard category, No strength tier, Air knockdown 0x00080000",False,[524288],[134742020],1,[],64,Standard-strike baseline,standard-strike baseline,0,0,0,0,0,0,,,,False,,False,,False,,False,,,False,,False,False,OK,fighter+0x1E8
2026-07-28T21:08:41Z,10,1417,P1-C1,Ryu,2454108608,12,309,Tatsu H,move_definition,CURRENT MOVE,12,"Mid, Heavy Hit",12,512,"No guard category, No strength tier, Hard knockdown 0x00000200",False,[512],[516],2,"[1,2]",262208,"Standard-strike baseline, Special chip route B, one-eighth damage",standard-strike baseline; special chip route,12,262208,0,0,0,0,,,,False,,False,,False,,False,,,False,,False,False,OK,fighter+0x1E8
2026-07-28T21:08:43Z,11,1422,P1-C1,Ryu,2454108608,12,309,Tatsu H,move_definition_latched,LAST MOVE,12,"Mid, Heavy Hit",12,512,"No guard category, No strength tier, Hard knockdown 0x00000200",False,[512],[516],2,"[1,2]",262208,"Standard-strike baseline, Special chip route B, one-eighth damage",standard-strike baseline; special chip route,12,262208,0,0,0,0,,,,False,,False,,False,,False,,,False,,False,False,NO_PROPERTY_COMMAND,fighter+0x1E8
2026-07-28T21:08:46Z,12,1431,P1-C2,Chun-Li,2461448704,13,426,assist attack,move_definition,CURRENT MOVE,12,"Mid, Heavy Hit",12,256,"No guard category, No strength tier, Launch / soft-knockdown route 0x00000100",False,[256],[260],3,"[1,2,3]",64,Standard-strike baseline,standard-strike baseline,12,64,0,0,0,0,,,,False,,False,,False,,False,,,False,,False,False,OK,fighter+0x1E8
2026-07-28T21:08:47Z,13,1434,P1-C2,Chun-Li,2461448704,13,426,assist attack,move_definition_latched,LAST MOVE,12,"Mid, Heavy Hit",12,256,"No guard category, No strength tier, Launch / soft-knockdown route 0x00000100",False,[256],[260],3,"[1,2,3]",64,Standard-strike baseline,standard-strike baseline,12,64,0,0,0,0,,,,False,,False,,False,,False,,,False,,False,False,NO_PROPERTY_COMMAND,fighter+0x1E8
2026-07-28T21:08:49Z,14,1443,P1-C1,Ryu,2454108608,12,262,6C,move_definition_latched,LAST MOVE,12,"Mid, Heavy Hit",12,0,,False,[],[134217732],1,[],64,Standard-strike baseline,standard-strike baseline,0,0,0,0,0,0,,,,False,,False,,False,,False,,,False,,False,False,NO_PROPERTY_COMMAND,fighter+0x1E8
2026-07-28T21:08:50Z,15,1445,P1-C1,Ryu,2454108608,12,325,Air Tatsu H,move_definition,CURRENT MOVE,12,"Mid, Heavy Hit",12,2148007936,"No guard category, No strength tier, Special air-knockdown composite 0x80080000",False,[2148007936],[2148007940],2,"[1,2]",262208,"Standard-strike baseline, Special chip route B, one-eighth damage",standard-strike baseline; special chip route,12,262208,0,0,0,0,,,,False,,False,,False,,False,,,False,,False,False,OK,fighter+0x1E8
2026-07-28T21:08:57Z,16,1464,P1-C1,Ryu,2454108608,12,264,3C,move_definition,CURRENT MOVE,12,"Mid, Heavy Hit",12,262144,"No guard category, No strength tier, Launcher 0x00040000",False,[262144],[134479876],1,[],64,Standard-strike baseline,standard-strike baseline,0,0,0,0,0,0,,,,False,,False,,False,,False,,,False,,False,False,OK,fighter+0x1E8
2026-07-28T21:08:57Z,17,1466,P1-C1,Ryu,2454108608,12,265,j.A,move_definition,CURRENT MOVE,17,"High, Light Hit",17,0,,False,[],[402653185],1,[],64,Standard-strike baseline,standard-strike baseline,0,0,0,0,0,0,,,,False,,False,,False,,False,,,False,,False,False,OK,fighter+0x1E8
2026-07-28T21:08:58Z,18,1467,P1-C1,Ryu,2454108608,12,266,j.B,move_definition,CURRENT MOVE,18,"High, Medium Hit",18,0,,False,[],[402653186],2,"[1,2]",64,Standard-strike baseline,standard-strike baseline,18,64,0,0,0,0,,,,False,,False,,False,,False,,,False,,False,False,OK,fighter+0x1E8
2026-07-28T21:08:58Z,19,1469,P1-C1,Ryu,2454108608,12,320,Air Hado L,live_attack_actor,LIVE ATTACK ACTOR,12,"Mid, Heavy Hit",12,0,,False,[],[12],0,[],262402,"Initial actor phase, Special chip route B, one-eighth damage, Spawned-attack core flag (correlated)",spawned-attack core; initial actor phase; special chip route,0,0,0,2444319156,320,1,P1-C1:91B159B4:91A6B774:0140:E1,,,False,,False,,False,,False,,,False,,False,False,NO_PROPERTY_COMMAND,fighter+0x1E8
2026-07-28T21:08:58Z,20,1469,P1-C1,Ryu,2454108608,12,320,Air Hado L,live_attack_actor,LIVE ATTACK ACTOR,12,"Mid, Heavy Hit",12,0,,False,[],[12],0,[],262402,"Initial actor phase, Special chip route B, one-eighth damage, Spawned-attack core flag (correlated)",spawned-attack core; initial actor phase; special chip route,0,0,0,2444319156,0,0,,,,False,,False,,False,,False,,,False,,False,False,NO_PROPERTY_COMMAND,fighter+0x1E8
2026-07-28T21:09:00Z,21,1476,P1-C1,Ryu,2454108608,12,354,Air Shinkuu,live_attack_actor,LIVE ATTACK ACTOR,12,"Mid, Heavy Hit",12,0,,False,[],[12],0,[],291,"Native result modifier +0004, Sustained-contact actor route, Initial actor phase, Spawned-attack core flag (correlated)",native result +0004; spawned-attack core; sustained-contact route; initial actor phase,265,35,0,2444319576,354,1,P1-C1:91B15B58:91A6CCB8:0162:E1,,,False,,False,,False,,False,,,False,,False,False,RETRY_PENDING,fighter+0x1E8
2026-07-28T21:09:00Z,22,1477,P1-C1,Ryu,2454108608,12,354,Air Shinkuu,live_attack_actor,LIVE ATTACK ACTOR,12,"Mid, Heavy Hit",12,0,,False,[],[12],0,[],291,"Native result modifier +0004, Sustained-contact actor route, Initial actor phase, Spawned-attack core flag (correlated)",native result +0004; spawned-attack core; sustained-contact route; initial actor phase,265,35,0,2444319576,0,0,,,,False,,False,,False,,False,,,False,,False,False,NO_PROPERTY_COMMAND,fighter+0x1E8
2026-07-28T21:09:02Z,23,1487,P1-C1,Ryu,2454108608,12,354,Air Shinkuu,live_attack_actor_latched,LAST ATTACK ACTOR,12,"Mid, Heavy Hit",12,0,,False,[],[12],0,[],291,"Native result modifier +0004, Sustained-contact actor route, Initial actor phase, Spawned-attack core flag (correlated)",native result +0004; spawned-attack core; sustained-contact route; initial actor phase,265,35,0,2444319576,0,0,,,,False,,False,,False,,False,,,False,,False,False,RETRY_PENDING,fighter+0x1E8
2026-07-28T21:09:02Z,24,1488,P1-C2,Chun-Li,2461448704,13,352,Kikosho,live_attack_actor,LIVE ATTACK ACTOR,12,"Mid, Heavy Hit",12,0,,False,[],[12],0,[],291,"Native result modifier +0004, Sustained-contact actor route, Initial actor phase, Spawned-attack core flag (correlated)",native result +0004; spawned-attack core; sustained-contact route; initial actor phase,268,67,0,2444319576,352,1,P1-C2:91B15B58:91A6CCB8:0160:E1,,,False,,False,,False,,False,,,False,,False,False,RETRY_PENDING,fighter+0x1E8
2026-07-28T21:09:02Z,25,1488,P1-C2,Chun-Li,2461448704,13,352,Kikosho,live_attack_actor,LIVE ATTACK ACTOR,12,"Mid, Heavy Hit",12,0,,False,[],[12],0,[],291,"Native result modifier +0004, Sustained-contact actor route, Initial actor phase, Spawned-attack core flag (correlated)",native result +0004; spawned-attack core; sustained-contact route; initial actor phase,268,67,0,2444319576,0,0,,,,False,,False,,False,,False,,,False,,False,False,RETRY_PENDING,fighter+0x1E8
2026-07-28T21:09:04Z,26,1494,P1-C2,Chun-Li,2461448704,13,352,Kikosho,live_attack_actor_latched,LAST ATTACK ACTOR,12,"Mid, Heavy Hit",12,0,,False,[],[12],0,[],291,"Native result modifier +0004, Sustained-contact actor route, Initial actor phase, Spawned-attack core flag (correlated)",native result +0004; spawned-attack core; sustained-contact route; initial actor phase,268,67,0,2444319576,0,0,,,,False,,False,,False,,False,,,False,,False,False,NO_PROPERTY_COMMAND,fighter+0x1E8
2026-07-28T21:09:05Z,27,1499,P1-C2,Chun-Li,2461448704,13,259,2A,move_definition,CURRENT MOVE,9,"Mid, Light Hit",9,0,,False,[],[134217729],1,[],64,Standard-strike baseline,standard-strike baseline,0,0,0,0,0,0,,,,False,,False,,False,,False,,,False,,False,False,OK,fighter+0x1E8
2026-07-28T21:09:05Z,28,1500,P1-C2,Chun-Li,2461448704,13,260,2B,move_definition,CURRENT MOVE,34,"Low, Medium Hit",34,0,,False,[],[134217730],1,[],64,Standard-strike baseline,standard-strike baseline,0,0,0,0,0,0,,,,False,,False,,False,,False,,,False,,False,False,OK,fighter+0x1E8
2026-07-28T21:09:06Z,29,1501,P1-C2,Chun-Li,2461448704,13,264,3C,move_definition,CURRENT MOVE,12,"Mid, Heavy Hit",12,262144,"No guard category, No strength tier, Launcher 0x00040000",False,[262144],[134479876],1,[],64,Standard-strike baseline,standard-strike baseline,0,0,0,0,0,0,,,,False,,False,,False,,False,,,False,,False,False,OK,fighter+0x1E8
2026-07-28T21:09:06Z,30,1503,P1-C2,Chun-Li,2461448704,13,315,Legs C,move_definition,CURRENT MOVE,10,"Mid, Medium Hit",10,0,,False,[],[2],8,"[1,2,3,4,5,6,7,8]",262208,"Standard-strike baseline, Special chip route B, one-eighth damage",standard-strike baseline; special chip route,10,262208,0,0,0,0,,,,False,,False,,False,,False,,,False,,False,False,OK,fighter+0x1E8
2026-07-28T21:09:07Z,31,1505,P1-C2,Chun-Li,2461448704,13,257,5B,move_definition,CURRENT MOVE,10,"Mid, Medium Hit",10,0,,False,[],[134217730],1,[],64,Standard-strike baseline,standard-strike baseline,0,0,0,0,0,0,,,,False,,False,,False,,False,,,False,,False,False,OK,fighter+0x1E8
2026-07-28T21:09:07Z,32,1506,P1-C2,Chun-Li,2461448704,13,258,5C,move_definition,CURRENT MOVE,12,"Mid, Heavy Hit",12,0,,False,[],[134217732],1,[],64,Standard-strike baseline,standard-strike baseline,0,0,0,0,0,0,,,,False,,False,,False,,False,,,False,,False,False,OK,fighter+0x1E8
2026-07-28T21:09:09Z,33,1510,P1-C2,Chun-Li,2461448704,13,265,j.A,move_definition,CURRENT MOVE,17,"High, Light Hit",17,0,,False,[],[402653185],1,[],64,Standard-strike baseline,standard-strike baseline,0,0,0,0,0,0,,,,False,,False,,False,,False,,,False,,False,False,OK,fighter+0x1E8
2026-07-28T21:09:09Z,34,1511,P1-C2,Chun-Li,2461448704,13,266,j.B,move_definition,CURRENT MOVE,18,"High, Medium Hit",18,0,,False,[],[402653186],1,[],64,Standard-strike baseline,standard-strike baseline,0,0,0,0,0,0,,,,False,,False,,False,,False,,,False,,False,False,OK,fighter+0x1E8
2026-07-28T21:09:10Z,35,1513,P1-C2,Chun-Li,2461448704,13,368,Shichei Startup,move_definition,CURRENT MOVE,20,"High, Heavy Hit",20,3145984,"No guard category, No strength tier, Cinematic + launch 0x00300100",False,[3145984],"[3145988,4]",3,"[1,2]",1074266197,"Native result modifier +0004, Standard-strike baseline, Result propagation modifier +1, Target-acquired / contact-lock state (correlated), Capture/cinematic modifier 0x00080000 (correlated), Unknown B bits 0x00000004",exact: Cinematic capture + launch packet (correlated); native result +0004; native low-bit route 0x4; target-acquired/contact-lock; standard-strike baseline; capture/cinematic modifier; result propagation modifier,20,1074266197,0,0,0,0,,,,False,,False,,False,,False,,,False,,False,False,OK,fighter+0x1E8
2026-07-28T21:09:11Z,36,1521,P1-C2,Chun-Li,2461448704,13,368,Shichei Startup,move_definition_latched,LAST MOVE,20,"High, Heavy Hit",20,3145984,"No guard category, No strength tier, Cinematic + launch 0x00300100",False,[3145984],"[3145988,4]",3,"[1,2]",1074266197,"Native result modifier +0004, Standard-strike baseline, Result propagation modifier +1, Target-acquired / contact-lock state (correlated), Capture/cinematic modifier 0x00080000 (correlated), Unknown B bits 0x00000004",exact: Cinematic capture + launch packet (correlated); native result +0004; native low-bit route 0x4; target-acquired/contact-lock; standard-strike baseline; capture/cinematic modifier; result propagation modifier,20,1074266197,0,0,0,0,,,,False,,False,,False,,False,,,False,,False,False,NO_PROPERTY_COMMAND,fighter+0x1E8
2026-07-28T21:09:13Z,37,1525,P1-C2,Chun-Li,2461448704,13,261,2C,move_definition,CURRENT MOVE,36,"Low, Heavy Hit",36,1024,"No guard category, No strength tier, Sweep 0x00000400",False,[1024],[134218756],1,[],64,Standard-strike baseline,standard-strike baseline,0,0,0,0,0,0,,,,False,,False,,False,,False,,,False,,False,False,OK,fighter+0x1E8
2026-07-28T21:09:13Z,38,1526,P1-C2,Chun-Li,2461448704,13,309,SBK H,move_definition,CURRENT MOVE,12,"Mid, Heavy Hit",12,1048832,"No guard category, No strength tier, Stabilized soft knockdown 0x00100100",False,[1048832],[1048836],7,"[1,2,3,4,5,6,7]",262208,"Standard-strike baseline, Special chip route B, one-eighth damage",standard-strike baseline; special chip route,12,262208,0,0,0,0,,,,False,,False,,False,,False,,,False,,False,False,OK,fighter+0x1E8
2026-07-28T21:09:57Z,39,1847,P1-C2,Chun-Li,2461448704,13,258,5C,move_definition_latched,LAST MOVE,12,"Mid, Heavy Hit",12,0,,False,[],[134217732],1,[],64,Standard-strike baseline,standard-strike baseline,0,0,0,0,0,0,,,,False,,False,,False,,False,,,False,,False,False,NO_PROPERTY_COMMAND,fighter+0x1E8
2026-07-28T21:19:24Z,1,85,P1-C1,Ryu,2454108608,12,261,2C,move_definition_latched,LAST MOVE,True,READY,,36,"Low, Heavy Hit",36,1024,"No guard category, No strength tier, Sweep 0x00000400",False,[1024],[134218756],1,[],64,Standard-strike baseline,standard-strike baseline,0,0,0,0,0,0,,,,False,,False,,False,,False,,,False,,False,False,RETRY_PENDING,fighter+0x1E8
2026-07-28T21:19:28Z,2,139,P1-C1,Ryu,2454108608,12,256,5A,move_definition,CURRENT MOVE,True,READY,,9,"Mid, Light Hit",9,0,,False,[],[134217729],1,[],64,Standard-strike baseline,standard-strike baseline,0,0,0,0,0,0,,,,False,,False,,False,,False,,,False,,False,False,OK,fighter+0x1E8
2026-07-28T21:19:28Z,3,141,P1-C1,Ryu,2454108608,12,257,5B,move_definition,CURRENT MOVE,True,READY,,10,"Mid, Medium Hit",10,0,,False,[],[134217730],1,[],64,Standard-strike baseline,standard-strike baseline,0,0,0,0,0,0,,,,False,,False,,False,,False,,,False,,False,False,OK,fighter+0x1E8
2026-07-28T21:19:29Z,4,142,P1-C1,Ryu,2454108608,12,260,2B,move_definition,CURRENT MOVE,True,READY,,34,"Low, Medium Hit",34,0,,False,[],[134217730],1,[],64,Standard-strike baseline,standard-strike baseline,0,0,0,0,0,0,,,,False,,False,,False,,False,,,False,,False,False,OK,fighter+0x1E8
2026-07-28T21:19:29Z,5,143,P1-C1,Ryu,2454108608,12,258,5C,move_definition,CURRENT MOVE,True,READY,,12,"Mid, Heavy Hit",12,0,,False,[],[134217732],1,[],64,Standard-strike baseline,standard-strike baseline,0,0,0,0,0,0,,,,False,,False,,False,,False,,,False,,False,False,OK,fighter+0x1E8
2026-07-28T21:19:29Z,6,145,P1-C1,Ryu,2454108608,12,262,6C,move_definition,CURRENT MOVE,True,READY,,12,"Mid, Heavy Hit",12,0,,False,[],[134217732],1,[],64,Standard-strike baseline,standard-strike baseline,0,0,0,0,0,0,,,,False,,False,,False,,False,,,False,,False,False,OK,fighter+0x1E8
2026-07-28T21:19:30Z,7,148,P1-C1,Ryu,2454108608,12,262,6C,move_definition_latched,LAST MOVE,True,READY,,12,"Mid, Heavy Hit",12,0,,False,[],[134217732],1,[],64,Standard-strike baseline,standard-strike baseline,0,0,0,0,0,0,,,,False,,False,,False,,False,,,False,,False,False,NO_PROPERTY_COMMAND,fighter+0x1E8
2026-07-28T21:19:30Z,8,149,P1-C1,Ryu,2454108608,12,305,Hado M,live_attack_actor,LIVE ATTACK ACTOR,True,READY,,12,"Mid, Heavy Hit",12,0,,False,[],[12],0,[],262402,"Initial actor phase, Special chip route B, one-eighth damage, Spawned-attack core flag (correlated)",spawned-attack core; initial actor phase; special chip route,0,0,0,2444319576,305,1,P1-C1:91B15B58:91A6CCB8:0131:E1,,,False,,False,,False,,False,,,False,,False,False,NO_PROPERTY_COMMAND,fighter+0x1E8
2026-07-28T21:19:30Z,9,149,P1-C1,Ryu,2454108608,12,305,Hado M,live_attack_actor,LIVE ATTACK ACTOR,True,READY,,12,"Mid, Heavy Hit",12,0,,False,[],[12],0,[],262402,"Initial actor phase, Special chip route B, one-eighth damage, Spawned-attack core flag (correlated)",spawned-attack core; initial actor phase; special chip route,0,0,0,2444319576,0,0,,,,False,,False,,False,,False,,,False,,False,False,NO_PROPERTY_COMMAND,fighter+0x1E8
2026-07-28T21:19:30Z,10,150,P1-C1,Ryu,2454108608,12,305,Hado M,live_attack_actor_latched,LAST ATTACK ACTOR,True,READY,,12,"Mid, Heavy Hit",12,0,,False,[],[12],0,[],262402,"Initial actor phase, Special chip route B, one-eighth damage, Spawned-attack core flag (correlated)",spawned-attack core; initial actor phase; special chip route,0,0,0,2444319576,0,0,,,,False,,False,,False,,False,,,False,,False,False,NO_PROPERTY_COMMAND,fighter+0x1E8
2026-07-28T21:19:31Z,11,151,P1-C1,Ryu,2454108608,12,325,Air Tatsu H,move_definition,CURRENT MOVE,True,READY,,12,"Mid, Heavy Hit",12,2148007936,"No guard category, No strength tier, Special air-knockdown composite 0x80080000",False,[2148007936],[2148007940],2,"[1,2]",262208,"Standard-strike baseline, Special chip route B, one-eighth damage",standard-strike baseline; special chip route,12,262208,0,0,0,0,,,,False,,False,,False,,False,,,False,,False,False,OK,fighter+0x1E8
2026-07-28T21:19:34Z,12,169,P1-C1,Ryu,2454108608,12,261,2C,move_definition,CURRENT MOVE,True,READY,,36,"Low, Heavy Hit",36,1024,"No guard category, No strength tier, Sweep 0x00000400",False,[1024],[134218756],1,[],64,Standard-strike baseline,standard-strike baseline,0,0,0,0,0,0,,,,False,,False,,False,,False,,,False,,False,False,OK,fighter+0x1E8
2026-07-28T21:19:35Z,13,174,P1-C1,Ryu,2454108608,12,315,Donkey H,move_definition,CURRENT MOVE,True,READY,,12,"Mid, Heavy Hit",12,2147484160,"No guard category, No strength tier, Wall-interaction hard knockdown 0x80000200",False,[2147484160],[2147484164],1,[],262208,"Standard-strike baseline, Special chip route B, one-eighth damage",standard-strike baseline; special chip route,0,0,0,0,0,0,,,,False,,False,,False,,False,,,False,,False,False,OK,fighter+0x1E8
2026-07-28T21:19:38Z,14,191,P1-C1,Ryu,2454108608,12,309,Tatsu H,move_definition,CURRENT MOVE,True,READY,,12,"Mid, Heavy Hit",12,512,"No guard category, No strength tier, Hard knockdown 0x00000200",False,[512],[516],2,"[1,2]",262208,"Standard-strike baseline, Special chip route B, one-eighth damage",standard-strike baseline; special chip route,12,262208,0,0,0,0,,,,False,,False,,False,,False,,,False,,False,False,OK,fighter+0x1E8
2026-07-28T21:19:39Z,15,196,P1-C2,Chun-Li,2461448704,13,426,assist attack,move_definition,CURRENT MOVE,True,READY,,12,"Mid, Heavy Hit",12,256,"No guard category, No strength tier, Launch / soft-knockdown route 0x00000100",False,[256],[260],3,"[1,2,3]",64,Standard-strike baseline,standard-strike baseline,12,64,0,0,0,0,,,,False,,False,,False,,False,,,False,,False,False,OK,fighter+0x1E8
2026-07-28T21:19:40Z,16,201,P1-C1,Ryu,2454108608,12,309,Tatsu H,move_definition_latched,LAST MOVE,True,READY,,12,"Mid, Heavy Hit",12,512,"No guard category, No strength tier, Hard knockdown 0x00000200",False,[512],[516],2,"[1,2]",262208,"Standard-strike baseline, Special chip route B, one-eighth damage",standard-strike baseline; special chip route,12,262208,0,0,0,0,,,,False,,False,,False,,False,,,False,,False,False,NO_PROPERTY_COMMAND,fighter+0x1E8
2026-07-28T21:19:41Z,17,203,P1-C2,Chun-Li,2461448704,13,426,assist attack,move_definition_latched,LAST MOVE,True,READY,,12,"Mid, Heavy Hit",12,256,"No guard category, No strength tier, Launch / soft-knockdown route 0x00000100",False,[256],[260],3,"[1,2,3]",64,Standard-strike baseline,standard-strike baseline,12,64,0,0,0,0,,,,False,,False,,False,,False,,,False,,False,False,NO_PROPERTY_COMMAND,fighter+0x1E8
2026-07-28T21:19:45Z,18,222,P1-C1,Ryu,2454108608,12,368,Shin Sho,move_definition,CURRENT MOVE,True,READY,,12,"Mid, Heavy Hit",12,0,,True,"[3149824,65792]","[3149828,65796,4]",19,"[2,3,4,5,6,7,8,9,11,12,13,14,15,16,17,18]",1074528341,"Native result modifier +0004, Standard-strike baseline, Special chip route B, one-eighth damage, Result propagation modifier +1, Target-acquired / contact-lock state (correlated), Capture/cinematic modifier 0x00080000 (correlated), Unknown B bits 0x00000004",exact: Level 3 cinematic capture packet; native result +0004; native low-bit route 0x4; target-acquired/contact-lock; standard-strike baseline; special chip route; capture/cinematic modifier; result propagation modifier,12,65,0,0,0,0,,,,False,,False,,False,,False,,,False,,False,False,OK,fighter+0x1E8
2026-07-28T21:19:47Z,19,233,P1-C1,Ryu,2454108608,12,512,Shin Sho,move_definition,CURRENT MOVE,True,READY,,17,"High, Light Hit",17,0,,False,[],[2097169],2,"[1,2]",21,"Native result modifier +0004, Target-acquired / contact-lock state (correlated), Unknown B bits 0x00000004",exact: Capture trigger packet; native result +0004; native low-bit route 0x4; target-acquired/contact-lock,17,21,0,0,0,0,,,,False,,False,,False,,False,,,False,,False,False,OK,fighter+0x1E8
2026-07-28T21:19:51Z,20,263,P1-C1,Ryu,2454108608,12,308,Tatsu M,move_definition,CURRENT MOVE,True,READY,,12,"Mid, Heavy Hit",12,512,"No guard category, No strength tier, Hard knockdown 0x00000200",False,[512],[516],2,"[1,2]",262208,"Standard-strike baseline, Special chip route B, one-eighth damage",standard-strike baseline; special chip route,12,262208,0,0,0,0,,,,False,,False,,False,,False,,,False,,False,False,OK,fighter+0x1E8
2026-07-28T21:19:52Z,21,269,P1-C1,Ryu,2454108608,12,259,2A,move_definition,CURRENT MOVE,True,READY,,33,"Low, Light Hit",33,0,,False,[],[134217729],1,[],64,Standard-strike baseline,standard-strike baseline,0,0,0,0,0,0,,,,False,,False,,False,,False,,,False,,False,False,OK,fighter+0x1E8
2026-07-28T21:19:57Z,22,299,P1-C1,Ryu,2454108608,12,352,Shinkuu,live_attack_actor,LIVE ATTACK ACTOR,True,READY,,12,"Mid, Heavy Hit",12,0,,False,[],[12],0,[],291,"Native result modifier +0004, Sustained-contact actor route, Initial actor phase, Spawned-attack core flag (correlated)",native result +0004; spawned-attack core; sustained-contact route; initial actor phase,265,35,0,2444319576,352,1,P1-C1:91B15B58:91A6CCB8:0160:E1,,,False,,False,,False,,False,,,False,,False,False,RETRY_PENDING,fighter+0x1E8
2026-07-28T21:19:57Z,23,299,P1-C1,Ryu,2454108608,12,352,Shinkuu,live_attack_actor,LIVE ATTACK ACTOR,True,READY,,12,"Mid, Heavy Hit",12,0,,False,[],[12],0,[],291,"Native result modifier +0004, Sustained-contact actor route, Initial actor phase, Spawned-attack core flag (correlated)",native result +0004; spawned-attack core; sustained-contact route; initial actor phase,265,35,0,2444319576,0,0,,,,False,,False,,False,,False,,,False,,False,False,RETRY_PENDING,fighter+0x1E8
2026-07-28T21:19:59Z,24,311,P1-C1,Ryu,2454108608,12,352,Shinkuu,live_attack_actor_latched,LAST ATTACK ACTOR,True,READY,,12,"Mid, Heavy Hit",12,0,,False,[],[12],0,[],291,"Native result modifier +0004, Sustained-contact actor route, Initial actor phase, Spawned-attack core flag (correlated)",native result +0004; spawned-attack core; sustained-contact route; initial actor phase,265,35,0,2444319576,0,0,,,,False,,False,,False,,False,,,False,,False,False,RETRY_PENDING,fighter+0x1E8
2026-07-28T21:20:00Z,25,317,P1-C2,Chun-Li,2461448704,13,352,Kikosho,live_attack_actor,LIVE ATTACK ACTOR,True,READY,,12,"Mid, Heavy Hit",12,0,,False,[],[12],0,[],291,"Native result modifier +0004, Sustained-contact actor route, Initial actor phase, Spawned-attack core flag (correlated)",native result +0004; spawned-attack core; sustained-contact route; initial actor phase,268,67,0,2444319576,352,1,P1-C2:91B15B58:91A6CCB8:0160:E1,,,False,,False,,False,,False,,,False,,False,False,RETRY_PENDING,fighter+0x1E8
2026-07-28T21:20:00Z,26,317,P1-C2,Chun-Li,2461448704,13,352,Kikosho,live_attack_actor,LIVE ATTACK ACTOR,True,READY,,12,"Mid, Heavy Hit",12,0,,False,[],[12],0,[],291,"Native result modifier +0004, Sustained-contact actor route, Initial actor phase, Spawned-attack core flag (correlated)",native result +0004; spawned-attack core; sustained-contact route; initial actor phase,268,67,0,2444319576,0,0,,,,False,,False,,False,,False,,,False,,False,False,RETRY_PENDING,fighter+0x1E8
2026-07-28T21:20:03Z,27,330,P1-C2,Chun-Li,2461448704,13,352,Kikosho,live_attack_actor_latched,LAST ATTACK ACTOR,True,READY,,12,"Mid, Heavy Hit",12,0,,False,[],[12],0,[],291,"Native result modifier +0004, Sustained-contact actor route, Initial actor phase, Spawned-attack core flag (correlated)",native result +0004; spawned-attack core; sustained-contact route; initial actor phase,268,67,0,2444319576,0,0,,,,False,,False,,False,,False,,,False,,False,False,NO_PROPERTY_COMMAND,fighter+0x1E8
2026-07-28T21:20:07Z,28,355,P1-C1,Ryu,2454108608,12,512,Shin Sho,move_definition_latched,LAST MOVE,True,READY,,17,"High, Light Hit",17,0,,False,[],[2097169],2,"[1,2]",21,"Native result modifier +0004, Target-acquired / contact-lock state (correlated), Unknown B bits 0x00000004",exact: Capture trigger packet; native result +0004; native low-bit route 0x4; target-acquired/contact-lock,17,21,0,0,0,0,,,,False,,False,,False,,False,,,False,,False,False,NO_PROPERTY_COMMAND,fighter+0x1E8
2026-07-28T21:50:43Z,29,22860,P1-C1,Ryu,2454108608,12,256,5A,move_definition_latched,LAST MOVE,True,READY,,9,"Mid, Light Hit",9,0,,False,[],[134217729],1,[],64,Standard-strike baseline,standard-strike baseline,0,0,0,0,0,0,,,,False,,False,,False,,False,,,False,,False,False,NO_PROPERTY_COMMAND,fighter+0x1E8
2026-07-28T21:50:54Z,30,22898,P1-C1,Ryu,2454108608,12,258,5C,move_definition_latched,LAST MOVE,True,READY,,12,"Mid, Heavy Hit",12,0,,False,[],[134217732],1,[],64,Standard-strike baseline,standard-strike baseline,0,0,0,0,0,0,,,,False,,False,,False,,False,,,False,,False,False,NO_PROPERTY_COMMAND,fighter+0x1E8
2026-07-28T21:53:42Z,31,23940,P1-C1,Ryu,2454108608,12,257,5B,move_definition_latched,LAST MOVE,True,READY,,10,"Mid, Medium Hit",10,0,,False,[],[134217730],1,[],64,Standard-strike baseline,standard-strike baseline,0,0,0,0,0,0,,,,False,,False,,False,,False,,,False,,False,False,NO_PROPERTY_COMMAND,fighter+0x1E8
2026-07-28T21:53:48Z,32,23961,P1-C1,Ryu,2454108608,12,306,Hado H,live_attack_actor,LIVE ATTACK ACTOR,True,READY,,12,"Mid, Heavy Hit",12,0,,False,[],[12],0,[],262402,"Initial actor phase, Special chip route B, one-eighth damage, Spawned-attack core flag (correlated)",spawned-attack core; initial actor phase; special chip route,0,0,0,2444319576,306,1,P1-C1:91B15B58:91A6CCB8:0132:E1,,,False,,False,,False,,False,,,False,,False,False,NO_PROPERTY_COMMAND,fighter+0x1E8
2026-07-28T21:53:48Z,33,23961,P1-C1,Ryu,2454108608,12,306,Hado H,live_attack_actor,LIVE ATTACK ACTOR,True,READY,,12,"Mid, Heavy Hit",12,0,,False,[],[12],0,[],262402,"Initial actor phase, Special chip route B, one-eighth damage, Spawned-attack core flag (correlated)",spawned-attack core; initial actor phase; special chip route,0,0,0,2444319576,0,0,,,,False,,False,,False,,False,,,False,,False,False,NO_PROPERTY_COMMAND,fighter+0x1E8
2026-07-28T21:53:49Z,34,23963,P1-C1,Ryu,2454108608,12,306,Hado H,live_attack_actor_latched,LAST ATTACK ACTOR,True,READY,,12,"Mid, Heavy Hit",12,0,,False,[],[12],0,[],262402,"Initial actor phase, Special chip route B, one-eighth damage, Spawned-attack core flag (correlated)",spawned-attack core; initial actor phase; special chip route,0,0,0,2444319576,0,0,,,,False,,False,,False,,False,,,False,,False,False,NO_PROPERTY_COMMAND,fighter+0x1E8
2026-07-28T21:53:49Z,35,23963,P1-C2,Chun-Li,2461448704,13,418,Tag In,move_definition,CURRENT MOVE,True,READY,,12,"Mid, Heavy Hit",12,768,"No guard category, No strength tier, Spiral knockdown 0x00000300",False,[768],[772],1,[],64,Standard-strike baseline,standard-strike baseline,0,0,0,0,0,0,,,,False,,False,,False,,False,,,False,,False,False,OK,fighter+0x1E8
2026-07-28T21:53:50Z,36,23965,P1-C2,Chun-Li,2461448704,13,418,Tag In,move_definition_latched,LAST MOVE,True,READY,,12,"Mid, Heavy Hit",12,768,"No guard category, No strength tier, Spiral knockdown 0x00000300",False,[768],[772],1,[],64,Standard-strike baseline,standard-strike baseline,0,0,0,0,0,0,,,,False,,False,,False,,False,,,False,,False,False,NO_PROPERTY_COMMAND,fighter+0x1E8
2026-07-28T21:53:51Z,37,23968,P1-C2,Chun-Li,2461448704,13,261,2C,move_definition,CURRENT MOVE,True,READY,,36,"Low, Heavy Hit",36,1024,"No guard category, No strength tier, Sweep 0x00000400",False,[1024],[134218756],1,[],64,Standard-strike baseline,standard-strike baseline,0,0,0,0,0,0,,,,False,,False,,False,,False,,,False,,False,False,OK,fighter+0x1E8
2026-07-28T21:53:52Z,38,23970,P1-C2,Chun-Li,2461448704,13,261,2C,move_definition_latched,LAST MOVE,True,READY,,36,"Low, Heavy Hit",36,1024,"No guard category, No strength tier, Sweep 0x00000400",False,[1024],[134218756],1,[],64,Standard-strike baseline,standard-strike baseline,0,0,0,0,0,0,,,,False,,False,,False,,False,,,False,,False,False,NO_PROPERTY_COMMAND,fighter+0x1E8
2026-07-28T21:53:59Z,39,24008,P1-C2,Chun-Li,2461448704,13,267,j.C,move_definition,CURRENT MOVE,True,READY,,20,"High, Heavy Hit",20,0,,True,"[256,524288]","[134217988,134742020]",2,"[1,2]",64,Standard-strike baseline,standard-strike baseline,20,64,0,0,0,0,,,,False,,False,,False,,False,,,False,,False,False,OK,fighter+0x1E8
2026-07-28T21:53:59Z,40,24010,P1-C2,Chun-Li,2461448704,13,267,j.C,move_definition_latched,LAST MOVE,True,READY,,20,"High, Heavy Hit",20,0,,True,"[256,524288]","[134217988,134742020]",2,"[1,2]",64,Standard-strike baseline,standard-strike baseline,20,64,0,0,0,0,,,,False,,False,,False,,False,,,False,,False,False,NO_PROPERTY_COMMAND,fighter+0x1E8
2026-07-28T21:54:00Z,41,24012,P1-C2,Chun-Li,2461448704,13,256,5A,move_definition,CURRENT MOVE,True,READY,,9,"Mid, Light Hit",9,0,,False,[],[134217729],1,[],64,Standard-strike baseline,standard-strike baseline,0,0,0,0,0,0,,,,False,,False,,False,,False,,,False,,False,False,OK,fighter+0x1E8
2026-07-28T21:54:00Z,42,24014,P1-C2,Chun-Li,2461448704,13,256,5A,move_definition_latched,LAST MOVE,True,READY,,9,"Mid, Light Hit",9,0,,False,[],[134217729],1,[],64,Standard-strike baseline,standard-strike baseline,0,0,0,0,0,0,,,,False,,False,,False,,False,,,False,,False,False,NO_PROPERTY_COMMAND,fighter+0x1E8
2026-07-28T21:54:03Z,43,24023,P1-C2,Chun-Li,2461448704,13,257,5B,move_definition,CURRENT MOVE,True,READY,,10,"Mid, Medium Hit",10,0,,False,[],[134217730],1,[],64,Standard-strike baseline,standard-strike baseline,0,0,0,0,0,0,,,,False,,False,,False,,False,,,False,,False,False,OK,fighter+0x1E8
2026-07-28T21:54:03Z,44,24025,P1-C2,Chun-Li,2461448704,13,257,5B,move_definition_latched,LAST MOVE,True,READY,,10,"Mid, Medium Hit",10,0,,False,[],[134217730],1,[],64,Standard-strike baseline,standard-strike baseline,0,0,0,0,0,0,,,,False,,False,,False,,False,,,False,,False,False,NO_PROPERTY_COMMAND,fighter+0x1E8
2026-07-28T21:54:20Z,45,24109,P1-C2,Chun-Li,2461448704,13,258,5C,move_definition,CURRENT MOVE,True,READY,,12,"Mid, Heavy Hit",12,0,,False,[],[134217732],1,[],64,Standard-strike baseline,standard-strike baseline,0,0,0,0,0,0,,,,False,,False,,False,,False,,,False,,False,False,OK,fighter+0x1E8
2026-07-28T21:54:21Z,46,24114,P1-C2,Chun-Li,2461448704,13,262,6C,move_definition,CURRENT MOVE,True,READY,,20,"High, Heavy Hit",20,1048832,"No guard category, No strength tier, Stabilized soft knockdown 0x00100100",False,[1048832],[1048836],1,[],64,Standard-strike baseline,standard-strike baseline,0,0,0,0,0,0,,,,False,,False,,False,,False,,,False,,False,False,OK,fighter+0x1E8
2026-07-28T21:54:24Z,47,24126,P1-C2,Chun-Li,2461448704,13,262,6C,move_definition_latched,LAST MOVE,True,READY,,20,"High, Heavy Hit",20,1048832,"No guard category, No strength tier, Stabilized soft knockdown 0x00100100",False,[1048832],[1048836],1,[],64,Standard-strike baseline,standard-strike baseline,0,0,0,0,0,0,,,,False,,False,,False,,False,,,False,,False,False,NO_PROPERTY_COMMAND,fighter+0x1E8
2026-07-28T21:54:28Z,48,24137,P1-C2,Chun-Li,2461448704,13,258,5C,move_definition_latched,LAST MOVE,True,READY,,12,"Mid, Heavy Hit",12,0,,False,[],[134217732],1,[],64,Standard-strike baseline,standard-strike baseline,0,0,0,0,0,0,,,,False,,False,,False,,False,,,False,,False,False,NO_PROPERTY_COMMAND,fighter+0x1E8
2026-07-28T21:54:28Z,49,24138,P1-C1,Ryu,2454108608,12,426,assist attack,move_definition,CURRENT MOVE,True,READY,,12,"Mid, Heavy Hit",12,0,,True,"[256,512]","[260,516]",4,"[1,2,3,4]",262208,"Standard-strike baseline, Special chip route B, one-eighth damage",standard-strike baseline; special chip route,12,262208,0,0,0,0,,,,False,,False,,False,,False,,,False,,False,False,OK,fighter+0x1E8
2026-07-28T21:54:29Z,50,24139,P1-C1,Ryu,2454108608,12,426,assist attack,live_attack_actor,LIVE ATTACK ACTOR,True,READY,,12,"Mid, Heavy Hit",12,0,,False,[],[12],0,[],258,"Initial actor phase, Spawned-attack core flag (correlated)",spawned-attack core; initial actor phase,0,0,0,2444319576,426,1,P1-C1:91B15B58:91A6CCB8:01AA:E1,,,False,,False,,False,,False,,,False,,False,False,OK,fighter+0x1E8
2026-07-28T21:54:30Z,51,24142,P1-C1,Ryu,2454108608,12,426,assist attack,live_attack_actor_latched,LAST ATTACK ACTOR,True,READY,,12,"Mid, Heavy Hit",12,0,,False,[],[12],0,[],258,"Initial actor phase, Spawned-attack core flag (correlated)",spawned-attack core; initial actor phase,0,0,0,2444319576,0,0,,,,False,,False,,False,,False,,,False,,False,False,NO_PROPERTY_COMMAND,fighter+0x1E8
2026-07-28T21:54:33Z,52,24151,P1-C1,Ryu,2454108608,12,418,Tag In,move_definition,CURRENT MOVE,True,READY,,12,"Mid, Heavy Hit",12,768,"No guard category, No strength tier, Spiral knockdown 0x00000300",False,[768],[772],1,[],64,Standard-strike baseline,standard-strike baseline,0,0,0,0,0,0,,,,False,,False,,False,,False,,,False,,False,False,OK,fighter+0x1E8
2026-07-28T21:54:34Z,53,24153,P1-C1,Ryu,2454108608,12,418,Tag In,move_definition_latched,LAST MOVE,True,READY,,12,"Mid, Heavy Hit",12,768,"No guard category, No strength tier, Spiral knockdown 0x00000300",False,[768],[772],1,[],64,Standard-strike baseline,standard-strike baseline,0,0,0,0,0,0,,,,False,,False,,False,,False,,,False,,False,False,NO_PROPERTY_COMMAND,fighter+0x1E8
2026-07-28T21:54:41Z,54,24178,P1-C1,Ryu,2454108608,12,315,Donkey H,move_definition_latched,LAST MOVE,True,READY,,12,"Mid, Heavy Hit",12,2147484160,"No guard category, No strength tier, Wall-interaction hard knockdown 0x80000200",False,[2147484160],[2147484164],1,[],262208,"Standard-strike baseline, Special chip route B, one-eighth damage",standard-strike baseline; special chip route,0,0,0,0,0,0,,,,False,,False,,False,,False,,,False,,False,False,NO_PROPERTY_COMMAND,fighter+0x1E8
2026-07-28T21:54:53Z,55,24233,P1-C1,Ryu,2454108608,12,265,j.A,move_definition,CURRENT MOVE,True,READY,,17,"High, Light Hit",17,0,,False,[],[402653185],1,[],64,Standard-strike baseline,standard-strike baseline,0,0,0,0,0,0,,,,False,,False,,False,,False,,,False,,False,False,OK,fighter+0x1E8
2026-07-28T21:54:53Z,56,24234,P1-C1,Ryu,2454108608,12,265,j.A,move_definition_latched,LAST MOVE,True,READY,,17,"High, Light Hit",17,0,,False,[],[402653185],1,[],64,Standard-strike baseline,standard-strike baseline,0,0,0,0,0,0,,,,False,,False,,False,,False,,,False,,False,False,NO_PROPERTY_COMMAND,fighter+0x1E8
2026-07-28T21:55:04Z,57,24275,P1-C1,Ryu,2454108608,12,267,j.C,move_definition,CURRENT MOVE,True,READY,,20,"High, Heavy Hit",20,524288,"No guard category, No strength tier, Air knockdown 0x00080000",False,[524288],[134742020],1,[],64,Standard-strike baseline,standard-strike baseline,0,0,0,0,0,0,,,,False,,False,,False,,False,,,False,,False,False,OK,fighter+0x1E8
2026-07-28T21:55:04Z,58,24276,P1-C1,Ryu,2454108608,12,267,j.C,move_definition_latched,LAST MOVE,True,READY,,20,"High, Heavy Hit",20,524288,"No guard category, No strength tier, Air knockdown 0x00080000",False,[524288],[134742020],1,[],64,Standard-strike baseline,standard-strike baseline,0,0,0,0,0,0,,,,False,,False,,False,,False,,,False,,False,False,NO_PROPERTY_COMMAND,fighter+0x1E8
2026-07-28T21:55:13Z,59,24303,P1-C1,Ryu,2454108608,12,266,j.B,move_definition,CURRENT MOVE,True,READY,,18,"High, Medium Hit",18,0,,False,[],[402653186],2,"[1,2]",64,Standard-strike baseline,standard-strike baseline,18,64,0,0,0,0,,,,False,,False,,False,,False,,,False,,False,False,OK,fighter+0x1E8
2026-07-28T21:55:14Z,60,24304,P1-C1,Ryu,2454108608,12,266,j.B,move_definition_latched,LAST MOVE,True,READY,,18,"High, Medium Hit",18,0,,False,[],[402653186],2,"[1,2]",64,Standard-strike baseline,standard-strike baseline,18,64,0,0,0,0,,,,False,,False,,False,,False,,,False,,False,False,NO_PROPERTY_COMMAND,fighter+0x1E8
2026-07-28T21:55:25Z,61,24364,P1-C1,Ryu,2454108608,12,306,Hado H,live_attack_actor,LIVE ATTACK ACTOR,True,READY,,12,"Mid, Heavy Hit",12,0,,False,[],[12],0,[],262402,"Initial actor phase, Special chip route B, one-eighth damage, Spawned-attack core flag (correlated)",spawned-attack core; initial actor phase; special chip route,0,0,0,2444319576,306,2,P1-C1:91B15B58:91A6CCB8:0132:E2,,,False,,False,,False,,False,,,False,,False,False,NO_PROPERTY_COMMAND,fighter+0x1E8
2026-07-28T21:55:27Z,62,24369,P1-C1,Ryu,2454108608,12,306,Hado H,live_attack_actor,LIVE ATTACK ACTOR,True,READY,,12,"Mid, Heavy Hit",12,0,,False,[],[12],0,[],262402,"Initial actor phase, Special chip route B, one-eighth damage, Spawned-attack core flag (correlated)",spawned-attack core; initial actor phase; special chip route,0,0,0,2444319576,306,3,P1-C1:91B15B58:91A6CCB8:0132:E3,,,False,,False,,False,,False,,,False,,False,False,RETRY_PENDING,fighter+0x1E8
2026-07-28T21:55:37Z,63,24401,P1-C1,Ryu,2454108608,12,306,Hado H,live_attack_actor,LIVE ATTACK ACTOR,True,READY,,12,"Mid, Heavy Hit",12,0,,False,[],[12],0,[],262402,"Initial actor phase, Special chip route B, one-eighth damage, Spawned-attack core flag (correlated)",spawned-attack core; initial actor phase; special chip route,0,0,0,2444319576,306,4,P1-C1:91B15B58:91A6CCB8:0132:E4,,,False,,False,,False,,False,,,False,,False,False,NO_PROPERTY_COMMAND,fighter+0x1E8
2026-07-28T21:55:45Z,64,24425,P1-C1,Ryu,2454108608,12,306,Hado H,live_attack_actor,LIVE ATTACK ACTOR,True,READY,,12,"Mid, Heavy Hit",12,0,,False,[],[12],0,[],262402,"Initial actor phase, Special chip route B, one-eighth damage, Spawned-attack core flag (correlated)",spawned-attack core; initial actor phase; special chip route,0,0,0,2444319576,306,5,P1-C1:91B15B58:91A6CCB8:0132:E5,,,False,,False,,False,,False,,,False,,False,False,NO_PROPERTY_COMMAND,fighter+0x1E8
2026-07-28T21:56:00Z,65,24479,P1-C1,Ryu,2454108608,12,260,2B,move_definition_latched,LAST MOVE,True,READY,,34,"Low, Medium Hit",34,0,,False,[],[134217730],1,[],64,Standard-strike baseline,standard-strike baseline,0,0,0,0,0,0,,,,False,,False,,False,,False,,,False,,False,False,NO_PROPERTY_COMMAND,fighter+0x1E8
2026-07-28T21:56:20Z,66,24559,P1-C1,Ryu,2454108608,12,259,2A,move_definition_latched,LAST MOVE,True,READY,,33,"Low, Light Hit",33,0,,False,[],[134217729],1,[],64,Standard-strike baseline,standard-strike baseline,0,0,0,0,0,0,,,,False,,False,,False,,False,,,False,,False,False,NO_PROPERTY_COMMAND,fighter+0x1E8
2026-07-28T21:56:24Z,67,24578,P1-C1,Ryu,2454108608,12,305,Hado M,live_attack_actor,LIVE ATTACK ACTOR,True,READY,,12,"Mid, Heavy Hit",12,0,,False,[],[12],0,[],262402,"Initial actor phase, Special chip route B, one-eighth damage, Spawned-attack core flag (correlated)",spawned-attack core; initial actor phase; special chip route,0,0,0,2444319576,305,2,P1-C1:91B15B58:91A6CCB8:0131:E2,,,False,,False,,False,,False,,,False,,False,False,RETRY_PENDING,fighter+0x1E8
2026-07-28T21:56:44Z,68,24657,P1-C1,Ryu,2454108608,12,314,Donkey M,move_definition,CURRENT MOVE,True,READY,,12,"Mid, Heavy Hit",12,2147484160,"No guard category, No strength tier, Wall-interaction hard knockdown 0x80000200",False,[2147484160],[2147484164],1,[],262208,"Standard-strike baseline, Special chip route B, one-eighth damage",standard-strike baseline; special chip route,0,0,0,0,0,0,,,,False,,False,,False,,False,,,False,,False,False,OK,fighter+0x1E8
2026-07-28T21:56:55Z,69,24694,P1-C2,Chun-Li,2461448704,13,260,2B,move_definition,CURRENT MOVE,True,READY,,34,"Low, Medium Hit",34,0,,False,[],[134217730],1,[],64,Standard-strike baseline,standard-strike baseline,0,0,0,0,0,0,,,,False,,False,,False,,False,,,False,,False,False,OK,fighter+0x1E8
2026-07-28T21:56:58Z,70,24700,P1-C1,Ryu,2454108608,12,426,assist attack,live_attack_actor,LIVE ATTACK ACTOR,True,READY,,12,"Mid, Heavy Hit",12,0,,False,[],[12],0,[],258,"Initial actor phase, Spawned-attack core flag (correlated)",spawned-attack core; initial actor phase,0,0,0,2444319576,426,2,P1-C1:91B15B58:91A6CCB8:01AA:E2,,,False,,False,,False,,False,,,False,,False,False,OK,fighter+0x1E8
2026-07-28T21:57:02Z,71,24713,P1-C2,Chun-Li,2461448704,13,265,j.A,move_definition,CURRENT MOVE,True,READY,,17,"High, Light Hit",17,0,,False,[],[402653185],1,[],64,Standard-strike baseline,standard-strike baseline,0,0,0,0,0,0,,,,False,,False,,False,,False,,,False,,False,False,OK,fighter+0x1E8
2026-07-28T21:57:03Z,72,24716,P1-C2,Chun-Li,2461448704,13,265,j.A,move_definition_latched,LAST MOVE,True,READY,,17,"High, Light Hit",17,0,,False,[],[402653185],1,[],64,Standard-strike baseline,standard-strike baseline,0,0,0,0,0,0,,,,False,,False,,False,,False,,,False,,False,False,NO_PROPERTY_COMMAND,fighter+0x1E8
2026-07-28T21:57:05Z,73,24725,P1-C2,Chun-Li,2461448704,13,306,Kikoken C,live_attack_actor,LIVE ATTACK ACTOR,True,READY,,12,"Mid, Heavy Hit",12,0,,False,[],[12],0,[],262402,"Initial actor phase, Special chip route B, one-eighth damage, Spawned-attack core flag (correlated)",spawned-attack core; initial actor phase; special chip route,0,0,0,2444319576,306,1,P1-C2:91B15B58:91A6CCB8:0132:E1,,,False,,False,,False,,False,,,False,,False,False,RETRY_PENDING,fighter+0x1E8
2026-07-28T21:57:05Z,74,24725,P1-C2,Chun-Li,2461448704,13,306,Kikoken C,live_attack_actor,LIVE ATTACK ACTOR,True,READY,,12,"Mid, Heavy Hit",12,0,,False,[],[12],0,[],262402,"Initial actor phase, Special chip route B, one-eighth damage, Spawned-attack core flag (correlated)",spawned-attack core; initial actor phase; special chip route,0,0,0,2444319576,0,0,,,,False,,False,,False,,False,,,False,,False,False,RETRY_PENDING,fighter+0x1E8
2026-07-28T21:57:05Z,75,24726,P1-C2,Chun-Li,2461448704,13,306,Kikoken C,live_attack_actor_latched,LAST ATTACK ACTOR,True,READY,,12,"Mid, Heavy Hit",12,0,,False,[],[12],0,[],262402,"Initial actor phase, Special chip route B, one-eighth damage, Spawned-attack core flag (correlated)",spawned-attack core; initial actor phase; special chip route,0,0,0,2444319576,0,0,,,,False,,False,,False,,False,,,False,,False,False,RETRY_PENDING,fighter+0x1E8
2026-07-28T21:57:18Z,76,24766,P1-C1,Ryu,2454108608,12,313,Donkey L,move_definition,CURRENT MOVE,True,READY,,12,"Mid, Heavy Hit",12,2147484160,"No guard category, No strength tier, Wall-interaction hard knockdown 0x80000200",False,[2147484160],[2147484164],1,[],262208,"Standard-strike baseline, Special chip route B, one-eighth damage",standard-strike baseline; special chip route,0,0,0,0,0,0,,,,False,,False,,False,,False,,,False,,False,False,OK,fighter+0x1E8
2026-07-28T21:57:19Z,77,24768,P1-C1,Ryu,2454108608,12,313,Donkey L,move_definition_latched,LAST MOVE,True,READY,,12,"Mid, Heavy Hit",12,2147484160,"No guard category, No strength tier, Wall-interaction hard knockdown 0x80000200",False,[2147484160],[2147484164],1,[],262208,"Standard-strike baseline, Special chip route B, one-eighth damage",standard-strike baseline; special chip route,0,0,0,0,0,0,,,,False,,False,,False,,False,,,False,,False,False,NO_PROPERTY_COMMAND,fighter+0x1E8
2026-07-28T21:57:31Z,78,24817,P1-C1,Ryu,2454108608,12,323,Air Tatsu L,move_definition,CURRENT MOVE,True,READY,,12,"Mid, Heavy Hit",12,2148007936,"No guard category, No strength tier, Special air-knockdown composite 0x80080000",False,[2148007936],[2148007940],2,"[1,2]",262208,"Standard-strike baseline, Special chip route B, one-eighth damage",standard-strike baseline; special chip route,12,262208,0,0,0,0,,,,False,,False,,False,,False,,,False,,False,False,OK,fighter+0x1E8
2026-07-28T21:57:32Z,79,24819,P1-C1,Ryu,2454108608,12,323,Air Tatsu L,move_definition_latched,LAST MOVE,True,READY,,12,"Mid, Heavy Hit",12,2148007936,"No guard category, No strength tier, Special air-knockdown composite 0x80080000",False,[2148007936],[2148007940],2,"[1,2]",262208,"Standard-strike baseline, Special chip route B, one-eighth damage",standard-strike baseline; special chip route,12,262208,0,0,0,0,,,,False,,False,,False,,False,,,False,,False,False,NO_PROPERTY_COMMAND,fighter+0x1E8
2026-07-28T21:57:35Z,80,24829,P1-C1,Ryu,2454108608,12,304,Hado L,live_attack_actor,LIVE ATTACK ACTOR,True,READY,,12,"Mid, Heavy Hit",12,0,,False,[],[12],0,[],262402,"Initial actor phase, Special chip route B, one-eighth damage, Spawned-attack core flag (correlated)",spawned-attack core; initial actor phase; special chip route,0,0,0,2444319576,304,1,P1-C1:91B15B58:91A6CCB8:0130:E1,,,False,,False,,False,,False,,,False,,False,False,NO_PROPERTY_COMMAND,fighter+0x1E8
2026-07-28T21:57:35Z,81,24829,P1-C1,Ryu,2454108608,12,304,Hado L,live_attack_actor,LIVE ATTACK ACTOR,True,READY,,12,"Mid, Heavy Hit",12,0,,False,[],[12],0,[],262402,"Initial actor phase, Special chip route B, one-eighth damage, Spawned-attack core flag (correlated)",spawned-attack core; initial actor phase; special chip route,0,0,0,2444319576,0,0,,,,False,,False,,False,,False,,,False,,False,False,NO_PROPERTY_COMMAND,fighter+0x1E8
2026-07-28T21:57:36Z,82,24832,P1-C1,Ryu,2454108608,12,305,Hado M,live_attack_actor,LIVE ATTACK ACTOR,True,READY,,12,"Mid, Heavy Hit",12,0,,False,[],[12],0,[],262402,"Initial actor phase, Special chip route B, one-eighth damage, Spawned-attack core flag (correlated)",spawned-attack core; initial actor phase; special chip route,0,0,0,2444319576,305,3,P1-C1:91B15B58:91A6CCB8:0131:E3,,,False,,False,,False,,False,,,False,,False,False,NO_PROPERTY_COMMAND,fighter+0x1E8
2026-07-28T21:57:54Z,83,24891,P1-C2,Chun-Li,2461448704,13,259,2A,move_definition,CURRENT MOVE,True,READY,,9,"Mid, Light Hit",9,0,,False,[],[134217729],1,[],64,Standard-strike baseline,standard-strike baseline,0,0,0,0,0,0,,,,False,,False,,False,,False,,,False,,False,False,OK,fighter+0x1E8
2026-07-28T21:57:55Z,84,24896,P1-C2,Chun-Li,2461448704,13,259,2A,move_definition_latched,LAST MOVE,True,READY,,9,"Mid, Light Hit",9,0,,False,[],[134217729],1,[],64,Standard-strike baseline,standard-strike baseline,0,0,0,0,0,0,,,,False,,False,,False,,False,,,False,,False,False,NO_PROPERTY_COMMAND,fighter+0x1E8
2026-07-28T21:58:28Z,85,25048,P1-C1,Ryu,2454108608,12,426,assist attack,live_attack_actor,LIVE ATTACK ACTOR,True,READY,,12,"Mid, Heavy Hit",12,0,,False,[],[12],0,[],258,"Initial actor phase, Spawned-attack core flag (correlated)",spawned-attack core; initial actor phase,0,0,0,2444319576,426,3,P1-C1:91B15B58:91A6CCB8:01AA:E3,,,False,,False,,False,,False,,,False,,False,False,OK,fighter+0x1E8
2026-07-28T21:58:45Z,86,25103,P1-C2,Chun-Li,2461448704,13,310,Tensho A,move_definition,CURRENT MOVE,True,READY,,12,"Mid, Heavy Hit",12,256,"No guard category, No strength tier, Launch / soft-knockdown route 0x00000100",False,[256],[260],3,"[1,2,3]",262208,"Standard-strike baseline, Special chip route B, one-eighth damage",standard-strike baseline; special chip route,12,262208,0,0,0,0,,,,False,,False,,False,,False,,,False,,False,False,OK,fighter+0x1E8
2026-07-28T21:58:45Z,87,25105,P1-C2,Chun-Li,2461448704,13,310,Tensho A,move_definition_latched,LAST MOVE,True,READY,,12,"Mid, Heavy Hit",12,256,"No guard category, No strength tier, Launch / soft-knockdown route 0x00000100",False,[256],[260],3,"[1,2,3]",262208,"Standard-strike baseline, Special chip route B, one-eighth damage",standard-strike baseline; special chip route,12,262208,0,0,0,0,,,,False,,False,,False,,False,,,False,,False,False,NO_PROPERTY_COMMAND,fighter+0x1E8
2026-07-28T21:58:54Z,88,25141,P1-C2,Chun-Li,2461448704,13,305,Kikoken M,live_attack_actor,LIVE ATTACK ACTOR,True,READY,,12,"Mid, Heavy Hit",12,0,,False,[],[12],0,[],262402,"Initial actor phase, Special chip route B, one-eighth damage, Spawned-attack core flag (correlated)",spawned-attack core; initial actor phase; special chip route,0,0,0,2444319576,305,1,P1-C2:91B15B58:91A6CCB8:0131:E1,,,False,,False,,False,,False,,,False,,False,False,RETRY_PENDING,fighter+0x1E8
2026-07-28T21:58:54Z,89,25141,P1-C2,Chun-Li,2461448704,13,305,Kikoken M,live_attack_actor,LIVE ATTACK ACTOR,True,READY,,12,"Mid, Heavy Hit",12,0,,False,[],[12],0,[],262402,"Initial actor phase, Special chip route B, one-eighth damage, Spawned-attack core flag (correlated)",spawned-attack core; initial actor phase; special chip route,0,0,0,2444319576,0,0,,,,False,,False,,False,,False,,,False,,False,False,RETRY_PENDING,fighter+0x1E8
2026-07-28T21:58:54Z,90,25143,P1-C2,Chun-Li,2461448704,13,305,Kikoken M,live_attack_actor_latched,LAST ATTACK ACTOR,True,READY,,12,"Mid, Heavy Hit",12,0,,False,[],[12],0,[],262402,"Initial actor phase, Special chip route B, one-eighth damage, Spawned-attack core flag (correlated)",spawned-attack core; initial actor phase; special chip route,0,0,0,2444319576,0,0,,,,False,,False,,False,,False,,,False,,False,False,NO_PROPERTY_COMMAND,fighter+0x1E8
2026-07-28T21:59:19Z,91,25263,P1-C1,Ryu,2454108608,12,426,assist attack,live_attack_actor,LIVE ATTACK ACTOR,True,READY,,12,"Mid, Heavy Hit",12,0,,False,[],[12],0,[],258,"Initial actor phase, Spawned-attack core flag (correlated)",spawned-attack core; initial actor phase,0,0,0,2444319576,426,4,P1-C1:91B15B58:91A6CCB8:01AA:E4,,,False,,False,,False,,False,,,False,,False,False,OK,fighter+0x1E8
2026-07-28T22:03:20Z,92,27338,P1-C1,Viewtiful Joe,2454108608,17,426,assist attack,live_attack_actor,LIVE ATTACK ACTOR,True,READY,,9,"Mid, Light Hit",9,0,,False,[],[9],0,[],262418,"Initial actor phase, Special chip route B, one-eighth damage, Spawned-attack core flag (correlated), Target-acquired / contact-lock state (correlated)",spawned-attack core; target-acquired/contact-lock; initial actor phase; special chip route,0,0,4096,2444319156,426,1,P1-C1:91B159B4:91A6B774:01AA:E1,,,False,,False,,False,,False,,,False,,False,False,RETRY_PENDING,fighter+0x1E8
2026-07-28T22:03:20Z,93,27338,P1-C1,Viewtiful Joe,2454108608,17,426,assist attack,live_attack_actor,LIVE ATTACK ACTOR,True,READY,,9,"Mid, Light Hit",9,0,,False,[],[9],0,[],262418,"Initial actor phase, Special chip route B, one-eighth damage, Spawned-attack core flag (correlated), Target-acquired / contact-lock state (correlated)",spawned-attack core; target-acquired/contact-lock; initial actor phase; special chip route,0,0,4096,2444319156,0,0,,,,False,,False,,False,,False,,,False,,False,False,RETRY_PENDING,fighter+0x1E8
2026-07-28T22:03:24Z,94,27346,P1-C1,Viewtiful Joe,2454108608,17,430,assist standby,cleanup_actor,LIVE ATTACK ACTOR,True,READY,,9,"Mid, Light Hit",9,0,,False,[],[9],0,[],64,Standard-strike baseline,standard-strike baseline,0,0,0,2444319576,430,1,P1-C1:91B15B58:91A6B774:01AE:E1,,,False,,False,,False,,False,,,False,,False,True,NO_PROPERTY_COMMAND,fighter+0x1E8
2026-07-28T22:03:24Z,95,27346,P1-C1,Viewtiful Joe,2454108608,17,430,assist standby,cleanup_actor,LIVE ATTACK ACTOR,True,READY,,9,"Mid, Light Hit",9,0,,False,[],[9],0,[],64,Standard-strike baseline,standard-strike baseline,0,0,0,2444319576,0,0,,,,False,,False,,False,,False,,,False,,False,True,NO_PROPERTY_COMMAND,fighter+0x1E8
2026-07-28T22:03:24Z,96,27346,P1-C2,Joe the Condor,2461448704,27,256,5A,move_definition,CURRENT MOVE,True,READY,,33,"Low, Light Hit",33,0,,False,[],[134217729],1,[],64,Standard-strike baseline,standard-strike baseline,0,0,0,0,0,0,,,,False,,False,,False,,False,,,False,,False,False,OK,snapshot
2026-07-28T22:03:24Z,97,27347,P1-C2,Joe the Condor,2461448704,27,256,5A,move_definition_latched,LAST MOVE,True,READY,,33,"Low, Light Hit",33,0,,False,[],[134217729],1,[],64,Standard-strike baseline,standard-strike baseline,0,0,0,0,0,0,,,,False,,False,,False,,False,,,False,,False,False,NO_PROPERTY_COMMAND,fighter+0x1E8
2026-07-28T22:03:26Z,98,27352,P1-C2,Joe the Condor,2461448704,27,514,Wild Lasso,move_definition,CURRENT MOVE,True,READY,,12,"Mid, Heavy Hit",12,0,,False,[],"[134217740,135266316]",3,"[1,2,3]",64,Standard-strike baseline,standard-strike baseline,12,64,0,0,0,0,,,,False,,False,,False,,False,,,False,,False,False,OK,fighter+0x1E8
2026-07-28T22:03:27Z,99,27354,P1-C2,Joe the Condor,2461448704,27,514,Wild Lasso,cleanup_actor,LIVE ATTACK ACTOR,True,READY,,9,"Mid, Light Hit",9,0,,False,[],[9],0,[],64,Standard-strike baseline,standard-strike baseline,0,0,0,2444319576,514,1,P1-C2:91B15B58:91A6B774:0202:E1,,,False,,False,,False,,False,,,False,,False,True,OK,fighter+0x1E8
2026-07-28T22:03:27Z,100,27354,P1-C2,Joe the Condor,2461448704,27,514,Wild Lasso,cleanup_actor,LIVE ATTACK ACTOR,True,READY,,9,"Mid, Light Hit",9,0,,False,[],[9],0,[],64,Standard-strike baseline,standard-strike baseline,0,0,0,2444319996,514,1,P1-C2:91B15CFC:91A6E1FC:0202:E1,,,False,,False,,False,,False,,,False,,False,True,OK,fighter+0x1E8
2026-07-28T22:03:29Z,101,27358,P1-C2,Joe the Condor,2461448704,27,514,Wild Lasso,cleanup_actor,LAST ATTACK ACTOR,True,READY,,9,"Mid, Light Hit",9,0,,False,[],[9],0,[],64,Standard-strike baseline,standard-strike baseline,0,0,0,2444319576,0,0,,,,False,,False,,False,,False,,,False,,False,True,NO_PROPERTY_COMMAND,fighter+0x1E8
2026-07-28T22:03:43Z,102,27398,P1-C2,Joe the Condor,2461448704,27,426,assist attack,live_attack_actor,LIVE ATTACK ACTOR,True,READY,,12,"Mid, Heavy Hit",12,0,,False,[],[12],0,[],258,"Initial actor phase, Spawned-attack core flag (correlated)",spawned-attack core; initial actor phase,0,0,0,2444319156,426,1,P1-C2:91B159B4:91A6CCB8:01AA:E1,,,False,,False,,False,,False,,,False,,False,False,RETRY_PENDING,fighter+0x1E8
2026-07-28T22:03:43Z,103,27398,P1-C2,Joe the Condor,2461448704,27,426,assist attack,live_attack_actor,LIVE ATTACK ACTOR,True,READY,,12,"Mid, Heavy Hit",12,0,,False,[],[12],0,[],258,"Initial actor phase, Spawned-attack core flag (correlated)",spawned-attack core; initial actor phase,0,0,0,2444319996,426,1,P1-C2:91B15CFC:91A6E1FC:01AA:E1,,,False,,False,,False,,False,,,False,,False,False,RETRY_PENDING,fighter+0x1E8
2026-07-28T22:03:43Z,104,27398,P1-C2,Joe the Condor,2461448704,27,426,assist attack,live_attack_actor,LIVE ATTACK ACTOR,True,READY,,12,"Mid, Heavy Hit",12,0,,False,[],[12],0,[],258,"Initial actor phase, Spawned-attack core flag (correlated)",spawned-attack core; initial actor phase,0,0,0,2444319156,0,0,,,,False,,False,,False,,False,,,False,,False,False,RETRY_PENDING,fighter+0x1E8
2026-07-28T22:03:43Z,105,27399,P1-C2,Joe the Condor,2461448704,27,426,assist attack,live_attack_actor,LIVE ATTACK ACTOR,True,READY,,12,"Mid, Heavy Hit",12,0,,False,[],[12],0,[],258,"Initial actor phase, Spawned-attack core flag (correlated)",spawned-attack core; initial actor phase,0,0,0,2444320416,426,1,P1-C2:91B15EA0:91A6F740:01AA:E1,,,False,,False,,False,,False,,,False,,False,False,NO_PROPERTY_COMMAND,fighter+0x1E8
2026-07-28T22:03:43Z,106,27399,P1-C2,Joe the Condor,2461448704,27,426,assist attack,live_attack_actor,LIVE ATTACK ACTOR,True,READY,,12,"Mid, Heavy Hit",12,0,,False,[],[12],0,[],258,"Initial actor phase, Spawned-attack core flag (correlated)",spawned-attack core; initial actor phase,0,0,0,2444319996,0,0,,,,False,,False,,False,,False,,,False,,False,False,NO_PROPERTY_COMMAND,fighter+0x1E8
2026-07-28T22:03:44Z,107,27400,P1-C2,Joe the Condor,2461448704,27,426,assist attack,live_attack_actor_latched,LAST ATTACK ACTOR,True,READY,,12,"Mid, Heavy Hit",12,0,,False,[],[12],0,[],258,"Initial actor phase, Spawned-attack core flag (correlated)",spawned-attack core; initial actor phase,0,0,0,2444319996,0,0,,,,False,,False,,False,,False,,,False,,False,False,NO_PROPERTY_COMMAND,fighter+0x1E8
2026-07-28T22:03:49Z,108,27412,P1-C1,Viewtiful Joe,2454108608,17,267,j.C,move_definition,CURRENT MOVE,True,READY,,20,"High, Heavy Hit",20,524288,"No guard category, No strength tier, Air knockdown 0x00080000",False,[524288],"[134217732,134742020]",3,"[1,2,3]",64,Standard-strike baseline,standard-strike baseline,20,64,0,0,0,0,,,,False,,False,,False,,False,,,False,,False,False,OK,fighter+0x1E8
2026-07-28T22:03:50Z,109,27414,P1-C1,Viewtiful Joe,2454108608,17,309,Shocking Pink C,live_attack_actor,LIVE ATTACK ACTOR,True,READY,,9,"Mid, Light Hit",9,0,,False,[],[9],0,[],262418,"Initial actor phase, Special chip route B, one-eighth damage, Spawned-attack core flag (correlated), Target-acquired / contact-lock state (correlated)",spawned-attack core; target-acquired/contact-lock; initial actor phase; special chip route,0,0,4096,2444320416,309,1,P1-C1:91B15EA0:91A6F740:0135:E1,,,False,,False,,False,,False,,,False,,False,False,NO_PROPERTY_COMMAND,fighter+0x1E8
2026-07-28T22:03:50Z,110,27414,P1-C1,Viewtiful Joe,2454108608,17,309,Shocking Pink C,live_attack_actor,LIVE ATTACK ACTOR,True,READY,,9,"Mid, Light Hit",9,0,,False,[],[9],0,[],262418,"Initial actor phase, Special chip route B, one-eighth damage, Spawned-attack core flag (correlated), Target-acquired / contact-lock state (correlated)",spawned-attack core; target-acquired/contact-lock; initial actor phase; special chip route,0,0,4096,2444320416,0,0,,,,False,,False,,False,,False,,,False,,False,False,NO_PROPERTY_COMMAND,fighter+0x1E8
2026-07-28T22:03:52Z,111,27418,P1-C2,Joe the Condor,2461448704,27,426,assist attack,live_attack_actor,LIVE ATTACK ACTOR,True,READY,,12,"Mid, Heavy Hit",12,0,,False,[],[12],0,[],258,"Initial actor phase, Spawned-attack core flag (correlated)",spawned-attack core; initial actor phase,0,0,0,2444319156,426,2,P1-C2:91B159B4:91A6CCB8:01AA:E2,,,False,,False,,False,,False,,,False,,False,False,NO_PROPERTY_COMMAND,fighter+0x1E8
2026-07-28T22:03:52Z,112,27419,P1-C2,Joe the Condor,2461448704,27,426,assist attack,live_attack_actor,LIVE ATTACK ACTOR,True,READY,,12,"Mid, Heavy Hit",12,0,,False,[],[12],0,[],258,"Initial actor phase, Spawned-attack core flag (correlated)",spawned-attack core; initial actor phase,0,0,0,2444320836,426,1,P1-C2:91B16044:91A70C84:01AA:E1,,,False,,False,,False,,False,,,False,,False,False,NO_PROPERTY_COMMAND,fighter+0x1E8
2026-07-28T22:03:52Z,113,27419,P1-C2,Joe the Condor,2461448704,27,426,assist attack,live_attack_actor,LIVE ATTACK ACTOR,True,READY,,12,"Mid, Heavy Hit",12,0,,False,[],[12],0,[],258,"Initial actor phase, Spawned-attack core flag (correlated)",spawned-attack core; initial actor phase,0,0,0,2444320836,0,0,,,,False,,False,,False,,False,,,False,,False,False,NO_PROPERTY_COMMAND,fighter+0x1E8
2026-07-28T22:03:53Z,114,27420,P1-C2,Joe the Condor,2461448704,27,426,assist attack,live_attack_actor_latched,LAST ATTACK ACTOR,True,READY,,12,"Mid, Heavy Hit",12,0,,False,[],[12],0,[],258,"Initial actor phase, Spawned-attack core flag (correlated)",spawned-attack core; initial actor phase,0,0,0,2444320836,0,0,,,,False,,False,,False,,False,,,False,,False,False,NO_PROPERTY_COMMAND,fighter+0x1E8
2026-07-28T22:03:54Z,115,27422,P1-C1,Viewtiful Joe,2454108608,17,309,Shocking Pink C,live_attack_actor_latched,LAST ATTACK ACTOR,True,READY,,9,"Mid, Light Hit",9,0,,False,[],[9],0,[],262418,"Initial actor phase, Special chip route B, one-eighth damage, Spawned-attack core flag (correlated), Target-acquired / contact-lock state (correlated)",spawned-attack core; target-acquired/contact-lock; initial actor phase; special chip route,0,0,4096,2444320416,0,0,,,,False,,False,,False,,False,,,False,,False,False,NO_PROPERTY_COMMAND,fighter+0x1E8
2026-07-28T22:03:58Z,116,27432,P1-C2,Joe the Condor,2461448704,27,426,assist attack,live_attack_actor,LIVE ATTACK ACTOR,True,READY,,12,"Mid, Heavy Hit",12,0,,False,[],[12],0,[],258,"Initial actor phase, Spawned-attack core flag (correlated)",spawned-attack core; initial actor phase,0,0,0,2444319996,426,2,P1-C2:91B15CFC:91A6E1FC:01AA:E2,,,False,,False,,False,,False,,,False,,False,False,RETRY_PENDING,fighter+0x1E8
2026-07-28T22:03:58Z,117,27432,P1-C2,Joe the Condor,2461448704,27,426,assist attack,live_attack_actor,LIVE ATTACK ACTOR,True,READY,,12,"Mid, Heavy Hit",12,0,,False,[],[12],0,[],258,"Initial actor phase, Spawned-attack core flag (correlated)",spawned-attack core; initial actor phase,0,0,0,2444320836,426,1,P1-C2:91B16044:91A6F740:01AA:E1,,,False,,False,,False,,False,,,False,,False,False,RETRY_PENDING,fighter+0x1E8
2026-07-28T22:03:58Z,118,27433,P1-C2,Joe the Condor,2461448704,27,426,assist attack,live_attack_actor,LIVE ATTACK ACTOR,True,READY,,12,"Mid, Heavy Hit",12,0,,False,[],[12],0,[],258,"Initial actor phase, Spawned-attack core flag (correlated)",spawned-attack core; initial actor phase,0,0,0,2444319156,426,3,P1-C2:91B159B4:91A6CCB8:01AA:E3,,,False,,False,,False,,False,,,False,,False,False,NO_PROPERTY_COMMAND,fighter+0x1E8
2026-07-28T22:03:59Z,119,27435,P1-C2,Joe the Condor,2461448704,27,426,assist attack,live_attack_actor_latched,LAST ATTACK ACTOR,True,READY,,12,"Mid, Heavy Hit",12,0,,False,[],[12],0,[],258,"Initial actor phase, Spawned-attack core flag (correlated)",spawned-attack core; initial actor phase,0,0,0,2444319156,0,0,,,,False,,False,,False,,False,,,False,,False,False,NO_PROPERTY_COMMAND,fighter+0x1E8
2026-07-28T22:04:00Z,120,27439,P1-C1,Viewtiful Joe,2454108608,17,307,Shocking Pink A,live_attack_actor,LIVE ATTACK ACTOR,True,READY,,9,"Mid, Light Hit",9,0,,False,[],[9],0,[],262418,"Initial actor phase, Special chip route B, one-eighth damage, Spawned-attack core flag (correlated), Target-acquired / contact-lock state (correlated)",spawned-attack core; target-acquired/contact-lock; initial actor phase; special chip route,0,0,4096,2444319156,307,1,P1-C1:91B159B4:91A6CCB8:0133:E1,,,False,,False,,False,,False,,,False,,False,False,NO_PROPERTY_COMMAND,fighter+0x1E8
2026-07-28T22:04:00Z,121,27439,P1-C1,Viewtiful Joe,2454108608,17,307,Shocking Pink A,live_attack_actor,LIVE ATTACK ACTOR,True,READY,,9,"Mid, Light Hit",9,0,,False,[],[9],0,[],262418,"Initial actor phase, Special chip route B, one-eighth damage, Spawned-attack core flag (correlated), Target-acquired / contact-lock state (correlated)",spawned-attack core; target-acquired/contact-lock; initial actor phase; special chip route,0,0,4096,2444319156,0,0,,,,False,,False,,False,,False,,,False,,False,False,NO_PROPERTY_COMMAND,fighter+0x1E8
2026-07-28T22:04:02Z,122,27442,P1-C1,Viewtiful Joe,2454108608,17,258,5C,live_attack_actor,LIVE ATTACK ACTOR,True,READY,,780,"Mid, Heavy Hit, Spiral knockdown 0x00000300",12,768,"No guard category, No strength tier, Spiral knockdown 0x00000300",False,[768],[780],0,[],262418,"Initial actor phase, Special chip route B, one-eighth damage, Spawned-attack core flag (correlated), Target-acquired / contact-lock state (correlated)",spawned-attack core; target-acquired/contact-lock; initial actor phase; special chip route,0,0,0,2444319996,258,1,P1-C1:91B15CFC:91A6CCB8:0102:E1,,,False,,False,,False,,False,,,False,,False,False,OK,fighter+0x1E8
2026-07-28T22:04:02Z,123,27443,P1-C1,Viewtiful Joe,2454108608,17,258,5C,live_attack_actor_latched,LAST ATTACK ACTOR,True,READY,,780,"Mid, Heavy Hit, Spiral knockdown 0x00000300",12,768,"No guard category, No strength tier, Spiral knockdown 0x00000300",False,[768],[780],0,[],262418,"Initial actor phase, Special chip route B, one-eighth damage, Spawned-attack core flag (correlated), Target-acquired / contact-lock state (correlated)",spawned-attack core; target-acquired/contact-lock; initial actor phase; special chip route,0,0,0,2444319996,0,0,,,,False,,False,,False,,False,,,False,,False,False,NO_PROPERTY_COMMAND,fighter+0x1E8
2026-07-28T22:04:19Z,124,27514,P1-C2,Joe the Condor,2461448704,27,426,assist attack,live_attack_actor,LIVE ATTACK ACTOR,True,READY,,12,"Mid, Heavy Hit",12,0,,False,[],[12],0,[],258,"Initial actor phase, Spawned-attack core flag (correlated)",spawned-attack core; initial actor phase,0,0,0,2444319996,426,1,P1-C2:91B15CFC:91A6CCB8:01AA:E1,,,False,,False,,False,,False,,,False,,False,False,RETRY_PENDING,fighter+0x1E8
2026-07-28T22:04:19Z,125,27514,P1-C2,Joe the Condor,2461448704,27,426,assist attack,live_attack_actor,LIVE ATTACK ACTOR,True,READY,,12,"Mid, Heavy Hit",12,0,,False,[],[12],0,[],258,"Initial actor phase, Spawned-attack core flag (correlated)",spawned-attack core; initial actor phase,0,0,0,2444320836,426,2,P1-C2:91B16044:91A6F740:01AA:E2,,,False,,False,,False,,False,,,False,,False,False,RETRY_PENDING,fighter+0x1E8
2026-07-28T22:06:01Z,126,28108,P1-C1,Viewtiful Joe,2454108608,17,304,Voomerang A,cleanup_actor,LIVE ATTACK ACTOR,True,READY,,9,"Mid, Light Hit",9,0,,False,[],[9],0,[],64,Standard-strike baseline,standard-strike baseline,0,0,0,2444320836,304,1,P1-C1:91B16044:91A6F740:0130:E1,,,False,,False,,False,,False,,,False,,False,True,RETRY_PENDING,fighter+0x1E8
2026-07-28T22:06:01Z,127,28108,P1-C1,Viewtiful Joe,2454108608,17,304,Voomerang A,cleanup_actor,LIVE ATTACK ACTOR,True,READY,,9,"Mid, Light Hit",9,0,,False,[],[9],0,[],64,Standard-strike baseline,standard-strike baseline,0,0,0,2444320836,0,0,,,,False,,False,,False,,False,,,False,,False,True,RETRY_PENDING,fighter+0x1E8
2026-07-28T22:06:04Z,128,28116,P1-C2,Joe the Condor,2461448704,27,310,Battering Ram A,move_definition,CURRENT MOVE,True,READY,,12,"Mid, Heavy Hit",12,2147483776,"No guard category, No strength tier, Crumple 0x80000080",False,[2147483776],[2147483780],1,[],262208,"Standard-strike baseline, Special chip route B, one-eighth damage",standard-strike baseline; special chip route,0,0,0,0,0,0,,,,False,,False,,False,,False,,,False,,False,False,OK,fighter+0x1E8
2026-07-28T22:06:05Z,129,28118,P1-C2,Joe the Condor,2461448704,27,310,Battering Ram A,move_definition_latched,LAST MOVE,True,READY,,12,"Mid, Heavy Hit",12,2147483776,"No guard category, No strength tier, Crumple 0x80000080",False,[2147483776],[2147483780],1,[],262208,"Standard-strike baseline, Special chip route B, one-eighth damage",standard-strike baseline; special chip route,0,0,0,0,0,0,,,,False,,False,,False,,False,,,False,,False,False,NO_PROPERTY_COMMAND,fighter+0x1E8
2026-07-28T22:06:06Z,130,28119,P1-C2,Joe the Condor,2461448704,27,259,2A,move_definition,CURRENT MOVE,True,READY,,33,"Low, Light Hit",33,0,,False,[],[134217761],1,[],64,Standard-strike baseline,standard-strike baseline,0,0,0,0,0,0,,,,False,,False,,False,,False,,,False,,False,False,OK,fighter+0x1E8
2026-07-28T22:06:07Z,131,28121,P1-C2,Joe the Condor,2461448704,27,259,2A,move_definition_latched,LAST MOVE,True,READY,,33,"Low, Light Hit",33,0,,False,[],[134217761],1,[],64,Standard-strike baseline,standard-strike baseline,0,0,0,0,0,0,,,,False,,False,,False,,False,,,False,,False,False,NO_PROPERTY_COMMAND,fighter+0x1E8
2026-07-28T23:51:39Z,132,94991,P1-C1,Viewtiful Joe,2454108608,17,426,assist attack,live_attack_actor,LIVE ATTACK ACTOR,True,READY,,9,"Mid, Light Hit",9,0,,False,[],[9],0,[],262418,"Initial actor phase, Special chip route B, one-eighth damage, Spawned-attack core flag (correlated), Target-acquired / contact-lock state (correlated)",spawned-attack core; target-acquired/contact-lock; initial actor phase; special chip route,0,0,4096,2444320836,426,1,P1-C1:91B16044:91A6F740:01AA:E1,,,False,,False,,False,,False,,,False,,False,False,NO_PROPERTY_COMMAND,fighter+0x1E8
2026-07-28T23:51:39Z,133,94991,P1-C1,Viewtiful Joe,2454108608,17,426,assist attack,live_attack_actor,LIVE ATTACK ACTOR,True,READY,,9,"Mid, Light Hit",9,0,,False,[],[9],0,[],262418,"Initial actor phase, Special chip route B, one-eighth damage, Spawned-attack core flag (correlated), Target-acquired / contact-lock state (correlated)",spawned-attack core; target-acquired/contact-lock; initial actor phase; special chip route,0,0,4096,2444320836,0,0,,,,False,,False,,False,,False,,,False,,False,False,NO_PROPERTY_COMMAND,fighter+0x1E8
2026-07-28T23:51:43Z,134,95001,P1-C1,Viewtiful Joe,2454108608,17,430,assist standby,cleanup_actor,LIVE ATTACK ACTOR,True,READY,,9,"Mid, Light Hit",9,0,,False,[],[9],0,[],64,Standard-strike baseline,standard-strike baseline,0,0,0,2444320416,430,1,P1-C1:91B15EA0:91A6F740:01AE:E1,,,False,,False,,False,,False,,,False,,False,True,RETRY_PENDING,fighter+0x1E8
2026-07-28T23:51:43Z,135,95001,P1-C1,Viewtiful Joe,2454108608,17,430,assist standby,cleanup_actor,LIVE ATTACK ACTOR,True,READY,,9,"Mid, Light Hit",9,0,,False,[],[9],0,[],64,Standard-strike baseline,standard-strike baseline,0,0,0,2444320416,0,0,,,,False,,False,,False,,False,,,False,,False,True,RETRY_PENDING,fighter+0x1E8
2026-07-28T23:53:16Z,136,95645,P1-C1,Viewtiful Joe,2454108608,17,426,assist attack,live_attack_actor,LIVE ATTACK ACTOR,True,READY,,9,"Mid, Light Hit",9,0,,False,[],[9],0,[],262418,"Initial actor phase, Special chip route B, one-eighth damage, Spawned-attack core flag (correlated), Target-acquired / contact-lock state (correlated)",spawned-attack core; target-acquired/contact-lock; initial actor phase; special chip route,0,0,4096,2444320416,426,1,P1-C1:91B15EA0:91A6F740:01AA:E1,,,False,,False,,False,,False,,,False,,False,False,RETRY_PENDING,fighter+0x1E8
2026-07-28T23:53:16Z,137,95645,P1-C1,Viewtiful Joe,2454108608,17,426,assist attack,live_attack_actor,LIVE ATTACK ACTOR,True,READY,,9,"Mid, Light Hit",9,0,,False,[],[9],0,[],262418,"Initial actor phase, Special chip route B, one-eighth damage, Spawned-attack core flag (correlated), Target-acquired / contact-lock state (correlated)",spawned-attack core; target-acquired/contact-lock; initial actor phase; special chip route,0,0,4096,2444320416,0,0,,,,False,,False,,False,,False,,,False,,False,False,RETRY_PENDING,fighter+0x1E8
2026-07-28T23:53:20Z,138,95653,P1-C1,Viewtiful Joe,2454108608,17,430,assist standby,live_attack_actor,LIVE ATTACK ACTOR,True,READY,,780,"Mid, Heavy Hit, Spiral knockdown 0x00000300",12,768,"No guard category, No strength tier, Spiral knockdown 0x00000300",False,[768],[780],0,[],274,"Initial actor phase, Spawned-attack core flag (correlated), Target-acquired / contact-lock state (correlated)",spawned-attack core; target-acquired/contact-lock; initial actor phase,0,0,0,2444320836,430,1,P1-C1:91B16044:91A6F740:01AE:E1,,,False,,False,,False,,False,,,False,,False,False,RETRY_PENDING,fighter+0x1E8
2026-07-28T23:53:20Z,139,95653,P1-C1,Viewtiful Joe,2454108608,17,430,assist standby,live_attack_actor,LIVE ATTACK ACTOR,True,READY,,780,"Mid, Heavy Hit, Spiral knockdown 0x00000300",12,768,"No guard category, No strength tier, Spiral knockdown 0x00000300",False,[768],[780],0,[],274,"Initial actor phase, Spawned-attack core flag (correlated), Target-acquired / contact-lock state (correlated)",spawned-attack core; target-acquired/contact-lock; initial actor phase,0,0,0,2444320836,0,0,,,,False,,False,,False,,False,,,False,,False,False,RETRY_PENDING,fighter+0x1E8
2026-07-28T23:53:20Z,140,95654,P1-C1,Viewtiful Joe,2454108608,17,430,assist standby,live_attack_actor_latched,LAST ATTACK ACTOR,True,READY,,780,"Mid, Heavy Hit, Spiral knockdown 0x00000300",12,768,"No guard category, No strength tier, Spiral knockdown 0x00000300",False,[768],[780],0,[],274,"Initial actor phase, Spawned-attack core flag (correlated), Target-acquired / contact-lock state (correlated)",spawned-attack core; target-acquired/contact-lock; initial actor phase,0,0,0,2444320836,0,0,,,,False,,False,,False,,False,,,False,,False,False,RETRY_PENDING,fighter+0x1E8
2026-07-28T23:55:48Z,141,96764,P1-C1,Viewtiful Joe,2454108608,17,426,assist attack,live_attack_actor,LIVE ATTACK ACTOR,True,READY,,9,"Mid, Light Hit",9,0,,False,[],[9],0,[],262418,"Initial actor phase, Special chip route B, one-eighth damage, Spawned-attack core flag (correlated), Target-acquired / contact-lock state (correlated)",spawned-attack core; target-acquired/contact-lock; initial actor phase; special chip route,0,0,4096,2444320836,426,2,P1-C1:91B16044:91A6F740:01AA:E2,,,False,,False,,False,,False,,,False,,False,False,RETRY_PENDING,fighter+0x1E8
2026-07-28T23:55:52Z,142,96773,P1-C1,Viewtiful Joe,2454108608,17,430,assist standby,cleanup_actor,LIVE ATTACK ACTOR,True,READY,,9,"Mid, Light Hit",9,0,,False,[],[9],0,[],64,Standard-strike baseline,standard-strike baseline,0,0,0,2444320416,430,2,P1-C1:91B15EA0:91A6F740:01AE:E2,,,False,,False,,False,,False,,,False,,False,True,NO_PROPERTY_COMMAND,fighter+0x1E8
2026-07-28T23:56:35Z,143,97015,P1-C2,Joe the Condor,2461448704,27,288,j.A (second hit),move_definition,CURRENT MOVE,True,READY,,17,"High, Light Hit",17,0,,False,[],[402653185],1,[],64,Standard-strike baseline,standard-strike baseline,0,0,0,0,0,0,,,,False,,False,,False,,False,,,False,,False,False,OK,fighter+0x1E8
2026-07-28T23:56:35Z,144,97016,P1-C2,Joe the Condor,2461448704,27,288,j.A (second hit),move_definition_latched,LAST MOVE,True,READY,,17,"High, Light Hit",17,0,,False,[],[402653185],1,[],64,Standard-strike baseline,standard-strike baseline,0,0,0,0,0,0,,,,False,,False,,False,,False,,,False,,False,False,NO_PROPERTY_COMMAND,fighter+0x1E8
2026-07-28T23:56:36Z,145,97019,P1-C2,Joe the Condor,2461448704,27,316,Wild Lasso A,cleanup_actor,LIVE ATTACK ACTOR,True,READY,,9,"Mid, Light Hit",9,0,,False,[],[9],0,[],64,Standard-strike baseline,standard-strike baseline,0,0,0,2444320416,316,1,P1-C2:91B15EA0:91A6F740:013C:E1,,,False,,False,,False,,False,,,False,,False,True,OK,fighter+0x1E8
2026-07-28T23:56:37Z,146,97021,P1-C2,Joe the Condor,2461448704,27,514,Wild Lasso,cleanup_actor,LIVE ATTACK ACTOR,True,READY,,9,"Mid, Light Hit",9,0,,False,[],[9],0,[],64,Standard-strike baseline,standard-strike baseline,0,0,0,2444320416,514,1,P1-C2:91B15EA0:91A6F740:0202:E1,,,False,,False,,False,,False,,,False,,False,True,OK,fighter+0x1E8
2026-07-28T23:56:38Z,147,97022,P1-C2,Joe the Condor,2461448704,27,514,Wild Lasso,cleanup_actor,LIVE ATTACK ACTOR,True,READY,,9,"Mid, Light Hit",9,0,,False,[],[9],0,[],64,Standard-strike baseline,standard-strike baseline,0,0,0,2444319156,514,1,P1-C2:91B159B4:91A6E1FC:0202:E1,,,False,,False,,False,,False,,,False,,False,True,OK,fighter+0x1E8
2026-07-28T23:56:38Z,148,97023,P1-C2,Joe the Condor,2461448704,27,514,Wild Lasso,cleanup_actor,LIVE ATTACK ACTOR,True,READY,,9,"Mid, Light Hit",9,0,,False,[],[9],0,[],64,Standard-strike baseline,standard-strike baseline,0,0,0,2444320836,514,1,P1-C2:91B16044:91A70C84:0202:E1,,,False,,False,,False,,False,,,False,,False,True,NO_PROPERTY_COMMAND,fighter+0x1E8
2026-07-28T23:56:38Z,149,97023,P1-C2,Joe the Condor,2461448704,27,514,Wild Lasso,cleanup_actor,LIVE ATTACK ACTOR,True,READY,,9,"Mid, Light Hit",9,0,,False,[],[9],0,[],64,Standard-strike baseline,standard-strike baseline,0,0,0,2444319156,0,0,,,,False,,False,,False,,False,,,False,,False,True,NO_PROPERTY_COMMAND,fighter+0x1E8
2026-07-28T23:56:54Z,150,97064,P1-C1,Viewtiful Joe,2454108608,17,426,assist attack,live_attack_actor,LIVE ATTACK ACTOR,True,READY,,9,"Mid, Light Hit",9,0,,False,[],[9],0,[],262418,"Initial actor phase, Special chip route B, one-eighth damage, Spawned-attack core flag (correlated), Target-acquired / contact-lock state (correlated)",spawned-attack core; target-acquired/contact-lock; initial actor phase; special chip route,0,0,4096,2444319156,426,1,P1-C1:91B159B4:91A6E1FC:01AA:E1,,,False,,False,,False,,False,,,False,,False,False,RETRY_PENDING,fighter+0x1E8
2026-07-28T23:56:57Z,151,97069,P1-C2,Joe the Condor,2461448704,27,260,2B,move_definition,CURRENT MOVE,True,READY,,10,"Mid, Medium Hit",10,0,,False,[],[134217730],2,"[1,2]",64,Standard-strike baseline,standard-strike baseline,10,64,0,0,0,0,,,,False,,False,,False,,False,,,False,,False,False,OK,fighter+0x1E8
2026-07-28T23:56:58Z,152,97071,P1-C1,Viewtiful Joe,2454108608,17,426,assist attack,live_attack_actor_latched,LAST ATTACK ACTOR,True,READY,,9,"Mid, Light Hit",9,0,,False,[],[9],0,[],262418,"Initial actor phase, Special chip route B, one-eighth damage, Spawned-attack core flag (correlated), Target-acquired / contact-lock state (correlated)",spawned-attack core; target-acquired/contact-lock; initial actor phase; special chip route,0,0,4096,2444319156,0,0,,,,False,,False,,False,,False,,,False,,False,False,RETRY_PENDING,fighter+0x1E8
2026-07-28T23:57:00Z,153,97077,P1-C2,Joe the Condor,2461448704,27,307,Savage Shot Ground A,live_attack_actor,LIVE ATTACK ACTOR,True,READY,,12,"Mid, Heavy Hit",12,0,,False,[],[12],0,[],258,"Initial actor phase, Spawned-attack core flag (correlated)",spawned-attack core; initial actor phase,0,0,0,2444320836,307,1,P1-C2:91B16044:91A6E1FC:0133:E1,,,False,,False,,False,,False,,,False,,False,False,OK,fighter+0x1E8
2026-07-28T23:57:00Z,154,97077,P1-C2,Joe the Condor,2461448704,27,307,Savage Shot Ground A,move_definition,CURRENT MOVE,True,READY,,12,"Mid, Heavy Hit",12,0,,False,[],[134217740],3,"[1,2,3]",64,Standard-strike baseline,standard-strike baseline,12,64,0,0,0,0,,,,False,,False,,False,,False,,,False,,False,False,OK,fighter+0x1E8
2026-07-28T23:57:00Z,155,97078,P1-C2,Joe the Condor,2461448704,27,307,Savage Shot Ground A,live_attack_actor,LIVE ATTACK ACTOR,True,READY,,12,"Mid, Heavy Hit",12,0,,False,[],[12],0,[],258,"Initial actor phase, Spawned-attack core flag (correlated)",spawned-attack core; initial actor phase,0,0,0,2444320416,307,1,P1-C2:91B15EA0:91A6F740:0133:E1,,,False,,False,,False,,False,,,False,,False,False,OK,fighter+0x1E8
2026-07-28T23:57:03Z,156,97086,P1-C2,Joe the Condor,2461448704,27,260,2B,move_definition_latched,LAST MOVE,True,READY,,10,"Mid, Medium Hit",10,0,,False,[],[134217730],2,"[1,2]",64,Standard-strike baseline,standard-strike baseline,10,64,0,0,0,0,,,,False,,False,,False,,False,,,False,,False,False,NO_PROPERTY_COMMAND,fighter+0x1E8
2026-07-28T23:57:05Z,157,97088,P1-C2,Joe the Condor,2461448704,27,307,Savage Shot Ground A,live_attack_actor,LIVE ATTACK ACTOR,True,READY,,12,"Mid, Heavy Hit",12,0,,False,[],[12],0,[],258,"Initial actor phase, Spawned-attack core flag (correlated)",spawned-attack core; initial actor phase,0,0,0,2444320416,307,2,P1-C2:91B15EA0:91A6F740:0133:E2,,,False,,False,,False,,False,,,False,,False,False,OK,snapshot
2026-07-28T23:57:05Z,158,97088,P1-C2,Joe the Condor,2461448704,27,307,Savage Shot Ground A,live_attack_actor,LIVE ATTACK ACTOR,True,READY,,12,"Mid, Heavy Hit",12,0,,False,[],[12],0,[],258,"Initial actor phase, Spawned-attack core flag (correlated)",spawned-attack core; initial actor phase,0,0,0,2444320836,307,2,P1-C2:91B16044:91A6E1FC:0133:E2,,,False,,False,,False,,False,,,False,,False,False,OK,snapshot
2026-07-28T23:57:05Z,159,97089,P1-C2,Joe the Condor,2461448704,27,307,Savage Shot Ground A,live_attack_actor_latched,LAST ATTACK ACTOR,True,READY,,12,"Mid, Heavy Hit",12,0,,False,[],[12],0,[],258,"Initial actor phase, Spawned-attack core flag (correlated)",spawned-attack core; initial actor phase,0,0,0,2444320416,0,0,,,,False,,False,,False,,False,,,False,,False,False,NO_PROPERTY_COMMAND,fighter+0x1E8
2026-07-28T23:57:27Z,160,97160,P1-C2,Joe the Condor,2461448704,27,426,assist attack,live_attack_actor,LIVE ATTACK ACTOR,True,READY,,12,"Mid, Heavy Hit",12,0,,False,[],[12],0,[],258,"Initial actor phase, Spawned-attack core flag (correlated)",spawned-attack core; initial actor phase,0,0,0,2444320416,426,2,P1-C2:91B15EA0:91A6F740:01AA:E2,,,False,,False,,False,,False,,,False,,False,False,NO_PROPERTY_COMMAND,fighter+0x1E8
2026-07-28T23:57:27Z,161,97160,P1-C2,Joe the Condor,2461448704,27,426,assist attack,live_attack_actor,LIVE ATTACK ACTOR,True,READY,,12,"Mid, Heavy Hit",12,0,,False,[],[12],0,[],258,"Initial actor phase, Spawned-attack core flag (correlated)",spawned-attack core; initial actor phase,0,0,0,2444320836,426,1,P1-C2:91B16044:91A6E1FC:01AA:E1,,,False,,False,,False,,False,,,False,,False,False,NO_PROPERTY_COMMAND,fighter+0x1E8
2026-07-28T23:57:27Z,162,97160,P1-C2,Joe the Condor,2461448704,27,426,assist attack,live_attack_actor,LIVE ATTACK ACTOR,True,READY,,12,"Mid, Heavy Hit",12,0,,False,[],[12],0,[],258,"Initial actor phase, Spawned-attack core flag (correlated)",spawned-attack core; initial actor phase,0,0,0,2444320416,0,0,,,,False,,False,,False,,False,,,False,,False,False,NO_PROPERTY_COMMAND,fighter+0x1E8
2026-07-28T23:57:27Z,163,97161,P1-C2,Joe the Condor,2461448704,27,426,assist attack,live_attack_actor,LIVE ATTACK ACTOR,True,READY,,12,"Mid, Heavy Hit",12,0,,False,[],[12],0,[],258,"Initial actor phase, Spawned-attack core flag (correlated)",spawned-attack core; initial actor phase,0,0,0,2444319996,426,2,P1-C2:91B15CFC:91A6CCB8:01AA:E2,,,False,,False,,False,,False,,,False,,False,False,NO_PROPERTY_COMMAND,fighter+0x1E8
2026-07-28T23:57:27Z,164,97162,P1-C2,Joe the Condor,2461448704,27,426,assist attack,live_attack_actor,LIVE ATTACK ACTOR,True,READY,,12,"Mid, Heavy Hit",12,0,,False,[],[12],0,[],258,"Initial actor phase, Spawned-attack core flag (correlated)",spawned-attack core; initial actor phase,0,0,0,2444320416,426,3,P1-C2:91B15EA0:91A6F740:01AA:E3,,,False,,False,,False,,False,,,False,,False,False,NO_PROPERTY_COMMAND,fighter+0x1E8
2026-07-28T23:57:35Z,165,97188,P1-C1,Viewtiful Joe,2454108608,17,304,Voomerang A,cleanup_actor,LIVE ATTACK ACTOR,True,READY,,9,"Mid, Light Hit",9,0,,False,[],[9],0,[],64,Standard-strike baseline,standard-strike baseline,0,0,0,2444319996,304,1,P1-C1:91B15CFC:91A6CCB8:0130:E1,,,False,,False,,False,,False,,,False,,False,True,RETRY_PENDING,fighter+0x1E8
2026-07-28T23:57:35Z,166,97188,P1-C1,Viewtiful Joe,2454108608,17,304,Voomerang A,cleanup_actor,LIVE ATTACK ACTOR,True,READY,,9,"Mid, Light Hit",9,0,,False,[],[9],0,[],64,Standard-strike baseline,standard-strike baseline,0,0,0,2444319996,0,0,,,,False,,False,,False,,False,,,False,,False,True,RETRY_PENDING,fighter+0x1E8
2026-07-28T23:57:41Z,167,97203,P1-C1,Viewtiful Joe,2454108608,17,307,Shocking Pink A,live_attack_actor,LIVE ATTACK ACTOR,True,READY,,9,"Mid, Light Hit",9,0,,False,[],[9],0,[],262418,"Initial actor phase, Special chip route B, one-eighth damage, Spawned-attack core flag (correlated), Target-acquired / contact-lock state (correlated)",spawned-attack core; target-acquired/contact-lock; initial actor phase; special chip route,0,0,4096,2444319996,307,1,P1-C1:91B15CFC:91A6CCB8:0133:E1,,,False,,False,,False,,False,,,False,,False,False,NO_PROPERTY_COMMAND,fighter+0x1E8
2026-07-28T23:57:41Z,168,97203,P1-C1,Viewtiful Joe,2454108608,17,307,Shocking Pink A,live_attack_actor,LIVE ATTACK ACTOR,True,READY,,9,"Mid, Light Hit",9,0,,False,[],[9],0,[],262418,"Initial actor phase, Special chip route B, one-eighth damage, Spawned-attack core flag (correlated), Target-acquired / contact-lock state (correlated)",spawned-attack core; target-acquired/contact-lock; initial actor phase; special chip route,0,0,4096,2444319996,0,0,,,,False,,False,,False,,False,,,False,,False,False,NO_PROPERTY_COMMAND,fighter+0x1E8
2026-07-28T23:57:42Z,169,97205,P1-C1,Viewtiful Joe,2454108608,17,1,Spiral Knockdown,live_attack_actor,LIVE ATTACK ACTOR,True,READY,,780,"Mid, Heavy Hit, Spiral knockdown 0x00000300",12,768,"No guard category, No strength tier, Spiral knockdown 0x00000300",False,[768],[780],0,[],262418,"Initial actor phase, Special chip route B, one-eighth damage, Spawned-attack core flag (correlated), Target-acquired / contact-lock state (correlated)",spawned-attack core; target-acquired/contact-lock; initial actor phase; special chip route,0,0,0,2444320416,1,1,P1-C1:91B15EA0:91A6CCB8:0001:E1,,,False,,False,,False,,False,,,False,,False,False,NO_PROPERTY_COMMAND,fighter+0x1E8
2026-07-28T23:57:42Z,170,97205,P1-C1,Viewtiful Joe,2454108608,17,1,Spiral Knockdown,live_attack_actor,LIVE ATTACK ACTOR,True,READY,,780,"Mid, Heavy Hit, Spiral knockdown 0x00000300",12,768,"No guard category, No strength tier, Spiral knockdown 0x00000300",False,[768],[780],0,[],262418,"Initial actor phase, Special chip route B, one-eighth damage, Spawned-attack core flag (correlated), Target-acquired / contact-lock state (correlated)",spawned-attack core; target-acquired/contact-lock; initial actor phase; special chip route,0,0,0,2444320416,0,0,,,,False,,False,,False,,False,,,False,,False,False,NO_PROPERTY_COMMAND,fighter+0x1E8
2026-07-28T23:57:42Z,171,97206,P1-C1,Viewtiful Joe,2454108608,17,1,Spiral Knockdown,live_attack_actor_latched,LAST ATTACK ACTOR,True,READY,,780,"Mid, Heavy Hit, Spiral knockdown 0x00000300",12,768,"No guard category, No strength tier, Spiral knockdown 0x00000300",False,[768],[780],0,[],262418,"Initial actor phase, Special chip route B, one-eighth damage, Spawned-attack core flag (correlated), Target-acquired / contact-lock state (correlated)",spawned-attack core; target-acquired/contact-lock; initial actor phase; special chip route,0,0,0,2444320416,0,0,,,,False,,False,,False,,False,,,False,,False,False,NO_PROPERTY_COMMAND,fighter+0x1E8
2026-07-28T23:57:46Z,172,97217,P1-C1,Viewtiful Joe,2454108608,17,308,Shocking Pink B,live_attack_actor,LIVE ATTACK ACTOR,True,READY,,9,"Mid, Light Hit",9,0,,False,[],[9],0,[],262418,"Initial actor phase, Special chip route B, one-eighth damage, Spawned-attack core flag (correlated), Target-acquired / contact-lock state (correlated)",spawned-attack core; target-acquired/contact-lock; initial actor phase; special chip route,0,0,4096,2444320416,308,1,P1-C1:91B15EA0:91A6CCB8:0134:E1,,,False,,False,,False,,False,,,False,,False,False,RETRY_PENDING,fighter+0x1E8
2026-07-28T23:57:46Z,173,97217,P1-C1,Viewtiful Joe,2454108608,17,308,Shocking Pink B,live_attack_actor,LIVE ATTACK ACTOR,True,READY,,9,"Mid, Light Hit",9,0,,False,[],[9],0,[],262418,"Initial actor phase, Special chip route B, one-eighth damage, Spawned-attack core flag (correlated), Target-acquired / contact-lock state (correlated)",spawned-attack core; target-acquired/contact-lock; initial actor phase; special chip route,0,0,4096,2444320416,0,0,,,,False,,False,,False,,False,,,False,,False,False,RETRY_PENDING,fighter+0x1E8
2026-07-28T23:57:48Z,174,97223,P1-C1,Viewtiful Joe,2454108608,17,308,Shocking Pink B,live_attack_actor_latched,LAST ATTACK ACTOR,True,READY,,9,"Mid, Light Hit",9,0,,False,[],[9],0,[],262418,"Initial actor phase, Special chip route B, one-eighth damage, Spawned-attack core flag (correlated), Target-acquired / contact-lock state (correlated)",spawned-attack core; target-acquired/contact-lock; initial actor phase; special chip route,0,0,4096,2444320416,0,0,,,,False,,False,,False,,False,,,False,,False,False,NO_PROPERTY_COMMAND,fighter+0x1E8
2026-07-28T23:57:52Z,175,97234,P1-C1,Viewtiful Joe,2454108608,17,307,Shocking Pink A,live_attack_actor,LIVE ATTACK ACTOR,True,READY,,9,"Mid, Light Hit",9,0,,False,[],[9],0,[],262418,"Initial actor phase, Special chip route B, one-eighth damage, Spawned-attack core flag (correlated), Target-acquired / contact-lock state (correlated)",spawned-attack core; target-acquired/contact-lock; initial actor phase; special chip route,0,0,4096,2444319996,307,2,P1-C1:91B15CFC:91A6CCB8:0133:E2,,,False,,False,,False,,False,,,False,,False,False,NO_PROPERTY_COMMAND,fighter+0x1E8
2026-07-28T23:57:53Z,176,97238,P1-C1,Viewtiful Joe,2454108608,17,1,Spiral Knockdown,cleanup_actor,LIVE ATTACK ACTOR,True,READY,,9,"Mid, Light Hit",9,0,,False,[],[9],0,[],64,Standard-strike baseline,standard-strike baseline,0,0,0,2444320416,1,2,P1-C1:91B15EA0:91A6CCB8:0001:E2,,,False,,False,,False,,False,,,False,,False,True,NO_PROPERTY_COMMAND,fighter+0x1E8
2026-07-28T23:57:53Z,177,97238,P1-C1,Viewtiful Joe,2454108608,17,1,Spiral Knockdown,cleanup_actor,LIVE ATTACK ACTOR,True,READY,,9,"Mid, Light Hit",9,0,,False,[],[9],0,[],64,Standard-strike baseline,standard-strike baseline,0,0,0,2444320416,0,0,,,,False,,False,,False,,False,,,False,,False,True,NO_PROPERTY_COMMAND,fighter+0x1E8
2026-07-28T23:57:58Z,178,97251,P1-C2,Joe the Condor,2461448704,27,426,assist attack,live_attack_actor,LIVE ATTACK ACTOR,True,READY,,12,"Mid, Heavy Hit",12,0,,False,[],[12],0,[],258,"Initial actor phase, Spawned-attack core flag (correlated)",spawned-attack core; initial actor phase,0,0,0,2444319996,426,1,P1-C2:91B15CFC:91A6F740:01AA:E1,,,False,,False,,False,,False,,,False,,False,False,RETRY_PENDING,fighter+0x1E8
2026-07-28T23:57:58Z,179,97251,P1-C2,Joe the Condor,2461448704,27,426,assist attack,live_attack_actor,LIVE ATTACK ACTOR,True,READY,,12,"Mid, Heavy Hit",12,0,,False,[],[12],0,[],258,"Initial actor phase, Spawned-attack core flag (correlated)",spawned-attack core; initial actor phase,0,0,0,2444320416,426,1,P1-C2:91B15EA0:91A6CCB8:01AA:E1,,,False,,False,,False,,False,,,False,,False,False,RETRY_PENDING,fighter+0x1E8
2026-07-28T23:57:58Z,180,97252,P1-C2,Joe the Condor,2461448704,27,426,assist attack,live_attack_actor,LIVE ATTACK ACTOR,True,READY,,12,"Mid, Heavy Hit",12,0,,False,[],[12],0,[],258,"Initial actor phase, Spawned-attack core flag (correlated)",spawned-attack core; initial actor phase,0,0,0,2444320836,426,2,P1-C2:91B16044:91A6E1FC:01AA:E2,,,False,,False,,False,,False,,,False,,False,False,RETRY_PENDING,fighter+0x1E8
2026-07-28T23:57:58Z,181,97253,P1-C1,Viewtiful Joe,2454108608,17,270,6B,move_definition,CURRENT MOVE,True,READY,,18,"High, Medium Hit",18,0,,False,[],[134217730],1,[],64,Standard-strike baseline,standard-strike baseline,0,0,0,0,0,0,,,,False,,False,,False,,False,,,False,,False,False,OK,fighter+0x1E8
2026-07-28T23:57:59Z,182,97254,P1-C2,Joe the Condor,2461448704,27,426,assist attack,live_attack_actor_latched,LAST ATTACK ACTOR,True,READY,,12,"Mid, Heavy Hit",12,0,,False,[],[12],0,[],258,"Initial actor phase, Spawned-attack core flag (correlated)",spawned-attack core; initial actor phase,0,0,0,2444320416,0,0,,,,False,,False,,False,,False,,,False,,False,False,NO_PROPERTY_COMMAND,fighter+0x1E8
2026-07-28T23:58:00Z,183,97257,P1-C1,Viewtiful Joe,2454108608,17,324,Red Hot Kick B,move_definition,CURRENT MOVE,True,READY,,20,"High, Heavy Hit",20,512,"No guard category, No strength tier, Hard knockdown 0x00000200",False,[512],[516],1,[],262208,"Standard-strike baseline, Special chip route B, one-eighth damage",standard-strike baseline; special chip route,0,0,0,0,0,0,,,,False,,False,,False,,False,,,False,,False,False,OK,fighter+0x1E8
2026-07-28T23:58:01Z,184,97259,P1-C1,Viewtiful Joe,2454108608,17,324,Red Hot Kick B,move_definition_latched,LAST MOVE,True,READY,,20,"High, Heavy Hit",20,512,"No guard category, No strength tier, Hard knockdown 0x00000200",False,[512],[516],1,[],262208,"Standard-strike baseline, Special chip route B, one-eighth damage",standard-strike baseline; special chip route,0,0,0,0,0,0,,,,False,,False,,False,,False,,,False,,False,False,NO_PROPERTY_COMMAND,fighter+0x1E8
2026-07-28T23:58:01Z,185,97260,P1-C1,Viewtiful Joe,2454108608,17,266,j.B,move_definition,CURRENT MOVE,True,READY,,18,"High, Medium Hit",18,0,,False,[],[402653186],1,[],64,Standard-strike baseline,standard-strike baseline,0,0,0,0,0,0,,,,False,,False,,False,,False,,,False,,False,False,OK,fighter+0x1E8
2026-07-28T23:58:03Z,186,97264,P1-C1,Viewtiful Joe,2454108608,17,270,6B,move_definition_latched,LAST MOVE,True,READY,,18,"High, Medium Hit",18,0,,False,[],[134217730],1,[],64,Standard-strike baseline,standard-strike baseline,0,0,0,0,0,0,,,,False,,False,,False,,False,,,False,,False,False,NO_PROPERTY_COMMAND,fighter+0x1E8
2026-07-28T23:58:19Z,187,97311,P1-C1,Viewtiful Joe,2454108608,17,426,assist attack,live_attack_actor,LIVE ATTACK ACTOR,True,READY,,9,"Mid, Light Hit",9,0,,False,[],[9],0,[],262418,"Initial actor phase, Special chip route B, one-eighth damage, Spawned-attack core flag (correlated), Target-acquired / contact-lock state (correlated)",spawned-attack core; target-acquired/contact-lock; initial actor phase; special chip route,0,0,4096,2444320836,426,1,P1-C1:91B16044:91A6E1FC:01AA:E1,,,False,,False,,False,,False,,,False,,False,False,NO_PROPERTY_COMMAND,fighter+0x1E8
2026-07-28T23:58:23Z,188,97319,P1-C1,Viewtiful Joe,2454108608,17,430,assist standby,cleanup_actor,LIVE ATTACK ACTOR,True,READY,,9,"Mid, Light Hit",9,0,,False,[],[9],0,[],64,Standard-strike baseline,standard-strike baseline,0,0,0,2444319156,430,1,P1-C1:91B159B4:91A6E1FC:01AE:E1,,,False,,False,,False,,False,,,False,,False,True,RETRY_PENDING,fighter+0x1E8
2026-07-28T23:58:23Z,189,97319,P1-C1,Viewtiful Joe,2454108608,17,430,assist standby,cleanup_actor,LIVE ATTACK ACTOR,True,READY,,9,"Mid, Light Hit",9,0,,False,[],[9],0,[],64,Standard-strike baseline,standard-strike baseline,0,0,0,2444319156,0,0,,,,False,,False,,False,,False,,,False,,False,True,RETRY_PENDING,fighter+0x1E8
2026-07-28T23:58:47Z,190,97442,P1-C2,Joe the Condor,2461448704,27,307,Savage Shot Ground A,live_attack_actor,LIVE ATTACK ACTOR,True,READY,,12,"Mid, Heavy Hit",12,0,,False,[],[12],0,[],258,"Initial actor phase, Spawned-attack core flag (correlated)",spawned-attack core; initial actor phase,0,0,0,2444319156,307,1,P1-C2:91B159B4:91A6E1FC:0133:E1,,,False,,False,,False,,False,,,False,,False,False,OK,fighter+0x1E8
2026-07-28T23:58:47Z,191,97442,P1-C2,Joe the Condor,2461448704,27,307,Savage Shot Ground A,live_attack_actor,LIVE ATTACK ACTOR,True,READY,,12,"Mid, Heavy Hit",12,0,,False,[],[12],0,[],258,"Initial actor phase, Spawned-attack core flag (correlated)",spawned-attack core; initial actor phase,0,0,0,2444320836,307,1,P1-C2:91B16044:91A70C84:0133:E1,,,False,,False,,False,,False,,,False,,False,False,OK,fighter+0x1E8
2026-07-28T23:58:48Z,192,97443,P1-C2,Joe the Condor,2461448704,27,307,Savage Shot Ground A,live_attack_actor,LIVE ATTACK ACTOR,True,READY,,12,"Mid, Heavy Hit",12,0,,False,[],[12],0,[],258,"Initial actor phase, Spawned-attack core flag (correlated)",spawned-attack core; initial actor phase,0,0,0,2444319996,307,1,P1-C2:91B15CFC:91A6F740:0133:E1,,,False,,False,,False,,False,,,False,,False,False,OK,snapshot
2026-07-28T23:58:48Z,193,97444,P1-C2,Joe the Condor,2461448704,27,307,Savage Shot Ground A,live_attack_actor,LIVE ATTACK ACTOR,True,READY,,12,"Mid, Heavy Hit",12,0,,False,[],[12],0,[],258,"Initial actor phase, Spawned-attack core flag (correlated)",spawned-attack core; initial actor phase,0,0,0,2444320836,307,2,P1-C2:91B16044:91A70C84:0133:E2,,,False,,False,,False,,False,,,False,,False,False,NO_PROPERTY_COMMAND,fighter+0x1E8
2026-07-28T23:58:48Z,194,97444,P1-C2,Joe the Condor,2461448704,27,307,Savage Shot Ground A,live_attack_actor,LIVE ATTACK ACTOR,True,READY,,12,"Mid, Heavy Hit",12,0,,False,[],[12],0,[],258,"Initial actor phase, Spawned-attack core flag (correlated)",spawned-attack core; initial actor phase,0,0,0,2444319996,0,0,,,,False,,False,,False,,False,,,False,,False,False,NO_PROPERTY_COMMAND,fighter+0x1E8
2026-07-28T23:58:49Z,195,97445,P1-C2,Joe the Condor,2461448704,27,307,Savage Shot Ground A,live_attack_actor_latched,LAST ATTACK ACTOR,True,READY,,12,"Mid, Heavy Hit",12,0,,False,[],[12],0,[],258,"Initial actor phase, Spawned-attack core flag (correlated)",spawned-attack core; initial actor phase,0,0,0,2444319996,0,0,,,,False,,False,,False,,False,,,False,,False,False,NO_PROPERTY_COMMAND,fighter+0x1E8
2026-07-28T23:58:52Z,196,97457,P1-C2,Joe the Condor,2461448704,27,316,Wild Lasso A,live_attack_actor,LIVE ATTACK ACTOR,True,READY,,3162121,"Mid, Light Hit, A flags 0x00304000",9,3162112,"No guard category, No strength tier, A flags 0x00304000",False,[3162112],[3162121],0,[],1572998,"Spawned-attack core flag (correlated), Spawned-actor contact family 0x80 (correlated), Capture/cinematic modifier 0x00080000 (correlated), Persistent/paired actor route 0x00100000 (correlated), Unknown B bits 0x00000004",spawned-attack core; native low-bit route 0x4; spawned-actor contact family; capture/cinematic modifier; persistent/paired actor route,0,0,0,2444319996,316,1,P1-C2:91B15CFC:91A6F740:013C:E1,,,False,,False,,False,,False,,,False,,False,False,NO_PROPERTY_COMMAND,fighter+0x1E8
2026-07-28T23:58:52Z,197,97457,P1-C2,Joe the Condor,2461448704,27,316,Wild Lasso A,live_attack_actor,LIVE ATTACK ACTOR,True,READY,,3162121,"Mid, Light Hit, A flags 0x00304000",9,3162112,"No guard category, No strength tier, A flags 0x00304000",False,[3162112],[3162121],0,[],1572998,"Spawned-attack core flag (correlated), Spawned-actor contact family 0x80 (correlated), Capture/cinematic modifier 0x00080000 (correlated), Persistent/paired actor route 0x00100000 (correlated), Unknown B bits 0x00000004",spawned-attack core; native low-bit route 0x4; spawned-actor contact family; capture/cinematic modifier; persistent/paired actor route,0,0,0,2444319996,0,0,,,,False,,False,,False,,False,,,False,,False,False,NO_PROPERTY_COMMAND,fighter+0x1E8
2026-07-28T23:58:52Z,198,97458,P1-C2,Joe the Condor,2461448704,27,316,Wild Lasso A,live_attack_actor_latched,LAST ATTACK ACTOR,True,READY,,3162121,"Mid, Light Hit, A flags 0x00304000",9,3162112,"No guard category, No strength tier, A flags 0x00304000",False,[3162112],[3162121],0,[],1572998,"Spawned-attack core flag (correlated), Spawned-actor contact family 0x80 (correlated), Capture/cinematic modifier 0x00080000 (correlated), Persistent/paired actor route 0x00100000 (correlated), Unknown B bits 0x00000004",spawned-attack core; native low-bit route 0x4; spawned-actor contact family; capture/cinematic modifier; persistent/paired actor route,0,0,0,2444319996,0,0,,,,False,,False,,False,,False,,,False,,False,False,RETRY_PENDING,fighter+0x1E8
2026-07-28T23:58:55Z,199,97465,P1-C1,Viewtiful Joe,2454108608,17,426,assist attack,live_attack_actor,LIVE ATTACK ACTOR,True,READY,,9,"Mid, Light Hit",9,0,,False,[],[9],0,[],262418,"Initial actor phase, Special chip route B, one-eighth damage, Spawned-attack core flag (correlated), Target-acquired / contact-lock state (correlated)",spawned-attack core; target-acquired/contact-lock; initial actor phase; special chip route,0,0,4096,2444319996,426,1,P1-C1:91B15CFC:91A6F740:01AA:E1,,,False,,False,,False,,False,,,False,,False,False,RETRY_PENDING,fighter+0x1E8
2026-07-28T23:58:55Z,200,97465,P1-C1,Viewtiful Joe,2454108608,17,426,assist attack,live_attack_actor,LIVE ATTACK ACTOR,True,READY,,9,"Mid, Light Hit",9,0,,False,[],[9],0,[],262418,"Initial actor phase, Special chip route B, one-eighth damage, Spawned-attack core flag (correlated), Target-acquired / contact-lock state (correlated)",spawned-attack core; target-acquired/contact-lock; initial actor phase; special chip route,0,0,4096,2444319996,0,0,,,,False,,False,,False,,False,,,False,,False,False,RETRY_PENDING,fighter+0x1E8
2026-07-28T23:58:58Z,201,97471,P1-C1,Viewtiful Joe,2454108608,17,430,assist standby,cleanup_actor,LIVE ATTACK ACTOR,True,READY,,9,"Mid, Light Hit",9,0,,False,[],[9],0,[],64,Standard-strike baseline,standard-strike baseline,0,0,0,2444320836,430,2,P1-C1:91B16044:91A6F740:01AE:E2,,,False,,False,,False,,False,,,False,,False,True,RETRY_PENDING,fighter+0x1E8
2026-07-28T23:58:58Z,202,97471,P1-C1,Viewtiful Joe,2454108608,17,430,assist standby,cleanup_actor,LIVE ATTACK ACTOR,True,READY,,9,"Mid, Light Hit",9,0,,False,[],[9],0,[],64,Standard-strike baseline,standard-strike baseline,0,0,0,2444320836,0,0,,,,False,,False,,False,,False,,,False,,False,True,RETRY_PENDING,fighter+0x1E8
2026-07-28T23:58:59Z,203,97473,P1-C1,Viewtiful Joe,2454108608,17,426,assist attack,live_attack_actor,LIVE ATTACK ACTOR,True,READY,,9,"Mid, Light Hit",9,0,,False,[],[9],0,[],262418,"Initial actor phase, Special chip route B, one-eighth damage, Spawned-attack core flag (correlated), Target-acquired / contact-lock state (correlated)",spawned-attack core; target-acquired/contact-lock; initial actor phase; special chip route,0,0,4096,2444320836,426,3,P1-C1:91B16044:91A6F740:01AA:E3,,,False,,False,,False,,False,,,False,,False,False,NO_PROPERTY_COMMAND,fighter+0x1E8
2026-07-28T23:59:02Z,204,97482,P1-C1,Viewtiful Joe,2454108608,17,430,assist standby,cleanup_actor,LIVE ATTACK ACTOR,True,READY,,9,"Mid, Light Hit",9,0,,False,[],[9],0,[],64,Standard-strike baseline,standard-strike baseline,0,0,0,2444319996,430,1,P1-C1:91B15CFC:91A6F740:01AE:E1,,,False,,False,,False,,False,,,False,,False,True,NO_PROPERTY_COMMAND,fighter+0x1E8
2026-07-28T23:59:02Z,205,97482,P1-C1,Viewtiful Joe,2454108608,17,430,assist standby,cleanup_actor,LIVE ATTACK ACTOR,True,READY,,9,"Mid, Light Hit",9,0,,False,[],[9],0,[],64,Standard-strike baseline,standard-strike baseline,0,0,0,2444319996,0,0,,,,False,,False,,False,,False,,,False,,False,True,NO_PROPERTY_COMMAND,fighter+0x1E8
2026-07-28T23:59:03Z,206,97485,P1-C2,Joe the Condor,2461448704,27,307,Savage Shot Ground A,live_attack_actor,LIVE ATTACK ACTOR,True,READY,,16396,"Mid, Heavy Hit, OTG enabled 0x00004000",12,16384,"No guard category, No strength tier, OTG enabled 0x00004000",False,[16384],[16396],0,[],258,"Initial actor phase, Spawned-attack core flag (correlated)",spawned-attack core; initial actor phase,0,0,0,2444319156,307,2,P1-C2:91B159B4:91A6E1FC:0133:E2,,,False,,False,,False,,False,,,False,,False,False,OK,fighter+0x1E8
2026-07-28T23:59:03Z,207,97485,P1-C2,Joe the Condor,2461448704,27,307,Savage Shot Ground A,live_attack_actor,LIVE ATTACK ACTOR,True,READY,,16396,"Mid, Heavy Hit, OTG enabled 0x00004000",12,16384,"No guard category, No strength tier, OTG enabled 0x00004000",False,[16384],[16396],0,[],258,"Initial actor phase, Spawned-attack core flag (correlated)",spawned-attack core; initial actor phase,0,0,0,2444319996,307,2,P1-C2:91B15CFC:91A6F740:0133:E2,,,False,,False,,False,,False,,,False,,False,False,OK,fighter+0x1E8
2026-07-28T23:59:04Z,208,97486,P1-C2,Joe the Condor,2461448704,27,307,Savage Shot Ground A,live_attack_actor,LIVE ATTACK ACTOR,True,READY,,16396,"Mid, Heavy Hit, OTG enabled 0x00004000",12,16384,"No guard category, No strength tier, OTG enabled 0x00004000",False,[16384],[16396],0,[],258,"Initial actor phase, Spawned-attack core flag (correlated)",spawned-attack core; initial actor phase,0,0,0,2444319156,0,0,,,,False,,False,,False,,False,,,False,,False,False,NO_PROPERTY_COMMAND,fighter+0x1E8
2026-07-28T23:59:04Z,209,97487,P1-C2,Joe the Condor,2461448704,27,307,Savage Shot Ground A,live_attack_actor_latched,LAST ATTACK ACTOR,True,READY,,16396,"Mid, Heavy Hit, OTG enabled 0x00004000",12,16384,"No guard category, No strength tier, OTG enabled 0x00004000",False,[16384],[16396],0,[],258,"Initial actor phase, Spawned-attack core flag (correlated)",spawned-attack core; initial actor phase,0,0,0,2444319156,0,0,,,,False,,False,,False,,False,,,False,,False,False,NO_PROPERTY_COMMAND,fighter+0x1E8
2026-07-28T23:59:07Z,210,97499,P1-C2,Joe the Condor,2461448704,27,316,Wild Lasso A,live_attack_actor,LIVE ATTACK ACTOR,True,READY,,3162121,"Mid, Light Hit, A flags 0x00304000",9,3162112,"No guard category, No strength tier, A flags 0x00304000",False,[3162112],[3162121],0,[],1572998,"Spawned-attack core flag (correlated), Spawned-actor contact family 0x80 (correlated), Capture/cinematic modifier 0x00080000 (correlated), Persistent/paired actor route 0x00100000 (correlated), Unknown B bits 0x00000004",spawned-attack core; native low-bit route 0x4; spawned-actor contact family; capture/cinematic modifier; persistent/paired actor route,0,0,0,2444319156,316,1,P1-C2:91B159B4:91A6E1FC:013C:E1,,,False,,False,,False,,False,,,False,,False,False,NO_PROPERTY_COMMAND,fighter+0x1E8
2026-07-28T23:59:07Z,211,97499,P1-C2,Joe the Condor,2461448704,27,316,Wild Lasso A,live_attack_actor,LIVE ATTACK ACTOR,True,READY,,3162121,"Mid, Light Hit, A flags 0x00304000",9,3162112,"No guard category, No strength tier, A flags 0x00304000",False,[3162112],[3162121],0,[],1572998,"Spawned-attack core flag (correlated), Spawned-actor contact family 0x80 (correlated), Capture/cinematic modifier 0x00080000 (correlated), Persistent/paired actor route 0x00100000 (correlated), Unknown B bits 0x00000004",spawned-attack core; native low-bit route 0x4; spawned-actor contact family; capture/cinematic modifier; persistent/paired actor route,0,0,0,2444319156,0,0,,,,False,,False,,False,,False,,,False,,False,False,NO_PROPERTY_COMMAND,fighter+0x1E8
2026-07-28T23:59:08Z,212,97501,P1-C2,Joe the Condor,2461448704,27,316,Wild Lasso A,live_attack_actor_latched,LAST ATTACK ACTOR,True,READY,,3162121,"Mid, Light Hit, A flags 0x00304000",9,3162112,"No guard category, No strength tier, A flags 0x00304000",False,[3162112],[3162121],0,[],1572998,"Spawned-attack core flag (correlated), Spawned-actor contact family 0x80 (correlated), Capture/cinematic modifier 0x00080000 (correlated), Persistent/paired actor route 0x00100000 (correlated), Unknown B bits 0x00000004",spawned-attack core; native low-bit route 0x4; spawned-actor contact family; capture/cinematic modifier; persistent/paired actor route,0,0,0,2444319156,0,0,,,,False,,False,,False,,False,,,False,,False,False,RETRY_PENDING,fighter+0x1E8
2026-07-28T23:59:13Z,213,97513,P1-C2,Joe the Condor,2461448704,27,307,Savage Shot Ground A,live_attack_actor,LIVE ATTACK ACTOR,True,READY,,12,"Mid, Heavy Hit",12,0,,False,[],[12],0,[],258,"Initial actor phase, Spawned-attack core flag (correlated)",spawned-attack core; initial actor phase,0,0,0,2444319156,307,3,P1-C2:91B159B4:91A6E1FC:0133:E3,,,False,,False,,False,,False,,,False,,False,False,OK,fighter+0x1E8
2026-07-28T23:59:13Z,214,97514,P1-C2,Joe the Condor,2461448704,27,307,Savage Shot Ground A,live_attack_actor,LIVE ATTACK ACTOR,True,READY,,12,"Mid, Heavy Hit",12,0,,False,[],[12],0,[],258,"Initial actor phase, Spawned-attack core flag (correlated)",spawned-attack core; initial actor phase,0,0,0,2444319996,307,3,P1-C2:91B15CFC:91A6F740:0133:E3,,,False,,False,,False,,False,,,False,,False,False,NO_PROPERTY_COMMAND,fighter+0x1E8
2026-07-28T23:59:13Z,215,97514,P1-C2,Joe the Condor,2461448704,27,307,Savage Shot Ground A,live_attack_actor,LIVE ATTACK ACTOR,True,READY,,12,"Mid, Heavy Hit",12,0,,False,[],[12],0,[],258,"Initial actor phase, Spawned-attack core flag (correlated)",spawned-attack core; initial actor phase,0,0,0,2444319156,0,0,,,,False,,False,,False,,False,,,False,,False,False,NO_PROPERTY_COMMAND,fighter+0x1E8
2026-07-28T23:59:14Z,216,97515,P1-C2,Joe the Condor,2461448704,27,307,Savage Shot Ground A,live_attack_actor_latched,LAST ATTACK ACTOR,True,READY,,12,"Mid, Heavy Hit",12,0,,False,[],[12],0,[],258,"Initial actor phase, Spawned-attack core flag (correlated)",spawned-attack core; initial actor phase,0,0,0,2444319156,0,0,,,,False,,False,,False,,False,,,False,,False,False,NO_PROPERTY_COMMAND,fighter+0x1E8
2026-07-28T23:59:27Z,217,97575,P1-C1,Viewtiful Joe,2454108608,17,426,assist attack,live_attack_actor,LIVE ATTACK ACTOR,True,READY,,9,"Mid, Light Hit",9,0,,False,[],[9],0,[],262418,"Initial actor phase, Special chip route B, one-eighth damage, Spawned-attack core flag (correlated), Target-acquired / contact-lock state (correlated)",spawned-attack core; target-acquired/contact-lock; initial actor phase; special chip route,0,0,4096,2444319996,426,2,P1-C1:91B15CFC:91A6F740:01AA:E2,,,False,,False,,False,,False,,,False,,False,False,RETRY_PENDING,fighter+0x1E8
2026-07-28T23:59:31Z,218,97584,P1-C1,Viewtiful Joe,2454108608,17,426,assist attack,live_attack_actor_latched,LAST ATTACK ACTOR,True,READY,,9,"Mid, Light Hit",9,0,,False,[],[9],0,[],262418,"Initial actor phase, Special chip route B, one-eighth damage, Spawned-attack core flag (correlated), Target-acquired / contact-lock state (correlated)",spawned-attack core; target-acquired/contact-lock; initial actor phase; special chip route,0,0,4096,2444319996,0,0,,,,False,,False,,False,,False,,,False,,False,False,NO_PROPERTY_COMMAND,fighter+0x1E8
2026-07-28T23:59:37Z,219,97588,P1-C2,Joe the Condor,2461448704,27,266,j.B,move_definition,CURRENT MOVE,True,READY,,18,"High, Medium Hit",18,0,,False,[],[402653186],1,[],64,Standard-strike baseline,standard-strike baseline,0,0,0,0,0,0,,,,False,,False,,False,,False,,,False,,False,False,OK,fighter+0x1E8
2026-07-28T23:59:49Z,220,97612,P1-C1,Viewtiful Joe,2454108608,17,426,assist attack,live_attack_actor,LIVE ATTACK ACTOR,True,READY,,9,"Mid, Light Hit",9,0,,False,[],[9],0,[],262418,"Initial actor phase, Special chip route B, one-eighth damage, Spawned-attack core flag (correlated), Target-acquired / contact-lock state (correlated)",spawned-attack core; target-acquired/contact-lock; initial actor phase; special chip route,0,0,4096,2444320836,426,4,P1-C1:91B16044:91A6F740:01AA:E4,,,False,,False,,False,,False,,,False,,False,False,NO_PROPERTY_COMMAND,fighter+0x1E8
2026-07-28T23:59:53Z,221,97620,P1-C1,Viewtiful Joe,2454108608,17,430,assist standby,cleanup_actor,LIVE ATTACK ACTOR,True,READY,,9,"Mid, Light Hit",9,0,,False,[],[9],0,[],64,Standard-strike baseline,standard-strike baseline,0,0,0,2444319996,430,2,P1-C1:91B15CFC:91A6F740:01AE:E2,,,False,,False,,False,,False,,,False,,False,True,RETRY_PENDING,fighter+0x1E8
2026-07-29T00:00:02Z,222,97643,P1-C2,Joe the Condor,2461448704,27,311,Battering Ram B,move_definition,CURRENT MOVE,True,READY,,12,"Mid, Heavy Hit",12,2048,"No guard category, No strength tier, Stagger 0x00000800",False,[2048],[2052],1,[],262208,"Standard-strike baseline, Special chip route B, one-eighth damage",standard-strike baseline; special chip route,0,0,0,0,0,0,,,,False,,False,,False,,False,,,False,,False,False,OK,fighter+0x1E8
2026-07-29T00:00:03Z,223,97646,P1-C2,Joe the Condor,2461448704,27,311,Battering Ram B,move_definition_latched,LAST MOVE,True,READY,,12,"Mid, Heavy Hit",12,2048,"No guard category, No strength tier, Stagger 0x00000800",False,[2048],[2052],1,[],262208,"Standard-strike baseline, Special chip route B, one-eighth damage",standard-strike baseline; special chip route,0,0,0,0,0,0,,,,False,,False,,False,,False,,,False,,False,False,NO_PROPERTY_COMMAND,fighter+0x1E8
2026-07-29T00:00:03Z,224,97647,P1-C1,Viewtiful Joe,2454108608,17,426,assist attack,live_attack_actor,LIVE ATTACK ACTOR,True,READY,,9,"Mid, Light Hit",9,0,,False,[],[9],0,[],262418,"Initial actor phase, Special chip route B, one-eighth damage, Spawned-attack core flag (correlated), Target-acquired / contact-lock state (correlated)",spawned-attack core; target-acquired/contact-lock; initial actor phase; special chip route,0,0,4096,2444319996,426,3,P1-C1:91B15CFC:91A6F740:01AA:E3,,,False,,False,,False,,False,,,False,,False,False,NO_PROPERTY_COMMAND,fighter+0x1E8
2026-07-29T00:00:06Z,225,97654,P1-C2,Joe the Condor,2461448704,27,307,Savage Shot Ground A,live_attack_actor,LIVE ATTACK ACTOR,True,READY,,12,"Mid, Heavy Hit",12,0,,False,[],[12],0,[],258,"Initial actor phase, Spawned-attack core flag (correlated)",spawned-attack core; initial actor phase,0,0,0,2444319156,307,4,P1-C2:91B159B4:91A6E1FC:0133:E4,,,False,,False,,False,,False,,,False,,False,False,OK,fighter+0x1E8
2026-07-29T00:00:06Z,226,97655,P1-C2,Joe the Condor,2461448704,27,307,Savage Shot Ground A,live_attack_actor,LIVE ATTACK ACTOR,True,READY,,12,"Mid, Heavy Hit",12,0,,False,[],[12],0,[],258,"Initial actor phase, Spawned-attack core flag (correlated)",spawned-attack core; initial actor phase,0,0,0,2444320416,307,1,P1-C2:91B15EA0:91A6CCB8:0133:E1,,,False,,False,,False,,False,,,False,,False,False,OK,snapshot
2026-07-29T00:00:07Z,227,97656,P1-C1,Viewtiful Joe,2454108608,17,430,assist standby,cleanup_actor,LIVE ATTACK ACTOR,True,READY,,9,"Mid, Light Hit",9,0,,False,[],[9],0,[],64,Standard-strike baseline,standard-strike baseline,0,0,0,2444319576,430,1,P1-C1:91B15B58:91A6F740:01AE:E1,,,False,,False,,False,,False,,,False,,False,True,RETRY_PENDING,fighter+0x1E8
2026-07-29T00:00:16Z,228,97679,P1-C2,Joe the Condor,2461448704,27,307,Savage Shot Ground A,live_attack_actor,LIVE ATTACK ACTOR,True,READY,,12,"Mid, Heavy Hit",12,0,,False,[],[12],0,[],258,"Initial actor phase, Spawned-attack core flag (correlated)",spawned-attack core; initial actor phase,0,0,0,2444319156,307,5,P1-C2:91B159B4:91A6E1FC:0133:E5,,,False,,False,,False,,False,,,False,,False,False,OK,fighter+0x1E8
2026-07-29T00:00:16Z,229,97679,P1-C2,Joe the Condor,2461448704,27,307,Savage Shot Ground A,live_attack_actor,LIVE ATTACK ACTOR,True,READY,,12,"Mid, Heavy Hit",12,0,,False,[],[12],0,[],258,"Initial actor phase, Spawned-attack core flag (correlated)",spawned-attack core; initial actor phase,0,0,0,2444319576,307,1,P1-C2:91B15B58:91A6F740:0133:E1,,,False,,False,,False,,False,,,False,,False,False,OK,fighter+0x1E8
2026-07-29T00:00:24Z,230,97697,P1-C2,Joe the Condor,2461448704,27,266,j.B,move_definition_latched,LAST MOVE,True,READY,,18,"High, Medium Hit",18,0,,False,[],[402653186],1,[],64,Standard-strike baseline,standard-strike baseline,0,0,0,0,0,0,,,,False,,False,,False,,False,,,False,,False,False,NO_PROPERTY_COMMAND,fighter+0x1E8
2026-07-29T00:00:38Z,231,97754,P1-C1,Viewtiful Joe,2454108608,17,426,assist attack,live_attack_actor,LIVE ATTACK ACTOR,True,READY,,9,"Mid, Light Hit",9,0,,False,[],[9],0,[],262418,"Initial actor phase, Special chip route B, one-eighth damage, Spawned-attack core flag (correlated), Target-acquired / contact-lock state (correlated)",spawned-attack core; target-acquired/contact-lock; initial actor phase; special chip route,0,0,4096,2444319156,426,2,P1-C1:91B159B4:91A6E1FC:01AA:E2,,,False,,False,,False,,False,,,False,,False,False,NO_PROPERTY_COMMAND,fighter+0x1E8
2026-07-29T00:00:56Z,232,97812,P1-C1,Viewtiful Joe,2454108608,17,426,assist attack,live_attack_actor,LIVE ATTACK ACTOR,True,READY,,9,"Mid, Light Hit",9,0,,False,[],[9],0,[],262418,"Initial actor phase, Special chip route B, one-eighth damage, Spawned-attack core flag (correlated), Target-acquired / contact-lock state (correlated)",spawned-attack core; target-acquired/contact-lock; initial actor phase; special chip route,0,0,4096,2444320416,426,1,P1-C1:91B15EA0:91A6E1FC:01AA:E1,,,False,,False,,False,,False,,,False,,False,False,RETRY_PENDING,fighter+0x1E8
2026-07-29T00:01:00Z,233,97819,P1-C1,Viewtiful Joe,2454108608,17,426,assist attack,live_attack_actor_latched,LAST ATTACK ACTOR,True,READY,,9,"Mid, Light Hit",9,0,,False,[],[9],0,[],262418,"Initial actor phase, Special chip route B, one-eighth damage, Spawned-attack core flag (correlated), Target-acquired / contact-lock state (correlated)",spawned-attack core; target-acquired/contact-lock; initial actor phase; special chip route,0,0,4096,2444320416,0,0,,,,False,,False,,False,,False,,,False,,False,False,NO_PROPERTY_COMMAND,fighter+0x1E8
2026-07-29T00:01:13Z,234,97856,P1-C1,Viewtiful Joe,2454108608,17,304,Voomerang A,cleanup_actor,LIVE ATTACK ACTOR,True,READY,,9,"Mid, Light Hit",9,0,,False,[],[9],0,[],64,Standard-strike baseline,standard-strike baseline,0,0,0,2444319156,304,1,P1-C1:91B159B4:91A6E1FC:0130:E1,,,False,,False,,False,,False,,,False,,False,True,NO_PROPERTY_COMMAND,fighter+0x1E8
2026-07-29T00:01:13Z,235,97856,P1-C1,Viewtiful Joe,2454108608,17,304,Voomerang A,cleanup_actor,LIVE ATTACK ACTOR,True,READY,,9,"Mid, Light Hit",9,0,,False,[],[9],0,[],64,Standard-strike baseline,standard-strike baseline,0,0,0,2444319156,0,0,,,,False,,False,,False,,False,,,False,,False,True,NO_PROPERTY_COMMAND,fighter+0x1E8
2026-07-29T00:01:21Z,236,97882,P1-C2,Joe the Condor,2461448704,27,426,assist attack,live_attack_actor,LIVE ATTACK ACTOR,True,READY,,12,"Mid, Heavy Hit",12,0,,False,[],[12],0,[],258,"Initial actor phase, Spawned-attack core flag (correlated)",spawned-attack core; initial actor phase,0,0,0,2444319156,426,1,P1-C2:91B159B4:91A6E1FC:01AA:E1,,,False,,False,,False,,False,,,False,,False,False,NO_PROPERTY_COMMAND,fighter+0x1E8
2026-07-29T00:01:21Z,237,97882,P1-C2,Joe the Condor,2461448704,27,426,assist attack,live_attack_actor,LIVE ATTACK ACTOR,True,READY,,12,"Mid, Heavy Hit",12,0,,False,[],[12],0,[],258,"Initial actor phase, Spawned-attack core flag (correlated)",spawned-attack core; initial actor phase,0,0,0,2444320836,426,2,P1-C2:91B16044:91A70C84:01AA:E2,,,False,,False,,False,,False,,,False,,False,False,NO_PROPERTY_COMMAND,fighter+0x1E8
2026-07-29T00:01:23Z,238,97885,P1-C1,Viewtiful Joe,2454108608,17,307,Shocking Pink A,live_attack_actor,LIVE ATTACK ACTOR,True,READY,,9,"Mid, Light Hit",9,0,,False,[],[9],0,[],262418,"Initial actor phase, Special chip route B, one-eighth damage, Spawned-attack core flag (correlated), Target-acquired / contact-lock state (correlated)",spawned-attack core; target-acquired/contact-lock; initial actor phase; special chip route,0,0,4096,2444320836,307,1,P1-C1:91B16044:91A70C84:0133:E1,,,False,,False,,False,,False,,,False,,False,False,NO_PROPERTY_COMMAND,fighter+0x1E8
2026-07-29T00:01:23Z,239,97885,P1-C1,Viewtiful Joe,2454108608,17,307,Shocking Pink A,live_attack_actor,LIVE ATTACK ACTOR,True,READY,,9,"Mid, Light Hit",9,0,,False,[],[9],0,[],262418,"Initial actor phase, Special chip route B, one-eighth damage, Spawned-attack core flag (correlated), Target-acquired / contact-lock state (correlated)",spawned-attack core; target-acquired/contact-lock; initial actor phase; special chip route,0,0,4096,2444320836,0,0,,,,False,,False,,False,,False,,,False,,False,False,NO_PROPERTY_COMMAND,fighter+0x1E8
2026-07-29T00:01:24Z,240,97888,P1-C1,Viewtiful Joe,2454108608,17,1,Spiral Knockdown,cleanup_actor,LIVE ATTACK ACTOR,True,READY,,9,"Mid, Light Hit",9,0,,False,[],[9],0,[],64,Standard-strike baseline,standard-strike baseline,0,0,0,2444319576,1,1,P1-C1:91B15B58:91A70C84:0001:E1,,,False,,False,,False,,False,,,False,,False,True,NO_PROPERTY_COMMAND,fighter+0x1E8
2026-07-29T00:01:24Z,241,97888,P1-C1,Viewtiful Joe,2454108608,17,1,Spiral Knockdown,cleanup_actor,LIVE ATTACK ACTOR,True,READY,,9,"Mid, Light Hit",9,0,,False,[],[9],0,[],64,Standard-strike baseline,standard-strike baseline,0,0,0,2444319576,0,0,,,,False,,False,,False,,False,,,False,,False,True,NO_PROPERTY_COMMAND,fighter+0x1E8
2026-07-29T00:01:37Z,242,97940,P1-C2,Joe the Condor,2461448704,27,426,assist attack,live_attack_actor,LIVE ATTACK ACTOR,True,READY,,12,"Mid, Heavy Hit",12,0,,False,[],[12],0,[],258,"Initial actor phase, Spawned-attack core flag (correlated)",spawned-attack core; initial actor phase,0,0,0,2444319576,426,1,P1-C2:91B15B58:91A70C84:01AA:E1,,,False,,False,,False,,False,,,False,,False,False,RETRY_PENDING,fighter+0x1E8
2026-07-29T00:01:37Z,243,97940,P1-C2,Joe the Condor,2461448704,27,426,assist attack,live_attack_actor,LIVE ATTACK ACTOR,True,READY,,12,"Mid, Heavy Hit",12,0,,False,[],[12],0,[],258,"Initial actor phase, Spawned-attack core flag (correlated)",spawned-attack core; initial actor phase,0,0,0,2444320836,426,3,P1-C2:91B16044:91A6F740:01AA:E3,,,False,,False,,False,,False,,,False,,False,False,RETRY_PENDING,fighter+0x1E8
2026-07-29T00:01:37Z,244,97940,P1-C2,Joe the Condor,2461448704,27,426,assist attack,live_attack_actor,LIVE ATTACK ACTOR,True,READY,,12,"Mid, Heavy Hit",12,0,,False,[],[12],0,[],258,"Initial actor phase, Spawned-attack core flag (correlated)",spawned-attack core; initial actor phase,0,0,0,2444319576,0,0,,,,False,,False,,False,,False,,,False,,False,False,RETRY_PENDING,fighter+0x1E8
2026-07-29T00:01:37Z,245,97941,P1-C2,Joe the Condor,2461448704,27,426,assist attack,live_attack_actor,LIVE ATTACK ACTOR,True,READY,,12,"Mid, Heavy Hit",12,0,,False,[],[12],0,[],258,"Initial actor phase, Spawned-attack core flag (correlated)",spawned-attack core; initial actor phase,0,0,0,2444319156,426,2,P1-C2:91B159B4:91A6E1FC:01AA:E2,,,False,,False,,False,,False,,,False,,False,False,RETRY_PENDING,fighter+0x1E8
2026-07-29T00:01:44Z,246,97949,P1-C2,Joe the Condor,2461448704,27,426,assist attack,live_attack_actor,LIVE ATTACK ACTOR,True,READY,,12,"Mid, Heavy Hit",12,0,,False,[],[12],0,[],258,"Initial actor phase, Spawned-attack core flag (correlated)",spawned-attack core; initial actor phase,0,0,0,2444319156,426,3,P1-C2:91B159B4:91A6E1FC:01AA:E3,,,False,,False,,False,,False,,,False,,False,False,NO_PROPERTY_COMMAND,fighter+0x1E8
2026-07-29T00:01:44Z,247,97949,P1-C2,Joe the Condor,2461448704,27,426,assist attack,live_attack_actor,LIVE ATTACK ACTOR,True,READY,,12,"Mid, Heavy Hit",12,0,,False,[],[12],0,[],258,"Initial actor phase, Spawned-attack core flag (correlated)",spawned-attack core; initial actor phase,0,0,0,2444320416,426,2,P1-C2:91B15EA0:91A6CCB8:01AA:E2,,,False,,False,,False,,False,,,False,,False,False,NO_PROPERTY_COMMAND,fighter+0x1E8
2026-07-29T00:01:44Z,248,97950,P1-C2,Joe the Condor,2461448704,27,426,assist attack,live_attack_actor,LIVE ATTACK ACTOR,True,READY,,12,"Mid, Heavy Hit",12,0,,False,[],[12],0,[],258,"Initial actor phase, Spawned-attack core flag (correlated)",spawned-attack core; initial actor phase,0,0,0,2444319576,426,2,P1-C2:91B15B58:91A70C84:01AA:E2,,,False,,False,,False,,False,,,False,,False,False,NO_PROPERTY_COMMAND,fighter+0x1E8
2026-07-29T00:01:51Z,249,97970,P1-C2,Joe the Condor,2461448704,27,426,assist attack,live_attack_actor,LIVE ATTACK ACTOR,True,READY,,12,"Mid, Heavy Hit",12,0,,False,[],[12],0,[],258,"Initial actor phase, Spawned-attack core flag (correlated)",spawned-attack core; initial actor phase,0,0,0,2444319576,426,3,P1-C2:91B15B58:91A70C84:01AA:E3,,,False,,False,,False,,False,,,False,,False,False,RETRY_PENDING,fighter+0x1E8
2026-07-29T00:01:51Z,250,97970,P1-C2,Joe the Condor,2461448704,27,426,assist attack,live_attack_actor,LIVE ATTACK ACTOR,True,READY,,12,"Mid, Heavy Hit",12,0,,False,[],[12],0,[],258,"Initial actor phase, Spawned-attack core flag (correlated)",spawned-attack core; initial actor phase,0,0,0,2444320836,426,4,P1-C2:91B16044:91A6F740:01AA:E4,,,False,,False,,False,,False,,,False,,False,False,RETRY_PENDING,fighter+0x1E8
2026-07-29T00:01:52Z,251,97971,P1-C2,Joe the Condor,2461448704,27,426,assist attack,live_attack_actor,LIVE ATTACK ACTOR,True,READY,,12,"Mid, Heavy Hit",12,0,,False,[],[12],0,[],258,"Initial actor phase, Spawned-attack core flag (correlated)",spawned-attack core; initial actor phase,0,0,0,2444319156,426,4,P1-C2:91B159B4:91A6E1FC:01AA:E4,,,False,,False,,False,,False,,,False,,False,False,RETRY_PENDING,fighter+0x1E8
2026-07-29T00:02:03Z,252,97996,P1-C2,Joe the Condor,2461448704,27,426,assist attack,live_attack_actor,LIVE ATTACK ACTOR,True,READY,,12,"Mid, Heavy Hit",12,0,,False,[],[12],0,[],258,"Initial actor phase, Spawned-attack core flag (correlated)",spawned-attack core; initial actor phase,0,0,0,2444319156,426,5,P1-C2:91B159B4:91A6E1FC:01AA:E5,,,False,,False,,False,,False,,,False,,False,False,RETRY_PENDING,fighter+0x1E8
2026-07-29T00:02:03Z,253,97997,P1-C2,Joe the Condor,2461448704,27,426,assist attack,live_attack_actor,LIVE ATTACK ACTOR,True,READY,,12,"Mid, Heavy Hit",12,0,,False,[],[12],0,[],258,"Initial actor phase, Spawned-attack core flag (correlated)",spawned-attack core; initial actor phase,0,0,0,2444319576,426,4,P1-C2:91B15B58:91A70C84:01AA:E4,,,False,,False,,False,,False,,,False,,False,False,RETRY_PENDING,fighter+0x1E8
2026-07-29T00:02:09Z,254,98009,P1-C1,Viewtiful Joe,2454108608,17,307,Shocking Pink A,live_attack_actor,LIVE ATTACK ACTOR,True,READY,,9,"Mid, Light Hit",9,0,,False,[],[9],0,[],262418,"Initial actor phase, Special chip route B, one-eighth damage, Spawned-attack core flag (correlated), Target-acquired / contact-lock state (correlated)",spawned-attack core; target-acquired/contact-lock; initial actor phase; special chip route,0,0,4096,2444319576,307,1,P1-C1:91B15B58:91A70C84:0133:E1,,,False,,False,,False,,False,,,False,,False,False,NO_PROPERTY_COMMAND,fighter+0x1E8
2026-07-29T00:02:09Z,255,98009,P1-C1,Viewtiful Joe,2454108608,17,307,Shocking Pink A,live_attack_actor,LIVE ATTACK ACTOR,True,READY,,9,"Mid, Light Hit",9,0,,False,[],[9],0,[],262418,"Initial actor phase, Special chip route B, one-eighth damage, Spawned-attack core flag (correlated), Target-acquired / contact-lock state (correlated)",spawned-attack core; target-acquired/contact-lock; initial actor phase; special chip route,0,0,4096,2444319576,0,0,,,,False,,False,,False,,False,,,False,,False,False,NO_PROPERTY_COMMAND,fighter+0x1E8
2026-07-29T00:02:11Z,256,98012,P1-C1,Viewtiful Joe,2454108608,17,2,Spawned Actor 0002,live_attack_actor,LIVE ATTACK ACTOR,True,READY,,780,"Mid, Heavy Hit, Spiral knockdown 0x00000300",12,768,"No guard category, No strength tier, Spiral knockdown 0x00000300",False,[768],[780],0,[],262418,"Initial actor phase, Special chip route B, one-eighth damage, Spawned-attack core flag (correlated), Target-acquired / contact-lock state (correlated)",spawned-attack core; target-acquired/contact-lock; initial actor phase; special chip route,0,0,0,2444320836,2,1,P1-C1:91B16044:91A70C84:0002:E1,,,False,,False,,False,,False,,,False,,False,False,NO_PROPERTY_COMMAND,fighter+0x1E8
2026-07-29T00:02:11Z,257,98012,P1-C1,Viewtiful Joe,2454108608,17,2,Spawned Actor 0002,live_attack_actor,LIVE ATTACK ACTOR,True,READY,,780,"Mid, Heavy Hit, Spiral knockdown 0x00000300",12,768,"No guard category, No strength tier, Spiral knockdown 0x00000300",False,[768],[780],0,[],262418,"Initial actor phase, Special chip route B, one-eighth damage, Spawned-attack core flag (correlated), Target-acquired / contact-lock state (correlated)",spawned-attack core; target-acquired/contact-lock; initial actor phase; special chip route,0,0,0,2444320836,0,0,,,,False,,False,,False,,False,,,False,,False,False,NO_PROPERTY_COMMAND,fighter+0x1E8
2026-07-29T00:02:11Z,258,98013,P1-C1,Viewtiful Joe,2454108608,17,2,Spawned Actor 0002,live_attack_actor_latched,LAST ATTACK ACTOR,True,READY,,780,"Mid, Heavy Hit, Spiral knockdown 0x00000300",12,768,"No guard category, No strength tier, Spiral knockdown 0x00000300",False,[768],[780],0,[],262418,"Initial actor phase, Special chip route B, one-eighth damage, Spawned-attack core flag (correlated), Target-acquired / contact-lock state (correlated)",spawned-attack core; target-acquired/contact-lock; initial actor phase; special chip route,0,0,0,2444320836,0,0,,,,False,,False,,False,,False,,,False,,False,False,NO_PROPERTY_COMMAND,fighter+0x1E8
2026-07-29T00:02:11Z,259,98013,P1-C2,Joe the Condor,2461448704,27,426,assist attack,live_attack_actor,LIVE ATTACK ACTOR,True,READY,,16396,"Mid, Heavy Hit, OTG enabled 0x00004000",12,16384,"No guard category, No strength tier, OTG enabled 0x00004000",False,[16384],[16396],0,[],258,"Initial actor phase, Spawned-attack core flag (correlated)",spawned-attack core; initial actor phase,0,0,0,2444319156,426,6,P1-C2:91B159B4:91A6E1FC:01AA:E6,,,False,,False,,False,,False,,,False,,False,False,NO_PROPERTY_COMMAND,fighter+0x1E8
2026-07-29T00:02:11Z,260,98013,P1-C2,Joe the Condor,2461448704,27,426,assist attack,live_attack_actor,LIVE ATTACK ACTOR,True,READY,,16396,"Mid, Heavy Hit, OTG enabled 0x00004000",12,16384,"No guard category, No strength tier, OTG enabled 0x00004000",False,[16384],[16396],0,[],258,"Initial actor phase, Spawned-attack core flag (correlated)",spawned-attack core; initial actor phase,0,0,0,2444320836,426,3,P1-C2:91B16044:91A70C84:01AA:E3,,,False,,False,,False,,False,,,False,,False,False,NO_PROPERTY_COMMAND,fighter+0x1E8
2026-07-29T00:02:11Z,261,98013,P1-C2,Joe the Condor,2461448704,27,426,assist attack,live_attack_actor,LIVE ATTACK ACTOR,True,READY,,16396,"Mid, Heavy Hit, OTG enabled 0x00004000",12,16384,"No guard category, No strength tier, OTG enabled 0x00004000",False,[16384],[16396],0,[],258,"Initial actor phase, Spawned-attack core flag (correlated)",spawned-attack core; initial actor phase,0,0,0,2444319156,0,0,,,,False,,False,,False,,False,,,False,,False,False,NO_PROPERTY_COMMAND,fighter+0x1E8
2026-07-29T00:02:12Z,262,98015,P1-C2,Joe the Condor,2461448704,27,426,assist attack,live_attack_actor_latched,LAST ATTACK ACTOR,True,READY,,16396,"Mid, Heavy Hit, OTG enabled 0x00004000",12,16384,"No guard category, No strength tier, OTG enabled 0x00004000",False,[16384],[16396],0,[],258,"Initial actor phase, Spawned-attack core flag (correlated)",spawned-attack core; initial actor phase,0,0,0,2444319156,0,0,,,,False,,False,,False,,False,,,False,,False,False,NO_PROPERTY_COMMAND,fighter+0x1E8
2026-07-29T00:02:13Z,263,98017,P1-C1,Viewtiful Joe,2454108608,17,304,Voomerang A,cleanup_actor,LIVE ATTACK ACTOR,True,READY,,9,"Mid, Light Hit",9,0,,False,[],[9],0,[],64,Standard-strike baseline,standard-strike baseline,0,0,0,2444319156,304,2,P1-C1:91B159B4:91A6E1FC:0130:E2,,,False,,False,,False,,False,,,False,,False,True,NO_PROPERTY_COMMAND,fighter+0x1E8
2026-07-29T00:02:21Z,264,98038,P1-C2,Joe the Condor,2461448704,27,426,assist attack,live_attack_actor,LIVE ATTACK ACTOR,True,READY,,12,"Mid, Heavy Hit",12,0,,False,[],[12],0,[],258,"Initial actor phase, Spawned-attack core flag (correlated)",spawned-attack core; initial actor phase,0,0,0,2444319156,426,7,P1-C2:91B159B4:91A6E1FC:01AA:E7,,,False,,False,,False,,False,,,False,,False,False,NO_PROPERTY_COMMAND,fighter+0x1E8
2026-07-29T00:02:21Z,265,98038,P1-C2,Joe the Condor,2461448704,27,426,assist attack,live_attack_actor,LIVE ATTACK ACTOR,True,READY,,12,"Mid, Heavy Hit",12,0,,False,[],[12],0,[],258,"Initial actor phase, Spawned-attack core flag (correlated)",spawned-attack core; initial actor phase,0,0,0,2444320836,426,4,P1-C2:91B16044:91A70C84:01AA:E4,,,False,,False,,False,,False,,,False,,False,False,NO_PROPERTY_COMMAND,fighter+0x1E8
2026-07-29T00:02:21Z,266,98038,P1-C2,Joe the Condor,2461448704,27,426,assist attack,live_attack_actor,LIVE ATTACK ACTOR,True,READY,,12,"Mid, Heavy Hit",12,0,,False,[],[12],0,[],258,"Initial actor phase, Spawned-attack core flag (correlated)",spawned-attack core; initial actor phase,0,0,0,2444319156,0,0,,,,False,,False,,False,,False,,,False,,False,False,NO_PROPERTY_COMMAND,fighter+0x1E8
2026-07-29T00:02:21Z,267,98039,P1-C2,Joe the Condor,2461448704,27,426,assist attack,live_attack_actor,LIVE ATTACK ACTOR,True,READY,,12,"Mid, Heavy Hit",12,0,,False,[],[12],0,[],258,"Initial actor phase, Spawned-attack core flag (correlated)",spawned-attack core; initial actor phase,0,0,0,2444319576,426,1,P1-C2:91B15B58:91A6F740:01AA:E1,,,False,,False,,False,,False,,,False,,False,False,NO_PROPERTY_COMMAND,fighter+0x1E8
2026-07-29T00:02:22Z,268,98040,P1-C2,Joe the Condor,2461448704,27,426,assist attack,live_attack_actor_latched,LAST ATTACK ACTOR,True,READY,,12,"Mid, Heavy Hit",12,0,,False,[],[12],0,[],258,"Initial actor phase, Spawned-attack core flag (correlated)",spawned-attack core; initial actor phase,0,0,0,2444319576,0,0,,,,False,,False,,False,,False,,,False,,False,False,NO_PROPERTY_COMMAND,fighter+0x1E8
2026-07-29T00:02:22Z,269,98041,P1-C1,Viewtiful Joe,2454108608,17,308,Shocking Pink B,live_attack_actor,LIVE ATTACK ACTOR,True,READY,,9,"Mid, Light Hit",9,0,,False,[],[9],0,[],262418,"Initial actor phase, Special chip route B, one-eighth damage, Spawned-attack core flag (correlated), Target-acquired / contact-lock state (correlated)",spawned-attack core; target-acquired/contact-lock; initial actor phase; special chip route,0,0,4096,2444320836,308,1,P1-C1:91B16044:91A70C84:0134:E1,,,False,,False,,False,,False,,,False,,False,False,NO_PROPERTY_COMMAND,fighter+0x1E8
2026-07-29T00:02:22Z,270,98041,P1-C1,Viewtiful Joe,2454108608,17,308,Shocking Pink B,live_attack_actor,LIVE ATTACK ACTOR,True,READY,,9,"Mid, Light Hit",9,0,,False,[],[9],0,[],262418,"Initial actor phase, Special chip route B, one-eighth damage, Spawned-attack core flag (correlated), Target-acquired / contact-lock state (correlated)",spawned-attack core; target-acquired/contact-lock; initial actor phase; special chip route,0,0,4096,2444320836,0,0,,,,False,,False,,False,,False,,,False,,False,False,NO_PROPERTY_COMMAND,fighter+0x1E8
2026-07-29T00:02:25Z,271,98047,P1-C1,Viewtiful Joe,2454108608,17,308,Shocking Pink B,live_attack_actor_latched,LAST ATTACK ACTOR,True,READY,,9,"Mid, Light Hit",9,0,,False,[],[9],0,[],262418,"Initial actor phase, Special chip route B, one-eighth damage, Spawned-attack core flag (correlated), Target-acquired / contact-lock state (correlated)",spawned-attack core; target-acquired/contact-lock; initial actor phase; special chip route,0,0,4096,2444320836,0,0,,,,False,,False,,False,,False,,,False,,False,False,NO_PROPERTY_COMMAND,fighter+0x1E8
2026-07-29T00:02:38Z,272,98103,P1-C2,Joe the Condor,2461448704,27,426,assist attack,live_attack_actor,LIVE ATTACK ACTOR,True,READY,,12,"Mid, Heavy Hit",12,0,,False,[],[12],0,[],258,"Initial actor phase, Spawned-attack core flag (correlated)",spawned-attack core; initial actor phase,0,0,0,2444319576,426,5,P1-C2:91B15B58:91A70C84:01AA:E5,,,False,,False,,False,,False,,,False,,False,False,RETRY_PENDING,fighter+0x1E8
2026-07-29T00:02:38Z,273,98104,P1-C2,Joe the Condor,2461448704,27,426,assist attack,live_attack_actor,LIVE ATTACK ACTOR,True,READY,,12,"Mid, Heavy Hit",12,0,,False,[],[12],0,[],258,"Initial actor phase, Spawned-attack core flag (correlated)",spawned-attack core; initial actor phase,0,0,0,2444319156,426,8,P1-C2:91B159B4:91A6E1FC:01AA:E8,,,False,,False,,False,,False,,,False,,False,False,RETRY_PENDING,fighter+0x1E8
2026-07-29T00:02:39Z,274,98105,P1-C2,Joe the Condor,2461448704,27,426,assist attack,live_attack_actor,LIVE ATTACK ACTOR,True,READY,,12,"Mid, Heavy Hit",12,0,,False,[],[12],0,[],258,"Initial actor phase, Spawned-attack core flag (correlated)",spawned-attack core; initial actor phase,0,0,0,2444320836,426,5,P1-C2:91B16044:91A6F740:01AA:E5,,,False,,False,,False,,False,,,False,,False,False,NO_PROPERTY_COMMAND,fighter+0x1E8
2026-07-29T00:02:39Z,275,98106,P1-C2,Joe the Condor,2461448704,27,426,assist attack,live_attack_actor_latched,LAST ATTACK ACTOR,True,READY,,12,"Mid, Heavy Hit",12,0,,False,[],[12],0,[],258,"Initial actor phase, Spawned-attack core flag (correlated)",spawned-attack core; initial actor phase,0,0,0,2444319156,0,0,,,,False,,False,,False,,False,,,False,,False,False,NO_PROPERTY_COMMAND,fighter+0x1E8
2026-07-29T00:02:44Z,276,98116,P1-C1,Viewtiful Joe,2454108608,17,304,Voomerang A,cleanup_actor,LIVE ATTACK ACTOR,True,READY,,9,"Mid, Light Hit",9,0,,False,[],[9],0,[],64,Standard-strike baseline,standard-strike baseline,0,0,0,2444319156,304,3,P1-C1:91B159B4:91A6E1FC:0130:E3,,,False,,False,,False,,False,,,False,,False,True,NO_PROPERTY_COMMAND,fighter+0x1E8
2026-07-29T00:02:53Z,277,98135,P1-C2,Joe the Condor,2461448704,27,426,assist attack,live_attack_actor,LIVE ATTACK ACTOR,True,READY,,12,"Mid, Heavy Hit",12,0,,False,[],[12],0,[],258,"Initial actor phase, Spawned-attack core flag (correlated)",spawned-attack core; initial actor phase,0,0,0,2444319156,426,9,P1-C2:91B159B4:91A6E1FC:01AA:E9,,,False,,False,,False,,False,,,False,,False,False,RETRY_PENDING,fighter+0x1E8
2026-07-29T00:02:53Z,278,98135,P1-C2,Joe the Condor,2461448704,27,426,assist attack,live_attack_actor,LIVE ATTACK ACTOR,True,READY,,12,"Mid, Heavy Hit",12,0,,False,[],[12],0,[],258,"Initial actor phase, Spawned-attack core flag (correlated)",spawned-attack core; initial actor phase,0,0,0,2444320416,426,3,P1-C2:91B15EA0:91A6CCB8:01AA:E3,,,False,,False,,False,,False,,,False,,False,False,RETRY_PENDING,fighter+0x1E8
2026-07-29T00:02:54Z,279,98136,P1-C2,Joe the Condor,2461448704,27,426,assist attack,live_attack_actor,LIVE ATTACK ACTOR,True,READY,,12,"Mid, Heavy Hit",12,0,,False,[],[12],0,[],258,"Initial actor phase, Spawned-attack core flag (correlated)",spawned-attack core; initial actor phase,0,0,0,2444319576,426,6,P1-C2:91B15B58:91A70C84:01AA:E6,,,False,,False,,False,,False,,,False,,False,False,NO_PROPERTY_COMMAND,fighter+0x1E8
2026-07-29T00:02:56Z,280,98141,P1-C1,Viewtiful Joe,2454108608,17,307,Shocking Pink A,live_attack_actor,LIVE ATTACK ACTOR,True,READY,,9,"Mid, Light Hit",9,0,,False,[],[9],0,[],262418,"Initial actor phase, Special chip route B, one-eighth damage, Spawned-attack core flag (correlated), Target-acquired / contact-lock state (correlated)",spawned-attack core; target-acquired/contact-lock; initial actor phase; special chip route,0,0,4096,2444319576,307,2,P1-C1:91B15B58:91A70C84:0133:E2,,,False,,False,,False,,False,,,False,,False,False,NO_PROPERTY_COMMAND,fighter+0x1E8
2026-07-29T00:02:57Z,281,98144,P1-C1,Viewtiful Joe,2454108608,17,307,Shocking Pink A,live_attack_actor_latched,LAST ATTACK ACTOR,True,READY,,9,"Mid, Light Hit",9,0,,False,[],[9],0,[],262418,"Initial actor phase, Special chip route B, one-eighth damage, Spawned-attack core flag (correlated), Target-acquired / contact-lock state (correlated)",spawned-attack core; target-acquired/contact-lock; initial actor phase; special chip route,0,0,4096,2444319576,0,0,,,,False,,False,,False,,False,,,False,,False,False,NO_PROPERTY_COMMAND,fighter+0x1E8
2026-07-29T00:03:01Z,282,98155,P1-C1,Viewtiful Joe,2454108608,17,307,Shocking Pink A,live_attack_actor,LIVE ATTACK ACTOR,True,READY,,9,"Mid, Light Hit",9,0,,False,[],[9],0,[],262418,"Initial actor phase, Special chip route B, one-eighth damage, Spawned-attack core flag (correlated), Target-acquired / contact-lock state (correlated)",spawned-attack core; target-acquired/contact-lock; initial actor phase; special chip route,0,0,4096,2444320836,307,2,P1-C1:91B16044:91A70C84:0133:E2,,,False,,False,,False,,False,,,False,,False,False,NO_PROPERTY_COMMAND,fighter+0x1E8
2026-07-29T00:03:01Z,283,98155,P1-C2,Joe the Condor,2461448704,27,426,assist attack,live_attack_actor,LIVE ATTACK ACTOR,True,READY,,12,"Mid, Heavy Hit",12,0,,False,[],[12],0,[],258,"Initial actor phase, Spawned-attack core flag (correlated)",spawned-attack core; initial actor phase,0,0,0,2444319576,426,2,P1-C2:91B15B58:91A6F740:01AA:E2,,,False,,False,,False,,False,,,False,,False,False,NO_PROPERTY_COMMAND,fighter+0x1E8
2026-07-29T00:03:02Z,284,98156,P1-C2,Joe the Condor,2461448704,27,426,assist attack,live_attack_actor,LIVE ATTACK ACTOR,True,READY,,12,"Mid, Heavy Hit",12,0,,False,[],[12],0,[],258,"Initial actor phase, Spawned-attack core flag (correlated)",spawned-attack core; initial actor phase,0,0,0,2444319996,426,1,P1-C2:91B15CFC:91A6B774:01AA:E1,,,False,,False,,False,,False,,,False,,False,False,RETRY_PENDING,fighter+0x1E8
2026-07-29T00:03:03Z,285,98158,P1-C1,Viewtiful Joe,2454108608,17,307,Shocking Pink A,live_attack_actor_latched,LAST ATTACK ACTOR,True,READY,,9,"Mid, Light Hit",9,0,,False,[],[9],0,[],262418,"Initial actor phase, Special chip route B, one-eighth damage, Spawned-attack core flag (correlated), Target-acquired / contact-lock state (correlated)",spawned-attack core; target-acquired/contact-lock; initial actor phase; special chip route,0,0,4096,2444320836,0,0,,,,False,,False,,False,,False,,,False,,False,False,NO_PROPERTY_COMMAND,fighter+0x1E8
2026-07-29T00:03:10Z,286,98179,P1-C2,Joe the Condor,2461448704,27,426,assist attack,live_attack_actor,LIVE ATTACK ACTOR,True,READY,,12,"Mid, Heavy Hit",12,0,,False,[],[12],0,[],258,"Initial actor phase, Spawned-attack core flag (correlated)",spawned-attack core; initial actor phase,0,0,0,2444319156,426,10,P1-C2:91B159B4:91A6E1FC:01AA:E10,,,False,,False,,False,,False,,,False,,False,False,RETRY_PENDING,fighter+0x1E8
2026-07-29T00:03:10Z,287,98179,P1-C2,Joe the Condor,2461448704,27,426,assist attack,live_attack_actor,LIVE ATTACK ACTOR,True,READY,,12,"Mid, Heavy Hit",12,0,,False,[],[12],0,[],258,"Initial actor phase, Spawned-attack core flag (correlated)",spawned-attack core; initial actor phase,0,0,0,2444319996,426,1,P1-C2:91B15CFC:91A70C84:01AA:E1,,,False,,False,,False,,False,,,False,,False,False,RETRY_PENDING,fighter+0x1E8
2026-07-29T00:03:10Z,288,98180,P1-C2,Joe the Condor,2461448704,27,426,assist attack,live_attack_actor,LIVE ATTACK ACTOR,True,READY,,12,"Mid, Heavy Hit",12,0,,False,[],[12],0,[],258,"Initial actor phase, Spawned-attack core flag (correlated)",spawned-attack core; initial actor phase,0,0,0,2444320416,426,4,P1-C2:91B15EA0:91A6CCB8:01AA:E4,,,False,,False,,False,,False,,,False,,False,False,NO_PROPERTY_COMMAND,fighter+0x1E8
2026-07-29T00:03:23Z,289,98217,P1-C2,Joe the Condor,2461448704,27,426,assist attack,live_attack_actor,LIVE ATTACK ACTOR,True,READY,,12,"Mid, Heavy Hit",12,0,,False,[],[12],0,[],258,"Initial actor phase, Spawned-attack core flag (correlated)",spawned-attack core; initial actor phase,0,0,0,2444319156,426,11,P1-C2:91B159B4:91A6E1FC:01AA:E11,,,False,,False,,False,,False,,,False,,False,False,RETRY_PENDING,fighter+0x1E8
2026-07-29T00:03:23Z,290,98217,P1-C2,Joe the Condor,2461448704,27,426,assist attack,live_attack_actor,LIVE ATTACK ACTOR,True,READY,,12,"Mid, Heavy Hit",12,0,,False,[],[12],0,[],258,"Initial actor phase, Spawned-attack core flag (correlated)",spawned-attack core; initial actor phase,0,0,0,2444320416,426,5,P1-C2:91B15EA0:91A6CCB8:01AA:E5,,,False,,False,,False,,False,,,False,,False,False,RETRY_PENDING,fighter+0x1E8
2026-07-29T00:03:23Z,291,98218,P1-C2,Joe the Condor,2461448704,27,426,assist attack,live_attack_actor,LIVE ATTACK ACTOR,True,READY,,12,"Mid, Heavy Hit",12,0,,False,[],[12],0,[],258,"Initial actor phase, Spawned-attack core flag (correlated)",spawned-attack core; initial actor phase,0,0,0,2444319996,426,2,P1-C2:91B15CFC:91A70C84:01AA:E2,,,False,,False,,False,,False,,,False,,False,False,RETRY_PENDING,fighter+0x1E8
2026-07-29T00:03:24Z,292,98219,P1-C2,Joe the Condor,2461448704,27,426,assist attack,live_attack_actor,LIVE ATTACK ACTOR,True,READY,,12,"Mid, Heavy Hit",12,0,,False,[],[12],0,[],258,"Initial actor phase, Spawned-attack core flag (correlated)",spawned-attack core; initial actor phase,0,0,0,2444319156,426,12,P1-C2:91B159B4:91A6E1FC:01AA:E12,,,False,,False,,False,,False,,,False,,False,False,NO_PROPERTY_COMMAND,fighter+0x1E8
2026-07-29T00:03:28Z,293,98227,P1-C1,Viewtiful Joe,2454108608,17,307,Shocking Pink A,live_attack_actor,LIVE ATTACK ACTOR,True,READY,,9,"Mid, Light Hit",9,0,,False,[],[9],0,[],262418,"Initial actor phase, Special chip route B, one-eighth damage, Spawned-attack core flag (correlated), Target-acquired / contact-lock state (correlated)",spawned-attack core; target-acquired/contact-lock; initial actor phase; special chip route,0,0,4096,2444319996,307,1,P1-C1:91B15CFC:91A70C84:0133:E1,,,False,,False,,False,,False,,,False,,False,False,NO_PROPERTY_COMMAND,fighter+0x1E8
2026-07-29T00:03:29Z,294,98230,P1-C1,Viewtiful Joe,2454108608,17,307,Shocking Pink A,live_attack_actor_latched,LAST ATTACK ACTOR,True,READY,,9,"Mid, Light Hit",9,0,,False,[],[9],0,[],262418,"Initial actor phase, Special chip route B, one-eighth damage, Spawned-attack core flag (correlated), Target-acquired / contact-lock state (correlated)",spawned-attack core; target-acquired/contact-lock; initial actor phase; special chip route,0,0,4096,2444319996,0,0,,,,False,,False,,False,,False,,,False,,False,False,NO_PROPERTY_COMMAND,fighter+0x1E8
2026-07-29T00:03:35Z,295,98250,P1-C2,Joe the Condor,2461448704,27,426,assist attack,live_attack_actor,LIVE ATTACK ACTOR,True,READY,,12,"Mid, Heavy Hit",12,0,,False,[],[12],0,[],258,"Initial actor phase, Spawned-attack core flag (correlated)",spawned-attack core; initial actor phase,0,0,0,2444320416,426,6,P1-C2:91B15EA0:91A6CCB8:01AA:E6,,,False,,False,,False,,False,,,False,,False,False,RETRY_PENDING,fighter+0x1E8
2026-07-29T00:03:35Z,296,98250,P1-C2,Joe the Condor,2461448704,27,426,assist attack,live_attack_actor,LIVE ATTACK ACTOR,True,READY,,12,"Mid, Heavy Hit",12,0,,False,[],[12],0,[],258,"Initial actor phase, Spawned-attack core flag (correlated)",spawned-attack core; initial actor phase,0,0,0,2444320836,426,5,P1-C2:91B16044:91A70C84:01AA:E5,,,False,,False,,False,,False,,,False,,False,False,RETRY_PENDING,fighter+0x1E8
2026-07-29T00:03:48Z,297,98280,P1-C1,Viewtiful Joe,2454108608,17,304,Voomerang A,cleanup_actor,LIVE ATTACK ACTOR,True,READY,,9,"Mid, Light Hit",9,0,,False,[],[9],0,[],64,Standard-strike baseline,standard-strike baseline,0,0,0,2444320416,304,1,P1-C1:91B15EA0:91A6CCB8:0130:E1,,,False,,False,,False,,False,,,False,,False,True,RETRY_PENDING,fighter+0x1E8
2026-07-29T00:03:48Z,298,98280,P1-C1,Viewtiful Joe,2454108608,17,304,Voomerang A,cleanup_actor,LIVE ATTACK ACTOR,True,READY,,9,"Mid, Light Hit",9,0,,False,[],[9],0,[],64,Standard-strike baseline,standard-strike baseline,0,0,0,2444320416,0,0,,,,False,,False,,False,,False,,,False,,False,True,RETRY_PENDING,fighter+0x1E8
2026-07-29T00:03:50Z,299,98284,P1-C1,Viewtiful Joe,2454108608,17,305,Voomerang B,live_attack_actor,LIVE ATTACK ACTOR,True,READY,,12,"Mid, Heavy Hit",12,0,,False,[],[12],0,[],262402,"Initial actor phase, Special chip route B, one-eighth damage, Spawned-attack core flag (correlated)",spawned-attack core; initial actor phase; special chip route,0,0,0,2444320416,305,1,P1-C1:91B15EA0:91A6CCB8:0131:E1,,,False,,False,,False,,False,,,False,,False,False,NO_PROPERTY_COMMAND,fighter+0x1E8
2026-07-29T00:03:50Z,300,98284,P1-C1,Viewtiful Joe,2454108608,17,305,Voomerang B,live_attack_actor,LIVE ATTACK ACTOR,True,READY,,12,"Mid, Heavy Hit",12,0,,False,[],[12],0,[],262402,"Initial actor phase, Special chip route B, one-eighth damage, Spawned-attack core flag (correlated)",spawned-attack core; initial actor phase; special chip route,0,0,0,2444320416,0,0,,,,False,,False,,False,,False,,,False,,False,False,NO_PROPERTY_COMMAND,fighter+0x1E8
2026-07-29T00:03:51Z,301,98288,P1-C1,Viewtiful Joe,2454108608,17,304,Voomerang A,live_attack_actor,LIVE ATTACK ACTOR,True,READY,,12,"Mid, Heavy Hit",12,0,,False,[],[12],0,[],262402,"Initial actor phase, Special chip route B, one-eighth damage, Spawned-attack core flag (correlated)",spawned-attack core; initial actor phase; special chip route,0,0,0,2444319156,304,4,P1-C1:91B159B4:91A6E1FC:0130:E4,,,False,,False,,False,,False,,,False,,False,False,NO_PROPERTY_COMMAND,fighter+0x1E8
2026-07-29T00:03:51Z,302,98288,P1-C1,Viewtiful Joe,2454108608,17,304,Voomerang A,live_attack_actor,LIVE ATTACK ACTOR,True,READY,,12,"Mid, Heavy Hit",12,0,,False,[],[12],0,[],262402,"Initial actor phase, Special chip route B, one-eighth damage, Spawned-attack core flag (correlated)",spawned-attack core; initial actor phase; special chip route,0,0,0,2444319156,0,0,,,,False,,False,,False,,False,,,False,,False,False,NO_PROPERTY_COMMAND,fighter+0x1E8
2026-07-29T00:03:52Z,303,98291,P1-C1,Viewtiful Joe,2454108608,17,304,Voomerang A,live_attack_actor_latched,LAST ATTACK ACTOR,True,READY,,12,"Mid, Heavy Hit",12,0,,False,[],[12],0,[],262402,"Initial actor phase, Special chip route B, one-eighth damage, Spawned-attack core flag (correlated)",spawned-attack core; initial actor phase; special chip route,0,0,0,2444319156,0,0,,,,False,,False,,False,,False,,,False,,False,False,NO_PROPERTY_COMMAND,fighter+0x1E8
2026-07-29T00:03:53Z,304,98295,P1-C2,Joe the Condor,2461448704,27,426,assist attack,live_attack_actor,LIVE ATTACK ACTOR,True,READY,,12,"Mid, Heavy Hit",12,0,,False,[],[12],0,[],258,"Initial actor phase, Spawned-attack core flag (correlated)",spawned-attack core; initial actor phase,0,0,0,2444319156,426,13,P1-C2:91B159B4:91A6E1FC:01AA:E13,,,False,,False,,False,,False,,,False,,False,False,RETRY_PENDING,fighter+0x1E8
2026-07-29T00:03:53Z,305,98295,P1-C2,Joe the Condor,2461448704,27,426,assist attack,live_attack_actor,LIVE ATTACK ACTOR,True,READY,,12,"Mid, Heavy Hit",12,0,,False,[],[12],0,[],258,"Initial actor phase, Spawned-attack core flag (correlated)",spawned-attack core; initial actor phase,0,0,0,2444320416,426,7,P1-C2:91B15EA0:91A6CCB8:01AA:E7,,,False,,False,,False,,False,,,False,,False,False,RETRY_PENDING,fighter+0x1E8
2026-07-29T00:03:53Z,306,98296,P1-C2,Joe the Condor,2461448704,27,426,assist attack,live_attack_actor,LIVE ATTACK ACTOR,True,READY,,12,"Mid, Heavy Hit",12,0,,False,[],[12],0,[],258,"Initial actor phase, Spawned-attack core flag (correlated)",spawned-attack core; initial actor phase,0,0,0,2444320836,426,6,P1-C2:91B16044:91A70C84:01AA:E6,,,False,,False,,False,,False,,,False,,False,False,RETRY_PENDING,fighter+0x1E8
2026-07-29T00:03:56Z,307,98302,P1-C1,Viewtiful Joe,2454108608,17,304,Voomerang A,live_attack_actor,LIVE ATTACK ACTOR,True,READY,,12,"Mid, Heavy Hit",12,0,,False,[],[12],0,[],262402,"Initial actor phase, Special chip route B, one-eighth damage, Spawned-attack core flag (correlated)",spawned-attack core; initial actor phase; special chip route,0,0,0,2444320836,304,1,P1-C1:91B16044:91A70C84:0130:E1,,,False,,False,,False,,False,,,False,,False,False,NO_PROPERTY_COMMAND,fighter+0x1E8
2026-07-29T00:03:56Z,308,98302,P1-C1,Viewtiful Joe,2454108608,17,304,Voomerang A,live_attack_actor,LIVE ATTACK ACTOR,True,READY,,12,"Mid, Heavy Hit",12,0,,False,[],[12],0,[],262402,"Initial actor phase, Special chip route B, one-eighth damage, Spawned-attack core flag (correlated)",spawned-attack core; initial actor phase; special chip route,0,0,0,2444320836,0,0,,,,False,,False,,False,,False,,,False,,False,False,NO_PROPERTY_COMMAND,fighter+0x1E8
2026-07-29T00:04:01Z,309,98315,P1-C2,Joe the Condor,2461448704,27,426,assist attack,live_attack_actor,LIVE ATTACK ACTOR,True,READY,,12,"Mid, Heavy Hit",12,0,,False,[],[12],0,[],258,"Initial actor phase, Spawned-attack core flag (correlated)",spawned-attack core; initial actor phase,0,0,0,2444319156,426,14,P1-C2:91B159B4:91A6E1FC:01AA:E14,,,False,,False,,False,,False,,,False,,False,False,RETRY_PENDING,fighter+0x1E8
2026-07-29T00:04:01Z,310,98315,P1-C2,Joe the Condor,2461448704,27,426,assist attack,live_attack_actor,LIVE ATTACK ACTOR,True,READY,,12,"Mid, Heavy Hit",12,0,,False,[],[12],0,[],258,"Initial actor phase, Spawned-attack core flag (correlated)",spawned-attack core; initial actor phase,0,0,0,2444320836,426,7,P1-C2:91B16044:91A70C84:01AA:E7,,,False,,False,,False,,False,,,False,,False,False,RETRY_PENDING,fighter+0x1E8
2026-07-29T00:04:06Z,311,98327,P1-C2,Joe the Condor,2461448704,27,426,assist attack,live_attack_actor,LIVE ATTACK ACTOR,True,READY,,12,"Mid, Heavy Hit",12,0,,False,[],[12],0,[],258,"Initial actor phase, Spawned-attack core flag (correlated)",spawned-attack core; initial actor phase,0,0,0,2444319156,426,15,P1-C2:91B159B4:91A6E1FC:01AA:E15,,,False,,False,,False,,False,,,False,,False,False,NO_PROPERTY_COMMAND,fighter+0x1E8
2026-07-29T00:04:06Z,312,98327,P1-C2,Joe the Condor,2461448704,27,426,assist attack,live_attack_actor,LIVE ATTACK ACTOR,True,READY,,12,"Mid, Heavy Hit",12,0,,False,[],[12],0,[],258,"Initial actor phase, Spawned-attack core flag (correlated)",spawned-attack core; initial actor phase,0,0,0,2444320416,426,8,P1-C2:91B15EA0:91A6CCB8:01AA:E8,,,False,,False,,False,,False,,,False,,False,False,NO_PROPERTY_COMMAND,fighter+0x1E8
2026-07-29T00:04:07Z,313,98328,P1-C2,Joe the Condor,2461448704,27,426,assist attack,live_attack_actor,LIVE ATTACK ACTOR,True,READY,,12,"Mid, Heavy Hit",12,0,,False,[],[12],0,[],258,"Initial actor phase, Spawned-attack core flag (correlated)",spawned-attack core; initial actor phase,0,0,0,2444320836,426,8,P1-C2:91B16044:91A70C84:01AA:E8,,,False,,False,,False,,False,,,False,,False,False,NO_PROPERTY_COMMAND,fighter+0x1E8
2026-07-29T00:04:07Z,314,98329,P1-C2,Joe the Condor,2461448704,27,426,assist attack,cleanup_actor,LIVE ATTACK ACTOR,True,READY,,9,"Mid, Light Hit",9,0,,False,[],[9],0,[],64,Standard-strike baseline,standard-strike baseline,0,0,0,2444319996,426,2,P1-C2:91B15CFC:91A6B774:01AA:E2,,,False,,False,,False,,False,,,False,,False,True,NO_PROPERTY_COMMAND,fighter+0x1E8
2026-07-29T00:04:07Z,315,98329,P1-C2,Joe the Condor,2461448704,27,426,assist attack,cleanup_actor,LIVE ATTACK ACTOR,True,READY,,9,"Mid, Light Hit",9,0,,False,[],[9],0,[],64,Standard-strike baseline,standard-strike baseline,0,0,0,2444319996,0,0,,,,False,,False,,False,,False,,,False,,False,True,NO_PROPERTY_COMMAND,fighter+0x1E8
2026-07-29T00:04:10Z,316,98334,P1-C1,Viewtiful Joe,2454108608,17,307,Shocking Pink A,live_attack_actor,LIVE ATTACK ACTOR,True,READY,,9,"Mid, Light Hit",9,0,,False,[],[9],0,[],262418,"Initial actor phase, Special chip route B, one-eighth damage, Spawned-attack core flag (correlated), Target-acquired / contact-lock state (correlated)",spawned-attack core; target-acquired/contact-lock; initial actor phase; special chip route,0,0,4096,2444320836,307,3,P1-C1:91B16044:91A70C84:0133:E3,,,False,,False,,False,,False,,,False,,False,False,NO_PROPERTY_COMMAND,fighter+0x1E8
2026-07-29T00:04:11Z,317,98336,P1-C1,Viewtiful Joe,2454108608,17,3,Spawned Actor 0003,live_attack_actor,LIVE ATTACK ACTOR,True,READY,,780,"Mid, Heavy Hit, Spiral knockdown 0x00000300",12,768,"No guard category, No strength tier, Spiral knockdown 0x00000300",False,[768],[780],0,[],262418,"Initial actor phase, Special chip route B, one-eighth damage, Spawned-attack core flag (correlated), Target-acquired / contact-lock state (correlated)",spawned-attack core; target-acquired/contact-lock; initial actor phase; special chip route,0,0,0,2444319996,3,1,P1-C1:91B15CFC:91A70C84:0003:E1,,,False,,False,,False,,False,,,False,,False,False,NO_PROPERTY_COMMAND,fighter+0x1E8
2026-07-29T00:04:11Z,318,98336,P1-C1,Viewtiful Joe,2454108608,17,3,Spawned Actor 0003,live_attack_actor,LIVE ATTACK ACTOR,True,READY,,780,"Mid, Heavy Hit, Spiral knockdown 0x00000300",12,768,"No guard category, No strength tier, Spiral knockdown 0x00000300",False,[768],[780],0,[],262418,"Initial actor phase, Special chip route B, one-eighth damage, Spawned-attack core flag (correlated), Target-acquired / contact-lock state (correlated)",spawned-attack core; target-acquired/contact-lock; initial actor phase; special chip route,0,0,0,2444319996,0,0,,,,False,,False,,False,,False,,,False,,False,False,NO_PROPERTY_COMMAND,fighter+0x1E8
2026-07-29T00:04:11Z,319,98337,P1-C1,Viewtiful Joe,2454108608,17,3,Spawned Actor 0003,live_attack_actor_latched,LAST ATTACK ACTOR,True,READY,,780,"Mid, Heavy Hit, Spiral knockdown 0x00000300",12,768,"No guard category, No strength tier, Spiral knockdown 0x00000300",False,[768],[780],0,[],262418,"Initial actor phase, Special chip route B, one-eighth damage, Spawned-attack core flag (correlated), Target-acquired / contact-lock state (correlated)",spawned-attack core; target-acquired/contact-lock; initial actor phase; special chip route,0,0,0,2444319996,0,0,,,,False,,False,,False,,False,,,False,,False,False,NO_PROPERTY_COMMAND,fighter+0x1E8
2026-07-29T00:04:26Z,320,98395,P1-C2,Joe the Condor,2461448704,27,426,assist attack,live_attack_actor,LIVE ATTACK ACTOR,True,READY,,12,"Mid, Heavy Hit",12,0,,False,[],[12],0,[],258,"Initial actor phase, Spawned-attack core flag (correlated)",spawned-attack core; initial actor phase,0,0,0,2444319156,426,16,P1-C2:91B159B4:91A6E1FC:01AA:E16,,,False,,False,,False,,False,,,False,,False,False,RETRY_PENDING,fighter+0x1E8
2026-07-29T00:04:26Z,321,98395,P1-C2,Joe the Condor,2461448704,27,426,assist attack,live_attack_actor,LIVE ATTACK ACTOR,True,READY,,12,"Mid, Heavy Hit",12,0,,False,[],[12],0,[],258,"Initial actor phase, Spawned-attack core flag (correlated)",spawned-attack core; initial actor phase,0,0,0,2444319996,426,3,P1-C2:91B15CFC:91A70C84:01AA:E3,,,False,,False,,False,,False,,,False,,False,False,RETRY_PENDING,fighter+0x1E8
2026-07-29T00:07:48Z,322,99515,P2-C1,Polimar,2457778656,4,266,j.B,move_definition,CURRENT MOVE,True,READY,,18,"High, Medium Hit",18,0,,False,[],[402653186],1,[],64,Standard-strike baseline,standard-strike baseline,0,0,0,0,0,0,,,,False,,False,,False,,False,,,False,,False,False,OK,fighter+0x1E8
2026-07-29T00:07:49Z,323,99516,P2-C1,Polimar,2457778656,4,264,3C,move_definition,CURRENT MOVE,True,READY,,12,"Mid, Heavy Hit",12,262144,"No guard category, No strength tier, Launcher 0x00040000",False,[262144],[134479876],1,[],64,Standard-strike baseline,standard-strike baseline,0,0,0,0,0,0,,,,False,,False,,False,,False,,,False,,False,False,OK,fighter+0x1E8
2026-07-29T00:07:50Z,324,99518,P2-C1,Polimar,2457778656,4,264,3C,move_definition_latched,LAST MOVE,True,READY,,12,"Mid, Heavy Hit",12,262144,"No guard category, No strength tier, Launcher 0x00040000",False,[262144],[134479876],1,[],64,Standard-strike baseline,standard-strike baseline,0,0,0,0,0,0,,,,False,,False,,False,,False,,,False,,False,False,NO_PROPERTY_COMMAND,fighter+0x1E8
2026-07-29T00:07:53Z,325,99525,P1-C1,Frank West,2454108608,30,259,2A,move_definition,CURRENT MOVE,True,READY,,9,"Mid, Light Hit",9,0,,False,[],[134217729],1,[],64,Standard-strike baseline,standard-strike baseline,0,0,0,0,0,0,,,,False,,False,,False,,False,,,False,,False,False,OK,fighter+0x1E8
2026-07-29T00:07:56Z,326,99533,P2-C1,Polimar,2457778656,4,266,j.B,move_definition_latched,LAST MOVE,True,READY,,18,"High, Medium Hit",18,0,,False,[],[402653186],1,[],64,Standard-strike baseline,standard-strike baseline,0,0,0,0,0,0,,,,False,,False,,False,,False,,,False,,False,False,NO_PROPERTY_COMMAND,fighter+0x1E8
2026-07-29T00:07:59Z,327,99540,P2-C1,Polimar,2457778656,4,267,j.C,move_definition,CURRENT MOVE,True,READY,,20,"High, Heavy Hit",20,524288,"No guard category, No strength tier, Air knockdown 0x00080000",False,[524288],[134742020],1,[],64,Standard-strike baseline,standard-strike baseline,0,0,0,0,0,0,,,,False,,False,,False,,False,,,False,,False,False,OK,fighter+0x1E8
2026-07-29T00:07:59Z,328,99542,P2-C1,Polimar,2457778656,4,267,j.C,move_definition_latched,LAST MOVE,True,READY,,20,"High, Heavy Hit",20,524288,"No guard category, No strength tier, Air knockdown 0x00080000",False,[524288],[134742020],1,[],64,Standard-strike baseline,standard-strike baseline,0,0,0,0,0,0,,,,False,,False,,False,,False,,,False,,False,False,NO_PROPERTY_COMMAND,fighter+0x1E8
2026-07-29T00:09:09Z,329,99865,P1-C1,Frank West,2454108608,30,259,2A,move_definition_latched,LAST MOVE,True,READY,,9,"Mid, Light Hit",9,0,,False,[],[134217729],1,[],64,Standard-strike baseline,standard-strike baseline,0,0,0,0,0,0,,,,False,,False,,False,,False,,,False,,False,False,NO_PROPERTY_COMMAND,fighter+0x1E8
2026-07-29T00:09:11Z,330,99870,P1-C1,Frank West,2454108608,30,352,Real Megabuster,live_attack_actor,LIVE ATTACK ACTOR,True,READY,,12,"Mid, Heavy Hit",12,0,,False,[],[12],0,[],291,"Native result modifier +0004, Sustained-contact actor route, Initial actor phase, Spawned-attack core flag (correlated)",native result +0004; spawned-attack core; sustained-contact route; initial actor phase,268,35,0,2444319156,352,1,P1-C1:91B159B4:91A6B774:0160:E1,,,False,,False,,False,,False,,,False,,False,False,NO_PROPERTY_COMMAND,fighter+0x1E8
2026-07-29T00:09:11Z,331,99870,P1-C1,Frank West,2454108608,30,352,Real Megabuster,live_attack_actor,LIVE ATTACK ACTOR,True,READY,,12,"Mid, Heavy Hit",12,0,,False,[],[12],0,[],291,"Native result modifier +0004, Sustained-contact actor route, Initial actor phase, Spawned-attack core flag (correlated)",native result +0004; spawned-attack core; sustained-contact route; initial actor phase,268,35,0,2444319156,0,0,,,,False,,False,,False,,False,,,False,,False,False,NO_PROPERTY_COMMAND,fighter+0x1E8
2026-07-29T00:09:14Z,332,99880,P1-C1,Frank West,2454108608,30,352,Real Megabuster,live_attack_actor_latched,LAST ATTACK ACTOR,True,READY,,12,"Mid, Heavy Hit",12,0,,False,[],[12],0,[],291,"Native result modifier +0004, Sustained-contact actor route, Initial actor phase, Spawned-attack core flag (correlated)",native result +0004; spawned-attack core; sustained-contact route; initial actor phase,268,35,0,2444319156,0,0,,,,False,,False,,False,,False,,,False,,False,False,NO_PROPERTY_COMMAND,fighter+0x1E8
2026-07-29T00:09:21Z,333,99898,P1-C1,Frank West,2454108608,30,308,Zombie Spree B,live_attack_actor,LIVE ATTACK ACTOR,True,READY,,16908,"Mid, Heavy Hit, OTG + hard knockdown 0x00004200",12,16896,"No guard category, No strength tier, OTG + hard knockdown 0x00004200",False,[16896],[16908],0,[],1310850,"Special chip route B, one-eighth damage, Spawned-attack core flag (correlated), Spawned-actor contact family 0x80 (correlated), Persistent/paired actor route 0x00100000 (correlated)",spawned-attack core; spawned-actor contact family; special chip route; persistent/paired actor route,0,0,0,2444319156,308,1,P1-C1:91B159B4:91A6B774:0134:E1,,,False,,False,,False,,False,,,False,,False,False,RETRY_PENDING,fighter+0x1E8
2026-07-29T00:09:21Z,334,99898,P1-C1,Frank West,2454108608,30,308,Zombie Spree B,live_attack_actor,LIVE ATTACK ACTOR,True,READY,,12,"Mid, Heavy Hit",12,0,,False,[],[12],0,[],262274,"Special chip route B, one-eighth damage, Spawned-attack core flag (correlated), Spawned-actor contact family 0x80 (correlated)",spawned-attack core; spawned-actor contact family; special chip route,0,0,16,2444319576,308,1,P1-C1:91B15B58:91A6CCB8:0134:E1,,,False,,False,,False,,False,,,False,,False,False,RETRY_PENDING,fighter+0x1E8
2026-07-29T00:09:21Z,335,99898,P1-C1,Frank West,2454108608,30,308,Zombie Spree B,live_attack_actor,LIVE ATTACK ACTOR,True,READY,,16908,"Mid, Heavy Hit, OTG + hard knockdown 0x00004200",12,16896,"No guard category, No strength tier, OTG + hard knockdown 0x00004200",False,[16896],[16908],0,[],1310850,"Special chip route B, one-eighth damage, Spawned-attack core flag (correlated), Spawned-actor contact family 0x80 (correlated), Persistent/paired actor route 0x00100000 (correlated)",spawned-attack core; spawned-actor contact family; special chip route; persistent/paired actor route,0,0,0,2444319156,0,0,,,,False,,False,,False,,False,,,False,,False,False,RETRY_PENDING,fighter+0x1E8
2026-07-29T00:09:22Z,336,99899,P1-C1,Frank West,2454108608,30,308,Zombie Spree B,live_attack_actor,LIVE ATTACK ACTOR,True,READY,,9,"Mid, Light Hit",9,0,,False,[],[9],0,[],262290,"Special chip route B, one-eighth damage, Spawned-attack core flag (correlated), Target-acquired / contact-lock state (correlated), Spawned-actor contact family 0x80 (correlated)",spawned-attack core; target-acquired/contact-lock; spawned-actor contact family; special chip route,0,0,0,2444319156,308,1,P1-C1:91B159B4:91A6B774:0134:E1,,,False,,False,,False,,False,,,False,,False,False,NO_PROPERTY_COMMAND,fighter+0x1E8
2026-07-29T00:09:22Z,337,99899,P1-C1,Frank West,2454108608,30,308,Zombie Spree B,live_attack_actor,LIVE ATTACK ACTOR,True,READY,,9,"Mid, Light Hit",9,0,,False,[],[9],0,[],262290,"Special chip route B, one-eighth damage, Spawned-attack core flag (correlated), Target-acquired / contact-lock state (correlated), Spawned-actor contact family 0x80 (correlated)",spawned-attack core; target-acquired/contact-lock; spawned-actor contact family; special chip route,0,0,0,2444319156,0,0,,,,False,,False,,False,,False,,,False,,False,False,NO_PROPERTY_COMMAND,fighter+0x1E8
2026-07-29T00:09:23Z,338,99901,P1-C1,Frank West,2454108608,30,308,Zombie Spree B,live_attack_actor_latched,LAST ATTACK ACTOR,True,READY,,9,"Mid, Light Hit",9,0,,False,[],[9],0,[],262290,"Special chip route B, one-eighth damage, Spawned-attack core flag (correlated), Target-acquired / contact-lock state (correlated), Spawned-actor contact family 0x80 (correlated)",spawned-attack core; target-acquired/contact-lock; spawned-actor contact family; special chip route,0,0,0,2444319156,0,0,,,,False,,False,,False,,False,,,False,,False,False,NO_PROPERTY_COMMAND,fighter+0x1E8
2026-07-29T00:09:23Z,339,99902,P1-C1,Frank West,2454108608,30,309,Zombie Spree C,live_attack_actor,LIVE ATTACK ACTOR,True,READY,,2147500556,"Mid, Heavy Hit, OTG + hard knockdown + unresolved high modifier 0x80004200",12,2147500544,"No guard category, No strength tier, OTG + hard knockdown + unresolved high modifier 0x80004200",False,[2147500544],[2147500556],0,[],1310850,"Special chip route B, one-eighth damage, Spawned-attack core flag (correlated), Spawned-actor contact family 0x80 (correlated), Persistent/paired actor route 0x00100000 (correlated)",spawned-attack core; spawned-actor contact family; special chip route; persistent/paired actor route,0,0,0,2444319156,309,1,P1-C1:91B159B4:91A6B774:0135:E1,,,False,,False,,False,,False,,,False,,False,False,NO_PROPERTY_COMMAND,fighter+0x1E8
2026-07-29T00:09:23Z,340,99902,P1-C1,Frank West,2454108608,30,309,Zombie Spree C,live_attack_actor,LIVE ATTACK ACTOR,True,READY,,12,"Mid, Heavy Hit",12,0,,False,[],[12],0,[],262274,"Special chip route B, one-eighth damage, Spawned-attack core flag (correlated), Spawned-actor contact family 0x80 (correlated)",spawned-attack core; spawned-actor contact family; special chip route,0,0,16,2444319576,309,1,P1-C1:91B15B58:91A6CCB8:0135:E1,,,False,,False,,False,,False,,,False,,False,False,NO_PROPERTY_COMMAND,fighter+0x1E8
2026-07-29T00:09:23Z,341,99902,P1-C1,Frank West,2454108608,30,309,Zombie Spree C,live_attack_actor,LIVE ATTACK ACTOR,True,READY,,2147500556,"Mid, Heavy Hit, OTG + hard knockdown + unresolved high modifier 0x80004200",12,2147500544,"No guard category, No strength tier, OTG + hard knockdown + unresolved high modifier 0x80004200",False,[2147500544],[2147500556],0,[],1310850,"Special chip route B, one-eighth damage, Spawned-attack core flag (correlated), Spawned-actor contact family 0x80 (correlated), Persistent/paired actor route 0x00100000 (correlated)",spawned-attack core; spawned-actor contact family; special chip route; persistent/paired actor route,0,0,0,2444319156,0,0,,,,False,,False,,False,,False,,,False,,False,False,NO_PROPERTY_COMMAND,fighter+0x1E8
2026-07-29T00:09:24Z,342,99903,P1-C1,Frank West,2454108608,30,309,Zombie Spree C,live_attack_actor,LIVE ATTACK ACTOR,True,READY,,9,"Mid, Light Hit",9,0,,False,[],[9],0,[],262290,"Special chip route B, one-eighth damage, Spawned-attack core flag (correlated), Target-acquired / contact-lock state (correlated), Spawned-actor contact family 0x80 (correlated)",spawned-attack core; target-acquired/contact-lock; spawned-actor contact family; special chip route,0,0,0,2444319156,309,1,P1-C1:91B159B4:91A6B774:0135:E1,,,False,,False,,False,,False,,,False,,False,False,NO_PROPERTY_COMMAND,fighter+0x1E8
2026-07-29T00:09:24Z,343,99903,P1-C1,Frank West,2454108608,30,309,Zombie Spree C,live_attack_actor,LIVE ATTACK ACTOR,True,READY,,9,"Mid, Light Hit",9,0,,False,[],[9],0,[],262290,"Special chip route B, one-eighth damage, Spawned-attack core flag (correlated), Target-acquired / contact-lock state (correlated), Spawned-actor contact family 0x80 (correlated)",spawned-attack core; target-acquired/contact-lock; spawned-actor contact family; special chip route,0,0,0,2444319156,0,0,,,,False,,False,,False,,False,,,False,,False,False,NO_PROPERTY_COMMAND,fighter+0x1E8
2026-07-29T00:09:25Z,344,99906,P1-C1,Frank West,2454108608,30,309,Zombie Spree C,live_attack_actor_latched,LAST ATTACK ACTOR,True,READY,,9,"Mid, Light Hit",9,0,,False,[],[9],0,[],262290,"Special chip route B, one-eighth damage, Spawned-attack core flag (correlated), Target-acquired / contact-lock state (correlated), Spawned-actor contact family 0x80 (correlated)",spawned-attack core; target-acquired/contact-lock; spawned-actor contact family; special chip route,0,0,0,2444319156,0,0,,,,False,,False,,False,,False,,,False,,False,False,NO_PROPERTY_COMMAND,fighter+0x1E8
2026-07-29T00:09:27Z,345,99911,P1-C1,Frank West,2454108608,30,258,5C,move_definition,CURRENT MOVE,True,READY,,12,"Mid, Heavy Hit",12,16640,"No guard category, No strength tier, OTG + launch / soft-knockdown 0x00004100",False,[16640],[134234372],1,[],64,Standard-strike baseline,standard-strike baseline,0,0,0,0,0,0,,,,False,,False,,False,,False,,,False,,False,False,OK,fighter+0x1E8
2026-07-29T00:09:27Z,346,99911,P2-C2,Joe the Condor,2465118752,27,418,Tag In,move_definition,CURRENT MOVE,True,READY,,12,"Mid, Heavy Hit",12,768,"No guard category, No strength tier, Spiral knockdown 0x00000300",False,[768],[772],1,[],64,Standard-strike baseline,standard-strike baseline,0,0,0,0,0,0,,,,False,,False,,False,,False,,,False,,False,False,OK,fighter+0x1E8
2026-07-29T00:09:28Z,347,99912,P1-C1,Frank West,2454108608,30,258,5C,move_definition_latched,LAST MOVE,True,READY,,12,"Mid, Heavy Hit",12,16640,"No guard category, No strength tier, OTG + launch / soft-knockdown 0x00004100",False,[16640],[134234372],1,[],64,Standard-strike baseline,standard-strike baseline,0,0,0,0,0,0,,,,False,,False,,False,,False,,,False,,False,False,NO_PROPERTY_COMMAND,fighter+0x1E8
2026-07-29T00:09:28Z,348,99913,P2-C2,Joe the Condor,2465118752,27,418,Tag In,move_definition_latched,LAST MOVE,True,READY,,12,"Mid, Heavy Hit",12,768,"No guard category, No strength tier, Spiral knockdown 0x00000300",False,[768],[772],1,[],64,Standard-strike baseline,standard-strike baseline,0,0,0,0,0,0,,,,False,,False,,False,,False,,,False,,False,False,NO_PROPERTY_COMMAND,fighter+0x1E8
2026-07-29T00:09:30Z,349,99918,P1-C2,Saki,2461448704,20,426,assist attack,move_definition,CURRENT MOVE,True,READY,,12,"Mid, Heavy Hit",12,256,"No guard category, No strength tier, Launch / soft-knockdown route 0x00000100",False,[256],[260],1,[],64,Standard-strike baseline,standard-strike baseline,0,0,0,0,0,0,,,,False,,False,,False,,False,,,False,,False,False,OK,fighter+0x1E8
2026-07-29T00:09:32Z,350,99923,P1-C2,Saki,2461448704,20,426,assist attack,move_definition_latched,LAST MOVE,True,READY,,12,"Mid, Heavy Hit",12,256,"No guard category, No strength tier, Launch / soft-knockdown route 0x00000100",False,[256],[260],1,[],64,Standard-strike baseline,standard-strike baseline,0,0,0,0,0,0,,,,False,,False,,False,,False,,,False,,False,False,NO_PROPERTY_COMMAND,fighter+0x1E8
2026-07-29T00:09:32Z,351,99924,P2-C2,Joe the Condor,2465118752,27,264,3C,move_definition,CURRENT MOVE,True,READY,,12,"Mid, Heavy Hit",12,262144,"No guard category, No strength tier, Launcher 0x00040000",False,[262144],[134479876],1,[],64,Standard-strike baseline,standard-strike baseline,0,0,0,0,0,0,,,,False,,False,,False,,False,,,False,,False,False,OK,fighter+0x1E8
2026-07-29T00:09:33Z,352,99925,P2-C2,Joe the Condor,2465118752,27,264,3C,move_definition_latched,LAST MOVE,True,READY,,12,"Mid, Heavy Hit",12,262144,"No guard category, No strength tier, Launcher 0x00040000",False,[262144],[134479876],1,[],64,Standard-strike baseline,standard-strike baseline,0,0,0,0,0,0,,,,False,,False,,False,,False,,,False,,False,False,NO_PROPERTY_COMMAND,fighter+0x1E8
2026-07-29T00:09:33Z,353,99926,P2-C2,Joe the Condor,2465118752,27,468,Back Throw,move_definition,CURRENT MOVE,True,READY,,17,"High, Light Hit",17,0,,False,[],[17],1,[],20,"Target-acquired / contact-lock state (correlated), Unknown B bits 0x00000004",native low-bit route 0x4; target-acquired/contact-lock,0,0,0,0,0,0,,,,False,,False,,False,,False,,,False,,False,False,OK,fighter+0x1E8
2026-07-29T00:09:35Z,354,99931,P2-C2,Joe the Condor,2465118752,27,468,Back Throw,move_definition_latched,LAST MOVE,True,READY,,17,"High, Light Hit",17,0,,False,[],[17],1,[],20,"Target-acquired / contact-lock state (correlated), Unknown B bits 0x00000004",native low-bit route 0x4; target-acquired/contact-lock,0,0,0,0,0,0,,,,False,,False,,False,,False,,,False,,False,False,NO_PROPERTY_COMMAND,fighter+0x1E8
2026-07-29T00:09:37Z,355,99936,P1-C2,Saki,2461448704,20,261,2C,live_attack_actor,LIVE ATTACK ACTOR,True,READY,,1060,"Low, Heavy Hit, Sweep 0x00000400",36,1024,"No guard category, No strength tier, Sweep 0x00000400",False,[1024],[1060],0,[],130,"Spawned-attack core flag (correlated), Spawned-actor contact family 0x80 (correlated)",spawned-attack core; spawned-actor contact family,0,0,0,2444319156,261,1,P1-C2:91B159B4:91A6B774:0105:E1,,,False,,False,,False,,False,,,False,,False,False,OK,fighter+0x1E8
2026-07-29T00:09:37Z,356,99936,P1-C2,Saki,2461448704,20,261,2C,move_definition,CURRENT MOVE,True,READY,,10,"Mid, Medium Hit",10,0,,False,[],[134217738],1,[],64,Standard-strike baseline,standard-strike baseline,0,0,0,0,0,0,,,,False,,False,,False,,False,,,False,,False,False,OK,fighter+0x1E8
2026-07-29T00:09:38Z,357,99938,P1-C2,Saki,2461448704,20,261,2C,live_attack_actor,LIVE ATTACK ACTOR,True,READY,,17444,"Low, Heavy Hit, A flags 0x00004400",36,17408,"No guard category, No strength tier, A flags 0x00004400",False,[17408],[17444],0,[],130,"Spawned-attack core flag (correlated), Spawned-actor contact family 0x80 (correlated)",spawned-attack core; spawned-actor contact family,0,0,0,2444319156,261,1,P1-C2:91B159B4:91A6B774:0105:E1,,,False,,False,,False,,False,,,False,,False,False,NO_PROPERTY_COMMAND,fighter+0x1E8
2026-07-29T00:09:38Z,358,99938,P1-C2,Saki,2461448704,20,261,2C,live_attack_actor,LIVE ATTACK ACTOR,True,READY,,17444,"Low, Heavy Hit, A flags 0x00004400",36,17408,"No guard category, No strength tier, A flags 0x00004400",False,[17408],[17444],0,[],130,"Spawned-attack core flag (correlated), Spawned-actor contact family 0x80 (correlated)",spawned-attack core; spawned-actor contact family,0,0,0,2444319156,0,0,,,,False,,False,,False,,False,,,False,,False,False,NO_PROPERTY_COMMAND,fighter+0x1E8
2026-07-29T00:09:38Z,359,99938,P2-C2,Joe the Condor,2465118752,27,259,2A,move_definition,CURRENT MOVE,True,READY,,33,"Low, Light Hit",33,0,,False,[],[134217761],1,[],64,Standard-strike baseline,standard-strike baseline,0,0,0,0,0,0,,,,False,,False,,False,,False,,,False,,False,False,OK,fighter+0x1E8
2026-07-29T00:09:39Z,360,99939,P1-C2,Saki,2461448704,20,261,2C,live_attack_actor_latched,LAST ATTACK ACTOR,True,READY,,17444,"Low, Heavy Hit, A flags 0x00004400",36,17408,"No guard category, No strength tier, A flags 0x00004400",False,[17408],[17444],0,[],130,"Spawned-attack core flag (correlated), Spawned-actor contact family 0x80 (correlated)",spawned-attack core; spawned-actor contact family,0,0,0,2444319156,0,0,,,,False,,False,,False,,False,,,False,,False,False,NO_PROPERTY_COMMAND,fighter+0x1E8
2026-07-29T00:09:39Z,361,99939,P2-C2,Joe the Condor,2465118752,27,259,2A,move_definition_latched,LAST MOVE,True,READY,,33,"Low, Light Hit",33,0,,False,[],[134217761],1,[],64,Standard-strike baseline,standard-strike baseline,0,0,0,0,0,0,,,,False,,False,,False,,False,,,False,,False,False,NO_PROPERTY_COMMAND,fighter+0x1E8
2026-07-29T00:09:39Z,362,99940,P2-C2,Joe the Condor,2465118752,27,465,Front Throw,move_definition,CURRENT MOVE,True,READY,,17,"High, Light Hit",17,0,,False,[],[17],1,[],20,"Target-acquired / contact-lock state (correlated), Unknown B bits 0x00000004",native low-bit route 0x4; target-acquired/contact-lock,0,0,0,0,0,0,,,,False,,False,,False,,False,,,False,,False,False,OK,fighter+0x1E8
2026-07-29T00:09:41Z,363,99944,P2-C2,Joe the Condor,2465118752,27,465,Front Throw,move_definition_latched,LAST MOVE,True,READY,,17,"High, Light Hit",17,0,,False,[],[17],1,[],20,"Target-acquired / contact-lock state (correlated), Unknown B bits 0x00000004",native low-bit route 0x4; target-acquired/contact-lock,0,0,0,0,0,0,,,,False,,False,,False,,False,,,False,,False,False,NO_PROPERTY_COMMAND,fighter+0x1E8
2026-07-29T00:09:42Z,364,99946,P2-C2,Joe the Condor,2465118752,27,267,j.C,move_definition,CURRENT MOVE,True,READY,,20,"High, Heavy Hit",20,524288,"No guard category, No strength tier, Air knockdown 0x00080000",False,[524288],[134742020],1,[],64,Standard-strike baseline,standard-strike baseline,0,0,0,0,0,0,,,,False,,False,,False,,False,,,False,,False,False,OK,fighter+0x1E8
2026-07-29T00:09:42Z,365,99947,P2-C2,Joe the Condor,2465118752,27,257,5B,move_definition,CURRENT MOVE,True,READY,,10,"Mid, Medium Hit",10,0,,False,[],[134217730],1,[],64,Standard-strike baseline,standard-strike baseline,0,0,0,0,0,0,,,,False,,False,,False,,False,,,False,,False,False,OK,fighter+0x1E8
2026-07-29T00:09:43Z,366,99949,P1-C2,Saki,2461448704,20,262,6C,move_definition,CURRENT MOVE,True,READY,,12,"Mid, Heavy Hit",12,2048,"No guard category, No strength tier, Stagger 0x00000800",False,[2048],[134219780],1,[],64,Standard-strike baseline,standard-strike baseline,0,0,0,0,0,0,,,,False,,False,,False,,False,,,False,,False,False,OK,fighter+0x1E8
2026-07-29T00:09:43Z,367,99949,P2-C2,Joe the Condor,2465118752,27,257,5B,move_definition_latched,LAST MOVE,True,READY,,10,"Mid, Medium Hit",10,0,,False,[],[134217730],1,[],64,Standard-strike baseline,standard-strike baseline,0,0,0,0,0,0,,,,False,,False,,False,,False,,,False,,False,False,NO_PROPERTY_COMMAND,fighter+0x1E8
2026-07-29T00:09:44Z,368,99951,P1-C2,Saki,2461448704,20,262,6C,move_definition_latched,LAST MOVE,True,READY,,12,"Mid, Heavy Hit",12,2048,"No guard category, No strength tier, Stagger 0x00000800",False,[2048],[134219780],1,[],64,Standard-strike baseline,standard-strike baseline,0,0,0,0,0,0,,,,False,,False,,False,,False,,,False,,False,False,NO_PROPERTY_COMMAND,fighter+0x1E8
2026-07-29T00:09:48Z,369,99958,P2-C2,Joe the Condor,2465118752,27,267,j.C,move_definition_latched,LAST MOVE,True,READY,,20,"High, Heavy Hit",20,524288,"No guard category, No strength tier, Air knockdown 0x00080000",False,[524288],[134742020],1,[],64,Standard-strike baseline,standard-strike baseline,0,0,0,0,0,0,,,,False,,False,,False,,False,,,False,,False,False,NO_PROPERTY_COMMAND,fighter+0x1E8
2026-07-29T00:09:56Z,370,99968,P2-C2,Joe the Condor,2465118752,27,265,j.A,move_definition,CURRENT MOVE,True,READY,,17,"High, Light Hit",17,0,,False,[],[402653185],1,[],64,Standard-strike baseline,standard-strike baseline,0,0,0,0,0,0,,,,False,,False,,False,,False,,,False,,False,False,OK,snapshot
2026-07-29T00:09:56Z,371,99969,P2-C2,Joe the Condor,2465118752,27,265,j.A,move_definition_latched,LAST MOVE,True,READY,,17,"High, Light Hit",17,0,,False,[],[402653185],1,[],64,Standard-strike baseline,standard-strike baseline,0,0,0,0,0,0,,,,False,,False,,False,,False,,,False,,False,False,NO_PROPERTY_COMMAND,fighter+0x1E8
2026-07-29T00:10:05Z,372,99991,P1-C1,Frank West,2454108608,30,306,Zombie Grab C,live_attack_actor,LIVE ATTACK ACTOR,True,READY,,20,"High, Heavy Hit",20,0,,False,[],[20],0,[],262274,"Special chip route B, one-eighth damage, Spawned-attack core flag (correlated), Spawned-actor contact family 0x80 (correlated)",spawned-attack core; spawned-actor contact family; special chip route,0,0,16,2444319156,306,1,P1-C1:91B159B4:91A6B774:0132:E1,,,False,,False,,False,,False,,,False,,False,False,RETRY_PENDING,fighter+0x1E8
2026-07-29T00:10:05Z,373,99991,P1-C1,Frank West,2454108608,30,306,Zombie Grab C,live_attack_actor,LIVE ATTACK ACTOR,True,READY,,20,"High, Heavy Hit",20,0,,False,[],[20],0,[],262274,"Special chip route B, one-eighth damage, Spawned-attack core flag (correlated), Spawned-actor contact family 0x80 (correlated)",spawned-attack core; spawned-actor contact family; special chip route,0,0,16,2444319156,0,0,,,,False,,False,,False,,False,,,False,,False,False,RETRY_PENDING,fighter+0x1E8
2026-07-29T00:10:06Z,374,99993,P1-C1,Frank West,2454108608,30,306,Zombie Grab C,live_attack_actor,LIVE ATTACK ACTOR,True,READY,,1,"Unblockable, Light Hit",1,0,,False,[],[1],0,[],262274,"Special chip route B, one-eighth damage, Spawned-attack core flag (correlated), Spawned-actor contact family 0x80 (correlated)",spawned-attack core; spawned-actor contact family; special chip route,0,0,8208,2444319156,306,1,P1-C1:91B159B4:91A6B774:0132:E1,,,False,,False,,False,,False,,,False,,False,False,OK,fighter+0x1E8
2026-07-29T00:10:06Z,375,99994,P2-C2,Joe the Condor,2465118752,27,266,j.B,move_definition,CURRENT MOVE,True,READY,,18,"High, Medium Hit",18,0,,False,[],[402653186],1,[],64,Standard-strike baseline,standard-strike baseline,0,0,0,0,0,0,,,,False,,False,,False,,False,,,False,,False,False,OK,fighter+0x1E8
2026-07-29T00:10:07Z,376,99996,P1-C1,Frank West,2454108608,30,306,Zombie Grab C,live_attack_actor,LIVE ATTACK ACTOR,True,READY,,1,"Unblockable, Light Hit",1,0,,False,[],[1],0,[],262274,"Special chip route B, one-eighth damage, Spawned-attack core flag (correlated), Spawned-actor contact family 0x80 (correlated)",spawned-attack core; spawned-actor contact family; special chip route,0,0,8208,2444319156,0,0,,,,False,,False,,False,,False,,,False,,False,False,NO_ACTION_ENTRY,fighter+0x1E8
2026-07-29T00:10:08Z,377,99997,P1-C1,Frank West,2454108608,30,306,Zombie Grab C,live_attack_actor,LIVE ATTACK ACTOR,True,READY,,1,"Unblockable, Light Hit",1,0,,False,[],[1],0,[],262274,"Special chip route B, one-eighth damage, Spawned-attack core flag (correlated), Spawned-actor contact family 0x80 (correlated)",spawned-attack core; spawned-actor contact family; special chip route,0,0,16,2444319156,306,1,P1-C1:91B159B4:91A6B774:0132:E1,,,False,,False,,False,,False,,,False,,False,False,RETRY_PENDING,fighter+0x1E8
2026-07-29T00:10:08Z,378,99997,P1-C1,Frank West,2454108608,30,306,Zombie Grab C,live_attack_actor,LIVE ATTACK ACTOR,True,READY,,1,"Unblockable, Light Hit",1,0,,False,[],[1],0,[],262274,"Special chip route B, one-eighth damage, Spawned-attack core flag (correlated), Spawned-actor contact family 0x80 (correlated)",spawned-attack core; spawned-actor contact family; special chip route,0,0,16,2444319156,0,0,,,,False,,False,,False,,False,,,False,,False,False,RETRY_PENDING,fighter+0x1E8
2026-07-29T00:10:09Z,379,100000,P1-C1,Frank West,2454108608,30,306,Zombie Grab C,live_attack_actor,LIVE ATTACK ACTOR,True,READY,,9,"Mid, Light Hit",9,0,,False,[],[9],0,[],537657478,"Special chip route B, one-eighth damage, Spawned-attack core flag (correlated), Spawned-actor contact family 0x80 (correlated), Capture/cinematic modifier 0x00080000 (correlated), Unknown B bits 0x20000004",spawned-attack core; native low-bit route 0x4; spawned-actor contact family; special chip route; capture/cinematic modifier,0,0,16,2444319156,306,1,P1-C1:91B159B4:91A6B774:0132:E1,,,False,,False,,False,,False,,,False,,False,False,NO_PROPERTY_COMMAND,fighter+0x1E8
2026-07-29T00:10:09Z,380,100000,P1-C1,Frank West,2454108608,30,306,Zombie Grab C,live_attack_actor,LIVE ATTACK ACTOR,True,READY,,9,"Mid, Light Hit",9,0,,False,[],[9],0,[],537657478,"Special chip route B, one-eighth damage, Spawned-attack core flag (correlated), Spawned-actor contact family 0x80 (correlated), Capture/cinematic modifier 0x00080000 (correlated), Unknown B bits 0x20000004",spawned-attack core; native low-bit route 0x4; spawned-actor contact family; special chip route; capture/cinematic modifier,0,0,16,2444319156,0,0,,,,False,,False,,False,,False,,,False,,False,False,NO_PROPERTY_COMMAND,fighter+0x1E8
2026-07-29T00:10:10Z,381,100002,P1-C1,Frank West,2454108608,30,306,Zombie Grab C,live_attack_actor,LIVE ATTACK ACTOR,True,READY,,1,"Unblockable, Light Hit",1,0,,False,[],[1],0,[],262290,"Special chip route B, one-eighth damage, Spawned-attack core flag (correlated), Target-acquired / contact-lock state (correlated), Spawned-actor contact family 0x80 (correlated)",spawned-attack core; target-acquired/contact-lock; spawned-actor contact family; special chip route,0,0,16,2444319156,306,1,P1-C1:91B159B4:91A6B774:0132:E1,,,False,,False,,False,,False,,,False,,False,False,NO_PROPERTY_COMMAND,fighter+0x1E8
2026-07-29T00:10:10Z,382,100002,P1-C1,Frank West,2454108608,30,306,Zombie Grab C,live_attack_actor,LIVE ATTACK ACTOR,True,READY,,1,"Unblockable, Light Hit",1,0,,False,[],[1],0,[],262290,"Special chip route B, one-eighth damage, Spawned-attack core flag (correlated), Target-acquired / contact-lock state (correlated), Spawned-actor contact family 0x80 (correlated)",spawned-attack core; target-acquired/contact-lock; spawned-actor contact family; special chip route,0,0,16,2444319156,0,0,,,,False,,False,,False,,False,,,False,,False,False,NO_PROPERTY_COMMAND,fighter+0x1E8
2026-07-29T00:10:12Z,383,100006,P1-C1,Frank West,2454108608,30,306,Zombie Grab C,live_attack_actor_latched,LAST ATTACK ACTOR,True,READY,,1,"Unblockable, Light Hit",1,0,,False,[],[1],0,[],262290,"Special chip route B, one-eighth damage, Spawned-attack core flag (correlated), Target-acquired / contact-lock state (correlated), Spawned-actor contact family 0x80 (correlated)",spawned-attack core; target-acquired/contact-lock; spawned-actor contact family; special chip route,0,0,16,2444319156,0,0,,,,False,,False,,False,,False,,,False,,False,False,NO_PROPERTY_COMMAND,fighter+0x1E8
2026-07-29T00:10:12Z,384,100007,P1-C1,Frank West,2454108608,30,306,Zombie Grab C,live_attack_actor,LIVE ATTACK ACTOR,True,READY,,20,"High, Heavy Hit",20,0,,False,[],[20],0,[],262274,"Special chip route B, one-eighth damage, Spawned-attack core flag (correlated), Spawned-actor contact family 0x80 (correlated)",spawned-attack core; spawned-actor contact family; special chip route,0,0,16,2444319156,306,2,P1-C1:91B159B4:91A6B774:0132:E2,,,False,,False,,False,,False,,,False,,False,False,NO_PROPERTY_COMMAND,fighter+0x1E8
2026-07-29T00:10:12Z,385,100007,P1-C1,Frank West,2454108608,30,306,Zombie Grab C,live_attack_actor,LIVE ATTACK ACTOR,True,READY,,20,"High, Heavy Hit",20,0,,False,[],[20],0,[],262274,"Special chip route B, one-eighth damage, Spawned-attack core flag (correlated), Spawned-actor contact family 0x80 (correlated)",spawned-attack core; spawned-actor contact family; special chip route,0,0,16,2444319156,0,0,,,,False,,False,,False,,False,,,False,,False,False,NO_PROPERTY_COMMAND,fighter+0x1E8
2026-07-29T00:10:13Z,386,100009,P1-C1,Frank West,2454108608,30,306,Zombie Grab C,live_attack_actor,LIVE ATTACK ACTOR,True,READY,,1,"Unblockable, Light Hit",1,0,,False,[],[1],0,[],262274,"Special chip route B, one-eighth damage, Spawned-attack core flag (correlated), Spawned-actor contact family 0x80 (correlated)",spawned-attack core; spawned-actor contact family; special chip route,0,0,8208,2444319156,306,2,P1-C1:91B159B4:91A6B774:0132:E2,,,False,,False,,False,,False,,,False,,False,False,NO_PROPERTY_COMMAND,fighter+0x1E8
2026-07-29T00:10:13Z,387,100009,P1-C1,Frank West,2454108608,30,306,Zombie Grab C,live_attack_actor,LIVE ATTACK ACTOR,True,READY,,1,"Unblockable, Light Hit",1,0,,False,[],[1],0,[],262274,"Special chip route B, one-eighth damage, Spawned-attack core flag (correlated), Spawned-actor contact family 0x80 (correlated)",spawned-attack core; spawned-actor contact family; special chip route,0,0,8208,2444319156,0,0,,,,False,,False,,False,,False,,,False,,False,False,NO_PROPERTY_COMMAND,fighter+0x1E8
2026-07-29T00:10:15Z,388,100013,P1-C1,Frank West,2454108608,30,306,Zombie Grab C,live_attack_actor,LIVE ATTACK ACTOR,True,READY,,1,"Unblockable, Light Hit",1,0,,False,[],[1],0,[],262274,"Special chip route B, one-eighth damage, Spawned-attack core flag (correlated), Spawned-actor contact family 0x80 (correlated)",spawned-attack core; spawned-actor contact family; special chip route,0,0,16,2444319156,306,2,P1-C1:91B159B4:91A6B774:0132:E2,,,False,,False,,False,,False,,,False,,False,False,NO_PROPERTY_COMMAND,fighter+0x1E8
2026-07-29T00:10:15Z,389,100013,P1-C1,Frank West,2454108608,30,306,Zombie Grab C,live_attack_actor,LIVE ATTACK ACTOR,True,READY,,1,"Unblockable, Light Hit",1,0,,False,[],[1],0,[],262274,"Special chip route B, one-eighth damage, Spawned-attack core flag (correlated), Spawned-actor contact family 0x80 (correlated)",spawned-attack core; spawned-actor contact family; special chip route,0,0,16,2444319156,0,0,,,,False,,False,,False,,False,,,False,,False,False,NO_PROPERTY_COMMAND,fighter+0x1E8
2026-07-29T00:10:16Z,390,100016,P1-C1,Frank West,2454108608,30,306,Zombie Grab C,live_attack_actor,LIVE ATTACK ACTOR,True,READY,,9,"Mid, Light Hit",9,0,,False,[],[9],0,[],537657478,"Special chip route B, one-eighth damage, Spawned-attack core flag (correlated), Spawned-actor contact family 0x80 (correlated), Capture/cinematic modifier 0x00080000 (correlated), Unknown B bits 0x20000004",spawned-attack core; native low-bit route 0x4; spawned-actor contact family; special chip route; capture/cinematic modifier,0,0,16,2444319156,306,2,P1-C1:91B159B4:91A6B774:0132:E2,,,False,,False,,False,,False,,,False,,False,False,NO_PROPERTY_COMMAND,fighter+0x1E8
2026-07-29T00:10:16Z,391,100016,P1-C1,Frank West,2454108608,30,306,Zombie Grab C,live_attack_actor,LIVE ATTACK ACTOR,True,READY,,9,"Mid, Light Hit",9,0,,False,[],[9],0,[],537657478,"Special chip route B, one-eighth damage, Spawned-attack core flag (correlated), Spawned-actor contact family 0x80 (correlated), Capture/cinematic modifier 0x00080000 (correlated), Unknown B bits 0x20000004",spawned-attack core; native low-bit route 0x4; spawned-actor contact family; special chip route; capture/cinematic modifier,0,0,16,2444319156,0,0,,,,False,,False,,False,,False,,,False,,False,False,NO_PROPERTY_COMMAND,fighter+0x1E8
2026-07-29T00:10:17Z,392,100019,P1-C1,Frank West,2454108608,30,306,Zombie Grab C,live_attack_actor,LIVE ATTACK ACTOR,True,READY,,1,"Unblockable, Light Hit",1,0,,False,[],[1],0,[],262290,"Special chip route B, one-eighth damage, Spawned-attack core flag (correlated), Target-acquired / contact-lock state (correlated), Spawned-actor contact family 0x80 (correlated)",spawned-attack core; target-acquired/contact-lock; spawned-actor contact family; special chip route,0,0,16,2444319156,306,2,P1-C1:91B159B4:91A6B774:0132:E2,,,False,,False,,False,,False,,,False,,False,False,NO_PROPERTY_COMMAND,fighter+0x1E8
2026-07-29T00:10:17Z,393,100019,P1-C1,Frank West,2454108608,30,426,assist attack,live_attack_actor,LIVE ATTACK ACTOR,True,READY,,9,"Mid, Light Hit",9,0,,False,[],[9],0,[],274,"Initial actor phase, Spawned-attack core flag (correlated), Target-acquired / contact-lock state (correlated)",spawned-attack core; target-acquired/contact-lock; initial actor phase,0,0,0,2444319576,426,5,P1-C1:91B15B58:91A6CCB8:01AA:E5,,,False,,False,,False,,False,,,False,,False,False,NO_PROPERTY_COMMAND,fighter+0x1E8
2026-07-29T00:10:17Z,394,100019,P1-C1,Frank West,2454108608,30,306,Zombie Grab C,live_attack_actor,LIVE ATTACK ACTOR,True,READY,,1,"Unblockable, Light Hit",1,0,,False,[],[1],0,[],262290,"Special chip route B, one-eighth damage, Spawned-attack core flag (correlated), Target-acquired / contact-lock state (correlated), Spawned-actor contact family 0x80 (correlated)",spawned-attack core; target-acquired/contact-lock; spawned-actor contact family; special chip route,0,0,16,2444319156,0,0,,,,False,,False,,False,,False,,,False,,False,False,NO_PROPERTY_COMMAND,fighter+0x1E8
2026-07-29T00:10:18Z,395,100020,P1-C1,Frank West,2454108608,30,306,Zombie Grab C,live_attack_actor,LIVE ATTACK ACTOR,True,READY,,4,"Unblockable, Heavy Hit",4,0,,False,[],[4],0,[],262290,"Special chip route B, one-eighth damage, Spawned-attack core flag (correlated), Target-acquired / contact-lock state (correlated), Spawned-actor contact family 0x80 (correlated)",spawned-attack core; target-acquired/contact-lock; spawned-actor contact family; special chip route,0,0,16,2444319156,306,2,P1-C1:91B159B4:91A6B774:0132:E2,,,False,,False,,False,,False,,,False,,False,False,NO_PROPERTY_COMMAND,fighter+0x1E8
2026-07-29T00:10:18Z,396,100020,P1-C1,Frank West,2454108608,30,306,Zombie Grab C,live_attack_actor,LIVE ATTACK ACTOR,True,READY,,4,"Unblockable, Heavy Hit",4,0,,False,[],[4],0,[],262290,"Special chip route B, one-eighth damage, Spawned-attack core flag (correlated), Target-acquired / contact-lock state (correlated), Spawned-actor contact family 0x80 (correlated)",spawned-attack core; target-acquired/contact-lock; spawned-actor contact family; special chip route,0,0,16,2444319156,0,0,,,,False,,False,,False,,False,,,False,,False,False,NO_PROPERTY_COMMAND,fighter+0x1E8
2026-07-29T00:10:19Z,397,100024,P1-C1,Frank West,2454108608,30,306,Zombie Grab C,live_attack_actor_latched,LAST ATTACK ACTOR,True,READY,,4,"Unblockable, Heavy Hit",4,0,,False,[],[4],0,[],262290,"Special chip route B, one-eighth damage, Spawned-attack core flag (correlated), Target-acquired / contact-lock state (correlated), Spawned-actor contact family 0x80 (correlated)",spawned-attack core; target-acquired/contact-lock; spawned-actor contact family; special chip route,0,0,16,2444319156,0,0,,,,False,,False,,False,,False,,,False,,False,False,NO_PROPERTY_COMMAND,fighter+0x1E8
2026-07-29T00:10:25Z,398,100036,P2-C1,Polimar,2457778656,4,426,assist attack,move_definition,CURRENT MOVE,True,READY,,12,"Mid, Heavy Hit",12,256,"No guard category, No strength tier, Launch / soft-knockdown route 0x00000100",False,[256],[260],4,"[1,2,3,4]",16777280,"Standard-strike baseline, Repeat-contact handling",standard-strike baseline; repeat-contact handling,12,16777280,0,0,0,0,,,,False,,False,,False,,False,,,False,,False,False,OK,fighter+0x1E8
2026-07-29T00:10:27Z,399,100041,P2-C1,Polimar,2457778656,4,426,assist attack,move_definition_latched,LAST MOVE,True,READY,,12,"Mid, Heavy Hit",12,256,"No guard category, No strength tier, Launch / soft-knockdown route 0x00000100",False,[256],[260],4,"[1,2,3,4]",16777280,"Standard-strike baseline, Repeat-contact handling",standard-strike baseline; repeat-contact handling,12,16777280,0,0,0,0,,,,False,,False,,False,,False,,,False,,False,False,NO_PROPERTY_COMMAND,fighter+0x1E8
2026-07-29T00:10:41Z,400,100077,P2-C2,Joe the Condor,2465118752,27,258,5C,move_definition,CURRENT MOVE,True,READY,,12,"Mid, Heavy Hit",12,0,,False,[],[134217732],1,[],64,Standard-strike baseline,standard-strike baseline,0,0,0,0,0,0,,,,False,,False,,False,,False,,,False,,False,False,OK,fighter+0x1E8
2026-07-29T00:10:42Z,401,100082,P2-C2,Joe the Condor,2465118752,27,258,5C,move_definition_latched,LAST MOVE,True,READY,,12,"Mid, Heavy Hit",12,0,,False,[],[134217732],1,[],64,Standard-strike baseline,standard-strike baseline,0,0,0,0,0,0,,,,False,,False,,False,,False,,,False,,False,False,NO_PROPERTY_COMMAND,fighter+0x1E8
2026-07-29T00:16:50Z,402,101880,P2-C2,Joe the Condor,2465118752,27,260,2B,move_definition,CURRENT MOVE,True,READY,,10,"Mid, Medium Hit",10,0,,False,[],[134217730],2,"[1,2]",64,Standard-strike baseline,standard-strike baseline,10,64,0,0,0,0,,,,False,,False,,False,,False,,,False,,False,False,OK,fighter+0x1E8
2026-07-29T00:16:56Z,403,101893,P1-C1,Frank West,2454108608,30,267,j.C,move_definition,CURRENT MOVE,True,READY,,20,"High, Heavy Hit",20,524288,"No guard category, No strength tier, Air knockdown 0x00080000",False,[524288],[134742020],1,[],64,Standard-strike baseline,standard-strike baseline,0,0,0,0,0,0,,,,False,,False,,False,,False,,,False,,False,False,OK,fighter+0x1E8
2026-07-29T00:16:59Z,404,101909,P2-C2,Joe the Condor,2465118752,27,474,Air Back Throw,move_definition,CURRENT MOVE,True,READY,,17,"High, Light Hit",17,0,,False,[],[17],1,[],20,"Target-acquired / contact-lock state (correlated), Unknown B bits 0x00000004",native low-bit route 0x4; target-acquired/contact-lock,0,0,0,0,0,0,,,,False,,False,,False,,False,,,False,,False,False,OK,fighter+0x1E8
2026-07-29T00:17:03Z,405,101923,P2-C2,Joe the Condor,2465118752,27,474,Air Back Throw,move_definition_latched,LAST MOVE,True,READY,,17,"High, Light Hit",17,0,,False,[],[17],1,[],20,"Target-acquired / contact-lock state (correlated), Unknown B bits 0x00000004",native low-bit route 0x4; target-acquired/contact-lock,0,0,0,0,0,0,,,,False,,False,,False,,False,,,False,,False,False,NO_PROPERTY_COMMAND,fighter+0x1E8
2026-07-29T23:43:09Z,406,147172,P1-C1,Volnutt,2454108608,18,259,2A,move_definition,CURRENT MOVE,True,READY,,9,"Mid, Light Hit",9,0,,False,[],[134217761],1,[],64,Standard-strike baseline,standard-strike baseline,0,0,0,0,0,0,,,,False,,False,,False,,False,,,False,,False,False,OK,fighter+0x1E8
2026-07-29T23:43:09Z,407,147172,P2-C1,Polimar,2457778656,4,259,2A,move_definition,CURRENT MOVE,True,READY,,33,"Low, Light Hit",33,0,,False,[],[134217729],1,[],64,Standard-strike baseline,standard-strike baseline,0,0,0,0,0,0,,,,False,,False,,False,,False,,,False,,False,False,OK,fighter+0x1E8
2026-07-29T23:43:09Z,408,147173,P1-C1,Volnutt,2454108608,18,264,3C,move_definition,CURRENT MOVE,True,READY,,12,"Mid, Heavy Hit",12,262144,"No guard category, No strength tier, Launcher 0x00040000",False,[262144],[134479876],1,[],64,Standard-strike baseline,standard-strike baseline,0,0,0,0,0,0,,,,False,,False,,False,,False,,,False,,False,False,OK,fighter+0x1E8
2026-07-29T23:43:09Z,409,147173,P2-C1,Polimar,2457778656,4,259,2A,move_definition_latched,LAST MOVE,True,READY,,33,"Low, Light Hit",33,0,,False,[],[134217729],1,[],64,Standard-strike baseline,standard-strike baseline,0,0,0,0,0,0,,,,False,,False,,False,,False,,,False,,False,False,NO_PROPERTY_COMMAND,fighter+0x1E8
2026-07-29T23:43:11Z,410,147179,P1-C1,Volnutt,2454108608,18,288,j.A (second hit),move_definition,CURRENT MOVE,True,READY,,17,"High, Light Hit",17,0,,False,[],[402653185],1,[],64,Standard-strike baseline,standard-strike baseline,0,0,0,0,0,0,,,,False,,False,,False,,False,,,False,,False,False,OK,fighter+0x1E8
2026-07-29T23:43:11Z,411,147181,P1-C1,Volnutt,2454108608,18,258,5C,move_definition,CURRENT MOVE,True,READY,,10,"Mid, Medium Hit",10,0,,False,[],[134217738],1,[],64,Standard-strike baseline,standard-strike baseline,0,0,0,0,0,0,,,,False,,False,,False,,False,,,False,,False,False,OK,fighter+0x1E8
2026-07-29T23:43:11Z,412,147181,P2-C1,Polimar,2457778656,4,336,FLAG_336,move_definition,CURRENT MOVE,True,READY,,12,"Mid, Heavy Hit",12,256,"No guard category, No strength tier, Launch / soft-knockdown route 0x00000100",False,[256],[260],1,[],262208,"Standard-strike baseline, Special chip route B, one-eighth damage",standard-strike baseline; special chip route,0,0,0,0,0,0,,,,False,,False,,False,,False,,,False,,False,False,OK,fighter+0x1E8
2026-07-29T23:43:12Z,413,147182,P1-C1,Volnutt,2454108608,18,258,5C,live_attack_actor,LIVE ATTACK ACTOR,True,READY,,10,"Mid, Medium Hit",10,0,,False,[],[10],0,[],66,"Standard-strike baseline, Spawned-attack core flag (correlated)",exact: Spawned strike/contact actor family; spawned-attack core; standard-strike baseline,0,0,0,2444319156,258,1,P1-C1:91B159B4:91A6B774:0102:E1,,,False,,False,,False,,False,,,False,,False,False,OK,fighter+0x1E8
2026-07-29T23:43:12Z,414,147182,P2-C1,Polimar,2457778656,4,336,FLAG_336,move_definition_latched,LAST MOVE,True,READY,,12,"Mid, Heavy Hit",12,256,"No guard category, No strength tier, Launch / soft-knockdown route 0x00000100",False,[256],[260],1,[],262208,"Standard-strike baseline, Special chip route B, one-eighth damage",standard-strike baseline; special chip route,0,0,0,0,0,0,,,,False,,False,,False,,False,,,False,,False,False,NO_PROPERTY_COMMAND,fighter+0x1E8
2026-07-29T23:43:12Z,415,147184,P1-C1,Volnutt,2454108608,18,258,5C,live_attack_actor,LIVE ATTACK ACTOR,True,READY,,10,"Mid, Medium Hit",10,0,,False,[],[10],0,[],66,"Standard-strike baseline, Spawned-attack core flag (correlated)",exact: Spawned strike/contact actor family; spawned-attack core; standard-strike baseline,0,0,0,2444319156,0,0,,,,False,,False,,False,,False,,,False,,False,False,NO_PROPERTY_COMMAND,fighter+0x1E8
2026-07-29T23:43:13Z,416,147186,P1-C1,Volnutt,2454108608,18,258,5C,live_attack_actor_latched,LAST ATTACK ACTOR,True,READY,,10,"Mid, Medium Hit",10,0,,False,[],[10],0,[],66,"Standard-strike baseline, Spawned-attack core flag (correlated)",exact: Spawned strike/contact actor family; spawned-attack core; standard-strike baseline,0,0,0,2444319156,0,0,,,,False,,False,,False,,False,,,False,,False,False,NO_PROPERTY_COMMAND,fighter+0x1E8
2026-07-29T23:43:13Z,417,147187,P2-C1,Polimar,2457778656,4,465,Forward Throw,move_definition,CURRENT MOVE,True,READY,,17,"High, Light Hit",17,0,,False,[],[17],1,[],20,"Target-acquired / contact-lock state (correlated), Unknown B bits 0x00000004",native low-bit route 0x4; target-acquired/contact-lock,0,0,0,0,0,0,,,,False,,False,,False,,False,,,False,,False,False,OK,fighter+0x1E8
2026-07-29T23:43:15Z,418,147192,P2-C1,Polimar,2457778656,4,465,Forward Throw,move_definition_latched,LAST MOVE,True,READY,,17,"High, Light Hit",17,0,,False,[],[17],1,[],20,"Target-acquired / contact-lock state (correlated), Unknown B bits 0x00000004",native low-bit route 0x4; target-acquired/contact-lock,0,0,0,0,0,0,,,,False,,False,,False,,False,,,False,,False,False,RETRY_PENDING,fighter+0x1E8
2026-07-29T23:43:16Z,419,147195,P1-C1,Volnutt,2454108608,18,257,5B,move_definition,CURRENT MOVE,True,READY,,10,"Mid, Medium Hit",10,0,,False,[],[134217730],2,"[1,2]",64,Standard-strike baseline,standard-strike baseline,10,64,0,0,0,0,,,,False,,False,,False,,False,,,False,,False,False,OK,fighter+0x1E8
2026-07-29T23:43:17Z,420,147198,P2-C1,Polimar,2457778656,4,262,6C,move_definition,CURRENT MOVE,True,READY,,20,"High, Heavy Hit",20,256,"No guard category, No strength tier, Launch / soft-knockdown route 0x00000100",False,[256],[134217988],1,[],64,Standard-strike baseline,standard-strike baseline,0,0,0,0,0,0,,,,False,,False,,False,,False,,,False,,False,False,OK,fighter+0x1E8
2026-07-29T23:43:18Z,421,147199,P1-C1,Volnutt,2454108608,18,264,3C,move_definition_latched,LAST MOVE,True,READY,,12,"Mid, Heavy Hit",12,262144,"No guard category, No strength tier, Launcher 0x00040000",False,[262144],[134479876],1,[],64,Standard-strike baseline,standard-strike baseline,0,0,0,0,0,0,,,,False,,False,,False,,False,,,False,,False,False,NO_PROPERTY_COMMAND,fighter+0x1E8
2026-07-29T23:43:18Z,422,147199,P2-C1,Polimar,2457778656,4,262,6C,move_definition_latched,LAST MOVE,True,READY,,20,"High, Heavy Hit",20,256,"No guard category, No strength tier, Launch / soft-knockdown route 0x00000100",False,[256],[134217988],1,[],64,Standard-strike baseline,standard-strike baseline,0,0,0,0,0,0,,,,False,,False,,False,,False,,,False,,False,False,NO_PROPERTY_COMMAND,fighter+0x1E8
2026-07-29T23:43:18Z,423,147200,P1-C1,Volnutt,2454108608,18,266,j.B,move_definition,CURRENT MOVE,True,READY,,18,"High, Medium Hit",18,0,,False,[],[134217730],1,[],64,Standard-strike baseline,standard-strike baseline,0,0,0,0,0,0,,,,False,,False,,False,,False,,,False,,False,False,OK,fighter+0x1E8
2026-07-29T23:43:18Z,424,147201,P1-C1,Volnutt,2454108608,18,289,j.B (second hit),move_definition,CURRENT MOVE,True,READY,,18,"High, Medium Hit",18,0,,False,[],[134217730],1,[],64,Standard-strike baseline,standard-strike baseline,0,0,0,0,0,0,,,,False,,False,,False,,False,,,False,,False,False,OK,fighter+0x1E8
2026-07-29T23:46:16Z,425,148717,P1-C1,Saki,2454108608,20,262,6C,move_definition,CURRENT MOVE,True,READY,,12,"Mid, Heavy Hit",12,2048,"No guard category, No strength tier, Stagger 0x00000800",False,[2048],[134219780],1,[],64,Standard-strike baseline,standard-strike baseline,0,0,0,0,0,0,,,,False,,False,,False,,False,,,False,,False,False,OK,fighter+0x1E8
2026-07-29T23:46:16Z,426,148718,P2-C1,Gold Lightan,2457778656,11,265,j.A,move_definition,CURRENT MOVE,True,READY,,17,"High, Light Hit",17,0,,False,[],[402653185],1,[],64,Standard-strike baseline,standard-strike baseline,0,0,0,0,0,0,,,,False,,False,,False,,False,,,False,,False,False,OK,fighter+0x1E8
2026-07-29T23:46:17Z,427,148720,P2-C1,Gold Lightan,2457778656,11,265,j.A,move_definition_latched,LAST MOVE,True,READY,,17,"High, Light Hit",17,0,,False,[],[402653185],1,[],64,Standard-strike baseline,standard-strike baseline,0,0,0,0,0,0,,,,False,,False,,False,,False,,,False,,False,False,NO_PROPERTY_COMMAND,fighter+0x1E8
2026-07-29T23:46:17Z,428,148720,P1-C1,Saki,2454108608,20,304,Positron A,live_attack_actor,LIVE ATTACK ACTOR,True,READY,,268,"Mid, Heavy Hit, Launch / soft-knockdown route 0x00000100",12,256,"No guard category, No strength tier, Launch / soft-knockdown route 0x00000100",False,[256],[268],0,[],262402,"Initial actor phase, Special chip route B, one-eighth damage, Spawned-attack core flag (correlated)",spawned-attack core; initial actor phase; special chip route,0,0,0,2444319156,304,1,P1-C1:91B159B4:91A6B774:0130:E1,,,False,,False,,False,,False,,,False,,False,False,NO_PROPERTY_COMMAND,fighter+0x1E8
2026-07-29T23:46:17Z,429,148720,P1-C1,Saki,2454108608,20,304,Positron A,live_attack_actor,LIVE ATTACK ACTOR,True,READY,,268,"Mid, Heavy Hit, Launch / soft-knockdown route 0x00000100",12,256,"No guard category, No strength tier, Launch / soft-knockdown route 0x00000100",False,[256],[268],0,[],262402,"Initial actor phase, Special chip route B, one-eighth damage, Spawned-attack core flag (correlated)",spawned-attack core; initial actor phase; special chip route,0,0,0,2444319156,0,0,,,,False,,False,,False,,False,,,False,,False,False,NO_PROPERTY_COMMAND,fighter+0x1E8
2026-07-29T23:46:18Z,430,148721,P1-C1,Saki,2454108608,20,304,Positron A,live_attack_actor_latched,LAST ATTACK ACTOR,True,READY,,268,"Mid, Heavy Hit, Launch / soft-knockdown route 0x00000100",12,256,"No guard category, No strength tier, Launch / soft-knockdown route 0x00000100",False,[256],[268],0,[],262402,"Initial actor phase, Special chip route B, one-eighth damage, Spawned-attack core flag (correlated)",spawned-attack core; initial actor phase; special chip route,0,0,0,2444319156,0,0,,,,False,,False,,False,,False,,,False,,False,False,RETRY_PENDING,fighter+0x1E8
2026-07-29T23:46:18Z,431,148722,P1-C1,Saki,2454108608,20,259,2A,move_definition,CURRENT MOVE,True,READY,,33,"Low, Light Hit",33,0,,False,[],[134217729],1,[],64,Standard-strike baseline,standard-strike baseline,0,0,0,0,0,0,,,,False,,False,,False,,False,,,False,,False,False,OK,fighter+0x1E8
2026-07-29T23:46:19Z,432,148725,P2-C1,Gold Lightan,2457778656,11,263,4C,move_definition,CURRENT MOVE,True,READY,,17,"High, Light Hit",17,0,,False,[],[17],2,"[1,2]",20,"Target-acquired / contact-lock state (correlated), Unknown B bits 0x00000004",native low-bit route 0x4; target-acquired/contact-lock,17,20,0,0,0,0,,,,False,,False,,False,,False,,,False,,False,False,OK,fighter+0x1E8
2026-07-29T23:46:19Z,433,148725,P1-C1,Saki,2454108608,20,304,Positron A,live_attack_actor,LIVE ATTACK ACTOR,True,READY,,268,"Mid, Heavy Hit, Launch / soft-knockdown route 0x00000100",12,256,"No guard category, No strength tier, Launch / soft-knockdown route 0x00000100",False,[256],[268],0,[],262402,"Initial actor phase, Special chip route B, one-eighth damage, Spawned-attack core flag (correlated)",spawned-attack core; initial actor phase; special chip route,0,0,0,2444319156,304,2,P1-C1:91B159B4:91A6B774:0130:E2,,,False,,False,,False,,False,,,False,,False,False,RETRY_PENDING,fighter+0x1E8
2026-07-29T23:46:19Z,434,148727,P2-C1,Gold Lightan,2457778656,11,263,4C,move_definition_latched,LAST MOVE,True,READY,,17,"High, Light Hit",17,0,,False,[],[17],2,"[1,2]",20,"Target-acquired / contact-lock state (correlated), Unknown B bits 0x00000004",native low-bit route 0x4; target-acquired/contact-lock,17,20,0,0,0,0,,,,False,,False,,False,,False,,,False,,False,False,NO_PROPERTY_COMMAND,fighter+0x1E8
2026-07-29T23:46:21Z,435,148732,P1-C1,Saki,2454108608,20,267,j.C,cleanup_actor,LIVE ATTACK ACTOR,True,READY,,9,"Mid, Light Hit",9,0,,False,[],[9],0,[],64,Standard-strike baseline,standard-strike baseline,0,0,0,2444319156,267,1,P1-C1:91B159B4:91A6B774:010B:E1,,,False,,False,,False,,False,,,False,,False,True,NO_PROPERTY_COMMAND,fighter+0x1E8
2026-07-29T23:46:21Z,436,148732,P1-C1,Saki,2454108608,20,267,j.C,cleanup_actor,LIVE ATTACK ACTOR,True,READY,,9,"Mid, Light Hit",9,0,,False,[],[9],0,[],64,Standard-strike baseline,standard-strike baseline,0,0,0,2444319156,0,0,,,,False,,False,,False,,False,,,False,,False,True,NO_PROPERTY_COMMAND,fighter+0x1E8
2026-07-29T23:46:22Z,437,148738,P1-C1,Saki,2454108608,20,267,j.C,cleanup_actor,LIVE ATTACK ACTOR,True,READY,,9,"Mid, Light Hit",9,0,,False,[],[9],0,[],64,Standard-strike baseline,standard-strike baseline,0,0,0,2444319156,267,2,P1-C1:91B159B4:91A6B774:010B:E2,,,False,,False,,False,,False,,,False,,False,True,NO_PROPERTY_COMMAND,fighter+0x1E8
2026-07-29T23:46:24Z,438,148741,P1-C1,Saki,2454108608,20,258,5C,cleanup_actor,LIVE ATTACK ACTOR,True,READY,,9,"Mid, Light Hit",9,0,,False,[],[9],0,[],64,Standard-strike baseline,standard-strike baseline,0,0,0,2444319576,258,1,P1-C1:91B15B58:91A6CCB8:0102:E1,,,False,,False,,False,,False,,,False,,False,True,OK,fighter+0x1E8
2026-07-29T23:46:24Z,439,148742,P1-C1,Saki,2454108608,20,256,5A,move_definition,CURRENT MOVE,True,READY,,33,"Low, Light Hit",33,0,,False,[],[134217729],1,[],64,Standard-strike baseline,standard-strike baseline,0,0,0,0,0,0,,,,False,,False,,False,,False,,,False,,False,False,OK,fighter+0x1E8
2026-07-29T23:46:26Z,440,148747,P1-C1,Saki,2454108608,20,258,5C,cleanup_actor,LIVE ATTACK ACTOR,True,READY,,9,"Mid, Light Hit",9,0,,False,[],[9],0,[],64,Standard-strike baseline,standard-strike baseline,0,0,0,2444319576,258,2,P1-C1:91B15B58:91A6CCB8:0102:E2,,,False,,False,,False,,False,,,False,,False,True,OK,fighter+0x1E8
2026-07-29T23:46:26Z,441,148748,P1-C1,Saki,2454108608,20,304,Positron A,live_attack_actor,LIVE ATTACK ACTOR,True,READY,,268,"Mid, Heavy Hit, Launch / soft-knockdown route 0x00000100",12,256,"No guard category, No strength tier, Launch / soft-knockdown route 0x00000100",False,[256],[268],0,[],262402,"Initial actor phase, Special chip route B, one-eighth damage, Spawned-attack core flag (correlated)",spawned-attack core; initial actor phase; special chip route,0,0,0,2444319156,304,3,P1-C1:91B159B4:91A6B774:0130:E3,,,False,,False,,False,,False,,,False,,False,False,NO_PROPERTY_COMMAND,fighter+0x1E8
2026-07-29T23:46:26Z,442,148748,P1-C1,Saki,2454108608,20,258,5C,cleanup_actor,LIVE ATTACK ACTOR,True,READY,,9,"Mid, Light Hit",9,0,,False,[],[9],0,[],64,Standard-strike baseline,standard-strike baseline,0,0,0,2444319576,0,0,,,,False,,False,,False,,False,,,False,,False,True,NO_PROPERTY_COMMAND,fighter+0x1E8
2026-07-29T23:46:26Z,443,148749,P2-C1,Gold Lightan,2457778656,11,260,2B,move_definition,CURRENT MOVE,True,READY,,10,"Mid, Medium Hit",10,16384,"No guard category, No strength tier, OTG enabled 0x00004000",False,[16384],[134234114],1,[],64,Standard-strike baseline,standard-strike baseline,0,0,0,0,0,0,,,,False,,False,,False,,False,,,False,,False,False,OK,fighter+0x1E8
2026-07-29T23:46:26Z,444,148750,P2-C1,Gold Lightan,2457778656,11,258,5C,move_definition,CURRENT MOVE,True,READY,,12,"Mid, Heavy Hit",12,16384,"No guard category, No strength tier, OTG enabled 0x00004000",False,[16384],"[134217732,134234116]",2,"[1,2]",64,Standard-strike baseline,standard-strike baseline,12,64,0,0,0,0,,,,False,,False,,False,,False,,,False,,False,False,OK,fighter+0x1E8
2026-07-29T23:46:27Z,445,148752,P2-C1,Gold Lightan,2457778656,11,258,5C,move_definition_latched,LAST MOVE,True,READY,,12,"Mid, Heavy Hit",12,16384,"No guard category, No strength tier, OTG enabled 0x00004000",False,[16384],"[134217732,134234116]",2,"[1,2]",64,Standard-strike baseline,standard-strike baseline,12,64,0,0,0,0,,,,False,,False,,False,,False,,,False,,False,False,NO_PROPERTY_COMMAND,fighter+0x1E8
2026-07-29T23:46:29Z,446,148758,P2-C1,Gold Lightan,2457778656,11,257,5B,move_definition,CURRENT MOVE,True,READY,,10,"Mid, Medium Hit",10,0,,False,[],[134217730],2,"[1,2]",64,Standard-strike baseline,standard-strike baseline,10,64,0,0,0,0,,,,False,,False,,False,,False,,,False,,False,False,OK,fighter+0x1E8
2026-07-29T23:46:29Z,447,148759,P2-C1,Gold Lightan,2457778656,11,271,4B,move_definition,CURRENT MOVE,True,READY,,12,"Mid, Heavy Hit",12,32768,"No guard category, No strength tier, Wall bounce (powered Roll Swing observed) 0x00008000",False,[32768],[32772],2,"[1,2]",64,Standard-strike baseline,standard-strike baseline,12,64,0,0,0,0,,,,False,,False,,False,,False,,,False,,False,False,OK,fighter+0x1E8
2026-07-29T23:46:31Z,448,148767,P1-C1,Saki,2454108608,20,258,5C,cleanup_actor,LIVE ATTACK ACTOR,True,READY,,9,"Mid, Light Hit",9,0,,False,[],[9],0,[],64,Standard-strike baseline,standard-strike baseline,0,0,0,2444319576,258,3,P1-C1:91B15B58:91A6CCB8:0102:E3,,,False,,False,,False,,False,,,False,,False,True,OK,snapshot
2026-07-29T23:46:31Z,449,148768,P2-C1,Gold Lightan,2457778656,11,271,4B,move_definition_latched,LAST MOVE,True,READY,,12,"Mid, Heavy Hit",12,32768,"No guard category, No strength tier, Wall bounce (powered Roll Swing observed) 0x00008000",False,[32768],[32772],2,"[1,2]",64,Standard-strike baseline,standard-strike baseline,12,64,0,0,0,0,,,,False,,False,,False,,False,,,False,,False,False,NO_PROPERTY_COMMAND,fighter+0x1E8
2026-07-29T23:46:31Z,450,148768,P1-C1,Saki,2454108608,20,309,Grenade C,live_attack_actor,LIVE ATTACK ACTOR,True,READY,,9,"Mid, Light Hit",9,0,,False,[],[9],0,[],262274,"Special chip route B, one-eighth damage, Spawned-attack core flag (correlated), Spawned-actor contact family 0x80 (correlated)",spawned-attack core; spawned-actor contact family; special chip route,0,0,0,2444319156,309,2,P1-C1:91B159B4:91A6B774:0135:E2,,,False,,False,,False,,False,,,False,,False,False,NO_PROPERTY_COMMAND,fighter+0x1E8
2026-07-29T23:46:32Z,451,148771,P2-C1,Gold Lightan,2457778656,11,267,j.C,move_definition,CURRENT MOVE,True,READY,,20,"High, Heavy Hit",20,2148024320,"No guard category, No strength tier, A flags 0x80084000",False,[2148024320],[2282242052],1,[],64,Standard-strike baseline,standard-strike baseline,0,0,0,0,0,0,,,,False,,False,,False,,False,,,False,,False,False,OK,snapshot
2026-07-29T23:46:32Z,452,148771,P1-C1,Saki,2454108608,20,309,Grenade C,cleanup_actor,LIVE ATTACK ACTOR,True,READY,,9,"Mid, Light Hit",9,0,,False,[],[9],0,[],64,Standard-strike baseline,standard-strike baseline,0,0,0,2444319576,309,1,P1-C1:91B15B58:91A6B774:0135:E1,,,False,,False,,False,,False,,,False,,False,True,RETRY_PENDING,fighter+0x1E8
2026-07-29T23:46:32Z,453,148771,P1-C1,Saki,2454108608,20,309,Grenade C,cleanup_actor,LIVE ATTACK ACTOR,True,READY,,9,"Mid, Light Hit",9,0,,False,[],[9],0,[],64,Standard-strike baseline,standard-strike baseline,0,0,0,2444319576,0,0,,,,False,,False,,False,,False,,,False,,False,True,RETRY_PENDING,fighter+0x1E8
2026-07-29T23:46:32Z,454,148772,P2-C1,Gold Lightan,2457778656,11,267,j.C,move_definition_latched,LAST MOVE,True,READY,,20,"High, Heavy Hit",20,2148024320,"No guard category, No strength tier, A flags 0x80084000",False,[2148024320],[2282242052],1,[],64,Standard-strike baseline,standard-strike baseline,0,0,0,0,0,0,,,,False,,False,,False,,False,,,False,,False,False,NO_PROPERTY_COMMAND,fighter+0x1E8
2026-07-29T23:46:33Z,455,148773,P1-C1,Saki,2454108608,20,308,Grenade B,live_attack_actor,LIVE ATTACK ACTOR,True,READY,,9,"Mid, Light Hit",9,0,,False,[],[9],0,[],262274,"Special chip route B, one-eighth damage, Spawned-attack core flag (correlated), Spawned-actor contact family 0x80 (correlated)",spawned-attack core; spawned-actor contact family; special chip route,0,0,0,2444319576,308,1,P1-C1:91B15B58:91A6B774:0134:E1,,,False,,False,,False,,False,,,False,,False,False,NO_PROPERTY_COMMAND,fighter+0x1E8
2026-07-29T23:46:33Z,456,148773,P1-C1,Saki,2454108608,20,308,Grenade B,live_attack_actor,LIVE ATTACK ACTOR,True,READY,,9,"Mid, Light Hit",9,0,,False,[],[9],0,[],262274,"Special chip route B, one-eighth damage, Spawned-attack core flag (correlated), Spawned-actor contact family 0x80 (correlated)",spawned-attack core; spawned-actor contact family; special chip route,0,0,0,2444319576,0,0,,,,False,,False,,False,,False,,,False,,False,False,NO_PROPERTY_COMMAND,fighter+0x1E8
2026-07-29T23:46:33Z,457,148774,P2-C1,Gold Lightan,2457778656,11,304,Gold Quake A,move_definition,CURRENT MOVE,True,READY,,12,"Mid, Heavy Hit",12,0,,True,"[16896,17408]","[16900,17412]",2,[2],262208,"Standard-strike baseline, Special chip route B, one-eighth damage",standard-strike baseline; special chip route,36,262208,0,0,0,0,,,,False,,False,,False,,False,,,False,,False,False,OK,fighter+0x1E8
2026-07-29T23:46:33Z,458,148775,P1-C1,Saki,2454108608,20,308,Grenade B,live_attack_actor_latched,LAST ATTACK ACTOR,True,READY,,9,"Mid, Light Hit",9,0,,False,[],[9],0,[],262274,"Special chip route B, one-eighth damage, Spawned-attack core flag (correlated), Spawned-actor contact family 0x80 (correlated)",spawned-attack core; spawned-actor contact family; special chip route,0,0,0,2444319576,0,0,,,,False,,False,,False,,False,,,False,,False,False,NO_PROPERTY_COMMAND,fighter+0x1E8
2026-07-29T23:46:34Z,459,148777,P1-C1,Saki,2454108608,20,259,2A,move_definition_latched,LAST MOVE,True,READY,,33,"Low, Light Hit",33,0,,False,[],[134217729],1,[],64,Standard-strike baseline,standard-strike baseline,0,0,0,0,0,0,,,,False,,False,,False,,False,,,False,,False,False,NO_PROPERTY_COMMAND,fighter+0x1E8
2026-07-29T23:46:34Z,460,148778,P2-C1,Gold Lightan,2457778656,11,352,Gold Crash,move_definition,CURRENT MOVE,True,READY,,36,"Low, Heavy Hit",36,0,,True,"[3166464,256]","[3166468,260]",3,"[1,2]",1074790465,"Native result modifier +0004, Standard-strike baseline, Result propagation modifier +1, Persistent/paired actor route 0x00100000 (correlated)",native result +0004; standard-strike baseline; persistent/paired actor route; result propagation modifier,36,1074790465,0,0,0,0,,,,False,,False,,False,,False,,,False,,False,False,OK,fighter+0x1E8
2026-07-29T23:46:36Z,461,148786,P2-C1,Gold Lightan,2457778656,11,353,Gold Crash,move_definition,CURRENT MOVE,True,READY,,12,"Mid, Heavy Hit",12,3149824,"No guard category, No strength tier, Cinematic + capture 0x00301000",False,[3149824],[3149828],2,"[1,2]",1073741909,"Native result modifier +0004, Standard-strike baseline, Result propagation modifier +1, Target-acquired / contact-lock state (correlated), Unknown B bits 0x00000004",native result +0004; native low-bit route 0x4; target-acquired/contact-lock; standard-strike baseline; result propagation modifier,12,1073741909,0,0,0,0,,,,False,,False,,False,,False,,,False,,False,False,OK,fighter+0x1E8
2026-07-29T23:46:38Z,462,148792,P2-C1,Gold Lightan,2457778656,11,512,Gold Crash,move_definition,CURRENT MOVE,True,READY,,17,"High, Light Hit",17,0,,False,[],[17],1,[],1073741845,"Native result modifier +0004, Result propagation modifier +1, Target-acquired / contact-lock state (correlated), Unknown B bits 0x00000004",native result +0004; native low-bit route 0x4; target-acquired/contact-lock; result propagation modifier,0,0,0,0,0,0,,,,False,,False,,False,,False,,,False,,False,False,OK,fighter+0x1E8
2026-07-29T23:46:41Z,463,148813,P2-C1,Gold Lightan,2457778656,11,512,Gold Crash,move_definition_latched,LAST MOVE,True,READY,,17,"High, Light Hit",17,0,,False,[],[17],1,[],1073741845,"Native result modifier +0004, Result propagation modifier +1, Target-acquired / contact-lock state (correlated), Unknown B bits 0x00000004",native result +0004; native low-bit route 0x4; target-acquired/contact-lock; result propagation modifier,0,0,0,0,0,0,,,,False,,False,,False,,False,,,False,,False,False,NO_PROPERTY_COMMAND,fighter+0x1E8
2026-07-29T23:46:42Z,464,148814,P1-C1,Saki,2454108608,20,309,Grenade C,live_attack_actor,LIVE ATTACK ACTOR,True,READY,,9,"Mid, Light Hit",9,0,,False,[],[9],0,[],262274,"Special chip route B, one-eighth damage, Spawned-attack core flag (correlated), Spawned-actor contact family 0x80 (correlated)",spawned-attack core; spawned-actor contact family; special chip route,0,0,0,2444319576,309,2,P1-C1:91B15B58:91A6B774:0135:E2,,,False,,False,,False,,False,,,False,,False,False,NO_PROPERTY_COMMAND,fighter+0x1E8
2026-07-29T23:46:42Z,465,148814,P1-C1,Saki,2454108608,20,309,Grenade C,live_attack_actor,LIVE ATTACK ACTOR,True,READY,,9,"Mid, Light Hit",9,0,,False,[],[9],0,[],262274,"Special chip route B, one-eighth damage, Spawned-attack core flag (correlated), Spawned-actor contact family 0x80 (correlated)",spawned-attack core; spawned-actor contact family; special chip route,0,0,0,2444319576,0,0,,,,False,,False,,False,,False,,,False,,False,False,NO_PROPERTY_COMMAND,fighter+0x1E8
2026-07-29T23:46:43Z,466,148815,P2-C1,Gold Lightan,2457778656,11,313,Gold Press,move_definition,CURRENT MOVE,True,READY,,17,"High, Light Hit",17,4096,"No guard category, No strength tier, Capture / throw connection 0x00001000",False,[4096],[4097],2,"[1,2]",20,"Target-acquired / contact-lock state (correlated), Unknown B bits 0x00000004",native low-bit route 0x4; target-acquired/contact-lock,17,20,0,0,0,0,,,,False,,False,,False,,False,,,False,,False,False,OK,fighter+0x1E8
2026-07-29T23:46:43Z,467,148816,P2-C1,Gold Lightan,2457778656,11,476,PRESSED,move_definition,CURRENT MOVE,True,READY,,17,"High, Light Hit",17,0,,False,[],[17],1,[],20,"Target-acquired / contact-lock state (correlated), Unknown B bits 0x00000004",native low-bit route 0x4; target-acquired/contact-lock,0,0,0,0,0,0,,,,False,,False,,False,,False,,,False,,False,False,OK,fighter+0x1E8
2026-07-29T23:46:43Z,468,148816,P1-C1,Saki,2454108608,20,309,Grenade C,live_attack_actor_latched,LAST ATTACK ACTOR,True,READY,,9,"Mid, Light Hit",9,0,,False,[],[9],0,[],262274,"Special chip route B, one-eighth damage, Spawned-attack core flag (correlated), Spawned-actor contact family 0x80 (correlated)",spawned-attack core; spawned-actor contact family; special chip route,0,0,0,2444319576,0,0,,,,False,,False,,False,,False,,,False,,False,False,NO_ACTION_ENTRY,fighter+0x1E8
2026-07-29T23:46:46Z,469,148829,P2-C1,Gold Lightan,2457778656,11,476,PRESSED,move_definition_latched,LAST MOVE,True,READY,,17,"High, Light Hit",17,0,,False,[],[17],1,[],20,"Target-acquired / contact-lock state (correlated), Unknown B bits 0x00000004",native low-bit route 0x4; target-acquired/contact-lock,0,0,0,0,0,0,,,,False,,False,,False,,False,,,False,,False,False,NO_PROPERTY_COMMAND,fighter+0x1E8
2026-07-29T23:46:46Z,470,148830,P2-C1,Gold Lightan,2457778656,11,312,Battleship Breaker C,move_definition,CURRENT MOVE,True,READY,,12,"Mid, Heavy Hit",12,0,,True,"[2147484160,512]","[2147484164,516]",2,"[1,2]",262208,"Standard-strike baseline, Special chip route B, one-eighth damage",standard-strike baseline; special chip route,12,262208,0,0,0,0,,,,False,,False,,False,,False,,,False,,False,False,OK,fighter+0x1E8
2026-07-29T23:46:48Z,471,148836,P1-C1,Saki,2454108608,20,267,j.C,cleanup_actor,LIVE ATTACK ACTOR,True,READY,,9,"Mid, Light Hit",9,0,,False,[],[9],0,[],64,Standard-strike baseline,standard-strike baseline,0,0,0,2444319576,267,1,P1-C1:91B15B58:91A6B774:010B:E1,,,False,,False,,False,,False,,,False,,False,True,NO_PROPERTY_COMMAND,fighter+0x1E8
2026-07-29T23:46:48Z,472,148836,P1-C1,Saki,2454108608,20,267,j.C,cleanup_actor,LIVE ATTACK ACTOR,True,READY,,9,"Mid, Light Hit",9,0,,False,[],[9],0,[],64,Standard-strike baseline,standard-strike baseline,0,0,0,2444319576,0,0,,,,False,,False,,False,,False,,,False,,False,True,NO_PROPERTY_COMMAND,fighter+0x1E8
2026-07-29T23:46:48Z,473,148837,P2-C1,Gold Lightan,2457778656,11,308,Tank Slice B,move_definition,CURRENT MOVE,True,READY,,12,"Mid, Heavy Hit",12,33280,"No guard category, No strength tier, Hard knockdown (Roll Swing family) 0x00008200",False,[33280],[33284],2,"[1,2]",262208,"Standard-strike baseline, Special chip route B, one-eighth damage",standard-strike baseline; special chip route,12,262208,0,0,0,0,,,,False,,False,,False,,False,,,False,,False,False,OK,fighter+0x1E8
2026-07-29T23:48:04Z,474,149442,P2-C1,Jun the Swan,2457778656,8,256,5A,move_definition,CURRENT MOVE,True,READY,,9,"Mid, Light Hit",9,0,,False,[],[134217729],1,[],64,Standard-strike baseline,standard-strike baseline,0,0,0,0,0,0,,,,False,,False,,False,,False,,,False,,False,False,OK,fighter+0x1E8
2026-07-29T23:48:04Z,475,149443,P2-C1,Jun the Swan,2457778656,8,260,2B,move_definition,CURRENT MOVE,True,READY,,34,"Low, Medium Hit",34,0,,False,[],[134217730],1,[],64,Standard-strike baseline,standard-strike baseline,0,0,0,0,0,0,,,,False,,False,,False,,False,,,False,,False,False,OK,fighter+0x1E8
2026-07-29T23:48:05Z,476,149444,P2-C1,Jun the Swan,2457778656,8,258,5C,move_definition,CURRENT MOVE,True,READY,,12,"Mid, Heavy Hit",12,0,,False,[],[134217732],1,[],64,Standard-strike baseline,standard-strike baseline,0,0,0,0,0,0,,,,False,,False,,False,,False,,,False,,False,False,OK,fighter+0x1E8
2026-07-29T23:48:05Z,477,149445,P2-C1,Jun the Swan,2457778656,8,261,2C,move_definition,CURRENT MOVE,True,READY,,36,"Low, Heavy Hit",36,1024,"No guard category, No strength tier, Sweep 0x00000400",False,[1024],"[134217732,134218756]",2,"[1,2]",64,Standard-strike baseline,standard-strike baseline,36,64,0,0,0,0,,,,False,,False,,False,,False,,,False,,False,False,OK,fighter+0x1E8
2026-07-29T23:48:05Z,478,149446,P2-C1,Jun the Swan,2457778656,8,309,Lightning Kick C,move_definition,CURRENT MOVE,True,READY,,20,"High, Heavy Hit",20,256,"No guard category, No strength tier, Launch / soft-knockdown route 0x00000100",False,[256],[260],2,"[1,2]",262208,"Standard-strike baseline, Special chip route B, one-eighth damage",standard-strike baseline; special chip route,20,262208,0,0,0,0,,,,False,,False,,False,,False,,,False,,False,False,OK,fighter+0x1E8
2026-07-29T23:48:06Z,479,149450,P2-C1,Jun the Swan,2457778656,8,309,Lightning Kick C,move_definition_latched,LAST MOVE,True,READY,,20,"High, Heavy Hit",20,256,"No guard category, No strength tier, Launch / soft-knockdown route 0x00000100",False,[256],[260],2,"[1,2]",262208,"Standard-strike baseline, Special chip route B, one-eighth damage",standard-strike baseline; special chip route,20,262208,0,0,0,0,,,,False,,False,,False,,False,,,False,,False,False,NO_PROPERTY_COMMAND,fighter+0x1E8
2026-07-29T23:48:08Z,480,149455,P2-C1,Jun the Swan,2457778656,8,267,j.C,move_definition,CURRENT MOVE,True,READY,,20,"High, Heavy Hit",20,524288,"No guard category, No strength tier, Air knockdown 0x00080000",False,[524288],[134742020],1,[],64,Standard-strike baseline,standard-strike baseline,0,0,0,0,0,0,,,,False,,False,,False,,False,,,False,,False,False,OK,snapshot
2026-07-29T23:48:09Z,481,149456,P1-C1,Karas,2454108608,10,257,5B,move_definition,CURRENT MOVE,True,READY,,10,"Mid, Medium Hit",10,0,,False,[],[134217730],1,[],64,Standard-strike baseline,standard-strike baseline,0,0,0,0,0,0,,,,False,,False,,False,,False,,,False,,False,False,OK,fighter+0x1E8
2026-07-29T23:48:09Z,482,149456,P2-C1,Jun the Swan,2457778656,8,267,j.C,move_definition_latched,LAST MOVE,True,READY,,20,"High, Heavy Hit",20,524288,"No guard category, No strength tier, Air knockdown 0x00080000",False,[524288],[134742020],1,[],64,Standard-strike baseline,standard-strike baseline,0,0,0,0,0,0,,,,False,,False,,False,,False,,,False,,False,False,NO_PROPERTY_COMMAND,fighter+0x1E8
2026-07-29T23:48:10Z,483,149461,P2-C1,Jun the Swan,2457778656,8,258,5C,move_definition_latched,LAST MOVE,True,READY,,12,"Mid, Heavy Hit",12,0,,False,[],[134217732],1,[],64,Standard-strike baseline,standard-strike baseline,0,0,0,0,0,0,,,,False,,False,,False,,False,,,False,,False,False,RETRY_PENDING,fighter+0x1E8
2026-07-29T23:48:10Z,484,149463,P2-C1,Jun the Swan,2457778656,8,256,5A,move_definition_latched,LAST MOVE,True,READY,,9,"Mid, Light Hit",9,0,,False,[],[134217729],1,[],64,Standard-strike baseline,standard-strike baseline,0,0,0,0,0,0,,,,False,,False,,False,,False,,,False,,False,False,NO_PROPERTY_COMMAND,fighter+0x1E8
2026-07-29T23:48:11Z,485,149464,P2-C1,Jun the Swan,2457778656,8,259,2A,move_definition,CURRENT MOVE,True,READY,,9,"Mid, Light Hit",9,0,,False,[],[134217729],1,[],64,Standard-strike baseline,standard-strike baseline,0,0,0,0,0,0,,,,False,,False,,False,,False,,,False,,False,False,OK,fighter+0x1E8
2026-07-29T23:48:12Z,486,149468,P2-C1,Jun the Swan,2457778656,8,288,j.A (second hit),move_definition,CURRENT MOVE,True,READY,,17,"High, Light Hit",17,0,,False,[],[402653185],1,[],64,Standard-strike baseline,standard-strike baseline,0,0,0,0,0,0,,,,False,,False,,False,,False,,,False,,False,False,OK,fighter+0x1E8
2026-07-29T23:48:13Z,487,149472,P1-C1,Karas,2454108608,10,266,j.B,move_definition,CURRENT MOVE,True,READY,,18,"High, Medium Hit",18,0,,False,[],[402653186],1,[],64,Standard-strike baseline,standard-strike baseline,0,0,0,0,0,0,,,,False,,False,,False,,False,,,False,,False,False,OK,fighter+0x1E8
2026-07-29T23:48:13Z,488,149473,P1-C1,Karas,2454108608,10,266,j.B,move_definition_latched,LAST MOVE,True,READY,,18,"High, Medium Hit",18,0,,False,[],[402653186],1,[],64,Standard-strike baseline,standard-strike baseline,0,0,0,0,0,0,,,,False,,False,,False,,False,,,False,,False,False,NO_PROPERTY_COMMAND,fighter+0x1E8
2026-07-29T23:48:14Z,489,149474,P2-C1,Jun the Swan,2457778656,8,315,Dancing Swan B,move_definition,CURRENT MOVE,True,READY,,20,"High, Heavy Hit",20,1048832,"No guard category, No strength tier, Stabilized soft knockdown 0x00100100",False,[1048832],[1048836],1,[],786516,"Standard-strike baseline, Special chip route B, one-eighth damage, Target-acquired / contact-lock state (correlated), Capture/cinematic modifier 0x00080000 (correlated), Unknown B bits 0x00000004",exact: Hitgrab into capture-state packet; native low-bit route 0x4; target-acquired/contact-lock; standard-strike baseline; special chip route; capture/cinematic modifier,0,0,0,0,0,0,,,,False,,False,,False,,False,,,False,,False,False,OK,fighter+0x1E8
2026-07-29T23:48:14Z,490,149477,P2-C1,Jun the Swan,2457778656,8,315,Dancing Swan B,move_definition_latched,LAST MOVE,True,READY,,20,"High, Heavy Hit",20,1048832,"No guard category, No strength tier, Stabilized soft knockdown 0x00100100",False,[1048832],[1048836],1,[],786516,"Standard-strike baseline, Special chip route B, one-eighth damage, Target-acquired / contact-lock state (correlated), Capture/cinematic modifier 0x00080000 (correlated), Unknown B bits 0x00000004",exact: Hitgrab into capture-state packet; native low-bit route 0x4; target-acquired/contact-lock; standard-strike baseline; special chip route; capture/cinematic modifier,0,0,0,0,0,0,,,,False,,False,,False,,False,,,False,,False,False,NO_PROPERTY_COMMAND,fighter+0x1E8
2026-07-29T23:48:18Z,491,149491,P1-C1,Karas,2454108608,10,320,Spawned Actor 0140,live_attack_actor,LIVE ATTACK ACTOR,True,READY,,4105,"Mid, Light Hit, Capture / throw connection 0x00001000",9,4096,"No guard category, No strength tier, Capture / throw connection 0x00001000",False,[4096],[4105],0,[],524422,"Spawned-attack core flag (correlated), Spawned-actor contact family 0x80 (correlated), Capture/cinematic modifier 0x00080000 (correlated), Unknown B bits 0x00000004",spawned-attack core; native low-bit route 0x4; spawned-actor contact family; capture/cinematic modifier,0,0,0,2444319156,320,1,P1-C1:91B159B4:91A6B774:0140:E1,,,False,,False,,False,,False,,,False,,False,False,RETRY_PENDING,fighter+0x1E8
2026-07-29T23:48:18Z,492,149491,P1-C1,Karas,2454108608,10,320,Spawned Actor 0140,live_attack_actor,LIVE ATTACK ACTOR,True,READY,,4105,"Mid, Light Hit, Capture / throw connection 0x00001000",9,4096,"No guard category, No strength tier, Capture / throw connection 0x00001000",False,[4096],[4105],0,[],524422,"Spawned-attack core flag (correlated), Spawned-actor contact family 0x80 (correlated), Capture/cinematic modifier 0x00080000 (correlated), Unknown B bits 0x00000004",spawned-attack core; native low-bit route 0x4; spawned-actor contact family; capture/cinematic modifier,0,0,0,2444319156,0,0,,,,False,,False,,False,,False,,,False,,False,False,RETRY_PENDING,fighter+0x1E8
2026-07-29T23:48:18Z,493,149492,P1-C1,Karas,2454108608,10,320,Spawned Actor 0140,live_attack_actor_latched,LAST ATTACK ACTOR,True,READY,,4105,"Mid, Light Hit, Capture / throw connection 0x00001000",9,4096,"No guard category, No strength tier, Capture / throw connection 0x00001000",False,[4096],[4105],0,[],524422,"Spawned-attack core flag (correlated), Spawned-actor contact family 0x80 (correlated), Capture/cinematic modifier 0x00080000 (correlated), Unknown B bits 0x00000004",spawned-attack core; native low-bit route 0x4; spawned-actor contact family; capture/cinematic modifier,0,0,0,2444319156,0,0,,,,False,,False,,False,,False,,,False,,False,False,NO_PROPERTY_COMMAND,fighter+0x1E8
2026-07-29T23:48:18Z,494,149494,P1-C1,Karas,2454108608,10,262,6C,move_definition,CURRENT MOVE,True,READY,,12,"Mid, Heavy Hit",12,0,,True,"[512,2147483776]","[516,2147483780]",2,[2],64,Standard-strike baseline,standard-strike baseline,12,72,0,0,0,0,,,,False,,False,,False,,False,,,False,,False,False,OK,fighter+0x1E8
2026-07-29T23:48:20Z,495,149500,P1-C1,Karas,2454108608,10,262,6C,move_definition_latched,LAST MOVE,True,READY,,12,"Mid, Heavy Hit",12,0,,True,"[512,2147483776]","[516,2147483780]",2,[2],64,Standard-strike baseline,standard-strike baseline,12,72,0,0,0,0,,,,False,,False,,False,,False,,,False,,False,False,NO_PROPERTY_COMMAND,fighter+0x1E8
2026-07-29T23:48:20Z,496,149501,P1-C2,Tekkaman,2461448704,3,418,Tag In,move_definition,CURRENT MOVE,True,READY,,12,"Mid, Heavy Hit",12,768,"No guard category, No strength tier, Spiral knockdown 0x00000300",False,[768],[772],2,"[1,2]",64,Standard-strike baseline,standard-strike baseline,12,64,0,0,0,0,,,,False,,False,,False,,False,,,False,,False,False,OK,fighter+0x1E8
2026-07-29T23:48:20Z,497,149502,P1-C2,Tekkaman,2461448704,3,418,Tag In,move_definition_latched,LAST MOVE,True,READY,,12,"Mid, Heavy Hit",12,768,"No guard category, No strength tier, Spiral knockdown 0x00000300",False,[768],[772],2,"[1,2]",64,Standard-strike baseline,standard-strike baseline,12,64,0,0,0,0,,,,False,,False,,False,,False,,,False,,False,False,NO_PROPERTY_COMMAND,fighter+0x1E8
2026-07-29T23:48:22Z,498,149506,P2-C2,Roll,2465118752,19,426,assist attack,cleanup_actor,LIVE ATTACK ACTOR,True,READY,,9,"Mid, Light Hit",9,0,,False,[],[9],0,[],64,Standard-strike baseline,standard-strike baseline,0,0,16384,2444319156,426,1,P2-C2:91B159B4:91A6B774:01AA:E1,,,False,,False,,False,,False,,,False,,False,True,RETRY_PENDING,fighter+0x1E8
2026-07-29T23:48:22Z,499,149506,P2-C2,Roll,2465118752,19,426,assist attack,cleanup_actor,LIVE ATTACK ACTOR,True,READY,,9,"Mid, Light Hit",9,0,,False,[],[9],0,[],64,Standard-strike baseline,standard-strike baseline,0,0,16384,2444319156,0,0,,,,False,,False,,False,,False,,,False,,False,True,RETRY_PENDING,fighter+0x1E8
2026-07-29T23:48:22Z,500,149507,P2-C1,Jun the Swan,2457778656,8,257,5B,move_definition,CURRENT MOVE,True,READY,,10,"Mid, Medium Hit",10,0,,False,[],[134217730],1,[],64,Standard-strike baseline,standard-strike baseline,0,0,0,0,0,0,,,,False,,False,,False,,False,,,False,,False,False,OK,fighter+0x1E8
2026-07-29T23:48:23Z,501,149509,P1-C2,Tekkaman,2461448704,3,259,2A,move_definition,CURRENT MOVE,True,READY,,34,"Low, Medium Hit",34,0,,False,[],"[134217730,134217729]",2,[2],64,Standard-strike baseline,standard-strike baseline,33,64,0,0,0,0,,,,False,,False,,False,,False,,,False,,False,False,OK,fighter+0x1E8
2026-07-29T23:48:23Z,502,149510,P1-C2,Tekkaman,2461448704,3,261,2C,move_definition,CURRENT MOVE,True,READY,,36,"Low, Heavy Hit",36,1024,"No guard category, No strength tier, Sweep 0x00000400",False,[1024],"[134217732,134218756]",3,"[1,2,3]",64,Standard-strike baseline,standard-strike baseline,36,64,0,0,0,0,,,,False,,False,,False,,False,,,False,,False,False,OK,fighter+0x1E8
2026-07-29T23:48:23Z,503,149512,P1-C2,Tekkaman,2461448704,3,262,6C,move_definition,CURRENT MOVE,True,READY,,12,"Mid, Heavy Hit",12,262144,"No guard category, No strength tier, Launcher 0x00040000",False,[262144],"[134217732,134479876]",3,"[1,2,3]",64,Standard-strike baseline,standard-strike baseline,12,64,0,0,0,0,,,,False,,False,,False,,False,,,False,,False,False,OK,fighter+0x1E8
2026-07-29T23:48:24Z,504,149514,P1-C2,Tekkaman,2461448704,3,306,Gatling C,move_definition,CURRENT MOVE,True,READY,,12,"Mid, Heavy Hit",12,0,,False,[],[4],4,"[1,2,3,4]",262208,"Standard-strike baseline, Special chip route B, one-eighth damage",standard-strike baseline; special chip route,12,262208,0,0,0,0,,,,False,,False,,False,,False,,,False,,False,False,OK,fighter+0x1E8
2026-07-29T23:48:25Z,505,149517,P1-C2,Tekkaman,2461448704,3,306,Gatling C,move_definition_latched,LAST MOVE,True,READY,,12,"Mid, Heavy Hit",12,0,,False,[],[4],4,"[1,2,3,4]",262208,"Standard-strike baseline, Special chip route B, one-eighth damage",standard-strike baseline; special chip route,12,262208,0,0,0,0,,,,False,,False,,False,,False,,,False,,False,False,NO_PROPERTY_COMMAND,fighter+0x1E8
2026-07-29T23:48:26Z,506,149520,P1-C2,Tekkaman,2461448704,3,265,j.A,move_definition,CURRENT MOVE,True,READY,,17,"High, Light Hit",17,0,,False,[],[134217729],2,"[1,2]",64,Standard-strike baseline,standard-strike baseline,17,64,0,0,0,0,,,,False,,False,,False,,False,,,False,,False,False,OK,fighter+0x1E8
2026-07-29T23:48:29Z,507,149529,P1-C2,Tekkaman,2461448704,3,465,Forward Throw,move_definition,CURRENT MOVE,True,READY,,17,"High, Light Hit",17,0,,False,[],[17],1,[],20,"Target-acquired / contact-lock state (correlated), Unknown B bits 0x00000004",native low-bit route 0x4; target-acquired/contact-lock,0,0,0,0,0,0,,,,False,,False,,False,,False,,,False,,False,False,OK,fighter+0x1E8
2026-07-29T23:48:31Z,508,149536,P1-C2,Tekkaman,2461448704,3,465,Forward Throw,move_definition_latched,LAST MOVE,True,READY,,17,"High, Light Hit",17,0,,False,[],[17],1,[],20,"Target-acquired / contact-lock state (correlated), Unknown B bits 0x00000004",native low-bit route 0x4; target-acquired/contact-lock,0,0,0,0,0,0,,,,False,,False,,False,,False,,,False,,False,False,NO_PROPERTY_COMMAND,fighter+0x1E8
2026-07-29T23:48:31Z,509,149539,P1-C2,Tekkaman,2461448704,3,257,5B,move_definition,CURRENT MOVE,True,READY,,12,"Mid, Heavy Hit",12,0,,False,[],"[134217732,134217730]",2,[2],64,Standard-strike baseline,standard-strike baseline,10,64,0,0,0,0,,,,False,,False,,False,,False,,,False,,False,False,OK,fighter+0x1E8
2026-07-29T23:48:32Z,510,149540,P1-C2,Tekkaman,2461448704,3,260,2B,move_definition,CURRENT MOVE,True,READY,,12,"Mid, Heavy Hit",12,0,,False,[],"[134217732,402653186,134217730]",3,"[2,3]",64,Standard-strike baseline,standard-strike baseline,10,64,0,0,0,0,,,,False,,False,,False,,False,,,False,,False,False,OK,fighter+0x1E8
2026-07-29T23:48:32Z,511,149541,P1-C2,Tekkaman,2461448704,3,258,5C,move_definition,CURRENT MOVE,True,READY,,12,"Mid, Heavy Hit",12,0,,True,"[256,262144]","[134217988,134479876]",2,"[1,2]",64,Standard-strike baseline,standard-strike baseline,12,64,0,0,0,0,,,,False,,False,,False,,False,,,False,,False,False,OK,fighter+0x1E8
2026-07-29T23:48:33Z,512,149543,P1-C2,Tekkaman,2461448704,3,264,3C,move_definition,CURRENT MOVE,True,READY,,12,"Mid, Heavy Hit",12,262144,"No guard category, No strength tier, Launcher 0x00040000",False,[262144],[134479876],1,[],64,Standard-strike baseline,standard-strike baseline,0,0,0,0,0,0,,,,False,,False,,False,,False,,,False,,False,False,OK,fighter+0x1E8
2026-07-29T23:48:33Z,513,149544,P2-C1,Jun the Swan,2457778656,8,448,Megacrash,move_definition,CURRENT MOVE,True,READY,,12,"Mid, Heavy Hit",12,4325376,"No guard category, No strength tier, Megacrash blowback 0x00420000",False,[4325376],[4325380],2,"[1,2]",64,Standard-strike baseline,standard-strike baseline,12,64,0,0,0,0,,,,False,,False,,False,,False,,,False,,False,False,OK,fighter+0x1E8
2026-07-29T23:48:34Z,514,149547,P1-C2,Tekkaman,2461448704,3,264,3C,move_definition_latched,LAST MOVE,True,READY,,12,"Mid, Heavy Hit",12,262144,"No guard category, No strength tier, Launcher 0x00040000",False,[262144],[134479876],1,[],64,Standard-strike baseline,standard-strike baseline,0,0,0,0,0,0,,,,False,,False,,False,,False,,,False,,False,False,NO_PROPERTY_COMMAND,fighter+0x1E8
2026-07-29T23:48:34Z,515,149547,P2-C1,Jun the Swan,2457778656,8,448,Megacrash,move_definition_latched,LAST MOVE,True,READY,,12,"Mid, Heavy Hit",12,4325376,"No guard category, No strength tier, Megacrash blowback 0x00420000",False,[4325376],[4325380],2,"[1,2]",64,Standard-strike baseline,standard-strike baseline,12,64,0,0,0,0,,,,False,,False,,False,,False,,,False,,False,False,NO_PROPERTY_COMMAND,fighter+0x1E8
2026-07-29T23:52:28Z,516,151718,P2-C1,Ippatsuman,2461448672,7,257,5B,move_definition,CURRENT MOVE,True,READY,,10,"Mid, Medium Hit",10,0,,False,[],[134217730],2,"[1,2]",64,Standard-strike baseline,standard-strike baseline,10,64,0,0,0,0,,,,False,,False,,False,,False,,,False,,False,False,OK,fighter+0x1E8
2026-07-29T23:52:29Z,517,151723,P2-C1,Ippatsuman,2461448672,7,261,2C,move_definition,CURRENT MOVE,True,READY,,36,"Low, Heavy Hit",36,1024,"No guard category, No strength tier, Sweep 0x00000400",False,[1024],[134218756],1,[],64,Standard-strike baseline,standard-strike baseline,0,0,0,0,0,0,,,,False,,False,,False,,False,,,False,,False,False,OK,fighter+0x1E8
2026-07-29T23:52:31Z,518,151727,P2-C1,Ippatsuman,2461448672,7,261,2C,move_definition_latched,LAST MOVE,True,READY,,36,"Low, Heavy Hit",36,1024,"No guard category, No strength tier, Sweep 0x00000400",False,[1024],[134218756],1,[],64,Standard-strike baseline,standard-strike baseline,0,0,0,0,0,0,,,,False,,False,,False,,False,,,False,,False,False,NO_PROPERTY_COMMAND,fighter+0x1E8
2026-07-29T23:52:31Z,519,151728,P2-C1,Ippatsuman,2461448672,7,308,Mound B,live_attack_actor,LIVE ATTACK ACTOR,True,READY,,268,"Mid, Heavy Hit, Launch / soft-knockdown route 0x00000100",12,256,"No guard category, No strength tier, Launch / soft-knockdown route 0x00000100",False,[256],[268],0,[],1310978,"Initial actor phase, Special chip route B, one-eighth damage, Spawned-attack core flag (correlated), Persistent/paired actor route 0x00100000 (correlated)",spawned-attack core; initial actor phase; special chip route; persistent/paired actor route,0,0,0,2444319156,308,1,P2-C1:91B159B4:91A6B774:0134:E1,,,False,,False,,False,,False,,,False,,False,False,NO_PROPERTY_COMMAND,fighter+0x1E8
2026-07-29T23:52:31Z,520,151728,P2-C1,Ippatsuman,2461448672,7,308,Mound B,live_attack_actor,LIVE ATTACK ACTOR,True,READY,,268,"Mid, Heavy Hit, Launch / soft-knockdown route 0x00000100",12,256,"No guard category, No strength tier, Launch / soft-knockdown route 0x00000100",False,[256],[268],0,[],1310978,"Initial actor phase, Special chip route B, one-eighth damage, Spawned-attack core flag (correlated), Persistent/paired actor route 0x00100000 (correlated)",spawned-attack core; initial actor phase; special chip route; persistent/paired actor route,0,0,0,2444319156,0,0,,,,False,,False,,False,,False,,,False,,False,False,NO_PROPERTY_COMMAND,fighter+0x1E8
2026-07-29T23:52:32Z,521,151730,P2-C1,Ippatsuman,2461448672,7,308,Mound B,live_attack_actor_latched,LAST ATTACK ACTOR,True,READY,,268,"Mid, Heavy Hit, Launch / soft-knockdown route 0x00000100",12,256,"No guard category, No strength tier, Launch / soft-knockdown route 0x00000100",False,[256],[268],0,[],1310978,"Initial actor phase, Special chip route B, one-eighth damage, Spawned-attack core flag (correlated), Persistent/paired actor route 0x00100000 (correlated)",spawned-attack core; initial actor phase; special chip route; persistent/paired actor route,0,0,0,2444319156,0,0,,,,False,,False,,False,,False,,,False,,False,False,RETRY_PENDING,fighter+0x1E8
2026-07-29T23:52:32Z,522,151731,P1-C1,Gold Lightan,2454108608,11,309,Tank Slice C,move_definition,CURRENT MOVE,True,READY,,12,"Mid, Heavy Hit",12,33280,"No guard category, No strength tier, Hard knockdown (Roll Swing family) 0x00008200",False,[33280],[33284],2,"[1,2]",262208,"Standard-strike baseline, Special chip route B, one-eighth damage",standard-strike baseline; special chip route,12,262208,0,0,0,0,,,,False,,False,,False,,False,,,False,,False,False,OK,fighter+0x1E8
2026-07-29T23:52:33Z,523,151736,P1-C1,Gold Lightan,2454108608,11,309,Tank Slice C,move_definition_latched,LAST MOVE,True,READY,,12,"Mid, Heavy Hit",12,33280,"No guard category, No strength tier, Hard knockdown (Roll Swing family) 0x00008200",False,[33280],[33284],2,"[1,2]",262208,"Standard-strike baseline, Special chip route B, one-eighth damage",standard-strike baseline; special chip route,12,262208,0,0,0,0,,,,False,,False,,False,,False,,,False,,False,False,NO_PROPERTY_COMMAND,fighter+0x1E8
2026-07-29T23:52:34Z,524,151741,P1-C1,Gold Lightan,2454108608,11,260,2B,move_definition,CURRENT MOVE,True,READY,,10,"Mid, Medium Hit",10,16384,"No guard category, No strength tier, OTG enabled 0x00004000",False,[16384],[134234114],1,[],64,Standard-strike baseline,standard-strike baseline,0,0,0,0,0,0,,,,False,,False,,False,,False,,,False,,False,False,OK,fighter+0x1E8
2026-07-29T23:52:35Z,525,151742,P1-C1,Gold Lightan,2454108608,11,258,5C,move_definition,CURRENT MOVE,True,READY,,12,"Mid, Heavy Hit",12,16384,"No guard category, No strength tier, OTG enabled 0x00004000",False,[16384],"[134217732,134234116]",2,"[1,2]",64,Standard-strike baseline,standard-strike baseline,12,64,0,0,0,0,,,,False,,False,,False,,False,,,False,,False,False,OK,fighter+0x1E8
2026-07-29T23:52:36Z,526,151749,P1-C1,Gold Lightan,2454108608,11,258,5C,move_definition_latched,LAST MOVE,True,READY,,12,"Mid, Heavy Hit",12,16384,"No guard category, No strength tier, OTG enabled 0x00004000",False,[16384],"[134217732,134234116]",2,"[1,2]",64,Standard-strike baseline,standard-strike baseline,12,64,0,0,0,0,,,,False,,False,,False,,False,,,False,,False,False,NO_PROPERTY_COMMAND,fighter+0x1E8
2026-07-29T23:52:38Z,527,151758,P1-C1,Gold Lightan,2454108608,11,260,2B,move_definition_latched,LAST MOVE,True,READY,,10,"Mid, Medium Hit",10,16384,"No guard category, No strength tier, OTG enabled 0x00004000",False,[16384],[134234114],1,[],64,Standard-strike baseline,standard-strike baseline,0,0,0,0,0,0,,,,False,,False,,False,,False,,,False,,False,False,NO_PROPERTY_COMMAND,fighter+0x1E8
2026-07-29T23:52:38Z,528,151758,P2-C1,Ippatsuman,2461448672,7,323,Air Quick Upper A,move_definition,CURRENT MOVE,True,READY,,12,"Mid, Heavy Hit",12,256,"No guard category, No strength tier, Launch / soft-knockdown route 0x00000100",False,[256],[260],1,[],262208,"Standard-strike baseline, Special chip route B, one-eighth damage",standard-strike baseline; special chip route,0,0,0,0,0,0,,,,False,,False,,False,,False,,,False,,False,False,OK,fighter+0x1E8
2026-07-29T23:52:39Z,529,151759,P1-C1,Gold Lightan,2454108608,11,267,j.C,move_definition,CURRENT MOVE,True,READY,,20,"High, Heavy Hit",20,2148024320,"No guard category, No strength tier, A flags 0x80084000",False,[2148024320],[2282242052],1,[],64,Standard-strike baseline,standard-strike baseline,0,0,0,0,0,0,,,,False,,False,,False,,False,,,False,,False,False,OK,fighter+0x1E8
2026-07-29T23:52:39Z,530,151760,P2-C1,Ippatsuman,2461448672,7,323,Air Quick Upper A,move_definition_latched,LAST MOVE,True,READY,,12,"Mid, Heavy Hit",12,256,"No guard category, No strength tier, Launch / soft-knockdown route 0x00000100",False,[256],[260],1,[],262208,"Standard-strike baseline, Special chip route B, one-eighth damage",standard-strike baseline; special chip route,0,0,0,0,0,0,,,,False,,False,,False,,False,,,False,,False,False,NO_PROPERTY_COMMAND,fighter+0x1E8
2026-07-29T23:52:39Z,531,151762,P1-C1,Gold Lightan,2454108608,11,267,j.C,move_definition_latched,LAST MOVE,True,READY,,20,"High, Heavy Hit",20,2148024320,"No guard category, No strength tier, A flags 0x80084000",False,[2148024320],[2282242052],1,[],64,Standard-strike baseline,standard-strike baseline,0,0,0,0,0,0,,,,False,,False,,False,,False,,,False,,False,False,NO_PROPERTY_COMMAND,fighter+0x1E8
2026-07-29T23:52:40Z,532,151765,P1-C1,Gold Lightan,2454108608,11,270,6B,move_definition,CURRENT MOVE,True,READY,,18,"High, Medium Hit",18,16512,"No guard category, No strength tier, A flags 0x00004080",False,[16512],[16514],1,[],64,Standard-strike baseline,standard-strike baseline,0,0,0,0,0,0,,,,False,,False,,False,,False,,,False,,False,False,OK,fighter+0x1E8
2026-07-29T23:52:40Z,533,151765,P2-C1,Ippatsuman,2461448672,7,259,2A,move_definition_latched,LAST MOVE,True,READY,,9,"Mid, Light Hit",9,0,,False,[],[134217729],1,[],64,Standard-strike baseline,standard-strike baseline,0,0,0,0,0,0,,,,False,,False,,False,,False,,,False,,False,False,NO_PROPERTY_COMMAND,fighter+0x1E8
2026-07-29T23:52:41Z,534,151770,P1-C1,Gold Lightan,2454108608,11,270,6B,move_definition_latched,LAST MOVE,True,READY,,18,"High, Medium Hit",18,16512,"No guard category, No strength tier, A flags 0x00004080",False,[16512],[16514],1,[],64,Standard-strike baseline,standard-strike baseline,0,0,0,0,0,0,,,,False,,False,,False,,False,,,False,,False,False,NO_PROPERTY_COMMAND,fighter+0x1E8
2026-07-29T23:52:42Z,535,151772,P2-C1,Ippatsuman,2461448672,7,317,Dash DP B,move_definition,CURRENT MOVE,True,READY,,12,"Mid, Heavy Hit",12,256,"No guard category, No strength tier, Launch / soft-knockdown route 0x00000100",False,[256],[260],2,"[1,2]",262208,"Standard-strike baseline, Special chip route B, one-eighth damage",standard-strike baseline; special chip route,12,262208,0,0,0,0,,,,False,,False,,False,,False,,,False,,False,False,OK,fighter+0x1E8
2026-07-29T23:52:43Z,536,151774,P1-C1,Gold Lightan,2454108608,11,271,4B,move_definition,CURRENT MOVE,True,READY,,12,"Mid, Heavy Hit",12,32768,"No guard category, No strength tier, Wall bounce (powered Roll Swing observed) 0x00008000",False,[32768],[32772],2,"[1,2]",64,Standard-strike baseline,standard-strike baseline,12,64,0,0,0,0,,,,False,,False,,False,,False,,,False,,False,False,OK,fighter+0x1E8
2026-07-29T23:52:45Z,537,151781,P1-C1,Gold Lightan,2454108608,11,271,4B,move_definition_latched,LAST MOVE,True,READY,,12,"Mid, Heavy Hit",12,32768,"No guard category, No strength tier, Wall bounce (powered Roll Swing observed) 0x00008000",False,[32768],[32772],2,"[1,2]",64,Standard-strike baseline,standard-strike baseline,12,64,0,0,0,0,,,,False,,False,,False,,False,,,False,,False,False,NO_PROPERTY_COMMAND,fighter+0x1E8
2026-07-29T23:52:45Z,538,151782,P1-C1,Gold Lightan,2454108608,11,310,Battleship Breaker A,move_definition,CURRENT MOVE,True,READY,,12,"Mid, Heavy Hit",12,0,,True,"[2147484160,512]","[2147484164,516]",2,"[1,2]",262208,"Standard-strike baseline, Special chip route B, one-eighth damage",standard-strike baseline; special chip route,12,262208,0,0,0,0,,,,False,,False,,False,,False,,,False,,False,False,OK,fighter+0x1E8
2026-07-29T23:52:47Z,539,151789,P1-C1,Gold Lightan,2454108608,11,257,5B,move_definition,CURRENT MOVE,True,READY,,10,"Mid, Medium Hit",10,0,,False,[],[134217730],2,"[1,2]",64,Standard-strike baseline,standard-strike baseline,10,64,0,0,0,0,,,,False,,False,,False,,False,,,False,,False,False,OK,fighter+0x1E8
2026-07-29T23:52:48Z,540,151792,P2-C1,Ippatsuman,2461448672,7,257,5B,move_definition_latched,LAST MOVE,True,READY,,10,"Mid, Medium Hit",10,0,,False,[],[134217730],2,"[1,2]",64,Standard-strike baseline,standard-strike baseline,10,64,0,0,0,0,,,,False,,False,,False,,False,,,False,,False,False,NO_PROPERTY_COMMAND,fighter+0x1E8
2026-07-29T23:52:48Z,541,151795,P1-C1,Gold Lightan,2454108608,11,256,5A,move_definition,CURRENT MOVE,True,READY,,9,"Mid, Light Hit",9,0,,False,[],[134217729],1,[],64,Standard-strike baseline,standard-strike baseline,0,0,0,0,0,0,,,,False,,False,,False,,False,,,False,,False,False,OK,fighter+0x1E8
2026-07-29T23:52:49Z,542,151796,P1-C2,Karas,2465118720,10,426,assist attack,live_attack_actor,LIVE ATTACK ACTOR,True,READY,,34828,"Mid, Heavy Hit, Exact reaction 0x00008800 (unresolved) 0x00008800",12,34816,"No guard category, No strength tier, Exact reaction 0x00008800 (unresolved) 0x00008800",False,[34816],[34828],0,[],258,"Initial actor phase, Spawned-attack core flag (correlated)",spawned-attack core; initial actor phase,0,0,0,2444319156,426,1,P1-C2:91B159B4:91A6B774:01AA:E1,,,False,,False,,False,,False,,,False,,False,False,RETRY_PENDING,fighter+0x1E8
2026-07-29T23:52:49Z,543,151796,P1-C2,Karas,2465118720,10,426,assist attack,live_attack_actor,LIVE ATTACK ACTOR,True,READY,,34828,"Mid, Heavy Hit, Exact reaction 0x00008800 (unresolved) 0x00008800",12,34816,"No guard category, No strength tier, Exact reaction 0x00008800 (unresolved) 0x00008800",False,[34816],[34828],0,[],258,"Initial actor phase, Spawned-attack core flag (correlated)",spawned-attack core; initial actor phase,0,0,0,2444319156,0,0,,,,False,,False,,False,,False,,,False,,False,False,RETRY_PENDING,fighter+0x1E8
2026-07-29T23:52:49Z,544,151797,P1-C2,Karas,2465118720,10,426,assist attack,live_attack_actor_latched,LAST ATTACK ACTOR,True,READY,,34828,"Mid, Heavy Hit, Exact reaction 0x00008800 (unresolved) 0x00008800",12,34816,"No guard category, No strength tier, Exact reaction 0x00008800 (unresolved) 0x00008800",False,[34816],[34828],0,[],258,"Initial actor phase, Spawned-attack core flag (correlated)",spawned-attack core; initial actor phase,0,0,0,2444319156,0,0,,,,False,,False,,False,,False,,,False,,False,False,NO_PROPERTY_COMMAND,fighter+0x1E8
2026-07-29T23:52:50Z,545,151802,P2-C1,Ippatsuman,2461448672,7,314,Quick Upper B,move_definition,CURRENT MOVE,True,READY,,12,"Mid, Heavy Hit",12,256,"No guard category, No strength tier, Launch / soft-knockdown route 0x00000100",False,[256],[260],2,"[1,2]",262208,"Standard-strike baseline, Special chip route B, one-eighth damage",standard-strike baseline; special chip route,12,262208,0,0,0,0,,,,False,,False,,False,,False,,,False,,False,False,OK,fighter+0x1E8
2026-07-29T23:52:51Z,546,151803,P2-C1,Ippatsuman,2461448672,7,314,Quick Upper B,move_definition_latched,LAST MOVE,True,READY,,12,"Mid, Heavy Hit",12,256,"No guard category, No strength tier, Launch / soft-knockdown route 0x00000100",False,[256],[260],2,"[1,2]",262208,"Standard-strike baseline, Special chip route B, one-eighth damage",standard-strike baseline; special chip route,12,262208,0,0,0,0,,,,False,,False,,False,,False,,,False,,False,False,NO_PROPERTY_COMMAND,fighter+0x1E8
2026-07-29T23:52:53Z,547,151811,P1-C1,Gold Lightan,2454108608,11,310,Battleship Breaker A,move_definition_latched,LAST MOVE,True,READY,,12,"Mid, Heavy Hit",12,0,,True,"[2147484160,512]","[2147484164,516]",2,"[1,2]",262208,"Standard-strike baseline, Special chip route B, one-eighth damage",standard-strike baseline; special chip route,12,262208,0,0,0,0,,,,False,,False,,False,,False,,,False,,False,False,NO_PROPERTY_COMMAND,fighter+0x1E8
2026-07-29T23:52:55Z,548,151818,P1-C2,Karas,2465118720,10,418,Tag In,move_definition,CURRENT MOVE,True,READY,,12,"Mid, Heavy Hit",12,768,"No guard category, No strength tier, Spiral knockdown 0x00000300",False,[768],[772],1,[],64,Standard-strike baseline,standard-strike baseline,0,0,0,0,0,0,,,,False,,False,,False,,False,,,False,,False,False,OK,fighter+0x1E8
2026-07-29T23:52:55Z,549,151821,P1-C2,Karas,2465118720,10,418,Tag In,move_definition_latched,LAST MOVE,True,READY,,12,"Mid, Heavy Hit",12,768,"No guard category, No strength tier, Spiral knockdown 0x00000300",False,[768],[772],1,[],64,Standard-strike baseline,standard-strike baseline,0,0,0,0,0,0,,,,False,,False,,False,,False,,,False,,False,False,RETRY_PENDING,fighter+0x1E8
2026-07-29T23:52:56Z,550,151822,P1-C1,Gold Lightan,2454108608,11,259,2A,move_definition,CURRENT MOVE,True,READY,,10,"Mid, Medium Hit",10,0,,False,[],[134217730],1,[],64,Standard-strike baseline,standard-strike baseline,0,0,0,0,0,0,,,,False,,False,,False,,False,,,False,,False,False,OK,fighter+0x1E8
2026-07-29T23:52:56Z,551,151823,P1-C1,Gold Lightan,2454108608,11,304,Gold Quake A,move_definition,CURRENT MOVE,True,READY,,12,"Mid, Heavy Hit",12,0,,True,"[16896,17408]","[16900,17412]",2,[2],262208,"Standard-strike baseline, Special chip route B, one-eighth damage",standard-strike baseline; special chip route,36,262208,0,0,0,0,,,,False,,False,,False,,False,,,False,,False,False,OK,fighter+0x1E8
2026-07-29T23:52:56Z,552,151824,P1-C2,Karas,2465118720,10,261,2C,move_definition,CURRENT MOVE,True,READY,,36,"Low, Heavy Hit",36,1024,"No guard category, No strength tier, Sweep 0x00000400",False,[1024],[134218756],1,[],64,Standard-strike baseline,standard-strike baseline,0,0,0,0,0,0,,,,False,,False,,False,,False,,,False,,False,False,OK,fighter+0x1E8
2026-07-29T23:56:52Z,553,153978,P1-C1,Ken the Eagle,2454108608,1,322,Eagle Rush C,move_definition,CURRENT MOVE,True,READY,,20,"High, Heavy Hit",20,0,,True,"[256,512]","[260,516]",5,"[1,2,3,4,5]",17039424,"Standard-strike baseline, Special chip route B, one-eighth damage, Repeat-contact handling",standard-strike baseline; special chip route; repeat-contact handling,20,17039424,0,0,0,0,,,,False,,False,,False,,False,,,False,,False,False,OK,fighter+0x1E8
2026-07-29T23:56:53Z,554,153981,P1-C1,Ken the Eagle,2454108608,1,322,Eagle Rush C,move_definition_latched,LAST MOVE,True,READY,,20,"High, Heavy Hit",20,0,,True,"[256,512]","[260,516]",5,"[1,2,3,4,5]",17039424,"Standard-strike baseline, Special chip route B, one-eighth damage, Repeat-contact handling",standard-strike baseline; special chip route; repeat-contact handling,20,17039424,0,0,0,0,,,,False,,False,,False,,False,,,False,,False,False,NO_PROPERTY_COMMAND,fighter+0x1E8
2026-07-29T23:56:54Z,555,153984,P2-C1,Ken the Eagle,2457778656,1,305,Bird Run B,live_attack_actor,LIVE ATTACK ACTOR,True,READY,,9,"Mid, Light Hit",9,0,,False,[],[9],0,[],262402,"Initial actor phase, Special chip route B, one-eighth damage, Spawned-attack core flag (correlated)",spawned-attack core; initial actor phase; special chip route,0,0,0,2444319156,305,1,P2-C1:91B159B4:91A6B774:0131:E1,,,False,,False,,False,,False,,,False,,False,False,NO_PROPERTY_COMMAND,fighter+0x1E8
2026-07-29T23:56:54Z,556,153984,P2-C1,Ken the Eagle,2457778656,1,305,Bird Run B,live_attack_actor,LIVE ATTACK ACTOR,True,READY,,9,"Mid, Light Hit",9,0,,False,[],[9],0,[],262402,"Initial actor phase, Special chip route B, one-eighth damage, Spawned-attack core flag (correlated)",spawned-attack core; initial actor phase; special chip route,0,0,0,2444319156,0,0,,,,False,,False,,False,,False,,,False,,False,False,NO_PROPERTY_COMMAND,fighter+0x1E8
2026-07-29T23:56:54Z,557,153985,P2-C1,Ken the Eagle,2457778656,1,258,5C,move_definition,CURRENT MOVE,True,READY,,12,"Mid, Heavy Hit",12,0,,False,[],[134217732],1,[],268435520,"Standard-strike baseline, Unknown B bits 0x10000000",standard-strike baseline,0,0,0,0,0,0,,,,False,,False,,False,,False,,,False,,False,False,OK,fighter+0x1E8
2026-07-29T23:56:54Z,558,153986,P2-C1,Ken the Eagle,2457778656,1,307,Bird Shoot A,move_definition,CURRENT MOVE,True,READY,,12,"Mid, Heavy Hit",12,256,"No guard category, No strength tier, Launch / soft-knockdown route 0x00000100",False,[256],[260],1,[],262208,"Standard-strike baseline, Special chip route B, one-eighth damage",standard-strike baseline; special chip route,0,0,0,0,0,0,,,,False,,False,,False,,False,,,False,,False,False,OK,fighter+0x1E8
2026-07-29T23:56:55Z,559,153991,P2-C1,Ken the Eagle,2457778656,1,309,Bird Shoot C,move_definition,CURRENT MOVE,True,READY,,12,"Mid, Heavy Hit",12,256,"No guard category, No strength tier, Launch / soft-knockdown route 0x00000100",False,[256],[260],1,[],262208,"Standard-strike baseline, Special chip route B, one-eighth damage",standard-strike baseline; special chip route,0,0,0,0,0,0,,,,False,,False,,False,,False,,,False,,False,False,OK,fighter+0x1E8
2026-07-29T23:56:59Z,560,154005,P1-C1,Ken the Eagle,2454108608,1,309,Bird Shoot C,move_definition,CURRENT MOVE,True,READY,,12,"Mid, Heavy Hit",12,256,"No guard category, No strength tier, Launch / soft-knockdown route 0x00000100",False,[256],[260],1,[],262208,"Standard-strike baseline, Special chip route B, one-eighth damage",standard-strike baseline; special chip route,0,0,0,0,0,0,,,,False,,False,,False,,False,,,False,,False,False,OK,fighter+0x1E8
2026-07-29T23:57:00Z,561,154010,P1-C1,Ken the Eagle,2454108608,1,309,Bird Shoot C,move_definition_latched,LAST MOVE,True,READY,,12,"Mid, Heavy Hit",12,256,"No guard category, No strength tier, Launch / soft-knockdown route 0x00000100",False,[256],[260],1,[],262208,"Standard-strike baseline, Special chip route B, one-eighth damage",standard-strike baseline; special chip route,0,0,0,0,0,0,,,,False,,False,,False,,False,,,False,,False,False,NO_PROPERTY_COMMAND,fighter+0x1E8
2026-07-29T23:57:01Z,562,154013,P2-C1,Ken the Eagle,2457778656,1,326,Air Bird Shoot A,move_definition,CURRENT MOVE,True,READY,,12,"Mid, Heavy Hit",12,256,"No guard category, No strength tier, Launch / soft-knockdown route 0x00000100",False,[256],[260],1,[],262208,"Standard-strike baseline, Special chip route B, one-eighth damage",standard-strike baseline; special chip route,0,0,0,0,0,0,,,,False,,False,,False,,False,,,False,,False,False,OK,fighter+0x1E8
2026-07-29T23:57:01Z,563,154014,P1-C1,Ken the Eagle,2454108608,1,305,Bird Run B,live_attack_actor,LIVE ATTACK ACTOR,True,READY,,9,"Mid, Light Hit",9,0,,False,[],[9],0,[],262402,"Initial actor phase, Special chip route B, one-eighth damage, Spawned-attack core flag (correlated)",spawned-attack core; initial actor phase; special chip route,0,0,0,2444319156,305,1,P1-C1:91B159B4:91A6B774:0131:E1,,,False,,False,,False,,False,,,False,,False,False,RETRY_PENDING,fighter+0x1E8
2026-07-29T23:57:01Z,564,154014,P1-C1,Ken the Eagle,2454108608,1,305,Bird Run B,live_attack_actor,LIVE ATTACK ACTOR,True,READY,,9,"Mid, Light Hit",9,0,,False,[],[9],0,[],262402,"Initial actor phase, Special chip route B, one-eighth damage, Spawned-attack core flag (correlated)",spawned-attack core; initial actor phase; special chip route,0,0,0,2444319156,0,0,,,,False,,False,,False,,False,,,False,,False,False,RETRY_PENDING,fighter+0x1E8
2026-07-29T23:57:02Z,565,154016,P2-C1,Ken the Eagle,2457778656,1,326,Air Bird Shoot A,move_definition_latched,LAST MOVE,True,READY,,12,"Mid, Heavy Hit",12,256,"No guard category, No strength tier, Launch / soft-knockdown route 0x00000100",False,[256],[260],1,[],262208,"Standard-strike baseline, Special chip route B, one-eighth damage",standard-strike baseline; special chip route,0,0,0,0,0,0,,,,False,,False,,False,,False,,,False,,False,False,NO_PROPERTY_COMMAND,fighter+0x1E8
2026-07-29T23:57:03Z,566,154019,P1-C1,Ken the Eagle,2454108608,1,328,Air Bird Shoot C,move_definition,CURRENT MOVE,True,READY,,12,"Mid, Heavy Hit",12,256,"No guard category, No strength tier, Launch / soft-knockdown route 0x00000100",False,[256],[260],1,[],262208,"Standard-strike baseline, Special chip route B, one-eighth damage",standard-strike baseline; special chip route,0,0,0,0,0,0,,,,False,,False,,False,,False,,,False,,False,False,OK,fighter+0x1E8
2026-07-29T23:57:04Z,567,154025,P1-C1,Ken the Eagle,2454108608,1,258,5C,move_definition,CURRENT MOVE,True,READY,,12,"Mid, Heavy Hit",12,0,,False,[],[134217732],1,[],268435520,"Standard-strike baseline, Unknown B bits 0x10000000",standard-strike baseline,0,0,0,0,0,0,,,,False,,False,,False,,False,,,False,,False,False,OK,fighter+0x1E8
2026-07-29T23:57:05Z,568,154031,P2-C1,Ken the Eagle,2457778656,1,308,Bird Shoot B,move_definition,CURRENT MOVE,True,READY,,12,"Mid, Heavy Hit",12,256,"No guard category, No strength tier, Launch / soft-knockdown route 0x00000100",False,[256],[260],1,[],262208,"Standard-strike baseline, Special chip route B, one-eighth damage",standard-strike baseline; special chip route,0,0,0,0,0,0,,,,False,,False,,False,,False,,,False,,False,False,OK,fighter+0x1E8
2026-07-29T23:57:06Z,569,154035,P2-C1,Ken the Eagle,2457778656,1,322,Eagle Rush C,move_definition,CURRENT MOVE,True,READY,,20,"High, Heavy Hit",20,0,,True,"[256,512]","[260,516]",5,"[1,2,3,4,5]",17039424,"Standard-strike baseline, Special chip route B, one-eighth damage, Repeat-contact handling",standard-strike baseline; special chip route; repeat-contact handling,20,17039424,0,0,0,0,,,,False,,False,,False,,False,,,False,,False,False,OK,fighter+0x1E8
2026-07-29T23:57:08Z,570,154040,P1-C2,Volnutt,2461448704,18,426,assist attack,move_definition,CURRENT MOVE,True,READY,,12,"Mid, Heavy Hit",12,256,"No guard category, No strength tier, Launch / soft-knockdown route 0x00000100",False,[256],[260],6,"[1,2,3]",16777280,"Standard-strike baseline, Repeat-contact handling",standard-strike baseline; repeat-contact handling,12,16777280,0,0,0,0,,,,False,,False,,False,,False,,,False,,False,False,OK,fighter+0x1E8
2026-07-29T23:57:09Z,571,154045,P1-C2,Volnutt,2461448704,18,426,assist attack,move_definition_latched,LAST MOVE,True,READY,,12,"Mid, Heavy Hit",12,256,"No guard category, No strength tier, Launch / soft-knockdown route 0x00000100",False,[256],[260],6,"[1,2,3]",16777280,"Standard-strike baseline, Repeat-contact handling",standard-strike baseline; repeat-contact handling,12,16777280,0,0,0,0,,,,False,,False,,False,,False,,,False,,False,False,NO_PROPERTY_COMMAND,fighter+0x1E8
2026-07-29T23:57:09Z,572,154046,P2-C1,Ken the Eagle,2457778656,1,270,6B,move_definition,CURRENT MOVE,True,READY,,18,"High, Medium Hit",18,0,,False,[],[134217730],1,[],64,Standard-strike baseline,standard-strike baseline,0,0,0,0,0,0,,,,False,,False,,False,,False,,,False,,False,False,OK,fighter+0x1E8
2026-07-29T23:57:10Z,573,154048,P1-C1,Ken the Eagle,2454108608,1,259,2A,move_definition,CURRENT MOVE,True,READY,,9,"Mid, Light Hit",9,0,,False,[],[134217729],1,[],64,Standard-strike baseline,standard-strike baseline,0,0,0,0,0,0,,,,False,,False,,False,,False,,,False,,False,False,OK,fighter+0x1E8
2026-07-29T23:57:11Z,574,154051,P2-C2,Batsu,2465118752,14,426,assist attack,move_definition,CURRENT MOVE,True,READY,,12,"Mid, Heavy Hit",12,256,"No guard category, No strength tier, Launch / soft-knockdown route 0x00000100",False,[256],"[4,260]",3,"[1,2,3]",64,Standard-strike baseline,standard-strike baseline,12,64,0,0,0,0,,,,False,,False,,False,,False,,,False,,False,False,OK,fighter+0x1E8
2026-07-29T23:57:11Z,575,154053,P1-C1,Ken the Eagle,2454108608,1,267,j.C,move_definition,CURRENT MOVE,True,READY,,20,"High, Heavy Hit",20,524288,"No guard category, No strength tier, Air knockdown 0x00080000",False,[524288],[134742020],1,[],64,Standard-strike baseline,standard-strike baseline,0,0,0,0,0,0,,,,False,,False,,False,,False,,,False,,False,False,OK,fighter+0x1E8
2026-07-29T23:57:11Z,576,154053,P2-C1,Ken the Eagle,2457778656,1,320,Eagle Rush A,move_definition,CURRENT MOVE,True,READY,,20,"High, Heavy Hit",20,0,,True,"[256,512]","[260,516]",3,"[1,2,3]",17039424,"Standard-strike baseline, Special chip route B, one-eighth damage, Repeat-contact handling",standard-strike baseline; special chip route; repeat-contact handling,20,17039424,0,0,0,0,,,,False,,False,,False,,False,,,False,,False,False,OK,fighter+0x1E8
2026-07-29T23:57:11Z,577,154054,P1-C1,Ken the Eagle,2454108608,1,267,j.C,move_definition_latched,LAST MOVE,True,READY,,20,"High, Heavy Hit",20,524288,"No guard category, No strength tier, Air knockdown 0x00080000",False,[524288],[134742020],1,[],64,Standard-strike baseline,standard-strike baseline,0,0,0,0,0,0,,,,False,,False,,False,,False,,,False,,False,False,NO_PROPERTY_COMMAND,fighter+0x1E8
2026-07-29T23:57:11Z,578,154054,P2-C1,Ken the Eagle,2457778656,1,320,Eagle Rush A,move_definition_latched,LAST MOVE,True,READY,,20,"High, Heavy Hit",20,0,,True,"[256,512]","[260,516]",3,"[1,2,3]",17039424,"Standard-strike baseline, Special chip route B, one-eighth damage, Repeat-contact handling",standard-strike baseline; special chip route; repeat-contact handling,20,17039424,0,0,0,0,,,,False,,False,,False,,False,,,False,,False,False,NO_PROPERTY_COMMAND,fighter+0x1E8
2026-07-29T23:57:12Z,579,154056,P2-C2,Batsu,2465118752,14,426,assist attack,move_definition_latched,LAST MOVE,True,READY,,12,"Mid, Heavy Hit",12,256,"No guard category, No strength tier, Launch / soft-knockdown route 0x00000100",False,[256],"[4,260]",3,"[1,2,3]",64,Standard-strike baseline,standard-strike baseline,12,64,0,0,0,0,,,,False,,False,,False,,False,,,False,,False,False,NO_PROPERTY_COMMAND,fighter+0x1E8
2026-07-29T23:57:15Z,580,154068,P1-C1,Ken the Eagle,2454108608,1,304,Bird Run A,live_attack_actor,LIVE ATTACK ACTOR,True,READY,,9,"Mid, Light Hit",9,0,,False,[],[9],0,[],262402,"Initial actor phase, Special chip route B, one-eighth damage, Spawned-attack core flag (correlated)",spawned-attack core; initial actor phase; special chip route,0,0,0,2444319156,304,4,P1-C1:91B159B4:91A6B774:0130:E4,,,False,,False,,False,,False,,,False,,False,False,RETRY_PENDING,fighter+0x1E8
2026-07-29T23:57:15Z,581,154068,P1-C1,Ken the Eagle,2454108608,1,304,Bird Run A,live_attack_actor,LIVE ATTACK ACTOR,True,READY,,9,"Mid, Light Hit",9,0,,False,[],[9],0,[],262402,"Initial actor phase, Special chip route B, one-eighth damage, Spawned-attack core flag (correlated)",spawned-attack core; initial actor phase; special chip route,0,0,0,2444319156,0,0,,,,False,,False,,False,,False,,,False,,False,False,RETRY_PENDING,fighter+0x1E8
2026-07-29T23:57:16Z,582,154069,P2-C1,Ken the Eagle,2457778656,1,257,5B,move_definition,CURRENT MOVE,True,READY,,10,"Mid, Medium Hit",10,0,,False,[],[134217730],1,[],64,Standard-strike baseline,standard-strike baseline,0,0,0,0,0,0,,,,False,,False,,False,,False,,,False,,False,False,OK,fighter+0x1E8
2026-07-29T23:57:16Z,583,154071,P1-C1,Ken the Eagle,2454108608,1,257,5B,move_definition,CURRENT MOVE,True,READY,,10,"Mid, Medium Hit",10,0,,False,[],[134217730],1,[],64,Standard-strike baseline,standard-strike baseline,0,0,0,0,0,0,,,,False,,False,,False,,False,,,False,,False,False,OK,fighter+0x1E8
2026-07-29T23:57:16Z,584,154071,P2-C1,Ken the Eagle,2457778656,1,257,5B,move_definition_latched,LAST MOVE,True,READY,,10,"Mid, Medium Hit",10,0,,False,[],[134217730],1,[],64,Standard-strike baseline,standard-strike baseline,0,0,0,0,0,0,,,,False,,False,,False,,False,,,False,,False,False,NO_PROPERTY_COMMAND,fighter+0x1E8
2026-07-29T23:57:21Z,585,154087,P2-C1,Ken the Eagle,2457778656,1,307,Bird Shoot A,move_definition_latched,LAST MOVE,True,READY,,12,"Mid, Heavy Hit",12,256,"No guard category, No strength tier, Launch / soft-knockdown route 0x00000100",False,[256],[260],1,[],262208,"Standard-strike baseline, Special chip route B, one-eighth damage",standard-strike baseline; special chip route,0,0,0,0,0,0,,,,False,,False,,False,,False,,,False,,False,False,RETRY_PENDING,fighter+0x1E8
