timestamp_utc,gui_frame,slot,team,fighter_base,char_id,character_name,point_before,point_after,event_kind,max_hp_before,max_hp_after,current_before,current_after,current_delta,aux_before,aux_after,aux_delta,red_before,red_after,red_delta,damage_observed,aux_loss_observed,red_generated_observed,predicted_aux_loss,predicted_red_generated,prediction_difference,prediction_match,prediction_confidence,predicted_reserve_step,pending_current_delta,pending_aux_delta,heal_sync_mode,baroque_before,baroque_after,red_spent_before,red_spent_after,attacker_slot,attacker_char_id,attacker_name,attacker_action_id,attacker_action_name,attacker_action_frame,attack_base_damage,attack_property_a,attack_property_b,notes
2026-07-25T16:55:48Z,118,P2-C1,P2,0x927EB9E0,1,Ken the Eagle,True,True,normal_damage_red_generation,44000,44000,44000,43200,-800,44000,43520,-480,0,320,320,800,480,320,480,320,0,True,medium,4,0,0,0,False,False,0,0,,,,,,,,,,
2026-07-25T16:55:50Z,128,P2-C1,P2,0x927EB9E0,1,Ken the Eagle,True,True,normal_damage_red_generation,44000,44000,43200,41600,-1600,43520,42560,-960,320,960,640,1600,960,640,960,640,0,True,medium,4,0,0,0,False,False,0,0,,,,,,,,,,
2026-07-25T16:55:50Z,131,P2-C1,P2,0x927EB9E0,1,Ken the Eagle,True,True,normal_damage_red_generation,44000,44000,41600,39990,-1610,42560,41594,-966,960,1604,644,1610,966,644,966,644,0,True,medium,4,0,0,0,False,False,0,0,,,,,,,,,,
2026-07-25T16:55:50Z,134,P2-C1,P2,0x927EB9E0,1,Ken the Eagle,True,True,normal_damage_red_generation,44000,44000,39990,38462,-1528,41594,40678,-916,1604,2216,612,1528,916,612,916,612,0,True,medium,4,0,0,0,False,False,0,0,,,,,,,,,,
2026-07-25T16:55:51Z,138,P1-C1,P1,0x9246B9C0,12,Ryu,True,True,baroque_status_change,48000,48000,43200,43200,0,48000,48000,0,4800,4800,0,0,0,0,,,,,none,4,0,0,0,False,True,0,4800,,,,,,,,,,
2026-07-25T16:55:51Z,138,P2-C1,P2,0x927EB9E0,1,Ken the Eagle,True,True,normal_damage_red_generation,44000,44000,38462,37017,-1445,40678,39811,-867,2216,2794,578,1445,867,578,867,578,0,True,medium,4,0,0,0,False,False,0,0,,,,,,,,,,
2026-07-25T16:55:51Z,139,P1-C1,P1,0x9246B9C0,12,Ryu,True,True,baroque_consume,48000,48000,43200,43200,0,48000,43200,-4800,4800,0,-4800,0,4800,0,,-4800,0,True,high,4,0,0,0,True,True,4800,4800,,,,,,,,,,
2026-07-25T16:55:51Z,141,P2-C1,P2,0x927EB9E0,1,Ken the Eagle,True,True,normal_damage_red_generation,44000,44000,37017,36357,-660,39811,39415,-396,2794,3058,264,660,396,264,396,264,0,True,medium,4,0,0,0,False,False,0,0,,,,,,,,,,
2026-07-25T16:55:51Z,144,P1-C1,P1,0x9246B9C0,12,Ryu,True,True,recoverable_ceiling_gain,48000,48000,43200,43200,0,43200,48000,4800,0,4800,4800,0,0,4800,,,,,none,4,0,0,0,True,False,4800,4800,,,,,,,,,,
2026-07-25T16:55:52Z,145,P2-C1,P2,0x927EB9E0,1,Ken the Eagle,True,True,normal_damage_red_generation,44000,44000,36357,33877,-2480,39415,37927,-1488,3058,4050,992,2480,1488,992,1488,992,0,True,medium,4,0,0,0,False,False,0,0,,,,,,,,,,
2026-07-25T16:55:52Z,154,P2-C1,P2,0x927EB9E0,1,Ken the Eagle,True,True,normal_damage_red_generation,44000,44000,33877,33077,-800,37927,37447,-480,4050,4370,320,800,480,320,480,320,0,True,medium,4,0,0,0,False,False,0,0,,,,,,,,,,
2026-07-25T16:55:53Z,157,P2-C1,P2,0x927EB9E0,1,Ken the Eagle,True,True,normal_damage_red_generation,44000,44000,33077,31709,-1368,37447,36627,-820,4370,4918,548,1368,820,548,820,548,0,True,medium,4,0,0,0,False,False,0,0,,,,,,,,,,
2026-07-25T16:55:54Z,164,P2-C1,P2,0x927EB9E0,1,Ken the Eagle,True,True,normal_damage_red_generation,44000,44000,31709,30909,-800,36627,36147,-480,4918,5238,320,800,480,320,480,320,0,True,medium,4,0,0,0,False,False,0,0,,,,,,,,,,
2026-07-25T16:55:54Z,166,P2-C1,P2,0x927EB9E0,1,Ken the Eagle,True,True,normal_damage_red_generation,44000,44000,30909,29541,-1368,36147,35327,-820,5238,5786,548,1368,820,548,820,548,0,True,medium,4,0,0,0,False,False,0,0,,,,,,,,,,
2026-07-25T16:55:54Z,167,P2-C1,P2,0x927EB9E0,1,Ken the Eagle,True,True,normal_damage_red_generation,44000,44000,29541,28317,-1224,35327,34593,-734,5786,6276,490,1224,734,490,734,490,0,True,medium,4,0,0,0,False,False,0,0,,,,,,,,,,
2026-07-25T16:55:54Z,170,P2-C1,P2,0x927EB9E0,1,Ken the Eagle,True,True,normal_damage_red_generation,44000,44000,28317,26209,-2108,34593,33329,-1264,6276,7120,844,2108,1264,844,1264,844,0,True,medium,4,0,0,0,False,False,0,0,,,,,,,,,,
2026-07-25T16:55:55Z,173,P2-C1,P2,0x927EB9E0,1,Ken the Eagle,True,True,normal_damage_red_generation,44000,44000,26209,24290,-1919,33329,32178,-1151,7120,7888,768,1919,1151,768,1151,768,0,True,medium,4,0,0,0,False,False,0,0,,,,,,,,,,
2026-07-25T16:55:55Z,177,P2-C1,P2,0x927EB9E0,1,Ken the Eagle,True,True,normal_damage_red_generation,44000,44000,24290,22627,-1663,32178,31181,-997,7888,8554,666,1663,997,666,997,666,0,True,medium,4,0,0,0,False,False,0,0,,,,,,,,,,
2026-07-25T16:55:56Z,181,P2-C1,P2,0x927EB9E0,1,Ken the Eagle,True,True,normal_damage_red_generation,44000,44000,22627,20656,-1971,31181,29999,-1182,8554,9343,789,1971,1182,789,1182,789,0,True,medium,4,0,0,0,False,False,0,0,,,,,,,,,,
2026-07-25T16:55:57Z,191,P2-C1,P2,0x927EB9E0,1,Ken the Eagle,True,True,normal_damage_red_generation,44000,44000,20656,20112,-544,29999,29673,-326,9343,9561,218,544,326,218,326,218,0,True,medium,4,0,0,0,False,False,0,0,,,,,,,,,,
2026-07-25T16:55:57Z,192,P2-C1,P2,0x927EB9E0,1,Ken the Eagle,True,True,normal_damage_red_generation,44000,44000,20112,19198,-914,29673,29125,-548,9561,9927,366,914,548,366,548,366,0,True,medium,4,0,0,0,False,False,0,0,,,,,,,,,,
2026-07-25T16:55:58Z,195,P2-C1,P2,0x927EB9E0,1,Ken the Eagle,True,True,normal_damage_red_generation,44000,44000,19198,18408,-790,29125,28651,-474,9927,10243,316,790,474,316,474,316,0,True,medium,4,0,0,0,False,False,0,0,,,,,,,,,,
2026-07-25T16:55:58Z,198,P2-C1,P2,0x927EB9E0,1,Ken the Eagle,True,True,normal_damage_red_generation,44000,44000,18408,17098,-1310,28651,27865,-786,10243,10767,524,1310,786,524,786,524,0,True,medium,4,0,0,0,False,False,0,0,,,,,,,,,,
2026-07-25T16:55:58Z,201,P2-C1,P2,0x927EB9E0,1,Ken the Eagle,True,True,normal_damage_red_generation,44000,44000,17098,15943,-1155,27865,27172,-693,10767,11229,462,1155,693,462,693,462,0,True,medium,4,0,0,0,False,False,0,0,,,,,,,,,,
2026-07-25T16:55:59Z,204,P2-C1,P2,0x927EB9E0,1,Ken the Eagle,True,True,normal_damage_red_generation,44000,44000,15943,15017,-926,27172,26617,-555,11229,11600,371,926,555,371,555,371,0,True,medium,4,0,0,0,False,False,0,0,,,,,,,,,,
2026-07-25T16:55:59Z,209,P2-C1,P2,0x927EB9E0,1,Ken the Eagle,True,True,normal_damage_red_generation,44000,44000,15017,14411,-606,26617,26254,-363,11600,11843,243,606,363,243,363,243,0,True,medium,4,0,0,0,False,False,0,0,,,,,,,,,,
2026-07-25T16:56:00Z,212,P2-C1,P2,0x927EB9E0,1,Ken the Eagle,True,True,normal_damage_red_generation,44000,44000,14411,13804,-607,26254,25890,-364,11843,12086,243,607,364,243,364,243,0,True,medium,4,0,0,0,False,False,0,0,,,,,,,,,,
2026-07-25T16:56:00Z,215,P2-C1,P2,0x927EB9E0,1,Ken the Eagle,True,True,normal_damage_red_generation,44000,44000,13804,13196,-608,25890,25526,-364,12086,12330,244,608,364,244,364,244,0,True,medium,4,0,0,0,False,False,0,0,,,,,,,,,,
2026-07-25T16:56:00Z,219,P2-C1,P2,0x927EB9E0,1,Ken the Eagle,True,True,normal_damage_red_generation,44000,44000,13196,12587,-609,25526,25161,-365,12330,12574,244,609,365,244,365,244,0,True,medium,4,0,0,0,False,False,0,0,,,,,,,,,,
2026-07-25T16:56:03Z,244,P2-C1,P2,0x927EB9E0,1,Ken the Eagle,True,True,recoverable_heal,44000,44000,12587,13587,1000,25161,25161,0,12574,11574,-1000,0,0,0,,,,,none,4,500,0,1,False,False,0,0,,,,,,,,,,
2026-07-25T16:56:03Z,245,P2-C1,P2,0x927EB9E0,1,Ken the Eagle,True,True,recoverable_heal,44000,44000,13587,16087,2500,25161,25161,0,11574,9074,-2500,0,0,0,,,,,none,4,500,0,1,False,False,0,0,,,,,,,,,,
2026-07-25T16:56:03Z,246,P2-C1,P2,0x927EB9E0,1,Ken the Eagle,True,True,recoverable_heal,44000,44000,16087,18587,2500,25161,25161,0,9074,6574,-2500,0,0,0,,,,,none,4,500,0,1,False,False,0,0,,,,,,,,,,
2026-07-25T16:56:03Z,247,P2-C1,P2,0x927EB9E0,1,Ken the Eagle,True,True,recoverable_heal,44000,44000,18587,21087,2500,25161,25161,0,6574,4074,-2500,0,0,0,,,,,none,4,500,0,1,False,False,0,0,,,,,,,,,,
2026-07-25T16:56:03Z,248,P2-C1,P2,0x927EB9E0,1,Ken the Eagle,True,True,recoverable_heal,44000,44000,21087,23587,2500,25161,25161,0,4074,1574,-2500,0,0,0,,,,,none,4,500,0,1,False,False,0,0,,,,,,,,,,
2026-07-25T16:56:03Z,249,P2-C1,P2,0x927EB9E0,1,Ken the Eagle,True,True,mixed_heal,44000,44000,23587,26587,3000,25161,26587,1426,1574,0,-1574,0,0,0,,,,,none,4,500,0,1,False,False,0,0,,,,,,,,,,
2026-07-25T16:56:03Z,250,P2-C1,P2,0x927EB9E0,1,Ken the Eagle,True,True,current_and_ceiling_heal,44000,44000,26587,29587,3000,26587,29587,3000,0,0,0,0,0,0,,,,,none,4,500,0,1,False,False,0,0,,,,,,,,,,
2026-07-25T16:56:03Z,251,P2-C1,P2,0x927EB9E0,1,Ken the Eagle,True,True,current_and_ceiling_heal,44000,44000,29587,32587,3000,29587,32587,3000,0,0,0,0,0,0,,,,,none,4,500,0,1,False,False,0,0,,,,,,,,,,
2026-07-25T16:56:03Z,252,P2-C1,P2,0x927EB9E0,1,Ken the Eagle,True,True,current_and_ceiling_heal,44000,44000,32587,36087,3500,32587,36087,3500,0,0,0,0,0,0,,,,,none,4,500,0,1,False,False,0,0,,,,,,,,,,
2026-07-25T16:56:04Z,253,P2-C1,P2,0x927EB9E0,1,Ken the Eagle,True,True,current_and_ceiling_heal,44000,44000,36087,39587,3500,36087,39587,3500,0,0,0,0,0,0,,,,,none,4,500,0,1,False,False,0,0,,,,,,,,,,
2026-07-25T16:56:04Z,254,P2-C1,P2,0x927EB9E0,1,Ken the Eagle,True,True,current_and_ceiling_heal,44000,44000,39587,43587,4000,39587,43587,4000,0,0,0,0,0,0,,,,,none,4,500,0,1,False,False,0,0,,,,,,,,,,
2026-07-25T16:56:04Z,255,P2-C1,P2,0x927EB9E0,1,Ken the Eagle,True,True,full_health_reset,44000,44000,43587,44000,413,43587,44000,413,0,0,0,0,0,0,,,,,none,4,0,0,0,False,False,0,0,,,,,,,,,,
2026-07-25T16:56:09Z,311,P2-C1,P2,0x927EB9E0,1,Ken the Eagle,True,True,normal_damage_red_generation,44000,44000,44000,43200,-800,44000,43520,-480,0,320,320,800,480,320,480,320,0,True,medium,4,0,0,0,False,False,0,0,,,,,,,,,,
2026-07-25T16:56:10Z,324,P2-C1,P2,0x927EB9E0,1,Ken the Eagle,True,True,normal_damage_red_generation,44000,44000,43200,40640,-2560,43520,41984,-1536,320,1344,1024,2560,1536,1024,1536,1024,0,True,medium,4,0,0,0,False,False,0,0,,,,,,,,,,
2026-07-25T16:56:11Z,345,P2-C1,P2,0x927EB9E0,1,Ken the Eagle,True,True,mixed_heal,44000,44000,40640,42140,1500,41984,42140,156,1344,0,-1344,0,0,0,,,,,none,4,500,0,1,False,False,0,0,,,,,,,,,,
2026-07-25T16:56:11Z,346,P2-C1,P2,0x927EB9E0,1,Ken the Eagle,True,True,full_health_reset,44000,44000,42140,44000,1860,42140,44000,1860,0,0,0,0,0,0,,,,,none,4,0,0,0,False,False,0,0,,,,,,,,,,
2026-07-25T16:57:55Z,1482,P1-C1,P1,0x9246B9C0,12,Ryu,True,True,recoverable_heal,48000,48000,43200,45200,2000,48000,48000,0,4800,2800,-2000,0,0,0,,,,,none,4,500,0,1,False,False,4800,4800,,,,,,,,,,
2026-07-25T16:57:55Z,1483,P1-C1,P1,0x9246B9C0,12,Ryu,True,True,recoverable_heal,48000,48000,45200,48000,2800,48000,48000,0,2800,0,-2800,0,0,0,,,,,none,4,0,0,0,False,False,4800,4800,,,,,,,,,,
2026-07-25T17:01:07Z,3410,P2-C1,P2,0x927EB9E0,1,Ken the Eagle,True,True,normal_damage_red_generation,44000,44000,44000,41520,-2480,44000,42512,-1488,0,992,992,2480,1488,992,1488,992,0,True,medium,4,0,0,0,False,False,0,0,,,,,,,,,,
2026-07-25T17:01:39Z,3667,P2-C1,P2,0x927EB9E0,1,Ken the Eagle,True,True,full_health_reset,44000,44000,41520,44000,2480,42512,44000,1488,992,0,-992,0,0,0,,,,,none,4,0,0,0,False,False,0,0,,,,,,,,,,
2026-07-25T17:02:01Z,3883,P2-C1,P2,0x927EB9E0,1,Ken the Eagle,True,True,normal_damage_red_generation,44000,44000,44000,41520,-2480,44000,42512,-1488,0,992,992,2480,1488,992,1488,992,0,True,medium,4,0,0,0,False,False,0,0,,,,,,,,,,
2026-07-25T17:02:02Z,3903,P2-C1,P2,0x927EB9E0,1,Ken the Eagle,True,True,recoverable_heal,44000,44000,41520,42020,500,42512,42512,0,992,492,-500,0,0,0,,,,,none,4,500,0,1,False,False,0,0,,,,,,,,,,
2026-07-25T17:02:02Z,3904,P2-C1,P2,0x927EB9E0,1,Ken the Eagle,True,True,full_health_reset,44000,44000,42020,44000,1980,42512,44000,1488,492,0,-492,0,0,0,,,,,none,4,0,0,0,False,False,0,0,,,,,,,,,,
2026-07-25T17:02:07Z,3964,P2-C1,P2,0x927EB9E0,1,Ken the Eagle,True,True,normal_damage_red_generation,44000,44000,44000,41440,-2560,44000,42464,-1536,0,1024,1024,2560,1536,1024,1536,1024,0,True,medium,4,0,0,0,False,False,0,0,,,,,,,,,,
2026-07-25T17:02:08Z,3982,P2-C1,P2,0x927EB9E0,1,Ken the Eagle,True,True,full_health_reset,44000,44000,41440,44000,2560,42464,44000,1536,1024,0,-1024,0,0,0,,,,,none,4,0,0,0,False,False,0,0,,,,,,,,,,
2026-07-25T17:04:31Z,5349,P2-C1,P2,0x927EB9E0,1,Ken the Eagle,True,True,normal_damage_red_generation,44000,44000,44000,42560,-1440,44000,43136,-864,0,576,576,1440,864,576,864,576,0,True,medium,4,0,0,0,False,False,0,0,,,,,,,,,,
2026-07-25T17:04:42Z,5411,P2-C1,P2,0x927EB9E0,1,Ken the Eagle,True,True,full_health_reset,44000,44000,42560,44000,1440,43136,44000,864,576,0,-576,0,0,0,,,,,none,4,0,0,0,False,False,0,0,,,,,,,,,,
2026-07-25T17:05:46Z,6049,P2-C1,P2,0x927EB9E0,1,Ken the Eagle,True,True,normal_damage_red_generation,44000,44000,44000,42560,-1440,44000,43136,-864,0,576,576,1440,864,576,864,576,0,True,medium,4,0,0,0,False,False,0,0,,,,,,,,,,
2026-07-25T17:05:47Z,6053,P2-C1,P2,0x927EB9E0,1,Ken the Eagle,True,True,normal_damage_red_generation,44000,44000,42560,40080,-2480,43136,41648,-1488,576,1568,992,2480,1488,992,1488,992,0,True,medium,4,0,0,0,False,False,0,0,,,,,,,,,,
2026-07-25T17:05:49Z,6066,P2-C1,P2,0x927EB9E0,1,Ken the Eagle,True,True,mixed_heal,44000,44000,40080,42580,2500,41648,42580,932,1568,0,-1568,0,0,0,,,,,none,4,500,0,1,False,False,0,0,,,,,,,,,,
2026-07-25T17:05:49Z,6067,P2-C1,P2,0x927EB9E0,1,Ken the Eagle,True,True,full_health_reset,44000,44000,42580,44000,1420,42580,44000,1420,0,0,0,0,0,0,,,,,none,4,0,0,0,False,False,0,0,,,,,,,,,,
2026-07-25T17:07:00Z,6791,P2-C1,P2,0x927EB9E0,1,Ken the Eagle,True,True,normal_damage_red_generation,44000,44000,44000,41520,-2480,44000,42512,-1488,0,992,992,2480,1488,992,1488,992,0,True,medium,4,0,0,0,False,False,0,0,,,,,,,,,,
2026-07-25T17:07:02Z,6813,P2-C1,P2,0x927EB9E0,1,Ken the Eagle,True,True,mixed_heal,44000,44000,41520,43520,2000,42512,43520,1008,992,0,-992,0,0,0,,,,,none,4,500,0,1,False,False,0,0,,,,,,,,,,
2026-07-25T17:07:02Z,6814,P2-C1,P2,0x927EB9E0,1,Ken the Eagle,True,True,full_health_reset,44000,44000,43520,44000,480,43520,44000,480,0,0,0,0,0,0,,,,,none,4,0,0,0,False,False,0,0,,,,,,,,,,
2026-07-25T17:07:16Z,7020,P2-C1,P2,0x927EB9E0,1,Ken the Eagle,True,True,normal_damage_red_generation,44000,44000,44000,41520,-2480,44000,42512,-1488,0,992,992,2480,1488,992,1488,992,0,True,medium,4,0,0,0,False,False,0,0,,,,,,,,,,
2026-07-25T17:07:18Z,7034,P2-C1,P2,0x927EB9E0,1,Ken the Eagle,True,True,normal_damage_red_generation,44000,44000,41520,39040,-2480,42512,41024,-1488,992,1984,992,2480,1488,992,1488,992,0,True,medium,4,0,0,0,False,False,0,0,,,,,,,,,,
2026-07-25T17:07:19Z,7055,P2-C1,P2,0x927EB9E0,1,Ken the Eagle,True,True,mixed_heal,44000,44000,39040,41540,2500,41024,41540,516,1984,0,-1984,0,0,0,,,,,none,4,500,0,1,False,False,0,0,,,,,,,,,,
2026-07-25T17:07:19Z,7056,P2-C1,P2,0x927EB9E0,1,Ken the Eagle,True,True,current_and_ceiling_heal,44000,44000,41540,43540,2000,41540,43540,2000,0,0,0,0,0,0,,,,,none,4,500,0,1,False,False,0,0,,,,,,,,,,
2026-07-25T17:07:19Z,7057,P2-C1,P2,0x927EB9E0,1,Ken the Eagle,True,True,full_health_reset,44000,44000,43540,44000,460,43540,44000,460,0,0,0,0,0,0,,,,,none,4,0,0,0,False,False,0,0,,,,,,,,,,
2026-07-25T17:07:23Z,7109,P2-C1,P2,0x927EB9E0,1,Ken the Eagle,True,True,normal_damage_red_generation,44000,44000,44000,43040,-960,44000,43424,-576,0,384,384,960,576,384,576,384,0,True,medium,4,0,0,0,False,False,0,0,,,,,,,,,,
2026-07-25T17:07:23Z,7113,P2-C1,P2,0x927EB9E0,1,Ken the Eagle,True,True,normal_damage_red_generation,44000,44000,43040,40560,-2480,43424,41936,-1488,384,1376,992,2480,1488,992,1488,992,0,True,medium,4,0,0,0,False,False,0,0,,,,,,,,,,
2026-07-25T17:07:25Z,7132,P2-C1,P2,0x927EB9E0,1,Ken the Eagle,True,True,normal_damage_red_generation,44000,44000,40560,39120,-1440,41936,41072,-864,1376,1952,576,1440,864,576,864,576,0,True,medium,4,0,0,0,False,False,0,0,,,,,,,,,,
2026-07-25T17:07:26Z,7141,P2-C1,P2,0x927EB9E0,1,Ken the Eagle,True,True,normal_damage_red_generation,44000,44000,39120,37760,-1360,41072,40256,-816,1952,2496,544,1360,816,544,816,544,0,True,medium,4,0,0,0,False,False,0,0,,,,,,,,,,
2026-07-25T17:07:27Z,7160,P2-C1,P2,0x927EB9E0,1,Ken the Eagle,True,True,recoverable_heal,44000,44000,37760,38260,500,40256,40256,0,2496,1996,-500,0,0,0,,,,,none,4,500,0,1,False,False,0,0,,,,,,,,,,
2026-07-25T17:07:27Z,7161,P2-C1,P2,0x927EB9E0,1,Ken the Eagle,True,True,mixed_heal,44000,44000,38260,40760,2500,40256,40760,504,1996,0,-1996,0,0,0,,,,,none,4,500,0,1,False,False,0,0,,,,,,,,,,
2026-07-25T17:07:27Z,7162,P2-C1,P2,0x927EB9E0,1,Ken the Eagle,True,True,current_and_ceiling_heal,44000,44000,40760,43260,2500,40760,43260,2500,0,0,0,0,0,0,,,,,none,4,500,0,1,False,False,0,0,,,,,,,,,,
2026-07-25T17:07:27Z,7163,P2-C1,P2,0x927EB9E0,1,Ken the Eagle,True,True,full_health_reset,44000,44000,43260,44000,740,43260,44000,740,0,0,0,0,0,0,,,,,none,4,0,0,0,False,False,0,0,,,,,,,,,,
2026-07-25T17:14:54Z,13104,P1-C1,P1,0x9246B9C0,12,Ryu,True,True,baroque_spent_latch_change,48000,48000,48000,48000,0,48000,48000,0,0,0,0,0,0,0,,,,,none,4,0,0,0,False,False,4800,0,,,,,,,,,,
2026-07-25T17:14:54Z,13104,P1-C2,P1,0x92B6BA00,13,Chun-Li,False,True,point_status_change,46000,46000,46000,46000,0,46000,46000,0,0,0,0,0,0,0,,,,,none,4,4,0,0,False,False,0,0,,,,,,,,,,
2026-07-25T17:14:54Z,13104,P2-C1,P2,0x927EB9E0,1,Ken the Eagle,True,False,point_status_change,44000,44000,44000,44000,0,44000,44000,0,0,0,0,0,0,0,,,,,none,4,0,0,0,False,False,0,0,,,,,,,,,,
2026-07-25T17:14:54Z,13105,P1-C2,P1,0x92B6BA00,13,Chun-Li,True,False,point_status_change,46000,46000,46000,46000,0,46000,46000,0,0,0,0,0,0,0,,,,,none,4,0,0,0,False,False,0,0,,,,,,,,,,
2026-07-25T17:14:54Z,13105,P2-C1,P2,0x927EB9E0,1,Ken the Eagle,False,True,point_status_change,44000,44000,44000,44000,0,44000,44000,0,0,0,0,0,0,0,,,,,none,4,0,0,0,False,False,0,0,,,,,,,,,,
2026-07-25T17:17:58Z,107,P2-C1,P2,0x927EB9E0,1,Ken the Eagle,True,True,normal_damage_red_generation,44000,44000,44000,43200,-800,44000,43520,-480,0,320,320,800,480,320,480,320,0,True,medium,4,0,0,0,False,False,0,0,,,,,,,,,,
2026-07-25T17:18:00Z,121,P2-C1,P2,0x927EB9E0,1,Ken the Eagle,True,True,full_health_reset,44000,44000,43200,44000,800,43520,44000,480,320,0,-320,0,0,0,,,,,none,4,0,0,0,False,False,0,0,,,,,,,,,,
2026-07-25T17:18:00Z,124,P2-C1,P2,0x927EB9E0,1,Ken the Eagle,True,True,normal_damage_red_generation,44000,44000,44000,43200,-800,44000,43520,-480,0,320,320,800,480,320,480,320,0,True,medium,4,0,0,0,False,False,0,0,,,,,,,,,,
2026-07-25T17:18:00Z,126,P2-C1,P2,0x927EB9E0,1,Ken the Eagle,True,True,normal_damage_red_generation,44000,44000,43200,41832,-1368,43520,42700,-820,320,868,548,1368,820,548,820,548,0,True,medium,4,0,0,0,False,False,0,0,,,,,,,,,,
2026-07-25T17:18:01Z,128,P2-C1,P2,0x927EB9E0,1,Ken the Eagle,True,True,normal_damage_red_generation,44000,44000,41832,40608,-1224,42700,41966,-734,868,1358,490,1224,734,490,734,490,0,True,medium,4,0,0,0,False,False,0,0,,,,,,,,,,
2026-07-25T17:18:01Z,132,P2-C1,P2,0x927EB9E0,1,Ken the Eagle,True,True,normal_damage_red_generation,44000,44000,40608,38500,-2108,41966,40702,-1264,1358,2202,844,2108,1264,844,1264,844,0,True,medium,4,0,0,0,False,False,0,0,,,,,,,,,,
2026-07-25T17:18:01Z,136,P2-C1,P2,0x927EB9E0,1,Ken the Eagle,True,True,normal_damage_red_generation,44000,44000,38500,36581,-1919,40702,39551,-1151,2202,2970,768,1919,1151,768,1151,768,0,True,medium,4,0,0,0,False,False,0,0,,,,,,,,,,
2026-07-25T17:18:02Z,140,P2-C1,P2,0x927EB9E0,1,Ken the Eagle,True,True,normal_damage_red_generation,44000,44000,36581,34918,-1663,39551,38554,-997,2970,3636,666,1663,997,666,997,666,0,True,medium,4,0,0,0,False,False,0,0,,,,,,,,,,
2026-07-25T17:18:02Z,145,P2-C1,P2,0x927EB9E0,1,Ken the Eagle,True,True,normal_damage_red_generation,44000,44000,34918,32947,-1971,38554,37372,-1182,3636,4425,789,1971,1182,789,1182,789,0,True,medium,4,0,0,0,False,False,0,0,,,,,,,,,,
2026-07-25T17:18:03Z,156,P2-C1,P2,0x927EB9E0,1,Ken the Eagle,True,True,normal_damage_red_generation,44000,44000,32947,32045,-902,37372,36831,-541,4425,4786,361,902,541,361,541,361,0,True,medium,4,0,0,0,False,False,0,0,,,,,,,,,,
2026-07-25T17:18:04Z,160,P2-C1,P2,0x927EB9E0,1,Ken the Eagle,True,True,normal_damage_red_generation,44000,44000,32045,30681,-1364,36831,36013,-818,4786,5332,546,1364,818,546,818,546,0,True,medium,4,0,0,0,False,False,0,0,,,,,,,,,,
2026-07-25T17:18:04Z,165,P2-C1,P2,0x927EB9E0,1,Ken the Eagle,True,True,normal_damage_red_generation,44000,44000,30681,29743,-938,36013,35451,-562,5332,5708,376,938,562,376,562,376,0,True,medium,4,0,0,0,False,False,0,0,,,,,,,,,,
2026-07-25T17:18:05Z,169,P2-C1,P2,0x927EB9E0,1,Ken the Eagle,True,True,normal_damage_red_generation,44000,44000,29743,28889,-854,35451,34939,-512,5708,6050,342,854,512,342,512,342,0,True,medium,4,0,0,0,False,False,0,0,,,,,,,,,,
2026-07-25T17:18:05Z,173,P2-C1,P2,0x927EB9E0,1,Ken the Eagle,True,True,normal_damage_red_generation,44000,44000,28889,28120,-769,34939,34478,-461,6050,6358,308,769,461,308,461,308,0,True,medium,4,0,0,0,False,False,0,0,,,,,,,,,,
2026-07-25T17:18:05Z,177,P2-C1,P2,0x927EB9E0,1,Ken the Eagle,True,True,normal_damage_red_generation,44000,44000,28120,27435,-685,34478,34067,-411,6358,6632,274,685,411,274,411,274,0,True,medium,4,0,0,0,False,False,0,0,,,,,,,,,,
2026-07-25T17:18:05Z,178,P1-C2,P1,0x92B6BA00,13,Chun-Li,False,True,point_status_change,46000,46000,46000,46000,0,46000,46000,0,0,0,0,0,0,0,,,,,none,4,0,0,0,False,False,0,0,,,,,,,,,,
2026-07-25T17:18:07Z,199,P1-C2,P1,0x92B6BA00,13,Chun-Li,True,False,point_status_change,46000,46000,46000,46000,0,46000,46000,0,0,0,0,0,0,0,,,,,none,4,4,0,0,False,False,0,0,,,,,,,,,,
2026-07-25T17:18:08Z,202,P2-C1,P2,0x927EB9E0,1,Ken the Eagle,True,True,recoverable_heal,44000,44000,27435,28435,1000,34067,34067,0,6632,5632,-1000,0,0,0,,,,,none,4,500,0,1,False,False,0,0,,,,,,,,,,
2026-07-25T17:18:08Z,203,P2-C1,P2,0x927EB9E0,1,Ken the Eagle,True,True,recoverable_heal,44000,44000,28435,30935,2500,34067,34067,0,5632,3132,-2500,0,0,0,,,,,none,4,500,0,1,False,False,0,0,,,,,,,,,,
2026-07-25T17:18:08Z,204,P2-C1,P2,0x927EB9E0,1,Ken the Eagle,True,True,recoverable_heal,44000,44000,30935,32935,2000,34067,34067,0,3132,1132,-2000,0,0,0,,,,,none,4,500,0,1,False,False,0,0,,,,,,,,,,
2026-07-25T17:18:08Z,205,P2-C1,P2,0x927EB9E0,1,Ken the Eagle,True,True,mixed_heal,44000,44000,32935,35435,2500,34067,35435,1368,1132,0,-1132,0,0,0,,,,,none,4,500,0,1,False,False,0,0,,,,,,,,,,
2026-07-25T17:18:08Z,206,P2-C1,P2,0x927EB9E0,1,Ken the Eagle,True,True,current_and_ceiling_heal,44000,44000,35435,37935,2500,35435,37935,2500,0,0,0,0,0,0,,,,,none,4,500,0,1,False,False,0,0,,,,,,,,,,
2026-07-25T17:18:08Z,207,P2-C1,P2,0x927EB9E0,1,Ken the Eagle,True,True,current_and_ceiling_heal,44000,44000,37935,40435,2500,37935,40435,2500,0,0,0,0,0,0,,,,,none,4,500,0,1,False,False,0,0,,,,,,,,,,
2026-07-25T17:18:08Z,208,P2-C1,P2,0x927EB9E0,1,Ken the Eagle,True,True,current_and_ceiling_heal,44000,44000,40435,42935,2500,40435,42935,2500,0,0,0,0,0,0,,,,,none,4,500,0,1,False,False,0,0,,,,,,,,,,
2026-07-25T17:18:08Z,209,P2-C1,P2,0x927EB9E0,1,Ken the Eagle,True,True,full_health_reset,44000,44000,42935,44000,1065,42935,44000,1065,0,0,0,0,0,0,,,,,none,4,0,0,0,False,False,0,0,,,,,,,,,,
2026-07-25T17:18:11Z,241,P1-C1,P1,0x9246B9C0,12,Ryu,True,True,ten_percent_current_only_cost,48000,48000,48000,43200,-4800,48000,48000,0,0,4800,4800,4800,0,4800,,4800,0,True,high,4,0,0,0,False,False,0,0,,,,,,,,,,
2026-07-25T17:18:12Z,251,P2-C1,P2,0x927EB9E0,1,Ken the Eagle,True,True,normal_damage_red_generation,44000,44000,44000,43200,-800,44000,43520,-480,0,320,320,800,480,320,480,320,0,True,medium,4,0,0,0,False,False,0,0,,,,,,,,,,
2026-07-25T17:18:12Z,252,P2-C1,P2,0x927EB9E0,1,Ken the Eagle,True,True,normal_damage_red_generation,44000,44000,43200,41832,-1368,43520,42700,-820,320,868,548,1368,820,548,820,548,0,True,medium,4,0,0,0,False,False,0,0,,,,,,,,,,
2026-07-25T17:18:12Z,254,P2-C1,P2,0x927EB9E0,1,Ken the Eagle,True,True,normal_damage_red_generation,44000,44000,41832,40608,-1224,42700,41966,-734,868,1358,490,1224,734,490,734,490,0,True,medium,4,0,0,0,False,False,0,0,,,,,,,,,,
2026-07-25T17:18:13Z,257,P1-C1,P1,0x9246B9C0,12,Ryu,True,True,baroque_consume,48000,48000,43200,43200,0,48000,43200,-4800,4800,0,-4800,0,4800,0,,-4800,0,True,high,4,0,0,0,False,True,0,4800,,,,,,,,,,
2026-07-25T17:18:13Z,257,P2-C1,P2,0x927EB9E0,1,Ken the Eagle,True,True,normal_damage_red_generation,44000,44000,40608,38500,-2108,41966,40702,-1264,1358,2202,844,2108,1264,844,1264,844,0,True,medium,4,0,0,0,False,False,0,0,,,,,,,,,,
2026-07-25T17:18:13Z,261,P2-C1,P2,0x927EB9E0,1,Ken the Eagle,True,True,normal_damage_red_generation,44000,44000,38500,37879,-621,40702,40330,-372,2202,2451,249,621,372,249,372,249,0,True,medium,4,0,0,0,False,False,0,0,,,,,,,,,,
2026-07-25T17:18:13Z,263,P2-C1,P2,0x927EB9E0,1,Ken the Eagle,True,True,normal_damage_red_generation,44000,44000,37879,36831,-1048,40330,39702,-628,2451,2871,420,1048,628,420,628,420,0,True,medium,4,0,0,0,False,False,0,0,,,,,,,,,,
2026-07-25T17:18:14Z,266,P2-C1,P2,0x927EB9E0,1,Ken the Eagle,True,True,normal_damage_red_generation,44000,44000,36831,35907,-924,39702,39148,-554,2871,3241,370,924,554,370,554,370,0,True,medium,4,0,0,0,False,False,0,0,,,,,,,,,,
2026-07-25T17:18:14Z,268,P2-C1,P2,0x927EB9E0,1,Ken the Eagle,True,True,normal_damage_red_generation,44000,44000,35907,34342,-1565,39148,38209,-939,3241,3867,626,1565,939,626,939,626,0,True,medium,4,0,0,0,False,False,0,0,,,,,,,,,,
2026-07-25T17:18:15Z,270,P2-C1,P2,0x927EB9E0,1,Ken the Eagle,True,True,normal_damage_red_generation,44000,44000,34342,33084,-1258,38209,37455,-754,3867,4371,504,1258,754,504,754,504,0,True,medium,4,0,0,0,False,False,0,0,,,,,,,,,,
2026-07-25T17:18:15Z,274,P2-C1,P2,0x927EB9E0,1,Ken the Eagle,True,True,normal_damage_red_generation,44000,44000,33084,31674,-1410,37455,36609,-846,4371,4935,564,1410,846,564,846,564,0,True,medium,4,0,0,0,False,False,0,0,,,,,,,,,,
2026-07-25T17:18:17Z,290,P1-C1,P1,0x9246B9C0,12,Ryu,True,True,recoverable_ceiling_gain,48000,48000,43200,43200,0,43200,48000,4800,0,4800,4800,0,0,4800,,,,,none,4,0,0,0,True,False,4800,4800,,,,,,,,,,
2026-07-25T17:18:18Z,305,P2-C1,P2,0x927EB9E0,1,Ken the Eagle,True,True,recoverable_heal,44000,44000,31674,34174,2500,36609,36609,0,4935,2435,-2500,0,0,0,,,,,none,4,500,0,1,False,False,0,0,,,,,,,,,,
2026-07-25T17:18:18Z,306,P2-C1,P2,0x927EB9E0,1,Ken the Eagle,True,True,mixed_heal,44000,44000,34174,37174,3000,36609,37174,565,2435,0,-2435,0,0,0,,,,,none,4,500,0,1,False,False,0,0,,,,,,,,,,
2026-07-25T17:18:18Z,307,P2-C1,P2,0x927EB9E0,1,Ken the Eagle,True,True,current_and_ceiling_heal,44000,44000,37174,39674,2500,37174,39674,2500,0,0,0,0,0,0,,,,,none,4,500,0,1,False,False,0,0,,,,,,,,,,
2026-07-25T17:18:18Z,308,P2-C1,P2,0x927EB9E0,1,Ken the Eagle,True,True,current_and_ceiling_heal,44000,44000,39674,42174,2500,39674,42174,2500,0,0,0,0,0,0,,,,,none,4,500,0,1,False,False,0,0,,,,,,,,,,
2026-07-25T17:18:18Z,309,P2-C1,P2,0x927EB9E0,1,Ken the Eagle,True,True,full_health_reset,44000,44000,42174,44000,1826,42174,44000,1826,0,0,0,0,0,0,,,,,none,4,0,0,0,False,False,0,0,,,,,,,,,,
2026-07-25T17:18:21Z,346,P2-C1,P2,0x927EB9E0,1,Ken the Eagle,True,True,normal_damage_red_generation,44000,44000,44000,41440,-2560,44000,42464,-1536,0,1024,1024,2560,1536,1024,1536,1024,0,True,medium,4,0,0,0,False,False,0,0,,,,,,,,,,
2026-07-25T17:18:22Z,350,P2-C1,P2,0x927EB9E0,1,Ken the Eagle,True,True,normal_damage_red_generation,44000,44000,41440,40680,-760,42464,42008,-456,1024,1328,304,760,456,304,456,304,0,True,medium,4,0,0,0,False,False,0,0,,,,,,,,,,
2026-07-25T17:18:22Z,351,P2-C1,P2,0x927EB9E0,1,Ken the Eagle,True,True,normal_damage_red_generation,44000,44000,40680,39384,-1296,42008,41231,-777,1328,1847,519,1296,777,519,777,519,0,True,medium,4,0,0,0,False,False,0,0,,,,,,,,,,
2026-07-25T17:18:22Z,353,P2-C1,P2,0x927EB9E0,1,Ken the Eagle,True,True,normal_damage_red_generation,44000,44000,39384,38228,-1156,41231,40538,-693,1847,2310,463,1156,693,463,693,463,0,True,medium,4,0,0,0,False,False,0,0,,,,,,,,,,
2026-07-25T17:18:23Z,356,P2-C1,P2,0x927EB9E0,1,Ken the Eagle,True,True,normal_damage_red_generation,44000,44000,38228,36245,-1983,40538,39349,-1189,2310,3104,794,1983,1189,794,1189,794,0,True,medium,4,0,0,0,False,False,0,0,,,,,,,,,,
2026-07-25T17:18:23Z,360,P2-C1,P2,0x927EB9E0,1,Ken the Eagle,True,True,normal_damage_red_generation,44000,44000,36245,34446,-1799,39349,38270,-1079,3104,3824,720,1799,1079,720,1079,720,0,True,medium,4,0,0,0,False,False,0,0,,,,,,,,,,
2026-07-25T17:18:24Z,365,P2-C1,P2,0x927EB9E0,1,Ken the Eagle,True,True,normal_damage_red_generation,44000,44000,34446,32894,-1552,38270,37339,-931,3824,4445,621,1552,931,621,931,621,0,True,medium,4,0,0,0,False,False,0,0,,,,,,,,,,
2026-07-25T17:18:24Z,370,P2-C1,P2,0x927EB9E0,1,Ken the Eagle,True,True,normal_damage_red_generation,44000,44000,32894,31063,-1831,37339,36241,-1098,4445,5178,733,1831,1098,733,1098,733,0,True,medium,4,0,0,0,False,False,0,0,,,,,,,,,,
2026-07-25T17:18:25Z,380,P2-C1,P2,0x927EB9E0,1,Ken the Eagle,True,True,normal_damage_red_generation,44000,44000,31063,30561,-502,36241,35940,-301,5178,5379,201,502,301,201,301,201,0,True,medium,4,0,0,0,False,False,0,0,,,,,,,,,,
2026-07-25T17:18:25Z,382,P2-C1,P2,0x927EB9E0,1,Ken the Eagle,True,True,normal_damage_red_generation,44000,44000,30561,30096,-465,35940,35661,-279,5379,5565,186,465,279,186,279,186,0,True,medium,4,0,0,0,False,False,0,0,,,,,,,,,,
2026-07-25T17:18:26Z,383,P2-C1,P2,0x927EB9E0,1,Ken the Eagle,True,True,normal_damage_red_generation,44000,44000,30096,29334,-762,35661,35204,-457,5565,5870,305,762,457,305,457,305,0,True,medium,4,0,0,0,False,False,0,0,,,,,,,,,,
2026-07-25T17:18:26Z,387,P2-C1,P2,0x927EB9E0,1,Ken the Eagle,True,True,normal_damage_red_generation,44000,44000,29334,28691,-643,35204,34819,-385,5870,6128,258,643,385,258,385,258,0,True,medium,4,0,0,0,False,False,0,0,,,,,,,,,,
2026-07-25T17:18:26Z,390,P2-C1,P2,0x927EB9E0,1,Ken the Eagle,True,True,normal_damage_red_generation,44000,44000,28691,27644,-1047,34819,34191,-628,6128,6547,419,1047,628,419,628,419,0,True,medium,4,0,0,0,False,False,0,0,,,,,,,,,,
2026-07-25T17:18:27Z,400,P2-C1,P2,0x927EB9E0,1,Ken the Eagle,True,True,normal_damage_red_generation,44000,44000,27644,26844,-800,34191,33711,-480,6547,6867,320,800,480,320,480,320,0,True,medium,4,0,0,0,False,False,0,0,,,,,,,,,,
2026-07-25T17:18:28Z,405,P2-C1,P2,0x927EB9E0,1,Ken the Eagle,True,True,normal_damage_red_generation,44000,44000,26844,26044,-800,33711,33231,-480,6867,7187,320,800,480,320,480,320,0,True,medium,4,0,0,0,False,False,0,0,,,,,,,,,,
2026-07-25T17:18:29Z,409,P2-C1,P2,0x927EB9E0,1,Ken the Eagle,True,True,normal_damage_red_generation,44000,44000,26044,25244,-800,33231,32751,-480,7187,7507,320,800,480,320,480,320,0,True,medium,4,0,0,0,False,False,0,0,,,,,,,,,,
2026-07-25T17:18:29Z,413,P2-C1,P2,0x927EB9E0,1,Ken the Eagle,True,True,normal_damage_red_generation,44000,44000,25244,24444,-800,32751,32271,-480,7507,7827,320,800,480,320,480,320,0,True,medium,4,0,0,0,False,False,0,0,,,,,,,,,,
2026-07-25T17:18:30Z,418,P2-C1,P2,0x927EB9E0,1,Ken the Eagle,True,True,normal_damage_red_generation,44000,44000,24444,23644,-800,32271,31791,-480,7827,8147,320,800,480,320,480,320,0,True,medium,4,0,0,0,False,False,0,0,,,,,,,,,,
2026-07-25T17:18:30Z,423,P2-C1,P2,0x927EB9E0,1,Ken the Eagle,True,True,normal_damage_red_generation,44000,44000,23644,22844,-800,31791,31311,-480,8147,8467,320,800,480,320,480,320,0,True,medium,4,0,0,0,False,False,0,0,,,,,,,,,,
2026-07-25T17:18:31Z,428,P2-C1,P2,0x927EB9E0,1,Ken the Eagle,True,True,normal_damage_red_generation,44000,44000,22844,22044,-800,31311,30831,-480,8467,8787,320,800,480,320,480,320,0,True,medium,4,0,0,0,False,False,0,0,,,,,,,,,,
2026-07-25T17:18:32Z,442,P2-C1,P2,0x927EB9E0,1,Ken the Eagle,True,True,recoverable_heal,44000,44000,22044,23044,1000,30831,30831,0,8787,7787,-1000,0,0,0,,,,,none,4,500,0,1,False,False,0,0,,,,,,,,,,
2026-07-25T17:18:32Z,443,P2-C1,P2,0x927EB9E0,1,Ken the Eagle,True,True,recoverable_heal,44000,44000,23044,26044,3000,30831,30831,0,7787,4787,-3000,0,0,0,,,,,none,4,500,0,1,False,False,0,0,,,,,,,,,,
2026-07-25T17:18:32Z,444,P2-C1,P2,0x927EB9E0,1,Ken the Eagle,True,True,recoverable_heal,44000,44000,26044,28044,2000,30831,30831,0,4787,2787,-2000,0,0,0,,,,,none,4,500,0,1,False,False,0,0,,,,,,,,,,
2026-07-25T17:18:32Z,445,P2-C1,P2,0x927EB9E0,1,Ken the Eagle,True,True,mixed_heal,44000,44000,28044,31044,3000,30831,31044,213,2787,0,-2787,0,0,0,,,,,none,4,500,0,1,False,False,0,0,,,,,,,,,,
2026-07-25T17:18:32Z,446,P2-C1,P2,0x927EB9E0,1,Ken the Eagle,True,True,current_and_ceiling_heal,44000,44000,31044,34044,3000,31044,34044,3000,0,0,0,0,0,0,,,,,none,4,500,0,1,False,False,0,0,,,,,,,,,,
2026-07-25T17:18:32Z,447,P2-C1,P2,0x927EB9E0,1,Ken the Eagle,True,True,current_and_ceiling_heal,44000,44000,34044,36044,2000,34044,36044,2000,0,0,0,0,0,0,,,,,none,4,500,0,1,False,False,0,0,,,,,,,,,,
2026-07-25T17:18:33Z,448,P2-C1,P2,0x927EB9E0,1,Ken the Eagle,True,True,current_and_ceiling_heal,44000,44000,36044,38544,2500,36044,38544,2500,0,0,0,0,0,0,,,,,none,4,500,0,1,False,False,0,0,,,,,,,,,,
2026-07-25T17:18:33Z,449,P2-C1,P2,0x927EB9E0,1,Ken the Eagle,True,True,current_and_ceiling_heal,44000,44000,38544,41544,3000,38544,41544,3000,0,0,0,0,0,0,,,,,none,4,500,0,1,False,False,0,0,,,,,,,,,,
2026-07-25T17:18:33Z,450,P2-C1,P2,0x927EB9E0,1,Ken the Eagle,True,True,full_health_reset,44000,44000,41544,44000,2456,41544,44000,2456,0,0,0,0,0,0,,,,,none,4,0,0,0,False,False,0,0,,,,,,,,,,
2026-07-25T17:18:35Z,474,P2-C1,P2,0x927EB9E0,1,Ken the Eagle,True,True,normal_damage_red_generation,44000,44000,44000,43200,-800,44000,43520,-480,0,320,320,800,480,320,480,320,0,True,medium,4,0,0,0,False,False,0,0,,,,,,,,,,
2026-07-25T17:18:35Z,476,P2-C1,P2,0x927EB9E0,1,Ken the Eagle,True,True,normal_damage_red_generation,44000,44000,43200,42440,-760,43520,43064,-456,320,624,304,760,456,304,456,304,0,True,medium,4,0,0,0,False,False,0,0,,,,,,,,,,
2026-07-25T17:18:35Z,477,P2-C1,P2,0x927EB9E0,1,Ken the Eagle,True,True,normal_damage_red_generation,44000,44000,42440,41144,-1296,43064,42287,-777,624,1143,519,1296,777,519,777,519,0,True,medium,4,0,0,0,False,False,0,0,,,,,,,,,,
2026-07-25T17:18:36Z,491,P2-C1,P2,0x927EB9E0,1,Ken the Eagle,True,True,normal_damage_red_generation,44000,44000,41144,40344,-800,42287,41807,-480,1143,1463,320,800,480,320,480,320,0,True,medium,4,0,0,0,False,False,0,0,,,,,,,,,,
2026-07-25T17:18:37Z,493,P2-C1,P2,0x927EB9E0,1,Ken the Eagle,True,True,normal_damage_red_generation,44000,44000,40344,39584,-760,41807,41351,-456,1463,1767,304,760,456,304,456,304,0,True,medium,4,0,0,0,False,False,0,0,,,,,,,,,,
2026-07-25T17:18:37Z,494,P2-C1,P2,0x927EB9E0,1,Ken the Eagle,True,True,normal_damage_red_generation,44000,44000,39584,38288,-1296,41351,40574,-777,1767,2286,519,1296,777,519,777,519,0,True,medium,4,0,0,0,False,False,0,0,,,,,,,,,,
2026-07-25T17:18:38Z,510,P2-C1,P2,0x927EB9E0,1,Ken the Eagle,True,True,normal_damage_red_generation,44000,44000,38288,37988,-300,40574,40094,-480,2286,2106,-180,300,480,0,180,120,-120,False,medium,4,0,0,0,False,False,0,0,,,,,,,,,,difference can indicate multiple native damage requests between GUI samples
2026-07-25T17:18:39Z,512,P2-C1,P2,0x927EB9E0,1,Ken the Eagle,True,True,normal_damage_red_generation,44000,44000,37988,36620,-1368,40094,39274,-820,2106,2654,548,1368,820,548,820,548,0,True,medium,4,0,0,0,False,False,0,0,,,,,,,,,,
2026-07-25T17:18:39Z,514,P2-C1,P2,0x927EB9E0,1,Ken the Eagle,True,True,normal_damage_red_generation,44000,44000,36620,35396,-1224,39274,38540,-734,2654,3144,490,1224,734,490,734,490,0,True,medium,4,0,0,0,False,False,0,0,,,,,,,,,,
2026-07-25T17:18:42Z,550,P2-C1,P2,0x927EB9E0,1,Ken the Eagle,True,True,unknown_health_transition,44000,44000,35396,35676,280,38540,38108,-432,3144,2432,-712,0,432,0,,,,,none,4,0,0,0,False,False,0,0,P1-C1,12,Ryu,352,Shinkuu,0,720,0x0000000C,0x00000123,
2026-07-25T17:18:42Z,551,P2-C1,P2,0x927EB9E0,1,Ken the Eagle,True,True,normal_damage_red_generation,44000,44000,35676,34272,-1404,38108,37266,-842,2432,2994,562,1404,842,562,842,562,0,True,high,4,0,0,0,False,False,0,0,P1-C1,12,Ryu,352,Shinkuu,0,720,0x0000000C,0x00000123,
2026-07-25T17:18:42Z,552,P2-C1,P2,0x927EB9E0,1,Ken the Eagle,True,True,normal_damage_red_generation,44000,44000,34272,33624,-648,37266,36878,-388,2994,3254,260,648,388,260,388,260,0,True,high,4,0,0,0,False,False,0,0,P1-C1,12,Ryu,352,Shinkuu,0,720,0x0000000C,0x00000123,
2026-07-25T17:18:42Z,553,P2-C1,P2,0x927EB9E0,1,Ken the Eagle,True,True,normal_damage_red_generation,44000,44000,33624,33012,-612,36878,36511,-367,3254,3499,245,612,367,245,367,245,0,True,high,4,-575,-345,0,False,False,0,0,P1-C1,12,Ryu,352,Shinkuu,0,720,0x0000000C,0x00000123,
2026-07-25T17:18:42Z,554,P2-C1,P2,0x927EB9E0,1,Ken the Eagle,True,True,normal_damage_red_generation,44000,44000,33012,31898,-1114,36511,35843,-668,3499,3945,446,1114,668,446,668,446,0,True,high,4,0,0,0,False,False,0,0,P1-C1,12,Ryu,352,Shinkuu,0,720,0x0000000C,0x00000123,
2026-07-25T17:18:43Z,555,P2-C1,P2,0x927EB9E0,1,Ken the Eagle,True,True,normal_damage_red_generation,44000,44000,31898,31395,-503,35843,35542,-301,3945,4147,202,503,301,202,301,202,0,True,high,4,0,0,0,False,False,0,0,P1-C1,12,Ryu,352,Shinkuu,0,720,0x0000000C,0x00000123,
2026-07-25T17:18:43Z,556,P2-C1,P2,0x927EB9E0,1,Ken the Eagle,True,True,normal_damage_red_generation,44000,44000,31395,30928,-467,35542,35262,-280,4147,4334,187,467,280,187,280,187,0,True,high,4,0,0,0,False,False,0,0,P1-C1,12,Ryu,352,Shinkuu,0,720,0x0000000C,0x00000123,
2026-07-25T17:18:43Z,557,P2-C1,P2,0x927EB9E0,1,Ken the Eagle,True,True,normal_damage_red_generation,44000,44000,30928,30497,-431,35262,35004,-258,4334,4507,173,431,258,173,258,173,0,True,high,4,0,0,0,False,False,0,0,P1-C1,12,Ryu,352,Shinkuu,0,720,0x0000000C,0x00000123,
2026-07-25T17:18:43Z,558,P2-C1,P2,0x927EB9E0,1,Ken the Eagle,True,True,normal_damage_red_generation,44000,44000,30497,30102,-395,35004,34767,-237,4507,4665,158,395,237,158,237,158,0,True,high,4,-359,-215,0,False,False,0,0,P1-C1,12,Ryu,352,Shinkuu,0,720,0x0000000C,0x00000123,
2026-07-25T17:18:43Z,559,P2-C1,P2,0x927EB9E0,1,Ken the Eagle,True,True,normal_damage_red_generation,44000,44000,30102,29420,-682,34767,34359,-408,4665,4939,274,682,408,274,409,273,1,False,high,4,0,0,0,False,False,0,0,P1-C1,12,Ryu,352,Shinkuu,0,720,0x0000000C,0x00000123,difference can indicate multiple native damage requests between GUI samples
2026-07-25T17:18:43Z,560,P2-C1,P2,0x927EB9E0,1,Ken the Eagle,True,True,normal_damage_red_generation,44000,44000,29420,29133,-287,34359,34187,-172,4939,5054,115,287,172,115,172,115,0,True,high,4,0,0,0,False,False,0,0,P1-C1,12,Ryu,352,Shinkuu,0,720,0x0000000C,0x00000123,
2026-07-25T17:18:43Z,561,P2-C1,P2,0x927EB9E0,1,Ken the Eagle,True,True,normal_damage_red_generation,44000,44000,29133,28881,-252,34187,34036,-151,5054,5155,101,252,151,101,151,101,0,True,high,4,0,0,0,False,False,0,0,P1-C1,12,Ryu,352,Shinkuu,0,720,0x0000000C,0x00000123,
2026-07-25T17:18:43Z,562,P2-C1,P2,0x927EB9E0,1,Ken the Eagle,True,True,normal_damage_red_generation,44000,44000,28881,28629,-252,34036,33885,-151,5155,5256,101,252,151,101,151,101,0,True,high,4,0,0,0,False,False,0,0,P1-C1,12,Ryu,352,Shinkuu,0,720,0x0000000C,0x00000123,
2026-07-25T17:18:43Z,563,P2-C1,P2,0x927EB9E0,1,Ken the Eagle,True,True,normal_damage_red_generation,44000,44000,28629,28377,-252,33885,33734,-151,5256,5357,101,252,151,101,151,101,0,True,high,4,0,0,0,False,False,0,0,P1-C1,12,Ryu,352,Shinkuu,0,720,0x0000000C,0x00000123,
2026-07-25T17:18:43Z,564,P2-C1,P2,0x927EB9E0,1,Ken the Eagle,True,True,normal_damage_red_generation,44000,44000,28377,28125,-252,33734,33583,-151,5357,5458,101,252,151,101,151,101,0,True,high,4,0,0,0,False,False,0,0,P1-C1,12,Ryu,352,Shinkuu,0,720,0x0000000C,0x00000123,
2026-07-25T17:18:43Z,565,P2-C1,P2,0x927EB9E0,1,Ken the Eagle,True,True,normal_damage_red_generation,44000,44000,28125,27761,-364,33583,33365,-218,5458,5604,146,364,218,146,218,146,0,True,high,4,0,0,0,False,False,0,0,P1-C1,12,Ryu,352,Shinkuu,0,100,0x00000009,0x00000040,
2026-07-25T17:18:45Z,578,P2-C1,P2,0x927EB9E0,1,Ken the Eagle,True,True,normal_damage_red_generation,44000,44000,27761,26961,-800,33365,32885,-480,5604,5924,320,800,480,320,480,320,0,True,medium,4,0,0,0,False,False,0,0,,,,,,,,,,
2026-07-25T17:18:45Z,580,P2-C1,P2,0x927EB9E0,1,Ken the Eagle,True,True,normal_damage_red_generation,44000,44000,26961,25593,-1368,32885,32065,-820,5924,6472,548,1368,820,548,820,548,0,True,medium,4,0,0,0,False,False,0,0,,,,,,,,,,
2026-07-25T17:18:45Z,582,P2-C1,P2,0x927EB9E0,1,Ken the Eagle,True,True,normal_damage_red_generation,44000,44000,25593,24369,-1224,32065,31331,-734,6472,6962,490,1224,734,490,734,490,0,True,medium,4,0,0,0,False,False,0,0,,,,,,,,,,
2026-07-25T17:18:46Z,585,P2-C1,P2,0x927EB9E0,1,Ken the Eagle,True,True,normal_damage_red_generation,44000,44000,24369,22261,-2108,31331,30067,-1264,6962,7806,844,2108,1264,844,1264,844,0,True,medium,4,0,0,0,False,False,0,0,,,,,,,,,,
2026-07-25T17:18:46Z,588,P2-C1,P2,0x927EB9E0,1,Ken the Eagle,True,True,normal_damage_red_generation,44000,44000,22261,20342,-1919,30067,28916,-1151,7806,8574,768,1919,1151,768,1151,768,0,True,medium,4,0,0,0,False,False,0,0,,,,,,,,,,
2026-07-25T17:18:46Z,592,P2-C1,P2,0x927EB9E0,1,Ken the Eagle,True,True,normal_damage_red_generation,44000,44000,20342,18679,-1663,28916,27919,-997,8574,9240,666,1663,997,666,997,666,0,True,medium,4,0,0,0,False,False,0,0,,,,,,,,,,
2026-07-25T17:18:47Z,597,P2-C1,P2,0x927EB9E0,1,Ken the Eagle,True,True,normal_damage_red_generation,44000,44000,18679,16708,-1971,27919,26737,-1182,9240,10029,789,1971,1182,789,1182,789,0,True,medium,4,0,0,0,False,False,0,0,,,,,,,,,,
2026-07-25T17:18:50Z,628,P2-C1,P2,0x927EB9E0,1,Ken the Eagle,True,True,recoverable_heal,44000,44000,16708,18708,2000,26737,26737,0,10029,8029,-2000,0,0,0,,,,,none,4,500,0,1,False,False,0,0,,,,,,,,,,
2026-07-25T17:18:50Z,629,P2-C1,P2,0x927EB9E0,1,Ken the Eagle,True,True,recoverable_heal,44000,44000,18708,22708,4000,26737,26737,0,8029,4029,-4000,0,0,0,,,,,none,4,500,0,1,False,False,0,0,,,,,,,,,,
2026-07-25T17:18:50Z,630,P2-C1,P2,0x927EB9E0,1,Ken the Eagle,True,True,recoverable_heal,44000,44000,22708,25708,3000,26737,26737,0,4029,1029,-3000,0,0,0,,,,,none,4,500,0,1,False,False,0,0,,,,,,,,,,
2026-07-25T17:18:50Z,631,P2-C1,P2,0x927EB9E0,1,Ken the Eagle,True,True,mixed_heal,44000,44000,25708,28208,2500,26737,28208,1471,1029,0,-1029,0,0,0,,,,,none,4,500,0,1,False,False,0,0,,,,,,,,,,
2026-07-25T17:18:50Z,632,P2-C1,P2,0x927EB9E0,1,Ken the Eagle,True,True,current_and_ceiling_heal,44000,44000,28208,31208,3000,28208,31208,3000,0,0,0,0,0,0,,,,,none,4,500,0,1,False,False,0,0,,,,,,,,,,
2026-07-25T17:18:50Z,633,P2-C1,P2,0x927EB9E0,1,Ken the Eagle,True,True,current_and_ceiling_heal,44000,44000,31208,33708,2500,31208,33708,2500,0,0,0,0,0,0,,,,,none,4,500,0,1,False,False,0,0,,,,,,,,,,
2026-07-25T17:18:51Z,634,P2-C1,P2,0x927EB9E0,1,Ken the Eagle,True,True,current_and_ceiling_heal,44000,44000,33708,36708,3000,33708,36708,3000,0,0,0,0,0,0,,,,,none,4,500,0,1,False,False,0,0,,,,,,,,,,
2026-07-25T17:18:51Z,635,P2-C1,P2,0x927EB9E0,1,Ken the Eagle,True,True,current_and_ceiling_heal,44000,44000,36708,38708,2000,36708,38708,2000,0,0,0,0,0,0,,,,,none,4,500,0,1,False,False,0,0,,,,,,,,,,
2026-07-25T17:18:51Z,636,P2-C1,P2,0x927EB9E0,1,Ken the Eagle,True,True,current_and_ceiling_heal,44000,44000,38708,41208,2500,38708,41208,2500,0,0,0,0,0,0,,,,,none,4,500,0,1,False,False,0,0,,,,,,,,,,
2026-07-25T17:18:51Z,637,P2-C1,P2,0x927EB9E0,1,Ken the Eagle,True,True,full_health_reset,44000,44000,41208,44000,2792,41208,44000,2792,0,0,0,0,0,0,,,,,none,4,0,0,0,False,False,0,0,,,,,,,,,,
2026-07-25T17:18:57Z,695,P2-C1,P2,0x927EB9E0,1,Ken the Eagle,True,True,normal_damage_red_generation,44000,44000,44000,41520,-2480,44000,42512,-1488,0,992,992,2480,1488,992,1488,992,0,True,medium,4,0,0,0,False,False,0,0,,,,,,,,,,
2026-07-25T17:18:58Z,702,P2-C1,P2,0x927EB9E0,1,Ken the Eagle,True,True,normal_damage_red_generation,44000,44000,41520,40080,-1440,42512,41648,-864,992,1568,576,1440,864,576,864,576,0,True,medium,4,0,0,0,False,False,0,0,,,,,,,,,,
2026-07-25T17:19:00Z,715,P2-C1,P2,0x927EB9E0,1,Ken the Eagle,True,True,mixed_heal,44000,44000,40080,42080,2000,41648,42080,432,1568,0,-1568,0,0,0,,,,,none,4,500,0,1,False,False,0,0,,,,,,,,,,
2026-07-25T17:19:00Z,716,P2-C1,P2,0x927EB9E0,1,Ken the Eagle,True,True,full_health_reset,44000,44000,42080,44000,1920,42080,44000,1920,0,0,0,0,0,0,,,,,none,4,0,0,0,False,False,0,0,,,,,,,,,,
2026-07-25T17:19:05Z,767,P2-C1,P2,0x927EB9E0,1,Ken the Eagle,True,True,normal_damage_red_generation,44000,44000,44000,41600,-2400,44000,42560,-1440,0,960,960,2400,1440,960,1440,960,0,True,medium,4,0,0,0,False,False,0,0,,,,,,,,,,
2026-07-25T17:19:07Z,791,P2-C1,P2,0x927EB9E0,1,Ken the Eagle,True,True,mixed_heal,44000,44000,41600,43100,1500,42560,43100,540,960,0,-960,0,0,0,,,,,none,4,500,0,1,False,False,0,0,,,,,,,,,,
2026-07-25T17:19:07Z,792,P2-C1,P2,0x927EB9E0,1,Ken the Eagle,True,True,full_health_reset,44000,44000,43100,44000,900,43100,44000,900,0,0,0,0,0,0,,,,,none,4,0,0,0,False,False,0,0,,,,,,,,,,
2026-07-25T17:19:10Z,813,P2-C1,P2,0x927EB9E0,1,Ken the Eagle,True,True,normal_damage_red_generation,44000,44000,44000,42560,-1440,44000,43136,-864,0,576,576,1440,864,576,864,576,0,True,medium,4,0,0,0,False,False,0,0,,,,,,,,,,
2026-07-25T17:19:11Z,828,P2-C1,P2,0x927EB9E0,1,Ken the Eagle,True,True,full_health_reset,44000,44000,42560,44000,1440,43136,44000,864,576,0,-576,0,0,0,,,,,none,4,0,0,0,False,False,0,0,,,,,,,,,,
2026-07-25T17:38:06Z,15777,P1-C2,P1,0x92B6BA00,13,Chun-Li,False,True,point_status_change,46000,46000,46000,46000,0,46000,46000,0,0,0,0,0,0,0,,,,,none,4,0,0,0,False,False,0,0,,,,,,,,,,
2026-07-25T17:38:08Z,15789,P1-C2,P1,0x92B6BA00,13,Chun-Li,True,False,point_status_change,46000,46000,46000,46000,0,46000,46000,0,0,0,0,0,0,0,,,,,none,4,4,0,0,False,False,0,0,,,,,,,,,,
2026-07-25T17:38:08Z,15789,P2-C1,P2,0x927EB9E0,1,Ken the Eagle,True,True,normal_damage_red_generation,44000,44000,44000,42960,-1040,44000,43376,-624,0,416,416,1040,624,416,624,416,0,True,medium,4,0,0,0,False,False,0,0,,,,,,,,,,
2026-07-25T17:38:08Z,15790,P2-C1,P2,0x927EB9E0,1,Ken the Eagle,True,True,normal_damage_red_generation,44000,44000,42960,41972,-988,43376,42784,-592,416,812,396,988,592,396,592,396,0,True,medium,4,0,0,0,False,False,0,0,,,,,,,,,,
2026-07-25T17:38:10Z,15800,P2-C1,P2,0x927EB9E0,1,Ken the Eagle,True,True,recoverable_heal,44000,44000,41972,42472,500,42784,42784,0,812,312,-500,0,0,0,,,,,none,4,500,0,1,False,False,0,0,,,,,,,,,,
2026-07-25T17:38:10Z,15801,P2-C1,P2,0x927EB9E0,1,Ken the Eagle,True,True,full_health_reset,44000,44000,42472,44000,1528,42784,44000,1216,312,0,-312,0,0,0,,,,,none,4,0,0,0,False,False,0,0,,,,,,,,,,
2026-07-25T17:42:59Z,19743,P1-C2,P1,0x92B6BA00,13,Chun-Li,False,True,point_status_change,46000,46000,46000,46000,0,46000,46000,0,0,0,0,0,0,0,,,,,none,4,4,0,0,False,False,0,0,,,,,,,,,,
2026-07-25T17:43:01Z,19767,P1-C2,P1,0x92B6BA00,13,Chun-Li,True,False,point_status_change,46000,46000,46000,46000,0,46000,46000,0,0,0,0,0,0,0,,,,,none,4,4,0,0,False,False,0,0,,,,,,,,,,
2026-07-25T18:07:26Z,40119,P2-C1,P2,0x927EB9E0,1,Ken the Eagle,True,True,normal_damage_red_generation,44000,44000,44000,41200,-2800,44000,42320,-1680,0,1120,1120,2800,1680,1120,1680,1120,0,True,medium,4,0,0,0,False,False,0,0,P1-C1,12,Ryu,305,Hado M,0,2800,0x0000000C,0x00040102,
2026-07-25T18:07:26Z,151,P2-C1,P2,0x927EB9E0,1,Ken the Eagle,True,True,normal_damage_red_generation,44000,44000,44000,41200,-2800,44000,42320,-1680,0,1120,1120,2800,1680,1120,1680,1120,0,True,medium,4,0,0,0,False,False,0,0,P1-C1,12,Ryu,305,Hado M,0,2800,0x0000000C,0x00040102,
2026-07-25T18:07:28Z,40128,P2-C1,P2,0x927EB9E0,1,Ken the Eagle,True,True,normal_damage_red_generation,44000,44000,41200,38400,-2800,42320,40640,-1680,1120,2240,1120,2800,1680,1120,1680,1120,0,True,high,4,0,0,0,False,False,0,0,P1-C1,12,Ryu,305,Hado M,0,100,0x00000009,0x00000040,
2026-07-25T18:07:28Z,160,P2-C1,P2,0x927EB9E0,1,Ken the Eagle,True,True,normal_damage_red_generation,44000,44000,41200,38400,-2800,42320,40640,-1680,1120,2240,1120,2800,1680,1120,1680,1120,0,True,medium,4,0,0,0,False,False,0,0,P1-C1,12,Ryu,305,Hado M,0,2800,0x0000000C,0x00040102,
2026-07-25T18:07:29Z,171,P2-C1,P2,0x927EB9E0,1,Ken the Eagle,True,True,normal_damage_red_generation,44000,44000,38400,35600,-2800,40640,38960,-1680,2240,3360,1120,2800,1680,1120,1680,1120,0,True,high,4,0,0,0,False,False,0,0,P1-C1,12,Ryu,305,Hado M,0,100,0x00000009,0x00000040,
2026-07-25T18:07:29Z,40139,P2-C1,P2,0x927EB9E0,1,Ken the Eagle,True,True,normal_damage_red_generation,44000,44000,38400,35600,-2800,40640,38960,-1680,2240,3360,1120,2800,1680,1120,1680,1120,0,True,high,4,0,0,0,False,False,0,0,P1-C1,12,Ryu,305,Hado M,0,100,0x00000009,0x00000040,
2026-07-25T18:07:31Z,40150,P2-C1,P2,0x927EB9E0,1,Ken the Eagle,True,True,recoverable_heal,44000,44000,35600,38600,3000,38960,38960,0,3360,360,-3000,0,0,0,,,,,none,4,500,0,1,False,False,0,0,,,,,,,,,,
2026-07-25T18:07:31Z,183,P2-C1,P2,0x927EB9E0,1,Ken the Eagle,True,True,recoverable_heal,44000,44000,35600,38600,3000,38960,38960,0,3360,360,-3000,0,0,0,,,,,none,4,500,0,1,False,False,0,0,,,,,,,,,,
2026-07-25T18:07:31Z,40151,P2-C1,P2,0x927EB9E0,1,Ken the Eagle,True,True,mixed_heal,44000,44000,38600,43600,5000,38960,43600,4640,360,0,-360,0,0,0,,,,,none,4,500,0,1,False,False,0,0,,,,,,,,,,
2026-07-25T18:07:31Z,184,P2-C1,P2,0x927EB9E0,1,Ken the Eagle,True,True,mixed_heal,44000,44000,38600,43600,5000,38960,43600,4640,360,0,-360,0,0,0,,,,,none,4,0,0,0,False,False,0,0,,,,,,,,,,
2026-07-25T18:07:31Z,40152,P2-C1,P2,0x927EB9E0,1,Ken the Eagle,True,True,full_health_reset,44000,44000,43600,44000,400,43600,44000,400,0,0,0,0,0,0,,,,,none,4,0,0,0,False,False,0,0,,,,,,,,,,
2026-07-25T18:07:31Z,185,P2-C1,P2,0x927EB9E0,1,Ken the Eagle,True,True,full_health_reset,44000,44000,43600,44000,400,43600,44000,400,0,0,0,0,0,0,,,,,none,4,0,0,0,False,False,0,0,,,,,,,,,,
2026-07-25T18:07:48Z,328,P2-C1,P2,0x927EB9E0,1,Ken the Eagle,True,True,normal_damage_red_generation,44000,44000,44000,42560,-1440,44000,43136,-864,0,576,576,1440,864,576,864,576,0,True,medium,4,0,0,0,False,False,0,0,,,,,,,,,,
2026-07-25T18:07:50Z,343,P2-C1,P2,0x927EB9E0,1,Ken the Eagle,True,True,full_health_reset,44000,44000,42560,44000,1440,43136,44000,864,576,0,-576,0,0,0,,,,,none,4,0,0,0,False,False,0,0,,,,,,,,,,
2026-07-25T18:07:50Z,350,P2-C1,P2,0x927EB9E0,1,Ken the Eagle,True,True,normal_damage_red_generation,44000,44000,44000,42560,-1440,44000,43136,-864,0,576,576,1440,864,576,864,576,0,True,medium,4,0,0,0,False,False,0,0,,,,,,,,,,
2026-07-25T18:07:52Z,365,P2-C1,P2,0x927EB9E0,1,Ken the Eagle,True,True,recoverable_heal,44000,44000,42560,43060,500,43136,43136,0,576,76,-500,0,0,0,,,,,none,4,500,0,1,False,False,0,0,,,,,,,,,,
2026-07-25T18:07:52Z,366,P2-C1,P2,0x927EB9E0,1,Ken the Eagle,True,True,full_health_reset,44000,44000,43060,44000,940,43136,44000,864,76,0,-76,0,0,0,,,,,none,4,0,0,0,False,False,0,0,,,,,,,,,,
2026-07-25T18:07:52Z,374,P1-C1,P1,0x9246B9C0,12,Ryu,True,True,baroque_spent_latch_change,48000,48000,43200,43200,0,48000,48000,0,4800,4800,0,0,0,0,,,,,none,4,500,0,1,False,False,4800,0,,,,,,,,,,
2026-07-25T18:07:57Z,417,P2-C1,P2,0x927EB9E0,1,Ken the Eagle,True,True,normal_damage_red_generation,44000,44000,44000,43200,-800,44000,43520,-480,0,320,320,800,480,320,480,320,0,True,medium,4,0,0,0,False,False,0,0,,,,,,,,,,
2026-07-25T18:07:57Z,421,P2-C1,P2,0x927EB9E0,1,Ken the Eagle,True,True,normal_damage_red_generation,44000,44000,43200,42400,-800,43520,43040,-480,320,640,320,800,480,320,480,320,0,True,medium,4,0,0,0,False,False,0,0,,,,,,,,,,
2026-07-25T18:07:57Z,423,P2-C1,P2,0x927EB9E0,1,Ken the Eagle,True,True,normal_damage_red_generation,44000,44000,42400,41032,-1368,43040,42220,-820,640,1188,548,1368,820,548,820,548,0,True,medium,4,0,0,0,False,False,0,0,,,,,,,,,,
2026-07-25T18:07:58Z,425,P2-C1,P2,0x927EB9E0,1,Ken the Eagle,True,True,normal_damage_red_generation,44000,44000,41032,39808,-1224,42220,41486,-734,1188,1678,490,1224,734,490,734,490,0,True,medium,4,0,0,0,False,False,0,0,,,,,,,,,,
2026-07-25T18:07:58Z,428,P2-C1,P2,0x927EB9E0,1,Ken the Eagle,True,True,normal_damage_red_generation,44000,44000,39808,37700,-2108,41486,40222,-1264,1678,2522,844,2108,1264,844,1264,844,0,True,medium,4,0,0,0,False,False,0,0,,,,,,,,,,
2026-07-25T18:07:59Z,431,P2-C1,P2,0x927EB9E0,1,Ken the Eagle,True,True,normal_damage_red_generation,44000,44000,37700,35781,-1919,40222,39071,-1151,2522,3290,768,1919,1151,768,1151,768,0,True,medium,4,0,0,0,False,False,0,0,,,,,,,,,,
2026-07-25T18:07:59Z,434,P2-C1,P2,0x927EB9E0,1,Ken the Eagle,True,True,normal_damage_red_generation,44000,44000,35781,34118,-1663,39071,38074,-997,3290,3956,666,1663,997,666,997,666,0,True,medium,4,0,0,0,False,False,0,0,,,,,,,,,,
2026-07-25T18:08:01Z,452,P2-C1,P2,0x927EB9E0,1,Ken the Eagle,True,True,recoverable_heal,44000,44000,34118,36118,2000,38074,38074,0,3956,1956,-2000,0,0,0,,,,,none,4,500,0,1,False,False,0,0,,,,,,,,,,
2026-07-25T18:08:01Z,453,P2-C1,P2,0x927EB9E0,1,Ken the Eagle,True,True,mixed_heal,44000,44000,36118,39618,3500,38074,39618,1544,1956,0,-1956,0,0,0,,,,,none,4,500,0,1,False,False,0,0,,,,,,,,,,
2026-07-25T18:08:01Z,454,P2-C1,P2,0x927EB9E0,1,Ken the Eagle,True,True,current_and_ceiling_heal,44000,44000,39618,41618,2000,39618,41618,2000,0,0,0,0,0,0,,,,,none,4,500,0,1,False,False,0,0,,,,,,,,,,
2026-07-25T18:08:01Z,455,P2-C1,P2,0x927EB9E0,1,Ken the Eagle,True,True,full_health_reset,44000,44000,41618,44000,2382,41618,44000,2382,0,0,0,0,0,0,,,,,none,4,0,0,0,False,False,0,0,,,,,,,,,,
2026-07-25T18:08:05Z,501,P2-C1,P2,0x927EB9E0,1,Ken the Eagle,True,True,normal_damage_red_generation,44000,44000,44000,43200,-800,44000,43520,-480,0,320,320,800,480,320,480,320,0,True,medium,4,0,0,0,False,False,0,0,,,,,,,,,,
2026-07-25T18:08:06Z,511,P2-C1,P2,0x927EB9E0,1,Ken the Eagle,True,True,normal_damage_red_generation,44000,44000,43200,42400,-800,43520,43040,-480,320,640,320,800,480,320,480,320,0,True,medium,4,0,0,0,False,False,0,0,,,,,,,,,,
2026-07-25T18:08:06Z,513,P2-C1,P2,0x927EB9E0,1,Ken the Eagle,True,True,normal_damage_red_generation,44000,44000,42400,41032,-1368,43040,42220,-820,640,1188,548,1368,820,548,820,548,0,True,medium,4,0,0,0,False,False,0,0,,,,,,,,,,
2026-07-25T18:08:07Z,515,P2-C1,P2,0x927EB9E0,1,Ken the Eagle,True,True,normal_damage_red_generation,44000,44000,41032,39808,-1224,42220,41486,-734,1188,1678,490,1224,734,490,734,490,0,True,medium,4,0,0,0,False,False,0,0,,,,,,,,,,
2026-07-25T18:08:08Z,530,P2-C1,P2,0x927EB9E0,1,Ken the Eagle,True,True,normal_damage_red_generation,44000,44000,39808,39008,-800,41486,41006,-480,1678,1998,320,800,480,320,480,320,0,True,medium,4,0,0,0,False,False,0,0,,,,,,,,,,
2026-07-25T18:08:08Z,532,P2-C1,P2,0x927EB9E0,1,Ken the Eagle,True,True,normal_damage_red_generation,44000,44000,39008,37640,-1368,41006,40186,-820,1998,2546,548,1368,820,548,820,548,0,True,medium,4,0,0,0,False,False,0,0,,,,,,,,,,
2026-07-25T18:08:09Z,534,P2-C1,P2,0x927EB9E0,1,Ken the Eagle,True,True,normal_damage_red_generation,44000,44000,37640,36416,-1224,40186,39452,-734,2546,3036,490,1224,734,490,734,490,0,True,medium,4,0,0,0,False,False,0,0,,,,,,,,,,
2026-07-25T18:08:09Z,536,P2-C1,P2,0x927EB9E0,1,Ken the Eagle,True,True,normal_damage_red_generation,44000,44000,36416,34308,-2108,39452,38188,-1264,3036,3880,844,2108,1264,844,1264,844,0,True,medium,4,0,0,0,False,False,0,0,,,,,,,,,,
2026-07-25T18:08:09Z,540,P2-C1,P2,0x927EB9E0,1,Ken the Eagle,True,True,normal_damage_red_generation,44000,44000,34308,32389,-1919,38188,37037,-1151,3880,4648,768,1919,1151,768,1151,768,0,True,medium,4,0,0,0,False,False,0,0,,,,,,,,,,
2026-07-25T18:08:10Z,544,P2-C1,P2,0x927EB9E0,1,Ken the Eagle,True,True,normal_damage_red_generation,44000,44000,32389,30726,-1663,37037,36040,-997,4648,5314,666,1663,997,666,997,666,0,True,medium,4,0,0,0,False,False,0,0,,,,,,,,,,
2026-07-25T18:08:10Z,549,P2-C1,P2,0x927EB9E0,1,Ken the Eagle,True,True,normal_damage_red_generation,44000,44000,30726,28755,-1971,36040,34858,-1182,5314,6103,789,1971,1182,789,1182,789,0,True,medium,4,0,0,0,False,False,0,0,,,,,,,,,,
2026-07-25T18:08:11Z,560,P2-C1,P2,0x927EB9E0,1,Ken the Eagle,True,True,normal_damage_red_generation,44000,44000,28755,28211,-544,34858,34532,-326,6103,6321,218,544,326,218,326,218,0,True,medium,4,0,0,0,False,False,0,0,,,,,,,,,,
2026-07-25T18:08:12Z,561,P2-C1,P2,0x927EB9E0,1,Ken the Eagle,True,True,normal_damage_red_generation,44000,44000,28211,27297,-914,34532,33984,-548,6321,6687,366,914,548,366,548,366,0,True,medium,4,0,0,0,False,False,0,0,,,,,,,,,,
2026-07-25T18:08:12Z,563,P2-C1,P2,0x927EB9E0,1,Ken the Eagle,True,True,normal_damage_red_generation,44000,44000,27297,26509,-788,33984,33512,-472,6687,7003,316,788,472,316,472,316,0,True,medium,4,0,0,0,False,False,0,0,,,,,,,,,,
2026-07-25T18:08:12Z,566,P2-C1,P2,0x927EB9E0,1,Ken the Eagle,True,True,normal_damage_red_generation,44000,44000,26509,25200,-1309,33512,32727,-785,7003,7527,524,1309,785,524,785,524,0,True,medium,4,0,0,0,False,False,0,0,,,,,,,,,,
2026-07-25T18:08:13Z,570,P2-C1,P2,0x927EB9E0,1,Ken the Eagle,True,True,normal_damage_red_generation,44000,44000,25200,24045,-1155,32727,32034,-693,7527,7989,462,1155,693,462,693,462,0,True,medium,4,0,0,0,False,False,0,0,,,,,,,,,,
2026-07-25T18:08:13Z,573,P2-C1,P2,0x927EB9E0,1,Ken the Eagle,True,True,normal_damage_red_generation,44000,44000,24045,23119,-926,32034,31479,-555,7989,8360,371,926,555,371,555,371,0,True,medium,4,0,0,0,False,False,0,0,,,,,,,,,,
2026-07-25T18:08:14Z,579,P2-C1,P2,0x927EB9E0,1,Ken the Eagle,True,True,normal_damage_red_generation,44000,44000,23119,22513,-606,31479,31116,-363,8360,8603,243,606,363,243,363,243,0,True,medium,4,0,0,0,False,False,0,0,,,,,,,,,,
2026-07-25T18:08:14Z,582,P2-C1,P2,0x927EB9E0,1,Ken the Eagle,True,True,normal_damage_red_generation,44000,44000,22513,21906,-607,31116,30752,-364,8603,8846,243,607,364,243,364,243,0,True,medium,4,0,0,0,False,False,0,0,,,,,,,,,,
2026-07-25T18:08:14Z,585,P2-C1,P2,0x927EB9E0,1,Ken the Eagle,True,True,normal_damage_red_generation,44000,44000,21906,21298,-608,30752,30388,-364,8846,9090,244,608,364,244,364,244,0,True,medium,4,0,0,0,False,False,0,0,,,,,,,,,,
2026-07-25T18:08:15Z,588,P2-C1,P2,0x927EB9E0,1,Ken the Eagle,True,True,normal_damage_red_generation,44000,44000,21298,20689,-609,30388,30023,-365,9090,9334,244,609,365,244,365,244,0,True,medium,4,0,0,0,False,False,0,0,,,,,,,,,,
2026-07-25T18:08:17Z,614,P2-C1,P2,0x927EB9E0,1,Ken the Eagle,True,True,recoverable_heal,44000,44000,20689,21689,1000,30023,30023,0,9334,8334,-1000,0,0,0,,,,,none,4,500,0,1,False,False,0,0,,,,,,,,,,
2026-07-25T18:08:17Z,615,P2-C1,P2,0x927EB9E0,1,Ken the Eagle,True,True,recoverable_heal,44000,44000,21689,25189,3500,30023,30023,0,8334,4834,-3500,0,0,0,,,,,none,4,500,0,1,False,False,0,0,,,,,,,,,,
2026-07-25T18:08:17Z,616,P2-C1,P2,0x927EB9E0,1,Ken the Eagle,True,True,recoverable_heal,44000,44000,25189,27689,2500,30023,30023,0,4834,2334,-2500,0,0,0,,,,,none,4,500,0,1,False,False,0,0,,,,,,,,,,
2026-07-25T18:08:17Z,617,P2-C1,P2,0x927EB9E0,1,Ken the Eagle,True,True,mixed_heal,44000,44000,27689,30689,3000,30023,30689,666,2334,0,-2334,0,0,0,,,,,none,4,500,0,1,False,False,0,0,,,,,,,,,,
2026-07-25T18:08:17Z,618,P2-C1,P2,0x927EB9E0,1,Ken the Eagle,True,True,current_and_ceiling_heal,44000,44000,30689,32689,2000,30689,32689,2000,0,0,0,0,0,0,,,,,none,4,500,0,1,False,False,0,0,,,,,,,,,,
2026-07-25T18:08:18Z,619,P2-C1,P2,0x927EB9E0,1,Ken the Eagle,True,True,current_and_ceiling_heal,44000,44000,32689,35189,2500,32689,35189,2500,0,0,0,0,0,0,,,,,none,4,500,0,1,False,False,0,0,,,,,,,,,,
2026-07-25T18:08:18Z,620,P2-C1,P2,0x927EB9E0,1,Ken the Eagle,True,True,current_and_ceiling_heal,44000,44000,35189,37689,2500,35189,37689,2500,0,0,0,0,0,0,,,,,none,4,500,0,1,False,False,0,0,,,,,,,,,,
2026-07-25T18:08:18Z,621,P2-C1,P2,0x927EB9E0,1,Ken the Eagle,True,True,current_and_ceiling_heal,44000,44000,37689,40189,2500,37689,40189,2500,0,0,0,0,0,0,,,,,none,4,500,0,1,False,False,0,0,,,,,,,,,,
2026-07-25T18:08:18Z,622,P2-C1,P2,0x927EB9E0,1,Ken the Eagle,True,True,current_and_ceiling_heal,44000,44000,40189,42689,2500,40189,42689,2500,0,0,0,0,0,0,,,,,none,4,500,0,1,False,False,0,0,,,,,,,,,,
2026-07-25T18:08:18Z,623,P2-C1,P2,0x927EB9E0,1,Ken the Eagle,True,True,full_health_reset,44000,44000,42689,44000,1311,42689,44000,1311,0,0,0,0,0,0,,,,,none,4,0,0,0,False,False,0,0,,,,,,,,,,
2026-07-25T18:08:19Z,631,P2-C1,P2,0x927EB9E0,1,Ken the Eagle,True,True,normal_damage_red_generation,44000,44000,44000,43200,-800,44000,43520,-480,0,320,320,800,480,320,480,320,0,True,medium,4,0,0,0,False,False,0,0,,,,,,,,,,
2026-07-25T18:08:19Z,633,P2-C1,P2,0x927EB9E0,1,Ken the Eagle,True,True,normal_damage_red_generation,44000,44000,43200,42440,-760,43520,43064,-456,320,624,304,760,456,304,456,304,0,True,medium,4,0,0,0,False,False,0,0,,,,,,,,,,
2026-07-25T18:08:19Z,634,P2-C1,P2,0x927EB9E0,1,Ken the Eagle,True,True,normal_damage_red_generation,44000,44000,42440,41144,-1296,43064,42287,-777,624,1143,519,1296,777,519,777,519,0,True,medium,4,0,0,0,False,False,0,0,,,,,,,,,,
2026-07-25T18:08:19Z,636,P2-C1,P2,0x927EB9E0,1,Ken the Eagle,True,True,normal_damage_red_generation,44000,44000,41144,39988,-1156,42287,41594,-693,1143,1606,463,1156,693,463,693,463,0,True,medium,4,0,0,0,False,False,0,0,,,,,,,,,,
2026-07-25T18:08:20Z,639,P2-C1,P2,0x927EB9E0,1,Ken the Eagle,True,True,normal_damage_red_generation,44000,44000,39988,38005,-1983,41594,40405,-1189,1606,2400,794,1983,1189,794,1189,794,0,True,medium,4,0,0,0,False,False,0,0,,,,,,,,,,
2026-07-25T18:08:21Z,655,P2-C1,P2,0x927EB9E0,1,Ken the Eagle,True,True,recoverable_heal,44000,44000,38005,39005,1000,40405,40405,0,2400,1400,-1000,0,0,0,,,,,none,4,500,0,1,False,False,0,0,,,,,,,,,,
2026-07-25T18:08:21Z,656,P2-C1,P2,0x927EB9E0,1,Ken the Eagle,True,True,mixed_heal,44000,44000,39005,43505,4500,40405,43505,3100,1400,0,-1400,0,0,0,,,,,none,4,500,0,1,False,False,0,0,,,,,,,,,,
2026-07-25T18:08:22Z,657,P2-C1,P2,0x927EB9E0,1,Ken the Eagle,True,True,full_health_reset,44000,44000,43505,44000,495,43505,44000,495,0,0,0,0,0,0,,,,,none,4,0,0,0,False,False,0,0,,,,,,,,,,
2026-07-25T18:08:24Z,688,P2-C1,P2,0x927EB9E0,1,Ken the Eagle,True,True,normal_damage_red_generation,44000,44000,44000,43200,-800,44000,43520,-480,0,320,320,800,480,320,480,320,0,True,medium,4,0,0,0,False,False,0,0,,,,,,,,,,
2026-07-25T18:08:25Z,690,P2-C1,P2,0x927EB9E0,1,Ken the Eagle,True,True,normal_damage_red_generation,44000,44000,43200,41832,-1368,43520,42700,-820,320,868,548,1368,820,548,820,548,0,True,medium,4,0,0,0,False,False,0,0,,,,,,,,,,
2026-07-25T18:08:25Z,692,P2-C1,P2,0x927EB9E0,1,Ken the Eagle,True,True,normal_damage_red_generation,44000,44000,41832,40608,-1224,42700,41966,-734,868,1358,490,1224,734,490,734,490,0,True,medium,4,0,0,0,False,False,0,0,,,,,,,,,,
2026-07-25T18:08:25Z,695,P2-C1,P2,0x927EB9E0,1,Ken the Eagle,True,True,normal_damage_red_generation,44000,44000,40608,38500,-2108,41966,40702,-1264,1358,2202,844,2108,1264,844,1264,844,0,True,medium,4,0,0,0,False,False,0,0,,,,,,,,,,
2026-07-25T18:08:26Z,698,P2-C1,P2,0x927EB9E0,1,Ken the Eagle,True,True,normal_damage_red_generation,44000,44000,38500,36581,-1919,40702,39551,-1151,2202,2970,768,1919,1151,768,1151,768,0,True,medium,4,0,0,0,False,False,0,0,,,,,,,,,,
2026-07-25T18:08:26Z,702,P2-C1,P2,0x927EB9E0,1,Ken the Eagle,True,True,normal_damage_red_generation,44000,44000,36581,34918,-1663,39551,38554,-997,2970,3636,666,1663,997,666,997,666,0,True,medium,4,0,0,0,False,False,0,0,,,,,,,,,,
2026-07-25T18:08:28Z,718,P2-C1,P2,0x927EB9E0,1,Ken the Eagle,True,True,recoverable_heal,44000,44000,34918,35418,500,38554,38554,0,3636,3136,-500,0,0,0,,,,,none,4,500,0,1,False,False,0,0,,,,,,,,,,
2026-07-25T18:08:28Z,719,P2-C1,P2,0x927EB9E0,1,Ken the Eagle,True,True,mixed_heal,44000,44000,35418,39918,4500,38554,39918,1364,3136,0,-3136,0,0,0,,,,,none,4,500,0,1,False,False,0,0,,,,,,,,,,
2026-07-25T18:08:28Z,720,P2-C1,P2,0x927EB9E0,1,Ken the Eagle,True,True,current_and_ceiling_heal,44000,44000,39918,42418,2500,39918,42418,2500,0,0,0,0,0,0,,,,,none,4,500,0,1,False,False,0,0,,,,,,,,,,
2026-07-25T18:08:28Z,721,P2-C1,P2,0x927EB9E0,1,Ken the Eagle,True,True,full_health_reset,44000,44000,42418,44000,1582,42418,44000,1582,0,0,0,0,0,0,,,,,none,4,0,0,0,False,False,0,0,,,,,,,,,,
2026-07-25T18:08:30Z,742,P2-C1,P2,0x927EB9E0,1,Ken the Eagle,True,True,normal_damage_red_generation,44000,44000,44000,43200,-800,44000,43520,-480,0,320,320,800,480,320,480,320,0,True,medium,4,0,0,0,False,False,0,0,,,,,,,,,,
2026-07-25T18:08:30Z,743,P2-C1,P2,0x927EB9E0,1,Ken the Eagle,True,True,normal_damage_red_generation,44000,44000,43200,42440,-760,43520,43064,-456,320,624,304,760,456,304,456,304,0,True,medium,4,0,0,0,False,False,0,0,,,,,,,,,,
2026-07-25T18:08:31Z,748,P2-C1,P2,0x927EB9E0,1,Ken the Eagle,True,True,normal_damage_red_generation,44000,44000,42440,41640,-800,43064,42584,-480,624,944,320,800,480,320,480,320,0,True,medium,4,0,0,0,False,False,0,0,,,,,,,,,,
2026-07-25T18:08:31Z,750,P2-C1,P2,0x927EB9E0,1,Ken the Eagle,True,True,normal_damage_red_generation,44000,44000,41640,40272,-1368,42584,41764,-820,944,1492,548,1368,820,548,820,548,0,True,medium,4,0,0,0,False,False,0,0,,,,,,,,,,
2026-07-25T18:08:31Z,753,P2-C1,P2,0x927EB9E0,1,Ken the Eagle,True,True,normal_damage_red_generation,44000,44000,40272,38112,-2160,41764,40468,-1296,1492,2356,864,2160,1296,864,1296,864,0,True,medium,4,0,0,0,False,False,0,0,,,,,,,,,,
2026-07-25T18:08:33Z,766,P2-C1,P2,0x927EB9E0,1,Ken the Eagle,True,True,normal_damage_red_generation,44000,44000,38112,37312,-800,40468,39988,-480,2356,2676,320,800,480,320,480,320,0,True,medium,4,0,0,0,False,False,0,0,,,,,,,,,,
2026-07-25T18:08:33Z,767,P2-C1,P2,0x927EB9E0,1,Ken the Eagle,True,True,normal_damage_red_generation,44000,44000,37312,35944,-1368,39988,39168,-820,2676,3224,548,1368,820,548,820,548,0,True,medium,4,0,0,0,False,False,0,0,,,,,,,,,,
2026-07-25T18:08:33Z,769,P2-C1,P2,0x927EB9E0,1,Ken the Eagle,True,True,normal_damage_red_generation,44000,44000,35944,34720,-1224,39168,38434,-734,3224,3714,490,1224,734,490,734,490,0,True,medium,4,0,0,0,False,False,0,0,,,,,,,,,,
2026-07-25T18:08:34Z,772,P2-C1,P2,0x927EB9E0,1,Ken the Eagle,True,True,normal_damage_red_generation,44000,44000,34720,32612,-2108,38434,37170,-1264,3714,4558,844,2108,1264,844,1264,844,0,True,medium,4,0,0,0,False,False,0,0,,,,,,,,,,
2026-07-25T18:08:34Z,775,P2-C1,P2,0x927EB9E0,1,Ken the Eagle,True,True,normal_damage_red_generation,44000,44000,32612,30693,-1919,37170,36019,-1151,4558,5326,768,1919,1151,768,1151,768,0,True,medium,4,0,0,0,False,False,0,0,,,,,,,,,,
2026-07-25T18:08:35Z,779,P2-C1,P2,0x927EB9E0,1,Ken the Eagle,True,True,normal_damage_red_generation,44000,44000,30693,29030,-1663,36019,35022,-997,5326,5992,666,1663,997,666,997,666,0,True,medium,4,0,0,0,False,False,0,0,,,,,,,,,,
2026-07-25T18:08:35Z,784,P2-C1,P2,0x927EB9E0,1,Ken the Eagle,True,True,normal_damage_red_generation,44000,44000,29030,27836,-1194,35022,34306,-716,5992,6470,478,1194,716,478,716,478,0,True,medium,4,0,0,0,False,False,0,0,,,,,,,,,,
2026-07-25T18:08:35Z,787,P2-C1,P2,0x927EB9E0,1,Ken the Eagle,True,True,normal_damage_red_generation,44000,44000,27836,26726,-1110,34306,33640,-666,6470,6914,444,1110,666,444,666,444,0,True,medium,4,0,0,0,False,False,0,0,,,,,,,,,,
2026-07-25T18:08:36Z,790,P2-C1,P2,0x927EB9E0,1,Ken the Eagle,True,True,normal_damage_red_generation,44000,44000,26726,25700,-1026,33640,33025,-615,6914,7325,411,1026,615,411,615,411,0,True,medium,4,0,0,0,False,False,0,0,,,,,,,,,,
2026-07-25T18:08:36Z,793,P2-C1,P2,0x927EB9E0,1,Ken the Eagle,True,True,normal_damage_red_generation,44000,44000,25700,24758,-942,33025,32460,-565,7325,7702,377,942,565,377,565,377,0,True,medium,4,0,0,0,False,False,0,0,,,,,,,,,,
2026-07-25T18:08:38Z,813,P2-C1,P2,0x927EB9E0,1,Ken the Eagle,True,True,recoverable_heal,44000,44000,24758,25758,1000,32460,32460,0,7702,6702,-1000,0,0,0,,,,,none,4,500,0,1,False,False,0,0,,,,,,,,,,
2026-07-25T18:08:39Z,814,P2-C1,P2,0x927EB9E0,1,Ken the Eagle,True,True,recoverable_heal,44000,44000,25758,29758,4000,32460,32460,0,6702,2702,-4000,0,0,0,,,,,none,4,500,0,1,False,False,0,0,,,,,,,,,,
2026-07-25T18:08:39Z,815,P2-C1,P2,0x927EB9E0,1,Ken the Eagle,True,True,recoverable_heal,44000,44000,29758,32258,2500,32460,32460,0,2702,202,-2500,0,0,0,,,,,none,4,500,0,1,False,False,0,0,,,,,,,,,,
2026-07-25T18:08:39Z,816,P2-C1,P2,0x927EB9E0,1,Ken the Eagle,True,True,mixed_heal,44000,44000,32258,34758,2500,32460,34758,2298,202,0,-202,0,0,0,,,,,none,4,500,0,1,False,False,0,0,,,,,,,,,,
2026-07-25T18:08:39Z,817,P2-C1,P2,0x927EB9E0,1,Ken the Eagle,True,True,current_and_ceiling_heal,44000,44000,34758,37258,2500,34758,37258,2500,0,0,0,0,0,0,,,,,none,4,500,0,1,False,False,0,0,,,,,,,,,,
2026-07-25T18:08:39Z,818,P2-C1,P2,0x927EB9E0,1,Ken the Eagle,True,True,current_and_ceiling_heal,44000,44000,37258,39758,2500,37258,39758,2500,0,0,0,0,0,0,,,,,none,4,500,0,1,False,False,0,0,,,,,,,,,,
2026-07-25T18:08:39Z,819,P2-C1,P2,0x927EB9E0,1,Ken the Eagle,True,True,current_and_ceiling_heal,44000,44000,39758,42758,3000,39758,42758,3000,0,0,0,0,0,0,,,,,none,4,500,0,1,False,False,0,0,,,,,,,,,,
2026-07-25T18:08:39Z,820,P2-C1,P2,0x927EB9E0,1,Ken the Eagle,True,True,full_health_reset,44000,44000,42758,44000,1242,42758,44000,1242,0,0,0,0,0,0,,,,,none,4,0,0,0,False,False,0,0,,,,,,,,,,
2026-07-25T18:08:45Z,868,P2-C1,P2,0x927EB9E0,1,Ken the Eagle,True,True,normal_damage_red_generation,44000,44000,44000,42560,-1440,44000,43136,-864,0,576,576,1440,864,576,864,576,0,True,medium,4,0,0,0,False,False,0,0,,,,,,,,,,
2026-07-25T18:08:46Z,879,P2-C1,P2,0x927EB9E0,1,Ken the Eagle,True,True,mixed_heal,44000,44000,42560,43560,1000,43136,43560,424,576,0,-576,0,0,0,,,,,none,4,500,0,1,False,False,0,0,,,,,,,,,,
2026-07-25T18:08:46Z,880,P2-C1,P2,0x927EB9E0,1,Ken the Eagle,True,True,full_health_reset,44000,44000,43560,44000,440,43560,44000,440,0,0,0,0,0,0,,,,,none,4,0,0,0,False,False,0,0,,,,,,,,,,
2026-07-25T18:09:05Z,1045,P2-C1,P2,0x927EB9E0,1,Ken the Eagle,True,True,normal_damage_red_generation,44000,44000,44000,43200,-800,44000,43520,-480,0,320,320,800,480,320,480,320,0,True,medium,4,0,0,0,False,False,0,0,,,,,,,,,,
2026-07-25T18:09:05Z,1046,P2-C1,P2,0x927EB9E0,1,Ken the Eagle,True,True,normal_damage_red_generation,44000,44000,43200,41832,-1368,43520,42700,-820,320,868,548,1368,820,548,820,548,0,True,medium,4,0,0,0,False,False,0,0,,,,,,,,,,
2026-07-25T18:09:06Z,1047,P2-C1,P2,0x927EB9E0,1,Ken the Eagle,True,True,normal_damage_red_generation,44000,44000,41832,40608,-1224,42700,41966,-734,868,1358,490,1224,734,490,734,490,0,True,medium,4,0,0,0,False,False,0,0,,,,,,,,,,
2026-07-25T18:09:06Z,1049,P2-C1,P2,0x927EB9E0,1,Ken the Eagle,True,True,normal_damage_red_generation,44000,44000,40608,38500,-2108,41966,40702,-1264,1358,2202,844,2108,1264,844,1264,844,0,True,medium,4,0,0,0,False,False,0,0,,,,,,,,,,
2026-07-25T18:09:07Z,1052,P2-C1,P2,0x927EB9E0,1,Ken the Eagle,True,True,normal_damage_red_generation,44000,44000,38500,36773,-1727,40702,39666,-1036,2202,2893,691,1727,1036,691,1036,691,0,True,medium,4,0,0,0,False,False,0,0,,,,,,,,,,
2026-07-25T18:09:07Z,1056,P2-C1,P2,0x927EB9E0,1,Ken the Eagle,True,True,normal_damage_red_generation,44000,44000,36773,34674,-2099,39666,38407,-1259,2893,3733,840,2099,1259,840,1259,840,0,True,high,4,0,0,0,False,False,0,0,P1-C1,12,Ryu,305,Hado M,0,100,0x00000009,0x00000040,
2026-07-25T18:09:08Z,1065,P2-C1,P2,0x927EB9E0,1,Ken the Eagle,True,True,normal_damage_red_generation,44000,44000,34674,33874,-800,38407,37927,-480,3733,4053,320,800,480,320,480,320,0,True,medium,4,0,0,0,False,False,0,0,,,,,,,,,,
2026-07-25T18:09:08Z,1066,P2-C1,P2,0x927EB9E0,1,Ken the Eagle,True,True,normal_damage_red_generation,44000,44000,33874,32506,-1368,37927,37107,-820,4053,4601,548,1368,820,548,820,548,0,True,medium,4,0,0,0,False,False,0,0,,,,,,,,,,
2026-07-25T18:09:08Z,1067,P2-C1,P2,0x927EB9E0,1,Ken the Eagle,True,True,normal_damage_red_generation,44000,44000,32506,31282,-1224,37107,36373,-734,4601,5091,490,1224,734,490,734,490,0,True,medium,4,0,0,0,False,False,0,0,,,,,,,,,,
2026-07-25T18:09:09Z,1069,P2-C1,P2,0x927EB9E0,1,Ken the Eagle,True,True,normal_damage_red_generation,44000,44000,31282,29174,-2108,36373,35109,-1264,5091,5935,844,2108,1264,844,1264,844,0,True,medium,4,0,0,0,False,False,0,0,,,,,,,,,,
2026-07-25T18:09:09Z,1073,P2-C1,P2,0x927EB9E0,1,Ken the Eagle,True,True,normal_damage_red_generation,44000,44000,29174,27447,-1727,35109,34073,-1036,5935,6626,691,1727,1036,691,1036,691,0,True,medium,4,0,0,0,False,False,0,0,,,,,,,,,,
2026-07-25T18:09:10Z,1077,P2-C1,P2,0x927EB9E0,1,Ken the Eagle,True,True,normal_damage_red_generation,44000,44000,27447,25348,-2099,34073,32814,-1259,6626,7466,840,2099,1259,840,1259,840,0,True,high,4,0,0,0,False,False,0,0,P1-C1,12,Ryu,305,Hado M,0,100,0x00000009,0x00000040,
2026-07-25T18:09:10Z,1078,P1-C1,P1,0x9246B9C0,12,Ryu,True,True,ceiling_loss,48000,48000,43200,43200,0,48000,43700,-4300,4800,500,-4300,0,4300,0,,,,,none,4,0,0,0,False,True,0,4800,,,,,,,,,,
2026-07-25T18:09:11Z,1082,P2-C1,P2,0x927EB9E0,1,Ken the Eagle,True,True,normal_damage_red_generation,44000,44000,25348,24261,-1087,32814,32162,-652,7466,7901,435,1087,652,435,652,435,0,True,medium,4,0,0,0,False,False,0,0,P1-C1,12,Ryu,10,crouching,0,100,0x00000009,0x00000040,
2026-07-25T18:09:11Z,1086,P2-C1,P2,0x927EB9E0,1,Ken the Eagle,True,True,normal_damage_red_generation,44000,44000,24261,23192,-1069,32162,31521,-641,7901,8329,428,1069,641,428,641,428,0,True,medium,4,0,0,0,False,False,0,0,P1-C1,12,Ryu,10,crouching,0,100,0x00000009,0x00000040,
2026-07-25T18:09:11Z,1089,P2-C1,P2,0x927EB9E0,1,Ken the Eagle,True,True,normal_damage_red_generation,44000,44000,23192,22204,-988,31521,30929,-592,8329,8725,396,988,592,396,592,396,0,True,medium,4,0,0,0,False,False,0,0,,,,,,,,,,
2026-07-25T18:09:12Z,1093,P2-C1,P2,0x927EB9E0,1,Ken the Eagle,True,True,normal_damage_red_generation,44000,44000,22204,21297,-907,30929,30385,-544,8725,9088,363,907,544,363,544,363,0,True,medium,4,0,0,0,False,False,0,0,,,,,,,,,,
2026-07-25T18:09:13Z,1104,P1-C1,P1,0x9246B9C0,12,Ryu,True,True,recoverable_ceiling_gain,48000,48000,43200,43200,0,43700,48000,4300,500,4800,4300,0,0,4300,,,,,none,4,0,0,0,True,False,4800,4800,,,,,,,,,,
2026-07-25T18:09:13Z,1107,P2-C1,P2,0x927EB9E0,1,Ken the Eagle,True,True,normal_damage_red_generation,44000,44000,21297,19617,-1680,30385,29377,-1008,9088,9760,672,1680,1008,672,1008,672,0,True,medium,4,0,0,0,False,False,0,0,,,,,,,,,,
2026-07-25T18:09:13Z,1111,P2-C1,P2,0x927EB9E0,1,Ken the Eagle,True,True,normal_damage_red_generation,44000,44000,19617,18021,-1596,29377,28420,-957,9760,10399,639,1596,957,639,957,639,0,True,medium,4,0,0,0,False,False,0,0,,,,,,,,,,
2026-07-25T18:09:14Z,1116,P2-C1,P2,0x927EB9E0,1,Ken the Eagle,True,True,normal_damage_red_generation,44000,44000,18021,17301,-720,28420,27988,-432,10399,10687,288,720,432,288,432,288,0,True,medium,4,0,0,0,False,False,0,0,,,,,,,,,,
2026-07-25T18:09:14Z,1117,P2-C1,P2,0x927EB9E0,1,Ken the Eagle,True,True,normal_damage_red_generation,44000,44000,17301,16077,-1224,27988,27254,-734,10687,11177,490,1224,734,490,734,490,0,True,medium,4,0,0,0,False,False,0,0,,,,,,,,,,
2026-07-25T18:09:14Z,1119,P2-C1,P2,0x927EB9E0,1,Ken the Eagle,True,True,normal_damage_red_generation,44000,44000,16077,14990,-1087,27254,26602,-652,11177,11612,435,1087,652,435,652,435,0,True,medium,4,0,0,0,False,False,0,0,,,,,,,,,,
2026-07-25T18:09:15Z,1121,P2-C1,P2,0x927EB9E0,1,Ken the Eagle,True,True,normal_damage_red_generation,44000,44000,14990,13131,-1859,26602,25487,-1115,11612,12356,744,1859,1115,744,1115,744,0,True,medium,4,0,0,0,False,False,0,0,,,,,,,,,,
2026-07-25T18:09:15Z,1125,P2-C1,P2,0x927EB9E0,1,Ken the Eagle,True,True,normal_damage_red_generation,44000,44000,13131,11620,-1511,25487,24581,-906,12356,12961,605,1511,906,605,906,605,0,True,medium,4,0,0,0,False,False,0,0,,,,,,,,,,
2026-07-25T18:09:16Z,1130,P1-C2,P1,0x92B6BA00,13,Chun-Li,False,True,point_status_change,46000,46000,46000,46000,0,46000,46000,0,0,0,0,0,0,0,,,,,none,4,0,0,0,False,False,0,0,,,,,,,,,,
2026-07-25T18:09:16Z,1130,P2-C1,P2,0x927EB9E0,1,Ken the Eagle,True,True,normal_damage_red_generation,44000,44000,11620,9801,-1819,24581,23490,-1091,12961,13689,728,1819,1091,728,1091,728,0,True,medium,4,0,0,0,False,False,0,0,,,,,,,,,,
2026-07-25T18:09:16Z,1134,P2-C1,P2,0x927EB9E0,1,Ken the Eagle,True,True,normal_damage_red_generation,44000,44000,9801,9322,-479,23490,23203,-287,13689,13881,192,479,287,192,287,192,0,True,medium,4,0,0,0,False,False,0,0,,,,,,,,,,
2026-07-25T18:09:16Z,1136,P2-C1,P2,0x927EB9E0,1,Ken the Eagle,True,True,normal_damage_red_generation,44000,44000,9322,8851,-471,23203,22921,-282,13881,14070,189,471,282,189,282,189,0,True,medium,4,0,0,0,False,False,0,0,,,,,,,,,,
2026-07-25T18:09:17Z,1138,P2-C1,P2,0x927EB9E0,1,Ken the Eagle,True,True,normal_damage_red_generation,44000,44000,8851,8415,-436,22921,22660,-261,14070,14245,175,436,261,175,261,175,0,True,medium,4,0,0,0,False,False,0,0,,,,,,,,,,
2026-07-25T18:09:18Z,1148,P1-C2,P1,0x92B6BA00,13,Chun-Li,True,False,point_status_change,46000,46000,46000,46000,0,46000,46000,0,0,0,0,0,0,0,,,,,none,4,4,0,0,False,False,0,0,,,,,,,,,,
2026-07-25T18:09:18Z,1149,P2-C1,P2,0x927EB9E0,1,Ken the Eagle,True,True,recoverable_heal,44000,44000,8415,11915,3500,22660,22660,0,14245,10745,-3500,0,0,0,,,,,none,4,500,0,1,False,False,0,0,,,,,,,,,,
2026-07-25T18:09:18Z,1150,P2-C1,P2,0x927EB9E0,1,Ken the Eagle,True,True,recoverable_heal,44000,44000,11915,14915,3000,22660,22660,0,10745,7745,-3000,0,0,0,,,,,none,4,500,0,1,False,False,0,0,,,,,,,,,,
2026-07-25T18:09:18Z,1151,P2-C1,P2,0x927EB9E0,1,Ken the Eagle,True,True,recoverable_heal,44000,44000,14915,17915,3000,22660,22660,0,7745,4745,-3000,0,0,0,,,,,none,4,500,0,1,False,False,0,0,,,,,,,,,,
2026-07-25T18:09:19Z,1152,P2-C1,P2,0x927EB9E0,1,Ken the Eagle,True,True,recoverable_heal,44000,44000,17915,20915,3000,22660,22660,0,4745,1745,-3000,0,0,0,,,,,none,4,500,0,1,False,False,0,0,,,,,,,,,,
2026-07-25T18:09:19Z,1153,P2-C1,P2,0x927EB9E0,1,Ken the Eagle,True,True,mixed_heal,44000,44000,20915,23915,3000,22660,23915,1255,1745,0,-1745,0,0,0,,,,,none,4,500,0,1,False,False,0,0,,,,,,,,,,
2026-07-25T18:09:19Z,1154,P2-C1,P2,0x927EB9E0,1,Ken the Eagle,True,True,current_and_ceiling_heal,44000,44000,23915,26415,2500,23915,26415,2500,0,0,0,0,0,0,,,,,none,4,500,0,1,False,False,0,0,,,,,,,,,,
2026-07-25T18:09:19Z,1155,P2-C1,P2,0x927EB9E0,1,Ken the Eagle,True,True,current_and_ceiling_heal,44000,44000,26415,29915,3500,26415,29915,3500,0,0,0,0,0,0,,,,,none,4,500,0,1,False,False,0,0,,,,,,,,,,
2026-07-25T18:09:19Z,1156,P2-C1,P2,0x927EB9E0,1,Ken the Eagle,True,True,current_and_ceiling_heal,44000,44000,29915,33915,4000,29915,33915,4000,0,0,0,0,0,0,,,,,none,4,500,0,1,False,False,0,0,,,,,,,,,,
2026-07-25T18:09:19Z,1157,P2-C1,P2,0x927EB9E0,1,Ken the Eagle,True,True,current_and_ceiling_heal,44000,44000,33915,36915,3000,33915,36915,3000,0,0,0,0,0,0,,,,,none,4,500,0,1,False,False,0,0,,,,,,,,,,
2026-07-25T18:09:19Z,1158,P2-C1,P2,0x927EB9E0,1,Ken the Eagle,True,True,current_and_ceiling_heal,44000,44000,36915,39415,2500,36915,39415,2500,0,0,0,0,0,0,,,,,none,4,500,0,1,False,False,0,0,,,,,,,,,,
2026-07-25T18:09:19Z,1159,P2-C1,P2,0x927EB9E0,1,Ken the Eagle,True,True,current_and_ceiling_heal,44000,44000,39415,42415,3000,39415,42415,3000,0,0,0,0,0,0,,,,,none,4,500,0,1,False,False,0,0,,,,,,,,,,
2026-07-25T18:09:19Z,1160,P2-C1,P2,0x927EB9E0,1,Ken the Eagle,True,True,full_health_reset,44000,44000,42415,44000,1585,42415,44000,1585,0,0,0,0,0,0,,,,,none,4,0,0,0,False,False,0,0,,,,,,,,,,
2026-07-25T18:09:21Z,1180,P2-C1,P2,0x927EB9E0,1,Ken the Eagle,True,True,normal_damage_red_generation,44000,44000,44000,43200,-800,44000,43520,-480,0,320,320,800,480,320,480,320,0,True,medium,4,0,0,0,False,False,0,0,,,,,,,,,,
2026-07-25T18:09:22Z,1181,P2-C1,P2,0x927EB9E0,1,Ken the Eagle,True,True,normal_damage_red_generation,44000,44000,43200,41832,-1368,43520,42700,-820,320,868,548,1368,820,548,820,548,0,True,medium,4,0,0,0,False,False,0,0,,,,,,,,,,
2026-07-25T18:09:22Z,1183,P2-C1,P2,0x927EB9E0,1,Ken the Eagle,True,True,normal_damage_red_generation,44000,44000,41832,40608,-1224,42700,41966,-734,868,1358,490,1224,734,490,734,490,0,True,medium,4,0,0,0,False,False,0,0,,,,,,,,,,
2026-07-25T18:09:22Z,1186,P2-C1,P2,0x927EB9E0,1,Ken the Eagle,True,True,normal_damage_red_generation,44000,44000,40608,38500,-2108,41966,40702,-1264,1358,2202,844,2108,1264,844,1264,844,0,True,medium,4,0,0,0,False,False,0,0,,,,,,,,,,
2026-07-25T18:09:23Z,1190,P2-C1,P2,0x927EB9E0,1,Ken the Eagle,True,True,normal_damage_red_generation,44000,44000,38500,36773,-1727,40702,39666,-1036,2202,2893,691,1727,1036,691,1036,691,0,True,medium,4,0,0,0,False,False,0,0,,,,,,,,,,
2026-07-25T18:09:23Z,1195,P1-C1,P1,0x9246B9C0,12,Ryu,True,True,ceiling_loss,48000,48000,43200,43200,0,48000,43700,-4300,4800,500,-4300,0,4300,0,,,,,none,4,0,0,0,False,True,4800,4800,,,,,,,,,,
2026-07-25T18:09:23Z,1195,P2-C1,P2,0x927EB9E0,1,Ken the Eagle,True,True,normal_damage_red_generation,44000,44000,36773,34674,-2099,39666,38407,-1259,2893,3733,840,2099,1259,840,1259,840,0,True,high,4,0,0,0,False,False,0,0,P1-C1,12,Ryu,1,idle 2,0,100,0x00000009,0x00000040,
2026-07-25T18:09:24Z,1200,P2-C1,P2,0x927EB9E0,1,Ken the Eagle,True,True,normal_damage_red_generation,44000,44000,34674,33587,-1087,38407,37755,-652,3733,4168,435,1087,652,435,652,435,0,True,medium,4,0,0,0,False,False,0,0,P1-C1,12,Ryu,1,idle 2,0,100,0x00000009,0x00000040,
2026-07-25T18:09:24Z,1203,P2-C1,P2,0x927EB9E0,1,Ken the Eagle,True,True,normal_damage_red_generation,44000,44000,33587,32518,-1069,37755,37114,-641,4168,4596,428,1069,641,428,641,428,0,True,medium,4,0,0,0,False,False,0,0,P1-C1,12,Ryu,1,idle 2,0,100,0x00000009,0x00000040,
2026-07-25T18:09:25Z,1207,P2-C1,P2,0x927EB9E0,1,Ken the Eagle,True,True,normal_damage_red_generation,44000,44000,32518,31530,-988,37114,36522,-592,4596,4992,396,988,592,396,592,396,0,True,medium,4,0,0,0,False,False,0,0,,,,,,,,,,
2026-07-25T18:09:25Z,1210,P2-C1,P2,0x927EB9E0,1,Ken the Eagle,True,True,normal_damage_red_generation,44000,44000,31530,30623,-907,36522,35978,-544,4992,5355,363,907,544,363,544,363,0,True,medium,4,0,0,0,False,False,0,0,,,,,,,,,,
2026-07-25T18:09:26Z,1220,P1-C1,P1,0x9246B9C0,12,Ryu,True,True,recoverable_ceiling_gain,48000,48000,43200,43200,0,43700,48000,4300,500,4800,4300,0,0,4300,,,,,none,4,0,0,0,True,False,4800,4800,,,,,,,,,,
2026-07-25T18:09:27Z,1226,P2-C1,P2,0x927EB9E0,1,Ken the Eagle,True,True,normal_damage_red_generation,44000,44000,30623,29823,-800,35978,35498,-480,5355,5675,320,800,480,320,480,320,0,True,medium,4,0,0,0,False,False,0,0,,,,,,,,,,
2026-07-25T18:09:27Z,1227,P2-C1,P2,0x927EB9E0,1,Ken the Eagle,True,True,normal_damage_red_generation,44000,44000,29823,28455,-1368,35498,34678,-820,5675,6223,548,1368,820,548,820,548,0,True,medium,4,0,0,0,False,False,0,0,,,,,,,,,,
2026-07-25T18:09:27Z,1229,P2-C1,P2,0x927EB9E0,1,Ken the Eagle,True,True,normal_damage_red_generation,44000,44000,28455,27231,-1224,34678,33944,-734,6223,6713,490,1224,734,490,734,490,0,True,medium,4,0,0,0,False,False,0,0,,,,,,,,,,
2026-07-25T18:09:28Z,1233,P2-C1,P2,0x927EB9E0,1,Ken the Eagle,True,True,normal_damage_red_generation,44000,44000,27231,25123,-2108,33944,32680,-1264,6713,7557,844,2108,1264,844,1264,844,0,True,medium,4,0,0,0,False,False,0,0,,,,,,,,,,
2026-07-25T18:09:28Z,1236,P2-C1,P2,0x927EB9E0,1,Ken the Eagle,True,True,normal_damage_red_generation,44000,44000,25123,23396,-1727,32680,31644,-1036,7557,8248,691,1727,1036,691,1036,691,0,True,medium,4,0,0,0,False,False,0,0,,,,,,,,,,
2026-07-25T18:09:29Z,1240,P1-C1,P1,0x9246B9C0,12,Ryu,True,True,ceiling_loss,48000,48000,43200,43200,0,48000,43700,-4300,4800,500,-4300,0,4300,0,,,,,none,4,0,0,0,False,True,4800,4800,,,,,,,,,,
2026-07-25T18:09:29Z,1240,P2-C1,P2,0x927EB9E0,1,Ken the Eagle,True,True,normal_damage_red_generation,44000,44000,23396,21297,-2099,31644,30385,-1259,8248,9088,840,2099,1259,840,1259,840,0,True,high,4,0,0,0,False,False,0,0,P1-C1,12,Ryu,1,idle,0,2800,0x0000000C,0x00040102,
2026-07-25T18:09:29Z,1246,P1-C1,P1,0x9246B9C0,12,Ryu,True,True,recoverable_ceiling_gain,48000,48000,43200,43200,0,43700,48000,4300,500,4800,4300,0,0,4300,,,,,none,4,0,0,0,True,False,4800,4800,,,,,,,,,,
2026-07-25T18:09:29Z,1246,P2-C1,P2,0x927EB9E0,1,Ken the Eagle,True,True,normal_damage_red_generation,44000,44000,21297,19697,-1600,30385,29425,-960,9088,9728,640,1600,960,640,960,640,0,True,medium,4,0,0,0,False,False,0,0,P1-C1,12,Ryu,11,crouched,0,100,0x00000009,0x00000040,
2026-07-25T18:09:30Z,1250,P2-C1,P2,0x927EB9E0,1,Ken the Eagle,True,True,normal_damage_red_generation,44000,44000,19697,18087,-1610,29425,28459,-966,9728,10372,644,1610,966,644,966,644,0,True,medium,4,0,0,0,False,False,0,0,,,,,,,,,,
2026-07-25T18:09:30Z,1254,P2-C1,P2,0x927EB9E0,1,Ken the Eagle,True,True,normal_damage_red_generation,44000,44000,18087,16559,-1528,28459,27543,-916,10372,10984,612,1528,916,612,916,612,0,True,medium,4,0,0,0,False,False,0,0,,,,,,,,,,
2026-07-25T18:09:30Z,1258,P2-C1,P2,0x927EB9E0,1,Ken the Eagle,True,True,normal_damage_red_generation,44000,44000,16559,15114,-1445,27543,26676,-867,10984,11562,578,1445,867,578,867,578,0,True,medium,4,0,0,0,False,False,0,0,,,,,,,,,,
2026-07-25T18:09:33Z,1284,P2-C1,P2,0x927EB9E0,1,Ken the Eagle,True,True,recoverable_heal,44000,44000,15114,15614,500,26676,26676,0,11562,11062,-500,0,0,0,,,,,none,4,500,0,1,False,False,0,0,,,,,,,,,,
2026-07-25T18:09:33Z,1285,P2-C1,P2,0x927EB9E0,1,Ken the Eagle,True,True,recoverable_heal,44000,44000,15614,19614,4000,26676,26676,0,11062,7062,-4000,0,0,0,,,,,none,4,500,0,1,False,False,0,0,,,,,,,,,,
2026-07-25T18:09:33Z,1286,P2-C1,P2,0x927EB9E0,1,Ken the Eagle,True,True,recoverable_heal,44000,44000,19614,22614,3000,26676,26676,0,7062,4062,-3000,0,0,0,,,,,none,4,500,0,1,False,False,0,0,,,,,,,,,,
2026-07-25T18:09:33Z,1287,P2-C1,P2,0x927EB9E0,1,Ken the Eagle,True,True,recoverable_heal,44000,44000,22614,25114,2500,26676,26676,0,4062,1562,-2500,0,0,0,,,,,none,4,500,0,1,False,False,0,0,,,,,,,,,,
2026-07-25T18:09:33Z,1288,P2-C1,P2,0x927EB9E0,1,Ken the Eagle,True,True,mixed_heal,44000,44000,25114,27614,2500,26676,27614,938,1562,0,-1562,0,0,0,,,,,none,4,500,0,1,False,False,0,0,,,,,,,,,,
2026-07-25T18:09:33Z,1289,P2-C1,P2,0x927EB9E0,1,Ken the Eagle,True,True,current_and_ceiling_heal,44000,44000,27614,30114,2500,27614,30114,2500,0,0,0,0,0,0,,,,,none,4,500,0,1,False,False,0,0,,,,,,,,,,
2026-07-25T18:09:33Z,1290,P2-C1,P2,0x927EB9E0,1,Ken the Eagle,True,True,current_and_ceiling_heal,44000,44000,30114,32614,2500,30114,32614,2500,0,0,0,0,0,0,,,,,none,4,500,0,1,False,False,0,0,,,,,,,,,,
2026-07-25T18:09:33Z,1291,P2-C1,P2,0x927EB9E0,1,Ken the Eagle,True,True,current_and_ceiling_heal,44000,44000,32614,35114,2500,32614,35114,2500,0,0,0,0,0,0,,,,,none,4,500,0,1,False,False,0,0,,,,,,,,,,
2026-07-25T18:09:33Z,1292,P2-C1,P2,0x927EB9E0,1,Ken the Eagle,True,True,current_and_ceiling_heal,44000,44000,35114,38114,3000,35114,38114,3000,0,0,0,0,0,0,,,,,none,4,500,0,1,False,False,0,0,,,,,,,,,,
2026-07-25T18:09:33Z,1293,P2-C1,P2,0x927EB9E0,1,Ken the Eagle,True,True,current_and_ceiling_heal,44000,44000,38114,40614,2500,38114,40614,2500,0,0,0,0,0,0,,,,,none,4,500,0,1,False,False,0,0,,,,,,,,,,
2026-07-25T18:09:34Z,1294,P2-C1,P2,0x927EB9E0,1,Ken the Eagle,True,True,full_health_reset,44000,44000,40614,44000,3386,40614,44000,3386,0,0,0,0,0,0,,,,,none,4,0,0,0,False,False,0,0,,,,,,,,,,
2026-07-25T18:09:34Z,1297,P2-C1,P2,0x927EB9E0,1,Ken the Eagle,True,True,normal_damage_red_generation,44000,44000,44000,43200,-800,44000,43520,-480,0,320,320,800,480,320,480,320,0,True,medium,4,0,0,0,False,False,0,0,,,,,,,,,,
2026-07-25T18:09:34Z,1299,P2-C1,P2,0x927EB9E0,1,Ken the Eagle,True,True,normal_damage_red_generation,44000,44000,43200,41832,-1368,43520,42700,-820,320,868,548,1368,820,548,820,548,0,True,medium,4,0,0,0,False,False,0,0,,,,,,,,,,
2026-07-25T18:09:34Z,1301,P2-C1,P2,0x927EB9E0,1,Ken the Eagle,True,True,normal_damage_red_generation,44000,44000,41832,40608,-1224,42700,41966,-734,868,1358,490,1224,734,490,734,490,0,True,medium,4,0,0,0,False,False,0,0,,,,,,,,,,
2026-07-25T18:09:35Z,1306,P2-C1,P2,0x927EB9E0,1,Ken the Eagle,True,True,normal_damage_red_generation,44000,44000,40608,38448,-2160,41966,40670,-1296,1358,2222,864,2160,1296,864,1296,864,0,True,medium,4,0,0,0,False,False,0,0,,,,,,,,,,
2026-07-25T18:09:36Z,1314,P2-C1,P2,0x927EB9E0,1,Ken the Eagle,True,True,normal_damage_red_generation,44000,44000,38448,37648,-800,40670,40190,-480,2222,2542,320,800,480,320,480,320,0,True,medium,4,0,0,0,False,False,0,0,,,,,,,,,,
2026-07-25T18:09:36Z,1316,P2-C1,P2,0x927EB9E0,1,Ken the Eagle,True,True,normal_damage_red_generation,44000,44000,37648,36280,-1368,40190,39370,-820,2542,3090,548,1368,820,548,820,548,0,True,medium,4,0,0,0,False,False,0,0,,,,,,,,,,
2026-07-25T18:09:36Z,1318,P2-C1,P2,0x927EB9E0,1,Ken the Eagle,True,True,normal_damage_red_generation,44000,44000,36280,35056,-1224,39370,38636,-734,3090,3580,490,1224,734,490,734,490,0,True,medium,4,0,0,0,False,False,0,0,,,,,,,,,,
2026-07-25T18:09:37Z,1321,P2-C1,P2,0x927EB9E0,1,Ken the Eagle,True,True,normal_damage_red_generation,44000,44000,35056,32948,-2108,38636,37372,-1264,3580,4424,844,2108,1264,844,1264,844,0,True,medium,4,0,0,0,False,False,0,0,,,,,,,,,,
2026-07-25T18:09:37Z,1325,P2-C1,P2,0x927EB9E0,1,Ken the Eagle,True,True,normal_damage_red_generation,44000,44000,32948,31221,-1727,37372,36336,-1036,4424,5115,691,1727,1036,691,1036,691,0,True,medium,4,0,0,0,False,False,0,0,,,,,,,,,,
2026-07-25T18:09:38Z,1330,P1-C1,P1,0x9246B9C0,12,Ryu,True,True,baroque_consume,48000,48000,43200,43200,0,48000,43200,-4800,4800,0,-4800,0,4800,0,,-4800,0,True,high,4,0,0,0,False,True,4800,4800,,,,,,,,,,
2026-07-25T18:09:38Z,1330,P2-C1,P2,0x927EB9E0,1,Ken the Eagle,True,True,normal_damage_red_generation,44000,44000,31221,29122,-2099,36336,35077,-1259,5115,5955,840,2099,1259,840,1259,840,0,True,high,4,0,0,0,False,False,0,0,P1-C1,12,Ryu,162,Baroque cancel,0,100,0x00000009,0x00000040,
2026-07-25T18:09:38Z,1331,P1-C1,P1,0x9246B9C0,12,Ryu,True,True,recoverable_ceiling_gain,48000,48000,43200,43200,0,43200,43700,500,0,500,500,0,0,500,,,,,none,4,0,0,0,True,True,4800,4800,,,,,,,,,,
2026-07-25T18:09:39Z,1337,P2-C1,P2,0x927EB9E0,1,Ken the Eagle,True,True,normal_damage_red_generation,44000,44000,29122,28035,-1087,35077,34425,-652,5955,6390,435,1087,652,435,652,435,0,True,medium,4,0,0,0,False,False,0,0,P1-C1,12,Ryu,3,backward,0,100,0x00000009,0x00000040,
2026-07-25T18:09:39Z,1341,P2-C1,P2,0x927EB9E0,1,Ken the Eagle,True,True,normal_damage_red_generation,44000,44000,28035,26966,-1069,34425,33784,-641,6390,6818,428,1069,641,428,641,428,0,True,medium,4,0,0,0,False,False,0,0,,,,,,,,,,
2026-07-25T18:09:39Z,1344,P2-C1,P2,0x927EB9E0,1,Ken the Eagle,True,True,normal_damage_red_generation,44000,44000,26966,25978,-988,33784,33192,-592,6818,7214,396,988,592,396,592,396,0,True,medium,4,0,0,0,False,False,0,0,,,,,,,,,,
2026-07-25T18:09:39Z,1348,P2-C1,P2,0x927EB9E0,1,Ken the Eagle,True,True,normal_damage_red_generation,44000,44000,25978,25071,-907,33192,32648,-544,7214,7577,363,907,544,363,544,363,0,True,medium,4,0,0,0,False,False,0,0,,,,,,,,,,
2026-07-25T18:09:41Z,1359,P1-C1,P1,0x9246B9C0,12,Ryu,True,True,recoverable_ceiling_gain,48000,48000,43200,43200,0,43700,48000,4300,500,4800,4300,0,0,4300,,,,,none,4,0,0,0,True,False,4800,4800,,,,,,,,,,
2026-07-25T18:09:41Z,1363,P2-C1,P2,0x927EB9E0,1,Ken the Eagle,True,True,normal_damage_red_generation,44000,44000,25071,23471,-1600,32648,31688,-960,7577,8217,640,1600,960,640,960,640,0,True,medium,4,0,0,0,False,False,0,0,,,,,,,,,,
2026-07-25T18:09:41Z,1367,P2-C1,P2,0x927EB9E0,1,Ken the Eagle,True,True,normal_damage_red_generation,44000,44000,23471,21861,-1610,31688,30722,-966,8217,8861,644,1610,966,644,966,644,0,True,medium,4,0,0,0,False,False,0,0,,,,,,,,,,
2026-07-25T18:09:43Z,1382,P2-C1,P2,0x927EB9E0,1,Ken the Eagle,True,True,normal_damage_red_generation,44000,44000,21861,20181,-1680,30722,29714,-1008,8861,9533,672,1680,1008,672,1008,672,0,True,medium,4,0,0,0,False,False,0,0,,,,,,,,,,
2026-07-25T18:09:43Z,1385,P2-C1,P2,0x927EB9E0,1,Ken the Eagle,True,True,normal_damage_red_generation,44000,44000,20181,18585,-1596,29714,28757,-957,9533,10172,639,1596,957,639,957,639,0,True,medium,4,0,0,0,False,False,0,0,,,,,,,,,,
2026-07-25T18:09:44Z,1392,P2-C1,P2,0x927EB9E0,1,Ken the Eagle,True,True,normal_damage_red_generation,44000,44000,18585,17785,-800,28757,28277,-480,10172,10492,320,800,480,320,480,320,0,True,medium,4,0,0,0,False,False,0,0,,,,,,,,,,
2026-07-25T18:09:44Z,1393,P2-C1,P2,0x927EB9E0,1,Ken the Eagle,True,True,normal_damage_red_generation,44000,44000,17785,16417,-1368,28277,27457,-820,10492,11040,548,1368,820,548,820,548,0,True,medium,4,0,0,0,False,False,0,0,,,,,,,,,,
2026-07-25T18:09:44Z,1396,P2-C1,P2,0x927EB9E0,1,Ken the Eagle,True,True,normal_damage_red_generation,44000,44000,16417,15193,-1224,27457,26723,-734,11040,11530,490,1224,734,490,734,490,0,True,medium,4,0,0,0,False,False,0,0,,,,,,,,,,
2026-07-25T18:09:45Z,1399,P2-C1,P2,0x927EB9E0,1,Ken the Eagle,True,True,normal_damage_red_generation,44000,44000,15193,13085,-2108,26723,25459,-1264,11530,12374,844,2108,1264,844,1264,844,0,True,medium,4,0,0,0,False,False,0,0,,,,,,,,,,
2026-07-25T18:09:45Z,1403,P2-C1,P2,0x927EB9E0,1,Ken the Eagle,True,True,normal_damage_red_generation,44000,44000,13085,11358,-1727,25459,24423,-1036,12374,13065,691,1727,1036,691,1036,691,0,True,medium,4,0,0,0,False,False,0,0,,,,,,,,,,
2026-07-25T18:09:46Z,1407,P1-C1,P1,0x9246B9C0,12,Ryu,True,True,baroque_status_change,48000,48000,43200,43200,0,48000,48000,0,4800,4800,0,0,0,0,,,,,none,4,500,0,1,False,True,4800,4800,,,,,,,,,,
2026-07-25T18:09:46Z,1407,P2-C1,P2,0x927EB9E0,1,Ken the Eagle,True,True,normal_damage_red_generation,44000,44000,11358,9259,-2099,24423,23164,-1259,13065,13905,840,2099,1259,840,1259,840,0,True,high,4,0,0,0,False,False,0,0,P1-C1,12,Ryu,305,Hado M,0,100,0x00000009,0x00000040,
2026-07-25T18:09:46Z,1408,P1-C1,P1,0x9246B9C0,12,Ryu,True,True,ceiling_loss,48000,48000,43200,43200,0,48000,43700,-4300,4800,500,-4300,0,4300,0,,,,,none,4,0,0,0,True,True,4800,4800,,,,,,,,,,
2026-07-25T18:09:46Z,1413,P2-C1,P2,0x927EB9E0,1,Ken the Eagle,True,True,normal_damage_red_generation,44000,44000,9259,8390,-869,23164,22643,-521,13905,14253,348,869,521,348,521,348,0,True,medium,4,0,0,0,False,False,0,0,P1-C1,12,Ryu,1,idle,0,100,0x00000009,0x00000040,
2026-07-25T18:09:47Z,1417,P2-C1,P2,0x927EB9E0,1,Ken the Eagle,True,True,normal_damage_red_generation,44000,44000,8390,7535,-855,22643,22130,-513,14253,14595,342,855,513,342,513,342,0,True,medium,4,0,0,0,False,False,0,0,,,,,,,,,,
2026-07-25T18:09:47Z,1420,P2-C1,P2,0x927EB9E0,1,Ken the Eagle,True,True,normal_damage_red_generation,44000,44000,7535,6745,-790,22130,21656,-474,14595,14911,316,790,474,316,474,316,0,True,medium,4,0,0,0,False,False,0,0,,,,,,,,,,
2026-07-25T18:09:47Z,1424,P2-C1,P2,0x927EB9E0,1,Ken the Eagle,True,True,normal_damage_red_generation,44000,44000,6745,6020,-725,21656,21221,-435,14911,15201,290,725,435,290,435,290,0,True,medium,4,0,0,0,False,False,0,0,,,,,,,,,,
2026-07-25T18:09:48Z,1434,P1-C1,P1,0x9246B9C0,12,Ryu,True,True,recoverable_ceiling_gain,48000,48000,43200,43200,0,43700,48000,4300,500,4800,4300,0,0,4300,,,,,none,4,0,0,0,True,False,4800,4800,,,,,,,,,,
2026-07-25T18:09:50Z,1448,P2-C1,P2,0x927EB9E0,1,Ken the Eagle,True,True,recoverable_heal,44000,44000,6020,8020,2000,21221,21221,0,15201,13201,-2000,0,0,0,,,,,none,4,500,0,1,False,False,0,0,,,,,,,,,,
2026-07-25T18:09:50Z,1449,P2-C1,P2,0x927EB9E0,1,Ken the Eagle,True,True,recoverable_heal,44000,44000,8020,12020,4000,21221,21221,0,13201,9201,-4000,0,0,0,,,,,none,4,500,0,1,False,False,0,0,,,,,,,,,,
2026-07-25T18:09:50Z,1450,P2-C1,P2,0x927EB9E0,1,Ken the Eagle,True,True,recoverable_heal,44000,44000,12020,14020,2000,21221,21221,0,9201,7201,-2000,0,0,0,,,,,none,4,500,0,1,False,False,0,0,,,,,,,,,,
2026-07-25T18:09:50Z,1451,P2-C1,P2,0x927EB9E0,1,Ken the Eagle,True,True,recoverable_heal,44000,44000,14020,17020,3000,21221,21221,0,7201,4201,-3000,0,0,0,,,,,none,4,500,0,1,False,False,0,0,,,,,,,,,,
2026-07-25T18:09:50Z,1452,P2-C1,P2,0x927EB9E0,1,Ken the Eagle,True,True,recoverable_heal,44000,44000,17020,19520,2500,21221,21221,0,4201,1701,-2500,0,0,0,,,,,none,4,500,0,1,False,False,0,0,,,,,,,,,,
2026-07-25T18:09:50Z,1453,P2-C1,P2,0x927EB9E0,1,Ken the Eagle,True,True,mixed_heal,44000,44000,19520,22020,2500,21221,22020,799,1701,0,-1701,0,0,0,,,,,none,4,500,0,1,False,False,0,0,,,,,,,,,,
2026-07-25T18:09:50Z,1454,P2-C1,P2,0x927EB9E0,1,Ken the Eagle,True,True,current_and_ceiling_heal,44000,44000,22020,25020,3000,22020,25020,3000,0,0,0,0,0,0,,,,,none,4,500,0,1,False,False,0,0,,,,,,,,,,
2026-07-25T18:09:50Z,1455,P2-C1,P2,0x927EB9E0,1,Ken the Eagle,True,True,current_and_ceiling_heal,44000,44000,25020,28020,3000,25020,28020,3000,0,0,0,0,0,0,,,,,none,4,500,0,1,False,False,0,0,,,,,,,,,,
2026-07-25T18:09:51Z,1456,P2-C1,P2,0x927EB9E0,1,Ken the Eagle,True,True,current_and_ceiling_heal,44000,44000,28020,31020,3000,28020,31020,3000,0,0,0,0,0,0,,,,,none,4,500,0,1,False,False,0,0,,,,,,,,,,
2026-07-25T18:09:51Z,1457,P2-C1,P2,0x927EB9E0,1,Ken the Eagle,True,True,current_and_ceiling_heal,44000,44000,31020,35020,4000,31020,35020,4000,0,0,0,0,0,0,,,,,none,4,500,0,1,False,False,0,0,,,,,,,,,,
2026-07-25T18:09:51Z,1458,P2-C1,P2,0x927EB9E0,1,Ken the Eagle,True,True,current_and_ceiling_heal,44000,44000,35020,38020,3000,35020,38020,3000,0,0,0,0,0,0,,,,,none,4,500,0,1,False,False,0,0,,,,,,,,,,
2026-07-25T18:09:51Z,1459,P2-C1,P2,0x927EB9E0,1,Ken the Eagle,True,True,current_and_ceiling_heal,44000,44000,38020,41020,3000,38020,41020,3000,0,0,0,0,0,0,,,,,none,4,500,0,1,False,False,0,0,,,,,,,,,,
2026-07-25T18:09:51Z,1460,P2-C1,P2,0x927EB9E0,1,Ken the Eagle,True,True,full_health_reset,44000,44000,41020,44000,2980,41020,44000,2980,0,0,0,0,0,0,,,,,none,4,0,0,0,False,False,0,0,,,,,,,,,,
2026-07-25T18:09:51Z,1462,P2-C1,P2,0x927EB9E0,1,Ken the Eagle,True,True,normal_damage_red_generation,44000,44000,44000,43200,-800,44000,43520,-480,0,320,320,800,480,320,480,320,0,True,medium,4,0,0,0,False,False,0,0,,,,,,,,,,
2026-07-25T18:09:51Z,1464,P2-C1,P2,0x927EB9E0,1,Ken the Eagle,True,True,normal_damage_red_generation,44000,44000,43200,41832,-1368,43520,42700,-820,320,868,548,1368,820,548,820,548,0,True,medium,4,0,0,0,False,False,0,0,,,,,,,,,,
2026-07-25T18:09:52Z,1466,P2-C1,P2,0x927EB9E0,1,Ken the Eagle,True,True,normal_damage_red_generation,44000,44000,41832,40608,-1224,42700,41966,-734,868,1358,490,1224,734,490,734,490,0,True,medium,4,0,0,0,False,False,0,0,,,,,,,,,,
2026-07-25T18:09:52Z,1469,P2-C1,P2,0x927EB9E0,1,Ken the Eagle,True,True,normal_damage_red_generation,44000,44000,40608,38500,-2108,41966,40702,-1264,1358,2202,844,2108,1264,844,1264,844,0,True,medium,4,0,0,0,False,False,0,0,,,,,,,,,,
2026-07-25T18:09:53Z,1472,P2-C1,P2,0x927EB9E0,1,Ken the Eagle,True,True,normal_damage_red_generation,44000,44000,38500,36773,-1727,40702,39666,-1036,2202,2893,691,1727,1036,691,1036,691,0,True,medium,4,0,0,0,False,False,0,0,,,,,,,,,,
2026-07-25T18:09:53Z,1477,P1-C1,P1,0x9246B9C0,12,Ryu,True,True,ceiling_loss,48000,48000,43200,43200,0,48000,43700,-4300,4800,500,-4300,0,4300,0,,,,,none,4,0,0,0,False,True,4800,4800,,,,,,,,,,
2026-07-25T18:09:53Z,1477,P2-C1,P2,0x927EB9E0,1,Ken the Eagle,True,True,normal_damage_red_generation,44000,44000,36773,34674,-2099,39666,38407,-1259,2893,3733,840,2099,1259,840,1259,840,0,True,high,4,0,0,0,False,False,0,0,P1-C1,12,Ryu,1,idle,0,2800,0x0000000C,0x00040102,
2026-07-25T18:09:54Z,1483,P2-C1,P2,0x927EB9E0,1,Ken the Eagle,True,True,normal_damage_red_generation,44000,44000,34674,33042,-1632,38407,37428,-979,3733,4386,653,1632,979,653,979,653,0,True,medium,4,0,0,0,False,False,0,0,P1-C1,12,Ryu,3,backward,0,100,0x00000009,0x00000040,
2026-07-25T18:09:54Z,1486,P2-C1,P2,0x927EB9E0,1,Ken the Eagle,True,True,normal_damage_red_generation,44000,44000,33042,31491,-1551,37428,36498,-930,4386,5007,621,1551,930,621,930,621,0,True,medium,4,0,0,0,False,False,0,0,P1-C1,12,Ryu,3,backward,0,100,0x00000009,0x00000040,
2026-07-25T18:09:54Z,1490,P2-C1,P2,0x927EB9E0,1,Ken the Eagle,True,True,normal_damage_red_generation,44000,44000,31491,30022,-1469,36498,35617,-881,5007,5595,588,1469,881,588,881,588,0,True,medium,4,0,0,0,False,False,0,0,,,,,,,,,,
2026-07-25T18:09:55Z,1493,P2-C1,P2,0x927EB9E0,1,Ken the Eagle,True,True,normal_damage_red_generation,44000,44000,30022,28634,-1388,35617,34785,-832,5595,6151,556,1388,832,556,832,556,0,True,medium,4,0,0,0,False,False,0,0,,,,,,,,,,
2026-07-25T18:09:55Z,1498,P2-C1,P2,0x927EB9E0,1,Ken the Eagle,True,True,normal_damage_red_generation,44000,44000,28634,28013,-621,34785,34413,-372,6151,6400,249,621,372,249,372,249,0,True,medium,4,0,0,0,False,False,0,0,,,,,,,,,,
2026-07-25T18:09:56Z,1500,P2-C1,P2,0x927EB9E0,1,Ken the Eagle,True,True,normal_damage_red_generation,44000,44000,28013,27431,-582,34413,34064,-349,6400,6633,233,582,349,233,349,233,0,True,medium,4,0,0,0,False,False,0,0,,,,,,,,,,
2026-07-25T18:09:56Z,1502,P1-C1,P1,0x9246B9C0,12,Ryu,True,True,baroque_status_change,48000,48000,43200,43200,0,43700,43700,0,500,500,0,0,0,0,,,,,none,4,0,0,0,True,False,4800,4800,,,,,,,,,,
2026-07-25T18:09:56Z,1503,P1-C1,P1,0x9246B9C0,12,Ryu,True,True,recoverable_ceiling_gain,48000,48000,43200,43200,0,43700,48000,4300,500,4800,4300,0,0,4300,,,,,none,4,0,0,0,False,False,4800,4800,,,,,,,,,,
2026-07-25T18:09:56Z,1503,P2-C1,P2,0x927EB9E0,1,Ken the Eagle,True,True,normal_damage_red_generation,44000,44000,27431,26071,-1360,34064,33248,-816,6633,7177,544,1360,816,544,816,544,0,True,medium,4,0,0,0,False,False,0,0,,,,,,,,,,
2026-07-25T18:09:56Z,1506,P2-C1,P2,0x927EB9E0,1,Ken the Eagle,True,True,normal_damage_red_generation,44000,44000,26071,23715,-2356,33248,31835,-1413,7177,8120,943,2356,1413,943,1413,943,0,True,medium,4,0,0,0,False,False,0,0,,,,,,,,,,
2026-07-25T18:09:57Z,1509,P2-C1,P2,0x927EB9E0,1,Ken the Eagle,True,True,normal_damage_red_generation,44000,44000,23715,21555,-2160,31835,30539,-1296,8120,8984,864,2160,1296,864,1296,864,0,True,medium,4,0,0,0,False,False,0,0,,,,,,,,,,
2026-07-25T18:09:57Z,1513,P2-C1,P2,0x927EB9E0,1,Ken the Eagle,True,True,normal_damage_red_generation,44000,44000,21555,19670,-1885,30539,29408,-1131,8984,9738,754,1885,1131,754,1131,754,0,True,medium,4,0,0,0,False,False,0,0,,,,,,,,,,
2026-07-25T18:09:58Z,1518,P2-C1,P2,0x927EB9E0,1,Ken the Eagle,True,True,normal_damage_red_generation,44000,44000,19670,17417,-2253,29408,28057,-1351,9738,10640,902,2253,1351,902,1351,902,0,True,medium,4,0,0,0,False,False,0,0,,,,,,,,,,
2026-07-25T18:09:59Z,1528,P2-C1,P2,0x927EB9E0,1,Ken the Eagle,True,True,normal_damage_red_generation,44000,44000,17417,16789,-628,28057,27681,-376,10640,10892,252,628,376,252,376,252,0,True,medium,4,0,0,0,False,False,0,0,,,,,,,,,,
2026-07-25T18:09:59Z,1529,P2-C1,P2,0x927EB9E0,1,Ken the Eagle,True,True,normal_damage_red_generation,44000,44000,16789,15723,-1066,27681,27042,-639,10892,11319,427,1066,639,427,639,427,0,True,medium,4,0,0,0,False,False,0,0,,,,,,,,,,
2026-07-25T18:09:59Z,1531,P2-C1,P2,0x927EB9E0,1,Ken the Eagle,True,True,normal_damage_red_generation,44000,44000,15723,14059,-1664,27042,26044,-998,11319,11985,666,1664,998,666,998,666,0,True,medium,4,0,0,0,False,False,0,0,,,,,,,,,,
2026-07-25T18:10:00Z,1535,P2-C1,P2,0x927EB9E0,1,Ken the Eagle,True,True,normal_damage_red_generation,44000,44000,14059,13368,-691,26044,25630,-414,11985,12262,277,691,414,277,414,277,0,True,medium,4,0,0,0,False,False,0,0,,,,,,,,,,
2026-07-25T18:10:00Z,1538,P2-C1,P2,0x927EB9E0,1,Ken the Eagle,True,True,normal_damage_red_generation,44000,44000,13368,12651,-717,25630,25200,-430,12262,12549,287,717,430,287,430,287,0,True,medium,4,0,0,0,False,False,0,0,,,,,,,,,,
2026-07-25T18:10:02Z,1558,P2-C1,P2,0x927EB9E0,1,Ken the Eagle,True,True,normal_damage_red_generation,44000,44000,12651,12292,-359,25200,24985,-215,12549,12693,144,359,215,144,215,144,0,True,high,4,0,0,0,False,False,0,0,P1-C1,12,Ryu,354,Air Shinkuu,0,720,0x0000000C,0x00000123,
2026-07-25T18:10:02Z,1559,P2-C1,P2,0x927EB9E0,1,Ken the Eagle,True,True,normal_damage_red_generation,44000,44000,12292,11682,-610,24985,24620,-365,12693,12938,245,610,365,245,366,244,1,False,high,4,0,0,0,False,False,0,0,P1-C1,12,Ryu,354,Air Shinkuu,0,720,0x0000000C,0x00000123,difference can indicate multiple native damage requests between GUI samples
2026-07-25T18:10:02Z,1560,P2-C1,P2,0x927EB9E0,1,Ken the Eagle,True,True,normal_damage_red_generation,44000,44000,11682,11430,-252,24620,24469,-151,12938,13039,101,252,151,101,151,101,0,True,high,4,0,0,0,False,False,0,0,P1-C1,12,Ryu,354,Air Shinkuu,0,720,0x0000000C,0x00000123,
2026-07-25T18:10:02Z,1561,P2-C1,P2,0x927EB9E0,1,Ken the Eagle,True,True,normal_damage_red_generation,44000,44000,11430,11178,-252,24469,24318,-151,13039,13140,101,252,151,101,151,101,0,True,high,4,0,0,0,False,False,0,0,P1-C1,12,Ryu,354,Air Shinkuu,0,720,0x0000000C,0x00000123,
2026-07-25T18:10:02Z,1562,P2-C1,P2,0x927EB9E0,1,Ken the Eagle,True,True,normal_damage_red_generation,44000,44000,11178,10926,-252,24318,24167,-151,13140,13241,101,252,151,101,151,101,0,True,high,4,0,0,0,False,False,0,0,P1-C1,12,Ryu,354,Air Shinkuu,0,720,0x0000000C,0x00000123,
2026-07-25T18:10:02Z,1563,P2-C1,P2,0x927EB9E0,1,Ken the Eagle,True,True,normal_damage_red_generation,44000,44000,10926,10725,-201,24167,24047,-120,13241,13322,81,201,120,81,120,81,0,True,high,4,0,0,0,False,False,0,0,P1-C1,12,Ryu,354,Air Shinkuu,0,720,0x0000000C,0x00000123,
2026-07-25T18:10:02Z,1564,P2-C1,P2,0x927EB9E0,1,Ken the Eagle,True,True,normal_damage_red_generation,44000,44000,10725,10524,-201,24047,23927,-120,13322,13403,81,201,120,81,120,81,0,True,high,4,-201,-120,0,False,False,0,0,P1-C1,12,Ryu,354,Air Shinkuu,0,720,0x0000000C,0x00000123,
2026-07-25T18:10:03Z,1565,P2-C1,P2,0x927EB9E0,1,Ken the Eagle,True,True,normal_damage_red_generation,44000,44000,10524,10122,-402,23927,23687,-240,13403,13565,162,402,240,162,241,161,1,False,high,4,0,0,0,False,False,0,0,P1-C1,12,Ryu,354,Air Shinkuu,0,720,0x0000000C,0x00000123,difference can indicate multiple native damage requests between GUI samples
2026-07-25T18:10:03Z,1566,P2-C1,P2,0x927EB9E0,1,Ken the Eagle,True,True,normal_damage_red_generation,44000,44000,10122,9921,-201,23687,23567,-120,13565,13646,81,201,120,81,120,81,0,True,high,4,0,0,0,False,False,0,0,P1-C1,12,Ryu,354,Air Shinkuu,0,720,0x0000000C,0x00000123,
2026-07-25T18:10:03Z,1567,P2-C1,P2,0x927EB9E0,1,Ken the Eagle,True,True,normal_damage_red_generation,44000,44000,9921,9519,-402,23567,23327,-240,13646,13808,162,402,240,162,241,161,1,False,high,4,0,0,0,False,False,0,0,P1-C1,12,Ryu,354,Air Shinkuu,0,720,0x0000000C,0x00000123,difference can indicate multiple native damage requests between GUI samples
2026-07-25T18:10:03Z,1568,P2-C1,P2,0x927EB9E0,1,Ken the Eagle,True,True,normal_damage_red_generation,44000,44000,9519,9117,-402,23327,23087,-240,13808,13970,162,402,240,162,241,161,1,False,high,4,0,0,0,False,False,0,0,P1-C1,12,Ryu,354,Air Shinkuu,0,720,0x0000000C,0x00000123,difference can indicate multiple native damage requests between GUI samples
2026-07-25T18:10:03Z,1569,P2-C1,P2,0x927EB9E0,1,Ken the Eagle,True,True,normal_damage_red_generation,44000,44000,9117,8916,-201,23087,22967,-120,13970,14051,81,201,120,81,120,81,0,True,high,4,0,0,0,False,False,0,0,P1-C1,12,Ryu,354,Air Shinkuu,0,720,0x0000000C,0x00000123,
2026-07-25T18:10:03Z,1570,P2-C1,P2,0x927EB9E0,1,Ken the Eagle,True,True,normal_damage_red_generation,44000,44000,8916,8715,-201,22967,22847,-120,14051,14132,81,201,120,81,120,81,0,True,high,4,0,0,0,False,False,0,0,P1-C1,12,Ryu,354,Air Shinkuu,0,720,0x0000000C,0x00000123,
2026-07-25T18:10:03Z,1571,P2-C1,P2,0x927EB9E0,1,Ken the Eagle,True,True,normal_damage_red_generation,44000,44000,8715,8313,-402,22847,22607,-240,14132,14294,162,402,240,162,241,161,1,False,high,4,0,0,0,False,False,0,0,P1-C1,12,Ryu,354,Air Shinkuu,0,720,0x0000000C,0x00000123,difference can indicate multiple native damage requests between GUI samples
2026-07-25T18:10:03Z,1572,P2-C1,P2,0x927EB9E0,1,Ken the Eagle,True,True,normal_damage_red_generation,44000,44000,8313,8022,-291,22607,22433,-174,14294,14411,117,291,174,117,174,117,0,True,high,4,0,0,0,False,False,0,0,P1-C1,12,Ryu,354,Air Shinkuu,0,100,0x00000009,0x00000040,
2026-07-25T18:10:05Z,1582,P2-C1,P2,0x927EB9E0,1,Ken the Eagle,True,True,recoverable_heal,44000,44000,8022,9522,1500,22433,22433,0,14411,12911,-1500,0,0,0,,,,,none,4,500,0,1,False,False,0,0,,,,,,,,,,
2026-07-25T18:10:05Z,1583,P2-C1,P2,0x927EB9E0,1,Ken the Eagle,True,True,recoverable_heal,44000,44000,9522,18022,8500,22433,22433,0,12911,4411,-8500,0,0,0,,,,,none,4,500,0,1,False,False,0,0,,,,,,,,,,
2026-07-25T18:10:05Z,1584,P2-C1,P2,0x927EB9E0,1,Ken the Eagle,True,True,mixed_heal,44000,44000,18022,23022,5000,22433,23022,589,4411,0,-4411,0,0,0,,,,,none,4,500,0,1,False,False,0,0,,,,,,,,,,
2026-07-25T18:10:06Z,1585,P2-C1,P2,0x927EB9E0,1,Ken the Eagle,True,True,current_and_ceiling_heal,44000,44000,23022,28522,5500,23022,28522,5500,0,0,0,0,0,0,,,,,none,4,500,0,1,False,False,0,0,,,,,,,,,,
2026-07-25T18:10:06Z,1586,P2-C1,P2,0x927EB9E0,1,Ken the Eagle,True,True,current_and_ceiling_heal,44000,44000,28522,33522,5000,28522,33522,5000,0,0,0,0,0,0,,,,,none,4,500,0,1,False,False,0,0,,,,,,,,,,
2026-07-25T18:10:06Z,1587,P2-C1,P2,0x927EB9E0,1,Ken the Eagle,True,True,current_and_ceiling_heal,44000,44000,33522,42022,8500,33522,42022,8500,0,0,0,0,0,0,,,,,none,4,500,0,1,False,False,0,0,,,,,,,,,,
2026-07-25T18:10:06Z,1588,P2-C1,P2,0x927EB9E0,1,Ken the Eagle,True,True,full_health_reset,44000,44000,42022,44000,1978,42022,44000,1978,0,0,0,0,0,0,,,,,none,4,0,0,0,False,False,0,0,,,,,,,,,,
2026-07-25T18:35:02Z,158,P2-C1,P2,0x927EB9E0,1,Ken the Eagle,True,True,normal_damage_red_generation,44000,44000,44000,43200,-800,44000,43520,-480,0,320,320,800,480,320,480,320,0,True,medium,4,-1368,-820,0,False,False,0,0,,,,,,,,,,
2026-07-25T18:35:02Z,159,P2-C1,P2,0x927EB9E0,1,Ken the Eagle,True,True,normal_damage_red_generation,44000,44000,43200,41832,-1368,43520,42700,-820,320,868,548,1368,820,548,820,548,0,True,medium,4,0,0,0,False,False,0,0,,,,,,,,,,
2026-07-25T18:35:02Z,160,P2-C1,P2,0x927EB9E0,1,Ken the Eagle,True,True,normal_damage_red_generation,44000,44000,41832,40608,-1224,42700,41966,-734,868,1358,490,1224,734,490,734,490,0,True,medium,4,0,0,0,False,False,0,0,,,,,,,,,,
2026-07-25T18:35:03Z,162,P2-C1,P2,0x927EB9E0,1,Ken the Eagle,True,True,normal_damage_red_generation,44000,44000,40608,38500,-2108,41966,40702,-1264,1358,2202,844,2108,1264,844,1264,844,0,True,medium,4,0,0,0,False,False,0,0,,,,,,,,,,
2026-07-25T18:35:03Z,164,P2-C1,P2,0x927EB9E0,1,Ken the Eagle,True,True,normal_damage_red_generation,44000,44000,38500,36581,-1919,40702,39551,-1151,2202,2970,768,1919,1151,768,1151,768,0,True,medium,4,0,0,0,False,False,0,0,,,,,,,,,,
2026-07-25T18:35:04Z,167,P2-C1,P2,0x927EB9E0,1,Ken the Eagle,True,True,normal_damage_red_generation,44000,44000,36581,34918,-1663,39551,38554,-997,2970,3636,666,1663,997,666,997,666,0,True,medium,4,0,0,0,False,False,0,0,,,,,,,,,,
2026-07-25T18:35:04Z,169,P2-C1,P2,0x927EB9E0,1,Ken the Eagle,True,True,normal_damage_red_generation,44000,44000,34918,32947,-1971,38554,37372,-1182,3636,4425,789,1971,1182,789,1182,789,0,True,medium,4,0,0,0,False,False,0,0,,,,,,,,,,
2026-07-25T18:35:07Z,192,P2-C1,P2,0x927EB9E0,1,Ken the Eagle,True,True,recoverable_heal,44000,44000,32947,33447,500,37372,37372,0,4425,3925,-500,0,0,0,,,,,none,4,500,0,1,False,False,0,0,,,,,,,,,,
2026-07-25T18:35:07Z,193,P2-C1,P2,0x927EB9E0,1,Ken the Eagle,True,True,mixed_heal,44000,44000,33447,38447,5000,37372,38447,1075,3925,0,-3925,0,0,0,,,,,none,4,500,0,1,False,False,0,0,,,,,,,,,,
2026-07-25T18:35:07Z,194,P2-C1,P2,0x927EB9E0,1,Ken the Eagle,True,True,current_and_ceiling_heal,44000,44000,38447,41447,3000,38447,41447,3000,0,0,0,0,0,0,,,,,none,4,500,0,1,False,False,0,0,,,,,,,,,,
2026-07-25T18:35:07Z,195,P2-C1,P2,0x927EB9E0,1,Ken the Eagle,True,True,full_health_reset,44000,44000,41447,44000,2553,41447,44000,2553,0,0,0,0,0,0,,,,,none,4,0,0,0,False,False,0,0,,,,,,,,,,
2026-07-25T18:35:24Z,386,P1-C2,P1,0x92B6BA00,13,Chun-Li,False,True,point_status_change,46000,46000,46000,46000,0,46000,46000,0,0,0,0,0,0,0,,,,,none,4,0,0,0,False,False,0,0,,,,,,,,,,
2026-07-25T18:35:25Z,392,P2-C1,P2,0x927EB9E0,1,Ken the Eagle,True,True,normal_damage_red_generation,44000,44000,44000,43000,-1000,44000,43400,-600,0,400,400,1000,600,400,600,400,0,True,medium,4,0,0,0,False,False,0,0,,,,,,,,,,
2026-07-25T18:35:25Z,395,P2-C1,P2,0x927EB9E0,1,Ken the Eagle,True,True,normal_damage_red_generation,44000,44000,43000,41981,-1019,43400,42789,-611,400,808,408,1019,611,408,611,408,0,True,medium,4,0,0,0,False,False,0,0,,,,,,,,,,
2026-07-25T18:35:25Z,397,P2-C1,P2,0x927EB9E0,1,Ken the Eagle,True,True,normal_damage_red_generation,44000,44000,41981,40996,-985,42789,42198,-591,808,1202,394,985,591,394,591,394,0,True,medium,4,0,0,0,False,False,0,0,,,,,,,,,,
2026-07-25T18:35:26Z,412,P1-C2,P1,0x92B6BA00,13,Chun-Li,True,False,point_status_change,46000,46000,46000,46000,0,46000,46000,0,0,0,0,0,0,0,,,,,none,4,4,0,0,False,False,0,0,,,,,,,,,,
2026-07-25T18:35:27Z,414,P2-C1,P2,0x927EB9E0,1,Ken the Eagle,True,True,full_health_reset,44000,44000,40996,44000,3004,42198,44000,1802,1202,0,-1202,0,0,0,,,,,none,4,0,0,0,False,False,0,0,,,,,,,,,,
2026-07-25T18:35:40Z,585,P2-C1,P2,0x927EB9E0,1,Ken the Eagle,True,True,normal_damage_red_generation,44000,44000,44000,43200,-800,44000,43520,-480,0,320,320,800,480,320,480,320,0,True,medium,4,0,0,0,False,False,0,0,,,,,,,,,,
2026-07-25T18:35:40Z,586,P2-C1,P2,0x927EB9E0,1,Ken the Eagle,True,True,normal_damage_red_generation,44000,44000,43200,41832,-1368,43520,42700,-820,320,868,548,1368,820,548,820,548,0,True,medium,4,0,0,0,False,False,0,0,,,,,,,,,,
2026-07-25T18:35:41Z,587,P2-C1,P2,0x927EB9E0,1,Ken the Eagle,True,True,normal_damage_red_generation,44000,44000,41832,40608,-1224,42700,41966,-734,868,1358,490,1224,734,490,734,490,0,True,medium,4,0,0,0,False,False,0,0,,,,,,,,,,
2026-07-25T18:35:41Z,590,P2-C1,P2,0x927EB9E0,1,Ken the Eagle,True,True,normal_damage_red_generation,44000,44000,40608,38500,-2108,41966,40702,-1264,1358,2202,844,2108,1264,844,1264,844,0,True,medium,4,0,0,0,False,False,0,0,,,,,,,,,,
2026-07-25T18:35:41Z,593,P2-C1,P2,0x927EB9E0,1,Ken the Eagle,True,True,normal_damage_red_generation,44000,44000,38500,36581,-1919,40702,39551,-1151,2202,2970,768,1919,1151,768,1151,768,0,True,medium,4,0,0,0,False,False,0,0,,,,,,,,,,
2026-07-25T18:35:42Z,596,P2-C1,P2,0x927EB9E0,1,Ken the Eagle,True,True,normal_damage_red_generation,44000,44000,36581,34918,-1663,39551,38554,-997,2970,3636,666,1663,997,666,997,666,0,True,medium,4,0,0,0,False,False,0,0,,,,,,,,,,
2026-07-25T18:35:42Z,601,P2-C1,P2,0x927EB9E0,1,Ken the Eagle,True,True,normal_damage_red_generation,44000,44000,34918,32947,-1971,38554,37372,-1182,3636,4425,789,1971,1182,789,1182,789,0,True,medium,4,0,0,0,False,False,0,0,,,,,,,,,,
2026-07-25T18:35:45Z,633,P2-C1,P2,0x927EB9E0,1,Ken the Eagle,True,True,recoverable_heal,44000,44000,32947,35947,3000,37372,37372,0,4425,1425,-3000,0,0,0,,,,,none,4,500,0,1,False,False,0,0,,,,,,,,,,
2026-07-25T18:35:45Z,634,P2-C1,P2,0x927EB9E0,1,Ken the Eagle,True,True,mixed_heal,44000,44000,35947,39947,4000,37372,39947,2575,1425,0,-1425,0,0,0,,,,,none,4,500,0,1,False,False,0,0,,,,,,,,,,
2026-07-25T18:35:45Z,635,P2-C1,P2,0x927EB9E0,1,Ken the Eagle,True,True,current_and_ceiling_heal,44000,44000,39947,42447,2500,39947,42447,2500,0,0,0,0,0,0,,,,,none,4,500,0,1,False,False,0,0,,,,,,,,,,
2026-07-25T18:35:46Z,636,P2-C1,P2,0x927EB9E0,1,Ken the Eagle,True,True,full_health_reset,44000,44000,42447,44000,1553,42447,44000,1553,0,0,0,0,0,0,,,,,none,4,0,0,0,False,False,0,0,,,,,,,,,,
2026-07-25T18:35:54Z,714,P2-C1,P2,0x927EB9E0,1,Ken the Eagle,True,True,normal_damage_red_generation,44000,44000,44000,41520,-2480,44000,42512,-1488,0,992,992,2480,1488,992,1488,992,0,True,medium,4,0,0,0,False,False,0,0,,,,,,,,,,
2026-07-25T18:35:56Z,727,P2-C1,P2,0x927EB9E0,1,Ken the Eagle,True,True,mixed_heal,44000,44000,41520,42520,1000,42512,42520,8,992,0,-992,0,0,0,,,,,none,4,500,0,1,False,False,0,0,,,,,,,,,,
2026-07-25T18:35:56Z,728,P2-C1,P2,0x927EB9E0,1,Ken the Eagle,True,True,full_health_reset,44000,44000,42520,44000,1480,42520,44000,1480,0,0,0,0,0,0,,,,,none,4,0,0,0,False,False,0,0,,,,,,,,,,
2026-07-25T18:36:01Z,776,P2-C1,P2,0x927EB9E0,1,Ken the Eagle,True,True,normal_damage_red_generation,44000,44000,44000,41520,-2480,44000,42512,-1488,0,992,992,2480,1488,992,1488,992,0,True,medium,4,0,0,0,False,False,0,0,,,,,,,,,,
2026-07-25T18:36:03Z,790,P2-C1,P2,0x927EB9E0,1,Ken the Eagle,True,True,mixed_heal,44000,44000,41520,42560,1040,42512,43136,624,992,576,-416,0,0,0,,,,,none,4,0,0,0,False,False,0,0,,,,,,,,,,
2026-07-25T18:36:04Z,803,P2-C1,P2,0x927EB9E0,1,Ken the Eagle,True,True,recoverable_heal,44000,44000,42560,43060,500,43136,43136,0,576,76,-500,0,0,0,,,,,none,4,500,0,1,False,False,0,0,,,,,,,,,,
2026-07-25T18:36:04Z,804,P2-C1,P2,0x927EB9E0,1,Ken the Eagle,True,True,full_health_reset,44000,44000,43060,44000,940,43136,44000,864,76,0,-76,0,0,0,,,,,none,4,0,0,0,False,False,0,0,,,,,,,,,,
2026-07-25T18:49:57Z,22,P2-C1,P2,0x927EB9E0,1,Ken the Eagle,True,True,normal_damage_red_generation,44000,44000,44000,43200,-800,44000,43520,-480,0,320,320,800,480,320,480,320,0,True,medium,4,0,0,0,False,False,0,0,,,,,,,,,,
2026-07-25T18:49:57Z,23,P2-C1,P2,0x927EB9E0,1,Ken the Eagle,True,True,normal_damage_red_generation,44000,44000,43200,41832,-1368,43520,42700,-820,320,868,548,1368,820,548,820,548,0,True,medium,4,0,0,0,False,False,0,0,,,,,,,,,,
2026-07-25T18:49:58Z,25,P2-C1,P2,0x927EB9E0,1,Ken the Eagle,True,True,normal_damage_red_generation,44000,44000,41832,40608,-1224,42700,41966,-734,868,1358,490,1224,734,490,734,490,0,True,medium,4,0,0,0,False,False,0,0,,,,,,,,,,
2026-07-25T18:49:58Z,27,P2-C1,P2,0x927EB9E0,1,Ken the Eagle,True,True,normal_damage_red_generation,44000,44000,40608,38500,-2108,41966,40702,-1264,1358,2202,844,2108,1264,844,1264,844,0,True,medium,4,0,0,0,False,False,0,0,,,,,,,,,,
2026-07-25T18:49:58Z,29,P2-C1,P2,0x927EB9E0,1,Ken the Eagle,True,True,normal_damage_red_generation,44000,44000,38500,36581,-1919,40702,39551,-1151,2202,2970,768,1919,1151,768,1151,768,0,True,medium,4,0,0,0,False,False,0,0,,,,,,,,,,
2026-07-25T18:49:59Z,33,P2-C1,P2,0x927EB9E0,1,Ken the Eagle,True,True,normal_damage_red_generation,44000,44000,36581,34918,-1663,39551,38554,-997,2970,3636,666,1663,997,666,997,666,0,True,medium,4,0,0,0,False,False,0,0,,,,,,,,,,
2026-07-25T18:49:59Z,37,P2-C1,P2,0x927EB9E0,1,Ken the Eagle,True,True,normal_damage_red_generation,44000,44000,34918,32947,-1971,38554,37372,-1182,3636,4425,789,1971,1182,789,1182,789,0,True,medium,4,0,0,0,False,False,0,0,,,,,,,,,,
2026-07-25T18:50:00Z,47,P2-C1,P2,0x927EB9E0,1,Ken the Eagle,True,True,normal_damage_red_generation,44000,44000,32947,32045,-902,37372,36831,-541,4425,4786,361,902,541,361,541,361,0,True,medium,4,0,0,0,False,False,0,0,,,,,,,,,,
2026-07-25T18:50:01Z,50,P2-C1,P2,0x927EB9E0,1,Ken the Eagle,True,True,normal_damage_red_generation,44000,44000,32045,30681,-1364,36831,36013,-818,4786,5332,546,1364,818,546,818,546,0,True,medium,4,0,0,0,False,False,0,0,,,,,,,,,,
2026-07-25T18:50:01Z,54,P2-C1,P2,0x927EB9E0,1,Ken the Eagle,True,True,normal_damage_red_generation,44000,44000,30681,29743,-938,36013,35451,-562,5332,5708,376,938,562,376,562,376,0,True,medium,4,0,0,0,False,False,0,0,,,,,,,,,,
2026-07-25T18:50:01Z,57,P2-C1,P2,0x927EB9E0,1,Ken the Eagle,True,True,normal_damage_red_generation,44000,44000,29743,28889,-854,35451,34939,-512,5708,6050,342,854,512,342,512,342,0,True,medium,4,0,0,0,False,False,0,0,,,,,,,,,,
2026-07-25T18:50:02Z,61,P2-C1,P2,0x927EB9E0,1,Ken the Eagle,True,True,normal_damage_red_generation,44000,44000,28889,28120,-769,34939,34478,-461,6050,6358,308,769,461,308,461,308,0,True,medium,4,0,0,0,False,False,0,0,,,,,,,,,,
2026-07-25T18:50:02Z,64,P2-C1,P2,0x927EB9E0,1,Ken the Eagle,True,True,normal_damage_red_generation,44000,44000,28120,27435,-685,34478,34067,-411,6358,6632,274,685,411,274,411,274,0,True,medium,4,0,0,0,False,False,0,0,,,,,,,,,,
2026-07-25T18:50:02Z,65,P1-C1,P1,0x9246B9C0,12,Ryu,True,True,baroque_consume,48000,48000,43200,43200,0,48000,43200,-4800,4800,0,-4800,0,4800,0,,-4800,0,True,high,4,0,0,0,False,True,0,4800,,,,,,,,,,
2026-07-25T18:50:03Z,67,P2-C1,P2,0x927EB9E0,1,Ken the Eagle,True,True,normal_damage_red_generation,44000,44000,27435,27145,-290,34067,33893,-174,6632,6748,116,290,174,116,174,116,0,True,medium,4,0,0,0,False,False,0,0,,,,,,,,,,
2026-07-25T18:50:03Z,69,P2-C1,P2,0x927EB9E0,1,Ken the Eagle,True,True,normal_damage_red_generation,44000,44000,27145,26856,-289,33893,33720,-173,6748,6864,116,289,173,116,173,116,0,True,medium,4,0,0,0,False,False,0,0,,,,,,,,,,
2026-07-25T18:50:03Z,71,P2-C1,P2,0x927EB9E0,1,Ken the Eagle,True,True,normal_damage_red_generation,44000,44000,26856,26334,-522,33720,33407,-313,6864,7073,209,522,313,209,313,209,0,True,medium,4,0,0,0,False,False,0,0,,,,,,,,,,
2026-07-25T18:50:03Z,74,P2-C1,P2,0x927EB9E0,1,Ken the Eagle,True,True,normal_damage_red_generation,44000,44000,26334,25845,-489,33407,33114,-293,7073,7269,196,489,293,196,293,196,0,True,medium,4,0,0,0,False,False,0,0,,,,,,,,,,
2026-07-25T18:50:04Z,77,P2-C1,P2,0x927EB9E0,1,Ken the Eagle,True,True,normal_damage_red_generation,44000,44000,25845,24953,-892,33114,32579,-535,7269,7626,357,892,535,357,535,357,0,True,medium,4,0,0,0,False,False,0,0,,,,,,,,,,
2026-07-25T18:50:04Z,80,P2-C1,P2,0x927EB9E0,1,Ken the Eagle,True,True,normal_damage_red_generation,44000,44000,24953,24080,-873,32579,32056,-523,7626,7976,350,873,523,350,523,350,0,True,medium,4,0,0,0,False,False,0,0,,,,,,,,,,
2026-07-25T18:50:05Z,84,P2-C1,P2,0x927EB9E0,1,Ken the Eagle,True,True,normal_damage_red_generation,44000,44000,24080,23292,-788,32056,31584,-472,7976,8292,316,788,472,316,472,316,0,True,medium,4,0,0,0,False,False,0,0,,,,,,,,,,
2026-07-25T18:50:05Z,88,P2-C1,P2,0x927EB9E0,1,Ken the Eagle,True,True,normal_damage_red_generation,44000,44000,23292,22703,-589,31584,31231,-353,8292,8528,236,589,353,236,353,236,0,True,medium,4,0,0,0,False,False,0,0,,,,,,,,,,
2026-07-25T18:50:06Z,92,P2-C1,P2,0x927EB9E0,1,Ken the Eagle,True,True,normal_damage_red_generation,44000,44000,22703,22113,-590,31231,30877,-354,8528,8764,236,590,354,236,354,236,0,True,medium,4,0,0,0,False,False,0,0,,,,,,,,,,
2026-07-25T18:50:06Z,95,P2-C1,P2,0x927EB9E0,1,Ken the Eagle,True,True,normal_damage_red_generation,44000,44000,22113,21522,-591,30877,30523,-354,8764,9001,237,591,354,237,354,237,0,True,medium,4,0,0,0,False,False,0,0,,,,,,,,,,
2026-07-25T18:50:06Z,98,P2-C1,P2,0x927EB9E0,1,Ken the Eagle,True,True,normal_damage_red_generation,44000,44000,21522,20930,-592,30523,30168,-355,9001,9238,237,592,355,237,355,237,0,True,medium,4,0,0,0,False,False,0,0,,,,,,,,,,
2026-07-25T18:50:07Z,109,P1-C1,P1,0x9246B9C0,12,Ryu,True,True,recoverable_ceiling_gain,48000,48000,43200,43200,0,43200,48000,4800,0,4800,4800,0,0,4800,,,,,none,4,0,0,0,True,False,4800,4800,,,,,,,,,,
2026-07-25T18:50:09Z,125,P2-C1,P2,0x927EB9E0,1,Ken the Eagle,True,True,recoverable_heal,44000,44000,20930,21930,1000,30168,30168,0,9238,8238,-1000,0,0,0,,,,,none,4,500,0,1,False,False,0,0,,,,,,,,,,
2026-07-25T18:50:09Z,126,P2-C1,P2,0x927EB9E0,1,Ken the Eagle,True,True,recoverable_heal,44000,44000,21930,27430,5500,30168,30168,0,8238,2738,-5500,0,0,0,,,,,none,4,500,0,1,False,False,0,0,,,,,,,,,,
2026-07-25T18:50:09Z,127,P2-C1,P2,0x927EB9E0,1,Ken the Eagle,True,True,recoverable_heal,44000,44000,27430,29930,2500,30168,30168,0,2738,238,-2500,0,0,0,,,,,none,4,500,0,1,False,False,0,0,,,,,,,,,,
2026-07-25T18:50:09Z,128,P2-C1,P2,0x927EB9E0,1,Ken the Eagle,True,True,mixed_heal,44000,44000,29930,33430,3500,30168,33430,3262,238,0,-238,0,0,0,,,,,none,4,500,0,1,False,False,0,0,,,,,,,,,,
2026-07-25T18:50:09Z,129,P2-C1,P2,0x927EB9E0,1,Ken the Eagle,True,True,current_and_ceiling_heal,44000,44000,33430,36930,3500,33430,36930,3500,0,0,0,0,0,0,,,,,none,4,500,0,1,False,False,0,0,,,,,,,,,,
2026-07-25T18:50:09Z,130,P2-C1,P2,0x927EB9E0,1,Ken the Eagle,True,True,current_and_ceiling_heal,44000,44000,36930,39930,3000,36930,39930,3000,0,0,0,0,0,0,,,,,none,4,500,0,1,False,False,0,0,,,,,,,,,,
2026-07-25T18:50:09Z,131,P2-C1,P2,0x927EB9E0,1,Ken the Eagle,True,True,current_and_ceiling_heal,44000,44000,39930,43930,4000,39930,43930,4000,0,0,0,0,0,0,,,,,none,4,500,0,1,False,False,0,0,,,,,,,,,,
2026-07-25T18:50:10Z,132,P2-C1,P2,0x927EB9E0,1,Ken the Eagle,True,True,full_health_reset,44000,44000,43930,44000,70,43930,44000,70,0,0,0,0,0,0,,,,,none,4,0,0,0,False,False,0,0,,,,,,,,,,
2026-07-25T18:50:16Z,198,P2-C1,P2,0x927EB9E0,1,Ken the Eagle,True,True,normal_damage_red_generation,44000,44000,44000,42560,-1440,44000,43136,-864,0,576,576,1440,864,576,864,576,0,True,medium,4,0,0,0,False,False,0,0,,,,,,,,,,
2026-07-25T18:50:17Z,210,P2-C1,P2,0x927EB9E0,1,Ken the Eagle,True,True,full_health_reset,44000,44000,42560,44000,1440,43136,44000,864,576,0,-576,0,0,0,,,,,none,4,0,0,0,False,False,0,0,,,,,,,,,,
2026-07-25T18:50:27Z,334,P2-C1,P2,0x927EB9E0,1,Ken the Eagle,True,True,normal_damage_red_generation,44000,44000,44000,43200,-800,44000,43520,-480,0,320,320,800,480,320,480,320,0,True,medium,4,0,0,0,False,False,0,0,,,,,,,,,,
2026-07-25T18:50:27Z,335,P2-C1,P2,0x927EB9E0,1,Ken the Eagle,True,True,normal_damage_red_generation,44000,44000,43200,41832,-1368,43520,42700,-820,320,868,548,1368,820,548,820,548,0,True,medium,4,0,0,0,False,False,0,0,,,,,,,,,,
2026-07-25T18:50:27Z,336,P2-C1,P2,0x927EB9E0,1,Ken the Eagle,True,True,normal_damage_red_generation,44000,44000,41832,40608,-1224,42700,41966,-734,868,1358,490,1224,734,490,734,490,0,True,medium,4,0,0,0,False,False,0,0,,,,,,,,,,
2026-07-25T18:50:28Z,339,P2-C1,P2,0x927EB9E0,1,Ken the Eagle,True,True,normal_damage_red_generation,44000,44000,40608,38500,-2108,41966,40702,-1264,1358,2202,844,2108,1264,844,1264,844,0,True,medium,4,0,0,0,False,False,0,0,,,,,,,,,,
2026-07-25T18:50:28Z,342,P2-C1,P2,0x927EB9E0,1,Ken the Eagle,True,True,normal_damage_red_generation,44000,44000,38500,36581,-1919,40702,39551,-1151,2202,2970,768,1919,1151,768,1151,768,0,True,medium,4,0,0,0,False,False,0,0,,,,,,,,,,
2026-07-25T18:50:28Z,345,P2-C1,P2,0x927EB9E0,1,Ken the Eagle,True,True,normal_damage_red_generation,44000,44000,36581,34918,-1663,39551,38554,-997,2970,3636,666,1663,997,666,997,666,0,True,medium,4,0,0,0,False,False,0,0,,,,,,,,,,
2026-07-25T18:50:29Z,350,P2-C1,P2,0x927EB9E0,1,Ken the Eagle,True,True,normal_damage_red_generation,44000,44000,34918,32947,-1971,38554,37372,-1182,3636,4425,789,1971,1182,789,1182,789,0,True,medium,4,0,0,0,False,False,0,0,,,,,,,,,,
2026-07-25T18:50:30Z,360,P2-C1,P2,0x927EB9E0,1,Ken the Eagle,True,True,normal_damage_red_generation,44000,44000,32947,32403,-544,37372,37046,-326,4425,4643,218,544,326,218,326,218,0,True,medium,4,0,0,0,False,False,0,0,,,,,,,,,,
2026-07-25T18:50:30Z,361,P2-C1,P2,0x927EB9E0,1,Ken the Eagle,True,True,normal_damage_red_generation,44000,44000,32403,31489,-914,37046,36498,-548,4643,5009,366,914,548,366,548,366,0,True,medium,4,0,0,0,False,False,0,0,,,,,,,,,,
2026-07-25T18:50:31Z,363,P2-C1,P2,0x927EB9E0,1,Ken the Eagle,True,True,normal_damage_red_generation,44000,44000,31489,30696,-793,36498,36023,-475,5009,5327,318,793,475,318,475,318,0,True,medium,4,0,0,0,False,False,0,0,,,,,,,,,,
2026-07-25T18:50:31Z,366,P2-C1,P2,0x927EB9E0,1,Ken the Eagle,True,True,normal_damage_red_generation,44000,44000,30696,29382,-1314,36023,35235,-788,5327,5853,526,1314,788,526,788,526,0,True,medium,4,0,0,0,False,False,0,0,,,,,,,,,,
2026-07-25T18:50:31Z,369,P2-C1,P2,0x927EB9E0,1,Ken the Eagle,True,True,normal_damage_red_generation,44000,44000,29382,28224,-1158,35235,34541,-694,5853,6317,464,1158,694,464,694,464,0,True,medium,4,0,0,0,False,False,0,0,,,,,,,,,,
2026-07-25T18:50:32Z,373,P2-C1,P2,0x927EB9E0,1,Ken the Eagle,True,True,normal_damage_red_generation,44000,44000,28224,27295,-929,34541,33984,-557,6317,6689,372,929,557,372,557,372,0,True,medium,4,0,0,0,False,False,0,0,,,,,,,,,,
2026-07-25T18:50:32Z,377,P2-C1,P2,0x927EB9E0,1,Ken the Eagle,True,True,normal_damage_red_generation,44000,44000,27295,26687,-608,33984,33620,-364,6689,6933,244,608,364,244,364,244,0,True,medium,4,0,0,0,False,False,0,0,,,,,,,,,,
2026-07-25T18:50:33Z,380,P2-C1,P2,0x927EB9E0,1,Ken the Eagle,True,True,normal_damage_red_generation,44000,44000,26687,26078,-609,33620,33255,-365,6933,7177,244,609,365,244,365,244,0,True,medium,4,0,0,0,False,False,0,0,,,,,,,,,,
2026-07-25T18:50:33Z,384,P2-C1,P2,0x927EB9E0,1,Ken the Eagle,True,True,normal_damage_red_generation,44000,44000,26078,25468,-610,33255,32889,-366,7177,7421,244,610,366,244,366,244,0,True,medium,4,0,0,0,False,False,0,0,,,,,,,,,,
2026-07-25T18:50:33Z,387,P1-C1,P1,0x9246B9C0,12,Ryu,True,True,ceiling_loss,48000,48000,43200,43200,0,48000,43700,-4300,4800,500,-4300,0,4300,0,,,,,none,4,0,0,0,False,True,4800,4800,,,,,,,,,,
2026-07-25T18:50:34Z,395,P1-C1,P1,0x9246B9C0,12,Ryu,True,True,baroque_status_change,48000,48000,43200,43200,0,43700,43700,0,500,500,0,0,0,0,,,,,none,4,0,0,0,True,False,4800,4800,,,,,,,,,,
2026-07-25T18:50:34Z,396,P1-C1,P1,0x9246B9C0,12,Ryu,True,True,recoverable_ceiling_gain,48000,48000,43200,43200,0,43700,48000,4300,500,4800,4300,0,0,4300,,,,,none,4,0,0,0,False,False,4800,4800,,,,,,,,,,
2026-07-25T18:50:36Z,411,P2-C1,P2,0x927EB9E0,1,Ken the Eagle,True,True,recoverable_heal,44000,44000,25468,27968,2500,32889,32889,0,7421,4921,-2500,0,0,0,,,,,none,4,500,0,1,False,False,0,0,,,,,,,,,,
2026-07-25T18:50:36Z,411,P2-C1,P2,0x927EB9E0,1,Ken the Eagle,True,True,recoverable_heal,44000,44000,27968,31968,4000,32889,32889,0,4921,921,-4000,0,0,0,,,,,none,4,500,0,1,False,False,0,0,,,,,,,,,,
2026-07-25T18:50:36Z,412,P2-C1,P2,0x927EB9E0,1,Ken the Eagle,True,True,mixed_heal,44000,44000,31968,34468,2500,32889,34468,1579,921,0,-921,0,0,0,,,,,none,4,500,0,1,False,False,0,0,,,,,,,,,,
2026-07-25T18:50:36Z,413,P2-C1,P2,0x927EB9E0,1,Ken the Eagle,True,True,current_and_ceiling_heal,44000,44000,34468,36968,2500,34468,36968,2500,0,0,0,0,0,0,,,,,none,4,500,0,1,False,False,0,0,,,,,,,,,,
2026-07-25T18:50:36Z,414,P2-C1,P2,0x927EB9E0,1,Ken the Eagle,True,True,current_and_ceiling_heal,44000,44000,36968,39468,2500,36968,39468,2500,0,0,0,0,0,0,,,,,none,4,500,0,1,False,False,0,0,,,,,,,,,,
2026-07-25T18:50:36Z,415,P2-C1,P2,0x927EB9E0,1,Ken the Eagle,True,True,current_and_ceiling_heal,44000,44000,39468,41968,2500,39468,41968,2500,0,0,0,0,0,0,,,,,none,4,500,0,1,False,False,0,0,,,,,,,,,,
2026-07-25T18:50:36Z,416,P2-C1,P2,0x927EB9E0,1,Ken the Eagle,True,True,full_health_reset,44000,44000,41968,44000,2032,41968,44000,2032,0,0,0,0,0,0,,,,,none,4,0,0,0,False,False,0,0,,,,,,,,,,
2026-07-25T18:50:42Z,470,P2-C1,P2,0x927EB9E0,1,Ken the Eagle,True,True,normal_damage_red_generation,44000,44000,44000,43200,-800,44000,43520,-480,0,320,320,800,480,320,480,320,0,True,medium,4,-1368,-820,0,False,False,0,0,,,,,,,,,,
2026-07-25T18:50:42Z,471,P2-C1,P2,0x927EB9E0,1,Ken the Eagle,True,True,normal_damage_red_generation,44000,44000,43200,41832,-1368,43520,42700,-820,320,868,548,1368,820,548,820,548,0,True,medium,4,0,0,0,False,False,0,0,,,,,,,,,,
2026-07-25T18:50:42Z,472,P2-C1,P2,0x927EB9E0,1,Ken the Eagle,True,True,normal_damage_red_generation,44000,44000,41832,40608,-1224,42700,41966,-734,868,1358,490,1224,734,490,734,490,0,True,medium,4,0,0,0,False,False,0,0,,,,,,,,,,
2026-07-25T18:50:42Z,475,P2-C1,P2,0x927EB9E0,1,Ken the Eagle,True,True,normal_damage_red_generation,44000,44000,40608,38500,-2108,41966,40702,-1264,1358,2202,844,2108,1264,844,1264,844,0,True,medium,4,0,0,0,False,False,0,0,,,,,,,,,,
2026-07-25T18:50:44Z,489,P2-C1,P2,0x927EB9E0,1,Ken the Eagle,True,True,recoverable_heal,44000,44000,38500,40500,2000,40702,40702,0,2202,202,-2000,0,0,0,,,,,none,4,500,0,1,False,False,0,0,,,,,,,,,,
2026-07-25T18:50:44Z,490,P2-C1,P2,0x927EB9E0,1,Ken the Eagle,True,True,full_health_reset,44000,44000,40500,44000,3500,40702,44000,3298,202,0,-202,0,0,0,,,,,none,4,0,0,0,False,False,0,0,,,,,,,,,,
2026-07-25T18:50:46Z,511,P2-C1,P2,0x927EB9E0,1,Ken the Eagle,True,True,normal_damage_red_generation,44000,44000,44000,43200,-800,44000,43520,-480,0,320,320,800,480,320,480,320,0,True,medium,4,0,0,0,False,False,0,0,,,,,,,,,,
2026-07-25T18:50:46Z,513,P2-C1,P2,0x927EB9E0,1,Ken the Eagle,True,True,normal_damage_red_generation,44000,44000,43200,42440,-760,43520,43064,-456,320,624,304,760,456,304,456,304,0,True,medium,4,0,0,0,False,False,0,0,,,,,,,,,,
2026-07-25T18:50:46Z,514,P2-C1,P2,0x927EB9E0,1,Ken the Eagle,True,True,normal_damage_red_generation,44000,44000,42440,41144,-1296,43064,42287,-777,624,1143,519,1296,777,519,777,519,0,True,medium,4,0,0,0,False,False,0,0,,,,,,,,,,
2026-07-25T18:50:47Z,516,P2-C1,P2,0x927EB9E0,1,Ken the Eagle,True,True,normal_damage_red_generation,44000,44000,41144,39988,-1156,42287,41594,-693,1143,1606,463,1156,693,463,693,463,0,True,medium,4,0,0,0,False,False,0,0,,,,,,,,,,
2026-07-25T18:50:47Z,518,P2-C1,P2,0x927EB9E0,1,Ken the Eagle,True,True,normal_damage_red_generation,44000,44000,39988,38005,-1983,41594,40405,-1189,1606,2400,794,1983,1189,794,1189,794,0,True,medium,4,0,0,0,False,False,0,0,,,,,,,,,,
2026-07-25T18:50:48Z,522,P2-C1,P2,0x927EB9E0,1,Ken the Eagle,True,True,normal_damage_red_generation,44000,44000,38005,36206,-1799,40405,39326,-1079,2400,3120,720,1799,1079,720,1079,720,0,True,medium,4,0,0,0,False,False,0,0,,,,,,,,,,
2026-07-25T18:50:48Z,525,P2-C1,P2,0x927EB9E0,1,Ken the Eagle,True,True,normal_damage_red_generation,44000,44000,36206,34654,-1552,39326,38395,-931,3120,3741,621,1552,931,621,931,621,0,True,medium,4,0,0,0,False,False,0,0,,,,,,,,,,
2026-07-25T18:50:50Z,541,P2-C1,P2,0x927EB9E0,1,Ken the Eagle,True,True,recoverable_heal,44000,44000,34654,36654,2000,38395,38395,0,3741,1741,-2000,0,0,0,,,,,none,4,500,0,1,False,False,0,0,,,,,,,,,,
2026-07-25T18:50:50Z,542,P2-C1,P2,0x927EB9E0,1,Ken the Eagle,True,True,mixed_heal,44000,44000,36654,41154,4500,38395,41154,2759,1741,0,-1741,0,0,0,,,,,none,4,500,0,1,False,False,0,0,,,,,,,,,,
2026-07-25T18:50:50Z,543,P2-C1,P2,0x927EB9E0,1,Ken the Eagle,True,True,current_and_ceiling_heal,44000,44000,41154,43654,2500,41154,43654,2500,0,0,0,0,0,0,,,,,none,4,500,0,1,False,False,0,0,,,,,,,,,,
2026-07-25T18:50:50Z,544,P2-C1,P2,0x927EB9E0,1,Ken the Eagle,True,True,full_health_reset,44000,44000,43654,44000,346,43654,44000,346,0,0,0,0,0,0,,,,,none,4,0,0,0,False,False,0,0,,,,,,,,,,
2026-07-25T18:51:04Z,684,P2-C1,P2,0x927EB9E0,1,Ken the Eagle,True,True,normal_damage_red_generation,44000,44000,44000,43040,-960,44000,43424,-576,0,384,384,960,576,384,576,384,0,True,medium,4,0,0,0,False,False,0,0,,,,,,,,,,
2026-07-25T18:51:05Z,695,P2-C1,P2,0x927EB9E0,1,Ken the Eagle,True,True,full_health_reset,44000,44000,43040,44000,960,43424,44000,576,384,0,-384,0,0,0,,,,,none,4,0,0,0,False,False,0,0,,,,,,,,,,
2026-07-25T18:51:12Z,765,P2-C1,P2,0x927EB9E0,1,Ken the Eagle,True,True,normal_damage_red_generation,44000,44000,44000,41440,-2560,44000,42464,-1536,0,1024,1024,2560,1536,1024,1536,1024,0,True,medium,4,0,0,0,False,False,0,0,,,,,,,,,,
2026-07-25T18:51:13Z,778,P2-C1,P2,0x927EB9E0,1,Ken the Eagle,True,True,full_health_reset,44000,44000,41440,44000,2560,42464,44000,1536,1024,0,-1024,0,0,0,,,,,none,4,0,0,0,False,False,0,0,,,,,,,,,,
2026-07-25T18:51:15Z,793,P1-C2,P1,0x92B6BA00,13,Chun-Li,False,True,point_status_change,46000,46000,46000,46000,0,46000,46000,0,0,0,0,0,0,0,,,,,none,4,4,0,0,False,False,0,0,,,,,,,,,,
2026-07-25T18:51:16Z,797,P2-C1,P2,0x927EB9E0,1,Ken the Eagle,True,True,normal_damage_red_generation,44000,44000,44000,43000,-1000,44000,43400,-600,0,400,400,1000,600,400,600,400,0,True,medium,4,0,0,0,False,False,0,0,,,,,,,,,,
2026-07-25T18:51:16Z,798,P2-C1,P2,0x927EB9E0,1,Ken the Eagle,True,True,normal_damage_red_generation,44000,44000,43000,41981,-1019,43400,42789,-611,400,808,408,1019,611,408,611,408,0,True,medium,4,0,0,0,False,False,0,0,,,,,,,,,,
2026-07-25T18:51:16Z,799,P2-C1,P2,0x927EB9E0,1,Ken the Eagle,True,True,normal_damage_red_generation,44000,44000,41981,39590,-2391,42789,41355,-1434,808,1765,957,2391,1434,957,1434,957,0,True,medium,4,0,0,0,False,False,0,0,,,,,,,,,,
2026-07-25T18:51:16Z,800,P2-C1,P2,0x927EB9E0,1,Ken the Eagle,True,True,normal_damage_red_generation,44000,44000,39590,38687,-903,41355,40814,-541,1765,2127,362,903,541,362,541,362,0,True,medium,4,0,0,0,False,False,0,0,,,,,,,,,,
2026-07-25T18:51:17Z,809,P1-C2,P1,0x92B6BA00,13,Chun-Li,True,False,point_status_change,46000,46000,46000,46000,0,46000,46000,0,0,0,0,0,0,0,,,,,none,4,4,0,0,False,False,0,0,,,,,,,,,,
2026-07-25T18:51:18Z,810,P2-C1,P2,0x927EB9E0,1,Ken the Eagle,True,True,mixed_heal,44000,44000,38687,41687,3000,40814,41687,873,2127,0,-2127,0,0,0,,,,,none,4,500,0,1,False,False,0,0,,,,,,,,,,
2026-07-25T18:51:18Z,811,P2-C1,P2,0x927EB9E0,1,Ken the Eagle,True,True,full_health_reset,44000,44000,41687,44000,2313,41687,44000,2313,0,0,0,0,0,0,,,,,none,4,0,0,0,False,False,0,0,,,,,,,,,,
2026-07-25T19:00:45Z,28,P2-C1,P2,0x927EB9E0,1,Ken the Eagle,True,True,normal_damage_red_generation,44000,44000,44000,43200,-800,44000,43520,-480,0,320,320,800,480,320,480,320,0,True,medium,4,0,0,0,False,False,0,0,,,,,,,,,,
2026-07-25T19:00:45Z,29,P2-C1,P2,0x927EB9E0,1,Ken the Eagle,True,True,normal_damage_red_generation,44000,44000,43200,41832,-1368,43520,42700,-820,320,868,548,1368,820,548,820,548,0,True,medium,4,0,0,0,False,False,0,0,,,,,,,,,,
2026-07-25T19:00:46Z,31,P2-C1,P2,0x927EB9E0,1,Ken the Eagle,True,True,normal_damage_red_generation,44000,44000,41832,40608,-1224,42700,41966,-734,868,1358,490,1224,734,490,734,490,0,True,medium,4,0,0,0,False,False,0,0,,,,,,,,,,
2026-07-25T19:00:46Z,34,P2-C1,P2,0x927EB9E0,1,Ken the Eagle,True,True,normal_damage_red_generation,44000,44000,40608,38500,-2108,41966,40702,-1264,1358,2202,844,2108,1264,844,1264,844,0,True,medium,4,0,0,0,False,False,0,0,,,,,,,,,,
2026-07-25T19:00:46Z,37,P2-C1,P2,0x927EB9E0,1,Ken the Eagle,True,True,normal_damage_red_generation,44000,44000,38500,36581,-1919,40702,39551,-1151,2202,2970,768,1919,1151,768,1151,768,0,True,medium,4,0,0,0,False,False,0,0,,,,,,,,,,
2026-07-25T19:00:47Z,41,P2-C1,P2,0x927EB9E0,1,Ken the Eagle,True,True,normal_damage_red_generation,44000,44000,36581,34918,-1663,39551,38554,-997,2970,3636,666,1663,997,666,997,666,0,True,medium,4,0,0,0,False,False,0,0,,,,,,,,,,
2026-07-25T19:00:47Z,46,P2-C1,P2,0x927EB9E0,1,Ken the Eagle,True,True,normal_damage_red_generation,44000,44000,34918,32947,-1971,38554,37372,-1182,3636,4425,789,1971,1182,789,1182,789,0,True,medium,4,0,0,0,False,False,0,0,,,,,,,,,,
2026-07-25T19:00:48Z,55,P2-C1,P2,0x927EB9E0,1,Ken the Eagle,True,True,normal_damage_red_generation,44000,44000,32947,32403,-544,37372,37046,-326,4425,4643,218,544,326,218,326,218,0,True,medium,4,0,0,0,False,False,0,0,,,,,,,,,,
2026-07-25T19:00:49Z,57,P2-C1,P2,0x927EB9E0,1,Ken the Eagle,True,True,normal_damage_red_generation,44000,44000,32403,31896,-507,37046,36742,-304,4643,4846,203,507,304,203,304,203,0,True,medium,4,0,0,0,False,False,0,0,,,,,,,,,,
2026-07-25T19:00:49Z,58,P2-C1,P2,0x927EB9E0,1,Ken the Eagle,True,True,normal_damage_red_generation,44000,44000,31896,31057,-839,36742,36239,-503,4846,5182,336,839,503,336,503,336,0,True,medium,4,0,0,0,False,False,0,0,,,,,,,,,,
2026-07-25T19:00:49Z,61,P2-C1,P2,0x927EB9E0,1,Ken the Eagle,True,True,normal_damage_red_generation,44000,44000,31057,30340,-717,36239,35809,-430,5182,5469,287,717,430,287,430,287,0,True,medium,4,0,0,0,False,False,0,0,,,,,,,,,,
2026-07-25T19:00:50Z,63,P2-C1,P2,0x927EB9E0,1,Ken the Eagle,True,True,normal_damage_red_generation,44000,44000,30340,29162,-1178,35809,35103,-706,5469,5941,472,1178,706,472,706,472,0,True,medium,4,0,0,0,False,False,0,0,,,,,,,,,,
2026-07-25T19:00:50Z,67,P2-C1,P2,0x927EB9E0,1,Ken the Eagle,True,True,normal_damage_red_generation,44000,44000,29162,28136,-1026,35103,34488,-615,5941,6352,411,1026,615,411,615,411,0,True,medium,4,0,0,0,False,False,0,0,,,,,,,,,,
2026-07-25T19:00:51Z,71,P2-C1,P2,0x927EB9E0,1,Ken the Eagle,True,True,normal_damage_red_generation,44000,44000,28136,27324,-812,34488,34001,-487,6352,6677,325,812,487,325,487,325,0,True,medium,4,0,0,0,False,False,0,0,,,,,,,,,,
2026-07-25T19:00:51Z,75,P2-C1,P2,0x927EB9E0,1,Ken the Eagle,True,True,normal_damage_red_generation,44000,44000,27324,26718,-606,34001,33638,-363,6677,6920,243,606,363,243,363,243,0,True,medium,4,0,0,0,False,False,0,0,,,,,,,,,,
2026-07-25T19:00:51Z,79,P2-C1,P2,0x927EB9E0,1,Ken the Eagle,True,True,normal_damage_red_generation,44000,44000,26718,26111,-607,33638,33274,-364,6920,7163,243,607,364,243,364,243,0,True,medium,4,0,0,0,False,False,0,0,,,,,,,,,,
2026-07-25T19:00:52Z,83,P2-C1,P2,0x927EB9E0,1,Ken the Eagle,True,True,normal_damage_red_generation,44000,44000,26111,25503,-608,33274,32910,-364,7163,7407,244,608,364,244,364,244,0,True,medium,4,0,0,0,False,False,0,0,,,,,,,,,,
2026-07-25T19:00:52Z,87,P1-C1,P1,0x9246B9C0,12,Ryu,True,True,baroque_consume,48000,48000,43200,43200,0,48000,43200,-4800,4800,0,-4800,0,4800,0,,-4800,0,True,high,4,0,0,0,False,True,4800,4800,,,,,,,,,,
2026-07-25T19:00:52Z,87,P2-C1,P2,0x927EB9E0,1,Ken the Eagle,True,True,normal_damage_red_generation,44000,44000,25503,24894,-609,32910,32545,-365,7407,7651,244,609,365,244,365,244,0,True,medium,4,0,0,0,False,False,0,0,,,,,,,,,,
2026-07-25T19:00:52Z,90,P2-C1,P2,0x927EB9E0,1,Ken the Eagle,True,True,normal_damage_red_generation,44000,44000,24894,24598,-296,32545,32368,-177,7651,7770,119,296,177,119,177,119,0,True,medium,4,0,0,0,False,False,0,0,,,,,,,,,,
2026-07-25T19:00:53Z,93,P2-C1,P2,0x927EB9E0,1,Ken the Eagle,True,True,normal_damage_red_generation,44000,44000,24598,24302,-296,32368,32191,-177,7770,7889,119,296,177,119,177,119,0,True,medium,4,0,0,0,False,False,0,0,,,,,,,,,,
2026-07-25T19:00:53Z,94,P2-C1,P2,0x927EB9E0,1,Ken the Eagle,True,True,normal_damage_red_generation,44000,44000,24302,23770,-532,32191,31872,-319,7889,8102,213,532,319,213,319,213,0,True,medium,4,0,0,0,False,False,0,0,,,,,,,,,,
2026-07-25T19:00:53Z,99,P1-C1,P1,0x9246B9C0,12,Ryu,True,True,recoverable_ceiling_gain,48000,48000,43200,43200,0,43200,48000,4800,0,4800,4800,0,0,4800,,,,,none,4,0,0,0,True,False,4800,4800,,,,,,,,,,
2026-07-25T19:00:55Z,110,P2-C1,P2,0x927EB9E0,1,Ken the Eagle,True,True,recoverable_heal,44000,44000,23770,25270,1500,31872,31872,0,8102,6602,-1500,0,0,0,,,,,none,4,500,0,1,False,False,0,0,,,,,,,,,,
2026-07-25T19:00:55Z,111,P2-C1,P2,0x927EB9E0,1,Ken the Eagle,True,True,recoverable_heal,44000,44000,25270,29270,4000,31872,31872,0,6602,2602,-4000,0,0,0,,,,,none,4,500,0,1,False,False,0,0,,,,,,,,,,
2026-07-25T19:00:55Z,112,P2-C1,P2,0x927EB9E0,1,Ken the Eagle,True,True,recoverable_heal,44000,44000,29270,31770,2500,31872,31872,0,2602,102,-2500,0,0,0,,,,,none,4,500,0,1,False,False,0,0,,,,,,,,,,
2026-07-25T19:00:55Z,113,P2-C1,P2,0x927EB9E0,1,Ken the Eagle,True,True,mixed_heal,44000,44000,31770,34270,2500,31872,34270,2398,102,0,-102,0,0,0,,,,,none,4,500,0,1,False,False,0,0,,,,,,,,,,
2026-07-25T19:00:55Z,114,P2-C1,P2,0x927EB9E0,1,Ken the Eagle,True,True,current_and_ceiling_heal,44000,44000,34270,36770,2500,34270,36770,2500,0,0,0,0,0,0,,,,,none,4,500,0,1,False,False,0,0,,,,,,,,,,
2026-07-25T19:00:55Z,115,P2-C1,P2,0x927EB9E0,1,Ken the Eagle,True,True,current_and_ceiling_heal,44000,44000,36770,39270,2500,36770,39270,2500,0,0,0,0,0,0,,,,,none,4,500,0,1,False,False,0,0,,,,,,,,,,
2026-07-25T19:00:55Z,116,P2-C1,P2,0x927EB9E0,1,Ken the Eagle,True,True,current_and_ceiling_heal,44000,44000,39270,41770,2500,39270,41770,2500,0,0,0,0,0,0,,,,,none,4,500,0,1,False,False,0,0,,,,,,,,,,
2026-07-25T19:00:55Z,117,P2-C1,P2,0x927EB9E0,1,Ken the Eagle,True,True,full_health_reset,44000,44000,41770,44000,2230,41770,44000,2230,0,0,0,0,0,0,,,,,none,4,0,0,0,False,False,0,0,,,,,,,,,,
2026-07-25T19:00:56Z,124,P2-C1,P2,0x927EB9E0,1,Ken the Eagle,True,True,normal_damage_red_generation,44000,44000,44000,43200,-800,44000,43520,-480,0,320,320,800,480,320,480,320,0,True,medium,4,0,0,0,False,False,0,0,,,,,,,,,,
2026-07-25T19:00:56Z,126,P2-C1,P2,0x927EB9E0,1,Ken the Eagle,True,True,normal_damage_red_generation,44000,44000,43200,41832,-1368,43520,42700,-820,320,868,548,1368,820,548,820,548,0,True,medium,4,0,0,0,False,False,0,0,,,,,,,,,,
2026-07-25T19:00:56Z,128,P2-C1,P2,0x927EB9E0,1,Ken the Eagle,True,True,normal_damage_red_generation,44000,44000,41832,40608,-1224,42700,41966,-734,868,1358,490,1224,734,490,734,490,0,True,medium,4,0,0,0,False,False,0,0,,,,,,,,,,
2026-07-25T19:00:57Z,131,P2-C1,P2,0x927EB9E0,1,Ken the Eagle,True,True,normal_damage_red_generation,44000,44000,40608,38500,-2108,41966,40702,-1264,1358,2202,844,2108,1264,844,1264,844,0,True,medium,4,0,0,0,False,False,0,0,,,,,,,,,,
2026-07-25T19:00:57Z,135,P2-C1,P2,0x927EB9E0,1,Ken the Eagle,True,True,normal_damage_red_generation,44000,44000,38500,36773,-1727,40702,39666,-1036,2202,2893,691,1727,1036,691,1036,691,0,True,medium,4,0,0,0,False,False,0,0,,,,,,,,,,
2026-07-25T19:00:58Z,140,P1-C1,P1,0x9246B9C0,12,Ryu,True,True,ceiling_loss,48000,48000,43200,43200,0,48000,43700,-4300,4800,500,-4300,0,4300,0,,,,,none,4,0,0,0,False,True,4800,4800,,,,,,,,,,
2026-07-25T19:00:58Z,140,P2-C1,P2,0x927EB9E0,1,Ken the Eagle,True,True,normal_damage_red_generation,44000,44000,36773,34674,-2099,39666,38407,-1259,2893,3733,840,2099,1259,840,1259,840,0,True,high,4,0,0,0,False,False,0,0,P1-C1,12,Ryu,1,idle,0,2800,0x0000000C,0x00040102,
2026-07-25T19:00:58Z,145,P2-C1,P2,0x927EB9E0,1,Ken the Eagle,True,True,normal_damage_red_generation,44000,44000,34674,33042,-1632,38407,37428,-979,3733,4386,653,1632,979,653,979,653,0,True,medium,4,0,0,0,False,False,0,0,P1-C1,12,Ryu,1,idle,0,2800,0x0000000C,0x00040102,
2026-07-25T19:00:59Z,149,P2-C1,P2,0x927EB9E0,1,Ken the Eagle,True,True,normal_damage_red_generation,44000,44000,33042,31491,-1551,37428,36498,-930,4386,5007,621,1551,930,621,930,621,0,True,medium,4,0,0,0,False,False,0,0,,,,,,,,,,
2026-07-25T19:00:59Z,152,P2-C1,P2,0x927EB9E0,1,Ken the Eagle,True,True,normal_damage_red_generation,44000,44000,31491,30022,-1469,36498,35617,-881,5007,5595,588,1469,881,588,881,588,0,True,medium,4,0,0,0,False,False,0,0,,,,,,,,,,
2026-07-25T19:01:00Z,156,P2-C1,P2,0x927EB9E0,1,Ken the Eagle,True,True,normal_damage_red_generation,44000,44000,30022,28634,-1388,35617,34785,-832,5595,6151,556,1388,832,556,832,556,0,True,medium,4,0,0,0,False,False,0,0,,,,,,,,,,
2026-07-25T19:01:00Z,159,P2-C1,P2,0x927EB9E0,1,Ken the Eagle,True,True,normal_damage_red_generation,44000,44000,28634,28013,-621,34785,34413,-372,6151,6400,249,621,372,249,372,249,0,True,medium,4,0,0,0,False,False,0,0,,,,,,,,,,
2026-07-25T19:01:00Z,161,P2-C1,P2,0x927EB9E0,1,Ken the Eagle,True,True,normal_damage_red_generation,44000,44000,28013,27431,-582,34413,34064,-349,6400,6633,233,582,349,233,349,233,0,True,medium,4,0,0,0,False,False,0,0,,,,,,,,,,
2026-07-25T19:01:00Z,162,P2-C1,P2,0x927EB9E0,1,Ken the Eagle,True,True,normal_damage_red_generation,44000,44000,27431,26453,-978,34064,33478,-586,6633,7025,392,978,586,392,586,392,0,True,medium,4,0,0,0,False,False,0,0,,,,,,,,,,
2026-07-25T19:01:01Z,164,P2-C1,P2,0x927EB9E0,1,Ken the Eagle,True,True,normal_damage_red_generation,44000,44000,26453,25595,-858,33478,32964,-514,7025,7369,344,858,514,344,514,344,0,True,medium,4,0,0,0,False,False,0,0,,,,,,,,,,
2026-07-25T19:01:01Z,167,P2-C1,P2,0x927EB9E0,1,Ken the Eagle,True,True,normal_damage_red_generation,44000,44000,25595,24150,-1445,32964,32097,-867,7369,7947,578,1445,867,578,867,578,0,True,medium,4,0,0,0,False,False,0,0,,,,,,,,,,
2026-07-25T19:01:02Z,171,P2-C1,P2,0x927EB9E0,1,Ken the Eagle,True,True,normal_damage_red_generation,44000,44000,24150,22868,-1282,32097,31328,-769,7947,8460,513,1282,769,513,769,513,0,True,medium,4,0,0,0,False,False,0,0,,,,,,,,,,
2026-07-25T19:01:02Z,174,P2-C1,P2,0x927EB9E0,1,Ken the Eagle,True,True,normal_damage_red_generation,44000,44000,22868,21792,-1076,31328,30683,-645,8460,8891,431,1076,645,431,645,431,0,True,medium,4,0,0,0,False,False,0,0,,,,,,,,,,
2026-07-25T19:01:03Z,180,P1-C1,P1,0x9246B9C0,12,Ryu,True,True,recoverable_ceiling_gain,48000,48000,43200,43200,0,43700,48000,4300,500,4800,4300,0,0,4300,,,,,none,4,0,0,0,True,False,4800,4800,,,,,,,,,,
2026-07-25T19:01:04Z,191,P2-C1,P2,0x927EB9E0,1,Ken the Eagle,True,True,recoverable_heal,44000,44000,21792,24292,2500,30683,30683,0,8891,6391,-2500,0,0,0,,,,,none,4,500,0,1,False,False,0,0,,,,,,,,,,
2026-07-25T19:01:04Z,192,P2-C1,P2,0x927EB9E0,1,Ken the Eagle,True,True,recoverable_heal,44000,44000,24292,28292,4000,30683,30683,0,6391,2391,-4000,0,0,0,,,,,none,4,500,0,1,False,False,0,0,,,,,,,,,,
2026-07-25T19:01:04Z,193,P2-C1,P2,0x927EB9E0,1,Ken the Eagle,True,True,mixed_heal,44000,44000,28292,33292,5000,30683,33292,2609,2391,0,-2391,0,0,0,,,,,none,4,500,0,1,False,False,0,0,,,,,,,,,,
2026-07-25T19:01:04Z,194,P2-C1,P2,0x927EB9E0,1,Ken the Eagle,True,True,current_and_ceiling_heal,44000,44000,33292,35792,2500,33292,35792,2500,0,0,0,0,0,0,,,,,none,4,500,0,1,False,False,0,0,,,,,,,,,,
2026-07-25T19:01:04Z,195,P2-C1,P2,0x927EB9E0,1,Ken the Eagle,True,True,current_and_ceiling_heal,44000,44000,35792,38292,2500,35792,38292,2500,0,0,0,0,0,0,,,,,none,4,500,0,1,False,False,0,0,,,,,,,,,,
2026-07-25T19:01:04Z,196,P2-C1,P2,0x927EB9E0,1,Ken the Eagle,True,True,current_and_ceiling_heal,44000,44000,38292,40292,2000,38292,40292,2000,0,0,0,0,0,0,,,,,none,4,500,0,1,False,False,0,0,,,,,,,,,,
2026-07-25T19:01:04Z,197,P2-C1,P2,0x927EB9E0,1,Ken the Eagle,True,True,current_and_ceiling_heal,44000,44000,40292,42792,2500,40292,42792,2500,0,0,0,0,0,0,,,,,none,4,500,0,1,False,False,0,0,,,,,,,,,,
2026-07-25T19:01:04Z,198,P2-C1,P2,0x927EB9E0,1,Ken the Eagle,True,True,full_health_reset,44000,44000,42792,44000,1208,42792,44000,1208,0,0,0,0,0,0,,,,,none,4,0,0,0,False,False,0,0,,,,,,,,,,
2026-07-25T19:01:04Z,199,P2-C1,P2,0x927EB9E0,1,Ken the Eagle,True,True,normal_damage_red_generation,44000,44000,44000,41440,-2560,44000,42464,-1536,0,1024,1024,2560,1536,1024,1536,1024,0,True,medium,4,0,0,0,False,False,0,0,,,,,,,,,,
2026-07-25T19:01:05Z,205,P2-C1,P2,0x927EB9E0,1,Ken the Eagle,True,True,normal_damage_red_generation,44000,44000,41440,39760,-1680,42464,41456,-1008,1024,1696,672,1680,1008,672,1008,672,0,True,medium,4,0,0,0,False,False,0,0,,,,,,,,,,
2026-07-25T19:01:05Z,207,P2-C1,P2,0x927EB9E0,1,Ken the Eagle,True,True,normal_damage_red_generation,44000,44000,39760,38164,-1596,41456,40499,-957,1696,2335,639,1596,957,639,957,639,0,True,medium,4,0,0,0,False,False,0,0,,,,,,,,,,
2026-07-25T19:01:07Z,224,P2-C1,P2,0x927EB9E0,1,Ken the Eagle,True,True,recoverable_heal,44000,44000,38164,39664,1500,40499,40499,0,2335,835,-1500,0,0,0,,,,,none,4,500,0,1,False,False,0,0,,,,,,,,,,
2026-07-25T19:01:07Z,225,P2-C1,P2,0x927EB9E0,1,Ken the Eagle,True,True,mixed_heal,44000,44000,39664,43664,4000,40499,43664,3165,835,0,-835,0,0,0,,,,,none,4,500,0,1,False,False,0,0,,,,,,,,,,
2026-07-25T19:01:07Z,226,P2-C1,P2,0x927EB9E0,1,Ken the Eagle,True,True,full_health_reset,44000,44000,43664,44000,336,43664,44000,336,0,0,0,0,0,0,,,,,none,4,0,0,0,False,False,0,0,,,,,,,,,,
2026-07-25T19:01:12Z,282,P2-C1,P2,0x927EB9E0,1,Ken the Eagle,True,True,normal_damage_red_generation,44000,44000,44000,42560,-1440,44000,43136,-864,0,576,576,1440,864,576,864,576,0,True,medium,4,0,0,0,False,False,0,0,,,,,,,,,,
2026-07-25T19:01:13Z,284,P2-C1,P2,0x927EB9E0,1,Ken the Eagle,True,True,normal_damage_red_generation,44000,44000,42560,40204,-2356,43136,41723,-1413,576,1519,943,2356,1413,943,1413,943,0,True,medium,4,0,0,0,False,False,0,0,,,,,,,,,,
2026-07-25T19:01:14Z,297,P2-C1,P2,0x927EB9E0,1,Ken the Eagle,True,True,recoverable_heal,44000,44000,40204,40704,500,41723,41723,0,1519,1019,-500,0,0,0,,,,,none,4,500,0,1,False,False,0,0,,,,,,,,,,
2026-07-25T19:01:15Z,298,P2-C1,P2,0x927EB9E0,1,Ken the Eagle,True,True,full_health_reset,44000,44000,40704,44000,3296,41723,44000,2277,1019,0,-1019,0,0,0,,,,,none,4,0,0,0,False,False,0,0,,,,,,,,,,
2026-07-25T19:01:32Z,462,P2-C1,P2,0x927EB9E0,1,Ken the Eagle,True,True,normal_damage_red_generation,44000,44000,44000,41520,-2480,44000,42512,-1488,0,992,992,2480,1488,992,1488,992,0,True,medium,4,0,0,0,False,False,0,0,,,,,,,,,,
2026-07-25T19:01:33Z,474,P2-C1,P2,0x927EB9E0,1,Ken the Eagle,True,True,recoverable_heal,44000,44000,41520,42020,500,42512,42512,0,992,492,-500,0,0,0,,,,,none,4,0,0,0,False,False,0,0,,,,,,,,,,
2026-07-25T19:01:33Z,475,P2-C1,P2,0x927EB9E0,1,Ken the Eagle,True,True,full_health_reset,44000,44000,42020,44000,1980,42512,44000,1488,492,0,-492,0,0,0,,,,,none,4,0,0,0,False,False,0,0,,,,,,,,,,
2026-07-25T19:01:38Z,523,P2-C1,P2,0x927EB9E0,1,Ken the Eagle,True,True,normal_damage_red_generation,44000,44000,44000,42560,-1440,44000,43136,-864,0,576,576,1440,864,576,864,576,0,True,medium,4,0,0,0,False,False,0,0,,,,,,,,,,
2026-07-25T19:01:40Z,535,P2-C1,P2,0x927EB9E0,1,Ken the Eagle,True,True,full_health_reset,44000,44000,42560,44000,1440,43136,44000,864,576,0,-576,0,0,0,,,,,none,4,0,0,0,False,False,0,0,,,,,,,,,,
2026-07-25T19:01:44Z,576,P1-C2,P1,0x92B6BA00,13,Chun-Li,False,True,point_status_change,46000,46000,46000,46000,0,46000,46000,0,0,0,0,0,0,0,,,,,none,4,0,0,0,False,False,0,0,,,,,,,,,,
2026-07-25T19:01:45Z,583,P2-C1,P2,0x927EB9E0,1,Ken the Eagle,True,True,normal_damage_red_generation,44000,44000,44000,41840,-2160,44000,42704,-1296,0,864,864,2160,1296,864,1296,864,0,True,medium,4,0,0,0,False,False,0,0,,,,,,,,,,
2026-07-25T19:01:46Z,591,P1-C2,P1,0x92B6BA00,13,Chun-Li,True,False,point_status_change,46000,46000,46000,46000,0,46000,46000,0,0,0,0,0,0,0,,,,,none,4,4,0,0,False,False,0,0,,,,,,,,,,
2026-07-25T19:01:46Z,593,P2-C1,P2,0x927EB9E0,1,Ken the Eagle,True,True,mixed_heal,44000,44000,41840,43340,1500,42704,43340,636,864,0,-864,0,0,0,,,,,none,4,500,0,1,False,False,0,0,,,,,,,,,,
2026-07-25T19:01:46Z,594,P2-C1,P2,0x927EB9E0,1,Ken the Eagle,True,True,full_health_reset,44000,44000,43340,44000,660,43340,44000,660,0,0,0,0,0,0,,,,,none,4,0,0,0,False,False,0,0,,,,,,,,,,
2026-07-25T19:03:52Z,1931,P1-C1,P1,0x9246B9C0,12,Ryu,True,True,recoverable_heal,48000,48000,43200,43700,500,48000,48000,0,4800,4300,-500,0,0,0,,,,,none,4,500,0,1,False,False,4800,4800,,,,,,,,,,
2026-07-25T19:03:52Z,1932,P1-C1,P1,0x9246B9C0,12,Ryu,True,True,current_only_damage_or_cost,48000,48000,43700,43200,-500,48000,48000,0,4300,4800,500,500,0,500,,500,0,True,medium,4,500,0,1,False,False,4800,4800,,,,,,,,,,
2026-07-25T19:07:49Z,54,P2-C1,P2,0x927EB9E0,1,Ken the Eagle,True,True,normal_damage_red_generation,44000,44000,44000,43200,-800,44000,43520,-480,0,320,320,800,480,320,480,320,0,True,medium,4,0,0,0,False,False,0,0,,,,,,,,,,
2026-07-25T19:07:49Z,55,P2-C1,P2,0x927EB9E0,1,Ken the Eagle,True,True,normal_damage_red_generation,44000,44000,43200,41832,-1368,43520,42700,-820,320,868,548,1368,820,548,820,548,0,True,medium,4,0,0,0,False,False,0,0,,,,,,,,,,
2026-07-25T19:07:50Z,56,P2-C1,P2,0x927EB9E0,1,Ken the Eagle,True,True,normal_damage_red_generation,44000,44000,41832,40608,-1224,42700,41966,-734,868,1358,490,1224,734,490,734,490,0,True,medium,4,0,0,0,False,False,0,0,,,,,,,,,,
2026-07-25T19:07:50Z,59,P2-C1,P2,0x927EB9E0,1,Ken the Eagle,True,True,normal_damage_red_generation,44000,44000,40608,38500,-2108,41966,40702,-1264,1358,2202,844,2108,1264,844,1264,844,0,True,medium,4,0,0,0,False,False,0,0,,,,,,,,,,
2026-07-25T19:07:50Z,62,P2-C1,P2,0x927EB9E0,1,Ken the Eagle,True,True,normal_damage_red_generation,44000,44000,38500,36773,-1727,40702,39666,-1036,2202,2893,691,1727,1036,691,1036,691,0,True,medium,4,0,0,0,False,False,0,0,,,,,,,,,,
2026-07-25T19:07:51Z,67,P1-C2,P1,0x92B6BA00,13,Chun-Li,False,True,point_status_change,46000,46000,46000,46000,0,46000,46000,0,0,0,0,0,0,0,,,,,none,4,0,0,0,False,False,0,0,,,,,,,,,,
2026-07-25T19:07:51Z,67,P2-C1,P2,0x927EB9E0,1,Ken the Eagle,True,True,normal_damage_red_generation,44000,44000,36773,34674,-2099,39666,38407,-1259,2893,3733,840,2099,1259,840,1259,840,0,True,high,4,0,0,0,False,False,0,0,P1-C1,12,Ryu,305,Hado M,0,100,0x00000009,0x00000040,
2026-07-25T19:07:51Z,72,P2-C1,P2,0x927EB9E0,1,Ken the Eagle,True,True,normal_damage_red_generation,44000,44000,34674,33975,-699,38407,37988,-419,3733,4013,280,699,419,280,419,280,0,True,medium,4,0,0,0,False,False,0,0,P1-C1,12,Ryu,305,Hado M,0,100,0x00000009,0x00000040,
2026-07-25T19:07:52Z,74,P2-C1,P2,0x927EB9E0,1,Ken the Eagle,True,True,normal_damage_red_generation,44000,44000,33975,33279,-696,37988,37571,-417,4013,4292,279,696,417,279,417,279,0,True,medium,4,0,0,0,False,False,0,0,P1-C1,12,Ryu,305,Hado M,0,100,0x00000009,0x00000040,
2026-07-25T19:07:52Z,76,P2-C1,P2,0x927EB9E0,1,Ken the Eagle,True,True,normal_damage_red_generation,44000,44000,33279,32624,-655,37571,37178,-393,4292,4554,262,655,393,262,393,262,0,True,medium,4,0,0,0,False,False,0,0,,,,,,,,,,
2026-07-25T19:07:53Z,84,P2-C1,P2,0x927EB9E0,1,Ken the Eagle,True,True,normal_damage_red_generation,44000,44000,32624,31824,-800,37178,36698,-480,4554,4874,320,800,480,320,480,320,0,True,medium,4,0,0,0,False,False,0,0,,,,,,,,,,
2026-07-25T19:07:53Z,86,P1-C2,P1,0x92B6BA00,13,Chun-Li,True,False,point_status_change,46000,46000,46000,46000,0,46000,46000,0,0,0,0,0,0,0,,,,,none,4,0,0,0,False,False,0,0,,,,,,,,,,
2026-07-25T19:07:53Z,86,P2-C1,P2,0x927EB9E0,1,Ken the Eagle,True,True,normal_damage_red_generation,44000,44000,31824,31064,-760,36698,36242,-456,4874,5178,304,760,456,304,456,304,0,True,medium,4,0,0,0,False,False,0,0,,,,,,,,,,
2026-07-25T19:07:53Z,87,P2-C1,P2,0x927EB9E0,1,Ken the Eagle,True,True,normal_damage_red_generation,44000,44000,31064,29768,-1296,36242,35465,-777,5178,5697,519,1296,777,519,777,519,0,True,medium,4,0,0,0,False,False,0,0,,,,,,,,,,
2026-07-25T19:07:54Z,88,P2-C1,P2,0x927EB9E0,1,Ken the Eagle,True,True,normal_damage_red_generation,44000,44000,29768,28612,-1156,35465,34772,-693,5697,6160,463,1156,693,463,693,463,0,True,medium,4,0,0,0,False,False,0,0,,,,,,,,,,
2026-07-25T19:07:54Z,92,P2-C1,P2,0x927EB9E0,1,Ken the Eagle,True,True,normal_damage_red_generation,44000,44000,28612,26629,-1983,34772,33583,-1189,6160,6954,794,1983,1189,794,1189,794,0,True,medium,4,0,0,0,False,False,0,0,,,,,,,,,,
2026-07-25T19:07:54Z,95,P2-C1,P2,0x927EB9E0,1,Ken the Eagle,True,True,normal_damage_red_generation,44000,44000,26629,25010,-1619,33583,32612,-971,6954,7602,648,1619,971,648,971,648,0,True,medium,4,0,0,0,False,False,0,0,,,,,,,,,,
2026-07-25T19:07:55Z,100,P2-C1,P2,0x927EB9E0,1,Ken the Eagle,True,True,normal_damage_red_generation,44000,44000,25010,23051,-1959,32612,31437,-1175,7602,8386,784,1959,1175,784,1175,784,0,True,high,4,0,0,0,False,False,0,0,P1-C1,12,Ryu,305,Hado M,0,100,0x00000009,0x00000040,
2026-07-25T19:07:55Z,101,P1-C1,P1,0x9246B9C0,12,Ryu,True,True,ceiling_loss,48000,48000,43200,43200,0,48000,43700,-4300,4800,500,-4300,0,4300,0,,,,,none,4,0,0,0,False,True,4800,4800,,,,,,,,,,
2026-07-25T19:07:56Z,106,P2-C1,P2,0x927EB9E0,1,Ken the Eagle,True,True,normal_damage_red_generation,44000,44000,23051,22042,-1009,31437,30832,-605,8386,8790,404,1009,605,404,605,404,0,True,medium,4,0,0,0,False,False,0,0,P1-C1,12,Ryu,10,crouching,0,100,0x00000009,0x00000040,
2026-07-25T19:07:56Z,110,P2-C1,P2,0x927EB9E0,1,Ken the Eagle,True,True,normal_damage_red_generation,44000,44000,22042,21055,-987,30832,30240,-592,8790,9185,395,987,592,395,592,395,0,True,medium,4,0,0,0,False,False,0,0,,,,,,,,,,
2026-07-25T19:07:56Z,114,P2-C1,P2,0x927EB9E0,1,Ken the Eagle,True,True,normal_damage_red_generation,44000,44000,21055,20149,-906,30240,29697,-543,9185,9548,363,906,543,363,543,363,0,True,medium,4,0,0,0,False,False,0,0,,,,,,,,,,
2026-07-25T19:07:57Z,117,P2-C1,P2,0x927EB9E0,1,Ken the Eagle,True,True,normal_damage_red_generation,44000,44000,20149,19325,-824,29697,29203,-494,9548,9878,330,824,494,330,494,330,0,True,medium,4,0,0,0,False,False,0,0,,,,,,,,,,
2026-07-25T19:07:59Z,138,P2-C1,P2,0x927EB9E0,1,Ken the Eagle,True,True,normal_damage_red_generation,44000,44000,19325,19002,-323,29203,29010,-193,9878,10008,130,323,193,130,193,130,0,True,high,4,0,0,0,False,False,0,0,P1-C1,12,Ryu,352,Shinkuu,0,720,0x0000000C,0x00000123,
2026-07-25T19:07:59Z,139,P2-C1,P2,0x927EB9E0,1,Ken the Eagle,True,True,normal_damage_red_generation,44000,44000,19002,18211,-791,29010,28536,-474,10008,10325,317,791,474,317,474,317,0,True,high,4,0,0,0,False,False,0,0,P1-C1,12,Ryu,352,Shinkuu,0,720,0x0000000C,0x00000123,
2026-07-25T19:07:59Z,140,P2-C1,P2,0x927EB9E0,1,Ken the Eagle,True,True,normal_damage_red_generation,44000,44000,18211,17959,-252,28536,28385,-151,10325,10426,101,252,151,101,151,101,0,True,high,4,0,0,0,False,False,0,0,P1-C1,12,Ryu,352,Shinkuu,0,720,0x0000000C,0x00000123,
2026-07-25T19:07:59Z,141,P2-C1,P2,0x927EB9E0,1,Ken the Eagle,True,True,normal_damage_red_generation,44000,44000,17959,17707,-252,28385,28234,-151,10426,10527,101,252,151,101,151,101,0,True,high,4,0,0,0,False,False,0,0,P1-C1,12,Ryu,352,Shinkuu,0,720,0x0000000C,0x00000123,
2026-07-25T19:07:59Z,142,P2-C1,P2,0x927EB9E0,1,Ken the Eagle,True,True,normal_damage_red_generation,44000,44000,17707,17455,-252,28234,28083,-151,10527,10628,101,252,151,101,151,101,0,True,high,4,0,0,0,False,False,0,0,P1-C1,12,Ryu,352,Shinkuu,0,720,0x0000000C,0x00000123,
2026-07-25T19:07:59Z,143,P2-C1,P2,0x927EB9E0,1,Ken the Eagle,True,True,normal_damage_red_generation,44000,44000,17455,17203,-252,28083,27932,-151,10628,10729,101,252,151,101,151,101,0,True,high,4,-252,-151,0,False,False,0,0,P1-C1,12,Ryu,352,Shinkuu,0,720,0x0000000C,0x00000123,
2026-07-25T19:07:59Z,144,P2-C1,P2,0x927EB9E0,1,Ken the Eagle,True,True,normal_damage_red_generation,44000,44000,17203,16699,-504,27932,27630,-302,10729,10931,202,504,302,202,302,202,0,True,high,4,0,0,0,False,False,0,0,P1-C1,12,Ryu,352,Shinkuu,0,720,0x0000000C,0x00000123,
2026-07-25T19:08:00Z,145,P2-C1,P2,0x927EB9E0,1,Ken the Eagle,True,True,normal_damage_red_generation,44000,44000,16699,16447,-252,27630,27479,-151,10931,11032,101,252,151,101,151,101,0,True,high,4,0,0,0,False,False,0,0,P1-C1,12,Ryu,352,Shinkuu,0,720,0x0000000C,0x00000123,
2026-07-25T19:08:00Z,146,P2-C1,P2,0x927EB9E0,1,Ken the Eagle,True,True,normal_damage_red_generation,44000,44000,16447,15943,-504,27479,27177,-302,11032,11234,202,504,302,202,302,202,0,True,high,4,0,0,0,False,False,0,0,P1-C1,12,Ryu,352,Shinkuu,0,720,0x0000000C,0x00000123,
2026-07-25T19:08:00Z,147,P2-C1,P2,0x927EB9E0,1,Ken the Eagle,True,True,normal_damage_red_generation,44000,44000,15943,15439,-504,27177,26875,-302,11234,11436,202,504,302,202,302,202,0,True,high,4,0,0,0,False,False,0,0,P1-C1,12,Ryu,352,Shinkuu,0,720,0x0000000C,0x00000123,
2026-07-25T19:08:00Z,148,P2-C1,P2,0x927EB9E0,1,Ken the Eagle,True,True,normal_damage_red_generation,44000,44000,15439,15187,-252,26875,26724,-151,11436,11537,101,252,151,101,151,101,0,True,high,4,0,0,0,False,False,0,0,P1-C1,12,Ryu,352,Shinkuu,0,720,0x0000000C,0x00000123,
2026-07-25T19:08:00Z,150,P2-C1,P2,0x927EB9E0,1,Ken the Eagle,True,True,normal_damage_red_generation,44000,44000,15187,14683,-504,26724,26422,-302,11537,11739,202,504,302,202,302,202,0,True,high,4,0,0,0,False,False,0,0,P1-C1,12,Ryu,352,Shinkuu,0,720,0x0000000C,0x00000123,
2026-07-25T19:08:00Z,151,P2-C1,P2,0x927EB9E0,1,Ken the Eagle,True,True,normal_damage_red_generation,44000,44000,14683,14431,-252,26422,26271,-151,11739,11840,101,252,151,101,151,101,0,True,high,4,0,0,0,False,False,0,0,P1-C1,12,Ryu,352,Shinkuu,0,720,0x0000000C,0x00000123,
2026-07-25T19:08:00Z,152,P2-C1,P2,0x927EB9E0,1,Ken the Eagle,True,True,normal_damage_red_generation,44000,44000,14431,14067,-364,26271,26053,-218,11840,11986,146,364,218,146,218,146,0,True,high,4,0,0,0,False,False,0,0,P1-C1,12,Ryu,352,Shinkuu,0,100,0x00000009,0x00000040,
2026-07-25T19:08:01Z,155,P1-C1,P1,0x9246B9C0,12,Ryu,True,True,recoverable_ceiling_gain,48000,48000,43200,43200,0,43700,48000,4300,500,4800,4300,0,0,4300,,,,,none,4,0,0,0,True,False,4800,4800,,,,,,,,,,
2026-07-25T19:08:02Z,166,P2-C1,P2,0x927EB9E0,1,Ken the Eagle,True,True,recoverable_heal,44000,44000,14067,16067,2000,26053,26053,0,11986,9986,-2000,0,0,0,,,,,none,4,500,0,1,False,False,0,0,,,,,,,,,,
2026-07-25T19:08:02Z,167,P2-C1,P2,0x927EB9E0,1,Ken the Eagle,True,True,recoverable_heal,44000,44000,16067,18567,2500,26053,26053,0,9986,7486,-2500,0,0,0,,,,,none,4,500,0,1,False,False,0,0,,,,,,,,,,
2026-07-25T19:08:02Z,168,P2-C1,P2,0x927EB9E0,1,Ken the Eagle,True,True,recoverable_heal,44000,44000,18567,21067,2500,26053,26053,0,7486,4986,-2500,0,0,0,,,,,none,4,500,0,1,False,False,0,0,,,,,,,,,,
2026-07-25T19:08:02Z,169,P2-C1,P2,0x927EB9E0,1,Ken the Eagle,True,True,recoverable_heal,44000,44000,21067,25567,4500,26053,26053,0,4986,486,-4500,0,0,0,,,,,none,4,500,0,1,False,False,0,0,,,,,,,,,,
2026-07-25T19:08:02Z,170,P2-C1,P2,0x927EB9E0,1,Ken the Eagle,True,True,mixed_heal,44000,44000,25567,28567,3000,26053,28567,2514,486,0,-486,0,0,0,,,,,none,4,500,0,1,False,False,0,0,,,,,,,,,,
2026-07-25T19:08:02Z,171,P2-C1,P2,0x927EB9E0,1,Ken the Eagle,True,True,current_and_ceiling_heal,44000,44000,28567,31067,2500,28567,31067,2500,0,0,0,0,0,0,,,,,none,4,500,0,1,False,False,0,0,,,,,,,,,,
2026-07-25T19:08:02Z,172,P2-C1,P2,0x927EB9E0,1,Ken the Eagle,True,True,current_and_ceiling_heal,44000,44000,31067,34067,3000,31067,34067,3000,0,0,0,0,0,0,,,,,none,4,500,0,1,False,False,0,0,,,,,,,,,,
2026-07-25T19:08:02Z,173,P2-C1,P2,0x927EB9E0,1,Ken the Eagle,True,True,current_and_ceiling_heal,44000,44000,34067,36567,2500,34067,36567,2500,0,0,0,0,0,0,,,,,none,4,500,0,1,False,False,0,0,,,,,,,,,,
2026-07-25T19:08:03Z,174,P2-C1,P2,0x927EB9E0,1,Ken the Eagle,True,True,current_and_ceiling_heal,44000,44000,36567,39067,2500,36567,39067,2500,0,0,0,0,0,0,,,,,none,4,500,0,1,False,False,0,0,,,,,,,,,,
2026-07-25T19:08:03Z,175,P2-C1,P2,0x927EB9E0,1,Ken the Eagle,True,True,current_and_ceiling_heal,44000,44000,39067,41567,2500,39067,41567,2500,0,0,0,0,0,0,,,,,none,4,500,0,1,False,False,0,0,,,,,,,,,,
2026-07-25T19:08:03Z,176,P2-C1,P2,0x927EB9E0,1,Ken the Eagle,True,True,full_health_reset,44000,44000,41567,44000,2433,41567,44000,2433,0,0,0,0,0,0,,,,,none,4,0,0,0,False,False,0,0,,,,,,,,,,
2026-07-25T19:08:04Z,187,P2-C1,P2,0x927EB9E0,1,Ken the Eagle,True,True,normal_damage_red_generation,44000,44000,44000,41440,-2560,44000,42464,-1536,0,1024,1024,2560,1536,1024,1536,1024,0,True,medium,4,0,0,0,False,False,0,0,,,,,,,,,,
2026-07-25T19:08:04Z,189,P2-C1,P2,0x927EB9E0,1,Ken the Eagle,True,True,normal_damage_red_generation,44000,44000,41440,40680,-760,42464,42008,-456,1024,1328,304,760,456,304,456,304,0,True,medium,4,0,0,0,False,False,0,0,,,,,,,,,,
2026-07-25T19:08:04Z,190,P2-C1,P2,0x927EB9E0,1,Ken the Eagle,True,True,normal_damage_red_generation,44000,44000,40680,39384,-1296,42008,41231,-777,1328,1847,519,1296,777,519,777,519,0,True,medium,4,0,0,0,False,False,0,0,,,,,,,,,,
2026-07-25T19:08:05Z,192,P2-C1,P2,0x927EB9E0,1,Ken the Eagle,True,True,normal_damage_red_generation,44000,44000,39384,38228,-1156,41231,40538,-693,1847,2310,463,1156,693,463,693,463,0,True,medium,4,0,0,0,False,False,0,0,,,,,,,,,,
2026-07-25T19:08:05Z,194,P2-C1,P2,0x927EB9E0,1,Ken the Eagle,True,True,normal_damage_red_generation,44000,44000,38228,36245,-1983,40538,39349,-1189,2310,3104,794,1983,1189,794,1189,794,0,True,medium,4,0,0,0,False,False,0,0,,,,,,,,,,
2026-07-25T19:08:06Z,197,P2-C1,P2,0x927EB9E0,1,Ken the Eagle,True,True,normal_damage_red_generation,44000,44000,36245,34626,-1619,39349,38378,-971,3104,3752,648,1619,971,648,971,648,0,True,medium,4,0,0,0,False,False,0,0,,,,,,,,,,
2026-07-25T19:08:06Z,201,P1-C1,P1,0x9246B9C0,12,Ryu,True,True,ceiling_loss,48000,48000,43200,43200,0,48000,43700,-4300,4800,500,-4300,0,4300,0,,,,,none,4,0,0,0,False,True,4800,4800,,,,,,,,,,
2026-07-25T19:08:06Z,201,P2-C1,P2,0x927EB9E0,1,Ken the Eagle,True,True,normal_damage_red_generation,44000,44000,34626,32667,-1959,38378,37203,-1175,3752,4536,784,1959,1175,784,1175,784,0,True,high,4,0,0,0,False,False,0,0,P1-C1,12,Ryu,1,idle,0,2800,0x0000000C,0x00040102,
2026-07-25T19:08:07Z,205,P2-C1,P2,0x927EB9E0,1,Ken the Eagle,True,True,normal_damage_red_generation,44000,44000,32667,31035,-1632,37203,36224,-979,4536,5189,653,1632,979,653,979,653,0,True,medium,4,0,0,0,False,False,0,0,P1-C1,12,Ryu,1,idle,0,2800,0x0000000C,0x00040102,
2026-07-25T19:08:07Z,209,P2-C1,P2,0x927EB9E0,1,Ken the Eagle,True,True,normal_damage_red_generation,44000,44000,31035,29484,-1551,36224,35294,-930,5189,5810,621,1551,930,621,930,621,0,True,medium,4,0,0,0,False,False,0,0,P1-C1,12,Ryu,1,idle,0,2800,0x0000000C,0x00040102,
2026-07-25T19:08:07Z,211,P2-C1,P2,0x927EB9E0,1,Ken the Eagle,True,True,normal_damage_red_generation,44000,44000,29484,28015,-1469,35294,34413,-881,5810,6398,588,1469,881,588,881,588,0,True,medium,4,0,0,0,False,False,0,0,,,,,,,,,,
2026-07-25T19:08:08Z,214,P2-C1,P2,0x927EB9E0,1,Ken the Eagle,True,True,normal_damage_red_generation,44000,44000,28015,26627,-1388,34413,33581,-832,6398,6954,556,1388,832,556,832,556,0,True,medium,4,0,0,0,False,False,0,0,,,,,,,,,,
2026-07-25T19:08:08Z,217,P2-C1,P2,0x927EB9E0,1,Ken the Eagle,True,True,normal_damage_red_generation,44000,44000,26627,26006,-621,33581,33209,-372,6954,7203,249,621,372,249,372,249,0,True,medium,4,0,0,0,False,False,0,0,,,,,,,,,,
2026-07-25T19:08:09Z,218,P2-C1,P2,0x927EB9E0,1,Ken the Eagle,True,True,normal_damage_red_generation,44000,44000,26006,25424,-582,33209,32860,-349,7203,7436,233,582,349,233,349,233,0,True,medium,4,0,0,0,False,False,0,0,,,,,,,,,,
2026-07-25T19:08:09Z,220,P2-C1,P2,0x927EB9E0,1,Ken the Eagle,True,True,normal_damage_red_generation,44000,44000,25424,24446,-978,32860,32274,-586,7436,7828,392,978,586,392,586,392,0,True,medium,4,0,0,0,False,False,0,0,,,,,,,,,,
2026-07-25T19:08:09Z,222,P2-C1,P2,0x927EB9E0,1,Ken the Eagle,True,True,normal_damage_red_generation,44000,44000,24446,23588,-858,32274,31760,-514,7828,8172,344,858,514,344,514,344,0,True,medium,4,0,0,0,False,False,0,0,,,,,,,,,,
2026-07-25T19:08:09Z,224,P2-C1,P2,0x927EB9E0,1,Ken the Eagle,True,True,normal_damage_red_generation,44000,44000,23588,22143,-1445,31760,30893,-867,8172,8750,578,1445,867,578,867,578,0,True,medium,4,0,0,0,False,False,0,0,,,,,,,,,,
2026-07-25T19:08:10Z,226,P2-C1,P2,0x927EB9E0,1,Ken the Eagle,True,True,normal_damage_red_generation,44000,44000,22143,20861,-1282,30893,30124,-769,8750,9263,513,1282,769,513,769,513,0,True,medium,4,0,0,0,False,False,0,0,,,,,,,,,,
2026-07-25T19:08:10Z,230,P2-C1,P2,0x927EB9E0,1,Ken the Eagle,True,True,normal_damage_red_generation,44000,44000,20861,19785,-1076,30124,29479,-645,9263,9694,431,1076,645,431,645,431,0,True,medium,4,0,0,0,False,False,0,0,,,,,,,,,,
2026-07-25T19:08:11Z,234,P2-C1,P2,0x927EB9E0,1,Ken the Eagle,True,True,normal_damage_red_generation,44000,44000,19785,18555,-1230,29479,28741,-738,9694,10186,492,1230,738,492,738,492,0,True,medium,4,0,0,0,False,False,0,0,,,,,,,,,,
2026-07-25T19:08:12Z,243,P2-C1,P2,0x927EB9E0,1,Ken the Eagle,True,True,normal_damage_red_generation,44000,44000,18555,18230,-325,28741,28546,-195,10186,10316,130,325,195,130,195,130,0,True,medium,4,0,0,0,False,False,0,0,,,,,,,,,,
2026-07-25T19:08:12Z,244,P2-C1,P2,0x927EB9E0,1,Ken the Eagle,True,True,normal_damage_red_generation,44000,44000,18230,17942,-288,28546,28374,-172,10316,10432,116,288,172,116,172,116,0,True,medium,4,0,0,0,False,False,0,0,,,,,,,,,,
2026-07-25T19:08:12Z,246,P2-C1,P2,0x927EB9E0,1,Ken the Eagle,True,True,normal_damage_red_generation,44000,44000,17942,17424,-518,28374,28064,-310,10432,10640,208,518,310,208,310,208,0,True,medium,4,0,0,0,False,False,0,0,,,,,,,,,,
2026-07-25T19:08:13Z,249,P2-C1,P2,0x927EB9E0,1,Ken the Eagle,True,True,normal_damage_red_generation,44000,44000,17424,16938,-486,28064,27773,-291,10640,10835,195,486,291,195,291,195,0,True,medium,4,0,0,0,False,False,0,0,,,,,,,,,,
2026-07-25T19:08:13Z,251,P2-C1,P2,0x927EB9E0,1,Ken the Eagle,True,True,normal_damage_red_generation,44000,44000,16938,16047,-891,27773,27239,-534,10835,11192,357,891,534,357,534,357,0,True,medium,4,0,0,0,False,False,0,0,,,,,,,,,,
2026-07-25T19:08:13Z,255,P2-C1,P2,0x927EB9E0,1,Ken the Eagle,True,True,normal_damage_red_generation,44000,44000,16047,15174,-873,27239,26716,-523,11192,11542,350,873,523,350,523,350,0,True,medium,4,0,0,0,False,False,0,0,,,,,,,,,,
2026-07-25T19:08:14Z,258,P2-C1,P2,0x927EB9E0,1,Ken the Eagle,True,True,normal_damage_red_generation,44000,44000,15174,14386,-788,26716,26244,-472,11542,11858,316,788,472,316,472,316,0,True,medium,4,0,0,0,False,False,0,0,,,,,,,,,,
2026-07-25T19:08:14Z,262,P2-C1,P2,0x927EB9E0,1,Ken the Eagle,True,True,normal_damage_red_generation,44000,44000,14386,13797,-589,26244,25891,-353,11858,12094,236,589,353,236,353,236,0,True,medium,4,0,0,0,False,False,0,0,,,,,,,,,,
2026-07-25T19:08:15Z,266,P2-C1,P2,0x927EB9E0,1,Ken the Eagle,True,True,normal_damage_red_generation,44000,44000,13797,13207,-590,25891,25537,-354,12094,12330,236,590,354,236,354,236,0,True,medium,4,0,0,0,False,False,0,0,,,,,,,,,,
2026-07-25T19:08:15Z,270,P1-C2,P1,0x92B6BA00,13,Chun-Li,False,True,point_status_change,46000,46000,46000,46000,0,46000,46000,0,0,0,0,0,0,0,,,,,none,4,4,0,0,False,False,0,0,,,,,,,,,,
2026-07-25T19:08:15Z,270,P2-C1,P2,0x927EB9E0,1,Ken the Eagle,True,True,normal_damage_red_generation,44000,44000,13207,12616,-591,25537,25183,-354,12330,12567,237,591,354,237,354,237,0,True,medium,4,0,0,0,False,False,0,0,,,,,,,,,,
2026-07-25T19:08:15Z,273,P2-C1,P2,0x927EB9E0,1,Ken the Eagle,True,True,normal_damage_red_generation,44000,44000,12616,12024,-592,25183,24828,-355,12567,12804,237,592,355,237,355,237,0,True,medium,4,0,0,0,False,False,0,0,,,,,,,,,,
2026-07-25T19:08:16Z,276,P2-C1,P2,0x927EB9E0,1,Ken the Eagle,True,True,normal_damage_red_generation,44000,44000,12024,11643,-381,24828,24600,-228,12804,12957,153,381,228,153,228,153,0,True,medium,4,0,0,0,False,False,0,0,,,,,,,,,,
2026-07-25T19:08:16Z,278,P2-C1,P2,0x927EB9E0,1,Ken the Eagle,True,True,normal_damage_red_generation,44000,44000,11643,11256,-387,24600,24368,-232,12957,13112,155,387,232,155,232,155,0,True,medium,4,0,0,0,False,False,0,0,,,,,,,,,,
2026-07-25T19:08:16Z,280,P2-C1,P2,0x927EB9E0,1,Ken the Eagle,True,True,normal_damage_red_generation,44000,44000,11256,10861,-395,24368,24131,-237,13112,13270,158,395,237,158,237,158,0,True,medium,4,0,0,0,False,False,0,0,,,,,,,,,,
2026-07-25T19:08:17Z,285,P1-C1,P1,0x9246B9C0,12,Ryu,True,True,recoverable_ceiling_gain,48000,48000,43200,43200,0,43700,48000,4300,500,4800,4300,0,0,4300,,,,,none,4,0,0,0,True,False,4800,4800,,,,,,,,,,
2026-07-25T19:08:18Z,290,P1-C2,P1,0x92B6BA00,13,Chun-Li,True,False,point_status_change,46000,46000,46000,46000,0,46000,46000,0,0,0,0,0,0,0,,,,,none,4,4,0,0,False,False,0,0,,,,,,,,,,
2026-07-25T19:08:18Z,292,P2-C1,P2,0x927EB9E0,1,Ken the Eagle,True,True,recoverable_heal,44000,44000,10861,13361,2500,24131,24131,0,13270,10770,-2500,0,0,0,,,,,none,4,500,0,1,False,False,0,0,,,,,,,,,,
2026-07-25T19:08:18Z,293,P2-C1,P2,0x927EB9E0,1,Ken the Eagle,True,True,recoverable_heal,44000,44000,13361,16361,3000,24131,24131,0,10770,7770,-3000,0,0,0,,,,,none,4,500,0,1,False,False,0,0,,,,,,,,,,
2026-07-25T19:08:18Z,294,P2-C1,P2,0x927EB9E0,1,Ken the Eagle,True,True,recoverable_heal,44000,44000,16361,18861,2500,24131,24131,0,7770,5270,-2500,0,0,0,,,,,none,4,500,0,1,False,False,0,0,,,,,,,,,,
2026-07-25T19:08:18Z,295,P2-C1,P2,0x927EB9E0,1,Ken the Eagle,True,True,recoverable_heal,44000,44000,18861,21861,3000,24131,24131,0,5270,2270,-3000,0,0,0,,,,,none,4,500,0,1,False,False,0,0,,,,,,,,,,
2026-07-25T19:08:18Z,296,P2-C1,P2,0x927EB9E0,1,Ken the Eagle,True,True,mixed_heal,44000,44000,21861,24361,2500,24131,24361,230,2270,0,-2270,0,0,0,,,,,none,4,500,0,1,False,False,0,0,,,,,,,,,,
2026-07-25T19:08:18Z,297,P2-C1,P2,0x927EB9E0,1,Ken the Eagle,True,True,current_and_ceiling_heal,44000,44000,24361,31361,7000,24361,31361,7000,0,0,0,0,0,0,,,,,none,4,500,0,1,False,False,0,0,,,,,,,,,,
2026-07-25T19:08:19Z,298,P2-C1,P2,0x927EB9E0,1,Ken the Eagle,True,True,current_and_ceiling_heal,44000,44000,31361,33861,2500,31361,33861,2500,0,0,0,0,0,0,,,,,none,4,500,0,1,False,False,0,0,,,,,,,,,,
2026-07-25T19:08:19Z,299,P2-C1,P2,0x927EB9E0,1,Ken the Eagle,True,True,current_and_ceiling_heal,44000,44000,33861,36361,2500,33861,36361,2500,0,0,0,0,0,0,,,,,none,4,500,0,1,False,False,0,0,,,,,,,,,,
2026-07-25T19:08:19Z,300,P2-C1,P2,0x927EB9E0,1,Ken the Eagle,True,True,current_and_ceiling_heal,44000,44000,36361,39361,3000,36361,39361,3000,0,0,0,0,0,0,,,,,none,4,500,0,1,False,False,0,0,,,,,,,,,,
2026-07-25T19:08:19Z,301,P2-C1,P2,0x927EB9E0,1,Ken the Eagle,True,True,current_and_ceiling_heal,44000,44000,39361,41861,2500,39361,41861,2500,0,0,0,0,0,0,,,,,none,4,500,0,1,False,False,0,0,,,,,,,,,,
2026-07-25T19:08:19Z,302,P2-C1,P2,0x927EB9E0,1,Ken the Eagle,True,True,full_health_reset,44000,44000,41861,44000,2139,41861,44000,2139,0,0,0,0,0,0,,,,,none,4,0,0,0,False,False,0,0,,,,,,,,,,
2026-07-25T19:08:22Z,331,P1-C2,P1,0x92B6BA00,13,Chun-Li,False,True,point_status_change,46000,46000,46000,46000,0,46000,46000,0,0,0,0,0,0,0,,,,,none,4,0,0,0,False,False,0,0,,,,,,,,,,
2026-07-25T19:08:24Z,348,P2-C1,P2,0x927EB9E0,1,Ken the Eagle,True,True,normal_damage_red_generation,44000,44000,44000,43040,-960,44000,43424,-576,0,384,384,960,576,384,576,384,0,True,high,4,0,0,0,False,False,0,0,P1-C2,13,Chun-Li,352,Kikosho,0,960,0x0000000C,0x00000123,
2026-07-25T19:08:24Z,349,P2-C1,P2,0x927EB9E0,1,Ken the Eagle,True,True,normal_damage_red_generation,44000,44000,43040,39778,-3262,43424,41469,-1955,384,1691,1307,3262,1955,1307,1957,1305,2,False,high,4,-447,-268,0,False,False,0,0,P1-C2,13,Chun-Li,352,Kikosho,0,960,0x0000000C,0x00000123,difference can indicate multiple native damage requests between GUI samples
2026-07-25T19:08:24Z,350,P2-C1,P2,0x927EB9E0,1,Ken the Eagle,True,True,normal_damage_red_generation,44000,44000,39778,38325,-1453,41469,40599,-870,1691,2274,583,1453,870,583,871,582,1,False,high,4,-351,-210,0,False,False,0,0,P1-C2,13,Chun-Li,352,Kikosho,0,960,0x0000000C,0x00000123,difference can indicate multiple native damage requests between GUI samples
2026-07-25T19:08:24Z,351,P2-C1,P2,0x927EB9E0,1,Ken the Eagle,True,True,normal_damage_red_generation,44000,44000,38325,37208,-1117,40599,39930,-669,2274,2722,448,1117,669,448,670,447,1,False,high,4,-255,-153,0,False,False,0,0,P1-C2,13,Chun-Li,352,Kikosho,0,960,0x0000000C,0x00000123,difference can indicate multiple native damage requests between GUI samples
2026-07-25T19:08:24Z,352,P2-C1,P2,0x927EB9E0,1,Ken the Eagle,True,True,normal_damage_red_generation,44000,44000,37208,36393,-815,39930,39442,-488,2722,3049,327,815,488,327,489,326,1,False,high,4,0,0,0,False,False,0,0,P1-C2,13,Chun-Li,352,Kikosho,0,960,0x0000000C,0x00000123,difference can indicate multiple native damage requests between GUI samples
2026-07-25T19:08:24Z,353,P2-C1,P2,0x927EB9E0,1,Ken the Eagle,True,True,normal_damage_red_generation,44000,44000,36393,36169,-224,39442,39308,-134,3049,3139,90,224,134,90,134,90,0,True,high,4,0,0,0,False,False,0,0,P1-C2,13,Chun-Li,352,Kikosho,0,960,0x0000000C,0x00000123,
2026-07-25T19:08:24Z,354,P2-C1,P2,0x927EB9E0,1,Ken the Eagle,True,True,normal_damage_red_generation,44000,44000,36169,35609,-560,39308,38973,-335,3139,3364,225,560,335,225,336,224,1,False,high,4,-224,-134,0,False,False,0,0,P1-C2,13,Chun-Li,352,Kikosho,0,960,0x0000000C,0x00000123,difference can indicate multiple native damage requests between GUI samples
2026-07-25T19:08:25Z,355,P2-C1,P2,0x927EB9E0,1,Ken the Eagle,True,True,normal_damage_red_generation,44000,44000,35609,35049,-560,38973,38638,-335,3364,3589,225,560,335,225,336,224,1,False,high,4,-224,-134,0,False,False,0,0,P1-C2,13,Chun-Li,352,Kikosho,0,960,0x0000000C,0x00000123,difference can indicate multiple native damage requests between GUI samples
2026-07-25T19:08:25Z,356,P2-C1,P2,0x927EB9E0,1,Ken the Eagle,True,True,normal_damage_red_generation,44000,44000,35049,34041,-1008,38638,38035,-603,3589,3994,405,1008,603,405,604,404,1,False,high,4,0,0,0,False,False,0,0,P1-C2,13,Chun-Li,352,Kikosho,0,960,0x0000000C,0x00000123,difference can indicate multiple native damage requests between GUI samples
2026-07-25T19:08:25Z,357,P2-C1,P2,0x927EB9E0,1,Ken the Eagle,True,True,normal_damage_red_generation,44000,44000,34041,33817,-224,38035,37901,-134,3994,4084,90,224,134,90,134,90,0,True,high,4,-336,-201,0,False,False,0,0,P1-C2,13,Chun-Li,352,Kikosho,0,960,0x0000000C,0x00000123,
2026-07-25T19:08:25Z,358,P2-C1,P2,0x927EB9E0,1,Ken the Eagle,True,True,normal_damage_red_generation,44000,44000,33817,33257,-560,37901,37566,-335,4084,4309,225,560,335,225,336,224,1,False,high,4,0,0,0,False,False,0,0,P1-C2,13,Chun-Li,352,Kikosho,0,960,0x0000000C,0x00000123,difference can indicate multiple native damage requests between GUI samples
2026-07-25T19:08:25Z,359,P2-C1,P2,0x927EB9E0,1,Ken the Eagle,True,True,normal_damage_red_generation,44000,44000,33257,33033,-224,37566,37432,-134,4309,4399,90,224,134,90,134,90,0,True,high,4,-336,-201,0,False,False,0,0,P1-C2,13,Chun-Li,352,Kikosho,0,960,0x0000000C,0x00000123,
2026-07-25T19:08:25Z,360,P2-C1,P2,0x927EB9E0,1,Ken the Eagle,True,True,normal_damage_red_generation,44000,44000,33033,32473,-560,37432,37097,-335,4399,4624,225,560,335,225,336,224,1,False,high,4,-224,-134,0,False,False,0,0,P1-C2,13,Chun-Li,352,Kikosho,0,960,0x0000000C,0x00000123,difference can indicate multiple native damage requests between GUI samples
2026-07-25T19:08:25Z,361,P2-C1,P2,0x927EB9E0,1,Ken the Eagle,True,True,normal_damage_red_generation,44000,44000,32473,31689,-784,37097,36628,-469,4624,4939,315,784,469,315,470,314,1,False,high,4,0,0,0,False,False,0,0,P1-C2,13,Chun-Li,352,Kikosho,0,960,0x0000000C,0x00000123,difference can indicate multiple native damage requests between GUI samples
2026-07-25T19:08:25Z,362,P2-C1,P2,0x927EB9E0,1,Ken the Eagle,True,True,normal_damage_red_generation,44000,44000,31689,31465,-224,36628,36494,-134,4939,5029,90,224,134,90,134,90,0,True,high,4,-336,-201,0,False,False,0,0,P1-C2,13,Chun-Li,352,Kikosho,0,960,0x0000000C,0x00000123,
2026-07-25T19:08:26Z,363,P2-C1,P2,0x927EB9E0,1,Ken the Eagle,True,True,normal_damage_red_generation,44000,44000,31465,30345,-1120,36494,35824,-670,5029,5479,450,1120,670,450,672,448,2,False,high,4,-224,-134,0,False,False,0,0,P1-C2,13,Chun-Li,352,Kikosho,0,100,0x00000009,0x00000040,difference can indicate multiple native damage requests between GUI samples
2026-07-25T19:08:26Z,364,P2-C1,P2,0x927EB9E0,1,Ken the Eagle,True,True,normal_damage_red_generation,44000,44000,30345,30121,-224,35824,35690,-134,5479,5569,90,224,134,90,134,90,0,True,high,4,-224,-134,0,False,False,0,0,P1-C2,13,Chun-Li,352,Kikosho,0,100,0x00000009,0x00000040,
2026-07-25T19:08:26Z,365,P2-C1,P2,0x927EB9E0,1,Ken the Eagle,True,True,normal_damage_red_generation,44000,44000,30121,29897,-224,35690,35556,-134,5569,5659,90,224,134,90,134,90,0,True,medium,4,0,0,0,False,False,0,0,P1-C2,13,Chun-Li,352,Kikosho,0,100,0x00000009,0x00000040,
2026-07-25T19:08:26Z,366,P2-C1,P2,0x927EB9E0,1,Ken the Eagle,True,True,normal_damage_red_generation,44000,44000,29897,29673,-224,35556,35422,-134,5659,5749,90,224,134,90,134,90,0,True,medium,4,-224,-134,0,False,False,0,0,P1-C2,13,Chun-Li,352,Kikosho,0,100,0x00000009,0x00000040,
2026-07-25T19:08:26Z,367,P2-C1,P2,0x927EB9E0,1,Ken the Eagle,True,True,normal_damage_red_generation,44000,44000,29673,29449,-224,35422,35288,-134,5749,5839,90,224,134,90,134,90,0,True,medium,4,-224,-134,0,False,False,0,0,P1-C2,13,Chun-Li,352,Kikosho,0,100,0x00000009,0x00000040,
2026-07-25T19:08:26Z,368,P2-C1,P2,0x927EB9E0,1,Ken the Eagle,True,True,normal_damage_red_generation,44000,44000,29449,29225,-224,35288,35154,-134,5839,5929,90,224,134,90,134,90,0,True,medium,4,0,0,0,False,False,0,0,P1-C2,13,Chun-Li,352,Kikosho,0,100,0x00000009,0x00000040,
2026-07-25T19:08:26Z,369,P2-C1,P2,0x927EB9E0,1,Ken the Eagle,True,True,normal_damage_red_generation,44000,44000,29225,28777,-448,35154,34886,-268,5929,6109,180,448,268,180,268,180,0,True,medium,4,0,0,0,False,False,0,0,P1-C2,13,Chun-Li,352,Kikosho,0,100,0x00000009,0x00000040,
2026-07-25T19:08:26Z,370,P2-C1,P2,0x927EB9E0,1,Ken the Eagle,True,True,normal_damage_red_generation,44000,44000,28777,28553,-224,34886,34752,-134,6109,6199,90,224,134,90,134,90,0,True,medium,4,-224,-134,0,False,False,0,0,P1-C2,13,Chun-Li,352,Kikosho,0,100,0x00000009,0x00000040,
2026-07-25T19:08:26Z,371,P2-C1,P2,0x927EB9E0,1,Ken the Eagle,True,True,normal_damage_red_generation,44000,44000,28553,28329,-224,34752,34618,-134,6199,6289,90,224,134,90,134,90,0,True,medium,4,0,0,0,False,False,0,0,P1-C2,13,Chun-Li,352,Kikosho,0,100,0x00000009,0x00000040,
2026-07-25T19:08:26Z,372,P2-C1,P2,0x927EB9E0,1,Ken the Eagle,True,True,normal_damage_red_generation,44000,44000,28329,27881,-448,34618,34350,-268,6289,6469,180,448,268,180,268,180,0,True,medium,4,0,0,0,False,False,0,0,P1-C2,13,Chun-Li,352,Kikosho,0,100,0x00000009,0x00000040,
2026-07-25T19:08:27Z,373,P2-C1,P2,0x927EB9E0,1,Ken the Eagle,True,True,normal_damage_red_generation,44000,44000,27881,27433,-448,34350,34082,-268,6469,6649,180,448,268,180,268,180,0,True,medium,4,0,0,0,False,False,0,0,,,,,,,,,,
2026-07-25T19:08:27Z,378,P1-C2,P1,0x92B6BA00,13,Chun-Li,True,False,point_status_change,46000,46000,46000,46000,0,46000,46000,0,0,0,0,0,0,0,,,,,none,4,4,0,0,False,False,0,0,,,,,,,,,,
2026-07-25T19:08:28Z,382,P2-C1,P2,0x927EB9E0,1,Ken the Eagle,True,True,recoverable_heal,44000,44000,27433,30433,3000,34082,34082,0,6649,3649,-3000,0,0,0,,,,,none,4,500,0,1,False,False,0,0,,,,,,,,,,
2026-07-25T19:08:28Z,383,P2-C1,P2,0x927EB9E0,1,Ken the Eagle,True,True,mixed_heal,44000,44000,30433,35433,5000,34082,35433,1351,3649,0,-3649,0,0,0,,,,,none,4,500,0,1,False,False,0,0,,,,,,,,,,
2026-07-25T19:08:28Z,384,P2-C1,P2,0x927EB9E0,1,Ken the Eagle,True,True,current_and_ceiling_heal,44000,44000,35433,38433,3000,35433,38433,3000,0,0,0,0,0,0,,,,,none,4,500,0,1,False,False,0,0,,,,,,,,,,
2026-07-25T19:08:28Z,385,P2-C1,P2,0x927EB9E0,1,Ken the Eagle,True,True,current_and_ceiling_heal,44000,44000,38433,40933,2500,38433,40933,2500,0,0,0,0,0,0,,,,,none,4,500,0,1,False,False,0,0,,,,,,,,,,
2026-07-25T19:08:28Z,386,P2-C1,P2,0x927EB9E0,1,Ken the Eagle,True,True,current_and_ceiling_heal,44000,44000,40933,43433,2500,40933,43433,2500,0,0,0,0,0,0,,,,,none,4,500,0,1,False,False,0,0,,,,,,,,,,
2026-07-25T19:08:28Z,387,P2-C1,P2,0x927EB9E0,1,Ken the Eagle,True,True,full_health_reset,44000,44000,43433,44000,567,43433,44000,567,0,0,0,0,0,0,,,,,none,4,0,0,0,False,False,0,0,,,,,,,,,,
2026-07-25T19:08:30Z,403,P2-C1,P2,0x927EB9E0,1,Ken the Eagle,True,True,normal_damage_red_generation,44000,44000,44000,43200,-800,44000,43520,-480,0,320,320,800,480,320,480,320,0,True,medium,4,0,0,0,False,False,0,0,,,,,,,,,,
2026-07-25T19:08:30Z,404,P2-C1,P2,0x927EB9E0,1,Ken the Eagle,True,True,normal_damage_red_generation,44000,44000,43200,41832,-1368,43520,42700,-820,320,868,548,1368,820,548,820,548,0,True,medium,4,0,0,0,False,False,0,0,,,,,,,,,,
2026-07-25T19:08:31Z,406,P2-C1,P2,0x927EB9E0,1,Ken the Eagle,True,True,normal_damage_red_generation,44000,44000,41832,40608,-1224,42700,41966,-734,868,1358,490,1224,734,490,734,490,0,True,medium,4,0,0,0,False,False,0,0,,,,,,,,,,
2026-07-25T19:08:31Z,408,P2-C1,P2,0x927EB9E0,1,Ken the Eagle,True,True,normal_damage_red_generation,44000,44000,40608,38500,-2108,41966,40702,-1264,1358,2202,844,2108,1264,844,1264,844,0,True,medium,4,0,0,0,False,False,0,0,,,,,,,,,,
2026-07-25T19:08:31Z,410,P2-C1,P2,0x927EB9E0,1,Ken the Eagle,True,True,normal_damage_red_generation,44000,44000,38500,36581,-1919,40702,39551,-1151,2202,2970,768,1919,1151,768,1151,768,0,True,medium,4,0,0,0,False,False,0,0,,,,,,,,,,
2026-07-25T19:08:32Z,414,P2-C1,P2,0x927EB9E0,1,Ken the Eagle,True,True,normal_damage_red_generation,44000,44000,36581,34918,-1663,39551,38554,-997,2970,3636,666,1663,997,666,997,666,0,True,medium,4,0,0,0,False,False,0,0,,,,,,,,,,
2026-07-25T19:08:32Z,418,P2-C1,P2,0x927EB9E0,1,Ken the Eagle,True,True,normal_damage_red_generation,44000,44000,34918,32947,-1971,38554,37372,-1182,3636,4425,789,1971,1182,789,1182,789,0,True,medium,4,0,0,0,False,False,0,0,,,,,,,,,,
2026-07-25T19:08:33Z,426,P2-C1,P2,0x927EB9E0,1,Ken the Eagle,True,True,normal_damage_red_generation,44000,44000,32947,32403,-544,37372,37046,-326,4425,4643,218,544,326,218,326,218,0,True,medium,4,0,0,0,False,False,0,0,,,,,,,,,,
2026-07-25T19:08:33Z,427,P2-C1,P2,0x927EB9E0,1,Ken the Eagle,True,True,normal_damage_red_generation,44000,44000,32403,31896,-507,37046,36742,-304,4643,4846,203,507,304,203,304,203,0,True,medium,4,0,0,0,False,False,0,0,,,,,,,,,,
2026-07-25T19:08:34Z,428,P2-C1,P2,0x927EB9E0,1,Ken the Eagle,True,True,normal_damage_red_generation,44000,44000,31896,31057,-839,36742,36239,-503,4846,5182,336,839,503,336,503,336,0,True,medium,4,0,0,0,False,False,0,0,,,,,,,,,,
2026-07-25T19:08:34Z,432,P2-C1,P2,0x927EB9E0,1,Ken the Eagle,True,True,normal_damage_red_generation,44000,44000,31057,30340,-717,36239,35809,-430,5182,5469,287,717,430,287,430,287,0,True,medium,4,0,0,0,False,False,0,0,,,,,,,,,,
2026-07-25T19:08:35Z,434,P2-C1,P2,0x927EB9E0,1,Ken the Eagle,True,True,normal_damage_red_generation,44000,44000,30340,29162,-1178,35809,35103,-706,5469,5941,472,1178,706,472,706,472,0,True,medium,4,0,0,0,False,False,0,0,,,,,,,,,,
2026-07-25T19:08:35Z,437,P2-C1,P2,0x927EB9E0,1,Ken the Eagle,True,True,normal_damage_red_generation,44000,44000,29162,28136,-1026,35103,34488,-615,5941,6352,411,1026,615,411,615,411,0,True,medium,4,0,0,0,False,False,0,0,,,,,,,,,,
2026-07-25T19:08:35Z,440,P2-C1,P2,0x927EB9E0,1,Ken the Eagle,True,True,normal_damage_red_generation,44000,44000,28136,27324,-812,34488,34001,-487,6352,6677,325,812,487,325,487,325,0,True,medium,4,0,0,0,False,False,0,0,,,,,,,,,,
2026-07-25T19:08:36Z,443,P2-C1,P2,0x927EB9E0,1,Ken the Eagle,True,True,normal_damage_red_generation,44000,44000,27324,26718,-606,34001,33638,-363,6677,6920,243,606,363,243,363,243,0,True,medium,4,0,0,0,False,False,0,0,,,,,,,,,,
2026-07-25T19:08:36Z,446,P2-C1,P2,0x927EB9E0,1,Ken the Eagle,True,True,normal_damage_red_generation,44000,44000,26718,26111,-607,33638,33274,-364,6920,7163,243,607,364,243,364,243,0,True,medium,4,0,0,0,False,False,0,0,,,,,,,,,,
2026-07-25T19:08:37Z,450,P2-C1,P2,0x927EB9E0,1,Ken the Eagle,True,True,normal_damage_red_generation,44000,44000,26111,25503,-608,33274,32910,-364,7163,7407,244,608,364,244,364,244,0,True,medium,4,0,0,0,False,False,0,0,,,,,,,,,,
2026-07-25T19:08:37Z,452,P1-C1,P1,0x9246B9C0,12,Ryu,True,True,baroque_consume,48000,48000,43200,43200,0,48000,43200,-4800,4800,0,-4800,0,4800,0,,-4800,0,True,high,4,0,0,0,False,True,4800,4800,,,,,,,,,,
2026-07-25T19:08:37Z,452,P2-C1,P2,0x927EB9E0,1,Ken the Eagle,True,True,normal_damage_red_generation,44000,44000,25503,24894,-609,32910,32545,-365,7407,7651,244,609,365,244,365,244,0,True,medium,4,0,0,0,False,False,0,0,,,,,,,,,,
2026-07-25T19:08:37Z,456,P2-C1,P2,0x927EB9E0,1,Ken the Eagle,True,True,normal_damage_red_generation,44000,44000,24894,24599,-295,32545,32368,-177,7651,7769,118,295,177,118,177,118,0,True,medium,4,0,0,0,False,False,0,0,,,,,,,,,,
2026-07-25T19:08:38Z,457,P2-C1,P2,0x927EB9E0,1,Ken the Eagle,True,True,normal_damage_red_generation,44000,44000,24599,24304,-295,32368,32191,-177,7769,7887,118,295,177,118,177,118,0,True,medium,4,0,0,0,False,False,0,0,,,,,,,,,,
2026-07-25T19:08:38Z,458,P2-C1,P2,0x927EB9E0,1,Ken the Eagle,True,True,normal_damage_red_generation,44000,44000,24304,23772,-532,32191,31872,-319,7887,8100,213,532,319,213,319,213,0,True,medium,4,0,0,0,False,False,0,0,,,,,,,,,,
2026-07-25T19:08:38Z,462,P2-C1,P2,0x927EB9E0,1,Ken the Eagle,True,True,normal_damage_red_generation,44000,44000,23772,23280,-492,31872,31577,-295,8100,8297,197,492,295,197,295,197,0,True,medium,4,0,0,0,False,False,0,0,,,,,,,,,,
2026-07-25T19:08:39Z,463,P2-C1,P2,0x927EB9E0,1,Ken the Eagle,True,True,normal_damage_red_generation,44000,44000,23280,22383,-897,31577,31039,-538,8297,8656,359,897,538,359,538,359,0,True,medium,4,0,0,0,False,False,0,0,,,,,,,,,,
2026-07-25T19:08:39Z,467,P1-C1,P1,0x9246B9C0,12,Ryu,True,True,recoverable_ceiling_gain,48000,48000,43200,43200,0,43200,48000,4800,0,4800,4800,0,0,4800,,,,,none,4,0,0,0,True,False,4800,4800,,,,,,,,,,
2026-07-25T19:08:40Z,477,P2-C1,P2,0x927EB9E0,1,Ken the Eagle,True,True,recoverable_heal,44000,44000,22383,24883,2500,31039,31039,0,8656,6156,-2500,0,0,0,,,,,none,4,500,0,1,False,False,0,0,,,,,,,,,,
2026-07-25T19:08:40Z,478,P2-C1,P2,0x927EB9E0,1,Ken the Eagle,True,True,recoverable_heal,44000,44000,24883,27383,2500,31039,31039,0,6156,3656,-2500,0,0,0,,,,,none,4,500,0,1,False,False,0,0,,,,,,,,,,
2026-07-25T19:08:40Z,479,P2-C1,P2,0x927EB9E0,1,Ken the Eagle,True,True,recoverable_heal,44000,44000,27383,29883,2500,31039,31039,0,3656,1156,-2500,0,0,0,,,,,none,4,500,0,1,False,False,0,0,,,,,,,,,,
2026-07-25T19:08:41Z,480,P2-C1,P2,0x927EB9E0,1,Ken the Eagle,True,True,mixed_heal,44000,44000,29883,34883,5000,31039,34883,3844,1156,0,-1156,0,0,0,,,,,none,4,500,0,1,False,False,0,0,,,,,,,,,,
2026-07-25T19:08:41Z,481,P2-C1,P2,0x927EB9E0,1,Ken the Eagle,True,True,current_and_ceiling_heal,44000,44000,34883,37883,3000,34883,37883,3000,0,0,0,0,0,0,,,,,none,4,500,0,1,False,False,0,0,,,,,,,,,,
2026-07-25T19:08:41Z,482,P2-C1,P2,0x927EB9E0,1,Ken the Eagle,True,True,current_and_ceiling_heal,44000,44000,37883,40883,3000,37883,40883,3000,0,0,0,0,0,0,,,,,none,4,500,0,1,False,False,0,0,,,,,,,,,,
2026-07-25T19:08:41Z,483,P2-C1,P2,0x927EB9E0,1,Ken the Eagle,True,True,current_and_ceiling_heal,44000,44000,40883,43383,2500,40883,43383,2500,0,0,0,0,0,0,,,,,none,4,500,0,1,False,False,0,0,,,,,,,,,,
2026-07-25T19:08:41Z,484,P2-C1,P2,0x927EB9E0,1,Ken the Eagle,True,True,full_health_reset,44000,44000,43383,44000,617,43383,44000,617,0,0,0,0,0,0,,,,,none,4,0,0,0,False,False,0,0,,,,,,,,,,
2026-07-25T19:08:42Z,494,P2-C1,P2,0x927EB9E0,1,Ken the Eagle,True,True,normal_damage_red_generation,44000,44000,44000,41440,-2560,44000,42464,-1536,0,1024,1024,2560,1536,1024,1536,1024,0,True,medium,4,0,0,0,False,False,0,0,,,,,,,,,,
2026-07-25T19:08:42Z,497,P2-C1,P2,0x927EB9E0,1,Ken the Eagle,True,True,normal_damage_red_generation,44000,44000,41440,40680,-760,42464,42008,-456,1024,1328,304,760,456,304,456,304,0,True,medium,4,0,0,0,False,False,0,0,,,,,,,,,,
2026-07-25T19:08:43Z,498,P2-C1,P2,0x927EB9E0,1,Ken the Eagle,True,True,normal_damage_red_generation,44000,44000,40680,39384,-1296,42008,41231,-777,1328,1847,519,1296,777,519,777,519,0,True,medium,4,0,0,0,False,False,0,0,,,,,,,,,,
2026-07-25T19:08:43Z,500,P2-C1,P2,0x927EB9E0,1,Ken the Eagle,True,True,normal_damage_red_generation,44000,44000,39384,38228,-1156,41231,40538,-693,1847,2310,463,1156,693,463,693,463,0,True,medium,4,0,0,0,False,False,0,0,,,,,,,,,,
2026-07-25T19:08:43Z,503,P2-C1,P2,0x927EB9E0,1,Ken the Eagle,True,True,normal_damage_red_generation,44000,44000,38228,36245,-1983,40538,39349,-1189,2310,3104,794,1983,1189,794,1189,794,0,True,medium,4,0,0,0,False,False,0,0,,,,,,,,,,
2026-07-25T19:08:44Z,505,P2-C1,P2,0x927EB9E0,1,Ken the Eagle,True,True,normal_damage_red_generation,44000,44000,36245,34446,-1799,39349,38270,-1079,3104,3824,720,1799,1079,720,1079,720,0,True,medium,4,0,0,0,False,False,0,0,,,,,,,,,,
2026-07-25T19:08:44Z,509,P2-C1,P2,0x927EB9E0,1,Ken the Eagle,True,True,normal_damage_red_generation,44000,44000,34446,32894,-1552,38270,37339,-931,3824,4445,621,1552,931,621,931,621,0,True,medium,4,0,0,0,False,False,0,0,,,,,,,,,,
2026-07-25T19:08:45Z,511,P2-C1,P2,0x927EB9E0,1,Ken the Eagle,True,True,normal_damage_red_generation,44000,44000,32894,31063,-1831,37339,36241,-1098,4445,5178,733,1831,1098,733,1098,733,0,True,medium,4,0,0,0,False,False,0,0,,,,,,,,,,
2026-07-25T19:08:46Z,519,P2-C1,P2,0x927EB9E0,1,Ken the Eagle,True,True,normal_damage_red_generation,44000,44000,31063,30561,-502,36241,35940,-301,5178,5379,201,502,301,201,301,201,0,True,medium,4,0,0,0,False,False,0,0,,,,,,,,,,
2026-07-25T19:08:46Z,520,P2-C1,P2,0x927EB9E0,1,Ken the Eagle,True,True,normal_damage_red_generation,44000,44000,30561,30096,-465,35940,35661,-279,5379,5565,186,465,279,186,279,186,0,True,medium,4,0,0,0,False,False,0,0,,,,,,,,,,
2026-07-25T19:08:46Z,522,P2-C1,P2,0x927EB9E0,1,Ken the Eagle,True,True,normal_damage_red_generation,44000,44000,30096,29334,-762,35661,35204,-457,5565,5870,305,762,457,305,457,305,0,True,medium,4,0,0,0,False,False,0,0,,,,,,,,,,
2026-07-25T19:08:47Z,524,P2-C1,P2,0x927EB9E0,1,Ken the Eagle,True,True,normal_damage_red_generation,44000,44000,29334,28685,-649,35204,34815,-389,5870,6130,260,649,389,260,389,260,0,True,medium,4,0,0,0,False,False,0,0,,,,,,,,,,
2026-07-25T19:08:47Z,526,P2-C1,P2,0x927EB9E0,1,Ken the Eagle,True,True,normal_damage_red_generation,44000,44000,28685,27633,-1052,34815,34184,-631,6130,6551,421,1052,631,421,631,421,0,True,medium,4,0,0,0,False,False,0,0,,,,,,,,,,
2026-07-25T19:08:47Z,528,P2-C1,P2,0x927EB9E0,1,Ken the Eagle,True,True,normal_damage_red_generation,44000,44000,27633,26731,-902,34184,33643,-541,6551,6912,361,902,541,361,541,361,0,True,medium,4,0,0,0,False,False,0,0,,,,,,,,,,
2026-07-25T19:08:48Z,531,P2-C1,P2,0x927EB9E0,1,Ken the Eagle,True,True,normal_damage_red_generation,44000,44000,26731,25916,-815,33643,33154,-489,6912,7238,326,815,489,326,489,326,0,True,medium,4,0,0,0,False,False,0,0,,,,,,,,,,
2026-07-25T19:08:48Z,535,P2-C1,P2,0x927EB9E0,1,Ken the Eagle,True,True,normal_damage_red_generation,44000,44000,25916,25307,-609,33154,32789,-365,7238,7482,244,609,365,244,365,244,0,True,medium,4,0,0,0,False,False,0,0,,,,,,,,,,
2026-07-25T19:08:49Z,538,P2-C1,P2,0x927EB9E0,1,Ken the Eagle,True,True,normal_damage_red_generation,44000,44000,25307,24697,-610,32789,32423,-366,7482,7726,244,610,366,244,366,244,0,True,medium,4,0,0,0,False,False,0,0,,,,,,,,,,
2026-07-25T19:08:49Z,541,P2-C1,P2,0x927EB9E0,1,Ken the Eagle,True,True,normal_damage_red_generation,44000,44000,24697,24086,-611,32423,32057,-366,7726,7971,245,611,366,245,366,245,0,True,medium,4,0,0,0,False,False,0,0,,,,,,,,,,
2026-07-25T19:08:49Z,544,P2-C1,P2,0x927EB9E0,1,Ken the Eagle,True,True,normal_damage_red_generation,44000,44000,24086,23474,-612,32057,31690,-367,7971,8216,245,612,367,245,367,245,0,True,medium,4,0,0,0,False,False,0,0,,,,,,,,,,
2026-07-25T19:08:49Z,545,P1-C1,P1,0x9246B9C0,12,Ryu,True,True,baroque_consume,48000,48000,43200,43200,0,48000,43200,-4800,4800,0,-4800,0,4800,0,,-4800,0,True,high,4,0,0,0,False,True,4800,4800,,,,,,,,,,
2026-07-25T19:08:50Z,548,P2-C1,P2,0x927EB9E0,1,Ken the Eagle,True,True,normal_damage_red_generation,44000,44000,23474,23177,-297,31690,31512,-178,8216,8335,119,297,178,119,178,119,0,True,medium,4,0,0,0,False,False,0,0,,,,,,,,,,
2026-07-25T19:08:50Z,550,P2-C1,P2,0x927EB9E0,1,Ken the Eagle,True,True,normal_damage_red_generation,44000,44000,23177,22880,-297,31512,31334,-178,8335,8454,119,297,178,119,178,119,0,True,medium,4,0,0,0,False,False,0,0,,,,,,,,,,
2026-07-25T19:08:50Z,551,P2-C1,P2,0x927EB9E0,1,Ken the Eagle,True,True,normal_damage_red_generation,44000,44000,22880,22345,-535,31334,31013,-321,8454,8668,214,535,321,214,321,214,0,True,medium,4,0,0,0,False,False,0,0,,,,,,,,,,
2026-07-25T19:08:51Z,554,P1-C1,P1,0x9246B9C0,12,Ryu,True,True,recoverable_ceiling_gain,48000,48000,43200,43200,0,43200,48000,4800,0,4800,4800,0,0,4800,,,,,none,4,0,0,0,True,False,4800,4800,,,,,,,,,,
2026-07-25T19:08:52Z,564,P2-C1,P2,0x927EB9E0,1,Ken the Eagle,True,True,recoverable_heal,44000,44000,22345,25345,3000,31013,31013,0,8668,5668,-3000,0,0,0,,,,,none,4,500,0,1,False,False,0,0,,,,,,,,,,
2026-07-25T19:08:52Z,565,P2-C1,P2,0x927EB9E0,1,Ken the Eagle,True,True,mixed_heal,44000,44000,25345,31845,6500,31013,31845,832,5668,0,-5668,0,0,0,,,,,none,4,500,0,1,False,False,0,0,,,,,,,,,,
2026-07-25T19:08:52Z,566,P2-C1,P2,0x927EB9E0,1,Ken the Eagle,True,True,current_and_ceiling_heal,44000,44000,31845,38845,7000,31845,38845,7000,0,0,0,0,0,0,,,,,none,4,500,0,1,False,False,0,0,,,,,,,,,,
2026-07-25T19:08:53Z,567,P2-C1,P2,0x927EB9E0,1,Ken the Eagle,True,True,current_and_ceiling_heal,44000,44000,38845,41845,3000,38845,41845,3000,0,0,0,0,0,0,,,,,none,4,500,0,1,False,False,0,0,,,,,,,,,,
2026-07-25T19:08:53Z,568,P2-C1,P2,0x927EB9E0,1,Ken the Eagle,True,True,full_health_reset,44000,44000,41845,44000,2155,41845,44000,2155,0,0,0,0,0,0,,,,,none,4,0,0,0,False,False,0,0,,,,,,,,,,
2026-07-25T19:08:53Z,574,P2-C1,P2,0x927EB9E0,1,Ken the Eagle,True,True,normal_damage_red_generation,44000,44000,44000,42400,-1600,44000,43040,-960,0,640,640,1600,960,640,960,640,0,True,medium,4,0,0,0,False,False,0,0,,,,,,,,,,
2026-07-25T19:08:54Z,577,P2-C1,P2,0x927EB9E0,1,Ken the Eagle,True,True,normal_damage_red_generation,44000,44000,42400,40790,-1610,43040,42074,-966,640,1284,644,1610,966,644,966,644,0,True,medium,4,0,0,0,False,False,0,0,,,,,,,,,,
2026-07-25T19:08:54Z,580,P2-C1,P2,0x927EB9E0,1,Ken the Eagle,True,True,normal_damage_red_generation,44000,44000,40790,39262,-1528,42074,41158,-916,1284,1896,612,1528,916,612,916,612,0,True,medium,4,0,0,0,False,False,0,0,,,,,,,,,,
2026-07-25T19:08:54Z,584,P2-C1,P2,0x927EB9E0,1,Ken the Eagle,True,True,normal_damage_red_generation,44000,44000,39262,37817,-1445,41158,40291,-867,1896,2474,578,1445,867,578,867,578,0,True,medium,4,0,0,0,False,False,0,0,,,,,,,,,,
2026-07-25T19:08:56Z,606,P2-C1,P2,0x927EB9E0,1,Ken the Eagle,True,True,mixed_heal,44000,44000,37817,39600,1783,40291,44000,3709,2474,4400,1926,0,0,1926,,,,,none,4,0,0,0,False,False,0,0,,,,,,,,,,
2026-07-25T19:09:19Z,1289,P1-C1,P1,0x9246B9C0,16,Alex,True,False,fighter_reset_or_reloaded,48000,54000,43200,54000,10800,48000,54000,6000,4800,0,-4800,0,0,0,,,,,none,5,0,0,0,False,False,4800,0,,,,,,,,,,maximum health changed
2026-07-25T19:09:19Z,1297,P2-C1,P2,0x927EB9E0,19,Roll,True,False,fighter_reset_or_reloaded,44000,40000,39600,40000,400,44000,40000,-4000,4400,0,-4400,0,4000,0,,,,,none,3,0,0,0,False,False,0,0,,,,,,,,,,maximum health changed
2026-07-25T19:09:20Z,1304,P1-C2,P1,0x92B6BA00,21,Soki,False,False,fighter_reset_or_reloaded,46000,52000,46000,52000,6000,46000,52000,6000,0,0,0,0,0,0,,,,,none,5,0,0,0,False,False,0,0,,,,,,,,,,maximum health changed
2026-07-25T19:09:22Z,1320,P1-C1,P1,0x9246B9C0,16,Alex,False,True,point_status_change,54000,54000,54000,54000,0,54000,54000,0,0,0,0,0,0,0,,,,,none,5,0,0,0,False,False,0,0,,,,,,,,,,
2026-07-25T19:09:22Z,1320,P2-C1,P2,0x927EB9E0,19,Roll,False,True,point_status_change,40000,40000,40000,40000,0,40000,40000,0,0,0,0,0,0,0,,,,,none,3,0,0,0,False,False,0,0,,,,,,,,,,
2026-07-25T19:09:31Z,1330,P2-C1,P2,0x927EB9E0,19,Roll,True,True,normal_damage_red_generation,40000,40000,40000,34590,-5410,40000,36754,-3246,0,2164,2164,5410,3246,2164,3246,2164,0,True,medium,3,0,0,0,False,False,0,0,,,,,,,,,,
2026-07-25T19:09:33Z,1333,P2-C1,P2,0x927EB9E0,19,Roll,True,True,normal_damage_red_generation,40000,40000,34590,31255,-3335,36754,34753,-2001,2164,3498,1334,3335,2001,1334,2001,1334,0,True,medium,3,0,0,0,False,False,0,0,,,,,,,,,,
2026-07-25T19:09:37Z,1334,P1-C1,P1,0x9246B9C0,16,Alex,True,True,normal_damage_red_generation,54000,54000,54000,49200,-4800,54000,51120,-2880,0,1920,1920,4800,2880,1920,2880,1920,0,True,medium,5,0,0,0,False,False,0,0,,,,,,,,,,
2026-07-25T19:09:37Z,1334,P2-C1,P2,0x927EB9E0,19,Roll,True,True,normal_damage_red_generation,40000,40000,31255,23265,-7990,34753,29960,-4793,3498,6695,3197,7990,4793,3197,4794,3196,1,False,medium,3,0,0,0,False,False,0,0,,,,,,,,,,difference can indicate multiple native damage requests between GUI samples
2026-07-25T19:09:45Z,1341,P2-C1,P2,0x927EB9E0,19,Roll,True,True,normal_damage_red_generation,40000,40000,23265,11225,-12040,29960,22737,-7223,6695,11512,4817,12040,7223,4817,7224,4816,1,False,medium,3,0,0,0,False,False,0,0,,,,,,,,,,difference can indicate multiple native damage requests between GUI samples
2026-07-25T19:09:47Z,1345,P2-C1,P2,0x927EB9E0,19,Roll,True,False,point_status_change,40000,40000,11225,11225,0,22737,22737,0,11512,11512,0,0,0,0,,,,,none,3,0,0,0,False,False,0,0,,,,,,,,,,
2026-07-25T19:09:47Z,1345,P2-C2,P2,0x92EEBA20,1,Ken the Eagle,False,True,point_status_change,44000,44000,44000,44000,0,44000,44000,0,0,0,0,0,0,0,,,,,none,4,0,0,0,False,False,0,0,,,,,,,,,,
2026-07-25T19:09:50Z,1346,P1-C1,P1,0x9246B9C0,16,Alex,True,True,baroque_spent_latch_change,54000,54000,49200,49200,0,51120,51120,0,1920,1920,0,0,0,0,,,,,none,5,0,0,0,False,False,0,1920,,,,,,,,,,
2026-07-25T19:09:50Z,1346,P2-C1,P2,0x927EB9E0,19,Roll,False,False,reserve_recovery,40000,40000,11225,11769,544,22737,22737,0,11512,10968,-544,0,0,0,,,1,False,medium,3,4,0,0,False,False,0,0,,,,,,,,,,
2026-07-25T19:09:50Z,1346,P2-C2,P2,0x92EEBA20,1,Ken the Eagle,True,True,normal_damage_red_generation,44000,44000,44000,34916,-9084,44000,38551,-5449,0,3635,3635,9084,5449,3635,5450,3634,1,False,medium,4,0,0,0,False,False,0,0,,,,,,,,,,difference can indicate multiple native damage requests between GUI samples
2026-07-25T19:09:56Z,1347,P1-C1,P1,0x9246B9C0,16,Alex,True,True,baroque_consume,54000,54000,49200,49200,0,51120,49200,-1920,1920,0,-1920,0,1920,0,,-1920,0,True,high,5,0,0,0,False,False,1920,1920,,,,,,,,,,
2026-07-25T19:09:56Z,1347,P2-C1,P2,0x927EB9E0,19,Roll,False,False,reserve_recovery,40000,40000,11769,12993,1224,22737,22737,0,10968,9744,-1224,0,0,0,,,0,True,medium,3,4,0,0,False,False,0,0,,,,,,,,,,
2026-07-25T19:09:56Z,1347,P2-C2,P2,0x92EEBA20,1,Ken the Eagle,True,True,normal_damage_red_generation,44000,44000,34916,14903,-20013,38551,26546,-12005,3635,11643,8008,20013,12005,8008,12007,8006,2,False,medium,4,0,0,0,False,False,0,0,,,,,,,,,,difference can indicate multiple native damage requests between GUI samples
2026-07-25T19:10:00Z,1348,P2-C1,P2,0x927EB9E0,19,Roll,False,False,reserve_recovery,40000,40000,12993,13909,916,22737,22737,0,9744,8828,-916,0,0,0,,,1,False,medium,3,4,0,0,False,False,0,0,,,,,,,,,,
2026-07-25T19:10:00Z,1348,P2-C2,P2,0x92EEBA20,1,Ken the Eagle,True,True,normal_damage_red_generation,44000,44000,14903,12829,-2074,26546,25302,-1244,11643,12473,830,2074,1244,830,1244,830,0,True,medium,4,0,0,0,False,False,0,0,,,,,,,,,,
2026-07-25T19:10:00Z,1349,P2-C1,P2,0x927EB9E0,19,Roll,False,False,reserve_recovery,40000,40000,13909,14077,168,22737,22737,0,8828,8660,-168,0,0,0,,,0,True,medium,3,4,0,0,False,False,0,0,,,,,,,,,,
2026-07-25T19:10:00Z,1350,P2-C1,P2,0x927EB9E0,19,Roll,False,False,reserve_recovery,40000,40000,14077,14109,32,22737,22737,0,8660,8628,-32,0,0,0,,,2,False,medium,3,4,0,0,False,False,0,0,,,,,,,,,,
2026-07-25T19:10:02Z,1351,P2-C1,P2,0x927EB9E0,19,Roll,False,False,reserve_recovery,40000,40000,14109,14517,408,22737,22737,0,8628,8220,-408,0,0,0,,,0,True,medium,3,4,0,0,False,False,0,0,,,,,,,,,,
2026-07-25T19:10:02Z,1351,P2-C2,P2,0x92EEBA20,1,Ken the Eagle,True,True,normal_damage_red_generation,44000,44000,12829,6790,-6039,25302,21680,-3622,12473,14890,2417,6039,3622,2417,3623,2416,1,False,medium,4,0,0,0,False,False,0,0,,,,,,,,,,difference can indicate multiple native damage requests between GUI samples
2026-07-25T19:10:04Z,1352,P2-C1,P2,0x927EB9E0,19,Roll,False,True,recoverable_heal,40000,40000,14517,15093,576,22737,22737,0,8220,7644,-576,0,0,0,,,,,none,3,0,0,0,False,False,0,0,,,,,,,,,,
2026-07-25T19:10:04Z,1352,P2-C2,P2,0x92EEBA20,1,Ken the Eagle,True,False,normal_damage_red_generation,44000,44000,6790,1967,-4823,21680,18787,-2893,14890,16820,1930,4823,2893,1930,2893,1930,0,True,medium,4,4,0,0,False,False,0,0,,,,,,,,,,
2026-07-25T19:10:08Z,1353,P2-C1,P2,0x927EB9E0,19,Roll,True,True,normal_damage_red_generation,40000,40000,15093,13081,-2012,22737,13961,-8776,7644,880,-6764,2012,8776,0,1207,805,-805,False,medium,3,0,0,0,False,False,0,0,,,,,,,,,,difference can indicate multiple native damage requests between GUI samples
2026-07-25T19:10:08Z,1353,P2-C2,P2,0x92EEBA20,1,Ken the Eagle,False,False,reserve_recovery,44000,44000,1967,2507,540,18787,18787,0,16820,16280,-540,0,0,0,,,0,True,medium,4,4,0,0,False,False,0,0,,,,,,,,,,
2026-07-25T19:10:09Z,1354,P1-C2,P1,0x92B6BA00,21,Soki,False,True,point_status_change,52000,52000,52000,52000,0,52000,52000,0,0,0,0,0,0,0,,,,,none,5,0,0,0,False,False,0,0,,,,,,,,,,
2026-07-25T19:10:09Z,1354,P2-C1,P2,0x927EB9E0,19,Roll,True,True,normal_damage_red_generation,40000,40000,13081,7547,-5534,13961,10642,-3319,880,3095,2215,5534,3319,2215,3320,2214,1,False,medium,3,0,0,0,False,False,0,0,,,,,,,,,,difference can indicate multiple native damage requests between GUI samples
2026-07-25T19:10:09Z,1354,P2-C2,P2,0x92EEBA20,1,Ken the Eagle,False,False,reserve_recovery,44000,44000,2507,2895,388,18787,18787,0,16280,15892,-388,0,0,0,,,0,True,medium,4,4,0,0,False,False,0,0,,,,,,,,,,
2026-07-25T19:10:13Z,1355,P1-C2,P1,0x92B6BA00,21,Soki,True,False,point_status_change,52000,52000,52000,52000,0,52000,52000,0,0,0,0,0,0,0,,,,,none,5,4,0,0,False,False,0,0,,,,,,,,,,
2026-07-25T19:10:13Z,1355,P2-C1,P2,0x927EB9E0,19,Roll,True,True,normal_damage_red_generation,40000,40000,7547,0,-7547,10642,0,-10642,3095,0,-3095,7547,10642,0,4528,3019,-3019,False,medium,3,0,0,0,False,False,0,0,,,,,,,,,,difference can indicate multiple native damage requests between GUI samples
2026-07-25T19:10:13Z,1355,P2-C2,P2,0x92EEBA20,1,Ken the Eagle,False,False,reserve_recovery,44000,44000,2895,3691,796,18787,18787,0,15892,15096,-796,0,0,0,,,0,True,medium,4,4,0,0,False,False,0,0,,,,,,,,,,
2026-07-25T19:10:14Z,1356,P2-C2,P2,0x92EEBA20,1,Ken the Eagle,False,False,reserve_recovery,44000,44000,3691,3927,236,18787,18787,0,15096,14860,-236,0,0,0,,,0,True,medium,4,4,0,0,False,False,0,0,,,,,,,,,,
2026-07-25T19:10:15Z,1357,P2-C1,P2,0x927EB9E0,19,Roll,True,False,point_status_change,40000,40000,0,0,0,0,0,0,0,0,0,0,0,0,,,,,none,3,0,0,0,False,False,0,0,,,,,,,,,,
2026-07-25T19:10:15Z,1357,P2-C2,P2,0x92EEBA20,1,Ken the Eagle,False,True,recoverable_heal,44000,44000,3927,4007,80,18787,18787,0,14860,14780,-80,0,0,0,,,,,none,4,0,0,0,False,False,0,0,,,,,,,,,,
2026-07-25T19:10:16Z,1358,P2-C2,P2,0x92EEBA20,1,Ken the Eagle,True,True,unknown_health_transition,44000,44000,4007,4139,132,18787,4139,-14648,14780,0,-14780,0,14648,0,,,,,none,4,0,0,0,False,False,0,0,,,,,,,,,,
2026-07-25T19:10:20Z,1360,P2-C2,P2,0x92EEBA20,1,Ken the Eagle,True,True,normal_damage_red_generation,44000,44000,4139,0,-4139,4139,0,-4139,0,0,0,4139,4139,0,2483,1656,-1656,False,medium,4,0,0,0,False,False,0,0,,,,,,,,,,difference can indicate multiple native damage requests between GUI samples
2026-07-25T19:10:50Z,1848,P1-C1,P1,0x9246B9C0,16,Alex,True,False,reserve_full_recovery,54000,54000,49200,54000,4800,49200,54000,4800,0,0,0,0,0,0,,,0,True,medium,5,0,0,0,False,False,1920,0,,,,,,,,,,
2026-07-25T19:10:50Z,1855,P2-C1,P2,0x927EB9E0,18,Volnutt,False,False,fighter_reset_or_reloaded,40000,42000,0,42000,42000,0,42000,42000,0,0,0,0,0,0,,,,,none,4,0,0,0,False,False,0,0,,,,,,,,,,maximum health changed
2026-07-25T19:10:52Z,1870,P2-C2,P2,0x92EEBA20,10,Karas,True,False,fighter_reset_or_reloaded,44000,38000,0,38000,38000,0,38000,38000,0,0,0,0,0,0,,,,,none,3,0,0,0,False,False,0,0,,,,,,,,,,maximum health changed
2026-07-25T19:10:52Z,1876,P1-C1,P1,0x9246B9C0,16,Alex,False,True,point_status_change,54000,54000,54000,54000,0,54000,54000,0,0,0,0,0,0,0,,,,,none,5,0,0,0,False,False,0,0,,,,,,,,,,
2026-07-25T19:10:52Z,1876,P2-C1,P2,0x927EB9E0,18,Volnutt,False,True,point_status_change,42000,42000,42000,42000,0,42000,42000,0,0,0,0,0,0,0,,,,,none,4,0,0,0,False,False,0,0,,,,,,,,,,
2026-07-25T19:11:02Z,1891,P1-C1,P1,0x9246B9C0,16,Alex,True,True,normal_damage_red_generation,54000,54000,54000,48400,-5600,54000,50640,-3360,0,2240,2240,5600,3360,2240,3360,2240,0,True,medium,5,0,0,0,False,False,0,0,,,,,,,,,,
2026-07-25T19:11:07Z,1892,P2-C1,P2,0x927EB9E0,18,Volnutt,True,True,normal_damage_red_generation,42000,42000,42000,31255,-10745,42000,35554,-6446,0,4299,4299,10745,6446,4299,6447,4298,1,False,medium,4,0,0,0,False,False,0,0,,,,,,,,,,difference can indicate multiple native damage requests between GUI samples
2026-07-25T19:11:09Z,1893,P2-C1,P2,0x927EB9E0,18,Volnutt,True,True,normal_damage_red_generation,42000,42000,31255,21534,-9721,35554,29723,-5831,4299,8189,3890,9721,5831,3890,5832,3889,1,False,medium,4,0,0,0,False,False,0,0,,,,,,,,,,difference can indicate multiple native damage requests between GUI samples
2026-07-25T19:11:11Z,1894,P1-C1,P1,0x9246B9C0,16,Alex,True,True,baroque_consume,54000,54000,48400,48400,0,50640,48400,-2240,2240,0,-2240,0,2240,0,,-2240,0,True,high,5,0,0,0,False,False,0,2240,,,,,,,,,,
2026-07-25T19:11:11Z,1894,P2-C1,P2,0x927EB9E0,18,Volnutt,True,False,normal_damage_red_generation,42000,42000,21534,15107,-6427,29723,25868,-3855,8189,10761,2572,6427,3855,2572,3856,2571,1,False,medium,4,4,0,0,False,False,0,0,,,,,,,,,,difference can indicate multiple native damage requests between GUI samples
2026-07-25T19:11:11Z,1894,P2-C2,P2,0x92EEBA20,10,Karas,False,True,point_status_change,38000,38000,38000,38000,0,38000,38000,0,0,0,0,0,0,0,,,,,none,3,0,0,0,False,False,0,0,,,,,,,,,,
2026-07-25T19:11:16Z,1895,P1-C1,P1,0x9246B9C0,16,Alex,True,True,normal_damage_red_generation,54000,54000,48400,43600,-4800,48400,45520,-2880,0,1920,1920,4800,2880,1920,2880,1920,0,True,medium,5,0,0,0,False,False,2240,2240,,,,,,,,,,
2026-07-25T19:11:16Z,1895,P1-C2,P1,0x92B6BA00,21,Soki,False,True,point_status_change,52000,52000,52000,52000,0,52000,52000,0,0,0,0,0,0,0,,,,,none,5,0,0,0,False,False,0,0,,,,,,,,,,
2026-07-25T19:11:16Z,1895,P2-C1,P2,0x927EB9E0,18,Volnutt,False,False,reserve_recovery,42000,42000,15107,16003,896,25868,25868,0,10761,9865,-896,0,0,0,,,0,True,medium,4,4,0,0,False,False,0,0,,,,,,,,,,
2026-07-25T19:11:16Z,1895,P2-C2,P2,0x92EEBA20,10,Karas,True,True,normal_damage_red_generation,38000,38000,38000,34808,-3192,38000,36086,-1914,0,1278,1278,3192,1914,1278,1915,1277,1,False,medium,3,0,0,0,False,False,0,0,,,,,,,,,,difference can indicate multiple native damage requests between GUI samples
2026-07-25T19:11:18Z,1896,P2-C1,P2,0x927EB9E0,18,Volnutt,False,False,reserve_recovery,42000,42000,16003,16399,396,25868,25868,0,9865,9469,-396,0,0,0,,,0,True,medium,4,4,0,0,False,False,0,0,,,,,,,,,,
2026-07-25T19:11:18Z,1897,P1-C2,P1,0x92B6BA00,21,Soki,True,False,point_status_change,52000,52000,52000,52000,0,52000,52000,0,0,0,0,0,0,0,,,,,none,5,4,0,0,False,False,0,0,,,,,,,,,,
2026-07-25T19:11:18Z,1897,P2-C1,P2,0x927EB9E0,18,Volnutt,False,False,reserve_recovery,42000,42000,16399,16515,116,25868,25868,0,9469,9353,-116,0,0,0,,,0,True,medium,4,4,0,0,False,False,0,0,,,,,,,,,,
2026-07-25T19:11:18Z,1897,P2-C2,P2,0x92EEBA20,10,Karas,True,True,normal_damage_red_generation,38000,38000,34808,33688,-1120,36086,35414,-672,1278,1726,448,1120,672,448,672,448,0,True,medium,3,0,0,0,False,False,0,0,,,,,,,,,,
2026-07-25T19:11:21Z,1898,P2-C1,P2,0x927EB9E0,18,Volnutt,False,False,reserve_recovery,42000,42000,16515,17235,720,25868,25868,0,9353,8633,-720,0,0,0,,,0,True,medium,4,4,0,0,False,False,0,0,,,,,,,,,,
2026-07-25T19:11:21Z,1898,P2-C2,P2,0x92EEBA20,10,Karas,True,True,normal_damage_red_generation,38000,38000,33688,21470,-12218,35414,28087,-7327,1726,6617,4891,12218,7327,4891,7330,4888,3,False,medium,3,0,0,0,False,False,0,0,,,,,,,,,,difference can indicate multiple native damage requests between GUI samples
2026-07-25T19:11:25Z,1899,P2-C1,P2,0x927EB9E0,18,Volnutt,False,False,reserve_recovery,42000,42000,17235,18207,972,25868,25868,0,8633,7661,-972,0,0,0,,,0,True,medium,4,4,0,0,False,False,0,0,,,,,,,,,,
2026-07-25T19:11:25Z,1899,P2-C2,P2,0x92EEBA20,10,Karas,True,True,normal_damage_red_generation,38000,38000,21470,11244,-10226,28087,21952,-6135,6617,10708,4091,10226,6135,4091,6135,4091,0,True,medium,3,0,0,0,False,False,0,0,,,,,,,,,,
2026-07-25T19:11:26Z,1900,P1-C2,P1,0x92B6BA00,21,Soki,False,True,point_status_change,52000,52000,52000,52000,0,52000,52000,0,0,0,0,0,0,0,,,,,none,5,0,0,0,False,False,0,0,,,,,,,,,,
2026-07-25T19:11:26Z,1900,P2-C1,P2,0x927EB9E0,18,Volnutt,False,False,reserve_recovery,42000,42000,18207,18327,120,25868,25868,0,7661,7541,-120,0,0,0,,,0,True,medium,4,4,0,0,False,False,0,0,,,,,,,,,,
2026-07-25T19:11:26Z,1900,P2-C2,P2,0x92EEBA20,10,Karas,True,True,normal_damage_red_generation,38000,38000,11244,8631,-2613,21952,20385,-1567,10708,11754,1046,2613,1567,1046,1567,1046,0,True,medium,3,0,0,0,False,False,0,0,,,,,,,,,,
2026-07-25T19:11:28Z,1901,P2-C1,P2,0x927EB9E0,18,Volnutt,False,False,reserve_recovery,42000,42000,18327,18747,420,25868,25868,0,7541,7121,-420,0,0,0,,,0,True,medium,4,4,0,0,False,False,0,0,,,,,,,,,,
2026-07-25T19:11:28Z,1902,P2-C1,P2,0x927EB9E0,18,Volnutt,False,False,reserve_recovery,42000,42000,18747,18887,140,25868,25868,0,7121,6981,-140,0,0,0,,,0,True,medium,4,4,0,0,False,False,0,0,,,,,,,,,,
2026-07-25T19:11:28Z,1902,P2-C2,P2,0x92EEBA20,10,Karas,True,True,normal_damage_red_generation,38000,38000,8631,6071,-2560,20385,18849,-1536,11754,12778,1024,2560,1536,1024,1536,1024,0,True,medium,3,0,0,0,False,False,0,0,,,,,,,,,,
2026-07-25T19:11:28Z,1903,P1-C2,P1,0x92B6BA00,21,Soki,True,False,point_status_change,52000,52000,52000,52000,0,52000,52000,0,0,0,0,0,0,0,,,,,none,5,4,0,0,False,False,0,0,,,,,,,,,,
2026-07-25T19:11:28Z,1903,P2-C1,P2,0x927EB9E0,18,Volnutt,False,True,recoverable_heal,42000,42000,18887,18983,96,25868,25868,0,6981,6885,-96,0,0,0,,,,,none,4,0,0,0,False,False,0,0,,,,,,,,,,
2026-07-25T19:11:28Z,1903,P2-C2,P2,0x92EEBA20,10,Karas,True,False,point_status_change,38000,38000,6071,6071,0,18849,18849,0,12778,12778,0,0,0,0,,,,,none,3,4,0,0,False,False,0,0,,,,,,,,,,
2026-07-25T19:11:34Z,1904,P1-C1,P1,0x9246B9C0,16,Alex,True,True,baroque_consume,54000,54000,43600,43600,0,45520,43600,-1920,1920,0,-1920,0,1920,0,,-1920,0,True,high,5,0,0,0,False,False,2240,1920,P2-C1,18,Volnutt,267,j.C,0,1280,0x0000000A,0x00000042,
2026-07-25T19:11:34Z,1904,P2-C1,P2,0x927EB9E0,18,Volnutt,True,True,normal_damage_red_generation,42000,42000,18983,6695,-12288,25868,11673,-14195,6885,4978,-1907,12288,14195,0,7372,4916,-4916,False,medium,4,0,0,0,False,False,0,0,,,,,,,,,,difference can indicate multiple native damage requests between GUI samples
2026-07-25T19:11:34Z,1904,P2-C2,P2,0x92EEBA20,10,Karas,False,False,reserve_recovery,38000,38000,6071,6923,852,18849,18849,0,12778,11926,-852,0,0,0,,,0,True,medium,3,4,0,0,False,False,0,0,,,,,,,,,,
2026-07-25T19:11:34Z,1905,P2-C2,P2,0x92EEBA20,10,Karas,False,False,reserve_recovery,38000,38000,6923,7067,144,18849,18849,0,11926,11782,-144,0,0,0,,,0,True,medium,3,4,0,0,False,False,0,0,,,,,,,,,,
2026-07-25T19:11:36Z,1906,P1-C1,P1,0x9246B9C0,16,Alex,True,True,normal_damage_red_generation,54000,54000,43600,41708,-1892,43600,42466,-1134,0,758,758,1892,1134,758,1135,757,1,False,medium,5,0,0,0,False,False,1920,1920,P2-C1,18,Volnutt,21,jump forward,0,1280,0x0000000A,0x00000042,difference can indicate multiple native damage requests between GUI samples
2026-07-25T19:11:36Z,1906,P2-C1,P2,0x927EB9E0,18,Volnutt,True,True,normal_damage_red_generation,42000,42000,6695,2714,-3981,11673,9285,-2388,4978,6571,1593,3981,2388,1593,2388,1593,0,True,medium,4,0,0,0,False,False,0,0,,,,,,,,,,
2026-07-25T19:11:36Z,1906,P2-C2,P2,0x92EEBA20,10,Karas,False,False,reserve_recovery,38000,38000,7067,7495,428,18849,18849,0,11782,11354,-428,0,0,0,,,2,False,medium,3,4,0,0,False,False,0,0,,,,,,,,,,
2026-07-25T19:11:41Z,1907,P1-C1,P1,0x9246B9C0,16,Alex,True,True,normal_damage_red_generation,54000,54000,41708,40268,-1440,42466,41602,-864,758,1334,576,1440,864,576,864,576,0,True,medium,5,0,0,0,False,False,1920,1920,P2-C1,18,Volnutt,21,jump forward,0,1280,0x0000000A,0x00000042,
2026-07-25T19:11:41Z,1907,P1-C2,P1,0x92B6BA00,21,Soki,False,True,point_status_change,52000,52000,52000,52000,0,52000,52000,0,0,0,0,0,0,0,,,,,none,5,0,0,0,False,False,0,0,P2-C1,18,Volnutt,21,jump forward,0,1280,0x0000000A,0x00000042,
2026-07-25T19:11:41Z,1907,P2-C1,P2,0x927EB9E0,18,Volnutt,True,True,normal_damage_red_generation,42000,42000,2714,0,-2714,9285,0,-9285,6571,0,-6571,2714,9285,0,1628,1086,-1086,False,medium,4,0,0,0,False,False,0,0,,,,,,,,,,difference can indicate multiple native damage requests between GUI samples
2026-07-25T19:11:41Z,1907,P2-C2,P2,0x92EEBA20,10,Karas,False,False,reserve_recovery,38000,38000,7495,8599,1104,18849,18849,0,11354,10250,-1104,0,0,0,,,0,True,medium,3,4,0,0,False,False,0,0,,,,,,,,,,
2026-07-25T19:11:42Z,1908,P1-C2,P1,0x92B6BA00,21,Soki,True,False,point_status_change,52000,52000,52000,52000,0,52000,52000,0,0,0,0,0,0,0,,,,,none,5,4,0,0,False,False,0,0,P2-C1,18,Volnutt,21,jump forward,0,1280,0x0000000A,0x00000042,
2026-07-25T19:11:42Z,1908,P2-C2,P2,0x92EEBA20,10,Karas,False,False,reserve_recovery,38000,38000,8599,8779,180,18849,18849,0,10250,10070,-180,0,0,0,,,0,True,medium,3,4,0,0,False,False,0,0,,,,,,,,,,
2026-07-25T19:11:43Z,1909,P2-C2,P2,0x92EEBA20,10,Karas,False,False,reserve_recovery,38000,38000,8779,8931,152,18849,18849,0,10070,9918,-152,0,0,0,,,2,False,medium,3,4,0,0,False,False,0,0,,,,,,,,,,
2026-07-25T19:11:44Z,1910,P2-C1,P2,0x927EB9E0,18,Volnutt,True,False,point_status_change,42000,42000,0,0,0,0,0,0,0,0,0,0,0,0,,,,,none,4,0,0,0,False,False,0,0,,,,,,,,,,
2026-07-25T19:11:44Z,1910,P2-C2,P2,0x92EEBA20,10,Karas,False,True,normal_damage_red_generation,38000,38000,8931,7280,-1651,18849,7980,-10869,9918,700,-9218,1651,10869,0,990,661,-661,False,medium,3,0,0,0,False,False,0,0,,,,,,,,,,difference can indicate multiple native damage requests between GUI samples
2026-07-25T19:11:45Z,1911,P2-C2,P2,0x92EEBA20,10,Karas,True,True,normal_damage_red_generation,38000,38000,7280,3425,-3855,7980,5668,-2312,700,2243,1543,3855,2312,1543,2313,1542,1,False,medium,3,0,0,0,False,False,0,0,,,,,,,,,,difference can indicate multiple native damage requests between GUI samples
2026-07-25T19:11:45Z,1913,P2-C2,P2,0x92EEBA20,10,Karas,True,True,normal_damage_red_generation,38000,38000,3425,1590,-1835,5668,4567,-1101,2243,2977,734,1835,1101,734,1101,734,0,True,medium,3,0,0,0,False,False,0,0,,,,,,,,,,
2026-07-25T19:11:46Z,1918,P2-C2,P2,0x92EEBA20,10,Karas,True,True,normal_damage_red_generation,38000,38000,1590,385,-1205,4567,3844,-723,2977,3459,482,1205,723,482,723,482,0,True,medium,3,0,0,0,False,False,0,0,,,,,,,,,,
2026-07-25T19:11:46Z,1919,P2-C2,P2,0x92EEBA20,10,Karas,True,True,normal_damage_red_generation,38000,38000,385,0,-385,3844,0,-3844,3459,0,-3459,385,3844,0,231,154,-154,False,medium,3,0,0,0,False,False,0,0,,,,,,,,,,difference can indicate multiple native damage requests between GUI samples
2026-07-25T19:12:00Z,2110,P1-C1,P1,0x9246B9C0,12,Ryu,True,True,fighter_reset_or_reloaded,54000,48000,40268,43200,2932,41602,48000,6398,1334,4800,3466,0,0,3466,,,,,none,4,500,0,1,False,False,1920,0,,,,,,,,,,maximum health changed
2026-07-25T19:12:00Z,2110,P1-C2,P1,0x92B6BA00,13,Chun-Li,False,False,fighter_reset_or_reloaded,52000,46000,52000,46000,-6000,52000,46000,-6000,0,0,0,6000,6000,0,,,,,none,4,4,0,0,False,False,0,0,,,,,,,,,,maximum health changed
2026-07-25T19:12:00Z,2110,P2-C1,P2,0x927EB9E0,1,Ken the Eagle,False,True,fighter_reset_or_reloaded,42000,44000,0,44000,44000,0,44000,44000,0,0,0,0,0,0,,,,,none,4,0,0,0,False,False,0,0,,,,,,,,,,maximum health changed
2026-07-25T19:12:00Z,2110,P2-C2,P2,0x92EEBA20,8,Jun the Swan,True,False,fighter_reset_or_reloaded,38000,44000,0,44000,44000,0,44000,44000,0,0,0,0,0,0,,,,,none,4,4,0,0,False,False,0,0,,,,,,,,,,maximum health changed
2026-07-25T19:12:19Z,2271,P2-C1,P2,0x927EB9E0,1,Ken the Eagle,True,True,normal_damage_red_generation,44000,44000,44000,41520,-2480,44000,42512,-1488,0,992,992,2480,1488,992,1488,992,0,True,medium,4,0,0,0,False,False,0,0,,,,,,,,,,
2026-07-25T19:12:20Z,2284,P2-C1,P2,0x927EB9E0,1,Ken the Eagle,True,True,mixed_heal,44000,44000,41520,43020,1500,42512,43020,508,992,0,-992,0,0,0,,,,,none,4,500,0,1,False,False,0,0,,,,,,,,,,
2026-07-25T19:12:20Z,2285,P2-C1,P2,0x927EB9E0,1,Ken the Eagle,True,True,full_health_reset,44000,44000,43020,44000,980,43020,44000,980,0,0,0,0,0,0,,,,,none,4,0,0,0,False,False,0,0,,,,,,,,,,
2026-07-25T19:12:34Z,2390,P2-C1,P2,0x927EB9E0,1,Ken the Eagle,True,True,normal_damage_red_generation,44000,44000,44000,41520,-2480,44000,42512,-1488,0,992,992,2480,1488,992,1488,992,0,True,medium,4,0,0,0,False,False,0,0,,,,,,,,,,
2026-07-25T19:12:35Z,2394,P2-C1,P2,0x927EB9E0,1,Ken the Eagle,True,True,normal_damage_red_generation,44000,44000,41520,39040,-2480,42512,41024,-1488,992,1984,992,2480,1488,992,1488,992,0,True,medium,4,0,0,0,False,False,0,0,,,,,,,,,,
2026-07-25T19:12:36Z,2404,P2-C1,P2,0x927EB9E0,1,Ken the Eagle,True,True,full_health_reset,44000,44000,39040,44000,4960,41024,44000,2976,1984,0,-1984,0,0,0,,,,,none,4,0,0,0,False,False,0,0,,,,,,,,,,
2026-07-25T19:12:44Z,2469,P1-C2,P1,0x92B6BA00,13,Chun-Li,False,True,point_status_change,46000,46000,46000,46000,0,46000,46000,0,0,0,0,0,0,0,,,,,none,4,0,0,0,False,False,0,0,,,,,,,,,,
2026-07-25T19:12:44Z,2471,P2-C1,P2,0x927EB9E0,1,Ken the Eagle,True,True,normal_damage_red_generation,44000,44000,44000,43000,-1000,44000,43400,-600,0,400,400,1000,600,400,600,400,0,True,medium,4,0,0,0,False,False,0,0,,,,,,,,,,
2026-07-25T19:12:45Z,2472,P2-C1,P2,0x927EB9E0,1,Ken the Eagle,True,True,normal_damage_red_generation,44000,44000,43000,41984,-1016,43400,42791,-609,400,807,407,1016,609,407,609,407,0,True,medium,4,0,0,0,False,False,0,0,,,,,,,,,,
2026-07-25T19:12:45Z,2473,P2-C1,P2,0x927EB9E0,1,Ken the Eagle,True,True,normal_damage_red_generation,44000,44000,41984,41002,-982,42791,42202,-589,807,1200,393,982,589,393,589,393,0,True,medium,4,0,0,0,False,False,0,0,,,,,,,,,,
2026-07-25T19:12:46Z,2481,P1-C2,P1,0x92B6BA00,13,Chun-Li,True,False,point_status_change,46000,46000,46000,46000,0,46000,46000,0,0,0,0,0,0,0,,,,,none,4,4,0,0,False,False,0,0,,,,,,,,,,
2026-07-25T19:12:47Z,2482,P2-C1,P2,0x927EB9E0,1,Ken the Eagle,True,True,full_health_reset,44000,44000,41002,44000,2998,42202,44000,1798,1200,0,-1200,0,0,0,,,,,none,4,0,0,0,False,False,0,0,,,,,,,,,,
2026-07-25T19:13:02Z,2604,P1-C2,P1,0x92B6BA00,13,Chun-Li,False,True,point_status_change,46000,46000,46000,46000,0,46000,46000,0,0,0,0,0,0,0,,,,,none,4,4,0,0,False,False,0,0,,,,,,,,,,
2026-07-25T19:13:04Z,2616,P1-C2,P1,0x92B6BA00,13,Chun-Li,True,False,point_status_change,46000,46000,46000,46000,0,46000,46000,0,0,0,0,0,0,0,,,,,none,4,4,0,0,False,False,0,0,,,,,,,,,,
2026-07-25T19:23:50Z,303,P2-C1,P2,0x927EB9E0,1,Ken the Eagle,True,True,normal_damage_red_generation,44000,44000,44000,43200,-800,44000,43520,-480,0,320,320,800,480,320,480,320,0,True,medium,4,0,0,0,False,False,0,0,,,,,,,,,,
2026-07-25T19:23:50Z,304,P2-C1,P2,0x927EB9E0,1,Ken the Eagle,True,True,normal_damage_red_generation,44000,44000,43200,41832,-1368,43520,42700,-820,320,868,548,1368,820,548,820,548,0,True,medium,4,0,0,0,False,False,0,0,,,,,,,,,,
2026-07-25T19:23:50Z,305,P2-C1,P2,0x927EB9E0,1,Ken the Eagle,True,True,normal_damage_red_generation,44000,44000,41832,40608,-1224,42700,41966,-734,868,1358,490,1224,734,490,734,490,0,True,medium,4,0,0,0,False,False,0,0,,,,,,,,,,
2026-07-25T19:23:51Z,308,P2-C1,P2,0x927EB9E0,1,Ken the Eagle,True,True,normal_damage_red_generation,44000,44000,40608,38500,-2108,41966,40702,-1264,1358,2202,844,2108,1264,844,1264,844,0,True,medium,4,0,0,0,False,False,0,0,,,,,,,,,,
2026-07-25T19:23:51Z,310,P2-C1,P2,0x927EB9E0,1,Ken the Eagle,True,True,normal_damage_red_generation,44000,44000,38500,36773,-1727,40702,39666,-1036,2202,2893,691,1727,1036,691,1036,691,0,True,medium,4,0,0,0,False,False,0,0,,,,,,,,,,
2026-07-25T19:23:52Z,313,P1-C1,P1,0x9246B9C0,12,Ryu,True,True,ceiling_loss,48000,48000,43200,43200,0,48000,43700,-4300,4800,500,-4300,0,4300,0,,,,,none,4,0,0,0,False,True,0,4800,,,,,,,,,,
2026-07-25T19:23:52Z,313,P2-C1,P2,0x927EB9E0,1,Ken the Eagle,True,True,normal_damage_red_generation,44000,44000,36773,34674,-2099,39666,38407,-1259,2893,3733,840,2099,1259,840,1259,840,0,True,high,4,0,0,0,False,False,0,0,P1-C1,12,Ryu,1,idle,0,100,0x00000009,0x00000040,
2026-07-25T19:23:52Z,317,P1-C1,P1,0x9246B9C0,12,Ryu,True,True,baroque_status_change,48000,48000,43200,43200,0,43700,43700,0,500,500,0,0,0,0,,,,,none,4,0,0,0,True,False,4800,4800,,,,,,,,,,
2026-07-25T19:23:53Z,318,P1-C1,P1,0x9246B9C0,12,Ryu,True,True,recoverable_ceiling_gain,48000,48000,43200,43200,0,43700,48000,4300,500,4800,4300,0,0,4300,,,,,none,4,0,0,0,False,False,4800,4800,,,,,,,,,,
2026-07-25T19:23:53Z,325,P2-C1,P2,0x927EB9E0,1,Ken the Eagle,True,True,recoverable_heal,44000,44000,34674,37674,3000,38407,38407,0,3733,733,-3000,0,0,0,,,,,none,4,500,0,1,False,False,0,0,,,,,,,,,,
2026-07-25T19:23:53Z,326,P2-C1,P2,0x927EB9E0,1,Ken the Eagle,True,True,mixed_heal,44000,44000,37674,40674,3000,38407,40674,2267,733,0,-733,0,0,0,,,,,none,4,500,0,1,False,False,0,0,,,,,,,,,,
2026-07-25T19:23:54Z,327,P2-C1,P2,0x927EB9E0,1,Ken the Eagle,True,True,current_and_ceiling_heal,44000,44000,40674,43174,2500,40674,43174,2500,0,0,0,0,0,0,,,,,none,4,500,0,1,False,False,0,0,,,,,,,,,,
2026-07-25T19:23:54Z,328,P2-C1,P2,0x927EB9E0,1,Ken the Eagle,True,True,full_health_reset,44000,44000,43174,44000,826,43174,44000,826,0,0,0,0,0,0,,,,,none,4,0,0,0,False,False,0,0,,,,,,,,,,
2026-07-25T19:23:55Z,340,P2-C1,P2,0x927EB9E0,1,Ken the Eagle,True,True,normal_damage_red_generation,44000,44000,44000,43200,-800,44000,43520,-480,0,320,320,800,480,320,480,320,0,True,medium,4,0,0,0,False,False,0,0,,,,,,,,,,
2026-07-25T19:23:55Z,341,P2-C1,P2,0x927EB9E0,1,Ken the Eagle,True,True,normal_damage_red_generation,44000,44000,43200,41832,-1368,43520,42700,-820,320,868,548,1368,820,548,820,548,0,True,medium,4,0,0,0,False,False,0,0,,,,,,,,,,
2026-07-25T19:23:56Z,342,P2-C1,P2,0x927EB9E0,1,Ken the Eagle,True,True,normal_damage_red_generation,44000,44000,41832,40608,-1224,42700,41966,-734,868,1358,490,1224,734,490,734,490,0,True,medium,4,0,0,0,False,False,0,0,,,,,,,,,,
2026-07-25T19:23:56Z,344,P2-C1,P2,0x927EB9E0,1,Ken the Eagle,True,True,normal_damage_red_generation,44000,44000,40608,38500,-2108,41966,40702,-1264,1358,2202,844,2108,1264,844,1264,844,0,True,medium,4,0,0,0,False,False,0,0,,,,,,,,,,
2026-07-25T19:23:56Z,346,P2-C1,P2,0x927EB9E0,1,Ken the Eagle,True,True,normal_damage_red_generation,44000,44000,38500,36773,-1727,40702,39666,-1036,2202,2893,691,1727,1036,691,1036,691,0,True,medium,4,0,0,0,False,False,0,0,,,,,,,,,,
2026-07-25T19:23:58Z,361,P2-C1,P2,0x927EB9E0,1,Ken the Eagle,True,True,mixed_heal,44000,44000,36773,39773,3000,39666,39773,107,2893,0,-2893,0,0,0,,,,,none,4,500,0,1,False,False,0,0,,,,,,,,,,
2026-07-25T19:23:58Z,362,P2-C1,P2,0x927EB9E0,1,Ken the Eagle,True,True,full_health_reset,44000,44000,39773,44000,4227,39773,44000,4227,0,0,0,0,0,0,,,,,none,4,0,0,0,False,False,0,0,,,,,,,,,,
2026-07-25T19:24:18Z,554,P2-C1,P2,0x927EB9E0,1,Ken the Eagle,True,True,normal_damage_red_generation,44000,44000,44000,41520,-2480,44000,42512,-1488,0,992,992,2480,1488,992,1488,992,0,True,medium,4,0,0,0,False,False,0,0,,,,,,,,,,
2026-07-25T19:24:19Z,559,P2-C1,P2,0x927EB9E0,1,Ken the Eagle,True,True,normal_damage_red_generation,44000,44000,41520,39040,-2480,42512,41024,-1488,992,1984,992,2480,1488,992,1488,992,0,True,medium,4,0,0,0,False,False,0,0,,,,,,,,,,
2026-07-25T19:24:20Z,570,P2-C1,P2,0x927EB9E0,1,Ken the Eagle,True,True,recoverable_heal,44000,44000,39040,40040,1000,41024,41024,0,1984,984,-1000,0,0,0,,,,,none,4,500,0,1,False,False,0,0,,,,,,,,,,
2026-07-25T19:24:21Z,571,P2-C1,P2,0x927EB9E0,1,Ken the Eagle,True,True,full_health_reset,44000,44000,40040,44000,3960,41024,44000,2976,984,0,-984,0,0,0,,,,,none,4,0,0,0,False,False,0,0,,,,,,,,,,
2026-07-25T19:25:34Z,1278,P1-C1,P1,0x9246B9C0,12,Ryu,True,True,recoverable_heal,48000,48000,43200,43700,500,48000,48000,0,4800,4300,-500,0,0,0,,,,,none,4,500,0,1,False,False,4800,4800,,,,,,,,,,
2026-07-25T19:25:34Z,1279,P1-C1,P1,0x9246B9C0,12,Ryu,True,True,current_only_damage_or_cost,48000,48000,43700,43200,-500,48000,48000,0,4300,4800,500,500,0,500,,500,0,True,medium,4,500,0,1,False,False,4800,4800,,,,,,,,,,
2026-07-25T19:25:57Z,1485,P2-C1,P2,0x927EB9E0,1,Ken the Eagle,True,True,normal_damage_red_generation,44000,44000,44000,43200,-800,44000,43520,-480,0,320,320,800,480,320,480,320,0,True,medium,4,0,0,0,False,False,0,0,,,,,,,,,,
2026-07-25T19:25:58Z,1489,P2-C1,P2,0x927EB9E0,1,Ken the Eagle,True,True,normal_damage_red_generation,44000,44000,43200,42400,-800,43520,43040,-480,320,640,320,800,480,320,480,320,0,True,medium,4,0,0,0,False,False,0,0,,,,,,,,,,
2026-07-25T19:25:58Z,1490,P2-C1,P2,0x927EB9E0,1,Ken the Eagle,True,True,normal_damage_red_generation,44000,44000,42400,41032,-1368,43040,42220,-820,640,1188,548,1368,820,548,820,548,0,True,medium,4,0,0,0,False,False,0,0,,,,,,,,,,
2026-07-25T19:25:58Z,1491,P2-C1,P2,0x927EB9E0,1,Ken the Eagle,True,True,normal_damage_red_generation,44000,44000,41032,39808,-1224,42220,41486,-734,1188,1678,490,1224,734,490,734,490,0,True,medium,4,0,0,0,False,False,0,0,,,,,,,,,,
2026-07-25T19:25:59Z,1493,P2-C1,P2,0x927EB9E0,1,Ken the Eagle,True,True,normal_damage_red_generation,44000,44000,39808,37700,-2108,41486,40222,-1264,1678,2522,844,2108,1264,844,1264,844,0,True,medium,4,0,0,0,False,False,0,0,,,,,,,,,,
2026-07-25T19:25:59Z,1494,P2-C1,P2,0x927EB9E0,1,Ken the Eagle,True,True,normal_damage_red_generation,44000,44000,37700,35781,-1919,40222,39071,-1151,2522,3290,768,1919,1151,768,1151,768,0,True,medium,4,0,0,0,False,False,0,0,,,,,,,,,,
2026-07-25T19:26:00Z,1497,P2-C1,P2,0x927EB9E0,1,Ken the Eagle,True,True,normal_damage_red_generation,44000,44000,35781,34118,-1663,39071,38074,-997,3290,3956,666,1663,997,666,997,666,0,True,medium,4,0,0,0,False,False,0,0,,,,,,,,,,
2026-07-25T19:26:00Z,1499,P2-C1,P2,0x927EB9E0,1,Ken the Eagle,True,True,normal_damage_red_generation,44000,44000,34118,32147,-1971,38074,36892,-1182,3956,4745,789,1971,1182,789,1182,789,0,True,medium,4,0,0,0,False,False,0,0,,,,,,,,,,
2026-07-25T19:26:01Z,1506,P2-C1,P2,0x927EB9E0,1,Ken the Eagle,True,True,normal_damage_red_generation,44000,44000,32147,31603,-544,36892,36566,-326,4745,4963,218,544,326,218,326,218,0,True,medium,4,0,0,0,False,False,0,0,,,,,,,,,,
2026-07-25T19:26:02Z,1507,P2-C1,P2,0x927EB9E0,1,Ken the Eagle,True,True,normal_damage_red_generation,44000,44000,31603,30689,-914,36566,36018,-548,4963,5329,366,914,548,366,548,366,0,True,medium,4,0,0,0,False,False,0,0,,,,,,,,,,
2026-07-25T19:26:02Z,1508,P2-C1,P2,0x927EB9E0,1,Ken the Eagle,True,True,normal_damage_red_generation,44000,44000,30689,29895,-794,36018,35542,-476,5329,5647,318,794,476,318,476,318,0,True,medium,4,0,0,0,False,False,0,0,,,,,,,,,,
2026-07-25T19:26:02Z,1509,P2-C1,P2,0x927EB9E0,1,Ken the Eagle,True,True,normal_damage_red_generation,44000,44000,29895,28578,-1317,35542,34752,-790,5647,6174,527,1317,790,527,790,527,0,True,medium,4,0,0,0,False,False,0,0,,,,,,,,,,
2026-07-25T19:26:03Z,1517,P2-C1,P2,0x927EB9E0,1,Ken the Eagle,True,True,normal_damage_red_generation,44000,44000,28578,26098,-2480,34752,33264,-1488,6174,7166,992,2480,1488,992,1488,992,0,True,medium,4,0,0,0,False,False,0,0,,,,,,,,,,
2026-07-25T19:26:05Z,1529,P2-C1,P2,0x927EB9E0,1,Ken the Eagle,True,True,recoverable_heal,44000,44000,26098,29598,3500,33264,33264,0,7166,3666,-3500,0,0,0,,,,,none,4,500,0,1,False,False,0,0,,,,,,,,,,
2026-07-25T19:26:05Z,1530,P2-C1,P2,0x927EB9E0,1,Ken the Eagle,True,True,mixed_heal,44000,44000,29598,39098,9500,33264,39098,5834,3666,0,-3666,0,0,0,,,,,none,4,500,0,1,False,False,0,0,,,,,,,,,,
2026-07-25T19:26:05Z,1531,P2-C1,P2,0x927EB9E0,1,Ken the Eagle,True,True,current_and_ceiling_heal,44000,44000,39098,42098,3000,39098,42098,3000,0,0,0,0,0,0,,,,,none,4,500,0,1,False,False,0,0,,,,,,,,,,
2026-07-25T19:26:05Z,1532,P2-C1,P2,0x927EB9E0,1,Ken the Eagle,True,True,full_health_reset,44000,44000,42098,44000,1902,42098,44000,1902,0,0,0,0,0,0,,,,,none,4,0,0,0,False,False,0,0,,,,,,,,,,
2026-07-25T19:26:07Z,1543,P2-C1,P2,0x927EB9E0,1,Ken the Eagle,True,True,normal_damage_red_generation,44000,44000,44000,41440,-2560,44000,42464,-1536,0,1024,1024,2560,1536,1024,1536,1024,0,True,medium,4,0,0,0,False,False,0,0,,,,,,,,,,
2026-07-25T19:26:07Z,1545,P2-C1,P2,0x927EB9E0,1,Ken the Eagle,True,True,normal_damage_red_generation,44000,44000,41440,40680,-760,42464,42008,-456,1024,1328,304,760,456,304,456,304,0,True,medium,4,0,0,0,False,False,0,0,,,,,,,,,,
2026-07-25T19:26:07Z,1546,P2-C1,P2,0x927EB9E0,1,Ken the Eagle,True,True,normal_damage_red_generation,44000,44000,40680,39384,-1296,42008,41231,-777,1328,1847,519,1296,777,519,777,519,0,True,medium,4,0,0,0,False,False,0,0,,,,,,,,,,
2026-07-25T19:26:08Z,1547,P2-C1,P2,0x927EB9E0,1,Ken the Eagle,True,True,normal_damage_red_generation,44000,44000,39384,38228,-1156,41231,40538,-693,1847,2310,463,1156,693,463,693,463,0,True,medium,4,0,0,0,False,False,0,0,,,,,,,,,,
2026-07-25T19:26:08Z,1548,P2-C1,P2,0x927EB9E0,1,Ken the Eagle,True,True,normal_damage_red_generation,44000,44000,38228,36245,-1983,40538,39349,-1189,2310,3104,794,1983,1189,794,1189,794,0,True,medium,4,0,0,0,False,False,0,0,,,,,,,,,,
2026-07-25T19:26:08Z,1549,P2-C1,P2,0x927EB9E0,1,Ken the Eagle,True,True,normal_damage_red_generation,44000,44000,36245,34446,-1799,39349,38270,-1079,3104,3824,720,1799,1079,720,1079,720,0,True,medium,4,0,0,0,False,False,0,0,,,,,,,,,,
2026-07-25T19:26:09Z,1551,P2-C1,P2,0x927EB9E0,1,Ken the Eagle,True,True,normal_damage_red_generation,44000,44000,34446,32894,-1552,38270,37339,-931,3824,4445,621,1552,931,621,931,621,0,True,medium,4,0,0,0,False,False,0,0,,,,,,,,,,
2026-07-25T19:26:09Z,1554,P2-C1,P2,0x927EB9E0,1,Ken the Eagle,True,True,normal_damage_red_generation,44000,44000,32894,31063,-1831,37339,36241,-1098,4445,5178,733,1831,1098,733,1098,733,0,True,medium,4,0,0,0,False,False,0,0,,,,,,,,,,
2026-07-25T19:26:10Z,1560,P2-C1,P2,0x927EB9E0,1,Ken the Eagle,True,True,normal_damage_red_generation,44000,44000,31063,30561,-502,36241,35940,-301,5178,5379,201,502,301,201,301,201,0,True,medium,4,0,0,0,False,False,0,0,,,,,,,,,,
2026-07-25T19:26:11Z,1561,P2-C1,P2,0x927EB9E0,1,Ken the Eagle,True,True,normal_damage_red_generation,44000,44000,30561,29335,-1226,35940,35205,-735,5379,5870,491,1226,735,491,735,491,0,True,medium,4,0,0,0,False,False,0,0,,,,,,,,,,
2026-07-25T19:26:11Z,1563,P2-C1,P2,0x927EB9E0,1,Ken the Eagle,True,True,normal_damage_red_generation,44000,44000,29335,28691,-644,35205,34819,-386,5870,6128,258,644,386,258,386,258,0,True,medium,4,0,0,0,False,False,0,0,,,,,,,,,,
2026-07-25T19:26:12Z,1564,P2-C1,P2,0x927EB9E0,1,Ken the Eagle,True,True,normal_damage_red_generation,44000,44000,28691,27644,-1047,34819,34191,-628,6128,6547,419,1047,628,419,628,419,0,True,medium,4,0,0,0,False,False,0,0,,,,,,,,,,
2026-07-25T19:26:12Z,1566,P2-C1,P2,0x927EB9E0,1,Ken the Eagle,True,True,normal_damage_red_generation,44000,44000,27644,26745,-899,34191,33652,-539,6547,6907,360,899,539,360,539,360,0,True,medium,4,0,0,0,False,False,0,0,,,,,,,,,,
2026-07-25T19:26:12Z,1568,P2-C1,P2,0x927EB9E0,1,Ken the Eagle,True,True,normal_damage_red_generation,44000,44000,26745,25933,-812,33652,33165,-487,6907,7232,325,812,487,325,487,325,0,True,medium,4,0,0,0,False,False,0,0,,,,,,,,,,
2026-07-25T19:26:13Z,1572,P2-C1,P2,0x927EB9E0,1,Ken the Eagle,True,True,normal_damage_red_generation,44000,44000,25933,25327,-606,33165,32802,-363,7232,7475,243,606,363,243,363,243,0,True,medium,4,0,0,0,False,False,0,0,,,,,,,,,,
2026-07-25T19:26:13Z,1574,P2-C1,P2,0x927EB9E0,1,Ken the Eagle,True,True,normal_damage_red_generation,44000,44000,25327,24720,-607,32802,32438,-364,7475,7718,243,607,364,243,364,243,0,True,medium,4,0,0,0,False,False,0,0,,,,,,,,,,
2026-07-25T19:26:14Z,1577,P2-C1,P2,0x927EB9E0,1,Ken the Eagle,True,True,normal_damage_red_generation,44000,44000,24720,24112,-608,32438,32074,-364,7718,7962,244,608,364,244,364,244,0,True,medium,4,0,0,0,False,False,0,0,,,,,,,,,,
2026-07-25T19:26:14Z,1579,P1-C1,P1,0x9246B9C0,12,Ryu,True,True,baroque_status_change,48000,48000,43200,43200,0,48000,48000,0,4800,4800,0,0,0,0,,,,,none,4,0,0,0,False,True,4800,4800,,,,,,,,,,
2026-07-25T19:26:14Z,1579,P2-C1,P2,0x927EB9E0,1,Ken the Eagle,True,True,normal_damage_red_generation,44000,44000,24112,23503,-609,32074,31709,-365,7962,8206,244,609,365,244,365,244,0,True,medium,4,0,0,0,False,False,0,0,,,,,,,,,,
2026-07-25T19:26:14Z,1580,P1-C1,P1,0x9246B9C0,12,Ryu,True,True,baroque_consume,48000,48000,43200,43200,0,48000,43200,-4800,4800,0,-4800,0,4800,0,,-4800,0,True,high,4,0,0,0,True,True,4800,4800,,,,,,,,,,
2026-07-25T19:26:15Z,1583,P2-C1,P2,0x927EB9E0,1,Ken the Eagle,True,True,normal_damage_red_generation,44000,44000,23503,23207,-296,31709,31532,-177,8206,8325,119,296,177,119,177,119,0,True,medium,4,0,0,0,False,False,0,0,,,,,,,,,,
2026-07-25T19:26:15Z,1584,P2-C1,P2,0x927EB9E0,1,Ken the Eagle,True,True,normal_damage_red_generation,44000,44000,23207,22913,-294,31532,31356,-176,8325,8443,118,294,176,118,176,118,0,True,medium,4,0,0,0,False,False,0,0,,,,,,,,,,
2026-07-25T19:26:15Z,1585,P2-C1,P2,0x927EB9E0,1,Ken the Eagle,True,True,normal_damage_red_generation,44000,44000,22913,22383,-530,31356,31038,-318,8443,8655,212,530,318,212,318,212,0,True,medium,4,0,0,0,False,False,0,0,,,,,,,,,,
2026-07-25T19:26:16Z,1587,P2-C1,P2,0x927EB9E0,1,Ken the Eagle,True,True,normal_damage_red_generation,44000,44000,22383,21484,-899,31038,30499,-539,8655,9015,360,899,539,360,539,360,0,True,medium,4,0,0,0,False,False,0,0,,,,,,,,,,
2026-07-25T19:26:16Z,1590,P2-C1,P2,0x927EB9E0,1,Ken the Eagle,True,True,normal_damage_red_generation,44000,44000,21484,20613,-871,30499,29977,-522,9015,9364,349,871,522,349,522,349,0,True,medium,4,0,0,0,False,False,0,0,,,,,,,,,,
2026-07-25T19:26:17Z,1591,P2-C1,P2,0x927EB9E0,1,Ken the Eagle,True,True,normal_damage_red_generation,44000,44000,20613,19827,-786,29977,29506,-471,9364,9679,315,786,471,315,471,315,0,True,medium,4,0,0,0,False,False,0,0,,,,,,,,,,
2026-07-25T19:26:17Z,1595,P2-C1,P2,0x927EB9E0,1,Ken the Eagle,True,True,normal_damage_red_generation,44000,44000,19827,19257,-570,29506,29164,-342,9679,9907,228,570,342,228,342,228,0,True,medium,4,-576,-345,0,False,False,0,0,,,,,,,,,,
2026-07-25T19:26:18Z,1596,P2-C1,P2,0x927EB9E0,1,Ken the Eagle,True,True,normal_damage_red_generation,44000,44000,19257,18681,-576,29164,28819,-345,9907,10138,231,576,345,231,345,231,0,True,medium,4,0,0,0,False,False,0,0,,,,,,,,,,
2026-07-25T19:26:18Z,1599,P1-C2,P1,0x92B6BA00,13,Chun-Li,False,True,point_status_change,46000,46000,46000,46000,0,46000,46000,0,0,0,0,0,0,0,,,,,none,4,0,0,0,False,False,0,0,,,,,,,,,,
2026-07-25T19:26:18Z,1599,P2-C1,P2,0x927EB9E0,1,Ken the Eagle,True,True,normal_damage_red_generation,44000,44000,18681,18104,-577,28819,28473,-346,10138,10369,231,577,346,231,346,231,0,True,medium,4,0,0,0,False,False,0,0,,,,,,,,,,
2026-07-25T19:26:18Z,1600,P2-C1,P2,0x927EB9E0,1,Ken the Eagle,True,True,normal_damage_red_generation,44000,44000,18104,17526,-578,28473,28127,-346,10369,10601,232,578,346,232,346,232,0,True,medium,4,0,0,0,False,False,0,0,,,,,,,,,,
2026-07-25T19:26:18Z,1602,P2-C1,P2,0x927EB9E0,1,Ken the Eagle,True,True,normal_damage_red_generation,44000,44000,17526,17156,-370,28127,27905,-222,10601,10749,148,370,222,148,222,148,0,True,medium,4,0,0,0,False,False,0,0,,,,,,,,,,
2026-07-25T19:26:19Z,1604,P2-C1,P2,0x927EB9E0,1,Ken the Eagle,True,True,normal_damage_red_generation,44000,44000,17156,16780,-376,27905,27680,-225,10749,10900,151,376,225,151,225,151,0,True,medium,4,0,0,0,False,False,0,0,,,,,,,,,,
2026-07-25T19:26:19Z,1605,P2-C1,P2,0x927EB9E0,1,Ken the Eagle,True,True,normal_damage_red_generation,44000,44000,16780,16396,-384,27680,27450,-230,10900,11054,154,384,230,154,230,154,0,True,medium,4,0,0,0,False,False,0,0,,,,,,,,,,
2026-07-25T19:26:19Z,1606,P2-C1,P2,0x927EB9E0,1,Ken the Eagle,True,True,normal_damage_red_generation,44000,44000,16396,15461,-935,27450,26889,-561,11054,11428,374,935,561,374,561,374,0,True,medium,4,0,0,0,False,False,0,0,,,,,,,,,,
2026-07-25T19:26:20Z,1609,P1-C2,P1,0x92B6BA00,13,Chun-Li,True,False,point_status_change,46000,46000,46000,46000,0,46000,46000,0,0,0,0,0,0,0,,,,,none,4,0,0,0,False,False,0,0,,,,,,,,,,
2026-07-25T19:26:20Z,1609,P2-C1,P2,0x927EB9E0,1,Ken the Eagle,True,True,normal_damage_red_generation,44000,44000,15461,14651,-810,26889,26404,-485,11428,11753,325,810,485,325,486,324,1,False,medium,4,0,0,0,False,False,0,0,,,,,,,,,,difference can indicate multiple native damage requests between GUI samples
2026-07-25T19:26:21Z,1611,P1-C1,P1,0x9246B9C0,12,Ryu,True,True,recoverable_ceiling_gain,48000,48000,43200,43200,0,43200,48000,4800,0,4800,4800,0,0,4800,,,,,none,4,0,0,0,True,False,4800,4800,,,,,,,,,,
2026-07-25T19:26:22Z,1618,P2-C1,P2,0x927EB9E0,1,Ken the Eagle,True,True,recoverable_heal,44000,44000,14651,17651,3000,26404,26404,0,11753,8753,-3000,0,0,0,,,,,none,4,500,0,1,False,False,0,0,,,,,,,,,,
2026-07-25T19:26:22Z,1619,P2-C1,P2,0x927EB9E0,1,Ken the Eagle,True,True,recoverable_heal,44000,44000,17651,20651,3000,26404,26404,0,8753,5753,-3000,0,0,0,,,,,none,4,500,0,1,False,False,0,0,,,,,,,,,,
2026-07-25T19:26:22Z,1620,P2-C1,P2,0x927EB9E0,1,Ken the Eagle,True,True,recoverable_heal,44000,44000,20651,23651,3000,26404,26404,0,5753,2753,-3000,0,0,0,,,,,none,4,500,0,1,False,False,0,0,,,,,,,,,,
2026-07-25T19:26:22Z,1621,P2-C1,P2,0x927EB9E0,1,Ken the Eagle,True,True,mixed_heal,44000,44000,23651,33651,10000,26404,33651,7247,2753,0,-2753,0,0,0,,,,,none,4,500,0,1,False,False,0,0,,,,,,,,,,
2026-07-25T19:26:22Z,1622,P2-C1,P2,0x927EB9E0,1,Ken the Eagle,True,True,current_and_ceiling_heal,44000,44000,33651,37151,3500,33651,37151,3500,0,0,0,0,0,0,,,,,none,4,500,0,1,False,False,0,0,,,,,,,,,,
2026-07-25T19:26:22Z,1623,P2-C1,P2,0x927EB9E0,1,Ken the Eagle,True,True,current_and_ceiling_heal,44000,44000,37151,40651,3500,37151,40651,3500,0,0,0,0,0,0,,,,,none,4,500,0,1,False,False,0,0,,,,,,,,,,
2026-07-25T19:26:23Z,1624,P2-C1,P2,0x927EB9E0,1,Ken the Eagle,True,True,full_health_reset,44000,44000,40651,44000,3349,40651,44000,3349,0,0,0,0,0,0,,,,,none,4,0,0,0,False,False,0,0,,,,,,,,,,
2026-07-25T19:26:23Z,1631,P2-C1,P2,0x927EB9E0,1,Ken the Eagle,True,True,normal_damage_red_generation,44000,44000,44000,42320,-1680,44000,42992,-1008,0,672,672,1680,1008,672,1008,672,0,True,medium,4,0,0,0,False,False,0,0,,,,,,,,,,
2026-07-25T19:26:24Z,1632,P2-C1,P2,0x927EB9E0,1,Ken the Eagle,True,True,normal_damage_red_generation,44000,44000,42320,40724,-1596,42992,42035,-957,672,1311,639,1596,957,639,957,639,0,True,medium,4,0,0,0,False,False,0,0,,,,,,,,,,
2026-07-25T19:26:24Z,1635,P2-C1,P2,0x927EB9E0,1,Ken the Eagle,True,True,normal_damage_red_generation,44000,44000,40724,39212,-1512,42035,41128,-907,1311,1916,605,1512,907,605,907,605,0,True,medium,4,0,0,0,False,False,0,0,,,,,,,,,,
2026-07-25T19:26:25Z,1637,P2-C1,P2,0x927EB9E0,1,Ken the Eagle,True,True,normal_damage_red_generation,44000,44000,39212,37784,-1428,41128,40272,-856,1916,2488,572,1428,856,572,856,572,0,True,medium,4,0,0,0,False,False,0,0,,,,,,,,,,
2026-07-25T19:26:26Z,1647,P2-C1,P2,0x927EB9E0,1,Ken the Eagle,True,True,recoverable_heal,44000,44000,37784,39784,2000,40272,40272,0,2488,488,-2000,0,0,0,,,,,none,4,500,0,1,False,False,0,0,,,,,,,,,,
2026-07-25T19:26:26Z,1648,P2-C1,P2,0x927EB9E0,1,Ken the Eagle,True,True,full_health_reset,44000,44000,39784,44000,4216,40272,44000,3728,488,0,-488,0,0,0,,,,,none,4,0,0,0,False,False,0,0,,,,,,,,,,
2026-07-25T19:26:27Z,1651,P2-C1,P2,0x927EB9E0,1,Ken the Eagle,True,True,normal_damage_red_generation,44000,44000,44000,43200,-800,44000,43520,-480,0,320,320,800,480,320,480,320,0,True,medium,4,0,0,0,False,False,0,0,,,,,,,,,,
2026-07-25T19:26:27Z,1652,P2-C1,P2,0x927EB9E0,1,Ken the Eagle,True,True,normal_damage_red_generation,44000,44000,43200,41832,-1368,43520,42700,-820,320,868,548,1368,820,548,820,548,0,True,medium,4,0,0,0,False,False,0,0,,,,,,,,,,
2026-07-25T19:26:27Z,1654,P2-C1,P2,0x927EB9E0,1,Ken the Eagle,True,True,normal_damage_red_generation,44000,44000,41832,40608,-1224,42700,41966,-734,868,1358,490,1224,734,490,734,490,0,True,medium,4,0,0,0,False,False,0,0,,,,,,,,,,
2026-07-25T19:26:28Z,1655,P2-C1,P2,0x927EB9E0,1,Ken the Eagle,True,True,normal_damage_red_generation,44000,44000,40608,38500,-2108,41966,40702,-1264,1358,2202,844,2108,1264,844,1264,844,0,True,medium,4,0,0,0,False,False,0,0,,,,,,,,,,
2026-07-25T19:26:28Z,1656,P2-C1,P2,0x927EB9E0,1,Ken the Eagle,True,True,normal_damage_red_generation,44000,44000,38500,36581,-1919,40702,39551,-1151,2202,2970,768,1919,1151,768,1151,768,0,True,medium,4,0,0,0,False,False,0,0,,,,,,,,,,
2026-07-25T19:26:29Z,1658,P2-C1,P2,0x927EB9E0,1,Ken the Eagle,True,True,normal_damage_red_generation,44000,44000,36581,34918,-1663,39551,38554,-997,2970,3636,666,1663,997,666,997,666,0,True,medium,4,0,0,0,False,False,0,0,,,,,,,,,,
2026-07-25T19:26:29Z,1661,P2-C1,P2,0x927EB9E0,1,Ken the Eagle,True,True,normal_damage_red_generation,44000,44000,34918,32947,-1971,38554,37372,-1182,3636,4425,789,1971,1182,789,1182,789,0,True,medium,4,0,0,0,False,False,0,0,,,,,,,,,,
2026-07-25T19:26:30Z,1667,P2-C1,P2,0x927EB9E0,1,Ken the Eagle,True,True,normal_damage_red_generation,44000,44000,32947,32403,-544,37372,37046,-326,4425,4643,218,544,326,218,326,218,0,True,medium,4,0,0,0,False,False,0,0,,,,,,,,,,
2026-07-25T19:26:30Z,1668,P2-C1,P2,0x927EB9E0,1,Ken the Eagle,True,True,normal_damage_red_generation,44000,44000,32403,31896,-507,37046,36742,-304,4643,4846,203,507,304,203,304,203,0,True,medium,4,0,0,0,False,False,0,0,,,,,,,,,,
2026-07-25T19:26:30Z,1669,P2-C1,P2,0x927EB9E0,1,Ken the Eagle,True,True,normal_damage_red_generation,44000,44000,31896,31057,-839,36742,36239,-503,4846,5182,336,839,503,336,503,336,0,True,medium,4,0,0,0,False,False,0,0,,,,,,,,,,
2026-07-25T19:26:31Z,1671,P2-C1,P2,0x927EB9E0,1,Ken the Eagle,True,True,normal_damage_red_generation,44000,44000,31057,30334,-723,36239,35806,-433,5182,5472,290,723,433,290,433,290,0,True,medium,4,0,0,0,False,False,0,0,,,,,,,,,,
2026-07-25T19:26:31Z,1672,P2-C1,P2,0x927EB9E0,1,Ken the Eagle,True,True,normal_damage_red_generation,44000,44000,30334,29147,-1187,35806,35094,-712,5472,5947,475,1187,712,475,712,475,0,True,medium,4,0,0,0,False,False,0,0,,,,,,,,,,
2026-07-25T19:26:32Z,1674,P2-C1,P2,0x927EB9E0,1,Ken the Eagle,True,True,normal_damage_red_generation,44000,44000,29147,28116,-1031,35094,34476,-618,5947,6360,413,1031,618,413,618,413,0,True,medium,4,0,0,0,False,False,0,0,,,,,,,,,,
2026-07-25T19:26:32Z,1675,P2-C1,P2,0x927EB9E0,1,Ken the Eagle,True,True,normal_damage_red_generation,44000,44000,28116,27300,-816,34476,33987,-489,6360,6687,327,816,489,327,489,327,0,True,medium,4,0,0,0,False,False,0,0,,,,,,,,,,
2026-07-25T19:26:33Z,1678,P2-C1,P2,0x927EB9E0,1,Ken the Eagle,True,True,normal_damage_red_generation,44000,44000,27300,26691,-609,33987,33622,-365,6687,6931,244,609,365,244,365,244,0,True,medium,4,0,0,0,False,False,0,0,,,,,,,,,,
2026-07-25T19:26:33Z,1680,P2-C1,P2,0x927EB9E0,1,Ken the Eagle,True,True,normal_damage_red_generation,44000,44000,26691,26081,-610,33622,33256,-366,6931,7175,244,610,366,244,366,244,0,True,medium,4,0,0,0,False,False,0,0,,,,,,,,,,
2026-07-25T19:26:33Z,1682,P2-C1,P2,0x927EB9E0,1,Ken the Eagle,True,True,normal_damage_red_generation,44000,44000,26081,25470,-611,33256,32890,-366,7175,7420,245,611,366,245,366,245,0,True,medium,4,0,0,0,False,False,0,0,,,,,,,,,,
2026-07-25T19:26:34Z,1683,P1-C1,P1,0x9246B9C0,12,Ryu,True,True,baroque_consume,48000,48000,43200,43200,0,48000,43200,-4800,4800,0,-4800,0,4800,0,,-4800,0,True,high,4,0,0,0,False,True,4800,4800,,,,,,,,,,
2026-07-25T19:26:34Z,1683,P2-C1,P2,0x927EB9E0,1,Ken the Eagle,True,True,normal_damage_red_generation,44000,44000,25470,24858,-612,32890,32523,-367,7420,7665,245,612,367,245,367,245,0,True,medium,4,0,0,0,False,False,0,0,,,,,,,,,,
2026-07-25T19:26:34Z,1685,P2-C1,P2,0x927EB9E0,1,Ken the Eagle,True,True,normal_damage_red_generation,44000,44000,24858,24561,-297,32523,32345,-178,7665,7784,119,297,178,119,178,119,0,True,medium,4,0,0,0,False,False,0,0,,,,,,,,,,
2026-07-25T19:26:34Z,1686,P2-C1,P2,0x927EB9E0,1,Ken the Eagle,True,True,normal_damage_red_generation,44000,44000,24561,24265,-296,32345,32168,-177,7784,7903,119,296,177,119,177,119,0,True,medium,4,0,0,0,False,False,0,0,,,,,,,,,,
2026-07-25T19:26:35Z,1687,P2-C1,P2,0x927EB9E0,1,Ken the Eagle,True,True,normal_damage_red_generation,44000,44000,24265,23733,-532,32168,31849,-319,7903,8116,213,532,319,213,319,213,0,True,medium,4,0,0,0,False,False,0,0,,,,,,,,,,
2026-07-25T19:26:35Z,1689,P1-C1,P1,0x9246B9C0,12,Ryu,True,True,recoverable_ceiling_gain,48000,48000,43200,43200,0,43200,48000,4800,0,4800,4800,0,0,4800,,,,,none,4,0,0,0,True,False,4800,4800,,,,,,,,,,
2026-07-25T19:26:36Z,1695,P2-C1,P2,0x927EB9E0,1,Ken the Eagle,True,True,recoverable_heal,44000,44000,23733,24733,1000,31849,31849,0,8116,7116,-1000,0,0,0,,,,,none,4,500,0,1,False,False,0,0,,,,,,,,,,
2026-07-25T19:26:36Z,1696,P2-C1,P2,0x927EB9E0,1,Ken the Eagle,True,True,recoverable_heal,44000,44000,24733,27733,3000,31849,31849,0,7116,4116,-3000,0,0,0,,,,,none,4,500,0,1,False,False,0,0,,,,,,,,,,
2026-07-25T19:26:36Z,1697,P2-C1,P2,0x927EB9E0,1,Ken the Eagle,True,True,recoverable_heal,44000,44000,27733,30733,3000,31849,31849,0,4116,1116,-3000,0,0,0,,,,,none,4,500,0,1,False,False,0,0,,,,,,,,,,
2026-07-25T19:26:37Z,1698,P2-C1,P2,0x927EB9E0,1,Ken the Eagle,True,True,mixed_heal,44000,44000,30733,37233,6500,31849,37233,5384,1116,0,-1116,0,0,0,,,,,none,4,500,0,1,False,False,0,0,,,,,,,,,,
2026-07-25T19:26:37Z,1699,P2-C1,P2,0x927EB9E0,1,Ken the Eagle,True,True,current_and_ceiling_heal,44000,44000,37233,40233,3000,37233,40233,3000,0,0,0,0,0,0,,,,,none,4,500,0,1,False,False,0,0,,,,,,,,,,
2026-07-25T19:26:37Z,1700,P2-C1,P2,0x927EB9E0,1,Ken the Eagle,True,True,current_and_ceiling_heal,44000,44000,40233,43233,3000,40233,43233,3000,0,0,0,0,0,0,,,,,none,4,500,0,1,False,False,0,0,,,,,,,,,,
2026-07-25T19:26:37Z,1701,P2-C1,P2,0x927EB9E0,1,Ken the Eagle,True,True,full_health_reset,44000,44000,43233,44000,767,43233,44000,767,0,0,0,0,0,0,,,,,none,4,0,0,0,False,False,0,0,,,,,,,,,,
2026-07-25T19:26:38Z,1711,P2-C1,P2,0x927EB9E0,1,Ken the Eagle,True,True,normal_damage_red_generation,44000,44000,44000,43200,-800,44000,43520,-480,0,320,320,800,480,320,480,320,0,True,medium,4,0,0,0,False,False,0,0,,,,,,,,,,
2026-07-25T19:26:38Z,1712,P2-C1,P2,0x927EB9E0,1,Ken the Eagle,True,True,normal_damage_red_generation,44000,44000,43200,41832,-1368,43520,42700,-820,320,868,548,1368,820,548,820,548,0,True,medium,4,0,0,0,False,False,0,0,,,,,,,,,,
2026-07-25T19:26:39Z,1713,P2-C1,P2,0x927EB9E0,1,Ken the Eagle,True,True,normal_damage_red_generation,44000,44000,41832,40608,-1224,42700,41966,-734,868,1358,490,1224,734,490,734,490,0,True,medium,4,0,0,0,False,False,0,0,,,,,,,,,,
2026-07-25T19:26:39Z,1715,P2-C1,P2,0x927EB9E0,1,Ken the Eagle,True,True,normal_damage_red_generation,44000,44000,40608,38500,-2108,41966,40702,-1264,1358,2202,844,2108,1264,844,1264,844,0,True,medium,4,0,0,0,False,False,0,0,,,,,,,,,,
2026-07-25T19:26:39Z,1717,P2-C1,P2,0x927EB9E0,1,Ken the Eagle,True,True,normal_damage_red_generation,44000,44000,38500,36773,-1727,40702,39666,-1036,2202,2893,691,1727,1036,691,1036,691,0,True,medium,4,0,0,0,False,False,0,0,,,,,,,,,,
2026-07-25T19:26:40Z,1720,P1-C1,P1,0x9246B9C0,12,Ryu,True,True,ceiling_loss,48000,48000,43200,43200,0,48000,43700,-4300,4800,500,-4300,0,4300,0,,,,,none,4,0,0,0,False,True,4800,4800,,,,,,,,,,
2026-07-25T19:26:40Z,1720,P2-C1,P2,0x927EB9E0,1,Ken the Eagle,True,True,normal_damage_red_generation,44000,44000,36773,34674,-2099,39666,38407,-1259,2893,3733,840,2099,1259,840,1259,840,0,True,medium,4,0,0,0,False,False,0,0,,,,,,,,,,
2026-07-25T19:26:41Z,1723,P1-C1,P1,0x9246B9C0,12,Ryu,True,True,baroque_status_change,48000,48000,43200,43200,0,43700,43700,0,500,500,0,0,0,0,,,,,none,4,0,0,0,True,False,4800,4800,,,,,,,,,,
2026-07-25T19:26:41Z,1724,P1-C1,P1,0x9246B9C0,12,Ryu,True,True,recoverable_ceiling_gain,48000,48000,43200,43200,0,43700,48000,4300,500,4800,4300,0,0,4300,,,,,none,4,0,0,0,False,False,4800,4800,,,,,,,,,,
2026-07-25T19:26:41Z,1724,P2-C1,P2,0x927EB9E0,1,Ken the Eagle,True,True,normal_damage_red_generation,44000,44000,34674,33074,-1600,38407,37447,-960,3733,4373,640,1600,960,640,960,640,0,True,medium,4,0,0,0,False,False,0,0,,,,,,,,,,
2026-07-25T19:26:41Z,1726,P2-C1,P2,0x927EB9E0,1,Ken the Eagle,True,True,normal_damage_red_generation,44000,44000,33074,31464,-1610,37447,36481,-966,4373,5017,644,1610,966,644,966,644,0,True,medium,4,0,0,0,False,False,0,0,,,,,,,,,,
2026-07-25T19:26:41Z,1729,P2-C1,P2,0x927EB9E0,1,Ken the Eagle,True,True,normal_damage_red_generation,44000,44000,31464,29936,-1528,36481,35565,-916,5017,5629,612,1528,916,612,916,612,0,True,medium,4,0,0,0,False,False,0,0,,,,,,,,,,
2026-07-25T19:26:42Z,1730,P2-C1,P2,0x927EB9E0,1,Ken the Eagle,True,True,normal_damage_red_generation,44000,44000,29936,28491,-1445,35565,34698,-867,5629,6207,578,1445,867,578,867,578,0,True,medium,4,0,0,0,False,False,0,0,,,,,,,,,,
2026-07-25T19:26:43Z,1742,P2-C1,P2,0x927EB9E0,1,Ken the Eagle,True,True,normal_damage_red_generation,44000,44000,28491,27691,-800,34698,34218,-480,6207,6527,320,800,480,320,480,320,0,True,medium,4,0,0,0,False,False,0,0,,,,,,,,,,
2026-07-25T19:26:44Z,1743,P2-C1,P2,0x927EB9E0,1,Ken the Eagle,True,True,normal_damage_red_generation,44000,44000,27691,26323,-1368,34218,33398,-820,6527,7075,548,1368,820,548,820,548,0,True,medium,4,-1224,-734,0,False,False,0,0,,,,,,,,,,
2026-07-25T19:26:44Z,1744,P2-C1,P2,0x927EB9E0,1,Ken the Eagle,True,True,normal_damage_red_generation,44000,44000,26323,25099,-1224,33398,32664,-734,7075,7565,490,1224,734,490,734,490,0,True,medium,4,0,0,0,False,False,0,0,,,,,,,,,,
2026-07-25T19:26:44Z,1746,P2-C1,P2,0x927EB9E0,1,Ken the Eagle,True,True,normal_damage_red_generation,44000,44000,25099,22991,-2108,32664,31400,-1264,7565,8409,844,2108,1264,844,1264,844,0,True,medium,4,0,0,0,False,False,0,0,,,,,,,,,,
2026-07-25T19:26:45Z,1749,P2-C1,P2,0x927EB9E0,1,Ken the Eagle,True,True,normal_damage_red_generation,44000,44000,22991,21264,-1727,31400,30364,-1036,8409,9100,691,1727,1036,691,1036,691,0,True,medium,4,0,0,0,False,False,0,0,,,,,,,,,,
2026-07-25T19:26:45Z,1752,P2-C1,P2,0x927EB9E0,1,Ken the Eagle,True,True,normal_damage_red_generation,44000,44000,21264,19165,-2099,30364,29105,-1259,9100,9940,840,2099,1259,840,1259,840,0,True,high,4,0,0,0,False,False,0,0,P1-C1,12,Ryu,368,Shin Sho,0,100,0x00000009,0x00000040,
2026-07-25T19:26:47Z,1762,P2-C1,P2,0x927EB9E0,1,Ken the Eagle,True,True,normal_damage_red_generation,44000,44000,19165,15474,-3691,29105,26891,-2214,9940,11417,1477,3691,2214,1477,2214,1477,0,True,medium,4,0,0,0,False,False,0,0,P1-C1,12,Ryu,368,Shin Sho,0,100,0x00000009,0x00000040,
2026-07-25T19:26:48Z,1769,P2-C1,P2,0x927EB9E0,1,Ken the Eagle,True,True,normal_damage_red_generation,44000,44000,15474,12595,-2879,26891,25164,-1727,11417,12569,1152,2879,1727,1152,1727,1152,0,True,medium,4,0,0,0,False,False,0,0,,,,,,,,,,
2026-07-25T19:26:49Z,1776,P2-C1,P2,0x927EB9E0,1,Ken the Eagle,True,True,normal_damage_red_generation,44000,44000,12595,9076,-3519,25164,23053,-2111,12569,13977,1408,3519,2111,1408,2111,1408,0,True,medium,4,0,0,0,False,False,0,0,,,,,,,,,,
2026-07-25T19:26:52Z,1805,P2-C1,P2,0x927EB9E0,1,Ken the Eagle,True,True,normal_damage_red_generation,44000,44000,9076,8789,-287,23053,22881,-172,13977,14092,115,287,172,115,172,115,0,True,medium,4,0,0,0,False,False,0,0,,,,,,,,,,
2026-07-25T19:26:53Z,1806,P2-C1,P2,0x927EB9E0,1,Ken the Eagle,True,True,normal_damage_red_generation,44000,44000,8789,8273,-516,22881,22572,-309,14092,14299,207,516,309,207,309,207,0,True,medium,4,0,0,0,False,False,0,0,,,,,,,,,,
2026-07-25T19:26:53Z,1807,P2-C1,P2,0x927EB9E0,1,Ken the Eagle,True,True,normal_damage_red_generation,44000,44000,8273,7435,-838,22572,22070,-502,14299,14635,336,838,502,336,502,336,0,True,medium,4,0,0,0,False,False,0,0,,,,,,,,,,
2026-07-25T19:26:53Z,1809,P2-C1,P2,0x927EB9E0,1,Ken the Eagle,True,True,normal_damage_red_generation,44000,44000,7435,6719,-716,22070,21641,-429,14635,14922,287,716,429,287,429,287,0,True,medium,4,0,0,0,False,False,0,0,,,,,,,,,,
2026-07-25T19:26:54Z,1810,P2-C1,P2,0x927EB9E0,1,Ken the Eagle,True,True,normal_damage_red_generation,44000,44000,6719,6072,-647,21641,21253,-388,14922,15181,259,647,388,259,388,259,0,True,medium,4,0,0,0,False,False,0,0,,,,,,,,,,
2026-07-25T19:26:54Z,1812,P2-C1,P2,0x927EB9E0,1,Ken the Eagle,True,True,normal_damage_red_generation,44000,44000,6072,5589,-483,21253,20964,-289,15181,15375,194,483,289,194,289,194,0,True,medium,4,0,0,0,False,False,0,0,,,,,,,,,,
2026-07-25T19:26:55Z,1815,P2-C1,P2,0x927EB9E0,1,Ken the Eagle,True,True,normal_damage_red_generation,44000,44000,5589,5105,-484,20964,20674,-290,15375,15569,194,484,290,194,290,194,0,True,medium,4,0,0,0,False,False,0,0,,,,,,,,,,
2026-07-25T19:26:55Z,1816,P2-C1,P2,0x927EB9E0,1,Ken the Eagle,True,True,normal_damage_red_generation,44000,44000,5105,4681,-424,20674,20420,-254,15569,15739,170,424,254,170,254,170,0,True,medium,4,0,0,0,False,False,0,0,,,,,,,,,,
2026-07-25T19:26:55Z,1820,P1-C1,P1,0x9246B9C0,12,Ryu,True,True,baroque_status_change,48000,48000,43200,43200,0,48000,48000,0,4800,4800,0,0,0,0,,,,,none,4,0,0,0,False,True,4800,4800,,,,,,,,,,
2026-07-25T19:26:55Z,1820,P2-C1,P2,0x927EB9E0,1,Ken the Eagle,True,True,normal_damage_red_generation,44000,44000,4681,4257,-424,20420,20166,-254,15739,15909,170,424,254,170,254,170,0,True,medium,4,0,0,0,False,False,0,0,,,,,,,,,,
2026-07-25T19:26:55Z,1821,P1-C1,P1,0x9246B9C0,12,Ryu,True,True,baroque_consume,48000,48000,43200,43200,0,48000,43200,-4800,4800,0,-4800,0,4800,0,,-4800,0,True,high,4,0,0,0,True,True,4800,4800,,,,,,,,,,
2026-07-25T19:26:56Z,1822,P2-C1,P2,0x927EB9E0,1,Ken the Eagle,True,True,normal_damage_red_generation,44000,44000,4257,4051,-206,20166,20043,-123,15909,15992,83,206,123,83,123,83,0,True,medium,4,0,0,0,False,False,0,0,,,,,,,,,,
2026-07-25T19:26:56Z,1824,P2-C1,P2,0x927EB9E0,1,Ken the Eagle,True,True,normal_damage_red_generation,44000,44000,4051,3846,-205,20043,19920,-123,15992,16074,82,205,123,82,123,82,0,True,medium,4,0,0,0,False,False,0,0,,,,,,,,,,
2026-07-25T19:26:56Z,1825,P2-C1,P2,0x927EB9E0,1,Ken the Eagle,True,True,normal_damage_red_generation,44000,44000,3846,3478,-368,19920,19700,-220,16074,16222,148,368,220,148,220,148,0,True,medium,4,0,0,0,False,False,0,0,,,,,,,,,,
2026-07-25T19:26:57Z,1827,P2-C1,P2,0x927EB9E0,1,Ken the Eagle,True,True,normal_damage_red_generation,44000,44000,3478,3136,-342,19700,19495,-205,16222,16359,137,342,205,137,205,137,0,True,medium,4,0,0,0,False,False,0,0,,,,,,,,,,
2026-07-25T19:26:57Z,1829,P2-C1,P2,0x927EB9E0,1,Ken the Eagle,True,True,normal_damage_red_generation,44000,44000,3136,2512,-624,19495,19121,-374,16359,16609,250,624,374,250,374,250,0,True,medium,4,0,0,0,False,False,0,0,,,,,,,,,,
2026-07-25T19:26:57Z,1830,P2-C1,P2,0x927EB9E0,1,Ken the Eagle,True,True,normal_damage_red_generation,44000,44000,2512,1903,-609,19121,18756,-365,16609,16853,244,609,365,244,365,244,0,True,medium,4,0,0,0,False,False,0,0,,,,,,,,,,
2026-07-25T19:26:58Z,1833,P2-C1,P2,0x927EB9E0,1,Ken the Eagle,True,True,normal_damage_red_generation,44000,44000,1903,1353,-550,18756,18426,-330,16853,17073,220,550,330,220,330,220,0,True,medium,4,0,0,0,False,False,0,0,,,,,,,,,,
2026-07-25T19:26:59Z,1835,P2-C1,P2,0x927EB9E0,1,Ken the Eagle,True,True,normal_damage_red_generation,44000,44000,1353,942,-411,18426,18180,-246,17073,17238,165,411,246,165,246,165,0,True,medium,4,0,0,0,False,False,0,0,,,,,,,,,,
2026-07-25T19:26:59Z,1837,P2-C1,P2,0x927EB9E0,1,Ken the Eagle,True,True,normal_damage_red_generation,44000,44000,942,530,-412,18180,17933,-247,17238,17403,165,412,247,165,247,165,0,True,medium,4,0,0,0,False,False,0,0,,,,,,,,,,
2026-07-25T19:26:59Z,1839,P2-C1,P2,0x927EB9E0,1,Ken the Eagle,True,True,normal_damage_red_generation,44000,44000,530,117,-413,17933,17686,-247,17403,17569,166,413,247,166,247,166,0,True,medium,4,0,0,0,False,False,0,0,,,,,,,,,,
2026-07-25T19:26:59Z,1841,P1-C2,P1,0x92B6BA00,13,Chun-Li,False,True,point_status_change,46000,46000,46000,46000,0,46000,46000,0,0,0,0,0,0,0,,,,,none,4,0,0,0,False,False,0,0,,,,,,,,,,
2026-07-25T19:27:00Z,1842,P2-C1,P2,0x927EB9E0,1,Ken the Eagle,True,True,normal_damage_red_generation,44000,44000,117,1,-116,17686,17439,-247,17569,17438,-131,116,247,0,69,47,-47,False,medium,4,0,0,0,False,False,0,0,,,,,,,,,,difference can indicate multiple native damage requests between GUI samples
2026-07-25T19:27:00Z,1843,P2-C1,P2,0x927EB9E0,1,Ken the Eagle,True,True,ceiling_loss,44000,44000,1,1,0,17439,17283,-156,17438,17282,-156,0,156,0,,,,,none,4,0,0,0,False,False,0,0,,,,,,,,,,
2026-07-25T19:27:00Z,1845,P2-C1,P2,0x927EB9E0,1,Ken the Eagle,True,True,ceiling_loss,44000,44000,1,1,0,17283,17124,-159,17282,17123,-159,0,159,0,,,,,none,4,0,0,0,False,False,0,0,,,,,,,,,,
2026-07-25T19:27:00Z,1846,P2-C1,P2,0x927EB9E0,1,Ken the Eagle,True,True,ceiling_loss,44000,44000,1,1,0,17124,16962,-162,17123,16961,-162,0,162,0,,,,,none,4,0,0,0,False,False,0,0,,,,,,,,,,
2026-07-25T19:27:01Z,1848,P1-C1,P1,0x9246B9C0,12,Ryu,True,True,baroque_status_change,48000,48000,43200,43200,0,43200,43200,0,0,0,0,0,0,0,,,,,none,4,0,0,0,True,False,4800,4800,,,,,,,,,,
2026-07-25T19:27:01Z,1849,P1-C1,P1,0x9246B9C0,12,Ryu,True,True,recoverable_ceiling_gain,48000,48000,43200,43200,0,43200,48000,4800,0,4800,4800,0,0,4800,,,,,none,4,0,0,0,False,False,4800,4800,,,,,,,,,,
2026-07-25T19:27:02Z,1852,P1-C2,P1,0x92B6BA00,13,Chun-Li,True,False,point_status_change,46000,46000,46000,46000,0,46000,46000,0,0,0,0,0,0,0,,,,,none,4,4,0,0,False,False,0,0,,,,,,,,,,
2026-07-25T19:27:02Z,1852,P2-C1,P2,0x927EB9E0,1,Ken the Eagle,True,True,recoverable_heal,44000,44000,1,1001,1000,16962,16962,0,16961,15961,-1000,0,0,0,,,,,none,4,500,0,1,False,False,0,0,,,,,,,,,,
2026-07-25T19:27:02Z,1853,P2-C1,P2,0x927EB9E0,1,Ken the Eagle,True,True,recoverable_heal,44000,44000,1001,8501,7500,16962,16962,0,15961,8461,-7500,0,0,0,,,,,none,4,500,0,1,False,False,0,0,,,,,,,,,,
2026-07-25T19:27:02Z,1854,P2-C1,P2,0x927EB9E0,1,Ken the Eagle,True,True,recoverable_heal,44000,44000,8501,16001,7500,16962,16962,0,8461,961,-7500,0,0,0,,,,,none,4,500,0,1,False,False,0,0,,,,,,,,,,
2026-07-25T19:27:03Z,1855,P2-C1,P2,0x927EB9E0,1,Ken the Eagle,True,True,mixed_heal,44000,44000,16001,24001,8000,16962,24001,7039,961,0,-961,0,0,0,,,,,none,4,500,0,1,False,False,0,0,,,,,,,,,,
2026-07-25T19:27:03Z,1856,P2-C1,P2,0x927EB9E0,1,Ken the Eagle,True,True,current_and_ceiling_heal,44000,44000,24001,26501,2500,24001,26501,2500,0,0,0,0,0,0,,,,,none,4,500,0,1,False,False,0,0,,,,,,,,,,
2026-07-25T19:27:03Z,1857,P2-C1,P2,0x927EB9E0,1,Ken the Eagle,True,True,current_and_ceiling_heal,44000,44000,26501,30501,4000,26501,30501,4000,0,0,0,0,0,0,,,,,none,4,500,0,1,False,False,0,0,,,,,,,,,,
2026-07-25T19:27:03Z,1858,P2-C1,P2,0x927EB9E0,1,Ken the Eagle,True,True,current_and_ceiling_heal,44000,44000,30501,34001,3500,30501,34001,3500,0,0,0,0,0,0,,,,,none,4,500,0,1,False,False,0,0,,,,,,,,,,
2026-07-25T19:27:03Z,1859,P2-C1,P2,0x927EB9E0,1,Ken the Eagle,True,True,current_and_ceiling_heal,44000,44000,34001,37001,3000,34001,37001,3000,0,0,0,0,0,0,,,,,none,4,500,0,1,False,False,0,0,,,,,,,,,,
2026-07-25T19:27:03Z,1860,P2-C1,P2,0x927EB9E0,1,Ken the Eagle,True,True,current_and_ceiling_heal,44000,44000,37001,40001,3000,37001,40001,3000,0,0,0,0,0,0,,,,,none,4,500,0,1,False,False,0,0,,,,,,,,,,
2026-07-25T19:27:03Z,1861,P2-C1,P2,0x927EB9E0,1,Ken the Eagle,True,True,full_health_reset,44000,44000,40001,44000,3999,40001,44000,3999,0,0,0,0,0,0,,,,,none,4,0,0,0,False,False,0,0,,,,,,,,,,
2026-07-25T19:27:06Z,1881,P2-C1,P2,0x927EB9E0,1,Ken the Eagle,True,True,normal_damage_red_generation,44000,44000,44000,43200,-800,44000,43520,-480,0,320,320,800,480,320,480,320,0,True,medium,4,0,0,0,False,False,0,0,,,,,,,,,,
2026-07-25T19:27:06Z,1882,P2-C1,P2,0x927EB9E0,1,Ken the Eagle,True,True,normal_damage_red_generation,44000,44000,43200,41832,-1368,43520,42700,-820,320,868,548,1368,820,548,820,548,0,True,medium,4,0,0,0,False,False,0,0,,,,,,,,,,
2026-07-25T19:27:06Z,1883,P2-C1,P2,0x927EB9E0,1,Ken the Eagle,True,True,normal_damage_red_generation,44000,44000,41832,40608,-1224,42700,41966,-734,868,1358,490,1224,734,490,734,490,0,True,medium,4,0,0,0,False,False,0,0,,,,,,,,,,
2026-07-25T19:27:07Z,1886,P2-C1,P2,0x927EB9E0,1,Ken the Eagle,True,True,normal_damage_red_generation,44000,44000,40608,38500,-2108,41966,40702,-1264,1358,2202,844,2108,1264,844,1264,844,0,True,medium,4,0,0,0,False,False,0,0,,,,,,,,,,
2026-07-25T19:27:07Z,1888,P2-C1,P2,0x927EB9E0,1,Ken the Eagle,True,True,normal_damage_red_generation,44000,44000,38500,36773,-1727,40702,39666,-1036,2202,2893,691,1727,1036,691,1036,691,0,True,medium,4,0,0,0,False,False,0,0,,,,,,,,,,
2026-07-25T19:27:08Z,1894,P2-C1,P2,0x927EB9E0,1,Ken the Eagle,True,True,normal_damage_red_generation,44000,44000,36773,35973,-800,39666,39186,-480,2893,3213,320,800,480,320,480,320,0,True,medium,4,0,0,0,False,False,0,0,,,,,,,,,,
2026-07-25T19:27:08Z,1895,P2-C1,P2,0x927EB9E0,1,Ken the Eagle,True,True,normal_damage_red_generation,44000,44000,35973,34605,-1368,39186,38366,-820,3213,3761,548,1368,820,548,820,548,0,True,medium,4,0,0,0,False,False,0,0,,,,,,,,,,
2026-07-25T19:27:08Z,1896,P2-C1,P2,0x927EB9E0,1,Ken the Eagle,True,True,normal_damage_red_generation,44000,44000,34605,33381,-1224,38366,37632,-734,3761,4251,490,1224,734,490,734,490,0,True,medium,4,0,0,0,False,False,0,0,,,,,,,,,,
2026-07-25T19:27:09Z,1898,P2-C1,P2,0x927EB9E0,1,Ken the Eagle,True,True,normal_damage_red_generation,44000,44000,33381,31273,-2108,37632,36368,-1264,4251,5095,844,2108,1264,844,1264,844,0,True,medium,4,0,0,0,False,False,0,0,,,,,,,,,,
2026-07-25T19:27:09Z,1900,P2-C1,P2,0x927EB9E0,1,Ken the Eagle,True,True,normal_damage_red_generation,44000,44000,31273,29546,-1727,36368,35332,-1036,5095,5786,691,1727,1036,691,1036,691,0,True,medium,4,0,0,0,False,False,0,0,,,,,,,,,,
2026-07-25T19:27:10Z,1903,P1-C1,P1,0x9246B9C0,12,Ryu,True,True,ceiling_loss,48000,48000,43200,43200,0,48000,43700,-4300,4800,500,-4300,0,4300,0,,,,,none,4,0,0,0,False,True,4800,4800,,,,,,,,,,
2026-07-25T19:27:10Z,1903,P2-C1,P2,0x927EB9E0,1,Ken the Eagle,True,True,normal_damage_red_generation,44000,44000,29546,27447,-2099,35332,34073,-1259,5786,6626,840,2099,1259,840,1259,840,0,True,medium,4,0,0,0,False,False,0,0,,,,,,,,,,
2026-07-25T19:27:11Z,1908,P2-C1,P2,0x927EB9E0,1,Ken the Eagle,True,True,normal_damage_red_generation,44000,44000,27447,24328,-3119,34073,32202,-1871,6626,7874,1248,3119,1871,1248,1871,1248,0,True,medium,4,0,0,0,False,False,0,0,,,,,,,,,,
2026-07-25T19:27:11Z,1912,P2-C1,P2,0x927EB9E0,1,Ken the Eagle,True,True,normal_damage_red_generation,44000,44000,24328,22844,-1484,32202,31312,-890,7874,8468,594,1484,890,594,890,594,0,True,medium,4,0,0,0,False,False,0,0,,,,,,,,,,
2026-07-25T19:27:12Z,1913,P2-C1,P2,0x927EB9E0,1,Ken the Eagle,True,True,normal_damage_red_generation,44000,44000,22844,21441,-1403,31312,30471,-841,8468,9030,562,1403,841,562,841,562,0,True,medium,4,0,0,0,False,False,0,0,,,,,,,,,,
2026-07-25T19:27:13Z,1918,P1-C1,P1,0x9246B9C0,12,Ryu,True,True,recoverable_ceiling_gain,48000,48000,43200,43200,0,43700,48000,4300,500,4800,4300,0,0,4300,,,,,none,4,0,0,0,True,False,4800,4800,,,,,,,,,,
2026-07-25T19:27:13Z,1923,P2-C1,P2,0x927EB9E0,1,Ken the Eagle,True,True,normal_damage_red_generation,44000,44000,21441,20641,-800,30471,29991,-480,9030,9350,320,800,480,320,480,320,0,True,medium,4,0,0,0,False,False,0,0,,,,,,,,,,
2026-07-25T19:27:14Z,1924,P2-C1,P2,0x927EB9E0,1,Ken the Eagle,True,True,normal_damage_red_generation,44000,44000,20641,19273,-1368,29991,29171,-820,9350,9898,548,1368,820,548,820,548,0,True,medium,4,0,0,0,False,False,0,0,,,,,,,,,,
2026-07-25T19:27:14Z,1925,P2-C1,P2,0x927EB9E0,1,Ken the Eagle,True,True,normal_damage_red_generation,44000,44000,19273,18049,-1224,29171,28437,-734,9898,10388,490,1224,734,490,734,490,0,True,medium,4,0,0,0,False,False,0,0,,,,,,,,,,
2026-07-25T19:27:14Z,1926,P2-C1,P2,0x927EB9E0,1,Ken the Eagle,True,True,normal_damage_red_generation,44000,44000,18049,15941,-2108,28437,27173,-1264,10388,11232,844,2108,1264,844,1264,844,0,True,medium,4,0,0,0,False,False,0,0,,,,,,,,,,
2026-07-25T19:27:15Z,1928,P2-C1,P2,0x927EB9E0,1,Ken the Eagle,True,True,normal_damage_red_generation,44000,44000,15941,14214,-1727,27173,26137,-1036,11232,11923,691,1727,1036,691,1036,691,0,True,medium,4,0,0,0,False,False,0,0,,,,,,,,,,
2026-07-25T19:27:15Z,1930,P1-C1,P1,0x9246B9C0,12,Ryu,True,True,baroque_status_change,48000,48000,43200,43200,0,48000,48000,0,4800,4800,0,0,0,0,,,,,none,4,0,0,0,False,True,4800,4800,,,,,,,,,,
2026-07-25T19:27:15Z,1931,P1-C1,P1,0x9246B9C0,12,Ryu,True,True,ceiling_loss,48000,48000,43200,43200,0,48000,43700,-4300,4800,500,-4300,0,4300,0,,,,,none,4,0,0,0,True,True,4800,4800,,,,,,,,,,
2026-07-25T19:27:15Z,1931,P2-C1,P2,0x927EB9E0,1,Ken the Eagle,True,True,normal_damage_red_generation,44000,44000,14214,12115,-2099,26137,24878,-1259,11923,12763,840,2099,1259,840,1259,840,0,True,medium,4,0,0,0,False,False,0,0,,,,,,,,,,
2026-07-25T19:27:16Z,1935,P1-C1,P1,0x9246B9C0,12,Ryu,True,True,recoverable_ceiling_gain,48000,48000,43200,43200,0,43700,48000,4300,500,4800,4300,0,0,4300,,,,,none,4,0,0,0,True,False,4800,4800,,,,,,,,,,
2026-07-25T19:27:17Z,1940,P2-C1,P2,0x927EB9E0,1,Ken the Eagle,True,True,recoverable_heal,44000,44000,12115,12615,500,24878,24878,0,12763,12263,-500,0,0,0,,,,,none,4,0,0,0,False,False,0,0,,,,,,,,,,
2026-07-25T19:27:17Z,1941,P2-C1,P2,0x927EB9E0,1,Ken the Eagle,True,True,unknown_health_transition,44000,44000,12615,14015,1400,24878,23918,-960,12263,9903,-2360,0,960,0,,,,,none,4,0,0,0,False,False,0,0,,,,,,,,,,
2026-07-25T19:27:17Z,1944,P1-C1,P1,0x9246B9C0,12,Ryu,True,True,baroque_consume,48000,48000,43200,43200,0,48000,43200,-4800,4800,0,-4800,0,4800,0,,-4800,0,True,high,4,0,0,0,False,True,4800,4800,,,,,,,,,,
2026-07-25T19:27:17Z,1944,P2-C1,P2,0x927EB9E0,1,Ken the Eagle,True,True,normal_damage_red_generation,44000,44000,14015,12405,-1610,23918,22952,-966,9903,10547,644,1610,966,644,966,644,0,True,medium,4,0,0,0,False,False,0,0,,,,,,,,,,
2026-07-25T19:27:18Z,1952,P1-C1,P1,0x9246B9C0,12,Ryu,True,True,recoverable_ceiling_gain,48000,48000,43200,43200,0,43200,48000,4800,0,4800,4800,0,0,4800,,,,,none,4,0,0,0,True,False,4800,4800,,,,,,,,,,
2026-07-25T19:27:19Z,1959,P2-C1,P2,0x927EB9E0,1,Ken the Eagle,True,True,normal_damage_red_generation,44000,44000,12405,10725,-1680,22952,21944,-1008,10547,11219,672,1680,1008,672,1008,672,0,True,medium,4,0,0,0,False,False,0,0,,,,,,,,,,
2026-07-25T19:27:20Z,1960,P2-C1,P2,0x927EB9E0,1,Ken the Eagle,True,True,normal_damage_red_generation,44000,44000,10725,9449,-1276,21944,21179,-765,11219,11730,511,1276,765,511,765,511,0,True,medium,4,0,0,0,False,False,0,0,,,,,,,,,,
2026-07-25T19:27:20Z,1964,P2-C1,P2,0x927EB9E0,1,Ken the Eagle,True,True,normal_damage_red_generation,44000,44000,9449,8240,-1209,21179,20454,-725,11730,12214,484,1209,725,484,725,484,0,True,medium,4,0,0,0,False,False,0,0,,,,,,,,,,
2026-07-25T19:27:20Z,1966,P2-C1,P2,0x927EB9E0,1,Ken the Eagle,True,True,normal_damage_red_generation,44000,44000,8240,7098,-1142,20454,19769,-685,12214,12671,457,1142,685,457,685,457,0,True,medium,4,0,0,0,False,False,0,0,,,,,,,,,,
2026-07-25T19:27:21Z,1972,P2-C1,P2,0x927EB9E0,1,Ken the Eagle,True,True,normal_damage_red_generation,44000,44000,7098,5818,-1280,19769,19001,-768,12671,13183,512,1280,768,512,768,512,0,True,medium,4,0,0,0,False,False,0,0,,,,,,,,,,
2026-07-25T19:27:22Z,1976,P1-C1,P1,0x9246B9C0,12,Ryu,True,True,baroque_consume,48000,48000,43200,43200,0,48000,43200,-4800,4800,0,-4800,0,4800,0,,-4800,0,True,high,4,0,0,0,False,True,4800,4800,,,,,,,,,,
2026-07-25T19:27:22Z,1976,P2-C1,P2,0x927EB9E0,1,Ken the Eagle,True,True,normal_damage_red_generation,44000,44000,5818,4530,-1288,19001,18229,-772,13183,13699,516,1288,772,516,772,516,0,True,medium,4,0,0,0,False,False,0,0,,,,,,,,,,
2026-07-25T19:27:23Z,1985,P1-C1,P1,0x9246B9C0,12,Ryu,True,True,recoverable_ceiling_gain,48000,48000,43200,43200,0,43200,48000,4800,0,4800,4800,0,0,4800,,,,,none,4,0,0,0,True,False,4800,4800,,,,,,,,,,
2026-07-25T19:27:23Z,1986,P1-C1,P1,0x9246B9C0,12,Ryu,True,True,baroque_consume,48000,48000,43200,43200,0,48000,43200,-4800,4800,0,-4800,0,4800,0,,-4800,0,True,high,4,0,0,0,False,True,4800,4800,,,,,,,,,,
2026-07-25T19:27:24Z,1992,P1-C1,P1,0x9246B9C0,12,Ryu,True,True,recoverable_ceiling_gain,48000,48000,43200,43200,0,43200,48000,4800,0,4800,4800,0,0,4800,,,,,none,4,0,0,0,True,False,4800,4800,,,,,,,,,,
2026-07-25T19:27:24Z,1997,P2-C1,P2,0x927EB9E0,1,Ken the Eagle,True,True,recoverable_heal,44000,44000,4530,5530,1000,18229,18229,0,13699,12699,-1000,0,0,0,,,,,none,4,500,0,1,False,False,0,0,,,,,,,,,,
2026-07-25T19:27:24Z,1998,P2-C1,P2,0x927EB9E0,1,Ken the Eagle,True,True,recoverable_heal,44000,44000,5530,8030,2500,18229,18229,0,12699,10199,-2500,0,0,0,,,,,none,4,500,0,1,False,False,0,0,,,,,,,,,,
2026-07-25T19:27:25Z,1999,P2-C1,P2,0x927EB9E0,1,Ken the Eagle,True,True,recoverable_heal,44000,44000,8030,17030,9000,18229,18229,0,10199,1199,-9000,0,0,0,,,,,none,4,500,0,1,False,False,0,0,,,,,,,,,,
2026-07-25T19:27:25Z,2000,P2-C1,P2,0x927EB9E0,1,Ken the Eagle,True,True,mixed_heal,44000,44000,17030,20030,3000,18229,20030,1801,1199,0,-1199,0,0,0,,,,,none,4,500,0,1,False,False,0,0,,,,,,,,,,
2026-07-25T19:27:25Z,2001,P2-C1,P2,0x927EB9E0,1,Ken the Eagle,True,True,current_and_ceiling_heal,44000,44000,20030,22530,2500,20030,22530,2500,0,0,0,0,0,0,,,,,none,4,500,0,1,False,False,0,0,,,,,,,,,,
2026-07-25T19:27:25Z,2002,P2-C1,P2,0x927EB9E0,1,Ken the Eagle,True,True,normal_damage_red_generation,44000,44000,22530,22350,-180,22530,22522,-8,0,172,172,180,8,172,108,72,100,False,medium,4,0,0,0,False,False,0,0,,,,,,,,,,difference can indicate multiple native damage requests between GUI samples
2026-07-25T19:27:25Z,2005,P2-C1,P2,0x927EB9E0,1,Ken the Eagle,True,True,normal_damage_red_generation,44000,44000,22350,20754,-1596,22522,21565,-957,172,811,639,1596,957,639,957,639,0,True,medium,4,0,0,0,False,False,0,0,,,,,,,,,,
2026-07-25T19:27:26Z,2008,P2-C1,P2,0x927EB9E0,1,Ken the Eagle,True,True,normal_damage_red_generation,44000,44000,20754,19242,-1512,21565,20658,-907,811,1416,605,1512,907,605,907,605,0,True,medium,4,0,0,0,False,False,0,0,,,,,,,,,,
2026-07-25T19:27:26Z,2011,P2-C1,P2,0x927EB9E0,1,Ken the Eagle,True,True,normal_damage_red_generation,44000,44000,19242,17814,-1428,20658,19802,-856,1416,1988,572,1428,856,572,856,572,0,True,medium,4,0,0,0,False,False,0,0,,,,,,,,,,
2026-07-25T19:27:28Z,2026,P2-C1,P2,0x927EB9E0,1,Ken the Eagle,True,True,mixed_heal,44000,44000,17814,19814,2000,19802,19814,12,1988,0,-1988,0,0,0,,,,,none,4,500,0,1,False,False,0,0,,,,,,,,,,
2026-07-25T19:27:28Z,2027,P2-C1,P2,0x927EB9E0,1,Ken the Eagle,True,True,current_and_ceiling_heal,44000,44000,19814,29814,10000,19814,29814,10000,0,0,0,0,0,0,,,,,none,4,500,0,1,False,False,0,0,,,,,,,,,,
2026-07-25T19:27:28Z,2028,P2-C1,P2,0x927EB9E0,1,Ken the Eagle,True,True,current_and_ceiling_heal,44000,44000,29814,32814,3000,29814,32814,3000,0,0,0,0,0,0,,,,,none,4,500,0,1,False,False,0,0,,,,,,,,,,
2026-07-25T19:27:28Z,2029,P2-C1,P2,0x927EB9E0,1,Ken the Eagle,True,True,current_and_ceiling_heal,44000,44000,32814,35814,3000,32814,35814,3000,0,0,0,0,0,0,,,,,none,4,500,0,1,False,False,0,0,,,,,,,,,,
2026-07-25T19:27:28Z,2030,P2-C1,P2,0x927EB9E0,1,Ken the Eagle,True,True,current_and_ceiling_heal,44000,44000,35814,38814,3000,35814,38814,3000,0,0,0,0,0,0,,,,,none,4,500,0,1,False,False,0,0,,,,,,,,,,
2026-07-25T19:27:28Z,2031,P2-C1,P2,0x927EB9E0,1,Ken the Eagle,True,True,current_and_ceiling_heal,44000,44000,38814,41814,3000,38814,41814,3000,0,0,0,0,0,0,,,,,none,4,500,0,1,False,False,0,0,,,,,,,,,,
2026-07-25T19:27:28Z,2032,P2-C1,P2,0x927EB9E0,1,Ken the Eagle,True,True,full_health_reset,44000,44000,41814,44000,2186,41814,44000,2186,0,0,0,0,0,0,,,,,none,4,0,0,0,False,False,0,0,,,,,,,,,,
2026-07-25T19:27:29Z,2033,P2-C1,P2,0x927EB9E0,1,Ken the Eagle,True,True,normal_damage_red_generation,44000,44000,44000,42320,-1680,44000,42992,-1008,0,672,672,1680,1008,672,1008,672,0,True,medium,4,0,0,0,False,False,0,0,,,,,,,,,,
2026-07-25T19:27:29Z,2035,P2-C1,P2,0x927EB9E0,1,Ken the Eagle,True,True,normal_damage_red_generation,44000,44000,42320,40724,-1596,42992,42035,-957,672,1311,639,1596,957,639,957,639,0,True,medium,4,0,0,0,False,False,0,0,,,,,,,,,,
2026-07-25T19:27:29Z,2039,P2-C1,P2,0x927EB9E0,1,Ken the Eagle,True,True,normal_damage_red_generation,44000,44000,40724,39212,-1512,42035,41128,-907,1311,1916,605,1512,907,605,907,605,0,True,medium,4,0,0,0,False,False,0,0,,,,,,,,,,
2026-07-25T19:27:30Z,2041,P2-C1,P2,0x927EB9E0,1,Ken the Eagle,True,True,normal_damage_red_generation,44000,44000,39212,37784,-1428,41128,40272,-856,1916,2488,572,1428,856,572,856,572,0,True,medium,4,0,0,0,False,False,0,0,,,,,,,,,,
2026-07-25T19:27:30Z,2046,P2-C1,P2,0x927EB9E0,1,Ken the Eagle,True,True,normal_damage_red_generation,44000,44000,37784,36066,-1718,40272,39242,-1030,2488,3176,688,1718,1030,688,1030,688,0,True,medium,4,0,0,0,False,False,0,0,,,,,,,,,,
2026-07-25T19:27:31Z,2048,P2-C1,P2,0x927EB9E0,1,Ken the Eagle,True,True,normal_damage_red_generation,44000,44000,36066,35115,-951,39242,38672,-570,3176,3557,381,951,570,381,570,381,0,True,medium,4,0,0,0,False,False,0,0,,,,,,,,,,
2026-07-25T19:27:31Z,2049,P2-C1,P2,0x927EB9E0,1,Ken the Eagle,True,True,normal_damage_red_generation,44000,44000,35115,33504,-1611,38672,37706,-966,3557,4202,645,1611,966,645,966,645,0,True,medium,4,0,0,0,False,False,0,0,,,,,,,,,,
2026-07-25T19:27:31Z,2051,P2-C1,P2,0x927EB9E0,1,Ken the Eagle,True,True,normal_damage_red_generation,44000,44000,33504,32209,-1295,37706,36929,-777,4202,4720,518,1295,777,518,777,518,0,True,medium,4,0,0,0,False,False,0,0,,,,,,,,,,
2026-07-25T19:27:32Z,2054,P1-C1,P1,0x9246B9C0,12,Ryu,True,True,baroque_status_change,48000,48000,43200,43200,0,48000,48000,0,4800,4800,0,0,0,0,,,,,none,4,0,0,0,False,True,4800,4800,,,,,,,,,,
2026-07-25T19:27:32Z,2054,P2-C1,P2,0x927EB9E0,1,Ken the Eagle,True,True,normal_damage_red_generation,44000,44000,32209,30670,-1539,36929,36006,-923,4720,5336,616,1539,923,616,923,616,0,True,high,4,0,0,0,False,False,0,0,P1-C1,12,Ryu,305,Hado M,0,100,0x00000009,0x00000040,
2026-07-25T19:27:32Z,2055,P1-C1,P1,0x9246B9C0,12,Ryu,True,True,ceiling_loss,48000,48000,43200,43200,0,48000,43700,-4300,4800,500,-4300,0,4300,0,,,,,none,4,0,0,0,True,True,4800,4800,,,,,,,,,,
2026-07-25T19:27:33Z,2058,P2-C1,P2,0x927EB9E0,1,Ken the Eagle,True,True,normal_damage_red_generation,44000,44000,30670,29894,-776,36006,35541,-465,5336,5647,311,776,465,311,465,311,0,True,medium,4,0,0,0,False,False,0,0,P1-C1,12,Ryu,305,Hado M,0,100,0x00000009,0x00000040,
2026-07-25T19:27:33Z,2061,P2-C1,P2,0x927EB9E0,1,Ken the Eagle,True,True,normal_damage_red_generation,44000,44000,29894,29155,-739,35541,35098,-443,5647,5943,296,739,443,296,443,296,0,True,medium,4,0,0,0,False,False,0,0,P1-C1,12,Ryu,305,Hado M,0,100,0x00000009,0x00000040,
2026-07-25T19:27:33Z,2063,P2-C1,P2,0x927EB9E0,1,Ken the Eagle,True,True,normal_damage_red_generation,44000,44000,29155,28497,-658,35098,34704,-394,5943,6207,264,658,394,264,394,264,0,True,medium,4,0,0,0,False,False,0,0,,,,,,,,,,
2026-07-25T19:27:34Z,2067,P2-C1,P2,0x927EB9E0,1,Ken the Eagle,True,True,normal_damage_red_generation,44000,44000,28497,27919,-578,34704,34358,-346,6207,6439,232,578,346,232,346,232,0,True,medium,4,0,0,0,False,False,0,0,,,,,,,,,,
2026-07-25T19:27:35Z,2076,P1-C1,P1,0x9246B9C0,12,Ryu,True,True,recoverable_ceiling_gain,48000,48000,43200,43200,0,43700,48000,4300,500,4800,4300,0,0,4300,,,,,none,4,0,0,0,True,False,4800,4800,,,,,,,,,,
2026-07-25T19:27:35Z,2079,P2-C1,P2,0x927EB9E0,1,Ken the Eagle,True,True,normal_damage_red_generation,44000,44000,27919,26479,-1440,34358,33494,-864,6439,7015,576,1440,864,576,864,576,0,True,medium,4,0,0,0,False,False,0,0,,,,,,,,,,
2026-07-25T19:27:36Z,2082,P2-C1,P2,0x927EB9E0,1,Ken the Eagle,True,True,normal_damage_red_generation,44000,44000,26479,24123,-2356,33494,32081,-1413,7015,7958,943,2356,1413,943,1413,943,0,True,medium,4,0,0,0,False,False,0,0,,,,,,,,,,
2026-07-25T19:27:36Z,2084,P2-C1,P2,0x927EB9E0,1,Ken the Eagle,True,True,normal_damage_red_generation,44000,44000,24123,22179,-1944,32081,30915,-1166,7958,8736,778,1944,1166,778,1166,778,0,True,medium,4,0,0,0,False,False,0,0,,,,,,,,,,
2026-07-25T19:27:37Z,2088,P1-C1,P1,0x9246B9C0,12,Ryu,True,True,ceiling_loss,48000,48000,43200,43200,0,48000,43700,-4300,4800,500,-4300,0,4300,0,,,,,none,4,0,0,0,False,True,4800,4800,,,,,,,,,,
2026-07-25T19:27:37Z,2088,P2-C1,P2,0x927EB9E0,1,Ken the Eagle,True,True,normal_damage_red_generation,44000,44000,22179,19799,-2380,30915,29487,-1428,8736,9688,952,2380,1428,952,1428,952,0,True,high,4,0,0,0,False,False,0,0,P1-C1,12,Ryu,10,crouching,0,100,0x00000009,0x00000040,
2026-07-25T19:27:37Z,2092,P2-C1,P2,0x927EB9E0,1,Ken the Eagle,True,True,normal_damage_red_generation,44000,44000,19799,18167,-1632,29487,28508,-979,9688,10341,653,1632,979,653,979,653,0,True,medium,4,0,0,0,False,False,0,0,P1-C1,12,Ryu,10,crouching,0,100,0x00000009,0x00000040,
2026-07-25T19:27:38Z,2095,P2-C1,P2,0x927EB9E0,1,Ken the Eagle,True,True,normal_damage_red_generation,44000,44000,18167,16616,-1551,28508,27578,-930,10341,10962,621,1551,930,621,930,621,0,True,medium,4,0,0,0,False,False,0,0,P1-C1,12,Ryu,10,crouching,0,100,0x00000009,0x00000040,
2026-07-25T19:27:38Z,2098,P2-C1,P2,0x927EB9E0,1,Ken the Eagle,True,True,normal_damage_red_generation,44000,44000,16616,15147,-1469,27578,26697,-881,10962,11550,588,1469,881,588,881,588,0,True,medium,4,0,0,0,False,False,0,0,,,,,,,,,,
2026-07-25T19:27:38Z,2100,P2-C1,P2,0x927EB9E0,1,Ken the Eagle,True,True,normal_damage_red_generation,44000,44000,15147,13759,-1388,26697,25865,-832,11550,12106,556,1388,832,556,832,556,0,True,medium,4,0,0,0,False,False,0,0,,,,,,,,,,
2026-07-25T19:27:39Z,2105,P1-C1,P1,0x9246B9C0,12,Ryu,True,True,recoverable_ceiling_gain,48000,48000,43200,43200,0,43700,48000,4300,500,4800,4300,0,0,4300,,,,,none,4,0,0,0,True,False,4800,4800,,,,,,,,,,
2026-07-25T19:27:39Z,2106,P2-C1,P2,0x927EB9E0,1,Ken the Eagle,True,True,normal_damage_red_generation,44000,44000,13759,12959,-800,25865,25385,-480,12106,12426,320,800,480,320,480,320,0,True,medium,4,0,0,0,False,False,0,0,,,,,,,,,,
2026-07-25T19:27:39Z,2107,P2-C1,P2,0x927EB9E0,1,Ken the Eagle,True,True,normal_damage_red_generation,44000,44000,12959,11591,-1368,25385,24565,-820,12426,12974,548,1368,820,548,820,548,0,True,medium,4,-1224,-734,0,False,False,0,0,,,,,,,,,,
2026-07-25T19:27:40Z,2108,P2-C1,P2,0x927EB9E0,1,Ken the Eagle,True,True,normal_damage_red_generation,44000,44000,11591,10367,-1224,24565,23831,-734,12974,13464,490,1224,734,490,734,490,0,True,medium,4,0,0,0,False,False,0,0,,,,,,,,,,
2026-07-25T19:27:40Z,2110,P2-C1,P2,0x927EB9E0,1,Ken the Eagle,True,True,normal_damage_red_generation,44000,44000,10367,8681,-1686,23831,22820,-1011,13464,14139,675,1686,1011,675,1011,675,0,True,medium,4,0,0,0,False,False,0,0,,,,,,,,,,
2026-07-25T19:27:40Z,2113,P2-C1,P2,0x927EB9E0,1,Ken the Eagle,True,True,normal_damage_red_generation,44000,44000,8681,7300,-1381,22820,21992,-828,14139,14692,553,1381,828,553,828,553,0,True,medium,4,0,0,0,False,False,0,0,,,,,,,,,,
2026-07-25T19:27:41Z,2116,P1-C1,P1,0x9246B9C0,12,Ryu,True,True,ceiling_loss,48000,48000,43200,43200,0,48000,43700,-4300,4800,500,-4300,0,4300,0,,,,,none,4,0,0,0,False,True,4800,4800,,,,,,,,,,
2026-07-25T19:27:41Z,2116,P2-C1,P2,0x927EB9E0,1,Ken the Eagle,True,True,normal_damage_red_generation,44000,44000,7300,5621,-1679,21992,20985,-1007,14692,15364,672,1679,1007,672,1007,672,0,True,high,4,0,0,0,False,False,0,0,P1-C1,12,Ryu,1,idle,0,100,0x00000009,0x00000040,
2026-07-25T19:27:42Z,2121,P2-C1,P2,0x927EB9E0,1,Ken the Eagle,True,True,normal_damage_red_generation,44000,44000,5621,4377,-1244,20985,20239,-746,15364,15862,498,1244,746,498,746,498,0,True,medium,4,0,0,0,False,False,0,0,P1-C1,12,Ryu,1,idle,0,100,0x00000009,0x00000040,
2026-07-25T19:27:42Z,2123,P2-C1,P2,0x927EB9E0,1,Ken the Eagle,True,True,normal_damage_red_generation,44000,44000,4377,3283,-1094,20239,19583,-656,15862,16300,438,1094,656,438,656,438,0,True,medium,4,0,0,0,False,False,0,0,P1-C1,12,Ryu,1,idle,0,100,0x00000009,0x00000040,
2026-07-25T19:27:42Z,2126,P2-C1,P2,0x927EB9E0,1,Ken the Eagle,True,True,normal_damage_red_generation,44000,44000,3283,2245,-1038,19583,18961,-622,16300,16716,416,1038,622,416,622,416,0,True,medium,4,0,0,0,False,False,0,0,,,,,,,,,,
2026-07-25T19:27:43Z,2128,P2-C1,P2,0x927EB9E0,1,Ken the Eagle,True,True,normal_damage_red_generation,44000,44000,2245,1263,-982,18961,18372,-589,16716,17109,393,982,589,393,589,393,0,True,medium,4,0,0,0,False,False,0,0,,,,,,,,,,
2026-07-25T19:27:44Z,2137,P1-C1,P1,0x9246B9C0,12,Ryu,True,True,recoverable_ceiling_gain,48000,48000,43200,43200,0,43700,48000,4300,500,4800,4300,0,0,4300,,,,,none,4,0,0,0,True,False,4800,4800,,,,,,,,,,
2026-07-25T19:27:44Z,2139,P2-C1,P2,0x927EB9E0,1,Ken the Eagle,True,True,normal_damage_red_generation,44000,44000,1263,143,-1120,18372,17700,-672,17109,17557,448,1120,672,448,672,448,0,True,medium,4,0,0,0,False,False,0,0,,,,,,,,,,
2026-07-25T19:27:44Z,2143,P1-C1,P1,0x9246B9C0,12,Ryu,True,True,baroque_status_change,48000,48000,43200,43200,0,48000,48000,0,4800,4800,0,0,0,0,,,,,none,4,0,0,0,False,True,4800,4800,,,,,,,,,,
2026-07-25T19:27:44Z,2143,P2-C1,P2,0x927EB9E0,1,Ken the Eagle,True,True,normal_damage_red_generation,44000,44000,143,1,-142,17700,17024,-676,17557,17023,-534,142,676,0,85,57,-57,False,medium,4,0,0,0,False,False,0,0,,,,,,,,,,difference can indicate multiple native damage requests between GUI samples
2026-07-25T19:27:45Z,2144,P1-C1,P1,0x9246B9C0,12,Ryu,True,True,baroque_consume,48000,48000,43200,43200,0,48000,43200,-4800,4800,0,-4800,0,4800,0,,-4800,0,True,high,4,0,0,0,True,True,4800,4800,,,,,,,,,,
2026-07-25T19:27:46Z,2153,P1-C1,P1,0x9246B9C0,12,Ryu,True,True,recoverable_ceiling_gain,48000,48000,43200,43200,0,43200,48000,4800,0,4800,4800,0,0,4800,,,,,none,4,0,0,0,True,False,4800,4800,,,,,,,,,,
2026-07-25T19:27:47Z,2162,P2-C1,P2,0x927EB9E0,1,Ken the Eagle,True,True,ceiling_loss,44000,44000,1,1,0,17024,16319,-705,17023,16318,-705,0,705,0,,,,,none,4,0,0,0,False,False,0,0,,,,,,,,,,
2026-07-25T19:27:47Z,2164,P2-C1,P2,0x927EB9E0,1,Ken the Eagle,True,True,ceiling_loss,44000,44000,1,1,0,16319,15649,-670,16318,15648,-670,0,670,0,,,,,none,4,0,0,0,False,False,0,0,,,,,,,,,,
2026-07-25T19:27:47Z,2168,P2-C1,P2,0x927EB9E0,1,Ken the Eagle,True,True,ceiling_loss,44000,44000,1,1,0,15649,15015,-634,15648,15014,-634,0,634,0,,,,,none,4,0,0,0,False,False,0,0,,,,,,,,,,
2026-07-25T19:27:48Z,2170,P2-C1,P2,0x927EB9E0,1,Ken the Eagle,True,True,ceiling_loss,44000,44000,1,1,0,15015,14416,-599,15014,14415,-599,0,599,0,,,,,none,4,0,0,0,False,False,0,0,,,,,,,,,,
2026-07-25T19:27:49Z,2184,P2-C1,P2,0x927EB9E0,1,Ken the Eagle,True,True,ceiling_loss,44000,44000,1,1,0,14416,14080,-336,14415,14079,-336,0,336,0,,,,,none,4,0,0,0,False,False,0,0,,,,,,,,,,
2026-07-25T19:27:50Z,2185,P2-C1,P2,0x927EB9E0,1,Ken the Eagle,True,True,ceiling_loss,44000,44000,1,1,0,14080,13506,-574,14079,13505,-574,0,574,0,,,,,none,4,0,0,0,False,False,0,0,,,,,,,,,,
2026-07-25T19:27:50Z,2187,P2-C1,P2,0x927EB9E0,1,Ken the Eagle,True,True,ceiling_loss,44000,44000,1,1,0,13506,12993,-513,13505,12992,-513,0,513,0,,,,,none,4,0,0,0,False,False,0,0,,,,,,,,,,
2026-07-25T19:27:50Z,2189,P2-C1,P2,0x927EB9E0,1,Ken the Eagle,True,True,ceiling_loss,44000,44000,1,1,0,12993,12108,-885,12992,12107,-885,0,885,0,,,,,none,4,0,0,0,False,False,0,0,,,,,,,,,,
2026-07-25T19:27:51Z,2196,P2-C1,P2,0x927EB9E0,1,Ken the Eagle,True,True,ceiling_loss,44000,44000,1,1,0,12108,11772,-336,12107,11771,-336,0,336,0,,,,,none,4,0,0,0,False,False,0,0,,,,,,,,,,
2026-07-25T19:27:52Z,2198,P2-C1,P2,0x927EB9E0,1,Ken the Eagle,True,True,ceiling_loss,44000,44000,1,1,0,11772,11198,-574,11771,11197,-574,0,574,0,,,,,none,4,0,0,0,False,False,0,0,,,,,,,,,,
2026-07-25T19:27:52Z,2200,P2-C1,P2,0x927EB9E0,1,Ken the Eagle,True,True,ceiling_loss,44000,44000,1,1,0,11198,10685,-513,11197,10684,-513,0,513,0,,,,,none,4,0,0,0,False,False,0,0,,,,,,,,,,
2026-07-25T19:27:53Z,2211,P2-C1,P2,0x927EB9E0,1,Ken the Eagle,True,True,recoverable_heal,44000,44000,1,3001,3000,10685,10685,0,10684,7684,-3000,0,0,0,,,,,none,4,500,0,1,False,False,0,0,,,,,,,,,,
2026-07-25T19:27:54Z,2212,P2-C1,P2,0x927EB9E0,1,Ken the Eagle,True,True,mixed_heal,44000,44000,3001,11001,8000,10685,11001,316,7684,0,-7684,0,0,0,,,,,none,4,500,0,1,False,False,0,0,,,,,,,,,,
2026-07-25T19:27:54Z,2213,P2-C1,P2,0x927EB9E0,1,Ken the Eagle,True,True,current_and_ceiling_heal,44000,44000,11001,14501,3500,11001,14501,3500,0,0,0,0,0,0,,,,,none,4,500,0,1,False,False,0,0,,,,,,,,,,
2026-07-25T19:27:54Z,2214,P2-C1,P2,0x927EB9E0,1,Ken the Eagle,True,True,current_and_ceiling_heal,44000,44000,14501,17501,3000,14501,17501,3000,0,0,0,0,0,0,,,,,none,4,500,0,1,False,False,0,0,,,,,,,,,,
2026-07-25T19:27:54Z,2215,P2-C1,P2,0x927EB9E0,1,Ken the Eagle,True,True,current_and_ceiling_heal,44000,44000,17501,20501,3000,17501,20501,3000,0,0,0,0,0,0,,,,,none,4,500,0,1,False,False,0,0,,,,,,,,,,
2026-07-25T19:27:54Z,2216,P2-C1,P2,0x927EB9E0,1,Ken the Eagle,True,True,current_and_ceiling_heal,44000,44000,20501,24001,3500,20501,24001,3500,0,0,0,0,0,0,,,,,none,4,500,0,1,False,False,0,0,,,,,,,,,,
2026-07-25T19:27:54Z,2217,P2-C1,P2,0x927EB9E0,1,Ken the Eagle,True,True,current_and_ceiling_heal,44000,44000,24001,27501,3500,24001,27501,3500,0,0,0,0,0,0,,,,,none,4,500,0,1,False,False,0,0,,,,,,,,,,
2026-07-25T19:27:55Z,2218,P2-C1,P2,0x927EB9E0,1,Ken the Eagle,True,True,current_and_ceiling_heal,44000,44000,27501,37001,9500,27501,37001,9500,0,0,0,0,0,0,,,,,none,4,500,0,1,False,False,0,0,,,,,,,,,,
2026-07-25T19:27:55Z,2219,P2-C1,P2,0x927EB9E0,1,Ken the Eagle,True,True,current_and_ceiling_heal,44000,44000,37001,40501,3500,37001,40501,3500,0,0,0,0,0,0,,,,,none,4,500,0,1,False,False,0,0,,,,,,,,,,
2026-07-25T19:27:55Z,2220,P2-C1,P2,0x927EB9E0,1,Ken the Eagle,True,True,full_health_reset,44000,44000,40501,44000,3499,40501,44000,3499,0,0,0,0,0,0,,,,,none,4,0,0,0,False,False,0,0,,,,,,,,,,
2026-07-25T19:28:38Z,2584,P1-C1,P1,0x9246B9C0,12,Ryu,True,True,recoverable_heal,48000,48000,43200,43700,500,48000,48000,0,4800,4300,-500,0,0,0,,,,,none,4,500,0,1,False,False,4800,4800,,,,,,,,,,
2026-07-25T19:28:38Z,2585,P1-C1,P1,0x9246B9C0,12,Ryu,True,True,current_only_damage_or_cost,48000,48000,43700,43200,-500,48000,48000,0,4300,4800,500,500,0,500,,500,0,True,medium,4,500,0,1,False,False,4800,4800,,,,,,,,,,
2026-07-25T19:29:23Z,208,P2-C1,P2,0x927EB9E0,1,Ken the Eagle,True,True,normal_damage_red_generation,44000,44000,44000,43200,-800,44000,43520,-480,0,320,320,800,480,320,480,320,0,True,medium,4,0,0,0,False,False,0,0,,,,,,,,,,
2026-07-25T19:29:23Z,212,P2-C1,P2,0x927EB9E0,1,Ken the Eagle,True,True,normal_damage_red_generation,44000,44000,43200,42400,-800,43520,43040,-480,320,640,320,800,480,320,480,320,0,True,medium,4,0,0,0,False,False,0,0,,,,,,,,,,
2026-07-25T19:29:25Z,220,P2-C1,P2,0x927EB9E0,1,Ken the Eagle,True,True,mixed_heal,44000,44000,42400,43400,1000,43040,43400,360,640,0,-640,0,0,0,,,,,none,4,500,0,1,False,False,0,0,,,,,,,,,,
2026-07-25T19:29:25Z,221,P2-C1,P2,0x927EB9E0,1,Ken the Eagle,True,True,full_health_reset,44000,44000,43400,44000,600,43400,44000,600,0,0,0,0,0,0,,,,,none,4,0,0,0,False,False,0,0,,,,,,,,,,
2026-07-25T19:29:27Z,238,P2-C1,P2,0x927EB9E0,1,Ken the Eagle,True,True,normal_damage_red_generation,44000,44000,44000,43200,-800,44000,43520,-480,0,320,320,800,480,320,480,320,0,True,medium,4,0,0,0,False,False,0,0,,,,,,,,,,
2026-07-25T19:29:27Z,239,P2-C1,P2,0x927EB9E0,1,Ken the Eagle,True,True,normal_damage_red_generation,44000,44000,43200,41832,-1368,43520,42700,-820,320,868,548,1368,820,548,820,548,0,True,medium,4,0,0,0,False,False,0,0,,,,,,,,,,
2026-07-25T19:29:28Z,240,P2-C1,P2,0x927EB9E0,1,Ken the Eagle,True,True,normal_damage_red_generation,44000,44000,41832,40608,-1224,42700,41966,-734,868,1358,490,1224,734,490,734,490,0,True,medium,4,0,0,0,False,False,0,0,,,,,,,,,,
2026-07-25T19:29:28Z,242,P2-C1,P2,0x927EB9E0,1,Ken the Eagle,True,True,normal_damage_red_generation,44000,44000,40608,38500,-2108,41966,40702,-1264,1358,2202,844,2108,1264,844,1264,844,0,True,medium,4,0,0,0,False,False,0,0,,,,,,,,,,
2026-07-25T19:29:28Z,245,P2-C1,P2,0x927EB9E0,1,Ken the Eagle,True,True,normal_damage_red_generation,44000,44000,38500,36773,-1727,40702,39666,-1036,2202,2893,691,1727,1036,691,1036,691,0,True,medium,4,0,0,0,False,False,0,0,,,,,,,,,,
2026-07-25T19:29:29Z,247,P1-C1,P1,0x9246B9C0,12,Ryu,True,True,ceiling_loss,48000,48000,43200,43200,0,48000,43700,-4300,4800,500,-4300,0,4300,0,,,,,none,4,0,0,0,False,True,4800,4800,,,,,,,,,,
2026-07-25T19:29:29Z,247,P2-C1,P2,0x927EB9E0,1,Ken the Eagle,True,True,normal_damage_red_generation,44000,44000,36773,34674,-2099,39666,38407,-1259,2893,3733,840,2099,1259,840,1259,840,0,True,high,4,0,0,0,False,False,0,0,P1-C1,12,Ryu,1,idle,0,100,0x00000009,0x00000040,
2026-07-25T19:29:30Z,251,P2-C1,P2,0x927EB9E0,1,Ken the Eagle,True,True,normal_damage_red_generation,44000,44000,34674,33119,-1555,38407,37474,-933,3733,4355,622,1555,933,622,933,622,0,True,medium,4,0,0,0,False,False,0,0,P1-C1,12,Ryu,1,idle,0,100,0x00000009,0x00000040,
2026-07-25T19:29:30Z,253,P2-C1,P2,0x927EB9E0,1,Ken the Eagle,True,True,normal_damage_red_generation,44000,44000,33119,31555,-1564,37474,36536,-938,4355,4981,626,1564,938,626,938,626,0,True,medium,4,0,0,0,False,False,0,0,P1-C1,12,Ryu,1,idle,0,100,0x00000009,0x00000040,
2026-07-25T19:29:30Z,256,P2-C1,P2,0x927EB9E0,1,Ken the Eagle,True,True,normal_damage_red_generation,44000,44000,31555,30071,-1484,36536,35646,-890,4981,5575,594,1484,890,594,890,594,0,True,medium,4,0,0,0,False,False,0,0,,,,,,,,,,
2026-07-25T19:29:31Z,257,P2-C1,P2,0x927EB9E0,1,Ken the Eagle,True,True,normal_damage_red_generation,44000,44000,30071,28668,-1403,35646,34805,-841,5575,6137,562,1403,841,562,841,562,0,True,medium,4,0,0,0,False,False,0,0,,,,,,,,,,
2026-07-25T19:29:32Z,265,P1-C1,P1,0x9246B9C0,12,Ryu,True,True,recoverable_ceiling_gain,48000,48000,43200,43200,0,43700,48000,4300,500,4800,4300,0,0,4300,,,,,none,4,0,0,0,True,False,4800,4800,,,,,,,,,,
2026-07-25T19:29:33Z,277,P2-C1,P2,0x927EB9E0,1,Ken the Eagle,True,True,recoverable_heal,44000,44000,28668,31168,2500,34805,34805,0,6137,3637,-2500,0,0,0,,,,,none,4,500,0,1,False,False,0,0,,,,,,,,,,
2026-07-25T19:29:33Z,278,P2-C1,P2,0x927EB9E0,1,Ken the Eagle,True,True,mixed_heal,44000,44000,31168,38668,7500,34805,38668,3863,3637,0,-3637,0,0,0,,,,,none,4,500,0,1,False,False,0,0,,,,,,,,,,
2026-07-25T19:29:33Z,279,P2-C1,P2,0x927EB9E0,1,Ken the Eagle,True,True,current_and_ceiling_heal,44000,44000,38668,41168,2500,38668,41168,2500,0,0,0,0,0,0,,,,,none,4,500,0,1,False,False,0,0,,,,,,,,,,
2026-07-25T19:29:33Z,280,P2-C1,P2,0x927EB9E0,1,Ken the Eagle,True,True,full_health_reset,44000,44000,41168,44000,2832,41168,44000,2832,0,0,0,0,0,0,,,,,none,4,0,0,0,False,False,0,0,,,,,,,,,,
2026-07-25T19:30:08Z,573,P2-C1,P2,0x927EB9E0,1,Ken the Eagle,True,True,normal_damage_red_generation,44000,44000,44000,41520,-2480,44000,42512,-1488,0,992,992,2480,1488,992,1488,992,0,True,medium,4,0,0,0,False,False,0,0,,,,,,,,,,
2026-07-25T19:30:10Z,584,P2-C1,P2,0x927EB9E0,1,Ken the Eagle,True,True,mixed_heal,44000,44000,41520,42520,1000,42512,42520,8,992,0,-992,0,0,0,,,,,none,4,500,0,1,False,False,0,0,,,,,,,,,,
2026-07-25T19:30:10Z,585,P2-C1,P2,0x927EB9E0,1,Ken the Eagle,True,True,full_health_reset,44000,44000,42520,44000,1480,42520,44000,1480,0,0,0,0,0,0,,,,,none,4,0,0,0,False,False,0,0,,,,,,,,,,
2026-07-25T19:30:16Z,638,P2-C1,P2,0x927EB9E0,1,Ken the Eagle,True,True,normal_damage_red_generation,44000,44000,44000,43200,-800,44000,43520,-480,0,320,320,800,480,320,480,320,0,True,medium,4,0,0,0,False,False,0,0,,,,,,,,,,
2026-07-25T19:30:16Z,639,P2-C1,P2,0x927EB9E0,1,Ken the Eagle,True,True,normal_damage_red_generation,44000,44000,43200,41832,-1368,43520,42700,-820,320,868,548,1368,820,548,820,548,0,True,medium,4,0,0,0,False,False,0,0,,,,,,,,,,
2026-07-25T19:30:17Z,640,P2-C1,P2,0x927EB9E0,1,Ken the Eagle,True,True,normal_damage_red_generation,44000,44000,41832,40608,-1224,42700,41966,-734,868,1358,490,1224,734,490,734,490,0,True,medium,4,0,0,0,False,False,0,0,,,,,,,,,,
2026-07-25T19:30:17Z,642,P2-C1,P2,0x927EB9E0,1,Ken the Eagle,True,True,normal_damage_red_generation,44000,44000,40608,38500,-2108,41966,40702,-1264,1358,2202,844,2108,1264,844,1264,844,0,True,medium,4,0,0,0,False,False,0,0,,,,,,,,,,
2026-07-25T19:30:17Z,644,P2-C1,P2,0x927EB9E0,1,Ken the Eagle,True,True,normal_damage_red_generation,44000,44000,38500,36773,-1727,40702,39666,-1036,2202,2893,691,1727,1036,691,1036,691,0,True,medium,4,0,0,0,False,False,0,0,,,,,,,,,,
2026-07-25T19:30:18Z,647,P1-C1,P1,0x9246B9C0,12,Ryu,True,True,ceiling_loss,48000,48000,43200,43200,0,48000,43700,-4300,4800,500,-4300,0,4300,0,,,,,none,4,0,0,0,False,True,4800,4800,,,,,,,,,,
2026-07-25T19:30:18Z,647,P2-C1,P2,0x927EB9E0,1,Ken the Eagle,True,True,normal_damage_red_generation,44000,44000,36773,34674,-2099,39666,38407,-1259,2893,3733,840,2099,1259,840,1259,840,0,True,high,4,0,0,0,False,False,0,0,P1-C1,12,Ryu,1,idle,0,100,0x00000009,0x00000040,
2026-07-25T19:30:19Z,652,P2-C1,P2,0x927EB9E0,1,Ken the Eagle,True,True,normal_damage_red_generation,44000,44000,34674,33532,-1142,38407,37722,-685,3733,4190,457,1142,685,457,685,457,0,True,medium,4,0,0,0,False,False,0,0,P1-C1,12,Ryu,1,idle,0,100,0x00000009,0x00000040,
2026-07-25T19:30:19Z,653,P2-C1,P2,0x927EB9E0,1,Ken the Eagle,True,True,normal_damage_red_generation,44000,44000,33532,32472,-1060,37722,37086,-636,4190,4614,424,1060,636,424,636,424,0,True,medium,4,0,0,0,False,False,0,0,P1-C1,12,Ryu,1,idle,0,100,0x00000009,0x00000040,
2026-07-25T19:30:19Z,657,P2-C1,P2,0x927EB9E0,1,Ken the Eagle,True,True,normal_damage_red_generation,44000,44000,32472,31494,-978,37086,36500,-586,4614,5006,392,978,586,392,586,392,0,True,medium,4,0,0,0,False,False,0,0,,,,,,,,,,
2026-07-25T19:30:20Z,660,P2-C1,P2,0x927EB9E0,1,Ken the Eagle,True,True,normal_damage_red_generation,44000,44000,31494,30597,-897,36500,35962,-538,5006,5365,359,897,538,359,538,359,0,True,medium,4,0,0,0,False,False,0,0,,,,,,,,,,
2026-07-25T19:30:20Z,663,P2-C1,P2,0x927EB9E0,1,Ken the Eagle,True,True,normal_damage_red_generation,44000,44000,30597,30210,-387,35962,35730,-232,5365,5520,155,387,232,155,232,155,0,True,medium,4,0,0,0,False,False,0,0,,,,,,,,,,
2026-07-25T19:30:20Z,664,P2-C1,P2,0x927EB9E0,1,Ken the Eagle,True,True,normal_damage_red_generation,44000,44000,30210,29862,-348,35730,35522,-208,5520,5660,140,348,208,140,208,140,0,True,medium,4,0,0,0,False,False,0,0,,,,,,,,,,
2026-07-25T19:30:21Z,665,P2-C1,P2,0x927EB9E0,1,Ken the Eagle,True,True,normal_damage_red_generation,44000,44000,29862,29304,-558,35522,35188,-334,5660,5884,224,558,334,224,334,224,0,True,medium,4,0,0,0,False,False,0,0,,,,,,,,,,
2026-07-25T19:30:21Z,666,P2-C1,P2,0x927EB9E0,1,Ken the Eagle,True,True,normal_damage_red_generation,44000,44000,29304,28842,-462,35188,34911,-277,5884,6069,185,462,277,185,277,185,0,True,medium,4,0,0,0,False,False,0,0,,,,,,,,,,
2026-07-25T19:30:21Z,667,P2-C1,P2,0x927EB9E0,1,Ken the Eagle,True,True,normal_damage_red_generation,44000,44000,28842,27999,-843,34911,34406,-505,6069,6407,338,843,505,338,505,338,0,True,medium,4,0,0,0,False,False,0,0,,,,,,,,,,
2026-07-25T19:30:22Z,669,P2-C1,P2,0x927EB9E0,1,Ken the Eagle,True,True,normal_damage_red_generation,44000,44000,27999,27183,-816,34406,33917,-489,6407,6734,327,816,489,327,489,327,0,True,medium,4,0,0,0,False,False,0,0,,,,,,,,,,
2026-07-25T19:30:22Z,671,P2-C1,P2,0x927EB9E0,1,Ken the Eagle,True,True,normal_damage_red_generation,44000,44000,27183,26429,-754,33917,33465,-452,6734,7036,302,754,452,302,452,302,0,True,medium,4,0,0,0,False,False,0,0,,,,,,,,,,
2026-07-25T19:30:23Z,674,P2-C1,P2,0x927EB9E0,1,Ken the Eagle,True,True,normal_damage_red_generation,44000,44000,26429,25471,-958,33465,32891,-574,7036,7420,384,958,574,384,574,384,0,True,medium,4,0,0,0,False,False,0,0,,,,,,,,,,
2026-07-25T19:30:24Z,681,P2-C1,P2,0x927EB9E0,1,Ken the Eagle,True,True,normal_damage_red_generation,44000,44000,25471,25186,-285,32891,32720,-171,7420,7534,114,285,171,114,171,114,0,True,medium,4,0,0,0,False,False,0,0,,,,,,,,,,
2026-07-25T19:30:24Z,682,P2-C1,P2,0x927EB9E0,1,Ken the Eagle,True,True,normal_damage_red_generation,44000,44000,25186,24668,-518,32720,32410,-310,7534,7742,208,518,310,208,310,208,0,True,medium,4,0,0,0,False,False,0,0,,,,,,,,,,
2026-07-25T19:30:24Z,684,P2-C1,P2,0x927EB9E0,1,Ken the Eagle,True,True,normal_damage_red_generation,44000,44000,24668,24178,-490,32410,32116,-294,7742,7938,196,490,294,196,294,196,0,True,medium,4,0,0,0,False,False,0,0,,,,,,,,,,
2026-07-25T19:30:25Z,686,P1-C2,P1,0x92B6BA00,13,Chun-Li,False,True,point_status_change,46000,46000,46000,46000,0,46000,46000,0,0,0,0,0,0,0,,,,,none,4,0,0,0,False,False,0,0,,,,,,,,,,
2026-07-25T19:30:27Z,700,P1-C1,P1,0x9246B9C0,12,Ryu,True,True,recoverable_ceiling_gain,48000,48000,43200,43200,0,43700,48000,4300,500,4800,4300,0,0,4300,,,,,none,4,0,0,0,True,False,4800,4800,,,,,,,,,,
2026-07-25T19:30:27Z,701,P2-C1,P2,0x927EB9E0,1,Ken the Eagle,True,True,normal_damage_red_generation,44000,44000,24178,19956,-4222,32116,29585,-2531,7938,9629,1691,4222,2531,1691,2533,1689,2,False,high,4,-447,-268,0,False,False,0,0,P1-C2,13,Chun-Li,352,Kikosho,0,960,0x0000000C,0x00000123,difference can indicate multiple native damage requests between GUI samples
2026-07-25T19:30:27Z,702,P2-C1,P2,0x927EB9E0,1,Ken the Eagle,True,True,normal_damage_red_generation,44000,44000,19956,18152,-1804,29585,28505,-1080,9629,10353,724,1804,1080,724,1082,722,2,False,high,4,0,0,0,False,False,0,0,P1-C2,13,Chun-Li,352,Kikosho,0,960,0x0000000C,0x00000123,difference can indicate multiple native damage requests between GUI samples
2026-07-25T19:30:27Z,703,P2-C1,P2,0x927EB9E0,1,Ken the Eagle,True,True,normal_damage_red_generation,44000,44000,18152,17131,-1021,28505,27893,-612,10353,10762,409,1021,612,409,612,409,0,True,high,4,-336,-201,0,False,False,0,0,P1-C2,13,Chun-Li,352,Kikosho,0,960,0x0000000C,0x00000123,
2026-07-25T19:30:27Z,704,P2-C1,P2,0x927EB9E0,1,Ken the Eagle,True,True,normal_damage_red_generation,44000,44000,17131,16571,-560,27893,27558,-335,10762,10987,225,560,335,225,336,224,1,False,high,4,-224,-134,0,False,False,0,0,P1-C2,13,Chun-Li,352,Kikosho,0,960,0x0000000C,0x00000123,difference can indicate multiple native damage requests between GUI samples
2026-07-25T19:30:27Z,705,P2-C1,P2,0x927EB9E0,1,Ken the Eagle,True,True,normal_damage_red_generation,44000,44000,16571,15787,-784,27558,27089,-469,10987,11302,315,784,469,315,470,314,1,False,high,4,0,0,0,False,False,0,0,P1-C2,13,Chun-Li,352,Kikosho,0,960,0x0000000C,0x00000123,difference can indicate multiple native damage requests between GUI samples
2026-07-25T19:30:27Z,706,P2-C1,P2,0x927EB9E0,1,Ken the Eagle,True,True,normal_damage_red_generation,44000,44000,15787,15563,-224,27089,26955,-134,11302,11392,90,224,134,90,134,90,0,True,high,4,-336,-201,0,False,False,0,0,P1-C2,13,Chun-Li,352,Kikosho,0,960,0x0000000C,0x00000123,
2026-07-25T19:30:28Z,707,P2-C1,P2,0x927EB9E0,1,Ken the Eagle,True,True,normal_damage_red_generation,44000,44000,15563,14219,-1344,26955,26151,-804,11392,11932,540,1344,804,540,806,538,2,False,high,4,0,0,0,False,False,0,0,P1-C2,13,Chun-Li,352,Kikosho,0,960,0x0000000C,0x00000123,difference can indicate multiple native damage requests between GUI samples
2026-07-25T19:30:28Z,708,P2-C1,P2,0x927EB9E0,1,Ken the Eagle,True,True,normal_damage_red_generation,44000,44000,14219,13435,-784,26151,25682,-469,11932,12247,315,784,469,315,470,314,1,False,high,4,0,0,0,False,False,0,0,P1-C2,13,Chun-Li,352,Kikosho,0,960,0x0000000C,0x00000123,difference can indicate multiple native damage requests between GUI samples
2026-07-25T19:30:28Z,709,P2-C1,P2,0x927EB9E0,1,Ken the Eagle,True,True,normal_damage_red_generation,44000,44000,13435,13211,-224,25682,25548,-134,12247,12337,90,224,134,90,134,90,0,True,high,4,-336,-201,0,False,False,0,0,P1-C2,13,Chun-Li,352,Kikosho,0,960,0x0000000C,0x00000123,
2026-07-25T19:30:28Z,710,P2-C1,P2,0x927EB9E0,1,Ken the Eagle,True,True,normal_damage_red_generation,44000,44000,13211,12651,-560,25548,25213,-335,12337,12562,225,560,335,225,336,224,1,False,high,4,-224,-134,0,False,False,0,0,P1-C2,13,Chun-Li,352,Kikosho,0,960,0x0000000C,0x00000123,difference can indicate multiple native damage requests between GUI samples
2026-07-25T19:30:28Z,711,P2-C1,P2,0x927EB9E0,1,Ken the Eagle,True,True,normal_damage_red_generation,44000,44000,12651,11867,-784,25213,24744,-469,12562,12877,315,784,469,315,470,314,1,False,high,4,-224,-134,0,False,False,0,0,P1-C2,13,Chun-Li,352,Kikosho,0,960,0x0000000C,0x00000123,difference can indicate multiple native damage requests between GUI samples
2026-07-25T19:30:28Z,712,P2-C1,P2,0x927EB9E0,1,Ken the Eagle,True,True,normal_damage_red_generation,44000,44000,11867,11307,-560,24744,24409,-335,12877,13102,225,560,335,225,336,224,1,False,high,4,0,0,0,False,False,0,0,P1-C2,13,Chun-Li,352,Kikosho,0,960,0x0000000C,0x00000123,difference can indicate multiple native damage requests between GUI samples
2026-07-25T19:30:28Z,713,P2-C1,P2,0x927EB9E0,1,Ken the Eagle,True,True,normal_damage_red_generation,44000,44000,11307,10233,-1074,24409,23767,-642,13102,13534,432,1074,642,432,644,430,2,False,high,4,0,0,0,False,False,0,0,P1-C2,13,Chun-Li,352,Kikosho,0,100,0x00000009,0x00000040,difference can indicate multiple native damage requests between GUI samples
2026-07-25T19:30:29Z,714,P2-C1,P2,0x927EB9E0,1,Ken the Eagle,True,True,normal_damage_red_generation,44000,44000,10233,10054,-179,23767,23660,-107,13534,13606,72,179,107,72,107,72,0,True,medium,4,-179,-107,0,False,False,0,0,P1-C2,13,Chun-Li,352,Kikosho,0,100,0x00000009,0x00000040,
2026-07-25T19:30:29Z,715,P2-C1,P2,0x927EB9E0,1,Ken the Eagle,True,True,normal_damage_red_generation,44000,44000,10054,9875,-179,23660,23553,-107,13606,13678,72,179,107,72,107,72,0,True,medium,4,-179,-107,0,False,False,0,0,P1-C2,13,Chun-Li,352,Kikosho,0,100,0x00000009,0x00000040,
2026-07-25T19:30:29Z,716,P2-C1,P2,0x927EB9E0,1,Ken the Eagle,True,True,normal_damage_red_generation,44000,44000,9875,9517,-358,23553,23339,-214,13678,13822,144,358,214,144,214,144,0,True,medium,4,0,0,0,False,False,0,0,P1-C2,13,Chun-Li,352,Kikosho,0,100,0x00000009,0x00000040,
2026-07-25T19:30:29Z,717,P2-C1,P2,0x927EB9E0,1,Ken the Eagle,True,True,normal_damage_red_generation,44000,44000,9517,9338,-179,23339,23232,-107,13822,13894,72,179,107,72,107,72,0,True,medium,4,0,0,0,False,False,0,0,P1-C2,13,Chun-Li,352,Kikosho,0,100,0x00000009,0x00000040,
2026-07-25T19:30:29Z,718,P2-C1,P2,0x927EB9E0,1,Ken the Eagle,True,True,normal_damage_red_generation,44000,44000,9338,8980,-358,23232,23018,-214,13894,14038,144,358,214,144,214,144,0,True,medium,4,0,0,0,False,False,0,0,P1-C2,13,Chun-Li,352,Kikosho,0,100,0x00000009,0x00000040,
2026-07-25T19:30:29Z,719,P2-C1,P2,0x927EB9E0,1,Ken the Eagle,True,True,normal_damage_red_generation,44000,44000,8980,8622,-358,23018,22804,-214,14038,14182,144,358,214,144,214,144,0,True,medium,4,0,0,0,False,False,0,0,P1-C2,13,Chun-Li,352,Kikosho,0,100,0x00000009,0x00000040,
2026-07-25T19:30:29Z,720,P2-C1,P2,0x927EB9E0,1,Ken the Eagle,True,True,normal_damage_red_generation,44000,44000,8622,8264,-358,22804,22590,-214,14182,14326,144,358,214,144,214,144,0,True,medium,4,0,0,0,False,False,0,0,P1-C2,13,Chun-Li,352,Kikosho,0,100,0x00000009,0x00000040,
2026-07-25T19:30:30Z,724,P1-C2,P1,0x92B6BA00,13,Chun-Li,True,False,point_status_change,46000,46000,46000,46000,0,46000,46000,0,0,0,0,0,0,0,,,,,none,4,4,0,0,False,False,0,0,,,,,,,,,,
2026-07-25T19:30:30Z,724,P2-C1,P2,0x927EB9E0,1,Ken the Eagle,True,True,normal_damage_red_generation,44000,44000,8264,7624,-640,22590,22206,-384,14326,14582,256,640,384,256,384,256,0,True,medium,4,0,0,0,False,False,0,0,,,,,,,,,,
2026-07-25T19:30:31Z,725,P2-C1,P2,0x927EB9E0,1,Ken the Eagle,True,True,normal_damage_red_generation,44000,44000,7624,5980,-1644,22206,21221,-985,14582,15241,659,1644,985,659,986,658,1,False,medium,4,0,0,0,False,False,0,0,,,,,,,,,,difference can indicate multiple native damage requests between GUI samples
2026-07-25T19:30:31Z,727,P2-C1,P2,0x927EB9E0,1,Ken the Eagle,True,True,normal_damage_red_generation,44000,44000,5980,5056,-924,21221,20667,-554,15241,15611,370,924,554,370,554,370,0,True,medium,4,0,0,0,False,False,0,0,,,,,,,,,,
2026-07-25T19:30:33Z,731,P2-C1,P2,0x927EB9E0,1,Ken the Eagle,True,True,recoverable_heal,44000,44000,5056,12056,7000,20667,20667,0,15611,8611,-7000,0,0,0,,,,,none,4,500,0,1,False,False,0,0,,,,,,,,,,
2026-07-25T19:30:33Z,732,P2-C1,P2,0x927EB9E0,1,Ken the Eagle,True,True,recoverable_heal,44000,44000,12056,16056,4000,20667,20667,0,8611,4611,-4000,0,0,0,,,,,none,4,500,0,1,False,False,0,0,,,,,,,,,,
2026-07-25T19:30:33Z,733,P2-C1,P2,0x927EB9E0,1,Ken the Eagle,True,True,mixed_heal,44000,44000,16056,24056,8000,20667,24056,3389,4611,0,-4611,0,0,0,,,,,none,4,500,0,1,False,False,0,0,,,,,,,,,,
2026-07-25T19:30:33Z,734,P2-C1,P2,0x927EB9E0,1,Ken the Eagle,True,True,current_and_ceiling_heal,44000,44000,24056,31056,7000,24056,31056,7000,0,0,0,0,0,0,,,,,none,4,500,0,1,False,False,0,0,,,,,,,,,,
2026-07-25T19:30:33Z,735,P2-C1,P2,0x927EB9E0,1,Ken the Eagle,True,True,current_and_ceiling_heal,44000,44000,31056,34056,3000,31056,34056,3000,0,0,0,0,0,0,,,,,none,4,500,0,1,False,False,0,0,,,,,,,,,,
2026-07-25T19:30:33Z,736,P2-C1,P2,0x927EB9E0,1,Ken the Eagle,True,True,current_and_ceiling_heal,44000,44000,34056,37056,3000,34056,37056,3000,0,0,0,0,0,0,,,,,none,4,500,0,1,False,False,0,0,,,,,,,,,,
2026-07-25T19:30:33Z,737,P2-C1,P2,0x927EB9E0,1,Ken the Eagle,True,True,current_and_ceiling_heal,44000,44000,37056,40056,3000,37056,40056,3000,0,0,0,0,0,0,,,,,none,4,500,0,1,False,False,0,0,,,,,,,,,,
2026-07-25T19:30:34Z,738,P2-C1,P2,0x927EB9E0,1,Ken the Eagle,True,True,full_health_reset,44000,44000,40056,44000,3944,40056,44000,3944,0,0,0,0,0,0,,,,,none,4,0,0,0,False,False,0,0,,,,,,,,,,
2026-07-25T19:30:36Z,759,P2-C1,P2,0x927EB9E0,1,Ken the Eagle,True,True,normal_damage_red_generation,44000,44000,44000,41440,-2560,44000,42464,-1536,0,1024,1024,2560,1536,1024,1536,1024,0,True,medium,4,0,0,0,False,False,0,0,,,,,,,,,,
2026-07-25T19:30:37Z,761,P2-C1,P2,0x927EB9E0,1,Ken the Eagle,True,True,normal_damage_red_generation,44000,44000,41440,40680,-760,42464,42008,-456,1024,1328,304,760,456,304,456,304,0,True,medium,4,0,0,0,False,False,0,0,,,,,,,,,,
2026-07-25T19:30:37Z,762,P2-C1,P2,0x927EB9E0,1,Ken the Eagle,True,True,normal_damage_red_generation,44000,44000,40680,39384,-1296,42008,41231,-777,1328,1847,519,1296,777,519,777,519,0,True,medium,4,0,0,0,False,False,0,0,,,,,,,,,,
2026-07-25T19:30:38Z,764,P2-C1,P2,0x927EB9E0,1,Ken the Eagle,True,True,normal_damage_red_generation,44000,44000,39384,38228,-1156,41231,40538,-693,1847,2310,463,1156,693,463,693,463,0,True,medium,4,0,0,0,False,False,0,0,,,,,,,,,,
2026-07-25T19:30:38Z,765,P2-C1,P2,0x927EB9E0,1,Ken the Eagle,True,True,normal_damage_red_generation,44000,44000,38228,36245,-1983,40538,39349,-1189,2310,3104,794,1983,1189,794,1189,794,0,True,medium,4,0,0,0,False,False,0,0,,,,,,,,,,
2026-07-25T19:30:38Z,766,P2-C1,P2,0x927EB9E0,1,Ken the Eagle,True,True,normal_damage_red_generation,44000,44000,36245,34446,-1799,39349,38270,-1079,3104,3824,720,1799,1079,720,1079,720,0,True,medium,4,0,0,0,False,False,0,0,,,,,,,,,,
2026-07-25T19:30:39Z,768,P2-C1,P2,0x927EB9E0,1,Ken the Eagle,True,True,normal_damage_red_generation,44000,44000,34446,32894,-1552,38270,37339,-931,3824,4445,621,1552,931,621,931,621,0,True,medium,4,0,0,0,False,False,0,0,,,,,,,,,,
2026-07-25T19:30:39Z,770,P2-C1,P2,0x927EB9E0,1,Ken the Eagle,True,True,normal_damage_red_generation,44000,44000,32894,31063,-1831,37339,36241,-1098,4445,5178,733,1831,1098,733,1098,733,0,True,medium,4,0,0,0,False,False,0,0,,,,,,,,,,
2026-07-25T19:30:40Z,777,P2-C1,P2,0x927EB9E0,1,Ken the Eagle,True,True,normal_damage_red_generation,44000,44000,31063,30565,-498,36241,35943,-298,5178,5378,200,498,298,200,298,200,0,True,medium,4,0,0,0,False,False,0,0,,,,,,,,,,
2026-07-25T19:30:40Z,778,P2-C1,P2,0x927EB9E0,1,Ken the Eagle,True,True,normal_damage_red_generation,44000,44000,30565,29727,-838,35943,35441,-502,5378,5714,336,838,502,336,502,336,0,True,medium,4,0,0,0,False,False,0,0,,,,,,,,,,
2026-07-25T19:30:41Z,779,P2-C1,P2,0x927EB9E0,1,Ken the Eagle,True,True,normal_damage_red_generation,44000,44000,29727,29014,-713,35441,35014,-427,5714,6000,286,713,427,286,427,286,0,True,medium,4,0,0,0,False,False,0,0,,,,,,,,,,
2026-07-25T19:30:41Z,780,P2-C1,P2,0x927EB9E0,1,Ken the Eagle,True,True,normal_damage_red_generation,44000,44000,29014,27836,-1178,35014,34308,-706,6000,6472,472,1178,706,472,706,472,0,True,medium,4,0,0,0,False,False,0,0,,,,,,,,,,
2026-07-25T19:30:42Z,782,P2-C1,P2,0x927EB9E0,1,Ken the Eagle,True,True,normal_damage_red_generation,44000,44000,27836,26813,-1023,34308,33695,-613,6472,6882,410,1023,613,410,613,410,0,True,medium,4,0,0,0,False,False,0,0,,,,,,,,,,
2026-07-25T19:30:42Z,784,P2-C1,P2,0x927EB9E0,1,Ken the Eagle,True,True,normal_damage_red_generation,44000,44000,26813,26004,-809,33695,33210,-485,6882,7206,324,809,485,324,485,324,0,True,medium,4,0,0,0,False,False,0,0,,,,,,,,,,
2026-07-25T19:30:42Z,786,P2-C1,P2,0x927EB9E0,1,Ken the Eagle,True,True,normal_damage_red_generation,44000,44000,26004,25403,-601,33210,32850,-360,7206,7447,241,601,360,241,360,241,0,True,medium,4,0,0,0,False,False,0,0,,,,,,,,,,
2026-07-25T19:30:43Z,788,P2-C1,P2,0x927EB9E0,1,Ken the Eagle,True,True,normal_damage_red_generation,44000,44000,25403,24801,-602,32850,32489,-361,7447,7688,241,602,361,241,361,241,0,True,medium,4,0,0,0,False,False,0,0,,,,,,,,,,
2026-07-25T19:30:43Z,790,P1-C2,P1,0x92B6BA00,13,Chun-Li,False,True,point_status_change,46000,46000,46000,46000,0,46000,46000,0,0,0,0,0,0,0,,,,,none,4,4,0,0,False,False,0,0,,,,,,,,,,
2026-07-25T19:30:43Z,790,P2-C1,P2,0x927EB9E0,1,Ken the Eagle,True,True,normal_damage_red_generation,44000,44000,24801,24198,-603,32489,32128,-361,7688,7930,242,603,361,242,361,242,0,True,medium,4,0,0,0,False,False,0,0,,,,,,,,,,
2026-07-25T19:30:44Z,793,P2-C1,P2,0x927EB9E0,1,Ken the Eagle,True,True,normal_damage_red_generation,44000,44000,24198,23218,-980,32128,31541,-587,7930,8323,393,980,587,393,588,392,1,False,medium,4,0,0,0,False,False,0,0,,,,,,,,,,difference can indicate multiple native damage requests between GUI samples
2026-07-25T19:30:44Z,795,P2-C1,P2,0x927EB9E0,1,Ken the Eagle,True,True,normal_damage_red_generation,44000,44000,23218,22837,-381,31541,31313,-228,8323,8476,153,381,228,153,228,153,0,True,medium,4,0,0,0,False,False,0,0,,,,,,,,,,
2026-07-25T19:30:44Z,797,P2-C1,P2,0x927EB9E0,1,Ken the Eagle,True,True,normal_damage_red_generation,44000,44000,22837,22448,-389,31313,31080,-233,8476,8632,156,389,233,156,233,156,0,True,medium,4,0,0,0,False,False,0,0,,,,,,,,,,
2026-07-25T19:30:45Z,799,P2-C1,P2,0x927EB9E0,1,Ken the Eagle,True,True,normal_damage_red_generation,44000,44000,22448,21503,-945,31080,30513,-567,8632,9010,378,945,567,378,567,378,0,True,medium,4,0,0,0,False,False,0,0,,,,,,,,,,
2026-07-25T19:30:45Z,801,P1-C2,P1,0x92B6BA00,13,Chun-Li,True,False,point_status_change,46000,46000,46000,46000,0,46000,46000,0,0,0,0,0,0,0,,,,,none,4,4,0,0,False,False,0,0,,,,,,,,,,
2026-07-25T19:30:45Z,801,P2-C1,P2,0x927EB9E0,1,Ken the Eagle,True,True,normal_damage_red_generation,44000,44000,21503,21209,-294,30513,30337,-176,9010,9128,118,294,176,118,176,118,0,True,medium,4,0,0,0,False,False,0,0,,,,,,,,,,
2026-07-25T19:30:46Z,802,P2-C1,P2,0x927EB9E0,1,Ken the Eagle,True,True,normal_damage_red_generation,44000,44000,21209,20676,-533,30337,30018,-319,9128,9342,214,533,319,214,319,214,0,True,medium,4,0,0,0,False,False,0,0,,,,,,,,,,
2026-07-25T19:30:46Z,803,P2-C1,P2,0x927EB9E0,1,Ken the Eagle,True,True,normal_damage_red_generation,44000,44000,20676,20170,-506,30018,29715,-303,9342,9545,203,506,303,203,303,203,0,True,medium,4,0,0,0,False,False,0,0,,,,,,,,,,
2026-07-25T19:30:46Z,804,P2-C1,P2,0x927EB9E0,1,Ken the Eagle,True,True,normal_damage_red_generation,44000,44000,20170,19248,-922,29715,29162,-553,9545,9914,369,922,553,369,553,369,0,True,medium,4,0,0,0,False,False,0,0,,,,,,,,,,
2026-07-25T19:30:47Z,806,P2-C1,P2,0x927EB9E0,1,Ken the Eagle,True,True,normal_damage_red_generation,44000,44000,19248,18348,-900,29162,28622,-540,9914,10274,360,900,540,360,540,360,0,True,medium,4,0,0,0,False,False,0,0,,,,,,,,,,
2026-07-25T19:30:47Z,807,P2-C1,P2,0x927EB9E0,1,Ken the Eagle,True,True,normal_damage_red_generation,44000,44000,18348,17535,-813,28622,28135,-487,10274,10600,326,813,487,326,487,326,0,True,medium,4,0,0,0,False,False,0,0,,,,,,,,,,
2026-07-25T19:30:48Z,809,P2-C1,P2,0x927EB9E0,1,Ken the Eagle,True,True,normal_damage_red_generation,44000,44000,17535,16928,-607,28135,27771,-364,10600,10843,243,607,364,243,364,243,0,True,medium,4,0,0,0,False,False,0,0,,,,,,,,,,
2026-07-25T19:30:48Z,810,P2-C1,P2,0x927EB9E0,1,Ken the Eagle,True,True,normal_damage_red_generation,44000,44000,16928,16320,-608,27771,27407,-364,10843,11087,244,608,364,244,364,244,0,True,medium,4,0,0,0,False,False,0,0,,,,,,,,,,
2026-07-25T19:30:48Z,813,P2-C1,P2,0x927EB9E0,1,Ken the Eagle,True,True,normal_damage_red_generation,44000,44000,16320,15711,-609,27407,27042,-365,11087,11331,244,609,365,244,365,244,0,True,medium,4,0,0,0,False,False,0,0,,,,,,,,,,
2026-07-25T19:30:49Z,815,P2-C1,P2,0x927EB9E0,1,Ken the Eagle,True,True,normal_damage_red_generation,44000,44000,15711,15101,-610,27042,26676,-366,11331,11575,244,610,366,244,366,244,0,True,medium,4,0,0,0,False,False,0,0,,,,,,,,,,
2026-07-25T19:30:49Z,817,P1-C1,P1,0x9246B9C0,12,Ryu,True,True,ceiling_loss,48000,48000,43200,43200,0,48000,43700,-4300,4800,500,-4300,0,4300,0,,,,,none,4,0,0,0,False,True,4800,4800,,,,,,,,,,
2026-07-25T19:30:49Z,818,P2-C1,P2,0x927EB9E0,1,Ken the Eagle,True,True,normal_damage_red_generation,44000,44000,15101,14805,-296,26676,26499,-177,11575,11694,119,296,177,119,177,119,0,True,medium,4,0,0,0,False,False,0,0,,,,,,,,,,
2026-07-25T19:30:50Z,820,P2-C1,P2,0x927EB9E0,1,Ken the Eagle,True,True,normal_damage_red_generation,44000,44000,14805,13975,-830,26499,26002,-497,11694,12027,333,830,497,333,498,332,1,False,medium,4,0,0,0,False,False,0,0,,,,,,,,,,difference can indicate multiple native damage requests between GUI samples
2026-07-25T19:30:50Z,821,P1-C1,P1,0x9246B9C0,12,Ryu,True,True,baroque_status_change,48000,48000,43200,43200,0,43700,43700,0,500,500,0,0,0,0,,,,,none,4,0,0,0,True,False,4800,4800,,,,,,,,,,
2026-07-25T19:30:50Z,822,P1-C1,P1,0x9246B9C0,12,Ryu,True,True,recoverable_ceiling_gain,48000,48000,43200,43200,0,43700,48000,4300,500,4800,4300,0,0,4300,,,,,none,4,0,0,0,False,False,4800,4800,,,,,,,,,,
2026-07-25T19:30:50Z,822,P2-C1,P2,0x927EB9E0,1,Ken the Eagle,True,True,normal_damage_red_generation,44000,44000,13975,12615,-1360,26002,25186,-816,12027,12571,544,1360,816,544,816,544,0,True,medium,4,0,0,0,False,False,0,0,,,,,,,,,,
2026-07-25T19:30:51Z,824,P2-C1,P2,0x927EB9E0,1,Ken the Eagle,True,True,normal_damage_red_generation,44000,44000,12615,10125,-2490,25186,23692,-1494,12571,13567,996,2490,1494,996,1494,996,0,True,medium,4,0,0,0,False,False,0,0,,,,,,,,,,
2026-07-25T19:30:51Z,825,P2-C1,P2,0x927EB9E0,1,Ken the Eagle,True,True,normal_damage_red_generation,44000,44000,10125,8276,-1849,23692,22583,-1109,13567,14307,740,1849,1109,740,1109,740,0,True,medium,4,0,0,0,False,False,0,0,,,,,,,,,,
2026-07-25T19:30:52Z,827,P2-C1,P2,0x927EB9E0,1,Ken the Eagle,True,True,normal_damage_red_generation,44000,44000,8276,6700,-1576,22583,21638,-945,14307,14938,631,1576,945,631,945,631,0,True,medium,4,0,0,0,False,False,0,0,,,,,,,,,,
2026-07-25T19:30:52Z,830,P2-C1,P2,0x927EB9E0,1,Ken the Eagle,True,True,normal_damage_red_generation,44000,44000,6700,5592,-1108,21638,20974,-664,14938,15382,444,1108,664,444,664,444,0,True,medium,4,0,0,0,False,False,0,0,,,,,,,,,,
2026-07-25T19:30:52Z,831,P2-C1,P2,0x927EB9E0,1,Ken the Eagle,True,True,normal_damage_red_generation,44000,44000,5592,4552,-1040,20974,20350,-624,15382,15798,416,1040,624,416,624,416,0,True,medium,4,0,0,0,False,False,0,0,,,,,,,,,,
2026-07-25T19:30:53Z,834,P2-C1,P2,0x927EB9E0,1,Ken the Eagle,True,True,normal_damage_red_generation,44000,44000,4552,3701,-851,20350,19840,-510,15798,16139,341,851,510,341,510,341,0,True,medium,4,0,0,0,False,False,0,0,,,,,,,,,,
2026-07-25T19:30:53Z,835,P1-C2,P1,0x92B6BA00,13,Chun-Li,False,True,point_status_change,46000,46000,46000,46000,0,46000,46000,0,0,0,0,0,0,0,,,,,none,4,0,0,0,False,False,0,0,,,,,,,,,,
2026-07-25T19:30:53Z,835,P2-C1,P2,0x927EB9E0,1,Ken the Eagle,True,True,normal_damage_red_generation,44000,44000,3701,2910,-791,19840,19366,-474,16139,16456,317,791,474,317,474,317,0,True,medium,4,0,0,0,False,False,0,0,,,,,,,,,,
2026-07-25T19:30:53Z,836,P2-C1,P2,0x927EB9E0,1,Ken the Eagle,True,True,normal_damage_red_generation,44000,44000,2910,2455,-455,19366,19093,-273,16456,16638,182,455,273,182,273,182,0,True,medium,4,0,0,0,False,False,0,0,,,,,,,,,,
2026-07-25T19:30:53Z,837,P2-C1,P2,0x927EB9E0,1,Ken the Eagle,True,True,normal_damage_red_generation,44000,44000,2455,2031,-424,19093,18839,-254,16638,16808,170,424,254,170,254,170,0,True,medium,4,0,0,0,False,False,0,0,,,,,,,,,,
2026-07-25T19:30:54Z,839,P2-C1,P2,0x927EB9E0,1,Ken the Eagle,True,True,normal_damage_red_generation,44000,44000,2031,1639,-392,18839,18604,-235,16808,16965,157,392,235,157,235,157,0,True,medium,4,0,0,0,False,False,0,0,,,,,,,,,,
2026-07-25T19:30:55Z,844,P1-C2,P1,0x92B6BA00,13,Chun-Li,True,False,point_status_change,46000,46000,46000,46000,0,46000,46000,0,0,0,0,0,0,0,,,,,none,4,4,0,0,False,False,0,0,,,,,,,,,,
2026-07-25T19:30:55Z,845,P2-C1,P2,0x927EB9E0,1,Ken the Eagle,True,True,recoverable_heal,44000,44000,1639,4139,2500,18604,18604,0,16965,14465,-2500,0,0,0,,,,,none,4,500,0,1,False,False,0,0,,,,,,,,,,
2026-07-25T19:30:56Z,846,P2-C1,P2,0x927EB9E0,1,Ken the Eagle,True,True,recoverable_heal,44000,44000,4139,12139,8000,18604,18604,0,14465,6465,-8000,0,0,0,,,,,none,4,500,0,1,False,False,0,0,,,,,,,,,,
2026-07-25T19:30:56Z,847,P2-C1,P2,0x927EB9E0,1,Ken the Eagle,True,True,mixed_heal,44000,44000,12139,18639,6500,18604,18639,35,6465,0,-6465,0,0,0,,,,,none,4,500,0,1,False,False,0,0,,,,,,,,,,
2026-07-25T19:30:56Z,848,P2-C1,P2,0x927EB9E0,1,Ken the Eagle,True,True,current_and_ceiling_heal,44000,44000,18639,21639,3000,18639,21639,3000,0,0,0,0,0,0,,,,,none,4,500,0,1,False,False,0,0,,,,,,,,,,
2026-07-25T19:30:56Z,849,P2-C1,P2,0x927EB9E0,1,Ken the Eagle,True,True,current_and_ceiling_heal,44000,44000,21639,25139,3500,21639,25139,3500,0,0,0,0,0,0,,,,,none,4,500,0,1,False,False,0,0,,,,,,,,,,
2026-07-25T19:30:56Z,850,P2-C1,P2,0x927EB9E0,1,Ken the Eagle,True,True,current_and_ceiling_heal,44000,44000,25139,28139,3000,25139,28139,3000,0,0,0,0,0,0,,,,,none,4,500,0,1,False,False,0,0,,,,,,,,,,
2026-07-25T19:30:56Z,851,P2-C1,P2,0x927EB9E0,1,Ken the Eagle,True,True,current_and_ceiling_heal,44000,44000,28139,36139,8000,28139,36139,8000,0,0,0,0,0,0,,,,,none,4,500,0,1,False,False,0,0,,,,,,,,,,
2026-07-25T19:30:57Z,852,P2-C1,P2,0x927EB9E0,1,Ken the Eagle,True,True,current_and_ceiling_heal,44000,44000,36139,39639,3500,36139,39639,3500,0,0,0,0,0,0,,,,,none,4,500,0,1,False,False,0,0,,,,,,,,,,
2026-07-25T19:30:57Z,853,P2-C1,P2,0x927EB9E0,1,Ken the Eagle,True,True,current_and_ceiling_heal,44000,44000,39639,43139,3500,39639,43139,3500,0,0,0,0,0,0,,,,,none,4,500,0,1,False,False,0,0,,,,,,,,,,
2026-07-25T19:30:57Z,854,P2-C1,P2,0x927EB9E0,1,Ken the Eagle,True,True,full_health_reset,44000,44000,43139,44000,861,43139,44000,861,0,0,0,0,0,0,,,,,none,4,0,0,0,False,False,0,0,,,,,,,,,,
2026-07-25T19:31:05Z,918,P2-C1,P2,0x927EB9E0,1,Ken the Eagle,True,True,normal_damage_red_generation,44000,44000,44000,43200,-800,44000,43520,-480,0,320,320,800,480,320,480,320,0,True,medium,4,0,0,0,False,False,0,0,,,,,,,,,,
2026-07-25T19:31:05Z,919,P2-C1,P2,0x927EB9E0,1,Ken the Eagle,True,True,normal_damage_red_generation,44000,44000,43200,42440,-760,43520,43064,-456,320,624,304,760,456,304,456,304,0,True,medium,4,0,0,0,False,False,0,0,,,,,,,,,,
2026-07-25T19:31:05Z,920,P2-C1,P2,0x927EB9E0,1,Ken the Eagle,True,True,normal_damage_red_generation,44000,44000,42440,41144,-1296,43064,42287,-777,624,1143,519,1296,777,519,777,519,0,True,medium,4,0,0,0,False,False,0,0,,,,,,,,,,
2026-07-25T19:31:05Z,921,P2-C1,P2,0x927EB9E0,1,Ken the Eagle,True,True,normal_damage_red_generation,44000,44000,41144,39988,-1156,42287,41594,-693,1143,1606,463,1156,693,463,693,463,0,True,medium,4,0,0,0,False,False,0,0,,,,,,,,,,
2026-07-25T19:31:06Z,922,P2-C1,P2,0x927EB9E0,1,Ken the Eagle,True,True,normal_damage_red_generation,44000,44000,39988,38005,-1983,41594,40405,-1189,1606,2400,794,1983,1189,794,1189,794,0,True,medium,4,0,0,0,False,False,0,0,,,,,,,,,,
2026-07-25T19:31:06Z,924,P2-C1,P2,0x927EB9E0,1,Ken the Eagle,True,True,normal_damage_red_generation,44000,44000,38005,36386,-1619,40405,39434,-971,2400,3048,648,1619,971,648,971,648,0,True,medium,4,0,0,0,False,False,0,0,,,,,,,,,,
2026-07-25T19:31:07Z,926,P2-C1,P2,0x927EB9E0,1,Ken the Eagle,True,True,normal_damage_red_generation,44000,44000,36386,34427,-1959,39434,38259,-1175,3048,3832,784,1959,1175,784,1175,784,0,True,high,4,0,0,0,False,False,0,0,P1-C1,12,Ryu,305,Hado M,0,100,0x00000009,0x00000040,
2026-07-25T19:31:07Z,927,P1-C1,P1,0x9246B9C0,12,Ryu,True,True,ceiling_loss,48000,48000,43200,43200,0,48000,43700,-4300,4800,500,-4300,0,4300,0,,,,,none,4,0,0,0,False,True,4800,4800,,,,,,,,,,
2026-07-25T19:31:08Z,930,P1-C1,P1,0x9246B9C0,12,Ryu,True,True,recoverable_ceiling_gain,48000,48000,43200,43200,0,43700,48000,4300,500,4800,4300,0,0,4300,,,,,none,4,0,0,0,True,False,4800,4800,,,,,,,,,,
2026-07-25T19:31:08Z,931,P2-C1,P2,0x927EB9E0,1,Ken the Eagle,True,True,normal_damage_red_generation,44000,44000,34427,32747,-1680,38259,37251,-1008,3832,4504,672,1680,1008,672,1008,672,0,True,medium,4,0,0,0,False,False,0,0,P1-C1,12,Ryu,305,Hado M,0,100,0x00000009,0x00000040,
2026-07-25T19:31:08Z,934,P2-C1,P2,0x927EB9E0,1,Ken the Eagle,True,True,normal_damage_red_generation,44000,44000,32747,31151,-1596,37251,36294,-957,4504,5143,639,1596,957,639,957,639,0,True,medium,4,0,0,0,False,False,0,0,P1-C1,12,Ryu,305,Hado M,0,100,0x00000009,0x00000040,
2026-07-25T19:31:08Z,936,P2-C1,P2,0x927EB9E0,1,Ken the Eagle,True,True,normal_damage_red_generation,44000,44000,31151,29639,-1512,36294,35387,-907,5143,5748,605,1512,907,605,907,605,0,True,medium,4,0,0,0,False,False,0,0,,,,,,,,,,
2026-07-25T19:31:10Z,946,P2-C1,P2,0x927EB9E0,1,Ken the Eagle,True,True,recoverable_heal,44000,44000,29639,30639,1000,35387,35387,0,5748,4748,-1000,0,0,0,,,,,none,4,500,0,1,False,False,0,0,,,,,,,,,,
2026-07-25T19:31:10Z,947,P2-C1,P2,0x927EB9E0,1,Ken the Eagle,True,True,mixed_heal,44000,44000,30639,39139,8500,35387,39139,3752,4748,0,-4748,0,0,0,,,,,none,4,500,0,1,False,False,0,0,,,,,,,,,,
2026-07-25T19:31:10Z,948,P2-C1,P2,0x927EB9E0,1,Ken the Eagle,True,True,current_and_ceiling_heal,44000,44000,39139,42139,3000,39139,42139,3000,0,0,0,0,0,0,,,,,none,4,500,0,1,False,False,0,0,,,,,,,,,,
2026-07-25T19:31:10Z,949,P2-C1,P2,0x927EB9E0,1,Ken the Eagle,True,True,full_health_reset,44000,44000,42139,44000,1861,42139,44000,1861,0,0,0,0,0,0,,,,,none,4,0,0,0,False,False,0,0,,,,,,,,,,
2026-07-25T19:31:17Z,1006,P2-C1,P2,0x927EB9E0,1,Ken the Eagle,True,True,normal_damage_red_generation,44000,44000,44000,43200,-800,44000,43520,-480,0,320,320,800,480,320,480,320,0,True,medium,4,0,0,0,False,False,0,0,,,,,,,,,,
2026-07-25T19:31:17Z,1007,P2-C1,P2,0x927EB9E0,1,Ken the Eagle,True,True,normal_damage_red_generation,44000,44000,43200,41832,-1368,43520,42700,-820,320,868,548,1368,820,548,820,548,0,True,medium,4,0,0,0,False,False,0,0,,,,,,,,,,
2026-07-25T19:31:17Z,1008,P2-C1,P2,0x927EB9E0,1,Ken the Eagle,True,True,normal_damage_red_generation,44000,44000,41832,40608,-1224,42700,41966,-734,868,1358,490,1224,734,490,734,490,0,True,medium,4,0,0,0,False,False,0,0,,,,,,,,,,
2026-07-25T19:31:18Z,1010,P2-C1,P2,0x927EB9E0,1,Ken the Eagle,True,True,normal_damage_red_generation,44000,44000,40608,38500,-2108,41966,40702,-1264,1358,2202,844,2108,1264,844,1264,844,0,True,medium,4,0,0,0,False,False,0,0,,,,,,,,,,
2026-07-25T19:31:18Z,1011,P2-C1,P2,0x927EB9E0,1,Ken the Eagle,True,True,normal_damage_red_generation,44000,44000,38500,36773,-1727,40702,39666,-1036,2202,2893,691,1727,1036,691,1036,691,0,True,medium,4,0,0,0,False,False,0,0,,,,,,,,,,
2026-07-25T19:31:19Z,1014,P1-C1,P1,0x9246B9C0,12,Ryu,True,True,ceiling_loss,48000,48000,43200,43200,0,48000,43700,-4300,4800,500,-4300,0,4300,0,,,,,none,4,0,0,0,False,True,4800,4800,,,,,,,,,,
2026-07-25T19:31:19Z,1014,P2-C1,P2,0x927EB9E0,1,Ken the Eagle,True,True,normal_damage_red_generation,44000,44000,36773,34674,-2099,39666,38407,-1259,2893,3733,840,2099,1259,840,1259,840,0,True,medium,4,0,0,0,False,False,0,0,P1-C1,12,Ryu,305,Hado M,0,2800,0x0000000C,0x00040102,
2026-07-25T19:31:19Z,1016,P2-C1,P2,0x927EB9E0,1,Ken the Eagle,True,True,normal_damage_red_generation,44000,44000,34674,33532,-1142,38407,37722,-685,3733,4190,457,1142,685,457,685,457,0,True,medium,4,0,0,0,False,False,0,0,P1-C1,12,Ryu,305,Hado M,0,2800,0x0000000C,0x00040102,
2026-07-25T19:31:20Z,1018,P2-C1,P2,0x927EB9E0,1,Ken the Eagle,True,True,normal_damage_red_generation,44000,44000,33532,32472,-1060,37722,37086,-636,4190,4614,424,1060,636,424,636,424,0,True,medium,4,0,0,0,False,False,0,0,P1-C1,12,Ryu,305,Hado M,0,2800,0x0000000C,0x00040102,
2026-07-25T19:31:20Z,1019,P2-C1,P2,0x927EB9E0,1,Ken the Eagle,True,True,normal_damage_red_generation,44000,44000,32472,31494,-978,37086,36500,-586,4614,5006,392,978,586,392,586,392,0,True,medium,4,0,0,0,False,False,0,0,P1-C1,12,Ryu,305,Hado M,0,2800,0x0000000C,0x00040102,
2026-07-25T19:31:20Z,1021,P2-C1,P2,0x927EB9E0,1,Ken the Eagle,True,True,normal_damage_red_generation,44000,44000,31494,30597,-897,36500,35962,-538,5006,5365,359,897,538,359,538,359,0,True,medium,4,0,0,0,False,False,0,0,P1-C1,12,Ryu,305,Hado M,0,2800,0x0000000C,0x00040102,
2026-07-25T19:31:21Z,1023,P2-C1,P2,0x927EB9E0,1,Ken the Eagle,True,True,normal_damage_red_generation,44000,44000,30597,30210,-387,35962,35730,-232,5365,5520,155,387,232,155,232,155,0,True,medium,4,0,0,0,False,False,0,0,,,,,,,,,,
2026-07-25T19:31:21Z,1024,P2-C1,P2,0x927EB9E0,1,Ken the Eagle,True,True,normal_damage_red_generation,44000,44000,30210,29862,-348,35730,35522,-208,5520,5660,140,348,208,140,208,140,0,True,medium,4,0,0,0,False,False,0,0,,,,,,,,,,
2026-07-25T19:31:22Z,1025,P2-C1,P2,0x927EB9E0,1,Ken the Eagle,True,True,normal_damage_red_generation,44000,44000,29862,29063,-799,35522,35043,-479,5660,5980,320,799,479,320,479,320,0,True,medium,4,0,0,0,False,False,0,0,,,,,,,,,,
2026-07-25T19:31:22Z,1026,P2-C1,P2,0x927EB9E0,1,Ken the Eagle,True,True,normal_damage_red_generation,44000,44000,29063,28601,-462,35043,34766,-277,5980,6165,185,462,277,185,277,185,0,True,medium,4,0,0,0,False,False,0,0,,,,,,,,,,
2026-07-25T19:31:22Z,1028,P2-C1,P2,0x927EB9E0,1,Ken the Eagle,True,True,normal_damage_red_generation,44000,44000,28601,27758,-843,34766,34261,-505,6165,6503,338,843,505,338,505,338,0,True,medium,4,0,0,0,False,False,0,0,,,,,,,,,,
2026-07-25T19:31:23Z,1029,P2-C1,P2,0x927EB9E0,1,Ken the Eagle,True,True,normal_damage_red_generation,44000,44000,27758,26942,-816,34261,33772,-489,6503,6830,327,816,489,327,489,327,0,True,medium,4,0,0,0,False,False,0,0,,,,,,,,,,
2026-07-25T19:31:23Z,1032,P2-C1,P2,0x927EB9E0,1,Ken the Eagle,True,True,normal_damage_red_generation,44000,44000,26942,26188,-754,33772,33320,-452,6830,7132,302,754,452,302,452,302,0,True,medium,4,0,0,0,False,False,0,0,,,,,,,,,,
2026-07-25T19:31:24Z,1034,P2-C1,P2,0x927EB9E0,1,Ken the Eagle,True,True,normal_damage_red_generation,44000,44000,26188,25230,-958,33320,32746,-574,7132,7516,384,958,574,384,574,384,0,True,medium,4,0,0,0,False,False,0,0,,,,,,,,,,
2026-07-25T19:31:25Z,1042,P2-C1,P2,0x927EB9E0,1,Ken the Eagle,True,True,normal_damage_red_generation,44000,44000,25230,24945,-285,32746,32575,-171,7516,7630,114,285,171,114,171,114,0,True,medium,4,0,0,0,False,False,0,0,,,,,,,,,,
2026-07-25T19:31:25Z,1043,P2-C1,P2,0x927EB9E0,1,Ken the Eagle,True,True,normal_damage_red_generation,44000,44000,24945,23936,-1009,32575,31971,-604,7630,8035,405,1009,604,405,605,404,1,False,medium,4,0,0,0,False,False,0,0,,,,,,,,,,difference can indicate multiple native damage requests between GUI samples
2026-07-25T19:31:26Z,1045,P2-C1,P2,0x927EB9E0,1,Ken the Eagle,True,True,normal_damage_red_generation,44000,44000,23936,23040,-896,31971,31434,-537,8035,8394,359,896,537,359,537,359,0,True,medium,4,0,0,0,False,False,0,0,,,,,,,,,,
2026-07-25T19:31:26Z,1046,P2-C1,P2,0x927EB9E0,1,Ken the Eagle,True,True,normal_damage_red_generation,44000,44000,23040,22167,-873,31434,30911,-523,8394,8744,350,873,523,350,523,350,0,True,medium,4,0,0,0,False,False,0,0,,,,,,,,,,
2026-07-25T19:31:27Z,1048,P2-C1,P2,0x927EB9E0,1,Ken the Eagle,True,True,normal_damage_red_generation,44000,44000,22167,21380,-787,30911,30439,-472,8744,9059,315,787,472,315,472,315,0,True,medium,4,0,0,0,False,False,0,0,,,,,,,,,,
2026-07-25T19:31:27Z,1050,P2-C1,P2,0x927EB9E0,1,Ken the Eagle,True,True,normal_damage_red_generation,44000,44000,21380,20794,-586,30439,30088,-351,9059,9294,235,586,351,235,351,235,0,True,medium,4,0,0,0,False,False,0,0,,,,,,,,,,
2026-07-25T19:31:28Z,1053,P2-C1,P2,0x927EB9E0,1,Ken the Eagle,True,True,normal_damage_red_generation,44000,44000,20794,20207,-587,30088,29736,-352,9294,9529,235,587,352,235,352,235,0,True,medium,4,0,0,0,False,False,0,0,,,,,,,,,,
2026-07-25T19:31:28Z,1054,P2-C1,P2,0x927EB9E0,1,Ken the Eagle,True,True,normal_damage_red_generation,44000,44000,20207,19619,-588,29736,29384,-352,9529,9765,236,588,352,236,352,236,0,True,medium,4,0,0,0,False,False,0,0,,,,,,,,,,
2026-07-25T19:31:28Z,1056,P1-C2,P1,0x92B6BA00,13,Chun-Li,False,True,point_status_change,46000,46000,46000,46000,0,46000,46000,0,0,0,0,0,0,0,,,,,none,4,0,0,0,False,False,0,0,,,,,,,,,,
2026-07-25T19:31:28Z,1057,P2-C1,P2,0x927EB9E0,1,Ken the Eagle,True,True,normal_damage_red_generation,44000,44000,19619,19031,-588,29384,29032,-352,9765,10001,236,588,352,236,352,236,0,True,medium,4,0,0,0,False,False,0,0,,,,,,,,,,
2026-07-25T19:31:28Z,1058,P2-C1,P2,0x927EB9E0,1,Ken the Eagle,True,True,normal_damage_red_generation,44000,44000,19031,18653,-378,29032,28806,-226,10001,10153,152,378,226,152,226,152,0,True,medium,4,0,0,0,False,False,0,0,,,,,,,,,,
2026-07-25T19:31:29Z,1060,P2-C1,P2,0x927EB9E0,1,Ken the Eagle,True,True,normal_damage_red_generation,44000,44000,18653,18269,-384,28806,28576,-230,10153,10307,154,384,230,154,230,154,0,True,medium,4,0,0,0,False,False,0,0,,,,,,,,,,
2026-07-25T19:31:29Z,1062,P2-C1,P2,0x927EB9E0,1,Ken the Eagle,True,True,normal_damage_red_generation,44000,44000,18269,17877,-392,28576,28341,-235,10307,10464,157,392,235,157,235,157,0,True,medium,4,0,0,0,False,False,0,0,,,,,,,,,,
2026-07-25T19:31:29Z,1064,P1-C1,P1,0x9246B9C0,12,Ryu,True,True,baroque_status_change,48000,48000,43200,43200,0,43700,43700,0,500,500,0,0,0,0,,,,,none,4,0,0,0,True,False,4800,4800,,,,,,,,,,
2026-07-25T19:31:30Z,1065,P1-C1,P1,0x9246B9C0,12,Ryu,True,True,recoverable_ceiling_gain,48000,48000,43200,43200,0,43700,48000,4300,500,4800,4300,0,0,4300,,,,,none,4,0,0,0,False,False,4800,4800,,,,,,,,,,
2026-07-25T19:31:30Z,1068,P1-C2,P1,0x92B6BA00,13,Chun-Li,True,False,point_status_change,46000,46000,46000,46000,0,46000,46000,0,0,0,0,0,0,0,,,,,none,4,4,0,0,False,False,0,0,,,,,,,,,,
2026-07-25T19:31:31Z,1069,P2-C1,P2,0x927EB9E0,1,Ken the Eagle,True,True,recoverable_heal,44000,44000,17877,19377,1500,28341,28341,0,10464,8964,-1500,0,0,0,,,,,none,4,500,0,1,False,False,0,0,,,,,,,,,,
2026-07-25T19:31:31Z,1070,P2-C1,P2,0x927EB9E0,1,Ken the Eagle,True,True,mixed_heal,44000,44000,19377,31377,12000,28341,31377,3036,8964,0,-8964,0,0,0,,,,,none,4,500,0,1,False,False,0,0,,,,,,,,,,
2026-07-25T19:31:31Z,1071,P2-C1,P2,0x927EB9E0,1,Ken the Eagle,True,True,current_and_ceiling_heal,44000,44000,31377,34377,3000,31377,34377,3000,0,0,0,0,0,0,,,,,none,4,500,0,1,False,False,0,0,,,,,,,,,,
2026-07-25T19:31:31Z,1072,P2-C1,P2,0x927EB9E0,1,Ken the Eagle,True,True,current_and_ceiling_heal,44000,44000,34377,37377,3000,34377,37377,3000,0,0,0,0,0,0,,,,,none,4,500,0,1,False,False,0,0,,,,,,,,,,
2026-07-25T19:31:31Z,1073,P2-C1,P2,0x927EB9E0,1,Ken the Eagle,True,True,current_and_ceiling_heal,44000,44000,37377,40877,3500,37377,40877,3500,0,0,0,0,0,0,,,,,none,4,500,0,1,False,False,0,0,,,,,,,,,,
2026-07-25T19:31:31Z,1074,P2-C1,P2,0x927EB9E0,1,Ken the Eagle,True,True,full_health_reset,44000,44000,40877,44000,3123,40877,44000,3123,0,0,0,0,0,0,,,,,none,4,0,0,0,False,False,0,0,,,,,,,,,,
2026-07-25T19:31:32Z,1081,P2-C1,P2,0x927EB9E0,1,Ken the Eagle,True,True,normal_damage_red_generation,44000,44000,44000,43200,-800,44000,43520,-480,0,320,320,800,480,320,480,320,0,True,medium,4,0,0,0,False,False,0,0,,,,,,,,,,
2026-07-25T19:31:33Z,1082,P2-C1,P2,0x927EB9E0,1,Ken the Eagle,True,True,normal_damage_red_generation,44000,44000,43200,41832,-1368,43520,42700,-820,320,868,548,1368,820,548,820,548,0,True,medium,4,0,0,0,False,False,0,0,,,,,,,,,,
2026-07-25T19:31:33Z,1083,P2-C1,P2,0x927EB9E0,1,Ken the Eagle,True,True,normal_damage_red_generation,44000,44000,41832,40608,-1224,42700,41966,-734,868,1358,490,1224,734,490,734,490,0,True,medium,4,0,0,0,False,False,0,0,,,,,,,,,,
2026-07-25T19:31:33Z,1085,P2-C1,P2,0x927EB9E0,1,Ken the Eagle,True,True,normal_damage_red_generation,44000,44000,40608,38500,-2108,41966,40702,-1264,1358,2202,844,2108,1264,844,1264,844,0,True,medium,4,0,0,0,False,False,0,0,,,,,,,,,,
2026-07-25T19:31:34Z,1086,P2-C1,P2,0x927EB9E0,1,Ken the Eagle,True,True,normal_damage_red_generation,44000,44000,38500,36773,-1727,40702,39666,-1036,2202,2893,691,1727,1036,691,1036,691,0,True,medium,4,0,0,0,False,False,0,0,,,,,,,,,,
2026-07-25T19:31:34Z,1089,P2-C1,P2,0x927EB9E0,1,Ken the Eagle,True,True,normal_damage_red_generation,44000,44000,36773,34674,-2099,39666,38407,-1259,2893,3733,840,2099,1259,840,1259,840,0,True,high,4,0,0,0,False,False,0,0,P1-C1,12,Ryu,368,Shin Sho,0,100,0x00000009,0x00000040,
2026-07-25T19:31:36Z,1098,P2-C1,P2,0x927EB9E0,1,Ken the Eagle,True,True,normal_damage_red_generation,44000,44000,34674,30983,-3691,38407,36193,-2214,3733,5210,1477,3691,2214,1477,2214,1477,0,True,medium,4,0,0,0,False,False,0,0,P1-C1,12,Ryu,368,Shin Sho,0,100,0x00000009,0x00000040,
2026-07-25T19:31:37Z,1103,P2-C1,P2,0x927EB9E0,1,Ken the Eagle,True,True,normal_damage_red_generation,44000,44000,30983,28104,-2879,36193,34466,-1727,5210,6362,1152,2879,1727,1152,1727,1152,0,True,medium,4,0,0,0,False,False,0,0,P1-C1,12,Ryu,368,Shin Sho,0,100,0x00000009,0x00000040,
2026-07-25T19:31:38Z,1110,P2-C1,P2,0x927EB9E0,1,Ken the Eagle,True,True,normal_damage_red_generation,44000,44000,28104,24585,-3519,34466,32355,-2111,6362,7770,1408,3519,2111,1408,2111,1408,0,True,medium,4,0,0,0,False,False,0,0,,,,,,,,,,
2026-07-25T19:31:41Z,1133,P2-C1,P2,0x927EB9E0,1,Ken the Eagle,True,True,normal_damage_red_generation,44000,44000,24585,24226,-359,32355,32140,-215,7770,7914,144,359,215,144,215,144,0,True,medium,4,0,0,0,False,False,0,0,,,,,,,,,,
2026-07-25T19:31:42Z,1134,P2-C1,P2,0x927EB9E0,1,Ken the Eagle,True,True,normal_damage_red_generation,44000,44000,24226,22532,-1694,32140,31125,-1015,7914,8593,679,1694,1015,679,1016,678,1,False,medium,4,0,0,0,False,False,0,0,,,,,,,,,,difference can indicate multiple native damage requests between GUI samples
2026-07-25T19:31:43Z,1136,P2-C1,P2,0x927EB9E0,1,Ken the Eagle,True,True,normal_damage_red_generation,44000,44000,22532,21633,-899,31125,30586,-539,8593,8953,360,899,539,360,539,360,0,True,medium,4,0,0,0,False,False,0,0,,,,,,,,,,
2026-07-25T19:31:43Z,1137,P2-C1,P2,0x927EB9E0,1,Ken the Eagle,True,True,normal_damage_red_generation,44000,44000,21633,20821,-812,30586,30099,-487,8953,9278,325,812,487,325,487,325,0,True,medium,4,0,0,0,False,False,0,0,,,,,,,,,,
2026-07-25T19:31:43Z,1138,P2-C1,P2,0x927EB9E0,1,Ken the Eagle,True,True,normal_damage_red_generation,44000,44000,20821,20215,-606,30099,29736,-363,9278,9521,243,606,363,243,363,243,0,True,medium,4,-607,-364,0,False,False,0,0,,,,,,,,,,
2026-07-25T19:31:44Z,1139,P2-C1,P2,0x927EB9E0,1,Ken the Eagle,True,True,normal_damage_red_generation,44000,44000,20215,19608,-607,29736,29372,-364,9521,9764,243,607,364,243,364,243,0,True,medium,4,0,0,0,False,False,0,0,,,,,,,,,,
2026-07-25T19:31:44Z,1141,P2-C1,P2,0x927EB9E0,1,Ken the Eagle,True,True,normal_damage_red_generation,44000,44000,19608,19000,-608,29372,29008,-364,9764,10008,244,608,364,244,364,244,0,True,medium,4,0,0,0,False,False,0,0,,,,,,,,,,
2026-07-25T19:31:44Z,1142,P1-C2,P1,0x92B6BA00,13,Chun-Li,False,True,point_status_change,46000,46000,46000,46000,0,46000,46000,0,0,0,0,0,0,0,,,,,none,4,0,0,0,False,False,0,0,,,,,,,,,,
2026-07-25T19:31:44Z,1142,P2-C1,P2,0x927EB9E0,1,Ken the Eagle,True,True,normal_damage_red_generation,44000,44000,19000,18391,-609,29008,28643,-365,10008,10252,244,609,365,244,365,244,0,True,medium,4,0,0,0,False,False,0,0,,,,,,,,,,
2026-07-25T19:31:45Z,1145,P2-C1,P2,0x927EB9E0,1,Ken the Eagle,True,True,normal_damage_red_generation,44000,44000,18391,17624,-767,28643,28183,-460,10252,10559,307,767,460,307,460,307,0,True,medium,4,0,0,0,False,False,0,0,,,,,,,,,,
2026-07-25T19:31:45Z,1147,P2-C1,P2,0x927EB9E0,1,Ken the Eagle,True,True,normal_damage_red_generation,44000,44000,17624,17230,-394,28183,27947,-236,10559,10717,158,394,236,158,236,158,0,True,medium,4,0,0,0,False,False,0,0,,,,,,,,,,
2026-07-25T19:31:46Z,1149,P2-C1,P2,0x927EB9E0,1,Ken the Eagle,True,True,normal_damage_red_generation,44000,44000,17230,16259,-971,27947,27365,-582,10717,11106,389,971,582,389,582,389,0,True,medium,4,0,0,0,False,False,0,0,,,,,,,,,,
2026-07-25T19:31:46Z,1151,P1-C2,P1,0x92B6BA00,13,Chun-Li,True,False,point_status_change,46000,46000,46000,46000,0,46000,46000,0,0,0,0,0,0,0,,,,,none,4,4,0,0,False,False,0,0,,,,,,,,,,
2026-07-25T19:31:46Z,1151,P2-C1,P2,0x927EB9E0,1,Ken the Eagle,True,True,normal_damage_red_generation,44000,44000,16259,15412,-847,27365,26857,-508,11106,11445,339,847,508,339,508,339,0,True,medium,4,0,0,0,False,False,0,0,,,,,,,,,,
2026-07-25T19:31:47Z,1153,P2-C1,P2,0x927EB9E0,1,Ken the Eagle,True,True,normal_damage_red_generation,44000,44000,15412,14903,-509,26857,26552,-305,11445,11649,204,509,305,204,305,204,0,True,medium,4,0,0,0,False,False,0,0,,,,,,,,,,
2026-07-25T19:31:47Z,1154,P2-C1,P2,0x927EB9E0,1,Ken the Eagle,True,True,normal_damage_red_generation,44000,44000,14903,13976,-927,26552,25996,-556,11649,12020,371,927,556,371,556,371,0,True,medium,4,0,0,0,False,False,0,0,,,,,,,,,,
2026-07-25T19:31:48Z,1155,P2-C1,P2,0x927EB9E0,1,Ken the Eagle,True,True,normal_damage_red_generation,44000,44000,13976,13078,-898,25996,25458,-538,12020,12380,360,898,538,360,538,360,0,True,medium,4,0,0,0,False,False,0,0,,,,,,,,,,
2026-07-25T19:31:48Z,1156,P2-C1,P2,0x927EB9E0,1,Ken the Eagle,True,True,normal_damage_red_generation,44000,44000,13078,12273,-805,25458,24975,-483,12380,12702,322,805,483,322,483,322,0,True,medium,4,0,0,0,False,False,0,0,,,,,,,,,,
2026-07-25T19:31:49Z,1157,P2-C1,P2,0x927EB9E0,1,Ken the Eagle,True,True,normal_damage_red_generation,44000,44000,12273,11280,-993,24975,24380,-595,12702,13100,398,993,595,398,595,398,0,True,medium,4,0,0,0,False,False,0,0,,,,,,,,,,
2026-07-25T19:31:50Z,1163,P2-C1,P2,0x927EB9E0,1,Ken the Eagle,True,True,normal_damage_red_generation,44000,44000,11280,10985,-295,24380,24203,-177,13100,13218,118,295,177,118,177,118,0,True,medium,4,0,0,0,False,False,0,0,,,,,,,,,,
2026-07-25T19:31:50Z,1164,P2-C1,P2,0x927EB9E0,1,Ken the Eagle,True,True,normal_damage_red_generation,44000,44000,10985,9825,-1160,24203,23508,-695,13218,13683,465,1160,695,465,696,464,1,False,medium,4,0,0,0,False,False,0,0,,,,,,,,,,difference can indicate multiple native damage requests between GUI samples
2026-07-25T19:31:51Z,1166,P2-C1,P2,0x927EB9E0,1,Ken the Eagle,True,True,normal_damage_red_generation,44000,44000,9825,9183,-642,23508,23123,-385,13683,13940,257,642,385,257,385,257,0,True,high,4,0,0,0,False,False,0,0,P1-C1,12,Ryu,304,Hado L,0,100,0x00000009,0x00000040,
2026-07-25T19:31:51Z,1167,P2-C1,P2,0x927EB9E0,1,Ken the Eagle,True,True,normal_damage_red_generation,44000,44000,9183,8455,-728,23123,22687,-436,13940,14232,292,728,436,292,436,292,0,True,medium,4,0,0,0,False,False,0,0,P1-C1,12,Ryu,304,Hado L,0,100,0x00000009,0x00000040,
2026-07-25T19:31:53Z,1175,P2-C1,P2,0x927EB9E0,1,Ken the Eagle,True,True,normal_damage_red_generation,44000,44000,8455,6865,-1590,22687,21733,-954,14232,14868,636,1590,954,636,954,636,0,True,medium,4,0,0,0,False,False,0,0,,,,,,,,,,
2026-07-25T19:31:54Z,1180,P2-C1,P2,0x927EB9E0,1,Ken the Eagle,True,True,normal_damage_red_generation,44000,44000,6865,5521,-1344,21733,20927,-806,14868,15406,538,1344,806,538,806,538,0,True,medium,4,0,0,0,False,False,0,0,,,,,,,,,,
2026-07-25T19:31:55Z,1187,P2-C1,P2,0x927EB9E0,1,Ken the Eagle,True,True,normal_damage_red_generation,44000,44000,5521,3729,-1792,20927,19852,-1075,15406,16123,717,1792,1075,717,1075,717,0,True,medium,4,0,0,0,False,False,0,0,,,,,,,,,,
2026-07-25T19:31:58Z,1209,P2-C1,P2,0x927EB9E0,1,Ken the Eagle,True,True,normal_damage_red_generation,44000,44000,3729,3078,-651,19852,19462,-390,16123,16384,261,651,390,261,390,261,0,True,medium,4,0,0,0,False,False,0,0,P1-C1,12,Ryu,6,forward dash,0,100,0x00000009,0x00000040,
2026-07-25T19:31:59Z,1210,P2-C1,P2,0x927EB9E0,1,Ken the Eagle,True,True,normal_damage_red_generation,44000,44000,3078,2695,-383,19462,19233,-229,16384,16538,154,383,229,154,229,154,0,True,medium,4,0,0,0,False,False,0,0,P1-C1,12,Ryu,6,forward dash,0,100,0x00000009,0x00000040,
2026-07-25T19:31:59Z,1211,P2-C1,P2,0x927EB9E0,1,Ken the Eagle,True,True,normal_damage_red_generation,44000,44000,2695,2035,-660,19233,18837,-396,16538,16802,264,660,396,264,396,264,0,True,medium,4,0,0,0,False,False,0,0,P1-C1,12,Ryu,6,forward dash,0,100,0x00000009,0x00000040,
2026-07-25T19:32:00Z,1212,P2-C1,P2,0x927EB9E0,1,Ken the Eagle,True,True,normal_damage_red_generation,44000,44000,2035,1459,-576,18837,18492,-345,16802,17033,231,576,345,231,345,231,0,True,medium,4,0,0,0,False,False,0,0,P1-C1,12,Ryu,6,forward dash,0,100,0x00000009,0x00000040,
2026-07-25T19:32:00Z,1213,P2-C1,P2,0x927EB9E0,1,Ken the Eagle,True,True,normal_damage_red_generation,44000,44000,1459,1029,-430,18492,18234,-258,17033,17205,172,430,258,172,258,172,0,True,medium,4,0,0,0,False,False,0,0,P1-C1,12,Ryu,6,forward dash,0,100,0x00000009,0x00000040,
2026-07-25T19:32:01Z,1214,P2-C1,P2,0x927EB9E0,1,Ken the Eagle,True,True,normal_damage_red_generation,44000,44000,1029,607,-422,18234,17981,-253,17205,17374,169,422,253,169,253,169,0,True,medium,4,0,0,0,False,False,0,0,P1-C1,12,Ryu,6,forward dash,0,100,0x00000009,0x00000040,
2026-07-25T19:32:01Z,1215,P2-C1,P2,0x927EB9E0,1,Ken the Eagle,True,True,normal_damage_red_generation,44000,44000,607,184,-423,17981,17728,-253,17374,17544,170,423,253,170,253,170,0,True,medium,4,0,0,0,False,False,0,0,P1-C1,12,Ryu,6,forward dash,0,100,0x00000009,0x00000040,
2026-07-25T19:32:03Z,1225,P2-C1,P2,0x927EB9E0,1,Ken the Eagle,True,True,recoverable_heal,44000,44000,184,1184,1000,17728,17728,0,17544,16544,-1000,0,0,0,,,,,none,4,500,0,1,False,False,0,0,,,,,,,,,,
2026-07-25T19:32:04Z,1226,P2-C1,P2,0x927EB9E0,1,Ken the Eagle,True,True,recoverable_heal,44000,44000,1184,11184,10000,17728,17728,0,16544,6544,-10000,0,0,0,,,,,none,4,500,0,1,False,False,0,0,,,,,,,,,,
2026-07-25T19:32:04Z,1227,P2-C1,P2,0x927EB9E0,1,Ken the Eagle,True,True,recoverable_heal,44000,44000,11184,14184,3000,17728,17728,0,6544,3544,-3000,0,0,0,,,,,none,4,500,0,1,False,False,0,0,,,,,,,,,,
2026-07-25T19:32:04Z,1228,P2-C1,P2,0x927EB9E0,1,Ken the Eagle,True,True,recoverable_heal,44000,44000,14184,17684,3500,17728,17728,0,3544,44,-3500,0,0,0,,,,,none,4,500,0,1,False,False,0,0,,,,,,,,,,
2026-07-25T19:32:04Z,1229,P2-C1,P2,0x927EB9E0,1,Ken the Eagle,True,True,mixed_heal,44000,44000,17684,21184,3500,17728,21184,3456,44,0,-44,0,0,0,,,,,none,4,500,0,1,False,False,0,0,,,,,,,,,,
2026-07-25T19:32:04Z,1230,P2-C1,P2,0x927EB9E0,1,Ken the Eagle,True,True,current_and_ceiling_heal,44000,44000,21184,24684,3500,21184,24684,3500,0,0,0,0,0,0,,,,,none,4,500,0,1,False,False,0,0,,,,,,,,,,
2026-07-25T19:32:04Z,1231,P2-C1,P2,0x927EB9E0,1,Ken the Eagle,True,True,current_and_ceiling_heal,44000,44000,24684,33684,9000,24684,33684,9000,0,0,0,0,0,0,,,,,none,4,500,0,1,False,False,0,0,,,,,,,,,,
2026-07-25T19:32:04Z,1232,P2-C1,P2,0x927EB9E0,1,Ken the Eagle,True,True,current_and_ceiling_heal,44000,44000,33684,37184,3500,33684,37184,3500,0,0,0,0,0,0,,,,,none,4,500,0,1,False,False,0,0,,,,,,,,,,
2026-07-25T19:32:05Z,1233,P2-C1,P2,0x927EB9E0,1,Ken the Eagle,True,True,current_and_ceiling_heal,44000,44000,37184,40184,3000,37184,40184,3000,0,0,0,0,0,0,,,,,none,4,500,0,1,False,False,0,0,,,,,,,,,,
2026-07-25T19:32:05Z,1234,P2-C1,P2,0x927EB9E0,1,Ken the Eagle,True,True,current_and_ceiling_heal,44000,44000,40184,43684,3500,40184,43684,3500,0,0,0,0,0,0,,,,,none,4,0,0,0,False,False,0,0,,,,,,,,,,
2026-07-25T19:32:05Z,1235,P2-C1,P2,0x927EB9E0,1,Ken the Eagle,True,True,full_health_reset,44000,44000,43684,44000,316,43684,44000,316,0,0,0,0,0,0,,,,,none,4,0,0,0,False,False,0,0,,,,,,,,,,
2026-07-25T19:36:40Z,4,P2-C1,P2,0x927EB9E0,1,Ken the Eagle,True,True,normal_damage_red_generation,44000,44000,44000,43200,-800,44000,43520,-480,0,320,320,800,480,320,480,320,0,True,medium,4,0,0,0,False,False,0,0,,,,,,,,,,
2026-07-25T19:36:42Z,5,P2-C1,P2,0x927EB9E0,1,Ken the Eagle,True,True,normal_damage_red_generation,44000,44000,43200,34918,-8282,43520,38554,-4966,320,3636,3316,8282,4966,3316,4969,3313,3,False,medium,4,500,0,1,False,False,0,0,,,,,,,,,,difference can indicate multiple native damage requests between GUI samples
2026-07-25T19:36:43Z,6,P2-C1,P2,0x927EB9E0,1,Ken the Eagle,True,True,full_health_reset,44000,44000,34918,44000,9082,38554,44000,5446,3636,0,-3636,0,0,0,,,,,none,4,0,0,0,False,False,0,0,,,,,,,,,,
2026-07-25T19:36:45Z,7,P2-C1,P2,0x927EB9E0,1,Ken the Eagle,True,True,normal_damage_red_generation,44000,44000,44000,39760,-4240,44000,41456,-2544,0,1696,1696,4240,2544,1696,2544,1696,0,True,medium,4,0,0,0,False,False,0,0,,,,,,,,,,
2026-07-25T19:36:47Z,9,P2-C1,P2,0x927EB9E0,1,Ken the Eagle,True,True,normal_damage_red_generation,44000,44000,39760,37200,-2560,41456,39920,-1536,1696,2720,1024,2560,1536,1024,1536,1024,0,True,medium,4,0,0,0,False,False,0,0,,,,,,,,,,
2026-07-25T19:36:48Z,10,P2-C1,P2,0x927EB9E0,1,Ken the Eagle,True,True,normal_damage_red_generation,44000,44000,37200,36440,-760,39920,39464,-456,2720,3024,304,760,456,304,456,304,0,True,medium,4,0,0,0,False,False,0,0,,,,,,,,,,
2026-07-25T19:36:48Z,11,P2-C1,P2,0x927EB9E0,1,Ken the Eagle,True,True,normal_damage_red_generation,44000,44000,36440,35144,-1296,39464,38687,-777,3024,3543,519,1296,777,519,777,519,0,True,medium,4,0,0,0,False,False,0,0,,,,,,,,,,
2026-07-25T19:36:48Z,12,P2-C1,P2,0x927EB9E0,1,Ken the Eagle,True,True,normal_damage_red_generation,44000,44000,35144,33988,-1156,38687,37994,-693,3543,4006,463,1156,693,463,693,463,0,True,medium,4,0,0,0,False,False,0,0,,,,,,,,,,
2026-07-25T19:36:48Z,13,P2-C1,P2,0x927EB9E0,1,Ken the Eagle,True,True,normal_damage_red_generation,44000,44000,33988,32005,-1983,37994,36805,-1189,4006,4800,794,1983,1189,794,1189,794,0,True,medium,4,0,0,0,False,False,0,0,,,,,,,,,,
2026-07-25T19:36:49Z,15,P2-C1,P2,0x927EB9E0,1,Ken the Eagle,True,True,normal_damage_red_generation,44000,44000,32005,30206,-1799,36805,35726,-1079,4800,5520,720,1799,1079,720,1079,720,0,True,medium,4,0,0,0,False,False,0,0,,,,,,,,,,
2026-07-25T19:36:49Z,17,P2-C1,P2,0x927EB9E0,1,Ken the Eagle,True,True,normal_damage_red_generation,44000,44000,30206,28654,-1552,35726,34795,-931,5520,6141,621,1552,931,621,931,621,0,True,medium,4,0,0,0,False,False,0,0,,,,,,,,,,
2026-07-25T19:36:50Z,20,P2-C1,P2,0x927EB9E0,1,Ken the Eagle,True,True,normal_damage_red_generation,44000,44000,28654,26823,-1831,34795,33697,-1098,6141,6874,733,1831,1098,733,1098,733,0,True,medium,4,0,0,0,False,False,0,0,,,,,,,,,,
2026-07-25T19:36:51Z,26,P2-C1,P2,0x927EB9E0,1,Ken the Eagle,True,True,normal_damage_red_generation,44000,44000,26823,25991,-832,33697,33198,-499,6874,7207,333,832,499,333,499,333,0,True,medium,4,0,0,0,False,False,0,0,,,,,,,,,,
2026-07-25T19:36:51Z,28,P2-C1,P2,0x927EB9E0,1,Ken the Eagle,True,True,normal_damage_red_generation,44000,44000,25991,24741,-1250,33198,32448,-750,7207,7707,500,1250,750,500,750,500,0,True,medium,4,0,0,0,False,False,0,0,,,,,,,,,,
2026-07-25T19:36:52Z,30,P2-C1,P2,0x927EB9E0,1,Ken the Eagle,True,True,normal_damage_red_generation,44000,44000,24741,23889,-852,32448,31937,-511,7707,8048,341,852,511,341,511,341,0,True,medium,4,0,0,0,False,False,0,0,,,,,,,,,,
2026-07-25T19:36:52Z,32,P2-C1,P2,0x927EB9E0,1,Ken the Eagle,True,True,normal_damage_red_generation,44000,44000,23889,23121,-768,31937,31477,-460,8048,8356,308,768,460,308,460,308,0,True,medium,4,0,0,0,False,False,0,0,,,,,,,,,,
2026-07-25T19:36:52Z,34,P2-C1,P2,0x927EB9E0,1,Ken the Eagle,True,True,normal_damage_red_generation,44000,44000,23121,22437,-684,31477,31067,-410,8356,8630,274,684,410,274,410,274,0,True,medium,4,0,0,0,False,False,0,0,,,,,,,,,,
2026-07-25T19:36:53Z,35,P1-C2,P1,0x92B6BA00,13,Chun-Li,False,True,point_status_change,46000,46000,46000,46000,0,46000,46000,0,0,0,0,0,0,0,,,,,none,4,0,0,0,False,False,0,0,,,,,,,,,,
2026-07-25T19:36:53Z,36,P2-C1,P2,0x927EB9E0,1,Ken the Eagle,True,True,normal_damage_red_generation,44000,44000,22437,21837,-600,31067,30707,-360,8630,8870,240,600,360,240,360,240,0,True,medium,4,0,0,0,False,False,0,0,,,,,,,,,,
2026-07-25T19:36:53Z,38,P2-C1,P2,0x927EB9E0,1,Ken the Eagle,True,True,normal_damage_red_generation,44000,44000,21837,21462,-375,30707,30482,-225,8870,9020,150,375,225,150,225,150,0,True,medium,4,0,0,0,False,False,0,0,,,,,,,,,,
2026-07-25T19:36:53Z,40,P2-C1,P2,0x927EB9E0,1,Ken the Eagle,True,True,normal_damage_red_generation,44000,44000,21462,21080,-382,30482,30253,-229,9020,9173,153,382,229,153,229,153,0,True,medium,4,0,0,0,False,False,0,0,,,,,,,,,,
2026-07-25T19:36:53Z,41,P2-C1,P2,0x927EB9E0,1,Ken the Eagle,True,True,normal_damage_red_generation,44000,44000,21080,20691,-389,30253,30020,-233,9173,9329,156,389,233,156,233,156,0,True,medium,4,0,0,0,False,False,0,0,,,,,,,,,,
2026-07-25T19:36:54Z,43,P2-C1,P2,0x927EB9E0,1,Ken the Eagle,True,True,normal_damage_red_generation,44000,44000,20691,19722,-969,30020,29439,-581,9329,9717,388,969,581,388,581,388,0,True,medium,4,0,0,0,False,False,0,0,,,,,,,,,,
2026-07-25T19:36:55Z,46,P2-C1,P2,0x927EB9E0,1,Ken the Eagle,True,True,normal_damage_red_generation,44000,44000,19722,19423,-299,29439,29260,-179,9717,9837,120,299,179,120,179,120,0,True,medium,4,0,0,0,False,False,0,0,,,,,,,,,,
2026-07-25T19:36:55Z,47,P1-C2,P1,0x92B6BA00,13,Chun-Li,True,False,point_status_change,46000,46000,46000,46000,0,46000,46000,0,0,0,0,0,0,0,,,,,none,4,4,0,0,False,False,0,0,,,,,,,,,,
2026-07-25T19:36:55Z,47,P2-C1,P2,0x927EB9E0,1,Ken the Eagle,True,True,normal_damage_red_generation,44000,44000,19423,18883,-540,29260,28936,-324,9837,10053,216,540,324,216,324,216,0,True,medium,4,0,0,0,False,False,0,0,,,,,,,,,,
2026-07-25T19:36:55Z,49,P2-C1,P2,0x927EB9E0,1,Ken the Eagle,True,True,normal_damage_red_generation,44000,44000,18883,18377,-506,28936,28633,-303,10053,10256,203,506,303,203,303,203,0,True,medium,4,0,0,0,False,False,0,0,,,,,,,,,,
2026-07-25T19:36:56Z,50,P2-C1,P2,0x927EB9E0,1,Ken the Eagle,True,True,normal_damage_red_generation,44000,44000,18377,17454,-923,28633,28080,-553,10256,10626,370,923,553,370,553,370,0,True,medium,4,0,0,0,False,False,0,0,,,,,,,,,,
2026-07-25T19:36:56Z,52,P2-C1,P2,0x927EB9E0,1,Ken the Eagle,True,True,normal_damage_red_generation,44000,44000,17454,16564,-890,28080,27546,-534,10626,10982,356,890,534,356,534,356,0,True,medium,4,0,0,0,False,False,0,0,,,,,,,,,,
2026-07-25T19:36:57Z,54,P2-C1,P2,0x927EB9E0,1,Ken the Eagle,True,True,normal_damage_red_generation,44000,44000,16564,15761,-803,27546,27065,-481,10982,11304,322,803,481,322,481,322,0,True,medium,4,0,0,0,False,False,0,0,,,,,,,,,,
2026-07-25T19:36:57Z,56,P2-C1,P2,0x927EB9E0,1,Ken the Eagle,True,True,normal_damage_red_generation,44000,44000,15761,15167,-594,27065,26709,-356,11304,11542,238,594,356,238,356,238,0,True,medium,4,0,0,0,False,False,0,0,,,,,,,,,,
2026-07-25T19:36:57Z,58,P2-C1,P2,0x927EB9E0,1,Ken the Eagle,True,True,normal_damage_red_generation,44000,44000,15167,14572,-595,26709,26352,-357,11542,11780,238,595,357,238,357,238,0,True,medium,4,0,0,0,False,False,0,0,,,,,,,,,,
2026-07-25T19:36:58Z,60,P2-C1,P2,0x927EB9E0,1,Ken the Eagle,True,True,normal_damage_red_generation,44000,44000,14572,13976,-596,26352,25995,-357,11780,12019,239,596,357,239,357,239,0,True,medium,4,0,0,0,False,False,0,0,,,,,,,,,,
2026-07-25T19:36:58Z,62,P2-C1,P2,0x927EB9E0,1,Ken the Eagle,True,True,normal_damage_red_generation,44000,44000,13976,13379,-597,25995,25637,-358,12019,12258,239,597,358,239,358,239,0,True,medium,4,0,0,0,False,False,0,0,,,,,,,,,,
2026-07-25T19:36:58Z,63,P1-C1,P1,0x9246B9C0,12,Ryu,True,True,baroque_status_change,48000,48000,43200,43200,0,48000,48000,0,4800,4800,0,0,0,0,,,,,none,4,0,0,0,False,True,4800,4800,,,,,,,,,,
2026-07-25T19:36:58Z,64,P1-C1,P1,0x9246B9C0,12,Ryu,True,True,baroque_consume,48000,48000,43200,43200,0,48000,43200,-4800,4800,0,-4800,0,4800,0,,-4800,0,True,high,4,0,0,0,True,True,4800,4800,,,,,,,,,,
2026-07-25T19:36:59Z,65,P2-C1,P2,0x927EB9E0,1,Ken the Eagle,True,True,normal_damage_red_generation,44000,44000,13379,13089,-290,25637,25463,-174,12258,12374,116,290,174,116,174,116,0,True,medium,4,0,0,0,False,False,0,0,,,,,,,,,,
2026-07-25T19:36:59Z,66,P2-C1,P2,0x927EB9E0,1,Ken the Eagle,True,True,normal_damage_red_generation,44000,44000,13089,12568,-521,25463,25151,-312,12374,12583,209,521,312,209,312,209,0,True,medium,4,0,0,0,False,False,0,0,,,,,,,,,,
2026-07-25T19:37:00Z,69,P2-C1,P2,0x927EB9E0,1,Ken the Eagle,True,True,normal_damage_red_generation,44000,44000,12568,12082,-486,25151,24860,-291,12583,12778,195,486,291,195,291,195,0,True,medium,4,0,0,0,False,False,0,0,,,,,,,,,,
2026-07-25T19:37:00Z,70,P1-C1,P1,0x9246B9C0,12,Ryu,True,True,recoverable_ceiling_gain,48000,48000,43200,43200,0,43200,48000,4800,0,4800,4800,0,0,4800,,,,,none,4,0,0,0,True,False,4800,4800,,,,,,,,,,
2026-07-25T19:37:00Z,70,P2-C1,P2,0x927EB9E0,1,Ken the Eagle,True,True,normal_damage_red_generation,44000,44000,12082,10962,-1120,24860,24188,-672,12778,13226,448,1120,672,448,672,448,0,True,medium,4,0,0,0,False,False,0,0,,,,,,,,,,
2026-07-25T19:37:00Z,71,P2-C1,P2,0x927EB9E0,1,Ken the Eagle,True,True,normal_damage_red_generation,44000,44000,10962,10111,-851,24188,23678,-510,13226,13567,341,851,510,341,510,341,0,True,medium,4,0,0,0,False,False,0,0,,,,,,,,,,
2026-07-25T19:37:01Z,74,P2-C1,P2,0x927EB9E0,1,Ken the Eagle,True,True,normal_damage_red_generation,44000,44000,10111,8441,-1670,23678,22676,-1002,13567,14235,668,1670,1002,668,1002,668,0,True,medium,4,0,0,0,False,False,0,0,,,,,,,,,,
2026-07-25T19:37:01Z,79,P2-C1,P2,0x927EB9E0,1,Ken the Eagle,True,True,normal_damage_red_generation,44000,44000,8441,7873,-568,22676,22336,-340,14235,14463,228,568,340,228,340,228,0,True,medium,4,0,0,0,False,False,0,0,,,,,,,,,,
2026-07-25T19:37:02Z,80,P2-C1,P2,0x927EB9E0,1,Ken the Eagle,True,True,normal_damage_red_generation,44000,44000,7873,6898,-975,22336,21751,-585,14463,14853,390,975,585,390,585,390,0,True,medium,4,0,0,0,False,False,0,0,,,,,,,,,,
2026-07-25T19:37:02Z,81,P2-C1,P2,0x927EB9E0,1,Ken the Eagle,True,True,normal_damage_red_generation,44000,44000,6898,6036,-862,21751,21234,-517,14853,15198,345,862,517,345,517,345,0,True,medium,4,0,0,0,False,False,0,0,,,,,,,,,,
2026-07-25T19:37:03Z,82,P2-C1,P2,0x927EB9E0,1,Ken the Eagle,True,True,normal_damage_red_generation,44000,44000,6036,4568,-1468,21234,20354,-880,15198,15786,588,1468,880,588,880,588,0,True,medium,4,0,0,0,False,False,0,0,,,,,,,,,,
2026-07-25T19:37:03Z,84,P2-C1,P2,0x927EB9E0,1,Ken the Eagle,True,True,normal_damage_red_generation,44000,44000,4568,3407,-1161,20354,19658,-696,15786,16251,465,1161,696,465,696,465,0,True,medium,4,0,0,0,False,False,0,0,,,,,,,,,,
2026-07-25T19:37:04Z,86,P2-C1,P2,0x927EB9E0,1,Ken the Eagle,True,True,normal_damage_red_generation,44000,44000,3407,2439,-968,19658,19078,-580,16251,16639,388,968,580,388,580,388,0,True,medium,4,0,0,0,False,False,0,0,,,,,,,,,,
2026-07-25T19:37:04Z,89,P2-C1,P2,0x927EB9E0,1,Ken the Eagle,True,True,normal_damage_red_generation,44000,44000,2439,1784,-655,19078,18685,-393,16639,16901,262,655,393,262,393,262,0,True,medium,4,0,0,0,False,False,0,0,,,,,,,,,,
2026-07-25T19:37:04Z,90,P2-C1,P2,0x927EB9E0,1,Ken the Eagle,True,True,normal_damage_red_generation,44000,44000,1784,1187,-597,18685,18327,-358,16901,17140,239,597,358,239,358,239,0,True,medium,4,0,0,0,False,False,0,0,,,,,,,,,,
2026-07-25T19:37:05Z,92,P1-C2,P1,0x92B6BA00,13,Chun-Li,False,True,point_status_change,46000,46000,46000,46000,0,46000,46000,0,0,0,0,0,0,0,,,,,none,4,0,0,0,False,False,0,0,,,,,,,,,,
2026-07-25T19:37:05Z,93,P2-C1,P2,0x927EB9E0,1,Ken the Eagle,True,True,normal_damage_red_generation,44000,44000,1187,649,-538,18327,18005,-322,17140,17356,216,538,322,216,322,216,0,True,medium,4,0,0,0,False,False,0,0,,,,,,,,,,
2026-07-25T19:37:05Z,94,P2-C1,P2,0x927EB9E0,1,Ken the Eagle,True,True,normal_damage_red_generation,44000,44000,649,1,-648,18005,17563,-442,17356,17562,206,648,442,206,388,260,-54,False,medium,4,0,0,0,False,False,0,0,,,,,,,,,,difference can indicate multiple native damage requests between GUI samples
2026-07-25T19:37:05Z,95,P2-C1,P2,0x927EB9E0,1,Ken the Eagle,True,True,ceiling_loss,44000,44000,1,1,0,17563,17405,-158,17562,17404,-158,0,158,0,,,,,none,4,0,0,0,False,False,0,0,,,,,,,,,,
2026-07-25T19:37:05Z,97,P2-C1,P2,0x927EB9E0,1,Ken the Eagle,True,True,ceiling_loss,44000,44000,1,1,0,17405,17243,-162,17404,17242,-162,0,162,0,,,,,none,4,0,0,0,False,False,0,0,,,,,,,,,,
2026-07-25T19:37:06Z,99,P2-C1,P2,0x927EB9E0,1,Ken the Eagle,True,True,ceiling_loss,44000,44000,1,1,0,17243,16839,-404,17242,16838,-404,0,404,0,,,,,none,4,0,0,0,False,False,0,0,,,,,,,,,,
2026-07-25T19:37:07Z,102,P1-C2,P1,0x92B6BA00,13,Chun-Li,True,False,point_status_change,46000,46000,46000,46000,0,46000,46000,0,0,0,0,0,0,0,,,,,none,4,4,0,0,False,False,0,0,,,,,,,,,,
2026-07-25T19:37:07Z,102,P2-C1,P2,0x927EB9E0,1,Ken the Eagle,True,True,ceiling_loss,44000,44000,1,1,0,16839,16587,-252,16838,16586,-252,0,252,0,,,,,none,4,0,0,0,False,False,0,0,,,,,,,,,,
2026-07-25T19:37:07Z,103,P2-C1,P2,0x927EB9E0,1,Ken the Eagle,True,True,ceiling_loss,44000,44000,1,1,0,16587,16360,-227,16586,16359,-227,0,227,0,,,,,none,4,0,0,0,False,False,0,0,,,,,,,,,,
2026-07-25T19:37:07Z,104,P2-C1,P2,0x927EB9E0,1,Ken the Eagle,True,True,ceiling_loss,44000,44000,1,1,0,16360,16149,-211,16359,16148,-211,0,211,0,,,,,none,4,0,0,0,False,False,0,0,,,,,,,,,,
2026-07-25T19:37:08Z,106,P2-C1,P2,0x927EB9E0,1,Ken the Eagle,True,True,ceiling_loss,44000,44000,1,1,0,16149,15765,-384,16148,15764,-384,0,384,0,,,,,none,4,0,0,0,False,False,0,0,,,,,,,,,,
2026-07-25T19:37:08Z,108,P2-C1,P2,0x927EB9E0,1,Ken the Eagle,True,True,ceiling_loss,44000,44000,1,1,0,15765,15390,-375,15764,15389,-375,0,375,0,,,,,none,4,0,0,0,False,False,0,0,,,,,,,,,,
2026-07-25T19:37:09Z,110,P2-C1,P2,0x927EB9E0,1,Ken the Eagle,True,True,ceiling_loss,44000,44000,1,1,0,15390,15052,-338,15389,15051,-338,0,338,0,,,,,none,4,0,0,0,False,False,0,0,,,,,,,,,,
2026-07-25T19:37:09Z,112,P2-C1,P2,0x927EB9E0,1,Ken the Eagle,True,True,ceiling_loss,44000,44000,1,1,0,15052,14639,-413,15051,14638,-413,0,413,0,,,,,none,4,0,0,0,False,False,0,0,,,,,,,,,,
2026-07-25T19:37:11Z,123,P2-C1,P2,0x927EB9E0,1,Ken the Eagle,True,True,recoverable_heal,44000,44000,1,2001,2000,14639,14639,0,14638,12638,-2000,0,0,0,,,,,none,4,500,0,1,False,False,0,0,,,,,,,,,,
2026-07-25T19:37:11Z,124,P2-C1,P2,0x927EB9E0,1,Ken the Eagle,True,True,recoverable_heal,44000,44000,2001,10001,8000,14639,14639,0,12638,4638,-8000,0,0,0,,,,,none,4,500,0,1,False,False,0,0,,,,,,,,,,
2026-07-25T19:37:11Z,125,P2-C1,P2,0x927EB9E0,1,Ken the Eagle,True,True,recoverable_heal,44000,44000,10001,13001,3000,14639,14639,0,4638,1638,-3000,0,0,0,,,,,none,4,500,0,1,False,False,0,0,,,,,,,,,,
2026-07-25T19:37:11Z,126,P2-C1,P2,0x927EB9E0,1,Ken the Eagle,True,True,mixed_heal,44000,44000,13001,16001,3000,14639,16001,1362,1638,0,-1638,0,0,0,,,,,none,4,500,0,1,False,False,0,0,,,,,,,,,,
2026-07-25T19:37:11Z,127,P2-C1,P2,0x927EB9E0,1,Ken the Eagle,True,True,current_and_ceiling_heal,44000,44000,16001,19001,3000,16001,19001,3000,0,0,0,0,0,0,,,,,none,4,500,0,1,False,False,0,0,,,,,,,,,,
2026-07-25T19:37:11Z,128,P2-C1,P2,0x927EB9E0,1,Ken the Eagle,True,True,current_and_ceiling_heal,44000,44000,19001,21501,2500,19001,21501,2500,0,0,0,0,0,0,,,,,none,4,500,0,1,False,False,0,0,,,,,,,,,,
2026-07-25T19:37:11Z,129,P2-C1,P2,0x927EB9E0,1,Ken the Eagle,True,True,current_and_ceiling_heal,44000,44000,21501,24501,3000,21501,24501,3000,0,0,0,0,0,0,,,,,none,4,500,0,1,False,False,0,0,,,,,,,,,,
2026-07-25T19:37:12Z,130,P2-C1,P2,0x927EB9E0,1,Ken the Eagle,True,True,current_and_ceiling_heal,44000,44000,24501,32501,8000,24501,32501,8000,0,0,0,0,0,0,,,,,none,4,500,0,1,False,False,0,0,,,,,,,,,,
2026-07-25T19:37:12Z,131,P2-C1,P2,0x927EB9E0,1,Ken the Eagle,True,True,current_and_ceiling_heal,44000,44000,32501,35001,2500,32501,35001,2500,0,0,0,0,0,0,,,,,none,4,500,0,1,False,False,0,0,,,,,,,,,,
2026-07-25T19:37:12Z,132,P2-C1,P2,0x927EB9E0,1,Ken the Eagle,True,True,current_and_ceiling_heal,44000,44000,35001,37501,2500,35001,37501,2500,0,0,0,0,0,0,,,,,none,4,500,0,1,False,False,0,0,,,,,,,,,,
2026-07-25T19:37:12Z,133,P2-C1,P2,0x927EB9E0,1,Ken the Eagle,True,True,current_and_ceiling_heal,44000,44000,37501,40001,2500,37501,40001,2500,0,0,0,0,0,0,,,,,none,4,500,0,1,False,False,0,0,,,,,,,,,,
2026-07-25T19:37:12Z,134,P2-C1,P2,0x927EB9E0,1,Ken the Eagle,True,True,current_and_ceiling_heal,44000,44000,40001,42501,2500,40001,42501,2500,0,0,0,0,0,0,,,,,none,4,500,0,1,False,False,0,0,,,,,,,,,,
2026-07-25T19:37:12Z,135,P2-C1,P2,0x927EB9E0,1,Ken the Eagle,True,True,full_health_reset,44000,44000,42501,44000,1499,42501,44000,1499,0,0,0,0,0,0,,,,,none,4,0,0,0,False,False,0,0,,,,,,,,,,
2026-07-25T19:37:14Z,150,P2-C1,P2,0x927EB9E0,1,Ken the Eagle,True,True,normal_damage_red_generation,44000,44000,44000,41440,-2560,44000,42464,-1536,0,1024,1024,2560,1536,1024,1536,1024,0,True,medium,4,0,0,0,False,False,0,0,,,,,,,,,,
2026-07-25T19:37:15Z,152,P2-C1,P2,0x927EB9E0,1,Ken the Eagle,True,True,normal_damage_red_generation,44000,44000,41440,40680,-760,42464,42008,-456,1024,1328,304,760,456,304,456,304,0,True,medium,4,0,0,0,False,False,0,0,,,,,,,,,,
2026-07-25T19:37:15Z,153,P2-C1,P2,0x927EB9E0,1,Ken the Eagle,True,True,normal_damage_red_generation,44000,44000,40680,39384,-1296,42008,41231,-777,1328,1847,519,1296,777,519,777,519,0,True,medium,4,0,0,0,False,False,0,0,,,,,,,,,,
2026-07-25T19:37:15Z,154,P2-C1,P2,0x927EB9E0,1,Ken the Eagle,True,True,normal_damage_red_generation,44000,44000,39384,38228,-1156,41231,40538,-693,1847,2310,463,1156,693,463,693,463,0,True,medium,4,0,0,0,False,False,0,0,,,,,,,,,,
2026-07-25T19:37:16Z,155,P2-C1,P2,0x927EB9E0,1,Ken the Eagle,True,True,normal_damage_red_generation,44000,44000,38228,36245,-1983,40538,39349,-1189,2310,3104,794,1983,1189,794,1189,794,0,True,medium,4,0,0,0,False,False,0,0,,,,,,,,,,
2026-07-25T19:37:16Z,156,P2-C1,P2,0x927EB9E0,1,Ken the Eagle,True,True,normal_damage_red_generation,44000,44000,36245,34446,-1799,39349,38270,-1079,3104,3824,720,1799,1079,720,1079,720,0,True,medium,4,0,0,0,False,False,0,0,,,,,,,,,,
2026-07-25T19:37:16Z,158,P2-C1,P2,0x927EB9E0,1,Ken the Eagle,True,True,normal_damage_red_generation,44000,44000,34446,32894,-1552,38270,37339,-931,3824,4445,621,1552,931,621,931,621,0,True,medium,4,0,0,0,False,False,0,0,,,,,,,,,,
2026-07-25T19:37:17Z,161,P2-C1,P2,0x927EB9E0,1,Ken the Eagle,True,True,normal_damage_red_generation,44000,44000,32894,31063,-1831,37339,36241,-1098,4445,5178,733,1831,1098,733,1098,733,0,True,medium,4,0,0,0,False,False,0,0,,,,,,,,,,
2026-07-25T19:37:18Z,166,P2-C1,P2,0x927EB9E0,1,Ken the Eagle,True,True,normal_damage_red_generation,44000,44000,31063,30570,-493,36241,35946,-295,5178,5376,198,493,295,198,295,198,0,True,medium,4,0,0,0,False,False,0,0,,,,,,,,,,
2026-07-25T19:37:18Z,167,P2-C1,P2,0x927EB9E0,1,Ken the Eagle,True,True,normal_damage_red_generation,44000,44000,30570,29683,-887,35946,35414,-532,5376,5731,355,887,532,355,532,355,0,True,medium,4,0,0,0,False,False,0,0,,,,,,,,,,
2026-07-25T19:37:19Z,168,P2-C1,P2,0x927EB9E0,1,Ken the Eagle,True,True,normal_damage_red_generation,44000,44000,29683,29302,-381,35414,35186,-228,5731,5884,153,381,228,153,228,153,0,True,medium,4,0,0,0,False,False,0,0,,,,,,,,,,
2026-07-25T19:37:20Z,174,P2-C1,P2,0x927EB9E0,1,Ken the Eagle,True,True,recoverable_heal,44000,44000,29302,31802,2500,35186,35186,0,5884,3384,-2500,0,0,0,,,,,none,4,500,0,1,False,False,0,0,,,,,,,,,,
2026-07-25T19:37:20Z,175,P2-C1,P2,0x927EB9E0,1,Ken the Eagle,True,True,mixed_heal,44000,44000,31802,40302,8500,35186,40302,5116,3384,0,-3384,0,0,0,,,,,none,4,500,0,1,False,False,0,0,,,,,,,,,,
2026-07-25T19:37:20Z,176,P2-C1,P2,0x927EB9E0,1,Ken the Eagle,True,True,current_and_ceiling_heal,44000,44000,40302,42802,2500,40302,42802,2500,0,0,0,0,0,0,,,,,none,4,500,0,1,False,False,0,0,,,,,,,,,,
2026-07-25T19:37:20Z,177,P2-C1,P2,0x927EB9E0,1,Ken the Eagle,True,True,full_health_reset,44000,44000,42802,44000,1198,42802,44000,1198,0,0,0,0,0,0,,,,,none,4,0,0,0,False,False,0,0,,,,,,,,,,
2026-07-25T19:37:25Z,217,P2-C1,P2,0x927EB9E0,1,Ken the Eagle,True,True,normal_damage_red_generation,44000,44000,44000,42320,-1680,44000,42992,-1008,0,672,672,1680,1008,672,1008,672,0,True,medium,4,0,0,0,False,False,0,0,,,,,,,,,,
2026-07-25T19:37:25Z,219,P2-C1,P2,0x927EB9E0,1,Ken the Eagle,True,True,normal_damage_red_generation,44000,44000,42320,40724,-1596,42992,42035,-957,672,1311,639,1596,957,639,957,639,0,True,medium,4,0,0,0,False,False,0,0,,,,,,,,,,
2026-07-25T19:37:26Z,222,P2-C1,P2,0x927EB9E0,1,Ken the Eagle,True,True,normal_damage_red_generation,44000,44000,40724,39212,-1512,42035,41128,-907,1311,1916,605,1512,907,605,907,605,0,True,medium,4,0,0,0,False,False,0,0,,,,,,,,,,
2026-07-25T19:37:26Z,224,P2-C1,P2,0x927EB9E0,1,Ken the Eagle,True,True,normal_damage_red_generation,44000,44000,39212,37784,-1428,41128,40272,-856,1916,2488,572,1428,856,572,856,572,0,True,medium,4,0,0,0,False,False,0,0,,,,,,,,,,
2026-07-25T19:37:26Z,227,P2-C1,P2,0x927EB9E0,1,Ken the Eagle,True,True,normal_damage_red_generation,44000,44000,37784,37145,-639,40272,39889,-383,2488,2744,256,639,383,256,383,256,0,True,medium,4,0,0,0,False,False,0,0,,,,,,,,,,
2026-07-25T19:37:27Z,229,P2-C1,P2,0x927EB9E0,1,Ken the Eagle,True,True,normal_damage_red_generation,44000,44000,37145,36066,-1079,39889,39242,-647,2744,3176,432,1079,647,432,647,432,0,True,medium,4,0,0,0,False,False,0,0,,,,,,,,,,
2026-07-25T19:37:27Z,230,P2-C1,P2,0x927EB9E0,1,Ken the Eagle,True,True,normal_damage_red_generation,44000,44000,36066,35115,-951,39242,38672,-570,3176,3557,381,951,570,381,570,381,0,True,medium,4,0,0,0,False,False,0,0,,,,,,,,,,
2026-07-25T19:37:27Z,232,P2-C1,P2,0x927EB9E0,1,Ken the Eagle,True,True,normal_damage_red_generation,44000,44000,35115,33504,-1611,38672,37706,-966,3557,4202,645,1611,966,645,966,645,0,True,medium,4,0,0,0,False,False,0,0,,,,,,,,,,
2026-07-25T19:37:28Z,235,P2-C1,P2,0x927EB9E0,1,Ken the Eagle,True,True,normal_damage_red_generation,44000,44000,33504,32209,-1295,37706,36929,-777,4202,4720,518,1295,777,518,777,518,0,True,medium,4,0,0,0,False,False,0,0,,,,,,,,,,
2026-07-25T19:37:28Z,239,P1-C1,P1,0x9246B9C0,12,Ryu,True,True,baroque_consume,48000,48000,43200,43200,0,48000,43200,-4800,4800,0,-4800,0,4800,0,,-4800,0,True,high,4,0,0,0,False,True,4800,4800,,,,,,,,,,
2026-07-25T19:37:28Z,239,P2-C1,P2,0x927EB9E0,1,Ken the Eagle,True,True,normal_damage_red_generation,44000,44000,32209,30670,-1539,36929,36006,-923,4720,5336,616,1539,923,616,923,616,0,True,high,4,0,0,0,False,False,0,0,P1-C1,12,Ryu,162,Baroque cancel,0,100,0x00000009,0x00000040,
2026-07-25T19:37:29Z,240,P1-C1,P1,0x9246B9C0,12,Ryu,True,True,recoverable_ceiling_gain,48000,48000,43200,43200,0,43200,43700,500,0,500,500,0,0,500,,,,,none,4,0,0,0,True,True,4800,4800,,,,,,,,,,
2026-07-25T19:37:29Z,242,P2-C1,P2,0x927EB9E0,1,Ken the Eagle,True,True,normal_damage_red_generation,44000,44000,30670,29855,-815,36006,35517,-489,5336,5662,326,815,489,326,489,326,0,True,medium,4,0,0,0,False,False,0,0,P1-C1,12,Ryu,162,Baroque cancel,0,100,0x00000009,0x00000040,
2026-07-25T19:37:29Z,245,P2-C1,P2,0x927EB9E0,1,Ken the Eagle,True,True,normal_damage_red_generation,44000,44000,29855,29122,-733,35517,35078,-439,5662,5956,294,733,439,294,439,294,0,True,medium,4,0,0,0,False,False,0,0,P1-C1,12,Ryu,162,Baroque cancel,0,100,0x00000009,0x00000040,
2026-07-25T19:37:30Z,248,P2-C1,P2,0x927EB9E0,1,Ken the Eagle,True,True,normal_damage_red_generation,44000,44000,29122,28470,-652,35078,34687,-391,5956,6217,261,652,391,261,391,261,0,True,medium,4,0,0,0,False,False,0,0,,,,,,,,,,
2026-07-25T19:37:30Z,252,P2-C1,P2,0x927EB9E0,1,Ken the Eagle,True,True,normal_damage_red_generation,44000,44000,28470,27899,-571,34687,34345,-342,6217,6446,229,571,342,229,342,229,0,True,medium,4,0,0,0,False,False,0,0,,,,,,,,,,
2026-07-25T19:37:31Z,255,P2-C1,P2,0x927EB9E0,1,Ken the Eagle,True,True,normal_damage_red_generation,44000,44000,27899,27627,-272,34345,34182,-163,6446,6555,109,272,163,109,163,109,0,True,medium,4,0,0,0,False,False,0,0,,,,,,,,,,
2026-07-25T19:37:31Z,257,P2-C1,P2,0x927EB9E0,1,Ken the Eagle,True,True,normal_damage_red_generation,44000,44000,27627,27355,-272,34182,34019,-163,6555,6664,109,272,163,109,163,109,0,True,medium,4,0,0,0,False,False,0,0,,,,,,,,,,
2026-07-25T19:37:31Z,258,P2-C1,P2,0x927EB9E0,1,Ken the Eagle,True,True,normal_damage_red_generation,44000,44000,27355,26404,-951,34019,33449,-570,6664,7045,381,951,570,381,570,381,0,True,medium,4,0,0,0,False,False,0,0,,,,,,,,,,
2026-07-25T19:37:32Z,260,P2-C1,P2,0x927EB9E0,1,Ken the Eagle,True,True,normal_damage_red_generation,44000,44000,26404,25561,-843,33449,32944,-505,7045,7383,338,843,505,338,505,338,0,True,medium,4,0,0,0,False,False,0,0,,,,,,,,,,
2026-07-25T19:37:32Z,261,P2-C1,P2,0x927EB9E0,1,Ken the Eagle,True,True,normal_damage_red_generation,44000,44000,25561,24745,-816,32944,32455,-489,7383,7710,327,816,489,327,489,327,0,True,medium,4,0,0,0,False,False,0,0,,,,,,,,,,
2026-07-25T19:37:33Z,264,P2-C1,P2,0x927EB9E0,1,Ken the Eagle,True,True,normal_damage_red_generation,44000,44000,24745,23991,-754,32455,32003,-452,7710,8012,302,754,452,302,452,302,0,True,medium,4,0,0,0,False,False,0,0,,,,,,,,,,
2026-07-25T19:37:33Z,267,P2-C1,P2,0x927EB9E0,1,Ken the Eagle,True,True,normal_damage_red_generation,44000,44000,23991,23033,-958,32003,31429,-574,8012,8396,384,958,574,384,574,384,0,True,medium,4,0,0,0,False,False,0,0,,,,,,,,,,
2026-07-25T19:37:34Z,275,P2-C1,P2,0x927EB9E0,1,Ken the Eagle,True,True,normal_damage_red_generation,44000,44000,23033,22748,-285,31429,31258,-171,8396,8510,114,285,171,114,171,114,0,True,medium,4,0,0,0,False,False,0,0,,,,,,,,,,
2026-07-25T19:37:35Z,276,P2-C1,P2,0x927EB9E0,1,Ken the Eagle,True,True,normal_damage_red_generation,44000,44000,22748,21942,-806,31258,30776,-482,8510,8834,324,806,482,324,483,323,1,False,medium,4,0,0,0,False,False,0,0,,,,,,,,,,difference can indicate multiple native damage requests between GUI samples
2026-07-25T19:37:35Z,278,P2-C1,P2,0x927EB9E0,1,Ken the Eagle,True,True,normal_damage_red_generation,44000,44000,21942,21454,-488,30776,30484,-292,8834,9030,196,488,292,196,292,196,0,True,medium,4,0,0,0,False,False,0,0,,,,,,,,,,
2026-07-25T19:37:35Z,280,P2-C1,P2,0x927EB9E0,1,Ken the Eagle,True,True,normal_damage_red_generation,44000,44000,21454,20563,-891,30484,29950,-534,9030,9387,357,891,534,357,534,357,0,True,medium,4,0,0,0,False,False,0,0,,,,,,,,,,
2026-07-25T19:37:36Z,283,P2-C1,P2,0x927EB9E0,1,Ken the Eagle,True,True,normal_damage_red_generation,44000,44000,20563,19693,-870,29950,29428,-522,9387,9735,348,870,522,348,522,348,0,True,medium,4,0,0,0,False,False,0,0,,,,,,,,,,
2026-07-25T19:37:36Z,285,P2-C1,P2,0x927EB9E0,1,Ken the Eagle,True,True,normal_damage_red_generation,44000,44000,19693,18908,-785,29428,28957,-471,9735,10049,314,785,471,314,471,314,0,True,medium,4,0,0,0,False,False,0,0,,,,,,,,,,
2026-07-25T19:37:37Z,289,P2-C1,P2,0x927EB9E0,1,Ken the Eagle,True,True,normal_damage_red_generation,44000,44000,18908,18327,-581,28957,28609,-348,10049,10282,233,581,348,233,348,233,0,True,medium,4,0,0,0,False,False,0,0,,,,,,,,,,
2026-07-25T19:37:37Z,291,P2-C1,P2,0x927EB9E0,1,Ken the Eagle,True,True,normal_damage_red_generation,44000,44000,18327,17745,-582,28609,28260,-349,10282,10515,233,582,349,233,349,233,0,True,medium,4,0,0,0,False,False,0,0,,,,,,,,,,
2026-07-25T19:37:38Z,295,P1-C2,P1,0x92B6BA00,13,Chun-Li,False,True,point_status_change,46000,46000,46000,46000,0,46000,46000,0,0,0,0,0,0,0,,,,,none,4,4,0,0,False,False,0,0,,,,,,,,,,
2026-07-25T19:37:38Z,295,P2-C1,P2,0x927EB9E0,1,Ken the Eagle,True,True,normal_damage_red_generation,44000,44000,17745,17162,-583,28260,27911,-349,10515,10749,234,583,349,234,349,234,0,True,medium,4,0,0,0,False,False,0,0,,,,,,,,,,
2026-07-25T19:37:38Z,296,P2-C1,P2,0x927EB9E0,1,Ken the Eagle,True,True,normal_damage_red_generation,44000,44000,17162,16578,-584,27911,27561,-350,10749,10983,234,584,350,234,350,234,0,True,medium,4,0,0,0,False,False,0,0,,,,,,,,,,
2026-07-25T19:37:38Z,300,P2-C1,P2,0x927EB9E0,1,Ken the Eagle,True,True,normal_damage_red_generation,44000,44000,16578,16204,-374,27561,27337,-224,10983,11133,150,374,224,150,224,150,0,True,medium,4,0,0,0,False,False,0,0,,,,,,,,,,
2026-07-25T19:37:38Z,301,P2-C1,P2,0x927EB9E0,1,Ken the Eagle,True,True,normal_damage_red_generation,44000,44000,16204,15824,-380,27337,27109,-228,11133,11285,152,380,228,152,228,152,0,True,medium,4,0,0,0,False,False,0,0,,,,,,,,,,
2026-07-25T19:37:39Z,302,P2-C1,P2,0x927EB9E0,1,Ken the Eagle,True,True,normal_damage_red_generation,44000,44000,15824,15437,-387,27109,26877,-232,11285,11440,155,387,232,155,232,155,0,True,medium,4,0,0,0,False,False,0,0,,,,,,,,,,
2026-07-25T19:37:39Z,306,P2-C1,P2,0x927EB9E0,1,Ken the Eagle,True,True,normal_damage_red_generation,44000,44000,15437,14493,-944,26877,26311,-566,11440,11818,378,944,566,378,566,378,0,True,medium,4,0,0,0,False,False,0,0,,,,,,,,,,
2026-07-25T19:37:40Z,310,P2-C1,P2,0x927EB9E0,1,Ken the Eagle,True,True,normal_damage_red_generation,44000,44000,14493,14201,-292,26311,26136,-175,11818,11935,117,292,175,117,175,117,0,True,medium,4,0,0,0,False,False,0,0,,,,,,,,,,
2026-07-25T19:37:40Z,311,P1-C2,P1,0x92B6BA00,13,Chun-Li,True,False,point_status_change,46000,46000,46000,46000,0,46000,46000,0,0,0,0,0,0,0,,,,,none,4,4,0,0,False,False,0,0,,,,,,,,,,
2026-07-25T19:37:40Z,311,P2-C1,P2,0x927EB9E0,1,Ken the Eagle,True,True,normal_damage_red_generation,44000,44000,14201,13675,-526,26136,25821,-315,11935,12146,211,526,315,211,315,211,0,True,medium,4,0,0,0,False,False,0,0,,,,,,,,,,
2026-07-25T19:37:40Z,312,P2-C1,P2,0x927EB9E0,1,Ken the Eagle,True,True,normal_damage_red_generation,44000,44000,13675,13189,-486,25821,25530,-291,12146,12341,195,486,291,195,291,195,0,True,medium,4,0,0,0,False,False,0,0,,,,,,,,,,
2026-07-25T19:37:41Z,315,P2-C1,P2,0x927EB9E0,1,Ken the Eagle,True,True,normal_damage_red_generation,44000,44000,13189,12298,-891,25530,24996,-534,12341,12698,357,891,534,357,534,357,0,True,medium,4,0,0,0,False,False,0,0,,,,,,,,,,
2026-07-25T19:37:41Z,317,P2-C1,P2,0x927EB9E0,1,Ken the Eagle,True,True,normal_damage_red_generation,44000,44000,12298,11428,-870,24996,24474,-522,12698,13046,348,870,522,348,522,348,0,True,medium,4,0,0,0,False,False,0,0,,,,,,,,,,
2026-07-25T19:37:42Z,320,P2-C1,P2,0x927EB9E0,1,Ken the Eagle,True,True,normal_damage_red_generation,44000,44000,11428,10643,-785,24474,24003,-471,13046,13360,314,785,471,314,471,314,0,True,medium,4,0,0,0,False,False,0,0,,,,,,,,,,
2026-07-25T19:37:42Z,324,P2-C1,P2,0x927EB9E0,1,Ken the Eagle,True,True,normal_damage_red_generation,44000,44000,10643,10181,-462,24003,23726,-277,13360,13545,185,462,277,185,277,185,0,True,medium,4,0,0,0,False,False,0,0,,,,,,,,,,
2026-07-25T19:37:43Z,326,P2-C1,P2,0x927EB9E0,1,Ken the Eagle,True,True,normal_damage_red_generation,44000,44000,10181,9718,-463,23726,23449,-277,13545,13731,186,463,277,186,277,186,0,True,medium,4,0,0,0,False,False,0,0,,,,,,,,,,
2026-07-25T19:37:43Z,330,P2-C1,P2,0x927EB9E0,1,Ken the Eagle,True,True,normal_damage_red_generation,44000,44000,9718,9255,-463,23449,23172,-277,13731,13917,186,463,277,186,277,186,0,True,medium,4,0,0,0,False,False,0,0,,,,,,,,,,
2026-07-25T19:37:43Z,333,P2-C1,P2,0x927EB9E0,1,Ken the Eagle,True,True,normal_damage_red_generation,44000,44000,9255,8791,-464,23172,22894,-278,13917,14103,186,464,278,186,278,186,0,True,medium,4,0,0,0,False,False,0,0,,,,,,,,,,
2026-07-25T19:37:45Z,347,P2-C1,P2,0x927EB9E0,1,Ken the Eagle,True,True,normal_damage_red_generation,44000,44000,8791,8590,-201,22894,22774,-120,14103,14184,81,201,120,81,120,81,0,True,high,4,0,0,0,False,False,0,0,P1-C1,12,Ryu,352,Shinkuu,0,720,0x0000000C,0x00000123,
2026-07-25T19:37:46Z,348,P2-C1,P2,0x927EB9E0,1,Ken the Eagle,True,True,normal_damage_red_generation,44000,44000,8590,7786,-804,22774,22294,-480,14184,14508,324,804,480,324,482,322,2,False,high,4,0,0,0,False,False,0,0,P1-C1,12,Ryu,352,Shinkuu,0,720,0x0000000C,0x00000123,difference can indicate multiple native damage requests between GUI samples
2026-07-25T19:37:46Z,349,P2-C1,P2,0x927EB9E0,1,Ken the Eagle,True,True,normal_damage_red_generation,44000,44000,7786,7384,-402,22294,22054,-240,14508,14670,162,402,240,162,241,161,1,False,high,4,0,0,0,False,False,0,0,P1-C1,12,Ryu,352,Shinkuu,0,720,0x0000000C,0x00000123,difference can indicate multiple native damage requests between GUI samples
2026-07-25T19:37:46Z,350,P2-C1,P2,0x927EB9E0,1,Ken the Eagle,True,True,normal_damage_red_generation,44000,44000,7384,7183,-201,22054,21934,-120,14670,14751,81,201,120,81,120,81,0,True,high,4,-201,-120,0,False,False,0,0,P1-C1,12,Ryu,352,Shinkuu,0,720,0x0000000C,0x00000123,
2026-07-25T19:37:46Z,351,P2-C1,P2,0x927EB9E0,1,Ken the Eagle,True,True,normal_damage_red_generation,44000,44000,7183,6781,-402,21934,21694,-240,14751,14913,162,402,240,162,241,161,1,False,high,4,0,0,0,False,False,0,0,P1-C1,12,Ryu,352,Shinkuu,0,720,0x0000000C,0x00000123,difference can indicate multiple native damage requests between GUI samples
2026-07-25T19:37:46Z,352,P2-C1,P2,0x927EB9E0,1,Ken the Eagle,True,True,normal_damage_red_generation,44000,44000,6781,6580,-201,21694,21574,-120,14913,14994,81,201,120,81,120,81,0,True,high,4,0,0,0,False,False,0,0,P1-C1,12,Ryu,352,Shinkuu,0,720,0x0000000C,0x00000123,
2026-07-25T19:37:46Z,353,P2-C1,P2,0x927EB9E0,1,Ken the Eagle,True,True,normal_damage_red_generation,44000,44000,6580,5977,-603,21574,21214,-360,14994,15237,243,603,360,243,361,242,1,False,high,4,0,0,0,False,False,0,0,P1-C1,12,Ryu,352,Shinkuu,0,720,0x0000000C,0x00000123,difference can indicate multiple native damage requests between GUI samples
2026-07-25T19:37:47Z,354,P2-C1,P2,0x927EB9E0,1,Ken the Eagle,True,True,normal_damage_red_generation,44000,44000,5977,5575,-402,21214,20974,-240,15237,15399,162,402,240,162,241,161,1,False,high,4,0,0,0,False,False,0,0,P1-C1,12,Ryu,352,Shinkuu,0,720,0x0000000C,0x00000123,difference can indicate multiple native damage requests between GUI samples
2026-07-25T19:37:47Z,355,P2-C1,P2,0x927EB9E0,1,Ken the Eagle,True,True,normal_damage_red_generation,44000,44000,5575,5374,-201,20974,20854,-120,15399,15480,81,201,120,81,120,81,0,True,high,4,-176,-105,0,False,False,0,0,P1-C1,12,Ryu,352,Shinkuu,0,720,0x0000000C,0x00000123,
2026-07-25T19:37:47Z,356,P2-C1,P2,0x927EB9E0,1,Ken the Eagle,True,True,normal_damage_red_generation,44000,44000,5374,5198,-176,20854,20749,-105,15480,15551,71,176,105,71,105,71,0,True,high,4,0,0,0,False,False,0,0,P1-C1,12,Ryu,352,Shinkuu,0,720,0x0000000C,0x00000123,
2026-07-25T19:37:47Z,357,P2-C1,P2,0x927EB9E0,1,Ken the Eagle,True,True,normal_damage_red_generation,44000,44000,5198,4768,-430,20749,20492,-257,15551,15724,173,430,257,173,258,172,1,False,high,4,0,0,0,False,False,0,0,P1-C1,12,Ryu,352,Shinkuu,0,100,0x00000009,0x00000040,difference can indicate multiple native damage requests between GUI samples
2026-07-25T19:37:47Z,358,P1-C1,P1,0x9246B9C0,12,Ryu,True,True,recoverable_ceiling_gain,48000,48000,43200,43200,0,43700,48000,4300,500,4800,4300,0,0,4300,,,,,none,4,0,0,0,True,False,4800,4800,,,,,,,,,,
2026-07-25T19:37:48Z,367,P2-C1,P2,0x927EB9E0,1,Ken the Eagle,True,True,recoverable_heal,44000,44000,4768,6768,2000,20492,20492,0,15724,13724,-2000,0,0,0,,,,,none,4,500,0,1,False,False,0,0,,,,,,,,,,
2026-07-25T19:37:48Z,368,P2-C1,P2,0x927EB9E0,1,Ken the Eagle,True,True,recoverable_heal,44000,44000,6768,9768,3000,20492,20492,0,13724,10724,-3000,0,0,0,,,,,none,4,500,0,1,False,False,0,0,,,,,,,,,,
2026-07-25T19:37:48Z,369,P2-C1,P2,0x927EB9E0,1,Ken the Eagle,True,True,recoverable_heal,44000,44000,9768,12768,3000,20492,20492,0,10724,7724,-3000,0,0,0,,,,,none,4,500,0,1,False,False,0,0,,,,,,,,,,
2026-07-25T19:37:49Z,370,P2-C1,P2,0x927EB9E0,1,Ken the Eagle,True,True,recoverable_heal,44000,44000,12768,15768,3000,20492,20492,0,7724,4724,-3000,0,0,0,,,,,none,4,500,0,1,False,False,0,0,,,,,,,,,,
2026-07-25T19:37:49Z,371,P2-C1,P2,0x927EB9E0,1,Ken the Eagle,True,True,mixed_heal,44000,44000,15768,24268,8500,20492,24268,3776,4724,0,-4724,0,0,0,,,,,none,4,500,0,1,False,False,0,0,,,,,,,,,,
2026-07-25T19:37:49Z,372,P2-C1,P2,0x927EB9E0,1,Ken the Eagle,True,True,current_and_ceiling_heal,44000,44000,24268,26768,2500,24268,26768,2500,0,0,0,0,0,0,,,,,none,4,500,0,1,False,False,0,0,,,,,,,,,,
2026-07-25T19:37:49Z,373,P2-C1,P2,0x927EB9E0,1,Ken the Eagle,True,True,current_and_ceiling_heal,44000,44000,26768,29268,2500,26768,29268,2500,0,0,0,0,0,0,,,,,none,4,500,0,1,False,False,0,0,,,,,,,,,,
2026-07-25T19:37:49Z,374,P2-C1,P2,0x927EB9E0,1,Ken the Eagle,True,True,current_and_ceiling_heal,44000,44000,29268,31768,2500,29268,31768,2500,0,0,0,0,0,0,,,,,none,4,500,0,1,False,False,0,0,,,,,,,,,,
2026-07-25T19:37:49Z,375,P2-C1,P2,0x927EB9E0,1,Ken the Eagle,True,True,current_and_ceiling_heal,44000,44000,31768,34768,3000,31768,34768,3000,0,0,0,0,0,0,,,,,none,4,500,0,1,False,False,0,0,,,,,,,,,,
2026-07-25T19:37:49Z,376,P2-C1,P2,0x927EB9E0,1,Ken the Eagle,True,True,current_and_ceiling_heal,44000,44000,34768,37268,2500,34768,37268,2500,0,0,0,0,0,0,,,,,none,4,500,0,1,False,False,0,0,,,,,,,,,,
2026-07-25T19:37:49Z,377,P2-C1,P2,0x927EB9E0,1,Ken the Eagle,True,True,current_and_ceiling_heal,44000,44000,37268,40268,3000,37268,40268,3000,0,0,0,0,0,0,,,,,none,4,500,0,1,False,False,0,0,,,,,,,,,,
2026-07-25T19:37:50Z,378,P2-C1,P2,0x927EB9E0,1,Ken the Eagle,True,True,full_health_reset,44000,44000,40268,44000,3732,40268,44000,3732,0,0,0,0,0,0,,,,,none,4,0,0,0,False,False,0,0,,,,,,,,,,
2026-07-25T19:37:51Z,385,P2-C1,P2,0x927EB9E0,1,Ken the Eagle,True,True,normal_damage_red_generation,44000,44000,44000,43200,-800,44000,43520,-480,0,320,320,800,480,320,480,320,0,True,medium,4,0,0,0,False,False,0,0,,,,,,,,,,
2026-07-25T19:37:51Z,386,P2-C1,P2,0x927EB9E0,1,Ken the Eagle,True,True,normal_damage_red_generation,44000,44000,43200,42440,-760,43520,43064,-456,320,624,304,760,456,304,456,304,0,True,medium,4,0,0,0,False,False,0,0,,,,,,,,,,
2026-07-25T19:37:51Z,387,P2-C1,P2,0x927EB9E0,1,Ken the Eagle,True,True,normal_damage_red_generation,44000,44000,42440,41144,-1296,43064,42287,-777,624,1143,519,1296,777,519,777,519,0,True,medium,4,-1156,-693,0,False,False,0,0,,,,,,,,,,
2026-07-25T19:37:51Z,388,P2-C1,P2,0x927EB9E0,1,Ken the Eagle,True,True,normal_damage_red_generation,44000,44000,41144,39988,-1156,42287,41594,-693,1143,1606,463,1156,693,463,693,463,0,True,medium,4,0,0,0,False,False,0,0,,,,,,,,,,
2026-07-25T19:37:52Z,389,P2-C1,P2,0x927EB9E0,1,Ken the Eagle,True,True,normal_damage_red_generation,44000,44000,39988,38005,-1983,41594,40405,-1189,1606,2400,794,1983,1189,794,1189,794,0,True,medium,4,0,0,0,False,False,0,0,,,,,,,,,,
2026-07-25T19:37:52Z,391,P2-C1,P2,0x927EB9E0,1,Ken the Eagle,True,True,normal_damage_red_generation,44000,44000,38005,36386,-1619,40405,39434,-971,2400,3048,648,1619,971,648,971,648,0,True,medium,4,0,0,0,False,False,0,0,,,,,,,,,,
2026-07-25T19:37:53Z,393,P1-C1,P1,0x9246B9C0,12,Ryu,True,True,ceiling_loss,48000,48000,43200,43200,0,48000,43700,-4300,4800,500,-4300,0,4300,0,,,,,none,4,0,0,0,False,True,4800,4800,,,,,,,,,,
2026-07-25T19:37:53Z,393,P2-C1,P2,0x927EB9E0,1,Ken the Eagle,True,True,normal_damage_red_generation,44000,44000,36386,34427,-1959,39434,38259,-1175,3048,3832,784,1959,1175,784,1175,784,0,True,high,4,0,0,0,False,False,0,0,P1-C1,12,Ryu,1,idle 2,0,100,0x00000009,0x00000040,
2026-07-25T19:37:53Z,396,P2-C1,P2,0x927EB9E0,1,Ken the Eagle,True,True,normal_damage_red_generation,44000,44000,34427,33367,-1060,38259,37623,-636,3832,4256,424,1060,636,424,636,424,0,True,medium,4,0,0,0,False,False,0,0,P1-C1,12,Ryu,1,idle 2,0,100,0x00000009,0x00000040,
2026-07-25T19:37:54Z,398,P2-C1,P2,0x927EB9E0,1,Ken the Eagle,True,True,normal_damage_red_generation,44000,44000,33367,32389,-978,37623,37037,-586,4256,4648,392,978,586,392,586,392,0,True,medium,4,0,0,0,False,False,0,0,P1-C1,12,Ryu,1,idle 2,0,100,0x00000009,0x00000040,
2026-07-25T19:37:54Z,400,P2-C1,P2,0x927EB9E0,1,Ken the Eagle,True,True,normal_damage_red_generation,44000,44000,32389,31492,-897,37037,36499,-538,4648,5007,359,897,538,359,538,359,0,True,medium,4,0,0,0,False,False,0,0,P1-C1,12,Ryu,1,idle 2,0,100,0x00000009,0x00000040,
2026-07-25T19:37:54Z,402,P2-C1,P2,0x927EB9E0,1,Ken the Eagle,True,True,normal_damage_red_generation,44000,44000,31492,30677,-815,36499,36010,-489,5007,5333,326,815,489,326,489,326,0,True,medium,4,0,0,0,False,False,0,0,,,,,,,,,,
2026-07-25T19:37:55Z,405,P2-C1,P2,0x927EB9E0,1,Ken the Eagle,True,True,normal_damage_red_generation,44000,44000,30677,30329,-348,36010,35802,-208,5333,5473,140,348,208,140,208,140,0,True,medium,4,0,0,0,False,False,0,0,,,,,,,,,,
2026-07-25T19:37:55Z,406,P2-C1,P2,0x927EB9E0,1,Ken the Eagle,True,True,normal_damage_red_generation,44000,44000,30329,30019,-310,35802,35616,-186,5473,5597,124,310,186,124,186,124,0,True,medium,4,0,0,0,False,False,0,0,,,,,,,,,,
2026-07-25T19:37:55Z,407,P2-C1,P2,0x927EB9E0,1,Ken the Eagle,True,True,normal_damage_red_generation,44000,44000,30019,29530,-489,35616,35323,-293,5597,5793,196,489,293,196,293,196,0,True,medium,4,0,0,0,False,False,0,0,,,,,,,,,,
2026-07-25T19:37:55Z,408,P2-C1,P2,0x927EB9E0,1,Ken the Eagle,True,True,normal_damage_red_generation,44000,44000,29530,29068,-462,35323,35046,-277,5793,5978,185,462,277,185,277,185,0,True,medium,4,0,0,0,False,False,0,0,,,,,,,,,,
2026-07-25T19:37:56Z,410,P2-C1,P2,0x927EB9E0,1,Ken the Eagle,True,True,normal_damage_red_generation,44000,44000,29068,28225,-843,35046,34541,-505,5978,6316,338,843,505,338,505,338,0,True,medium,4,0,0,0,False,False,0,0,,,,,,,,,,
2026-07-25T19:37:56Z,411,P2-C1,P2,0x927EB9E0,1,Ken the Eagle,True,True,normal_damage_red_generation,44000,44000,28225,27409,-816,34541,34052,-489,6316,6643,327,816,489,327,489,327,0,True,medium,4,0,0,0,False,False,0,0,,,,,,,,,,
2026-07-25T19:37:57Z,413,P2-C1,P2,0x927EB9E0,1,Ken the Eagle,True,True,normal_damage_red_generation,44000,44000,27409,26655,-754,34052,33600,-452,6643,6945,302,754,452,302,452,302,0,True,medium,4,0,0,0,False,False,0,0,,,,,,,,,,
2026-07-25T19:37:57Z,414,P2-C1,P2,0x927EB9E0,1,Ken the Eagle,True,True,normal_damage_red_generation,44000,44000,26655,25697,-958,33600,33026,-574,6945,7329,384,958,574,384,574,384,0,True,medium,4,0,0,0,False,False,0,0,,,,,,,,,,
2026-07-25T19:37:58Z,420,P2-C1,P2,0x927EB9E0,1,Ken the Eagle,True,True,normal_damage_red_generation,44000,44000,25697,25412,-285,33026,32855,-171,7329,7443,114,285,171,114,171,114,0,True,medium,4,0,0,0,False,False,0,0,,,,,,,,,,
2026-07-25T19:37:59Z,421,P2-C1,P2,0x927EB9E0,1,Ken the Eagle,True,True,normal_damage_red_generation,44000,44000,25412,25124,-288,32855,32683,-172,7443,7559,116,288,172,116,172,116,0,True,medium,4,0,0,0,False,False,0,0,,,,,,,,,,
2026-07-25T19:37:59Z,422,P2-C1,P2,0x927EB9E0,1,Ken the Eagle,True,True,normal_damage_red_generation,44000,44000,25124,24606,-518,32683,32373,-310,7559,7767,208,518,310,208,310,208,0,True,medium,4,0,0,0,False,False,0,0,,,,,,,,,,
2026-07-25T19:37:59Z,423,P2-C1,P2,0x927EB9E0,1,Ken the Eagle,True,True,normal_damage_red_generation,44000,44000,24606,24118,-488,32373,32081,-292,7767,7963,196,488,292,196,292,196,0,True,medium,4,-891,-534,0,False,False,0,0,,,,,,,,,,
2026-07-25T19:38:00Z,424,P2-C1,P2,0x927EB9E0,1,Ken the Eagle,True,True,normal_damage_red_generation,44000,44000,24118,23227,-891,32081,31547,-534,7963,8320,357,891,534,357,534,357,0,True,medium,4,0,0,0,False,False,0,0,,,,,,,,,,
2026-07-25T19:38:00Z,426,P2-C1,P2,0x927EB9E0,1,Ken the Eagle,True,True,normal_damage_red_generation,44000,44000,23227,22357,-870,31547,31025,-522,8320,8668,348,870,522,348,522,348,0,True,medium,4,0,0,0,False,False,0,0,,,,,,,,,,
2026-07-25T19:38:00Z,427,P2-C1,P2,0x927EB9E0,1,Ken the Eagle,True,True,normal_damage_red_generation,44000,44000,22357,21572,-785,31025,30554,-471,8668,8982,314,785,471,314,471,314,0,True,medium,4,0,0,0,False,False,0,0,,,,,,,,,,
2026-07-25T19:38:01Z,430,P2-C1,P2,0x927EB9E0,1,Ken the Eagle,True,True,normal_damage_red_generation,44000,44000,21572,20988,-584,30554,30204,-350,8982,9216,234,584,350,234,350,234,0,True,medium,4,0,0,0,False,False,0,0,,,,,,,,,,
2026-07-25T19:38:01Z,434,P2-C1,P2,0x927EB9E0,1,Ken the Eagle,True,True,normal_damage_red_generation,44000,44000,20988,20403,-585,30204,29853,-351,9216,9450,234,585,351,234,351,234,0,True,medium,4,0,0,0,False,False,0,0,,,,,,,,,,
2026-07-25T19:38:02Z,435,P2-C1,P2,0x927EB9E0,1,Ken the Eagle,True,True,normal_damage_red_generation,44000,44000,20403,19817,-586,29853,29502,-351,9450,9685,235,586,351,235,351,235,0,True,medium,4,0,0,0,False,False,0,0,,,,,,,,,,
2026-07-25T19:38:02Z,439,P1-C2,P1,0x92B6BA00,13,Chun-Li,False,True,point_status_change,46000,46000,46000,46000,0,46000,46000,0,0,0,0,0,0,0,,,,,none,4,0,0,0,False,False,0,0,,,,,,,,,,
2026-07-25T19:38:02Z,439,P2-C1,P2,0x927EB9E0,1,Ken the Eagle,True,True,normal_damage_red_generation,44000,44000,19817,19230,-587,29502,29150,-352,9685,9920,235,587,352,235,352,235,0,True,medium,4,0,0,0,False,False,0,0,,,,,,,,,,
2026-07-25T19:38:02Z,442,P2-C1,P2,0x927EB9E0,1,Ken the Eagle,True,True,normal_damage_red_generation,44000,44000,19230,18855,-375,29150,28925,-225,9920,10070,150,375,225,150,225,150,0,True,medium,4,0,0,0,False,False,0,0,,,,,,,,,,
2026-07-25T19:38:03Z,444,P2-C1,P2,0x927EB9E0,1,Ken the Eagle,True,True,normal_damage_red_generation,44000,44000,18855,18474,-381,28925,28697,-228,10070,10223,153,381,228,153,228,153,0,True,medium,4,0,0,0,False,False,0,0,,,,,,,,,,
2026-07-25T19:38:03Z,445,P2-C1,P2,0x927EB9E0,1,Ken the Eagle,True,True,normal_damage_red_generation,44000,44000,18474,18086,-388,28697,28465,-232,10223,10379,156,388,232,156,232,156,0,True,medium,4,0,0,0,False,False,0,0,,,,,,,,,,
2026-07-25T19:38:03Z,448,P1-C1,P1,0x9246B9C0,12,Ryu,True,True,baroque_status_change,48000,48000,43200,43200,0,43700,43700,0,500,500,0,0,0,0,,,,,none,4,0,0,0,True,False,4800,4800,,,,,,,,,,
2026-07-25T19:38:03Z,449,P1-C1,P1,0x9246B9C0,12,Ryu,True,True,recoverable_ceiling_gain,48000,48000,43200,43200,0,43700,48000,4300,500,4800,4300,0,0,4300,,,,,none,4,0,0,0,False,False,4800,4800,,,,,,,,,,
2026-07-25T19:38:04Z,454,P1-C2,P1,0x92B6BA00,13,Chun-Li,True,False,point_status_change,46000,46000,46000,46000,0,46000,46000,0,0,0,0,0,0,0,,,,,none,4,4,0,0,False,False,0,0,,,,,,,,,,
2026-07-25T19:38:04Z,455,P2-C1,P2,0x927EB9E0,1,Ken the Eagle,True,True,recoverable_heal,44000,44000,18086,20086,2000,28465,28465,0,10379,8379,-2000,0,0,0,,,,,none,4,500,0,1,False,False,0,0,,,,,,,,,,
2026-07-25T19:38:05Z,456,P2-C1,P2,0x927EB9E0,1,Ken the Eagle,True,True,recoverable_heal,44000,44000,20086,28086,8000,28465,28465,0,8379,379,-8000,0,0,0,,,,,none,4,500,0,1,False,False,0,0,,,,,,,,,,
2026-07-25T19:38:05Z,457,P2-C1,P2,0x927EB9E0,1,Ken the Eagle,True,True,mixed_heal,44000,44000,28086,30586,2500,28465,30586,2121,379,0,-379,0,0,0,,,,,none,4,500,0,1,False,False,0,0,,,,,,,,,,
2026-07-25T19:38:05Z,458,P2-C1,P2,0x927EB9E0,1,Ken the Eagle,True,True,current_and_ceiling_heal,44000,44000,30586,33086,2500,30586,33086,2500,0,0,0,0,0,0,,,,,none,4,500,0,1,False,False,0,0,,,,,,,,,,
2026-07-25T19:38:05Z,459,P2-C1,P2,0x927EB9E0,1,Ken the Eagle,True,True,current_and_ceiling_heal,44000,44000,33086,35586,2500,33086,35586,2500,0,0,0,0,0,0,,,,,none,4,500,0,1,False,False,0,0,,,,,,,,,,
2026-07-25T19:38:05Z,460,P2-C1,P2,0x927EB9E0,1,Ken the Eagle,True,True,current_and_ceiling_heal,44000,44000,35586,38086,2500,35586,38086,2500,0,0,0,0,0,0,,,,,none,4,500,0,1,False,False,0,0,,,,,,,,,,
2026-07-25T19:38:05Z,461,P2-C1,P2,0x927EB9E0,1,Ken the Eagle,True,True,current_and_ceiling_heal,44000,44000,38086,40586,2500,38086,40586,2500,0,0,0,0,0,0,,,,,none,4,500,0,1,False,False,0,0,,,,,,,,,,
2026-07-25T19:38:05Z,462,P2-C1,P2,0x927EB9E0,1,Ken the Eagle,True,True,current_and_ceiling_heal,44000,44000,40586,43086,2500,40586,43086,2500,0,0,0,0,0,0,,,,,none,4,500,0,1,False,False,0,0,,,,,,,,,,
2026-07-25T19:38:05Z,463,P2-C1,P2,0x927EB9E0,1,Ken the Eagle,True,True,full_health_reset,44000,44000,43086,44000,914,43086,44000,914,0,0,0,0,0,0,,,,,none,4,0,0,0,False,False,0,0,,,,,,,,,,
2026-07-25T19:38:06Z,469,P2-C1,P2,0x927EB9E0,1,Ken the Eagle,True,True,normal_damage_red_generation,44000,44000,44000,43200,-800,44000,43520,-480,0,320,320,800,480,320,480,320,0,True,medium,4,0,0,0,False,False,0,0,,,,,,,,,,
2026-07-25T19:38:06Z,470,P2-C1,P2,0x927EB9E0,1,Ken the Eagle,True,True,normal_damage_red_generation,44000,44000,43200,41832,-1368,43520,42700,-820,320,868,548,1368,820,548,820,548,0,True,medium,4,0,0,0,False,False,0,0,,,,,,,,,,
2026-07-25T19:38:07Z,472,P2-C1,P2,0x927EB9E0,1,Ken the Eagle,True,True,normal_damage_red_generation,44000,44000,41832,40608,-1224,42700,41966,-734,868,1358,490,1224,734,490,734,490,0,True,medium,4,0,0,0,False,False,0,0,,,,,,,,,,
2026-07-25T19:38:07Z,474,P2-C1,P2,0x927EB9E0,1,Ken the Eagle,True,True,normal_damage_red_generation,44000,44000,40608,38500,-2108,41966,40702,-1264,1358,2202,844,2108,1264,844,1264,844,0,True,medium,4,0,0,0,False,False,0,0,,,,,,,,,,
2026-07-25T19:38:08Z,477,P2-C1,P2,0x927EB9E0,1,Ken the Eagle,True,True,normal_damage_red_generation,44000,44000,38500,36773,-1727,40702,39666,-1036,2202,2893,691,1727,1036,691,1036,691,0,True,medium,4,0,0,0,False,False,0,0,,,,,,,,,,
2026-07-25T19:38:08Z,480,P1-C1,P1,0x9246B9C0,12,Ryu,True,True,ceiling_loss,48000,48000,43200,43200,0,48000,43700,-4300,4800,500,-4300,0,4300,0,,,,,none,4,0,0,0,False,True,4800,4800,,,,,,,,,,
2026-07-25T19:38:08Z,480,P2-C1,P2,0x927EB9E0,1,Ken the Eagle,True,True,normal_damage_red_generation,44000,44000,36773,34674,-2099,39666,38407,-1259,2893,3733,840,2099,1259,840,1259,840,0,True,high,4,0,0,0,False,False,0,0,P1-C1,12,Ryu,1,idle,0,100,0x00000009,0x00000040,
2026-07-25T19:38:09Z,482,P2-C1,P2,0x927EB9E0,1,Ken the Eagle,True,True,normal_damage_red_generation,44000,44000,34674,33532,-1142,38407,37722,-685,3733,4190,457,1142,685,457,685,457,0,True,medium,4,0,0,0,False,False,0,0,P1-C1,12,Ryu,1,idle,0,100,0x00000009,0x00000040,
2026-07-25T19:38:09Z,486,P2-C1,P2,0x927EB9E0,1,Ken the Eagle,True,True,normal_damage_red_generation,44000,44000,33532,32472,-1060,37722,37086,-636,4190,4614,424,1060,636,424,636,424,0,True,medium,4,0,0,0,False,False,0,0,P1-C1,12,Ryu,1,idle,0,100,0x00000009,0x00000040,
2026-07-25T19:38:09Z,488,P2-C1,P2,0x927EB9E0,1,Ken the Eagle,True,True,normal_damage_red_generation,44000,44000,32472,31494,-978,37086,36500,-586,4614,5006,392,978,586,392,586,392,0,True,medium,4,0,0,0,False,False,0,0,P1-C1,12,Ryu,1,idle,0,100,0x00000009,0x00000040,
2026-07-25T19:38:10Z,491,P2-C1,P2,0x927EB9E0,1,Ken the Eagle,True,True,normal_damage_red_generation,44000,44000,31494,30597,-897,36500,35962,-538,5006,5365,359,897,538,359,538,359,0,True,medium,4,0,0,0,False,False,0,0,,,,,,,,,,
2026-07-25T19:38:10Z,495,P2-C1,P2,0x927EB9E0,1,Ken the Eagle,True,True,normal_damage_red_generation,44000,44000,30597,30210,-387,35962,35730,-232,5365,5520,155,387,232,155,232,155,0,True,medium,4,-348,-208,0,False,False,0,0,,,,,,,,,,
2026-07-25T19:38:10Z,496,P2-C1,P2,0x927EB9E0,1,Ken the Eagle,True,True,normal_damage_red_generation,44000,44000,30210,29862,-348,35730,35522,-208,5520,5660,140,348,208,140,208,140,0,True,medium,4,0,0,0,False,False,0,0,,,,,,,,,,
2026-07-25T19:38:11Z,497,P2-C1,P2,0x927EB9E0,1,Ken the Eagle,True,True,normal_damage_red_generation,44000,44000,29862,29304,-558,35522,35188,-334,5660,5884,224,558,334,224,334,224,0,True,medium,4,0,0,0,False,False,0,0,,,,,,,,,,
2026-07-25T19:38:11Z,499,P2-C1,P2,0x927EB9E0,1,Ken the Eagle,True,True,normal_damage_red_generation,44000,44000,29304,28842,-462,35188,34911,-277,5884,6069,185,462,277,185,277,185,0,True,medium,4,0,0,0,False,False,0,0,,,,,,,,,,
2026-07-25T19:38:12Z,500,P2-C1,P2,0x927EB9E0,1,Ken the Eagle,True,True,normal_damage_red_generation,44000,44000,28842,27999,-843,34911,34406,-505,6069,6407,338,843,505,338,505,338,0,True,medium,4,0,0,0,False,False,0,0,,,,,,,,,,
2026-07-25T19:38:12Z,501,P2-C1,P2,0x927EB9E0,1,Ken the Eagle,True,True,normal_damage_red_generation,44000,44000,27999,27183,-816,34406,33917,-489,6407,6734,327,816,489,327,489,327,0,True,medium,4,0,0,0,False,False,0,0,,,,,,,,,,
2026-07-25T19:38:12Z,503,P2-C1,P2,0x927EB9E0,1,Ken the Eagle,True,True,normal_damage_red_generation,44000,44000,27183,26429,-754,33917,33465,-452,6734,7036,302,754,452,302,452,302,0,True,medium,4,0,0,0,False,False,0,0,,,,,,,,,,
2026-07-25T19:38:13Z,507,P2-C1,P2,0x927EB9E0,1,Ken the Eagle,True,True,normal_damage_red_generation,44000,44000,26429,25471,-958,33465,32891,-574,7036,7420,384,958,574,384,574,384,0,True,medium,4,0,0,0,False,False,0,0,,,,,,,,,,
2026-07-25T19:38:14Z,513,P2-C1,P2,0x927EB9E0,1,Ken the Eagle,True,True,normal_damage_red_generation,44000,44000,25471,25186,-285,32891,32720,-171,7420,7534,114,285,171,114,171,114,0,True,medium,4,0,0,0,False,False,0,0,,,,,,,,,,
2026-07-25T19:38:14Z,514,P2-C1,P2,0x927EB9E0,1,Ken the Eagle,True,True,normal_damage_red_generation,44000,44000,25186,24898,-288,32720,32548,-172,7534,7650,116,288,172,116,172,116,0,True,medium,4,0,0,0,False,False,0,0,,,,,,,,,,
2026-07-25T19:38:14Z,515,P2-C1,P2,0x927EB9E0,1,Ken the Eagle,True,True,normal_damage_red_generation,44000,44000,24898,24380,-518,32548,32238,-310,7650,7858,208,518,310,208,310,208,0,True,medium,4,0,0,0,False,False,0,0,,,,,,,,,,
2026-07-25T19:38:15Z,516,P2-C1,P2,0x927EB9E0,1,Ken the Eagle,True,True,normal_damage_red_generation,44000,44000,24380,23892,-488,32238,31946,-292,7858,8054,196,488,292,196,292,196,0,True,medium,4,0,0,0,False,False,0,0,,,,,,,,,,
2026-07-25T19:38:15Z,518,P2-C1,P2,0x927EB9E0,1,Ken the Eagle,True,True,normal_damage_red_generation,44000,44000,23892,23001,-891,31946,31412,-534,8054,8411,357,891,534,357,534,357,0,True,medium,4,0,0,0,False,False,0,0,,,,,,,,,,
2026-07-25T19:38:15Z,520,P2-C1,P2,0x927EB9E0,1,Ken the Eagle,True,True,normal_damage_red_generation,44000,44000,23001,22128,-873,31412,30889,-523,8411,8761,350,873,523,350,523,350,0,True,medium,4,0,0,0,False,False,0,0,,,,,,,,,,
2026-07-25T19:38:16Z,523,P2-C1,P2,0x927EB9E0,1,Ken the Eagle,True,True,normal_damage_red_generation,44000,44000,22128,21340,-788,30889,30417,-472,8761,9077,316,788,472,316,472,316,0,True,medium,4,0,0,0,False,False,0,0,,,,,,,,,,
2026-07-25T19:38:16Z,525,P2-C1,P2,0x927EB9E0,1,Ken the Eagle,True,True,normal_damage_red_generation,44000,44000,21340,20754,-586,30417,30066,-351,9077,9312,235,586,351,235,351,235,0,True,medium,4,0,0,0,False,False,0,0,,,,,,,,,,
2026-07-25T19:38:17Z,528,P2-C1,P2,0x927EB9E0,1,Ken the Eagle,True,True,normal_damage_red_generation,44000,44000,20754,20167,-587,30066,29714,-352,9312,9547,235,587,352,235,352,235,0,True,medium,4,0,0,0,False,False,0,0,,,,,,,,,,
2026-07-25T19:38:17Z,530,P2-C1,P2,0x927EB9E0,1,Ken the Eagle,True,True,normal_damage_red_generation,44000,44000,20167,19579,-588,29714,29362,-352,9547,9783,236,588,352,236,352,236,0,True,medium,4,0,0,0,False,False,0,0,,,,,,,,,,
2026-07-25T19:38:17Z,532,P1-C2,P1,0x92B6BA00,13,Chun-Li,False,True,point_status_change,46000,46000,46000,46000,0,46000,46000,0,0,0,0,0,0,0,,,,,none,4,0,0,0,False,False,0,0,,,,,,,,,,
2026-07-25T19:38:18Z,534,P2-C1,P2,0x927EB9E0,1,Ken the Eagle,True,True,normal_damage_red_generation,44000,44000,19579,18990,-589,29362,29009,-353,9783,10019,236,589,353,236,353,236,0,True,medium,4,0,0,0,False,False,0,0,,,,,,,,,,
2026-07-25T19:38:18Z,535,P2-C1,P2,0x927EB9E0,1,Ken the Eagle,True,True,normal_damage_red_generation,44000,44000,18990,18611,-379,29009,28782,-227,10019,10171,152,379,227,152,227,152,0,True,medium,4,0,0,0,False,False,0,0,,,,,,,,,,
2026-07-25T19:38:18Z,537,P2-C1,P2,0x927EB9E0,1,Ken the Eagle,True,True,normal_damage_red_generation,44000,44000,18611,18225,-386,28782,28551,-231,10171,10326,155,386,231,155,231,155,0,True,medium,4,0,0,0,False,False,0,0,,,,,,,,,,
2026-07-25T19:38:18Z,539,P2-C1,P2,0x927EB9E0,1,Ken the Eagle,True,True,normal_damage_red_generation,44000,44000,18225,17832,-393,28551,28316,-235,10326,10484,158,393,235,158,235,158,0,True,medium,4,0,0,0,False,False,0,0,,,,,,,,,,
2026-07-25T19:38:19Z,541,P2-C1,P2,0x927EB9E0,1,Ken the Eagle,True,True,normal_damage_red_generation,44000,44000,17832,16891,-941,28316,27752,-564,10484,10861,377,941,564,377,564,377,0,True,medium,4,0,0,0,False,False,0,0,,,,,,,,,,
2026-07-25T19:38:19Z,545,P2-C1,P2,0x927EB9E0,1,Ken the Eagle,True,True,normal_damage_red_generation,44000,44000,16891,16600,-291,27752,27578,-174,10861,10978,117,291,174,117,174,117,0,True,medium,4,0,0,0,False,False,0,0,,,,,,,,,,
2026-07-25T19:38:20Z,546,P1-C2,P1,0x92B6BA00,13,Chun-Li,True,False,point_status_change,46000,46000,46000,46000,0,46000,46000,0,0,0,0,0,0,0,,,,,none,4,4,0,0,False,False,0,0,,,,,,,,,,
2026-07-25T19:38:20Z,546,P2-C1,P2,0x927EB9E0,1,Ken the Eagle,True,True,normal_damage_red_generation,44000,44000,16600,16076,-524,27578,27264,-314,10978,11188,210,524,314,210,314,210,0,True,medium,4,0,0,0,False,False,0,0,,,,,,,,,,
2026-07-25T19:38:20Z,548,P2-C1,P2,0x927EB9E0,1,Ken the Eagle,True,True,normal_damage_red_generation,44000,44000,16076,15587,-489,27264,26971,-293,11188,11384,196,489,293,196,293,196,0,True,medium,4,0,0,0,False,False,0,0,,,,,,,,,,
2026-07-25T19:38:20Z,549,P2-C1,P2,0x927EB9E0,1,Ken the Eagle,True,True,normal_damage_red_generation,44000,44000,15587,14695,-892,26971,26436,-535,11384,11741,357,892,535,357,535,357,0,True,medium,4,0,0,0,False,False,0,0,,,,,,,,,,
2026-07-25T19:38:21Z,552,P2-C1,P2,0x927EB9E0,1,Ken the Eagle,True,True,normal_damage_red_generation,44000,44000,14695,13824,-871,26436,25914,-522,11741,12090,349,871,522,349,522,349,0,True,medium,4,0,0,0,False,False,0,0,,,,,,,,,,
2026-07-25T19:38:21Z,554,P2-C1,P2,0x927EB9E0,1,Ken the Eagle,True,True,normal_damage_red_generation,44000,44000,13824,13038,-786,25914,25443,-471,12090,12405,315,786,471,315,471,315,0,True,medium,4,0,0,0,False,False,0,0,,,,,,,,,,
2026-07-25T19:38:22Z,558,P2-C1,P2,0x927EB9E0,1,Ken the Eagle,True,True,normal_damage_red_generation,44000,44000,13038,12450,-588,25443,25091,-352,12405,12641,236,588,352,236,352,236,0,True,medium,4,0,0,0,False,False,0,0,,,,,,,,,,
2026-07-25T19:38:22Z,559,P2-C1,P2,0x927EB9E0,1,Ken the Eagle,True,True,normal_damage_red_generation,44000,44000,12450,11862,-588,25091,24739,-352,12641,12877,236,588,352,236,352,236,0,True,medium,4,0,0,0,False,False,0,0,,,,,,,,,,
2026-07-25T19:38:22Z,562,P2-C1,P2,0x927EB9E0,1,Ken the Eagle,True,True,normal_damage_red_generation,44000,44000,11862,11273,-589,24739,24386,-353,12877,13113,236,589,353,236,353,236,0,True,medium,4,0,0,0,False,False,0,0,,,,,,,,,,
2026-07-25T19:38:23Z,564,P2-C1,P2,0x927EB9E0,1,Ken the Eagle,True,True,normal_damage_red_generation,44000,44000,11273,10683,-590,24386,24032,-354,13113,13349,236,590,354,236,354,236,0,True,medium,4,0,0,0,False,False,0,0,,,,,,,,,,
2026-07-25T19:38:25Z,578,P2-C1,P2,0x927EB9E0,1,Ken the Eagle,True,True,normal_damage_red_generation,44000,44000,10683,9093,-1590,24032,23078,-954,13349,13985,636,1590,954,636,954,636,0,True,medium,4,0,0,0,False,False,0,0,,,,,,,,,,
2026-07-25T19:38:26Z,585,P2-C1,P2,0x927EB9E0,1,Ken the Eagle,True,True,normal_damage_red_generation,44000,44000,9093,7749,-1344,23078,22272,-806,13985,14523,538,1344,806,538,806,538,0,True,medium,4,0,0,0,False,False,0,0,,,,,,,,,,
2026-07-25T19:38:27Z,592,P2-C1,P2,0x927EB9E0,1,Ken the Eagle,True,True,normal_damage_red_generation,44000,44000,7749,5957,-1792,22272,21197,-1075,14523,15240,717,1792,1075,717,1075,717,0,True,medium,4,0,0,0,False,False,0,0,,,,,,,,,,
2026-07-25T19:38:30Z,620,P2-C1,P2,0x927EB9E0,1,Ken the Eagle,True,True,normal_damage_red_generation,44000,44000,5957,5371,-586,21197,20846,-351,15240,15475,235,586,351,235,351,235,0,True,medium,4,0,0,0,False,False,0,0,,,,,,,,,,
2026-07-25T19:38:31Z,622,P2-C1,P2,0x927EB9E0,1,Ken the Eagle,True,True,normal_damage_red_generation,44000,44000,5371,4748,-623,20846,20473,-373,15475,15725,250,623,373,250,373,250,0,True,medium,4,0,0,0,False,False,0,0,,,,,,,,,,
2026-07-25T19:38:31Z,624,P2-C1,P2,0x927EB9E0,1,Ken the Eagle,True,True,normal_damage_red_generation,44000,44000,4748,4141,-607,20473,20109,-364,15725,15968,243,607,364,243,364,243,0,True,medium,4,0,0,0,False,False,0,0,,,,,,,,,,
2026-07-25T19:38:32Z,625,P2-C1,P2,0x927EB9E0,1,Ken the Eagle,True,True,normal_damage_red_generation,44000,44000,4141,3593,-548,20109,19781,-328,15968,16188,220,548,328,220,328,220,0,True,medium,4,0,0,0,False,False,0,0,,,,,,,,,,
2026-07-25T19:38:32Z,627,P2-C1,P2,0x927EB9E0,1,Ken the Eagle,True,True,normal_damage_red_generation,44000,44000,3593,3190,-403,19781,19540,-241,16188,16350,162,403,241,162,241,162,0,True,medium,4,0,0,0,False,False,0,0,,,,,,,,,,
2026-07-25T19:38:33Z,630,P2-C1,P2,0x927EB9E0,1,Ken the Eagle,True,True,normal_damage_red_generation,44000,44000,3190,2787,-403,19540,19299,-241,16350,16512,162,403,241,162,241,162,0,True,medium,4,0,0,0,False,False,0,0,,,,,,,,,,
2026-07-25T19:38:33Z,631,P2-C1,P2,0x927EB9E0,1,Ken the Eagle,True,True,normal_damage_red_generation,44000,44000,2787,2383,-404,19299,19057,-242,16512,16674,162,404,242,162,242,162,0,True,medium,4,0,0,0,False,False,0,0,,,,,,,,,,
2026-07-25T19:38:33Z,633,P2-C1,P2,0x927EB9E0,1,Ken the Eagle,True,True,normal_damage_red_generation,44000,44000,2383,1978,-405,19057,18814,-243,16674,16836,162,405,243,162,243,162,0,True,medium,4,0,0,0,False,False,0,0,,,,,,,,,,
2026-07-25T19:38:35Z,649,P2-C1,P2,0x927EB9E0,1,Ken the Eagle,True,True,normal_damage_red_generation,44000,44000,1978,1802,-176,18814,18709,-105,16836,16907,71,176,105,71,105,71,0,True,high,4,0,0,0,False,False,0,0,P1-C1,12,Ryu,352,Shinkuu,0,720,0x0000000C,0x00000123,
2026-07-25T19:38:36Z,650,P2-C1,P2,0x927EB9E0,1,Ken the Eagle,True,True,normal_damage_red_generation,44000,44000,1802,1098,-704,18709,18289,-420,16907,17191,284,704,420,284,422,282,2,False,high,4,0,0,0,False,False,0,0,P1-C1,12,Ryu,352,Shinkuu,0,720,0x0000000C,0x00000123,difference can indicate multiple native damage requests between GUI samples
2026-07-25T19:38:36Z,651,P2-C1,P2,0x927EB9E0,1,Ken the Eagle,True,True,normal_damage_red_generation,44000,44000,1098,570,-528,18289,17974,-315,17191,17404,213,528,315,213,316,212,1,False,high,4,0,0,0,False,False,0,0,P1-C1,12,Ryu,352,Shinkuu,0,720,0x0000000C,0x00000123,difference can indicate multiple native damage requests between GUI samples
2026-07-25T19:38:36Z,652,P2-C1,P2,0x927EB9E0,1,Ken the Eagle,True,True,normal_damage_red_generation,44000,44000,570,394,-176,17974,17869,-105,17404,17475,71,176,105,71,105,71,0,True,high,4,0,0,0,False,False,0,0,P1-C1,12,Ryu,352,Shinkuu,0,720,0x0000000C,0x00000123,
2026-07-25T19:38:36Z,653,P2-C1,P2,0x927EB9E0,1,Ken the Eagle,True,True,normal_damage_red_generation,44000,44000,394,42,-352,17869,17659,-210,17475,17617,142,352,210,142,211,141,1,False,high,4,0,0,0,False,False,0,0,P1-C1,12,Ryu,352,Shinkuu,0,720,0x0000000C,0x00000123,difference can indicate multiple native damage requests between GUI samples
2026-07-25T19:38:36Z,654,P2-C1,P2,0x927EB9E0,1,Ken the Eagle,True,True,normal_damage_red_generation,44000,44000,42,1,-41,17659,17344,-315,17617,17343,-274,41,315,0,24,17,-17,False,high,4,0,0,0,False,False,0,0,P1-C1,12,Ryu,352,Shinkuu,0,720,0x0000000C,0x00000123,difference can indicate multiple native damage requests between GUI samples
2026-07-25T19:38:36Z,655,P2-C1,P2,0x927EB9E0,1,Ken the Eagle,True,True,ceiling_loss,44000,44000,1,1,0,17344,17134,-210,17343,17133,-210,0,210,0,,,,,none,4,0,0,0,False,False,0,0,P1-C1,12,Ryu,352,Shinkuu,0,720,0x0000000C,0x00000123,
2026-07-25T19:38:37Z,656,P2-C1,P2,0x927EB9E0,1,Ken the Eagle,True,True,ceiling_loss,44000,44000,1,1,0,17134,17029,-105,17133,17028,-105,0,105,0,,,,,none,4,-176,-105,0,False,False,0,0,P1-C1,12,Ryu,352,Shinkuu,0,720,0x0000000C,0x00000123,
2026-07-25T19:38:37Z,657,P2-C1,P2,0x927EB9E0,1,Ken the Eagle,True,True,ceiling_loss,44000,44000,1,1,0,17029,16924,-105,17028,16923,-105,0,105,0,,,,,none,4,0,0,0,False,False,0,0,P1-C1,12,Ryu,352,Shinkuu,0,720,0x0000000C,0x00000123,
2026-07-25T19:38:37Z,658,P2-C1,P2,0x927EB9E0,1,Ken the Eagle,True,True,ceiling_loss,44000,44000,1,1,0,16924,16667,-257,16923,16666,-257,0,257,0,,,,,none,4,0,0,0,False,False,0,0,P1-C1,12,Ryu,352,Shinkuu,0,100,0x00000009,0x00000040,
2026-07-25T19:38:37Z,659,P1-C1,P1,0x9246B9C0,12,Ryu,True,True,recoverable_ceiling_gain,48000,48000,43200,43200,0,43700,48000,4300,500,4800,4300,0,0,4300,,,,,none,4,0,0,0,True,False,4800,4800,,,,,,,,,,
2026-07-25T19:38:38Z,666,P2-C1,P2,0x927EB9E0,1,Ken the Eagle,True,True,recoverable_heal,44000,44000,1,2501,2500,16667,16667,0,16666,14166,-2500,0,0,0,,,,,none,4,500,0,1,False,False,0,0,P1-C1,12,Ryu,352,Shinkuu,0,100,0x00000009,0x00000040,
2026-07-25T19:38:38Z,667,P2-C1,P2,0x927EB9E0,1,Ken the Eagle,True,True,recoverable_heal,44000,44000,2501,8501,6000,16667,16667,0,14166,8166,-6000,0,0,0,,,,,none,4,500,0,1,False,False,0,0,,,,,,,,,,
2026-07-25T19:38:38Z,668,P2-C1,P2,0x927EB9E0,1,Ken the Eagle,True,True,recoverable_heal,44000,44000,8501,11501,3000,16667,16667,0,8166,5166,-3000,0,0,0,,,,,none,4,500,0,1,False,False,0,0,,,,,,,,,,
2026-07-25T19:38:39Z,669,P2-C1,P2,0x927EB9E0,1,Ken the Eagle,True,True,mixed_heal,44000,44000,11501,21001,9500,16667,21001,4334,5166,0,-5166,0,0,0,,,,,none,4,500,0,1,False,False,0,0,,,,,,,,,,
2026-07-25T19:38:39Z,670,P2-C1,P2,0x927EB9E0,1,Ken the Eagle,True,True,current_and_ceiling_heal,44000,44000,21001,24001,3000,21001,24001,3000,0,0,0,0,0,0,,,,,none,4,500,0,1,False,False,0,0,,,,,,,,,,
2026-07-25T19:38:39Z,671,P2-C1,P2,0x927EB9E0,1,Ken the Eagle,True,True,current_and_ceiling_heal,44000,44000,24001,27001,3000,24001,27001,3000,0,0,0,0,0,0,,,,,none,4,500,0,1,False,False,0,0,,,,,,,,,,
2026-07-25T19:38:39Z,672,P2-C1,P2,0x927EB9E0,1,Ken the Eagle,True,True,current_and_ceiling_heal,44000,44000,27001,29501,2500,27001,29501,2500,0,0,0,0,0,0,,,,,none,4,500,0,1,False,False,0,0,,,,,,,,,,
2026-07-25T19:38:39Z,673,P2-C1,P2,0x927EB9E0,1,Ken the Eagle,True,True,current_and_ceiling_heal,44000,44000,29501,32501,3000,29501,32501,3000,0,0,0,0,0,0,,,,,none,4,500,0,1,False,False,0,0,,,,,,,,,,
2026-07-25T19:38:39Z,674,P2-C1,P2,0x927EB9E0,1,Ken the Eagle,True,True,current_and_ceiling_heal,44000,44000,32501,35001,2500,32501,35001,2500,0,0,0,0,0,0,,,,,none,4,500,0,1,False,False,0,0,,,,,,,,,,
2026-07-25T19:38:39Z,675,P2-C1,P2,0x927EB9E0,1,Ken the Eagle,True,True,current_and_ceiling_heal,44000,44000,35001,43501,8500,35001,43501,8500,0,0,0,0,0,0,,,,,none,4,0,0,0,False,False,0,0,,,,,,,,,,
2026-07-25T19:38:40Z,676,P2-C1,P2,0x927EB9E0,1,Ken the Eagle,True,True,full_health_reset,44000,44000,43501,44000,499,43501,44000,499,0,0,0,0,0,0,,,,,none,4,0,0,0,False,False,0,0,,,,,,,,,,
2026-07-25T19:43:04Z,3915,P1-C1,P1,0x9246B9C0,19,Roll,True,True,fighter_reset_or_reloaded,48000,40000,43200,40000,-3200,48000,40000,-8000,4800,0,-4800,3200,8000,0,,,,,none,3,0,0,0,False,False,4800,0,,,,,,,,,,maximum health changed
2026-07-25T19:43:04Z,3915,P1-C2,P1,0x92B6BA00,20,Saki,False,False,fighter_reset_or_reloaded,46000,44000,46000,44000,-2000,46000,44000,-2000,0,0,0,2000,2000,0,,,,,none,4,4,0,0,False,False,0,0,,,,,,,,,,maximum health changed
2026-07-25T19:43:04Z,3915,P2-C1,P2,0x927EB9E0,12,Ryu,True,True,fighter_reset_or_reloaded,44000,48000,44000,48000,4000,44000,48000,4000,0,0,0,0,0,0,,,,,none,4,0,0,0,False,False,0,0,,,,,,,,,,maximum health changed
2026-07-25T19:43:04Z,23,P1-C1,P1,0x9246B9C0,19,Roll,True,True,fighter_reset_or_reloaded,48000,40000,43200,40000,-3200,48000,40000,-8000,4800,0,-4800,3200,8000,0,,,,,none,3,0,0,0,False,False,4800,0,,,,,,,,,,maximum health changed
2026-07-25T19:43:04Z,23,P1-C2,P1,0x92B6BA00,20,Saki,False,False,fighter_reset_or_reloaded,46000,44000,46000,44000,-2000,46000,44000,-2000,0,0,0,2000,2000,0,,,,,none,4,4,0,0,False,False,0,0,,,,,,,,,,maximum health changed
2026-07-25T19:43:04Z,23,P2-C1,P2,0x927EB9E0,12,Ryu,True,True,fighter_reset_or_reloaded,44000,48000,44000,48000,4000,44000,48000,4000,0,0,0,0,0,0,,,,,none,4,0,0,0,False,False,0,0,,,,,,,,,,maximum health changed
2026-07-25T19:43:08Z,51,P2-C1,P2,0x927EB9E0,12,Ryu,True,True,normal_damage_red_generation,48000,48000,48000,47208,-792,48000,47525,-475,0,317,317,792,475,317,475,317,0,True,medium,4,0,0,0,False,False,0,0,,,,,,,,,,
2026-07-25T19:43:09Z,52,P2-C1,P2,0x927EB9E0,12,Ryu,True,True,normal_damage_red_generation,48000,48000,47208,42325,-4883,47525,44597,-2928,317,2272,1955,4883,2928,1955,2929,1954,1,False,medium,4,0,0,0,False,False,0,0,,,,,,,,,,difference can indicate multiple native damage requests between GUI samples
2026-07-25T19:43:10Z,58,P2-C1,P2,0x927EB9E0,12,Ryu,True,True,mixed_heal,48000,48000,42325,44825,2500,44597,44825,228,2272,0,-2272,0,0,0,,,,,none,4,0,0,0,False,False,0,0,,,,,,,,,,
2026-07-25T19:43:14Z,59,P2-C1,P2,0x927EB9E0,12,Ryu,True,True,full_health_reset,48000,48000,44825,48000,3175,44825,48000,3175,0,0,0,0,0,0,,,,,none,4,0,0,0,False,False,0,0,,,,,,,,,,
2026-07-25T19:43:24Z,77,P2-C1,P2,0x927EB9E0,12,Ryu,True,True,normal_damage_red_generation,48000,48000,48000,45976,-2024,48000,46786,-1214,0,810,810,2024,1214,810,1214,810,0,True,medium,4,0,0,0,False,False,0,0,,,,,,,,,,
2026-07-25T19:43:29Z,78,P2-C1,P2,0x927EB9E0,12,Ryu,True,True,normal_damage_red_generation,48000,48000,45976,36362,-9614,46786,41019,-5767,810,4657,3847,9614,5767,3847,5768,3846,1,False,medium,4,0,0,0,False,False,0,0,,,,,,,,,,difference can indicate multiple native damage requests between GUI samples
2026-07-25T19:43:30Z,79,P2-C1,P2,0x927EB9E0,12,Ryu,True,True,normal_damage_red_generation,48000,48000,36362,33305,-3057,41019,39186,-1833,4657,5881,1224,3057,1833,1224,1834,1223,1,False,medium,4,0,0,0,False,False,0,0,,,,,,,,,,difference can indicate multiple native damage requests between GUI samples
2026-07-25T19:43:36Z,80,P2-C1,P2,0x927EB9E0,12,Ryu,True,True,normal_damage_red_generation,48000,48000,33305,26113,-7192,39186,32773,-6413,5881,6660,779,7192,6413,779,4315,2877,-2098,False,medium,4,0,0,0,False,False,0,0,,,,,,,,,,difference can indicate multiple native damage requests between GUI samples
2026-07-25T19:43:37Z,81,P2-C1,P2,0x927EB9E0,12,Ryu,True,True,normal_damage_red_generation,48000,48000,26113,22065,-4048,32773,30345,-2428,6660,8280,1620,4048,2428,1620,2428,1620,0,True,medium,4,500,0,1,False,False,0,0,,,,,,,,,,
2026-07-25T19:43:42Z,82,P2-C1,P2,0x927EB9E0,12,Ryu,True,True,unknown_health_transition,48000,48000,22065,22813,748,30345,27495,-2850,8280,4682,-3598,0,2850,0,,,,,none,4,500,0,1,False,False,0,0,,,,,,,,,,
2026-07-25T19:43:43Z,83,P2-C1,P2,0x927EB9E0,12,Ryu,True,True,mixed_heal,48000,48000,22813,44813,22000,27495,44813,17318,4682,0,-4682,0,0,0,,,,,none,4,500,0,1,False,False,0,0,,,,,,,,,,
2026-07-25T19:43:44Z,84,P2-C1,P2,0x927EB9E0,12,Ryu,True,True,unknown_health_transition,48000,48000,44813,43050,-1763,44813,45031,218,0,1981,1981,1763,0,1981,,,,,none,4,0,0,0,False,False,0,0,,,,,,,,,,
2026-07-25T19:43:50Z,85,P2-C1,P2,0x927EB9E0,12,Ryu,True,True,normal_damage_red_generation,48000,48000,43050,34668,-8382,45031,40004,-5027,1981,5336,3355,8382,5027,3355,5029,3353,2,False,medium,4,0,0,0,False,False,0,0,,,,,,,,,,difference can indicate multiple native damage requests between GUI samples
2026-07-25T19:43:51Z,86,P2-C1,P2,0x927EB9E0,12,Ryu,True,True,normal_damage_red_generation,48000,48000,34668,32644,-2024,40004,38790,-1214,5336,6146,810,2024,1214,810,1214,810,0,True,medium,4,0,0,0,False,False,0,0,,,,,,,,,,
2026-07-25T19:43:52Z,87,P2-C1,P2,0x927EB9E0,12,Ryu,True,True,mixed_heal,48000,48000,32644,47144,14500,38790,47144,8354,6146,0,-6146,0,0,0,,,,,none,4,0,0,0,False,False,0,0,,,,,,,,,,
2026-07-25T19:43:53Z,88,P2-C1,P2,0x927EB9E0,12,Ryu,True,True,normal_damage_red_generation,48000,48000,47144,45976,-1168,47144,46786,-358,0,810,810,1168,358,810,700,468,342,False,medium,4,0,0,0,False,False,0,0,,,,,,,,,,difference can indicate multiple native damage requests between GUI samples
2026-07-25T19:43:56Z,89,P2-C1,P2,0x927EB9E0,12,Ryu,True,True,full_health_reset,48000,48000,45976,48000,2024,46786,48000,1214,810,0,-810,0,0,0,,,,,none,4,0,0,0,False,False,0,0,,,,,,,,,,
2026-07-25T19:44:06Z,102,P2-C1,P2,0x927EB9E0,12,Ryu,True,True,normal_damage_red_generation,48000,48000,48000,47208,-792,48000,47525,-475,0,317,317,792,475,317,475,317,0,True,medium,4,-1346,-807,0,False,False,0,0,,,,,,,,,,
2026-07-25T19:44:11Z,103,P2-C1,P2,0x927EB9E0,12,Ryu,True,True,normal_damage_red_generation,48000,48000,47208,32748,-14460,47525,38853,-8672,317,6105,5788,14460,8672,5788,8676,5784,4,False,medium,4,500,0,1,False,False,0,0,,,,,,,,,,difference can indicate multiple native damage requests between GUI samples
2026-07-25T19:44:13Z,104,P2-C1,P2,0x927EB9E0,12,Ryu,True,True,full_health_reset,48000,48000,32748,48000,15252,38853,48000,9147,6105,0,-6105,0,0,0,,,,,none,4,0,0,0,False,False,0,0,,,,,,,,,,
2026-07-25T19:44:14Z,107,P2-C1,P2,0x927EB9E0,12,Ryu,True,True,normal_damage_red_generation,48000,48000,48000,47208,-792,48000,47525,-475,0,317,317,792,475,317,475,317,0,True,medium,4,0,0,0,False,False,0,0,,,,,,,,,,
2026-07-25T19:44:15Z,112,P2-C1,P2,0x927EB9E0,12,Ryu,True,True,normal_damage_red_generation,48000,48000,47208,46240,-968,47525,46945,-580,317,705,388,968,580,388,580,388,0,True,medium,4,0,0,0,False,False,0,0,,,,,,,,,,
2026-07-25T19:44:15Z,113,P2-C1,P2,0x927EB9E0,12,Ryu,True,True,normal_damage_red_generation,48000,48000,46240,44819,-1421,46945,46093,-852,705,1274,569,1421,852,569,852,569,0,True,medium,4,0,0,0,False,False,0,0,,,,,,,,,,
2026-07-25T19:44:16Z,119,P2-C1,P2,0x927EB9E0,12,Ryu,True,True,normal_damage_red_generation,48000,48000,44819,42795,-2024,46093,44879,-1214,1274,2084,810,2024,1214,810,1214,810,0,True,medium,4,0,0,0,False,False,0,0,,,,,,,,,,
2026-07-25T19:44:18Z,130,P2-C1,P2,0x927EB9E0,12,Ryu,True,True,recoverable_heal,48000,48000,42795,44795,2000,44879,44879,0,2084,84,-2000,0,0,0,,,,,none,4,500,0,1,False,False,0,0,,,,,,,,,,
2026-07-25T19:44:18Z,131,P2-C1,P2,0x927EB9E0,12,Ryu,True,True,mixed_heal,48000,48000,44795,45976,1181,44879,46786,1907,84,810,726,0,0,726,,,,,none,4,0,0,0,False,False,0,0,,,,,,,,,,
2026-07-25T19:44:19Z,141,P2-C1,P2,0x927EB9E0,12,Ryu,True,True,mixed_heal,48000,48000,45976,47476,1500,46786,47476,690,810,0,-810,0,0,0,,,,,none,4,500,0,1,False,False,0,0,,,,,,,,,,
2026-07-25T19:44:20Z,142,P2-C1,P2,0x927EB9E0,12,Ryu,True,True,full_health_reset,48000,48000,47476,48000,524,47476,48000,524,0,0,0,0,0,0,,,,,none,4,0,0,0,False,False,0,0,,,,,,,,,,
2026-07-25T19:44:20Z,149,P2-C1,P2,0x927EB9E0,12,Ryu,True,True,normal_damage_red_generation,48000,48000,48000,47296,-704,48000,47578,-422,0,282,282,704,422,282,422,282,0,True,medium,4,0,0,0,False,False,0,0,,,,,,,,,,
2026-07-25T19:44:21Z,151,P2-C1,P2,0x927EB9E0,12,Ryu,True,True,normal_damage_red_generation,48000,48000,47296,45272,-2024,47578,46364,-1214,282,1092,810,2024,1214,810,1214,810,0,True,medium,4,0,0,0,False,False,0,0,,,,,,,,,,
2026-07-25T19:44:22Z,159,P2-C1,P2,0x927EB9E0,12,Ryu,True,True,normal_damage_red_generation,48000,48000,45272,44568,-704,46364,45942,-422,1092,1374,282,704,422,282,422,282,0,True,medium,4,0,0,0,False,False,0,0,,,,,,,,,,
2026-07-25T19:44:23Z,160,P2-C1,P2,0x927EB9E0,12,Ryu,True,True,normal_damage_red_generation,48000,48000,44568,42544,-2024,45942,44728,-1214,1374,2184,810,2024,1214,810,1214,810,0,True,medium,4,0,0,0,False,False,0,0,,,,,,,,,,
2026-07-25T19:44:24Z,169,P2-C1,P2,0x927EB9E0,12,Ryu,True,True,mixed_heal,48000,48000,42544,45044,2500,44728,45044,316,2184,0,-2184,0,0,0,,,,,none,4,500,0,1,False,False,0,0,,,,,,,,,,
2026-07-25T19:44:24Z,170,P2-C1,P2,0x927EB9E0,12,Ryu,True,True,mixed_heal,48000,48000,45044,45976,932,45044,46786,1742,0,810,810,0,0,810,,,,,none,4,0,0,0,False,False,0,0,,,,,,,,,,
2026-07-25T19:44:25Z,171,P2-C1,P2,0x927EB9E0,12,Ryu,True,True,normal_damage_red_generation,48000,48000,45976,43050,-2926,46786,45031,-1755,810,1981,1171,2926,1755,1171,1755,1171,0,True,medium,4,0,0,0,False,False,0,0,,,,,,,,,,
2026-07-25T19:44:27Z,186,P2-C1,P2,0x927EB9E0,12,Ryu,True,True,normal_damage_red_generation,48000,48000,43050,41625,-1425,45031,44176,-855,1981,2551,570,1425,855,570,855,570,0,True,medium,4,0,0,0,False,False,0,0,,,,,,,,,,
2026-07-25T19:44:27Z,187,P2-C1,P2,0x927EB9E0,12,Ryu,True,True,normal_damage_red_generation,48000,48000,41625,39013,-2612,44176,42610,-1566,2551,3597,1046,2612,1566,1046,1567,1045,1,False,medium,4,0,0,0,False,False,0,0,,,,,,,,,,difference can indicate multiple native damage requests between GUI samples
2026-07-25T19:44:27Z,188,P2-C1,P2,0x927EB9E0,12,Ryu,True,True,normal_damage_red_generation,48000,48000,39013,37827,-1186,42610,41899,-711,3597,4072,475,1186,711,475,711,475,0,True,medium,4,0,0,0,False,False,0,0,,,,,,,,,,
2026-07-25T19:44:27Z,190,P2-C1,P2,0x927EB9E0,12,Ryu,True,True,normal_damage_red_generation,48000,48000,37827,36720,-1107,41899,41235,-664,4072,4515,443,1107,664,443,664,443,0,True,medium,4,0,0,0,False,False,0,0,,,,,,,,,,
2026-07-25T19:44:27Z,191,P2-C1,P2,0x927EB9E0,12,Ryu,True,True,normal_damage_red_generation,48000,48000,36720,35692,-1028,41235,40619,-616,4515,4927,412,1028,616,412,616,412,0,True,medium,4,0,0,0,False,False,0,0,,,,,,,,,,
2026-07-25T19:44:28Z,192,P2-C1,P2,0x927EB9E0,12,Ryu,True,True,normal_damage_red_generation,48000,48000,35692,34743,-949,40619,40050,-569,4927,5307,380,949,569,380,569,380,0,True,medium,4,0,0,0,False,False,0,0,,,,,,,,,,
2026-07-25T19:44:28Z,193,P2-C1,P2,0x927EB9E0,12,Ryu,True,True,normal_damage_red_generation,48000,48000,34743,33083,-1660,40050,39054,-996,5307,5971,664,1660,996,664,996,664,0,True,medium,4,0,0,0,False,False,0,0,,,,,,,,,,
2026-07-25T19:44:28Z,194,P2-C1,P2,0x927EB9E0,12,Ryu,True,True,normal_damage_red_generation,48000,48000,33083,32372,-711,39054,38628,-426,5971,6256,285,711,426,285,426,285,0,True,medium,4,0,0,0,False,False,0,0,,,,,,,,,,
2026-07-25T19:44:28Z,195,P2-C1,P2,0x927EB9E0,12,Ryu,True,True,normal_damage_red_generation,48000,48000,32372,31740,-632,38628,38249,-379,6256,6509,253,632,379,253,379,253,0,True,medium,4,0,0,0,False,False,0,0,,,,,,,,,,
2026-07-25T19:44:28Z,197,P2-C1,P2,0x927EB9E0,12,Ryu,True,True,normal_damage_red_generation,48000,48000,31740,31186,-554,38249,37917,-332,6509,6731,222,554,332,222,332,222,0,True,medium,4,0,0,0,False,False,0,0,,,,,,,,,,
2026-07-25T19:44:28Z,198,P2-C1,P2,0x927EB9E0,12,Ryu,True,True,normal_damage_red_generation,48000,48000,31186,30632,-554,37917,37585,-332,6731,6953,222,554,332,222,332,222,0,True,medium,4,0,0,0,False,False,0,0,,,,,,,,,,
2026-07-25T19:44:29Z,199,P2-C1,P2,0x927EB9E0,12,Ryu,True,True,normal_damage_red_generation,48000,48000,30632,29524,-1108,37585,36921,-664,6953,7397,444,1108,664,444,664,444,0,True,medium,4,0,0,0,False,False,0,0,,,,,,,,,,
2026-07-25T19:44:30Z,211,P2-C1,P2,0x927EB9E0,12,Ryu,True,True,normal_damage_red_generation,48000,48000,29524,27500,-2024,36921,35707,-1214,7397,8207,810,2024,1214,810,1214,810,0,True,medium,4,0,0,0,False,False,0,0,,,,,,,,,,
2026-07-25T19:44:32Z,216,P2-C1,P2,0x927EB9E0,12,Ryu,True,True,normal_damage_red_generation,48000,48000,27500,25476,-2024,35707,34493,-1214,8207,9017,810,2024,1214,810,1214,810,0,True,medium,4,0,0,0,False,False,0,0,,,,,,,,,,
2026-07-25T19:44:32Z,221,P2-C1,P2,0x927EB9E0,12,Ryu,True,True,normal_damage_red_generation,48000,48000,25476,23452,-2024,34493,33279,-1214,9017,9827,810,2024,1214,810,1214,810,0,True,medium,4,0,0,0,False,False,0,0,,,,,,,,,,
2026-07-25T19:44:34Z,224,P2-C1,P2,0x927EB9E0,12,Ryu,True,True,normal_damage_red_generation,48000,48000,23452,21428,-2024,33279,32065,-1214,9827,10637,810,2024,1214,810,1214,810,0,True,medium,4,0,0,0,False,False,0,0,,,,,,,,,,
2026-07-25T19:44:34Z,225,P2-C1,P2,0x927EB9E0,12,Ryu,True,True,normal_damage_red_generation,48000,48000,21428,18502,-2926,32065,30310,-1755,10637,11808,1171,2926,1755,1171,1755,1171,0,True,medium,4,0,0,0,False,False,0,0,,,,,,,,,,
2026-07-25T19:44:36Z,238,P2-C1,P2,0x927EB9E0,12,Ryu,True,True,normal_damage_red_generation,48000,48000,18502,16478,-2024,30310,29096,-1214,11808,12618,810,2024,1214,810,1214,810,0,True,medium,4,0,0,0,False,False,0,0,,,,,,,,,,
2026-07-25T19:44:36Z,239,P2-C1,P2,0x927EB9E0,12,Ryu,True,True,normal_damage_red_generation,48000,48000,16478,13552,-2926,29096,27341,-1755,12618,13789,1171,2926,1755,1171,1755,1171,0,True,medium,4,0,0,0,False,False,0,0,,,,,,,,,,
2026-07-25T19:44:38Z,253,P2-C1,P2,0x927EB9E0,12,Ryu,True,True,normal_damage_red_generation,48000,48000,13552,12127,-1425,27341,26486,-855,13789,14359,570,1425,855,570,855,570,0,True,medium,4,0,0,0,False,False,0,0,,,,,,,,,,
2026-07-25T19:44:39Z,254,P2-C1,P2,0x927EB9E0,12,Ryu,True,True,normal_damage_red_generation,48000,48000,12127,9769,-2358,26486,25072,-1414,14359,15303,944,2358,1414,944,1414,944,0,True,medium,4,0,0,0,False,False,0,0,,,,,,,,,,
2026-07-25T19:44:39Z,256,P2-C1,P2,0x927EB9E0,12,Ryu,True,True,normal_damage_red_generation,48000,48000,9769,8821,-948,25072,24504,-568,15303,15683,380,948,568,380,568,380,0,True,medium,4,0,0,0,False,False,0,0,,,,,,,,,,
2026-07-25T19:44:39Z,257,P2-C1,P2,0x927EB9E0,12,Ryu,True,True,normal_damage_red_generation,48000,48000,8821,7936,-885,24504,23973,-531,15683,16037,354,885,531,354,531,354,0,True,medium,4,0,0,0,False,False,0,0,,,,,,,,,,
2026-07-25T19:44:39Z,258,P2-C1,P2,0x927EB9E0,12,Ryu,True,True,normal_damage_red_generation,48000,48000,7936,7114,-822,23973,23480,-493,16037,16366,329,822,493,329,493,329,0,True,medium,4,0,0,0,False,False,0,0,,,,,,,,,,
2026-07-25T19:44:39Z,260,P2-C1,P2,0x927EB9E0,12,Ryu,True,True,normal_damage_red_generation,48000,48000,7114,5659,-1455,23480,22608,-872,16366,16949,583,1455,872,583,873,582,1,False,medium,4,0,0,0,False,False,0,0,,,,,,,,,,difference can indicate multiple native damage requests between GUI samples
2026-07-25T19:44:39Z,261,P2-C1,P2,0x927EB9E0,12,Ryu,True,True,normal_damage_red_generation,48000,48000,5659,5106,-553,22608,22277,-331,16949,17171,222,553,331,222,331,222,0,True,medium,4,0,0,0,False,False,0,0,,,,,,,,,,
2026-07-25T19:44:40Z,263,P2-C1,P2,0x927EB9E0,12,Ryu,True,True,normal_damage_red_generation,48000,48000,5106,4609,-497,22277,21979,-298,17171,17370,199,497,298,199,298,199,0,True,medium,4,0,0,0,False,False,0,0,,,,,,,,,,
2026-07-25T19:44:40Z,264,P2-C1,P2,0x927EB9E0,12,Ryu,True,True,normal_damage_red_generation,48000,48000,4609,4167,-442,21979,21714,-265,17370,17547,177,442,265,177,265,177,0,True,medium,4,0,0,0,False,False,0,0,,,,,,,,,,
2026-07-25T19:44:40Z,266,P2-C1,P2,0x927EB9E0,12,Ryu,True,True,normal_damage_red_generation,48000,48000,4167,3780,-387,21714,21482,-232,17547,17702,155,387,232,155,232,155,0,True,medium,4,0,0,0,False,False,0,0,,,,,,,,,,
2026-07-25T19:44:40Z,267,P2-C1,P2,0x927EB9E0,12,Ryu,True,True,normal_damage_red_generation,48000,48000,3780,3006,-774,21482,21018,-464,17702,18012,310,774,464,310,464,310,0,True,medium,4,0,0,0,False,False,0,0,,,,,,,,,,
2026-07-25T19:44:40Z,268,P2-C1,P2,0x927EB9E0,12,Ryu,True,True,normal_damage_red_generation,48000,48000,3006,2619,-387,21018,20786,-232,18012,18167,155,387,232,155,232,155,0,True,medium,4,0,0,0,False,False,0,0,,,,,,,,,,
2026-07-25T19:44:42Z,285,P2-C1,P2,0x927EB9E0,12,Ryu,True,True,recoverable_heal,48000,48000,2619,5119,2500,20786,20786,0,18167,15667,-2500,0,0,0,,,,,none,4,500,0,1,False,False,0,0,,,,,,,,,,
2026-07-25T19:44:43Z,286,P2-C1,P2,0x927EB9E0,12,Ryu,True,True,recoverable_heal,48000,48000,5119,14619,9500,20786,20786,0,15667,6167,-9500,0,0,0,,,,,none,4,500,0,1,False,False,0,0,,,,,,,,,,
2026-07-25T19:44:43Z,287,P2-C1,P2,0x927EB9E0,12,Ryu,True,True,recoverable_heal,48000,48000,14619,20619,6000,20786,20786,0,6167,167,-6000,0,0,0,,,,,none,4,500,0,1,False,False,0,0,,,,,,,,,,
2026-07-25T19:44:43Z,288,P2-C1,P2,0x927EB9E0,12,Ryu,True,True,mixed_heal,48000,48000,20619,23619,3000,20786,23619,2833,167,0,-167,0,0,0,,,,,none,4,500,0,1,False,False,0,0,,,,,,,,,,
2026-07-25T19:44:43Z,289,P2-C1,P2,0x927EB9E0,12,Ryu,True,True,current_and_ceiling_heal,48000,48000,23619,26619,3000,23619,26619,3000,0,0,0,0,0,0,,,,,none,4,500,0,1,False,False,0,0,,,,,,,,,,
2026-07-25T19:44:43Z,290,P2-C1,P2,0x927EB9E0,12,Ryu,True,True,current_and_ceiling_heal,48000,48000,26619,29119,2500,26619,29119,2500,0,0,0,0,0,0,,,,,none,4,500,0,1,False,False,0,0,,,,,,,,,,
2026-07-25T19:44:43Z,291,P2-C1,P2,0x927EB9E0,12,Ryu,True,True,current_and_ceiling_heal,48000,48000,29119,38119,9000,29119,38119,9000,0,0,0,0,0,0,,,,,none,4,500,0,1,False,False,0,0,,,,,,,,,,
2026-07-25T19:44:43Z,292,P2-C1,P2,0x927EB9E0,12,Ryu,True,True,current_and_ceiling_heal,48000,48000,38119,41119,3000,38119,41119,3000,0,0,0,0,0,0,,,,,none,4,500,0,1,False,False,0,0,,,,,,,,,,
2026-07-25T19:44:44Z,293,P2-C1,P2,0x927EB9E0,12,Ryu,True,True,current_and_ceiling_heal,48000,48000,41119,44119,3000,41119,44119,3000,0,0,0,0,0,0,,,,,none,4,500,0,1,False,False,0,0,,,,,,,,,,
2026-07-25T19:44:44Z,294,P2-C1,P2,0x927EB9E0,12,Ryu,True,True,current_and_ceiling_heal,48000,48000,44119,46619,2500,44119,46619,2500,0,0,0,0,0,0,,,,,none,4,500,0,1,False,False,0,0,,,,,,,,,,
2026-07-25T19:44:44Z,295,P2-C1,P2,0x927EB9E0,12,Ryu,True,True,full_health_reset,48000,48000,46619,48000,1381,46619,48000,1381,0,0,0,0,0,0,,,,,none,4,0,0,0,False,False,0,0,,,,,,,,,,
2026-07-25T19:44:48Z,335,P2-C1,P2,0x927EB9E0,12,Ryu,True,True,normal_damage_red_generation,48000,48000,48000,46289,-1711,48000,46974,-1026,0,685,685,1711,1026,685,1026,685,0,True,medium,4,0,0,0,False,False,0,0,,,,,,,,,,
2026-07-25T19:44:48Z,336,P2-C1,P2,0x927EB9E0,12,Ryu,True,True,normal_damage_red_generation,48000,48000,46289,45418,-871,46974,46452,-522,685,1034,349,871,522,349,522,349,0,True,medium,4,0,0,0,False,False,0,0,,,,,,,,,,
2026-07-25T19:44:49Z,341,P2-C1,P2,0x927EB9E0,12,Ryu,True,True,normal_damage_red_generation,48000,48000,45418,44714,-704,46452,46030,-422,1034,1316,282,704,422,282,422,282,0,True,medium,4,0,0,0,False,False,0,0,,,,,,,,,,
2026-07-25T19:44:50Z,342,P2-C1,P2,0x927EB9E0,12,Ryu,True,True,normal_damage_red_generation,48000,48000,44714,43293,-1421,46030,45178,-852,1316,1885,569,1421,852,569,852,569,0,True,medium,4,0,0,0,False,False,0,0,,,,,,,,,,
2026-07-25T19:44:50Z,343,P2-C1,P2,0x927EB9E0,12,Ryu,True,True,normal_damage_red_generation,48000,48000,43293,40917,-2376,45178,43753,-1425,1885,2836,951,2376,1425,951,1425,951,0,True,medium,4,0,0,0,False,False,0,0,,,,,,,,,,
2026-07-25T19:44:51Z,345,P2-C1,P2,0x927EB9E0,12,Ryu,True,True,normal_damage_red_generation,48000,48000,40917,39422,-1495,43753,42857,-896,2836,3435,599,1495,896,599,897,598,1,False,medium,4,0,0,0,False,False,0,0,,,,,,,,,,difference can indicate multiple native damage requests between GUI samples
2026-07-25T19:44:51Z,346,P2-C1,P2,0x927EB9E0,12,Ryu,True,True,normal_damage_red_generation,48000,48000,39422,38212,-1210,42857,42131,-726,3435,3919,484,1210,726,484,726,484,0,True,medium,4,0,0,0,False,False,0,0,,,,,,,,,,
2026-07-25T19:44:53Z,355,P2-C1,P2,0x927EB9E0,12,Ryu,True,True,recoverable_heal,48000,48000,38212,40212,2000,42131,42131,0,3919,1919,-2000,0,0,0,,,,,none,4,500,0,1,False,False,0,0,,,,,,,,,,
2026-07-25T19:44:53Z,356,P2-C1,P2,0x927EB9E0,12,Ryu,True,True,full_health_reset,48000,48000,40212,48000,7788,42131,48000,5869,1919,0,-1919,0,0,0,,,,,none,4,0,0,0,False,False,0,0,,,,,,,,,,
2026-07-25T19:44:59Z,408,P2-C1,P2,0x927EB9E0,12,Ryu,True,True,normal_damage_red_generation,48000,48000,48000,45840,-2160,48000,46704,-1296,0,864,864,2160,1296,864,1296,864,0,True,medium,4,0,0,0,False,False,0,0,P1-C1,19,Roll,353,Mop up Turbo,0,100,0x00000009,0x00000040,
2026-07-25T19:44:59Z,409,P2-C1,P2,0x927EB9E0,12,Ryu,True,True,normal_damage_red_generation,48000,48000,45840,40008,-5832,46704,43206,-3498,864,3198,2334,5832,3498,2334,3499,2333,1,False,medium,4,0,0,0,False,False,0,0,P1-C1,19,Roll,353,Mop up Turbo,0,100,0x00000009,0x00000040,difference can indicate multiple native damage requests between GUI samples
2026-07-25T19:44:59Z,410,P2-C1,P2,0x927EB9E0,12,Ryu,True,True,normal_damage_red_generation,48000,48000,40008,38282,-1726,43206,42171,-1035,3198,3889,691,1726,1035,691,1035,691,0,True,medium,4,0,0,0,False,False,0,0,P1-C1,19,Roll,353,Mop up Turbo,0,100,0x00000009,0x00000040,
2026-07-25T19:44:59Z,412,P2-C1,P2,0x927EB9E0,12,Ryu,True,True,normal_damage_red_generation,48000,48000,38282,36664,-1618,42171,41201,-970,3889,4537,648,1618,970,648,970,648,0,True,medium,4,0,0,0,False,False,0,0,P1-C1,19,Roll,353,Mop up Turbo,0,100,0x00000009,0x00000040,
2026-07-25T19:45:00Z,413,P2-C1,P2,0x927EB9E0,12,Ryu,True,True,normal_damage_red_generation,48000,48000,36664,35154,-1510,41201,40295,-906,4537,5141,604,1510,906,604,906,604,0,True,medium,4,0,0,0,False,False,0,0,,,,,,,,,,
2026-07-25T19:45:00Z,414,P2-C1,P2,0x927EB9E0,12,Ryu,True,True,normal_damage_red_generation,48000,48000,35154,32458,-2696,40295,38678,-1617,5141,6220,1079,2696,1617,1079,1617,1079,0,True,medium,4,0,0,0,False,False,0,0,,,,,,,,,,
2026-07-25T19:45:00Z,415,P2-C1,P2,0x927EB9E0,12,Ryu,True,True,normal_damage_red_generation,48000,48000,32458,31272,-1186,38678,37967,-711,6220,6695,475,1186,711,475,711,475,0,True,medium,4,0,0,0,False,False,0,0,,,,,,,,,,
2026-07-25T19:45:00Z,416,P2-C1,P2,0x927EB9E0,12,Ryu,True,True,normal_damage_red_generation,48000,48000,31272,30194,-1078,37967,37321,-646,6695,7127,432,1078,646,432,646,432,0,True,medium,4,0,0,0,False,False,0,0,,,,,,,,,,
2026-07-25T19:45:00Z,417,P2-C1,P2,0x927EB9E0,12,Ryu,True,True,normal_damage_red_generation,48000,48000,30194,29224,-970,37321,36739,-582,7127,7515,388,970,582,388,582,388,0,True,medium,4,0,0,0,False,False,0,0,,,,,,,,,,
2026-07-25T19:45:01Z,419,P2-C1,P2,0x927EB9E0,12,Ryu,True,True,normal_damage_red_generation,48000,48000,29224,26346,-2878,36739,35013,-1726,7515,8667,1152,2878,1726,1152,1726,1152,0,True,medium,4,0,0,0,False,False,0,0,,,,,,,,,,
2026-07-25T19:45:10Z,508,P2-C1,P2,0x927EB9E0,12,Ryu,True,True,recoverable_heal,48000,48000,26346,27346,1000,35013,35013,0,8667,7667,-1000,0,0,0,,,,,none,4,500,0,1,False,False,0,0,,,,,,,,,,
2026-07-25T19:45:10Z,509,P2-C1,P2,0x927EB9E0,12,Ryu,True,True,mixed_heal,48000,48000,27346,36346,9000,35013,36346,1333,7667,0,-7667,0,0,0,,,,,none,4,500,0,1,False,False,0,0,,,,,,,,,,
2026-07-25T19:45:10Z,510,P2-C1,P2,0x927EB9E0,12,Ryu,True,True,current_and_ceiling_heal,48000,48000,36346,39346,3000,36346,39346,3000,0,0,0,0,0,0,,,,,none,4,500,0,1,False,False,0,0,,,,,,,,,,
2026-07-25T19:45:10Z,511,P2-C1,P2,0x927EB9E0,12,Ryu,True,True,current_and_ceiling_heal,48000,48000,39346,41846,2500,39346,41846,2500,0,0,0,0,0,0,,,,,none,4,500,0,1,False,False,0,0,,,,,,,,,,
2026-07-25T19:45:11Z,512,P2-C1,P2,0x927EB9E0,12,Ryu,True,True,current_and_ceiling_heal,48000,48000,41846,44346,2500,41846,44346,2500,0,0,0,0,0,0,,,,,none,4,500,0,1,False,False,0,0,,,,,,,,,,
2026-07-25T19:45:11Z,513,P2-C1,P2,0x927EB9E0,12,Ryu,True,True,current_and_ceiling_heal,48000,48000,44346,47346,3000,44346,47346,3000,0,0,0,0,0,0,,,,,none,4,500,0,1,False,False,0,0,,,,,,,,,,
2026-07-25T19:45:11Z,514,P2-C1,P2,0x927EB9E0,12,Ryu,True,True,full_health_reset,48000,48000,47346,48000,654,47346,48000,654,0,0,0,0,0,0,,,,,none,4,0,0,0,False,False,0,0,,,,,,,,,,
2026-07-25T19:45:12Z,524,P2-C1,P2,0x927EB9E0,12,Ryu,True,True,normal_damage_red_generation,48000,48000,48000,43500,-4500,48000,45300,-2700,0,1800,1800,4500,2700,1800,2700,1800,0,True,medium,4,0,0,0,False,False,0,0,,,,,,,,,,
2026-07-25T19:45:14Z,539,P2-C1,P2,0x927EB9E0,12,Ryu,True,True,mixed_heal,48000,48000,43500,46000,2500,45300,46000,700,1800,0,-1800,0,0,0,,,,,none,4,500,0,1,False,False,0,0,,,,,,,,,,
2026-07-25T19:45:14Z,540,P2-C1,P2,0x927EB9E0,12,Ryu,True,True,full_health_reset,48000,48000,46000,48000,2000,46000,48000,2000,0,0,0,0,0,0,,,,,none,4,0,0,0,False,False,0,0,,,,,,,,,,
2026-07-25T19:45:16Z,550,P2-C1,P2,0x927EB9E0,12,Ryu,True,True,normal_damage_red_generation,48000,48000,48000,43247,-4753,48000,45149,-2851,0,1902,1902,4753,2851,1902,2851,1902,0,True,medium,4,0,0,0,False,False,0,0,,,,,,,,,,
2026-07-25T19:45:16Z,553,P2-C1,P2,0x927EB9E0,12,Ryu,True,True,normal_damage_red_generation,48000,48000,43247,36116,-7131,45149,40871,-4278,1902,4755,2853,7131,4278,2853,4278,2853,0,True,medium,4,0,0,0,False,False,0,0,,,,,,,,,,
2026-07-25T19:45:18Z,568,P2-C1,P2,0x927EB9E0,12,Ryu,True,True,recoverable_heal,48000,48000,36116,36616,500,40871,40871,0,4755,4255,-500,0,0,0,,,,,none,4,500,0,1,False,False,0,0,,,,,,,,,,
2026-07-25T19:45:19Z,569,P2-C1,P2,0x927EB9E0,12,Ryu,True,True,full_health_reset,48000,48000,36616,48000,11384,40871,48000,7129,4255,0,-4255,0,0,0,,,,,none,4,0,0,0,False,False,0,0,,,,,,,,,,
2026-07-25T19:45:24Z,619,P2-C1,P2,0x927EB9E0,12,Ryu,True,True,normal_damage_red_generation,48000,48000,48000,43176,-4824,48000,45106,-2894,0,1930,1930,4824,2894,1930,2894,1930,0,True,medium,4,0,0,0,False,False,0,0,,,,,,,,,,
2026-07-25T19:45:25Z,623,P2-C1,P2,0x927EB9E0,12,Ryu,True,True,normal_damage_red_generation,48000,48000,43176,35940,-7236,45106,40765,-4341,1930,4825,2895,7236,4341,2895,4341,2895,0,True,medium,4,0,0,0,False,False,0,0,,,,,,,,,,
2026-07-25T19:45:27Z,635,P2-C1,P2,0x927EB9E0,12,Ryu,True,True,recoverable_heal,48000,48000,35940,38440,2500,40765,40765,0,4825,2325,-2500,0,0,0,,,,,none,4,500,0,1,False,False,0,0,,,,,,,,,,
2026-07-25T19:45:27Z,636,P2-C1,P2,0x927EB9E0,12,Ryu,True,True,full_health_reset,48000,48000,38440,48000,9560,40765,48000,7235,2325,0,-2325,0,0,0,,,,,none,4,0,0,0,False,False,0,0,,,,,,,,,,
2026-07-25T19:45:30Z,657,P2-C1,P2,0x927EB9E0,12,Ryu,True,True,normal_damage_red_generation,48000,48000,48000,43176,-4824,48000,45106,-2894,0,1930,1930,4824,2894,1930,2894,1930,0,True,medium,4,0,0,0,False,False,0,0,,,,,,,,,,
2026-07-25T19:45:30Z,661,P2-C1,P2,0x927EB9E0,12,Ryu,True,True,normal_damage_red_generation,48000,48000,43176,35940,-7236,45106,40765,-4341,1930,4825,2895,7236,4341,2895,4341,2895,0,True,medium,4,0,0,0,False,False,0,0,,,,,,,,,,
2026-07-25T19:45:32Z,675,P2-C1,P2,0x927EB9E0,12,Ryu,True,True,recoverable_heal,48000,48000,35940,37440,1500,40765,40765,0,4825,3325,-1500,0,0,0,,,,,none,4,500,0,1,False,False,0,0,,,,,,,,,,
2026-07-25T19:45:33Z,676,P2-C1,P2,0x927EB9E0,12,Ryu,True,True,mixed_heal,48000,48000,37440,46940,9500,40765,46940,6175,3325,0,-3325,0,0,0,,,,,none,4,500,0,1,False,False,0,0,,,,,,,,,,
2026-07-25T19:45:33Z,677,P2-C1,P2,0x927EB9E0,12,Ryu,True,True,full_health_reset,48000,48000,46940,48000,1060,46940,48000,1060,0,0,0,0,0,0,,,,,none,4,0,0,0,False,False,0,0,,,,,,,,,,
2026-07-25T19:45:34Z,687,P2-C1,P2,0x927EB9E0,12,Ryu,True,True,normal_damage_red_generation,48000,48000,48000,46762,-1238,48000,47258,-742,0,496,496,1238,742,496,742,496,0,True,medium,4,0,0,0,False,False,0,0,,,,,,,,,,
2026-07-25T19:45:35Z,688,P2-C1,P2,0x927EB9E0,12,Ryu,True,True,normal_damage_red_generation,48000,48000,46762,45262,-1500,47258,46358,-900,496,1096,600,1500,900,600,900,600,0,True,medium,4,0,0,0,False,False,0,0,,,,,,,,,,
2026-07-25T19:45:36Z,697,P2-C1,P2,0x927EB9E0,12,Ryu,True,True,recoverable_heal,48000,48000,45262,46262,1000,46358,46358,0,1096,96,-1000,0,0,0,,,,,none,4,500,0,1,False,False,0,0,,,,,,,,,,
2026-07-25T19:45:37Z,698,P2-C1,P2,0x927EB9E0,12,Ryu,True,True,full_health_reset,48000,48000,46262,48000,1738,46358,48000,1642,96,0,-96,0,0,0,,,,,none,4,0,0,0,False,False,0,0,,,,,,,,,,
2026-07-25T19:45:38Z,705,P2-C1,P2,0x927EB9E0,12,Ryu,True,True,normal_damage_red_generation,48000,48000,48000,43191,-4809,48000,45115,-2885,0,1924,1924,4809,2885,1924,2885,1924,0,True,medium,4,0,0,0,False,False,0,0,,,,,,,,,,
2026-07-25T19:45:38Z,708,P2-C1,P2,0x927EB9E0,12,Ryu,True,True,normal_damage_red_generation,48000,48000,43191,35976,-7215,45115,40786,-4329,1924,4810,2886,7215,4329,2886,4329,2886,0,True,medium,4,0,0,0,False,False,0,0,,,,,,,,,,
2026-07-25T19:45:40Z,726,P2-C1,P2,0x927EB9E0,12,Ryu,True,True,recoverable_heal,48000,48000,35976,38476,2500,40786,40786,0,4810,2310,-2500,0,0,0,,,,,none,4,500,0,1,False,False,0,0,,,,,,,,,,
2026-07-25T19:45:41Z,727,P2-C1,P2,0x927EB9E0,12,Ryu,True,True,mixed_heal,48000,48000,38476,47976,9500,40786,47976,7190,2310,0,-2310,0,0,0,,,,,none,4,500,0,1,False,False,0,0,,,,,,,,,,
2026-07-25T19:45:41Z,728,P2-C1,P2,0x927EB9E0,12,Ryu,True,True,full_health_reset,48000,48000,47976,48000,24,47976,48000,24,0,0,0,0,0,0,,,,,none,4,0,0,0,False,False,0,0,,,,,,,,,,
2026-07-25T19:45:43Z,749,P2-C1,P2,0x927EB9E0,12,Ryu,True,True,normal_damage_red_generation,48000,48000,48000,43208,-4792,48000,45125,-2875,0,1917,1917,4792,2875,1917,2875,1917,0,True,medium,4,0,0,0,False,False,0,0,,,,,,,,,,
2026-07-25T19:45:44Z,751,P2-C1,P2,0x927EB9E0,12,Ryu,True,True,normal_damage_red_generation,48000,48000,43208,36019,-7189,45125,40812,-4313,1917,4793,2876,7189,4313,2876,4313,2876,0,True,medium,4,0,0,0,False,False,0,0,,,,,,,,,,
2026-07-25T19:45:48Z,787,P2-C1,P2,0x927EB9E0,12,Ryu,True,True,recoverable_heal,48000,48000,36019,39019,3000,40812,40812,0,4793,1793,-3000,0,0,0,,,,,none,4,500,0,1,False,False,0,0,,,,,,,,,,
2026-07-25T19:45:48Z,788,P2-C1,P2,0x927EB9E0,12,Ryu,True,True,mixed_heal,48000,48000,39019,41519,2500,40812,41519,707,1793,0,-1793,0,0,0,,,,,none,4,0,0,0,False,False,0,0,,,,,,,,,,
2026-07-25T19:45:48Z,789,P2-C1,P2,0x927EB9E0,12,Ryu,True,True,normal_damage_red_generation,48000,48000,41519,37550,-3969,41519,39138,-2381,0,1588,1588,3969,2381,1588,2381,1588,0,True,medium,4,0,0,0,False,False,0,0,,,,,,,,,,
2026-07-25T19:45:49Z,793,P2-C1,P2,0x927EB9E0,12,Ryu,True,True,normal_damage_red_generation,48000,48000,37550,31597,-5953,39138,35567,-3571,1588,3970,2382,5953,3571,2382,3571,2382,0,True,medium,4,0,0,0,False,False,0,0,,,,,,,,,,
2026-07-25T19:45:51Z,807,P2-C1,P2,0x927EB9E0,12,Ryu,True,True,recoverable_heal,48000,48000,31597,32097,500,35567,35567,0,3970,3470,-500,0,0,0,,,,,none,4,500,0,1,False,False,0,0,,,,,,,,,,
2026-07-25T19:45:51Z,808,P2-C1,P2,0x927EB9E0,12,Ryu,True,True,mixed_heal,48000,48000,32097,36097,4000,35567,36097,530,3470,0,-3470,0,0,0,,,,,none,4,-3969,-2381,0,False,False,0,0,,,,,,,,,,
2026-07-25T19:45:51Z,809,P2-C1,P2,0x927EB9E0,12,Ryu,True,True,normal_damage_red_generation,48000,48000,36097,32128,-3969,36097,33716,-2381,0,1588,1588,3969,2381,1588,2381,1588,0,True,medium,4,0,0,0,False,False,0,0,,,,,,,,,,
2026-07-25T19:45:52Z,813,P2-C1,P2,0x927EB9E0,12,Ryu,True,True,normal_damage_red_generation,48000,48000,32128,26175,-5953,33716,30145,-3571,1588,3970,2382,5953,3571,2382,3571,2382,0,True,medium,4,0,0,0,False,False,0,0,,,,,,,,,,
2026-07-25T19:45:54Z,828,P2-C1,P2,0x927EB9E0,12,Ryu,True,True,recoverable_heal,48000,48000,26175,28175,2000,30145,30145,0,3970,1970,-2000,0,0,0,,,,,none,4,500,0,1,False,False,0,0,,,,,,,,,,
2026-07-25T19:45:54Z,829,P2-C1,P2,0x927EB9E0,12,Ryu,True,True,mixed_heal,48000,48000,28175,37175,9000,30145,37175,7030,1970,0,-1970,0,0,0,,,,,none,4,500,0,1,False,False,0,0,,,,,,,,,,
2026-07-25T19:45:54Z,830,P2-C1,P2,0x927EB9E0,12,Ryu,True,True,current_and_ceiling_heal,48000,48000,37175,39675,2500,37175,39675,2500,0,0,0,0,0,0,,,,,none,4,500,0,1,False,False,0,0,,,,,,,,,,
2026-07-25T19:45:54Z,831,P2-C1,P2,0x927EB9E0,12,Ryu,True,True,current_and_ceiling_heal,48000,48000,39675,42675,3000,39675,42675,3000,0,0,0,0,0,0,,,,,none,4,500,0,1,False,False,0,0,,,,,,,,,,
2026-07-25T19:45:54Z,832,P2-C1,P2,0x927EB9E0,12,Ryu,True,True,current_and_ceiling_heal,48000,48000,42675,45175,2500,42675,45175,2500,0,0,0,0,0,0,,,,,none,4,500,0,1,False,False,0,0,,,,,,,,,,
2026-07-25T19:45:54Z,833,P2-C1,P2,0x927EB9E0,12,Ryu,True,True,current_and_ceiling_heal,48000,48000,45175,47675,2500,45175,47675,2500,0,0,0,0,0,0,,,,,none,4,0,0,0,False,False,0,0,,,,,,,,,,
2026-07-25T19:45:54Z,834,P2-C1,P2,0x927EB9E0,12,Ryu,True,True,full_health_reset,48000,48000,47675,48000,325,47675,48000,325,0,0,0,0,0,0,,,,,none,4,0,0,0,False,False,0,0,,,,,,,,,,
2026-07-25T19:46:02Z,907,P2-C1,P2,0x927EB9E0,12,Ryu,True,True,normal_damage_red_generation,48000,48000,48000,44054,-3946,48000,45633,-2367,0,1579,1579,3946,2367,1579,2367,1579,0,True,medium,4,0,0,0,False,False,0,0,,,,,,,,,,
2026-07-25T19:46:02Z,910,P2-C1,P2,0x927EB9E0,12,Ryu,True,True,normal_damage_red_generation,48000,48000,44054,38135,-5919,45633,42082,-3551,1579,3947,2368,5919,3551,2368,3551,2368,0,True,medium,4,0,0,0,False,False,0,0,,,,,,,,,,
2026-07-25T19:46:07Z,951,P2-C1,P2,0x927EB9E0,12,Ryu,True,True,normal_damage_red_generation,48000,48000,38135,34967,-3168,42082,40182,-1900,3947,5215,1268,3168,1900,1268,1900,1268,0,True,medium,4,0,0,0,False,False,0,0,,,,,,,,,,
2026-07-25T19:46:07Z,958,P2-C1,P2,0x927EB9E0,12,Ryu,True,True,normal_damage_red_generation,48000,48000,34967,30215,-4752,40182,37331,-2851,5215,7116,1901,4752,2851,1901,2851,1901,0,True,medium,4,0,0,0,False,False,0,0,,,,,,,,,,
2026-07-25T19:46:10Z,974,P2-C1,P2,0x927EB9E0,12,Ryu,True,True,recoverable_heal,48000,48000,30215,31215,1000,37331,37331,0,7116,6116,-1000,0,0,0,,,,,none,4,500,0,1,False,False,0,0,,,,,,,,,,
2026-07-25T19:46:10Z,975,P2-C1,P2,0x927EB9E0,12,Ryu,True,True,mixed_heal,48000,48000,31215,41215,10000,37331,41215,3884,6116,0,-6116,0,0,0,,,,,none,4,500,0,1,False,False,0,0,,,,,,,,,,
2026-07-25T19:46:10Z,976,P2-C1,P2,0x927EB9E0,12,Ryu,True,True,current_and_ceiling_heal,48000,48000,41215,43715,2500,41215,43715,2500,0,0,0,0,0,0,,,,,none,4,500,0,1,False,False,0,0,,,,,,,,,,
2026-07-25T19:46:10Z,977,P2-C1,P2,0x927EB9E0,12,Ryu,True,True,current_and_ceiling_heal,48000,48000,43715,46715,3000,43715,46715,3000,0,0,0,0,0,0,,,,,none,4,500,0,1,False,False,0,0,,,,,,,,,,
2026-07-25T19:46:10Z,978,P2-C1,P2,0x927EB9E0,12,Ryu,True,True,full_health_reset,48000,48000,46715,48000,1285,46715,48000,1285,0,0,0,0,0,0,,,,,none,4,0,0,0,False,False,0,0,,,,,,,,,,
2026-07-25T19:46:18Z,1055,P2-C1,P2,0x927EB9E0,12,Ryu,True,True,normal_damage_red_generation,48000,48000,48000,46080,-1920,48000,46848,-1152,0,768,768,1920,1152,768,1152,768,0,True,medium,4,0,0,0,False,False,0,0,,,,,,,,,,
2026-07-25T19:46:19Z,1060,P2-C1,P2,0x927EB9E0,12,Ryu,True,True,normal_damage_red_generation,48000,48000,46080,43200,-2880,46848,45120,-1728,768,1920,1152,2880,1728,1152,1728,1152,0,True,medium,4,0,0,0,False,False,0,0,,,,,,,,,,
2026-07-25T19:46:21Z,1071,P2-C1,P2,0x927EB9E0,12,Ryu,True,True,normal_damage_red_generation,48000,48000,43200,40800,-2400,45120,43680,-1440,1920,2880,960,2400,1440,960,1440,960,0,True,medium,4,0,0,0,False,False,0,0,,,,,,,,,,
2026-07-25T19:46:25Z,1112,P2-C1,P2,0x927EB9E0,12,Ryu,True,True,recoverable_heal,48000,48000,40800,43300,2500,43680,43680,0,2880,380,-2500,0,0,0,,,,,none,4,0,0,0,False,False,0,0,,,,,,,,,,
2026-07-25T19:46:26Z,1113,P2-C1,P2,0x927EB9E0,12,Ryu,True,True,normal_damage_red_generation,48000,48000,43300,40886,-2414,43680,42052,-1628,380,1166,786,2414,1628,786,1448,966,-180,False,medium,4,0,0,0,False,False,0,0,,,,,,,,,,difference can indicate multiple native damage requests between GUI samples
2026-07-25T19:46:27Z,1116,P2-C1,P2,0x927EB9E0,12,Ryu,True,True,normal_damage_red_generation,48000,48000,40886,36514,-4372,42052,39429,-2623,1166,2915,1749,4372,2623,1749,2623,1749,0,True,medium,4,0,0,0,False,False,0,0,,,,,,,,,,
2026-07-25T19:46:31Z,1151,P2-C1,P2,0x927EB9E0,12,Ryu,True,True,recoverable_heal,48000,48000,36514,37514,1000,39429,39429,0,2915,1915,-1000,0,0,0,,,,,none,4,500,0,1,False,False,0,0,,,,,,,,,,
2026-07-25T19:46:32Z,1152,P2-C1,P2,0x927EB9E0,12,Ryu,True,True,full_health_reset,48000,48000,37514,48000,10486,39429,48000,8571,1915,0,-1915,0,0,0,,,,,none,4,0,0,0,False,False,0,0,P1-C1,19,Roll,1,idle,0,1200,0x0000080C,0x00040102,
2026-07-25T19:46:36Z,1167,P2-C1,P2,0x927EB9E0,12,Ryu,True,True,normal_damage_red_generation,48000,48000,48000,46560,-1440,48000,47136,-864,0,576,576,1440,864,576,864,576,0,True,high,4,0,0,0,False,False,0,0,P1-C1,19,Roll,353,Mop up Turbo,0,640,0x00000424,0x00000102,
2026-07-25T19:46:36Z,1168,P2-C1,P2,0x927EB9E0,12,Ryu,True,True,normal_damage_red_generation,48000,48000,46560,43896,-2664,47136,45539,-1597,576,1643,1067,2664,1597,1067,1598,1066,1,False,high,4,-1224,-734,0,False,False,0,0,P1-C1,19,Roll,353,Mop up Turbo,0,640,0x00000424,0x00000102,difference can indicate multiple native damage requests between GUI samples
2026-07-25T19:46:37Z,1169,P2-C1,P2,0x927EB9E0,12,Ryu,True,True,normal_damage_red_generation,48000,48000,43896,42672,-1224,45539,44805,-734,1643,2133,490,1224,734,490,734,490,0,True,high,4,0,0,0,False,False,0,0,P1-C1,19,Roll,353,Mop up Turbo,0,640,0x00000424,0x00000102,
2026-07-25T19:46:37Z,1170,P2-C1,P2,0x927EB9E0,12,Ryu,True,True,normal_damage_red_generation,48000,48000,42672,41521,-1151,44805,44115,-690,2133,2594,461,1151,690,461,690,461,0,True,high,4,0,0,0,False,False,0,0,P1-C1,19,Roll,353,Mop up Turbo,0,640,0x00000424,0x00000102,
2026-07-25T19:46:37Z,1172,P2-C1,P2,0x927EB9E0,12,Ryu,True,True,normal_damage_red_generation,48000,48000,41521,39435,-2086,44115,42864,-1251,2594,3429,835,2086,1251,835,1251,835,0,True,high,4,0,0,0,False,False,0,0,P1-C1,19,Roll,353,Mop up Turbo,0,640,0x00000424,0x00000102,
2026-07-25T19:46:38Z,1175,P2-C1,P2,0x927EB9E0,12,Ryu,True,True,normal_damage_red_generation,48000,48000,39435,34635,-4800,42864,39984,-2880,3429,5349,1920,4800,2880,1920,2880,1920,0,True,high,4,0,0,0,False,False,0,0,P1-C1,19,Roll,353,Mop up Turbo,0,640,0x00000424,0x00000102,
2026-07-25T19:46:40Z,1189,P2-C1,P2,0x927EB9E0,12,Ryu,True,True,mixed_heal,48000,48000,34635,40135,5500,39984,40135,151,5349,0,-5349,0,0,0,,,,,none,4,500,0,1,False,False,0,0,P1-C1,19,Roll,6,forward dash,0,640,0x00000424,0x00000102,
2026-07-25T19:46:41Z,1190,P2-C1,P2,0x927EB9E0,12,Ryu,True,True,full_health_reset,48000,48000,40135,48000,7865,40135,48000,7865,0,0,0,0,0,0,,,,,none,4,0,0,0,False,False,0,0,P1-C1,19,Roll,3,backward,0,640,0x00000424,0x00000102,
2026-07-25T19:46:45Z,1220,P2-C1,P2,0x927EB9E0,12,Ryu,True,True,normal_damage_red_generation,48000,48000,48000,45840,-2160,48000,46704,-1296,0,864,864,2160,1296,864,1296,864,0,True,medium,4,0,0,0,False,False,0,0,P1-C1,19,Roll,353,Mop up Turbo,0,640,0x00000424,0x00000102,
2026-07-25T19:46:46Z,1221,P2-C1,P2,0x927EB9E0,12,Ryu,True,True,normal_damage_red_generation,48000,48000,45840,41844,-3996,46704,44307,-2397,864,2463,1599,3996,2397,1599,2397,1599,0,True,medium,4,0,0,0,False,False,0,0,P1-C1,19,Roll,353,Mop up Turbo,0,640,0x00000424,0x00000102,
2026-07-25T19:46:46Z,1222,P2-C1,P2,0x927EB9E0,12,Ryu,True,True,normal_damage_red_generation,48000,48000,41844,40008,-1836,44307,43206,-1101,2463,3198,735,1836,1101,735,1101,735,0,True,medium,4,0,0,0,False,False,0,0,P1-C1,19,Roll,353,Mop up Turbo,0,640,0x00000424,0x00000102,
2026-07-25T19:46:46Z,1223,P2-C1,P2,0x927EB9E0,12,Ryu,True,True,normal_damage_red_generation,48000,48000,40008,38282,-1726,43206,42171,-1035,3198,3889,691,1726,1035,691,1035,691,0,True,medium,4,0,0,0,False,False,0,0,P1-C1,19,Roll,353,Mop up Turbo,0,640,0x00000424,0x00000102,
2026-07-25T19:46:46Z,1225,P2-C1,P2,0x927EB9E0,12,Ryu,True,True,normal_damage_red_generation,48000,48000,38282,36664,-1618,42171,41201,-970,3889,4537,648,1618,970,648,970,648,0,True,medium,4,0,0,0,False,False,0,0,,,,,,,,,,
2026-07-25T19:46:46Z,1226,P2-C1,P2,0x927EB9E0,12,Ryu,True,True,normal_damage_red_generation,48000,48000,36664,32458,-4206,41201,38678,-2523,4537,6220,1683,4206,2523,1683,2523,1683,0,True,medium,4,0,0,0,False,False,0,0,,,,,,,,,,
2026-07-25T19:46:46Z,1227,P2-C1,P2,0x927EB9E0,12,Ryu,True,True,normal_damage_red_generation,48000,48000,32458,31272,-1186,38678,37967,-711,6220,6695,475,1186,711,475,711,475,0,True,medium,4,0,0,0,False,False,0,0,,,,,,,,,,
2026-07-25T19:46:47Z,1231,P2-C1,P2,0x927EB9E0,12,Ryu,True,True,normal_damage_red_generation,48000,48000,31272,27674,-3598,37967,35809,-2158,6695,8135,1440,3598,2158,1440,2158,1440,0,True,medium,4,0,0,0,False,False,0,0,,,,,,,,,,
2026-07-25T19:46:53Z,1282,P2-C1,P2,0x927EB9E0,12,Ryu,True,True,recoverable_heal,48000,48000,27674,28174,500,35809,35809,0,8135,7635,-500,0,0,0,,,,,none,4,500,0,1,False,False,0,0,,,,,,,,,,
2026-07-25T19:46:53Z,1283,P2-C1,P2,0x927EB9E0,12,Ryu,True,True,normal_damage_red_generation,48000,48000,28174,26644,-1530,35809,33391,-2418,7635,6747,-888,1530,2418,0,918,612,-612,False,medium,4,0,0,0,False,False,0,0,,,,,,,,,,difference can indicate multiple native damage requests between GUI samples
2026-07-25T19:46:55Z,1296,P2-C1,P2,0x927EB9E0,12,Ryu,True,True,recoverable_heal,48000,48000,26644,27144,500,33391,33391,0,6747,6247,-500,0,0,0,,,,,none,4,500,0,1,False,False,0,0,,,,,,,,,,
2026-07-25T19:46:55Z,1297,P2-C1,P2,0x927EB9E0,12,Ryu,True,True,mixed_heal,48000,48000,27144,37144,10000,33391,37144,3753,6247,0,-6247,0,0,0,,,,,none,4,500,0,1,False,False,0,0,,,,,,,,,,
2026-07-25T19:46:55Z,1298,P2-C1,P2,0x927EB9E0,12,Ryu,True,True,current_and_ceiling_heal,48000,48000,37144,41144,4000,37144,41144,4000,0,0,0,0,0,0,,,,,none,4,500,0,1,False,False,0,0,,,,,,,,,,
2026-07-25T19:46:55Z,1299,P2-C1,P2,0x927EB9E0,12,Ryu,True,True,current_and_ceiling_heal,48000,48000,41144,45144,4000,41144,45144,4000,0,0,0,0,0,0,,,,,none,4,500,0,1,False,False,0,0,,,,,,,,,,
2026-07-25T19:46:55Z,1300,P2-C1,P2,0x927EB9E0,12,Ryu,True,True,full_health_reset,48000,48000,45144,48000,2856,45144,48000,2856,0,0,0,0,0,0,,,,,none,4,0,0,0,False,False,0,0,,,,,,,,,,
2026-07-25T19:46:56Z,1305,P2-C1,P2,0x927EB9E0,12,Ryu,True,True,normal_damage_red_generation,48000,48000,48000,43629,-4371,48000,45378,-2622,0,1749,1749,4371,2622,1749,2622,1749,0,True,medium,4,0,0,0,False,False,0,0,,,,,,,,,,
2026-07-25T19:46:57Z,1307,P2-C1,P2,0x927EB9E0,12,Ryu,True,True,normal_damage_red_generation,48000,48000,43629,37071,-6558,45378,41444,-3934,1749,4373,2624,6558,3934,2624,3934,2624,0,True,medium,4,0,0,0,False,False,0,0,,,,,,,,,,
2026-07-25T19:46:59Z,1315,P2-C1,P2,0x927EB9E0,12,Ryu,True,True,recoverable_heal,48000,48000,37071,38071,1000,41444,41444,0,4373,3373,-1000,0,0,0,,,,,none,4,500,0,1,False,False,0,0,,,,,,,,,,
2026-07-25T19:46:59Z,1316,P2-C1,P2,0x927EB9E0,12,Ryu,True,True,full_health_reset,48000,48000,38071,48000,9929,41444,48000,6556,3373,0,-3373,0,0,0,,,,,none,4,0,0,0,False,False,0,0,,,,,,,,,,
2026-07-25T19:47:02Z,1335,P2-C1,P2,0x927EB9E0,12,Ryu,True,True,normal_damage_red_generation,48000,48000,48000,43634,-4366,48000,45381,-2619,0,1747,1747,4366,2619,1747,2619,1747,0,True,medium,4,0,0,0,False,False,0,0,,,,,,,,,,
2026-07-25T19:47:02Z,1336,P2-C1,P2,0x927EB9E0,12,Ryu,True,True,normal_damage_red_generation,48000,48000,43634,37085,-6549,45381,41452,-3929,1747,4367,2620,6549,3929,2620,3929,2620,0,True,medium,4,0,0,0,False,False,0,0,,,,,,,,,,
2026-07-25T19:47:05Z,1351,P2-C1,P2,0x927EB9E0,12,Ryu,True,True,recoverable_heal,48000,48000,37085,38585,1500,41452,41452,0,4367,2867,-1500,0,0,0,,,,,none,4,500,0,1,False,False,0,0,,,,,,,,,,
2026-07-25T19:47:05Z,1352,P2-C1,P2,0x927EB9E0,12,Ryu,True,True,full_health_reset,48000,48000,38585,48000,9415,41452,48000,6548,2867,0,-2867,0,0,0,,,,,none,4,0,0,0,False,False,0,0,,,,,,,,,,
2026-07-25T19:47:06Z,1358,P2-C1,P2,0x927EB9E0,12,Ryu,True,True,normal_damage_red_generation,48000,48000,48000,43616,-4384,48000,45370,-2630,0,1754,1754,4384,2630,1754,2630,1754,0,True,medium,4,0,0,0,False,False,0,0,,,,,,,,,,
2026-07-25T19:47:07Z,1359,P2-C1,P2,0x927EB9E0,12,Ryu,True,True,normal_damage_red_generation,48000,48000,43616,37039,-6577,45370,41424,-3946,1754,4385,2631,6577,3946,2631,3946,2631,0,True,medium,4,0,0,0,False,False,0,0,,,,,,,,,,
2026-07-25T19:47:09Z,1370,P2-C1,P2,0x927EB9E0,12,Ryu,True,True,recoverable_heal,48000,48000,37039,40539,3500,41424,41424,0,4385,885,-3500,0,0,0,,,,,none,4,500,0,1,False,False,0,0,,,,,,,,,,
2026-07-25T19:47:09Z,1371,P2-C1,P2,0x927EB9E0,12,Ryu,True,True,full_health_reset,48000,48000,40539,48000,7461,41424,48000,6576,885,0,-885,0,0,0,,,,,none,4,0,0,0,False,False,0,0,,,,,,,,,,
2026-07-25T19:47:10Z,1377,P2-C1,P2,0x927EB9E0,12,Ryu,True,True,normal_damage_red_generation,48000,48000,48000,43619,-4381,48000,45372,-2628,0,1753,1753,4381,2628,1753,2628,1753,0,True,medium,4,0,0,0,False,False,0,0,,,,,,,,,,
2026-07-25T19:47:11Z,1379,P2-C1,P2,0x927EB9E0,12,Ryu,True,True,normal_damage_red_generation,48000,48000,43619,37046,-6573,45372,41429,-3943,1753,4383,2630,6573,3943,2630,3943,2630,0,True,medium,4,0,0,0,False,False,0,0,,,,,,,,,,
2026-07-25T19:47:13Z,1395,P2-C1,P2,0x927EB9E0,12,Ryu,True,True,recoverable_heal,48000,48000,37046,39546,2500,41429,41429,0,4383,1883,-2500,0,0,0,,,,,none,4,500,0,1,False,False,0,0,,,,,,,,,,
2026-07-25T19:47:14Z,1396,P2-C1,P2,0x927EB9E0,12,Ryu,True,True,full_health_reset,48000,48000,39546,48000,8454,41429,48000,6571,1883,0,-1883,0,0,0,,,,,none,4,0,0,0,False,False,0,0,,,,,,,,,,
2026-07-25T19:47:16Z,1418,P2-C1,P2,0x927EB9E0,12,Ryu,True,True,normal_damage_red_generation,48000,48000,48000,43176,-4824,48000,45106,-2894,0,1930,1930,4824,2894,1930,2894,1930,0,True,medium,4,0,0,0,False,False,0,0,,,,,,,,,,
2026-07-25T19:47:17Z,1420,P2-C1,P2,0x927EB9E0,12,Ryu,True,True,normal_damage_red_generation,48000,48000,43176,35940,-7236,45106,40765,-4341,1930,4825,2895,7236,4341,2895,4341,2895,0,True,medium,4,0,0,0,False,False,0,0,,,,,,,,,,
2026-07-25T19:47:19Z,1435,P2-C1,P2,0x927EB9E0,12,Ryu,True,True,recoverable_heal,48000,48000,35940,36440,500,40765,40765,0,4825,4325,-500,0,0,0,,,,,none,4,500,0,1,False,False,0,0,,,,,,,,,,
2026-07-25T19:47:19Z,1436,P2-C1,P2,0x927EB9E0,12,Ryu,True,True,mixed_heal,48000,48000,36440,45440,9000,40765,45440,4675,4325,0,-4325,0,0,0,,,,,none,4,500,0,1,False,False,0,0,,,,,,,,,,
2026-07-25T19:47:19Z,1437,P2-C1,P2,0x927EB9E0,12,Ryu,True,True,full_health_reset,48000,48000,45440,48000,2560,45440,48000,2560,0,0,0,0,0,0,,,,,none,4,0,0,0,False,False,0,0,,,,,,,,,,
2026-07-25T19:47:35Z,1626,P2-C1,P2,0x927EB9E0,12,Ryu,True,True,normal_damage_red_generation,48000,48000,48000,46812,-1188,48000,47288,-712,0,476,476,1188,712,476,712,476,0,True,medium,4,0,0,0,False,False,0,0,,,,,,,,,,
2026-07-25T19:47:35Z,1627,P2-C1,P2,0x927EB9E0,12,Ryu,True,True,normal_damage_red_generation,48000,48000,46812,45434,-1378,47288,46462,-826,476,1028,552,1378,826,552,826,552,0,True,medium,4,0,0,0,False,False,0,0,,,,,,,,,,
2026-07-25T19:47:36Z,1628,P2-C1,P2,0x927EB9E0,12,Ryu,True,True,normal_damage_red_generation,48000,48000,45434,43415,-2019,46462,45251,-1211,1028,1836,808,2019,1211,808,1211,808,0,True,medium,4,0,0,0,False,False,0,0,,,,,,,,,,
2026-07-25T19:47:36Z,1629,P2-C1,P2,0x927EB9E0,12,Ryu,True,True,normal_damage_red_generation,48000,48000,43415,39488,-3927,45251,42895,-2356,1836,3407,1571,3927,2356,1571,2356,1571,0,True,medium,4,0,0,0,False,False,0,0,,,,,,,,,,
2026-07-25T19:47:36Z,1630,P2-C1,P2,0x927EB9E0,12,Ryu,True,True,normal_damage_red_generation,48000,48000,39488,36323,-3165,42895,40996,-1899,3407,4673,1266,3165,1899,1266,1899,1266,0,True,medium,4,0,0,0,False,False,0,0,,,,,,,,,,
2026-07-25T19:47:36Z,1632,P2-C1,P2,0x927EB9E0,12,Ryu,True,True,normal_damage_red_generation,48000,48000,36323,35381,-942,40996,40431,-565,4673,5050,377,942,565,377,565,377,0,True,medium,4,0,0,0,False,False,0,0,,,,,,,,,,
2026-07-25T19:47:37Z,1633,P2-C1,P2,0x927EB9E0,12,Ryu,True,True,normal_damage_red_generation,48000,48000,35381,34329,-1052,40431,39800,-631,5050,5471,421,1052,631,421,631,421,0,True,medium,4,0,0,0,False,False,0,0,,,,,,,,,,
2026-07-25T19:47:37Z,1634,P2-C1,P2,0x927EB9E0,12,Ryu,True,True,normal_damage_red_generation,48000,48000,34329,32748,-1581,39800,38852,-948,5471,6104,633,1581,948,633,948,633,0,True,medium,4,0,0,0,False,False,0,0,,,,,,,,,,
2026-07-25T19:47:37Z,1636,P2-C1,P2,0x927EB9E0,12,Ryu,True,True,normal_damage_red_generation,48000,48000,32748,27304,-5444,38852,35586,-3266,6104,8282,2178,5444,3266,2178,3266,2178,0,True,medium,4,0,0,0,False,False,0,0,,,,,,,,,,
2026-07-25T19:47:41Z,1670,P2-C1,P2,0x927EB9E0,12,Ryu,True,True,normal_damage_red_generation,48000,48000,27304,26118,-1186,35586,34875,-711,8282,8757,475,1186,711,475,711,475,0,True,medium,4,0,0,0,False,False,0,0,,,,,,,,,,
2026-07-25T19:47:41Z,1671,P2-C1,P2,0x927EB9E0,12,Ryu,True,True,normal_damage_red_generation,48000,48000,26118,25040,-1078,34875,34229,-646,8757,9189,432,1078,646,432,646,432,0,True,medium,4,0,0,0,False,False,0,0,,,,,,,,,,
2026-07-25T19:47:41Z,1672,P2-C1,P2,0x927EB9E0,12,Ryu,True,True,normal_damage_red_generation,48000,48000,25040,24070,-970,34229,33647,-582,9189,9577,388,970,582,388,582,388,0,True,medium,4,0,0,0,False,False,0,0,,,,,,,,,,
2026-07-25T19:47:41Z,1674,P2-C1,P2,0x927EB9E0,12,Ryu,True,True,normal_damage_red_generation,48000,48000,24070,23208,-862,33647,33130,-517,9577,9922,345,862,517,345,517,345,0,True,medium,4,0,0,0,False,False,0,0,,,,,,,,,,
2026-07-25T19:47:41Z,1675,P2-C1,P2,0x927EB9E0,12,Ryu,True,True,normal_damage_red_generation,48000,48000,23208,22452,-756,33130,32677,-453,9922,10225,303,756,453,303,453,303,0,True,medium,4,0,0,0,False,False,0,0,,,,,,,,,,
2026-07-25T19:47:41Z,1677,P2-C1,P2,0x927EB9E0,12,Ryu,True,True,normal_damage_red_generation,48000,48000,22452,21696,-756,32677,32224,-453,10225,10528,303,756,453,303,453,303,0,True,medium,4,0,0,0,False,False,0,0,,,,,,,,,,
2026-07-25T19:47:42Z,1679,P2-C1,P2,0x927EB9E0,12,Ryu,True,True,normal_damage_red_generation,48000,48000,21696,20184,-1512,32224,31318,-906,10528,11134,606,1512,906,606,907,605,1,False,medium,4,0,0,0,False,False,0,0,,,,,,,,,,difference can indicate multiple native damage requests between GUI samples
2026-07-25T19:47:42Z,1683,P2-C1,P2,0x927EB9E0,12,Ryu,True,True,normal_damage_red_generation,48000,48000,20184,17664,-2520,31318,29806,-1512,11134,12142,1008,2520,1512,1008,1512,1008,0,True,medium,4,0,0,0,False,False,0,0,,,,,,,,,,
2026-07-25T19:47:45Z,1716,P2-C1,P2,0x927EB9E0,12,Ryu,True,True,recoverable_heal,48000,48000,17664,18164,500,29806,29806,0,12142,11642,-500,0,0,0,,,,,none,4,500,0,1,False,False,0,0,,,,,,,,,,
2026-07-25T19:47:45Z,1717,P2-C1,P2,0x927EB9E0,12,Ryu,True,True,recoverable_heal,48000,48000,18164,25164,7000,29806,29806,0,11642,4642,-7000,0,0,0,,,,,none,4,500,0,1,False,False,0,0,,,,,,,,,,
2026-07-25T19:47:45Z,1718,P2-C1,P2,0x927EB9E0,12,Ryu,True,True,recoverable_heal,48000,48000,25164,27664,2500,29806,29806,0,4642,2142,-2500,0,0,0,,,,,none,4,500,0,1,False,False,0,0,,,,,,,,,,
2026-07-25T19:47:45Z,1719,P2-C1,P2,0x927EB9E0,12,Ryu,True,True,mixed_heal,48000,48000,27664,30164,2500,29806,30164,358,2142,0,-2142,0,0,0,,,,,none,4,500,0,1,False,False,0,0,,,,,,,,,,
2026-07-25T19:47:45Z,1720,P2-C1,P2,0x927EB9E0,12,Ryu,True,True,current_and_ceiling_heal,48000,48000,30164,32664,2500,30164,32664,2500,0,0,0,0,0,0,,,,,none,4,500,0,1,False,False,0,0,,,,,,,,,,
2026-07-25T19:47:45Z,1721,P2-C1,P2,0x927EB9E0,12,Ryu,True,True,current_and_ceiling_heal,48000,48000,32664,37664,5000,32664,37664,5000,0,0,0,0,0,0,,,,,none,4,500,0,1,False,False,0,0,,,,,,,,,,
2026-07-25T19:47:45Z,1722,P2-C1,P2,0x927EB9E0,12,Ryu,True,True,current_and_ceiling_heal,48000,48000,37664,40164,2500,37664,40164,2500,0,0,0,0,0,0,,,,,none,4,500,0,1,False,False,0,0,,,,,,,,,,
2026-07-25T19:47:45Z,1723,P2-C1,P2,0x927EB9E0,12,Ryu,True,True,current_and_ceiling_heal,48000,48000,40164,42164,2000,40164,42164,2000,0,0,0,0,0,0,,,,,none,4,500,0,1,False,False,0,0,,,,,,,,,,
2026-07-25T19:47:46Z,1724,P2-C1,P2,0x927EB9E0,12,Ryu,True,True,current_and_ceiling_heal,48000,48000,42164,46976,4812,42164,46976,4812,0,0,0,0,0,0,,,,,none,4,0,0,0,False,False,0,0,,,,,,,,,,
2026-07-25T19:47:46Z,1725,P2-C1,P2,0x927EB9E0,12,Ryu,True,True,normal_damage_red_generation,48000,48000,46976,45598,-1378,46976,46150,-826,0,552,552,1378,826,552,826,552,0,True,medium,4,0,0,0,False,False,0,0,,,,,,,,,,
2026-07-25T19:47:46Z,1727,P2-C1,P2,0x927EB9E0,12,Ryu,True,True,normal_damage_red_generation,48000,48000,45598,43579,-2019,46150,44939,-1211,552,1360,808,2019,1211,808,1211,808,0,True,medium,4,0,0,0,False,False,0,0,,,,,,,,,,
2026-07-25T19:47:47Z,1728,P2-C1,P2,0x927EB9E0,12,Ryu,True,True,normal_damage_red_generation,48000,48000,43579,39652,-3927,44939,42583,-2356,1360,2931,1571,3927,2356,1571,2356,1571,0,True,medium,4,0,0,0,False,False,0,0,,,,,,,,,,
2026-07-25T19:47:47Z,1729,P2-C1,P2,0x927EB9E0,12,Ryu,True,True,normal_damage_red_generation,48000,48000,39652,36487,-3165,42583,40684,-1899,2931,4197,1266,3165,1899,1266,1899,1266,0,True,medium,4,0,0,0,False,False,0,0,,,,,,,,,,
2026-07-25T19:47:47Z,1732,P2-C1,P2,0x927EB9E0,12,Ryu,True,True,normal_damage_red_generation,48000,48000,36487,35535,-952,40684,40113,-571,4197,4578,381,952,571,381,571,381,0,True,medium,4,0,0,0,False,False,0,0,,,,,,,,,,
2026-07-25T19:47:48Z,1733,P2-C1,P2,0x927EB9E0,12,Ryu,True,True,normal_damage_red_generation,48000,48000,35535,34477,-1058,40113,39479,-634,4578,5002,424,1058,634,424,634,424,0,True,medium,4,0,0,0,False,False,0,0,,,,,,,,,,
2026-07-25T19:47:48Z,1735,P2-C1,P2,0x927EB9E0,12,Ryu,True,True,normal_damage_red_generation,48000,48000,34477,32887,-1590,39479,38525,-954,5002,5638,636,1590,954,636,954,636,0,True,medium,4,0,0,0,False,False,0,0,,,,,,,,,,
2026-07-25T19:47:48Z,1736,P2-C1,P2,0x927EB9E0,12,Ryu,True,True,normal_damage_red_generation,48000,48000,32887,27913,-4974,38525,35541,-2984,5638,7628,1990,4974,2984,1990,2984,1990,0,True,medium,4,0,0,0,False,False,0,0,,,,,,,,,,
2026-07-25T19:47:51Z,1770,P2-C1,P2,0x927EB9E0,12,Ryu,True,True,recoverable_heal,48000,48000,27913,28413,500,35541,35541,0,7628,7128,-500,0,0,0,,,,,none,4,0,0,0,False,False,0,0,,,,,,,,,,
2026-07-25T19:47:52Z,1771,P2-C1,P2,0x927EB9E0,12,Ryu,True,True,normal_damage_red_generation,48000,48000,28413,22163,-6250,35541,31491,-4050,7128,9328,2200,6250,4050,2200,3750,2500,-300,False,medium,4,0,0,0,False,False,0,0,,,,,,,,,,difference can indicate multiple native damage requests between GUI samples
2026-07-25T19:47:54Z,1794,P2-C1,P2,0x927EB9E0,12,Ryu,True,True,recoverable_heal,48000,48000,22163,25663,3500,31491,31491,0,9328,5828,-3500,0,0,0,,,,,none,4,500,0,1,False,False,0,0,,,,,,,,,,
2026-07-25T19:47:55Z,1795,P2-C1,P2,0x927EB9E0,12,Ryu,True,True,mixed_heal,48000,48000,25663,46663,21000,31491,46663,15172,5828,0,-5828,0,0,0,,,,,none,4,500,0,1,False,False,0,0,,,,,,,,,,
2026-07-25T19:47:55Z,1796,P2-C1,P2,0x927EB9E0,12,Ryu,True,True,full_health_reset,48000,48000,46663,48000,1337,46663,48000,1337,0,0,0,0,0,0,,,,,none,4,0,0,0,False,False,0,0,,,,,,,,,,
2026-07-25T19:57:55Z,189,P2-C1,P2,0x927EB9E0,12,Ryu,True,True,normal_damage_red_generation,48000,48000,48000,46920,-1080,48000,47352,-648,0,432,432,1080,648,432,648,432,0,True,medium,4,0,0,0,False,False,0,0,,,,,,,,,,
2026-07-25T19:57:56Z,194,P2-C1,P2,0x927EB9E0,12,Ryu,True,True,full_health_reset,48000,48000,46920,48000,1080,47352,48000,648,432,0,-432,0,0,0,,,,,none,4,0,0,0,False,False,0,0,,,,,,,,,,
2026-07-25T19:57:57Z,195,P2-C1,P2,0x927EB9E0,12,Ryu,True,True,normal_damage_red_generation,48000,48000,48000,46920,-1080,48000,47352,-648,0,432,432,1080,648,432,648,432,0,True,medium,4,0,0,0,False,False,0,0,,,,,,,,,,
2026-07-25T19:57:58Z,200,P2-C1,P2,0x927EB9E0,12,Ryu,True,True,full_health_reset,48000,48000,46920,48000,1080,47352,48000,648,432,0,-432,0,0,0,,,,,none,4,0,0,0,False,False,0,0,,,,,,,,,,
2026-07-25T19:57:59Z,209,P2-C1,P2,0x927EB9E0,12,Ryu,True,True,normal_damage_red_generation,48000,48000,48000,46920,-1080,48000,47352,-648,0,432,432,1080,648,432,648,432,0,True,medium,4,0,0,0,False,False,0,0,,,,,,,,,,
2026-07-25T19:58:00Z,210,P2-C1,P2,0x927EB9E0,12,Ryu,True,True,normal_damage_red_generation,48000,48000,46920,43830,-3090,47352,45499,-1853,432,1669,1237,3090,1853,1237,1854,1236,1,False,medium,4,0,0,0,False,False,0,0,,,,,,,,,,difference can indicate multiple native damage requests between GUI samples
2026-07-25T19:58:00Z,212,P2-C1,P2,0x927EB9E0,12,Ryu,True,True,normal_damage_red_generation,48000,48000,43830,42750,-1080,45499,44851,-648,1669,2101,432,1080,648,432,648,432,0,True,medium,4,0,0,0,False,False,0,0,,,,,,,,,,
2026-07-25T19:58:01Z,215,P2-C1,P2,0x927EB9E0,12,Ryu,True,True,normal_damage_red_generation,48000,48000,42750,41670,-1080,44851,44203,-648,2101,2533,432,1080,648,432,648,432,0,True,medium,4,0,0,0,False,False,0,0,,,,,,,,,,
2026-07-25T19:58:02Z,216,P2-C1,P2,0x927EB9E0,12,Ryu,True,True,normal_damage_red_generation,48000,48000,41670,40416,-1254,44203,43451,-752,2533,3035,502,1254,752,502,752,502,0,True,medium,4,0,0,0,False,False,0,0,,,,,,,,,,
2026-07-25T19:58:02Z,217,P2-C1,P2,0x927EB9E0,12,Ryu,True,True,normal_damage_red_generation,48000,48000,40416,38580,-1836,43451,42350,-1101,3035,3770,735,1836,1101,735,1101,735,0,True,medium,4,0,0,0,False,False,0,0,,,,,,,,,,
2026-07-25T19:58:03Z,226,P2-C1,P2,0x927EB9E0,12,Ryu,True,True,recoverable_heal,48000,48000,38580,41080,2500,42350,42350,0,3770,1270,-2500,0,0,0,,,,,none,4,0,0,0,False,False,0,0,,,,,,,,,,
2026-07-25T19:58:04Z,227,P2-C1,P2,0x927EB9E0,12,Ryu,True,True,normal_damage_red_generation,48000,48000,41080,40500,-580,42350,41702,-648,1270,1202,-68,580,648,0,348,232,-232,False,medium,4,0,0,0,False,False,0,0,,,,,,,,,,difference can indicate multiple native damage requests between GUI samples
2026-07-25T19:58:04Z,229,P2-C1,P2,0x927EB9E0,12,Ryu,True,True,normal_damage_red_generation,48000,48000,40500,39420,-1080,41702,41054,-648,1202,1634,432,1080,648,432,648,432,0,True,medium,4,0,0,0,False,False,0,0,,,,,,,,,,
2026-07-25T19:58:05Z,236,P2-C1,P2,0x927EB9E0,12,Ryu,True,True,normal_damage_red_generation,48000,48000,39420,38340,-1080,41054,40406,-648,1634,2066,432,1080,648,432,648,432,0,True,medium,4,0,0,0,False,False,0,0,,,,,,,,,,
2026-07-25T19:58:06Z,238,P2-C1,P2,0x927EB9E0,12,Ryu,True,True,normal_damage_red_generation,48000,48000,38340,37260,-1080,40406,39758,-648,2066,2498,432,1080,648,432,648,432,0,True,medium,4,0,0,0,False,False,0,0,,,,,,,,,,
2026-07-25T19:58:07Z,245,P2-C1,P2,0x927EB9E0,12,Ryu,True,True,recoverable_heal,48000,48000,37260,37760,500,39758,39758,0,2498,1998,-500,0,0,0,,,,,none,4,500,0,1,False,False,0,0,,,,,,,,,,
2026-07-25T19:58:07Z,246,P2-C1,P2,0x927EB9E0,12,Ryu,True,True,mixed_heal,48000,48000,37760,39926,2166,39758,40428,670,1998,502,-1496,0,0,0,,,,,none,4,0,0,0,False,False,0,0,,,,,,,,,,
2026-07-25T19:58:08Z,247,P2-C1,P2,0x927EB9E0,12,Ryu,True,True,normal_damage_red_generation,48000,48000,39926,38090,-1836,40428,39327,-1101,502,1237,735,1836,1101,735,1101,735,0,True,medium,4,0,0,0,False,False,0,0,,,,,,,,,,
2026-07-25T19:58:09Z,250,P2-C1,P2,0x927EB9E0,12,Ryu,True,True,normal_damage_red_generation,48000,48000,38090,37010,-1080,39327,38679,-648,1237,1669,432,1080,648,432,648,432,0,True,medium,4,0,0,0,False,False,0,0,,,,,,,,,,
2026-07-25T19:58:09Z,251,P2-C1,P2,0x927EB9E0,12,Ryu,True,True,normal_damage_red_generation,48000,48000,37010,35930,-1080,38679,38031,-648,1669,2101,432,1080,648,432,648,432,0,True,medium,4,0,0,0,False,False,0,0,,,,,,,,,,
2026-07-25T19:58:11Z,256,P2-C1,P2,0x927EB9E0,12,Ryu,True,True,recoverable_heal,48000,48000,35930,37430,1500,38031,38031,0,2101,601,-1500,0,0,0,,,,,none,4,500,0,1,False,False,0,0,,,,,,,,,,
2026-07-25T19:58:11Z,257,P2-C1,P2,0x927EB9E0,12,Ryu,True,True,mixed_heal,48000,48000,37430,45350,7920,38031,45350,7319,601,0,-601,0,0,0,,,,,none,4,0,0,0,False,False,0,0,,,,,,,,,,
2026-07-25T19:58:12Z,262,P2-C1,P2,0x927EB9E0,12,Ryu,True,True,normal_damage_red_generation,48000,48000,45350,44270,-1080,45350,44702,-648,0,432,432,1080,648,432,648,432,0,True,medium,4,0,0,0,False,False,0,0,,,,,,,,,,
2026-07-25T19:58:13Z,268,P2-C1,P2,0x927EB9E0,12,Ryu,True,True,normal_damage_red_generation,48000,48000,44270,43190,-1080,44702,44054,-648,432,864,432,1080,648,432,648,432,0,True,medium,4,0,0,0,False,False,0,0,,,,,,,,,,
2026-07-25T19:58:14Z,270,P2-C1,P2,0x927EB9E0,12,Ryu,True,True,normal_damage_red_generation,48000,48000,43190,42110,-1080,44054,43406,-648,864,1296,432,1080,648,432,648,432,0,True,medium,4,0,0,0,False,False,0,0,,,,,,,,,,
2026-07-25T19:58:15Z,276,P2-C1,P2,0x927EB9E0,12,Ryu,True,True,recoverable_heal,48000,48000,42110,42610,500,43406,43406,0,1296,796,-500,0,0,0,,,,,none,4,500,0,1,False,False,0,0,,,,,,,,,,
2026-07-25T19:58:15Z,277,P2-C1,P2,0x927EB9E0,12,Ryu,True,True,full_health_reset,48000,48000,42610,48000,5390,43406,48000,4594,796,0,-796,0,0,0,,,,,none,4,0,0,0,False,False,0,0,,,,,,,,,,
2026-07-25T20:00:41Z,1322,P2-C1,P2,0x927EB9E0,12,Ryu,True,True,normal_damage_red_generation,48000,48000,48000,45894,-2106,48000,46737,-1263,0,843,843,2106,1263,843,1263,843,0,True,medium,4,0,0,0,False,False,0,0,,,,,,,,,,
2026-07-25T20:00:42Z,1325,P2-C1,P2,0x927EB9E0,12,Ryu,True,True,mixed_heal,48000,48000,45894,47894,2000,46737,47894,1157,843,0,-843,0,0,0,,,,,none,4,0,0,0,False,False,0,0,,,,,,,,,,
2026-07-25T20:00:42Z,1326,P2-C1,P2,0x927EB9E0,12,Ryu,True,True,normal_damage_red_generation,48000,48000,47894,46920,-974,47894,47352,-542,0,432,432,974,542,432,584,390,42,False,medium,4,0,0,0,False,False,0,0,,,,,,,,,,difference can indicate multiple native damage requests between GUI samples
2026-07-25T20:00:43Z,1327,P2-C1,P2,0x927EB9E0,12,Ryu,True,True,normal_damage_red_generation,48000,48000,46920,45894,-1026,47352,46737,-615,432,843,411,1026,615,411,615,411,0,True,medium,4,0,0,0,False,False,0,0,,,,,,,,,,
2026-07-25T20:00:44Z,1330,P2-C1,P2,0x927EB9E0,12,Ryu,True,True,mixed_heal,48000,48000,45894,47894,2000,46737,47894,1157,843,0,-843,0,0,0,,,,,none,4,500,0,1,False,False,0,0,,,,,,,,,,
2026-07-25T20:00:44Z,1331,P2-C1,P2,0x927EB9E0,12,Ryu,True,True,full_health_reset,48000,48000,47894,48000,106,47894,48000,106,0,0,0,0,0,0,,,,,none,4,0,0,0,False,False,0,0,,,,,,,,,,
2026-07-25T20:00:44Z,1332,P1-C2,P1,0x92B6BA00,20,Saki,False,True,point_status_change,44000,44000,44000,44000,0,44000,44000,0,0,0,0,0,0,0,,,,,none,4,4,0,0,False,False,0,0,,,,,,,,,,
2026-07-25T20:00:44Z,1332,P2-C1,P2,0x927EB9E0,12,Ryu,True,True,normal_damage_red_generation,48000,48000,48000,45960,-2040,48000,46776,-1224,0,816,816,2040,1224,816,1224,816,0,True,medium,4,0,0,0,False,False,0,0,,,,,,,,,,
2026-07-25T20:00:45Z,1335,P2-C1,P2,0x927EB9E0,12,Ryu,True,True,normal_damage_red_generation,48000,48000,45960,42360,-3600,46776,44616,-2160,816,2256,1440,3600,2160,1440,2160,1440,0,True,medium,4,0,0,0,False,False,0,0,,,,,,,,,,
2026-07-25T20:00:47Z,1343,P2-C1,P2,0x927EB9E0,12,Ryu,True,True,mixed_heal,48000,48000,42360,45860,3500,44616,45860,1244,2256,0,-2256,0,0,0,,,,,none,4,500,0,1,False,False,0,0,,,,,,,,,,
2026-07-25T20:00:47Z,1344,P1-C2,P1,0x92B6BA00,20,Saki,True,False,point_status_change,44000,44000,44000,44000,0,44000,44000,0,0,0,0,0,0,0,,,,,none,4,4,0,0,False,False,0,0,,,,,,,,,,
2026-07-25T20:00:47Z,1344,P2-C1,P2,0x927EB9E0,12,Ryu,True,True,full_health_reset,48000,48000,45860,48000,2140,45860,48000,2140,0,0,0,0,0,0,,,,,none,4,0,0,0,False,False,0,0,,,,,,,,,,
2026-07-25T20:00:48Z,1345,P2-C1,P2,0x927EB9E0,12,Ryu,True,True,normal_damage_red_generation,48000,48000,48000,45894,-2106,48000,46737,-1263,0,843,843,2106,1263,843,1263,843,0,True,medium,4,0,0,0,False,False,0,0,,,,,,,,,,
2026-07-25T20:00:49Z,1349,P2-C1,P2,0x927EB9E0,12,Ryu,True,True,normal_damage_red_generation,48000,48000,45894,44814,-1080,46737,46089,-648,843,1275,432,1080,648,432,648,432,0,True,medium,4,0,0,0,False,False,0,0,,,,,,,,,,
2026-07-25T20:00:49Z,1350,P2-C1,P2,0x927EB9E0,12,Ryu,True,True,normal_damage_red_generation,48000,48000,44814,43788,-1026,46089,45474,-615,1275,1686,411,1026,615,411,615,411,0,True,medium,4,0,0,0,False,False,0,0,,,,,,,,,,
2026-07-25T20:00:51Z,1353,P2-C1,P2,0x927EB9E0,12,Ryu,True,True,recoverable_heal,48000,48000,43788,44288,500,45474,45474,0,1686,1186,-500,0,0,0,,,,,none,4,500,0,1,False,False,0,0,,,,,,,,,,
2026-07-25T20:00:51Z,1354,P2-C1,P2,0x927EB9E0,12,Ryu,True,True,mixed_heal,48000,48000,44288,47788,3500,45474,47788,2314,1186,0,-1186,0,0,0,,,,,none,4,500,0,1,False,False,0,0,,,,,,,,,,
2026-07-25T20:00:51Z,1355,P2-C1,P2,0x927EB9E0,12,Ryu,True,True,full_health_reset,48000,48000,47788,48000,212,47788,48000,212,0,0,0,0,0,0,,,,,none,4,0,0,0,False,False,0,0,,,,,,,,,,
2026-07-25T20:10:48Z,121,P2-C1,P2,0x927EB9E0,12,Ryu,True,True,normal_damage_red_generation,48000,48000,48000,47040,-960,48000,47424,-576,0,384,384,960,576,384,576,384,0,True,medium,4,0,0,0,False,False,0,0,,,,,,,,,,
2026-07-25T20:10:54Z,122,P1-C2,P1,0x92B6BA00,20,Saki,False,True,point_status_change,44000,44000,44000,44000,0,44000,44000,0,0,0,0,0,0,0,,,,,none,4,0,0,0,False,False,0,0,,,,,,,,,,
2026-07-25T20:10:54Z,122,P2-C1,P2,0x927EB9E0,12,Ryu,True,True,full_health_reset,48000,48000,47040,48000,960,47424,48000,576,384,0,-384,0,0,0,,,,,none,4,0,0,0,False,False,0,0,,,,,,,,,,
2026-07-25T20:10:57Z,123,P2-C1,P2,0x927EB9E0,12,Ryu,True,True,normal_damage_red_generation,48000,48000,48000,40193,-7807,48000,43316,-4684,0,3123,3123,7807,4684,3123,4684,3123,0,True,medium,4,0,0,0,False,False,0,0,,,,,,,,,,
2026-07-25T20:10:59Z,124,P1-C2,P1,0x92B6BA00,20,Saki,True,False,point_status_change,44000,44000,44000,44000,0,44000,44000,0,0,0,0,0,0,0,,,,,none,4,4,0,0,False,False,0,0,,,,,,,,,,
2026-07-25T20:10:59Z,124,P2-C1,P2,0x927EB9E0,12,Ryu,True,True,full_health_reset,48000,48000,40193,48000,7807,43316,48000,4684,3123,0,-3123,0,0,0,,,,,none,4,0,0,0,False,False,0,0,,,,,,,,,,
2026-07-25T20:10:59Z,125,P2-C1,P2,0x927EB9E0,12,Ryu,True,True,normal_damage_red_generation,48000,48000,48000,46920,-1080,48000,47352,-648,0,432,432,1080,648,432,648,432,0,True,medium,4,0,0,0,False,False,0,0,,,,,,,,,,
2026-07-25T20:11:00Z,127,P2-C1,P2,0x927EB9E0,12,Ryu,True,True,normal_damage_red_generation,48000,48000,46920,45840,-1080,47352,46704,-648,432,864,432,1080,648,432,648,432,0,True,medium,4,0,0,0,False,False,0,0,,,,,,,,,,
2026-07-25T20:11:01Z,132,P2-C1,P2,0x927EB9E0,12,Ryu,True,True,recoverable_heal,48000,48000,45840,46340,500,46704,46704,0,864,364,-500,0,0,0,,,,,none,4,500,0,1,False,False,0,0,,,,,,,,,,
2026-07-25T20:11:01Z,133,P2-C1,P2,0x927EB9E0,12,Ryu,True,True,mixed_heal,48000,48000,46340,46920,580,46704,47352,648,364,432,68,0,0,68,,,,,none,4,0,0,0,False,False,0,0,,,,,,,,,,
2026-07-25T20:11:03Z,140,P2-C1,P2,0x927EB9E0,12,Ryu,True,True,full_health_reset,48000,48000,46920,48000,1080,47352,48000,648,432,0,-432,0,0,0,,,,,none,4,0,0,0,False,False,0,0,,,,,,,,,,
2026-07-25T20:11:03Z,141,P2-C1,P2,0x927EB9E0,12,Ryu,True,True,normal_damage_red_generation,48000,48000,48000,46920,-1080,48000,47352,-648,0,432,432,1080,648,432,648,432,0,True,medium,4,0,0,0,False,False,0,0,,,,,,,,,,
2026-07-25T20:11:04Z,148,P2-C1,P2,0x927EB9E0,12,Ryu,True,True,full_health_reset,48000,48000,46920,48000,1080,47352,48000,648,432,0,-432,0,0,0,,,,,none,4,0,0,0,False,False,0,0,,,,,,,,,,
2026-07-25T20:11:05Z,149,P2-C1,P2,0x927EB9E0,12,Ryu,True,True,normal_damage_red_generation,48000,48000,48000,46920,-1080,48000,47352,-648,0,432,432,1080,648,432,648,432,0,True,medium,4,0,0,0,False,False,0,0,,,,,,,,,,
2026-07-25T20:11:06Z,155,P2-C1,P2,0x927EB9E0,12,Ryu,True,True,full_health_reset,48000,48000,46920,48000,1080,47352,48000,648,432,0,-432,0,0,0,,,,,none,4,0,0,0,False,False,0,0,,,,,,,,,,
2026-07-25T20:11:06Z,156,P2-C1,P2,0x927EB9E0,12,Ryu,True,True,normal_damage_red_generation,48000,48000,48000,45666,-2334,48000,46600,-1400,0,934,934,2334,1400,934,1400,934,0,True,medium,4,0,0,0,False,False,0,0,,,,,,,,,,
2026-07-25T20:11:07Z,158,P2-C1,P2,0x927EB9E0,12,Ryu,True,True,normal_damage_red_generation,48000,48000,45666,43830,-1836,46600,45499,-1101,934,1669,735,1836,1101,735,1101,735,0,True,medium,4,0,0,0,False,False,0,0,,,,,,,,,,
2026-07-25T20:11:07Z,159,P2-C1,P2,0x927EB9E0,12,Ryu,True,True,normal_damage_red_generation,48000,48000,43830,40260,-3570,45499,43357,-2142,1669,3097,1428,3570,2142,1428,2142,1428,0,True,medium,4,0,0,0,False,False,0,0,,,,,,,,,,
2026-07-25T20:11:08Z,161,P2-C1,P2,0x927EB9E0,12,Ryu,True,True,normal_damage_red_generation,48000,48000,40260,39180,-1080,43357,42709,-648,3097,3529,432,1080,648,432,648,432,0,True,medium,4,0,0,0,False,False,0,0,,,,,,,,,,
2026-07-25T20:11:09Z,168,P2-C1,P2,0x927EB9E0,12,Ryu,True,True,recoverable_heal,48000,48000,39180,40680,1500,42709,42709,0,3529,2029,-1500,0,0,0,,,,,none,4,500,0,1,False,False,0,0,,,,,,,,,,
2026-07-25T20:11:10Z,169,P2-C1,P2,0x927EB9E0,12,Ryu,True,True,mixed_heal,48000,48000,40680,46920,6240,42709,47352,4643,2029,432,-1597,0,0,0,,,,,none,4,0,0,0,False,False,0,0,,,,,,,,,,
2026-07-25T20:11:10Z,171,P2-C1,P2,0x927EB9E0,12,Ryu,True,True,normal_damage_red_generation,48000,48000,46920,45666,-1254,47352,46600,-752,432,934,502,1254,752,502,752,502,0,True,medium,4,0,0,0,False,False,0,0,,,,,,,,,,
2026-07-25T20:11:10Z,172,P2-C1,P2,0x927EB9E0,12,Ryu,True,True,normal_damage_red_generation,48000,48000,45666,43830,-1836,46600,45499,-1101,934,1669,735,1836,1101,735,1101,735,0,True,medium,4,0,0,0,False,False,0,0,,,,,,,,,,
2026-07-25T20:11:11Z,173,P2-C1,P2,0x927EB9E0,12,Ryu,True,True,normal_damage_red_generation,48000,48000,43830,40260,-3570,45499,43357,-2142,1669,3097,1428,3570,2142,1428,2142,1428,0,True,medium,4,0,0,0,False,False,0,0,,,,,,,,,,
2026-07-25T20:11:11Z,174,P2-C1,P2,0x927EB9E0,12,Ryu,True,True,normal_damage_red_generation,48000,48000,40260,37382,-2878,43357,41631,-1726,3097,4249,1152,2878,1726,1152,1726,1152,0,True,medium,4,0,0,0,False,False,0,0,,,,,,,,,,
2026-07-25T20:11:12Z,181,P2-C1,P2,0x927EB9E0,12,Ryu,True,True,normal_damage_red_generation,48000,48000,37382,36302,-1080,41631,40983,-648,4249,4681,432,1080,648,432,648,432,0,True,medium,4,0,0,0,False,False,0,0,,,,,,,,,,
2026-07-25T20:11:14Z,187,P2-C1,P2,0x927EB9E0,12,Ryu,True,True,normal_damage_red_generation,48000,48000,36302,35222,-1080,40983,40335,-648,4681,5113,432,1080,648,432,648,432,0,True,medium,4,0,0,0,False,False,0,0,,,,,,,,,,
2026-07-25T20:11:15Z,195,P2-C1,P2,0x927EB9E0,12,Ryu,True,True,recoverable_heal,48000,48000,35222,38722,3500,40335,40335,0,5113,1613,-3500,0,0,0,,,,,none,4,500,0,1,False,False,0,0,,,,,,,,,,
2026-07-25T20:11:15Z,196,P2-C1,P2,0x927EB9E0,12,Ryu,True,True,mixed_heal,48000,48000,38722,42642,3920,40335,42642,2307,1613,0,-1613,0,0,0,,,,,none,4,0,0,0,False,False,0,0,,,,,,,,,,
2026-07-25T20:11:16Z,197,P2-C1,P2,0x927EB9E0,12,Ryu,True,True,normal_damage_red_generation,48000,48000,42642,39552,-3090,42642,40789,-1853,0,1237,1237,3090,1853,1237,1854,1236,1,False,medium,4,0,0,0,False,False,0,0,,,,,,,,,,difference can indicate multiple native damage requests between GUI samples
2026-07-25T20:11:17Z,204,P2-C1,P2,0x927EB9E0,12,Ryu,True,True,mixed_heal,48000,48000,39552,41552,2000,40789,41552,763,1237,0,-1237,0,0,0,,,,,none,4,500,0,1,False,False,0,0,,,,,,,,,,
2026-07-25T20:11:17Z,205,P2-C1,P2,0x927EB9E0,12,Ryu,True,True,full_health_reset,48000,48000,41552,48000,6448,41552,48000,6448,0,0,0,0,0,0,,,,,none,4,0,0,0,False,False,0,0,,,,,,,,,,
2026-07-25T20:11:48Z,422,P2-C1,P2,0x927EB9E0,12,Ryu,True,True,normal_damage_red_generation,48000,48000,48000,46920,-1080,48000,47352,-648,0,432,432,1080,648,432,648,432,0,True,medium,4,0,0,0,False,False,0,0,,,,,,,,,,
2026-07-25T20:11:49Z,424,P2-C1,P2,0x927EB9E0,12,Ryu,True,True,normal_damage_red_generation,48000,48000,46920,45600,-1320,47352,46560,-792,432,960,528,1320,792,528,792,528,0,True,medium,4,0,0,0,False,False,0,0,,,,,,,,,,
2026-07-25T20:11:49Z,425,P2-C1,P2,0x927EB9E0,12,Ryu,True,True,normal_damage_red_generation,48000,48000,45600,44346,-1254,46560,45808,-752,960,1462,502,1254,752,502,752,502,0,True,medium,4,0,0,0,False,False,0,0,,,,,,,,,,
2026-07-25T20:11:50Z,426,P2-C1,P2,0x927EB9E0,12,Ryu,True,True,normal_damage_red_generation,48000,48000,44346,43266,-1080,45808,45160,-648,1462,1894,432,1080,648,432,648,432,0,True,medium,4,0,0,0,False,False,0,0,,,,,,,,,,
2026-07-25T20:11:51Z,427,P2-C1,P2,0x927EB9E0,12,Ryu,True,True,normal_damage_red_generation,48000,48000,43266,42240,-1026,45160,44545,-615,1894,2305,411,1026,615,411,615,411,0,True,medium,4,0,0,0,False,False,0,0,,,,,,,,,,
2026-07-25T20:11:51Z,428,P2-C1,P2,0x927EB9E0,12,Ryu,True,True,normal_damage_red_generation,48000,48000,42240,41160,-1080,44545,43897,-648,2305,2737,432,1080,648,432,648,432,0,True,medium,4,0,0,0,False,False,0,0,,,,,,,,,,
2026-07-25T20:11:52Z,432,P2-C1,P2,0x927EB9E0,12,Ryu,True,True,mixed_heal,48000,48000,41160,45160,4000,43897,45160,1263,2737,0,-2737,0,0,0,,,,,none,4,500,0,1,False,False,0,0,,,,,,,,,,
2026-07-25T20:11:53Z,433,P2-C1,P2,0x927EB9E0,12,Ryu,True,True,full_health_reset,48000,48000,45160,48000,2840,45160,48000,2840,0,0,0,0,0,0,,,,,none,4,0,0,0,False,False,0,0,,,,,,,,,,
2026-07-25T20:11:54Z,436,P2-C1,P2,0x927EB9E0,12,Ryu,True,True,normal_damage_red_generation,48000,48000,48000,46920,-1080,48000,47352,-648,0,432,432,1080,648,432,648,432,0,True,medium,4,0,0,0,False,False,0,0,,,,,,,,,,
2026-07-25T20:11:55Z,438,P2-C1,P2,0x927EB9E0,12,Ryu,True,True,full_health_reset,48000,48000,46920,48000,1080,47352,48000,648,432,0,-432,0,0,0,,,,,none,4,0,0,0,False,False,0,0,,,,,,,,,,
2026-07-25T20:11:56Z,439,P2-C1,P2,0x927EB9E0,12,Ryu,True,True,normal_damage_red_generation,48000,48000,48000,46920,-1080,48000,47352,-648,0,432,432,1080,648,432,648,432,0,True,medium,4,0,0,0,False,False,0,0,,,,,,,,,,
2026-07-25T20:11:57Z,445,P2-C1,P2,0x927EB9E0,12,Ryu,True,True,full_health_reset,48000,48000,46920,48000,1080,47352,48000,648,432,0,-432,0,0,0,,,,,none,4,0,0,0,False,False,0,0,,,,,,,,,,
2026-07-25T20:11:57Z,446,P2-C1,P2,0x927EB9E0,12,Ryu,True,True,normal_damage_red_generation,48000,48000,48000,46920,-1080,48000,47352,-648,0,432,432,1080,648,432,648,432,0,True,medium,4,0,0,0,False,False,0,0,,,,,,,,,,
2026-07-25T20:11:59Z,450,P2-C1,P2,0x927EB9E0,12,Ryu,True,True,full_health_reset,48000,48000,46920,48000,1080,47352,48000,648,432,0,-432,0,0,0,,,,,none,4,0,0,0,False,False,0,0,,,,,,,,,,
2026-07-25T20:11:59Z,451,P2-C1,P2,0x927EB9E0,12,Ryu,True,True,normal_damage_red_generation,48000,48000,48000,46920,-1080,48000,47352,-648,0,432,432,1080,648,432,648,432,0,True,medium,4,0,0,0,False,False,0,0,,,,,,,,,,
2026-07-25T20:11:59Z,452,P2-C1,P2,0x927EB9E0,12,Ryu,True,True,normal_damage_red_generation,48000,48000,46920,43830,-3090,47352,45499,-1853,432,1669,1237,3090,1853,1237,1854,1236,1,False,medium,4,0,0,0,False,False,0,0,,,,,,,,,,difference can indicate multiple native damage requests between GUI samples
2026-07-25T20:12:00Z,453,P2-C1,P2,0x927EB9E0,12,Ryu,True,True,normal_damage_red_generation,48000,48000,43830,40260,-3570,45499,43357,-2142,1669,3097,1428,3570,2142,1428,2142,1428,0,True,medium,4,0,0,0,False,False,0,0,,,,,,,,,,
2026-07-25T20:12:00Z,454,P2-C1,P2,0x927EB9E0,12,Ryu,True,True,normal_damage_red_generation,48000,48000,40260,36660,-3600,43357,41197,-2160,3097,4537,1440,3600,2160,1440,2160,1440,0,True,medium,4,0,0,0,False,False,0,0,,,,,,,,,,
2026-07-25T20:12:02Z,458,P2-C1,P2,0x927EB9E0,12,Ryu,True,True,normal_damage_red_generation,48000,48000,36660,35580,-1080,41197,40549,-648,4537,4969,432,1080,648,432,648,432,0,True,medium,4,0,0,0,False,False,0,0,,,,,,,,,,
2026-07-25T20:12:03Z,460,P2-C1,P2,0x927EB9E0,12,Ryu,True,True,normal_damage_red_generation,48000,48000,35580,34500,-1080,40549,39901,-648,4969,5401,432,1080,648,432,648,432,0,True,medium,4,0,0,0,False,False,0,0,,,,,,,,,,
2026-07-25T20:12:04Z,465,P2-C1,P2,0x927EB9E0,12,Ryu,True,True,normal_damage_red_generation,48000,48000,34500,33920,-580,39901,39253,-648,5401,5333,-68,580,648,0,348,232,-232,False,medium,4,0,0,0,False,False,0,0,,,,,,,,,,difference can indicate multiple native damage requests between GUI samples
2026-07-25T20:12:04Z,466,P2-C1,P2,0x927EB9E0,12,Ryu,True,True,normal_damage_red_generation,48000,48000,33920,32666,-1254,39253,38501,-752,5333,5835,502,1254,752,502,752,502,0,True,medium,4,0,0,0,False,False,0,0,,,,,,,,,,
2026-07-25T20:12:05Z,467,P2-C1,P2,0x927EB9E0,12,Ryu,True,True,normal_damage_red_generation,48000,48000,32666,31478,-1188,38501,37789,-712,5835,6311,476,1188,712,476,712,476,0,True,medium,4,0,0,0,False,False,0,0,,,,,,,,,,
2026-07-25T20:12:06Z,471,P2-C1,P2,0x927EB9E0,12,Ryu,True,True,normal_damage_red_generation,48000,48000,31478,30398,-1080,37789,37141,-648,6311,6743,432,1080,648,432,648,432,0,True,medium,4,0,0,0,False,False,0,0,,,,,,,,,,
2026-07-25T20:12:06Z,472,P2-C1,P2,0x927EB9E0,12,Ryu,True,True,normal_damage_red_generation,48000,48000,30398,29144,-1254,37141,36389,-752,6743,7245,502,1254,752,502,752,502,0,True,medium,4,0,0,0,False,False,0,0,,,,,,,,,,
2026-07-25T20:12:07Z,473,P2-C1,P2,0x927EB9E0,12,Ryu,True,True,normal_damage_red_generation,48000,48000,29144,25364,-3780,36389,34121,-2268,7245,8757,1512,3780,2268,1512,2268,1512,0,True,medium,4,0,0,0,False,False,0,0,,,,,,,,,,
2026-07-25T20:12:08Z,479,P2-C1,P2,0x927EB9E0,12,Ryu,True,True,recoverable_heal,48000,48000,25364,27864,2500,34121,34121,0,8757,6257,-2500,0,0,0,,,,,none,4,500,0,1,False,False,0,0,,,,,,,,,,
2026-07-25T20:12:09Z,480,P2-C1,P2,0x927EB9E0,12,Ryu,True,True,mixed_heal,48000,48000,27864,47364,19500,34121,47364,13243,6257,0,-6257,0,0,0,,,,,none,4,500,0,1,False,False,0,0,,,,,,,,,,
2026-07-25T20:12:09Z,481,P2-C1,P2,0x927EB9E0,12,Ryu,True,True,full_health_reset,48000,48000,47364,48000,636,47364,48000,636,0,0,0,0,0,0,,,,,none,4,0,0,0,False,False,0,0,,,,,,,,,,
2026-07-25T20:24:03Z,35,P2-C1,P2,0x927EB9E0,12,Ryu,True,True,normal_damage_red_generation,48000,48000,48000,45426,-2574,48000,46456,-1544,0,1030,1030,2574,1544,1030,1544,1030,0,True,medium,4,0,0,0,False,False,0,0,,,,,,,,,,
2026-07-25T20:24:08Z,36,P2-C1,P2,0x927EB9E0,12,Ryu,True,True,full_health_reset,48000,48000,45426,48000,2574,46456,48000,1544,1030,0,-1030,0,0,0,,,,,none,4,0,0,0,False,False,0,0,,,,,,,,,,
2026-07-25T20:24:10Z,39,P2-C1,P2,0x927EB9E0,12,Ryu,True,True,normal_damage_red_generation,48000,48000,48000,44478,-3522,48000,45888,-2112,0,1410,1410,3522,2112,1410,2113,1409,1,False,medium,4,0,0,0,False,False,0,0,,,,,,,,,,difference can indicate multiple native damage requests between GUI samples
2026-07-25T20:24:11Z,40,P2-C1,P2,0x927EB9E0,12,Ryu,True,True,normal_damage_red_generation,48000,48000,44478,40986,-3492,45888,43794,-2094,1410,2808,1398,3492,2094,1398,2095,1397,1,False,medium,4,0,0,0,False,False,0,0,,,,,,,,,,difference can indicate multiple native damage requests between GUI samples
2026-07-25T20:24:14Z,41,P2-C1,P2,0x927EB9E0,12,Ryu,True,True,normal_damage_red_generation,48000,48000,40986,34656,-6330,43794,39998,-3796,2808,5342,2534,6330,3796,2534,3798,2532,2,False,medium,4,500,0,1,False,False,0,0,,,,,,,,,,difference can indicate multiple native damage requests between GUI samples
2026-07-25T20:24:17Z,42,P2-C1,P2,0x927EB9E0,12,Ryu,True,True,full_health_reset,48000,48000,34656,48000,13344,39998,48000,8002,5342,0,-5342,0,0,0,,,,,none,4,0,0,0,False,False,0,0,,,,,,,,,,
2026-07-25T20:24:45Z,130,P2-C1,P2,0x927EB9E0,12,Ryu,True,True,normal_damage_red_generation,48000,48000,48000,46920,-1080,48000,47352,-648,0,432,432,1080,648,432,648,432,0,True,medium,4,0,0,0,False,False,0,0,,,,,,,,,,
2026-07-25T20:24:47Z,133,P2-C1,P2,0x927EB9E0,12,Ryu,True,True,normal_damage_red_generation,48000,48000,46920,45840,-1080,47352,46704,-648,432,864,432,1080,648,432,648,432,0,True,medium,4,0,0,0,False,False,0,0,,,,,,,,,,
2026-07-25T20:24:47Z,134,P2-C1,P2,0x927EB9E0,12,Ryu,True,True,normal_damage_red_generation,48000,48000,45840,42750,-3090,46704,44851,-1853,864,2101,1237,3090,1853,1237,1854,1236,1,False,medium,4,0,0,0,False,False,0,0,,,,,,,,,,difference can indicate multiple native damage requests between GUI samples
2026-07-25T20:24:48Z,141,P2-C1,P2,0x927EB9E0,12,Ryu,True,True,recoverable_heal,48000,48000,42750,44250,1500,44851,44851,0,2101,601,-1500,0,0,0,,,,,none,4,500,0,1,False,False,0,0,,,,,,,,,,
2026-07-25T20:24:49Z,142,P2-C1,P2,0x927EB9E0,12,Ryu,True,True,full_health_reset,48000,48000,44250,48000,3750,44851,48000,3149,601,0,-601,0,0,0,,,,,none,4,0,0,0,False,False,0,0,,,,,,,,,,
2026-07-25T20:24:50Z,151,P2-C1,P2,0x927EB9E0,12,Ryu,True,True,normal_damage_red_generation,48000,48000,48000,46920,-1080,48000,47352,-648,0,432,432,1080,648,432,648,432,0,True,medium,4,0,0,0,False,False,0,0,,,,,,,,,,
2026-07-25T20:24:51Z,152,P2-C1,P2,0x927EB9E0,12,Ryu,True,True,normal_damage_red_generation,48000,48000,46920,45666,-1254,47352,46600,-752,432,934,502,1254,752,502,752,502,0,True,medium,4,0,0,0,False,False,0,0,,,,,,,,,,
2026-07-25T20:24:51Z,153,P2-C1,P2,0x927EB9E0,12,Ryu,True,True,normal_damage_red_generation,48000,48000,45666,41886,-3780,46600,44332,-2268,934,2446,1512,3780,2268,1512,2268,1512,0,True,medium,4,0,0,0,False,False,0,0,,,,,,,,,,
2026-07-25T20:24:51Z,155,P2-C1,P2,0x927EB9E0,12,Ryu,True,True,normal_damage_red_generation,48000,48000,41886,38828,-3058,44332,42498,-1834,2446,3670,1224,3058,1834,1224,1834,1224,0,True,medium,4,0,0,0,False,False,0,0,,,,,,,,,,
2026-07-25T20:24:53Z,165,P2-C1,P2,0x927EB9E0,12,Ryu,True,True,recoverable_heal,48000,48000,38828,40328,1500,42498,42498,0,3670,2170,-1500,0,0,0,,,,,none,4,500,0,1,False,False,0,0,,,,,,,,,,
2026-07-25T20:24:53Z,166,P2-C1,P2,0x927EB9E0,12,Ryu,True,True,full_health_reset,48000,48000,40328,48000,7672,42498,48000,5502,2170,0,-2170,0,0,0,,,,,none,4,0,0,0,False,False,0,0,,,,,,,,,,
2026-07-25T20:24:55Z,173,P2-C1,P2,0x927EB9E0,12,Ryu,True,True,normal_damage_red_generation,48000,48000,48000,46920,-1080,48000,47352,-648,0,432,432,1080,648,432,648,432,0,True,medium,4,0,0,0,False,False,0,0,,,,,,,,,,
2026-07-25T20:24:55Z,175,P2-C1,P2,0x927EB9E0,12,Ryu,True,True,normal_damage_red_generation,48000,48000,46920,41886,-5034,47352,44332,-3020,432,2446,2014,5034,3020,2014,3020,2014,0,True,medium,4,0,0,0,False,False,0,0,,,,,,,,,,
2026-07-25T20:24:57Z,182,P2-C1,P2,0x927EB9E0,12,Ryu,True,True,recoverable_heal,48000,48000,41886,43386,1500,44332,44332,0,2446,946,-1500,0,0,0,,,,,none,4,500,0,1,False,False,0,0,,,,,,,,,,
2026-07-25T20:24:57Z,183,P2-C1,P2,0x927EB9E0,12,Ryu,True,True,full_health_reset,48000,48000,43386,48000,4614,44332,48000,3668,946,0,-946,0,0,0,,,,,none,4,0,0,0,False,False,0,0,,,,,,,,,,
2026-07-25T20:24:58Z,188,P2-C1,P2,0x927EB9E0,12,Ryu,True,True,normal_damage_red_generation,48000,48000,48000,46920,-1080,48000,47352,-648,0,432,432,1080,648,432,648,432,0,True,medium,4,0,0,0,False,False,0,0,,,,,,,,,,
2026-07-25T20:24:59Z,190,P2-C1,P2,0x927EB9E0,12,Ryu,True,True,normal_damage_red_generation,48000,48000,46920,41886,-5034,47352,44332,-3020,432,2446,2014,5034,3020,2014,3020,2014,0,True,medium,4,0,0,0,False,False,0,0,,,,,,,,,,
2026-07-25T20:25:00Z,192,P2-C1,P2,0x927EB9E0,12,Ryu,True,True,normal_damage_red_generation,48000,48000,41886,38286,-3600,44332,42172,-2160,2446,3886,1440,3600,2160,1440,2160,1440,0,True,medium,4,0,0,0,False,False,0,0,,,,,,,,,,
2026-07-25T20:25:01Z,199,P2-C1,P2,0x927EB9E0,12,Ryu,True,True,normal_damage_red_generation,48000,48000,38286,37206,-1080,42172,41524,-648,3886,4318,432,1080,648,432,648,432,0,True,medium,4,0,0,0,False,False,0,0,,,,,,,,,,
2026-07-25T20:25:01Z,200,P2-C1,P2,0x927EB9E0,12,Ryu,True,True,normal_damage_red_generation,48000,48000,37206,34116,-3090,41524,39671,-1853,4318,5555,1237,3090,1853,1237,1854,1236,1,False,medium,4,0,0,0,False,False,0,0,,,,,,,,,,difference can indicate multiple native damage requests between GUI samples
2026-07-25T20:25:02Z,201,P2-C1,P2,0x927EB9E0,12,Ryu,True,True,normal_damage_red_generation,48000,48000,34116,30546,-3570,39671,37529,-2142,5555,6983,1428,3570,2142,1428,2142,1428,0,True,medium,4,0,0,0,False,False,0,0,,,,,,,,,,
2026-07-25T20:25:02Z,202,P2-C1,P2,0x927EB9E0,12,Ryu,True,True,normal_damage_red_generation,48000,48000,30546,26946,-3600,37529,35369,-2160,6983,8423,1440,3600,2160,1440,2160,1440,0,True,medium,4,0,0,0,False,False,0,0,,,,,,,,,,
2026-07-25T20:25:04Z,215,P2-C1,P2,0x927EB9E0,12,Ryu,True,True,recoverable_heal,48000,48000,26946,30446,3500,35369,35369,0,8423,4923,-3500,0,0,0,,,,,none,4,500,0,1,False,False,0,0,,,,,,,,,,
2026-07-25T20:25:05Z,216,P2-C1,P2,0x927EB9E0,12,Ryu,True,True,mixed_heal,48000,48000,30446,41946,11500,35369,41946,6577,4923,0,-4923,0,0,0,,,,,none,4,500,0,1,False,False,0,0,,,,,,,,,,
2026-07-25T20:25:05Z,217,P2-C1,P2,0x927EB9E0,12,Ryu,True,True,current_and_ceiling_heal,48000,48000,41946,45446,3500,41946,45446,3500,0,0,0,0,0,0,,,,,none,4,500,0,1,False,False,0,0,,,,,,,,,,
2026-07-25T20:25:05Z,218,P2-C1,P2,0x927EB9E0,12,Ryu,True,True,full_health_reset,48000,48000,45446,48000,2554,45446,48000,2554,0,0,0,0,0,0,,,,,none,4,0,0,0,False,False,0,0,,,,,,,,,,
2026-07-25T20:25:05Z,220,P2-C1,P2,0x927EB9E0,12,Ryu,True,True,normal_damage_red_generation,48000,48000,48000,46920,-1080,48000,47352,-648,0,432,432,1080,648,432,648,432,0,True,medium,4,0,0,0,False,False,0,0,,,,,,,,,,
2026-07-25T20:25:05Z,221,P2-C1,P2,0x927EB9E0,12,Ryu,True,True,normal_damage_red_generation,48000,48000,46920,43830,-3090,47352,45499,-1853,432,1669,1237,3090,1853,1237,1854,1236,1,False,medium,4,0,0,0,False,False,0,0,,,,,,,,,,difference can indicate multiple native damage requests between GUI samples
2026-07-25T20:25:06Z,223,P2-C1,P2,0x927EB9E0,12,Ryu,True,True,normal_damage_red_generation,48000,48000,43830,40260,-3570,45499,43357,-2142,1669,3097,1428,3570,2142,1428,2142,1428,0,True,medium,4,0,0,0,False,False,0,0,,,,,,,,,,
2026-07-25T20:25:06Z,224,P2-C1,P2,0x927EB9E0,12,Ryu,True,True,normal_damage_red_generation,48000,48000,40260,37382,-2878,43357,41631,-1726,3097,4249,1152,2878,1726,1152,1726,1152,0,True,medium,4,0,0,0,False,False,0,0,,,,,,,,,,
2026-07-25T20:25:07Z,225,P2-C1,P2,0x927EB9E0,12,Ryu,True,True,normal_damage_red_generation,48000,48000,37382,35618,-1764,41631,40573,-1058,4249,4955,706,1764,1058,706,1058,706,0,True,medium,4,0,0,0,False,False,0,0,,,,,,,,,,
2026-07-25T20:25:07Z,226,P2-C1,P2,0x927EB9E0,12,Ryu,True,True,normal_damage_red_generation,48000,48000,35618,31293,-4325,40573,37979,-2594,4955,6686,1731,4325,2594,1731,2595,1730,1,False,medium,4,0,0,0,False,False,0,0,,,,,,,,,,difference can indicate multiple native damage requests between GUI samples
2026-07-25T20:25:10Z,242,P2-C1,P2,0x927EB9E0,12,Ryu,True,True,normal_damage_red_generation,48000,48000,31293,30213,-1080,37979,37331,-648,6686,7118,432,1080,648,432,648,432,0,True,medium,4,0,0,0,False,False,0,0,,,,,,,,,,
2026-07-25T20:25:10Z,243,P2-C1,P2,0x927EB9E0,12,Ryu,True,True,normal_damage_red_generation,48000,48000,30213,27123,-3090,37331,35478,-1853,7118,8355,1237,3090,1853,1237,1854,1236,1,False,medium,4,0,0,0,False,False,0,0,,,,,,,,,,difference can indicate multiple native damage requests between GUI samples
2026-07-25T20:25:11Z,245,P2-C1,P2,0x927EB9E0,12,Ryu,True,True,normal_damage_red_generation,48000,48000,27123,23553,-3570,35478,33336,-2142,8355,9783,1428,3570,2142,1428,2142,1428,0,True,medium,4,0,0,0,False,False,0,0,,,,,,,,,,
2026-07-25T20:25:11Z,246,P2-C1,P2,0x927EB9E0,12,Ryu,True,True,normal_damage_red_generation,48000,48000,23553,20675,-2878,33336,31610,-1726,9783,10935,1152,2878,1726,1152,1726,1152,0,True,medium,4,0,0,0,False,False,0,0,,,,,,,,,,
2026-07-25T20:25:13Z,256,P2-C1,P2,0x927EB9E0,12,Ryu,True,True,recoverable_heal,48000,48000,20675,22675,2000,31610,31610,0,10935,8935,-2000,0,0,0,,,,,none,4,500,0,1,False,False,0,0,,,,,,,,,,
2026-07-25T20:25:13Z,257,P2-C1,P2,0x927EB9E0,12,Ryu,True,True,mixed_heal,48000,48000,22675,33175,10500,31610,33175,1565,8935,0,-8935,0,0,0,,,,,none,4,500,0,1,False,False,0,0,,,,,,,,,,
2026-07-25T20:25:13Z,258,P2-C1,P2,0x927EB9E0,12,Ryu,True,True,current_and_ceiling_heal,48000,48000,33175,35675,2500,33175,35675,2500,0,0,0,0,0,0,,,,,none,4,500,0,1,False,False,0,0,,,,,,,,,,
2026-07-25T20:25:13Z,259,P2-C1,P2,0x927EB9E0,12,Ryu,True,True,current_and_ceiling_heal,48000,48000,35675,38675,3000,35675,38675,3000,0,0,0,0,0,0,,,,,none,4,500,0,1,False,False,0,0,,,,,,,,,,
2026-07-25T20:25:14Z,260,P2-C1,P2,0x927EB9E0,12,Ryu,True,True,current_and_ceiling_heal,48000,48000,38675,41675,3000,38675,41675,3000,0,0,0,0,0,0,,,,,none,4,500,0,1,False,False,0,0,,,,,,,,,,
2026-07-25T20:25:14Z,261,P2-C1,P2,0x927EB9E0,12,Ryu,True,True,current_and_ceiling_heal,48000,48000,41675,44175,2500,41675,44175,2500,0,0,0,0,0,0,,,,,none,4,500,0,1,False,False,0,0,,,,,,,,,,
2026-07-25T20:25:14Z,262,P2-C1,P2,0x927EB9E0,12,Ryu,True,True,current_and_ceiling_heal,48000,48000,44175,47175,3000,44175,47175,3000,0,0,0,0,0,0,,,,,none,4,500,0,1,False,False,0,0,,,,,,,,,,
2026-07-25T20:25:14Z,263,P2-C1,P2,0x927EB9E0,12,Ryu,True,True,full_health_reset,48000,48000,47175,48000,825,47175,48000,825,0,0,0,0,0,0,,,,,none,4,0,0,0,False,False,0,0,,,,,,,,,,
2026-07-25T20:25:49Z,598,P2-C1,P2,0x927EB9E0,12,Ryu,True,True,normal_damage_red_generation,48000,48000,48000,46920,-1080,48000,47352,-648,0,432,432,1080,648,432,648,432,0,True,medium,4,0,0,0,False,False,0,0,,,,,,,,,,
2026-07-25T20:25:50Z,599,P2-C1,P2,0x927EB9E0,12,Ryu,True,True,normal_damage_red_generation,48000,48000,46920,45666,-1254,47352,46600,-752,432,934,502,1254,752,502,752,502,0,True,medium,4,0,0,0,False,False,0,0,,,,,,,,,,
2026-07-25T20:25:50Z,600,P2-C1,P2,0x927EB9E0,12,Ryu,True,True,normal_damage_red_generation,48000,48000,45666,41886,-3780,46600,44332,-2268,934,2446,1512,3780,2268,1512,2268,1512,0,True,medium,4,0,0,0,False,False,0,0,,,,,,,,,,
2026-07-25T20:25:51Z,606,P2-C1,P2,0x927EB9E0,12,Ryu,True,True,normal_damage_red_generation,48000,48000,41886,40806,-1080,44332,43684,-648,2446,2878,432,1080,648,432,648,432,0,True,medium,4,0,0,0,False,False,0,0,,,,,,,,,,
2026-07-25T20:25:51Z,607,P2-C1,P2,0x927EB9E0,12,Ryu,True,True,normal_damage_red_generation,48000,48000,40806,39552,-1254,43684,42932,-752,2878,3380,502,1254,752,502,752,502,0,True,medium,4,0,0,0,False,False,0,0,,,,,,,,,,
2026-07-25T20:25:52Z,608,P2-C1,P2,0x927EB9E0,12,Ryu,True,True,normal_damage_red_generation,48000,48000,39552,38364,-1188,42932,42220,-712,3380,3856,476,1188,712,476,712,476,0,True,medium,4,0,0,0,False,False,0,0,,,,,,,,,,
2026-07-25T20:25:53Z,618,P2-C1,P2,0x927EB9E0,12,Ryu,True,True,recoverable_heal,48000,48000,38364,38864,500,42220,42220,0,3856,3356,-500,0,0,0,,,,,none,4,500,0,1,False,False,0,0,,,,,,,,,,
2026-07-25T20:25:53Z,619,P2-C1,P2,0x927EB9E0,12,Ryu,True,True,mixed_heal,48000,48000,38864,47864,9000,42220,47864,5644,3356,0,-3356,0,0,0,,,,,none,4,-580,-648,1,False,False,0,0,,,,,,,,,,
2026-07-25T20:25:53Z,620,P2-C1,P2,0x927EB9E0,12,Ryu,True,True,normal_damage_red_generation,48000,48000,47864,47284,-580,47864,47284,-580,0,0,0,580,580,0,348,232,-232,False,medium,4,0,0,0,False,False,0,0,,,,,,,,,,difference can indicate multiple native damage requests between GUI samples
2026-07-25T20:25:54Z,622,P2-C1,P2,0x927EB9E0,12,Ryu,True,True,normal_damage_red_generation,48000,48000,47284,46030,-1254,47284,46532,-752,0,502,502,1254,752,502,752,502,0,True,medium,4,0,0,0,False,False,0,0,,,,,,,,,,
2026-07-25T20:25:54Z,623,P2-C1,P2,0x927EB9E0,12,Ryu,True,True,normal_damage_red_generation,48000,48000,46030,44842,-1188,46532,45820,-712,502,978,476,1188,712,476,712,476,0,True,medium,4,0,0,0,False,False,0,0,,,,,,,,,,
2026-07-25T20:25:55Z,633,P2-C1,P2,0x927EB9E0,12,Ryu,True,True,normal_damage_red_generation,48000,48000,44842,43762,-1080,45820,45172,-648,978,1410,432,1080,648,432,648,432,0,True,medium,4,0,0,0,False,False,0,0,,,,,,,,,,
2026-07-25T20:25:55Z,634,P2-C1,P2,0x927EB9E0,12,Ryu,True,True,normal_damage_red_generation,48000,48000,43762,42508,-1254,45172,44420,-752,1410,1912,502,1254,752,502,752,502,0,True,medium,4,0,0,0,False,False,0,0,,,,,,,,,,
2026-07-25T20:25:55Z,635,P2-C1,P2,0x927EB9E0,12,Ryu,True,True,normal_damage_red_generation,48000,48000,42508,41320,-1188,44420,43708,-712,1912,2388,476,1188,712,476,712,476,0,True,medium,4,0,0,0,False,False,0,0,,,,,,,,,,
2026-07-25T20:25:56Z,636,P2-C1,P2,0x927EB9E0,12,Ryu,True,True,normal_damage_red_generation,48000,48000,41320,37750,-3570,43708,41566,-2142,2388,3816,1428,3570,2142,1428,2142,1428,0,True,medium,4,0,0,0,False,False,0,0,,,,,,,,,,
2026-07-25T20:25:56Z,638,P2-C1,P2,0x927EB9E0,12,Ryu,True,True,normal_damage_red_generation,48000,48000,37750,34150,-3600,41566,39406,-2160,3816,5256,1440,3600,2160,1440,2160,1440,0,True,medium,4,0,0,0,False,False,0,0,,,,,,,,,,
2026-07-25T20:25:58Z,654,P2-C1,P2,0x927EB9E0,12,Ryu,True,True,normal_damage_red_generation,48000,48000,34150,33070,-1080,39406,38758,-648,5256,5688,432,1080,648,432,648,432,0,True,medium,4,0,0,0,False,False,0,0,,,,,,,,,,
2026-07-25T20:25:58Z,655,P2-C1,P2,0x927EB9E0,12,Ryu,True,True,normal_damage_red_generation,48000,48000,33070,32158,-912,38758,38211,-547,5688,6053,365,912,547,365,547,365,0,True,medium,4,0,0,0,False,False,0,0,,,,,,,,,,
2026-07-25T20:25:59Z,656,P2-C1,P2,0x927EB9E0,12,Ryu,True,True,normal_damage_red_generation,48000,48000,32158,30970,-1188,38211,37499,-712,6053,6529,476,1188,712,476,712,476,0,True,medium,4,-1120,-672,0,False,False,0,0,,,,,,,,,,
2026-07-25T20:25:59Z,657,P2-C1,P2,0x927EB9E0,12,Ryu,True,True,normal_damage_red_generation,48000,48000,30970,29850,-1120,37499,36827,-672,6529,6977,448,1120,672,448,672,448,0,True,medium,4,0,0,0,False,False,0,0,,,,,,,,,,
2026-07-25T20:26:00Z,663,P2-C1,P2,0x927EB9E0,12,Ryu,True,True,normal_damage_red_generation,48000,48000,29850,28770,-1080,36827,36179,-648,6977,7409,432,1080,648,432,648,432,0,True,medium,4,0,0,0,False,False,0,0,,,,,,,,,,
2026-07-25T20:26:00Z,664,P2-C1,P2,0x927EB9E0,12,Ryu,True,True,normal_damage_red_generation,48000,48000,28770,27858,-912,36179,35632,-547,7409,7774,365,912,547,365,547,365,0,True,medium,4,-1188,-712,0,False,False,0,0,,,,,,,,,,
2026-07-25T20:26:00Z,665,P2-C1,P2,0x927EB9E0,12,Ryu,True,True,normal_damage_red_generation,48000,48000,27858,26670,-1188,35632,34920,-712,7774,8250,476,1188,712,476,712,476,0,True,medium,4,0,0,0,False,False,0,0,,,,,,,,,,
2026-07-25T20:26:00Z,666,P2-C1,P2,0x927EB9E0,12,Ryu,True,True,normal_damage_red_generation,48000,48000,26670,25550,-1120,34920,34248,-672,8250,8698,448,1120,672,448,672,448,0,True,medium,4,0,0,0,False,False,0,0,,,,,,,,,,
2026-07-25T20:26:01Z,668,P2-C1,P2,0x927EB9E0,12,Ryu,True,True,normal_damage_red_generation,48000,48000,25550,22192,-3358,34248,32234,-2014,8698,10042,1344,3358,2014,1344,2014,1344,0,True,medium,4,0,0,0,False,False,0,0,,,,,,,,,,
2026-07-25T20:26:02Z,671,P2-C1,P2,0x927EB9E0,12,Ryu,True,True,normal_damage_red_generation,48000,48000,22192,18592,-3600,32234,30074,-2160,10042,11482,1440,3600,2160,1440,2160,1440,0,True,medium,4,0,0,0,False,False,0,0,,,,,,,,,,
2026-07-25T20:26:03Z,685,P2-C1,P2,0x927EB9E0,12,Ryu,True,True,recoverable_heal,48000,48000,18592,19592,1000,30074,30074,0,11482,10482,-1000,0,0,0,,,,,none,4,500,0,1,False,False,0,0,,,,,,,,,,
2026-07-25T20:26:04Z,686,P2-C1,P2,0x927EB9E0,12,Ryu,True,True,mixed_heal,48000,48000,19592,30592,11000,30074,30592,518,10482,0,-10482,0,0,0,,,,,none,4,500,0,1,False,False,0,0,,,,,,,,,,
2026-07-25T20:26:04Z,687,P2-C1,P2,0x927EB9E0,12,Ryu,True,True,current_and_ceiling_heal,48000,48000,30592,33092,2500,30592,33092,2500,0,0,0,0,0,0,,,,,none,4,500,0,1,False,False,0,0,,,,,,,,,,
2026-07-25T20:26:04Z,688,P2-C1,P2,0x927EB9E0,12,Ryu,True,True,current_and_ceiling_heal,48000,48000,33092,36092,3000,33092,36092,3000,0,0,0,0,0,0,,,,,none,4,500,0,1,False,False,0,0,,,,,,,,,,
2026-07-25T20:26:04Z,689,P2-C1,P2,0x927EB9E0,12,Ryu,True,True,current_and_ceiling_heal,48000,48000,36092,39092,3000,36092,39092,3000,0,0,0,0,0,0,,,,,none,4,500,0,1,False,False,0,0,,,,,,,,,,
2026-07-25T20:26:04Z,690,P2-C1,P2,0x927EB9E0,12,Ryu,True,True,current_and_ceiling_heal,48000,48000,39092,42592,3500,39092,42592,3500,0,0,0,0,0,0,,,,,none,4,500,0,1,False,False,0,0,,,,,,,,,,
2026-07-25T20:26:04Z,691,P2-C1,P2,0x927EB9E0,12,Ryu,True,True,full_health_reset,48000,48000,42592,48000,5408,42592,48000,5408,0,0,0,0,0,0,,,,,none,4,0,0,0,False,False,0,0,,,,,,,,,,
2026-07-25T20:26:06Z,699,P2-C1,P2,0x927EB9E0,12,Ryu,True,True,normal_damage_red_generation,48000,48000,48000,46920,-1080,48000,47352,-648,0,432,432,1080,648,432,648,432,0,True,medium,4,0,0,0,False,False,0,0,,,,,,,,,,
2026-07-25T20:26:06Z,700,P2-C1,P2,0x927EB9E0,12,Ryu,True,True,normal_damage_red_generation,48000,48000,46920,44478,-2442,47352,45888,-1464,432,1410,978,2442,1464,978,1465,977,1,False,medium,4,0,0,0,False,False,0,0,,,,,,,,,,difference can indicate multiple native damage requests between GUI samples
2026-07-25T20:26:08Z,702,P2-C1,P2,0x927EB9E0,12,Ryu,True,True,full_health_reset,48000,48000,44478,48000,3522,45888,48000,2112,1410,0,-1410,0,0,0,,,,,none,4,0,0,0,False,False,0,0,,,,,,,,,,
2026-07-25T20:26:09Z,708,P2-C1,P2,0x927EB9E0,12,Ryu,True,True,normal_damage_red_generation,48000,48000,48000,46920,-1080,48000,47352,-648,0,432,432,1080,648,432,648,432,0,True,medium,4,0,0,0,False,False,0,0,,,,,,,,,,
2026-07-25T20:26:10Z,715,P2-C1,P2,0x927EB9E0,12,Ryu,True,True,full_health_reset,48000,48000,46920,48000,1080,47352,48000,648,432,0,-432,0,0,0,,,,,none,4,0,0,0,False,False,0,0,,,,,,,,,,
2026-07-25T20:26:10Z,716,P2-C1,P2,0x927EB9E0,12,Ryu,True,True,normal_damage_red_generation,48000,48000,48000,43800,-4200,48000,45480,-2520,0,1680,1680,4200,2520,1680,2520,1680,0,True,medium,4,0,0,0,False,False,0,0,,,,,,,,,,
2026-07-25T20:26:12Z,724,P2-C1,P2,0x927EB9E0,12,Ryu,True,True,normal_damage_red_generation,48000,48000,43800,43200,-600,45480,44140,-1340,1680,940,-740,600,1340,0,360,240,-240,False,medium,4,0,0,0,False,False,0,0,,,,,,,,,,difference can indicate multiple native damage requests between GUI samples
2026-07-25T20:26:14Z,737,P2-C1,P2,0x927EB9E0,12,Ryu,True,True,mixed_heal,48000,48000,43200,44200,1000,44140,44200,60,940,0,-940,0,0,0,,,,,none,4,500,0,1,False,False,0,0,,,,,,,,,,
2026-07-25T20:26:14Z,738,P2-C1,P2,0x927EB9E0,12,Ryu,True,True,full_health_reset,48000,48000,44200,48000,3800,44200,48000,3800,0,0,0,0,0,0,,,,,none,4,0,0,0,False,False,0,0,,,,,,,,,,
2026-07-25T20:26:46Z,1034,P2-C1,P2,0x927EB9E0,12,Ryu,True,True,normal_damage_red_generation,48000,48000,48000,46920,-1080,48000,47352,-648,0,432,432,1080,648,432,648,432,0,True,medium,4,0,0,0,False,False,0,0,,,,,,,,,,
2026-07-25T20:26:46Z,1035,P2-C1,P2,0x927EB9E0,12,Ryu,True,True,normal_damage_red_generation,48000,48000,46920,44478,-2442,47352,45888,-1464,432,1410,978,2442,1464,978,1465,977,1,False,medium,4,0,0,0,False,False,0,0,,,,,,,,,,difference can indicate multiple native damage requests between GUI samples
2026-07-25T20:26:48Z,1037,P2-C1,P2,0x927EB9E0,12,Ryu,True,True,normal_damage_red_generation,48000,48000,44478,40956,-3522,45888,43776,-2112,1410,2820,1410,3522,2112,1410,2113,1409,1,False,medium,4,0,0,0,False,False,0,0,,,,,,,,,,difference can indicate multiple native damage requests between GUI samples
2026-07-25T20:26:49Z,1039,P2-C1,P2,0x927EB9E0,12,Ryu,True,True,normal_damage_red_generation,48000,48000,40956,38622,-2334,43776,42376,-1400,2820,3754,934,2334,1400,934,1400,934,0,True,medium,4,0,0,0,False,False,0,0,,,,,,,,,,
2026-07-25T20:26:50Z,1040,P2-C1,P2,0x927EB9E0,12,Ryu,True,True,normal_damage_red_generation,48000,48000,38622,37434,-1188,42376,41664,-712,3754,4230,476,1188,712,476,712,476,0,True,medium,4,0,0,0,False,False,0,0,,,,,,,,,,
2026-07-25T20:26:50Z,1041,P2-C1,P2,0x927EB9E0,12,Ryu,True,True,normal_damage_red_generation,48000,48000,37434,33912,-3522,41664,39552,-2112,4230,5640,1410,3522,2112,1410,2113,1409,1,False,medium,4,0,0,0,False,False,0,0,,,,,,,,,,difference can indicate multiple native damage requests between GUI samples
2026-07-25T20:26:52Z,1043,P2-C1,P2,0x927EB9E0,12,Ryu,True,True,normal_damage_red_generation,48000,48000,33912,31578,-2334,39552,38152,-1400,5640,6574,934,2334,1400,934,1400,934,0,True,medium,4,-1188,-712,0,False,False,0,0,,,,,,,,,,
2026-07-25T20:26:52Z,1044,P2-C1,P2,0x927EB9E0,12,Ryu,True,True,normal_damage_red_generation,48000,48000,31578,26820,-4758,38152,35298,-2854,6574,8478,1904,4758,2854,1904,2854,1904,0,True,medium,4,0,0,0,False,False,0,0,,,,,,,,,,
2026-07-25T20:26:54Z,1047,P2-C1,P2,0x927EB9E0,12,Ryu,True,True,recoverable_heal,48000,48000,26820,33320,6500,35298,35298,0,8478,1978,-6500,0,0,0,,,,,none,4,500,0,1,False,False,0,0,,,,,,,,,,
2026-07-25T20:26:54Z,1048,P2-C1,P2,0x927EB9E0,12,Ryu,True,True,full_health_reset,48000,48000,33320,48000,14680,35298,48000,12702,1978,0,-1978,0,0,0,,,,,none,4,0,0,0,False,False,0,0,,,,,,,,,,
2026-07-25T20:49:51Z,30,P2-C1,P2,0x927EB9E0,12,Ryu,True,True,normal_damage_red_generation,48000,48000,48000,45840,-2160,48000,46704,-1296,0,864,864,2160,1296,864,1296,864,0,True,medium,4,500,0,1,False,False,0,0,,,,,,,,,,
2026-07-25T20:49:56Z,31,P2-C1,P2,0x927EB9E0,12,Ryu,True,True,full_health_reset,48000,48000,45840,48000,2160,46704,48000,1296,864,0,-864,0,0,0,,,,,none,4,0,0,0,False,False,0,0,,,,,,,,,,
2026-07-25T20:50:01Z,35,P2-C1,P2,0x927EB9E0,12,Ryu,True,True,normal_damage_red_generation,48000,48000,48000,45426,-2574,48000,46456,-1544,0,1030,1030,2574,1544,1030,1544,1030,0,True,medium,4,0,0,0,False,False,0,0,,,,,,,,,,
2026-07-25T20:50:03Z,36,P2-C1,P2,0x927EB9E0,12,Ryu,True,True,normal_damage_red_generation,48000,48000,45426,44760,-666,46456,46056,-400,1030,1296,266,666,400,266,399,267,-1,False,medium,4,0,0,0,False,False,0,0,,,,,,,,,,difference can indicate multiple native damage requests between GUI samples
2026-07-25T20:50:05Z,37,P2-C1,P2,0x927EB9E0,12,Ryu,True,True,normal_damage_red_generation,48000,48000,44760,42654,-2106,46056,44793,-1263,1296,2139,843,2106,1263,843,1263,843,0,True,medium,4,0,0,0,False,False,0,0,,,,,,,,,,
2026-07-25T20:50:10Z,38,P2-C1,P2,0x927EB9E0,12,Ryu,True,True,mixed_heal,48000,48000,42654,44640,1986,44793,45984,1191,2139,1344,-795,0,0,0,,,,,none,4,0,0,0,False,False,0,0,,,,,,,,,,
2026-07-25T20:50:11Z,39,P2-C1,P2,0x927EB9E0,12,Ryu,True,True,normal_damage_red_generation,48000,48000,44640,41382,-3258,45984,44030,-1954,1344,2648,1304,3258,1954,1304,1954,1304,0,True,medium,4,0,0,0,False,False,0,0,,,,,,,,,,
2026-07-25T20:50:12Z,40,P2-C1,P2,0x927EB9E0,12,Ryu,True,True,normal_damage_red_generation,48000,48000,41382,31091,-10291,44030,37857,-6173,2648,6766,4118,10291,6173,4118,6174,4117,1,False,medium,4,0,0,0,False,False,0,0,,,,,,,,,,difference can indicate multiple native damage requests between GUI samples
2026-07-25T20:50:17Z,41,P2-C1,P2,0x927EB9E0,12,Ryu,True,True,full_health_reset,48000,48000,31091,48000,16909,37857,48000,10143,6766,0,-6766,0,0,0,,,,,none,4,0,0,0,False,False,0,0,,,,,,,,,,
2026-07-25T20:50:23Z,66,P2-C1,P2,0x927EB9E0,12,Ryu,True,True,normal_damage_red_generation,48000,48000,48000,46920,-1080,48000,47352,-648,0,432,432,1080,648,432,648,432,0,True,medium,4,0,0,0,False,False,0,0,,,,,,,,,,
2026-07-25T20:50:24Z,67,P2-C1,P2,0x927EB9E0,12,Ryu,True,True,normal_damage_red_generation,48000,48000,46920,43830,-3090,47352,45499,-1853,432,1669,1237,3090,1853,1237,1854,1236,1,False,medium,4,0,0,0,False,False,0,0,,,,,,,,,,difference can indicate multiple native damage requests between GUI samples
2026-07-25T20:50:24Z,68,P2-C1,P2,0x927EB9E0,12,Ryu,True,True,normal_damage_red_generation,48000,48000,43830,40260,-3570,45499,43357,-2142,1669,3097,1428,3570,2142,1428,2142,1428,0,True,medium,4,0,0,0,False,False,0,0,,,,,,,,,,
2026-07-25T20:50:24Z,69,P2-C1,P2,0x927EB9E0,12,Ryu,True,True,normal_damage_red_generation,48000,48000,40260,37382,-2878,43357,41631,-1726,3097,4249,1152,2878,1726,1152,1726,1152,0,True,medium,4,0,0,0,False,False,0,0,,,,,,,,,,
2026-07-25T20:50:26Z,76,P2-C1,P2,0x927EB9E0,12,Ryu,True,True,normal_damage_red_generation,48000,48000,37382,36302,-1080,41631,40983,-648,4249,4681,432,1080,648,432,648,432,0,True,medium,4,0,0,0,False,False,0,0,,,,,,,,,,
2026-07-25T20:50:26Z,77,P2-C1,P2,0x927EB9E0,12,Ryu,True,True,normal_damage_red_generation,48000,48000,36302,33212,-3090,40983,39130,-1853,4681,5918,1237,3090,1853,1237,1854,1236,1,False,medium,4,0,0,0,False,False,0,0,,,,,,,,,,difference can indicate multiple native damage requests between GUI samples
2026-07-25T20:50:27Z,79,P2-C1,P2,0x927EB9E0,12,Ryu,True,True,normal_damage_red_generation,48000,48000,33212,29642,-3570,39130,36988,-2142,5918,7346,1428,3570,2142,1428,2142,1428,0,True,medium,4,0,0,0,False,False,0,0,,,,,,,,,,
2026-07-25T20:50:27Z,84,P2-C1,P2,0x927EB9E0,12,Ryu,True,True,normal_damage_red_generation,48000,48000,29642,28562,-1080,36988,36340,-648,7346,7778,432,1080,648,432,648,432,0,True,medium,4,0,0,0,False,False,0,0,,,,,,,,,,
2026-07-25T20:50:28Z,85,P2-C1,P2,0x927EB9E0,12,Ryu,True,True,normal_damage_red_generation,48000,48000,28562,25472,-3090,36340,34487,-1853,7778,9015,1237,3090,1853,1237,1854,1236,1,False,medium,4,0,0,0,False,False,0,0,,,,,,,,,,difference can indicate multiple native damage requests between GUI samples
2026-07-25T20:50:28Z,87,P2-C1,P2,0x927EB9E0,12,Ryu,True,True,normal_damage_red_generation,48000,48000,25472,21902,-3570,34487,32345,-2142,9015,10443,1428,3570,2142,1428,2142,1428,0,True,medium,4,0,0,0,False,False,0,0,,,,,,,,,,
2026-07-25T20:50:29Z,88,P2-C1,P2,0x927EB9E0,12,Ryu,True,True,normal_damage_red_generation,48000,48000,21902,19024,-2878,32345,30619,-1726,10443,11595,1152,2878,1726,1152,1726,1152,0,True,medium,4,0,0,0,False,False,0,0,,,,,,,,,,
2026-07-25T20:50:29Z,89,P2-C1,P2,0x927EB9E0,12,Ryu,True,True,normal_damage_red_generation,48000,48000,19024,18176,-848,30619,30111,-508,11595,11935,340,848,508,340,508,340,0,True,medium,4,0,0,0,False,False,0,0,,,,,,,,,,
2026-07-25T20:50:30Z,90,P2-C1,P2,0x927EB9E0,12,Ryu,True,True,normal_damage_red_generation,48000,48000,18176,13777,-4399,30111,27473,-2638,11935,13696,1761,4399,2638,1761,2639,1760,1,False,medium,4,0,0,0,False,False,0,0,,,,,,,,,,difference can indicate multiple native damage requests between GUI samples
2026-07-25T20:50:32Z,104,P2-C1,P2,0x927EB9E0,12,Ryu,True,True,normal_damage_red_generation,48000,48000,13777,12483,-1294,27473,26697,-776,13696,14214,518,1294,776,518,776,518,0,True,medium,4,0,0,0,False,False,0,0,,,,,,,,,,
2026-07-25T20:50:33Z,105,P2-C1,P2,0x927EB9E0,12,Ryu,True,True,normal_damage_red_generation,48000,48000,12483,9659,-2824,26697,25004,-1693,14214,15345,1131,2824,1693,1131,1694,1130,1,False,medium,4,0,0,0,False,False,0,0,,,,,,,,,,difference can indicate multiple native damage requests between GUI samples
2026-07-25T20:50:33Z,106,P2-C1,P2,0x927EB9E0,12,Ryu,True,True,normal_damage_red_generation,48000,48000,9659,8970,-689,25004,24591,-413,15345,15621,276,689,413,276,413,276,0,True,medium,4,0,0,0,False,False,0,0,,,,,,,,,,
2026-07-25T20:50:33Z,108,P2-C1,P2,0x927EB9E0,12,Ryu,True,True,normal_damage_red_generation,48000,48000,8970,8366,-604,24591,24229,-362,15621,15863,242,604,362,242,362,242,0,True,medium,4,-604,-362,0,False,False,0,0,,,,,,,,,,
2026-07-25T20:50:33Z,109,P2-C1,P2,0x927EB9E0,12,Ryu,True,True,normal_damage_red_generation,48000,48000,8366,7762,-604,24229,23867,-362,15863,16105,242,604,362,242,362,242,0,True,medium,4,0,0,0,False,False,0,0,,,,,,,,,,
2026-07-25T20:50:33Z,110,P2-C1,P2,0x927EB9E0,12,Ryu,True,True,normal_damage_red_generation,48000,48000,7762,5950,-1812,23867,22781,-1086,16105,16831,726,1812,1086,726,1087,725,1,False,medium,4,0,0,0,False,False,0,0,,,,,,,,,,difference can indicate multiple native damage requests between GUI samples
2026-07-25T20:50:34Z,111,P2-C1,P2,0x927EB9E0,12,Ryu,True,True,normal_damage_red_generation,48000,48000,5950,5421,-529,22781,22464,-317,16831,17043,212,529,317,212,317,212,0,True,medium,4,0,0,0,False,False,0,0,,,,,,,,,,
2026-07-25T20:50:34Z,113,P2-C1,P2,0x927EB9E0,12,Ryu,True,True,normal_damage_red_generation,48000,48000,5421,4892,-529,22464,22147,-317,17043,17255,212,529,317,212,317,212,0,True,medium,4,0,0,0,False,False,0,0,,,,,,,,,,
2026-07-25T20:50:34Z,114,P2-C1,P2,0x927EB9E0,12,Ryu,True,True,normal_damage_red_generation,48000,48000,4892,4363,-529,22147,21830,-317,17255,17467,212,529,317,212,317,212,0,True,medium,4,0,0,0,False,False,0,0,,,,,,,,,,
2026-07-25T20:50:34Z,115,P2-C1,P2,0x927EB9E0,12,Ryu,True,True,normal_damage_red_generation,48000,48000,4363,3305,-1058,21830,21196,-634,17467,17891,424,1058,634,424,634,424,0,True,medium,4,0,0,0,False,False,0,0,,,,,,,,,,
2026-07-25T20:50:36Z,124,P2-C1,P2,0x927EB9E0,12,Ryu,True,True,normal_damage_red_generation,48000,48000,3305,2549,-756,21196,20743,-453,17891,18194,303,756,453,303,453,303,0,True,medium,4,0,0,0,False,False,0,0,,,,,,,,,,
2026-07-25T20:50:36Z,125,P2-C1,P2,0x927EB9E0,12,Ryu,True,True,normal_damage_red_generation,48000,48000,2549,1672,-877,20743,20217,-526,18194,18545,351,877,526,351,526,351,0,True,medium,4,0,0,0,False,False,0,0,,,,,,,,,,
2026-07-25T20:50:36Z,126,P2-C1,P2,0x927EB9E0,12,Ryu,True,True,normal_damage_red_generation,48000,48000,1672,387,-1285,20217,19446,-771,18545,19059,514,1285,771,514,771,514,0,True,medium,4,-2499,-1499,0,False,False,0,0,,,,,,,,,,
2026-07-25T20:50:36Z,127,P2-C1,P2,0x927EB9E0,12,Ryu,True,True,normal_damage_red_generation,48000,48000,387,1,-386,19446,17947,-1499,19059,17946,-1113,386,1499,0,231,155,-155,False,medium,4,0,0,0,False,False,0,0,,,,,,,,,,difference can indicate multiple native damage requests between GUI samples
2026-07-25T20:50:37Z,128,P2-C1,P2,0x927EB9E0,12,Ryu,True,True,ceiling_loss,48000,48000,1,1,0,17947,16739,-1208,17946,16738,-1208,0,1208,0,,,,,none,4,0,0,0,False,False,0,0,,,,,,,,,,
2026-07-25T20:50:37Z,129,P2-C1,P2,0x927EB9E0,12,Ryu,True,True,ceiling_loss,48000,48000,1,1,0,16739,16384,-355,16738,16383,-355,0,355,0,,,,,none,4,0,0,0,False,False,0,0,,,,,,,,,,
2026-07-25T20:50:38Z,131,P2-C1,P2,0x927EB9E0,12,Ryu,True,True,ceiling_loss,48000,48000,1,1,0,16384,15385,-999,16383,15384,-999,0,999,0,,,,,none,4,0,0,0,False,False,0,0,,,,,,,,,,
2026-07-25T20:50:38Z,133,P2-C1,P2,0x927EB9E0,12,Ryu,True,True,ceiling_loss,48000,48000,1,1,0,15385,14230,-1155,15384,14229,-1155,0,1155,0,,,,,none,4,0,0,0,False,False,0,0,,,,,,,,,,
2026-07-25T20:50:41Z,150,P2-C1,P2,0x927EB9E0,12,Ryu,True,True,ceiling_loss,48000,48000,1,1,0,14230,13732,-498,14229,13731,-498,0,498,0,,,,,none,4,0,0,0,False,False,0,0,,,,,,,,,,
2026-07-25T20:50:41Z,151,P2-C1,P2,0x927EB9E0,12,Ryu,True,True,ceiling_loss,48000,48000,1,1,0,13732,12512,-1220,13731,12511,-1220,0,1220,0,,,,,none,4,0,0,0,False,False,0,0,,,,,,,,,,
2026-07-25T20:50:41Z,153,P2-C1,P2,0x927EB9E0,12,Ryu,True,True,ceiling_loss,48000,48000,1,1,0,12512,12195,-317,12511,12194,-317,0,317,0,,,,,none,4,-529,-317,0,False,False,0,0,,,,,,,,,,
2026-07-25T20:50:41Z,154,P2-C1,P2,0x927EB9E0,12,Ryu,True,True,ceiling_loss,48000,48000,1,1,0,12195,11878,-317,12194,11877,-317,0,317,0,,,,,none,4,0,0,0,False,False,0,0,,,,,,,,,,
2026-07-25T20:50:41Z,155,P1-C1,P1,0x9246B9C0,19,Roll,True,True,ten_percent_current_only_cost,40000,40000,40000,36000,-4000,40000,40000,0,0,4000,4000,4000,0,4000,,4000,0,True,high,3,0,0,0,False,False,0,0,,,,,,,,,,
2026-07-25T20:50:41Z,155,P2-C1,P2,0x927EB9E0,12,Ryu,True,True,ceiling_loss,48000,48000,1,1,0,11878,11561,-317,11877,11560,-317,0,317,0,,,,,none,4,0,0,0,False,False,0,0,,,,,,,,,,
2026-07-25T20:50:42Z,156,P2-C1,P2,0x927EB9E0,12,Ryu,True,True,ceiling_loss,48000,48000,1,1,0,11561,10610,-951,11560,10609,-951,0,951,0,,,,,none,4,0,0,0,False,False,0,0,,,,,,,,,,
2026-07-25T20:50:42Z,158,P2-C1,P2,0x927EB9E0,12,Ryu,True,True,ceiling_loss,48000,48000,1,1,0,10610,10293,-317,10609,10292,-317,0,317,0,,,,,none,4,0,0,0,False,False,0,0,,,,,,,,,,
2026-07-25T20:50:42Z,159,P2-C1,P2,0x927EB9E0,12,Ryu,True,True,ceiling_loss,48000,48000,1,1,0,10293,9976,-317,10292,9975,-317,0,317,0,,,,,none,4,0,0,0,False,False,0,0,,,,,,,,,,
2026-07-25T20:50:42Z,160,P2-C1,P2,0x927EB9E0,12,Ryu,True,True,ceiling_loss,48000,48000,1,1,0,9976,9659,-317,9975,9658,-317,0,317,0,,,,,none,4,0,0,0,False,False,0,0,,,,,,,,,,
2026-07-25T20:50:42Z,161,P2-C1,P2,0x927EB9E0,12,Ryu,True,True,ceiling_loss,48000,48000,1,1,0,9659,9025,-634,9658,9024,-634,0,634,0,,,,,none,4,0,0,0,False,False,0,0,,,,,,,,,,
2026-07-25T20:50:44Z,170,P2-C1,P2,0x927EB9E0,12,Ryu,True,True,ceiling_loss,48000,48000,1,1,0,9025,8572,-453,9024,8571,-453,0,453,0,,,,,none,4,0,0,0,False,False,0,0,,,,,,,,,,
2026-07-25T20:50:44Z,171,P2-C1,P2,0x927EB9E0,12,Ryu,True,True,ceiling_loss,48000,48000,1,1,0,8572,8046,-526,8571,8045,-526,0,526,0,,,,,none,4,0,0,0,False,False,0,0,,,,,,,,,,
2026-07-25T20:50:44Z,172,P2-C1,P2,0x927EB9E0,12,Ryu,True,True,ceiling_loss,48000,48000,1,1,0,8046,7275,-771,8045,7274,-771,0,771,0,,,,,none,4,0,0,0,False,False,0,0,,,,,,,,,,
2026-07-25T20:50:46Z,179,P2-C1,P2,0x927EB9E0,12,Ryu,True,True,ceiling_loss,48000,48000,1,1,0,7275,6822,-453,7274,6821,-453,0,453,0,,,,,none,4,0,0,0,False,False,0,0,,,,,,,,,,
2026-07-25T20:50:46Z,180,P2-C1,P2,0x927EB9E0,12,Ryu,True,True,ceiling_loss,48000,48000,1,1,0,6822,5525,-1297,6821,5524,-1297,0,1297,0,,,,,none,4,0,0,0,False,False,0,0,,,,,,,,,,
2026-07-25T20:50:46Z,182,P2-C1,P2,0x927EB9E0,12,Ryu,True,True,ceiling_loss,48000,48000,1,1,0,5525,4026,-1499,5524,4025,-1499,0,1499,0,,,,,none,4,0,0,0,False,False,0,0,,,,,,,,,,
2026-07-25T20:50:47Z,183,P2-C1,P2,0x927EB9E0,12,Ryu,True,True,ceiling_loss,48000,48000,1,1,0,4026,2818,-1208,4025,2817,-1208,0,1208,0,,,,,none,4,0,0,0,False,False,0,0,,,,,,,,,,
2026-07-25T20:50:49Z,196,P2-C1,P2,0x927EB9E0,12,Ryu,True,True,recoverable_heal,48000,48000,1,501,500,2818,2818,0,2817,2317,-500,0,0,0,,,,,none,4,500,0,1,False,False,0,0,,,,,,,,,,
2026-07-25T20:50:49Z,197,P2-C1,P2,0x927EB9E0,12,Ryu,True,True,mixed_heal,48000,48000,501,7137,6636,2818,7137,4319,2317,0,-2317,0,0,0,,,,,none,4,0,0,0,False,False,0,0,,,,,,,,,,
2026-07-25T20:50:49Z,198,P2-C1,P2,0x927EB9E0,12,Ryu,True,True,normal_damage_red_generation,48000,48000,7137,6134,-1003,7137,6536,-601,0,402,402,1003,601,402,601,402,0,True,medium,4,0,0,0,False,False,0,0,,,,,,,,,,
2026-07-25T20:50:50Z,199,P2-C1,P2,0x927EB9E0,12,Ryu,True,True,normal_damage_red_generation,48000,48000,6134,4666,-1468,6536,5656,-880,402,990,588,1468,880,588,880,588,0,True,medium,4,-2499,-1499,0,False,False,0,0,,,,,,,,,,
2026-07-25T20:50:50Z,200,P2-C1,P2,0x927EB9E0,12,Ryu,True,True,normal_damage_red_generation,48000,48000,4666,2167,-2499,5656,4157,-1499,990,1990,1000,2499,1499,1000,1499,1000,0,True,medium,4,0,0,0,False,False,0,0,,,,,,,,,,
2026-07-25T20:50:50Z,201,P2-C1,P2,0x927EB9E0,12,Ryu,True,True,normal_damage_red_generation,48000,48000,2167,153,-2014,4157,2949,-1208,1990,2796,806,2014,1208,806,1208,806,0,True,medium,4,0,0,0,False,False,0,0,,,,,,,,,,
2026-07-25T20:50:50Z,202,P2-C1,P2,0x927EB9E0,12,Ryu,True,True,normal_damage_red_generation,48000,48000,153,1,-152,2949,2582,-367,2796,2581,-215,152,367,0,91,61,-61,False,medium,4,0,0,0,False,False,0,0,,,,,,,,,,difference can indicate multiple native damage requests between GUI samples
2026-07-25T20:50:51Z,203,P2-C1,P2,0x927EB9E0,12,Ryu,True,True,ceiling_loss,48000,48000,1,1,0,2582,1943,-639,2581,1942,-639,0,639,0,,,,,none,4,0,0,0,False,False,0,0,,,,,,,,,,
2026-07-25T20:50:51Z,204,P2-C1,P2,0x927EB9E0,12,Ryu,True,True,ceiling_loss,48000,48000,1,1,0,1943,619,-1324,1942,618,-1324,0,1324,0,,,,,none,4,0,0,0,False,False,0,0,,,,,,,,,,
2026-07-25T20:50:51Z,205,P1-C1,P1,0x9246B9C0,19,Roll,True,True,baroque_consume,40000,40000,36000,36000,0,40000,36000,-4000,4000,0,-4000,0,4000,0,,-4000,0,True,high,3,0,0,0,False,True,0,4000,,,,,,,,,,
2026-07-25T20:50:52Z,209,P2-C1,P2,0x927EB9E0,12,Ryu,True,True,ceiling_loss,48000,48000,1,1,0,619,325,-294,618,324,-294,0,294,0,,,,,none,4,0,0,0,False,False,0,0,,,,,,,,,,
2026-07-25T20:50:53Z,210,P2-C1,P2,0x927EB9E0,12,Ryu,True,True,ceiling_loss,48000,48000,1,1,0,325,46,-279,324,45,-279,0,279,0,,,,,none,4,0,0,0,False,False,0,0,,,,,,,,,,
2026-07-25T20:50:53Z,212,P1-C1,P1,0x9246B9C0,19,Roll,True,True,baroque_status_change,40000,40000,36000,36000,0,36000,36000,0,0,0,0,0,0,0,,,,,none,3,0,0,0,True,False,4000,4000,,,,,,,,,,
2026-07-25T20:50:53Z,213,P1-C1,P1,0x9246B9C0,19,Roll,True,True,recoverable_ceiling_gain,40000,40000,36000,36000,0,36000,40000,4000,0,4000,4000,0,0,4000,,,,,none,3,0,0,0,False,False,4000,4000,,,,,,,,,,
2026-07-25T20:50:54Z,216,P2-C1,P2,0x927EB9E0,12,Ryu,True,True,recoverable_health_discarded,48000,48000,1,1,0,46,1,-45,45,0,-45,0,45,0,,,,,none,4,0,0,0,False,False,0,0,,,,,,,,,,
2026-07-25T20:50:56Z,228,P1-C1,P1,0x9246B9C0,19,Roll,True,True,baroque_consume,40000,40000,36000,36000,0,40000,36000,-4000,4000,0,-4000,0,4000,0,,-4000,0,True,high,3,0,0,0,False,True,4000,4000,,,,,,,,,,
2026-07-25T20:50:57Z,238,P1-C1,P1,0x9246B9C0,19,Roll,True,True,baroque_status_change,40000,40000,36000,36000,0,36000,36000,0,0,0,0,0,0,0,,,,,none,3,0,0,0,True,False,4000,4000,,,,,,,,,,
2026-07-25T20:50:58Z,239,P1-C1,P1,0x9246B9C0,19,Roll,True,True,recoverable_ceiling_gain,40000,40000,36000,36000,0,36000,40000,4000,0,4000,4000,0,0,4000,,,,,none,3,0,0,0,False,False,4000,4000,,,,,,,,,,
2026-07-25T20:50:59Z,244,P2-C1,P2,0x927EB9E0,12,Ryu,True,True,current_and_ceiling_heal,48000,48000,1,2501,2500,1,2501,2500,0,0,0,0,0,0,,,,,none,4,500,0,1,False,False,0,0,,,,,,,,,,
2026-07-25T20:50:59Z,245,P2-C1,P2,0x927EB9E0,12,Ryu,True,True,current_and_ceiling_heal,48000,48000,2501,5501,3000,2501,5501,3000,0,0,0,0,0,0,,,,,none,4,500,0,1,False,False,0,0,,,,,,,,,,
2026-07-25T20:50:59Z,246,P2-C1,P2,0x927EB9E0,12,Ryu,True,True,current_and_ceiling_heal,48000,48000,5501,8501,3000,5501,8501,3000,0,0,0,0,0,0,,,,,none,4,500,0,1,False,False,0,0,,,,,,,,,,
2026-07-25T20:50:59Z,247,P2-C1,P2,0x927EB9E0,12,Ryu,True,True,current_and_ceiling_heal,48000,48000,8501,15921,7420,8501,15921,7420,0,0,0,0,0,0,,,,,none,4,0,0,0,False,False,0,0,,,,,,,,,,
2026-07-25T20:51:00Z,248,P2-C1,P2,0x927EB9E0,12,Ryu,True,True,normal_damage_red_generation,48000,48000,15921,14667,-1254,15921,15169,-752,0,502,502,1254,752,502,752,502,0,True,medium,4,0,0,0,False,False,0,0,,,,,,,,,,
2026-07-25T20:51:00Z,249,P2-C1,P2,0x927EB9E0,12,Ryu,True,True,normal_damage_red_generation,48000,48000,14667,12831,-1836,15169,14068,-1101,502,1237,735,1836,1101,735,1101,735,0,True,medium,4,-3570,-2142,0,False,False,0,0,,,,,,,,,,
2026-07-25T20:51:00Z,250,P2-C1,P2,0x927EB9E0,12,Ryu,True,True,normal_damage_red_generation,48000,48000,12831,9261,-3570,14068,11926,-2142,1237,2665,1428,3570,2142,1428,2142,1428,0,True,medium,4,0,0,0,False,False,0,0,,,,,,,,,,
2026-07-25T20:51:01Z,251,P2-C1,P2,0x927EB9E0,12,Ryu,True,True,normal_damage_red_generation,48000,48000,9261,6959,-2302,11926,10545,-1381,2665,3586,921,2302,1381,921,1381,921,0,True,medium,4,0,0,0,False,False,0,0,,,,,,,,,,
2026-07-25T20:51:01Z,252,P2-C1,P2,0x927EB9E0,12,Ryu,True,True,normal_damage_red_generation,48000,48000,6959,6259,-700,10545,10125,-420,3586,3866,280,700,420,280,420,280,0,True,medium,4,0,0,0,False,False,0,0,,,,,,,,,,
2026-07-25T20:51:01Z,253,P2-C1,P2,0x927EB9E0,12,Ryu,True,True,normal_damage_red_generation,48000,48000,6259,5045,-1214,10125,9397,-728,3866,4352,486,1214,728,486,728,486,0,True,medium,4,0,0,0,False,False,0,0,,,,,,,,,,
2026-07-25T20:51:02Z,254,P1-C1,P1,0x9246B9C0,19,Roll,True,True,baroque_consume,40000,40000,36000,36000,0,40000,36000,-4000,4000,0,-4000,0,4000,0,,-4000,0,True,high,3,0,0,0,False,True,4000,4000,,,,,,,,,,
2026-07-25T20:51:02Z,254,P2-C1,P2,0x927EB9E0,12,Ryu,True,True,normal_damage_red_generation,48000,48000,5045,2845,-2200,9397,8077,-1320,4352,5232,880,2200,1320,880,1320,880,0,True,medium,4,0,0,0,False,False,0,0,,,,,,,,,,
2026-07-25T20:51:03Z,263,P1-C1,P1,0x9246B9C0,19,Roll,True,True,baroque_status_change,40000,40000,36000,36000,0,36000,36000,0,0,0,0,0,0,0,,,,,none,3,0,0,0,True,False,4000,4000,,,,,,,,,,
2026-07-25T20:51:03Z,264,P1-C1,P1,0x9246B9C0,19,Roll,True,True,recoverable_ceiling_gain,40000,40000,36000,36000,0,36000,40000,4000,0,4000,4000,0,0,4000,,,,,none,3,0,0,0,False,False,4000,4000,,,,,,,,,,
2026-07-25T20:51:04Z,265,P2-C1,P2,0x927EB9E0,12,Ryu,True,True,normal_damage_red_generation,48000,48000,2845,2089,-756,8077,7624,-453,5232,5535,303,756,453,303,453,303,0,True,medium,4,0,0,0,False,False,0,0,,,,,,,,,,
2026-07-25T20:51:04Z,266,P2-C1,P2,0x927EB9E0,12,Ryu,True,True,normal_damage_red_generation,48000,48000,2089,1212,-877,7624,7098,-526,5535,5886,351,877,526,351,526,351,0,True,medium,4,0,0,0,False,False,0,0,,,,,,,,,,
2026-07-25T20:51:04Z,267,P2-C1,P2,0x927EB9E0,12,Ryu,True,True,normal_damage_red_generation,48000,48000,1212,1,-1211,7098,4828,-2270,5886,4827,-1059,1211,2270,0,726,485,-485,False,medium,4,0,0,0,False,False,0,0,,,,,,,,,,difference can indicate multiple native damage requests between GUI samples
2026-07-25T20:51:05Z,271,P2-C1,P2,0x927EB9E0,12,Ryu,True,True,ceiling_loss,48000,48000,1,1,0,4828,4375,-453,4827,4374,-453,0,453,0,,,,,none,4,0,0,0,False,False,0,0,,,,,,,,,,
2026-07-25T20:51:06Z,273,P2-C1,P2,0x927EB9E0,12,Ryu,True,True,ceiling_loss,48000,48000,1,1,0,4375,3849,-526,4374,3848,-526,0,526,0,,,,,none,4,0,0,0,False,False,0,0,,,,,,,,,,
2026-07-25T20:51:06Z,274,P2-C1,P2,0x927EB9E0,12,Ryu,True,True,ceiling_loss,48000,48000,1,1,0,3849,1579,-2270,3848,1578,-2270,0,2270,0,,,,,none,4,0,0,0,False,False,0,0,,,,,,,,,,
2026-07-25T20:51:07Z,276,P2-C1,P2,0x927EB9E0,12,Ryu,True,True,recoverable_health_discarded,48000,48000,1,1,0,1579,1,-1578,1578,0,-1578,0,1578,0,,,,,none,4,0,0,0,False,False,0,0,,,,,,,,,,
2026-07-25T20:51:08Z,277,P1-C1,P1,0x9246B9C0,19,Roll,True,True,baroque_consume,40000,40000,36000,36000,0,40000,36000,-4000,4000,0,-4000,0,4000,0,,-4000,0,True,high,3,0,0,0,False,True,4000,4000,,,,,,,,,,
2026-07-25T20:51:09Z,285,P1-C1,P1,0x9246B9C0,19,Roll,True,True,recoverable_ceiling_gain,40000,40000,36000,36000,0,36000,40000,4000,0,4000,4000,0,0,4000,,,,,none,3,0,0,0,True,False,4000,4000,,,,,,,,,,
2026-07-25T20:51:13Z,315,P2-C1,P2,0x927EB9E0,12,Ryu,True,True,current_and_ceiling_heal,48000,48000,1,501,500,1,501,500,0,0,0,0,0,0,,,,,none,4,500,0,1,False,False,0,0,,,,,,,,,,
2026-07-25T20:51:14Z,316,P2-C1,P2,0x927EB9E0,12,Ryu,True,True,current_and_ceiling_heal,48000,48000,501,12001,11500,501,12001,11500,0,0,0,0,0,0,,,,,none,4,500,0,1,False,False,0,0,,,,,,,,,,
2026-07-25T20:51:14Z,317,P2-C1,P2,0x927EB9E0,12,Ryu,True,True,current_and_ceiling_heal,48000,48000,12001,15001,3000,12001,15001,3000,0,0,0,0,0,0,,,,,none,4,500,0,1,False,False,0,0,,,,,,,,,,
2026-07-25T20:51:14Z,318,P2-C1,P2,0x927EB9E0,12,Ryu,True,True,current_and_ceiling_heal,48000,48000,15001,18001,3000,15001,18001,3000,0,0,0,0,0,0,,,,,none,4,500,0,1,False,False,0,0,,,,,,,,,,
2026-07-25T20:51:14Z,319,P2-C1,P2,0x927EB9E0,12,Ryu,True,True,current_and_ceiling_heal,48000,48000,18001,21001,3000,18001,21001,3000,0,0,0,0,0,0,,,,,none,4,500,0,1,False,False,0,0,,,,,,,,,,
2026-07-25T20:51:14Z,320,P2-C1,P2,0x927EB9E0,12,Ryu,True,True,current_and_ceiling_heal,48000,48000,21001,24001,3000,21001,24001,3000,0,0,0,0,0,0,,,,,none,4,500,0,1,False,False,0,0,,,,,,,,,,
2026-07-25T20:51:15Z,321,P2-C1,P2,0x927EB9E0,12,Ryu,True,True,current_and_ceiling_heal,48000,48000,24001,35001,11000,24001,35001,11000,0,0,0,0,0,0,,,,,none,4,500,0,1,False,False,0,0,,,,,,,,,,
2026-07-25T20:51:15Z,322,P2-C1,P2,0x927EB9E0,12,Ryu,True,True,current_and_ceiling_heal,48000,48000,35001,38001,3000,35001,38001,3000,0,0,0,0,0,0,,,,,none,4,500,0,1,False,False,0,0,,,,,,,,,,
2026-07-25T20:51:15Z,323,P2-C1,P2,0x927EB9E0,12,Ryu,True,True,current_and_ceiling_heal,48000,48000,38001,41001,3000,38001,41001,3000,0,0,0,0,0,0,,,,,none,4,500,0,1,False,False,0,0,,,,,,,,,,
2026-07-25T20:51:15Z,324,P2-C1,P2,0x927EB9E0,12,Ryu,True,True,current_and_ceiling_heal,48000,48000,41001,44001,3000,41001,44001,3000,0,0,0,0,0,0,,,,,none,4,500,0,1,False,False,0,0,,,,,,,,,,
2026-07-25T20:51:15Z,325,P2-C1,P2,0x927EB9E0,12,Ryu,True,True,current_and_ceiling_heal,48000,48000,44001,47501,3500,44001,47501,3500,0,0,0,0,0,0,,,,,none,4,500,0,1,False,False,0,0,,,,,,,,,,
2026-07-25T20:51:15Z,326,P2-C1,P2,0x927EB9E0,12,Ryu,True,True,full_health_reset,48000,48000,47501,48000,499,47501,48000,499,0,0,0,0,0,0,,,,,none,4,0,0,0,False,False,0,0,,,,,,,,,,
2026-07-25T20:51:16Z,330,P2-C1,P2,0x927EB9E0,12,Ryu,True,True,normal_damage_red_generation,48000,48000,48000,46920,-1080,48000,47352,-648,0,432,432,1080,648,432,648,432,0,True,medium,4,0,0,0,False,False,0,0,,,,,,,,,,
2026-07-25T20:51:16Z,331,P2-C1,P2,0x927EB9E0,12,Ryu,True,True,normal_damage_red_generation,48000,48000,46920,45666,-1254,47352,46600,-752,432,934,502,1254,752,502,752,502,0,True,medium,4,0,0,0,False,False,0,0,,,,,,,,,,
2026-07-25T20:51:16Z,332,P2-C1,P2,0x927EB9E0,12,Ryu,True,True,normal_damage_red_generation,48000,48000,45666,43830,-1836,46600,45499,-1101,934,1669,735,1836,1101,735,1101,735,0,True,medium,4,0,0,0,False,False,0,0,,,,,,,,,,
2026-07-25T20:51:17Z,333,P2-C1,P2,0x927EB9E0,12,Ryu,True,True,normal_damage_red_generation,48000,48000,43830,40260,-3570,45499,43357,-2142,1669,3097,1428,3570,2142,1428,2142,1428,0,True,medium,4,0,0,0,False,False,0,0,,,,,,,,,,
2026-07-25T20:51:17Z,334,P2-C1,P2,0x927EB9E0,12,Ryu,True,True,normal_damage_red_generation,48000,48000,40260,37382,-2878,43357,41631,-1726,3097,4249,1152,2878,1726,1152,1726,1152,0,True,medium,4,0,0,0,False,False,0,0,,,,,,,,,,
2026-07-25T20:51:17Z,335,P2-C1,P2,0x927EB9E0,12,Ryu,True,True,normal_damage_red_generation,48000,48000,37382,36499,-883,41631,41102,-529,4249,4603,354,883,529,354,529,354,0,True,medium,4,0,0,0,False,False,0,0,,,,,,,,,,
2026-07-25T20:51:18Z,337,P1-C1,P1,0x9246B9C0,19,Roll,True,True,baroque_consume,40000,40000,36000,36000,0,40000,36000,-4000,4000,0,-4000,0,4000,0,,-4000,0,True,high,3,0,0,0,False,True,4000,4000,,,,,,,,,,
2026-07-25T20:51:18Z,337,P2-C1,P2,0x927EB9E0,12,Ryu,True,True,normal_damage_red_generation,48000,48000,36499,31820,-4679,41102,38295,-2807,4603,6475,1872,4679,2807,1872,2807,1872,0,True,medium,4,0,0,0,False,False,0,0,,,,,,,,,,
2026-07-25T20:51:20Z,348,P1-C1,P1,0x9246B9C0,19,Roll,True,True,recoverable_ceiling_gain,40000,40000,36000,36000,0,36000,40000,4000,0,4000,4000,0,0,4000,,,,,none,3,0,0,0,True,False,4000,4000,,,,,,,,,,
2026-07-25T20:51:21Z,358,P2-C1,P2,0x927EB9E0,12,Ryu,True,True,recoverable_heal,48000,48000,31820,34320,2500,38295,38295,0,6475,3975,-2500,0,0,0,,,,,none,4,500,0,1,False,False,0,0,,,,,,,,,,
2026-07-25T20:51:21Z,359,P2-C1,P2,0x927EB9E0,12,Ryu,True,True,mixed_heal,48000,48000,34320,45320,11000,38295,45320,7025,3975,0,-3975,0,0,0,,,,,none,4,500,0,1,False,False,0,0,,,,,,,,,,
2026-07-25T20:51:21Z,360,P2-C1,P2,0x927EB9E0,12,Ryu,True,True,full_health_reset,48000,48000,45320,48000,2680,45320,48000,2680,0,0,0,0,0,0,,,,,none,4,0,0,0,False,False,0,0,,,,,,,,,,
2026-07-25T20:51:22Z,364,P2-C1,P2,0x927EB9E0,12,Ryu,True,True,normal_damage_red_generation,48000,48000,48000,45666,-2334,48000,46600,-1400,0,934,934,2334,1400,934,1400,934,0,True,medium,4,0,0,0,False,False,0,0,,,,,,,,,,
2026-07-25T20:51:22Z,365,P2-C1,P2,0x927EB9E0,12,Ryu,True,True,normal_damage_red_generation,48000,48000,45666,43830,-1836,46600,45499,-1101,934,1669,735,1836,1101,735,1101,735,0,True,medium,4,0,0,0,False,False,0,0,,,,,,,,,,
2026-07-25T20:51:23Z,367,P2-C1,P2,0x927EB9E0,12,Ryu,True,True,normal_damage_red_generation,48000,48000,43830,37382,-6448,45499,41631,-3868,1669,4249,2580,6448,3868,2580,3868,2580,0,True,medium,4,0,0,0,False,False,0,0,,,,,,,,,,
2026-07-25T20:51:25Z,377,P2-C1,P2,0x927EB9E0,12,Ryu,True,True,normal_damage_red_generation,48000,48000,37382,36302,-1080,41631,40983,-648,4249,4681,432,1080,648,432,648,432,0,True,medium,4,0,0,0,False,False,0,0,,,,,,,,,,
2026-07-25T20:51:25Z,378,P2-C1,P2,0x927EB9E0,12,Ryu,True,True,normal_damage_red_generation,48000,48000,36302,35048,-1254,40983,40231,-752,4681,5183,502,1254,752,502,752,502,0,True,medium,4,0,0,0,False,False,0,0,,,,,,,,,,
2026-07-25T20:51:25Z,379,P2-C1,P2,0x927EB9E0,12,Ryu,True,True,normal_damage_red_generation,48000,48000,35048,33212,-1836,40231,39130,-1101,5183,5918,735,1836,1101,735,1101,735,0,True,medium,4,0,0,0,False,False,0,0,,,,,,,,,,
2026-07-25T20:51:26Z,380,P2-C1,P2,0x927EB9E0,12,Ryu,True,True,normal_damage_red_generation,48000,48000,33212,29642,-3570,39130,36988,-2142,5918,7346,1428,3570,2142,1428,2142,1428,0,True,medium,4,0,0,0,False,False,0,0,,,,,,,,,,
2026-07-25T20:51:26Z,381,P2-C1,P2,0x927EB9E0,12,Ryu,True,True,normal_damage_red_generation,48000,48000,29642,26764,-2878,36988,35262,-1726,7346,8498,1152,2878,1726,1152,1726,1152,0,True,medium,4,0,0,0,False,False,0,0,,,,,,,,,,
2026-07-25T20:51:27Z,390,P2-C1,P2,0x927EB9E0,12,Ryu,True,True,normal_damage_red_generation,48000,48000,26764,25684,-1080,35262,34614,-648,8498,8930,432,1080,648,432,648,432,0,True,medium,4,0,0,0,False,False,0,0,,,,,,,,,,
2026-07-25T20:51:28Z,394,P2-C1,P2,0x927EB9E0,12,Ryu,True,True,normal_damage_red_generation,48000,48000,25684,24604,-1080,34614,33966,-648,8930,9362,432,1080,648,432,648,432,0,True,medium,4,0,0,0,False,False,0,0,,,,,,,,,,
2026-07-25T20:51:29Z,395,P2-C1,P2,0x927EB9E0,12,Ryu,True,True,normal_damage_red_generation,48000,48000,24604,21514,-3090,33966,32113,-1853,9362,10599,1237,3090,1853,1237,1854,1236,1,False,medium,4,0,0,0,False,False,0,0,,,,,,,,,,difference can indicate multiple native damage requests between GUI samples
2026-07-25T20:51:30Z,400,P2-C1,P2,0x927EB9E0,12,Ryu,True,True,normal_damage_red_generation,48000,48000,21514,20434,-1080,32113,31465,-648,10599,11031,432,1080,648,432,648,432,0,True,medium,4,0,0,0,False,False,0,0,,,,,,,,,,
2026-07-25T20:51:30Z,401,P2-C1,P2,0x927EB9E0,12,Ryu,True,True,normal_damage_red_generation,48000,48000,20434,17344,-3090,31465,29612,-1853,11031,12268,1237,3090,1853,1237,1854,1236,1,False,medium,4,0,0,0,False,False,0,0,,,,,,,,,,difference can indicate multiple native damage requests between GUI samples
2026-07-25T20:51:31Z,403,P2-C1,P2,0x927EB9E0,12,Ryu,True,True,normal_damage_red_generation,48000,48000,17344,13774,-3570,29612,27470,-2142,12268,13696,1428,3570,2142,1428,2142,1428,0,True,medium,4,0,0,0,False,False,0,0,,,,,,,,,,
2026-07-25T20:51:32Z,405,P2-C1,P2,0x927EB9E0,12,Ryu,True,True,normal_damage_red_generation,48000,48000,13774,12694,-1080,27470,26822,-648,13696,14128,432,1080,648,432,648,432,0,True,medium,4,0,0,0,False,False,0,0,,,,,,,,,,
2026-07-25T20:51:32Z,407,P2-C1,P2,0x927EB9E0,12,Ryu,True,True,normal_damage_red_generation,48000,48000,12694,9972,-2722,26822,25190,-1632,14128,15218,1090,2722,1632,1090,1633,1089,1,False,medium,4,0,0,0,False,False,0,0,,,,,,,,,,difference can indicate multiple native damage requests between GUI samples
2026-07-25T20:51:32Z,408,P2-C1,P2,0x927EB9E0,12,Ryu,True,True,normal_damage_red_generation,48000,48000,9972,7116,-2856,25190,23477,-1713,15218,16361,1143,2856,1713,1143,1713,1143,0,True,medium,4,0,0,0,False,False,0,0,,,,,,,,,,
2026-07-25T20:51:33Z,409,P2-C1,P2,0x927EB9E0,12,Ryu,True,True,normal_damage_red_generation,48000,48000,7116,4236,-2880,23477,21749,-1728,16361,17513,1152,2880,1728,1152,1728,1152,0,True,medium,4,0,0,0,False,False,0,0,,,,,,,,,,
2026-07-25T20:51:33Z,411,P2-C1,P2,0x927EB9E0,12,Ryu,True,True,normal_damage_red_generation,48000,48000,4236,3459,-777,21749,21283,-466,17513,17824,311,777,466,311,466,311,0,True,medium,4,0,0,0,False,False,0,0,,,,,,,,,,
2026-07-25T20:51:34Z,412,P2-C1,P2,0x927EB9E0,12,Ryu,True,True,normal_damage_red_generation,48000,48000,3459,2085,-1374,21283,20459,-824,17824,18374,550,1374,824,550,824,550,0,True,medium,4,0,0,0,False,False,0,0,,,,,,,,,,
2026-07-25T20:51:34Z,413,P1-C1,P1,0x9246B9C0,19,Roll,True,True,baroque_consume,40000,40000,36000,36000,0,40000,36000,-4000,4000,0,-4000,0,4000,0,,-4000,0,True,high,3,0,0,0,False,True,4000,4000,,,,,,,,,,
2026-07-25T20:51:34Z,413,P2-C1,P2,0x927EB9E0,12,Ryu,True,True,normal_damage_red_generation,48000,48000,2085,1,-2084,20459,18724,-1735,18374,18723,349,2084,1735,349,1250,834,-485,False,medium,4,0,0,0,False,False,0,0,,,,,,,,,,difference can indicate multiple native damage requests between GUI samples
2026-07-25T20:51:35Z,422,P1-C1,P1,0x9246B9C0,19,Roll,True,True,recoverable_ceiling_gain,40000,40000,36000,36000,0,36000,40000,4000,0,4000,4000,0,0,4000,,,,,none,3,0,0,0,True,False,4000,4000,,,,,,,,,,
2026-07-25T20:51:37Z,432,P2-C1,P2,0x927EB9E0,12,Ryu,True,True,ceiling_loss,48000,48000,1,1,0,18724,18271,-453,18723,18270,-453,0,453,0,,,,,none,4,0,0,0,False,False,0,0,,,,,,,,,,
2026-07-25T20:51:37Z,433,P2-C1,P2,0x927EB9E0,12,Ryu,True,True,ceiling_loss,48000,48000,1,1,0,18271,16974,-1297,18270,16973,-1297,0,1297,0,,,,,none,4,0,0,0,False,False,0,0,,,,,,,,,,
2026-07-25T20:51:37Z,434,P2-C1,P2,0x927EB9E0,12,Ryu,True,True,ceiling_loss,48000,48000,1,1,0,16974,15475,-1499,16973,15474,-1499,0,1499,0,,,,,none,4,0,0,0,False,False,0,0,,,,,,,,,,
2026-07-25T20:51:38Z,436,P2-C1,P2,0x927EB9E0,12,Ryu,True,True,ceiling_loss,48000,48000,1,1,0,15475,14267,-1208,15474,14266,-1208,0,1208,0,,,,,none,4,0,0,0,False,False,0,0,,,,,,,,,,
2026-07-25T20:51:39Z,443,P2-C1,P2,0x927EB9E0,12,Ryu,True,True,ceiling_loss,48000,48000,1,1,0,14267,13814,-453,14266,13813,-453,0,453,0,,,,,none,4,0,0,0,False,False,0,0,,,,,,,,,,
2026-07-25T20:51:40Z,444,P2-C1,P2,0x927EB9E0,12,Ryu,True,True,ceiling_loss,48000,48000,1,1,0,13814,12517,-1297,13813,12516,-1297,0,1297,0,,,,,none,4,0,0,0,False,False,0,0,,,,,,,,,,
2026-07-25T20:51:40Z,446,P2-C1,P2,0x927EB9E0,12,Ryu,True,True,ceiling_loss,48000,48000,1,1,0,12517,11018,-1499,12516,11017,-1499,0,1499,0,,,,,none,4,0,0,0,False,False,0,0,,,,,,,,,,
2026-07-25T20:51:41Z,447,P2-C1,P2,0x927EB9E0,12,Ryu,True,True,ceiling_loss,48000,48000,1,1,0,11018,9810,-1208,11017,9809,-1208,0,1208,0,,,,,none,4,0,0,0,False,False,0,0,,,,,,,,,,
2026-07-25T20:51:43Z,460,P2-C1,P2,0x927EB9E0,12,Ryu,True,True,recoverable_heal,48000,48000,1,3001,3000,9810,9810,0,9809,6809,-3000,0,0,0,,,,,none,4,500,0,1,False,False,0,0,,,,,,,,,,
2026-07-25T20:51:43Z,461,P2-C1,P2,0x927EB9E0,12,Ryu,True,True,mixed_heal,48000,48000,3001,13501,10500,9810,13501,3691,6809,0,-6809,0,0,0,,,,,none,4,500,0,1,False,False,0,0,,,,,,,,,,
2026-07-25T20:51:43Z,462,P2-C1,P2,0x927EB9E0,12,Ryu,True,True,current_and_ceiling_heal,48000,48000,13501,17001,3500,13501,17001,3500,0,0,0,0,0,0,,,,,none,4,500,0,1,False,False,0,0,,,,,,,,,,
2026-07-25T20:51:43Z,463,P2-C1,P2,0x927EB9E0,12,Ryu,True,True,current_and_ceiling_heal,48000,48000,17001,20001,3000,17001,20001,3000,0,0,0,0,0,0,,,,,none,4,500,0,1,False,False,0,0,,,,,,,,,,
2026-07-25T20:51:43Z,464,P2-C1,P2,0x927EB9E0,12,Ryu,True,True,current_and_ceiling_heal,48000,48000,20001,23001,3000,20001,23001,3000,0,0,0,0,0,0,,,,,none,4,500,0,1,False,False,0,0,,,,,,,,,,
2026-07-25T20:51:43Z,465,P2-C1,P2,0x927EB9E0,12,Ryu,True,True,current_and_ceiling_heal,48000,48000,23001,26001,3000,23001,26001,3000,0,0,0,0,0,0,,,,,none,4,500,0,1,False,False,0,0,,,,,,,,,,
2026-07-25T20:51:44Z,466,P2-C1,P2,0x927EB9E0,12,Ryu,True,True,current_and_ceiling_heal,48000,48000,26001,37001,11000,26001,37001,11000,0,0,0,0,0,0,,,,,none,4,500,0,1,False,False,0,0,,,,,,,,,,
2026-07-25T20:51:44Z,467,P2-C1,P2,0x927EB9E0,12,Ryu,True,True,current_and_ceiling_heal,48000,48000,37001,39501,2500,37001,39501,2500,0,0,0,0,0,0,,,,,none,4,500,0,1,False,False,0,0,,,,,,,,,,
2026-07-25T20:51:44Z,468,P2-C1,P2,0x927EB9E0,12,Ryu,True,True,current_and_ceiling_heal,48000,48000,39501,43001,3500,39501,43001,3500,0,0,0,0,0,0,,,,,none,4,500,0,1,False,False,0,0,,,,,,,,,,
2026-07-25T20:51:44Z,469,P2-C1,P2,0x927EB9E0,12,Ryu,True,True,current_and_ceiling_heal,48000,48000,43001,44421,1420,43001,44421,1420,0,0,0,0,0,0,,,,,none,4,0,0,0,False,False,0,0,,,,,,,,,,
2026-07-25T20:51:45Z,471,P2-C1,P2,0x927EB9E0,12,Ryu,True,True,normal_damage_red_generation,48000,48000,44421,41331,-3090,44421,42568,-1853,0,1237,1237,3090,1853,1237,1854,1236,1,False,medium,4,0,0,0,False,False,0,0,,,,,,,,,,difference can indicate multiple native damage requests between GUI samples
2026-07-25T20:51:45Z,472,P2-C1,P2,0x927EB9E0,12,Ryu,True,True,normal_damage_red_generation,48000,48000,41331,37761,-3570,42568,40426,-2142,1237,2665,1428,3570,2142,1428,2142,1428,0,True,medium,4,0,0,0,False,False,0,0,,,,,,,,,,
2026-07-25T20:51:46Z,483,P2-C1,P2,0x927EB9E0,12,Ryu,True,True,mixed_heal,48000,48000,37761,40761,3000,40426,40761,335,2665,0,-2665,0,0,0,,,,,none,4,500,0,1,False,False,0,0,,,,,,,,,,
2026-07-25T20:51:47Z,484,P2-C1,P2,0x927EB9E0,12,Ryu,True,True,unknown_health_transition,48000,48000,40761,40427,-334,40761,40929,168,0,502,502,334,0,502,,,,,none,4,0,0,0,False,False,0,0,,,,,,,,,,
2026-07-25T20:51:47Z,485,P2-C1,P2,0x927EB9E0,12,Ryu,True,True,normal_damage_red_generation,48000,48000,40427,38591,-1836,40929,39828,-1101,502,1237,735,1836,1101,735,1101,735,0,True,medium,4,0,0,0,False,False,0,0,,,,,,,,,,
2026-07-25T20:51:47Z,486,P2-C1,P2,0x927EB9E0,12,Ryu,True,True,normal_damage_red_generation,48000,48000,38591,35021,-3570,39828,37686,-2142,1237,2665,1428,3570,2142,1428,2142,1428,0,True,medium,4,0,0,0,False,False,0,0,,,,,,,,,,
2026-07-25T20:51:48Z,491,P2-C1,P2,0x927EB9E0,12,Ryu,True,True,normal_damage_red_generation,48000,48000,35021,33941,-1080,37686,37038,-648,2665,3097,432,1080,648,432,648,432,0,True,medium,4,0,0,0,False,False,0,0,,,,,,,,,,
2026-07-25T20:51:49Z,492,P2-C1,P2,0x927EB9E0,12,Ryu,True,True,normal_damage_red_generation,48000,48000,33941,32687,-1254,37038,36286,-752,3097,3599,502,1254,752,502,752,502,0,True,medium,4,0,0,0,False,False,0,0,,,,,,,,,,
2026-07-25T20:51:49Z,493,P2-C1,P2,0x927EB9E0,12,Ryu,True,True,normal_damage_red_generation,48000,48000,32687,30851,-1836,36286,35185,-1101,3599,4334,735,1836,1101,735,1101,735,0,True,medium,4,0,0,0,False,False,0,0,,,,,,,,,,
2026-07-25T20:51:50Z,501,P2-C1,P2,0x927EB9E0,12,Ryu,True,True,recoverable_heal,48000,48000,30851,32851,2000,35185,35185,0,4334,2334,-2000,0,0,0,,,,,none,4,500,0,1,False,False,0,0,,,,,,,,,,
2026-07-25T20:51:51Z,502,P2-C1,P2,0x927EB9E0,12,Ryu,True,True,mixed_heal,48000,48000,32851,44851,12000,35185,44851,9666,2334,0,-2334,0,0,0,,,,,none,4,500,0,1,False,False,0,0,,,,,,,,,,
2026-07-25T20:51:51Z,503,P2-C1,P2,0x927EB9E0,12,Ryu,True,True,current_and_ceiling_heal,48000,48000,44851,47851,3000,44851,47851,3000,0,0,0,0,0,0,,,,,none,4,500,0,1,False,False,0,0,,,,,,,,,,
2026-07-25T20:51:51Z,504,P2-C1,P2,0x927EB9E0,12,Ryu,True,True,full_health_reset,48000,48000,47851,48000,149,47851,48000,149,0,0,0,0,0,0,,,,,none,4,0,0,0,False,False,0,0,,,,,,,,,,
2026-07-25T20:51:52Z,516,P2-C1,P2,0x927EB9E0,12,Ryu,True,True,normal_damage_red_generation,48000,48000,48000,44640,-3360,48000,45984,-2016,0,1344,1344,3360,2016,1344,2016,1344,0,True,medium,4,0,0,0,False,False,0,0,,,,,,,,,,
2026-07-25T20:51:53Z,518,P2-C1,P2,0x927EB9E0,12,Ryu,True,True,normal_damage_red_generation,48000,48000,44640,43560,-1080,45984,45336,-648,1344,1776,432,1080,648,432,648,432,0,True,medium,4,0,0,0,False,False,0,0,,,,,,,,,,
2026-07-25T20:51:54Z,520,P2-C1,P2,0x927EB9E0,12,Ryu,True,True,normal_damage_red_generation,48000,48000,43560,40470,-3090,45336,43483,-1853,1776,3013,1237,3090,1853,1237,1854,1236,1,False,medium,4,0,0,0,False,False,0,0,,,,,,,,,,difference can indicate multiple native damage requests between GUI samples
2026-07-25T20:51:54Z,521,P2-C1,P2,0x927EB9E0,12,Ryu,True,True,normal_damage_red_generation,48000,48000,40470,36900,-3570,43483,41341,-2142,3013,4441,1428,3570,2142,1428,2142,1428,0,True,medium,4,0,0,0,False,False,0,0,,,,,,,,,,
2026-07-25T20:51:54Z,522,P2-C1,P2,0x927EB9E0,12,Ryu,True,True,normal_damage_red_generation,48000,48000,36900,34022,-2878,41341,39615,-1726,4441,5593,1152,2878,1726,1152,1726,1152,0,True,medium,4,0,0,0,False,False,0,0,,,,,,,,,,
2026-07-25T20:51:55Z,524,P2-C1,P2,0x927EB9E0,12,Ryu,True,True,normal_damage_red_generation,48000,48000,34022,33124,-898,39615,39077,-538,5593,5953,360,898,538,360,538,360,0,True,medium,4,0,0,0,False,False,0,0,,,,,,,,,,
2026-07-25T20:51:55Z,525,P2-C1,P2,0x927EB9E0,12,Ryu,True,True,normal_damage_red_generation,48000,48000,33124,31592,-1532,39077,38158,-919,5953,6566,613,1532,919,613,919,613,0,True,medium,4,0,0,0,False,False,0,0,,,,,,,,,,
2026-07-25T20:51:56Z,526,P1-C1,P1,0x9246B9C0,19,Roll,True,True,baroque_consume,40000,40000,36000,36000,0,40000,36000,-4000,4000,0,-4000,0,4000,0,,-4000,0,True,high,3,0,0,0,False,True,4000,4000,,,,,,,,,,
2026-07-25T20:51:56Z,526,P2-C1,P2,0x927EB9E0,12,Ryu,True,True,normal_damage_red_generation,48000,48000,31592,28414,-3178,38158,36252,-1906,6566,7838,1272,3178,1906,1272,1906,1272,0,True,medium,4,0,0,0,False,False,0,0,,,,,,,,,,
2026-07-25T20:51:57Z,536,P1-C1,P1,0x9246B9C0,19,Roll,True,True,recoverable_ceiling_gain,40000,40000,36000,36000,0,36000,40000,4000,0,4000,4000,0,0,4000,,,,,none,3,0,0,0,True,False,4000,4000,,,,,,,,,,
2026-07-25T20:51:58Z,546,P2-C1,P2,0x927EB9E0,12,Ryu,True,True,recoverable_heal,48000,48000,28414,30914,2500,36252,36252,0,7838,5338,-2500,0,0,0,,,,,none,4,500,0,1,False,False,0,0,,,,,,,,,,
2026-07-25T20:51:59Z,547,P2-C1,P2,0x927EB9E0,12,Ryu,True,True,mixed_heal,48000,48000,30914,43414,12500,36252,43414,7162,5338,0,-5338,0,0,0,,,,,none,4,500,0,1,False,False,0,0,,,,,,,,,,
2026-07-25T20:51:59Z,548,P2-C1,P2,0x927EB9E0,12,Ryu,True,True,current_and_ceiling_heal,48000,48000,43414,46414,3000,43414,46414,3000,0,0,0,0,0,0,,,,,none,4,500,0,1,False,False,0,0,,,,,,,,,,
2026-07-25T20:51:59Z,549,P2-C1,P2,0x927EB9E0,12,Ryu,True,True,full_health_reset,48000,48000,46414,48000,1586,46414,48000,1586,0,0,0,0,0,0,,,,,none,4,0,0,0,False,False,0,0,,,,,,,,,,
2026-07-25T20:56:18Z,2596,P1-C1,P1,0x9246B9C0,19,Roll,True,True,recoverable_heal,40000,40000,36000,36500,500,40000,40000,0,4000,3500,-500,0,0,0,,,,,none,3,500,0,1,False,False,4000,4000,,,,,,,,,,
2026-07-25T20:56:18Z,2597,P1-C1,P1,0x9246B9C0,19,Roll,True,True,current_only_damage_or_cost,40000,40000,36500,36000,-500,40000,40000,0,3500,4000,500,500,0,500,,500,0,True,medium,3,500,0,1,False,False,4000,4000,,,,,,,,,,
2026-07-25T20:58:04Z,3487,P1-C1,P1,0x9246B9C0,19,Roll,True,True,recoverable_heal,40000,40000,36000,36500,500,40000,40000,0,4000,3500,-500,0,0,0,,,,,none,3,500,0,1,False,False,4000,4000,,,,,,,,,,
2026-07-25T20:58:05Z,3488,P1-C1,P1,0x9246B9C0,19,Roll,True,True,current_only_damage_or_cost,40000,40000,36500,36000,-500,40000,40000,0,3500,4000,500,500,0,500,,500,0,True,medium,3,500,0,1,False,False,4000,4000,,,,,,,,,,
2026-07-25T21:07:16Z,5,P2-C1,P2,0x927EB9E0,12,Ryu,True,True,normal_damage_red_generation,48000,48000,48000,46920,-1080,48000,47352,-648,0,432,432,1080,648,432,648,432,0,True,medium,4,0,0,0,False,False,0,0,,,,,,,,,,
2026-07-25T21:07:18Z,8,P2-C1,P2,0x927EB9E0,12,Ryu,True,True,full_health_reset,48000,48000,46920,48000,1080,47352,48000,648,432,0,-432,0,0,0,,,,,none,4,0,0,0,False,False,0,0,,,,,,,,,,
2026-07-25T21:08:43Z,712,P2-C1,P2,0x927EB9E0,12,Ryu,True,True,normal_damage_red_generation,48000,48000,48000,43800,-4200,48000,45480,-2520,0,1680,1680,4200,2520,1680,2520,1680,0,True,medium,4,0,0,0,False,False,0,0,,,,,,,,,,
2026-07-25T21:08:44Z,728,P2-C1,P2,0x927EB9E0,12,Ryu,True,True,mixed_heal,48000,48000,43800,46300,2500,45480,46300,820,1680,0,-1680,0,0,0,,,,,none,4,500,0,1,False,False,0,0,,,,,,,,,,
2026-07-25T21:08:45Z,729,P2-C1,P2,0x927EB9E0,12,Ryu,True,True,full_health_reset,48000,48000,46300,48000,1700,46300,48000,1700,0,0,0,0,0,0,,,,,none,4,0,0,0,False,False,0,0,,,,,,,,,,
2026-07-25T21:08:45Z,731,P1-C1,P1,0x9246B9C0,19,Roll,True,True,ten_percent_current_only_cost,40000,40000,40000,36000,-4000,40000,40000,0,0,4000,4000,4000,0,4000,,4000,0,True,high,3,0,0,0,False,False,4000,4000,,,,,,,,,,
2026-07-25T21:08:48Z,756,P2-C1,P2,0x927EB9E0,12,Ryu,True,True,normal_damage_red_generation,48000,48000,48000,46920,-1080,48000,47352,-648,0,432,432,1080,648,432,648,432,0,True,medium,4,0,0,0,False,False,0,0,,,,,,,,,,
2026-07-25T21:08:49Z,759,P2-C1,P2,0x927EB9E0,12,Ryu,True,True,normal_damage_red_generation,48000,48000,46920,45840,-1080,47352,46704,-648,432,864,432,1080,648,432,648,432,0,True,medium,4,0,0,0,False,False,0,0,,,,,,,,,,
2026-07-25T21:08:49Z,760,P2-C1,P2,0x927EB9E0,12,Ryu,True,True,normal_damage_red_generation,48000,48000,45840,42750,-3090,46704,44851,-1853,864,2101,1237,3090,1853,1237,1854,1236,1,False,medium,4,0,0,0,False,False,0,0,,,,,,,,,,difference can indicate multiple native damage requests between GUI samples
2026-07-25T21:08:50Z,765,P2-C1,P2,0x927EB9E0,12,Ryu,True,True,recoverable_heal,48000,48000,42750,43750,1000,44851,44851,0,2101,1101,-1000,0,0,0,,,,,none,4,500,0,1,False,False,0,0,,,,,,,,,,
2026-07-25T21:08:51Z,766,P2-C1,P2,0x927EB9E0,12,Ryu,True,True,mixed_heal,48000,48000,43750,44416,666,44851,44918,67,1101,502,-599,0,0,0,,,,,none,4,0,0,0,False,False,0,0,,,,,,,,,,
2026-07-25T21:08:51Z,767,P2-C1,P2,0x927EB9E0,12,Ryu,True,True,normal_damage_red_generation,48000,48000,44416,42580,-1836,44918,43817,-1101,502,1237,735,1836,1101,735,1101,735,0,True,medium,4,0,0,0,False,False,0,0,,,,,,,,,,
2026-07-25T21:08:51Z,768,P2-C1,P2,0x927EB9E0,12,Ryu,True,True,normal_damage_red_generation,48000,48000,42580,39010,-3570,43817,41675,-2142,1237,2665,1428,3570,2142,1428,2142,1428,0,True,medium,4,0,0,0,False,False,0,0,,,,,,,,,,
2026-07-25T21:08:52Z,770,P2-C1,P2,0x927EB9E0,12,Ryu,True,True,normal_damage_red_generation,48000,48000,39010,35410,-3600,41675,39515,-2160,2665,4105,1440,3600,2160,1440,2160,1440,0,True,medium,4,0,0,0,False,False,0,0,,,,,,,,,,
2026-07-25T21:08:52Z,771,P2-C1,P2,0x927EB9E0,12,Ryu,True,True,normal_damage_red_generation,48000,48000,35410,34288,-1122,39515,38842,-673,4105,4554,449,1122,673,449,673,449,0,True,medium,4,0,0,0,False,False,0,0,,,,,,,,,,
2026-07-25T21:08:53Z,772,P2-C1,P2,0x927EB9E0,12,Ryu,True,True,normal_damage_red_generation,48000,48000,34288,32325,-1963,38842,37665,-1177,4554,5340,786,1963,1177,786,1177,786,0,True,medium,4,0,0,0,False,False,0,0,,,,,,,,,,
2026-07-25T21:08:54Z,776,P2-C1,P2,0x927EB9E0,12,Ryu,True,True,normal_damage_red_generation,48000,48000,32325,31245,-1080,37665,37017,-648,5340,5772,432,1080,648,432,648,432,0,True,medium,4,0,0,0,False,False,0,0,,,,,,,,,,
2026-07-25T21:08:54Z,778,P2-C1,P2,0x927EB9E0,12,Ryu,True,True,normal_damage_red_generation,48000,48000,31245,24585,-6660,37017,33022,-3995,5772,8437,2665,6660,3995,2665,3996,2664,1,False,medium,4,0,0,0,False,False,0,0,,,,,,,,,,difference can indicate multiple native damage requests between GUI samples
2026-07-25T21:08:56Z,784,P2-C1,P2,0x927EB9E0,12,Ryu,True,True,normal_damage_red_generation,48000,48000,24585,23505,-1080,33022,32374,-648,8437,8869,432,1080,648,432,648,432,0,True,medium,4,0,0,0,False,False,0,0,,,,,,,,,,
2026-07-25T21:08:56Z,785,P2-C1,P2,0x927EB9E0,12,Ryu,True,True,normal_damage_red_generation,48000,48000,23505,20415,-3090,32374,30521,-1853,8869,10106,1237,3090,1853,1237,1854,1236,1,False,medium,4,0,0,0,False,False,0,0,,,,,,,,,,difference can indicate multiple native damage requests between GUI samples
2026-07-25T21:08:57Z,786,P2-C1,P2,0x927EB9E0,12,Ryu,True,True,normal_damage_red_generation,48000,48000,20415,16845,-3570,30521,28379,-2142,10106,11534,1428,3570,2142,1428,2142,1428,0,True,medium,4,0,0,0,False,False,0,0,,,,,,,,,,
2026-07-25T21:08:57Z,787,P2-C1,P2,0x927EB9E0,12,Ryu,True,True,normal_damage_red_generation,48000,48000,16845,13967,-2878,28379,26653,-1726,11534,12686,1152,2878,1726,1152,1726,1152,0,True,medium,4,0,0,0,False,False,0,0,,,,,,,,,,
2026-07-25T21:08:57Z,788,P2-C1,P2,0x927EB9E0,12,Ryu,True,True,normal_damage_red_generation,48000,48000,13967,13110,-857,26653,26139,-514,12686,13029,343,857,514,343,514,343,0,True,medium,4,0,0,0,False,False,0,0,,,,,,,,,,
2026-07-25T21:08:58Z,789,P2-C1,P2,0x927EB9E0,12,Ryu,True,True,normal_damage_red_generation,48000,48000,13110,11604,-1506,26139,25236,-903,13029,13632,603,1506,903,603,903,603,0,True,medium,4,0,0,0,False,False,0,0,,,,,,,,,,
2026-07-25T21:08:58Z,790,P2-C1,P2,0x927EB9E0,12,Ryu,True,True,normal_damage_red_generation,48000,48000,11604,9104,-2500,25236,23736,-1500,13632,14632,1000,2500,1500,1000,1500,1000,0,True,medium,4,0,0,0,False,False,0,0,,,,,,,,,,
2026-07-25T21:09:00Z,800,P2-C1,P2,0x927EB9E0,12,Ryu,True,True,normal_damage_red_generation,48000,48000,9104,8240,-864,23736,23218,-518,14632,14978,346,864,518,346,518,346,0,True,medium,4,0,0,0,False,False,0,0,,,,,,,,,,
2026-07-25T21:09:00Z,801,P2-C1,P2,0x927EB9E0,12,Ryu,True,True,normal_damage_red_generation,48000,48000,8240,7237,-1003,23218,22617,-601,14978,15380,402,1003,601,402,601,402,0,True,medium,4,0,0,0,False,False,0,0,,,,,,,,,,
2026-07-25T21:09:01Z,802,P2-C1,P2,0x927EB9E0,12,Ryu,True,True,normal_damage_red_generation,48000,48000,7237,5769,-1468,22617,21737,-880,15380,15968,588,1468,880,588,880,588,0,True,medium,4,0,0,0,False,False,0,0,,,,,,,,,,
2026-07-25T21:09:01Z,803,P2-C1,P2,0x927EB9E0,12,Ryu,True,True,normal_damage_red_generation,48000,48000,5769,3270,-2499,21737,20238,-1499,15968,16968,1000,2499,1499,1000,1499,1000,0,True,medium,4,0,0,0,False,False,0,0,,,,,,,,,,
2026-07-25T21:09:01Z,804,P2-C1,P2,0x927EB9E0,12,Ryu,True,True,normal_damage_red_generation,48000,48000,3270,685,-2585,20238,18688,-1550,16968,18003,1035,2585,1550,1035,1551,1034,1,False,medium,4,0,0,0,False,False,0,0,,,,,,,,,,difference can indicate multiple native damage requests between GUI samples
2026-07-25T21:09:02Z,805,P2-C1,P2,0x927EB9E0,12,Ryu,True,True,normal_damage_red_generation,48000,48000,685,1,-684,18688,18063,-625,18003,18062,59,684,625,59,410,274,-215,False,medium,4,0,0,0,False,False,0,0,,,,,,,,,,difference can indicate multiple native damage requests between GUI samples
2026-07-25T21:09:02Z,806,P1-C1,P1,0x9246B9C0,19,Roll,True,True,baroque_consume,40000,40000,36000,36000,0,40000,36000,-4000,4000,0,-4000,0,4000,0,,-4000,0,True,high,3,0,0,0,False,True,4000,4000,,,,,,,,,,
2026-07-25T21:09:02Z,806,P2-C1,P2,0x927EB9E0,12,Ryu,True,True,ceiling_loss,48000,48000,1,1,0,18063,16764,-1299,18062,16763,-1299,0,1299,0,,,,,none,4,0,0,0,False,False,0,0,,,,,,,,,,
2026-07-25T21:09:03Z,808,P2-C1,P2,0x927EB9E0,12,Ryu,True,True,ceiling_loss,48000,48000,1,1,0,16764,16339,-425,16763,16338,-425,0,425,0,,,,,none,4,0,0,0,False,False,0,0,,,,,,,,,,
2026-07-25T21:09:03Z,811,P1-C1,P1,0x9246B9C0,19,Roll,True,True,recoverable_ceiling_gain,40000,40000,36000,36000,0,36000,40000,4000,0,4000,4000,0,0,4000,,,,,none,3,0,0,0,True,False,4000,4000,,,,,,,,,,
2026-07-25T21:09:05Z,818,P2-C1,P2,0x927EB9E0,12,Ryu,True,True,recoverable_heal,48000,48000,1,2501,2500,16339,16339,0,16338,13838,-2500,0,0,0,,,,,none,4,500,0,1,False,False,0,0,,,,,,,,,,
2026-07-25T21:09:05Z,819,P2-C1,P2,0x927EB9E0,12,Ryu,True,True,recoverable_heal,48000,48000,2501,14501,12000,16339,16339,0,13838,1838,-12000,0,0,0,,,,,none,4,500,0,1,False,False,0,0,,,,,,,,,,
2026-07-25T21:09:05Z,820,P2-C1,P2,0x927EB9E0,12,Ryu,True,True,mixed_heal,48000,48000,14501,23501,9000,16339,23501,7162,1838,0,-1838,0,0,0,,,,,none,4,500,0,1,False,False,0,0,,,,,,,,,,
2026-07-25T21:09:05Z,821,P1-C1,P1,0x9246B9C0,19,Roll,True,True,recoverable_heal,40000,40000,36000,39500,3500,40000,40000,0,4000,500,-3500,0,0,0,,,,,none,3,0,0,0,False,False,4000,4000,,,,,,,,,,
2026-07-25T21:09:05Z,821,P2-C1,P2,0x927EB9E0,12,Ryu,True,True,current_and_ceiling_heal,48000,48000,23501,27001,3500,23501,27001,3500,0,0,0,0,0,0,,,,,none,4,500,0,1,False,False,0,0,,,,,,,,,,
2026-07-25T21:09:06Z,822,P1-C1,P1,0x9246B9C0,19,Roll,True,True,recoverable_heal,40000,40000,39500,40000,500,40000,40000,0,500,0,-500,0,0,0,,,,,none,3,0,0,0,False,False,4000,4000,,,,,,,,,,
2026-07-25T21:09:06Z,822,P2-C1,P2,0x927EB9E0,12,Ryu,True,True,current_and_ceiling_heal,48000,48000,27001,40501,13500,27001,40501,13500,0,0,0,0,0,0,,,,,none,4,500,0,1,False,False,0,0,,,,,,,,,,
2026-07-25T21:09:06Z,823,P2-C1,P2,0x927EB9E0,12,Ryu,True,True,full_health_reset,48000,48000,40501,48000,7499,40501,48000,7499,0,0,0,0,0,0,,,,,none,4,0,0,0,False,False,0,0,,,,,,,,,,
2026-07-25T21:09:07Z,833,P2-C1,P2,0x927EB9E0,12,Ryu,True,True,normal_damage_red_generation,48000,48000,48000,46200,-1800,48000,46920,-1080,0,720,720,1800,1080,720,1080,720,0,True,high,4,0,0,0,False,False,0,0,P1-C1,19,Roll,311,Bucket B,0,100,0x00000009,0x00000040,
2026-07-25T21:09:09Z,844,P2-C1,P2,0x927EB9E0,12,Ryu,True,True,normal_damage_red_generation,48000,48000,46200,44148,-2052,46920,45689,-1231,720,1541,821,2052,1231,821,1231,821,0,True,high,4,0,0,0,False,False,0,0,P1-C1,19,Roll,353,Mop up Turbo,0,100,0x00000009,0x00000040,
2026-07-25T21:09:10Z,845,P2-C1,P2,0x927EB9E0,12,Ryu,True,True,normal_damage_red_generation,48000,48000,44148,38642,-5506,45689,42387,-3302,1541,3745,2204,5506,3302,2204,3303,2203,1,False,medium,4,0,0,0,False,False,0,0,P1-C1,19,Roll,353,Mop up Turbo,0,100,0x00000009,0x00000040,difference can indicate multiple native damage requests between GUI samples
2026-07-25T21:09:10Z,846,P2-C1,P2,0x927EB9E0,12,Ryu,True,True,normal_damage_red_generation,48000,48000,38642,35514,-3128,42387,40511,-1876,3745,4997,1252,3128,1876,1252,1876,1252,0,True,medium,4,0,0,0,False,False,0,0,P1-C1,19,Roll,353,Mop up Turbo,0,100,0x00000009,0x00000040,
2026-07-25T21:09:10Z,847,P2-C1,P2,0x927EB9E0,12,Ryu,True,True,normal_damage_red_generation,48000,48000,35514,34112,-1402,40511,39670,-841,4997,5558,561,1402,841,561,841,561,0,True,medium,4,0,0,0,False,False,0,0,P1-C1,19,Roll,353,Mop up Turbo,0,100,0x00000009,0x00000040,
2026-07-25T21:09:11Z,848,P2-C1,P2,0x927EB9E0,12,Ryu,True,True,normal_damage_red_generation,48000,48000,34112,30554,-3558,39670,37537,-2133,5558,6983,1425,3558,2133,1425,2134,1424,1,False,medium,4,0,0,0,False,False,0,0,P1-C1,19,Roll,353,Mop up Turbo,0,100,0x00000009,0x00000040,difference can indicate multiple native damage requests between GUI samples
2026-07-25T21:09:11Z,852,P2-C1,P2,0x927EB9E0,12,Ryu,True,True,normal_damage_red_generation,48000,48000,30554,23354,-7200,37537,33217,-4320,6983,9863,2880,7200,4320,2880,4320,2880,0,True,medium,4,0,0,0,False,False,0,0,P1-C1,19,Roll,353,Mop up Turbo,0,100,0x00000009,0x00000040,
2026-07-25T21:09:13Z,864,P2-C1,P2,0x927EB9E0,12,Ryu,True,True,normal_damage_red_generation,48000,48000,23354,22274,-1080,33217,32569,-648,9863,10295,432,1080,648,432,648,432,0,True,medium,4,0,0,0,False,False,0,0,,,,,,,,,,
2026-07-25T21:09:14Z,865,P2-C1,P2,0x927EB9E0,12,Ryu,True,True,normal_damage_red_generation,48000,48000,22274,19184,-3090,32569,30716,-1853,10295,11532,1237,3090,1853,1237,1854,1236,1,False,medium,4,0,0,0,False,False,0,0,,,,,,,,,,difference can indicate multiple native damage requests between GUI samples
2026-07-25T21:09:14Z,867,P2-C1,P2,0x927EB9E0,12,Ryu,True,True,normal_damage_red_generation,48000,48000,19184,15614,-3570,30716,28574,-2142,11532,12960,1428,3570,2142,1428,2142,1428,0,True,medium,4,-2878,-1726,0,False,False,0,0,,,,,,,,,,
2026-07-25T21:09:15Z,868,P2-C1,P2,0x927EB9E0,12,Ryu,True,True,normal_damage_red_generation,48000,48000,15614,11888,-3726,28574,26340,-2234,12960,14452,1492,3726,2234,1492,2235,1491,1,False,medium,4,0,0,0,False,False,0,0,,,,,,,,,,difference can indicate multiple native damage requests between GUI samples
2026-07-25T21:09:16Z,870,P2-C1,P2,0x927EB9E0,12,Ryu,True,True,normal_damage_red_generation,48000,48000,11888,7050,-4838,26340,23438,-2902,14452,16388,1936,4838,2902,1936,2902,1936,0,True,medium,4,0,0,0,False,False,0,0,,,,,,,,,,
2026-07-25T21:09:18Z,882,P2-C1,P2,0x927EB9E0,12,Ryu,True,True,normal_damage_red_generation,48000,48000,7050,6186,-864,23438,22920,-518,16388,16734,346,864,518,346,518,346,0,True,medium,4,0,0,0,False,False,0,0,,,,,,,,,,
2026-07-25T21:09:18Z,883,P2-C1,P2,0x927EB9E0,12,Ryu,True,True,normal_damage_red_generation,48000,48000,6186,3898,-2288,22920,21548,-1372,16734,17650,916,2288,1372,916,1372,916,0,True,medium,4,0,0,0,False,False,0,0,,,,,,,,,,
2026-07-25T21:09:19Z,884,P2-C1,P2,0x927EB9E0,12,Ryu,True,True,normal_damage_red_generation,48000,48000,3898,1399,-2499,21548,20049,-1499,17650,18650,1000,2499,1499,1000,1499,1000,0,True,medium,4,0,0,0,False,False,0,0,,,,,,,,,,
2026-07-25T21:09:19Z,886,P2-C1,P2,0x927EB9E0,12,Ryu,True,True,normal_damage_red_generation,48000,48000,1399,1,-1398,20049,18495,-1554,18650,18494,-156,1398,1554,0,838,560,-560,False,medium,4,0,0,0,False,False,0,0,,,,,,,,,,difference can indicate multiple native damage requests between GUI samples
2026-07-25T21:09:20Z,887,P2-C1,P2,0x927EB9E0,12,Ryu,True,True,ceiling_loss,48000,48000,1,1,0,18495,17863,-632,18494,17862,-632,0,632,0,,,,,none,4,0,0,0,False,False,0,0,,,,,,,,,,
2026-07-25T21:09:20Z,888,P2-C1,P2,0x927EB9E0,12,Ryu,True,True,ceiling_loss,48000,48000,1,1,0,17863,15967,-1896,17862,15966,-1896,0,1896,0,,,,,none,4,0,0,0,False,False,0,0,,,,,,,,,,
2026-07-25T21:09:21Z,891,P2-C1,P2,0x927EB9E0,12,Ryu,True,True,ceiling_loss,48000,48000,1,1,0,15967,15543,-424,15966,15542,-424,0,424,0,,,,,none,4,0,0,0,False,False,0,0,,,,,,,,,,
2026-07-25T21:09:22Z,893,P2-C1,P2,0x927EB9E0,12,Ryu,True,True,ceiling_loss,48000,48000,1,1,0,15543,13976,-1567,15542,13975,-1567,0,1567,0,,,,,none,4,0,0,0,False,False,0,0,,,,,,,,,,
2026-07-25T21:09:24Z,904,P2-C1,P2,0x927EB9E0,12,Ryu,True,True,recoverable_heal,48000,48000,1,1501,1500,13976,13976,0,13975,12475,-1500,0,0,0,,,,,none,4,500,0,1,False,False,0,0,,,,,,,,,,
2026-07-25T21:09:24Z,905,P2-C1,P2,0x927EB9E0,12,Ryu,True,True,recoverable_heal,48000,48000,1501,13501,12000,13976,13976,0,12475,475,-12000,0,0,0,,,,,none,4,500,0,1,False,False,0,0,,,,,,,,,,
2026-07-25T21:09:24Z,906,P2-C1,P2,0x927EB9E0,12,Ryu,True,True,mixed_heal,48000,48000,13501,21501,8000,13976,21501,7525,475,0,-475,0,0,0,,,,,none,4,500,0,1,False,False,0,0,,,,,,,,,,
2026-07-25T21:09:24Z,907,P2-C1,P2,0x927EB9E0,12,Ryu,True,True,current_and_ceiling_heal,48000,48000,21501,25001,3500,21501,25001,3500,0,0,0,0,0,0,,,,,none,4,500,0,1,False,False,0,0,,,,,,,,,,
2026-07-25T21:09:25Z,908,P2-C1,P2,0x927EB9E0,12,Ryu,True,True,current_and_ceiling_heal,48000,48000,25001,37001,12000,25001,37001,12000,0,0,0,0,0,0,,,,,none,4,500,0,1,False,False,0,0,,,,,,,,,,
2026-07-25T21:09:25Z,909,P2-C1,P2,0x927EB9E0,12,Ryu,True,True,current_and_ceiling_heal,48000,48000,37001,44501,7500,37001,44501,7500,0,0,0,0,0,0,,,,,none,4,500,0,1,False,False,0,0,,,,,,,,,,
2026-07-25T21:09:25Z,910,P2-C1,P2,0x927EB9E0,12,Ryu,True,True,full_health_reset,48000,48000,44501,48000,3499,44501,48000,3499,0,0,0,0,0,0,,,,,none,4,0,0,0,False,False,0,0,,,,,,,,,,
2026-07-25T21:09:26Z,911,P2-C1,P2,0x927EB9E0,12,Ryu,True,True,normal_damage_red_generation,48000,48000,48000,41250,-6750,48000,43950,-4050,0,2700,2700,6750,4050,2700,4050,2700,0,True,medium,4,0,0,0,False,False,0,0,,,,,,,,,,
2026-07-25T21:09:28Z,919,P2-C1,P2,0x927EB9E0,12,Ryu,True,True,normal_damage_red_generation,48000,48000,41250,39306,-1944,43950,42784,-1166,2700,3478,778,1944,1166,778,1166,778,0,True,medium,4,0,0,0,False,False,0,0,,,,,,,,,,
2026-07-25T21:09:28Z,920,P2-C1,P2,0x927EB9E0,12,Ryu,True,True,normal_damage_red_generation,48000,48000,39306,34126,-5180,42784,39678,-3106,3478,5552,2074,5180,3106,2074,3108,2072,2,False,medium,4,0,0,0,False,False,0,0,,,,,,,,,,difference can indicate multiple native damage requests between GUI samples
2026-07-25T21:09:28Z,921,P2-C1,P2,0x927EB9E0,12,Ryu,True,True,normal_damage_red_generation,48000,48000,34126,32616,-1510,39678,38772,-906,5552,6156,604,1510,906,604,906,604,0,True,medium,4,-1402,-841,0,False,False,0,0,,,,,,,,,,
2026-07-25T21:09:28Z,922,P2-C1,P2,0x927EB9E0,12,Ryu,True,True,normal_damage_red_generation,48000,48000,32616,31214,-1402,38772,37931,-841,6156,6717,561,1402,841,561,841,561,0,True,medium,4,0,0,0,False,False,0,0,,,,,,,,,,
2026-07-25T21:09:28Z,923,P2-C1,P2,0x927EB9E0,12,Ryu,True,True,normal_damage_red_generation,48000,48000,31214,29920,-1294,37931,37155,-776,6717,7235,518,1294,776,518,776,518,0,True,medium,4,0,0,0,False,False,0,0,,,,,,,,,,
2026-07-25T21:09:29Z,924,P2-C1,P2,0x927EB9E0,12,Ryu,True,True,normal_damage_red_generation,48000,48000,29920,26686,-3234,37155,35216,-1939,7235,8530,1295,3234,1939,1295,1940,1294,1,False,medium,4,-862,-517,0,False,False,0,0,,,,,,,,,,difference can indicate multiple native damage requests between GUI samples
2026-07-25T21:09:29Z,925,P2-C1,P2,0x927EB9E0,12,Ryu,True,True,normal_damage_red_generation,48000,48000,26686,25824,-862,35216,34699,-517,8530,8875,345,862,517,345,517,345,0,True,medium,4,0,0,0,False,False,0,0,,,,,,,,,,
2026-07-25T21:09:29Z,926,P2-C1,P2,0x927EB9E0,12,Ryu,True,True,normal_damage_red_generation,48000,48000,25824,25068,-756,34699,34246,-453,8875,9178,303,756,453,303,453,303,0,True,medium,4,-756,-453,0,False,False,0,0,,,,,,,,,,
2026-07-25T21:09:29Z,927,P2-C1,P2,0x927EB9E0,12,Ryu,True,True,normal_damage_red_generation,48000,48000,25068,24312,-756,34246,33793,-453,9178,9481,303,756,453,303,453,303,0,True,medium,4,0,0,0,False,False,0,0,,,,,,,,,,
2026-07-25T21:09:30Z,928,P2-C1,P2,0x927EB9E0,12,Ryu,True,True,normal_damage_red_generation,48000,48000,24312,22800,-1512,33793,32887,-906,9481,10087,606,1512,906,606,907,605,1,False,medium,4,0,0,0,False,False,0,0,,,,,,,,,,difference can indicate multiple native damage requests between GUI samples
2026-07-25T21:09:36Z,976,P1-C1,P1,0x9246B9C0,12,Ryu,True,True,fighter_reset_or_reloaded,40000,48000,40000,43200,3200,40000,48000,8000,0,4800,4800,0,0,4800,,,,,none,4,500,0,1,False,False,4000,0,,,,,,,,,,maximum health changed
2026-07-25T21:09:36Z,976,P1-C2,P1,0x92B6BA00,13,Chun-Li,False,False,fighter_reset_or_reloaded,44000,46000,44000,46000,2000,44000,46000,2000,0,0,0,0,0,0,,,,,none,4,4,0,0,False,False,0,0,,,,,,,,,,maximum health changed
2026-07-25T21:09:36Z,976,P2-C1,P2,0x927EB9E0,1,Ken the Eagle,True,True,fighter_reset_or_reloaded,48000,44000,22800,44000,21200,32887,44000,11113,10087,0,-10087,0,0,0,,,,,none,4,0,0,0,False,False,0,0,,,,,,,,,,maximum health changed
2026-07-25T21:09:40Z,989,P2-C1,P2,0x927EB9E0,1,Ken the Eagle,True,True,normal_damage_red_generation,44000,44000,44000,43200,-800,44000,43520,-480,0,320,320,800,480,320,480,320,0,True,medium,4,0,0,0,False,False,0,0,,,,,,,,,,
2026-07-25T21:09:40Z,990,P2-C1,P2,0x927EB9E0,1,Ken the Eagle,True,True,normal_damage_red_generation,44000,44000,43200,41220,-1980,43520,42333,-1187,320,1113,793,1980,1187,793,1188,792,1,False,medium,4,0,0,0,False,False,0,0,,,,,,,,,,difference can indicate multiple native damage requests between GUI samples
2026-07-25T21:09:41Z,991,P2-C1,P2,0x927EB9E0,1,Ken the Eagle,True,True,normal_damage_red_generation,44000,44000,41220,40064,-1156,42333,41640,-693,1113,1576,463,1156,693,463,693,463,0,True,medium,4,0,0,0,False,False,0,0,,,,,,,,,,
2026-07-25T21:09:41Z,992,P2-C1,P2,0x927EB9E0,1,Ken the Eagle,True,True,normal_damage_red_generation,44000,44000,40064,36282,-3782,41640,39372,-2268,1576,3090,1514,3782,2268,1514,2269,1513,1,False,medium,4,0,0,0,False,False,0,0,,,,,,,,,,difference can indicate multiple native damage requests between GUI samples
2026-07-25T21:09:42Z,994,P2-C1,P2,0x927EB9E0,1,Ken the Eagle,True,True,normal_damage_red_generation,44000,44000,36282,34730,-1552,39372,38441,-931,3090,3711,621,1552,931,621,931,621,0,True,medium,4,0,0,0,False,False,0,0,,,,,,,,,,
2026-07-25T21:09:43Z,998,P2-C1,P2,0x927EB9E0,1,Ken the Eagle,True,True,normal_damage_red_generation,44000,44000,34730,33930,-800,38441,37961,-480,3711,4031,320,800,480,320,480,320,0,True,medium,4,0,0,0,False,False,0,0,,,,,,,,,,
2026-07-25T21:09:44Z,999,P2-C1,P2,0x927EB9E0,1,Ken the Eagle,True,True,normal_damage_red_generation,44000,44000,33930,30794,-3136,37961,36081,-1880,4031,5287,1256,3136,1880,1256,1881,1255,1,False,medium,4,0,0,0,False,False,0,0,,,,,,,,,,difference can indicate multiple native damage requests between GUI samples
2026-07-25T21:09:45Z,1000,P2-C1,P2,0x927EB9E0,1,Ken the Eagle,True,True,normal_damage_red_generation,44000,44000,30794,28811,-1983,36081,34892,-1189,5287,6081,794,1983,1189,794,1189,794,0,True,medium,4,0,0,0,False,False,0,0,,,,,,,,,,
2026-07-25T21:09:46Z,1002,P2-C1,P2,0x927EB9E0,1,Ken the Eagle,True,True,normal_damage_red_generation,44000,44000,28811,28011,-800,34892,34412,-480,6081,6401,320,800,480,320,480,320,0,True,medium,4,0,0,0,False,False,0,0,,,,,,,,,,
2026-07-25T21:09:47Z,1003,P2-C1,P2,0x927EB9E0,1,Ken the Eagle,True,True,normal_damage_red_generation,44000,44000,28011,24875,-3136,34412,32532,-1880,6401,7657,1256,3136,1880,1256,1881,1255,1,False,medium,4,0,0,0,False,False,0,0,,,,,,,,,,difference can indicate multiple native damage requests between GUI samples
2026-07-25T21:09:48Z,1004,P2-C1,P2,0x927EB9E0,1,Ken the Eagle,True,True,normal_damage_red_generation,44000,44000,24875,21273,-3602,32532,30372,-2160,7657,9099,1442,3602,2160,1442,2161,1441,1,False,medium,4,0,0,0,False,False,0,0,,,,,,,,,,difference can indicate multiple native damage requests between GUI samples
2026-07-25T21:09:48Z,1005,P1-C1,P1,0x9246B9C0,12,Ryu,True,True,ceiling_loss,48000,48000,43200,43200,0,48000,43700,-4300,4800,500,-4300,0,4300,0,,,,,none,4,0,0,0,False,True,0,4800,,,,,,,,,,
2026-07-25T21:09:48Z,1005,P2-C1,P2,0x927EB9E0,1,Ken the Eagle,True,True,normal_damage_red_generation,44000,44000,21273,19314,-1959,30372,29197,-1175,9099,9883,784,1959,1175,784,1175,784,0,True,medium,4,0,0,0,False,False,0,0,,,,,,,,,,
2026-07-25T21:09:49Z,1006,P2-C1,P2,0x927EB9E0,1,Ken the Eagle,True,True,normal_damage_red_generation,44000,44000,19314,17276,-2038,29197,27975,-1222,9883,10699,816,2038,1222,816,1222,816,0,True,medium,4,0,0,0,False,False,0,0,,,,,,,,,,
2026-07-25T21:09:50Z,1007,P2-C1,P2,0x927EB9E0,1,Ken the Eagle,True,True,normal_damage_red_generation,44000,44000,17276,15564,-1712,27975,26948,-1027,10699,11384,685,1712,1027,685,1027,685,0,True,medium,4,0,0,0,False,False,0,0,,,,,,,,,,
2026-07-25T21:09:50Z,1009,P1-C1,P1,0x9246B9C0,12,Ryu,True,True,baroque_status_change,48000,48000,43200,43200,0,43700,43700,0,500,500,0,0,0,0,,,,,none,4,0,0,0,True,False,4800,4800,,,,,,,,,,
2026-07-25T21:09:51Z,1010,P1-C1,P1,0x9246B9C0,12,Ryu,True,True,recoverable_ceiling_gain,48000,48000,43200,43200,0,43700,48000,4300,500,4800,4300,0,0,4300,,,,,none,4,0,0,0,False,False,4800,4800,,,,,,,,,,
2026-07-25T21:09:51Z,1011,P2-C1,P2,0x927EB9E0,1,Ken the Eagle,True,True,recoverable_heal,44000,44000,15564,20064,4500,26948,26948,0,11384,6884,-4500,0,0,0,,,,,none,4,500,0,1,False,False,0,0,,,,,,,,,,
2026-07-25T21:09:51Z,1012,P2-C1,P2,0x927EB9E0,1,Ken the Eagle,True,True,recoverable_heal,44000,44000,20064,23564,3500,26948,26948,0,6884,3384,-3500,0,0,0,,,,,none,4,500,0,1,False,False,0,0,,,,,,,,,,
2026-07-25T21:09:52Z,1013,P2-C1,P2,0x927EB9E0,1,Ken the Eagle,True,True,mixed_heal,44000,44000,23564,27064,3500,26948,27064,116,3384,0,-3384,0,0,0,,,,,none,4,500,0,1,False,False,0,0,,,,,,,,,,
2026-07-25T21:09:52Z,1014,P2-C1,P2,0x927EB9E0,1,Ken the Eagle,True,True,current_and_ceiling_heal,44000,44000,27064,30564,3500,27064,30564,3500,0,0,0,0,0,0,,,,,none,4,500,0,1,False,False,0,0,,,,,,,,,,
2026-07-25T21:09:52Z,1015,P2-C1,P2,0x927EB9E0,1,Ken the Eagle,True,True,full_health_reset,44000,44000,30564,44000,13436,30564,44000,13436,0,0,0,0,0,0,,,,,none,4,0,0,0,False,False,0,0,,,,,,,,,,
2026-07-25T21:10:12Z,1221,P2-C1,P2,0x927EB9E0,1,Ken the Eagle,True,True,normal_damage_red_generation,44000,44000,44000,43200,-800,44000,43520,-480,0,320,320,800,480,320,480,320,0,True,medium,4,0,0,0,False,False,0,0,,,,,,,,,,
2026-07-25T21:10:13Z,1222,P2-C1,P2,0x927EB9E0,1,Ken the Eagle,True,True,normal_damage_red_generation,44000,44000,43200,40064,-3136,43520,41640,-1880,320,1576,1256,3136,1880,1256,1881,1255,1,False,medium,4,0,0,0,False,False,0,0,,,,,,,,,,difference can indicate multiple native damage requests between GUI samples
2026-07-25T21:10:13Z,1223,P2-C1,P2,0x927EB9E0,1,Ken the Eagle,True,True,normal_damage_red_generation,44000,44000,40064,38081,-1983,41640,40451,-1189,1576,2370,794,1983,1189,794,1189,794,0,True,medium,4,0,0,0,False,False,0,0,,,,,,,,,,
2026-07-25T21:10:15Z,1227,P2-C1,P2,0x927EB9E0,1,Ken the Eagle,True,True,normal_damage_red_generation,44000,44000,38081,36597,-1484,40451,39561,-890,2370,2964,594,1484,890,594,890,594,0,True,medium,4,0,0,0,False,False,0,0,,,,,,,,,,
2026-07-25T21:10:16Z,1228,P2-C1,P2,0x927EB9E0,1,Ken the Eagle,True,True,normal_damage_red_generation,44000,44000,36597,35301,-1296,39561,38784,-777,2964,3483,519,1296,777,519,777,519,0,True,medium,4,0,0,0,False,False,0,0,,,,,,,,,,
2026-07-25T21:10:16Z,1229,P2-C1,P2,0x927EB9E0,1,Ken the Eagle,True,True,normal_damage_red_generation,44000,44000,35301,33817,-1484,38784,37894,-890,3483,4077,594,1484,890,594,890,594,0,True,medium,4,0,0,0,False,False,0,0,,,,,,,,,,
2026-07-25T21:10:17Z,1230,P2-C1,P2,0x927EB9E0,1,Ken the Eagle,True,True,normal_damage_red_generation,44000,44000,33817,32521,-1296,37894,37117,-777,4077,4596,519,1296,777,519,777,519,0,True,medium,4,0,0,0,False,False,0,0,,,,,,,,,,
2026-07-25T21:10:18Z,1231,P2-C1,P2,0x927EB9E0,1,Ken the Eagle,True,True,normal_damage_red_generation,44000,44000,32521,31721,-800,37117,36637,-480,4596,4916,320,800,480,320,480,320,0,True,medium,4,0,0,0,False,False,0,0,,,,,,,,,,
2026-07-25T21:10:19Z,1233,P2-C1,P2,0x927EB9E0,1,Ken the Eagle,True,True,normal_damage_red_generation,44000,44000,31721,30921,-800,36637,36157,-480,4916,5236,320,800,480,320,480,320,0,True,medium,4,0,0,0,False,False,0,0,,,,,,,,,,
2026-07-25T21:10:20Z,1234,P2-C1,P2,0x927EB9E0,1,Ken the Eagle,True,True,normal_damage_red_generation,44000,44000,30921,30237,-684,36157,35747,-410,5236,5510,274,684,410,274,410,274,0,True,medium,4,0,0,0,False,False,0,0,,,,,,,,,,
2026-07-25T21:10:20Z,1235,P2-C1,P2,0x927EB9E0,1,Ken the Eagle,True,True,normal_damage_red_generation,44000,44000,30237,29437,-800,35747,35267,-480,5510,5830,320,800,480,320,480,320,0,True,medium,4,0,0,0,False,False,0,0,,,,,,,,,,
2026-07-25T21:10:21Z,1236,P2-C1,P2,0x927EB9E0,1,Ken the Eagle,True,True,normal_damage_red_generation,44000,44000,29437,28753,-684,35267,34857,-410,5830,6104,274,684,410,274,410,274,0,True,medium,4,0,0,0,False,False,0,0,,,,,,,,,,
2026-07-25T21:10:22Z,1237,P2-C1,P2,0x927EB9E0,1,Ken the Eagle,True,True,normal_damage_red_generation,44000,44000,28753,27269,-1484,34857,33967,-890,6104,6698,594,1484,890,594,890,594,0,True,medium,4,0,0,0,False,False,0,0,,,,,,,,,,
2026-07-25T21:10:23Z,1238,P2-C1,P2,0x927EB9E0,1,Ken the Eagle,True,True,normal_damage_red_generation,44000,44000,27269,25785,-1484,33967,33077,-890,6698,7292,594,1484,890,594,890,594,0,True,medium,4,0,0,0,False,False,0,0,,,,,,,,,,
2026-07-25T21:10:24Z,1241,P2-C1,P2,0x927EB9E0,1,Ken the Eagle,True,True,recoverable_heal,44000,44000,25785,29285,3500,33077,33077,0,7292,3792,-3500,0,0,0,,,,,none,4,500,0,1,False,False,0,0,,,,,,,,,,
2026-07-25T21:10:25Z,1242,P2-C1,P2,0x927EB9E0,1,Ken the Eagle,True,True,normal_damage_red_generation,44000,44000,29285,27505,-1780,33077,31410,-1667,3792,3905,113,1780,1667,113,1068,712,-599,False,medium,4,0,0,0,False,False,0,0,,,,,,,,,,difference can indicate multiple native damage requests between GUI samples
2026-07-25T21:10:25Z,1243,P2-C1,P2,0x927EB9E0,1,Ken the Eagle,True,True,normal_damage_red_generation,44000,44000,27505,26349,-1156,31410,30717,-693,3905,4368,463,1156,693,463,693,463,0,True,medium,4,-1983,-1189,0,False,False,0,0,,,,,,,,,,
2026-07-25T21:10:26Z,1244,P2-C1,P2,0x927EB9E0,1,Ken the Eagle,True,True,normal_damage_red_generation,44000,44000,26349,22747,-3602,30717,28557,-2160,4368,5810,1442,3602,2160,1442,2161,1441,1,False,medium,4,0,0,0,False,False,0,0,,,,,,,,,,difference can indicate multiple native damage requests between GUI samples
2026-07-25T21:10:27Z,1245,P1-C1,P1,0x9246B9C0,12,Ryu,True,True,ceiling_loss,48000,48000,43200,43200,0,48000,43700,-4300,4800,500,-4300,0,4300,0,,,,,none,4,0,0,0,False,True,4800,4800,,,,,,,,,,
2026-07-25T21:10:27Z,1245,P2-C1,P2,0x927EB9E0,1,Ken the Eagle,True,True,normal_damage_red_generation,44000,44000,22747,20788,-1959,28557,27382,-1175,5810,6594,784,1959,1175,784,1175,784,0,True,medium,4,0,0,0,False,False,0,0,,,,,,,,,,
2026-07-25T21:10:27Z,1246,P2-C1,P2,0x927EB9E0,1,Ken the Eagle,True,True,normal_damage_red_generation,44000,44000,20788,19233,-1555,27382,26449,-933,6594,7216,622,1555,933,622,933,622,0,True,medium,4,0,0,0,False,False,0,0,,,,,,,,,,
2026-07-25T21:10:28Z,1247,P2-C1,P2,0x927EB9E0,1,Ken the Eagle,True,True,normal_damage_red_generation,44000,44000,19233,14782,-4451,26449,23780,-2669,7216,8998,1782,4451,2669,1782,2670,1781,1,False,medium,4,0,0,0,False,False,0,0,,,,,,,,,,difference can indicate multiple native damage requests between GUI samples
2026-07-25T21:10:29Z,1248,P1-C1,P1,0x9246B9C0,12,Ryu,True,True,recoverable_ceiling_gain,48000,48000,43200,43200,0,43700,48000,4300,500,4800,4300,0,0,4300,,,,,none,4,0,0,0,True,False,4800,4800,,,,,,,,,,
2026-07-25T21:10:31Z,1252,P2-C1,P2,0x927EB9E0,1,Ken the Eagle,True,True,recoverable_heal,44000,44000,14782,15782,1000,23780,23780,0,8998,7998,-1000,0,0,0,,,,,none,4,500,0,1,False,False,0,0,,,,,,,,,,
2026-07-25T21:10:31Z,1253,P2-C1,P2,0x927EB9E0,1,Ken the Eagle,True,True,mixed_heal,44000,44000,15782,34782,19000,23780,34782,11002,7998,0,-7998,0,0,0,,,,,none,4,500,0,1,False,False,0,0,,,,,,,,,,
2026-07-25T21:10:31Z,1254,P2-C1,P2,0x927EB9E0,1,Ken the Eagle,True,True,current_and_ceiling_heal,44000,44000,34782,40782,6000,34782,40782,6000,0,0,0,0,0,0,,,,,none,4,500,0,1,False,False,0,0,,,,,,,,,,
2026-07-25T21:10:32Z,1255,P2-C1,P2,0x927EB9E0,1,Ken the Eagle,True,True,full_health_reset,44000,44000,40782,44000,3218,40782,44000,3218,0,0,0,0,0,0,,,,,none,4,0,0,0,False,False,0,0,,,,,,,,,,
2026-07-25T21:16:51Z,4396,P2-C1,P2,0x927EB9E0,1,Ken the Eagle,True,True,normal_damage_red_generation,44000,44000,44000,43200,-800,44000,43520,-480,0,320,320,800,480,320,480,320,0,True,medium,4,0,0,0,False,False,0,0,,,,,,,,,,
2026-07-25T21:16:53Z,4397,P2-C1,P2,0x927EB9E0,1,Ken the Eagle,True,True,normal_damage_red_generation,44000,44000,43200,40956,-2244,43520,42174,-1346,320,1218,898,2244,1346,898,1346,898,0,True,medium,4,0,0,0,False,False,0,0,,,,,,,,,,
2026-07-25T21:16:55Z,4398,P2-C1,P2,0x927EB9E0,1,Ken the Eagle,True,True,normal_damage_red_generation,44000,44000,40956,37988,-2968,42174,40394,-1780,1218,2406,1188,2968,1780,1188,1780,1188,0,True,medium,4,0,0,0,False,False,0,0,,,,,,,,,,
2026-07-25T21:16:56Z,4399,P2-C1,P2,0x927EB9E0,1,Ken the Eagle,True,True,mixed_heal,44000,44000,37988,43988,6000,40394,43988,3594,2406,0,-2406,0,0,0,,,,,none,4,0,0,0,False,False,0,0,,,,,,,,,,
2026-07-25T21:16:57Z,4400,P2-C1,P2,0x927EB9E0,1,Ken the Eagle,True,True,normal_damage_red_generation,44000,44000,43988,42516,-1472,43988,43110,-878,0,594,594,1472,878,594,883,589,5,False,medium,4,0,0,0,False,False,0,0,,,,,,,,,,difference can indicate multiple native damage requests between GUI samples
2026-07-25T21:16:58Z,4401,P2-C1,P2,0x927EB9E0,1,Ken the Eagle,True,True,normal_damage_red_generation,44000,44000,42516,41032,-1484,43110,42220,-890,594,1188,594,1484,890,594,890,594,0,True,medium,4,0,0,0,False,False,0,0,,,,,,,,,,
2026-07-25T21:16:59Z,4403,P2-C1,P2,0x927EB9E0,1,Ken the Eagle,True,True,mixed_heal,44000,44000,41032,43532,2500,42220,43532,1312,1188,0,-1188,0,0,0,,,,,none,4,0,0,0,False,False,0,0,,,,,,,,,,
2026-07-25T21:17:00Z,4404,P2-C1,P2,0x927EB9E0,1,Ken the Eagle,True,True,normal_damage_red_generation,44000,44000,43532,42516,-1016,43532,43110,-422,0,594,594,1016,422,594,609,407,187,False,medium,4,0,0,0,False,False,0,0,,,,,,,,,,difference can indicate multiple native damage requests between GUI samples
2026-07-25T21:17:01Z,4406,P2-C1,P2,0x927EB9E0,1,Ken the Eagle,True,True,normal_damage_red_generation,44000,44000,42516,41716,-800,43110,42630,-480,594,914,320,800,480,320,480,320,0,True,medium,4,0,0,0,False,False,0,0,,,,,,,,,,
2026-07-25T21:17:02Z,4407,P2-C1,P2,0x927EB9E0,1,Ken the Eagle,True,True,normal_damage_red_generation,44000,44000,41716,41032,-684,42630,42220,-410,914,1188,274,684,410,274,410,274,0,True,medium,4,0,0,0,False,False,0,0,,,,,,,,,,
2026-07-25T21:17:02Z,4408,P2-C1,P2,0x927EB9E0,1,Ken the Eagle,True,True,normal_damage_red_generation,44000,44000,41032,40232,-800,42220,41740,-480,1188,1508,320,800,480,320,480,320,0,True,medium,4,0,0,0,False,False,0,0,,,,,,,,,,
2026-07-25T21:17:03Z,4409,P2-C1,P2,0x927EB9E0,1,Ken the Eagle,True,True,normal_damage_red_generation,44000,44000,40232,39548,-684,41740,41330,-410,1508,1782,274,684,410,274,410,274,0,True,medium,4,0,0,0,False,False,0,0,,,,,,,,,,
2026-07-25T21:17:04Z,4411,P2-C1,P2,0x927EB9E0,1,Ken the Eagle,True,True,normal_damage_red_generation,44000,44000,39548,38064,-1484,41330,40440,-890,1782,2376,594,1484,890,594,890,594,0,True,medium,4,0,0,0,False,False,0,0,,,,,,,,,,
2026-07-25T21:17:04Z,4412,P2-C1,P2,0x927EB9E0,1,Ken the Eagle,True,True,normal_damage_red_generation,44000,44000,38064,36768,-1296,40440,39663,-777,2376,2895,519,1296,777,519,777,519,0,True,medium,4,0,0,0,False,False,0,0,,,,,,,,,,
2026-07-25T21:17:06Z,4414,P2-C1,P2,0x927EB9E0,1,Ken the Eagle,True,True,normal_damage_red_generation,44000,44000,36768,35968,-800,39663,39183,-480,2895,3215,320,800,480,320,480,320,0,True,medium,4,0,0,0,False,False,0,0,,,,,,,,,,
2026-07-25T21:17:06Z,4415,P2-C1,P2,0x927EB9E0,1,Ken the Eagle,True,True,normal_damage_red_generation,44000,44000,35968,33988,-1980,39183,37996,-1187,3215,4008,793,1980,1187,793,1188,792,1,False,medium,4,0,0,0,False,False,0,0,,,,,,,,,,difference can indicate multiple native damage requests between GUI samples
2026-07-25T21:17:07Z,4417,P2-C1,P2,0x927EB9E0,1,Ken the Eagle,True,True,normal_damage_red_generation,44000,44000,33988,33188,-800,37996,37516,-480,4008,4328,320,800,480,320,480,320,0,True,medium,4,0,0,0,False,False,0,0,,,,,,,,,,
2026-07-25T21:17:08Z,4418,P2-C1,P2,0x927EB9E0,1,Ken the Eagle,True,True,normal_damage_red_generation,44000,44000,33188,30052,-3136,37516,35636,-1880,4328,5584,1256,3136,1880,1256,1881,1255,1,False,medium,4,0,0,0,False,False,0,0,,,,,,,,,,difference can indicate multiple native damage requests between GUI samples
2026-07-25T21:17:09Z,4419,P2-C1,P2,0x927EB9E0,1,Ken the Eagle,True,True,normal_damage_red_generation,44000,44000,30052,28069,-1983,35636,34447,-1189,5584,6378,794,1983,1189,794,1189,794,0,True,medium,4,0,0,0,False,False,0,0,,,,,,,,,,
2026-07-25T21:17:10Z,4420,P2-C1,P2,0x927EB9E0,1,Ken the Eagle,True,True,normal_damage_red_generation,44000,44000,28069,26585,-1484,34447,33557,-890,6378,6972,594,1484,890,594,890,594,0,True,medium,4,0,0,0,False,False,0,0,,,,,,,,,,
2026-07-25T21:17:11Z,4421,P2-C1,P2,0x927EB9E0,1,Ken the Eagle,True,True,normal_damage_red_generation,44000,44000,26585,24133,-2452,33557,32087,-1470,6972,7954,982,2452,1470,982,1471,981,1,False,medium,4,0,0,0,False,False,0,0,,,,,,,,,,difference can indicate multiple native damage requests between GUI samples
2026-07-25T21:17:12Z,4422,P2-C1,P2,0x927EB9E0,1,Ken the Eagle,True,True,normal_damage_red_generation,44000,44000,24133,20531,-3602,32087,29927,-2160,7954,9396,1442,3602,2160,1442,2161,1441,1,False,medium,4,0,0,0,False,False,0,0,,,,,,,,,,difference can indicate multiple native damage requests between GUI samples
2026-07-25T21:17:13Z,4424,P2-C1,P2,0x927EB9E0,1,Ken the Eagle,True,True,recoverable_heal,44000,44000,20531,21531,1000,29927,29927,0,9396,8396,-1000,0,0,0,,,,,none,4,500,0,1,False,False,0,0,,,,,,,,,,
2026-07-25T21:17:14Z,4425,P2-C1,P2,0x927EB9E0,1,Ken the Eagle,True,True,mixed_heal,44000,44000,21531,38031,16500,29927,38031,8104,8396,0,-8396,0,0,0,,,,,none,4,500,0,1,False,False,0,0,,,,,,,,,,
2026-07-25T21:17:14Z,4426,P2-C1,P2,0x927EB9E0,1,Ken the Eagle,True,True,current_and_ceiling_heal,44000,44000,38031,42031,4000,38031,42031,4000,0,0,0,0,0,0,,,,,none,4,500,0,1,False,False,0,0,,,,,,,,,,
2026-07-25T21:17:14Z,4427,P2-C1,P2,0x927EB9E0,1,Ken the Eagle,True,True,full_health_reset,44000,44000,42031,44000,1969,42031,44000,1969,0,0,0,0,0,0,,,,,none,4,0,0,0,False,False,0,0,,,,,,,,,,
2026-07-25T21:17:21Z,4478,P2-C1,P2,0x927EB9E0,1,Ken the Eagle,True,True,normal_damage_red_generation,44000,44000,44000,42516,-1484,44000,43110,-890,0,594,594,1484,890,594,890,594,0,True,medium,4,0,0,0,False,False,0,0,,,,,,,,,,
2026-07-25T21:17:21Z,4479,P2-C1,P2,0x927EB9E0,1,Ken the Eagle,True,True,normal_damage_red_generation,44000,44000,42516,41220,-1296,43110,42333,-777,594,1113,519,1296,777,519,777,519,0,True,medium,4,0,0,0,False,False,0,0,,,,,,,,,,
2026-07-25T21:17:22Z,4480,P2-C1,P2,0x927EB9E0,1,Ken the Eagle,True,True,normal_damage_red_generation,44000,44000,41220,39112,-2108,42333,41069,-1264,1113,1957,844,2108,1264,844,1264,844,0,True,medium,4,0,0,0,False,False,0,0,,,,,,,,,,
2026-07-25T21:17:22Z,4483,P2-C1,P2,0x927EB9E0,1,Ken the Eagle,True,True,normal_damage_red_generation,44000,44000,39112,38312,-800,41069,40589,-480,1957,2277,320,800,480,320,480,320,0,True,medium,4,0,0,0,False,False,0,0,,,,,,,,,,
2026-07-25T21:17:23Z,4484,P2-C1,P2,0x927EB9E0,1,Ken the Eagle,True,True,normal_damage_red_generation,44000,44000,38312,37628,-684,40589,40179,-410,2277,2551,274,684,410,274,410,274,0,True,medium,4,-1296,-777,0,False,False,0,0,,,,,,,,,,
2026-07-25T21:17:23Z,4485,P2-C1,P2,0x927EB9E0,1,Ken the Eagle,True,True,normal_damage_red_generation,44000,44000,37628,35176,-2452,40179,38709,-1470,2551,3533,982,2452,1470,982,1471,981,1,False,medium,4,0,0,0,False,False,0,0,,,,,,,,,,difference can indicate multiple native damage requests between GUI samples
2026-07-25T21:17:24Z,4486,P2-C1,P2,0x927EB9E0,1,Ken the Eagle,True,True,normal_damage_red_generation,44000,44000,35176,33193,-1983,38709,37520,-1189,3533,4327,794,1983,1189,794,1189,794,0,True,medium,4,0,0,0,False,False,0,0,,,,,,,,,,
2026-07-25T21:17:25Z,4489,P2-C1,P2,0x927EB9E0,1,Ken the Eagle,True,True,normal_damage_red_generation,44000,44000,33193,32393,-800,37520,37040,-480,4327,4647,320,800,480,320,480,320,0,True,medium,4,0,0,0,False,False,0,0,,,,,,,,,,
2026-07-25T21:17:25Z,4490,P2-C1,P2,0x927EB9E0,1,Ken the Eagle,True,True,normal_damage_red_generation,44000,44000,32393,30413,-1980,37040,35853,-1187,4647,5440,793,1980,1187,793,1188,792,1,False,medium,4,0,0,0,False,False,0,0,,,,,,,,,,difference can indicate multiple native damage requests between GUI samples
2026-07-25T21:17:26Z,4491,P2-C1,P2,0x927EB9E0,1,Ken the Eagle,True,True,normal_damage_red_generation,44000,44000,30413,29257,-1156,35853,35160,-693,5440,5903,463,1156,693,463,693,463,0,True,medium,4,0,0,0,False,False,0,0,,,,,,,,,,
2026-07-25T21:17:26Z,4492,P2-C1,P2,0x927EB9E0,1,Ken the Eagle,True,True,normal_damage_red_generation,44000,44000,29257,25655,-3602,35160,33000,-2160,5903,7345,1442,3602,2160,1442,2161,1441,1,False,medium,4,0,0,0,False,False,0,0,,,,,,,,,,difference can indicate multiple native damage requests between GUI samples
2026-07-25T21:17:27Z,4493,P1-C1,P1,0x9246B9C0,12,Ryu,True,True,baroque_status_change,48000,48000,43200,43200,0,48000,48000,0,4800,4800,0,0,0,0,,,,,none,4,0,0,0,False,True,4800,4800,,,,,,,,,,
2026-07-25T21:17:27Z,4494,P1-C1,P1,0x9246B9C0,12,Ryu,True,True,ceiling_loss,48000,48000,43200,43200,0,48000,43700,-4300,4800,500,-4300,0,4300,0,,,,,none,4,0,0,0,True,True,4800,4800,,,,,,,,,,
2026-07-25T21:17:27Z,4494,P2-C1,P2,0x927EB9E0,1,Ken the Eagle,True,True,normal_damage_red_generation,44000,44000,25655,23696,-1959,33000,31825,-1175,7345,8129,784,1959,1175,784,1175,784,0,True,medium,4,-978,-586,0,False,False,0,0,P1-C1,12,Ryu,305,Hado M,0,100,0x00000009,0x00000040,
2026-07-25T21:17:28Z,4495,P2-C1,P2,0x927EB9E0,1,Ken the Eagle,True,True,normal_damage_red_generation,44000,44000,23696,21658,-2038,31825,30603,-1222,8129,8945,816,2038,1222,816,1222,816,0,True,medium,4,0,0,0,False,False,0,0,P1-C1,12,Ryu,305,Hado M,0,100,0x00000009,0x00000040,
2026-07-25T21:17:28Z,4496,P2-C1,P2,0x927EB9E0,1,Ken the Eagle,True,True,normal_damage_red_generation,44000,44000,21658,20761,-897,30603,30065,-538,8945,9304,359,897,538,359,538,359,0,True,medium,4,0,0,0,False,False,0,0,P1-C1,12,Ryu,305,Hado M,0,100,0x00000009,0x00000040,
2026-07-25T21:17:29Z,4497,P2-C1,P2,0x927EB9E0,1,Ken the Eagle,True,True,normal_damage_red_generation,44000,44000,20761,19946,-815,30065,29576,-489,9304,9630,326,815,489,326,489,326,0,True,medium,4,0,0,0,False,False,0,0,P1-C1,12,Ryu,305,Hado M,0,100,0x00000009,0x00000040,
2026-07-25T21:17:29Z,4499,P2-C1,P2,0x927EB9E0,1,Ken the Eagle,True,True,normal_damage_red_generation,44000,44000,19946,19598,-348,29576,29368,-208,9630,9770,140,348,208,140,208,140,0,True,medium,4,0,0,0,False,False,0,0,P1-C1,12,Ryu,305,Hado M,0,100,0x00000009,0x00000040,
2026-07-25T21:17:30Z,4500,P2-C1,P2,0x927EB9E0,1,Ken the Eagle,True,True,normal_damage_red_generation,44000,44000,19598,18578,-1020,29368,28757,-611,9770,10179,409,1020,611,409,612,408,1,False,medium,4,0,0,0,False,False,0,0,P1-C1,12,Ryu,305,Hado M,0,100,0x00000009,0x00000040,difference can indicate multiple native damage requests between GUI samples
2026-07-25T21:17:30Z,4501,P2-C1,P2,0x927EB9E0,1,Ken the Eagle,True,True,normal_damage_red_generation,44000,44000,18578,17735,-843,28757,28252,-505,10179,10517,338,843,505,338,505,338,0,True,medium,4,0,0,0,False,False,0,0,P1-C1,12,Ryu,305,Hado M,0,100,0x00000009,0x00000040,
2026-07-25T21:17:31Z,4502,P2-C1,P2,0x927EB9E0,1,Ken the Eagle,True,True,normal_damage_red_generation,44000,44000,17735,17001,-734,28252,27812,-440,10517,10811,294,734,440,294,440,294,0,True,medium,4,0,0,0,False,False,0,0,,,,,,,,,,
2026-07-25T21:17:31Z,4503,P2-C1,P2,0x927EB9E0,1,Ken the Eagle,True,True,normal_damage_red_generation,44000,44000,17001,16103,-898,27812,27274,-538,10811,11171,360,898,538,360,538,360,0,True,medium,4,0,0,0,False,False,0,0,,,,,,,,,,
2026-07-25T21:17:32Z,4506,P2-C1,P2,0x927EB9E0,1,Ken the Eagle,True,True,normal_damage_red_generation,44000,44000,16103,15303,-800,27274,26795,-479,11171,11492,321,800,479,321,480,320,1,False,medium,4,0,0,0,False,False,0,0,,,,,,,,,,difference can indicate multiple native damage requests between GUI samples
2026-07-25T21:17:32Z,4507,P2-C1,P2,0x927EB9E0,1,Ken the Eagle,True,True,normal_damage_red_generation,44000,44000,15303,14812,-491,26795,26501,-294,11492,11689,197,491,294,197,294,197,0,True,medium,4,0,0,0,False,False,0,0,,,,,,,,,,
2026-07-25T21:17:33Z,4508,P2-C1,P2,0x927EB9E0,1,Ken the Eagle,True,True,normal_damage_red_generation,44000,44000,14812,13916,-896,26501,25964,-537,11689,12048,359,896,537,359,537,359,0,True,medium,4,0,0,0,False,False,0,0,,,,,,,,,,
2026-07-25T21:17:33Z,4509,P1-C1,P1,0x9246B9C0,12,Ryu,True,True,recoverable_ceiling_gain,48000,48000,43200,43200,0,43700,48000,4300,500,4800,4300,0,0,4300,,,,,none,4,0,0,0,True,False,4800,4800,,,,,,,,,,
2026-07-25T21:17:34Z,4515,P2-C1,P2,0x927EB9E0,1,Ken the Eagle,True,True,recoverable_heal,44000,44000,13916,17416,3500,25964,25964,0,12048,8548,-3500,0,0,0,,,,,none,4,500,0,1,False,False,0,0,,,,,,,,,,
2026-07-25T21:17:35Z,4516,P2-C1,P2,0x927EB9E0,1,Ken the Eagle,True,True,mixed_heal,44000,44000,17416,29416,12000,25964,29416,3452,8548,0,-8548,0,0,0,,,,,none,4,500,0,1,False,False,0,0,,,,,,,,,,
2026-07-25T21:17:35Z,4517,P2-C1,P2,0x927EB9E0,1,Ken the Eagle,True,True,current_and_ceiling_heal,44000,44000,29416,32416,3000,29416,32416,3000,0,0,0,0,0,0,,,,,none,4,500,0,1,False,False,0,0,,,,,,,,,,
2026-07-25T21:17:35Z,4518,P2-C1,P2,0x927EB9E0,1,Ken the Eagle,True,True,current_and_ceiling_heal,44000,44000,32416,35916,3500,32416,35916,3500,0,0,0,0,0,0,,,,,none,4,500,0,1,False,False,0,0,,,,,,,,,,
2026-07-25T21:17:35Z,4519,P2-C1,P2,0x927EB9E0,1,Ken the Eagle,True,True,current_and_ceiling_heal,44000,44000,35916,37616,1700,35916,37616,1700,0,0,0,0,0,0,,,,,none,4,0,0,0,False,False,0,0,,,,,,,,,,
2026-07-25T21:17:35Z,4520,P2-C1,P2,0x927EB9E0,1,Ken the Eagle,True,True,normal_damage_red_generation,44000,44000,37616,36932,-684,37616,37206,-410,0,274,274,684,410,274,410,274,0,True,medium,4,0,0,0,False,False,0,0,,,,,,,,,,
2026-07-25T21:17:36Z,4523,P2-C1,P2,0x927EB9E0,1,Ken the Eagle,True,True,normal_damage_red_generation,44000,44000,36932,36132,-800,37206,36726,-480,274,594,320,800,480,320,480,320,0,True,medium,4,0,0,0,False,False,0,0,,,,,,,,,,
2026-07-25T21:17:37Z,4524,P2-C1,P2,0x927EB9E0,1,Ken the Eagle,True,True,normal_damage_red_generation,44000,44000,36132,35448,-684,36726,36316,-410,594,868,274,684,410,274,410,274,0,True,medium,4,0,0,0,False,False,0,0,,,,,,,,,,
2026-07-25T21:17:37Z,4525,P2-C1,P2,0x927EB9E0,1,Ken the Eagle,True,True,normal_damage_red_generation,44000,44000,35448,34152,-1296,36316,35539,-777,868,1387,519,1296,777,519,777,519,0,True,medium,4,0,0,0,False,False,0,0,,,,,,,,,,
2026-07-25T21:17:38Z,4527,P2-C1,P2,0x927EB9E0,1,Ken the Eagle,True,True,normal_damage_red_generation,44000,44000,34152,31013,-3139,35539,33657,-1882,1387,2644,1257,3139,1882,1257,1883,1256,1,False,medium,4,0,0,0,False,False,0,0,,,,,,,,,,difference can indicate multiple native damage requests between GUI samples
2026-07-25T21:17:39Z,4529,P2-C1,P2,0x927EB9E0,1,Ken the Eagle,True,True,normal_damage_red_generation,44000,44000,31013,29394,-1619,33657,32686,-971,2644,3292,648,1619,971,648,971,648,0,True,medium,4,0,0,0,False,False,0,0,,,,,,,,,,
2026-07-25T21:17:39Z,4530,P2-C1,P2,0x927EB9E0,1,Ken the Eagle,True,True,normal_damage_red_generation,44000,44000,29394,27435,-1959,32686,31511,-1175,3292,4076,784,1959,1175,784,1175,784,0,True,medium,4,0,0,0,False,False,0,0,,,,,,,,,,
2026-07-25T21:17:39Z,4531,P1-C1,P1,0x9246B9C0,12,Ryu,True,True,ceiling_loss,48000,48000,43200,43200,0,48000,43700,-4300,4800,500,-4300,0,4300,0,,,,,none,4,0,0,0,False,True,4800,4800,,,,,,,,,,
2026-07-25T21:17:40Z,4532,P2-C1,P2,0x927EB9E0,1,Ken the Eagle,True,True,normal_damage_red_generation,44000,44000,27435,26426,-1009,31511,30906,-605,4076,4480,404,1009,605,404,605,404,0,True,medium,4,0,0,0,False,False,0,0,,,,,,,,,,
2026-07-25T21:17:40Z,4534,P2-C1,P2,0x927EB9E0,1,Ken the Eagle,True,True,normal_damage_red_generation,44000,44000,26426,25439,-987,30906,30314,-592,4480,4875,395,987,592,395,592,395,0,True,medium,4,0,0,0,False,False,0,0,,,,,,,,,,
2026-07-25T21:17:40Z,4535,P2-C1,P2,0x927EB9E0,1,Ken the Eagle,True,True,normal_damage_red_generation,44000,44000,25439,24533,-906,30314,29771,-543,4875,5238,363,906,543,363,543,363,0,True,medium,4,0,0,0,False,False,0,0,,,,,,,,,,
2026-07-25T21:17:40Z,4537,P2-C1,P2,0x927EB9E0,1,Ken the Eagle,True,True,normal_damage_red_generation,44000,44000,24533,23709,-824,29771,29277,-494,5238,5568,330,824,494,330,494,330,0,True,medium,4,0,0,0,False,False,0,0,,,,,,,,,,
2026-07-25T21:17:42Z,4542,P1-C1,P1,0x9246B9C0,12,Ryu,True,True,recoverable_ceiling_gain,48000,48000,43200,43200,0,43700,48000,4300,500,4800,4300,0,0,4300,,,,,none,4,0,0,0,True,False,4800,4800,,,,,,,,,,
2026-07-25T21:17:42Z,4544,P2-C1,P2,0x927EB9E0,1,Ken the Eagle,True,True,normal_damage_red_generation,44000,44000,23709,22909,-800,29277,28797,-480,5568,5888,320,800,480,320,480,320,0,True,medium,4,0,0,0,False,False,0,0,,,,,,,,,,
2026-07-25T21:17:43Z,4546,P2-C1,P2,0x927EB9E0,1,Ken the Eagle,True,True,normal_damage_red_generation,44000,44000,22909,22225,-684,28797,28387,-410,5888,6162,274,684,410,274,410,274,0,True,medium,4,0,0,0,False,False,0,0,,,,,,,,,,
2026-07-25T21:17:43Z,4547,P2-C1,P2,0x927EB9E0,1,Ken the Eagle,True,True,normal_damage_red_generation,44000,44000,22225,19773,-2452,28387,26917,-1470,6162,7144,982,2452,1470,982,1471,981,1,False,medium,4,0,0,0,False,False,0,0,,,,,,,,,,difference can indicate multiple native damage requests between GUI samples
2026-07-25T21:17:43Z,4548,P2-C1,P2,0x927EB9E0,1,Ken the Eagle,True,True,normal_damage_red_generation,44000,44000,19773,17790,-1983,26917,25728,-1189,7144,7938,794,1983,1189,794,1189,794,0,True,medium,4,0,0,0,False,False,0,0,,,,,,,,,,
2026-07-25T21:17:44Z,4549,P2-C1,P2,0x927EB9E0,1,Ken the Eagle,True,True,normal_damage_red_generation,44000,44000,17790,16171,-1619,25728,24757,-971,7938,8586,648,1619,971,648,971,648,0,True,medium,4,0,0,0,False,False,0,0,,,,,,,,,,
2026-07-25T21:17:44Z,4551,P1-C1,P1,0x9246B9C0,12,Ryu,True,True,baroque_status_change,48000,48000,43200,43200,0,48000,48000,0,4800,4800,0,0,0,0,,,,,none,4,0,0,0,False,True,4800,4800,,,,,,,,,,
2026-07-25T21:17:44Z,4551,P2-C1,P2,0x927EB9E0,1,Ken the Eagle,True,True,normal_damage_red_generation,44000,44000,16171,14212,-1959,24757,23582,-1175,8586,9370,784,1959,1175,784,1175,784,0,True,high,4,0,0,0,False,False,0,0,P1-C1,12,Ryu,305,Hado M,0,100,0x00000009,0x00000040,
2026-07-25T21:17:45Z,4552,P1-C1,P1,0x9246B9C0,12,Ryu,True,True,ceiling_loss,48000,48000,43200,43200,0,48000,43700,-4300,4800,500,-4300,0,4300,0,,,,,none,4,0,0,0,True,True,4800,4800,,,,,,,,,,
2026-07-25T21:17:45Z,4553,P2-C1,P2,0x927EB9E0,1,Ken the Eagle,True,True,normal_damage_red_generation,44000,44000,14212,13203,-1009,23582,22977,-605,9370,9774,404,1009,605,404,605,404,0,True,medium,4,0,0,0,False,False,0,0,P1-C1,12,Ryu,305,Hado M,0,100,0x00000009,0x00000040,
2026-07-25T21:17:46Z,4555,P2-C1,P2,0x927EB9E0,1,Ken the Eagle,True,True,normal_damage_red_generation,44000,44000,13203,12216,-987,22977,22385,-592,9774,10169,395,987,592,395,592,395,0,True,medium,4,0,0,0,False,False,0,0,P1-C1,12,Ryu,305,Hado M,0,100,0x00000009,0x00000040,
2026-07-25T21:17:46Z,4556,P2-C1,P2,0x927EB9E0,1,Ken the Eagle,True,True,normal_damage_red_generation,44000,44000,12216,11310,-906,22385,21842,-543,10169,10532,363,906,543,363,543,363,0,True,medium,4,0,0,0,False,False,0,0,P1-C1,12,Ryu,305,Hado M,0,100,0x00000009,0x00000040,
2026-07-25T21:17:46Z,4559,P2-C1,P2,0x927EB9E0,1,Ken the Eagle,True,True,normal_damage_red_generation,44000,44000,11310,10486,-824,21842,21348,-494,10532,10862,330,824,494,330,494,330,0,True,medium,4,0,0,0,False,False,0,0,P1-C1,12,Ryu,305,Hado M,0,100,0x00000009,0x00000040,
2026-07-25T21:17:47Z,4563,P1-C1,P1,0x9246B9C0,12,Ryu,True,True,recoverable_ceiling_gain,48000,48000,43200,43200,0,43700,48000,4300,500,4800,4300,0,0,4300,,,,,none,4,0,0,0,True,False,4800,4800,,,,,,,,,,
2026-07-25T21:17:48Z,4570,P2-C1,P2,0x927EB9E0,1,Ken the Eagle,True,True,recoverable_heal,44000,44000,10486,10986,500,21348,21348,0,10862,10362,-500,0,0,0,,,,,none,4,500,0,1,False,False,0,0,,,,,,,,,,
2026-07-25T21:17:49Z,4571,P2-C1,P2,0x927EB9E0,1,Ken the Eagle,True,True,mixed_heal,44000,44000,10986,24986,14000,21348,24986,3638,10362,0,-10362,0,0,0,,,,,none,4,500,0,1,False,False,0,0,,,,,,,,,,
2026-07-25T21:17:49Z,4572,P2-C1,P2,0x927EB9E0,1,Ken the Eagle,True,True,current_and_ceiling_heal,44000,44000,24986,28986,4000,24986,28986,4000,0,0,0,0,0,0,,,,,none,4,500,0,1,False,False,0,0,,,,,,,,,,
2026-07-25T21:17:49Z,4573,P2-C1,P2,0x927EB9E0,1,Ken the Eagle,True,True,current_and_ceiling_heal,44000,44000,28986,32486,3500,28986,32486,3500,0,0,0,0,0,0,,,,,none,4,500,0,1,False,False,0,0,,,,,,,,,,
2026-07-25T21:17:49Z,4574,P2-C1,P2,0x927EB9E0,1,Ken the Eagle,True,True,current_and_ceiling_heal,44000,44000,32486,36486,4000,32486,36486,4000,0,0,0,0,0,0,,,,,none,4,500,0,1,False,False,0,0,,,,,,,,,,
2026-07-25T21:17:50Z,4575,P2-C1,P2,0x927EB9E0,1,Ken the Eagle,True,True,mixed_heal,44000,44000,36486,40002,3516,36486,40276,3790,0,274,274,0,0,274,,,,,none,4,-1296,-777,0,False,False,0,0,,,,,,,,,,
2026-07-25T21:17:50Z,4576,P2-C1,P2,0x927EB9E0,1,Ken the Eagle,True,True,normal_damage_red_generation,44000,44000,40002,38706,-1296,40276,39499,-777,274,793,519,1296,777,519,777,519,0,True,medium,4,0,0,0,False,False,0,0,,,,,,,,,,
2026-07-25T21:17:51Z,4577,P2-C1,P2,0x927EB9E0,1,Ken the Eagle,True,True,normal_damage_red_generation,44000,44000,38706,35567,-3139,39499,37617,-1882,793,2050,1257,3139,1882,1257,1883,1256,1,False,medium,4,0,0,0,False,False,0,0,,,,,,,,,,difference can indicate multiple native damage requests between GUI samples
2026-07-25T21:17:51Z,4579,P1-C1,P1,0x9246B9C0,12,Ryu,True,True,baroque_status_change,48000,48000,43200,43200,0,48000,48000,0,4800,4800,0,0,0,0,,,,,none,4,0,0,0,False,True,4800,4800,,,,,,,,,,
2026-07-25T21:17:51Z,4579,P2-C1,P2,0x927EB9E0,1,Ken the Eagle,True,True,normal_damage_red_generation,44000,44000,35567,33948,-1619,37617,36646,-971,2050,2698,648,1619,971,648,971,648,0,True,high,4,0,0,0,False,False,0,0,P1-C1,12,Ryu,305,Hado M,0,100,0x00000009,0x00000040,
2026-07-25T21:17:52Z,4580,P1-C1,P1,0x9246B9C0,12,Ryu,True,True,ceiling_loss,48000,48000,43200,43200,0,48000,43700,-4300,4800,500,-4300,0,4300,0,,,,,none,4,0,0,0,True,True,4800,4800,,,,,,,,,,
2026-07-25T21:17:52Z,4580,P2-C1,P2,0x927EB9E0,1,Ken the Eagle,True,True,normal_damage_red_generation,44000,44000,33948,31989,-1959,36646,35471,-1175,2698,3482,784,1959,1175,784,1175,784,0,True,medium,4,0,0,0,False,False,0,0,P1-C1,12,Ryu,305,Hado M,0,100,0x00000009,0x00000040,
2026-07-25T21:17:53Z,4581,P2-C1,P2,0x927EB9E0,1,Ken the Eagle,True,True,normal_damage_red_generation,44000,44000,31989,30980,-1009,35471,34866,-605,3482,3886,404,1009,605,404,605,404,0,True,medium,4,0,0,0,False,False,0,0,P1-C1,12,Ryu,305,Hado M,0,100,0x00000009,0x00000040,
2026-07-25T21:17:53Z,4582,P2-C1,P2,0x927EB9E0,1,Ken the Eagle,True,True,normal_damage_red_generation,44000,44000,30980,29993,-987,34866,34274,-592,3886,4281,395,987,592,395,592,395,0,True,medium,4,0,0,0,False,False,0,0,P1-C1,12,Ryu,305,Hado M,0,100,0x00000009,0x00000040,
2026-07-25T21:17:53Z,4583,P2-C1,P2,0x927EB9E0,1,Ken the Eagle,True,True,normal_damage_red_generation,44000,44000,29993,29087,-906,34274,33731,-543,4281,4644,363,906,543,363,543,363,0,True,medium,4,0,0,0,False,False,0,0,P1-C1,12,Ryu,305,Hado M,0,100,0x00000009,0x00000040,
2026-07-25T21:17:53Z,4584,P2-C1,P2,0x927EB9E0,1,Ken the Eagle,True,True,normal_damage_red_generation,44000,44000,29087,28263,-824,33731,33237,-494,4644,4974,330,824,494,330,494,330,0,True,medium,4,0,0,0,False,False,0,0,P1-C1,12,Ryu,305,Hado M,0,100,0x00000009,0x00000040,
2026-07-25T21:17:54Z,4590,P1-C1,P1,0x9246B9C0,12,Ryu,True,True,recoverable_ceiling_gain,48000,48000,43200,43200,0,43700,48000,4300,500,4800,4300,0,0,4300,,,,,none,4,0,0,0,True,False,4800,4800,,,,,,,,,,
2026-07-25T21:17:56Z,4598,P2-C1,P2,0x927EB9E0,1,Ken the Eagle,True,True,recoverable_heal,44000,44000,28263,31263,3000,33237,33237,0,4974,1974,-3000,0,0,0,,,,,none,4,500,0,1,False,False,0,0,,,,,,,,,,
2026-07-25T21:17:56Z,4599,P2-C1,P2,0x927EB9E0,1,Ken the Eagle,True,True,mixed_heal,44000,44000,31263,43763,12500,33237,43763,10526,1974,0,-1974,0,0,0,,,,,none,4,0,0,0,False,False,0,0,,,,,,,,,,
2026-07-25T21:17:56Z,4600,P2-C1,P2,0x927EB9E0,1,Ken the Eagle,True,True,full_health_reset,44000,44000,43763,44000,237,43763,44000,237,0,0,0,0,0,0,,,,,none,4,0,0,0,False,False,0,0,,,,,,,,,,
2026-07-25T21:17:59Z,4613,P1-C1,P1,0x9246B9C0,12,Ryu,True,False,reserve_recovery,48000,48000,43200,45200,2000,48000,48000,0,4800,2800,-2000,0,0,0,,,0,True,medium,4,500,0,1,False,False,4800,4800,,,,,,,,,,
2026-07-25T21:17:59Z,4613,P1-C2,P1,0x92B6BA00,13,Chun-Li,False,True,ten_percent_current_only_cost,46000,46000,46000,41400,-4600,46000,46000,0,0,4600,4600,4600,0,4600,,4600,0,True,high,4,0,0,0,False,False,0,0,,,,,,,,,,
2026-07-25T21:17:59Z,4614,P1-C1,P1,0x9246B9C0,12,Ryu,False,False,reserve_recovery,48000,48000,45200,48000,2800,48000,48000,0,2800,0,-2800,0,0,0,,,0,True,medium,4,0,0,0,False,False,4800,4800,,,,,,,,,,
2026-07-25T21:17:59Z,4614,P2-C1,P2,0x927EB9E0,1,Ken the Eagle,True,True,normal_damage_red_generation,44000,44000,44000,43200,-800,44000,43520,-480,0,320,320,800,480,320,480,320,0,True,medium,4,0,0,0,False,False,0,0,,,,,,,,,,
2026-07-25T21:18:02Z,4630,P2-C1,P2,0x927EB9E0,1,Ken the Eagle,True,True,full_health_reset,44000,44000,43200,44000,800,43520,44000,480,320,0,-320,0,0,0,,,,,none,4,0,0,0,False,False,0,0,,,,,,,,,,
2026-07-25T21:18:04Z,4648,P2-C1,P2,0x927EB9E0,1,Ken the Eagle,True,True,normal_damage_red_generation,44000,44000,44000,43480,-520,44000,43688,-312,0,208,208,520,312,208,312,208,0,True,medium,4,0,0,0,False,False,0,0,,,,,,,,,,
2026-07-25T21:18:04Z,4649,P2-C1,P2,0x927EB9E0,1,Ken the Eagle,True,True,normal_damage_red_generation,44000,44000,43480,42587,-893,43688,43153,-535,208,566,358,893,535,358,535,358,0,True,medium,4,0,0,0,False,False,0,0,,,,,,,,,,
2026-07-25T21:18:05Z,4650,P2-C1,P2,0x927EB9E0,1,Ken the Eagle,True,True,normal_damage_red_generation,44000,44000,42587,41741,-846,43153,42646,-507,566,905,339,846,507,339,507,339,0,True,medium,4,0,0,0,False,False,0,0,,,,,,,,,,
2026-07-25T21:18:05Z,4651,P2-C1,P2,0x927EB9E0,1,Ken the Eagle,True,True,normal_damage_red_generation,44000,44000,41741,39974,-1767,42646,41586,-1060,905,1612,707,1767,1060,707,1060,707,0,True,medium,4,0,0,0,False,False,0,0,,,,,,,,,,
2026-07-25T21:18:06Z,4652,P2-C1,P2,0x927EB9E0,1,Ken the Eagle,True,True,normal_damage_red_generation,44000,44000,39974,38183,-1791,41586,40512,-1074,1612,2329,717,1791,1074,717,1074,717,0,True,medium,4,0,0,0,False,False,0,0,,,,,,,,,,
2026-07-25T21:18:06Z,4653,P2-C1,P2,0x927EB9E0,1,Ken the Eagle,True,True,normal_damage_red_generation,44000,44000,38183,37775,-408,40512,40268,-244,2329,2493,164,408,244,164,244,164,0,True,medium,4,0,0,0,False,False,0,0,,,,,,,,,,
2026-07-25T21:18:06Z,4654,P2-C1,P2,0x927EB9E0,1,Ken the Eagle,True,True,normal_damage_red_generation,44000,44000,37775,36557,-1218,40268,39538,-730,2493,2981,488,1218,730,488,730,488,0,True,medium,4,0,0,0,False,False,0,0,,,,,,,,,,
2026-07-25T21:18:07Z,4655,P2-C1,P2,0x927EB9E0,1,Ken the Eagle,True,True,normal_damage_red_generation,44000,44000,36557,35433,-1124,39538,38864,-674,2981,3431,450,1124,674,450,674,450,0,True,medium,4,-653,-391,0,False,False,0,0,,,,,,,,,,
2026-07-25T21:18:07Z,4656,P2-C1,P2,0x927EB9E0,1,Ken the Eagle,True,True,normal_damage_red_generation,44000,44000,35433,33791,-1642,38864,37880,-984,3431,4089,658,1642,984,658,985,657,1,False,medium,4,0,0,0,False,False,0,0,,,,,,,,,,difference can indicate multiple native damage requests between GUI samples
2026-07-25T21:18:08Z,4658,P2-C1,P2,0x927EB9E0,1,Ken the Eagle,True,True,normal_damage_red_generation,44000,44000,33791,32032,-1759,37880,36825,-1055,4089,4793,704,1759,1055,704,1055,704,0,True,medium,4,0,0,0,False,False,0,0,,,,,,,,,,
2026-07-25T21:18:09Z,4659,P2-C1,P2,0x927EB9E0,1,Ken the Eagle,True,True,normal_damage_red_generation,44000,44000,32032,30909,-1123,36825,36152,-673,4793,5243,450,1123,673,450,673,450,0,True,medium,4,0,0,0,False,False,0,0,,,,,,,,,,
2026-07-25T21:18:09Z,4660,P2-C1,P2,0x927EB9E0,1,Ken the Eagle,True,True,normal_damage_red_generation,44000,44000,30909,29727,-1182,36152,35444,-708,5243,5717,474,1182,708,474,709,473,1,False,medium,4,0,0,0,False,False,0,0,,,,,,,,,,difference can indicate multiple native damage requests between GUI samples
2026-07-25T21:18:11Z,4668,P2-C1,P2,0x927EB9E0,1,Ken the Eagle,True,True,recoverable_heal,44000,44000,29727,32227,2500,35444,35444,0,5717,3217,-2500,0,0,0,,,,,none,4,500,0,1,False,False,0,0,,,,,,,,,,
2026-07-25T21:18:11Z,4669,P2-C1,P2,0x927EB9E0,1,Ken the Eagle,True,True,full_health_reset,44000,44000,32227,44000,11773,35444,44000,8556,3217,0,-3217,0,0,0,,,,,none,4,0,0,0,False,False,0,0,,,,,,,,,,
2026-07-25T21:18:12Z,4673,P2-C1,P2,0x927EB9E0,1,Ken the Eagle,True,True,normal_damage_red_generation,44000,44000,44000,43480,-520,44000,43688,-312,0,208,208,520,312,208,312,208,0,True,medium,4,0,0,0,False,False,0,0,,,,,,,,,,
2026-07-25T21:18:12Z,4674,P2-C1,P2,0x927EB9E0,1,Ken the Eagle,True,True,normal_damage_red_generation,44000,44000,43480,42587,-893,43688,43153,-535,208,566,358,893,535,358,535,358,0,True,medium,4,0,0,0,False,False,0,0,,,,,,,,,,
2026-07-25T21:18:13Z,4675,P2-C1,P2,0x927EB9E0,1,Ken the Eagle,True,True,normal_damage_red_generation,44000,44000,42587,39974,-2613,43153,41586,-1567,566,1612,1046,2613,1567,1046,1567,1046,0,True,medium,4,0,0,0,False,False,0,0,,,,,,,,,,
2026-07-25T21:18:14Z,4677,P2-C1,P2,0x927EB9E0,1,Ken the Eagle,True,True,normal_damage_red_generation,44000,44000,39974,37775,-2199,41586,40268,-1318,1612,2493,881,2199,1318,881,1319,880,1,False,medium,4,0,0,0,False,False,0,0,,,,,,,,,,difference can indicate multiple native damage requests between GUI samples
2026-07-25T21:18:14Z,4678,P2-C1,P2,0x927EB9E0,1,Ken the Eagle,True,True,normal_damage_red_generation,44000,44000,37775,37286,-489,40268,39975,-293,2493,2689,196,489,293,196,293,196,0,True,medium,4,0,0,0,False,False,0,0,,,,,,,,,,
2026-07-25T21:18:15Z,4679,P2-C1,P2,0x927EB9E0,1,Ken the Eagle,True,True,normal_damage_red_generation,44000,44000,37286,35433,-1853,39975,38864,-1111,2689,3431,742,1853,1111,742,1111,742,0,True,medium,4,0,0,0,False,False,0,0,,,,,,,,,,
2026-07-25T21:18:15Z,4680,P2-C1,P2,0x927EB9E0,1,Ken the Eagle,True,True,normal_damage_red_generation,44000,44000,35433,34784,-649,38864,38475,-389,3431,3691,260,649,389,260,389,260,0,True,medium,4,0,0,0,False,False,0,0,,,,,,,,,,
2026-07-25T21:18:16Z,4681,P2-C1,P2,0x927EB9E0,1,Ken the Eagle,True,True,normal_damage_red_generation,44000,44000,34784,33800,-984,38475,37885,-590,3691,4085,394,984,590,394,590,394,0,True,medium,4,0,0,0,False,False,0,0,,,,,,,,,,
2026-07-25T21:18:16Z,4682,P2-C1,P2,0x927EB9E0,1,Ken the Eagle,True,True,normal_damage_red_generation,44000,44000,33800,33240,-560,37885,37549,-336,4085,4309,224,560,336,224,336,224,0,True,medium,4,0,0,0,False,False,0,0,,,,,,,,,,
2026-07-25T21:18:16Z,4683,P2-C1,P2,0x927EB9E0,1,Ken the Eagle,True,True,normal_damage_red_generation,44000,44000,33240,32411,-829,37549,37052,-497,4309,4641,332,829,497,332,497,332,0,True,medium,4,0,0,0,False,False,0,0,,,,,,,,,,
2026-07-25T21:18:17Z,4684,P2-C1,P2,0x927EB9E0,1,Ken the Eagle,True,True,normal_damage_red_generation,44000,44000,32411,31679,-732,37052,36614,-438,4641,4935,294,732,438,294,439,293,1,False,medium,4,0,0,0,False,False,0,0,,,,,,,,,,difference can indicate multiple native damage requests between GUI samples
2026-07-25T21:18:17Z,4685,P2-C1,P2,0x927EB9E0,1,Ken the Eagle,True,True,normal_damage_red_generation,44000,44000,31679,31306,-373,36614,36391,-223,4935,5085,150,373,223,150,223,150,0,True,medium,4,0,0,0,False,False,0,0,,,,,,,,,,
2026-07-25T21:18:17Z,4686,P1-C2,P1,0x92B6BA00,13,Chun-Li,True,True,ceiling_loss,46000,46000,41400,41400,0,46000,41900,-4100,4600,500,-4100,0,4100,0,,,,,none,4,0,0,0,False,True,0,4600,,,,,,,,,,
2026-07-25T21:18:17Z,4686,P2-C1,P2,0x927EB9E0,1,Ken the Eagle,True,True,normal_damage_red_generation,44000,44000,31306,30541,-765,36391,35933,-458,5085,5392,307,765,458,307,459,306,1,False,medium,4,0,0,0,False,False,0,0,,,,,,,,,,difference can indicate multiple native damage requests between GUI samples
2026-07-25T21:18:18Z,4687,P2-C1,P2,0x927EB9E0,1,Ken the Eagle,True,True,normal_damage_red_generation,44000,44000,30541,29789,-752,35933,35482,-451,5392,5693,301,752,451,301,451,301,0,True,medium,4,0,0,0,False,False,0,0,,,,,,,,,,
2026-07-25T21:18:18Z,4688,P2-C1,P2,0x927EB9E0,1,Ken the Eagle,True,True,normal_damage_red_generation,44000,44000,29789,27774,-2015,35482,34274,-1208,5693,6500,807,2015,1208,807,1209,806,1,False,medium,4,0,0,0,False,False,0,0,,,,,,,,,,difference can indicate multiple native damage requests between GUI samples
2026-07-25T21:18:20Z,4696,P1-C2,P1,0x92B6BA00,13,Chun-Li,True,True,recoverable_ceiling_gain,46000,46000,41400,41400,0,41900,46000,4100,500,4600,4100,0,0,4100,,,,,none,4,0,0,0,True,False,4600,4600,,,,,,,,,,
2026-07-25T21:18:21Z,4704,P2-C1,P2,0x927EB9E0,1,Ken the Eagle,True,True,recoverable_heal,44000,44000,27774,29274,1500,34274,34274,0,6500,5000,-1500,0,0,0,,,,,none,4,500,0,1,False,False,0,0,,,,,,,,,,
2026-07-25T21:18:21Z,4705,P2-C1,P2,0x927EB9E0,1,Ken the Eagle,True,True,mixed_heal,44000,44000,29274,43274,14000,34274,43274,9000,5000,0,-5000,0,0,0,,,,,none,4,500,0,1,False,False,0,0,,,,,,,,,,
2026-07-25T21:18:21Z,4706,P2-C1,P2,0x927EB9E0,1,Ken the Eagle,True,True,full_health_reset,44000,44000,43274,44000,726,43274,44000,726,0,0,0,0,0,0,,,,,none,4,0,0,0,False,False,0,0,,,,,,,,,,
2026-07-25T21:25:03Z,9,P2-C1,P2,0x927EB9E0,1,Ken the Eagle,True,True,normal_damage_red_generation,44000,44000,44000,43480,-520,44000,43688,-312,0,208,208,520,312,208,312,208,0,True,medium,4,0,0,0,False,False,0,0,,,,,,,,,,
2026-07-25T21:25:07Z,10,P2-C1,P2,0x927EB9E0,1,Ken the Eagle,True,True,full_health_reset,44000,44000,43480,44000,520,43688,44000,312,208,0,-208,0,0,0,,,,,none,4,0,0,0,False,False,0,0,,,,,,,,,,
2026-07-25T21:25:16Z,71,P2-C1,P2,0x927EB9E0,1,Ken the Eagle,True,True,normal_damage_red_generation,44000,44000,44000,43480,-520,44000,43688,-312,0,208,208,520,312,208,312,208,0,True,medium,4,0,0,0,False,False,0,0,,,,,,,,,,
2026-07-25T21:25:17Z,72,P2-C1,P2,0x927EB9E0,1,Ken the Eagle,True,True,normal_damage_red_generation,44000,44000,43480,42587,-893,43688,43153,-535,208,566,358,893,535,358,535,358,0,True,medium,4,0,0,0,False,False,0,0,,,,,,,,,,
2026-07-25T21:25:17Z,73,P2-C1,P2,0x927EB9E0,1,Ken the Eagle,True,True,normal_damage_red_generation,44000,44000,42587,41741,-846,43153,42646,-507,566,905,339,846,507,339,507,339,0,True,medium,4,0,0,0,False,False,0,0,,,,,,,,,,
2026-07-25T21:25:17Z,74,P2-C1,P2,0x927EB9E0,1,Ken the Eagle,True,True,normal_damage_red_generation,44000,44000,41741,39974,-1767,42646,41586,-1060,905,1612,707,1767,1060,707,1060,707,0,True,medium,4,0,0,0,False,False,0,0,,,,,,,,,,
2026-07-25T21:25:18Z,76,P2-C1,P2,0x927EB9E0,1,Ken the Eagle,True,True,normal_damage_red_generation,44000,44000,39974,38183,-1791,41586,40512,-1074,1612,2329,717,1791,1074,717,1074,717,0,True,medium,4,0,0,0,False,False,0,0,,,,,,,,,,
2026-07-25T21:25:18Z,77,P2-C1,P2,0x927EB9E0,1,Ken the Eagle,True,True,normal_damage_red_generation,44000,44000,38183,37764,-419,40512,40261,-251,2329,2497,168,419,251,168,251,168,0,True,medium,4,0,0,0,False,False,0,0,,,,,,,,,,
2026-07-25T21:25:19Z,88,P2-C1,P2,0x927EB9E0,1,Ken the Eagle,True,True,recoverable_heal,44000,44000,37764,39764,2000,40261,40261,0,2497,497,-2000,0,0,0,,,,,none,4,500,0,1,False,False,0,0,,,,,,,,,,
2026-07-25T21:25:20Z,89,P2-C1,P2,0x927EB9E0,1,Ken the Eagle,True,True,full_health_reset,44000,44000,39764,44000,4236,40261,44000,3739,497,0,-497,0,0,0,,,,,none,4,0,0,0,False,False,0,0,,,,,,,,,,
2026-07-25T21:25:22Z,110,P2-C1,P2,0x927EB9E0,1,Ken the Eagle,True,True,normal_damage_red_generation,44000,44000,44000,43480,-520,44000,43688,-312,0,208,208,520,312,208,312,208,0,True,medium,4,0,0,0,False,False,0,0,,,,,,,,,,
2026-07-25T21:25:23Z,111,P2-C1,P2,0x927EB9E0,1,Ken the Eagle,True,True,normal_damage_red_generation,44000,44000,43480,42587,-893,43688,43153,-535,208,566,358,893,535,358,535,358,0,True,medium,4,0,0,0,False,False,0,0,,,,,,,,,,
2026-07-25T21:25:23Z,112,P2-C1,P2,0x927EB9E0,1,Ken the Eagle,True,True,normal_damage_red_generation,44000,44000,42587,41741,-846,43153,42646,-507,566,905,339,846,507,339,507,339,0,True,medium,4,0,0,0,False,False,0,0,,,,,,,,,,
2026-07-25T21:25:23Z,113,P2-C1,P2,0x927EB9E0,1,Ken the Eagle,True,True,normal_damage_red_generation,44000,44000,41741,39974,-1767,42646,41586,-1060,905,1612,707,1767,1060,707,1060,707,0,True,medium,4,0,0,0,False,False,0,0,,,,,,,,,,
2026-07-25T21:25:24Z,115,P2-C1,P2,0x927EB9E0,1,Ken the Eagle,True,True,normal_damage_red_generation,44000,44000,39974,38183,-1791,41586,40512,-1074,1612,2329,717,1791,1074,717,1074,717,0,True,medium,4,0,0,0,False,False,0,0,,,,,,,,,,
2026-07-25T21:25:24Z,116,P2-C1,P2,0x927EB9E0,1,Ken the Eagle,True,True,normal_damage_red_generation,44000,44000,38183,37770,-413,40512,40265,-247,2329,2495,166,413,247,166,247,166,0,True,medium,4,0,0,0,False,False,0,0,,,,,,,,,,
2026-07-25T21:25:24Z,117,P2-C1,P2,0x927EB9E0,1,Ken the Eagle,True,True,normal_damage_red_generation,44000,44000,37770,37278,-492,40265,39970,-295,2495,2692,197,492,295,197,295,197,0,True,medium,4,0,0,0,False,False,0,0,,,,,,,,,,
2026-07-25T21:25:25Z,118,P2-C1,P2,0x927EB9E0,1,Ken the Eagle,True,True,normal_damage_red_generation,44000,44000,37278,36545,-733,39970,39531,-439,2692,2986,294,733,439,294,439,294,0,True,medium,4,0,0,0,False,False,0,0,,,,,,,,,,
2026-07-25T21:25:25Z,120,P2-C1,P2,0x927EB9E0,1,Ken the Eagle,True,True,normal_damage_red_generation,44000,44000,36545,35414,-1131,39531,38853,-678,2986,3439,453,1131,678,453,678,453,0,True,medium,4,0,0,0,False,False,0,0,,,,,,,,,,
2026-07-25T21:25:27Z,131,P2-C1,P2,0x927EB9E0,1,Ken the Eagle,True,True,recoverable_heal,44000,44000,35414,36414,1000,38853,38853,0,3439,2439,-1000,0,0,0,,,,,none,4,500,0,1,False,False,0,0,,,,,,,,,,
2026-07-25T21:25:27Z,132,P2-C1,P2,0x927EB9E0,1,Ken the Eagle,True,True,full_health_reset,44000,44000,36414,44000,7586,38853,44000,5147,2439,0,-2439,0,0,0,,,,,none,4,0,0,0,False,False,0,0,,,,,,,,,,
2026-07-25T21:25:28Z,139,P2-C1,P2,0x927EB9E0,1,Ken the Eagle,True,True,normal_damage_red_generation,44000,44000,44000,43480,-520,44000,43688,-312,0,208,208,520,312,208,312,208,0,True,medium,4,0,0,0,False,False,0,0,,,,,,,,,,
2026-07-25T21:25:29Z,140,P2-C1,P2,0x927EB9E0,1,Ken the Eagle,True,True,normal_damage_red_generation,44000,44000,43480,42587,-893,43688,43153,-535,208,566,358,893,535,358,535,358,0,True,medium,4,0,0,0,False,False,0,0,,,,,,,,,,
2026-07-25T21:25:29Z,141,P2-C1,P2,0x927EB9E0,1,Ken the Eagle,True,True,normal_damage_red_generation,44000,44000,42587,41741,-846,43153,42646,-507,566,905,339,846,507,339,507,339,0,True,medium,4,0,0,0,False,False,0,0,,,,,,,,,,
2026-07-25T21:25:29Z,142,P2-C1,P2,0x927EB9E0,1,Ken the Eagle,True,True,normal_damage_red_generation,44000,44000,41741,39974,-1767,42646,41586,-1060,905,1612,707,1767,1060,707,1060,707,0,True,medium,4,0,0,0,False,False,0,0,,,,,,,,,,
2026-07-25T21:25:30Z,143,P2-C1,P2,0x927EB9E0,1,Ken the Eagle,True,True,normal_damage_red_generation,44000,44000,39974,38183,-1791,41586,40512,-1074,1612,2329,717,1791,1074,717,1074,717,0,True,medium,4,0,0,0,False,False,0,0,,,,,,,,,,
2026-07-25T21:25:30Z,144,P2-C1,P2,0x927EB9E0,1,Ken the Eagle,True,True,normal_damage_red_generation,44000,44000,38183,36794,-1389,40512,39680,-832,2329,2886,557,1389,832,557,833,556,1,False,medium,4,0,0,0,False,False,0,0,,,,,,,,,,difference can indicate multiple native damage requests between GUI samples
2026-07-25T21:25:31Z,145,P2-C1,P2,0x927EB9E0,1,Ken the Eagle,True,True,normal_damage_red_generation,44000,44000,36794,36126,-668,39680,39280,-400,2886,3154,268,668,400,268,400,268,0,True,medium,4,0,0,0,False,False,0,0,,,,,,,,,,
2026-07-25T21:25:31Z,146,P2-C1,P2,0x927EB9E0,1,Ken the Eagle,True,True,normal_damage_red_generation,44000,44000,36126,34769,-1357,39280,38466,-814,3154,3697,543,1357,814,543,814,543,0,True,medium,4,0,0,0,False,False,0,0,,,,,,,,,,
2026-07-25T21:25:31Z,147,P2-C1,P2,0x927EB9E0,1,Ken the Eagle,True,True,normal_damage_red_generation,44000,44000,34769,33758,-1011,38466,37860,-606,3697,4102,405,1011,606,405,606,405,0,True,medium,4,0,0,0,False,False,0,0,,,,,,,,,,
2026-07-25T21:25:31Z,148,P2-C1,P2,0x927EB9E0,1,Ken the Eagle,True,True,normal_damage_red_generation,44000,44000,33758,33319,-439,37860,37597,-263,4102,4278,176,439,263,176,263,176,0,True,medium,4,0,0,0,False,False,0,0,,,,,,,,,,
2026-07-25T21:25:32Z,149,P2-C1,P2,0x927EB9E0,1,Ken the Eagle,True,True,normal_damage_red_generation,44000,44000,33319,32899,-420,37597,37345,-252,4278,4446,168,420,252,168,252,168,0,True,medium,4,0,0,0,False,False,0,0,,,,,,,,,,
2026-07-25T21:25:32Z,150,P2-C1,P2,0x927EB9E0,1,Ken the Eagle,True,True,normal_damage_red_generation,44000,44000,32899,32022,-877,37345,36819,-526,4446,4797,351,877,526,351,526,351,0,True,medium,4,0,0,0,False,False,0,0,,,,,,,,,,
2026-07-25T21:25:33Z,152,P2-C1,P2,0x927EB9E0,1,Ken the Eagle,True,True,normal_damage_red_generation,44000,44000,32022,31823,-199,36819,36700,-119,4797,4877,80,199,119,80,119,80,0,True,medium,4,0,0,0,False,False,0,0,,,,,,,,,,
2026-07-25T21:25:33Z,153,P2-C1,P2,0x927EB9E0,1,Ken the Eagle,True,True,normal_damage_red_generation,44000,44000,31823,31191,-632,36700,36322,-378,4877,5131,254,632,378,254,379,253,1,False,medium,4,0,0,0,False,False,0,0,,,,,,,,,,difference can indicate multiple native damage requests between GUI samples
2026-07-25T21:25:33Z,154,P2-C1,P2,0x927EB9E0,1,Ken the Eagle,True,True,normal_damage_red_generation,44000,44000,31191,30541,-650,36322,35932,-390,5131,5391,260,650,390,260,390,260,0,True,medium,4,0,0,0,False,False,0,0,,,,,,,,,,
2026-07-25T21:25:34Z,155,P2-C1,P2,0x927EB9E0,1,Ken the Eagle,True,True,normal_damage_red_generation,44000,44000,30541,30129,-412,35932,35685,-247,5391,5556,165,412,247,165,247,165,0,True,medium,4,0,0,0,False,False,0,0,,,,,,,,,,
2026-07-25T21:25:34Z,156,P2-C1,P2,0x927EB9E0,1,Ken the Eagle,True,True,normal_damage_red_generation,44000,44000,30129,29442,-687,35685,35273,-412,5556,5831,275,687,412,275,412,275,0,True,medium,4,0,0,0,False,False,0,0,,,,,,,,,,
2026-07-25T21:25:35Z,158,P2-C1,P2,0x927EB9E0,1,Ken the Eagle,True,True,normal_damage_red_generation,44000,44000,29442,28285,-1157,35273,34580,-693,5831,6295,464,1157,693,464,694,463,1,False,medium,4,0,0,0,False,False,0,0,,,,,,,,,,difference can indicate multiple native damage requests between GUI samples
2026-07-25T21:25:35Z,160,P2-C1,P2,0x927EB9E0,1,Ken the Eagle,True,True,normal_damage_red_generation,44000,44000,28285,27101,-1184,34580,33870,-710,6295,6769,474,1184,710,474,710,474,0,True,medium,4,0,0,0,False,False,0,0,,,,,,,,,,
2026-07-25T21:25:38Z,177,P2-C1,P2,0x927EB9E0,1,Ken the Eagle,True,True,unknown_health_transition,44000,44000,27101,27581,480,33870,33558,-312,6769,5977,-792,0,312,0,,,,,none,4,0,0,0,False,False,0,0,,,,,,,,,,
2026-07-25T21:25:38Z,178,P2-C1,P2,0x927EB9E0,1,Ken the Eagle,True,True,normal_damage_red_generation,44000,44000,27581,25842,-1739,33558,32516,-1042,5977,6674,697,1739,1042,697,1043,696,1,False,medium,4,0,0,0,False,False,0,0,,,,,,,,,,difference can indicate multiple native damage requests between GUI samples
2026-07-25T21:25:39Z,180,P2-C1,P2,0x927EB9E0,1,Ken the Eagle,True,True,normal_damage_red_generation,44000,44000,25842,24075,-1767,32516,31456,-1060,6674,7381,707,1767,1060,707,1060,707,0,True,medium,4,0,0,0,False,False,0,0,,,,,,,,,,
2026-07-25T21:25:39Z,181,P2-C1,P2,0x927EB9E0,1,Ken the Eagle,True,True,normal_damage_red_generation,44000,44000,24075,22284,-1791,31456,30382,-1074,7381,8098,717,1791,1074,717,1074,717,0,True,medium,4,-716,-429,0,False,False,0,0,,,,,,,,,,
2026-07-25T21:25:39Z,182,P2-C1,P2,0x927EB9E0,1,Ken the Eagle,True,True,normal_damage_red_generation,44000,44000,22284,21568,-716,30382,29953,-429,8098,8385,287,716,429,287,429,287,0,True,medium,4,-673,-403,0,False,False,0,0,,,,,,,,,,
2026-07-25T21:25:39Z,183,P2-C1,P2,0x927EB9E0,1,Ken the Eagle,True,True,normal_damage_red_generation,44000,44000,21568,20895,-673,29953,29550,-403,8385,8655,270,673,403,270,403,270,0,True,medium,4,0,0,0,False,False,0,0,,,,,,,,,,
2026-07-25T21:25:40Z,184,P2-C1,P2,0x927EB9E0,1,Ken the Eagle,True,True,normal_damage_red_generation,44000,44000,20895,20279,-616,29550,29181,-369,8655,8902,247,616,369,247,369,247,0,True,medium,4,0,0,0,False,False,0,0,,,,,,,,,,
2026-07-25T21:25:40Z,185,P2-C1,P2,0x927EB9E0,1,Ken the Eagle,True,True,normal_damage_red_generation,44000,44000,20279,19327,-952,29181,28610,-571,8902,9283,381,952,571,381,571,381,0,True,medium,4,0,0,0,False,False,0,0,,,,,,,,,,
2026-07-25T21:25:42Z,191,P2-C1,P2,0x927EB9E0,1,Ken the Eagle,True,True,normal_damage_red_generation,44000,44000,19327,18807,-520,28610,28298,-312,9283,9491,208,520,312,208,312,208,0,True,medium,4,-893,-535,0,False,False,0,0,,,,,,,,,,
2026-07-25T21:25:42Z,192,P2-C1,P2,0x927EB9E0,1,Ken the Eagle,True,True,normal_damage_red_generation,44000,44000,18807,17068,-1739,28298,27256,-1042,9491,10188,697,1739,1042,697,1043,696,1,False,medium,4,0,0,0,False,False,0,0,,,,,,,,,,difference can indicate multiple native damage requests between GUI samples
2026-07-25T21:25:43Z,193,P2-C1,P2,0x927EB9E0,1,Ken the Eagle,True,True,normal_damage_red_generation,44000,44000,17068,15301,-1767,27256,26196,-1060,10188,10895,707,1767,1060,707,1060,707,0,True,medium,4,0,0,0,False,False,0,0,,,,,,,,,,
2026-07-25T21:25:43Z,194,P2-C1,P2,0x927EB9E0,1,Ken the Eagle,True,True,normal_damage_red_generation,44000,44000,15301,13510,-1791,26196,25122,-1074,10895,11612,717,1791,1074,717,1074,717,0,True,medium,4,0,0,0,False,False,0,0,,,,,,,,,,
2026-07-25T21:25:45Z,203,P2-C1,P2,0x927EB9E0,1,Ken the Eagle,True,True,normal_damage_red_generation,44000,44000,13510,12650,-860,25122,24606,-516,11612,11956,344,860,516,344,516,344,0,True,medium,4,0,0,0,False,False,0,0,,,,,,,,,,
2026-07-25T21:25:45Z,204,P2-C1,P2,0x927EB9E0,1,Ken the Eagle,True,True,normal_damage_red_generation,44000,44000,12650,12156,-494,24606,24310,-296,11956,12154,198,494,296,198,296,198,0,True,medium,4,0,0,0,False,False,0,0,,,,,,,,,,
2026-07-25T21:25:45Z,205,P2-C1,P2,0x927EB9E0,1,Ken the Eagle,True,True,normal_damage_red_generation,44000,44000,12156,11310,-846,24310,23803,-507,12154,12493,339,846,507,339,507,339,0,True,medium,4,-798,-478,0,False,False,0,0,,,,,,,,,,
2026-07-25T21:25:45Z,206,P2-C1,P2,0x927EB9E0,1,Ken the Eagle,True,True,normal_damage_red_generation,44000,44000,11310,10512,-798,23803,23325,-478,12493,12813,320,798,478,320,478,320,0,True,medium,4,0,0,0,False,False,0,0,,,,,,,,,,
2026-07-25T21:25:46Z,207,P2-C1,P2,0x927EB9E0,1,Ken the Eagle,True,True,normal_damage_red_generation,44000,44000,10512,9182,-1330,23325,22527,-798,12813,13345,532,1330,798,532,798,532,0,True,medium,4,0,0,0,False,False,0,0,,,,,,,,,,
2026-07-25T21:25:46Z,208,P2-C1,P2,0x927EB9E0,1,Ken the Eagle,True,True,normal_damage_red_generation,44000,44000,9182,7839,-1343,22527,21722,-805,13345,13883,538,1343,805,538,805,538,0,True,medium,4,0,0,0,False,False,0,0,,,,,,,,,,
2026-07-25T21:25:48Z,220,P2-C1,P2,0x927EB9E0,1,Ken the Eagle,True,True,normal_damage_red_generation,44000,44000,7839,7423,-416,21722,21473,-249,13883,14050,167,416,249,167,249,167,0,True,medium,4,0,0,0,False,False,0,0,,,,,,,,,,
2026-07-25T21:25:49Z,221,P2-C1,P2,0x927EB9E0,1,Ken the Eagle,True,True,normal_damage_red_generation,44000,44000,7423,6709,-714,21473,21045,-428,14050,14336,286,714,428,286,428,286,0,True,medium,4,0,0,0,False,False,0,0,,,,,,,,,,
2026-07-25T21:25:49Z,222,P2-C1,P2,0x927EB9E0,1,Ken the Eagle,True,True,normal_damage_red_generation,44000,44000,6709,6033,-676,21045,20640,-405,14336,14607,271,676,405,271,405,271,0,True,medium,4,-1413,-847,0,False,False,0,0,,,,,,,,,,
2026-07-25T21:25:49Z,223,P2-C1,P2,0x927EB9E0,1,Ken the Eagle,True,True,normal_damage_red_generation,44000,44000,6033,4620,-1413,20640,19793,-847,14607,15173,566,1413,847,566,847,566,0,True,medium,4,0,0,0,False,False,0,0,,,,,,,,,,
2026-07-25T21:25:49Z,224,P2-C1,P2,0x927EB9E0,1,Ken the Eagle,True,True,normal_damage_red_generation,44000,44000,4620,3367,-1253,19793,19042,-751,15173,15675,502,1253,751,502,751,502,0,True,medium,4,0,0,0,False,False,0,0,,,,,,,,,,
2026-07-25T21:25:50Z,225,P2-C1,P2,0x927EB9E0,1,Ken the Eagle,True,True,normal_damage_red_generation,44000,44000,3367,2395,-972,19042,18460,-582,15675,16065,390,972,582,390,583,389,1,False,medium,4,0,0,0,False,False,0,0,,,,,,,,,,difference can indicate multiple native damage requests between GUI samples
2026-07-25T21:25:50Z,226,P2-C1,P2,0x927EB9E0,1,Ken the Eagle,True,True,normal_damage_red_generation,44000,44000,2395,1964,-431,18460,18202,-258,16065,16238,173,431,258,173,258,173,0,True,medium,4,0,0,0,False,False,0,0,,,,,,,,,,
2026-07-25T21:25:51Z,228,P2-C1,P2,0x927EB9E0,1,Ken the Eagle,True,True,normal_damage_red_generation,44000,44000,1964,1300,-664,18202,17804,-398,16238,16504,266,664,398,266,398,266,0,True,medium,4,0,0,0,False,False,0,0,,,,,,,,,,
2026-07-25T21:25:52Z,235,P2-C1,P2,0x927EB9E0,1,Ken the Eagle,True,True,normal_damage_red_generation,44000,44000,1300,936,-364,17804,17586,-218,16504,16650,146,364,218,146,218,146,0,True,medium,4,0,0,0,False,False,0,0,,,,,,,,,,
2026-07-25T21:25:52Z,236,P2-C1,P2,0x927EB9E0,1,Ken the Eagle,True,True,normal_damage_red_generation,44000,44000,936,311,-625,17586,17211,-375,16650,16900,250,625,375,250,375,250,0,True,medium,4,0,0,0,False,False,0,0,,,,,,,,,,
2026-07-25T21:25:52Z,237,P2-C1,P2,0x927EB9E0,1,Ken the Eagle,True,True,normal_damage_red_generation,44000,44000,311,1,-310,17211,16856,-355,16900,16855,-45,310,355,0,186,124,-124,False,medium,4,0,0,0,False,False,0,0,,,,,,,,,,difference can indicate multiple native damage requests between GUI samples
2026-07-25T21:25:53Z,238,P2-C1,P2,0x927EB9E0,1,Ken the Eagle,True,True,ceiling_loss,44000,44000,1,1,0,16856,16115,-741,16855,16114,-741,0,741,0,,,,,none,4,0,0,0,False,False,0,0,,,,,,,,,,
2026-07-25T21:25:53Z,240,P2-C1,P2,0x927EB9E0,1,Ken the Eagle,True,True,ceiling_loss,44000,44000,1,1,0,16115,15364,-751,16114,15363,-751,0,751,0,,,,,none,4,0,0,0,False,False,0,0,,,,,,,,,,
2026-07-25T21:25:54Z,241,P2-C1,P2,0x927EB9E0,1,Ken the Eagle,True,True,ceiling_loss,44000,44000,1,1,0,15364,14782,-582,15363,14781,-582,0,582,0,,,,,none,4,0,0,0,False,False,0,0,,,,,,,,,,
2026-07-25T21:25:54Z,242,P2-C1,P2,0x927EB9E0,1,Ken the Eagle,True,True,ceiling_loss,44000,44000,1,1,0,14782,14524,-258,14781,14523,-258,0,258,0,,,,,none,4,0,0,0,False,False,0,0,,,,,,,,,,
2026-07-25T21:25:54Z,244,P2-C1,P2,0x927EB9E0,1,Ken the Eagle,True,True,ceiling_loss,44000,44000,1,1,0,14524,14126,-398,14523,14125,-398,0,398,0,,,,,none,4,0,0,0,False,False,0,0,,,,,,,,,,
2026-07-25T21:25:56Z,255,P2-C1,P2,0x927EB9E0,1,Ken the Eagle,True,True,recoverable_heal,44000,44000,1,3001,3000,14126,14126,0,14125,11125,-3000,0,0,0,,,,,none,4,500,0,1,False,False,0,0,,,,,,,,,,
2026-07-25T21:25:57Z,256,P2-C1,P2,0x927EB9E0,1,Ken the Eagle,True,True,mixed_heal,44000,44000,3001,19501,16500,14126,19501,5375,11125,0,-11125,0,0,0,,,,,none,4,500,0,1,False,False,0,0,,,,,,,,,,
2026-07-25T21:25:57Z,257,P2-C1,P2,0x927EB9E0,1,Ken the Eagle,True,True,current_and_ceiling_heal,44000,44000,19501,23501,4000,19501,23501,4000,0,0,0,0,0,0,,,,,none,4,500,0,1,False,False,0,0,,,,,,,,,,
2026-07-25T21:25:57Z,258,P2-C1,P2,0x927EB9E0,1,Ken the Eagle,True,True,current_and_ceiling_heal,44000,44000,23501,30001,6500,23501,30001,6500,0,0,0,0,0,0,,,,,none,4,500,0,1,False,False,0,0,,,,,,,,,,
2026-07-25T21:25:57Z,259,P2-C1,P2,0x927EB9E0,1,Ken the Eagle,True,True,current_and_ceiling_heal,44000,44000,30001,43501,13500,30001,43501,13500,0,0,0,0,0,0,,,,,none,4,0,0,0,False,False,0,0,,,,,,,,,,
2026-07-25T21:25:58Z,260,P2-C1,P2,0x927EB9E0,1,Ken the Eagle,True,True,full_health_reset,44000,44000,43501,44000,499,43501,44000,499,0,0,0,0,0,0,,,,,none,4,0,0,0,False,False,0,0,,,,,,,,,,
2026-07-25T21:26:01Z,292,P2-C1,P2,0x927EB9E0,1,Ken the Eagle,True,True,normal_damage_red_generation,44000,44000,44000,43460,-540,44000,43676,-324,0,216,216,540,324,216,324,216,0,True,medium,4,0,0,0,False,False,0,0,,,,,,,,,,
2026-07-25T21:26:02Z,293,P2-C1,P2,0x927EB9E0,1,Ken the Eagle,True,True,normal_damage_red_generation,44000,44000,43460,42101,-1359,43676,42862,-814,216,761,545,1359,814,545,815,544,1,False,medium,4,0,0,0,False,False,0,0,,,,,,,,,,difference can indicate multiple native damage requests between GUI samples
2026-07-25T21:26:02Z,295,P2-C1,P2,0x927EB9E0,1,Ken the Eagle,True,True,normal_damage_red_generation,44000,44000,42101,40334,-1767,42862,41802,-1060,761,1468,707,1767,1060,707,1060,707,0,True,medium,4,0,0,0,False,False,0,0,,,,,,,,,,
2026-07-25T21:26:03Z,296,P2-C1,P2,0x927EB9E0,1,Ken the Eagle,True,True,normal_damage_red_generation,44000,44000,40334,37827,-2507,41802,40299,-1503,1468,2472,1004,2507,1503,1004,1504,1003,1,False,medium,4,0,0,0,False,False,0,0,,,,,,,,,,difference can indicate multiple native damage requests between GUI samples
2026-07-25T21:26:03Z,297,P2-C1,P2,0x927EB9E0,1,Ken the Eagle,True,True,normal_damage_red_generation,44000,44000,37827,37154,-673,40299,39896,-403,2472,2742,270,673,403,270,403,270,0,True,medium,4,0,0,0,False,False,0,0,,,,,,,,,,
2026-07-25T21:26:05Z,307,P2-C1,P2,0x927EB9E0,1,Ken the Eagle,True,True,recoverable_heal,44000,44000,37154,37654,500,39896,39896,0,2742,2242,-500,0,0,0,,,,,none,4,500,0,1,False,False,0,0,,,,,,,,,,
2026-07-25T21:26:05Z,308,P2-C1,P2,0x927EB9E0,1,Ken the Eagle,True,True,full_health_reset,44000,44000,37654,44000,6346,39896,44000,4104,2242,0,-2242,0,0,0,,,,,none,4,0,0,0,False,False,0,0,,,,,,,,,,
2026-07-25T21:26:11Z,355,P2-C1,P2,0x927EB9E0,1,Ken the Eagle,True,True,normal_damage_red_generation,44000,44000,44000,43480,-520,44000,43688,-312,0,208,208,520,312,208,312,208,0,True,medium,4,0,0,0,False,False,0,0,,,,,,,,,,
2026-07-25T21:26:11Z,356,P2-C1,P2,0x927EB9E0,1,Ken the Eagle,True,True,normal_damage_red_generation,44000,44000,43480,41741,-1739,43688,42646,-1042,208,905,697,1739,1042,697,1043,696,1,False,medium,4,0,0,0,False,False,0,0,,,,,,,,,,difference can indicate multiple native damage requests between GUI samples
2026-07-25T21:26:11Z,357,P2-C1,P2,0x927EB9E0,1,Ken the Eagle,True,True,normal_damage_red_generation,44000,44000,41741,39974,-1767,42646,41586,-1060,905,1612,707,1767,1060,707,1060,707,0,True,medium,4,0,0,0,False,False,0,0,,,,,,,,,,
2026-07-25T21:26:12Z,358,P2-C1,P2,0x927EB9E0,1,Ken the Eagle,True,True,normal_damage_red_generation,44000,44000,39974,38263,-1711,41586,40560,-1026,1612,2297,685,1711,1026,685,1026,685,0,True,medium,4,0,0,0,False,False,0,0,,,,,,,,,,
2026-07-25T21:26:12Z,360,P2-C1,P2,0x927EB9E0,1,Ken the Eagle,True,True,normal_damage_red_generation,44000,44000,38263,37956,-307,40560,40376,-184,2297,2420,123,307,184,123,184,123,0,True,medium,4,0,0,0,False,False,0,0,,,,,,,,,,
2026-07-25T21:26:13Z,361,P2-C1,P2,0x927EB9E0,1,Ken the Eagle,True,True,normal_damage_red_generation,44000,44000,37956,36158,-1798,40376,39299,-1077,2420,3141,721,1798,1077,721,1078,720,1,False,medium,4,-511,-306,0,False,False,0,0,,,,,,,,,,difference can indicate multiple native damage requests between GUI samples
2026-07-25T21:26:13Z,362,P1-C2,P1,0x92B6BA00,13,Chun-Li,True,True,baroque_consume,46000,46000,41400,41400,0,46000,41400,-4600,4600,0,-4600,0,4600,0,,-4600,0,True,high,4,0,0,0,False,True,4600,4600,,,,,,,,,,
2026-07-25T21:26:13Z,362,P2-C1,P2,0x927EB9E0,1,Ken the Eagle,True,True,normal_damage_red_generation,44000,44000,36158,35647,-511,39299,38993,-306,3141,3346,205,511,306,205,306,205,0,True,medium,4,0,0,0,False,False,0,0,,,,,,,,,,
2026-07-25T21:26:13Z,364,P2-C1,P2,0x927EB9E0,1,Ken the Eagle,True,True,normal_damage_red_generation,44000,44000,35647,34937,-710,38993,38567,-426,3346,3630,284,710,426,284,426,284,0,True,medium,4,0,0,0,False,False,0,0,,,,,,,,,,
2026-07-25T21:26:14Z,366,P2-C1,P2,0x927EB9E0,1,Ken the Eagle,True,True,normal_damage_red_generation,44000,44000,34937,34297,-640,38567,38183,-384,3630,3886,256,640,384,256,384,256,0,True,medium,4,0,0,0,False,False,0,0,,,,,,,,,,
2026-07-25T21:26:14Z,368,P2-C1,P2,0x927EB9E0,1,Ken the Eagle,True,True,normal_damage_red_generation,44000,44000,34297,33906,-391,38183,37949,-234,3886,4043,157,391,234,157,234,157,0,True,medium,4,0,0,0,False,False,0,0,,,,,,,,,,
2026-07-25T21:26:15Z,370,P2-C1,P2,0x927EB9E0,1,Ken the Eagle,True,True,normal_damage_red_generation,44000,44000,33906,33163,-743,37949,37504,-445,4043,4341,298,743,445,298,445,298,0,True,medium,4,0,0,0,False,False,0,0,,,,,,,,,,
2026-07-25T21:26:15Z,372,P2-C1,P2,0x927EB9E0,1,Ken the Eagle,True,True,normal_damage_red_generation,44000,44000,33163,32365,-798,37504,37026,-478,4341,4661,320,798,478,320,478,320,0,True,medium,4,0,0,0,False,False,0,0,,,,,,,,,,
2026-07-25T21:26:16Z,374,P2-C1,P2,0x927EB9E0,1,Ken the Eagle,True,True,normal_damage_red_generation,44000,44000,32365,31941,-424,37026,36773,-253,4661,4832,171,424,253,171,254,170,1,False,medium,4,0,0,0,False,False,0,0,,,,,,,,,,difference can indicate multiple native damage requests between GUI samples
2026-07-25T21:26:17Z,377,P2-C1,P2,0x927EB9E0,1,Ken the Eagle,True,True,normal_damage_red_generation,44000,44000,31941,31567,-374,36773,36549,-224,4832,4982,150,374,224,150,224,150,0,True,medium,4,0,0,0,False,False,0,0,,,,,,,,,,
2026-07-25T21:26:17Z,378,P2-C1,P2,0x927EB9E0,1,Ken the Eagle,True,True,normal_damage_red_generation,44000,44000,31567,30944,-623,36549,36176,-373,4982,5232,250,623,373,250,373,250,0,True,medium,4,0,0,0,False,False,0,0,,,,,,,,,,
2026-07-25T21:26:18Z,380,P1-C2,P1,0x92B6BA00,13,Chun-Li,True,True,recoverable_ceiling_gain,46000,46000,41400,41400,0,41400,46000,4600,0,4600,4600,0,0,4600,,,,,none,4,0,0,0,True,False,4600,4600,,,,,,,,,,
2026-07-25T21:26:18Z,384,P2-C1,P2,0x927EB9E0,1,Ken the Eagle,True,True,normal_damage_red_generation,44000,44000,30944,29531,-1413,36176,35329,-847,5232,5798,566,1413,847,566,847,566,0,True,medium,4,0,0,0,False,False,0,0,,,,,,,,,,
2026-07-25T21:26:19Z,386,P2-C1,P2,0x927EB9E0,1,Ken the Eagle,True,True,normal_damage_red_generation,44000,44000,29531,28685,-846,35329,34822,-507,5798,6137,339,846,507,339,507,339,0,True,medium,4,0,0,0,False,False,0,0,,,,,,,,,,
2026-07-25T21:26:19Z,387,P2-C1,P2,0x927EB9E0,1,Ken the Eagle,True,True,normal_damage_red_generation,44000,44000,28685,26918,-1767,34822,33762,-1060,6137,6844,707,1767,1060,707,1060,707,0,True,medium,4,0,0,0,False,False,0,0,,,,,,,,,,
2026-07-25T21:26:20Z,388,P2-C1,P2,0x927EB9E0,1,Ken the Eagle,True,True,normal_damage_red_generation,44000,44000,26918,25207,-1711,33762,32736,-1026,6844,7529,685,1711,1026,685,1026,685,0,True,medium,4,0,0,0,False,False,0,0,,,,,,,,,,
2026-07-25T21:26:20Z,389,P2-C1,P2,0x927EB9E0,1,Ken the Eagle,True,True,normal_damage_red_generation,44000,44000,25207,24900,-307,32736,32552,-184,7529,7652,123,307,184,123,184,123,0,True,medium,4,0,0,0,False,False,0,0,,,,,,,,,,
2026-07-25T21:26:20Z,390,P2-C1,P2,0x927EB9E0,1,Ken the Eagle,True,True,normal_damage_red_generation,44000,44000,24900,23658,-1242,32552,31808,-744,7652,8150,498,1242,744,498,745,497,1,False,medium,4,0,0,0,False,False,0,0,,,,,,,,,,difference can indicate multiple native damage requests between GUI samples
2026-07-25T21:26:20Z,391,P2-C1,P2,0x927EB9E0,1,Ken the Eagle,True,True,normal_damage_red_generation,44000,44000,23658,23102,-556,31808,31475,-333,8150,8373,223,556,333,223,333,223,0,True,medium,4,0,0,0,False,False,0,0,,,,,,,,,,
2026-07-25T21:26:21Z,392,P1-C2,P1,0x92B6BA00,13,Chun-Li,True,True,ceiling_loss,46000,46000,41400,41400,0,46000,41900,-4100,4600,500,-4100,0,4100,0,,,,,none,4,0,0,0,False,True,4600,4600,,,,,,,,,,
2026-07-25T21:26:21Z,392,P2-C1,P2,0x927EB9E0,1,Ken the Eagle,True,True,normal_damage_red_generation,44000,44000,23102,22591,-511,31475,31169,-306,8373,8578,205,511,306,205,306,205,0,True,medium,4,0,0,0,False,False,0,0,,,,,,,,,,
2026-07-25T21:26:21Z,393,P2-C1,P2,0x927EB9E0,1,Ken the Eagle,True,True,normal_damage_red_generation,44000,44000,22591,21885,-706,31169,30746,-423,8578,8861,283,706,423,283,423,283,0,True,medium,4,0,0,0,False,False,0,0,,,,,,,,,,
2026-07-25T21:26:22Z,396,P2-C1,P2,0x927EB9E0,1,Ken the Eagle,True,True,normal_damage_red_generation,44000,44000,21885,21248,-637,30746,30364,-382,8861,9116,255,637,382,255,382,255,0,True,medium,4,0,0,0,False,False,0,0,,,,,,,,,,
2026-07-25T21:26:22Z,398,P2-C1,P2,0x927EB9E0,1,Ken the Eagle,True,True,normal_damage_red_generation,44000,44000,21248,20861,-387,30364,30132,-232,9116,9271,155,387,232,155,232,155,0,True,medium,4,0,0,0,False,False,0,0,,,,,,,,,,
2026-07-25T21:26:23Z,400,P2-C1,P2,0x927EB9E0,1,Ken the Eagle,True,True,normal_damage_red_generation,44000,44000,20861,20115,-746,30132,29685,-447,9271,9570,299,746,447,299,447,299,0,True,medium,4,0,0,0,False,False,0,0,,,,,,,,,,
2026-07-25T21:26:23Z,402,P2-C1,P2,0x927EB9E0,1,Ken the Eagle,True,True,normal_damage_red_generation,44000,44000,20115,19314,-801,29685,29205,-480,9570,9891,321,801,480,321,480,321,0,True,medium,4,0,0,0,False,False,0,0,,,,,,,,,,
2026-07-25T21:26:24Z,403,P2-C1,P2,0x927EB9E0,1,Ken the Eagle,True,True,normal_damage_red_generation,44000,44000,19314,19125,-189,29205,29092,-113,9891,9967,76,189,113,76,113,76,0,True,medium,4,0,0,0,False,False,0,0,,,,,,,,,,
2026-07-25T21:26:24Z,404,P1-C2,P1,0x92B6BA00,13,Chun-Li,True,True,recoverable_ceiling_gain,46000,46000,41400,41400,0,41900,46000,4100,500,4600,4100,0,0,4100,,,,,none,4,0,0,0,True,False,4600,4600,,,,,,,,,,
2026-07-25T21:26:24Z,404,P2-C1,P2,0x927EB9E0,1,Ken the Eagle,True,True,normal_damage_red_generation,44000,44000,19125,18769,-356,29092,28879,-213,9967,10110,143,356,213,143,213,143,0,True,medium,4,0,0,0,False,False,0,0,,,,,,,,,,
2026-07-25T21:26:26Z,410,P2-C1,P2,0x927EB9E0,1,Ken the Eagle,True,True,recoverable_heal,44000,44000,18769,22769,4000,28879,28879,0,10110,6110,-4000,0,0,0,,,,,none,4,500,0,1,False,False,0,0,,,,,,,,,,
2026-07-25T21:26:26Z,411,P2-C1,P2,0x927EB9E0,1,Ken the Eagle,True,True,mixed_heal,44000,44000,22769,36269,13500,28879,36269,7390,6110,0,-6110,0,0,0,,,,,none,4,500,0,1,False,False,0,0,,,,,,,,,,
2026-07-25T21:26:26Z,412,P2-C1,P2,0x927EB9E0,1,Ken the Eagle,True,True,current_and_ceiling_heal,44000,44000,36269,43769,7500,36269,43769,7500,0,0,0,0,0,0,,,,,none,4,0,0,0,False,False,0,0,,,,,,,,,,
2026-07-25T21:26:26Z,413,P2-C1,P2,0x927EB9E0,1,Ken the Eagle,True,True,full_health_reset,44000,44000,43769,44000,231,43769,44000,231,0,0,0,0,0,0,,,,,none,4,0,0,0,False,False,0,0,,,,,,,,,,
2026-07-25T21:26:28Z,425,P1-C1,P1,0x9246B9C0,12,Ryu,False,True,point_status_change,48000,48000,48000,48000,0,48000,48000,0,0,0,0,0,0,0,,,,,none,4,0,0,0,False,False,4800,0,,,,,,,,,,
2026-07-25T21:26:28Z,425,P1-C2,P1,0x92B6BA00,13,Chun-Li,True,False,reserve_recovery,46000,46000,41400,46000,4600,46000,46000,0,4600,0,-4600,0,0,0,,,0,True,medium,4,0,0,0,False,False,4600,0,,,,,,,,,,
2026-07-25T21:26:28Z,425,P2-C1,P2,0x927EB9E0,28,Yatterman-2,True,True,fighter_reset_or_reloaded,44000,42000,44000,42000,-2000,44000,42000,-2000,0,0,0,2000,2000,0,,,,,none,4,0,0,0,False,False,0,0,,,,,,,,,,maximum health changed
2026-07-25T21:26:28Z,425,P2-C2,P2,0x92EEBA20,29,Zero,False,False,fighter_reset_or_reloaded,44000,40000,44000,40000,-4000,44000,40000,-4000,0,0,0,4000,4000,0,,,,,none,3,0,0,0,False,False,0,0,,,,,,,,,,maximum health changed
2026-07-25T21:26:30Z,432,P1-C1,P1,0x9246B9C0,27,Joe the Condor,True,False,fighter_reset_or_reloaded,48000,44000,48000,44000,-4000,48000,44000,-4000,0,0,0,4000,4000,0,,,,,none,4,4,0,0,False,False,0,0,,,,,,,,,,maximum health changed
2026-07-25T21:26:30Z,432,P1-C2,P1,0x92B6BA00,2,Casshan,False,True,fighter_reset_or_reloaded,46000,50000,46000,45000,-1000,46000,50000,4000,0,5000,5000,1000,0,5000,,,,,none,4,500,0,1,False,False,0,0,,,,,,,,,,maximum health changed
2026-07-25T21:26:30Z,432,P2-C1,P2,0x927EB9E0,17,Viewtiful Joe,True,True,fighter_reset_or_reloaded,42000,46000,42000,46000,4000,42000,46000,4000,0,0,0,0,0,0,,,,,none,4,0,0,0,False,False,0,0,,,,,,,,,,maximum health changed
2026-07-25T21:26:30Z,432,P2-C2,P2,0x92EEBA20,27,Joe the Condor,False,False,fighter_reset_or_reloaded,40000,44000,40000,44000,4000,40000,44000,4000,0,0,0,0,0,0,,,,,none,4,4,0,0,False,False,0,0,,,,,,,,,,maximum health changed
2026-07-25T21:26:40Z,435,P2-C1,P2,0x927EB9E0,17,Viewtiful Joe,True,True,normal_damage_red_generation,46000,46000,46000,34981,-11019,46000,39391,-6609,0,4410,4410,11019,6609,4410,6611,4408,2,False,medium,4,500,0,1,False,False,0,0,,,,,,,,,,difference can indicate multiple native damage requests between GUI samples
2026-07-25T21:26:42Z,436,P2-C1,P2,0x927EB9E0,17,Viewtiful Joe,True,True,full_health_reset,46000,46000,34981,46000,11019,39391,46000,6609,4410,0,-4410,0,0,0,,,,,none,4,0,0,0,False,False,0,0,,,,,,,,,,
2026-07-25T21:27:13Z,478,P2-C1,P2,0x927EB9E0,17,Viewtiful Joe,True,True,normal_damage_red_generation,46000,46000,46000,41408,-4592,46000,43246,-2754,0,1838,1838,4592,2754,1838,2755,1837,1,False,medium,4,0,0,0,False,False,0,0,,,,,,,,,,difference can indicate multiple native damage requests between GUI samples
2026-07-25T21:27:16Z,479,P1-C2,P1,0x92B6BA00,2,Casshan,True,True,baroque_status_change,50000,50000,45000,45000,0,50000,50000,0,5000,5000,0,0,0,0,,,,,none,4,0,0,0,False,True,0,5000,,,,,,,,,,
2026-07-25T21:27:16Z,479,P2-C1,P2,0x927EB9E0,17,Viewtiful Joe,True,True,mixed_heal,46000,46000,41408,42800,1392,43246,44080,834,1838,1280,-558,0,0,0,,,,,none,4,0,0,0,False,False,0,0,,,,,,,,,,
2026-07-25T21:27:18Z,480,P1-C2,P1,0x92B6BA00,2,Casshan,True,True,baroque_status_change,50000,50000,45000,45000,0,50000,50000,0,5000,5000,0,0,0,0,,,,,none,4,0,0,0,True,False,5000,5000,,,,,,,,,,
2026-07-25T21:27:18Z,480,P2-C1,P2,0x927EB9E0,17,Viewtiful Joe,True,True,normal_damage_red_generation,46000,46000,42800,39600,-3200,44080,42160,-1920,1280,2560,1280,3200,1920,1280,1920,1280,0,True,medium,4,0,0,0,False,False,0,0,,,,,,,,,,
2026-07-25T21:27:23Z,481,P1-C2,P1,0x92B6BA00,2,Casshan,True,True,ceiling_loss,50000,50000,45000,45000,0,50000,45500,-4500,5000,500,-4500,0,4500,0,,,,,none,4,0,0,0,False,True,5000,5000,,,,,,,,,,
2026-07-25T21:27:23Z,481,P2-C1,P2,0x927EB9E0,17,Viewtiful Joe,True,True,mixed_heal,46000,46000,39600,41760,2160,42160,43456,1296,2560,1696,-864,0,0,0,,,,,none,4,0,0,0,False,False,0,0,,,,,,,,,,
2026-07-25T21:27:27Z,482,P1-C2,P1,0x92B6BA00,2,Casshan,True,True,recoverable_health_discarded,50000,50000,45000,45000,0,45500,45000,-500,500,0,-500,0,500,0,,,,,none,4,500,0,1,True,False,5000,5000,,,,,,,,,,
2026-07-25T21:27:27Z,482,P2-C1,P2,0x927EB9E0,17,Viewtiful Joe,True,True,normal_damage_red_generation,46000,46000,41760,33604,-8156,43456,38564,-4892,1696,4960,3264,8156,4892,3264,4893,3263,1,False,medium,4,0,0,0,False,False,0,0,,,,,,,,,,difference can indicate multiple native damage requests between GUI samples
2026-07-25T21:27:31Z,483,P1-C2,P1,0x92B6BA00,2,Casshan,True,True,recoverable_ceiling_gain,50000,50000,45000,45000,0,45000,50000,5000,0,5000,5000,0,0,5000,,,,,none,4,0,0,0,False,False,5000,5000,,,,,,,,,,
2026-07-25T21:27:31Z,483,P2-C1,P2,0x927EB9E0,17,Viewtiful Joe,True,True,normal_damage_red_generation,46000,46000,33604,32163,-1441,38564,34701,-3863,4960,2538,-2422,1441,3863,0,864,577,-577,False,medium,4,0,0,0,False,False,0,0,,,,,,,,,,difference can indicate multiple native damage requests between GUI samples
2026-07-25T21:27:37Z,484,P1-C2,P1,0x92B6BA00,2,Casshan,True,True,baroque_consume,50000,50000,45000,45000,0,50000,45000,-5000,5000,0,-5000,0,5000,0,,-5000,0,True,high,4,0,0,0,False,True,5000,5000,,,,,,,,,,
2026-07-25T21:27:37Z,484,P2-C1,P2,0x927EB9E0,17,Viewtiful Joe,True,True,normal_damage_red_generation,46000,46000,32163,25686,-6477,34701,33466,-1235,2538,7780,5242,6477,1235,5242,3886,2591,2651,False,medium,4,0,0,0,False,False,0,0,,,,,,,,,,difference can indicate multiple native damage requests between GUI samples
2026-07-25T21:27:39Z,485,P1-C2,P1,0x92B6BA00,2,Casshan,True,True,baroque_status_change,50000,50000,45000,45000,0,45000,45000,0,0,0,0,0,0,0,,,,,none,4,500,0,1,True,False,5000,5000,,,,,,,,,,
2026-07-25T21:27:39Z,485,P2-C1,P2,0x927EB9E0,17,Viewtiful Joe,True,True,normal_damage_red_generation,46000,46000,25686,18670,-7016,33466,29258,-4208,7780,10588,2808,7016,4208,2808,4209,2807,1,False,medium,4,500,0,1,False,False,0,0,,,,,,,,,,difference can indicate multiple native damage requests between GUI samples
2026-07-25T21:27:45Z,486,P1-C2,P1,0x92B6BA00,2,Casshan,True,True,recoverable_ceiling_gain,50000,50000,45000,45000,0,45000,45500,500,0,500,500,0,0,500,,,,,none,4,0,0,0,False,False,5000,5000,,,,,,,,,,
2026-07-25T21:27:45Z,486,P2-C1,P2,0x927EB9E0,17,Viewtiful Joe,True,True,mixed_heal,46000,46000,18670,35662,16992,29258,39799,10541,10588,4137,-6451,0,0,0,,,,,none,4,500,0,1,False,False,0,0,,,,,,,,,,
2026-07-25T21:27:46Z,487,P1-C2,P1,0x92B6BA00,2,Casshan,True,True,recoverable_ceiling_gain,50000,50000,45000,45000,0,45500,50000,4500,500,5000,4500,0,0,4500,,,,,none,4,0,0,0,False,True,5000,5000,,,,,,,,,,
2026-07-25T21:27:46Z,487,P2-C1,P2,0x927EB9E0,17,Viewtiful Joe,True,True,mixed_heal,46000,46000,35662,40798,5136,39799,41528,1729,4137,730,-3407,0,0,0,,,,,none,4,0,0,0,False,False,0,0,P1-C2,2,Casshan,260,2B,0,480,0x0000000C,0x00040102,
2026-07-25T21:27:49Z,488,P1-C2,P1,0x92B6BA00,2,Casshan,True,True,baroque_consume,50000,50000,45000,45000,0,50000,45000,-5000,5000,0,-5000,0,5000,0,,-5000,0,True,high,4,0,0,0,True,False,5000,5000,,,,,,,,,,
2026-07-25T21:27:49Z,488,P2-C1,P2,0x927EB9E0,17,Viewtiful Joe,True,True,normal_damage_red_generation,46000,46000,40798,30961,-9837,41528,35628,-5900,730,4667,3937,9837,5900,3937,5902,3935,2,False,medium,4,0,0,0,False,False,0,0,P1-C2,2,Casshan,260,2B,0,480,0x0000000C,0x00040102,difference can indicate multiple native damage requests between GUI samples
2026-07-25T21:27:54Z,489,P1-C1,P1,0x9246B9C0,27,Joe the Condor,False,True,point_status_change,44000,44000,44000,44000,0,44000,44000,0,0,0,0,0,0,0,,,,,none,4,0,0,0,False,False,0,0,,,,,,,,,,
2026-07-25T21:27:54Z,489,P2-C1,P2,0x927EB9E0,17,Viewtiful Joe,True,True,normal_damage_red_generation,46000,46000,30961,18146,-12815,35628,26741,-8887,4667,8595,3928,12815,8887,3928,7689,5126,-1198,False,medium,4,0,0,0,False,False,0,0,P1-C2,2,Casshan,260,2B,0,480,0x0000000C,0x00040102,difference can indicate multiple native damage requests between GUI samples
2026-07-25T21:28:00Z,490,P1-C1,P1,0x9246B9C0,27,Joe the Condor,True,False,point_status_change,44000,44000,44000,44000,0,44000,44000,0,0,0,0,0,0,0,,,,,none,4,4,0,0,False,False,0,0,,,,,,,,,,
2026-07-25T21:28:00Z,490,P1-C2,P1,0x92B6BA00,2,Casshan,True,True,recoverable_ceiling_gain,50000,50000,45000,45000,0,45000,50000,5000,0,5000,5000,0,0,5000,,,,,none,4,500,0,1,False,False,5000,5000,,,,,,,,,,
2026-07-25T21:28:00Z,490,P2-C1,P2,0x927EB9E0,17,Viewtiful Joe,True,True,normal_damage_red_generation,46000,46000,18146,2658,-15488,26741,17451,-9290,8595,14793,6198,15488,9290,6198,9292,6196,2,False,medium,4,0,0,0,False,False,0,0,P1-C2,2,Casshan,260,2B,0,480,0x0000000C,0x00040102,difference can indicate multiple native damage requests between GUI samples
2026-07-25T21:28:03Z,491,P1-C2,P1,0x92B6BA00,2,Casshan,True,True,baroque_consume,50000,50000,45000,45000,0,50000,45000,-5000,5000,0,-5000,0,5000,0,,-5000,0,True,high,4,500,0,1,False,False,5000,5000,,,,,,,,,,
2026-07-25T21:28:03Z,491,P2-C1,P2,0x927EB9E0,17,Viewtiful Joe,True,True,normal_damage_red_generation,46000,46000,2658,1,-2657,17451,14398,-3053,14793,14397,-396,2657,3053,0,1594,1063,-1063,False,medium,4,0,0,0,False,False,0,0,P1-C2,2,Casshan,260,2B,0,480,0x0000000C,0x00040102,difference can indicate multiple native damage requests between GUI samples
2026-07-25T21:28:09Z,492,P1-C2,P1,0x92B6BA00,2,Casshan,True,True,recoverable_ceiling_gain,50000,50000,45000,45000,0,45000,50000,5000,0,5000,5000,0,0,5000,,,,,none,4,500,0,1,False,False,5000,5000,,,,,,,,,,
2026-07-25T21:28:09Z,492,P2-C1,P2,0x927EB9E0,17,Viewtiful Joe,True,True,mixed_heal,46000,46000,1,14501,14500,14398,14501,103,14397,0,-14397,0,0,0,,,,,none,4,500,0,1,False,False,0,0,P1-C2,2,Casshan,260,2B,0,480,0x0000000C,0x00040102,
2026-07-25T21:28:12Z,493,P2-C1,P2,0x927EB9E0,17,Viewtiful Joe,True,True,mixed_heal,46000,46000,14501,41408,26907,14501,43246,28745,0,1838,1838,0,0,1838,,,,,none,4,0,0,0,False,False,0,0,P1-C2,2,Casshan,260,2B,0,480,0x0000000C,0x00040102,
2026-07-25T21:28:18Z,494,P2-C1,P2,0x927EB9E0,17,Viewtiful Joe,True,True,full_health_reset,46000,46000,41408,46000,4592,43246,46000,2754,1838,0,-1838,0,0,0,,,,,none,4,0,0,0,False,False,0,0,P1-C2,2,Casshan,260,2B,0,480,0x0000000C,0x00040102,
2026-07-25T21:28:22Z,503,P2-C1,P2,0x927EB9E0,17,Viewtiful Joe,True,True,normal_damage_red_generation,46000,46000,46000,44960,-1040,46000,45376,-624,0,416,416,1040,624,416,624,416,0,True,medium,4,0,0,0,False,False,0,0,,,,,,,,,,
2026-07-25T21:28:22Z,504,P2-C1,P2,0x927EB9E0,17,Viewtiful Joe,True,True,normal_damage_red_generation,46000,46000,44960,43136,-1824,45376,44282,-1094,416,1146,730,1824,1094,730,1094,730,0,True,medium,4,0,0,0,False,False,0,0,,,,,,,,,,
2026-07-25T21:28:22Z,505,P2-C1,P2,0x927EB9E0,17,Viewtiful Joe,True,True,normal_damage_red_generation,46000,46000,43136,41408,-1728,44282,43246,-1036,1146,1838,692,1728,1036,692,1036,692,0,True,medium,4,0,0,0,False,False,0,0,,,,,,,,,,
2026-07-25T21:28:23Z,507,P2-C1,P2,0x927EB9E0,17,Viewtiful Joe,True,True,normal_damage_red_generation,46000,46000,41408,39573,-1835,43246,42145,-1101,1838,2572,734,1835,1101,734,1101,734,0,True,high,4,0,0,0,False,False,0,0,P1-C2,2,Casshan,310,Knee A,0,480,0x0000000C,0x00040102,
2026-07-25T21:28:23Z,508,P2-C1,P2,0x927EB9E0,17,Viewtiful Joe,True,True,normal_damage_red_generation,46000,46000,39573,38358,-1215,42145,41416,-729,2572,3058,486,1215,729,486,729,486,0,True,high,4,0,0,0,False,False,0,0,P1-C2,2,Casshan,310,Knee A,0,480,0x0000000C,0x00040102,
2026-07-25T21:28:24Z,509,P2-C1,P2,0x927EB9E0,17,Viewtiful Joe,True,True,normal_damage_red_generation,46000,46000,38358,37130,-1228,41416,40680,-736,3058,3550,492,1228,736,492,736,492,0,True,medium,4,0,0,0,False,False,0,0,P1-C2,2,Casshan,310,Knee A,0,480,0x0000000C,0x00040102,
2026-07-25T21:28:24Z,511,P2-C1,P2,0x927EB9E0,17,Viewtiful Joe,True,True,ten_percent_current_only_cost,46000,46000,37130,32530,-4600,40680,40680,0,3550,8150,4600,4600,0,4600,,4600,0,True,high,4,0,0,0,False,False,0,0,P1-C2,2,Casshan,310,Knee A,0,480,0x0000000C,0x00040102,
2026-07-25T21:28:25Z,514,P2-C1,P2,0x927EB9E0,17,Viewtiful Joe,True,True,recoverable_heal,46000,46000,32530,36530,4000,40680,40680,0,8150,4150,-4000,0,0,0,,,,,none,4,500,0,1,False,False,0,0,P1-C2,2,Casshan,310,Knee A,0,480,0x0000000C,0x00040102,
2026-07-25T21:28:26Z,515,P2-C1,P2,0x927EB9E0,17,Viewtiful Joe,True,True,full_health_reset,46000,46000,36530,46000,9470,40680,46000,5320,4150,0,-4150,0,0,0,,,,,none,4,0,0,0,False,False,0,0,P1-C2,2,Casshan,310,Knee A,0,480,0x0000000C,0x00040102,
2026-07-25T21:28:27Z,526,P2-C1,P2,0x927EB9E0,17,Viewtiful Joe,True,True,normal_damage_red_generation,46000,46000,46000,44960,-1040,46000,45376,-624,0,416,416,1040,624,416,624,416,0,True,medium,4,0,0,0,False,False,0,0,,,,,,,,,,
2026-07-25T21:28:28Z,527,P2-C1,P2,0x927EB9E0,17,Viewtiful Joe,True,True,normal_damage_red_generation,46000,46000,44960,41408,-3552,45376,43246,-2130,416,1838,1422,3552,2130,1422,2131,1421,1,False,medium,4,0,0,0,False,False,0,0,,,,,,,,,,difference can indicate multiple native damage requests between GUI samples
2026-07-25T21:28:29Z,528,P2-C1,P2,0x927EB9E0,17,Viewtiful Joe,True,True,normal_damage_red_generation,46000,46000,41408,39573,-1835,43246,42145,-1101,1838,2572,734,1835,1101,734,1101,734,0,True,high,4,0,0,0,False,False,0,0,P1-C2,2,Casshan,310,Knee A,0,480,0x0000000C,0x00040102,
2026-07-25T21:28:29Z,529,P2-C1,P2,0x927EB9E0,17,Viewtiful Joe,True,True,normal_damage_red_generation,46000,46000,39573,38358,-1215,42145,41416,-729,2572,3058,486,1215,729,486,729,486,0,True,high,4,0,0,0,False,False,0,0,P1-C2,2,Casshan,310,Knee A,0,480,0x0000000C,0x00040102,
2026-07-25T21:28:30Z,530,P2-C1,P2,0x927EB9E0,17,Viewtiful Joe,True,True,normal_damage_red_generation,46000,46000,38358,37130,-1228,41416,40680,-736,3058,3550,492,1228,736,492,736,492,0,True,medium,4,0,0,0,False,False,0,0,P1-C2,2,Casshan,310,Knee A,0,480,0x0000000C,0x00040102,
2026-07-25T21:28:31Z,537,P2-C1,P2,0x927EB9E0,17,Viewtiful Joe,True,True,normal_damage_red_generation,46000,46000,37130,36090,-1040,40680,40056,-624,3550,3966,416,1040,624,416,624,416,0,True,medium,4,0,0,0,False,False,0,0,P1-C2,2,Casshan,310,Knee A,0,480,0x0000000C,0x00040102,
2026-07-25T21:28:32Z,538,P2-C1,P2,0x927EB9E0,17,Viewtiful Joe,True,True,normal_damage_red_generation,46000,46000,36090,32538,-3552,40056,37926,-2130,3966,5388,1422,3552,2130,1422,2131,1421,1,False,medium,4,0,0,0,False,False,0,0,,,,,,,,,,difference can indicate multiple native damage requests between GUI samples
2026-07-25T21:28:33Z,539,P2-C1,P2,0x927EB9E0,17,Viewtiful Joe,True,True,normal_damage_red_generation,46000,46000,32538,29183,-3355,37926,35913,-2013,5388,6730,1342,3355,2013,1342,2013,1342,0,True,high,4,0,0,0,False,False,0,0,P1-C2,2,Casshan,310,Knee A,0,480,0x0000000C,0x00040102,
2026-07-25T21:28:34Z,540,P2-C1,P2,0x927EB9E0,17,Viewtiful Joe,True,True,normal_damage_red_generation,46000,46000,29183,27625,-1558,35913,34979,-934,6730,7354,624,1558,934,624,934,624,0,True,medium,4,0,0,0,False,False,0,0,P1-C2,2,Casshan,310,Knee A,0,480,0x0000000C,0x00040102,
2026-07-25T21:28:35Z,542,P2-C1,P2,0x927EB9E0,17,Viewtiful Joe,True,True,normal_damage_red_generation,46000,46000,27625,26585,-1040,34979,34355,-624,7354,7770,416,1040,624,416,624,416,0,True,medium,4,0,0,0,False,False,0,0,P1-C2,2,Casshan,310,Knee A,0,480,0x0000000C,0x00040102,
2026-07-25T21:28:36Z,543,P2-C1,P2,0x927EB9E0,17,Viewtiful Joe,True,True,normal_damage_red_generation,46000,46000,26585,21198,-5387,34355,31124,-3231,7770,9926,2156,5387,3231,2156,3232,2155,1,False,medium,4,0,0,0,False,False,0,0,P1-C2,2,Casshan,310,Knee A,0,480,0x0000000C,0x00040102,difference can indicate multiple native damage requests between GUI samples
2026-07-25T21:28:37Z,544,P2-C1,P2,0x927EB9E0,17,Viewtiful Joe,True,True,normal_damage_red_generation,46000,46000,21198,18755,-2443,31124,29659,-1465,9926,10904,978,2443,1465,978,1465,978,0,True,high,4,0,0,0,False,False,0,0,P1-C2,2,Casshan,310,Knee A,0,480,0x0000000C,0x00040102,
2026-07-25T21:28:39Z,559,P2-C1,P2,0x927EB9E0,17,Viewtiful Joe,True,True,normal_damage_red_generation,46000,46000,18755,17748,-1007,29659,29055,-604,10904,11307,403,1007,604,403,604,403,0,True,high,4,-935,-561,0,False,False,0,0,P1-C2,2,Casshan,352,Brutal Axe,0,1440,0x0000410C,0x00100123,
2026-07-25T21:28:40Z,560,P2-C1,P2,0x927EB9E0,17,Viewtiful Joe,True,True,normal_damage_red_generation,46000,46000,17748,13218,-4530,29055,26339,-2716,11307,13121,1814,4530,2716,1814,2718,1812,2,False,high,4,0,0,0,False,False,0,0,P1-C2,2,Casshan,352,Brutal Axe,0,1440,0x0000410C,0x00100123,difference can indicate multiple native damage requests between GUI samples
2026-07-25T21:28:40Z,561,P2-C1,P2,0x927EB9E0,17,Viewtiful Joe,True,True,normal_damage_red_generation,46000,46000,13218,12714,-504,26339,26037,-302,13121,13323,202,504,302,202,302,202,0,True,high,4,0,0,0,False,False,0,0,P1-C2,2,Casshan,352,Brutal Axe,0,100,0x00000009,0x00000040,
2026-07-25T21:28:42Z,572,P2-C1,P2,0x927EB9E0,17,Viewtiful Joe,True,True,recoverable_heal,46000,46000,12714,15714,3000,26037,26037,0,13323,10323,-3000,0,0,0,,,,,none,4,500,0,1,False,False,0,0,,,,,,,,,,
2026-07-25T21:28:42Z,573,P2-C1,P2,0x927EB9E0,17,Viewtiful Joe,True,True,mixed_heal,46000,46000,15714,28714,13000,26037,28714,2677,10323,0,-10323,0,0,0,,,,,none,4,500,0,1,False,False,0,0,,,,,,,,,,
2026-07-25T21:28:42Z,574,P2-C1,P2,0x927EB9E0,17,Viewtiful Joe,True,True,current_and_ceiling_heal,46000,46000,28714,31714,3000,28714,31714,3000,0,0,0,0,0,0,,,,,none,4,500,0,1,False,False,0,0,,,,,,,,,,
2026-07-25T21:28:42Z,575,P2-C1,P2,0x927EB9E0,17,Viewtiful Joe,True,True,current_and_ceiling_heal,46000,46000,31714,35214,3500,31714,35214,3500,0,0,0,0,0,0,,,,,none,4,500,0,1,False,False,0,0,,,,,,,,,,
2026-07-25T21:28:43Z,576,P2-C1,P2,0x927EB9E0,17,Viewtiful Joe,True,True,current_and_ceiling_heal,46000,46000,35214,39214,4000,35214,39214,4000,0,0,0,0,0,0,,,,,none,4,500,0,1,False,False,0,0,,,,,,,,,,
2026-07-25T21:28:43Z,577,P2-C1,P2,0x927EB9E0,17,Viewtiful Joe,True,True,full_health_reset,46000,46000,39214,46000,6786,39214,46000,6786,0,0,0,0,0,0,,,,,none,4,0,0,0,False,False,0,0,,,,,,,,,,
2026-07-25T21:55:08Z,59,P2-C1,P2,0x927EB9E0,17,Viewtiful Joe,True,True,normal_damage_red_generation,46000,46000,46000,44960,-1040,46000,45376,-624,0,416,416,1040,624,416,624,416,0,True,medium,4,0,0,0,False,False,0,0,,,,,,,,,,
2026-07-25T21:55:08Z,63,P2-C1,P2,0x927EB9E0,17,Viewtiful Joe,True,True,normal_damage_red_generation,46000,46000,44960,42560,-2400,45376,43936,-1440,416,1376,960,2400,1440,960,1440,960,0,True,medium,4,0,0,0,False,False,0,0,,,,,,,,,,
2026-07-25T21:55:10Z,75,P2-C1,P2,0x927EB9E0,17,Viewtiful Joe,True,True,recoverable_heal,46000,46000,42560,43560,1000,43936,43936,0,1376,376,-1000,0,0,0,,,,,none,4,500,0,1,False,False,0,0,,,,,,,,,,
2026-07-25T21:55:10Z,76,P2-C1,P2,0x927EB9E0,17,Viewtiful Joe,True,True,full_health_reset,46000,46000,43560,46000,2440,43936,46000,2064,376,0,-376,0,0,0,,,,,none,4,0,0,0,False,False,0,0,,,,,,,,,,
2026-07-25T21:55:13Z,108,P2-C1,P2,0x927EB9E0,17,Viewtiful Joe,True,True,normal_damage_red_generation,46000,46000,46000,44960,-1040,46000,45376,-624,0,416,416,1040,624,416,624,416,0,True,medium,4,0,0,0,False,False,0,0,,,,,,,,,,
2026-07-25T21:55:13Z,110,P2-C1,P2,0x927EB9E0,17,Viewtiful Joe,True,True,normal_damage_red_generation,46000,46000,44960,43136,-1824,45376,44282,-1094,416,1146,730,1824,1094,730,1094,730,0,True,medium,4,0,0,0,False,False,0,0,,,,,,,,,,
2026-07-25T21:55:14Z,111,P2-C1,P2,0x927EB9E0,17,Viewtiful Joe,True,True,normal_damage_red_generation,46000,46000,43136,41408,-1728,44282,43246,-1036,1146,1838,692,1728,1036,692,1036,692,0,True,medium,4,0,0,0,False,False,0,0,,,,,,,,,,
2026-07-25T21:55:14Z,112,P2-C1,P2,0x927EB9E0,17,Viewtiful Joe,True,True,normal_damage_red_generation,46000,46000,41408,39573,-1835,43246,42145,-1101,1838,2572,734,1835,1101,734,1101,734,0,True,medium,4,0,0,0,False,False,0,0,,,,,,,,,,
2026-07-25T21:55:15Z,114,P2-C1,P2,0x927EB9E0,17,Viewtiful Joe,True,True,normal_damage_red_generation,46000,46000,39573,37130,-2443,42145,40680,-1465,2572,3550,978,2443,1465,978,1465,978,0,True,high,4,0,0,0,False,False,0,0,P1-C2,2,Casshan,310,Knee A,0,480,0x0000000C,0x00040102,
2026-07-25T21:55:16Z,117,P2-C1,P2,0x927EB9E0,17,Viewtiful Joe,True,True,ten_percent_current_only_cost,46000,46000,37130,32530,-4600,40680,40680,0,3550,8150,4600,4600,0,4600,,4600,0,True,high,4,0,0,0,False,False,0,0,P1-C2,2,Casshan,310,Knee A,0,480,0x0000000C,0x00040102,
2026-07-25T21:55:17Z,120,P2-C1,P2,0x927EB9E0,17,Viewtiful Joe,True,True,recoverable_heal,46000,46000,32530,34030,1500,40680,40680,0,8150,6650,-1500,0,0,0,,,,,none,4,500,0,1,False,False,0,0,P1-C2,2,Casshan,310,Knee A,0,480,0x0000000C,0x00040102,
2026-07-25T21:55:17Z,121,P2-C1,P2,0x927EB9E0,17,Viewtiful Joe,True,True,recoverable_heal,46000,46000,34030,40530,6500,40680,40680,0,6650,150,-6500,0,0,0,,,,,none,4,500,0,1,False,False,0,0,P1-C2,2,Casshan,310,Knee A,0,480,0x0000000C,0x00040102,
2026-07-25T21:55:17Z,122,P2-C1,P2,0x927EB9E0,17,Viewtiful Joe,True,True,full_health_reset,46000,46000,40530,46000,5470,40680,46000,5320,150,0,-150,0,0,0,,,,,none,4,0,0,0,False,False,0,0,P1-C2,2,Casshan,310,Knee A,0,480,0x0000000C,0x00040102,
2026-07-25T21:55:18Z,128,P2-C1,P2,0x927EB9E0,17,Viewtiful Joe,True,True,normal_damage_red_generation,46000,46000,46000,44960,-1040,46000,45376,-624,0,416,416,1040,624,416,624,416,0,True,medium,4,0,0,0,False,False,0,0,,,,,,,,,,
2026-07-25T21:55:19Z,130,P2-C1,P2,0x927EB9E0,17,Viewtiful Joe,True,True,normal_damage_red_generation,46000,46000,44960,43136,-1824,45376,44282,-1094,416,1146,730,1824,1094,730,1094,730,0,True,medium,4,0,0,0,False,False,0,0,,,,,,,,,,
2026-07-25T21:55:19Z,131,P2-C1,P2,0x927EB9E0,17,Viewtiful Joe,True,True,normal_damage_red_generation,46000,46000,43136,41408,-1728,44282,43246,-1036,1146,1838,692,1728,1036,692,1036,692,0,True,medium,4,0,0,0,False,False,0,0,,,,,,,,,,
2026-07-25T21:55:20Z,132,P2-C1,P2,0x927EB9E0,17,Viewtiful Joe,True,True,normal_damage_red_generation,46000,46000,41408,39573,-1835,43246,42145,-1101,1838,2572,734,1835,1101,734,1101,734,0,True,medium,4,0,0,0,False,False,0,0,,,,,,,,,,
2026-07-25T21:55:21Z,139,P2-C1,P2,0x927EB9E0,17,Viewtiful Joe,True,True,recoverable_heal,46000,46000,39573,41573,2000,42145,42145,0,2572,572,-2000,0,0,0,,,,,none,4,500,0,1,False,False,0,0,,,,,,,,,,
2026-07-25T21:55:21Z,140,P2-C1,P2,0x927EB9E0,17,Viewtiful Joe,True,True,mixed_heal,46000,46000,41573,44960,3387,42145,45376,3231,572,416,-156,0,0,0,,,,,none,4,0,0,0,False,False,0,0,,,,,,,,,,
2026-07-25T21:55:22Z,142,P2-C1,P2,0x927EB9E0,17,Viewtiful Joe,True,True,normal_damage_red_generation,46000,46000,44960,43136,-1824,45376,44282,-1094,416,1146,730,1824,1094,730,1094,730,0,True,medium,4,0,0,0,False,False,0,0,,,,,,,,,,
2026-07-25T21:55:22Z,143,P2-C1,P2,0x927EB9E0,17,Viewtiful Joe,True,True,normal_damage_red_generation,46000,46000,43136,41408,-1728,44282,43246,-1036,1146,1838,692,1728,1036,692,1036,692,0,True,medium,4,0,0,0,False,False,0,0,,,,,,,,,,
2026-07-25T21:55:23Z,144,P2-C1,P2,0x927EB9E0,17,Viewtiful Joe,True,True,normal_damage_red_generation,46000,46000,41408,39573,-1835,43246,42145,-1101,1838,2572,734,1835,1101,734,1101,734,0,True,medium,4,0,0,0,False,False,0,0,,,,,,,,,,
2026-07-25T21:55:23Z,145,P2-C1,P2,0x927EB9E0,17,Viewtiful Joe,True,True,normal_damage_red_generation,46000,46000,39573,38358,-1215,42145,41416,-729,2572,3058,486,1215,729,486,729,486,0,True,high,4,0,0,0,False,False,0,0,P1-C2,2,Casshan,310,Knee A,0,480,0x0000000C,0x00040102,
2026-07-25T21:55:23Z,146,P2-C1,P2,0x927EB9E0,17,Viewtiful Joe,True,True,normal_damage_red_generation,46000,46000,38358,37130,-1228,41416,40680,-736,3058,3550,492,1228,736,492,736,492,0,True,medium,4,0,0,0,False,False,0,0,P1-C2,2,Casshan,310,Knee A,0,480,0x0000000C,0x00040102,
2026-07-25T21:55:24Z,150,P2-C1,P2,0x927EB9E0,17,Viewtiful Joe,True,True,ten_percent_current_only_cost,46000,46000,37130,32530,-4600,40680,40680,0,3550,8150,4600,4600,0,4600,,4600,0,True,high,4,0,0,0,False,False,0,0,P1-C2,2,Casshan,310,Knee A,0,480,0x0000000C,0x00040102,
2026-07-25T21:55:25Z,153,P2-C1,P2,0x927EB9E0,17,Viewtiful Joe,True,True,recoverable_heal,46000,46000,32530,34530,2000,40680,40680,0,8150,6150,-2000,0,0,0,,,,,none,4,500,0,1,False,False,0,0,P1-C2,2,Casshan,310,Knee A,0,480,0x0000000C,0x00040102,
2026-07-25T21:55:26Z,154,P2-C1,P2,0x927EB9E0,17,Viewtiful Joe,True,True,mixed_heal,46000,46000,34530,43530,9000,40680,43530,2850,6150,0,-6150,0,0,0,,,,,none,4,500,0,1,False,False,0,0,,,,,,,,,,
2026-07-25T21:55:26Z,155,P2-C1,P2,0x927EB9E0,17,Viewtiful Joe,True,True,full_health_reset,46000,46000,43530,46000,2470,43530,46000,2470,0,0,0,0,0,0,,,,,none,4,0,0,0,False,False,0,0,,,,,,,,,,
2026-07-25T21:55:34Z,188,P2-C1,P2,0x927EB9E0,17,Viewtiful Joe,True,True,normal_damage_red_generation,46000,46000,46000,44960,-1040,46000,45376,-624,0,416,416,1040,624,416,624,416,0,True,medium,4,0,0,0,False,False,0,0,,,,,,,,,,
2026-07-25T21:55:36Z,191,P2-C1,P2,0x927EB9E0,17,Viewtiful Joe,True,True,normal_damage_red_generation,46000,46000,44960,42096,-2864,45376,43658,-1718,416,1562,1146,2864,1718,1146,1718,1146,0,True,medium,4,0,0,0,False,False,0,0,,,,,,,,,,
2026-07-25T21:55:36Z,192,P2-C1,P2,0x927EB9E0,17,Viewtiful Joe,True,True,normal_damage_red_generation,46000,46000,42096,40368,-1728,43658,42622,-1036,1562,2254,692,1728,1036,692,1036,692,0,True,medium,4,0,0,0,False,False,0,0,,,,,,,,,,
2026-07-25T21:55:36Z,193,P2-C1,P2,0x927EB9E0,17,Viewtiful Joe,True,True,normal_damage_red_generation,46000,46000,40368,38533,-1835,42622,41521,-1101,2254,2988,734,1835,1101,734,1101,734,0,True,medium,4,0,0,0,False,False,0,0,,,,,,,,,,
2026-07-25T21:55:38Z,197,P2-C1,P2,0x927EB9E0,17,Viewtiful Joe,True,True,normal_damage_red_generation,46000,46000,38533,35669,-2864,41521,39803,-1718,2988,4134,1146,2864,1718,1146,1718,1146,0,True,medium,4,0,0,0,False,False,0,0,,,,,,,,,,
2026-07-25T21:55:38Z,198,P2-C1,P2,0x927EB9E0,17,Viewtiful Joe,True,True,normal_damage_red_generation,46000,46000,35669,33941,-1728,39803,38767,-1036,4134,4826,692,1728,1036,692,1036,692,0,True,medium,4,0,0,0,False,False,0,0,,,,,,,,,,
2026-07-25T21:55:39Z,199,P2-C1,P2,0x927EB9E0,17,Viewtiful Joe,True,True,normal_damage_red_generation,46000,46000,33941,31781,-2160,38767,37471,-1296,4826,5690,864,2160,1296,864,1296,864,0,True,medium,4,0,0,0,False,False,0,0,,,,,,,,,,
2026-07-25T21:55:39Z,200,P2-C1,P2,0x927EB9E0,17,Viewtiful Joe,True,True,normal_damage_red_generation,46000,46000,31781,29197,-2584,37471,35921,-1550,5690,6724,1034,2584,1550,1034,1550,1034,0,True,medium,4,0,0,0,False,False,0,0,,,,,,,,,,
2026-07-25T21:55:40Z,202,P2-C1,P2,0x927EB9E0,17,Viewtiful Joe,True,True,normal_damage_red_generation,46000,46000,29197,26231,-2966,35921,34143,-1778,6724,7912,1188,2966,1778,1188,1779,1187,1,False,medium,4,0,0,0,False,False,0,0,,,,,,,,,,difference can indicate multiple native damage requests between GUI samples
2026-07-25T21:55:40Z,204,P2-C1,P2,0x927EB9E0,17,Viewtiful Joe,True,True,normal_damage_red_generation,46000,46000,26231,22713,-3518,34143,32033,-2110,7912,9320,1408,3518,2110,1408,2110,1408,0,True,medium,4,0,0,0,False,False,0,0,,,,,,,,,,
2026-07-25T21:55:42Z,211,P2-C1,P2,0x927EB9E0,17,Viewtiful Joe,True,True,normal_damage_red_generation,46000,46000,22713,21673,-1040,32033,31409,-624,9320,9736,416,1040,624,416,624,416,0,True,medium,4,0,0,0,False,False,0,0,,,,,,,,,,
2026-07-25T21:55:42Z,212,P2-C1,P2,0x927EB9E0,17,Viewtiful Joe,True,True,normal_damage_red_generation,46000,46000,21673,19849,-1824,31409,30315,-1094,9736,10466,730,1824,1094,730,1094,730,0,True,medium,4,0,0,0,False,False,0,0,,,,,,,,,,
2026-07-25T21:55:43Z,213,P2-C1,P2,0x927EB9E0,17,Viewtiful Joe,True,True,normal_damage_red_generation,46000,46000,19849,18121,-1728,30315,29279,-1036,10466,11158,692,1728,1036,692,1036,692,0,True,medium,4,-1835,-1101,0,False,False,0,0,,,,,,,,,,
2026-07-25T21:55:43Z,214,P2-C1,P2,0x927EB9E0,17,Viewtiful Joe,True,True,normal_damage_red_generation,46000,46000,18121,16286,-1835,29279,28178,-1101,11158,11892,734,1835,1101,734,1101,734,0,True,medium,4,0,0,0,False,False,0,0,,,,,,,,,,
2026-07-25T21:55:45Z,218,P2-C1,P2,0x927EB9E0,17,Viewtiful Joe,True,True,recoverable_heal,46000,46000,16286,16786,500,28178,28178,0,11892,11392,-500,0,0,0,,,,,none,4,500,0,1,False,False,0,0,,,,,,,,,,
2026-07-25T21:55:45Z,219,P2-C1,P2,0x927EB9E0,17,Viewtiful Joe,True,True,mixed_heal,46000,46000,16786,30786,14000,28178,30786,2608,11392,0,-11392,0,0,0,,,,,none,4,500,0,1,False,False,0,0,,,,,,,,,,
2026-07-25T21:55:45Z,220,P2-C1,P2,0x927EB9E0,17,Viewtiful Joe,True,True,current_and_ceiling_heal,46000,46000,30786,39286,8500,30786,39286,8500,0,0,0,0,0,0,,,,,none,4,500,0,1,False,False,0,0,,,,,,,,,,
2026-07-25T21:55:46Z,221,P2-C1,P2,0x927EB9E0,17,Viewtiful Joe,True,True,current_and_ceiling_heal,46000,46000,39286,44786,5500,39286,44786,5500,0,0,0,0,0,0,,,,,none,4,500,0,1,False,False,0,0,,,,,,,,,,
2026-07-25T21:55:46Z,222,P2-C1,P2,0x927EB9E0,17,Viewtiful Joe,True,True,full_health_reset,46000,46000,44786,46000,1214,44786,46000,1214,0,0,0,0,0,0,,,,,none,4,0,0,0,False,False,0,0,,,,,,,,,,
2026-07-25T21:55:49Z,245,P2-C1,P2,0x927EB9E0,17,Viewtiful Joe,True,True,normal_damage_red_generation,46000,46000,46000,44960,-1040,46000,45376,-624,0,416,416,1040,624,416,624,416,0,True,medium,4,0,0,0,False,False,0,0,,,,,,,,,,
2026-07-25T21:55:50Z,246,P2-C1,P2,0x927EB9E0,17,Viewtiful Joe,True,True,normal_damage_red_generation,46000,46000,44960,43136,-1824,45376,44282,-1094,416,1146,730,1824,1094,730,1094,730,0,True,medium,4,0,0,0,False,False,0,0,,,,,,,,,,
2026-07-25T21:55:50Z,247,P2-C1,P2,0x927EB9E0,17,Viewtiful Joe,True,True,normal_damage_red_generation,46000,46000,43136,41408,-1728,44282,43246,-1036,1146,1838,692,1728,1036,692,1036,692,0,True,medium,4,0,0,0,False,False,0,0,,,,,,,,,,
2026-07-25T21:55:50Z,248,P2-C1,P2,0x927EB9E0,17,Viewtiful Joe,True,True,normal_damage_red_generation,46000,46000,41408,39573,-1835,43246,42145,-1101,1838,2572,734,1835,1101,734,1101,734,0,True,medium,4,0,0,0,False,False,0,0,,,,,,,,,,
2026-07-25T21:55:51Z,250,P2-C1,P2,0x927EB9E0,17,Viewtiful Joe,True,True,normal_damage_red_generation,46000,46000,39573,37130,-2443,42145,40680,-1465,2572,3550,978,2443,1465,978,1465,978,0,True,high,4,0,0,0,False,False,0,0,P1-C2,2,Casshan,310,Knee A,0,480,0x0000000C,0x00040102,
2026-07-25T21:55:52Z,253,P2-C1,P2,0x927EB9E0,17,Viewtiful Joe,True,True,ten_percent_current_only_cost,46000,46000,37130,32530,-4600,40680,40680,0,3550,8150,4600,4600,0,4600,,4600,0,True,high,4,0,0,0,False,False,0,0,P1-C2,2,Casshan,310,Knee A,0,480,0x0000000C,0x00040102,
2026-07-25T21:55:53Z,256,P2-C1,P2,0x927EB9E0,17,Viewtiful Joe,True,True,full_health_reset,46000,46000,32530,46000,13470,40680,46000,5320,8150,0,-8150,0,0,0,,,,,none,4,0,0,0,False,False,0,0,P1-C2,2,Casshan,310,Knee A,0,480,0x0000000C,0x00040102,
2026-07-25T21:56:37Z,605,P1-C1,P1,0x9246B9C0,27,Joe the Condor,False,True,point_status_change,44000,44000,44000,44000,0,44000,44000,0,0,0,0,0,0,0,,,,,none,4,500,0,1,False,False,0,0,,,,,,,,,,
2026-07-25T21:56:38Z,606,P1-C1,P1,0x9246B9C0,12,Ryu,True,True,fighter_reset_or_reloaded,44000,48000,44000,43200,-800,44000,48000,4000,0,4800,4800,800,0,4800,,,,,none,4,500,0,1,False,False,0,0,,,,,,,,,,maximum health changed
2026-07-25T21:56:38Z,606,P1-C2,P1,0x92B6BA00,13,Chun-Li,True,False,fighter_reset_or_reloaded,50000,46000,45000,46000,1000,50000,46000,-4000,5000,0,-5000,0,4000,0,,,,,none,4,4,0,0,False,False,5000,0,,,,,,,,,,maximum health changed
2026-07-25T21:56:38Z,606,P2-C1,P2,0x927EB9E0,1,Ken the Eagle,True,True,fighter_reset_or_reloaded,46000,44000,46000,44000,-2000,46000,44000,-2000,0,0,0,2000,2000,0,,,,,none,4,0,0,0,False,False,0,0,,,,,,,,,,maximum health changed
2026-07-25T21:56:40Z,610,P2-C1,P2,0x927EB9E0,1,Ken the Eagle,True,True,normal_damage_red_generation,44000,44000,44000,43200,-800,44000,43520,-480,0,320,320,800,480,320,480,320,0,True,medium,4,0,0,0,False,False,0,0,,,,,,,,,,
2026-07-25T21:56:42Z,614,P2-C1,P2,0x927EB9E0,1,Ken the Eagle,True,True,normal_damage_red_generation,44000,44000,43200,42400,-800,43520,43040,-480,320,640,320,800,480,320,480,320,0,True,medium,4,0,0,0,False,False,0,0,,,,,,,,,,
2026-07-25T21:56:42Z,615,P2-C1,P2,0x927EB9E0,1,Ken the Eagle,True,True,normal_damage_red_generation,44000,44000,42400,39808,-2592,43040,41486,-1554,640,1678,1038,2592,1554,1038,1555,1037,1,False,medium,4,0,0,0,False,False,0,0,,,,,,,,,,difference can indicate multiple native damage requests between GUI samples
2026-07-25T21:56:43Z,616,P2-C1,P2,0x927EB9E0,1,Ken the Eagle,True,True,normal_damage_red_generation,44000,44000,39808,37700,-2108,41486,40222,-1264,1678,2522,844,2108,1264,844,1264,844,0,True,medium,4,0,0,0,False,False,0,0,,,,,,,,,,
2026-07-25T21:56:43Z,617,P2-C1,P2,0x927EB9E0,1,Ken the Eagle,True,True,normal_damage_red_generation,44000,44000,37700,35973,-1727,40222,39186,-1036,2522,3213,691,1727,1036,691,1036,691,0,True,medium,4,0,0,0,False,False,0,0,,,,,,,,,,
2026-07-25T21:56:44Z,619,P2-C1,P2,0x927EB9E0,1,Ken the Eagle,True,True,normal_damage_red_generation,44000,44000,35973,33874,-2099,39186,37927,-1259,3213,4053,840,2099,1259,840,1259,840,0,True,medium,4,0,0,0,False,False,0,0,,,,,,,,,,
2026-07-25T21:56:45Z,623,P2-C1,P2,0x927EB9E0,1,Ken the Eagle,True,True,full_health_reset,44000,44000,33874,44000,10126,37927,44000,6073,4053,0,-4053,0,0,0,,,,,none,4,0,0,0,False,False,0,0,,,,,,,,,,
2026-07-25T21:56:47Z,633,P2-C1,P2,0x927EB9E0,1,Ken the Eagle,True,True,normal_damage_red_generation,44000,44000,44000,43200,-800,44000,43520,-480,0,320,320,800,480,320,480,320,0,True,medium,4,0,0,0,False,False,0,0,,,,,,,,,,
2026-07-25T21:56:48Z,634,P2-C1,P2,0x927EB9E0,1,Ken the Eagle,True,True,normal_damage_red_generation,44000,44000,43200,41832,-1368,43520,42700,-820,320,868,548,1368,820,548,820,548,0,True,medium,4,0,0,0,False,False,0,0,,,,,,,,,,
2026-07-25T21:56:48Z,635,P2-C1,P2,0x927EB9E0,1,Ken the Eagle,True,True,normal_damage_red_generation,44000,44000,41832,39600,-2232,42700,41361,-1339,868,1761,893,2232,1339,893,1339,893,0,True,medium,4,0,0,0,False,False,0,0,,,,,,,,,,
2026-07-25T21:56:48Z,636,P2-C1,P2,0x927EB9E0,1,Ken the Eagle,True,True,normal_damage_red_generation,44000,44000,39600,37561,-2039,41361,40138,-1223,1761,2577,816,2039,1223,816,1223,816,0,True,medium,4,0,0,0,False,False,0,0,,,,,,,,,,
2026-07-25T21:56:49Z,637,P2-C1,P2,0x927EB9E0,1,Ken the Eagle,True,True,normal_damage_red_generation,44000,44000,37561,36645,-916,40138,39589,-549,2577,2944,367,916,549,367,549,367,0,True,medium,4,0,0,0,False,False,0,0,,,,,,,,,,
2026-07-25T21:56:49Z,638,P2-C1,P2,0x927EB9E0,1,Ken the Eagle,True,True,normal_damage_red_generation,44000,44000,36645,34680,-1965,39589,38410,-1179,2944,3730,786,1965,1179,786,1179,786,0,True,medium,4,0,0,0,False,False,0,0,,,,,,,,,,
2026-07-25T21:56:51Z,642,P2-C1,P2,0x927EB9E0,1,Ken the Eagle,True,True,normal_damage_red_generation,44000,44000,34680,33880,-800,38410,37930,-480,3730,4050,320,800,480,320,480,320,0,True,medium,4,0,0,0,False,False,0,0,,,,,,,,,,
2026-07-25T21:56:51Z,643,P2-C1,P2,0x927EB9E0,1,Ken the Eagle,True,True,normal_damage_red_generation,44000,44000,33880,31900,-1980,37930,36743,-1187,4050,4843,793,1980,1187,793,1188,792,1,False,medium,4,0,0,0,False,False,0,0,,,,,,,,,,difference can indicate multiple native damage requests between GUI samples
2026-07-25T21:56:51Z,644,P2-C1,P2,0x927EB9E0,1,Ken the Eagle,True,True,normal_damage_red_generation,44000,44000,31900,29861,-2039,36743,35520,-1223,4843,5659,816,2039,1223,816,1223,816,0,True,medium,4,0,0,0,False,False,0,0,,,,,,,,,,
2026-07-25T21:56:53Z,650,P2-C1,P2,0x927EB9E0,1,Ken the Eagle,True,True,normal_damage_red_generation,44000,44000,29861,29061,-800,35520,35040,-480,5659,5979,320,800,480,320,480,320,0,True,medium,4,0,0,0,False,False,0,0,,,,,,,,,,
2026-07-25T21:56:53Z,651,P2-C1,P2,0x927EB9E0,1,Ken the Eagle,True,True,normal_damage_red_generation,44000,44000,29061,27693,-1368,35040,34220,-820,5979,6527,548,1368,820,548,820,548,0,True,medium,4,0,0,0,False,False,0,0,,,,,,,,,,
2026-07-25T21:56:54Z,652,P2-C1,P2,0x927EB9E0,1,Ken the Eagle,True,True,normal_damage_red_generation,44000,44000,27693,26469,-1224,34220,33486,-734,6527,7017,490,1224,734,490,734,490,0,True,medium,4,0,0,0,False,False,0,0,,,,,,,,,,
2026-07-25T21:56:54Z,653,P2-C1,P2,0x927EB9E0,1,Ken the Eagle,True,True,normal_damage_red_generation,44000,44000,26469,24361,-2108,33486,32222,-1264,7017,7861,844,2108,1264,844,1264,844,0,True,medium,4,0,0,0,False,False,0,0,,,,,,,,,,
2026-07-25T21:56:55Z,655,P2-C1,P2,0x927EB9E0,1,Ken the Eagle,True,True,normal_damage_red_generation,44000,44000,24361,21603,-2758,32222,30568,-1654,7861,8965,1104,2758,1654,1104,1654,1104,0,True,medium,4,0,0,0,False,False,0,0,,,,,,,,,,
2026-07-25T21:56:55Z,656,P2-C1,P2,0x927EB9E0,1,Ken the Eagle,True,True,normal_damage_red_generation,44000,44000,21603,20693,-910,30568,30022,-546,8965,9329,364,910,546,364,546,364,0,True,medium,4,0,0,0,False,False,0,0,,,,,,,,,,
2026-07-25T21:56:55Z,657,P2-C1,P2,0x927EB9E0,1,Ken the Eagle,True,True,normal_damage_red_generation,44000,44000,20693,18996,-1697,30022,29004,-1018,9329,10008,679,1697,1018,679,1018,679,0,True,medium,4,0,0,0,False,False,0,0,,,,,,,,,,
2026-07-25T21:56:56Z,658,P2-C1,P2,0x927EB9E0,1,Ken the Eagle,True,True,normal_damage_red_generation,44000,44000,18996,17067,-1929,29004,27847,-1157,10008,10780,772,1929,1157,772,1157,772,0,True,medium,4,0,0,0,False,False,0,0,,,,,,,,,,
2026-07-25T21:56:58Z,669,P2-C1,P2,0x927EB9E0,1,Ken the Eagle,True,True,recoverable_heal,44000,44000,17067,19567,2500,27847,27847,0,10780,8280,-2500,0,0,0,,,,,none,4,500,0,1,False,False,0,0,,,,,,,,,,
2026-07-25T21:56:58Z,670,P2-C1,P2,0x927EB9E0,1,Ken the Eagle,True,True,recoverable_heal,44000,44000,19567,23067,3500,27847,27847,0,8280,4780,-3500,0,0,0,,,,,none,4,500,0,1,False,False,0,0,,,,,,,,,,
2026-07-25T21:56:59Z,671,P2-C1,P2,0x927EB9E0,1,Ken the Eagle,True,True,mixed_heal,44000,44000,23067,31567,8500,27847,31567,3720,4780,0,-4780,0,0,0,,,,,none,4,500,0,1,False,False,0,0,,,,,,,,,,
2026-07-25T21:56:59Z,672,P2-C1,P2,0x927EB9E0,1,Ken the Eagle,True,True,current_and_ceiling_heal,44000,44000,31567,41067,9500,31567,41067,9500,0,0,0,0,0,0,,,,,none,4,500,0,1,False,False,0,0,,,,,,,,,,
2026-07-25T21:56:59Z,673,P2-C1,P2,0x927EB9E0,1,Ken the Eagle,True,True,full_health_reset,44000,44000,41067,44000,2933,41067,44000,2933,0,0,0,0,0,0,,,,,none,4,0,0,0,False,False,0,0,,,,,,,,,,
2026-07-25T21:57:00Z,674,P2-C1,P2,0x927EB9E0,1,Ken the Eagle,True,True,normal_damage_red_generation,44000,44000,44000,43200,-800,44000,43520,-480,0,320,320,800,480,320,480,320,0,True,medium,4,0,0,0,False,False,0,0,,,,,,,,,,
2026-07-25T21:57:00Z,675,P2-C1,P2,0x927EB9E0,1,Ken the Eagle,True,True,normal_damage_red_generation,44000,44000,43200,40608,-2592,43520,41966,-1554,320,1358,1038,2592,1554,1038,1555,1037,1,False,medium,4,0,0,0,False,False,0,0,,,,,,,,,,difference can indicate multiple native damage requests between GUI samples
2026-07-25T21:57:00Z,676,P2-C1,P2,0x927EB9E0,1,Ken the Eagle,True,True,normal_damage_red_generation,44000,44000,40608,38500,-2108,41966,40702,-1264,1358,2202,844,2108,1264,844,1264,844,0,True,medium,4,0,0,0,False,False,0,0,,,,,,,,,,
2026-07-25T21:57:01Z,678,P2-C1,P2,0x927EB9E0,1,Ken the Eagle,True,True,normal_damage_red_generation,44000,44000,38500,36773,-1727,40702,39666,-1036,2202,2893,691,1727,1036,691,1036,691,0,True,medium,4,0,0,0,False,False,0,0,,,,,,,,,,
2026-07-25T21:57:01Z,679,P2-C1,P2,0x927EB9E0,1,Ken the Eagle,True,True,normal_damage_red_generation,44000,44000,36773,34794,-1979,39666,38479,-1187,2893,3685,792,1979,1187,792,1187,792,0,True,medium,4,0,0,0,False,False,0,0,,,,,,,,,,
2026-07-25T21:57:02Z,683,P2-C1,P2,0x927EB9E0,1,Ken the Eagle,True,True,normal_damage_red_generation,44000,44000,34794,34214,-580,38479,38131,-348,3685,3917,232,580,348,232,348,232,0,True,medium,4,0,0,0,False,False,0,0,,,,,,,,,,
2026-07-25T21:57:03Z,684,P2-C1,P2,0x927EB9E0,1,Ken the Eagle,True,True,normal_damage_red_generation,44000,44000,34214,33224,-990,38131,37537,-594,3917,4313,396,990,594,396,594,396,0,True,medium,4,0,0,0,False,False,0,0,,,,,,,,,,
2026-07-25T21:57:03Z,685,P2-C1,P2,0x927EB9E0,1,Ken the Eagle,True,True,normal_damage_red_generation,44000,44000,33224,31650,-1574,37537,36593,-944,4313,4943,630,1574,944,630,944,630,0,True,medium,4,0,0,0,False,False,0,0,,,,,,,,,,
2026-07-25T21:57:04Z,686,P2-C1,P2,0x927EB9E0,1,Ken the Eagle,True,True,normal_damage_red_generation,44000,44000,31650,30390,-1260,36593,35837,-756,4943,5447,504,1260,756,504,756,504,0,True,medium,4,0,0,0,False,False,0,0,,,,,,,,,,
2026-07-25T21:57:04Z,687,P2-C1,P2,0x927EB9E0,1,Ken the Eagle,True,True,normal_damage_red_generation,44000,44000,30390,29534,-856,35837,35324,-513,5447,5790,343,856,513,343,513,343,0,True,medium,4,0,0,0,False,False,0,0,,,,,,,,,,
2026-07-25T21:57:04Z,688,P2-C1,P2,0x927EB9E0,1,Ken the Eagle,True,True,normal_damage_red_generation,44000,44000,29534,28763,-771,35324,34862,-462,5790,6099,309,771,462,309,462,309,0,True,medium,4,0,0,0,False,False,0,0,,,,,,,,,,
2026-07-25T21:57:05Z,689,P2-C1,P2,0x927EB9E0,1,Ken the Eagle,True,True,normal_damage_red_generation,44000,44000,28763,28077,-686,34862,34451,-411,6099,6374,275,686,411,275,411,275,0,True,medium,4,0,0,0,False,False,0,0,,,,,,,,,,
2026-07-25T21:57:05Z,690,P2-C1,P2,0x927EB9E0,1,Ken the Eagle,True,True,normal_damage_red_generation,44000,44000,28077,27475,-602,34451,34090,-361,6374,6615,241,602,361,241,361,241,0,True,medium,4,0,0,0,False,False,0,0,,,,,,,,,,
2026-07-25T21:57:08Z,701,P2-C1,P2,0x927EB9E0,1,Ken the Eagle,True,True,recoverable_heal,44000,44000,27475,33475,6000,34090,34090,0,6615,615,-6000,0,0,0,,,,,none,4,500,0,1,False,False,0,0,,,,,,,,,,
2026-07-25T21:57:08Z,702,P2-C1,P2,0x927EB9E0,1,Ken the Eagle,True,True,mixed_heal,44000,44000,33475,40975,7500,34090,40975,6885,615,0,-615,0,0,0,,,,,none,4,500,0,1,False,False,0,0,,,,,,,,,,
2026-07-25T21:57:08Z,703,P2-C1,P2,0x927EB9E0,1,Ken the Eagle,True,True,full_health_reset,44000,44000,40975,44000,3025,40975,44000,3025,0,0,0,0,0,0,,,,,none,4,0,0,0,False,False,0,0,,,,,,,,,,
2026-07-25T21:57:25Z,852,P2-C1,P2,0x927EB9E0,1,Ken the Eagle,True,True,normal_damage_red_generation,44000,44000,44000,43200,-800,44000,43520,-480,0,320,320,800,480,320,480,320,0,True,medium,4,0,0,0,False,False,0,0,,,,,,,,,,
2026-07-25T21:57:25Z,853,P2-C1,P2,0x927EB9E0,1,Ken the Eagle,True,True,normal_damage_red_generation,44000,44000,43200,41832,-1368,43520,42700,-820,320,868,548,1368,820,548,820,548,0,True,medium,4,0,0,0,False,False,0,0,,,,,,,,,,
2026-07-25T21:57:26Z,854,P2-C1,P2,0x927EB9E0,1,Ken the Eagle,True,True,normal_damage_red_generation,44000,44000,41832,40608,-1224,42700,41966,-734,868,1358,490,1224,734,490,734,490,0,True,medium,4,0,0,0,False,False,0,0,,,,,,,,,,
2026-07-25T21:57:26Z,855,P2-C1,P2,0x927EB9E0,1,Ken the Eagle,True,True,normal_damage_red_generation,44000,44000,40608,38500,-2108,41966,40702,-1264,1358,2202,844,2108,1264,844,1264,844,0,True,medium,4,0,0,0,False,False,0,0,,,,,,,,,,
2026-07-25T21:57:27Z,856,P2-C1,P2,0x927EB9E0,1,Ken the Eagle,True,True,normal_damage_red_generation,44000,44000,38500,36773,-1727,40702,39666,-1036,2202,2893,691,1727,1036,691,1036,691,0,True,medium,4,0,0,0,False,False,0,0,,,,,,,,,,
2026-07-25T21:57:27Z,858,P2-C1,P2,0x927EB9E0,1,Ken the Eagle,True,True,normal_damage_red_generation,44000,44000,36773,34794,-1979,39666,38479,-1187,2893,3685,792,1979,1187,792,1187,792,0,True,medium,4,0,0,0,False,False,0,0,,,,,,,,,,
2026-07-25T21:57:28Z,860,P2-C1,P2,0x927EB9E0,1,Ken the Eagle,True,True,normal_damage_red_generation,44000,44000,34794,34214,-580,38479,38131,-348,3685,3917,232,580,348,232,348,232,0,True,medium,4,0,0,0,False,False,0,0,,,,,,,,,,
2026-07-25T21:57:28Z,861,P2-C1,P2,0x927EB9E0,1,Ken the Eagle,True,True,normal_damage_red_generation,44000,44000,34214,33224,-990,38131,37537,-594,3917,4313,396,990,594,396,594,396,0,True,medium,4,0,0,0,False,False,0,0,,,,,,,,,,
2026-07-25T21:57:29Z,862,P2-C1,P2,0x927EB9E0,1,Ken the Eagle,True,True,normal_damage_red_generation,44000,44000,33224,31650,-1574,37537,36593,-944,4313,4943,630,1574,944,630,944,630,0,True,medium,4,0,0,0,False,False,0,0,,,,,,,,,,
2026-07-25T21:57:29Z,864,P2-C1,P2,0x927EB9E0,1,Ken the Eagle,True,True,normal_damage_red_generation,44000,44000,31650,30390,-1260,36593,35837,-756,4943,5447,504,1260,756,504,756,504,0,True,medium,4,0,0,0,False,False,0,0,,,,,,,,,,
2026-07-25T21:57:31Z,868,P2-C1,P2,0x927EB9E0,1,Ken the Eagle,True,True,recoverable_heal,44000,44000,30390,31390,1000,35837,35837,0,5447,4447,-1000,0,0,0,,,,,none,4,500,0,1,False,False,0,0,,,,,,,,,,
2026-07-25T21:57:31Z,869,P2-C1,P2,0x927EB9E0,1,Ken the Eagle,True,True,mixed_heal,44000,44000,31390,39890,8500,35837,39890,4053,4447,0,-4447,0,0,0,,,,,none,4,500,0,1,False,False,0,0,,,,,,,,,,
2026-07-25T21:57:31Z,870,P2-C1,P2,0x927EB9E0,1,Ken the Eagle,True,True,full_health_reset,44000,44000,39890,44000,4110,39890,44000,4110,0,0,0,0,0,0,,,,,none,4,0,0,0,False,False,0,0,,,,,,,,,,
2026-07-25T21:57:32Z,872,P2-C1,P2,0x927EB9E0,1,Ken the Eagle,True,True,normal_damage_red_generation,44000,44000,44000,43200,-800,44000,43520,-480,0,320,320,800,480,320,480,320,0,True,medium,4,0,0,0,False,False,0,0,,,,,,,,,,
2026-07-25T21:57:32Z,873,P2-C1,P2,0x927EB9E0,1,Ken the Eagle,True,True,normal_damage_red_generation,44000,44000,43200,40608,-2592,43520,41966,-1554,320,1358,1038,2592,1554,1038,1555,1037,1,False,medium,4,0,0,0,False,False,0,0,,,,,,,,,,difference can indicate multiple native damage requests between GUI samples
2026-07-25T21:57:33Z,875,P2-C1,P2,0x927EB9E0,1,Ken the Eagle,True,True,normal_damage_red_generation,44000,44000,40608,38500,-2108,41966,40702,-1264,1358,2202,844,2108,1264,844,1264,844,0,True,medium,4,0,0,0,False,False,0,0,,,,,,,,,,
2026-07-25T21:57:33Z,876,P2-C1,P2,0x927EB9E0,1,Ken the Eagle,True,True,normal_damage_red_generation,44000,44000,38500,36773,-1727,40702,39666,-1036,2202,2893,691,1727,1036,691,1036,691,0,True,medium,4,0,0,0,False,False,0,0,,,,,,,,,,
2026-07-25T21:57:34Z,878,P2-C1,P2,0x927EB9E0,1,Ken the Eagle,True,True,normal_damage_red_generation,44000,44000,36773,34794,-1979,39666,38479,-1187,2893,3685,792,1979,1187,792,1187,792,0,True,medium,4,0,0,0,False,False,0,0,,,,,,,,,,
2026-07-25T21:57:35Z,882,P2-C1,P2,0x927EB9E0,1,Ken the Eagle,True,True,normal_damage_red_generation,44000,44000,34794,34214,-580,38479,38131,-348,3685,3917,232,580,348,232,348,232,0,True,medium,4,0,0,0,False,False,0,0,,,,,,,,,,
2026-07-25T21:57:35Z,883,P2-C1,P2,0x927EB9E0,1,Ken the Eagle,True,True,normal_damage_red_generation,44000,44000,34214,33224,-990,38131,37537,-594,3917,4313,396,990,594,396,594,396,0,True,medium,4,0,0,0,False,False,0,0,,,,,,,,,,
2026-07-25T21:57:35Z,884,P2-C1,P2,0x927EB9E0,1,Ken the Eagle,True,True,normal_damage_red_generation,44000,44000,33224,31650,-1574,37537,36593,-944,4313,4943,630,1574,944,630,944,630,0,True,medium,4,0,0,0,False,False,0,0,,,,,,,,,,
2026-07-25T21:57:36Z,885,P2-C1,P2,0x927EB9E0,1,Ken the Eagle,True,True,normal_damage_red_generation,44000,44000,31650,30390,-1260,36593,35837,-756,4943,5447,504,1260,756,504,756,504,0,True,medium,4,0,0,0,False,False,0,0,,,,,,,,,,
2026-07-25T21:57:37Z,887,P2-C1,P2,0x927EB9E0,1,Ken the Eagle,True,True,normal_damage_red_generation,44000,44000,30390,29534,-856,35837,35324,-513,5447,5790,343,856,513,343,513,343,0,True,medium,4,0,0,0,False,False,0,0,,,,,,,,,,
2026-07-25T21:57:37Z,888,P2-C1,P2,0x927EB9E0,1,Ken the Eagle,True,True,normal_damage_red_generation,44000,44000,29534,28763,-771,35324,34862,-462,5790,6099,309,771,462,309,462,309,0,True,medium,4,0,0,0,False,False,0,0,,,,,,,,,,
2026-07-25T21:57:37Z,889,P2-C1,P2,0x927EB9E0,1,Ken the Eagle,True,True,normal_damage_red_generation,44000,44000,28763,28077,-686,34862,34451,-411,6099,6374,275,686,411,275,411,275,0,True,medium,4,0,0,0,False,False,0,0,,,,,,,,,,
2026-07-25T21:57:37Z,890,P1-C1,P1,0x9246B9C0,12,Ryu,True,True,baroque_status_change,48000,48000,43200,43200,0,48000,48000,0,4800,4800,0,0,0,0,,,,,none,4,0,0,0,False,True,0,4800,,,,,,,,,,
2026-07-25T21:57:37Z,890,P2-C1,P2,0x927EB9E0,1,Ken the Eagle,True,True,normal_damage_red_generation,44000,44000,28077,27475,-602,34451,34090,-361,6374,6615,241,602,361,241,361,241,0,True,medium,4,0,0,0,False,False,0,0,,,,,,,,,,
2026-07-25T21:57:38Z,891,P1-C1,P1,0x9246B9C0,12,Ryu,True,True,baroque_consume,48000,48000,43200,43200,0,48000,43200,-4800,4800,0,-4800,0,4800,0,,-4800,0,True,high,4,0,0,0,True,True,4800,4800,,,,,,,,,,
2026-07-25T21:57:38Z,892,P2-C1,P2,0x927EB9E0,1,Ken the Eagle,True,True,normal_damage_red_generation,44000,44000,27475,27182,-293,34090,33915,-175,6615,6733,118,293,175,118,175,118,0,True,medium,4,0,0,0,False,False,0,0,,,,,,,,,,
2026-07-25T21:57:38Z,893,P2-C1,P2,0x927EB9E0,1,Ken the Eagle,True,True,normal_damage_red_generation,44000,44000,27182,26889,-293,33915,33740,-175,6733,6851,118,293,175,118,175,118,0,True,medium,4,0,0,0,False,False,0,0,,,,,,,,,,
2026-07-25T21:57:39Z,894,P2-C1,P2,0x927EB9E0,1,Ken the Eagle,True,True,normal_damage_red_generation,44000,44000,26889,25453,-1436,33740,32879,-861,6851,7426,575,1436,861,575,861,575,0,True,medium,4,0,0,0,False,False,0,0,,,,,,,,,,
2026-07-25T21:57:39Z,896,P2-C1,P2,0x927EB9E0,1,Ken the Eagle,True,True,normal_damage_red_generation,44000,44000,25453,24659,-794,32879,32403,-476,7426,7744,318,794,476,318,476,318,0,True,medium,4,0,0,0,False,False,0,0,,,,,,,,,,
2026-07-25T21:57:40Z,898,P1-C1,P1,0x9246B9C0,12,Ryu,True,True,recoverable_ceiling_gain,48000,48000,43200,43200,0,43200,48000,4800,0,4800,4800,0,0,4800,,,,,none,4,0,0,0,True,False,4800,4800,,,,,,,,,,
2026-07-25T21:57:41Z,901,P2-C1,P2,0x927EB9E0,1,Ken the Eagle,True,True,recoverable_heal,44000,44000,24659,25659,1000,32403,32403,0,7744,6744,-1000,0,0,0,,,,,none,4,500,0,1,False,False,0,0,,,,,,,,,,
2026-07-25T21:57:41Z,902,P2-C1,P2,0x927EB9E0,1,Ken the Eagle,True,True,mixed_heal,44000,44000,25659,32659,7000,32403,32659,256,6744,0,-6744,0,0,0,,,,,none,4,500,0,1,False,False,0,0,,,,,,,,,,
2026-07-25T21:57:41Z,903,P2-C1,P2,0x927EB9E0,1,Ken the Eagle,True,True,current_and_ceiling_heal,44000,44000,32659,40159,7500,32659,40159,7500,0,0,0,0,0,0,,,,,none,4,500,0,1,False,False,0,0,,,,,,,,,,
2026-07-25T21:57:41Z,904,P2-C1,P2,0x927EB9E0,1,Ken the Eagle,True,True,full_health_reset,44000,44000,40159,44000,3841,40159,44000,3841,0,0,0,0,0,0,,,,,none,4,0,0,0,False,False,0,0,,,,,,,,,,
2026-07-25T21:57:42Z,906,P2-C1,P2,0x927EB9E0,1,Ken the Eagle,True,True,normal_damage_red_generation,44000,44000,44000,42880,-1120,44000,43328,-672,0,448,448,1120,672,448,672,448,0,True,medium,4,0,0,0,False,False,0,0,,,,,,,,,,
2026-07-25T21:57:42Z,907,P2-C1,P2,0x927EB9E0,1,Ken the Eagle,True,True,normal_damage_red_generation,44000,44000,42880,41816,-1064,43328,42690,-638,448,874,426,1064,638,426,638,426,0,True,medium,4,0,0,0,False,False,0,0,,,,,,,,,,
2026-07-25T21:57:42Z,908,P1-C1,P1,0x9246B9C0,12,Ryu,True,True,baroque_status_change,48000,48000,43200,43200,0,48000,48000,0,4800,4800,0,0,0,0,,,,,none,4,0,0,0,False,True,4800,4800,,,,,,,,,,
2026-07-25T21:57:42Z,908,P2-C1,P2,0x927EB9E0,1,Ken the Eagle,True,True,normal_damage_red_generation,44000,44000,41816,39728,-2088,42690,41438,-1252,874,1710,836,2088,1252,836,1252,836,0,True,medium,4,0,0,0,False,False,0,0,,,,,,,,,,
2026-07-25T21:57:43Z,909,P1-C1,P1,0x9246B9C0,12,Ryu,True,True,baroque_consume,48000,48000,43200,43200,0,48000,43200,-4800,4800,0,-4800,0,4800,0,,-4800,0,True,high,4,0,0,0,True,True,4800,4800,,,,,,,,,,
2026-07-25T21:57:44Z,911,P2-C1,P2,0x927EB9E0,1,Ken the Eagle,True,True,normal_damage_red_generation,44000,44000,39728,39015,-713,41438,41011,-427,1710,1996,286,713,427,286,427,286,0,True,medium,4,0,0,0,False,False,0,0,,,,,,,,,,
2026-07-25T21:57:44Z,912,P2-C1,P2,0x927EB9E0,1,Ken the Eagle,True,True,normal_damage_red_generation,44000,44000,39015,37805,-1210,41011,40285,-726,1996,2480,484,1210,726,484,726,484,0,True,medium,4,0,0,0,False,False,0,0,,,,,,,,,,
2026-07-25T21:57:44Z,913,P2-C1,P2,0x927EB9E0,1,Ken the Eagle,True,True,normal_damage_red_generation,44000,44000,37805,35851,-1954,40285,39113,-1172,2480,3262,782,1954,1172,782,1172,782,0,True,medium,4,0,0,0,False,False,0,0,,,,,,,,,,
2026-07-25T21:57:45Z,914,P2-C1,P2,0x927EB9E0,1,Ken the Eagle,True,True,normal_damage_red_generation,44000,44000,35851,34258,-1593,39113,38158,-955,3262,3900,638,1593,955,638,955,638,0,True,medium,4,0,0,0,False,False,0,0,,,,,,,,,,
2026-07-25T21:57:45Z,915,P2-C1,P2,0x927EB9E0,1,Ken the Eagle,True,True,normal_damage_red_generation,44000,44000,34258,33153,-1105,38158,37495,-663,3900,4342,442,1105,663,442,663,442,0,True,medium,4,0,0,0,False,False,0,0,,,,,,,,,,
2026-07-25T21:57:46Z,916,P2-C1,P2,0x927EB9E0,1,Ken the Eagle,True,True,normal_damage_red_generation,44000,44000,33153,32131,-1022,37495,36882,-613,4342,4751,409,1022,613,409,613,409,0,True,medium,4,0,0,0,False,False,0,0,,,,,,,,,,
2026-07-25T21:57:46Z,917,P2-C1,P2,0x927EB9E0,1,Ken the Eagle,True,True,normal_damage_red_generation,44000,44000,32131,31193,-938,36882,36320,-562,4751,5127,376,938,562,376,562,376,0,True,medium,4,0,0,0,False,False,0,0,,,,,,,,,,
2026-07-25T21:57:49Z,931,P1-C1,P1,0x9246B9C0,12,Ryu,True,True,recoverable_ceiling_gain,48000,48000,43200,43200,0,43200,48000,4800,0,4800,4800,0,0,4800,,,,,none,4,0,0,0,True,False,4800,4800,,,,,,,,,,
2026-07-25T21:57:49Z,933,P2-C1,P2,0x927EB9E0,1,Ken the Eagle,True,True,normal_damage_red_generation,44000,44000,31193,29069,-2124,36320,35046,-1274,5127,5977,850,2124,1274,850,1274,850,0,True,high,4,0,0,0,False,False,0,0,P1-C1,12,Ryu,352,Shinkuu,0,720,0x0000000C,0x00000123,
2026-07-25T21:57:49Z,934,P2-C1,P2,0x927EB9E0,1,Ken the Eagle,True,True,normal_damage_red_generation,44000,44000,29069,27234,-1835,35046,33946,-1100,5977,6712,735,1835,1100,735,1101,734,1,False,high,4,0,0,0,False,False,0,0,P1-C1,12,Ryu,352,Shinkuu,0,720,0x0000000C,0x00000123,difference can indicate multiple native damage requests between GUI samples
2026-07-25T21:57:49Z,935,P2-C1,P2,0x927EB9E0,1,Ken the Eagle,True,True,normal_damage_red_generation,44000,44000,27234,26192,-1042,33946,33322,-624,6712,7130,418,1042,624,418,625,417,1,False,high,4,0,0,0,False,False,0,0,P1-C1,12,Ryu,352,Shinkuu,0,720,0x0000000C,0x00000123,difference can indicate multiple native damage requests between GUI samples
2026-07-25T21:57:50Z,936,P2-C1,P2,0x927EB9E0,1,Ken the Eagle,True,True,normal_damage_red_generation,44000,44000,26192,24723,-1469,33322,32442,-880,7130,7719,589,1469,880,589,881,588,1,False,high,4,0,0,0,False,False,0,0,P1-C1,12,Ryu,352,Shinkuu,0,100,0x00000009,0x00000040,difference can indicate multiple native damage requests between GUI samples
2026-07-25T21:57:51Z,944,P2-C1,P2,0x927EB9E0,1,Ken the Eagle,True,True,normal_damage_red_generation,44000,44000,24723,19523,-5200,32442,29322,-3120,7719,9799,2080,5200,3120,2080,3120,2080,0,True,medium,4,0,0,0,False,False,0,0,P1-C1,12,Ryu,352,Shinkuu,0,100,0x00000009,0x00000040,
2026-07-25T21:57:53Z,950,P2-C1,P2,0x927EB9E0,1,Ken the Eagle,True,True,normal_damage_red_generation,44000,44000,19523,16963,-2560,29322,27786,-1536,9799,10823,1024,2560,1536,1024,1536,1024,0,True,medium,4,0,0,0,False,False,0,0,,,,,,,,,,
2026-07-25T21:57:54Z,951,P2-C1,P2,0x927EB9E0,1,Ken the Eagle,True,True,normal_damage_red_generation,44000,44000,16963,16203,-760,27786,27330,-456,10823,11127,304,760,456,304,456,304,0,True,medium,4,0,0,0,False,False,0,0,,,,,,,,,,
2026-07-25T21:57:54Z,952,P2-C1,P2,0x927EB9E0,1,Ken the Eagle,True,True,normal_damage_red_generation,44000,44000,16203,14331,-1872,27330,26208,-1122,11127,11877,750,1872,1122,750,1123,749,1,False,medium,4,0,0,0,False,False,0,0,,,,,,,,,,difference can indicate multiple native damage requests between GUI samples
2026-07-25T21:57:54Z,953,P2-C1,P2,0x927EB9E0,1,Ken the Eagle,True,True,normal_damage_red_generation,44000,44000,14331,13244,-1087,26208,25556,-652,11877,12312,435,1087,652,435,652,435,0,True,medium,4,-1859,-1115,0,False,False,0,0,,,,,,,,,,
2026-07-25T21:57:55Z,954,P2-C1,P2,0x927EB9E0,1,Ken the Eagle,True,True,normal_damage_red_generation,44000,44000,13244,11385,-1859,25556,24441,-1115,12312,13056,744,1859,1115,744,1115,744,0,True,medium,4,0,0,0,False,False,0,0,,,,,,,,,,
2026-07-25T21:57:55Z,955,P2-C1,P2,0x927EB9E0,1,Ken the Eagle,True,True,normal_damage_red_generation,44000,44000,11385,9874,-1511,24441,23535,-906,13056,13661,605,1511,906,605,906,605,0,True,medium,4,0,0,0,False,False,0,0,,,,,,,,,,
2026-07-25T21:57:56Z,957,P1-C1,P1,0x9246B9C0,12,Ryu,True,True,ceiling_loss,48000,48000,43200,43200,0,48000,43700,-4300,4800,500,-4300,0,4300,0,,,,,none,4,0,0,0,False,True,4800,4800,,,,,,,,,,
2026-07-25T21:57:56Z,957,P2-C1,P2,0x927EB9E0,1,Ken the Eagle,True,True,normal_damage_red_generation,44000,44000,9874,8419,-1455,23535,22662,-873,13661,14243,582,1455,873,582,873,582,0,True,medium,4,0,0,0,False,False,0,0,,,,,,,,,,
2026-07-25T21:57:57Z,959,P1-C1,P1,0x9246B9C0,12,Ryu,True,True,recoverable_ceiling_gain,48000,48000,43200,43200,0,43700,48000,4300,500,4800,4300,0,0,4300,,,,,none,4,0,0,0,True,False,4800,4800,,,,,,,,,,
2026-07-25T21:57:57Z,961,P2-C1,P2,0x927EB9E0,1,Ken the Eagle,True,True,recoverable_heal,44000,44000,8419,10419,2000,22662,22662,0,14243,12243,-2000,0,0,0,,,,,none,4,500,0,1,False,False,0,0,,,,,,,,,,
2026-07-25T21:57:58Z,962,P2-C1,P2,0x927EB9E0,1,Ken the Eagle,True,True,recoverable_heal,44000,44000,10419,19419,9000,22662,22662,0,12243,3243,-9000,0,0,0,,,,,none,4,500,0,1,False,False,0,0,,,,,,,,,,
2026-07-25T21:57:58Z,963,P2-C1,P2,0x927EB9E0,1,Ken the Eagle,True,True,mixed_heal,44000,44000,19419,26419,7000,22662,26419,3757,3243,0,-3243,0,0,0,,,,,none,4,500,0,1,False,False,0,0,,,,,,,,,,
2026-07-25T21:57:58Z,964,P2-C1,P2,0x927EB9E0,1,Ken the Eagle,True,True,current_and_ceiling_heal,44000,44000,26419,33419,7000,26419,33419,7000,0,0,0,0,0,0,,,,,none,4,500,0,1,False,False,0,0,,,,,,,,,,
2026-07-25T21:57:58Z,965,P2-C1,P2,0x927EB9E0,1,Ken the Eagle,True,True,current_and_ceiling_heal,44000,44000,33419,42419,9000,33419,42419,9000,0,0,0,0,0,0,,,,,none,4,0,0,0,False,False,0,0,,,,,,,,,,
2026-07-25T21:57:59Z,966,P2-C1,P2,0x927EB9E0,1,Ken the Eagle,True,True,full_health_reset,44000,44000,42419,44000,1581,42419,44000,1581,0,0,0,0,0,0,,,,,none,4,0,0,0,False,False,0,0,,,,,,,,,,
2026-07-25T21:57:59Z,969,P2-C1,P2,0x927EB9E0,1,Ken the Eagle,True,True,normal_damage_red_generation,44000,44000,44000,43200,-800,44000,43520,-480,0,320,320,800,480,320,480,320,0,True,medium,4,0,0,0,False,False,0,0,,,,,,,,,,
2026-07-25T21:57:59Z,970,P2-C1,P2,0x927EB9E0,1,Ken the Eagle,True,True,normal_damage_red_generation,44000,44000,43200,41220,-1980,43520,42333,-1187,320,1113,793,1980,1187,793,1188,792,1,False,medium,4,0,0,0,False,False,0,0,,,,,,,,,,difference can indicate multiple native damage requests between GUI samples
2026-07-25T21:58:00Z,971,P2-C1,P2,0x927EB9E0,1,Ken the Eagle,True,True,normal_damage_red_generation,44000,44000,41220,40064,-1156,42333,41640,-693,1113,1576,463,1156,693,463,693,463,0,True,medium,4,0,0,0,False,False,0,0,,,,,,,,,,
2026-07-25T21:58:00Z,972,P2-C1,P2,0x927EB9E0,1,Ken the Eagle,True,True,normal_damage_red_generation,44000,44000,40064,38081,-1983,41640,40451,-1189,1576,2370,794,1983,1189,794,1189,794,0,True,medium,4,0,0,0,False,False,0,0,,,,,,,,,,
2026-07-25T21:58:01Z,973,P2-C1,P2,0x927EB9E0,1,Ken the Eagle,True,True,normal_damage_red_generation,44000,44000,38081,36462,-1619,40451,39480,-971,2370,3018,648,1619,971,648,971,648,0,True,medium,4,0,0,0,False,False,0,0,,,,,,,,,,
2026-07-25T21:58:01Z,975,P1-C1,P1,0x9246B9C0,12,Ryu,True,True,ceiling_loss,48000,48000,43200,43200,0,48000,43700,-4300,4800,500,-4300,0,4300,0,,,,,none,4,0,0,0,False,True,4800,4800,,,,,,,,,,
2026-07-25T21:58:01Z,975,P2-C1,P2,0x927EB9E0,1,Ken the Eagle,True,True,normal_damage_red_generation,44000,44000,36462,34503,-1959,39480,38305,-1175,3018,3802,784,1959,1175,784,1175,784,0,True,high,4,0,0,0,False,False,0,0,P1-C1,12,Ryu,1,idle,0,100,0x00000009,0x00000040,
2026-07-25T21:58:02Z,977,P2-C1,P2,0x927EB9E0,1,Ken the Eagle,True,True,normal_damage_red_generation,44000,44000,34503,33443,-1060,38305,37669,-636,3802,4226,424,1060,636,424,636,424,0,True,medium,4,0,0,0,False,False,0,0,P1-C1,12,Ryu,1,idle,0,100,0x00000009,0x00000040,
2026-07-25T21:58:02Z,978,P2-C1,P2,0x927EB9E0,1,Ken the Eagle,True,True,normal_damage_red_generation,44000,44000,33443,32465,-978,37669,37083,-586,4226,4618,392,978,586,392,586,392,0,True,medium,4,0,0,0,False,False,0,0,P1-C1,12,Ryu,1,idle,0,100,0x00000009,0x00000040,
2026-07-25T21:58:02Z,979,P2-C1,P2,0x927EB9E0,1,Ken the Eagle,True,True,normal_damage_red_generation,44000,44000,32465,31568,-897,37083,36545,-538,4618,4977,359,897,538,359,538,359,0,True,medium,4,0,0,0,False,False,0,0,P1-C1,12,Ryu,1,idle,0,100,0x00000009,0x00000040,
2026-07-25T21:58:03Z,981,P2-C1,P2,0x927EB9E0,1,Ken the Eagle,True,True,normal_damage_red_generation,44000,44000,31568,30753,-815,36545,36056,-489,4977,5303,326,815,489,326,489,326,0,True,medium,4,0,0,0,False,False,0,0,P1-C1,12,Ryu,1,idle,0,100,0x00000009,0x00000040,
2026-07-25T21:58:03Z,983,P2-C1,P2,0x927EB9E0,1,Ken the Eagle,True,True,normal_damage_red_generation,44000,44000,30753,30405,-348,36056,35848,-208,5303,5443,140,348,208,140,208,140,0,True,medium,4,0,0,0,False,False,0,0,P1-C1,12,Ryu,1,idle,0,100,0x00000009,0x00000040,
2026-07-25T21:58:04Z,984,P2-C1,P2,0x927EB9E0,1,Ken the Eagle,True,True,normal_damage_red_generation,44000,44000,30405,29847,-558,35848,35514,-334,5443,5667,224,558,334,224,334,224,0,True,medium,4,0,0,0,False,False,0,0,,,,,,,,,,
2026-07-25T21:58:04Z,985,P2-C1,P2,0x927EB9E0,1,Ken the Eagle,True,True,normal_damage_red_generation,44000,44000,29847,29385,-462,35514,35237,-277,5667,5852,185,462,277,185,277,185,0,True,medium,4,0,0,0,False,False,0,0,,,,,,,,,,
2026-07-25T21:58:04Z,986,P2-C1,P2,0x927EB9E0,1,Ken the Eagle,True,True,normal_damage_red_generation,44000,44000,29385,28542,-843,35237,34732,-505,5852,6190,338,843,505,338,505,338,0,True,medium,4,0,0,0,False,False,0,0,,,,,,,,,,
2026-07-25T21:58:05Z,988,P2-C1,P2,0x927EB9E0,1,Ken the Eagle,True,True,normal_damage_red_generation,44000,44000,28542,27808,-734,34732,34292,-440,6190,6484,294,734,440,294,440,294,0,True,medium,4,0,0,0,False,False,0,0,,,,,,,,,,
2026-07-25T21:58:05Z,990,P2-C1,P2,0x927EB9E0,1,Ken the Eagle,True,True,normal_damage_red_generation,44000,44000,27808,26910,-898,34292,33754,-538,6484,6844,360,898,538,360,538,360,0,True,medium,4,0,0,0,False,False,0,0,,,,,,,,,,
2026-07-25T21:58:07Z,997,P1-C1,P1,0x9246B9C0,12,Ryu,True,True,recoverable_ceiling_gain,48000,48000,43200,43200,0,43700,48000,4300,500,4800,4300,0,0,4300,,,,,none,4,0,0,0,True,False,4800,4800,,,,,,,,,,
2026-07-25T21:58:08Z,1001,P2-C1,P2,0x927EB9E0,1,Ken the Eagle,True,True,normal_damage_red_generation,44000,44000,26910,26110,-800,33754,33274,-480,6844,7164,320,800,480,320,480,320,0,True,medium,4,0,0,0,False,False,0,0,,,,,,,,,,
2026-07-25T21:58:08Z,1002,P2-C1,P2,0x927EB9E0,1,Ken the Eagle,True,True,normal_damage_red_generation,44000,44000,26110,23518,-2592,33274,31720,-1554,7164,8202,1038,2592,1554,1038,1555,1037,1,False,medium,4,0,0,0,False,False,0,0,,,,,,,,,,difference can indicate multiple native damage requests between GUI samples
2026-07-25T21:58:09Z,1006,P2-C1,P2,0x927EB9E0,1,Ken the Eagle,True,True,normal_damage_red_generation,44000,44000,23518,22034,-1484,31720,30830,-890,8202,8796,594,1484,890,594,890,594,0,True,medium,4,0,0,0,False,False,0,0,,,,,,,,,,
2026-07-25T21:58:10Z,1007,P2-C1,P2,0x927EB9E0,1,Ken the Eagle,True,True,normal_damage_red_generation,44000,44000,22034,20738,-1296,30830,30053,-777,8796,9315,519,1296,777,519,777,519,0,True,medium,4,0,0,0,False,False,0,0,,,,,,,,,,
2026-07-25T21:58:10Z,1008,P2-C1,P2,0x927EB9E0,1,Ken the Eagle,True,True,normal_damage_red_generation,44000,44000,20738,19582,-1156,30053,29360,-693,9315,9778,463,1156,693,463,693,463,0,True,medium,4,0,0,0,False,False,0,0,,,,,,,,,,
2026-07-25T21:58:10Z,1009,P2-C1,P2,0x927EB9E0,1,Ken the Eagle,True,True,normal_damage_red_generation,44000,44000,19582,17599,-1983,29360,28171,-1189,9778,10572,794,1983,1189,794,1189,794,0,True,medium,4,0,0,0,False,False,0,0,,,,,,,,,,
2026-07-25T21:58:11Z,1011,P2-C1,P2,0x927EB9E0,1,Ken the Eagle,True,True,normal_damage_red_generation,44000,44000,17599,15980,-1619,28171,27200,-971,10572,11220,648,1619,971,648,971,648,0,True,medium,4,0,0,0,False,False,0,0,,,,,,,,,,
2026-07-25T21:58:12Z,1013,P1-C1,P1,0x9246B9C0,12,Ryu,True,True,ceiling_loss,48000,48000,43200,43200,0,48000,43700,-4300,4800,500,-4300,0,4300,0,,,,,none,4,0,0,0,False,True,4800,4800,,,,,,,,,,
2026-07-25T21:58:12Z,1013,P2-C1,P2,0x927EB9E0,1,Ken the Eagle,True,True,normal_damage_red_generation,44000,44000,15980,14021,-1959,27200,26025,-1175,11220,12004,784,1959,1175,784,1175,784,0,True,high,4,0,0,0,False,False,0,0,P1-C1,12,Ryu,10,crouching,0,100,0x00000009,0x00000040,
2026-07-25T21:58:12Z,1014,P2-C1,P2,0x927EB9E0,1,Ken the Eagle,True,True,normal_damage_red_generation,44000,44000,14021,12961,-1060,26025,25389,-636,12004,12428,424,1060,636,424,636,424,0,True,medium,4,0,0,0,False,False,0,0,P1-C1,12,Ryu,10,crouching,0,100,0x00000009,0x00000040,
2026-07-25T21:58:12Z,1016,P2-C1,P2,0x927EB9E0,1,Ken the Eagle,True,True,normal_damage_red_generation,44000,44000,12961,11983,-978,25389,24803,-586,12428,12820,392,978,586,392,586,392,0,True,medium,4,0,0,0,False,False,0,0,P1-C1,12,Ryu,10,crouching,0,100,0x00000009,0x00000040,
2026-07-25T21:58:13Z,1017,P2-C1,P2,0x927EB9E0,1,Ken the Eagle,True,True,normal_damage_red_generation,44000,44000,11983,11086,-897,24803,24265,-538,12820,13179,359,897,538,359,538,359,0,True,medium,4,0,0,0,False,False,0,0,P1-C1,12,Ryu,10,crouching,0,100,0x00000009,0x00000040,
2026-07-25T21:58:13Z,1020,P2-C1,P2,0x927EB9E0,1,Ken the Eagle,True,True,normal_damage_red_generation,44000,44000,11086,10271,-815,24265,23776,-489,13179,13505,326,815,489,326,489,326,0,True,medium,4,0,0,0,False,False,0,0,P1-C1,12,Ryu,10,crouching,0,100,0x00000009,0x00000040,
2026-07-25T21:58:14Z,1022,P2-C1,P2,0x927EB9E0,1,Ken the Eagle,True,True,normal_damage_red_generation,44000,44000,10271,9993,-278,23776,23610,-166,13505,13617,112,278,166,112,166,112,0,True,medium,4,0,0,0,False,False,0,0,,,,,,,,,,
2026-07-25T21:58:14Z,1023,P2-C1,P2,0x927EB9E0,1,Ken the Eagle,True,True,normal_damage_red_generation,44000,44000,9993,9547,-446,23610,23343,-267,13617,13796,179,446,267,179,267,179,0,True,medium,4,0,0,0,False,False,0,0,,,,,,,,,,
2026-07-25T21:58:14Z,1024,P2-C1,P2,0x927EB9E0,1,Ken the Eagle,True,True,normal_damage_red_generation,44000,44000,9547,9178,-369,23343,23122,-221,13796,13944,148,369,221,148,221,148,0,True,medium,4,0,0,0,False,False,0,0,,,,,,,,,,
2026-07-25T21:58:15Z,1025,P2-C1,P2,0x927EB9E0,1,Ken the Eagle,True,True,normal_damage_red_generation,44000,44000,9178,8504,-674,23122,22718,-404,13944,14214,270,674,404,270,404,270,0,True,medium,4,0,0,0,False,False,0,0,,,,,,,,,,
2026-07-25T21:58:15Z,1027,P2-C1,P2,0x927EB9E0,1,Ken the Eagle,True,True,normal_damage_red_generation,44000,44000,8504,7852,-652,22718,22327,-391,14214,14475,261,652,391,261,391,261,0,True,medium,4,0,0,0,False,False,0,0,,,,,,,,,,
2026-07-25T21:58:15Z,1028,P2-C1,P2,0x927EB9E0,1,Ken the Eagle,True,True,normal_damage_red_generation,44000,44000,7852,7249,-603,22327,21966,-361,14475,14717,242,603,361,242,361,242,0,True,medium,4,0,0,0,False,False,0,0,,,,,,,,,,
2026-07-25T21:58:16Z,1030,P2-C1,P2,0x927EB9E0,1,Ken the Eagle,True,True,normal_damage_red_generation,44000,44000,7249,6483,-766,21966,21507,-459,14717,15024,307,766,459,307,459,307,0,True,medium,4,0,0,0,False,False,0,0,,,,,,,,,,
2026-07-25T21:58:17Z,1035,P2-C1,P2,0x927EB9E0,1,Ken the Eagle,True,True,normal_damage_red_generation,44000,44000,6483,6258,-225,21507,21372,-135,15024,15114,90,225,135,90,135,90,0,True,medium,4,-414,-248,0,False,False,0,0,,,,,,,,,,
2026-07-25T21:58:17Z,1036,P2-C1,P2,0x927EB9E0,1,Ken the Eagle,True,True,normal_damage_red_generation,44000,44000,6258,5844,-414,21372,21124,-248,15114,15280,166,414,248,166,248,166,0,True,medium,4,0,0,0,False,False,0,0,,,,,,,,,,
2026-07-25T21:58:17Z,1037,P2-C1,P2,0x927EB9E0,1,Ken the Eagle,True,True,normal_damage_red_generation,44000,44000,5844,5131,-713,21124,20697,-427,15280,15566,286,713,427,286,427,286,0,True,medium,4,0,0,0,False,False,0,0,,,,,,,,,,
2026-07-25T21:58:18Z,1039,P2-C1,P2,0x927EB9E0,1,Ken the Eagle,True,True,normal_damage_red_generation,44000,44000,5131,4586,-545,20697,20370,-327,15566,15784,218,545,327,218,327,218,0,True,medium,4,0,0,0,False,False,0,0,,,,,,,,,,
2026-07-25T21:58:19Z,1041,P2-C1,P2,0x927EB9E0,1,Ken the Eagle,True,True,normal_damage_red_generation,44000,44000,4586,4178,-408,20370,20126,-244,15784,15948,164,408,244,164,244,164,0,True,medium,4,0,0,0,False,False,0,0,,,,,,,,,,
2026-07-25T21:58:19Z,1042,P2-C1,P2,0x927EB9E0,1,Ken the Eagle,True,True,normal_damage_red_generation,44000,44000,4178,3770,-408,20126,19882,-244,15948,16112,164,408,244,164,244,164,0,True,medium,4,0,0,0,False,False,0,0,,,,,,,,,,
2026-07-25T21:58:19Z,1043,P2-C1,P2,0x927EB9E0,1,Ken the Eagle,True,True,normal_damage_red_generation,44000,44000,3770,3362,-408,19882,19638,-244,16112,16276,164,408,244,164,244,164,0,True,medium,4,0,0,0,False,False,0,0,,,,,,,,,,
2026-07-25T21:58:19Z,1045,P2-C1,P2,0x927EB9E0,1,Ken the Eagle,True,True,normal_damage_red_generation,44000,44000,3362,2953,-409,19638,19393,-245,16276,16440,164,409,245,164,245,164,0,True,medium,4,0,0,0,False,False,0,0,,,,,,,,,,
2026-07-25T21:58:22Z,1056,P2-C1,P2,0x927EB9E0,1,Ken the Eagle,True,True,normal_damage_red_generation,44000,44000,2953,2601,-352,19393,19183,-210,16440,16582,142,352,210,142,211,141,1,False,high,4,0,0,0,False,False,0,0,P1-C1,12,Ryu,352,Shinkuu,0,720,0x0000000C,0x00000123,difference can indicate multiple native damage requests between GUI samples
2026-07-25T21:58:22Z,1057,P2-C1,P2,0x927EB9E0,1,Ken the Eagle,True,True,normal_damage_red_generation,44000,44000,2601,2073,-528,19183,18868,-315,16582,16795,213,528,315,213,316,212,1,False,high,4,0,0,0,False,False,0,0,P1-C1,12,Ryu,352,Shinkuu,0,720,0x0000000C,0x00000123,difference can indicate multiple native damage requests between GUI samples
2026-07-25T21:58:22Z,1058,P2-C1,P2,0x927EB9E0,1,Ken the Eagle,True,True,normal_damage_red_generation,44000,44000,2073,1545,-528,18868,18553,-315,16795,17008,213,528,315,213,316,212,1,False,high,4,-176,-105,0,False,False,0,0,P1-C1,12,Ryu,352,Shinkuu,0,720,0x0000000C,0x00000123,difference can indicate multiple native damage requests between GUI samples
2026-07-25T21:58:22Z,1059,P2-C1,P2,0x927EB9E0,1,Ken the Eagle,True,True,normal_damage_red_generation,44000,44000,1545,1017,-528,18553,18238,-315,17008,17221,213,528,315,213,316,212,1,False,high,4,0,0,0,False,False,0,0,P1-C1,12,Ryu,352,Shinkuu,0,720,0x0000000C,0x00000123,difference can indicate multiple native damage requests between GUI samples
2026-07-25T21:58:22Z,1060,P2-C1,P2,0x927EB9E0,1,Ken the Eagle,True,True,normal_damage_red_generation,44000,44000,1017,489,-528,18238,17923,-315,17221,17434,213,528,315,213,316,212,1,False,high,4,0,0,0,False,False,0,0,P1-C1,12,Ryu,352,Shinkuu,0,720,0x0000000C,0x00000123,difference can indicate multiple native damage requests between GUI samples
2026-07-25T21:58:23Z,1061,P2-C1,P2,0x927EB9E0,1,Ken the Eagle,True,True,normal_damage_red_generation,44000,44000,489,1,-488,17923,17608,-315,17434,17607,173,488,315,173,292,196,-23,False,high,4,0,0,0,False,False,0,0,P1-C1,12,Ryu,352,Shinkuu,0,720,0x0000000C,0x00000123,difference can indicate multiple native damage requests between GUI samples
2026-07-25T21:58:23Z,1062,P2-C1,P2,0x927EB9E0,1,Ken the Eagle,True,True,ceiling_loss,44000,44000,1,1,0,17608,17246,-362,17607,17245,-362,0,362,0,,,,,none,4,0,0,0,False,False,0,0,P1-C1,12,Ryu,352,Shinkuu,0,100,0x00000009,0x00000040,
2026-07-25T21:58:23Z,1064,P1-C1,P1,0x9246B9C0,12,Ryu,True,True,recoverable_ceiling_gain,48000,48000,43200,43200,0,43700,48000,4300,500,4800,4300,0,0,4300,,,,,none,4,0,0,0,True,False,4800,4800,,,,,,,,,,
2026-07-25T21:58:24Z,1068,P2-C1,P2,0x927EB9E0,1,Ken the Eagle,True,True,recoverable_heal,44000,44000,1,1001,1000,17246,17246,0,17245,16245,-1000,0,0,0,,,,,none,4,500,0,1,False,False,0,0,P1-C1,12,Ryu,352,Shinkuu,0,100,0x00000009,0x00000040,
2026-07-25T21:58:25Z,1069,P2-C1,P2,0x927EB9E0,1,Ken the Eagle,True,True,recoverable_heal,44000,44000,1001,8501,7500,17246,17246,0,16245,8745,-7500,0,0,0,,,,,none,4,500,0,1,False,False,0,0,P1-C1,12,Ryu,352,Shinkuu,0,100,0x00000009,0x00000040,
2026-07-25T21:58:25Z,1070,P2-C1,P2,0x927EB9E0,1,Ken the Eagle,True,True,recoverable_heal,44000,44000,8501,14501,6000,17246,17246,0,8745,2745,-6000,0,0,0,,,,,none,4,500,0,1,False,False,0,0,P1-C1,12,Ryu,352,Shinkuu,0,100,0x00000009,0x00000040,
2026-07-25T21:58:25Z,1071,P2-C1,P2,0x927EB9E0,1,Ken the Eagle,True,True,mixed_heal,44000,44000,14501,20501,6000,17246,20501,3255,2745,0,-2745,0,0,0,,,,,none,4,500,0,1,False,False,0,0,P1-C1,12,Ryu,352,Shinkuu,0,100,0x00000009,0x00000040,
2026-07-25T21:58:25Z,1072,P2-C1,P2,0x927EB9E0,1,Ken the Eagle,True,True,current_and_ceiling_heal,44000,44000,20501,30501,10000,20501,30501,10000,0,0,0,0,0,0,,,,,none,4,500,0,1,False,False,0,0,,,,,,,,,,
2026-07-25T21:58:26Z,1073,P2-C1,P2,0x927EB9E0,1,Ken the Eagle,True,True,current_and_ceiling_heal,44000,44000,30501,37501,7000,30501,37501,7000,0,0,0,0,0,0,,,,,none,4,500,0,1,False,False,0,0,,,,,,,,,,
2026-07-25T21:58:26Z,1074,P2-C1,P2,0x927EB9E0,1,Ken the Eagle,True,True,current_and_ceiling_heal,44000,44000,37501,43501,6000,37501,43501,6000,0,0,0,0,0,0,,,,,none,4,0,0,0,False,False,0,0,,,,,,,,,,
2026-07-25T21:58:26Z,1075,P2-C1,P2,0x927EB9E0,1,Ken the Eagle,True,True,full_health_reset,44000,44000,43501,44000,499,43501,44000,499,0,0,0,0,0,0,,,,,none,4,0,0,0,False,False,0,0,,,,,,,,,,
2026-07-25T21:58:26Z,1076,P1-C1,P1,0x9246B9C0,12,Ryu,True,False,reserve_recovery,48000,48000,43200,44700,1500,48000,48000,0,4800,3300,-1500,0,0,0,,,0,True,medium,4,500,0,1,False,False,4800,4800,,,,,,,,,,
2026-07-25T21:58:26Z,1076,P1-C2,P1,0x92B6BA00,13,Chun-Li,False,True,ten_percent_current_only_cost,46000,46000,46000,41400,-4600,46000,46000,0,0,4600,4600,4600,0,4600,,4600,0,True,high,4,0,0,0,False,False,0,0,,,,,,,,,,
2026-07-25T21:58:26Z,1077,P1-C1,P1,0x9246B9C0,12,Ryu,False,False,reserve_recovery,48000,48000,44700,48000,3300,48000,48000,0,3300,0,-3300,0,0,0,,,0,True,medium,4,0,0,0,False,False,4800,4800,,,,,,,,,,
2026-07-25T21:58:27Z,1078,P2-C1,P2,0x927EB9E0,1,Ken the Eagle,True,True,normal_damage_red_generation,44000,44000,44000,43200,-800,44000,43520,-480,0,320,320,800,480,320,480,320,0,True,medium,4,0,0,0,False,False,0,0,,,,,,,,,,
2026-07-25T21:58:29Z,1090,P2-C1,P2,0x927EB9E0,1,Ken the Eagle,True,True,full_health_reset,44000,44000,43200,44000,800,43520,44000,480,320,0,-320,0,0,0,,,,,none,4,0,0,0,False,False,0,0,,,,,,,,,,
2026-07-25T21:58:31Z,1099,P2-C1,P2,0x927EB9E0,1,Ken the Eagle,True,True,normal_damage_red_generation,44000,44000,44000,43480,-520,44000,43688,-312,0,208,208,520,312,208,312,208,0,True,medium,4,0,0,0,False,False,0,0,,,,,,,,,,
2026-07-25T21:58:31Z,1100,P2-C1,P2,0x927EB9E0,1,Ken the Eagle,True,True,normal_damage_red_generation,44000,44000,43480,42587,-893,43688,43153,-535,208,566,358,893,535,358,535,358,0,True,medium,4,0,0,0,False,False,0,0,,,,,,,,,,
2026-07-25T21:58:32Z,1101,P2-C1,P2,0x927EB9E0,1,Ken the Eagle,True,True,normal_damage_red_generation,44000,44000,42587,41741,-846,43153,42646,-507,566,905,339,846,507,339,507,339,0,True,medium,4,0,0,0,False,False,0,0,,,,,,,,,,
2026-07-25T21:58:32Z,1102,P2-C1,P2,0x927EB9E0,1,Ken the Eagle,True,True,normal_damage_red_generation,44000,44000,41741,39974,-1767,42646,41586,-1060,905,1612,707,1767,1060,707,1060,707,0,True,medium,4,0,0,0,False,False,0,0,,,,,,,,,,
2026-07-25T21:58:33Z,1103,P2-C1,P2,0x927EB9E0,1,Ken the Eagle,True,True,normal_damage_red_generation,44000,44000,39974,37775,-2199,41586,40268,-1318,1612,2493,881,2199,1318,881,1319,880,1,False,medium,4,0,0,0,False,False,0,0,,,,,,,,,,difference can indicate multiple native damage requests between GUI samples
2026-07-25T21:58:33Z,1104,P2-C1,P2,0x927EB9E0,1,Ken the Eagle,True,True,normal_damage_red_generation,44000,44000,37775,37286,-489,40268,39975,-293,2493,2689,196,489,293,196,293,196,0,True,medium,4,0,0,0,False,False,0,0,,,,,,,,,,
2026-07-25T21:58:33Z,1105,P2-C1,P2,0x927EB9E0,1,Ken the Eagle,True,True,normal_damage_red_generation,44000,44000,37286,36557,-729,39975,39538,-437,2689,2981,292,729,437,292,437,292,0,True,medium,4,0,0,0,False,False,0,0,,,,,,,,,,
2026-07-25T21:58:34Z,1106,P2-C1,P2,0x927EB9E0,1,Ken the Eagle,True,True,normal_damage_red_generation,44000,44000,36557,35433,-1124,39538,38864,-674,2981,3431,450,1124,674,450,674,450,0,True,medium,4,0,0,0,False,False,0,0,,,,,,,,,,
2026-07-25T21:58:34Z,1107,P2-C1,P2,0x927EB9E0,1,Ken the Eagle,True,True,normal_damage_red_generation,44000,44000,35433,34780,-653,38864,38473,-391,3431,3693,262,653,391,262,391,262,0,True,medium,4,0,0,0,False,False,0,0,,,,,,,,,,
2026-07-25T21:58:34Z,1108,P2-C1,P2,0x927EB9E0,1,Ken the Eagle,True,True,normal_damage_red_generation,44000,44000,34780,33791,-989,38473,37880,-593,3693,4089,396,989,593,396,593,396,0,True,medium,4,0,0,0,False,False,0,0,,,,,,,,,,
2026-07-25T21:58:35Z,1109,P2-C1,P2,0x927EB9E0,1,Ken the Eagle,True,True,normal_damage_red_generation,44000,44000,33791,33228,-563,37880,37543,-337,4089,4315,226,563,337,226,337,226,0,True,medium,4,0,0,0,False,False,0,0,,,,,,,,,,
2026-07-25T21:58:36Z,1114,P2-C1,P2,0x927EB9E0,1,Ken the Eagle,True,True,normal_damage_red_generation,44000,44000,33228,31815,-1413,37543,36696,-847,4315,4881,566,1413,847,566,847,566,0,True,medium,4,0,0,0,False,False,0,0,,,,,,,,,,
2026-07-25T21:58:37Z,1115,P2-C1,P2,0x927EB9E0,1,Ken the Eagle,True,True,normal_damage_red_generation,44000,44000,31815,30969,-846,36696,36189,-507,4881,5220,339,846,507,339,507,339,0,True,medium,4,0,0,0,False,False,0,0,,,,,,,,,,
2026-07-25T21:58:37Z,1116,P2-C1,P2,0x927EB9E0,1,Ken the Eagle,True,True,normal_damage_red_generation,44000,44000,30969,29202,-1767,36189,35129,-1060,5220,5927,707,1767,1060,707,1060,707,0,True,medium,4,0,0,0,False,False,0,0,,,,,,,,,,
2026-07-25T21:58:37Z,1117,P2-C1,P2,0x927EB9E0,1,Ken the Eagle,True,True,normal_damage_red_generation,44000,44000,29202,27411,-1791,35129,34055,-1074,5927,6644,717,1791,1074,717,1074,717,0,True,medium,4,0,0,0,False,False,0,0,,,,,,,,,,
2026-07-25T21:58:38Z,1118,P2-C1,P2,0x927EB9E0,1,Ken the Eagle,True,True,normal_damage_red_generation,44000,44000,27411,27003,-408,34055,33811,-244,6644,6808,164,408,244,164,244,164,0,True,medium,4,0,0,0,False,False,0,0,,,,,,,,,,
2026-07-25T21:58:38Z,1119,P2-C1,P2,0x927EB9E0,1,Ken the Eagle,True,True,normal_damage_red_generation,44000,44000,27003,25785,-1218,33811,33081,-730,6808,7296,488,1218,730,488,730,488,0,True,medium,4,0,0,0,False,False,0,0,,,,,,,,,,
2026-07-25T21:58:38Z,1120,P2-C1,P2,0x927EB9E0,1,Ken the Eagle,True,True,normal_damage_red_generation,44000,44000,25785,24661,-1124,33081,32407,-674,7296,7746,450,1124,674,450,674,450,0,True,medium,4,0,0,0,False,False,0,0,,,,,,,,,,
2026-07-25T21:58:39Z,1122,P2-C1,P2,0x927EB9E0,1,Ken the Eagle,True,True,normal_damage_red_generation,44000,44000,24661,24010,-651,32407,32017,-390,7746,8007,261,651,390,261,390,261,0,True,medium,4,0,0,0,False,False,0,0,,,,,,,,,,
2026-07-25T21:58:39Z,1123,P2-C1,P2,0x927EB9E0,1,Ken the Eagle,True,True,normal_damage_red_generation,44000,44000,24010,23023,-987,32017,31425,-592,8007,8402,395,987,592,395,592,395,0,True,medium,4,0,0,0,False,False,0,0,,,,,,,,,,
2026-07-25T21:58:40Z,1125,P2-C1,P2,0x927EB9E0,1,Ken the Eagle,True,True,normal_damage_red_generation,44000,44000,23023,22462,-561,31425,31089,-336,8402,8627,225,561,336,225,336,225,0,True,medium,4,0,0,0,False,False,0,0,,,,,,,,,,
2026-07-25T21:58:40Z,1126,P2-C1,P2,0x927EB9E0,1,Ken the Eagle,True,True,normal_damage_red_generation,44000,44000,22462,21632,-830,31089,30591,-498,8627,8959,332,830,498,332,498,332,0,True,medium,4,0,0,0,False,False,0,0,,,,,,,,,,
2026-07-25T21:58:40Z,1127,P2-C1,P2,0x927EB9E0,1,Ken the Eagle,True,True,normal_damage_red_generation,44000,44000,21632,20900,-732,30591,30153,-438,8959,9253,294,732,438,294,439,293,1,False,medium,4,0,0,0,False,False,0,0,,,,,,,,,,difference can indicate multiple native damage requests between GUI samples
2026-07-25T21:58:41Z,1128,P2-C1,P2,0x927EB9E0,1,Ken the Eagle,True,True,normal_damage_red_generation,44000,44000,20900,19760,-1140,30153,29470,-683,9253,9710,457,1140,683,457,684,456,1,False,medium,4,0,0,0,False,False,0,0,,,,,,,,,,difference can indicate multiple native damage requests between GUI samples
2026-07-25T21:58:41Z,1129,P2-C1,P2,0x927EB9E0,1,Ken the Eagle,True,True,normal_damage_red_generation,44000,44000,19760,18965,-795,29470,28994,-476,9710,10029,319,795,476,319,477,318,1,False,medium,4,0,0,0,False,False,0,0,,,,,,,,,,difference can indicate multiple native damage requests between GUI samples
2026-07-25T21:58:43Z,1140,P2-C1,P2,0x927EB9E0,1,Ken the Eagle,True,True,unknown_health_transition,44000,44000,18965,22445,3480,28994,28682,-312,10029,6237,-3792,0,312,0,,,,,none,4,0,0,0,False,False,0,0,,,,,,,,,,
2026-07-25T21:58:43Z,1141,P2-C1,P2,0x927EB9E0,1,Ken the Eagle,True,True,normal_damage_red_generation,44000,44000,22445,21552,-893,28682,28147,-535,6237,6595,358,893,535,358,535,358,0,True,medium,4,0,0,0,False,False,0,0,,,,,,,,,,
2026-07-25T21:58:43Z,1142,P2-C1,P2,0x927EB9E0,1,Ken the Eagle,True,True,normal_damage_red_generation,44000,44000,21552,20706,-846,28147,27640,-507,6595,6934,339,846,507,339,507,339,0,True,medium,4,0,0,0,False,False,0,0,,,,,,,,,,
2026-07-25T21:58:44Z,1143,P2-C1,P2,0x927EB9E0,1,Ken the Eagle,True,True,normal_damage_red_generation,44000,44000,20706,18939,-1767,27640,26580,-1060,6934,7641,707,1767,1060,707,1060,707,0,True,medium,4,0,0,0,False,False,0,0,,,,,,,,,,
2026-07-25T21:58:44Z,1145,P2-C1,P2,0x927EB9E0,1,Ken the Eagle,True,True,normal_damage_red_generation,44000,44000,18939,17148,-1791,26580,25506,-1074,7641,8358,717,1791,1074,717,1074,717,0,True,medium,4,0,0,0,False,False,0,0,,,,,,,,,,
2026-07-25T21:58:44Z,1146,P2-C1,P2,0x927EB9E0,1,Ken the Eagle,True,True,normal_damage_red_generation,44000,44000,17148,16740,-408,25506,25262,-244,8358,8522,164,408,244,164,244,164,0,True,medium,4,0,0,0,False,False,0,0,,,,,,,,,,
2026-07-25T21:58:45Z,1147,P2-C1,P2,0x927EB9E0,1,Ken the Eagle,True,True,normal_damage_red_generation,44000,44000,16740,16248,-492,25262,24967,-295,8522,8719,197,492,295,197,295,197,0,True,medium,4,0,0,0,False,False,0,0,,,,,,,,,,
2026-07-25T21:58:45Z,1149,P2-C1,P2,0x927EB9E0,1,Ken the Eagle,True,True,normal_damage_red_generation,44000,44000,16248,15515,-733,24967,24528,-439,8719,9013,294,733,439,294,439,294,0,True,medium,4,0,0,0,False,False,0,0,,,,,,,,,,
2026-07-25T21:58:45Z,1150,P2-C1,P2,0x927EB9E0,1,Ken the Eagle,True,True,normal_damage_red_generation,44000,44000,15515,14384,-1131,24528,23850,-678,9013,9466,453,1131,678,453,678,453,0,True,medium,4,0,0,0,False,False,0,0,,,,,,,,,,
2026-07-25T21:58:46Z,1151,P2-C1,P2,0x927EB9E0,1,Ken the Eagle,True,True,normal_damage_red_generation,44000,44000,14384,13727,-657,23850,23456,-394,9466,9729,263,657,394,263,394,263,0,True,medium,4,0,0,0,False,False,0,0,,,,,,,,,,
2026-07-25T21:58:46Z,1152,P2-C1,P2,0x927EB9E0,1,Ken the Eagle,True,True,normal_damage_red_generation,44000,44000,13727,12732,-995,23456,22859,-597,9729,10127,398,995,597,398,597,398,0,True,medium,4,0,0,0,False,False,0,0,,,,,,,,,,
2026-07-25T21:58:47Z,1154,P2-C1,P2,0x927EB9E0,1,Ken the Eagle,True,True,normal_damage_red_generation,44000,44000,12732,12167,-565,22859,22520,-339,10127,10353,226,565,339,226,339,226,0,True,medium,4,0,0,0,False,False,0,0,,,,,,,,,,
2026-07-25T21:58:47Z,1155,P2-C1,P2,0x927EB9E0,1,Ken the Eagle,True,True,normal_damage_red_generation,44000,44000,12167,11332,-835,22520,22019,-501,10353,10687,334,835,501,334,501,334,0,True,medium,4,0,0,0,False,False,0,0,,,,,,,,,,
2026-07-25T21:58:47Z,1156,P2-C1,P2,0x927EB9E0,1,Ken the Eagle,True,True,normal_damage_red_generation,44000,44000,11332,10670,-662,22019,21623,-396,10687,10953,266,662,396,266,397,265,1,False,medium,4,0,0,0,False,False,0,0,,,,,,,,,,difference can indicate multiple native damage requests between GUI samples
2026-07-25T21:58:48Z,1157,P1-C2,P1,0x92B6BA00,13,Chun-Li,True,True,baroque_status_change,46000,46000,41400,41400,0,46000,46000,0,4600,4600,0,0,0,0,,,,,none,4,0,0,0,False,True,0,4600,,,,,,,,,,
2026-07-25T21:58:48Z,1157,P2-C1,P2,0x927EB9E0,1,Ken the Eagle,True,True,normal_damage_red_generation,44000,44000,10670,10065,-605,21623,21260,-363,10953,11195,242,605,363,242,363,242,0,True,medium,4,0,0,0,False,False,0,0,,,,,,,,,,
2026-07-25T21:58:48Z,1158,P1-C2,P1,0x92B6BA00,13,Chun-Li,True,True,baroque_consume,46000,46000,41400,41400,0,46000,41400,-4600,4600,0,-4600,0,4600,0,,-4600,0,True,high,4,0,0,0,True,True,4600,4600,,,,,,,,,,
2026-07-25T21:58:48Z,1158,P2-C1,P2,0x927EB9E0,1,Ken the Eagle,True,True,normal_damage_red_generation,44000,44000,10065,9154,-911,21260,20714,-546,11195,11560,365,911,546,365,546,365,0,True,medium,4,0,0,0,False,False,0,0,,,,,,,,,,
2026-07-25T21:58:48Z,1160,P1-C2,P1,0x92B6BA00,13,Chun-Li,True,True,baroque_status_change,46000,46000,41400,41400,0,41400,41400,0,0,0,0,0,0,0,,,,,none,4,0,0,0,True,False,4600,4600,,,,,,,,,,
2026-07-25T21:58:49Z,1161,P1-C2,P1,0x92B6BA00,13,Chun-Li,True,True,recoverable_ceiling_gain,46000,46000,41400,41400,0,41400,46000,4600,0,4600,4600,0,0,4600,,,,,none,4,0,0,0,False,False,4600,4600,,,,,,,,,,
2026-07-25T21:58:50Z,1165,P2-C1,P2,0x927EB9E0,1,Ken the Eagle,True,True,recoverable_heal,44000,44000,9154,17154,8000,20714,20714,0,11560,3560,-8000,0,0,0,,,,,none,4,500,0,1,False,False,0,0,,,,,,,,,,
2026-07-25T21:58:50Z,1166,P2-C1,P2,0x927EB9E0,1,Ken the Eagle,True,True,mixed_heal,44000,44000,17154,23654,6500,20714,23654,2940,3560,0,-3560,0,0,0,,,,,none,4,500,0,1,False,False,0,0,,,,,,,,,,
2026-07-25T21:58:50Z,1167,P2-C1,P2,0x927EB9E0,1,Ken the Eagle,True,True,current_and_ceiling_heal,44000,44000,23654,30654,7000,23654,30654,7000,0,0,0,0,0,0,,,,,none,4,500,0,1,False,False,0,0,,,,,,,,,,
2026-07-25T21:58:51Z,1168,P2-C1,P2,0x927EB9E0,1,Ken the Eagle,True,True,current_and_ceiling_heal,44000,44000,30654,37154,6500,30654,37154,6500,0,0,0,0,0,0,,,,,none,4,500,0,1,False,False,0,0,,,,,,,,,,
2026-07-25T21:58:51Z,1169,P2-C1,P2,0x927EB9E0,1,Ken the Eagle,True,True,current_and_ceiling_heal,44000,44000,37154,42654,5500,37154,42654,5500,0,0,0,0,0,0,,,,,none,4,500,0,1,False,False,0,0,,,,,,,,,,
2026-07-25T21:58:51Z,1170,P2-C1,P2,0x927EB9E0,1,Ken the Eagle,True,True,full_health_reset,44000,44000,42654,44000,1346,42654,44000,1346,0,0,0,0,0,0,,,,,none,4,0,0,0,False,False,0,0,,,,,,,,,,
2026-07-25T21:58:58Z,1220,P1-C1,P1,0x9246B9C0,27,Joe the Condor,False,False,fighter_reset_or_reloaded,48000,44000,48000,44000,-4000,48000,44000,-4000,0,0,0,4000,4000,0,,,,,none,4,4,0,0,False,False,4800,0,,,,,,,,,,maximum health changed
2026-07-25T21:58:58Z,1220,P1-C2,P1,0x92B6BA00,2,Casshan,True,True,fighter_reset_or_reloaded,46000,50000,41400,45000,3600,46000,50000,4000,4600,5000,400,0,0,400,,,,,none,4,500,0,1,False,False,4600,0,,,,,,,,,,maximum health changed
2026-07-25T21:58:58Z,1220,P2-C1,P2,0x927EB9E0,17,Viewtiful Joe,True,True,fighter_reset_or_reloaded,44000,46000,44000,46000,2000,44000,46000,2000,0,0,0,0,0,0,,,,,none,4,0,0,0,False,False,0,0,,,,,,,,,,maximum health changed
2026-07-25T21:59:01Z,1230,P1-C1,P1,0x9246B9C0,27,Joe the Condor,False,True,ten_percent_current_only_cost,44000,44000,44000,39600,-4400,44000,44000,0,0,4400,4400,4400,0,4400,,4400,0,True,high,4,0,0,0,False,False,0,0,,,,,,,,,,
2026-07-25T21:59:01Z,1230,P1-C2,P1,0x92B6BA00,2,Casshan,True,False,reserve_recovery,50000,50000,45000,47000,2000,50000,50000,0,5000,3000,-2000,0,0,0,,,0,True,medium,4,0,0,0,False,False,0,0,,,,,,,,,,
2026-07-25T21:59:02Z,1231,P1-C2,P1,0x92B6BA00,2,Casshan,False,False,reserve_recovery,50000,50000,47000,50000,3000,50000,50000,0,3000,0,-3000,0,0,0,,,0,True,medium,4,0,0,0,False,False,0,0,,,,,,,,,,
2026-07-25T21:59:02Z,1231,P2-C1,P2,0x927EB9E0,17,Viewtiful Joe,True,True,normal_damage_red_generation,46000,46000,46000,45200,-800,46000,45520,-480,0,320,320,800,480,320,480,320,0,True,medium,4,0,0,0,False,False,0,0,,,,,,,,,,
2026-07-25T21:59:04Z,1239,P2-C1,P2,0x927EB9E0,17,Viewtiful Joe,True,True,full_health_reset,46000,46000,45200,46000,800,45520,46000,480,320,0,-320,0,0,0,,,,,none,4,0,0,0,False,False,0,0,,,,,,,,,,
2026-07-25T21:59:05Z,1242,P2-C1,P2,0x927EB9E0,17,Viewtiful Joe,True,True,normal_damage_red_generation,46000,46000,46000,45080,-920,46000,45448,-552,0,368,368,920,552,368,552,368,0,True,medium,4,0,0,0,False,False,0,0,,,,,,,,,,
2026-07-25T21:59:06Z,1243,P2-C1,P2,0x927EB9E0,17,Viewtiful Joe,True,True,normal_damage_red_generation,46000,46000,45080,43674,-1406,45448,44605,-843,368,931,563,1406,843,563,843,563,0,True,medium,4,0,0,0,False,False,0,0,,,,,,,,,,
2026-07-25T21:59:06Z,1244,P2-C1,P2,0x927EB9E0,17,Viewtiful Joe,True,True,normal_damage_red_generation,46000,46000,43674,43044,-630,44605,44227,-378,931,1183,252,630,378,252,378,252,0,True,medium,4,0,0,0,False,False,0,0,,,,,,,,,,
2026-07-25T21:59:06Z,1245,P2-C1,P2,0x927EB9E0,17,Viewtiful Joe,True,True,normal_damage_red_generation,46000,46000,43044,40919,-2125,44227,42952,-1275,1183,2033,850,2125,1275,850,1275,850,0,True,medium,4,0,0,0,False,False,0,0,,,,,,,,,,
2026-07-25T21:59:07Z,1246,P2-C1,P2,0x927EB9E0,17,Viewtiful Joe,True,True,normal_damage_red_generation,46000,46000,40919,38664,-2255,42952,41599,-1353,2033,2935,902,2255,1353,902,1353,902,0,True,medium,4,0,0,0,False,False,0,0,,,,,,,,,,
2026-07-25T21:59:07Z,1247,P2-C1,P2,0x927EB9E0,17,Viewtiful Joe,True,True,normal_damage_red_generation,46000,46000,38664,37338,-1326,41599,40805,-794,2935,3467,532,1326,794,532,795,531,1,False,medium,4,0,0,0,False,False,0,0,,,,,,,,,,difference can indicate multiple native damage requests between GUI samples
2026-07-25T21:59:08Z,1248,P2-C1,P2,0x927EB9E0,17,Viewtiful Joe,True,True,normal_damage_red_generation,46000,46000,37338,35036,-2302,40805,39424,-1381,3467,4388,921,2302,1381,921,1381,921,0,True,medium,4,0,0,0,False,False,0,0,,,,,,,,,,
2026-07-25T21:59:10Z,1254,P2-C1,P2,0x927EB9E0,17,Viewtiful Joe,True,True,mixed_heal,46000,46000,35036,40536,5500,39424,40536,1112,4388,0,-4388,0,0,0,,,,,none,4,0,0,0,False,False,0,0,,,,,,,,,,
2026-07-25T21:59:10Z,1255,P2-C1,P2,0x927EB9E0,17,Viewtiful Joe,True,True,mixed_heal,46000,46000,40536,40710,174,40536,41273,737,0,563,563,0,0,563,,,,,none,4,0,0,0,False,False,0,0,,,,,,,,,,
2026-07-25T21:59:10Z,1256,P2-C1,P2,0x927EB9E0,17,Viewtiful Joe,True,True,normal_damage_red_generation,46000,46000,40710,40080,-630,41273,40895,-378,563,815,252,630,378,252,378,252,0,True,medium,4,0,0,0,False,False,0,0,,,,,,,,,,
2026-07-25T21:59:11Z,1258,P2-C1,P2,0x927EB9E0,17,Viewtiful Joe,True,True,normal_damage_red_generation,46000,46000,40080,37955,-2125,40895,39620,-1275,815,1665,850,2125,1275,850,1275,850,0,True,medium,4,0,0,0,False,False,0,0,,,,,,,,,,
2026-07-25T21:59:11Z,1259,P2-C1,P2,0x927EB9E0,17,Viewtiful Joe,True,True,normal_damage_red_generation,46000,46000,37955,35071,-2884,39620,37890,-1730,1665,2819,1154,2884,1730,1154,1730,1154,0,True,medium,4,0,0,0,False,False,0,0,,,,,,,,,,
2026-07-25T21:59:12Z,1260,P2-C1,P2,0x927EB9E0,17,Viewtiful Joe,True,True,normal_damage_red_generation,46000,46000,35071,34432,-639,37890,37507,-383,2819,3075,256,639,383,256,383,256,0,True,medium,4,0,0,0,False,False,0,0,,,,,,,,,,
2026-07-25T21:59:12Z,1261,P2-C1,P2,0x927EB9E0,17,Viewtiful Joe,True,True,normal_damage_red_generation,46000,46000,34432,32186,-2246,37507,36160,-1347,3075,3974,899,2246,1347,899,1347,899,0,True,medium,4,0,0,0,False,False,0,0,,,,,,,,,,
2026-07-25T21:59:13Z,1262,P2-C1,P2,0x927EB9E0,17,Viewtiful Joe,True,True,normal_damage_red_generation,46000,46000,32186,30099,-2087,36160,34908,-1252,3974,4809,835,2087,1252,835,1252,835,0,True,medium,4,0,0,0,False,False,0,0,,,,,,,,,,
2026-07-25T21:59:15Z,1272,P2-C1,P2,0x927EB9E0,17,Viewtiful Joe,True,True,normal_damage_red_generation,46000,46000,30099,29179,-920,34908,34356,-552,4809,5177,368,920,552,368,552,368,0,True,medium,4,0,0,0,False,False,0,0,P1-C1,27,Joe the Condor,316,Wild Lasso A,0,1300,0x00304009,0x00180086,
2026-07-25T21:59:16Z,1273,P2-C1,P2,0x927EB9E0,17,Viewtiful Joe,True,True,normal_damage_red_generation,46000,46000,29179,27143,-2036,34356,33135,-1221,5177,5992,815,2036,1221,815,1221,815,0,True,medium,4,0,0,0,False,False,0,0,P1-C1,27,Joe the Condor,316,Wild Lasso A,0,1300,0x00304009,0x00180086,
2026-07-25T21:59:16Z,1274,P2-C1,P2,0x927EB9E0,17,Viewtiful Joe,True,True,normal_damage_red_generation,46000,46000,27143,25018,-2125,33135,31860,-1275,5992,6842,850,2125,1275,850,1275,850,0,True,medium,4,0,0,0,False,False,0,0,P1-C1,27,Joe the Condor,316,Wild Lasso A,0,1300,0x00304009,0x00180086,
2026-07-25T21:59:16Z,1275,P2-C1,P2,0x927EB9E0,17,Viewtiful Joe,True,True,normal_damage_red_generation,46000,46000,25018,22763,-2255,31860,30507,-1353,6842,7744,902,2255,1353,902,1353,902,0,True,medium,4,0,0,0,False,False,0,0,P1-C1,27,Joe the Condor,316,Wild Lasso A,0,1300,0x00304009,0x00180086,
2026-07-25T21:59:17Z,1276,P2-C1,P2,0x927EB9E0,17,Viewtiful Joe,True,True,normal_damage_red_generation,46000,46000,22763,22134,-629,30507,30130,-377,7744,7996,252,629,377,252,377,252,0,True,medium,4,0,0,0,False,False,0,0,P1-C1,27,Joe the Condor,316,Wild Lasso A,0,1300,0x00304009,0x00180086,
2026-07-25T21:59:17Z,1277,P2-C1,P2,0x927EB9E0,17,Viewtiful Joe,True,True,normal_damage_red_generation,46000,46000,22134,20358,-1776,30130,29065,-1065,7996,8707,711,1776,1065,711,1065,711,0,True,medium,4,0,0,0,False,False,0,0,,,,,,,,,,
2026-07-25T21:59:18Z,1278,P2-C1,P2,0x927EB9E0,17,Viewtiful Joe,True,True,normal_damage_red_generation,46000,46000,20358,19262,-1096,29065,28408,-657,8707,9146,439,1096,657,439,657,439,0,True,medium,4,0,0,0,False,False,0,0,,,,,,,,,,
2026-07-25T21:59:18Z,1279,P2-C1,P2,0x927EB9E0,17,Viewtiful Joe,True,True,normal_damage_red_generation,46000,46000,19262,17182,-2080,28408,27160,-1248,9146,9978,832,2080,1248,832,1248,832,0,True,medium,4,0,0,0,False,False,0,0,,,,,,,,,,
2026-07-25T21:59:19Z,1282,P2-C1,P2,0x927EB9E0,17,Viewtiful Joe,True,True,normal_damage_red_generation,46000,46000,17182,16533,-649,27160,26771,-389,9978,10238,260,649,389,260,389,260,0,True,medium,4,0,0,0,False,False,0,0,P1-C1,27,Joe the Condor,316,Wild Lasso A,0,100,0x00000009,0x00000040,
2026-07-25T21:59:20Z,1283,P2-C1,P2,0x927EB9E0,17,Viewtiful Joe,True,True,normal_damage_red_generation,46000,46000,16533,15645,-888,26771,26239,-532,10238,10594,356,888,532,356,532,356,0,True,high,4,0,0,0,False,False,0,0,P1-C1,27,Joe the Condor,514,Wild Lasso,0,100,0x00000009,0x00000040,
2026-07-25T21:59:20Z,1284,P2-C1,P2,0x927EB9E0,17,Viewtiful Joe,True,True,normal_damage_red_generation,46000,46000,15645,15295,-350,26239,26029,-210,10594,10734,140,350,210,140,210,140,0,True,high,4,0,0,0,False,False,0,0,P1-C1,27,Joe the Condor,514,Wild Lasso,0,100,0x00000009,0x00000040,
2026-07-25T21:59:22Z,1288,P2-C1,P2,0x927EB9E0,17,Viewtiful Joe,True,True,recoverable_heal,46000,46000,15295,22795,7500,26029,26029,0,10734,3234,-7500,0,0,0,,,,,none,4,500,0,1,False,False,0,0,P1-C1,27,Joe the Condor,514,Wild Lasso,0,100,0x00000009,0x00000040,
2026-07-25T21:59:22Z,1289,P2-C1,P2,0x927EB9E0,17,Viewtiful Joe,True,True,mixed_heal,46000,46000,22795,30295,7500,26029,30295,4266,3234,0,-3234,0,0,0,,,,,none,4,500,0,1,False,False,0,0,P1-C1,27,Joe the Condor,514,Wild Lasso,0,100,0x00000009,0x00000040,
2026-07-25T21:59:22Z,1290,P2-C1,P2,0x927EB9E0,17,Viewtiful Joe,True,True,current_and_ceiling_heal,46000,46000,30295,34295,4000,30295,34295,4000,0,0,0,0,0,0,,,,,none,4,500,0,1,False,False,0,0,P1-C1,27,Joe the Condor,514,Wild Lasso,0,100,0x00000009,0x00000040,
2026-07-25T21:59:23Z,1291,P2-C1,P2,0x927EB9E0,17,Viewtiful Joe,True,True,current_and_ceiling_heal,46000,46000,34295,41795,7500,34295,41795,7500,0,0,0,0,0,0,,,,,none,4,0,0,0,False,False,0,0,P1-C1,27,Joe the Condor,514,Wild Lasso,0,100,0x00000009,0x00000040,
2026-07-25T21:59:23Z,1292,P2-C1,P2,0x927EB9E0,17,Viewtiful Joe,True,True,normal_damage_red_generation,46000,46000,41795,40469,-1326,41795,41032,-763,0,563,563,1326,763,563,795,531,32,False,medium,4,0,0,0,False,False,0,0,P1-C1,27,Joe the Condor,514,Wild Lasso,0,100,0x00000009,0x00000040,difference can indicate multiple native damage requests between GUI samples
2026-07-25T21:59:23Z,1293,P2-C1,P2,0x927EB9E0,17,Viewtiful Joe,True,True,normal_damage_red_generation,46000,46000,40469,39839,-630,41032,40654,-378,563,815,252,630,378,252,378,252,0,True,medium,4,0,0,0,False,False,0,0,,,,,,,,,,
2026-07-25T21:59:24Z,1294,P2-C1,P2,0x927EB9E0,17,Viewtiful Joe,True,True,normal_damage_red_generation,46000,46000,39839,37714,-2125,40654,39379,-1275,815,1665,850,2125,1275,850,1275,850,0,True,medium,4,0,0,0,False,False,0,0,,,,,,,,,,
2026-07-25T21:59:24Z,1295,P2-C1,P2,0x927EB9E0,17,Viewtiful Joe,True,True,normal_damage_red_generation,46000,46000,37714,35459,-2255,39379,38026,-1353,1665,2567,902,2255,1353,902,1353,902,0,True,medium,4,0,0,0,False,False,0,0,,,,,,,,,,
2026-07-25T21:59:25Z,1296,P2-C1,P2,0x927EB9E0,17,Viewtiful Joe,True,True,normal_damage_red_generation,46000,46000,35459,34242,-1217,38026,37296,-730,2567,3054,487,1217,730,487,730,487,0,True,medium,4,0,0,0,False,False,0,0,,,,,,,,,,
2026-07-25T21:59:26Z,1300,P2-C1,P2,0x927EB9E0,17,Viewtiful Joe,True,True,recoverable_heal,46000,46000,34242,35242,1000,37296,37296,0,3054,2054,-1000,0,0,0,,,,,none,4,0,0,0,False,False,0,0,P1-C1,27,Joe the Condor,20,jump,0,1500,0x0000010C,0x00000082,
2026-07-25T21:59:27Z,1301,P2-C1,P2,0x927EB9E0,17,Viewtiful Joe,True,True,normal_damage_red_generation,46000,46000,35242,34416,-826,37296,35901,-1395,2054,1485,-569,826,1395,0,495,331,-331,False,medium,4,0,0,0,False,False,0,0,P1-C1,27,Joe the Condor,20,jump,0,1500,0x0000010C,0x00000082,difference can indicate multiple native damage requests between GUI samples
2026-07-25T21:59:28Z,1305,P2-C1,P2,0x927EB9E0,17,Viewtiful Joe,True,True,normal_damage_red_generation,46000,46000,34416,32916,-1500,35901,35001,-900,1485,2085,600,1500,900,600,900,600,0,True,high,4,0,0,0,False,False,0,0,P1-C1,27,Joe the Condor,304,shuriken A,0,100,0x00000009,0x00000040,
2026-07-25T21:59:28Z,1306,P2-C1,P2,0x927EB9E0,17,Viewtiful Joe,True,True,normal_damage_red_generation,46000,46000,32916,31996,-920,35001,34449,-552,2085,2453,368,920,552,368,552,368,0,True,high,4,-1406,-843,0,False,False,0,0,P1-C1,27,Joe the Condor,257,5B,0,100,0x00000009,0x00000040,
2026-07-25T21:59:29Z,1307,P2-C1,P2,0x927EB9E0,17,Viewtiful Joe,True,True,normal_damage_red_generation,46000,46000,31996,30590,-1406,34449,33606,-843,2453,3016,563,1406,843,563,843,563,0,True,medium,4,0,0,0,False,False,0,0,P1-C1,27,Joe the Condor,257,5B,0,100,0x00000009,0x00000040,
2026-07-25T21:59:29Z,1308,P2-C1,P2,0x927EB9E0,17,Viewtiful Joe,True,True,normal_damage_red_generation,46000,46000,30590,29365,-1225,33606,32871,-735,3016,3506,490,1225,735,490,735,490,0,True,medium,4,0,0,0,False,False,0,0,P1-C1,27,Joe the Condor,257,5B,0,100,0x00000009,0x00000040,
2026-07-25T21:59:30Z,1309,P2-C1,P2,0x927EB9E0,17,Viewtiful Joe,True,True,normal_damage_red_generation,46000,46000,29365,27366,-1999,32871,31672,-1199,3506,4306,800,1999,1199,800,1199,800,0,True,medium,4,0,0,0,False,False,0,0,P1-C1,27,Joe the Condor,257,5B,0,100,0x00000009,0x00000040,
2026-07-25T21:59:30Z,1310,P2-C1,P2,0x927EB9E0,17,Viewtiful Joe,True,True,normal_damage_red_generation,46000,46000,27366,25252,-2114,31672,30404,-1268,4306,5152,846,2114,1268,846,1268,846,0,True,medium,4,0,0,0,False,False,0,0,P1-C1,27,Joe the Condor,257,5B,0,100,0x00000009,0x00000040,
2026-07-25T21:59:31Z,1311,P2-C1,P2,0x927EB9E0,17,Viewtiful Joe,True,True,normal_damage_red_generation,46000,46000,25252,23025,-2227,30404,29068,-1336,5152,6043,891,2227,1336,891,1336,891,0,True,medium,4,0,0,0,False,False,0,0,P1-C1,27,Joe the Condor,257,5B,0,100,0x00000009,0x00000040,
2026-07-25T21:59:31Z,1312,P2-C1,P2,0x927EB9E0,17,Viewtiful Joe,True,True,normal_damage_red_generation,46000,46000,23025,21840,-1185,29068,28357,-711,6043,6517,474,1185,711,474,711,474,0,True,high,4,0,0,0,False,False,0,0,P1-C1,27,Joe the Condor,323,Air Shuriken A,0,100,0x00000009,0x00000040,
2026-07-25T21:59:32Z,1313,P2-C1,P2,0x927EB9E0,17,Viewtiful Joe,True,True,normal_damage_red_generation,46000,46000,21840,21148,-692,28357,27942,-415,6517,6794,277,692,415,277,415,277,0,True,high,4,0,0,0,False,False,0,0,P1-C1,27,Joe the Condor,321,Air Savage Shot B,0,100,0x00000009,0x00000040,
2026-07-25T21:59:32Z,1314,P2-C1,P2,0x927EB9E0,17,Viewtiful Joe,True,True,normal_damage_red_generation,46000,46000,21148,19414,-1734,27942,26902,-1040,6794,7488,694,1734,1040,694,1040,694,0,True,high,4,0,0,0,False,False,0,0,P1-C1,27,Joe the Condor,321,Air Savage Shot B,0,100,0x00000009,0x00000040,
2026-07-25T21:59:33Z,1315,P2-C1,P2,0x927EB9E0,17,Viewtiful Joe,True,True,normal_damage_red_generation,46000,46000,19414,18811,-603,26902,26541,-361,7488,7730,242,603,361,242,361,242,0,True,high,4,0,0,0,False,False,0,0,P1-C1,27,Joe the Condor,323,Air Shuriken A,0,100,0x00000009,0x00000040,
2026-07-25T21:59:33Z,1316,P2-C1,P2,0x927EB9E0,17,Viewtiful Joe,True,True,normal_damage_red_generation,46000,46000,18811,18117,-694,26541,26125,-416,7730,8008,278,694,416,278,416,278,0,True,high,4,0,0,0,False,False,0,0,P1-C1,27,Joe the Condor,321,Air Savage Shot B,0,100,0x00000009,0x00000040,
2026-07-25T21:59:33Z,1317,P2-C1,P2,0x927EB9E0,17,Viewtiful Joe,True,True,normal_damage_red_generation,46000,46000,18117,17228,-889,26125,25592,-533,8008,8364,356,889,533,356,533,356,0,True,high,4,0,0,0,False,False,0,0,P1-C1,27,Joe the Condor,353,Air Condor Magnum,0,100,0x00000009,0x00000040,
2026-07-25T21:59:35Z,1323,P2-C1,P2,0x927EB9E0,17,Viewtiful Joe,True,True,normal_damage_red_generation,46000,46000,17228,16528,-700,25592,25172,-420,8364,8644,280,700,420,280,420,280,0,True,high,4,0,0,0,False,False,0,0,P1-C1,27,Joe the Condor,353,Air Condor Magnum,0,100,0x00000009,0x00000040,
2026-07-25T21:59:36Z,1325,P2-C1,P2,0x927EB9E0,17,Viewtiful Joe,True,True,normal_damage_red_generation,46000,46000,16528,15128,-1400,25172,24332,-840,8644,9204,560,1400,840,560,840,560,0,True,high,4,0,0,0,False,False,0,0,P1-C1,27,Joe the Condor,517,Condor Magnum,0,100,0x00000009,0x00000040,
2026-07-25T21:59:37Z,1329,P2-C1,P2,0x927EB9E0,17,Viewtiful Joe,True,True,normal_damage_red_generation,46000,46000,15128,12286,-2842,24332,22627,-1705,9204,10341,1137,2842,1705,1137,1705,1137,0,True,medium,4,0,0,0,False,False,0,0,P1-C1,27,Joe the Condor,517,Condor Magnum,0,100,0x00000009,0x00000040,
2026-07-25T21:59:40Z,1347,P2-C1,P2,0x927EB9E0,17,Viewtiful Joe,True,True,unknown_health_transition,46000,46000,12286,14366,2080,22627,22075,-552,10341,7709,-2632,0,552,0,,,,,none,4,0,0,0,False,False,0,0,,,,,,,,,,
2026-07-25T21:59:41Z,1348,P2-C1,P2,0x927EB9E0,17,Viewtiful Joe,True,True,normal_damage_red_generation,46000,46000,14366,12960,-1406,22075,21232,-843,7709,8272,563,1406,843,563,843,563,0,True,medium,4,0,0,0,False,False,0,0,,,,,,,,,,
2026-07-25T21:59:41Z,1349,P2-C1,P2,0x927EB9E0,17,Viewtiful Joe,True,True,normal_damage_red_generation,46000,46000,12960,12330,-630,21232,20854,-378,8272,8524,252,630,378,252,378,252,0,True,medium,4,0,0,0,False,False,0,0,,,,,,,,,,
2026-07-25T21:59:42Z,1350,P2-C1,P2,0x927EB9E0,17,Viewtiful Joe,True,True,normal_damage_red_generation,46000,46000,12330,10205,-2125,20854,19579,-1275,8524,9374,850,2125,1275,850,1275,850,0,True,medium,4,0,0,0,False,False,0,0,,,,,,,,,,
2026-07-25T21:59:43Z,1354,P2-C1,P2,0x927EB9E0,17,Viewtiful Joe,True,True,recoverable_heal,46000,46000,10205,12705,2500,19579,19579,0,9374,6874,-2500,0,0,0,,,,,none,4,500,0,1,False,False,0,0,,,,,,,,,,
2026-07-25T21:59:43Z,1355,P2-C1,P2,0x927EB9E0,17,Viewtiful Joe,True,True,mixed_heal,46000,46000,12705,22205,9500,19579,22205,2626,6874,0,-6874,0,0,0,,,,,none,4,500,0,1,False,False,0,0,,,,,,,,,,
2026-07-25T21:59:44Z,1356,P2-C1,P2,0x927EB9E0,17,Viewtiful Joe,True,True,current_and_ceiling_heal,46000,46000,22205,31705,9500,22205,31705,9500,0,0,0,0,0,0,,,,,none,4,500,0,1,False,False,0,0,,,,,,,,,,
2026-07-25T21:59:44Z,1357,P2-C1,P2,0x927EB9E0,17,Viewtiful Joe,True,True,current_and_ceiling_heal,46000,46000,31705,42205,10500,31705,42205,10500,0,0,0,0,0,0,,,,,none,4,0,0,0,False,False,0,0,,,,,,,,,,
2026-07-25T21:59:44Z,1358,P2-C1,P2,0x927EB9E0,17,Viewtiful Joe,True,True,full_health_reset,46000,46000,42205,46000,3795,42205,46000,3795,0,0,0,0,0,0,,,,,none,4,0,0,0,False,False,0,0,,,,,,,,,,
2026-07-25T21:59:45Z,1362,P2-C1,P2,0x927EB9E0,17,Viewtiful Joe,True,True,normal_damage_red_generation,46000,46000,46000,45080,-920,46000,45448,-552,0,368,368,920,552,368,552,368,0,True,medium,4,0,0,0,False,False,0,0,,,,,,,,,,
2026-07-25T21:59:46Z,1365,P2-C1,P2,0x927EB9E0,17,Viewtiful Joe,True,True,normal_damage_red_generation,46000,46000,45080,44160,-920,45448,44896,-552,368,736,368,920,552,368,552,368,0,True,medium,4,0,0,0,False,False,0,0,,,,,,,,,,
2026-07-25T21:59:47Z,1366,P2-C1,P2,0x927EB9E0,17,Viewtiful Joe,True,True,normal_damage_red_generation,46000,46000,44160,42124,-2036,44896,43675,-1221,736,1551,815,2036,1221,815,1221,815,0,True,medium,4,0,0,0,False,False,0,0,,,,,,,,,,
2026-07-25T21:59:47Z,1367,P2-C1,P2,0x927EB9E0,17,Viewtiful Joe,True,True,normal_damage_red_generation,46000,46000,42124,39999,-2125,43675,42400,-1275,1551,2401,850,2125,1275,850,1275,850,0,True,medium,4,0,0,0,False,False,0,0,,,,,,,,,,
2026-07-25T21:59:49Z,1372,P2-C1,P2,0x927EB9E0,17,Viewtiful Joe,True,True,recoverable_heal,46000,46000,39999,41499,1500,42400,42400,0,2401,901,-1500,0,0,0,,,,,none,4,500,0,1,False,False,0,0,,,,,,,,,,
2026-07-25T21:59:49Z,1373,P2-C1,P2,0x927EB9E0,17,Viewtiful Joe,True,True,full_health_reset,46000,46000,41499,46000,4501,42400,46000,3600,901,0,-901,0,0,0,,,,,none,4,0,0,0,False,False,0,0,,,,,,,,,,
2026-07-25T21:59:56Z,1413,P2-C1,P2,0x927EB9E0,17,Viewtiful Joe,True,True,normal_damage_red_generation,46000,46000,46000,45080,-920,46000,45448,-552,0,368,368,920,552,368,552,368,0,True,medium,4,0,0,0,False,False,0,0,,,,,,,,,,
2026-07-25T21:59:56Z,1414,P2-C1,P2,0x927EB9E0,17,Viewtiful Joe,True,True,normal_damage_red_generation,46000,46000,45080,43674,-1406,45448,44605,-843,368,931,563,1406,843,563,843,563,0,True,medium,4,0,0,0,False,False,0,0,,,,,,,,,,
2026-07-25T21:59:57Z,1415,P2-C1,P2,0x927EB9E0,17,Viewtiful Joe,True,True,normal_damage_red_generation,46000,46000,43674,43044,-630,44605,44227,-378,931,1183,252,630,378,252,378,252,0,True,medium,4,0,0,0,False,False,0,0,,,,,,,,,,
2026-07-25T21:59:57Z,1416,P2-C1,P2,0x927EB9E0,17,Viewtiful Joe,True,True,normal_damage_red_generation,46000,46000,43044,40919,-2125,44227,42952,-1275,1183,2033,850,2125,1275,850,1275,850,0,True,medium,4,0,0,0,False,False,0,0,,,,,,,,,,
2026-07-25T21:59:58Z,1417,P2-C1,P2,0x927EB9E0,17,Viewtiful Joe,True,True,normal_damage_red_generation,46000,46000,40919,38664,-2255,42952,41599,-1353,2033,2935,902,2255,1353,902,1353,902,0,True,medium,4,0,0,0,False,False,0,0,,,,,,,,,,
2026-07-25T21:59:58Z,1419,P2-C1,P2,0x927EB9E0,17,Viewtiful Joe,True,True,normal_damage_red_generation,46000,46000,38664,37322,-1342,41599,40794,-805,2935,3472,537,1342,805,537,805,537,0,True,medium,4,-1438,-862,0,False,False,0,0,,,,,,,,,,
2026-07-25T21:59:59Z,1420,P2-C1,P2,0x927EB9E0,17,Viewtiful Joe,True,True,normal_damage_red_generation,46000,46000,37322,35884,-1438,40794,39932,-862,3472,4048,576,1438,862,576,862,576,0,True,high,4,0,0,0,False,False,0,0,P1-C1,27,Joe the Condor,35,Air Dash Forward,0,100,0x00000009,0x00000040,
2026-07-25T21:59:59Z,1421,P2-C1,P2,0x927EB9E0,17,Viewtiful Joe,True,True,normal_damage_red_generation,46000,46000,35884,34684,-1200,39932,39212,-720,4048,4528,480,1200,720,480,720,480,0,True,high,4,0,0,0,False,False,0,0,P1-C1,27,Joe the Condor,22,jump back,0,100,0x00000009,0x00000040,
2026-07-25T21:59:59Z,1422,P2-C1,P2,0x927EB9E0,17,Viewtiful Joe,True,True,normal_damage_red_generation,46000,46000,34684,33535,-1149,39212,38523,-689,4528,4988,460,1149,689,460,689,460,0,True,medium,4,0,0,0,False,False,0,0,P1-C1,27,Joe the Condor,22,jump back,0,100,0x00000009,0x00000040,
2026-07-25T22:00:01Z,1426,P2-C1,P2,0x927EB9E0,17,Viewtiful Joe,True,True,recoverable_heal,46000,46000,33535,36035,2500,38523,38523,0,4988,2488,-2500,0,0,0,,,,,none,4,500,0,1,False,False,0,0,P1-C1,27,Joe the Condor,20,jump,0,1000,0x0000000C,0x00000102,
2026-07-25T22:00:01Z,1427,P2-C1,P2,0x927EB9E0,17,Viewtiful Joe,True,True,full_health_reset,46000,46000,36035,46000,9965,38523,46000,7477,2488,0,-2488,0,0,0,,,,,none,4,0,0,0,False,False,0,0,P1-C1,27,Joe the Condor,20,jump,0,1000,0x0000000C,0x00000102,
2026-07-25T22:00:02Z,1428,P2-C1,P2,0x927EB9E0,17,Viewtiful Joe,True,True,normal_damage_red_generation,46000,46000,46000,45080,-920,46000,45448,-552,0,368,368,920,552,368,552,368,0,True,medium,4,0,0,0,False,False,0,0,P1-C1,27,Joe the Condor,20,jump,0,1000,0x0000000C,0x00000102,
2026-07-25T22:00:02Z,1429,P2-C1,P2,0x927EB9E0,17,Viewtiful Joe,True,True,normal_damage_red_generation,46000,46000,45080,43674,-1406,45448,44605,-843,368,931,563,1406,843,563,843,563,0,True,medium,4,0,0,0,False,False,0,0,P1-C1,27,Joe the Condor,20,jump,0,1000,0x0000000C,0x00000102,
2026-07-25T22:00:03Z,1430,P2-C1,P2,0x927EB9E0,17,Viewtiful Joe,True,True,normal_damage_red_generation,46000,46000,43674,40919,-2755,44605,42952,-1653,931,2033,1102,2755,1653,1102,1653,1102,0,True,medium,4,0,0,0,False,False,0,0,P1-C1,27,Joe the Condor,20,jump,0,1000,0x0000000C,0x00000102,
2026-07-25T22:00:03Z,1432,P2-C1,P2,0x927EB9E0,17,Viewtiful Joe,True,True,normal_damage_red_generation,46000,46000,40919,38664,-2255,42952,41599,-1353,2033,2935,902,2255,1353,902,1353,902,0,True,medium,4,0,0,0,False,False,0,0,P1-C1,27,Joe the Condor,20,jump,0,1000,0x0000000C,0x00000102,
2026-07-25T22:00:04Z,1434,P2-C1,P2,0x927EB9E0,17,Viewtiful Joe,True,True,normal_damage_red_generation,46000,46000,38664,37330,-1334,41599,40799,-800,2935,3469,534,1334,800,534,800,534,0,True,high,4,0,0,0,False,False,0,0,P1-C1,27,Joe the Condor,323,Air Shuriken A,0,1500,0x0000010C,0x00000082,
2026-07-25T22:00:04Z,1435,P2-C1,P2,0x927EB9E0,17,Viewtiful Joe,True,True,normal_damage_red_generation,46000,46000,37330,35900,-1430,40799,39941,-858,3469,4041,572,1430,858,572,858,572,0,True,high,4,0,0,0,False,False,0,0,P1-C1,27,Joe the Condor,20,jump,0,100,0x00000009,0x00000040,
2026-07-25T22:00:05Z,1436,P2-C1,P2,0x927EB9E0,17,Viewtiful Joe,True,True,normal_damage_red_generation,46000,46000,35900,34708,-1192,39941,39226,-715,4041,4518,477,1192,715,477,715,477,0,True,high,4,0,0,0,False,False,0,0,P1-C1,27,Joe the Condor,20,jump,0,100,0x00000009,0x00000040,
2026-07-25T22:00:05Z,1437,P2-C1,P2,0x927EB9E0,17,Viewtiful Joe,True,True,normal_damage_red_generation,46000,46000,34708,33562,-1146,39226,38539,-687,4518,4977,459,1146,687,459,687,459,0,True,high,4,0,0,0,False,False,0,0,P1-C1,27,Joe the Condor,323,Air Shuriken A,0,100,0x00000009,0x00000040,
2026-07-25T22:00:06Z,1438,P2-C1,P2,0x927EB9E0,17,Viewtiful Joe,True,True,normal_damage_red_generation,46000,46000,33562,32358,-1204,38539,37817,-722,4977,5459,482,1204,722,482,722,482,0,True,high,4,0,0,0,False,False,0,0,P1-C1,27,Joe the Condor,321,Air Savage Shot B,0,1000,0x0000000C,0x00000102,
2026-07-25T22:00:06Z,1439,P2-C1,P2,0x927EB9E0,17,Viewtiful Joe,True,True,normal_damage_red_generation,46000,46000,32358,30452,-1906,37817,36674,-1143,5459,6222,763,1906,1143,763,1143,763,0,True,high,4,0,0,0,False,False,0,0,P1-C1,27,Joe the Condor,321,Air Savage Shot B,0,1000,0x0000000C,0x00000102,
2026-07-25T22:00:08Z,1443,P2-C1,P2,0x927EB9E0,17,Viewtiful Joe,True,True,recoverable_heal,46000,46000,30452,33452,3000,36674,36674,0,6222,3222,-3000,0,0,0,,,,,none,4,500,0,1,False,False,0,0,P1-C1,27,Joe the Condor,30,landing,0,1500,0x0000010C,0x00000082,
2026-07-25T22:00:08Z,1444,P2-C1,P2,0x927EB9E0,17,Viewtiful Joe,True,True,mixed_heal,46000,46000,33452,39452,6000,36674,39452,2778,3222,0,-3222,0,0,0,,,,,none,4,500,0,1,False,False,0,0,P1-C1,27,Joe the Condor,30,landing,0,1500,0x0000010C,0x00000082,
2026-07-25T22:00:08Z,1445,P2-C1,P2,0x927EB9E0,17,Viewtiful Joe,True,True,current_and_ceiling_heal,46000,46000,39452,45452,6000,39452,45452,6000,0,0,0,0,0,0,,,,,none,4,0,0,0,False,False,0,0,P1-C1,27,Joe the Condor,30,landing,0,1500,0x0000010C,0x00000082,
2026-07-25T22:00:09Z,1446,P2-C1,P2,0x927EB9E0,17,Viewtiful Joe,True,True,current_and_ceiling_heal,46000,46000,45452,45532,80,45452,45532,80,0,0,0,0,0,0,,,,,none,4,0,0,0,False,False,0,0,P1-C1,27,Joe the Condor,30,landing,0,1500,0x0000010C,0x00000082,
2026-07-25T22:00:09Z,1447,P2-C1,P2,0x927EB9E0,17,Viewtiful Joe,True,True,normal_damage_red_generation,46000,46000,45532,43496,-2036,45532,44311,-1221,0,815,815,2036,1221,815,1221,815,0,True,medium,4,0,0,0,False,False,0,0,P1-C1,27,Joe the Condor,30,landing,0,1500,0x0000010C,0x00000082,
2026-07-25T22:00:09Z,1448,P2-C1,P2,0x927EB9E0,17,Viewtiful Joe,True,True,normal_damage_red_generation,46000,46000,43496,42901,-595,44311,43954,-357,815,1053,238,595,357,238,357,238,0,True,medium,4,0,0,0,False,False,0,0,P1-C1,27,Joe the Condor,30,landing,0,1500,0x0000010C,0x00000082,
2026-07-25T22:00:10Z,1449,P2-C1,P2,0x927EB9E0,17,Viewtiful Joe,True,True,normal_damage_red_generation,46000,46000,42901,40902,-1999,43954,42755,-1199,1053,1853,800,1999,1199,800,1199,800,0,True,medium,4,0,0,0,False,False,0,0,P1-C1,27,Joe the Condor,30,landing,0,1500,0x0000010C,0x00000082,
2026-07-25T22:00:10Z,1450,P2-C1,P2,0x927EB9E0,17,Viewtiful Joe,True,True,normal_damage_red_generation,46000,46000,40902,38788,-2114,42755,41487,-1268,1853,2699,846,2114,1268,846,1268,846,0,True,medium,4,0,0,0,False,False,0,0,P1-C1,27,Joe the Condor,30,landing,0,1500,0x0000010C,0x00000082,
2026-07-25T22:00:11Z,1451,P2-C1,P2,0x927EB9E0,17,Viewtiful Joe,True,True,normal_damage_red_generation,46000,46000,38788,37608,-1180,41487,40779,-708,2699,3171,472,1180,708,472,708,472,0,True,medium,4,0,0,0,False,False,0,0,P1-C1,27,Joe the Condor,30,landing,0,1500,0x0000010C,0x00000082,
2026-07-25T22:00:11Z,1452,P2-C1,P2,0x927EB9E0,17,Viewtiful Joe,True,True,normal_damage_red_generation,46000,46000,37608,36459,-1149,40779,40090,-689,3171,3631,460,1149,689,460,689,460,0,True,medium,4,0,0,0,False,False,0,0,,,,,,,,,,
2026-07-25T22:00:11Z,1453,P2-C1,P2,0x927EB9E0,17,Viewtiful Joe,True,True,normal_damage_red_generation,46000,46000,36459,35240,-1219,40090,39359,-731,3631,4119,488,1219,731,488,731,488,0,True,high,4,0,0,0,False,False,0,0,P1-C1,27,Joe the Condor,323,Air Shuriken A,0,100,0x00000009,0x00000040,
2026-07-25T22:00:12Z,1454,P2-C1,P2,0x927EB9E0,17,Viewtiful Joe,True,True,normal_damage_red_generation,46000,46000,35240,34245,-995,39359,38762,-597,4119,4517,398,995,597,398,597,398,0,True,high,4,0,0,0,False,False,0,0,P1-C1,27,Joe the Condor,18,Jump Cancel,0,100,0x00000009,0x00000040,
2026-07-25T22:00:12Z,1455,P2-C1,P2,0x927EB9E0,17,Viewtiful Joe,True,True,normal_damage_red_generation,46000,46000,34245,33304,-941,38762,38198,-564,4517,4894,377,941,564,377,564,377,0,True,medium,4,0,0,0,False,False,0,0,P1-C1,27,Joe the Condor,18,Jump Cancel,0,100,0x00000009,0x00000040,
2026-07-25T22:00:13Z,1456,P2-C1,P2,0x927EB9E0,17,Viewtiful Joe,True,True,normal_damage_red_generation,46000,46000,33304,32333,-971,38198,37616,-582,4894,5283,389,971,582,389,582,389,0,True,high,4,0,0,0,False,False,0,0,P1-C1,27,Joe the Condor,323,Air Shuriken A,0,100,0x00000009,0x00000040,
2026-07-25T22:00:13Z,1457,P2-C1,P2,0x927EB9E0,17,Viewtiful Joe,True,True,normal_damage_red_generation,46000,46000,32333,31782,-551,37616,37286,-330,5283,5504,221,551,330,221,330,221,0,True,high,4,0,0,0,False,False,0,0,P1-C1,27,Joe the Condor,321,Air Savage Shot B,0,1000,0x0000000C,0x00000102,
2026-07-25T22:00:13Z,1458,P2-C1,P2,0x927EB9E0,17,Viewtiful Joe,True,True,normal_damage_red_generation,46000,46000,31782,31294,-488,37286,36994,-292,5504,5700,196,488,292,196,292,196,0,True,high,4,0,0,0,False,False,0,0,P1-C1,27,Joe the Condor,321,Air Savage Shot B,0,1000,0x0000000C,0x00000102,
2026-07-25T22:00:15Z,1461,P2-C1,P2,0x927EB9E0,17,Viewtiful Joe,True,True,recoverable_heal,46000,46000,31294,35794,4500,36994,36994,0,5700,1200,-4500,0,0,0,,,,,none,4,500,0,1,False,False,0,0,P1-C1,27,Joe the Condor,20,jump,0,1500,0x0000010C,0x00000082,
2026-07-25T22:00:15Z,1462,P2-C1,P2,0x927EB9E0,17,Viewtiful Joe,True,True,full_health_reset,46000,46000,35794,46000,10206,36994,46000,9006,1200,0,-1200,0,0,0,,,,,none,4,0,0,0,False,False,0,0,P1-C1,27,Joe the Condor,20,jump,0,1500,0x0000010C,0x00000082,
2026-07-25T22:00:16Z,1463,P2-C1,P2,0x927EB9E0,17,Viewtiful Joe,True,True,normal_damage_red_generation,46000,46000,46000,45080,-920,46000,45448,-552,0,368,368,920,552,368,552,368,0,True,medium,4,0,0,0,False,False,0,0,P1-C1,27,Joe the Condor,20,jump,0,1500,0x0000010C,0x00000082,
2026-07-25T22:00:16Z,1464,P2-C1,P2,0x927EB9E0,17,Viewtiful Joe,True,True,normal_damage_red_generation,46000,46000,45080,43044,-2036,45448,44227,-1221,368,1183,815,2036,1221,815,1221,815,0,True,medium,4,0,0,0,False,False,0,0,P1-C1,27,Joe the Condor,20,jump,0,1500,0x0000010C,0x00000082,
2026-07-25T22:00:17Z,1465,P2-C1,P2,0x927EB9E0,17,Viewtiful Joe,True,True,normal_damage_red_generation,46000,46000,43044,40919,-2125,44227,42952,-1275,1183,2033,850,2125,1275,850,1275,850,0,True,medium,4,0,0,0,False,False,0,0,P1-C1,27,Joe the Condor,20,jump,0,1500,0x0000010C,0x00000082,
2026-07-25T22:00:17Z,1466,P2-C1,P2,0x927EB9E0,17,Viewtiful Joe,True,True,normal_damage_red_generation,46000,46000,40919,38664,-2255,42952,41599,-1353,2033,2935,902,2255,1353,902,1353,902,0,True,medium,4,0,0,0,False,False,0,0,P1-C1,27,Joe the Condor,20,jump,0,1500,0x0000010C,0x00000082,
2026-07-25T22:00:17Z,1467,P2-C1,P2,0x927EB9E0,17,Viewtiful Joe,True,True,normal_damage_red_generation,46000,46000,38664,37461,-1203,41599,40878,-721,2935,3417,482,1203,721,482,721,482,0,True,medium,4,0,0,0,False,False,0,0,P1-C1,27,Joe the Condor,20,jump,0,1500,0x0000010C,0x00000082,
2026-07-25T22:00:18Z,1468,P2-C1,P2,0x927EB9E0,17,Viewtiful Joe,True,True,normal_damage_red_generation,46000,46000,37461,36251,-1210,40878,40152,-726,3417,3901,484,1210,726,484,726,484,0,True,medium,4,0,0,0,False,False,0,0,P1-C1,27,Joe the Condor,20,jump,0,1500,0x0000010C,0x00000082,
2026-07-25T22:00:18Z,1469,P2-C1,P2,0x927EB9E0,17,Viewtiful Joe,True,True,normal_damage_red_generation,46000,46000,36251,34959,-1292,40152,39377,-775,3901,4418,517,1292,775,517,775,517,0,True,high,4,0,0,0,False,False,0,0,P1-C1,27,Joe the Condor,323,Air Shuriken A,0,100,0x00000009,0x00000040,
2026-07-25T22:00:19Z,1470,P2-C1,P2,0x927EB9E0,17,Viewtiful Joe,True,True,normal_damage_red_generation,46000,46000,34959,33892,-1067,39377,38737,-640,4418,4845,427,1067,640,427,640,427,0,True,high,4,0,0,0,False,False,0,0,P1-C1,27,Joe the Condor,266,j.B,0,100,0x00000009,0x00000040,
2026-07-25T22:00:19Z,1471,P2-C1,P2,0x927EB9E0,17,Viewtiful Joe,True,True,normal_damage_red_generation,46000,46000,33892,32882,-1010,38737,38131,-606,4845,5249,404,1010,606,404,606,404,0,True,medium,4,0,0,0,False,False,0,0,P1-C1,27,Joe the Condor,266,j.B,0,100,0x00000009,0x00000040,
2026-07-25T22:00:19Z,1472,P2-C1,P2,0x927EB9E0,17,Viewtiful Joe,True,True,normal_damage_red_generation,46000,46000,32882,31829,-1053,38131,37500,-631,5249,5671,422,1053,631,422,631,422,0,True,high,4,0,0,0,False,False,0,0,P1-C1,27,Joe the Condor,323,Air Shuriken A,0,100,0x00000009,0x00000040,
2026-07-25T22:00:20Z,1474,P2-C1,P2,0x927EB9E0,17,Viewtiful Joe,True,True,normal_damage_red_generation,46000,46000,31829,30681,-1148,37500,36812,-688,5671,6131,460,1148,688,460,688,460,0,True,high,4,0,0,0,False,False,0,0,P1-C1,27,Joe the Condor,321,Air Savage Shot B,0,1000,0x0000000C,0x00000102,
2026-07-25T22:00:22Z,1476,P2-C1,P2,0x927EB9E0,17,Viewtiful Joe,True,True,mixed_heal,46000,46000,30681,39181,8500,36812,39181,2369,6131,0,-6131,0,0,0,,,,,none,4,500,0,1,False,False,0,0,P1-C1,27,Joe the Condor,20,jump,0,100,0x00000009,0x00000040,
2026-07-25T22:00:23Z,1477,P2-C1,P2,0x927EB9E0,17,Viewtiful Joe,True,True,full_health_reset,46000,46000,39181,46000,6819,39181,46000,6819,0,0,0,0,0,0,,,,,none,4,0,0,0,False,False,0,0,P1-C1,27,Joe the Condor,20,jump,0,100,0x00000009,0x00000040,
2026-07-25T22:12:51Z,180,P2-C1,P2,0x927EB9E0,17,Viewtiful Joe,True,True,normal_damage_red_generation,46000,46000,46000,45080,-920,46000,45448,-552,0,368,368,920,552,368,552,368,0,True,medium,4,0,0,0,False,False,0,0,,,,,,,,,,
2026-07-25T22:12:51Z,182,P2-C1,P2,0x927EB9E0,17,Viewtiful Joe,True,True,normal_damage_red_generation,46000,46000,45080,43674,-1406,45448,44605,-843,368,931,563,1406,843,563,843,563,0,True,medium,4,0,0,0,False,False,0,0,,,,,,,,,,
2026-07-25T22:12:52Z,183,P2-C1,P2,0x927EB9E0,17,Viewtiful Joe,True,True,normal_damage_red_generation,46000,46000,43674,43044,-630,44605,44227,-378,931,1183,252,630,378,252,378,252,0,True,medium,4,0,0,0,False,False,0,0,,,,,,,,,,
2026-07-25T22:12:52Z,185,P2-C1,P2,0x927EB9E0,17,Viewtiful Joe,True,True,normal_damage_red_generation,46000,46000,43044,40919,-2125,44227,42952,-1275,1183,2033,850,2125,1275,850,1275,850,0,True,medium,4,0,0,0,False,False,0,0,,,,,,,,,,
2026-07-25T22:12:53Z,187,P2-C1,P2,0x927EB9E0,17,Viewtiful Joe,True,True,normal_damage_red_generation,46000,46000,40919,38664,-2255,42952,41599,-1353,2033,2935,902,2255,1353,902,1353,902,0,True,medium,4,0,0,0,False,False,0,0,,,,,,,,,,
2026-07-25T22:12:55Z,191,P2-C1,P2,0x927EB9E0,17,Viewtiful Joe,True,True,recoverable_heal,46000,46000,38664,40664,2000,41599,41599,0,2935,935,-2000,0,0,0,,,,,none,4,500,0,1,False,False,0,0,,,,,,,,,,
2026-07-25T22:12:55Z,192,P2-C1,P2,0x927EB9E0,17,Viewtiful Joe,True,True,full_health_reset,46000,46000,40664,46000,5336,41599,46000,4401,935,0,-935,0,0,0,,,,,none,4,0,0,0,False,False,0,0,,,,,,,,,,
2026-07-25T22:13:00Z,224,P2-C1,P2,0x927EB9E0,17,Viewtiful Joe,True,True,normal_damage_red_generation,46000,46000,46000,45080,-920,46000,45448,-552,0,368,368,920,552,368,552,368,0,True,medium,4,0,0,0,False,False,0,0,,,,,,,,,,
2026-07-25T22:13:01Z,225,P2-C1,P2,0x927EB9E0,17,Viewtiful Joe,True,True,normal_damage_red_generation,46000,46000,45080,43674,-1406,45448,44605,-843,368,931,563,1406,843,563,843,563,0,True,medium,4,0,0,0,False,False,0,0,,,,,,,,,,
2026-07-25T22:13:01Z,226,P2-C1,P2,0x927EB9E0,17,Viewtiful Joe,True,True,normal_damage_red_generation,46000,46000,43674,43044,-630,44605,44227,-378,931,1183,252,630,378,252,378,252,0,True,medium,4,0,0,0,False,False,0,0,,,,,,,,,,
2026-07-25T22:13:01Z,227,P2-C1,P2,0x927EB9E0,17,Viewtiful Joe,True,True,normal_damage_red_generation,46000,46000,43044,40919,-2125,44227,42952,-1275,1183,2033,850,2125,1275,850,1275,850,0,True,medium,4,0,0,0,False,False,0,0,,,,,,,,,,
2026-07-25T22:13:02Z,228,P2-C1,P2,0x927EB9E0,17,Viewtiful Joe,True,True,ten_percent_current_only_cost,46000,46000,40919,36319,-4600,42952,42952,0,2033,6633,4600,4600,0,4600,,4600,0,True,high,4,0,0,0,False,False,0,0,,,,,,,,,,
2026-07-25T22:13:03Z,231,P2-C1,P2,0x927EB9E0,17,Viewtiful Joe,True,True,normal_damage_red_generation,46000,46000,36319,33920,-2399,42952,41513,-1439,6633,7593,960,2399,1439,960,1439,960,0,True,medium,4,0,0,0,False,False,0,0,P1-C1,27,Joe the Condor,313,Cactus Bunker A,0,3000,0x0000030C,0x0000011A,
2026-07-25T22:13:04Z,236,P2-C1,P2,0x927EB9E0,17,Viewtiful Joe,True,True,normal_damage_red_generation,46000,46000,33920,31594,-2326,41513,40118,-1395,7593,8524,931,2326,1395,931,1395,931,0,True,medium,4,0,0,0,False,False,0,0,P1-C1,27,Joe the Condor,313,Cactus Bunker A,0,3000,0x0000030C,0x0000011A,
2026-07-25T22:13:05Z,237,P2-C1,P2,0x927EB9E0,17,Viewtiful Joe,True,True,normal_damage_red_generation,46000,46000,31594,30964,-630,40118,39740,-378,8524,8776,252,630,378,252,378,252,0,True,medium,4,0,0,0,False,False,0,0,P1-C1,27,Joe the Condor,313,Cactus Bunker A,0,3000,0x0000030C,0x0000011A,
2026-07-25T22:13:05Z,238,P2-C1,P2,0x927EB9E0,17,Viewtiful Joe,True,True,normal_damage_red_generation,46000,46000,30964,28839,-2125,39740,38465,-1275,8776,9626,850,2125,1275,850,1275,850,0,True,medium,4,0,0,0,False,False,0,0,,,,,,,,,,
2026-07-25T22:13:07Z,244,P2-C1,P2,0x927EB9E0,17,Viewtiful Joe,True,True,recoverable_heal,46000,46000,28839,32339,3500,38465,38465,0,9626,6126,-3500,0,0,0,,,,,none,4,500,0,1,False,False,0,0,,,,,,,,,,
2026-07-25T22:13:07Z,245,P2-C1,P2,0x927EB9E0,17,Viewtiful Joe,True,True,unknown_health_transition,46000,46000,32339,36919,4580,38465,37913,-552,6126,994,-5132,0,552,0,,,,,none,4,0,0,0,False,False,0,0,,,,,,,,,,
2026-07-25T22:13:08Z,248,P2-C1,P2,0x927EB9E0,17,Viewtiful Joe,True,True,normal_damage_red_generation,46000,46000,36919,35999,-920,37913,37361,-552,994,1362,368,920,552,368,552,368,0,True,medium,4,0,0,0,False,False,0,0,,,,,,,,,,
2026-07-25T22:13:08Z,249,P2-C1,P2,0x927EB9E0,17,Viewtiful Joe,True,True,normal_damage_red_generation,46000,46000,35999,34593,-1406,37361,36518,-843,1362,1925,563,1406,843,563,843,563,0,True,medium,4,0,0,0,False,False,0,0,,,,,,,,,,
2026-07-25T22:13:08Z,250,P2-C1,P2,0x927EB9E0,17,Viewtiful Joe,True,True,normal_damage_red_generation,46000,46000,34593,33963,-630,36518,36140,-378,1925,2177,252,630,378,252,378,252,0,True,medium,4,0,0,0,False,False,0,0,,,,,,,,,,
2026-07-25T22:13:09Z,251,P2-C1,P2,0x927EB9E0,17,Viewtiful Joe,True,True,normal_damage_red_generation,46000,46000,33963,31838,-2125,36140,34865,-1275,2177,3027,850,2125,1275,850,1275,850,0,True,medium,4,0,0,0,False,False,0,0,,,,,,,,,,
2026-07-25T22:13:09Z,252,P2-C1,P2,0x927EB9E0,17,Viewtiful Joe,True,True,ten_percent_current_only_cost,46000,46000,31838,27238,-4600,34865,34865,0,3027,7627,4600,4600,0,4600,,4600,0,True,high,4,0,0,0,False,False,0,0,,,,,,,,,,
2026-07-25T22:13:10Z,255,P2-C1,P2,0x927EB9E0,17,Viewtiful Joe,True,True,normal_damage_red_generation,46000,46000,27238,24839,-2399,34865,33426,-1439,7627,8587,960,2399,1439,960,1439,960,0,True,medium,4,0,0,0,False,False,0,0,P1-C1,27,Joe the Condor,313,Cactus Bunker A,0,100,0x00000009,0x00000040,
2026-07-25T22:13:12Z,260,P2-C1,P2,0x927EB9E0,17,Viewtiful Joe,True,True,normal_damage_red_generation,46000,46000,24839,23919,-920,33426,32874,-552,8587,8955,368,920,552,368,552,368,0,True,medium,4,0,0,0,False,False,0,0,P1-C1,27,Joe the Condor,313,Cactus Bunker A,0,100,0x00000009,0x00000040,
2026-07-25T22:13:12Z,261,P2-C1,P2,0x927EB9E0,17,Viewtiful Joe,True,True,normal_damage_red_generation,46000,46000,23919,22513,-1406,32874,32031,-843,8955,9518,563,1406,843,563,843,563,0,True,medium,4,0,0,0,False,False,0,0,P1-C1,27,Joe the Condor,313,Cactus Bunker A,0,100,0x00000009,0x00000040,
2026-07-25T22:13:12Z,262,P2-C1,P2,0x927EB9E0,17,Viewtiful Joe,True,True,normal_damage_red_generation,46000,46000,22513,21883,-630,32031,31653,-378,9518,9770,252,630,378,252,378,252,0,True,medium,4,0,0,0,False,False,0,0,P1-C1,27,Joe the Condor,313,Cactus Bunker A,0,100,0x00000009,0x00000040,
2026-07-25T22:13:13Z,263,P2-C1,P2,0x927EB9E0,17,Viewtiful Joe,True,True,normal_damage_red_generation,46000,46000,21883,19758,-2125,31653,30378,-1275,9770,10620,850,2125,1275,850,1275,850,0,True,medium,4,0,0,0,False,False,0,0,,,,,,,,,,
2026-07-25T22:13:14Z,268,P2-C1,P2,0x927EB9E0,17,Viewtiful Joe,True,True,normal_damage_red_generation,46000,46000,19758,17432,-2326,30378,28983,-1395,10620,11551,931,2326,1395,931,1395,931,0,True,medium,4,0,0,0,False,False,0,0,,,,,,,,,,
2026-07-25T22:13:14Z,269,P2-C1,P2,0x927EB9E0,17,Viewtiful Joe,True,True,normal_damage_red_generation,46000,46000,17432,16802,-630,28983,28605,-378,11551,11803,252,630,378,252,378,252,0,True,medium,4,0,0,0,False,False,0,0,,,,,,,,,,
2026-07-25T22:13:15Z,270,P2-C1,P2,0x927EB9E0,17,Viewtiful Joe,True,True,normal_damage_red_generation,46000,46000,16802,14677,-2125,28605,27330,-1275,11803,12653,850,2125,1275,850,1275,850,0,True,medium,4,0,0,0,False,False,0,0,,,,,,,,,,
2026-07-25T22:13:15Z,271,P2-C1,P2,0x927EB9E0,17,Viewtiful Joe,True,True,ten_percent_current_only_cost,46000,46000,14677,10077,-4600,27330,27330,0,12653,17253,4600,4600,0,4600,,4600,0,True,high,4,0,0,0,False,False,0,0,,,,,,,,,,
2026-07-25T22:13:16Z,273,P2-C1,P2,0x927EB9E0,17,Viewtiful Joe,True,True,normal_damage_red_generation,46000,46000,10077,8158,-1919,27330,26179,-1151,17253,18021,768,1919,1151,768,1151,768,0,True,medium,4,0,0,0,False,False,0,0,P1-C1,27,Joe the Condor,313,Cactus Bunker A,0,3000,0x0000030C,0x0000011A,
2026-07-25T22:13:19Z,283,P2-C1,P2,0x927EB9E0,17,Viewtiful Joe,True,True,unknown_health_transition,46000,46000,8158,9422,1264,26179,25738,-441,18021,16316,-1705,0,441,0,,,,,none,4,0,0,0,False,False,0,0,P1-C1,27,Joe the Condor,316,Wild Lasso A,0,1300,0x00304009,0x00180086,
2026-07-25T22:13:19Z,284,P2-C1,P2,0x927EB9E0,17,Viewtiful Joe,True,True,normal_damage_red_generation,46000,46000,9422,8298,-1124,25738,25064,-674,16316,16766,450,1124,674,450,674,450,0,True,medium,4,0,0,0,False,False,0,0,P1-C1,27,Joe the Condor,316,Wild Lasso A,0,1300,0x00304009,0x00180086,
2026-07-25T22:13:19Z,285,P2-C1,P2,0x927EB9E0,17,Viewtiful Joe,True,True,normal_damage_red_generation,46000,46000,8298,7794,-504,25064,24762,-302,16766,16968,202,504,302,202,302,202,0,True,medium,4,0,0,0,False,False,0,0,,,,,,,,,,
2026-07-25T22:13:20Z,286,P2-C1,P2,0x927EB9E0,17,Viewtiful Joe,True,True,normal_damage_red_generation,46000,46000,7794,6094,-1700,24762,23742,-1020,16968,17648,680,1700,1020,680,1020,680,0,True,medium,4,0,0,0,False,False,0,0,,,,,,,,,,
2026-07-25T22:13:20Z,287,P2-C1,P2,0x927EB9E0,17,Viewtiful Joe,True,True,ten_percent_current_only_cost,46000,46000,6094,1494,-4600,23742,23742,0,17648,22248,4600,4600,0,4600,,4600,0,True,high,4,0,0,0,False,False,0,0,P1-C1,27,Joe the Condor,313,Cactus Bunker A,0,3000,0x0000030C,0x0000011A,
2026-07-25T22:13:21Z,289,P2-C1,P2,0x927EB9E0,17,Viewtiful Joe,True,True,normal_damage_red_generation,46000,46000,1494,1,-1493,23742,22735,-1007,22248,22734,486,1493,1007,486,895,598,-112,False,medium,4,0,0,0,False,False,0,0,P1-C1,27,Joe the Condor,313,Cactus Bunker A,0,3000,0x0000030C,0x0000011A,difference can indicate multiple native damage requests between GUI samples
2026-07-25T22:13:22Z,292,P2-C1,P2,0x927EB9E0,17,Viewtiful Joe,True,True,ceiling_loss,46000,46000,1,1,0,22735,22531,-204,22734,22530,-204,0,204,0,,,,,none,4,0,0,0,False,False,0,0,P1-C1,27,Joe the Condor,313,Cactus Bunker A,0,3000,0x0000030C,0x0000011A,
2026-07-25T22:13:22Z,293,P2-C1,P2,0x927EB9E0,17,Viewtiful Joe,True,True,ceiling_loss,46000,46000,1,1,0,22531,22486,-45,22530,22485,-45,0,45,0,,,,,none,4,0,0,0,False,False,0,0,P1-C1,27,Joe the Condor,313,Cactus Bunker A,0,3000,0x0000030C,0x0000011A,
2026-07-25T22:13:23Z,294,P2-C1,P2,0x927EB9E0,17,Viewtiful Joe,True,True,ceiling_loss,46000,46000,1,1,0,22486,22226,-260,22485,22225,-260,0,260,0,,,,,none,4,0,0,0,False,False,0,0,P1-C1,27,Joe the Condor,514,Wild Lasso,0,100,0x00000009,0x00000040,
2026-07-25T22:13:23Z,295,P2-C1,P2,0x927EB9E0,17,Viewtiful Joe,True,True,ceiling_loss,46000,46000,1,1,0,22226,22112,-114,22225,22111,-114,0,114,0,,,,,none,4,0,0,0,False,False,0,0,P1-C1,27,Joe the Condor,514,Wild Lasso,0,100,0x00000009,0x00000040,
2026-07-25T22:13:25Z,299,P2-C1,P2,0x927EB9E0,17,Viewtiful Joe,True,True,recoverable_heal,46000,46000,1,3001,3000,22112,22112,0,22111,19111,-3000,0,0,0,,,,,none,4,500,0,1,False,False,0,0,P1-C1,27,Joe the Condor,514,Wild Lasso,0,100,0x00000009,0x00000040,
2026-07-25T22:13:25Z,300,P2-C1,P2,0x927EB9E0,17,Viewtiful Joe,True,True,recoverable_heal,46000,46000,3001,12001,9000,22112,22112,0,19111,10111,-9000,0,0,0,,,,,none,4,500,0,1,False,False,0,0,P1-C1,27,Joe the Condor,514,Wild Lasso,0,100,0x00000009,0x00000040,
2026-07-25T22:13:25Z,301,P2-C1,P2,0x927EB9E0,17,Viewtiful Joe,True,True,recoverable_heal,46000,46000,12001,19001,7000,22112,22112,0,10111,3111,-7000,0,0,0,,,,,none,4,500,0,1,False,False,0,0,P1-C1,27,Joe the Condor,514,Wild Lasso,0,100,0x00000009,0x00000040,
2026-07-25T22:13:25Z,302,P2-C1,P2,0x927EB9E0,17,Viewtiful Joe,True,True,mixed_heal,46000,46000,19001,24501,5500,22112,24501,2389,3111,0,-3111,0,0,0,,,,,none,4,500,0,1,False,False,0,0,P1-C1,27,Joe the Condor,514,Wild Lasso,0,100,0x00000009,0x00000040,
2026-07-25T22:13:25Z,303,P2-C1,P2,0x927EB9E0,17,Viewtiful Joe,True,True,current_and_ceiling_heal,46000,46000,24501,29501,5000,24501,29501,5000,0,0,0,0,0,0,,,,,none,4,500,0,1,False,False,0,0,P1-C1,27,Joe the Condor,514,Wild Lasso,0,100,0x00000009,0x00000040,
2026-07-25T22:13:26Z,304,P2-C1,P2,0x927EB9E0,17,Viewtiful Joe,True,True,current_and_ceiling_heal,46000,46000,29501,33501,4000,29501,33501,4000,0,0,0,0,0,0,,,,,none,4,500,0,1,False,False,0,0,,,,,,,,,,
2026-07-25T22:13:26Z,305,P2-C1,P2,0x927EB9E0,17,Viewtiful Joe,True,True,current_and_ceiling_heal,46000,46000,33501,38501,5000,33501,38501,5000,0,0,0,0,0,0,,,,,none,4,500,0,1,False,False,0,0,,,,,,,,,,
2026-07-25T22:13:26Z,306,P2-C1,P2,0x927EB9E0,17,Viewtiful Joe,True,True,current_and_ceiling_heal,46000,46000,38501,45001,6500,38501,45001,6500,0,0,0,0,0,0,,,,,none,4,0,0,0,False,False,0,0,,,,,,,,,,
2026-07-25T22:13:26Z,307,P2-C1,P2,0x927EB9E0,17,Viewtiful Joe,True,True,full_health_reset,46000,46000,45001,46000,999,45001,46000,999,0,0,0,0,0,0,,,,,none,4,0,0,0,False,False,0,0,,,,,,,,,,
2026-07-25T22:14:49Z,84,P2-C1,P2,0x927EB9E0,17,Viewtiful Joe,True,True,normal_damage_red_generation,46000,46000,46000,45080,-920,46000,45448,-552,0,368,368,920,552,368,552,368,0,True,medium,4,0,0,0,False,False,0,0,,,,,,,,,,
2026-07-25T22:14:49Z,86,P2-C1,P2,0x927EB9E0,17,Viewtiful Joe,True,True,normal_damage_red_generation,46000,46000,45080,43674,-1406,45448,44605,-843,368,931,563,1406,843,563,843,563,0,True,medium,4,0,0,0,False,False,0,0,,,,,,,,,,
2026-07-25T22:14:49Z,87,P2-C1,P2,0x927EB9E0,17,Viewtiful Joe,True,True,normal_damage_red_generation,46000,46000,43674,43044,-630,44605,44227,-378,931,1183,252,630,378,252,378,252,0,True,medium,4,0,0,0,False,False,0,0,,,,,,,,,,
2026-07-25T22:14:50Z,89,P2-C1,P2,0x927EB9E0,17,Viewtiful Joe,True,True,normal_damage_red_generation,46000,46000,43044,40919,-2125,44227,42952,-1275,1183,2033,850,2125,1275,850,1275,850,0,True,medium,4,0,0,0,False,False,0,0,,,,,,,,,,
2026-07-25T22:14:50Z,90,P2-C1,P2,0x927EB9E0,17,Viewtiful Joe,True,True,normal_damage_red_generation,46000,46000,40919,38664,-2255,42952,41599,-1353,2033,2935,902,2255,1353,902,1353,902,0,True,medium,4,0,0,0,False,False,0,0,,,,,,,,,,
2026-07-25T22:14:51Z,91,P2-C1,P2,0x927EB9E0,17,Viewtiful Joe,True,True,normal_damage_red_generation,46000,46000,38664,37411,-1253,41599,40848,-751,2935,3437,502,1253,751,502,751,502,0,True,medium,4,0,0,0,False,False,0,0,,,,,,,,,,
2026-07-25T22:14:51Z,92,P2-C1,P2,0x927EB9E0,17,Viewtiful Joe,True,True,normal_damage_red_generation,46000,46000,37411,36178,-1233,40848,40109,-739,3437,3931,494,1233,739,494,739,494,0,True,medium,4,0,0,0,False,False,0,0,,,,,,,,,,
2026-07-25T22:14:51Z,93,P2-C1,P2,0x927EB9E0,17,Viewtiful Joe,True,True,normal_damage_red_generation,46000,46000,36178,34862,-1316,40109,39320,-789,3931,4458,527,1316,789,527,789,527,0,True,high,4,0,0,0,False,False,0,0,P1-C1,27,Joe the Condor,323,Air Shuriken A,0,100,0x00000009,0x00000040,
2026-07-25T22:14:52Z,95,P2-C1,P2,0x927EB9E0,17,Viewtiful Joe,True,True,normal_damage_red_generation,46000,46000,34862,33775,-1087,39320,38668,-652,4458,4893,435,1087,652,435,652,435,0,True,high,4,0,0,0,False,False,0,0,P1-C1,27,Joe the Condor,266,j.B,0,100,0x00000009,0x00000040,
2026-07-25T22:14:52Z,96,P2-C1,P2,0x927EB9E0,17,Viewtiful Joe,True,True,normal_damage_red_generation,46000,46000,33775,32743,-1032,38668,38049,-619,4893,5306,413,1032,619,413,619,413,0,True,medium,4,0,0,0,False,False,0,0,P1-C1,27,Joe the Condor,266,j.B,0,100,0x00000009,0x00000040,
2026-07-25T22:14:53Z,97,P2-C1,P2,0x927EB9E0,17,Viewtiful Joe,True,True,normal_damage_red_generation,46000,46000,32743,31668,-1075,38049,37404,-645,5306,5736,430,1075,645,430,645,430,0,True,high,4,0,0,0,False,False,0,0,P1-C1,27,Joe the Condor,323,Air Shuriken A,0,100,0x00000009,0x00000040,
2026-07-25T22:14:53Z,99,P2-C1,P2,0x927EB9E0,17,Viewtiful Joe,True,True,normal_damage_red_generation,46000,46000,31668,30496,-1172,37404,36702,-702,5736,6206,470,1172,702,470,703,469,1,False,high,4,0,0,0,False,False,0,0,P1-C1,27,Joe the Condor,321,Air Savage Shot B,0,1000,0x0000000C,0x00000102,difference can indicate multiple native damage requests between GUI samples
2026-07-25T22:14:55Z,104,P2-C1,P2,0x927EB9E0,17,Viewtiful Joe,True,True,recoverable_heal,46000,46000,30496,33496,3000,36702,36702,0,6206,3206,-3000,0,0,0,,,,,none,4,500,0,1,False,False,0,0,P1-C1,27,Joe the Condor,20,jump,0,1500,0x0000010C,0x00000082,
2026-07-25T22:14:55Z,105,P1-C1,P1,0x9246B9C0,27,Joe the Condor,True,False,reserve_recovery,44000,44000,39600,42600,3000,44000,44000,0,4400,1400,-3000,0,0,0,,,0,True,medium,4,0,0,0,False,False,0,0,,,,,,,,,,
2026-07-25T22:14:55Z,105,P1-C2,P1,0x92B6BA00,2,Casshan,False,True,ten_percent_current_only_cost,50000,50000,50000,45000,-5000,50000,50000,0,0,5000,5000,5000,0,5000,,5000,0,True,high,4,0,0,0,False,False,0,0,,,,,,,,,,
2026-07-25T22:14:55Z,105,P2-C1,P2,0x927EB9E0,17,Viewtiful Joe,True,True,full_health_reset,46000,46000,33496,46000,12504,36702,46000,9298,3206,0,-3206,0,0,0,,,,,none,4,0,0,0,False,False,0,0,P1-C1,27,Joe the Condor,20,jump,0,1500,0x0000010C,0x00000082,
2026-07-25T22:14:56Z,106,P1-C1,P1,0x9246B9C0,27,Joe the Condor,False,False,reserve_recovery,44000,44000,42600,44000,1400,44000,44000,0,1400,0,-1400,0,0,0,,,0,True,medium,4,0,0,0,False,False,0,0,,,,,,,,,,
2026-07-25T22:14:56Z,106,P2-C1,P2,0x927EB9E0,17,Viewtiful Joe,True,True,normal_damage_red_generation,46000,46000,46000,45200,-800,46000,45520,-480,0,320,320,800,480,320,480,320,0,True,medium,4,0,0,0,False,False,0,0,P1-C1,27,Joe the Condor,20,jump,0,1500,0x0000010C,0x00000082,
2026-07-25T22:14:58Z,120,P2-C1,P2,0x927EB9E0,17,Viewtiful Joe,True,True,normal_damage_red_generation,46000,46000,45200,43760,-1440,45520,44656,-864,320,896,576,1440,864,576,864,576,0,True,high,4,0,0,0,False,False,0,0,P1-C2,2,Casshan,352,Brutal Axe,0,1440,0x0000410C,0x00100123,
2026-07-25T22:14:59Z,121,P2-C1,P2,0x927EB9E0,17,Viewtiful Joe,True,True,normal_damage_red_generation,46000,46000,43760,41096,-2664,44656,43059,-1597,896,1963,1067,2664,1597,1067,1598,1066,1,False,high,4,0,0,0,False,False,0,0,P1-C2,2,Casshan,352,Brutal Axe,0,1440,0x0000410C,0x00100123,difference can indicate multiple native damage requests between GUI samples
2026-07-25T22:14:59Z,122,P2-C1,P2,0x927EB9E0,17,Viewtiful Joe,True,True,normal_damage_red_generation,46000,46000,41096,38721,-2375,43059,41635,-1424,1963,2914,951,2375,1424,951,1425,950,1,False,high,4,0,0,0,False,False,0,0,P1-C2,2,Casshan,352,Brutal Axe,0,1440,0x0000410C,0x00100123,difference can indicate multiple native damage requests between GUI samples
2026-07-25T22:14:59Z,123,P2-C1,P2,0x927EB9E0,17,Viewtiful Joe,True,True,normal_damage_red_generation,46000,46000,38721,36635,-2086,41635,40384,-1251,2914,3749,835,2086,1251,835,1251,835,0,True,high,4,-935,-561,0,False,False,0,0,P1-C2,2,Casshan,352,Brutal Axe,0,100,0x00000009,0x00000040,
2026-07-25T22:14:59Z,124,P2-C1,P2,0x927EB9E0,17,Viewtiful Joe,True,True,normal_damage_red_generation,46000,46000,36635,35700,-935,40384,39823,-561,3749,4123,374,935,561,374,561,374,0,True,medium,4,0,0,0,False,False,0,0,P1-C2,2,Casshan,352,Brutal Axe,0,100,0x00000009,0x00000040,
2026-07-25T22:15:01Z,134,P2-C1,P2,0x927EB9E0,17,Viewtiful Joe,True,True,normal_damage_red_generation,46000,46000,35700,34660,-1040,39823,39199,-624,4123,4539,416,1040,624,416,624,416,0,True,medium,4,0,0,0,False,False,0,0,,,,,,,,,,
2026-07-25T22:15:01Z,135,P2-C1,P2,0x927EB9E0,17,Viewtiful Joe,True,True,normal_damage_red_generation,46000,46000,34660,32836,-1824,39199,38105,-1094,4539,5269,730,1824,1094,730,1094,730,0,True,medium,4,0,0,0,False,False,0,0,,,,,,,,,,
2026-07-25T22:15:02Z,136,P2-C1,P2,0x927EB9E0,17,Viewtiful Joe,True,True,normal_damage_red_generation,46000,46000,32836,31108,-1728,38105,37069,-1036,5269,5961,692,1728,1036,692,1036,692,0,True,medium,4,0,0,0,False,False,0,0,,,,,,,,,,
2026-07-25T22:15:02Z,137,P2-C1,P2,0x927EB9E0,17,Viewtiful Joe,True,True,normal_damage_red_generation,46000,46000,31108,29273,-1835,37069,35968,-1101,5961,6695,734,1835,1101,734,1101,734,0,True,medium,4,0,0,0,False,False,0,0,,,,,,,,,,
2026-07-25T22:15:02Z,139,P2-C1,P2,0x927EB9E0,17,Viewtiful Joe,True,True,normal_damage_red_generation,46000,46000,29273,26074,-3199,35968,34049,-1919,6695,7975,1280,3199,1919,1280,1919,1280,0,True,medium,4,0,0,0,False,False,0,0,,,,,,,,,,
2026-07-25T22:15:03Z,142,P2-C1,P2,0x927EB9E0,17,Viewtiful Joe,True,True,normal_damage_red_generation,46000,46000,26074,24635,-1439,34049,33186,-863,7975,8551,576,1439,863,576,863,576,0,True,medium,4,0,0,0,False,False,0,0,,,,,,,,,,
2026-07-25T22:15:04Z,143,P2-C1,P2,0x927EB9E0,17,Viewtiful Joe,True,True,normal_damage_red_generation,46000,46000,24635,22848,-1787,33186,32114,-1072,8551,9266,715,1787,1072,715,1072,715,0,True,medium,4,0,0,0,False,False,0,0,,,,,,,,,,
2026-07-25T22:15:04Z,145,P1-C2,P1,0x92B6BA00,2,Casshan,True,True,baroque_consume,50000,50000,45000,45000,0,50000,45000,-5000,5000,0,-5000,0,5000,0,,-5000,0,True,high,4,0,0,0,False,True,0,5000,,,,,,,,,,
2026-07-25T22:15:04Z,145,P2-C1,P2,0x927EB9E0,17,Viewtiful Joe,True,True,normal_damage_red_generation,46000,46000,22848,20106,-2742,32114,30469,-1645,9266,10363,1097,2742,1645,1097,1645,1097,0,True,medium,4,0,0,0,False,False,0,0,,,,,,,,,,
2026-07-25T22:15:05Z,147,P2-C1,P2,0x927EB9E0,17,Viewtiful Joe,True,True,normal_damage_red_generation,46000,46000,20106,18993,-1113,30469,29802,-667,10363,10809,446,1113,667,446,667,446,0,True,medium,4,0,0,0,False,False,0,0,,,,,,,,,,
2026-07-25T22:15:05Z,148,P1-C2,P1,0x92B6BA00,2,Casshan,True,True,recoverable_ceiling_gain,50000,50000,45000,45000,0,45000,50000,5000,0,5000,5000,0,0,5000,,,,,none,4,0,0,0,True,False,5000,5000,,,,,,,,,,
2026-07-25T22:15:06Z,150,P2-C1,P2,0x927EB9E0,17,Viewtiful Joe,True,True,normal_damage_red_generation,46000,46000,18993,17953,-1040,29802,29178,-624,10809,11225,416,1040,624,416,624,416,0,True,medium,4,0,0,0,False,False,0,0,,,,,,,,,,
2026-07-25T22:15:06Z,151,P2-C1,P2,0x927EB9E0,17,Viewtiful Joe,True,True,normal_damage_red_generation,46000,46000,17953,16129,-1824,29178,28084,-1094,11225,11955,730,1824,1094,730,1094,730,0,True,medium,4,0,0,0,False,False,0,0,,,,,,,,,,
2026-07-25T22:15:07Z,152,P2-C1,P2,0x927EB9E0,17,Viewtiful Joe,True,True,normal_damage_red_generation,46000,46000,16129,14401,-1728,28084,27048,-1036,11955,12647,692,1728,1036,692,1036,692,0,True,medium,4,0,0,0,False,False,0,0,,,,,,,,,,
2026-07-25T22:15:07Z,153,P2-C1,P2,0x927EB9E0,17,Viewtiful Joe,True,True,normal_damage_red_generation,46000,46000,14401,12566,-1835,27048,25947,-1101,12647,13381,734,1835,1101,734,1101,734,0,True,medium,4,0,0,0,False,False,0,0,,,,,,,,,,
2026-07-25T22:15:08Z,154,P2-C1,P2,0x927EB9E0,17,Viewtiful Joe,True,True,normal_damage_red_generation,46000,46000,12566,9367,-3199,25947,24028,-1919,13381,14661,1280,3199,1919,1280,1919,1280,0,True,medium,4,0,0,0,False,False,0,0,,,,,,,,,,
2026-07-25T22:15:09Z,159,P2-C1,P2,0x927EB9E0,17,Viewtiful Joe,True,True,normal_damage_red_generation,46000,46000,9367,8216,-1151,24028,23338,-690,14661,15122,461,1151,690,461,690,461,0,True,medium,4,0,0,0,False,False,0,0,,,,,,,,,,
2026-07-25T22:15:09Z,160,P1-C2,P1,0x92B6BA00,2,Casshan,True,True,baroque_status_change,50000,50000,45000,45000,0,50000,50000,0,5000,5000,0,0,0,0,,,,,none,4,0,0,0,False,True,5000,5000,,,,,,,,,,
2026-07-25T22:15:09Z,160,P2-C1,P2,0x927EB9E0,17,Viewtiful Joe,True,True,normal_damage_red_generation,46000,46000,8216,6787,-1429,23338,22481,-857,15122,15694,572,1429,857,572,857,572,0,True,medium,4,0,0,0,False,False,0,0,,,,,,,,,,
2026-07-25T22:15:09Z,161,P1-C2,P1,0x92B6BA00,2,Casshan,True,True,baroque_consume,50000,50000,45000,45000,0,50000,45000,-5000,5000,0,-5000,0,5000,0,,-5000,0,True,high,4,0,0,0,True,True,5000,5000,,,,,,,,,,
2026-07-25T22:15:10Z,163,P2-C1,P2,0x927EB9E0,17,Viewtiful Joe,True,True,normal_damage_red_generation,46000,46000,6787,5833,-954,22481,21909,-572,15694,16076,382,954,572,382,572,382,0,True,medium,4,0,0,0,False,False,0,0,,,,,,,,,,
2026-07-25T22:15:10Z,164,P2-C1,P2,0x927EB9E0,17,Viewtiful Joe,True,True,normal_damage_red_generation,46000,46000,5833,5293,-540,21909,21585,-324,16076,16292,216,540,324,216,324,216,0,True,medium,4,0,0,0,False,False,0,0,,,,,,,,,,
2026-07-25T22:15:11Z,165,P2-C1,P2,0x927EB9E0,17,Viewtiful Joe,True,True,normal_damage_red_generation,46000,46000,5293,4475,-818,21585,21095,-490,16292,16620,328,818,490,328,490,328,0,True,medium,4,0,0,0,False,False,0,0,,,,,,,,,,
2026-07-25T22:15:11Z,166,P2-C1,P2,0x927EB9E0,17,Viewtiful Joe,True,True,normal_damage_red_generation,46000,46000,4475,3832,-643,21095,20710,-385,16620,16878,258,643,385,258,385,258,0,True,medium,4,0,0,0,False,False,0,0,,,,,,,,,,
2026-07-25T22:15:12Z,167,P2-C1,P2,0x927EB9E0,17,Viewtiful Joe,True,True,normal_damage_red_generation,46000,46000,3832,3274,-558,20710,20376,-334,16878,17102,224,558,334,224,334,224,0,True,medium,4,0,0,0,False,False,0,0,,,,,,,,,,
2026-07-25T22:15:12Z,169,P2-C1,P2,0x927EB9E0,17,Viewtiful Joe,True,True,normal_damage_red_generation,46000,46000,3274,2717,-557,20376,20042,-334,17102,17325,223,557,334,223,334,223,0,True,medium,4,0,0,0,False,False,0,0,,,,,,,,,,
2026-07-25T22:15:13Z,170,P2-C1,P2,0x927EB9E0,17,Viewtiful Joe,True,True,normal_damage_red_generation,46000,46000,2717,2007,-710,20042,19616,-426,17325,17609,284,710,426,284,426,284,0,True,medium,4,0,0,0,False,False,0,0,,,,,,,,,,
2026-07-25T22:15:13Z,172,P2-C1,P2,0x927EB9E0,17,Viewtiful Joe,True,True,normal_damage_red_generation,46000,46000,2007,917,-1090,19616,18963,-653,17609,18046,437,1090,653,437,654,436,1,False,medium,4,0,0,0,False,False,0,0,,,,,,,,,,difference can indicate multiple native damage requests between GUI samples
2026-07-25T22:15:14Z,173,P2-C1,P2,0x927EB9E0,17,Viewtiful Joe,True,True,normal_damage_red_generation,46000,46000,917,1,-916,18963,18328,-635,18046,18327,281,916,635,281,549,367,-86,False,medium,4,0,0,0,False,False,0,0,,,,,,,,,,difference can indicate multiple native damage requests between GUI samples
2026-07-25T22:15:16Z,189,P2-C1,P2,0x927EB9E0,17,Viewtiful Joe,True,True,ceiling_loss,46000,46000,1,1,0,18328,18117,-211,18327,18116,-211,0,211,0,,,,,none,4,0,0,0,False,False,0,0,P1-C2,2,Casshan,352,Brutal Axe,0,1440,0x0000410C,0x00100123,
2026-07-25T22:15:17Z,190,P2-C1,P2,0x927EB9E0,17,Viewtiful Joe,True,True,ceiling_loss,46000,46000,1,1,0,18117,17906,-211,18116,17905,-211,0,211,0,,,,,none,4,0,0,0,False,False,0,0,P1-C2,2,Casshan,352,Brutal Axe,0,1440,0x0000410C,0x00100123,
2026-07-25T22:15:17Z,191,P2-C1,P2,0x927EB9E0,17,Viewtiful Joe,True,True,ceiling_loss,46000,46000,1,1,0,17906,17273,-633,17905,17272,-633,0,633,0,,,,,none,4,0,0,0,False,False,0,0,P1-C2,2,Casshan,352,Brutal Axe,0,1440,0x0000410C,0x00100123,
2026-07-25T22:15:17Z,192,P2-C1,P2,0x927EB9E0,17,Viewtiful Joe,True,True,ceiling_loss,46000,46000,1,1,0,17273,16851,-422,17272,16850,-422,0,422,0,,,,,none,4,0,0,0,False,False,0,0,P1-C2,2,Casshan,352,Brutal Axe,0,100,0x00000009,0x00000040,
2026-07-25T22:15:17Z,193,P2-C1,P2,0x927EB9E0,17,Viewtiful Joe,True,True,ceiling_loss,46000,46000,1,1,0,16851,16640,-211,16850,16639,-211,0,211,0,,,,,none,4,0,0,0,False,False,0,0,P1-C2,2,Casshan,352,Brutal Axe,0,100,0x00000009,0x00000040,
2026-07-25T22:15:18Z,194,P1-C2,P1,0x92B6BA00,2,Casshan,True,True,baroque_status_change,50000,50000,45000,45000,0,45000,45000,0,0,0,0,0,0,0,,,,,none,4,0,0,0,True,False,5000,5000,,,,,,,,,,
2026-07-25T22:15:18Z,195,P1-C2,P1,0x92B6BA00,2,Casshan,True,True,recoverable_ceiling_gain,50000,50000,45000,45000,0,45000,50000,5000,0,5000,5000,0,0,5000,,,,,none,4,0,0,0,False,False,5000,5000,,,,,,,,,,
2026-07-25T22:15:19Z,201,P2-C1,P2,0x927EB9E0,17,Viewtiful Joe,True,True,recoverable_heal,46000,46000,1,7501,7500,16640,16640,0,16639,9139,-7500,0,0,0,,,,,none,4,500,0,1,False,False,0,0,,,,,,,,,,
2026-07-25T22:15:19Z,202,P2-C1,P2,0x927EB9E0,17,Viewtiful Joe,True,True,mixed_heal,46000,46000,7501,17001,9500,16640,17001,361,9139,0,-9139,0,0,0,,,,,none,4,500,0,1,False,False,0,0,P1-C2,2,Casshan,315,Friender C,0,0,0x00000000,0x00040082,
2026-07-25T22:15:20Z,203,P2-C1,P2,0x927EB9E0,17,Viewtiful Joe,True,True,current_and_ceiling_heal,46000,46000,17001,28001,11000,17001,28001,11000,0,0,0,0,0,0,,,,,none,4,500,0,1,False,False,0,0,P1-C2,2,Casshan,315,Friender C,0,0,0x00000000,0x00040082,
2026-07-25T22:15:20Z,204,P2-C1,P2,0x927EB9E0,17,Viewtiful Joe,True,True,current_and_ceiling_heal,46000,46000,28001,36501,8500,28001,36501,8500,0,0,0,0,0,0,,,,,none,4,500,0,1,False,False,0,0,P1-C2,2,Casshan,315,Friender C,0,960,0x0000000C,0x00040102,
2026-07-25T22:15:20Z,205,P2-C1,P2,0x927EB9E0,17,Viewtiful Joe,True,True,mixed_heal,46000,46000,36501,41581,5080,36501,41965,5464,0,384,384,0,0,384,,,,,none,4,0,0,0,False,False,0,0,P1-C2,2,Casshan,21,jump forward,0,960,0x0000000C,0x00040102,
2026-07-25T22:15:21Z,206,P2-C1,P2,0x927EB9E0,17,Viewtiful Joe,True,True,normal_damage_red_generation,46000,46000,41581,39805,-1776,41965,40900,-1065,384,1095,711,1776,1065,711,1065,711,0,True,high,4,0,0,0,False,False,0,0,P1-C2,2,Casshan,267,j.C,0,0,0x00000000,0x00040082,
2026-07-25T22:15:21Z,207,P2-C1,P2,0x927EB9E0,17,Viewtiful Joe,True,True,normal_damage_red_generation,46000,46000,39805,37085,-2720,40900,39268,-1632,1095,2183,1088,2720,1632,1088,1632,1088,0,True,high,4,0,0,0,False,False,0,0,P1-C2,2,Casshan,256,5A,0,0,0x00000000,0x00040082,
2026-07-25T22:15:23Z,211,P2-C1,P2,0x927EB9E0,17,Viewtiful Joe,True,True,recoverable_heal,46000,46000,37085,39085,2000,39268,39268,0,2183,183,-2000,0,0,0,,,,,none,4,500,0,1,False,False,0,0,P1-C2,2,Casshan,256,5A,0,0,0x00000000,0x00040082,
2026-07-25T22:15:23Z,212,P2-C1,P2,0x927EB9E0,17,Viewtiful Joe,True,True,full_health_reset,46000,46000,39085,46000,6915,39268,46000,6732,183,0,-183,0,0,0,,,,,none,4,0,0,0,False,False,0,0,P1-C2,2,Casshan,256,5A,0,0,0x00000000,0x00040082,
2026-07-25T22:15:24Z,218,P2-C1,P2,0x927EB9E0,17,Viewtiful Joe,True,True,normal_damage_red_generation,46000,46000,46000,44960,-1040,46000,45376,-624,0,416,416,1040,624,416,624,416,0,True,medium,4,0,0,0,False,False,0,0,,,,,,,,,,
2026-07-25T22:15:24Z,219,P2-C1,P2,0x927EB9E0,17,Viewtiful Joe,True,True,normal_damage_red_generation,46000,46000,44960,43136,-1824,45376,44282,-1094,416,1146,730,1824,1094,730,1094,730,0,True,medium,4,0,0,0,False,False,0,0,,,,,,,,,,
2026-07-25T22:15:25Z,220,P2-C1,P2,0x927EB9E0,17,Viewtiful Joe,True,True,normal_damage_red_generation,46000,46000,43136,41408,-1728,44282,43246,-1036,1146,1838,692,1728,1036,692,1036,692,0,True,medium,4,0,0,0,False,False,0,0,,,,,,,,,,
2026-07-25T22:15:25Z,221,P2-C1,P2,0x927EB9E0,17,Viewtiful Joe,True,True,normal_damage_red_generation,46000,46000,41408,39573,-1835,43246,42145,-1101,1838,2572,734,1835,1101,734,1101,734,0,True,medium,4,0,0,0,False,False,0,0,,,,,,,,,,
2026-07-25T22:15:25Z,222,P2-C1,P2,0x927EB9E0,17,Viewtiful Joe,True,True,normal_damage_red_generation,46000,46000,39573,36374,-3199,42145,40226,-1919,2572,3852,1280,3199,1919,1280,1919,1280,0,True,medium,4,0,0,0,False,False,0,0,,,,,,,,,,
2026-07-25T22:15:27Z,226,P2-C1,P2,0x927EB9E0,17,Viewtiful Joe,True,True,normal_damage_red_generation,46000,46000,36374,34935,-1439,40226,39363,-863,3852,4428,576,1439,863,576,863,576,0,True,medium,4,0,0,0,False,False,0,0,,,,,,,,,,
2026-07-25T22:15:27Z,227,P2-C1,P2,0x927EB9E0,17,Viewtiful Joe,True,True,normal_damage_red_generation,46000,46000,34935,33148,-1787,39363,38291,-1072,4428,5143,715,1787,1072,715,1072,715,0,True,medium,4,0,0,0,False,False,0,0,,,,,,,,,,
2026-07-25T22:15:28Z,233,P2-C1,P2,0x927EB9E0,17,Viewtiful Joe,True,True,recoverable_heal,46000,46000,33148,36148,3000,38291,38291,0,5143,2143,-3000,0,0,0,,,,,none,4,500,0,1,False,False,0,0,,,,,,,,,,
2026-07-25T22:15:29Z,234,P2-C1,P2,0x927EB9E0,17,Viewtiful Joe,True,True,mixed_heal,46000,46000,36148,42648,6500,38291,42648,4357,2143,0,-2143,0,0,0,,,,,none,4,500,0,1,False,False,0,0,,,,,,,,,,
2026-07-25T22:15:29Z,235,P2-C1,P2,0x927EB9E0,17,Viewtiful Joe,True,True,full_health_reset,46000,46000,42648,46000,3352,42648,46000,3352,0,0,0,0,0,0,,,,,none,4,0,0,0,False,False,0,0,,,,,,,,,,
2026-07-25T22:15:31Z,246,P2-C1,P2,0x927EB9E0,17,Viewtiful Joe,True,True,normal_damage_red_generation,46000,46000,46000,42800,-3200,46000,44080,-1920,0,1280,1280,3200,1920,1280,1920,1280,0,True,medium,4,0,0,0,False,False,0,0,,,,,,,,,,
2026-07-25T22:15:31Z,247,P2-C1,P2,0x927EB9E0,17,Viewtiful Joe,True,True,normal_damage_red_generation,46000,46000,42800,41812,-988,44080,43488,-592,1280,1676,396,988,592,396,592,396,0,True,medium,4,0,0,0,False,False,0,0,,,,,,,,,,
2026-07-25T22:15:31Z,248,P2-C1,P2,0x927EB9E0,17,Viewtiful Joe,True,True,normal_damage_red_generation,46000,46000,41812,40084,-1728,43488,42452,-1036,1676,2368,692,1728,1036,692,1036,692,0,True,medium,4,0,0,0,False,False,0,0,,,,,,,,,,
2026-07-25T22:15:32Z,249,P2-C1,P2,0x927EB9E0,17,Viewtiful Joe,True,True,normal_damage_red_generation,46000,46000,40084,38249,-1835,42452,41351,-1101,2368,3102,734,1835,1101,734,1101,734,0,True,medium,4,0,0,0,False,False,0,0,,,,,,,,,,
2026-07-25T22:15:33Z,251,P2-C1,P2,0x927EB9E0,17,Viewtiful Joe,True,True,normal_damage_red_generation,46000,46000,38249,35050,-3199,41351,39432,-1919,3102,4382,1280,3199,1919,1280,1919,1280,0,True,medium,4,0,0,0,False,False,0,0,,,,,,,,,,
2026-07-25T22:15:33Z,253,P2-C1,P2,0x927EB9E0,17,Viewtiful Joe,True,True,normal_damage_red_generation,46000,46000,35050,33611,-1439,39432,38569,-863,4382,4958,576,1439,863,576,863,576,0,True,medium,4,0,0,0,False,False,0,0,,,,,,,,,,
2026-07-25T22:15:34Z,254,P1-C2,P1,0x92B6BA00,2,Casshan,True,True,baroque_consume,50000,50000,45000,45000,0,50000,45000,-5000,5000,0,-5000,0,5000,0,,-5000,0,True,high,4,0,0,0,False,True,5000,5000,,,,,,,,,,
2026-07-25T22:15:34Z,254,P2-C1,P2,0x927EB9E0,17,Viewtiful Joe,True,True,normal_damage_red_generation,46000,46000,33611,31824,-1787,38569,37497,-1072,4958,5673,715,1787,1072,715,1072,715,0,True,medium,4,0,0,0,False,False,0,0,,,,,,,,,,
2026-07-25T22:15:34Z,255,P2-C1,P2,0x927EB9E0,17,Viewtiful Joe,True,True,normal_damage_red_generation,46000,46000,31824,30595,-1229,37497,36760,-737,5673,6165,492,1229,737,492,737,492,0,True,medium,4,0,0,0,False,False,0,0,,,,,,,,,,
2026-07-25T22:15:35Z,257,P1-C2,P1,0x92B6BA00,2,Casshan,True,True,recoverable_ceiling_gain,50000,50000,45000,45000,0,45000,50000,5000,0,5000,5000,0,0,5000,,,,,none,4,0,0,0,True,False,5000,5000,,,,,,,,,,
2026-07-25T22:15:36Z,259,P2-C1,P2,0x927EB9E0,17,Viewtiful Joe,True,True,normal_damage_red_generation,46000,46000,30595,28675,-1920,36760,35608,-1152,6165,6933,768,1920,1152,768,1152,768,0,True,medium,4,0,0,0,False,False,0,0,,,,,,,,,,
2026-07-25T22:15:37Z,263,P2-C1,P2,0x927EB9E0,17,Viewtiful Joe,True,True,recoverable_heal,46000,46000,28675,32675,4000,35608,35608,0,6933,2933,-4000,0,0,0,,,,,none,4,500,0,1,False,False,0,0,,,,,,,,,,
2026-07-25T22:15:37Z,264,P2-C1,P2,0x927EB9E0,17,Viewtiful Joe,True,True,mixed_heal,46000,46000,32675,37175,4500,35608,37175,1567,2933,0,-2933,0,0,0,,,,,none,4,500,0,1,False,False,0,0,,,,,,,,,,
2026-07-25T22:15:38Z,267,P1-C1,P1,0x9246B9C0,19,Roll,False,True,point_status_change,44000,44000,44000,44000,0,44000,44000,0,0,0,0,0,0,0,,,,,none,4,0,0,0,False,False,0,0,,,,,,,,,,
2026-07-25T22:15:38Z,267,P1-C2,P1,0x92B6BA00,20,Saki,True,False,point_status_change,50000,50000,45000,45000,0,50000,50000,0,5000,5000,0,0,0,0,,,,,none,4,4,0,0,False,False,5000,0,,,,,,,,,,
2026-07-25T22:15:38Z,267,P2-C1,P2,0x927EB9E0,12,Ryu,True,True,fighter_reset_or_reloaded,46000,48000,37175,48000,10825,37175,48000,10825,0,0,0,0,0,0,,,,,none,4,0,0,0,False,False,0,0,,,,,,,,,,maximum health changed
2026-07-25T22:15:38Z,268,P1-C1,P1,0x9246B9C0,19,Roll,True,True,fighter_reset_or_reloaded,44000,40000,44000,40000,-4000,44000,40000,-4000,0,0,0,4000,4000,0,,,,,none,3,0,0,0,False,False,0,0,,,,,,,,,,maximum health changed
2026-07-25T22:15:38Z,268,P1-C2,P1,0x92B6BA00,20,Saki,False,False,fighter_reset_or_reloaded,50000,44000,45000,44000,-1000,50000,44000,-6000,5000,0,-5000,1000,6000,0,,,,,none,4,4,0,0,False,False,0,0,,,,,,,,,,maximum health changed
2026-07-25T22:15:42Z,287,P2-C1,P2,0x927EB9E0,12,Ryu,True,True,normal_damage_red_generation,48000,48000,48000,47208,-792,48000,47525,-475,0,317,317,792,475,317,475,317,0,True,medium,4,0,0,0,False,False,0,0,,,,,,,,,,
2026-07-25T22:15:42Z,288,P2-C1,P2,0x927EB9E0,12,Ryu,True,True,normal_damage_red_generation,48000,48000,47208,46289,-919,47525,46974,-551,317,685,368,919,551,368,551,368,0,True,medium,4,0,0,0,False,False,0,0,,,,,,,,,,
2026-07-25T22:15:42Z,289,P2-C1,P2,0x927EB9E0,12,Ryu,True,True,normal_damage_red_generation,48000,48000,46289,42325,-3964,46974,44597,-2377,685,2272,1587,3964,2377,1587,2378,1586,1,False,medium,4,0,0,0,False,False,0,0,,,,,,,,,,difference can indicate multiple native damage requests between GUI samples
2026-07-25T22:15:43Z,291,P2-C1,P2,0x927EB9E0,12,Ryu,True,True,normal_damage_red_generation,48000,48000,42325,40215,-2110,44597,43331,-1266,2272,3116,844,2110,1266,844,1266,844,0,True,medium,4,0,0,0,False,False,0,0,,,,,,,,,,
2026-07-25T22:15:43Z,292,P2-C1,P2,0x927EB9E0,12,Ryu,True,True,normal_damage_red_generation,48000,48000,40215,38922,-1293,43331,42556,-775,3116,3634,518,1293,775,518,775,518,0,True,medium,4,0,0,0,False,False,0,0,,,,,,,,,,
2026-07-25T22:15:44Z,293,P2-C1,P2,0x927EB9E0,12,Ryu,True,True,normal_damage_red_generation,48000,48000,38922,37884,-1038,42556,41934,-622,3634,4050,416,1038,622,416,622,416,0,True,medium,4,0,0,0,False,False,0,0,,,,,,,,,,
2026-07-25T22:15:44Z,294,P2-C1,P2,0x927EB9E0,12,Ryu,True,True,normal_damage_red_generation,48000,48000,37884,35747,-2137,41934,40652,-1282,4050,4905,855,2137,1282,855,1282,855,0,True,medium,4,0,0,0,False,False,0,0,,,,,,,,,,
2026-07-25T22:15:47Z,303,P2-C1,P2,0x927EB9E0,12,Ryu,True,True,recoverable_heal,48000,48000,35747,39747,4000,40652,40652,0,4905,905,-4000,0,0,0,,,,,none,4,500,0,1,False,False,0,0,,,,,,,,,,
2026-07-25T22:15:47Z,304,P2-C1,P2,0x927EB9E0,12,Ryu,True,True,mixed_heal,48000,48000,39747,45747,6000,40652,45747,5095,905,0,-905,0,0,0,,,,,none,4,500,0,1,False,False,0,0,,,,,,,,,,
2026-07-25T22:15:48Z,305,P2-C1,P2,0x927EB9E0,12,Ryu,True,True,full_health_reset,48000,48000,45747,48000,2253,45747,48000,2253,0,0,0,0,0,0,,,,,none,4,0,0,0,False,False,0,0,,,,,,,,,,
2026-07-25T22:15:54Z,330,P2-C1,P2,0x927EB9E0,12,Ryu,True,True,normal_damage_red_generation,48000,48000,48000,45976,-2024,48000,46786,-1214,0,810,810,2024,1214,810,1214,810,0,True,medium,4,0,0,0,False,False,0,0,,,,,,,,,,
2026-07-25T22:15:54Z,331,P2-C1,P2,0x927EB9E0,12,Ryu,True,True,normal_damage_red_generation,48000,48000,45976,43050,-2926,46786,45031,-1755,810,1981,1171,2926,1755,1171,1755,1171,0,True,medium,4,0,0,0,False,False,0,0,,,,,,,,,,
2026-07-25T22:15:56Z,338,P2-C1,P2,0x927EB9E0,12,Ryu,True,True,normal_damage_red_generation,48000,48000,43050,40279,-2771,45031,43369,-1662,1981,3090,1109,2771,1662,1109,1662,1109,0,True,medium,4,0,0,0,False,False,0,0,,,,,,,,,,
2026-07-25T22:15:57Z,339,P2-C1,P2,0x927EB9E0,12,Ryu,True,True,normal_damage_red_generation,48000,48000,40279,36720,-3559,43369,41235,-2134,3090,4515,1425,3559,2134,1425,2135,1424,1,False,medium,4,0,0,0,False,False,0,0,,,,,,,,,,difference can indicate multiple native damage requests between GUI samples
2026-07-25T22:15:57Z,340,P2-C1,P2,0x927EB9E0,12,Ryu,True,True,normal_damage_red_generation,48000,48000,36720,33873,-2847,41235,39528,-1707,4515,5655,1140,2847,1707,1140,1708,1139,1,False,medium,4,0,0,0,False,False,0,0,,,,,,,,,,difference can indicate multiple native damage requests between GUI samples
2026-07-25T22:15:57Z,341,P2-C1,P2,0x927EB9E0,12,Ryu,True,True,normal_damage_red_generation,48000,48000,33873,31740,-2133,39528,38249,-1279,5655,6509,854,2133,1279,854,1279,854,0,True,medium,4,0,0,0,False,False,0,0,,,,,,,,,,
2026-07-25T22:15:58Z,342,P2-C1,P2,0x927EB9E0,12,Ryu,True,True,normal_damage_red_generation,48000,48000,31740,30078,-1662,38249,37253,-996,6509,7175,666,1662,996,666,997,665,1,False,medium,4,0,0,0,False,False,0,0,,,,,,,,,,difference can indicate multiple native damage requests between GUI samples
2026-07-25T22:15:58Z,343,P2-C1,P2,0x927EB9E0,12,Ryu,True,True,normal_damage_red_generation,48000,48000,30078,29524,-554,37253,36921,-332,7175,7397,222,554,332,222,332,222,0,True,medium,4,0,0,0,False,False,0,0,,,,,,,,,,
2026-07-25T22:16:00Z,347,P2-C1,P2,0x927EB9E0,12,Ryu,True,True,recoverable_heal,48000,48000,29524,33024,3500,36921,36921,0,7397,3897,-3500,0,0,0,,,,,none,4,500,0,1,False,False,0,0,,,,,,,,,,
2026-07-25T22:16:00Z,348,P2-C1,P2,0x927EB9E0,12,Ryu,True,True,full_health_reset,48000,48000,33024,48000,14976,36921,48000,11079,3897,0,-3897,0,0,0,,,,,none,4,0,0,0,False,False,0,0,,,,,,,,,,
2026-07-25T22:16:02Z,354,P2-C1,P2,0x927EB9E0,12,Ryu,True,True,normal_damage_red_generation,48000,48000,48000,47208,-792,48000,47525,-475,0,317,317,792,475,317,475,317,0,True,medium,4,0,0,0,False,False,0,0,,,,,,,,,,
2026-07-25T22:16:03Z,355,P2-C1,P2,0x927EB9E0,12,Ryu,True,True,normal_damage_red_generation,48000,48000,47208,44943,-2265,47525,46167,-1358,317,1224,907,2265,1358,907,1359,906,1,False,medium,4,0,0,0,False,False,0,0,,,,,,,,,,difference can indicate multiple native damage requests between GUI samples
2026-07-25T22:16:03Z,356,P2-C1,P2,0x927EB9E0,12,Ryu,True,True,normal_damage_red_generation,48000,48000,44943,42325,-2618,46167,44597,-1570,1224,2272,1048,2618,1570,1048,1570,1048,0,True,medium,4,0,0,0,False,False,0,0,,,,,,,,,,
2026-07-25T22:16:04Z,357,P2-C1,P2,0x927EB9E0,12,Ryu,True,True,normal_damage_red_generation,48000,48000,42325,40215,-2110,44597,43331,-1266,2272,3116,844,2110,1266,844,1266,844,0,True,medium,4,0,0,0,False,False,0,0,,,,,,,,,,
2026-07-25T22:16:04Z,358,P2-C1,P2,0x927EB9E0,12,Ryu,True,True,normal_damage_red_generation,48000,48000,40215,37849,-2366,43331,41913,-1418,3116,4064,948,2366,1418,948,1419,947,1,False,medium,4,0,0,0,False,False,0,0,,,,,,,,,,difference can indicate multiple native damage requests between GUI samples
2026-07-25T22:16:05Z,359,P2-C1,P2,0x927EB9E0,12,Ryu,True,True,normal_damage_red_generation,48000,48000,37849,35832,-2017,41913,40703,-1210,4064,4871,807,2017,1210,807,1210,807,0,True,medium,4,0,0,0,False,False,0,0,,,,,,,,,,
2026-07-25T22:16:06Z,364,P2-C1,P2,0x927EB9E0,12,Ryu,True,True,normal_damage_red_generation,48000,48000,35832,35568,-264,40703,40545,-158,4871,4977,106,264,158,106,158,106,0,True,medium,4,0,0,0,False,False,0,0,,,,,,,,,,
2026-07-25T22:16:07Z,365,P2-C1,P2,0x927EB9E0,12,Ryu,True,True,normal_damage_red_generation,48000,48000,35568,35081,-487,40545,40253,-292,4977,5172,195,487,292,195,292,195,0,True,medium,4,0,0,0,False,False,0,0,,,,,,,,,,
2026-07-25T22:16:07Z,366,P2-C1,P2,0x927EB9E0,12,Ryu,True,True,normal_damage_red_generation,48000,48000,35081,34648,-433,40253,39994,-259,5172,5346,174,433,259,174,259,174,0,True,medium,4,-196,-117,0,False,False,0,0,,,,,,,,,,
2026-07-25T22:16:07Z,367,P2-C1,P2,0x927EB9E0,12,Ryu,True,True,normal_damage_red_generation,48000,48000,34648,34452,-196,39994,39877,-117,5346,5425,79,196,117,79,117,79,0,True,medium,4,0,0,0,False,False,0,0,,,,,,,,,,
2026-07-25T22:16:09Z,371,P2-C1,P2,0x927EB9E0,12,Ryu,True,True,recoverable_heal,48000,48000,34452,38952,4500,39877,39877,0,5425,925,-4500,0,0,0,,,,,none,4,500,0,1,False,False,0,0,,,,,,,,,,
2026-07-25T22:16:09Z,372,P2-C1,P2,0x927EB9E0,12,Ryu,True,True,full_health_reset,48000,48000,38952,48000,9048,39877,48000,8123,925,0,-925,0,0,0,,,,,none,4,0,0,0,False,False,0,0,,,,,,,,,,
2026-07-25T22:16:10Z,374,P2-C1,P2,0x927EB9E0,12,Ryu,True,True,normal_damage_red_generation,48000,48000,48000,47208,-792,48000,47525,-475,0,317,317,792,475,317,475,317,0,True,medium,4,0,0,0,False,False,0,0,,,,,,,,,,
2026-07-25T22:16:10Z,375,P2-C1,P2,0x927EB9E0,12,Ryu,True,True,normal_damage_red_generation,48000,48000,47208,44943,-2265,47525,46167,-1358,317,1224,907,2265,1358,907,1359,906,1,False,medium,4,0,0,0,False,False,0,0,,,,,,,,,,difference can indicate multiple native damage requests between GUI samples
2026-07-25T22:16:10Z,376,P2-C1,P2,0x927EB9E0,12,Ryu,True,True,normal_damage_red_generation,48000,48000,44943,42325,-2618,46167,44597,-1570,1224,2272,1048,2618,1570,1048,1570,1048,0,True,medium,4,0,0,0,False,False,0,0,,,,,,,,,,
2026-07-25T22:16:11Z,377,P2-C1,P2,0x927EB9E0,12,Ryu,True,True,normal_damage_red_generation,48000,48000,42325,40215,-2110,44597,43331,-1266,2272,3116,844,2110,1266,844,1266,844,0,True,medium,4,0,0,0,False,False,0,0,,,,,,,,,,
2026-07-25T22:16:11Z,378,P2-C1,P2,0x927EB9E0,12,Ryu,True,True,normal_damage_red_generation,48000,48000,40215,38925,-1290,43331,42558,-773,3116,3633,517,1290,773,517,774,516,1,False,medium,4,0,0,0,False,False,0,0,,,,,,,,,,difference can indicate multiple native damage requests between GUI samples
2026-07-25T22:16:12Z,379,P2-C1,P2,0x927EB9E0,12,Ryu,True,True,normal_damage_red_generation,48000,48000,38925,37884,-1041,42558,41934,-624,3633,4050,417,1041,624,417,624,417,0,True,medium,4,0,0,0,False,False,0,0,,,,,,,,,,
2026-07-25T22:16:12Z,380,P2-C1,P2,0x927EB9E0,12,Ryu,True,True,normal_damage_red_generation,48000,48000,37884,35880,-2004,41934,40732,-1202,4050,4852,802,2004,1202,802,1202,802,0,True,medium,4,0,0,0,False,False,0,0,,,,,,,,,,
2026-07-25T22:16:14Z,388,P2-C1,P2,0x927EB9E0,12,Ryu,True,True,normal_damage_red_generation,48000,48000,35880,35010,-870,40732,40210,-522,4852,5200,348,870,522,348,522,348,0,True,medium,4,0,0,0,False,False,0,0,,,,,,,,,,
2026-07-25T22:16:15Z,389,P2-C1,P2,0x927EB9E0,12,Ryu,True,True,normal_damage_red_generation,48000,48000,35010,33509,-1501,40210,39310,-900,5200,5801,601,1501,900,601,900,601,0,True,medium,4,0,0,0,False,False,0,0,,,,,,,,,,
2026-07-25T22:16:15Z,390,P2-C1,P2,0x927EB9E0,12,Ryu,True,True,normal_damage_red_generation,48000,48000,33509,32877,-632,39310,38931,-379,5801,6054,253,632,379,253,379,253,0,True,medium,4,0,0,0,False,False,0,0,,,,,,,,,,
2026-07-25T22:16:15Z,391,P2-C1,P2,0x927EB9E0,12,Ryu,True,True,normal_damage_red_generation,48000,48000,32877,31769,-1108,38931,38267,-664,6054,6498,444,1108,664,444,664,444,0,True,medium,4,0,0,0,False,False,0,0,,,,,,,,,,
2026-07-25T22:16:15Z,392,P2-C1,P2,0x927EB9E0,12,Ryu,True,True,normal_damage_red_generation,48000,48000,31769,31215,-554,38267,37935,-332,6498,6720,222,554,332,222,332,222,0,True,medium,4,0,0,0,False,False,0,0,,,,,,,,,,
2026-07-25T22:16:16Z,393,P2-C1,P2,0x927EB9E0,12,Ryu,True,True,normal_damage_red_generation,48000,48000,31215,30107,-1108,37935,37271,-664,6720,7164,444,1108,664,444,664,444,0,True,medium,4,0,0,0,False,False,0,0,,,,,,,,,,
2026-07-25T22:16:16Z,394,P2-C1,P2,0x927EB9E0,12,Ryu,True,True,normal_damage_red_generation,48000,48000,30107,29553,-554,37271,36939,-332,7164,7386,222,554,332,222,332,222,0,True,medium,4,0,0,0,False,False,0,0,,,,,,,,,,
2026-07-25T22:16:16Z,395,P2-C1,P2,0x927EB9E0,12,Ryu,True,True,normal_damage_red_generation,48000,48000,29553,28445,-1108,36939,36275,-664,7386,7830,444,1108,664,444,664,444,0,True,medium,4,-554,-332,0,False,False,0,0,,,,,,,,,,
2026-07-25T22:16:16Z,396,P2-C1,P2,0x927EB9E0,12,Ryu,True,True,normal_damage_red_generation,48000,48000,28445,27337,-1108,36275,35611,-664,7830,8274,444,1108,664,444,664,444,0,True,medium,4,0,0,0,False,False,0,0,,,,,,,,,,
2026-07-25T22:16:17Z,397,P2-C1,P2,0x927EB9E0,12,Ryu,True,True,normal_damage_red_generation,48000,48000,27337,26783,-554,35611,35279,-332,8274,8496,222,554,332,222,332,222,0,True,medium,4,0,0,0,False,False,0,0,,,,,,,,,,
2026-07-25T22:16:18Z,405,P2-C1,P2,0x927EB9E0,12,Ryu,True,True,recoverable_heal,48000,48000,26783,28783,2000,35279,35279,0,8496,6496,-2000,0,0,0,,,,,none,4,500,0,1,False,False,0,0,,,,,,,,,,
2026-07-25T22:16:18Z,406,P2-C1,P2,0x927EB9E0,12,Ryu,True,True,mixed_heal,48000,48000,28783,35283,6500,35279,35283,4,6496,0,-6496,0,0,0,,,,,none,4,500,0,1,False,False,0,0,,,,,,,,,,
2026-07-25T22:16:19Z,410,P1-C1,P1,0x9246B9C0,12,Ryu,True,True,fighter_reset_or_reloaded,40000,48000,40000,48000,8000,40000,48000,8000,0,0,0,0,0,0,,,,,none,4,0,0,0,False,False,0,0,,,,,,,,,,maximum health changed
2026-07-25T22:16:19Z,410,P1-C2,P1,0x92B6BA00,13,Chun-Li,False,False,fighter_reset_or_reloaded,44000,46000,44000,46000,2000,44000,46000,2000,0,0,0,0,0,0,,,,,none,4,0,0,0,False,False,0,0,,,,,,,,,,maximum health changed
2026-07-25T22:16:19Z,410,P2-C1,P2,0x927EB9E0,28,Yatterman-2,True,True,fighter_reset_or_reloaded,48000,42000,35283,42000,6717,35283,42000,6717,0,0,0,0,0,0,,,,,none,4,0,0,0,False,False,0,0,,,,,,,,,,maximum health changed
2026-07-25T22:16:19Z,410,P2-C2,P2,0x92EEBA20,29,Zero,False,False,fighter_reset_or_reloaded,44000,40000,44000,40000,-4000,44000,40000,-4000,0,0,0,4000,4000,0,,,,,none,3,0,0,0,False,False,0,0,,,,,,,,,,maximum health changed
2026-07-25T22:17:33Z,39,P2-C1,P2,0x927EB9E0,12,Ryu,True,True,normal_damage_red_generation,48000,48000,48000,47200,-800,48000,47520,-480,0,320,320,800,480,320,480,320,0,True,medium,4,0,0,0,False,False,0,0,,,,,,,,,,
2026-07-25T22:17:34Z,41,P2-C1,P2,0x927EB9E0,12,Ryu,True,True,normal_damage_red_generation,48000,48000,47200,46583,-617,47520,47150,-370,320,567,247,617,370,247,370,247,0,True,medium,4,0,0,0,False,False,0,0,,,,,,,,,,
2026-07-25T22:17:34Z,42,P2-C1,P2,0x927EB9E0,12,Ryu,True,True,normal_damage_red_generation,48000,48000,46583,43794,-2789,47150,45478,-1672,567,1684,1117,2789,1672,1117,1673,1116,1,False,medium,4,0,0,0,False,False,0,0,,,,,,,,,,difference can indicate multiple native damage requests between GUI samples
2026-07-25T22:17:35Z,43,P2-C1,P2,0x927EB9E0,12,Ryu,True,True,normal_damage_red_generation,48000,48000,43794,43013,-781,45478,45010,-468,1684,1997,313,781,468,313,468,313,0,True,medium,4,0,0,0,False,False,0,0,,,,,,,,,,
2026-07-25T22:17:35Z,44,P2-C1,P2,0x927EB9E0,12,Ryu,True,True,normal_damage_red_generation,48000,48000,43013,41664,-1349,45010,44201,-809,1997,2537,540,1349,809,540,809,540,0,True,medium,4,0,0,0,False,False,0,0,,,,,,,,,,
2026-07-25T22:17:35Z,45,P2-C1,P2,0x927EB9E0,12,Ryu,True,True,normal_damage_red_generation,48000,48000,41664,37738,-3926,44201,41849,-2352,2537,4111,1574,3926,2352,1574,2355,1571,3,False,medium,4,0,0,0,False,False,0,0,,,,,,,,,,difference can indicate multiple native damage requests between GUI samples
2026-07-25T22:17:38Z,55,P2-C1,P2,0x927EB9E0,12,Ryu,True,True,recoverable_heal,48000,48000,37738,40238,2500,41849,41849,0,4111,1611,-2500,0,0,0,,,,,none,4,500,0,1,False,False,0,0,,,,,,,,,,
2026-07-25T22:17:38Z,56,P2-C1,P2,0x927EB9E0,12,Ryu,True,True,mixed_heal,48000,48000,40238,47738,7500,41849,47738,5889,1611,0,-1611,0,0,0,,,,,none,4,0,0,0,False,False,0,0,,,,,,,,,,
2026-07-25T22:17:39Z,57,P2-C1,P2,0x927EB9E0,12,Ryu,True,True,full_health_reset,48000,48000,47738,48000,262,47738,48000,262,0,0,0,0,0,0,,,,,none,4,0,0,0,False,False,0,0,,,,,,,,,,
2026-07-25T22:17:43Z,81,P2-C1,P2,0x927EB9E0,12,Ryu,True,True,normal_damage_red_generation,48000,48000,48000,47200,-800,48000,47520,-480,0,320,320,800,480,320,480,320,0,True,medium,4,0,0,0,False,False,0,0,,,,,,,,,,
2026-07-25T22:17:43Z,83,P2-C1,P2,0x927EB9E0,12,Ryu,True,True,normal_damage_red_generation,48000,48000,47200,45680,-1520,47520,46608,-912,320,928,608,1520,912,608,912,608,0,True,medium,4,0,0,0,False,False,0,0,,,,,,,,,,
2026-07-25T22:17:44Z,84,P2-C1,P2,0x927EB9E0,12,Ryu,True,True,normal_damage_red_generation,48000,48000,45680,43531,-2149,46608,45319,-1289,928,1788,860,2149,1289,860,1289,860,0,True,medium,4,0,0,0,False,False,0,0,,,,,,,,,,
2026-07-25T22:17:44Z,85,P2-C1,P2,0x927EB9E0,12,Ryu,True,True,normal_damage_red_generation,48000,48000,43531,42060,-1471,45319,44437,-882,1788,2377,589,1471,882,589,882,589,0,True,medium,4,0,0,0,False,False,0,0,,,,,,,,,,
2026-07-25T22:17:44Z,86,P2-C1,P2,0x927EB9E0,12,Ryu,True,True,normal_damage_red_generation,48000,48000,42060,40559,-1501,44437,43537,-900,2377,2978,601,1501,900,601,900,601,0,True,medium,4,0,0,0,False,False,0,0,,,,,,,,,,
2026-07-25T22:17:45Z,87,P2-C1,P2,0x927EB9E0,12,Ryu,True,True,normal_damage_red_generation,48000,48000,40559,39731,-828,43537,43041,-496,2978,3310,332,828,496,332,496,332,0,True,medium,4,0,0,0,False,False,0,0,,,,,,,,,,
2026-07-25T22:17:46Z,92,P2-C1,P2,0x927EB9E0,12,Ryu,True,True,normal_damage_red_generation,48000,48000,39731,38931,-800,43041,42561,-480,3310,3630,320,800,480,320,480,320,0,True,medium,4,0,0,0,False,False,0,0,,,,,,,,,,
2026-07-25T22:17:47Z,93,P2-C1,P2,0x927EB9E0,12,Ryu,True,True,normal_damage_red_generation,48000,48000,38931,37411,-1520,42561,41649,-912,3630,4238,608,1520,912,608,912,608,0,True,medium,4,0,0,0,False,False,0,0,,,,,,,,,,
2026-07-25T22:17:47Z,94,P2-C1,P2,0x927EB9E0,12,Ryu,True,True,normal_damage_red_generation,48000,48000,37411,35262,-2149,41649,40360,-1289,4238,5098,860,2149,1289,860,1289,860,0,True,medium,4,0,0,0,False,False,0,0,,,,,,,,,,
2026-07-25T22:17:47Z,96,P2-C1,P2,0x927EB9E0,12,Ryu,True,True,normal_damage_red_generation,48000,48000,35262,33777,-1485,40360,39469,-891,5098,5692,594,1485,891,594,891,594,0,True,medium,4,0,0,0,False,False,0,0,,,,,,,,,,
2026-07-25T22:17:48Z,97,P2-C1,P2,0x927EB9E0,12,Ryu,True,True,normal_damage_red_generation,48000,48000,33777,31423,-2354,39469,38059,-1410,5692,6636,944,2354,1410,944,1412,942,2,False,medium,4,0,0,0,False,False,0,0,,,,,,,,,,difference can indicate multiple native damage requests between GUI samples
2026-07-25T22:17:49Z,102,P2-C1,P2,0x927EB9E0,12,Ryu,True,True,recoverable_heal,48000,48000,31423,33423,2000,38059,38059,0,6636,4636,-2000,0,0,0,,,,,none,4,500,0,1,False,False,0,0,,,,,,,,,,
2026-07-25T22:17:50Z,103,P2-C1,P2,0x927EB9E0,12,Ryu,True,True,mixed_heal,48000,48000,33423,38423,5000,38059,38423,364,4636,0,-4636,0,0,0,,,,,none,4,500,0,1,False,False,0,0,,,,,,,,,,
2026-07-25T22:17:50Z,104,P2-C1,P2,0x927EB9E0,12,Ryu,True,True,current_and_ceiling_heal,48000,48000,38423,45423,7000,38423,45423,7000,0,0,0,0,0,0,,,,,none,4,500,0,1,False,False,0,0,,,,,,,,,,
2026-07-25T22:17:50Z,105,P2-C1,P2,0x927EB9E0,12,Ryu,True,True,full_health_reset,48000,48000,45423,48000,2577,45423,48000,2577,0,0,0,0,0,0,,,,,none,4,0,0,0,False,False,0,0,,,,,,,,,,
2026-07-25T22:17:53Z,119,P2-C1,P2,0x927EB9E0,12,Ryu,True,True,normal_damage_red_generation,48000,48000,48000,46400,-1600,48000,47040,-960,0,640,640,1600,960,640,960,640,0,True,medium,4,0,0,0,False,False,0,0,,,,,,,,,,
2026-07-25T22:17:53Z,122,P2-C1,P2,0x927EB9E0,12,Ryu,True,True,normal_damage_red_generation,48000,48000,46400,44880,-1520,47040,46128,-912,640,1248,608,1520,912,608,912,608,0,True,medium,4,0,0,0,False,False,0,0,,,,,,,,,,
2026-07-25T22:17:54Z,123,P2-C1,P2,0x927EB9E0,12,Ryu,True,True,normal_damage_red_generation,48000,48000,44880,44388,-492,46128,45833,-295,1248,1445,197,492,295,197,295,197,0,True,medium,4,0,0,0,False,False,0,0,,,,,,,,,,
2026-07-25T22:17:54Z,124,P2-C1,P2,0x927EB9E0,12,Ryu,True,True,normal_damage_red_generation,48000,48000,44388,44312,-76,45833,45788,-45,1445,1476,31,76,45,31,45,31,0,True,medium,4,-34,-20,0,False,False,0,0,,,,,,,,,,
2026-07-25T22:17:54Z,125,P2-C1,P2,0x927EB9E0,12,Ryu,True,True,normal_damage_red_generation,48000,48000,44312,44246,-66,45788,45749,-39,1476,1503,27,66,39,27,39,27,0,True,medium,4,0,0,0,False,False,0,0,,,,,,,,,,
2026-07-25T22:17:55Z,126,P2-C1,P2,0x927EB9E0,12,Ryu,True,True,normal_damage_red_generation,48000,48000,44246,44217,-29,45749,45732,-17,1503,1515,12,29,17,12,17,12,0,True,medium,4,0,0,0,False,False,0,0,,,,,,,,,,
2026-07-25T22:17:55Z,127,P2-C1,P2,0x927EB9E0,12,Ryu,True,True,normal_damage_red_generation,48000,48000,44217,44166,-51,45732,45702,-30,1515,1536,21,51,30,21,30,21,0,True,medium,4,0,0,0,False,False,0,0,,,,,,,,,,
2026-07-25T22:17:55Z,128,P2-C1,P2,0x927EB9E0,12,Ryu,True,True,normal_damage_red_generation,48000,48000,44166,44143,-23,45702,45689,-13,1536,1546,10,23,13,10,13,10,0,True,medium,4,0,0,0,False,False,0,0,,,,,,,,,,
2026-07-25T22:17:56Z,130,P2-C1,P2,0x927EB9E0,12,Ryu,True,True,normal_damage_red_generation,48000,48000,44143,43359,-784,45689,45219,-470,1546,1860,314,784,470,314,470,314,0,True,medium,4,0,0,0,False,False,0,0,,,,,,,,,,
2026-07-25T22:17:56Z,131,P2-C1,P2,0x927EB9E0,12,Ryu,True,True,normal_damage_red_generation,48000,48000,43359,43029,-330,45219,45021,-198,1860,1992,132,330,198,132,198,132,0,True,medium,4,0,0,0,False,False,0,0,,,,,,,,,,
2026-07-25T22:17:56Z,132,P2-C1,P2,0x927EB9E0,12,Ryu,True,True,normal_damage_red_generation,48000,48000,43029,42041,-988,45021,44429,-592,1992,2388,396,988,592,396,592,396,0,True,medium,4,0,0,0,False,False,0,0,,,,,,,,,,
2026-07-25T22:17:57Z,134,P2-C1,P2,0x927EB9E0,12,Ryu,True,True,normal_damage_red_generation,48000,48000,42041,40325,-1716,44429,43402,-1027,2388,3077,689,1716,1027,689,1029,687,2,False,medium,4,0,0,0,False,False,0,0,,,,,,,,,,difference can indicate multiple native damage requests between GUI samples
2026-07-25T22:17:58Z,135,P2-C1,P2,0x927EB9E0,12,Ryu,True,True,normal_damage_red_generation,48000,48000,40325,39027,-1298,43402,42624,-778,3077,3597,520,1298,778,520,778,520,0,True,medium,4,0,0,0,False,False,0,0,,,,,,,,,,
2026-07-25T22:18:00Z,144,P2-C1,P2,0x927EB9E0,12,Ryu,True,True,recoverable_heal,48000,48000,39027,42527,3500,42624,42624,0,3597,97,-3500,0,0,0,,,,,none,4,500,0,1,False,False,0,0,,,,,,,,,,
2026-07-25T22:18:00Z,145,P2-C1,P2,0x927EB9E0,12,Ryu,True,True,full_health_reset,48000,48000,42527,48000,5473,42624,48000,5376,97,0,-97,0,0,0,,,,,none,4,0,0,0,False,False,0,0,,,,,,,,,,
2026-07-25T22:18:04Z,168,P2-C1,P2,0x927EB9E0,12,Ryu,True,True,normal_damage_red_generation,48000,48000,48000,47200,-800,48000,47520,-480,0,320,320,800,480,320,480,320,0,True,medium,4,0,0,0,False,False,0,0,,,,,,,,,,
2026-07-25T22:18:04Z,169,P2-C1,P2,0x927EB9E0,12,Ryu,True,True,normal_damage_red_generation,48000,48000,47200,46583,-617,47520,47150,-370,320,567,247,617,370,247,370,247,0,True,medium,4,0,0,0,False,False,0,0,,,,,,,,,,
2026-07-25T22:18:04Z,170,P2-C1,P2,0x927EB9E0,12,Ryu,True,True,normal_damage_red_generation,48000,48000,46583,44423,-2160,47150,45854,-1296,567,1431,864,2160,1296,864,1296,864,0,True,medium,4,0,0,0,False,False,0,0,,,,,,,,,,
2026-07-25T22:18:05Z,172,P2-C1,P2,0x927EB9E0,12,Ryu,True,True,normal_damage_red_generation,48000,48000,44423,42095,-2328,45854,44458,-1396,1431,2363,932,2328,1396,932,1396,932,0,True,medium,4,0,0,0,False,False,0,0,,,,,,,,,,
2026-07-25T22:18:05Z,173,P2-C1,P2,0x927EB9E0,12,Ryu,True,True,normal_damage_red_generation,48000,48000,42095,40897,-1198,44458,43740,-718,2363,2843,480,1198,718,480,718,480,0,True,medium,4,0,0,0,False,False,0,0,,,,,,,,,,
2026-07-25T22:18:06Z,175,P2-C1,P2,0x927EB9E0,12,Ryu,True,True,normal_damage_red_generation,48000,48000,40897,39744,-1153,43740,43049,-691,2843,3305,462,1153,691,462,691,462,0,True,medium,4,0,0,0,False,False,0,0,,,,,,,,,,
2026-07-25T22:18:06Z,176,P2-C1,P2,0x927EB9E0,12,Ryu,True,True,normal_damage_red_generation,48000,48000,39744,38942,-802,43049,42569,-480,3305,3627,322,802,480,322,481,321,1,False,medium,4,0,0,0,False,False,0,0,,,,,,,,,,difference can indicate multiple native damage requests between GUI samples
2026-07-25T22:18:07Z,177,P2-C1,P2,0x927EB9E0,12,Ryu,True,True,normal_damage_red_generation,48000,48000,38942,37706,-1236,42569,41829,-740,3627,4123,496,1236,740,496,741,495,1,False,medium,4,0,0,0,False,False,0,0,,,,,,,,,,difference can indicate multiple native damage requests between GUI samples
2026-07-25T22:18:08Z,180,P2-C1,P2,0x927EB9E0,12,Ryu,True,True,normal_damage_red_generation,48000,48000,37706,36906,-800,41829,41349,-480,4123,4443,320,800,480,320,480,320,0,True,medium,4,0,0,0,False,False,0,0,,,,,,,,,,
2026-07-25T22:18:08Z,181,P2-C1,P2,0x927EB9E0,12,Ryu,True,True,normal_damage_red_generation,48000,48000,36906,34129,-2777,41349,39683,-1666,4443,5554,1111,2777,1666,1111,1666,1111,0,True,medium,4,0,0,0,False,False,0,0,,,,,,,,,,
2026-07-25T22:18:09Z,183,P2-C1,P2,0x927EB9E0,12,Ryu,True,True,normal_damage_red_generation,48000,48000,34129,31801,-2328,39683,38287,-1396,5554,6486,932,2328,1396,932,1396,932,0,True,medium,4,0,0,0,False,False,0,0,,,,,,,,,,
2026-07-25T22:18:10Z,185,P2-C1,P2,0x927EB9E0,12,Ryu,True,True,normal_damage_red_generation,48000,48000,31801,29401,-2400,38287,36847,-1440,6486,7446,960,2400,1440,960,1440,960,0,True,medium,4,0,0,0,False,False,0,0,,,,,,,,,,
2026-07-25T22:18:10Z,187,P2-C1,P2,0x927EB9E0,12,Ryu,True,True,normal_damage_red_generation,48000,48000,29401,28601,-800,36847,36367,-480,7446,7766,320,800,480,320,480,320,0,True,medium,4,-617,-370,0,False,False,0,0,,,,,,,,,,
2026-07-25T22:18:11Z,188,P2-C1,P2,0x927EB9E0,12,Ryu,True,True,normal_damage_red_generation,48000,48000,28601,27984,-617,36367,35997,-370,7766,8013,247,617,370,247,370,247,0,True,medium,4,0,0,0,False,False,0,0,,,,,,,,,,
2026-07-25T22:18:11Z,189,P2-C1,P2,0x927EB9E0,12,Ryu,True,True,normal_damage_red_generation,48000,48000,27984,25824,-2160,35997,34701,-1296,8013,8877,864,2160,1296,864,1296,864,0,True,medium,4,0,0,0,False,False,0,0,,,,,,,,,,
2026-07-25T22:18:11Z,190,P2-C1,P2,0x927EB9E0,12,Ryu,True,True,normal_damage_red_generation,48000,48000,25824,23496,-2328,34701,33305,-1396,8877,9809,932,2328,1396,932,1396,932,0,True,medium,4,0,0,0,False,False,0,0,,,,,,,,,,
2026-07-25T22:18:12Z,192,P2-C1,P2,0x927EB9E0,12,Ryu,True,True,normal_damage_red_generation,48000,48000,23496,22298,-1198,33305,32587,-718,9809,10289,480,1198,718,480,718,480,0,True,medium,4,0,0,0,False,False,0,0,,,,,,,,,,
2026-07-25T22:18:12Z,193,P2-C1,P2,0x927EB9E0,12,Ryu,True,True,normal_damage_red_generation,48000,48000,22298,21145,-1153,32587,31896,-691,10289,10751,462,1153,691,462,691,462,0,True,medium,4,0,0,0,False,False,0,0,,,,,,,,,,
2026-07-25T22:18:13Z,194,P2-C1,P2,0x927EB9E0,12,Ryu,True,True,normal_damage_red_generation,48000,48000,21145,20727,-418,31896,31646,-250,10751,10919,168,418,250,168,250,168,0,True,medium,4,0,0,0,False,False,0,0,,,,,,,,,,
2026-07-25T22:18:13Z,195,P2-C1,P2,0x927EB9E0,12,Ryu,True,True,normal_damage_red_generation,48000,48000,20727,19363,-1364,31646,30829,-817,10919,11466,547,1364,817,547,818,546,1,False,medium,4,0,0,0,False,False,0,0,,,,,,,,,,difference can indicate multiple native damage requests between GUI samples
2026-07-25T22:18:14Z,196,P2-C1,P2,0x927EB9E0,12,Ryu,True,True,normal_damage_red_generation,48000,48000,19363,18966,-397,30829,30591,-238,11466,11625,159,397,238,159,238,159,0,True,medium,4,0,0,0,False,False,0,0,,,,,,,,,,
2026-07-25T22:18:14Z,197,P2-C1,P2,0x927EB9E0,12,Ryu,True,True,normal_damage_red_generation,48000,48000,18966,18269,-697,30591,30173,-418,11625,11904,279,697,418,279,418,279,0,True,medium,4,0,0,0,False,False,0,0,,,,,,,,,,
2026-07-25T22:18:14Z,198,P2-C1,P2,0x927EB9E0,12,Ryu,True,True,normal_damage_red_generation,48000,48000,18269,17265,-1004,30173,29571,-602,11904,12306,402,1004,602,402,602,402,0,True,medium,4,0,0,0,False,False,0,0,,,,,,,,,,
2026-07-25T22:18:15Z,199,P2-C1,P2,0x927EB9E0,12,Ryu,True,True,normal_damage_red_generation,48000,48000,17265,16738,-527,29571,29255,-316,12306,12517,211,527,316,211,316,211,0,True,medium,4,0,0,0,False,False,0,0,,,,,,,,,,
2026-07-25T22:18:15Z,200,P2-C1,P2,0x927EB9E0,12,Ryu,True,True,normal_damage_red_generation,48000,48000,16738,16194,-544,29255,28929,-326,12517,12735,218,544,326,218,326,218,0,True,medium,4,0,0,0,False,False,0,0,,,,,,,,,,
2026-07-25T22:18:16Z,201,P2-C1,P2,0x927EB9E0,12,Ryu,True,True,normal_damage_red_generation,48000,48000,16194,15984,-210,28929,28803,-126,12735,12819,84,210,126,84,126,84,0,True,medium,4,0,0,0,False,False,0,0,,,,,,,,,,
2026-07-25T22:18:16Z,202,P2-C1,P2,0x927EB9E0,12,Ryu,True,True,normal_damage_red_generation,48000,48000,15984,15356,-628,28803,28427,-376,12819,13071,252,628,376,252,376,252,0,True,medium,4,0,0,0,False,False,0,0,,,,,,,,,,
2026-07-25T22:18:16Z,203,P2-C1,P2,0x927EB9E0,12,Ryu,True,True,normal_damage_red_generation,48000,48000,15356,15049,-307,28427,28243,-184,13071,13194,123,307,184,123,184,123,0,True,medium,4,0,0,0,False,False,0,0,,,,,,,,,,
2026-07-25T22:18:18Z,207,P2-C1,P2,0x927EB9E0,12,Ryu,True,True,recoverable_heal,48000,48000,15049,16049,1000,28243,28243,0,13194,12194,-1000,0,0,0,,,,,none,4,500,0,1,False,False,0,0,,,,,,,,,,
2026-07-25T22:18:18Z,208,P2-C1,P2,0x927EB9E0,12,Ryu,True,True,recoverable_heal,48000,48000,16049,26549,10500,28243,28243,0,12194,1694,-10500,0,0,0,,,,,none,4,0,0,0,False,False,0,0,,,,,,,,,,
2026-07-25T22:18:18Z,209,P2-C1,P2,0x927EB9E0,12,Ryu,True,True,mixed_heal,48000,48000,26549,28249,1700,28243,28249,6,1694,0,-1694,0,0,0,,,,,none,4,0,0,0,False,False,0,0,,,,,,,,,,
2026-07-25T22:18:19Z,210,P2-C1,P2,0x927EB9E0,12,Ryu,True,True,normal_damage_red_generation,48000,48000,28249,25472,-2777,28249,26583,-1666,0,1111,1111,2777,1666,1111,1666,1111,0,True,medium,4,0,0,0,False,False,0,0,,,,,,,,,,
2026-07-25T22:18:19Z,212,P2-C1,P2,0x927EB9E0,12,Ryu,True,True,normal_damage_red_generation,48000,48000,25472,23144,-2328,26583,25187,-1396,1111,2043,932,2328,1396,932,1396,932,0,True,medium,4,0,0,0,False,False,0,0,,,,,,,,,,
2026-07-25T22:18:20Z,214,P2-C1,P2,0x927EB9E0,12,Ryu,True,True,normal_damage_red_generation,48000,48000,23144,21961,-1183,25187,24478,-709,2043,2517,474,1183,709,474,709,474,0,True,medium,4,0,0,0,False,False,0,0,,,,,,,,,,
2026-07-25T22:18:20Z,215,P2-C1,P2,0x927EB9E0,12,Ryu,True,True,normal_damage_red_generation,48000,48000,21961,21307,-654,24478,24086,-392,2517,2779,262,654,392,262,392,262,0,True,medium,4,0,0,0,False,False,0,0,,,,,,,,,,
2026-07-25T22:18:21Z,216,P2-C1,P2,0x927EB9E0,12,Ryu,True,True,normal_damage_red_generation,48000,48000,21307,20113,-1194,24086,23370,-716,2779,3257,478,1194,716,478,716,478,0,True,medium,4,0,0,0,False,False,0,0,,,,,,,,,,
2026-07-25T22:18:21Z,217,P2-C1,P2,0x927EB9E0,12,Ryu,True,True,normal_damage_red_generation,48000,48000,20113,18940,-1173,23370,22667,-703,3257,3727,470,1173,703,470,703,470,0,True,medium,4,0,0,0,False,False,0,0,,,,,,,,,,
2026-07-25T22:18:22Z,221,P2-C1,P2,0x927EB9E0,12,Ryu,True,True,normal_damage_red_generation,48000,48000,18940,18140,-800,22667,22187,-480,3727,4047,320,800,480,320,480,320,0,True,medium,4,0,0,0,False,False,0,0,,,,,,,,,,
2026-07-25T22:18:22Z,222,P2-C1,P2,0x927EB9E0,12,Ryu,True,True,normal_damage_red_generation,48000,48000,18140,17523,-617,22187,21817,-370,4047,4294,247,617,370,247,370,247,0,True,medium,4,0,0,0,False,False,0,0,,,,,,,,,,
2026-07-25T22:18:23Z,223,P2-C1,P2,0x927EB9E0,12,Ryu,True,True,normal_damage_red_generation,48000,48000,17523,15363,-2160,21817,20521,-1296,4294,5158,864,2160,1296,864,1296,864,0,True,medium,4,0,0,0,False,False,0,0,,,,,,,,,,
2026-07-25T22:18:23Z,225,P2-C1,P2,0x927EB9E0,12,Ryu,True,True,normal_damage_red_generation,48000,48000,15363,13035,-2328,20521,19125,-1396,5158,6090,932,2328,1396,932,1396,932,0,True,medium,4,0,0,0,False,False,0,0,,,,,,,,,,
2026-07-25T22:18:24Z,226,P2-C1,P2,0x927EB9E0,12,Ryu,True,True,normal_damage_red_generation,48000,48000,13035,11852,-1183,19125,18416,-709,6090,6564,474,1183,709,474,709,474,0,True,medium,4,0,0,0,False,False,0,0,,,,,,,,,,
2026-07-25T22:18:24Z,228,P2-C1,P2,0x927EB9E0,12,Ryu,True,True,normal_damage_red_generation,48000,48000,11852,11336,-516,18416,18107,-309,6564,6771,207,516,309,207,309,207,0,True,medium,4,0,0,0,False,False,0,0,,,,,,,,,,
2026-07-25T22:18:25Z,229,P2-C1,P2,0x927EB9E0,12,Ryu,True,True,normal_damage_red_generation,48000,48000,11336,10384,-952,18107,17536,-571,6771,7152,381,952,571,381,571,381,0,True,medium,4,0,0,0,False,False,0,0,,,,,,,,,,
2026-07-25T22:18:25Z,230,P2-C1,P2,0x927EB9E0,12,Ryu,True,True,normal_damage_red_generation,48000,48000,10384,8224,-2160,17536,16240,-1296,7152,8016,864,2160,1296,864,1296,864,0,True,medium,4,0,0,0,False,False,0,0,,,,,,,,,,
2026-07-25T22:18:26Z,232,P2-C1,P2,0x927EB9E0,12,Ryu,True,True,normal_damage_red_generation,48000,48000,8224,7085,-1139,16240,15557,-683,8016,8472,456,1139,683,456,683,456,0,True,medium,4,0,0,0,False,False,0,0,,,,,,,,,,
2026-07-25T22:18:26Z,234,P2-C1,P2,0x927EB9E0,12,Ryu,True,True,normal_damage_red_generation,48000,48000,7085,4271,-2814,15557,13869,-1688,8472,9598,1126,2814,1688,1126,1688,1126,0,True,medium,4,0,0,0,False,False,0,0,,,,,,,,,,
2026-07-25T22:18:28Z,238,P2-C1,P2,0x927EB9E0,12,Ryu,True,True,normal_damage_red_generation,48000,48000,4271,3711,-560,13869,13533,-336,9598,9822,224,560,336,224,336,224,0,True,medium,4,0,0,0,False,False,0,0,,,,,,,,,,
2026-07-25T22:18:28Z,239,P2-C1,P2,0x927EB9E0,12,Ryu,True,True,normal_damage_red_generation,48000,48000,3711,3280,-431,13533,13275,-258,9822,9995,173,431,258,173,258,173,0,True,medium,4,0,0,0,False,False,0,0,,,,,,,,,,
2026-07-25T22:18:28Z,240,P2-C1,P2,0x927EB9E0,12,Ryu,True,True,normal_damage_red_generation,48000,48000,3280,1768,-1512,13275,12368,-907,9995,10600,605,1512,907,605,907,605,0,True,medium,4,0,0,0,False,False,0,0,,,,,,,,,,
2026-07-25T22:18:29Z,242,P2-C1,P2,0x927EB9E0,12,Ryu,True,True,normal_damage_red_generation,48000,48000,1768,139,-1629,12368,11391,-977,10600,11252,652,1629,977,652,977,652,0,True,medium,4,0,0,0,False,False,0,0,,,,,,,,,,
2026-07-25T22:18:30Z,244,P2-C1,P2,0x927EB9E0,12,Ryu,True,True,normal_damage_red_generation,48000,48000,139,1,-138,11391,10889,-502,11252,10888,-364,138,502,0,82,56,-56,False,medium,4,0,0,0,False,False,0,0,,,,,,,,,,difference can indicate multiple native damage requests between GUI samples
2026-07-25T22:18:30Z,245,P2-C1,P2,0x927EB9E0,12,Ryu,True,True,ceiling_loss,48000,48000,1,1,0,10889,10610,-279,10888,10609,-279,0,279,0,,,,,none,4,0,0,0,False,False,0,0,,,,,,,,,,
2026-07-25T22:18:30Z,246,P2-C1,P2,0x927EB9E0,12,Ryu,True,True,ceiling_loss,48000,48000,1,1,0,10610,10355,-255,10609,10354,-255,0,255,0,,,,,none,4,0,0,0,False,False,0,0,,,,,,,,,,
2026-07-25T22:18:31Z,249,P2-C1,P2,0x927EB9E0,12,Ryu,True,True,ceiling_loss,48000,48000,1,1,0,10355,9761,-594,10354,9760,-594,0,594,0,,,,,none,4,0,0,0,False,False,0,0,,,,,,,,,,
2026-07-25T22:18:32Z,250,P2-C1,P2,0x927EB9E0,12,Ryu,True,True,ceiling_loss,48000,48000,1,1,0,9761,8854,-907,9760,8853,-907,0,907,0,,,,,none,4,0,0,0,False,False,0,0,,,,,,,,,,
2026-07-25T22:18:32Z,252,P2-C1,P2,0x927EB9E0,12,Ryu,True,True,ceiling_loss,48000,48000,1,1,0,8854,7877,-977,8853,7876,-977,0,977,0,,,,,none,4,0,0,0,False,False,0,0,,,,,,,,,,
2026-07-25T22:18:33Z,254,P2-C1,P2,0x927EB9E0,12,Ryu,True,True,ceiling_loss,48000,48000,1,1,0,7877,7381,-496,7876,7380,-496,0,496,0,,,,,none,4,0,0,0,False,False,0,0,,,,,,,,,,
2026-07-25T22:18:33Z,256,P2-C1,P2,0x927EB9E0,12,Ryu,True,True,ceiling_loss,48000,48000,1,1,0,7381,7106,-275,7380,7105,-275,0,275,0,,,,,none,4,0,0,0,False,False,0,0,,,,,,,,,,
2026-07-25T22:18:34Z,257,P2-C1,P2,0x927EB9E0,12,Ryu,True,True,ceiling_loss,48000,48000,1,1,0,7106,6598,-508,7105,6597,-508,0,508,0,,,,,none,4,0,0,0,False,False,0,0,,,,,,,,,,
2026-07-25T22:18:34Z,258,P2-C1,P2,0x927EB9E0,12,Ryu,True,True,ceiling_loss,48000,48000,1,1,0,6598,5819,-779,6597,5818,-779,0,779,0,,,,,none,4,0,0,0,False,False,0,0,,,,,,,,,,
2026-07-25T22:18:35Z,260,P2-C1,P2,0x927EB9E0,12,Ryu,True,True,ceiling_loss,48000,48000,1,1,0,5819,5447,-372,5818,5446,-372,0,372,0,,,,,none,4,0,0,0,False,False,0,0,,,,,,,,,,
2026-07-25T22:18:35Z,261,P2-C1,P2,0x927EB9E0,12,Ryu,True,True,ceiling_loss,48000,48000,1,1,0,5447,5245,-202,5446,5244,-202,0,202,0,,,,,none,4,0,0,0,False,False,0,0,,,,,,,,,,
2026-07-25T22:18:36Z,262,P2-C1,P2,0x927EB9E0,12,Ryu,True,True,ceiling_loss,48000,48000,1,1,0,5245,4882,-363,5244,4881,-363,0,363,0,,,,,none,4,0,0,0,False,False,0,0,,,,,,,,,,
2026-07-25T22:18:36Z,263,P2-C1,P2,0x927EB9E0,12,Ryu,True,True,ceiling_loss,48000,48000,1,1,0,4882,4420,-462,4881,4419,-462,0,462,0,,,,,none,4,0,0,0,False,False,0,0,,,,,,,,,,
2026-07-25T22:18:36Z,265,P2-C1,P2,0x927EB9E0,12,Ryu,True,True,ceiling_loss,48000,48000,1,1,0,4420,4131,-289,4419,4130,-289,0,289,0,,,,,none,4,0,0,0,False,False,0,0,,,,,,,,,,
2026-07-25T22:18:37Z,266,P2-C1,P2,0x927EB9E0,12,Ryu,True,True,ceiling_loss,48000,48000,1,1,0,4131,4034,-97,4130,4033,-97,0,97,0,,,,,none,4,-162,-97,0,False,False,0,0,,,,,,,,,,
2026-07-25T22:18:37Z,267,P2-C1,P2,0x927EB9E0,12,Ryu,True,True,ceiling_loss,48000,48000,1,1,0,4034,3454,-580,4033,3453,-580,0,580,0,,,,,none,4,0,0,0,False,False,0,0,,,,,,,,,,
2026-07-25T22:18:38Z,270,P2-C1,P2,0x927EB9E0,12,Ryu,True,True,ceiling_loss,48000,48000,1,1,0,3454,2860,-594,3453,2859,-594,0,594,0,,,,,none,4,0,0,0,False,False,0,0,,,,,,,,,,
2026-07-25T22:18:39Z,272,P2-C1,P2,0x927EB9E0,12,Ryu,True,True,ceiling_loss,48000,48000,1,1,0,2860,1953,-907,2859,1952,-907,0,907,0,,,,,none,4,0,0,0,False,False,0,0,,,,,,,,,,
2026-07-25T22:18:39Z,274,P2-C1,P2,0x927EB9E0,12,Ryu,True,True,ceiling_loss,48000,48000,1,1,0,1953,976,-977,1952,975,-977,0,977,0,,,,,none,4,0,0,0,False,False,0,0,,,,,,,,,,
2026-07-25T22:18:40Z,277,P2-C1,P2,0x927EB9E0,12,Ryu,True,True,ceiling_loss,48000,48000,1,1,0,976,388,-588,975,387,-588,0,588,0,,,,,none,4,0,0,0,False,False,0,0,,,,,,,,,,
2026-07-25T22:18:41Z,280,P2-C1,P2,0x927EB9E0,12,Ryu,True,True,ceiling_loss,48000,48000,1,1,0,388,52,-336,387,51,-336,0,336,0,,,,,none,4,0,0,0,False,False,0,0,,,,,,,,,,
2026-07-25T22:18:41Z,281,P2-C1,P2,0x927EB9E0,12,Ryu,True,True,recoverable_health_discarded,48000,48000,1,1,0,52,1,-51,51,0,-51,0,51,0,,,,,none,4,0,0,0,False,False,0,0,,,,,,,,,,
2026-07-25T22:19:00Z,402,P2-C1,P2,0x927EB9E0,12,Ryu,True,True,current_and_ceiling_heal,48000,48000,1,1001,1000,1,1001,1000,0,0,0,0,0,0,,,,,none,4,500,0,1,False,False,0,0,P1-C1,5,Yatterman-1,1,idle,0,1860,0x8000420C,0x00100123,
2026-07-25T22:19:00Z,403,P2-C1,P2,0x927EB9E0,12,Ryu,True,True,current_and_ceiling_heal,48000,48000,1001,3501,2500,1001,3501,2500,0,0,0,0,0,0,,,,,none,4,500,0,1,False,False,0,0,P1-C1,5,Yatterman-1,1,idle,0,1860,0x8000420C,0x00100123,
2026-07-25T22:19:01Z,404,P2-C1,P2,0x927EB9E0,12,Ryu,True,True,current_and_ceiling_heal,48000,48000,3501,9501,6000,3501,9501,6000,0,0,0,0,0,0,,,,,none,4,500,0,1,False,False,0,0,P1-C1,5,Yatterman-1,1,idle,0,1860,0x8000420C,0x00100123,
2026-07-25T22:19:01Z,405,P2-C1,P2,0x927EB9E0,12,Ryu,True,True,current_and_ceiling_heal,48000,48000,9501,15501,6000,9501,15501,6000,0,0,0,0,0,0,,,,,none,4,500,0,1,False,False,0,0,P1-C1,5,Yatterman-1,1,idle,0,1860,0x8000420C,0x00100123,
2026-07-25T22:19:01Z,406,P2-C1,P2,0x927EB9E0,12,Ryu,True,True,current_and_ceiling_heal,48000,48000,15501,21501,6000,15501,21501,6000,0,0,0,0,0,0,,,,,none,4,500,0,1,False,False,0,0,P1-C1,5,Yatterman-1,1,idle,0,1860,0x8000420C,0x00100123,
2026-07-25T22:19:01Z,407,P2-C1,P2,0x927EB9E0,12,Ryu,True,True,current_and_ceiling_heal,48000,48000,21501,27001,5500,21501,27001,5500,0,0,0,0,0,0,,,,,none,4,500,0,1,False,False,0,0,P1-C1,5,Yatterman-1,1,idle,0,1860,0x8000420C,0x00100123,
2026-07-25T22:19:01Z,408,P2-C1,P2,0x927EB9E0,12,Ryu,True,True,current_and_ceiling_heal,48000,48000,27001,31501,4500,27001,31501,4500,0,0,0,0,0,0,,,,,none,4,500,0,1,False,False,0,0,P1-C1,5,Yatterman-1,1,idle,0,1860,0x8000420C,0x00100123,
2026-07-25T22:19:01Z,409,P2-C1,P2,0x927EB9E0,12,Ryu,True,True,current_and_ceiling_heal,48000,48000,31501,35001,3500,31501,35001,3500,0,0,0,0,0,0,,,,,none,4,500,0,1,False,False,0,0,P1-C1,5,Yatterman-1,1,idle,0,1860,0x8000420C,0x00100123,
2026-07-25T23:13:18Z,825,P1-C1,P1,0x9246B9C0,1,Ken the Eagle,True,False,fighter_reset_or_reloaded,42000,44000,42000,44000,2000,42000,44000,2000,0,0,0,0,0,0,,,,,none,4,0,0,0,False,False,0,0,,,,,,,,,,maximum health changed
2026-07-25T23:13:19Z,832,P2-C1,P2,0x927EB9E0,12,Ryu,True,False,point_status_change,48000,48000,48000,48000,0,48000,48000,0,0,0,0,0,0,0,,,,,none,4,0,0,0,False,False,0,0,,,,,,,,,,
2026-07-25T23:13:20Z,837,P1-C2,P1,0x92B6BA00,2,Casshan,False,False,fighter_reset_or_reloaded,38000,50000,38000,50000,12000,38000,50000,12000,0,0,0,0,0,0,,,,,none,4,0,0,0,False,False,0,0,,,,,,,,,,maximum health changed
2026-07-25T23:13:21Z,848,P1-C1,P1,0x9246B9C0,1,Ken the Eagle,False,True,point_status_change,44000,44000,44000,44000,0,44000,44000,0,0,0,0,0,0,0,,,,,none,4,0,0,0,False,False,0,0,,,,,,,,,,
2026-07-25T23:13:21Z,848,P2-C1,P2,0x927EB9E0,12,Ryu,False,True,point_status_change,48000,48000,48000,48000,0,48000,48000,0,0,0,0,0,0,0,,,,,none,4,0,0,0,False,False,0,0,,,,,,,,,,
2026-07-25T23:13:29Z,913,P1-C1,P1,0x9246B9C0,1,Ken the Eagle,True,True,ten_percent_current_only_cost,44000,44000,44000,39600,-4400,44000,44000,0,0,4400,4400,4400,0,4400,,4400,0,True,high,4,0,0,0,False,False,0,0,,,,,,,,,,
2026-07-25T23:13:30Z,922,P2-C1,P2,0x927EB9E0,12,Ryu,True,True,normal_damage_red_generation,48000,48000,48000,45520,-2480,48000,46512,-1488,0,992,992,2480,1488,992,1488,992,0,True,medium,4,0,0,0,False,False,0,0,,,,,,,,,,
2026-07-25T23:13:31Z,924,P2-C1,P2,0x927EB9E0,12,Ryu,True,True,normal_damage_red_generation,48000,48000,45520,42860,-2660,46512,44916,-1596,992,2056,1064,2660,1596,1064,1596,1064,0,True,medium,4,0,0,0,False,False,0,0,,,,,,,,,,
2026-07-25T23:13:31Z,926,P2-C1,P2,0x927EB9E0,12,Ryu,True,True,normal_damage_red_generation,48000,48000,42860,42141,-719,44916,44485,-431,2056,2344,288,719,431,288,431,288,0,True,medium,4,0,0,0,False,False,0,0,,,,,,,,,,
2026-07-25T23:13:32Z,927,P2-C1,P2,0x927EB9E0,12,Ryu,True,True,normal_damage_red_generation,48000,48000,42141,39527,-2614,44485,42917,-1568,2344,3390,1046,2614,1568,1046,1568,1046,0,True,medium,4,0,0,0,False,False,0,0,,,,,,,,,,
2026-07-25T23:13:35Z,942,P2-C1,P2,0x927EB9E0,12,Ryu,True,True,mixed_heal,48000,48000,39527,43527,4000,42917,43527,610,3390,0,-3390,0,0,0,,,,,none,4,500,0,1,False,False,0,0,,,,,,,,,,
2026-07-25T23:13:35Z,943,P2-C1,P2,0x927EB9E0,12,Ryu,True,True,full_health_reset,48000,48000,43527,48000,4473,43527,48000,4473,0,0,0,0,0,0,,,,,none,4,0,0,0,False,False,0,0,,,,,,,,,,
2026-07-25T23:13:39Z,966,P2-C1,P2,0x927EB9E0,12,Ryu,True,True,normal_damage_red_generation,48000,48000,48000,45520,-2480,48000,46512,-1488,0,992,992,2480,1488,992,1488,992,0,True,medium,4,0,0,0,False,False,0,0,,,,,,,,,,
2026-07-25T23:13:41Z,973,P2-C1,P2,0x927EB9E0,12,Ryu,True,True,full_health_reset,48000,48000,45520,48000,2480,46512,48000,1488,992,0,-992,0,0,0,,,,,none,4,0,0,0,False,False,0,0,,,,,,,,,,
2026-07-25T23:13:42Z,977,P2-C1,P2,0x927EB9E0,12,Ryu,True,True,normal_damage_red_generation,48000,48000,48000,45520,-2480,48000,46512,-1488,0,992,992,2480,1488,992,1488,992,0,True,medium,4,0,0,0,False,False,0,0,,,,,,,,,,
2026-07-25T23:13:43Z,983,P2-C1,P2,0x927EB9E0,12,Ryu,True,True,normal_damage_red_generation,48000,48000,45520,43040,-2480,46512,45024,-1488,992,1984,992,2480,1488,992,1488,992,0,True,medium,4,0,0,0,False,False,0,0,,,,,,,,,,
2026-07-25T23:13:43Z,984,P2-C1,P2,0x927EB9E0,12,Ryu,True,True,normal_damage_red_generation,48000,48000,43040,40380,-2660,45024,43428,-1596,1984,3048,1064,2660,1596,1064,1596,1064,0,True,medium,4,0,0,0,False,False,0,0,,,,,,,,,,
2026-07-25T23:13:44Z,987,P2-C1,P2,0x927EB9E0,12,Ryu,True,True,normal_damage_red_generation,48000,48000,40380,37580,-2800,43428,41748,-1680,3048,4168,1120,2800,1680,1120,1680,1120,0,True,medium,4,0,0,0,False,False,0,0,,,,,,,,,,
2026-07-25T23:13:46Z,995,P2-C1,P2,0x927EB9E0,12,Ryu,True,True,mixed_heal,48000,48000,37580,42080,4500,41748,42080,332,4168,0,-4168,0,0,0,,,,,none,4,500,0,1,False,False,0,0,,,,,,,,,,
2026-07-25T23:13:46Z,996,P2-C1,P2,0x927EB9E0,12,Ryu,True,True,current_and_ceiling_heal,48000,48000,42080,47580,5500,42080,47580,5500,0,0,0,0,0,0,,,,,none,4,0,0,0,False,False,0,0,,,,,,,,,,
2026-07-25T23:13:46Z,997,P1-C1,P1,0x9246B9C0,1,Ken the Eagle,True,False,point_status_change,44000,44000,39600,39600,0,44000,44000,0,4400,4400,0,0,0,0,,,,,none,4,500,0,1,False,False,0,0,,,,,,,,,,
2026-07-25T23:13:46Z,997,P1-C2,P1,0x92B6BA00,2,Casshan,False,True,point_status_change,50000,50000,50000,50000,0,50000,50000,0,0,0,0,0,0,0,,,,,none,4,0,0,0,False,False,0,0,,,,,,,,,,
2026-07-25T23:13:46Z,997,P2-C1,P2,0x927EB9E0,12,Ryu,True,True,full_health_reset,48000,48000,47580,48000,420,47580,48000,420,0,0,0,0,0,0,,,,,none,4,0,0,0,False,False,0,0,,,,,,,,,,
2026-07-25T23:13:46Z,998,P1-C1,P1,0x9246B9C0,1,Ken the Eagle,False,False,reserve_recovery,44000,44000,39600,43100,3500,44000,44000,0,4400,900,-3500,0,0,0,,,0,True,medium,4,0,0,0,False,False,0,0,,,,,,,,,,
2026-07-25T23:13:46Z,998,P1-C2,P1,0x92B6BA00,2,Casshan,True,True,ten_percent_current_only_cost,50000,50000,50000,45000,-5000,50000,50000,0,0,5000,5000,5000,0,5000,,5000,0,True,high,4,0,0,0,False,False,0,0,,,,,,,,,,
2026-07-25T23:13:46Z,999,P1-C1,P1,0x9246B9C0,1,Ken the Eagle,False,False,reserve_recovery,44000,44000,43100,44000,900,44000,44000,0,900,0,-900,0,0,0,,,0,True,medium,4,0,0,0,False,False,0,0,,,,,,,,,,
2026-07-25T23:13:47Z,1000,P2-C1,P2,0x927EB9E0,12,Ryu,True,True,normal_damage_red_generation,48000,48000,48000,47200,-800,48000,47520,-480,0,320,320,800,480,320,480,320,0,True,medium,4,0,0,0,False,False,0,0,,,,,,,,,,
2026-07-25T23:13:49Z,1012,P1-C2,P1,0x92B6BA00,2,Casshan,True,True,recoverable_heal,50000,50000,45000,48500,3500,50000,50000,0,5000,1500,-3500,0,0,0,,,,,none,4,500,0,1,False,False,0,0,,,,,,,,,,
2026-07-25T23:13:49Z,1012,P2-C1,P2,0x927EB9E0,12,Ryu,True,True,full_health_reset,48000,48000,47200,48000,800,47520,48000,480,320,0,-320,0,0,0,,,,,none,4,0,0,0,False,False,0,0,,,,,,,,,,
2026-07-25T23:13:50Z,1013,P1-C2,P1,0x92B6BA00,2,Casshan,True,True,recoverable_heal,50000,50000,48500,50000,1500,50000,50000,0,1500,0,-1500,0,0,0,,,,,none,4,0,0,0,False,False,0,0,,,,,,,,,,
2026-07-25T23:13:51Z,1020,P1-C2,P1,0x92B6BA00,2,Casshan,True,True,ten_percent_current_only_cost,50000,50000,50000,45000,-5000,50000,50000,0,0,5000,5000,5000,0,5000,,5000,0,True,high,4,0,0,0,False,False,0,0,,,,,,,,,,
2026-07-25T23:13:52Z,1028,P2-C1,P2,0x927EB9E0,12,Ryu,True,True,normal_damage_red_generation,48000,48000,48000,46480,-1520,48000,47088,-912,0,608,608,1520,912,608,912,608,0,True,high,4,0,0,0,False,False,0,0,P1-C2,2,Casshan,310,Knee A,0,480,0x0000000C,0x00040102,
2026-07-25T23:13:52Z,1030,P2-C1,P2,0x927EB9E0,12,Ryu,True,True,normal_damage_red_generation,48000,48000,46480,44922,-1558,47088,46154,-934,608,1232,624,1558,934,624,934,624,0,True,medium,4,0,0,0,False,False,0,0,P1-C2,2,Casshan,310,Knee A,0,480,0x0000000C,0x00040102,
2026-07-25T23:13:53Z,1031,P1-C1,P1,0x9246B9C0,1,Ken the Eagle,False,True,point_status_change,44000,44000,44000,44000,0,44000,44000,0,0,0,0,0,0,0,,,,,none,4,0,0,0,False,False,0,0,,,,,,,,,,
2026-07-25T23:13:54Z,1034,P1-C2,P1,0x92B6BA00,2,Casshan,True,True,recoverable_heal,50000,50000,45000,50000,5000,50000,50000,0,5000,0,-5000,0,0,0,,,,,none,4,0,0,0,False,False,0,0,,,,,,,,,,
2026-07-25T23:13:55Z,1037,P1-C1,P1,0x9246B9C0,1,Ken the Eagle,True,False,point_status_change,44000,44000,44000,44000,0,44000,44000,0,0,0,0,0,0,0,,,,,none,4,4,0,0,False,False,0,0,,,,,,,,,,
2026-07-25T23:13:55Z,1038,P2-C1,P2,0x927EB9E0,12,Ryu,True,True,full_health_reset,48000,48000,44922,48000,3078,46154,48000,1846,1232,0,-1232,0,0,0,,,,,none,4,0,0,0,False,False,0,0,P1-C1,1,Ken the Eagle,430,assist standby,0,1024,0x00000009,0x00000102,
2026-07-25T23:13:57Z,1050,P1-C2,P1,0x92B6BA00,2,Casshan,True,True,ten_percent_current_only_cost,50000,50000,50000,45000,-5000,50000,50000,0,0,5000,5000,5000,0,5000,,5000,0,True,high,4,0,0,0,False,False,0,0,,,,,,,,,,
2026-07-25T23:13:59Z,1062,P2-C1,P2,0x927EB9E0,12,Ryu,True,True,normal_damage_red_generation,48000,48000,48000,46480,-1520,48000,47088,-912,0,608,608,1520,912,608,912,608,0,True,high,4,0,0,0,False,False,0,0,P1-C2,2,Casshan,310,Knee A,0,480,0x0000000C,0x00040102,
2026-07-25T23:13:59Z,1064,P1-C2,P1,0x92B6BA00,2,Casshan,True,True,baroque_consume,50000,50000,45000,45000,0,50000,45000,-5000,5000,0,-5000,0,5000,0,,-5000,0,True,high,4,0,0,0,False,True,0,5000,,,,,,,,,,
2026-07-25T23:13:59Z,1064,P2-C1,P2,0x927EB9E0,12,Ryu,True,True,normal_damage_red_generation,48000,48000,46480,44922,-1558,47088,46154,-934,608,1232,624,1558,934,624,934,624,0,True,high,4,0,0,0,False,False,0,0,P1-C2,2,Casshan,162,Baroque cancel,0,480,0x0000000C,0x00040102,
2026-07-25T23:14:00Z,1066,P1-C1,P1,0x9246B9C0,1,Ken the Eagle,False,True,point_status_change,44000,44000,44000,44000,0,44000,44000,0,0,0,0,0,0,0,,,,,none,4,0,0,0,False,False,0,0,,,,,,,,,,
2026-07-25T23:33:36Z,115,P1-C1,P1,0x9246B9C0,1,Ken the Eagle,True,True,ten_percent_current_only_cost,44000,44000,44000,39600,-4400,44000,44000,0,0,4400,4400,4400,0,4400,,4400,0,True,high,4,0,0,0,False,False,0,0,,,,,,,,,,
2026-07-25T23:33:41Z,138,P2-C1,P2,0x927EB9E0,12,Ryu,True,True,normal_damage_red_generation,48000,48000,48000,45520,-2480,48000,46512,-1488,0,992,992,2480,1488,992,1488,992,0,True,medium,4,0,0,0,False,False,0,0,,,,,,,,,,
2026-07-25T23:33:42Z,142,P2-C1,P2,0x927EB9E0,12,Ryu,True,True,normal_damage_red_generation,48000,48000,45520,43040,-2480,46512,45024,-1488,992,1984,992,2480,1488,992,1488,992,0,True,medium,4,0,0,0,False,False,0,0,,,,,,,,,,
2026-07-25T23:33:42Z,143,P2-C1,P2,0x927EB9E0,12,Ryu,True,True,normal_damage_red_generation,48000,48000,43040,40380,-2660,45024,43428,-1596,1984,3048,1064,2660,1596,1064,1596,1064,0,True,medium,4,0,0,0,False,False,0,0,,,,,,,,,,
2026-07-25T23:33:43Z,146,P2-C1,P2,0x927EB9E0,12,Ryu,True,True,normal_damage_red_generation,48000,48000,40380,39658,-722,43428,42995,-433,3048,3337,289,722,433,289,433,289,0,True,medium,4,0,0,0,False,False,0,0,,,,,,,,,,
2026-07-25T23:33:43Z,147,P2-C1,P2,0x927EB9E0,12,Ryu,True,True,normal_damage_red_generation,48000,48000,39658,37023,-2635,42995,41414,-1581,3337,4391,1054,2635,1581,1054,1581,1054,0,True,medium,4,0,0,0,False,False,0,0,,,,,,,,,,
2026-07-25T23:33:46Z,164,P2-C1,P2,0x927EB9E0,12,Ryu,True,True,normal_damage_red_generation,48000,48000,37023,36614,-409,41414,41169,-245,4391,4555,164,409,245,164,245,164,0,True,medium,4,0,0,0,False,False,0,0,,,,,,,,,,
2026-07-25T23:33:51Z,186,P2-C1,P2,0x927EB9E0,12,Ryu,True,True,normal_damage_red_generation,48000,48000,36614,31802,-4812,41169,38283,-2886,4555,6481,1926,4812,2886,1926,2887,1925,1,False,high,4,0,0,0,False,False,0,0,P1-C1,1,Ken the Eagle,512,Phoenix,0,3320,0x0020020C,0x40000123,difference can indicate multiple native damage requests between GUI samples
2026-07-25T23:33:51Z,187,P2-C1,P2,0x927EB9E0,12,Ryu,True,True,normal_damage_red_generation,48000,48000,31802,25829,-5973,38283,34700,-3583,6481,8871,2390,5973,3583,2390,3583,2390,0,True,high,4,0,0,0,False,False,0,0,P1-C1,1,Ken the Eagle,512,Phoenix,0,3320,0x0020020C,0x40000123,
2026-07-25T23:33:52Z,188,P2-C1,P2,0x927EB9E0,12,Ryu,True,True,normal_damage_red_generation,48000,48000,25829,17864,-7965,34700,29923,-4777,8871,12059,3188,7965,4777,3188,4779,3186,2,False,high,4,0,0,0,False,False,0,0,P1-C1,1,Ken the Eagle,512,Phoenix,0,3320,0x0000020C,0x40000023,difference can indicate multiple native damage requests between GUI samples
2026-07-25T23:33:54Z,191,P1-C1,P1,0x9246B9C0,1,Ken the Eagle,True,False,point_status_change,44000,44000,39600,39600,0,44000,44000,0,4400,4400,0,0,0,0,,,,,none,4,500,0,1,False,False,0,0,,,,,,,,,,
2026-07-25T23:33:54Z,191,P1-C2,P1,0x92B6BA00,2,Casshan,False,True,point_status_change,50000,50000,50000,50000,0,50000,50000,0,0,0,0,0,0,0,,,,,none,4,0,0,0,False,False,0,0,,,,,,,,,,
2026-07-25T23:33:55Z,192,P1-C1,P1,0x9246B9C0,1,Ken the Eagle,False,False,reserve_recovery,44000,44000,39600,44000,4400,44000,44000,0,4400,0,-4400,0,0,0,,,0,True,medium,4,0,0,0,False,False,0,0,,,,,,,,,,
2026-07-25T23:33:55Z,192,P1-C2,P1,0x92B6BA00,2,Casshan,True,True,ten_percent_current_only_cost,50000,50000,50000,45000,-5000,50000,50000,0,0,5000,5000,5000,0,5000,,5000,0,True,high,4,0,0,0,False,False,0,0,,,,,,,,,,
2026-07-25T23:33:55Z,192,P2-C1,P2,0x927EB9E0,12,Ryu,True,True,normal_damage_red_generation,48000,48000,17864,17064,-800,29923,29443,-480,12059,12379,320,800,480,320,480,320,0,True,medium,4,0,0,0,False,False,0,0,P1-C1,1,Ken the Eagle,512,Phoenix,0,3320,0x0000020C,0x40000023,
2026-07-25T23:33:58Z,199,P2-C1,P2,0x927EB9E0,12,Ryu,True,True,recoverable_heal,48000,48000,17064,25564,8500,29443,29443,0,12379,3879,-8500,0,0,0,,,,,none,4,500,0,1,False,False,0,0,,,,,,,,,,
2026-07-25T23:33:58Z,200,P2-C1,P2,0x927EB9E0,12,Ryu,True,True,mixed_heal,48000,48000,25564,35064,9500,29443,35064,5621,3879,0,-3879,0,0,0,,,,,none,4,500,0,1,False,False,0,0,,,,,,,,,,
2026-07-25T23:33:58Z,201,P2-C1,P2,0x927EB9E0,12,Ryu,True,True,current_and_ceiling_heal,48000,48000,35064,40064,5000,35064,40064,5000,0,0,0,0,0,0,,,,,none,4,500,0,1,False,False,0,0,,,,,,,,,,
2026-07-25T23:33:59Z,202,P2-C1,P2,0x927EB9E0,12,Ryu,True,True,current_and_ceiling_heal,48000,48000,40064,44564,4500,40064,44564,4500,0,0,0,0,0,0,,,,,none,4,500,0,1,False,False,0,0,,,,,,,,,,
2026-07-25T23:33:59Z,203,P2-C1,P2,0x927EB9E0,12,Ryu,True,True,full_health_reset,48000,48000,44564,48000,3436,44564,48000,3436,0,0,0,0,0,0,,,,,none,4,0,0,0,False,False,0,0,,,,,,,,,,
2026-07-25T23:34:16Z,341,P2-C1,P2,0x927EB9E0,12,Ryu,True,True,normal_damage_red_generation,48000,48000,48000,46480,-1520,48000,47088,-912,0,608,608,1520,912,608,912,608,0,True,high,4,0,0,0,False,False,0,0,P1-C2,2,Casshan,310,Knee A,0,480,0x0000000C,0x00040102,
2026-07-25T23:34:17Z,342,P1-C2,P1,0x92B6BA00,2,Casshan,True,True,baroque_consume,50000,50000,45000,45000,0,50000,45000,-5000,5000,0,-5000,0,5000,0,,-5000,0,True,high,4,0,0,0,False,True,0,5000,,,,,,,,,,
2026-07-25T23:34:17Z,342,P2-C1,P2,0x927EB9E0,12,Ryu,True,True,normal_damage_red_generation,48000,48000,46480,44922,-1558,47088,46154,-934,608,1232,624,1558,934,624,934,624,0,True,medium,4,0,0,0,False,False,0,0,P1-C2,2,Casshan,310,Knee A,0,480,0x0000000C,0x00040102,
2026-07-25T23:34:17Z,343,P1-C1,P1,0x9246B9C0,1,Ken the Eagle,False,True,point_status_change,44000,44000,44000,44000,0,44000,44000,0,0,0,0,0,0,0,,,,,none,4,0,0,0,False,False,0,0,,,,,,,,,,
2026-07-25T23:34:19Z,349,P2-C1,P2,0x927EB9E0,12,Ryu,True,True,normal_damage_red_generation,48000,48000,44922,40308,-4614,46154,43387,-2767,1232,3079,1847,4614,2767,1847,2768,1846,1,False,medium,4,0,0,0,False,False,0,0,P1-C2,2,Casshan,310,Knee A,0,480,0x0000000C,0x00040102,difference can indicate multiple native damage requests between GUI samples
2026-07-25T23:34:19Z,350,P2-C1,P2,0x927EB9E0,12,Ryu,True,True,normal_damage_red_generation,48000,48000,40308,37077,-3231,43387,41449,-1938,3079,4372,1293,3231,1938,1293,1938,1293,0,True,medium,4,0,0,0,False,False,0,0,,,,,,,,,,
2026-07-25T23:34:20Z,351,P2-C1,P2,0x927EB9E0,12,Ryu,True,True,normal_damage_red_generation,48000,48000,37077,35308,-1769,41449,40389,-1060,4372,5081,709,1769,1060,709,1061,708,1,False,medium,4,0,0,0,False,False,0,0,,,,,,,,,,difference can indicate multiple native damage requests between GUI samples
2026-07-25T23:34:21Z,356,P1-C2,P1,0x92B6BA00,2,Casshan,True,True,recoverable_ceiling_gain,50000,50000,45000,45000,0,45000,50000,5000,0,5000,5000,0,0,5000,,,,,none,4,0,0,0,True,False,5000,5000,,,,,,,,,,
2026-07-25T23:34:21Z,357,P1-C1,P1,0x9246B9C0,1,Ken the Eagle,True,False,point_status_change,44000,44000,44000,44000,0,44000,44000,0,0,0,0,0,0,0,,,,,none,4,4,0,0,False,False,0,0,,,,,,,,,,
2026-07-25T23:34:22Z,362,P2-C1,P2,0x927EB9E0,12,Ryu,True,True,recoverable_heal,48000,48000,35308,36308,1000,40389,40389,0,5081,4081,-1000,0,0,0,,,,,none,4,500,0,1,False,False,0,0,,,,,,,,,,
2026-07-25T23:34:22Z,363,P2-C1,P2,0x927EB9E0,12,Ryu,True,True,mixed_heal,48000,48000,36308,41308,5000,40389,41308,919,4081,0,-4081,0,0,0,,,,,none,4,500,0,1,False,False,0,0,,,,,,,,,,
2026-07-25T23:34:22Z,364,P2-C1,P2,0x927EB9E0,12,Ryu,True,True,current_and_ceiling_heal,48000,48000,41308,46308,5000,41308,46308,5000,0,0,0,0,0,0,,,,,none,4,500,0,1,False,False,0,0,,,,,,,,,,
2026-07-25T23:34:23Z,365,P2-C1,P2,0x927EB9E0,12,Ryu,True,True,full_health_reset,48000,48000,46308,48000,1692,46308,48000,1692,0,0,0,0,0,0,,,,,none,4,0,0,0,False,False,0,0,,,,,,,,,,
2026-07-25T23:34:23Z,369,P2-C1,P2,0x927EB9E0,12,Ryu,True,True,normal_damage_red_generation,48000,48000,48000,46480,-1520,48000,47088,-912,0,608,608,1520,912,608,912,608,0,True,high,4,0,0,0,False,False,0,0,P1-C2,2,Casshan,310,Knee A,0,480,0x0000000C,0x00040102,
2026-07-25T23:34:23Z,370,P1-C2,P1,0x92B6BA00,2,Casshan,True,True,baroque_consume,50000,50000,45000,45000,0,50000,45000,-5000,5000,0,-5000,0,5000,0,,-5000,0,True,high,4,0,0,0,False,True,5000,5000,,,,,,,,,,
2026-07-25T23:34:23Z,370,P2-C1,P2,0x927EB9E0,12,Ryu,True,True,normal_damage_red_generation,48000,48000,46480,44922,-1558,47088,46154,-934,608,1232,624,1558,934,624,934,624,0,True,high,4,0,0,0,False,False,0,0,P1-C2,2,Casshan,162,Baroque cancel,0,480,0x0000000C,0x00040102,
2026-07-25T23:34:24Z,374,P1-C1,P1,0x9246B9C0,1,Ken the Eagle,False,True,point_status_change,44000,44000,44000,44000,0,44000,44000,0,0,0,0,0,0,0,,,,,none,4,0,0,0,False,False,0,0,,,,,,,,,,
2026-07-25T23:34:26Z,383,P2-C1,P2,0x927EB9E0,12,Ryu,True,True,normal_damage_red_generation,48000,48000,44922,42042,-2880,46154,44426,-1728,1232,2384,1152,2880,1728,1152,1728,1152,0,True,medium,4,-1309,-785,0,False,False,0,0,,,,,,,,,,
2026-07-25T23:34:26Z,384,P2-C1,P2,0x927EB9E0,12,Ryu,True,True,normal_damage_red_generation,48000,48000,42042,39502,-2540,44426,42903,-1523,2384,3401,1017,2540,1523,1017,1524,1016,1,False,medium,4,0,0,0,False,False,0,0,,,,,,,,,,difference can indicate multiple native damage requests between GUI samples
2026-07-25T23:34:26Z,385,P1-C2,P1,0x92B6BA00,2,Casshan,True,True,recoverable_ceiling_gain,50000,50000,45000,45000,0,45000,50000,5000,0,5000,5000,0,0,5000,,,,,none,4,0,0,0,True,False,5000,5000,,,,,,,,,,
2026-07-25T23:34:26Z,385,P2-C1,P2,0x927EB9E0,12,Ryu,True,True,normal_damage_red_generation,48000,48000,39502,37102,-2400,42903,41463,-1440,3401,4361,960,2400,1440,960,1440,960,0,True,medium,4,0,0,0,False,False,0,0,,,,,,,,,,
2026-07-25T23:34:27Z,391,P2-C1,P2,0x927EB9E0,12,Ryu,True,True,normal_damage_red_generation,48000,48000,37102,33902,-3200,41463,39543,-1920,4361,5641,1280,3200,1920,1280,1920,1280,0,True,medium,4,0,0,0,False,False,0,0,,,,,,,,,,
2026-07-25T23:34:28Z,392,P1-C1,P1,0x9246B9C0,1,Ken the Eagle,True,False,point_status_change,44000,44000,44000,44000,0,44000,44000,0,0,0,0,0,0,0,,,,,none,4,4,0,0,False,False,0,0,,,,,,,,,,
2026-07-25T23:34:29Z,396,P2-C1,P2,0x927EB9E0,12,Ryu,True,True,normal_damage_red_generation,48000,48000,33902,32762,-1140,39543,38859,-684,5641,6097,456,1140,684,456,684,456,0,True,high,4,0,0,0,False,False,0,0,P1-C2,2,Casshan,520,Scrap Android,0,1,0x0020000C,0x00080087,
2026-07-25T23:34:29Z,401,P2-C1,P2,0x927EB9E0,12,Ryu,True,True,normal_damage_red_generation,48000,48000,32762,29522,-3240,38859,36915,-1944,6097,7393,1296,3240,1944,1296,1944,1296,0,True,high,4,0,0,0,False,False,0,0,P1-C2,2,Casshan,520,Scrap Android,0,480,0x0000000C,0x00040102,
2026-07-25T23:34:33Z,426,P2-C1,P2,0x927EB9E0,12,Ryu,True,True,recoverable_heal,48000,48000,29522,33522,4000,36915,36915,0,7393,3393,-4000,0,0,0,,,,,none,4,500,0,1,False,False,0,0,,,,,,,,,,
2026-07-25T23:34:33Z,427,P2-C1,P2,0x927EB9E0,12,Ryu,True,True,mixed_heal,48000,48000,33522,44522,11000,36915,44522,7607,3393,0,-3393,0,0,0,,,,,none,4,500,0,1,False,False,0,0,,,,,,,,,,
2026-07-25T23:34:33Z,428,P2-C1,P2,0x927EB9E0,12,Ryu,True,True,full_health_reset,48000,48000,44522,48000,3478,44522,48000,3478,0,0,0,0,0,0,,,,,none,4,0,0,0,False,False,0,0,,,,,,,,,,
2026-07-25T23:36:28Z,3,P1-C1,P1,0x9246B9C0,2,Casshan,False,True,point_status_change,50000,50000,50000,50000,0,50000,50000,0,0,0,0,0,0,0,,,,,none,4,224,89696,10112,False,True,0,33686018,,,,,,,,,,
2026-07-25T23:37:21Z,1941,P1-C1,P1,0x9246B9C0,2,Casshan,True,False,point_status_change,50000,50000,50000,50000,0,50000,50000,0,0,0,0,0,0,0,,,,,none,4,0,0,0,True,False,33686018,0,,,,,,,,,,
2026-07-25T23:37:21Z,1948,P2-C1,P2,0x927EB9E0,12,Ryu,True,False,point_status_change,48000,48000,48000,48000,0,48000,48000,0,0,0,0,0,0,0,,,,,none,4,0,0,0,False,False,0,0,,,,,,,,,,
2026-07-25T23:37:22Z,1955,P1-C2,P1,0x92B6BA00,30,Frank West,True,False,fighter_reset_or_reloaded,48000,50000,43200,50000,6800,48000,50000,2000,4800,0,-4800,0,0,0,,,,,none,4,0,0,0,False,False,0,0,,,,,,,,,,maximum health changed
2026-07-25T23:37:23Z,1970,P1-C1,P1,0x9246B9C0,2,Casshan,False,True,point_status_change,50000,50000,50000,50000,0,50000,50000,0,0,0,0,0,0,0,,,,,none,4,0,0,0,False,False,0,0,,,,,,,,,,
2026-07-25T23:37:23Z,1970,P2-C1,P2,0x927EB9E0,12,Ryu,False,True,point_status_change,48000,48000,48000,48000,0,48000,48000,0,0,0,0,0,0,0,,,,,none,4,0,0,0,False,False,0,0,,,,,,,,,,
2026-07-25T23:37:28Z,2023,P1-C1,P1,0x9246B9C0,2,Casshan,True,True,ten_percent_current_only_cost,50000,50000,50000,45000,-5000,50000,50000,0,0,5000,5000,5000,0,5000,,5000,0,True,high,4,0,0,0,False,False,0,0,,,,,,,,,,
2026-07-25T23:37:42Z,2128,P2-C1,P2,0x927EB9E0,12,Ryu,True,True,normal_damage_red_generation,48000,48000,48000,46480,-1520,48000,47088,-912,0,608,608,1520,912,608,912,608,0,True,high,4,0,0,0,False,False,0,0,P1-C1,2,Casshan,310,Knee A,0,480,0x0000000C,0x00040102,
2026-07-25T23:37:42Z,2129,P1-C1,P1,0x9246B9C0,2,Casshan,True,True,baroque_consume,50000,50000,45000,45000,0,50000,45000,-5000,5000,0,-5000,0,5000,0,,-5000,0,True,high,4,0,0,0,False,True,0,5000,,,,,,,,,,
2026-07-25T23:37:42Z,2129,P2-C1,P2,0x927EB9E0,12,Ryu,True,True,normal_damage_red_generation,48000,48000,46480,44922,-1558,47088,46154,-934,608,1232,624,1558,934,624,934,624,0,True,medium,4,0,0,0,False,False,0,0,P1-C1,2,Casshan,310,Knee A,0,480,0x0000000C,0x00040102,
2026-07-25T23:37:43Z,2130,P1-C2,P1,0x92B6BA00,30,Frank West,False,True,point_status_change,50000,50000,50000,50000,0,50000,50000,0,0,0,0,0,0,0,,,,,none,4,0,0,0,False,False,0,0,,,,,,,,,,
2026-07-25T23:37:45Z,2138,P2-C1,P2,0x927EB9E0,12,Ryu,True,True,normal_damage_red_generation,48000,48000,44922,40809,-4113,46154,43687,-2467,1232,2878,1646,4113,2467,1646,2467,1646,0,True,high,4,-614,-368,0,False,False,0,0,P1-C2,30,Frank West,352,Real Megabuster,0,820,0x0000000C,0x00000123,
2026-07-25T23:37:45Z,2139,P2-C1,P2,0x927EB9E0,12,Ryu,True,True,normal_damage_red_generation,48000,48000,40809,39090,-1719,43687,42657,-1030,2878,3567,689,1719,1030,689,1031,688,1,False,high,4,0,0,0,False,False,0,0,P1-C2,30,Frank West,352,Real Megabuster,0,820,0x0000000C,0x00000123,difference can indicate multiple native damage requests between GUI samples
2026-07-25T23:37:46Z,2140,P2-C1,P2,0x927EB9E0,12,Ryu,True,True,normal_damage_red_generation,48000,48000,39090,38599,-491,42657,42363,-294,3567,3764,197,491,294,197,294,197,0,True,high,4,0,0,0,False,False,0,0,P1-C2,30,Frank West,352,Real Megabuster,0,820,0x0000000C,0x00000123,
2026-07-25T23:37:46Z,2141,P2-C1,P2,0x927EB9E0,12,Ryu,True,True,normal_damage_red_generation,48000,48000,38599,38149,-450,42363,42093,-270,3764,3944,180,450,270,180,270,180,0,True,high,4,0,0,0,False,False,0,0,P1-C2,30,Frank West,352,Real Megabuster,0,820,0x0000000C,0x00000123,
2026-07-25T23:37:46Z,2142,P2-C1,P2,0x927EB9E0,12,Ryu,True,True,normal_damage_red_generation,48000,48000,38149,37372,-777,42093,41628,-465,3944,4256,312,777,465,312,466,311,1,False,high,4,0,0,0,False,False,0,0,P1-C2,30,Frank West,352,Real Megabuster,0,820,0x0000000C,0x00000123,difference can indicate multiple native damage requests between GUI samples
2026-07-25T23:37:46Z,2143,P2-C1,P2,0x927EB9E0,12,Ryu,True,True,normal_damage_red_generation,48000,48000,37372,37045,-327,41628,41432,-196,4256,4387,131,327,196,131,196,131,0,True,high,4,0,0,0,False,False,0,0,P1-C2,30,Frank West,352,Real Megabuster,0,820,0x0000000C,0x00000123,
2026-07-25T23:37:46Z,2144,P2-C1,P2,0x927EB9E0,12,Ryu,True,True,normal_damage_red_generation,48000,48000,37045,36758,-287,41432,41260,-172,4387,4502,115,287,172,115,172,115,0,True,high,4,-287,-172,0,False,False,0,0,P1-C2,30,Frank West,352,Real Megabuster,0,820,0x0000000C,0x00000123,
2026-07-25T23:37:47Z,2145,P2-C1,P2,0x927EB9E0,12,Ryu,True,True,normal_damage_red_generation,48000,48000,36758,36184,-574,41260,40916,-344,4502,4732,230,574,344,230,344,230,0,True,high,4,-287,-172,0,False,False,0,0,P1-C2,30,Frank West,352,Real Megabuster,0,820,0x0000000C,0x00000123,
2026-07-25T23:37:47Z,2146,P2-C1,P2,0x927EB9E0,12,Ryu,True,True,normal_damage_red_generation,48000,48000,36184,35897,-287,40916,40744,-172,4732,4847,115,287,172,115,172,115,0,True,high,4,-287,-172,0,False,False,0,0,P1-C2,30,Frank West,352,Real Megabuster,0,820,0x0000000C,0x00000123,
2026-07-25T23:37:47Z,2147,P2-C1,P2,0x927EB9E0,12,Ryu,True,True,normal_damage_red_generation,48000,48000,35897,35610,-287,40744,40572,-172,4847,4962,115,287,172,115,172,115,0,True,high,4,0,0,0,False,False,0,0,P1-C2,30,Frank West,352,Real Megabuster,0,820,0x0000000C,0x00000123,
2026-07-25T23:37:47Z,2148,P2-C1,P2,0x927EB9E0,12,Ryu,True,True,normal_damage_red_generation,48000,48000,35610,35036,-574,40572,40228,-344,4962,5192,230,574,344,230,344,230,0,True,high,4,0,0,0,False,False,0,0,P1-C2,30,Frank West,352,Real Megabuster,0,820,0x0000000C,0x00000123,
2026-07-25T23:37:47Z,2149,P2-C1,P2,0x927EB9E0,12,Ryu,True,True,normal_damage_red_generation,48000,48000,35036,34749,-287,40228,40056,-172,5192,5307,115,287,172,115,172,115,0,True,high,4,0,0,0,False,False,0,0,P1-C2,30,Frank West,352,Real Megabuster,0,820,0x0000000C,0x00000123,
2026-07-25T23:37:48Z,2150,P2-C1,P2,0x927EB9E0,12,Ryu,True,True,normal_damage_red_generation,48000,48000,34749,34098,-651,40056,39666,-390,5307,5568,261,651,390,261,390,261,0,True,high,4,0,0,0,False,False,0,0,P1-C2,30,Frank West,352,Real Megabuster,0,100,0x00000009,0x00000040,
2026-07-25T23:37:48Z,2153,P1-C1,P1,0x9246B9C0,2,Casshan,True,True,recoverable_ceiling_gain,50000,50000,45000,45000,0,45000,50000,5000,0,5000,5000,0,0,5000,,,,,none,4,0,0,0,True,False,5000,5000,,,,,,,,,,
2026-07-25T23:37:49Z,2154,P1-C2,P1,0x92B6BA00,30,Frank West,True,False,point_status_change,50000,50000,50000,50000,0,50000,50000,0,0,0,0,0,0,0,,,,,none,4,0,0,0,False,False,0,0,,,,,,,,,,
2026-07-25T23:37:49Z,2156,P2-C1,P2,0x927EB9E0,12,Ryu,True,True,recoverable_heal,48000,48000,34098,37098,3000,39666,39666,0,5568,2568,-3000,0,0,0,,,,,none,4,500,0,1,False,False,0,0,P1-C2,30,Frank West,352,Real Megabuster,0,100,0x00000009,0x00000040,
2026-07-25T23:37:50Z,2157,P2-C1,P2,0x927EB9E0,12,Ryu,True,True,mixed_heal,48000,48000,37098,46098,9000,39666,46098,6432,2568,0,-2568,0,0,0,,,,,none,4,0,0,0,False,False,0,0,P1-C2,30,Frank West,352,Real Megabuster,0,100,0x00000009,0x00000040,
2026-07-25T23:37:50Z,2158,P2-C1,P2,0x927EB9E0,12,Ryu,True,True,full_health_reset,48000,48000,46098,48000,1902,46098,48000,1902,0,0,0,0,0,0,,,,,none,4,0,0,0,False,False,0,0,P1-C2,30,Frank West,352,Real Megabuster,0,100,0x00000009,0x00000040,
2026-07-25T23:38:00Z,2205,P2-C1,P2,0x927EB9E0,12,Ryu,True,True,normal_damage_red_generation,48000,48000,48000,46480,-1520,48000,47088,-912,0,608,608,1520,912,608,912,608,0,True,high,4,0,0,0,False,False,0,0,P1-C1,2,Casshan,310,Knee A,0,480,0x0000000C,0x00040102,
2026-07-25T23:38:00Z,2206,P1-C1,P1,0x9246B9C0,2,Casshan,True,True,baroque_status_change,50000,50000,45000,45000,0,50000,50000,0,5000,5000,0,0,0,0,,,,,none,4,0,0,0,False,True,5000,5000,,,,,,,,,,
2026-07-25T23:38:00Z,2206,P2-C1,P2,0x927EB9E0,12,Ryu,True,True,normal_damage_red_generation,48000,48000,46480,44922,-1558,47088,46154,-934,608,1232,624,1558,934,624,934,624,0,True,high,4,0,0,0,False,False,0,0,P1-C1,2,Casshan,310,Knee A,0,480,0x0000000C,0x00040102,
2026-07-25T23:38:01Z,2207,P1-C1,P1,0x9246B9C0,2,Casshan,True,True,baroque_consume,50000,50000,45000,45000,0,50000,45000,-5000,5000,0,-5000,0,5000,0,,-5000,0,True,high,4,0,0,0,True,True,5000,5000,,,,,,,,,,
2026-07-25T23:38:01Z,2208,P1-C2,P1,0x92B6BA00,30,Frank West,False,True,point_status_change,50000,50000,50000,50000,0,50000,50000,0,0,0,0,0,0,0,,,,,none,4,0,0,0,False,False,0,0,,,,,,,,,,
2026-07-25T23:38:03Z,2220,P2-C1,P2,0x927EB9E0,12,Ryu,True,True,normal_damage_red_generation,48000,48000,44922,41464,-3458,46154,44080,-2074,1232,2616,1384,3458,2074,1384,2074,1384,0,True,high,4,0,0,0,False,False,0,0,P1-C2,30,Frank West,352,Real Megabuster,0,820,0x0000000C,0x00000123,
2026-07-25T23:38:03Z,2221,P2-C1,P2,0x927EB9E0,12,Ryu,True,True,normal_damage_red_generation,48000,48000,41464,39622,-1842,44080,42976,-1104,2616,3354,738,1842,1104,738,1105,737,1,False,high,4,0,0,0,False,False,0,0,P1-C2,30,Frank West,352,Real Megabuster,0,820,0x0000000C,0x00000123,difference can indicate multiple native damage requests between GUI samples
2026-07-25T23:38:04Z,2222,P2-C1,P2,0x927EB9E0,12,Ryu,True,True,normal_damage_red_generation,48000,48000,39622,39090,-532,42976,42657,-319,3354,3567,213,532,319,213,319,213,0,True,high,4,0,0,0,False,False,0,0,P1-C2,30,Frank West,352,Real Megabuster,0,820,0x0000000C,0x00000123,
2026-07-25T23:38:04Z,2223,P2-C1,P2,0x927EB9E0,12,Ryu,True,True,normal_damage_red_generation,48000,48000,39090,37201,-1889,42657,41524,-1133,3567,4323,756,1889,1133,756,1133,756,0,True,high,4,-409,-245,0,False,False,0,0,P1-C2,30,Frank West,352,Real Megabuster,0,820,0x0000000C,0x00000123,
2026-07-25T23:38:04Z,2224,P2-C1,P2,0x927EB9E0,12,Ryu,True,True,normal_damage_red_generation,48000,48000,37201,36792,-409,41524,41279,-245,4323,4487,164,409,245,164,245,164,0,True,high,4,-368,-220,0,False,False,0,0,P1-C2,30,Frank West,352,Real Megabuster,0,820,0x0000000C,0x00000123,
2026-07-25T23:38:04Z,2225,P2-C1,P2,0x927EB9E0,12,Ryu,True,True,normal_damage_red_generation,48000,48000,36792,36424,-368,41279,40863,-416,4487,4439,-48,368,416,0,220,148,-148,False,high,4,0,0,0,False,False,0,0,P1-C2,30,Frank West,352,Real Megabuster,0,820,0x0000000C,0x00000123,difference can indicate multiple native damage requests between GUI samples
2026-07-25T23:38:04Z,2226,P2-C1,P2,0x927EB9E0,12,Ryu,True,True,normal_damage_red_generation,48000,48000,36424,35810,-614,40863,40691,-172,4439,4881,442,614,172,442,368,246,196,False,high,4,0,0,0,False,False,0,0,P1-C2,30,Frank West,352,Real Megabuster,0,820,0x0000000C,0x00000123,difference can indicate multiple native damage requests between GUI samples
2026-07-25T23:38:04Z,2227,P2-C1,P2,0x927EB9E0,12,Ryu,True,True,normal_damage_red_generation,48000,48000,35810,35523,-287,40691,40519,-172,4881,4996,115,287,172,115,172,115,0,True,high,4,0,0,0,False,False,0,0,P1-C2,30,Frank West,352,Real Megabuster,0,820,0x0000000C,0x00000123,
2026-07-25T23:38:05Z,2228,P2-C1,P2,0x927EB9E0,12,Ryu,True,True,normal_damage_red_generation,48000,48000,35523,35236,-287,40519,40347,-172,4996,5111,115,287,172,115,172,115,0,True,high,4,0,0,0,False,False,0,0,P1-C2,30,Frank West,352,Real Megabuster,0,820,0x0000000C,0x00000123,
2026-07-25T23:38:05Z,2229,P2-C1,P2,0x927EB9E0,12,Ryu,True,True,normal_damage_red_generation,48000,48000,35236,34662,-574,40347,40003,-344,5111,5341,230,574,344,230,344,230,0,True,high,4,0,0,0,False,False,0,0,P1-C2,30,Frank West,352,Real Megabuster,0,820,0x0000000C,0x00000123,
2026-07-25T23:38:05Z,2230,P2-C1,P2,0x927EB9E0,12,Ryu,True,True,normal_damage_red_generation,48000,48000,34662,34375,-287,40003,39831,-172,5341,5456,115,287,172,115,172,115,0,True,high,4,-287,-172,0,False,False,0,0,P1-C2,30,Frank West,352,Real Megabuster,0,820,0x0000000C,0x00000123,
2026-07-25T23:38:05Z,2231,P2-C1,P2,0x927EB9E0,12,Ryu,True,True,normal_damage_red_generation,48000,48000,34375,33801,-574,39831,39487,-344,5456,5686,230,574,344,230,344,230,0,True,high,4,0,0,0,False,False,0,0,P1-C2,30,Frank West,352,Real Megabuster,0,820,0x0000000C,0x00000123,
2026-07-25T23:38:05Z,2232,P2-C1,P2,0x927EB9E0,12,Ryu,True,True,normal_damage_red_generation,48000,48000,33801,32681,-1120,39487,38815,-672,5686,6134,448,1120,672,448,672,448,0,True,high,4,0,0,0,False,False,0,0,P1-C2,30,Frank West,352,Real Megabuster,0,100,0x00000009,0x00000040,
2026-07-25T23:38:07Z,2238,P2-C1,P2,0x927EB9E0,12,Ryu,True,True,normal_damage_red_generation,48000,48000,32681,32261,-420,38815,38563,-252,6134,6302,168,420,252,168,252,168,0,True,medium,4,0,0,0,False,False,0,0,P1-C2,30,Frank West,352,Real Megabuster,0,100,0x00000009,0x00000040,
2026-07-25T23:38:07Z,2239,P1-C2,P1,0x92B6BA00,30,Frank West,True,False,point_status_change,50000,50000,50000,50000,0,50000,50000,0,0,0,0,0,0,0,,,,,none,4,4,0,0,False,False,0,0,,,,,,,,,,
2026-07-25T23:38:07Z,2241,P2-C1,P2,0x927EB9E0,12,Ryu,True,True,normal_damage_red_generation,48000,48000,32261,31001,-1260,38563,37807,-756,6302,6806,504,1260,756,504,756,504,0,True,medium,4,0,0,0,False,False,0,0,P1-C2,30,Frank West,352,Real Megabuster,0,100,0x00000009,0x00000040,
2026-07-25T23:38:11Z,2264,P1-C1,P1,0x9246B9C0,2,Casshan,True,True,recoverable_ceiling_gain,50000,50000,45000,45000,0,45000,50000,5000,0,5000,5000,0,0,5000,,,,,none,4,0,0,0,True,False,5000,5000,,,,,,,,,,
2026-07-25T23:38:11Z,2266,P2-C1,P2,0x927EB9E0,12,Ryu,True,True,normal_damage_red_generation,48000,48000,31001,28121,-2880,37807,36079,-1728,6806,7958,1152,2880,1728,1152,1728,1152,0,True,high,4,0,0,0,False,False,0,0,P1-C1,2,Casshan,352,Brutal Axe,0,1440,0x0000410C,0x00100123,
2026-07-25T23:38:12Z,2267,P2-C1,P2,0x927EB9E0,12,Ryu,True,True,normal_damage_red_generation,48000,48000,28121,25457,-2664,36079,34482,-1597,7958,9025,1067,2664,1597,1067,1598,1066,1,False,medium,4,0,0,0,False,False,0,0,P1-C1,2,Casshan,352,Brutal Axe,0,1440,0x0000410C,0x00100123,difference can indicate multiple native damage requests between GUI samples
2026-07-25T23:38:14Z,2269,P2-C1,P2,0x927EB9E0,12,Ryu,True,True,mixed_heal,48000,48000,25457,39457,14000,34482,39457,4975,9025,0,-9025,0,0,0,,,,,none,4,500,0,1,False,False,0,0,P1-C1,2,Casshan,352,Brutal Axe,0,1440,0x0000410C,0x00100123,
2026-07-25T23:38:14Z,2270,P2-C1,P2,0x927EB9E0,12,Ryu,True,True,full_health_reset,48000,48000,39457,48000,8543,39457,48000,8543,0,0,0,0,0,0,,,,,none,4,0,0,0,False,False,0,0,P1-C1,2,Casshan,352,Brutal Axe,0,1440,0x0000410C,0x00100123,
2026-07-25T23:49:43Z,21,P1-C1,P1,0x9246B9C0,2,Casshan,True,True,ten_percent_current_only_cost,50000,50000,50000,45000,-5000,50000,50000,0,0,5000,5000,5000,0,5000,,5000,0,True,high,4,0,0,0,False,False,5000,5000,,,,,,,,,,
2026-07-25T23:49:51Z,75,P2-C1,P2,0x927EB9E0,12,Ryu,True,True,normal_damage_red_generation,48000,48000,48000,46480,-1520,48000,47088,-912,0,608,608,1520,912,608,912,608,0,True,high,4,0,0,0,False,False,0,0,P1-C1,2,Casshan,310,Knee A,0,480,0x0000000C,0x00040102,
2026-07-25T23:49:51Z,76,P1-C1,P1,0x9246B9C0,2,Casshan,True,True,baroque_consume,50000,50000,45000,45000,0,50000,45000,-5000,5000,0,-5000,0,5000,0,,-5000,0,True,high,4,0,0,0,False,True,5000,5000,,,,,,,,,,
2026-07-25T23:49:51Z,76,P2-C1,P2,0x927EB9E0,12,Ryu,True,True,normal_damage_red_generation,48000,48000,46480,44922,-1558,47088,46154,-934,608,1232,624,1558,934,624,934,624,0,True,high,4,0,0,0,False,False,0,0,P1-C1,2,Casshan,1,idle,0,480,0x0000000C,0x00040102,
2026-07-25T23:49:51Z,77,P1-C2,P1,0x92B6BA00,30,Frank West,False,True,point_status_change,50000,50000,50000,50000,0,50000,50000,0,0,0,0,0,0,0,,,,,none,4,0,0,0,False,False,0,0,,,,,,,,,,
2026-07-25T23:49:54Z,86,P2-C1,P2,0x927EB9E0,12,Ryu,True,True,normal_damage_red_generation,48000,48000,44922,40195,-4727,46154,43319,-2835,1232,3124,1892,4727,2835,1892,2836,1891,1,False,high,4,0,0,0,False,False,0,0,P1-C2,30,Frank West,352,Real Megabuster,0,820,0x0000000C,0x00000123,difference can indicate multiple native damage requests between GUI samples
2026-07-25T23:49:54Z,87,P2-C1,P2,0x927EB9E0,12,Ryu,True,True,normal_damage_red_generation,48000,48000,40195,39090,-1105,43319,42657,-662,3124,3567,443,1105,662,443,663,442,1,False,high,4,-1889,-1133,0,False,False,0,0,P1-C2,30,Frank West,352,Real Megabuster,0,820,0x0000000C,0x00000123,difference can indicate multiple native damage requests between GUI samples
2026-07-25T23:49:54Z,88,P2-C1,P2,0x927EB9E0,12,Ryu,True,True,normal_damage_red_generation,48000,48000,39090,37201,-1889,42657,41524,-1133,3567,4323,756,1889,1133,756,1133,756,0,True,high,4,0,0,0,False,False,0,0,P1-C2,30,Frank West,352,Real Megabuster,0,820,0x0000000C,0x00000123,
2026-07-25T23:49:54Z,89,P2-C1,P2,0x927EB9E0,12,Ryu,True,True,normal_damage_red_generation,48000,48000,37201,36424,-777,41524,41059,-465,4323,4635,312,777,465,312,466,311,1,False,high,4,0,0,0,False,False,0,0,P1-C2,30,Frank West,352,Real Megabuster,0,820,0x0000000C,0x00000123,difference can indicate multiple native damage requests between GUI samples
2026-07-25T23:49:55Z,90,P2-C1,P2,0x927EB9E0,12,Ryu,True,True,normal_damage_red_generation,48000,48000,36424,36097,-327,41059,40863,-196,4635,4766,131,327,196,131,196,131,0,True,high,4,0,0,0,False,False,0,0,P1-C2,30,Frank West,352,Real Megabuster,0,820,0x0000000C,0x00000123,
2026-07-25T23:49:55Z,91,P2-C1,P2,0x927EB9E0,12,Ryu,True,True,normal_damage_red_generation,48000,48000,36097,35810,-287,40863,40691,-172,4766,4881,115,287,172,115,172,115,0,True,high,4,0,0,0,False,False,0,0,P1-C2,30,Frank West,352,Real Megabuster,0,820,0x0000000C,0x00000123,
2026-07-25T23:49:55Z,92,P2-C1,P2,0x927EB9E0,12,Ryu,True,True,normal_damage_red_generation,48000,48000,35810,35523,-287,40691,40519,-172,4881,4996,115,287,172,115,172,115,0,True,high,4,0,0,0,False,False,0,0,P1-C2,30,Frank West,352,Real Megabuster,0,820,0x0000000C,0x00000123,
2026-07-25T23:49:55Z,93,P2-C1,P2,0x927EB9E0,12,Ryu,True,True,normal_damage_red_generation,48000,48000,35523,34949,-574,40519,40175,-344,4996,5226,230,574,344,230,344,230,0,True,high,4,0,0,0,False,False,0,0,P1-C2,30,Frank West,352,Real Megabuster,0,820,0x0000000C,0x00000123,
2026-07-25T23:49:55Z,94,P2-C1,P2,0x927EB9E0,12,Ryu,True,True,normal_damage_red_generation,48000,48000,34949,34375,-574,40175,39831,-344,5226,5456,230,574,344,230,344,230,0,True,high,4,0,0,0,False,False,0,0,P1-C2,30,Frank West,352,Real Megabuster,0,820,0x0000000C,0x00000123,
2026-07-25T23:49:56Z,95,P2-C1,P2,0x927EB9E0,12,Ryu,True,True,normal_damage_red_generation,48000,48000,34375,34088,-287,39831,39659,-172,5456,5571,115,287,172,115,172,115,0,True,high,4,-1120,-672,0,False,False,0,0,P1-C2,30,Frank West,352,Real Megabuster,0,820,0x0000000C,0x00000123,
2026-07-25T23:49:56Z,96,P2-C1,P2,0x927EB9E0,12,Ryu,True,True,normal_damage_red_generation,48000,48000,34088,32681,-1407,39659,38815,-844,5571,6134,563,1407,844,563,844,563,0,True,high,4,0,0,0,False,False,0,0,P1-C2,30,Frank West,352,Real Megabuster,0,820,0x0000000C,0x00000123,
2026-07-25T23:49:57Z,105,P2-C1,P2,0x927EB9E0,12,Ryu,True,True,normal_damage_red_generation,48000,48000,32681,32261,-420,38815,38563,-252,6134,6302,168,420,252,168,252,168,0,True,medium,4,0,0,0,False,False,0,0,P1-C2,30,Frank West,352,Real Megabuster,0,100,0x00000009,0x00000040,
2026-07-25T23:49:57Z,106,P1-C2,P1,0x92B6BA00,30,Frank West,True,False,point_status_change,50000,50000,50000,50000,0,50000,50000,0,0,0,0,0,0,0,,,,,none,4,4,0,0,False,False,0,0,,,,,,,,,,
2026-07-25T23:49:58Z,108,P2-C1,P2,0x927EB9E0,12,Ryu,True,True,normal_damage_red_generation,48000,48000,32261,31001,-1260,38563,37807,-756,6302,6806,504,1260,756,504,756,504,0,True,medium,4,0,0,0,False,False,0,0,P1-C2,30,Frank West,352,Real Megabuster,0,100,0x00000009,0x00000040,
2026-07-25T23:50:01Z,137,P1-C1,P1,0x9246B9C0,2,Casshan,True,True,recoverable_ceiling_gain,50000,50000,45000,45000,0,45000,50000,5000,0,5000,5000,0,0,5000,,,,,none,4,0,0,0,True,False,5000,5000,,,,,,,,,,
2026-07-25T23:50:02Z,140,P2-C1,P2,0x927EB9E0,12,Ryu,True,True,normal_damage_red_generation,48000,48000,31001,29561,-1440,37807,36943,-864,6806,7382,576,1440,864,576,864,576,0,True,high,4,0,0,0,False,False,0,0,P1-C1,2,Casshan,352,Brutal Axe,0,1440,0x0000410C,0x00100123,
2026-07-25T23:50:02Z,141,P2-C1,P2,0x927EB9E0,12,Ryu,True,True,normal_damage_red_generation,48000,48000,29561,26753,-2808,36943,35259,-1684,7382,8506,1124,2808,1684,1124,1684,1124,0,True,high,4,0,0,0,False,False,0,0,P1-C1,2,Casshan,352,Brutal Axe,0,1440,0x0000410C,0x00100123,
2026-07-25T23:50:02Z,142,P2-C1,P2,0x927EB9E0,12,Ryu,True,True,normal_damage_red_generation,48000,48000,26753,25457,-1296,35259,34482,-777,8506,9025,519,1296,777,519,777,519,0,True,medium,4,0,0,0,False,False,0,0,P1-C1,2,Casshan,352,Brutal Axe,0,1440,0x0000410C,0x00100123,
2026-07-25T23:50:03Z,152,P2-C1,P2,0x927EB9E0,12,Ryu,True,True,recoverable_heal,48000,48000,25457,26457,1000,34482,34482,0,9025,8025,-1000,0,0,0,,,,,none,4,500,0,1,False,False,0,0,,,,,,,,,,
2026-07-25T23:50:04Z,153,P2-C1,P2,0x927EB9E0,12,Ryu,True,True,mixed_heal,48000,48000,26457,35957,9500,34482,35957,1475,8025,0,-8025,0,0,0,,,,,none,4,500,0,1,False,False,0,0,,,,,,,,,,
2026-07-25T23:50:04Z,154,P2-C1,P2,0x927EB9E0,12,Ryu,True,True,current_and_ceiling_heal,48000,48000,35957,40957,5000,35957,40957,5000,0,0,0,0,0,0,,,,,none,4,500,0,1,False,False,0,0,,,,,,,,,,
2026-07-25T23:50:04Z,155,P2-C1,P2,0x927EB9E0,12,Ryu,True,True,current_and_ceiling_heal,48000,48000,40957,46457,5500,40957,46457,5500,0,0,0,0,0,0,,,,,none,4,500,0,1,False,False,0,0,,,,,,,,,,
2026-07-25T23:50:04Z,156,P2-C1,P2,0x927EB9E0,12,Ryu,True,True,full_health_reset,48000,48000,46457,48000,1543,46457,48000,1543,0,0,0,0,0,0,,,,,none,4,0,0,0,False,False,0,0,,,,,,,,,,
2026-07-25T23:50:08Z,168,P2-C1,P2,0x927EB9E0,12,Ryu,True,True,ten_percent_current_only_cost,48000,48000,48000,43200,-4800,48000,48000,0,0,4800,4800,4800,0,4800,,4800,0,True,high,4,0,0,0,False,False,0,0,,,,,,,,,,
2026-07-25T23:50:26Z,798,P1-C1,P1,0x9246B9C0,1,Ken the Eagle,True,False,fighter_reset_or_reloaded,50000,44000,45000,44000,-1000,50000,44000,-6000,5000,0,-5000,1000,6000,0,,,,,none,4,0,0,0,False,False,5000,0,,,,,,,,,,maximum health changed
2026-07-25T23:50:27Z,805,P2-C1,P2,0x927EB9E0,12,Ryu,True,False,reserve_recovery,48000,48000,43200,48000,4800,48000,48000,0,4800,0,-4800,0,0,0,,,0,True,medium,4,0,0,0,False,False,0,0,,,,,,,,,,
2026-07-25T23:50:27Z,812,P1-C2,P1,0x92B6BA00,8,Jun the Swan,False,False,fighter_reset_or_reloaded,50000,44000,50000,44000,-6000,50000,44000,-6000,0,0,0,6000,6000,0,,,,,none,4,0,0,0,False,False,0,0,,,,,,,,,,maximum health changed
2026-07-25T23:50:29Z,827,P1-C1,P1,0x9246B9C0,1,Ken the Eagle,False,True,point_status_change,44000,44000,44000,44000,0,44000,44000,0,0,0,0,0,0,0,,,,,none,4,0,0,0,False,False,0,0,,,,,,,,,,
2026-07-25T23:50:29Z,827,P2-C1,P2,0x927EB9E0,12,Ryu,False,True,point_status_change,48000,48000,48000,48000,0,48000,48000,0,0,0,0,0,0,0,,,,,none,4,0,0,0,False,False,0,0,,,,,,,,,,
2026-07-25T23:50:30Z,835,P1-C1,P1,0x9246B9C0,1,Ken the Eagle,True,True,ten_percent_current_only_cost,44000,44000,44000,39600,-4400,44000,44000,0,0,4400,4400,4400,0,4400,,4400,0,True,high,4,0,0,0,False,False,0,0,,,,,,,,,,
2026-07-25T23:50:38Z,928,P2-C1,P2,0x927EB9E0,12,Ryu,True,True,normal_damage_red_generation,48000,48000,48000,45520,-2480,48000,46512,-1488,0,992,992,2480,1488,992,1488,992,0,True,medium,4,0,0,0,False,False,0,0,,,,,,,,,,
2026-07-25T23:50:38Z,931,P2-C1,P2,0x927EB9E0,12,Ryu,True,True,normal_damage_red_generation,48000,48000,45520,42860,-2660,46512,44916,-1596,992,2056,1064,2660,1596,1064,1596,1064,0,True,medium,4,0,0,0,False,False,0,0,,,,,,,,,,
2026-07-25T23:50:39Z,934,P2-C1,P2,0x927EB9E0,12,Ryu,True,True,normal_damage_red_generation,48000,48000,42860,42146,-714,44916,44488,-428,2056,2342,286,714,428,286,428,286,0,True,medium,4,0,0,0,False,False,0,0,,,,,,,,,,
2026-07-25T23:50:39Z,936,P2-C1,P2,0x927EB9E0,12,Ryu,True,True,normal_damage_red_generation,48000,48000,42146,39549,-2597,44488,42930,-1558,2342,3381,1039,2597,1558,1039,1558,1039,0,True,medium,4,0,0,0,False,False,0,0,,,,,,,,,,
2026-07-25T23:50:43Z,963,P2-C1,P2,0x927EB9E0,12,Ryu,True,True,mixed_heal,48000,48000,39549,44049,4500,42930,44049,1119,3381,0,-3381,0,0,0,,,,,none,4,500,0,1,False,False,0,0,,,,,,,,,,
2026-07-25T23:50:43Z,964,P2-C1,P2,0x927EB9E0,12,Ryu,True,True,current_and_ceiling_heal,48000,48000,44049,47549,3500,44049,47549,3500,0,0,0,0,0,0,,,,,none,4,0,0,0,False,False,0,0,,,,,,,,,,
2026-07-25T23:50:43Z,965,P2-C1,P2,0x927EB9E0,12,Ryu,True,True,full_health_reset,48000,48000,47549,48000,451,47549,48000,451,0,0,0,0,0,0,,,,,none,4,0,0,0,False,False,0,0,,,,,,,,,,
2026-07-25T23:50:45Z,975,P1-C1,P1,0x9246B9C0,1,Ken the Eagle,True,True,recoverable_heal,44000,44000,39600,44000,4400,44000,44000,0,4400,0,-4400,0,0,0,,,,,none,4,0,0,0,False,False,0,0,,,,,,,,,,
2026-07-25T23:50:45Z,977,P2-C1,P2,0x927EB9E0,12,Ryu,True,True,normal_damage_red_generation,48000,48000,48000,47280,-720,48000,47568,-432,0,288,288,720,432,288,432,288,0,True,medium,4,0,0,0,False,False,0,0,,,,,,,,,,
2026-07-25T23:50:46Z,978,P2-C1,P2,0x927EB9E0,12,Ryu,True,True,normal_damage_red_generation,48000,48000,47280,46064,-1216,47568,46839,-729,288,775,487,1216,729,487,729,487,0,True,medium,4,0,0,0,False,False,0,0,,,,,,,,,,
2026-07-25T23:50:46Z,979,P2-C1,P2,0x927EB9E0,12,Ryu,True,True,normal_damage_red_generation,48000,48000,46064,44912,-1152,46839,46148,-691,775,1236,461,1152,691,461,691,461,0,True,medium,4,0,0,0,False,False,0,0,,,,,,,,,,
2026-07-25T23:50:47Z,984,P2-C1,P2,0x927EB9E0,12,Ryu,True,True,normal_damage_red_generation,48000,48000,44912,44192,-720,46148,45716,-432,1236,1524,288,720,432,288,432,288,0,True,medium,4,0,0,0,False,False,0,0,,,,,,,,,,
2026-07-25T23:50:47Z,985,P2-C1,P2,0x927EB9E0,12,Ryu,True,True,normal_damage_red_generation,48000,48000,44192,42976,-1216,45716,44987,-729,1524,2011,487,1216,729,487,729,487,0,True,medium,4,0,0,0,False,False,0,0,,,,,,,,,,
2026-07-25T23:50:47Z,986,P2-C1,P2,0x927EB9E0,12,Ryu,True,True,normal_damage_red_generation,48000,48000,42976,41824,-1152,44987,44296,-691,2011,2472,461,1152,691,461,691,461,0,True,medium,4,0,0,0,False,False,0,0,,,,,,,,,,
2026-07-25T23:50:48Z,990,P2-C1,P2,0x927EB9E0,12,Ryu,True,True,normal_damage_red_generation,48000,48000,41824,41104,-720,44296,43864,-432,2472,2760,288,720,432,288,432,288,0,True,medium,4,0,0,0,False,False,0,0,,,,,,,,,,
2026-07-25T23:50:48Z,991,P2-C1,P2,0x927EB9E0,12,Ryu,True,True,normal_damage_red_generation,48000,48000,41104,39888,-1216,43864,43135,-729,2760,3247,487,1216,729,487,729,487,0,True,medium,4,0,0,0,False,False,0,0,,,,,,,,,,
2026-07-25T23:50:49Z,993,P2-C1,P2,0x927EB9E0,12,Ryu,True,True,normal_damage_red_generation,48000,48000,39888,38736,-1152,43135,42444,-691,3247,3708,461,1152,691,461,691,461,0,True,medium,4,0,0,0,False,False,0,0,,,,,,,,,,
2026-07-25T23:50:49Z,995,P2-C1,P2,0x927EB9E0,12,Ryu,True,True,normal_damage_red_generation,48000,48000,38736,35936,-2800,42444,40764,-1680,3708,4828,1120,2800,1680,1120,1680,1120,0,True,medium,4,0,0,0,False,False,0,0,,,,,,,,,,
2026-07-25T23:50:51Z,999,P2-C1,P2,0x927EB9E0,12,Ryu,True,True,mixed_heal,48000,48000,35936,42936,7000,40764,42936,2172,4828,0,-4828,0,0,0,,,,,none,4,500,0,1,False,False,0,0,,,,,,,,,,
2026-07-25T23:50:51Z,1000,P2-C1,P2,0x927EB9E0,12,Ryu,True,True,full_health_reset,48000,48000,42936,48000,5064,42936,48000,5064,0,0,0,0,0,0,,,,,none,4,0,0,0,False,False,0,0,,,,,,,,,,
