timestamp_utc,gui_frame,team,meter_before,meter_after,meter_delta,bar_delta,event_kind,source_role,source_slot,source_char_id,source_name,source_action_id,source_action_name,source_action_frame,victim_slot,victim_char_id,victim_name,base_damage,property_a,property_b,victim_damage_multiplier,baroque_active,fighter_status_58,meter_flags_7c,meter_flags_80,zero_state_4604,soki_state_45fc,predicted_shared_pool,predicted_request,predicted_final_delta,prediction_difference,prediction_match,prediction_confidence,hp_loss_p1,hp_loss_p2,notes
2026-07-25T16:55:38Z,63,P1,0,10000,10000,1.0,gain,unknown,,0,,0,,0,,0,,0,,,1.0,False,0x00000000,0x00000000,0x00000000,1,0,,,,,,none,0,0,positive delta had no recent attributable attack packet
2026-07-25T16:55:38Z,63,P2,0,10000,10000,1.0,gain,unknown,,0,,0,,0,,0,,0,,,1.0,False,0x00000000,0x00000000,0x00000000,1,0,,,,,,none,0,0,positive delta had no recent attributable attack packet
2026-07-25T16:55:48Z,117,P1,10000,10370,370,0.037,gain,unknown,P1-C1,12,Ryu,256,5A,0,,0,,0,,,1.0,False,0x40400001,0x00000000,0x00000000,0,0,,,,,,none,0,0,positive delta had no recent attributable attack packet
2026-07-25T16:55:48Z,117,P2,10000,10276,276,0.0276,gain,unknown,P2-C1,1,Ken the Eagle,1,idle,0,,0,,0,,,1.0,False,0x00000001,0x00000000,0x00000000,0,0,,,,,,none,0,0,positive delta had no recent attributable attack packet
2026-07-25T16:55:48Z,118,P1,10370,10435,65,0.0065,gain,attacker,P1-C1,12,Ryu,256,5A,0,P2-C1,1,Ken the Eagle,0,,,1.0,False,0x40400001,0x00000000,0x00000000,0,0,,,,,,none,0,800,positive delta had no recent attributable attack packet
2026-07-25T16:55:49Z,126,P1,10435,10695,260,0.026,gain,unknown,P1-C1,12,Ryu,309,Tatsu H,0,,0,,0,,,1.0,False,0x01400001,0x00000000,0x00000000,0,0,,,,,,none,0,0,positive delta had no recent attributable attack packet
2026-07-25T16:55:50Z,128,P1,10695,11436,741,0.0741,gain,attacker,P1-C1,12,Ryu,309,Tatsu H,0,P2-C1,1,Ken the Eagle,0,,,1.0,False,0x01C00200,0x00000000,0x00000000,0,0,,,,,,none,0,1600,positive delta had no recent attributable attack packet
2026-07-25T16:55:50Z,128,P2,10276,10831,555,0.0555,gain,victim,P1-C1,12,Ryu,309,Tatsu H,0,P2-C1,1,Ken the Eagle,0,,,1.0,False,0x01C00200,0x00000000,0x00000000,0,0,,,,,,none,0,1600,positive delta had no recent attributable attack packet
2026-07-25T16:55:50Z,131,P1,11436,12180,744,0.0744,gain,attacker,P1-C1,12,Ryu,309,Tatsu H,0,P2-C1,1,Ken the Eagle,0,,,1.0,False,0x01C00200,0x00000000,0x00000000,0,0,,,,,,none,0,1610,positive delta had no recent attributable attack packet
2026-07-25T16:55:50Z,131,P2,10831,11388,557,0.0557,gain,victim,P1-C1,12,Ryu,309,Tatsu H,0,P2-C1,1,Ken the Eagle,0,,,1.0,False,0x01C00200,0x00000000,0x00000000,0,0,,,,,,none,0,1610,positive delta had no recent attributable attack packet
2026-07-25T16:55:50Z,134,P1,12180,12887,707,0.0707,gain,attacker,P1-C1,12,Ryu,309,Tatsu H,0,P2-C1,1,Ken the Eagle,0,,,1.0,False,0x01C00200,0x00000000,0x00000000,0,0,,,,,,none,0,1528,positive delta had no recent attributable attack packet
2026-07-25T16:55:50Z,134,P2,11388,11918,530,0.053,gain,victim,P1-C1,12,Ryu,309,Tatsu H,0,P2-C1,1,Ken the Eagle,0,,,1.0,False,0x01C00200,0x00000000,0x00000000,0,0,,,,,,none,0,1528,positive delta had no recent attributable attack packet
2026-07-25T16:55:51Z,138,P1,12887,13555,668,0.0668,gain,attacker,P1-C1,12,Ryu,309,Tatsu H,0,P2-C1,1,Ken the Eagle,0,,,1.0,False,0x01400001,0x00000000,0x00000000,0,0,,,,,,none,0,1445,positive delta had no recent attributable attack packet
2026-07-25T16:55:51Z,138,P2,11918,12418,500,0.05,gain,victim,P1-C1,12,Ryu,309,Tatsu H,0,P2-C1,1,Ken the Eagle,0,,,1.0,False,0x00000001,0x00000000,0x00000000,0,0,,,,,,none,0,1445,positive delta had no recent attributable attack packet
2026-07-25T16:55:51Z,141,P1,13555,13711,156,0.0156,gain,attacker,P1-C1,12,Ryu,256,5A,0,P2-C1,1,Ken the Eagle,0,,,1.0,False,0x40400001,0x00000000,0x00000000,0,0,,,,,,none,0,660,positive delta had no recent attributable attack packet
2026-07-25T16:55:51Z,141,P2,12418,12534,116,0.0116,gain,victim,P1-C1,12,Ryu,256,5A,0,P2-C1,1,Ken the Eagle,0,,,1.0,False,0x40400001,0x00000000,0x00000000,0,0,,,,,,none,0,660,positive delta had no recent attributable attack packet
2026-07-25T16:55:51Z,142,P1,13711,13776,65,0.0065,gain,unknown,P1-C1,12,Ryu,256,5A,0,,0,,0,,,1.0,False,0x40400001,0x00000000,0x00000000,0,0,,,,,,none,0,0,positive delta had no recent attributable attack packet
2026-07-25T16:55:51Z,144,P1,13776,13971,195,0.0195,gain,unknown,P1-C1,12,Ryu,258,5C,0,,0,,0,,,1.0,False,0x40400001,0x00000000,0x00000000,0,0,,,,,,none,0,0,positive delta had no recent attributable attack packet
2026-07-25T16:55:52Z,145,P1,13971,15118,1147,0.1147,gain,attacker,P1-C1,12,Ryu,258,5C,0,P2-C1,1,Ken the Eagle,0,,,1.0,False,0x40400001,0x00000000,0x00000000,0,0,,,,,,none,0,2480,positive delta had no recent attributable attack packet
2026-07-25T16:55:52Z,145,P2,12534,13394,860,0.086,gain,victim,P1-C1,12,Ryu,258,5C,0,P2-C1,1,Ken the Eagle,0,,,1.0,False,0x40400001,0x00000000,0x00000000,0,0,,,,,,none,0,2480,positive delta had no recent attributable attack packet
2026-07-25T16:55:52Z,154,P1,15118,15488,370,0.037,gain,attacker,P1-C1,12,Ryu,256,5A,0,P2-C1,1,Ken the Eagle,0,,,1.0,False,0x40400001,0x00000000,0x00000000,0,0,,,,,,none,0,800,positive delta had no recent attributable attack packet
2026-07-25T16:55:52Z,154,P2,13394,13670,276,0.0276,gain,victim,P1-C1,12,Ryu,256,5A,0,P2-C1,1,Ken the Eagle,0,,,1.0,False,0x40400001,0x00000000,0x00000000,0,0,,,,,,none,0,800,positive delta had no recent attributable attack packet
2026-07-25T16:55:53Z,156,P1,15488,15553,65,0.0065,gain,unknown,P1-C1,12,Ryu,257,5B,0,,0,,0,,,1.0,False,0x40400001,0x00000000,0x00000000,0,0,,,,,,none,0,0,positive delta had no recent attributable attack packet
2026-07-25T16:55:53Z,157,P1,15553,16316,763,0.0763,gain,attacker,P1-C1,12,Ryu,257,5B,0,P2-C1,1,Ken the Eagle,0,,,1.0,False,0x40400001,0x00000000,0x00000000,0,0,,,,,,none,0,1368,positive delta had no recent attributable attack packet
2026-07-25T16:55:53Z,157,P2,13670,14144,474,0.0474,gain,victim,P1-C1,12,Ryu,257,5B,0,P2-C1,1,Ken the Eagle,0,,,1.0,False,0x40400001,0x00000000,0x00000000,0,0,,,,,,none,0,1368,positive delta had no recent attributable attack packet
2026-07-25T16:55:54Z,164,P1,16316,16686,370,0.037,gain,attacker,P1-C1,12,Ryu,256,5A,0,P2-C1,1,Ken the Eagle,0,,,1.0,False,0x40400001,0x00000000,0x00000000,0,0,,,,,,none,0,800,positive delta had no recent attributable attack packet
2026-07-25T16:55:54Z,164,P2,14144,14420,276,0.0276,gain,victim,P1-C1,12,Ryu,256,5A,0,P2-C1,1,Ken the Eagle,0,,,1.0,False,0x40400001,0x00000000,0x00000000,0,0,,,,,,none,0,800,positive delta had no recent attributable attack packet
2026-07-25T16:55:54Z,165,P1,16686,17449,763,0.0763,gain,unknown,P1-C1,12,Ryu,257,5B,0,,0,,0,,,1.0,False,0x40400001,0x00000000,0x00000000,0,0,,,,,,none,0,0,positive delta had no recent attributable attack packet
2026-07-25T16:55:54Z,165,P2,14420,14894,474,0.0474,gain,unknown,P2-C1,1,Ken the Eagle,64,Standing Hitstun,0,,0,,0,,,1.0,False,0x00001001,0x00000000,0x00000000,0,0,,,,,,none,0,0,positive delta had no recent attributable attack packet
2026-07-25T16:55:54Z,167,P1,17449,18144,695,0.0695,gain,attacker,P1-C1,12,Ryu,260,2B,0,P2-C1,1,Ken the Eagle,0,,,1.0,False,0x40400010,0x00000000,0x00000000,0,0,,,,,,none,0,1224,positive delta had no recent attributable attack packet
2026-07-25T16:55:54Z,167,P2,14894,15317,423,0.0423,gain,victim,P1-C1,12,Ryu,260,2B,0,P2-C1,1,Ken the Eagle,0,,,1.0,False,0x40400010,0x00000000,0x00000000,0,0,,,,,,none,0,1224,positive delta had no recent attributable attack packet
2026-07-25T16:55:54Z,168,P1,18144,18339,195,0.0195,gain,unknown,P1-C1,12,Ryu,258,5C,0,,0,,0,,,1.0,False,0x40400001,0x00000000,0x00000000,0,0,,,,,,none,0,0,positive delta had no recent attributable attack packet
2026-07-25T16:55:54Z,170,P1,18339,19313,974,0.0974,gain,attacker,P1-C1,12,Ryu,258,5C,0,P2-C1,1,Ken the Eagle,0,,,1.0,False,0x40400001,0x00000000,0x00000000,0,0,,,,,,none,0,2108,positive delta had no recent attributable attack packet
2026-07-25T16:55:54Z,170,P2,15317,16047,730,0.073,gain,victim,P1-C1,12,Ryu,258,5C,0,P2-C1,1,Ken the Eagle,0,,,1.0,False,0x40400001,0x00000000,0x00000000,0,0,,,,,,none,0,2108,positive delta had no recent attributable attack packet
2026-07-25T16:55:55Z,172,P1,19313,19508,195,0.0195,gain,unknown,P1-C1,12,Ryu,261,2C,0,,0,,0,,,1.0,False,0x40400010,0x00000000,0x00000000,0,0,,,,,,none,0,0,positive delta had no recent attributable attack packet
2026-07-25T16:55:55Z,173,P1,19508,20395,887,0.0887,gain,attacker,P1-C1,12,Ryu,261,2C,0,P2-C1,1,Ken the Eagle,0,,,1.0,False,0x40400010,0x00000000,0x00000000,0,0,,,,,,none,0,1919,positive delta had no recent attributable attack packet
2026-07-25T16:55:55Z,173,P2,16047,16712,665,0.0665,gain,victim,P1-C1,12,Ryu,261,2C,0,P2-C1,1,Ken the Eagle,0,,,1.0,False,0x40400010,0x00000000,0x00000000,0,0,,,,,,none,0,1919,positive delta had no recent attributable attack packet
2026-07-25T16:55:55Z,175,P1,20395,20590,195,0.0195,gain,unknown,P1-C1,12,Ryu,262,6C,0,,0,,0,,,1.0,False,0x40400001,0x00000000,0x00000000,0,0,,,,,,none,0,0,positive delta had no recent attributable attack packet
2026-07-25T16:55:55Z,177,P1,20590,21358,768,0.0768,gain,attacker,P1-C1,12,Ryu,262,6C,0,P2-C1,1,Ken the Eagle,0,,,1.0,False,0x40400001,0x00000000,0x00000000,0,0,,,,,,none,0,1663,positive delta had no recent attributable attack packet
2026-07-25T16:55:55Z,177,P2,16712,17287,575,0.0575,gain,victim,P1-C1,12,Ryu,262,6C,0,P2-C1,1,Ken the Eagle,0,,,1.0,False,0x40400001,0x00000000,0x00000000,0,0,,,,,,none,0,1663,positive delta had no recent attributable attack packet
2026-07-25T16:55:56Z,179,P1,21358,21618,260,0.026,gain,unknown,P1-C1,12,Ryu,315,Donkey H,0,,0,,0,,,1.0,False,0x41400001,0x00000000,0x00000000,0,0,,,,,,none,0,0,positive delta had no recent attributable attack packet
2026-07-25T16:55:56Z,181,P1,21618,22529,911,0.0911,gain,attacker,P1-C1,12,Ryu,315,Donkey H,0,P2-C1,1,Ken the Eagle,0,,,1.0,False,0x41400001,0x00000000,0x00000000,0,0,,,,,,none,0,1971,positive delta had no recent attributable attack packet
2026-07-25T16:55:56Z,181,P2,17287,17969,682,0.0682,gain,victim,P1-C1,12,Ryu,315,Donkey H,0,P2-C1,1,Ken the Eagle,0,,,1.0,False,0x41400001,0x00000000,0x00000000,0,0,,,,,,none,0,1971,positive delta had no recent attributable attack packet
2026-07-25T16:55:57Z,190,P1,22529,22779,250,0.025,gain,unknown,P1-C1,12,Ryu,256,5A,0,,0,,0,,,1.0,False,0x40400001,0x00000000,0x00000000,0,0,,,,,,none,0,0,positive delta had no recent attributable attack packet
2026-07-25T16:55:57Z,190,P2,17969,18156,187,0.0187,gain,unknown,P2-C1,1,Ken the Eagle,82,Bounce Bounce off,0,,0,,0,,,1.0,False,0x00005200,0x00000000,0x00000000,0,0,,,,,,none,0,0,positive delta had no recent attributable attack packet
2026-07-25T16:55:57Z,191,P1,22779,23331,552,0.0552,gain,attacker,P1-C1,12,Ryu,257,5B,0,P2-C1,1,Ken the Eagle,0,,,1.0,False,0x40400001,0x00000000,0x00000000,0,0,,,,,,none,0,544,positive delta had no recent attributable attack packet
2026-07-25T16:55:57Z,191,P2,18156,18471,315,0.0315,gain,victim,P1-C1,12,Ryu,257,5B,0,P2-C1,1,Ken the Eagle,0,,,1.0,False,0x40400001,0x00000000,0x00000000,0,0,,,,,,none,0,544,positive delta had no recent attributable attack packet
2026-07-25T16:55:57Z,194,P1,23331,23826,495,0.0495,gain,unknown,P1-C1,12,Ryu,260,2B,0,,0,,0,,,1.0,False,0x40400010,0x00000000,0x00000000,0,0,,,,,,none,0,0,positive delta had no recent attributable attack packet
2026-07-25T16:55:57Z,194,P2,18471,18744,273,0.0273,gain,unknown,P2-C1,1,Ken the Eagle,91,Soft Knockdown,0,,0,,0,,,1.0,False,0x00005200,0x00000000,0x00000000,0,0,,,,,,none,0,0,positive delta had no recent attributable attack packet
2026-07-25T16:55:58Z,196,P1,23826,24021,195,0.0195,gain,unknown,P1-C1,12,Ryu,258,5C,0,,0,,0,,,1.0,False,0x40400001,0x00000000,0x00000000,0,0,,,,,,none,0,0,positive delta had no recent attributable attack packet
2026-07-25T16:55:58Z,198,P1,24021,24626,605,0.0605,gain,attacker,P1-C1,12,Ryu,258,5C,0,P2-C1,1,Ken the Eagle,0,,,1.0,False,0x40400001,0x00000000,0x00000000,0,0,,,,,,none,0,1310,positive delta had no recent attributable attack packet
2026-07-25T16:55:58Z,198,P2,18744,19197,453,0.0453,gain,victim,P1-C1,12,Ryu,258,5C,0,P2-C1,1,Ken the Eagle,0,,,1.0,False,0x40400001,0x00000000,0x00000000,0,0,,,,,,none,0,1310,positive delta had no recent attributable attack packet
2026-07-25T16:55:58Z,200,P1,24626,25355,729,0.0729,gain,unknown,P1-C1,12,Ryu,261,2C,0,,0,,0,,,1.0,False,0x40400010,0x00000000,0x00000000,0,0,,,,,,none,0,0,positive delta had no recent attributable attack packet
2026-07-25T16:55:58Z,200,P2,19197,19597,400,0.04,gain,unknown,P2-C1,1,Ken the Eagle,91,Soft Knockdown,0,,0,,0,,,1.0,False,0x00005200,0x00000000,0x00000000,0,0,,,,,,none,0,0,positive delta had no recent attributable attack packet
2026-07-25T16:55:58Z,202,P1,25355,25550,195,0.0195,gain,unknown,P1-C1,12,Ryu,262,6C,0,,0,,0,,,1.0,False,0x40400001,0x00000000,0x00000000,0,0,,,,,,none,0,0,positive delta had no recent attributable attack packet
2026-07-25T16:55:59Z,204,P1,25550,25977,427,0.0427,gain,attacker,P1-C1,12,Ryu,262,6C,0,P2-C1,1,Ken the Eagle,0,,,1.0,False,0x40400001,0x00000000,0x00000000,0,0,,,,,,none,0,926,positive delta had no recent attributable attack packet
2026-07-25T16:55:59Z,204,P2,19597,19916,319,0.0319,gain,victim,P1-C1,12,Ryu,262,6C,0,P2-C1,1,Ken the Eagle,0,,,1.0,False,0x40400001,0x00000000,0x00000000,0,0,,,,,,none,0,926,positive delta had no recent attributable attack packet
2026-07-25T16:55:59Z,206,P1,25977,26237,260,0.026,gain,unknown,P1-C1,12,Ryu,309,Tatsu H,0,,0,,0,,,1.0,False,0x01400001,0x00000000,0x00000000,0,0,,,,,,none,0,0,positive delta had no recent attributable attack packet
2026-07-25T16:55:59Z,208,P1,26237,26516,279,0.0279,gain,unknown,P1-C1,12,Ryu,309,Tatsu H,0,,0,,0,,,1.0,False,0x01400001,0x00000000,0x00000000,0,0,,,,,,none,0,0,positive delta had no recent attributable attack packet
2026-07-25T16:55:59Z,208,P2,19916,20125,209,0.0209,gain,unknown,P2-C1,1,Ken the Eagle,91,Soft Knockdown,0,,0,,0,,,1.0,False,0x00005200,0x00000000,0x00000000,0,0,,,,,,none,0,0,positive delta had no recent attributable attack packet
2026-07-25T16:56:00Z,212,P1,26516,26795,279,0.0279,gain,attacker,P1-C1,12,Ryu,309,Tatsu H,0,P2-C1,1,Ken the Eagle,0,,,1.0,False,0x01C00200,0x00000000,0x00000000,0,0,,,,,,none,0,607,positive delta had no recent attributable attack packet
2026-07-25T16:56:00Z,212,P2,20125,20334,209,0.0209,gain,victim,P1-C1,12,Ryu,309,Tatsu H,0,P2-C1,1,Ken the Eagle,0,,,1.0,False,0x01C00200,0x00000000,0x00000000,0,0,,,,,,none,0,607,positive delta had no recent attributable attack packet
2026-07-25T16:56:00Z,215,P1,26795,27075,280,0.028,gain,attacker,P1-C1,12,Ryu,309,Tatsu H,0,P2-C1,1,Ken the Eagle,0,,,1.0,False,0x01C00200,0x00000000,0x00000000,0,0,,,,,,none,0,608,positive delta had no recent attributable attack packet
2026-07-25T16:56:00Z,215,P2,20334,20544,210,0.021,gain,victim,P1-C1,12,Ryu,309,Tatsu H,0,P2-C1,1,Ken the Eagle,0,,,1.0,False,0x01C00200,0x00000000,0x00000000,0,0,,,,,,none,0,608,positive delta had no recent attributable attack packet
2026-07-25T16:56:00Z,219,P1,27075,27355,280,0.028,gain,attacker,P1-C1,12,Ryu,309,Tatsu H,0,P2-C1,1,Ken the Eagle,0,,,1.0,False,0x01400001,0x00000000,0x00000000,0,0,,,,,,none,0,609,positive delta had no recent attributable attack packet
2026-07-25T16:56:00Z,219,P2,20544,20754,210,0.021,gain,victim,P1-C1,12,Ryu,309,Tatsu H,0,P2-C1,1,Ken the Eagle,0,,,1.0,False,0x01400001,0x00000000,0x00000000,0,0,,,,,,none,0,609,positive delta had no recent attributable attack packet
2026-07-25T16:56:07Z,290,P1,27355,27550,195,0.0195,gain,unknown,P1-C1,12,Ryu,267,j.C,0,,0,,0,,,1.0,False,0x00400600,0x00000000,0x00000000,0,0,,,,,,none,0,0,positive delta had no recent attributable attack packet
2026-07-25T16:56:08Z,298,P1,27550,27680,130,0.013,gain,unknown,P1-C1,12,Ryu,266,j.B,0,,0,,0,,,1.0,False,0x00400600,0x00000000,0x00000000,0,0,,,,,,none,0,0,positive delta had no recent attributable attack packet
2026-07-25T16:56:09Z,311,P1,27680,28050,370,0.037,gain,attacker,P1-C1,12,Ryu,256,5A,0,P2-C1,1,Ken the Eagle,0,,,1.0,False,0x40400001,0x00000000,0x00000000,0,0,,,,,,none,0,800,positive delta had no recent attributable attack packet
2026-07-25T16:56:09Z,311,P2,20754,21030,276,0.0276,gain,victim,P1-C1,12,Ryu,256,5A,0,P2-C1,1,Ken the Eagle,0,,,1.0,False,0x40400001,0x00000000,0x00000000,0,0,,,,,,none,0,800,positive delta had no recent attributable attack packet
2026-07-25T16:56:09Z,312,P1,28050,28115,65,0.0065,gain,unknown,P1-C1,12,Ryu,256,5A,0,,0,,0,,,1.0,False,0x40400001,0x00000000,0x00000000,0,0,,,,,,none,0,0,positive delta had no recent attributable attack packet
2026-07-25T16:56:10Z,323,P1,28115,28310,195,0.0195,gain,unknown,P1-C1,12,Ryu,267,j.C,0,,0,,0,,,1.0,False,0x00400E00,0x00000000,0x00000000,0,0,,,,,,none,0,0,positive delta had no recent attributable attack packet
2026-07-25T16:56:10Z,324,P1,28310,29495,1185,0.1185,gain,attacker,P1-C1,12,Ryu,30,landing,0,P2-C1,1,Ken the Eagle,0,,,1.0,False,0x00000C01,0x00000000,0x00000000,0,0,,,,,,none,0,2560,positive delta had no recent attributable attack packet
2026-07-25T16:56:10Z,324,P2,21030,21919,889,0.0889,gain,victim,P1-C1,12,Ryu,30,landing,0,P2-C1,1,Ken the Eagle,0,,,1.0,False,0x00000C01,0x00000000,0x00000000,0,0,,,,,,none,0,2560,positive delta had no recent attributable attack packet
2026-07-25T16:56:15Z,403,P1,29495,29690,195,0.0195,gain,unknown,P1-C1,12,Ryu,258,5C,0,,0,,0,,,1.0,False,0x40400001,0x00000000,0x00000000,0,0,,,,,,none,0,0,positive delta had no recent attributable attack packet
2026-07-25T16:57:55Z,1482,P1,29690,33020,3330,0.333,gain,unknown,P1-C1,12,Ryu,1,idle,0,,0,,0,,,1.0,False,0x00000001,0x00000000,0x00000000,0,0,,,,,,none,0,0,positive delta had no recent attributable attack packet
2026-07-25T16:57:55Z,1483,P1,33020,37016,3996,0.3996,gain,unknown,P1-C1,12,Ryu,1,idle,0,,0,,0,,,1.0,False,0x00000001,0x00000000,0x00000000,0,0,,,,,,none,0,0,positive delta had no recent attributable attack packet
2026-07-25T16:57:55Z,1484,P1,37016,41012,3996,0.3996,gain,unknown,P1-C1,12,Ryu,1,idle,0,,0,,0,,,1.0,False,0x00000001,0x00000000,0x00000000,0,0,,,,,,none,0,0,positive delta had no recent attributable attack packet
2026-07-25T16:57:56Z,1485,P1,41012,44342,3330,0.333,gain,unknown,P1-C1,12,Ryu,1,idle,0,,0,,0,,,1.0,False,0x00000001,0x00000000,0x00000000,0,0,,,,,,none,0,0,positive delta had no recent attributable attack packet
2026-07-25T16:57:56Z,1486,P1,44342,50000,5658,0.5658,gain,unknown,P1-C1,12,Ryu,1,idle,0,,0,,0,,,1.0,False,0x00000001,0x00000000,0x00000000,0,0,,,,,,none,0,0,positive delta had no recent attributable attack packet
2026-07-25T17:01:07Z,3410,P2,21919,22779,860,0.086,gain,victim,P1-C1,12,Ryu,258,5C,0,P2-C1,1,Ken the Eagle,0,,,1.0,False,0x40400001,0x00000000,0x00000000,0,0,,,,,,none,0,2480,positive delta had no recent attributable attack packet
2026-07-25T17:02:01Z,3883,P2,22779,23639,860,0.086,gain,victim,P1-C1,12,Ryu,258,5C,0,P2-C1,1,Ken the Eagle,0,,,1.0,False,0x40400001,0x00000000,0x00000000,0,0,,,,,,none,0,2480,positive delta had no recent attributable attack packet
2026-07-25T17:02:07Z,3964,P2,23639,24528,889,0.0889,gain,victim,P1-C1,12,Ryu,267,j.C,0,P2-C1,1,Ken the Eagle,0,,,1.0,False,0x00400600,0x00000000,0x00000000,0,0,,,,,,none,0,2560,positive delta had no recent attributable attack packet
2026-07-25T17:04:31Z,5349,P2,24528,25027,499,0.0499,gain,victim,P1-C1,12,Ryu,257,5B,0,P2-C1,1,Ken the Eagle,0,,,1.0,False,0x40400001,0x00000000,0x00000000,0,0,,,,,,none,0,1440,positive delta had no recent attributable attack packet
2026-07-25T17:05:46Z,6049,P2,25027,25526,499,0.0499,gain,victim,P1-C1,12,Ryu,257,5B,0,P2-C1,1,Ken the Eagle,0,,,1.0,False,0x40400001,0x00000000,0x00000000,0,0,,,,,,none,0,1440,positive delta had no recent attributable attack packet
2026-07-25T17:05:47Z,6053,P2,25526,26386,860,0.086,gain,victim,P1-C1,12,Ryu,258,5C,0,P2-C1,1,Ken the Eagle,0,,,1.0,False,0x40400001,0x00000000,0x00000000,0,0,,,,,,none,0,2480,positive delta had no recent attributable attack packet
2026-07-25T17:07:00Z,6791,P2,26386,27246,860,0.086,gain,victim,P1-C1,12,Ryu,258,5C,0,P2-C1,1,Ken the Eagle,0,,,1.0,False,0x40400001,0x00000000,0x00000000,0,0,,,,,,none,0,2480,positive delta had no recent attributable attack packet
2026-07-25T17:07:16Z,7020,P2,27246,28106,860,0.086,gain,victim,P1-C1,12,Ryu,258,5C,0,P2-C1,1,Ken the Eagle,0,,,1.0,False,0x40400001,0x00000000,0x00000000,0,0,,,,,,none,0,2480,positive delta had no recent attributable attack packet
2026-07-25T17:07:17Z,7033,P2,28106,28966,860,0.086,gain,unknown,P2-C1,1,Ken the Eagle,1,idle,0,,0,,0,,,1.0,False,0x00001001,0x00000000,0x00000000,0,0,,,,,,none,0,0,positive delta had no recent attributable attack packet
2026-07-25T17:07:23Z,7109,P2,28966,29298,332,0.0332,gain,victim,P1-C1,12,Ryu,265,j.A,0,P2-C1,1,Ken the Eagle,0,,,1.0,False,0x00400602,0x00000000,0x00000000,0,0,,,,,,none,0,960,positive delta had no recent attributable attack packet
2026-07-25T17:07:23Z,7113,P2,29298,30158,860,0.086,gain,victim,P1-C1,12,Ryu,258,5C,0,P2-C1,1,Ken the Eagle,0,,,1.0,False,0x40400001,0x00000000,0x00000000,0,0,,,,,,none,0,2480,positive delta had no recent attributable attack packet
2026-07-25T17:07:25Z,7132,P2,30158,30657,499,0.0499,gain,victim,P1-C1,12,Ryu,257,5B,0,P2-C1,1,Ken the Eagle,0,,,1.0,False,0x40400001,0x00000000,0x00000000,0,0,,,,,,none,0,1440,positive delta had no recent attributable attack packet
2026-07-25T17:07:26Z,7140,P2,30657,31128,471,0.0471,gain,unknown,P2-C1,1,Ken the Eagle,1,idle,0,,0,,0,,,1.0,False,0x00000001,0x00000000,0x00000000,0,0,,,,,,none,0,0,positive delta had no recent attributable attack packet
2026-07-25T17:14:54Z,13105,P1,50000,10000,-40000,-4.0,spend_or_drain,spend_or_drain,P1-C1,12,Ryu,4294967295,Loading,0,,0,,0,,,1.0,False,0x00000001,0x00000000,0x00000000,0,0,,,,,,none,0,0,negative delta is a meter spend or scripted drain
2026-07-25T17:14:54Z,13105,P2,31128,10000,-21128,-2.1128,spend_or_drain,spend_or_drain,P2-C1,1,Ken the Eagle,1,idle,0,,0,,0,,,1.0,False,0x00000001,0x00000000,0x00000000,0,0,,,,,,none,0,0,negative delta is a meter spend or scripted drain
2026-07-25T17:14:57Z,13152,P1,10000,10666,666,0.0666,gain,unknown,P1-C1,12,Ryu,1,idle,0,,0,,0,,,1.0,False,0x00000001,0x00000000,0x00000000,0,0,,,,,,none,0,0,positive delta had no recent attributable attack packet
2026-07-25T17:14:58Z,13153,P1,10666,13996,3330,0.333,gain,unknown,P1-C1,12,Ryu,444,Match Start Point,0,,0,,0,,,1.0,False,0x10000009,0x00000000,0x00000000,0,0,,,,,,none,0,0,positive delta had no recent attributable attack packet
2026-07-25T17:14:58Z,13154,P1,13996,17326,3330,0.333,gain,unknown,P1-C1,12,Ryu,444,Match Start Point,0,,0,,0,,,1.0,False,0x10000009,0x00000000,0x00000000,0,0,,,,,,none,0,0,positive delta had no recent attributable attack packet
2026-07-25T17:14:58Z,13155,P1,17326,19990,2664,0.2664,gain,unknown,P1-C1,12,Ryu,444,Match Start Point,0,,0,,0,,,1.0,False,0x10000009,0x00000000,0x00000000,0,0,,,,,,none,0,0,positive delta had no recent attributable attack packet
2026-07-25T17:14:58Z,13156,P1,19990,22654,2664,0.2664,gain,unknown,P1-C1,12,Ryu,444,Match Start Point,0,,0,,0,,,1.0,False,0x10000009,0x00000000,0x00000000,0,0,,,,,,none,0,0,positive delta had no recent attributable attack packet
2026-07-25T17:14:58Z,13157,P1,22654,25318,2664,0.2664,gain,unknown,P1-C1,12,Ryu,444,Match Start Point,0,,0,,0,,,1.0,False,0x10000009,0x00000000,0x00000000,0,0,,,,,,none,0,0,positive delta had no recent attributable attack packet
2026-07-25T17:14:58Z,13158,P1,25318,27982,2664,0.2664,gain,unknown,P1-C1,12,Ryu,444,Match Start Point,0,,0,,0,,,1.0,False,0x10000009,0x00000000,0x00000000,0,0,,,,,,none,0,0,positive delta had no recent attributable attack packet
2026-07-25T17:14:58Z,13159,P1,27982,30646,2664,0.2664,gain,unknown,P1-C1,12,Ryu,444,Match Start Point,0,,0,,0,,,1.0,False,0x10000009,0x00000000,0x00000000,0,0,,,,,,none,0,0,positive delta had no recent attributable attack packet
2026-07-25T17:14:58Z,13160,P1,30646,33310,2664,0.2664,gain,unknown,P1-C1,12,Ryu,444,Match Start Point,0,,0,,0,,,1.0,False,0x10000009,0x00000000,0x00000000,0,0,,,,,,none,0,0,positive delta had no recent attributable attack packet
2026-07-25T17:14:58Z,13161,P1,33310,35974,2664,0.2664,gain,unknown,P1-C1,12,Ryu,444,Match Start Point,0,,0,,0,,,1.0,False,0x10000009,0x00000000,0x00000000,0,0,,,,,,none,0,0,positive delta had no recent attributable attack packet
2026-07-25T17:14:58Z,13162,P1,35974,39304,3330,0.333,gain,unknown,P1-C1,12,Ryu,444,Match Start Point,0,,0,,0,,,1.0,False,0x10000009,0x00000000,0x00000000,0,0,,,,,,none,0,0,positive delta had no recent attributable attack packet
2026-07-25T17:14:58Z,13163,P1,39304,41968,2664,0.2664,gain,unknown,P1-C1,12,Ryu,444,Match Start Point,0,,0,,0,,,1.0,False,0x10000009,0x00000000,0x00000000,0,0,,,,,,none,0,0,positive delta had no recent attributable attack packet
2026-07-25T17:14:58Z,13164,P1,41968,49294,7326,0.7326,gain,unknown,P1-C1,12,Ryu,1,idle,0,,0,,0,,,1.0,False,0x00000001,0x00000000,0x00000000,0,0,,,,,,none,0,0,positive delta had no recent attributable attack packet
2026-07-25T17:14:58Z,13165,P1,49294,50000,706,0.0706,gain,unknown,P1-C1,12,Ryu,1,idle,0,,0,,0,,,1.0,False,0x00000001,0x00000000,0x00000000,0,0,,,,,,none,0,0,positive delta had no recent attributable attack packet
2026-07-25T17:17:58Z,107,P2,10000,10276,276,0.0276,gain,victim,P1-C1,12,Ryu,256,5A,0,P2-C1,1,Ken the Eagle,0,,,1.0,False,0x40400001,0x00000000,0x00000000,0,0,,,,,,none,0,800,positive delta had no recent attributable attack packet
2026-07-25T17:18:00Z,124,P2,10276,10552,276,0.0276,gain,victim,P1-C1,12,Ryu,256,5A,0,P2-C1,1,Ken the Eagle,0,,,1.0,False,0x40400001,0x00000000,0x00000000,0,0,,,,,,none,0,800,positive delta had no recent attributable attack packet
2026-07-25T17:18:00Z,125,P2,10552,11026,474,0.0474,gain,unknown,P2-C1,1,Ken the Eagle,64,Standing Hitstun,0,,0,,0,,,1.0,False,0x00001001,0x00000000,0x00000000,0,0,,,,,,none,0,0,positive delta had no recent attributable attack packet
2026-07-25T17:18:01Z,128,P2,11026,11449,423,0.0423,gain,victim,P1-C1,12,Ryu,260,2B,0,P2-C1,1,Ken the Eagle,0,,,1.0,False,0x40400010,0x00000000,0x00000000,0,0,,,,,,none,0,1224,positive delta had no recent attributable attack packet
2026-07-25T17:18:01Z,132,P2,11449,12179,730,0.073,gain,victim,P1-C1,12,Ryu,258,5C,0,P2-C1,1,Ken the Eagle,0,,,1.0,False,0x40400001,0x00000000,0x00000000,0,0,,,,,,none,0,2108,positive delta had no recent attributable attack packet
2026-07-25T17:18:01Z,136,P2,12179,12844,665,0.0665,gain,victim,P1-C1,12,Ryu,261,2C,0,P2-C1,1,Ken the Eagle,0,,,1.0,False,0x40400010,0x00000000,0x00000000,0,0,,,,,,none,0,1919,positive delta had no recent attributable attack packet
2026-07-25T17:18:02Z,140,P2,12844,13419,575,0.0575,gain,victim,P1-C1,12,Ryu,262,6C,0,P2-C1,1,Ken the Eagle,0,,,1.0,False,0x40400001,0x00000000,0x00000000,0,0,,,,,,none,0,1663,positive delta had no recent attributable attack packet
2026-07-25T17:18:02Z,145,P2,13419,14101,682,0.0682,gain,victim,P1-C1,12,Ryu,315,Donkey H,0,P2-C1,1,Ken the Eagle,0,,,1.0,False,0x41400001,0x00000000,0x00000000,0,0,,,,,,none,0,1971,positive delta had no recent attributable attack packet
2026-07-25T17:18:03Z,156,P2,14101,14413,312,0.0312,gain,victim,P1-C1,12,Ryu,262,6C,0,P2-C1,1,Ken the Eagle,0,,,1.0,False,0x40400001,0x00000000,0x00000000,0,0,,,,,,none,0,902,positive delta had no recent attributable attack packet
2026-07-25T17:18:04Z,160,P2,14413,14884,471,0.0471,gain,victim,P1-C1,12,Ryu,262,6C,0,P2-C1,1,Ken the Eagle,0,,,1.0,False,0x40400001,0x00000000,0x00000000,0,0,,,,,,none,0,1364,positive delta had no recent attributable attack packet
2026-07-25T17:18:04Z,165,P2,14884,15209,325,0.0325,gain,victim,P1-C1,12,Ryu,309,Tatsu H,0,P2-C1,1,Ken the Eagle,0,,,1.0,False,0x01C00200,0x00000000,0x00000000,0,0,,,,,,none,0,938,positive delta had no recent attributable attack packet
2026-07-25T17:18:05Z,169,P2,15209,15504,295,0.0295,gain,victim,P1-C1,12,Ryu,309,Tatsu H,0,P2-C1,1,Ken the Eagle,0,,,1.0,False,0x01C00200,0x00000000,0x00000000,0,0,,,,,,none,0,854,positive delta had no recent attributable attack packet
2026-07-25T17:18:05Z,173,P2,15504,15770,266,0.0266,gain,victim,P1-C1,12,Ryu,309,Tatsu H,0,P2-C1,1,Ken the Eagle,0,,,1.0,False,0x01C00200,0x00000000,0x00000000,0,0,,,,,,none,0,769,positive delta had no recent attributable attack packet
2026-07-25T17:18:05Z,177,P2,15770,16006,236,0.0236,gain,victim,P1-C1,12,Ryu,309,Tatsu H,0,P2-C1,1,Ken the Eagle,0,,,1.0,False,0x01400001,0x00000000,0x00000000,0,0,,,,,,none,0,685,positive delta had no recent attributable attack packet
2026-07-25T17:18:12Z,250,P2,16006,16282,276,0.0276,gain,unknown,P2-C1,1,Ken the Eagle,1,idle,0,,0,,0,,,1.0,False,0x00000001,0x00000000,0x00000000,0,0,,,,,,none,0,0,positive delta had no recent attributable attack packet
2026-07-25T17:18:12Z,252,P2,16282,16756,474,0.0474,gain,victim,P1-C1,12,Ryu,257,5B,0,P2-C1,1,Ken the Eagle,0,,,1.0,False,0x40400001,0x00000000,0x00000000,0,0,,,,,,none,0,1368,positive delta had no recent attributable attack packet
2026-07-25T17:18:12Z,253,P2,16756,17179,423,0.0423,gain,unknown,P2-C1,1,Ken the Eagle,64,Standing Hitstun,0,,0,,0,,,1.0,False,0x00001001,0x00000000,0x00000000,0,0,,,,,,none,0,0,positive delta had no recent attributable attack packet
2026-07-25T17:18:13Z,256,P2,17179,17909,730,0.073,gain,unknown,P2-C1,1,Ken the Eagle,66,Hit Low,0,,0,,0,,,1.0,False,0x00001001,0x00000000,0x00000000,0,0,,,,,,none,0,0,positive delta had no recent attributable attack packet
2026-07-25T17:18:13Z,261,P2,17909,18018,109,0.0109,gain,victim,P1-C1,12,Ryu,256,5A,0,P2-C1,1,Ken the Eagle,0,,,1.0,False,0x40400001,0x00000000,0x00000000,0,0,,,,,,none,0,621,positive delta had no recent attributable attack packet
2026-07-25T17:18:13Z,263,P2,18018,18203,185,0.0185,gain,victim,P1-C1,12,Ryu,257,5B,0,P2-C1,1,Ken the Eagle,0,,,1.0,False,0x40400001,0x00000000,0x00000000,0,0,,,,,,none,0,1048,positive delta had no recent attributable attack packet
2026-07-25T17:18:14Z,265,P2,18203,18366,163,0.0163,gain,unknown,P2-C1,1,Ken the Eagle,64,Standing Hitstun,0,,0,,0,,,1.0,False,0x00001001,0x00000000,0x00000000,0,0,,,,,,none,0,0,positive delta had no recent attributable attack packet
2026-07-25T17:18:14Z,268,P2,18366,18644,278,0.0278,gain,victim,P1-C1,12,Ryu,258,5C,0,P2-C1,1,Ken the Eagle,0,,,1.0,False,0x40400001,0x00000000,0x00000000,0,0,,,,,,none,0,1565,positive delta had no recent attributable attack packet
2026-07-25T17:18:15Z,270,P2,18644,18867,223,0.0223,gain,victim,P1-C1,12,Ryu,262,6C,0,P2-C1,1,Ken the Eagle,0,,,1.0,False,0x40400001,0x00000000,0x00000000,0,0,,,,,,none,0,1258,positive delta had no recent attributable attack packet
2026-07-25T17:18:15Z,274,P2,18867,19117,250,0.025,gain,victim,P1-C1,12,Ryu,315,Donkey H,0,P2-C1,1,Ken the Eagle,0,,,1.0,False,0x41400001,0x00000000,0x00000000,0,0,,,,,,none,0,1410,positive delta had no recent attributable attack packet
2026-07-25T17:18:21Z,345,P2,19117,20006,889,0.0889,gain,unknown,P2-C1,1,Ken the Eagle,1,idle,0,,0,,0,,,1.0,False,0x00000001,0x00000000,0x00000000,0,0,,,,,,none,0,0,positive delta had no recent attributable attack packet
2026-07-25T17:18:22Z,349,P2,20006,20268,262,0.0262,gain,unknown,P2-C1,1,Ken the Eagle,65,Overhead Hitstun,0,,0,,0,,,1.0,False,0x00001001,0x00000000,0x00000000,0,0,,,,,,none,0,0,positive delta had no recent attributable attack packet
2026-07-25T17:18:22Z,351,P2,20268,20716,448,0.0448,gain,victim,P1-C1,12,Ryu,257,5B,0,P2-C1,1,Ken the Eagle,0,,,1.0,False,0x40400001,0x00000000,0x00000000,0,0,,,,,,none,0,1296,positive delta had no recent attributable attack packet
2026-07-25T17:18:22Z,353,P2,20716,21116,400,0.04,gain,victim,P1-C1,12,Ryu,260,2B,0,P2-C1,1,Ken the Eagle,0,,,1.0,False,0x40400010,0x00000000,0x00000000,0,0,,,,,,none,0,1156,positive delta had no recent attributable attack packet
2026-07-25T17:18:23Z,356,P2,21116,21803,687,0.0687,gain,victim,P1-C1,12,Ryu,258,5C,0,P2-C1,1,Ken the Eagle,0,,,1.0,False,0x40400001,0x00000000,0x00000000,0,0,,,,,,none,0,1983,positive delta had no recent attributable attack packet
2026-07-25T17:18:23Z,360,P2,21803,22427,624,0.0624,gain,victim,P1-C1,12,Ryu,261,2C,0,P2-C1,1,Ken the Eagle,0,,,1.0,False,0x40400010,0x00000000,0x00000000,0,0,,,,,,none,0,1799,positive delta had no recent attributable attack packet
2026-07-25T17:18:24Z,364,P2,22427,22965,538,0.0538,gain,unknown,P2-C1,1,Ken the Eagle,96,Soft Knockdown,0,,0,,0,,,1.0,False,0x00003200,0x00000000,0x00000000,0,0,,,,,,none,0,0,positive delta had no recent attributable attack packet
2026-07-25T17:18:24Z,370,P2,22965,23599,634,0.0634,gain,victim,P1-C1,12,Ryu,315,Donkey H,0,P2-C1,1,Ken the Eagle,0,,,1.0,False,0x41400001,0x00000000,0x00000000,0,0,,,,,,none,0,1831,positive delta had no recent attributable attack packet
2026-07-25T17:18:25Z,380,P2,23599,23771,172,0.0172,gain,victim,P1-C1,12,Ryu,256,5A,0,P2-C1,1,Ken the Eagle,0,,,1.0,False,0x40400001,0x00000000,0x00000000,0,0,,,,,,none,0,502,positive delta had no recent attributable attack packet
2026-07-25T17:18:25Z,381,P2,23771,23930,159,0.0159,gain,unknown,P2-C1,1,Ken the Eagle,91,Soft Knockdown,0,,0,,0,,,1.0,False,0x00005200,0x00000000,0x00000000,0,0,,,,,,none,0,0,positive delta had no recent attributable attack packet
2026-07-25T17:18:26Z,383,P2,23930,24193,263,0.0263,gain,victim,P1-C1,12,Ryu,257,5B,0,P2-C1,1,Ken the Eagle,0,,,1.0,False,0x40400001,0x00000000,0x00000000,0,0,,,,,,none,0,762,positive delta had no recent attributable attack packet
2026-07-25T17:18:26Z,387,P2,24193,24415,222,0.0222,gain,victim,P1-C1,12,Ryu,260,2B,0,P2-C1,1,Ken the Eagle,0,,,1.0,False,0x40400010,0x00000000,0x00000000,0,0,,,,,,none,0,643,positive delta had no recent attributable attack packet
2026-07-25T17:18:26Z,390,P2,24415,24777,362,0.0362,gain,victim,P1-C1,12,Ryu,258,5C,0,P2-C1,1,Ken the Eagle,0,,,1.0,False,0x40400001,0x00000000,0x00000000,0,0,,,,,,none,0,1047,positive delta had no recent attributable attack packet
2026-07-25T17:18:27Z,400,P2,24777,25053,276,0.0276,gain,victim,P1-C1,12,Ryu,256,5A,0,P2-C1,1,Ken the Eagle,0,,,1.0,False,0x40400001,0x00000000,0x00000000,0,0,,,,,,none,0,800,positive delta had no recent attributable attack packet
2026-07-25T17:18:28Z,405,P2,25053,25329,276,0.0276,gain,victim,P1-C1,12,Ryu,256,5A,0,P2-C1,1,Ken the Eagle,0,,,1.0,False,0x40400001,0x00000000,0x00000000,0,0,,,,,,none,0,800,positive delta had no recent attributable attack packet
2026-07-25T17:18:28Z,408,P2,25329,25605,276,0.0276,gain,unknown,P2-C1,1,Ken the Eagle,1,idle,0,,0,,0,,,1.0,False,0x00000001,0x00000000,0x00000000,0,0,,,,,,none,0,0,positive delta had no recent attributable attack packet
2026-07-25T17:18:29Z,413,P2,25605,25881,276,0.0276,gain,victim,P1-C1,12,Ryu,256,5A,0,P2-C1,1,Ken the Eagle,0,,,1.0,False,0x40400001,0x00000000,0x00000000,0,0,,,,,,none,0,800,positive delta had no recent attributable attack packet
2026-07-25T17:18:30Z,418,P2,25881,26157,276,0.0276,gain,victim,P1-C1,12,Ryu,256,5A,0,P2-C1,1,Ken the Eagle,0,,,1.0,False,0x40400001,0x00000000,0x00000000,0,0,,,,,,none,0,800,positive delta had no recent attributable attack packet
2026-07-25T17:18:30Z,422,P2,26157,26433,276,0.0276,gain,unknown,P2-C1,1,Ken the Eagle,1,idle,0,,0,,0,,,1.0,False,0x00001001,0x00000000,0x00000000,0,0,,,,,,none,0,0,positive delta had no recent attributable attack packet
2026-07-25T17:18:31Z,428,P2,26433,26709,276,0.0276,gain,victim,P1-C1,12,Ryu,256,5A,0,P2-C1,1,Ken the Eagle,0,,,1.0,False,0x40400001,0x00000000,0x00000000,0,0,,,,,,none,0,800,positive delta had no recent attributable attack packet
2026-07-25T17:18:35Z,474,P2,26709,26985,276,0.0276,gain,victim,P1-C1,12,Ryu,256,5A,0,P2-C1,1,Ken the Eagle,0,,,1.0,False,0x40400001,0x00000000,0x00000000,0,0,,,,,,none,0,800,positive delta had no recent attributable attack packet
2026-07-25T17:18:35Z,475,P2,26985,27247,262,0.0262,gain,unknown,P2-C1,1,Ken the Eagle,64,Standing Hitstun,0,,0,,0,,,1.0,False,0x00001001,0x00000000,0x00000000,0,0,,,,,,none,0,0,positive delta had no recent attributable attack packet
2026-07-25T17:18:35Z,477,P2,27247,27695,448,0.0448,gain,victim,P1-C1,12,Ryu,257,5B,0,P2-C1,1,Ken the Eagle,0,,,1.0,False,0x40400001,0x00000000,0x00000000,0,0,,,,,,none,0,1296,positive delta had no recent attributable attack packet
2026-07-25T17:18:36Z,490,P2,27695,27971,276,0.0276,gain,unknown,P2-C1,1,Ken the Eagle,1,idle,0,,0,,0,,,1.0,False,0x00000001,0x00000000,0x00000000,0,0,,,,,,none,0,0,positive delta had no recent attributable attack packet
2026-07-25T17:18:36Z,492,P2,27971,28233,262,0.0262,gain,unknown,P2-C1,1,Ken the Eagle,64,Standing Hitstun,0,,0,,0,,,1.0,False,0x00001001,0x00000000,0x00000000,0,0,,,,,,none,0,0,positive delta had no recent attributable attack packet
2026-07-25T17:18:37Z,494,P2,28233,28681,448,0.0448,gain,victim,P1-C1,12,Ryu,257,5B,0,P2-C1,1,Ken the Eagle,0,,,1.0,False,0x40400001,0x00000000,0x00000000,0,0,,,,,,none,0,1296,positive delta had no recent attributable attack packet
2026-07-25T17:18:38Z,510,P2,28681,28957,276,0.0276,gain,victim,P1-C1,12,Ryu,256,5A,0,P2-C1,1,Ken the Eagle,0,,,1.0,False,0x40400001,0x00000000,0x00000000,0,0,,,,,,none,0,300,positive delta had no recent attributable attack packet
2026-07-25T17:18:38Z,511,P2,28957,29431,474,0.0474,gain,unknown,P2-C1,1,Ken the Eagle,64,Standing Hitstun,0,,0,,0,,,1.0,False,0x00001001,0x00000000,0x00000000,0,0,,,,,,none,0,0,positive delta had no recent attributable attack packet
2026-07-25T17:18:39Z,513,P2,29431,29854,423,0.0423,gain,unknown,P2-C1,1,Ken the Eagle,64,Standing Hitstun,0,,0,,0,,,1.0,False,0x00001001,0x00000000,0x00000000,0,0,,,,,,none,0,0,positive delta had no recent attributable attack packet
2026-07-25T17:18:40Z,528,P1,50000,41665,-8335,-0.8335,spend_or_drain,spend_or_drain,P1-C1,12,Ryu,352,Shinkuu,0,,0,,0,,,1.0,False,0x42400001,0x00000000,0x00000000,0,0,,,,,,none,0,0,negative delta is a meter spend or scripted drain
2026-07-25T17:18:40Z,529,P1,41665,43663,1998,0.1998,gain,unknown,P1-C1,12,Ryu,352,Shinkuu,0,,0,,0,,,1.0,False,0x42400001,0x00000000,0x00000000,0,0,,,,,,none,0,0,positive delta had no recent attributable attack packet
2026-07-25T17:18:40Z,530,P1,43663,45328,1665,0.1665,gain,unknown,P1-C1,12,Ryu,352,Shinkuu,0,,0,,0,,,1.0,False,0x42400001,0x00000000,0x00000000,0,0,,,,,,none,0,0,positive delta had no recent attributable attack packet
2026-07-25T17:18:40Z,531,P1,45328,46993,1665,0.1665,gain,unknown,P1-C1,12,Ryu,352,Shinkuu,0,,0,,0,,,1.0,False,0x42400001,0x00000000,0x00000000,0,0,,,,,,none,0,0,positive delta had no recent attributable attack packet
2026-07-25T17:18:41Z,532,P1,46993,48325,1332,0.1332,gain,unknown,P1-C1,12,Ryu,352,Shinkuu,0,,0,,0,,,1.0,False,0x42400001,0x00000000,0x00000000,0,0,,,,,,none,0,0,positive delta had no recent attributable attack packet
2026-07-25T17:18:41Z,533,P1,48325,50000,1675,0.1675,gain,unknown,P1-C1,12,Ryu,352,Shinkuu,0,,0,,0,,,1.0,False,0x42400001,0x00000000,0x00000000,0,0,,,,,,none,0,0,positive delta had no recent attributable attack packet
2026-07-25T17:18:45Z,578,P2,29854,30130,276,0.0276,gain,victim,P1-C1,12,Ryu,256,5A,0,P2-C1,1,Ken the Eagle,0,,,1.0,False,0x40400001,0x00000000,0x00000000,0,0,,,,,,none,0,800,positive delta had no recent attributable attack packet
2026-07-25T17:18:45Z,579,P2,30130,30604,474,0.0474,gain,unknown,P2-C1,1,Ken the Eagle,64,Standing Hitstun,0,,0,,0,,,1.0,False,0x00001001,0x00000000,0x00000000,0,0,,,,,,none,0,0,positive delta had no recent attributable attack packet
2026-07-25T17:18:45Z,581,P2,30604,31027,423,0.0423,gain,unknown,P2-C1,1,Ken the Eagle,64,Standing Hitstun,0,,0,,0,,,1.0,False,0x00001001,0x00000000,0x00000000,0,0,,,,,,none,0,0,positive delta had no recent attributable attack packet
2026-07-25T17:18:46Z,585,P2,31027,31757,730,0.073,gain,victim,P1-C1,12,Ryu,258,5C,0,P2-C1,1,Ken the Eagle,0,,,1.0,False,0x40400001,0x00000000,0x00000000,0,0,,,,,,none,0,2108,positive delta had no recent attributable attack packet
2026-07-25T17:18:46Z,588,P2,31757,32422,665,0.0665,gain,victim,P1-C1,12,Ryu,261,2C,0,P2-C1,1,Ken the Eagle,0,,,1.0,False,0x40400010,0x00000000,0x00000000,0,0,,,,,,none,0,1919,positive delta had no recent attributable attack packet
2026-07-25T17:18:46Z,592,P2,32422,32997,575,0.0575,gain,victim,P1-C1,12,Ryu,262,6C,0,P2-C1,1,Ken the Eagle,0,,,1.0,False,0x40400001,0x00000000,0x00000000,0,0,,,,,,none,0,1663,positive delta had no recent attributable attack packet
2026-07-25T17:18:47Z,597,P2,32997,33679,682,0.0682,gain,victim,P1-C1,12,Ryu,315,Donkey H,0,P2-C1,1,Ken the Eagle,0,,,1.0,False,0x41400001,0x00000000,0x00000000,0,0,,,,,,none,0,1971,positive delta had no recent attributable attack packet
2026-07-25T17:18:57Z,695,P2,33679,34539,860,0.086,gain,victim,P1-C1,12,Ryu,258,5C,0,P2-C1,1,Ken the Eagle,0,,,1.0,False,0x40400001,0x00000000,0x00000000,0,0,,,,,,none,0,2480,positive delta had no recent attributable attack packet
2026-07-25T17:18:58Z,701,P2,34539,35038,499,0.0499,gain,unknown,P2-C1,1,Ken the Eagle,1,idle,0,,0,,0,,,1.0,False,0x00000001,0x00000000,0x00000000,0,0,,,,,,none,0,0,positive delta had no recent attributable attack packet
2026-07-25T17:19:05Z,767,P2,35038,35871,833,0.0833,gain,victim,P1-C1,12,Ryu,261,2C,0,P2-C1,1,Ken the Eagle,0,,,1.0,False,0x40400010,0x00000000,0x00000000,0,0,,,,,,none,0,2400,positive delta had no recent attributable attack packet
2026-07-25T17:19:10Z,813,P2,35871,36370,499,0.0499,gain,victim,P1-C1,12,Ryu,257,5B,0,P2-C1,1,Ken the Eagle,0,,,1.0,False,0x40400001,0x00000000,0x00000000,0,0,,,,,,none,0,1440,positive delta had no recent attributable attack packet
2026-07-25T17:38:08Z,15789,P2,36370,36730,360,0.036,gain,victim,P1-C1,12,Ryu,266,j.B,0,P2-C1,1,Ken the Eagle,0,,,1.0,False,0x00400702,0x00000000,0x00000000,0,0,,,,,,none,0,1040,positive delta had no recent attributable attack packet
2026-07-25T17:38:08Z,15790,P2,36730,37071,341,0.0341,gain,victim,P1-C1,12,Ryu,9,rising,0,P2-C1,1,Ken the Eagle,0,,,1.0,False,0x00000001,0x00000000,0x00000000,0,0,,,,,,none,0,988,positive delta had no recent attributable attack packet
2026-07-25T18:07:26Z,40119,P2,37071,38042,971,0.0971,gain,victim,P1-C1,12,Ryu,305,Hado M,0,P2-C1,1,Ken the Eagle,2800,0x0000000C,0x00040102,1.0,False,0x41400001,0x00000000,0x00000000,0,0,249,186,241,730,False,high,0,2800,attack packet retained from 1 frame(s) earlier
2026-07-25T18:07:26Z,151,P2,37071,38042,971,0.0971,gain,victim,P1-C1,12,Ryu,305,Hado M,0,P2-C1,1,Ken the Eagle,2800,0x0000000C,0x00040102,1.0,False,0x41400001,0x00000000,0x00000000,0,0,249,186,241,730,False,high,0,2800,attack packet retained from 1 frame(s) earlier
2026-07-25T18:07:28Z,40128,P2,38042,39013,971,0.0971,gain,victim,P1-C1,12,Ryu,305,Hado M,0,P2-C1,1,Ken the Eagle,100,0x00000009,0x00000040,1.0,False,0x41400001,0x00000000,0x00000000,0,0,8,0,0,971,False,high,0,2800,property A bit 0 suppresses hit meter
2026-07-25T18:07:28Z,160,P2,38042,39013,971,0.0971,gain,victim,P1-C1,12,Ryu,305,Hado M,0,P2-C1,1,Ken the Eagle,2800,0x0000000C,0x00040102,1.0,False,0x41400001,0x00000000,0x00000000,0,0,249,186,241,730,False,high,0,2800,attack packet retained from 1 frame(s) earlier
2026-07-25T18:07:29Z,40139,P2,39013,39984,971,0.0971,gain,victim,P1-C1,12,Ryu,305,Hado M,0,P2-C1,1,Ken the Eagle,100,0x00000009,0x00000040,1.0,False,0x41400001,0x00000000,0x00000000,0,0,8,0,0,971,False,high,0,2800,property A bit 0 suppresses hit meter
2026-07-25T18:07:29Z,171,P2,39013,39984,971,0.0971,gain,victim,P1-C1,12,Ryu,305,Hado M,0,P2-C1,1,Ken the Eagle,100,0x00000009,0x00000040,1.0,False,0x41400001,0x00000000,0x00000000,0,0,8,0,0,971,False,high,0,2800,property A bit 0 suppresses hit meter
2026-07-25T18:07:48Z,327,P2,39984,40483,499,0.0499,gain,unknown,P2-C1,1,Ken the Eagle,1,idle,0,,0,,0,,,1.0,False,0x00000001,0x00000000,0x00000000,0,0,,,,,,none,0,0,positive delta had no recent attributable attack packet
2026-07-25T18:07:50Z,350,P2,40483,40982,499,0.0499,gain,victim,P1-C1,12,Ryu,257,5B,0,P2-C1,1,Ken the Eagle,0,,,1.0,False,0x40400001,0x00000000,0x00000000,0,0,,,,,,none,0,1440,positive delta had no recent attributable attack packet
2026-07-25T18:07:52Z,374,P1,50000,10000,-40000,-4.0,spend_or_drain,spend_or_drain,P1-C1,12,Ryu,1,idle,0,,0,,0,,,1.0,False,0x00000001,0x00000000,0x00000000,0,0,,,,,,none,0,0,negative delta is a meter spend or scripted drain
2026-07-25T18:07:52Z,374,P2,40982,10000,-30982,-3.0982,spend_or_drain,spend_or_drain,P2-C1,1,Ken the Eagle,1,idle,0,,0,,0,,,1.0,False,0x00000001,0x00000000,0x00000000,0,0,,,,,,none,0,0,negative delta is a meter spend or scripted drain
2026-07-25T18:07:57Z,417,P1,10000,10370,370,0.037,gain,attacker,P1-C1,12,Ryu,256,5A,0,P2-C1,1,Ken the Eagle,0,,,1.0,False,0x40400001,0x00000000,0x00000000,0,0,,,,,,none,0,800,positive delta had no recent attributable attack packet
2026-07-25T18:07:57Z,417,P2,10000,10276,276,0.0276,gain,victim,P1-C1,12,Ryu,256,5A,0,P2-C1,1,Ken the Eagle,0,,,1.0,False,0x40400001,0x00000000,0x00000000,0,0,,,,,,none,0,800,positive delta had no recent attributable attack packet
2026-07-25T18:07:57Z,418,P1,10370,10435,65,0.0065,gain,unknown,P1-C1,12,Ryu,256,5A,0,,0,,0,,,1.0,False,0x40400001,0x00000000,0x00000000,0,0,,,,,,none,0,0,positive delta had no recent attributable attack packet
2026-07-25T18:07:57Z,421,P1,10435,10805,370,0.037,gain,attacker,P1-C1,12,Ryu,256,5A,0,P2-C1,1,Ken the Eagle,0,,,1.0,False,0x40400001,0x00000000,0x00000000,0,0,,,,,,none,0,800,positive delta had no recent attributable attack packet
2026-07-25T18:07:57Z,421,P2,10276,10552,276,0.0276,gain,victim,P1-C1,12,Ryu,256,5A,0,P2-C1,1,Ken the Eagle,0,,,1.0,False,0x40400001,0x00000000,0x00000000,0,0,,,,,,none,0,800,positive delta had no recent attributable attack packet
2026-07-25T18:07:57Z,422,P1,10805,10935,130,0.013,gain,unknown,P1-C1,12,Ryu,257,5B,0,,0,,0,,,1.0,False,0x40400001,0x00000000,0x00000000,0,0,,,,,,none,0,0,positive delta had no recent attributable attack packet
2026-07-25T18:07:57Z,423,P1,10935,11568,633,0.0633,gain,attacker,P1-C1,12,Ryu,257,5B,0,P2-C1,1,Ken the Eagle,0,,,1.0,False,0x40400010,0x00000000,0x00000000,0,0,,,,,,none,0,1368,positive delta had no recent attributable attack packet
2026-07-25T18:07:57Z,423,P2,10552,11026,474,0.0474,gain,victim,P1-C1,12,Ryu,257,5B,0,P2-C1,1,Ken the Eagle,0,,,1.0,False,0x40400010,0x00000000,0x00000000,0,0,,,,,,none,0,1368,positive delta had no recent attributable attack packet
2026-07-25T18:07:58Z,424,P1,11568,12263,695,0.0695,gain,unknown,P1-C1,12,Ryu,260,2B,0,,0,,0,,,1.0,False,0x40400010,0x00000000,0x00000000,0,0,,,,,,none,0,0,positive delta had no recent attributable attack packet
2026-07-25T18:07:58Z,424,P2,11026,11449,423,0.0423,gain,unknown,P2-C1,1,Ken the Eagle,64,Standing Hitstun,0,,0,,0,,,1.0,False,0x00001001,0x00000000,0x00000000,0,0,,,,,,none,0,0,positive delta had no recent attributable attack packet
2026-07-25T18:07:58Z,426,P1,12263,12458,195,0.0195,gain,unknown,P1-C1,12,Ryu,258,5C,0,,0,,0,,,1.0,False,0x40400001,0x00000000,0x00000000,0,0,,,,,,none,0,0,positive delta had no recent attributable attack packet
2026-07-25T18:07:58Z,428,P1,12458,13432,974,0.0974,gain,attacker,P1-C1,12,Ryu,258,5C,0,P2-C1,1,Ken the Eagle,0,,,1.0,False,0x40400001,0x00000000,0x00000000,0,0,,,,,,none,0,2108,positive delta had no recent attributable attack packet
2026-07-25T18:07:58Z,428,P2,11449,12179,730,0.073,gain,victim,P1-C1,12,Ryu,258,5C,0,P2-C1,1,Ken the Eagle,0,,,1.0,False,0x40400001,0x00000000,0x00000000,0,0,,,,,,none,0,2108,positive delta had no recent attributable attack packet
2026-07-25T18:07:58Z,430,P1,13432,13627,195,0.0195,gain,unknown,P1-C1,12,Ryu,261,2C,0,,0,,0,,,1.0,False,0x40400010,0x00000000,0x00000000,0,0,,,,,,none,0,0,positive delta had no recent attributable attack packet
2026-07-25T18:07:59Z,431,P1,13627,14514,887,0.0887,gain,attacker,P1-C1,12,Ryu,261,2C,0,P2-C1,1,Ken the Eagle,0,,,1.0,False,0x40400001,0x00000000,0x00000000,0,0,,,,,,none,0,1919,positive delta had no recent attributable attack packet
2026-07-25T18:07:59Z,431,P2,12179,12844,665,0.0665,gain,victim,P1-C1,12,Ryu,261,2C,0,P2-C1,1,Ken the Eagle,0,,,1.0,False,0x40400001,0x00000000,0x00000000,0,0,,,,,,none,0,1919,positive delta had no recent attributable attack packet
2026-07-25T18:07:59Z,432,P1,14514,14709,195,0.0195,gain,unknown,P1-C1,12,Ryu,262,6C,0,,0,,0,,,1.0,False,0x40400001,0x00000000,0x00000000,0,0,,,,,,none,0,0,positive delta had no recent attributable attack packet
2026-07-25T18:07:59Z,434,P1,14709,15477,768,0.0768,gain,attacker,P1-C1,12,Ryu,262,6C,0,P2-C1,1,Ken the Eagle,0,,,1.0,False,0x40400001,0x00000000,0x00000000,0,0,,,,,,none,0,1663,positive delta had no recent attributable attack packet
2026-07-25T18:07:59Z,434,P2,12844,13419,575,0.0575,gain,victim,P1-C1,12,Ryu,262,6C,0,P2-C1,1,Ken the Eagle,0,,,1.0,False,0x40400001,0x00000000,0x00000000,0,0,,,,,,none,0,1663,positive delta had no recent attributable attack packet
2026-07-25T18:08:05Z,501,P1,15477,15847,370,0.037,gain,attacker,P1-C1,12,Ryu,256,5A,0,P2-C1,1,Ken the Eagle,0,,,1.0,False,0x40400001,0x00000000,0x00000000,0,0,,,,,,none,0,800,positive delta had no recent attributable attack packet
2026-07-25T18:08:05Z,501,P2,13419,13695,276,0.0276,gain,victim,P1-C1,12,Ryu,256,5A,0,P2-C1,1,Ken the Eagle,0,,,1.0,False,0x40400001,0x00000000,0x00000000,0,0,,,,,,none,0,800,positive delta had no recent attributable attack packet
2026-07-25T18:08:05Z,502,P1,15847,15912,65,0.0065,gain,unknown,P1-C1,12,Ryu,256,5A,0,,0,,0,,,1.0,False,0x40400001,0x00000000,0x00000000,0,0,,,,,,none,0,0,positive delta had no recent attributable attack packet
2026-07-25T18:08:06Z,511,P1,15912,16282,370,0.037,gain,attacker,P1-C1,12,Ryu,256,5A,0,P2-C1,1,Ken the Eagle,0,,,1.0,False,0x40400001,0x00000000,0x00000000,0,0,,,,,,none,0,800,positive delta had no recent attributable attack packet
2026-07-25T18:08:06Z,511,P2,13695,13971,276,0.0276,gain,victim,P1-C1,12,Ryu,256,5A,0,P2-C1,1,Ken the Eagle,0,,,1.0,False,0x40400001,0x00000000,0x00000000,0,0,,,,,,none,0,800,positive delta had no recent attributable attack packet
2026-07-25T18:08:06Z,512,P1,16282,16412,130,0.013,gain,unknown,P1-C1,12,Ryu,257,5B,0,,0,,0,,,1.0,False,0x40400001,0x00000000,0x00000000,0,0,,,,,,none,0,0,positive delta had no recent attributable attack packet
2026-07-25T18:08:06Z,513,P1,16412,17045,633,0.0633,gain,attacker,P1-C1,12,Ryu,257,5B,0,P2-C1,1,Ken the Eagle,0,,,1.0,False,0x40400001,0x00000000,0x00000000,0,0,,,,,,none,0,1368,positive delta had no recent attributable attack packet
2026-07-25T18:08:06Z,513,P2,13971,14445,474,0.0474,gain,victim,P1-C1,12,Ryu,257,5B,0,P2-C1,1,Ken the Eagle,0,,,1.0,False,0x40400001,0x00000000,0x00000000,0,0,,,,,,none,0,1368,positive delta had no recent attributable attack packet
2026-07-25T18:08:07Z,515,P1,17045,17740,695,0.0695,gain,attacker,P1-C1,12,Ryu,260,2B,0,P2-C1,1,Ken the Eagle,0,,,1.0,False,0x40400010,0x00000000,0x00000000,0,0,,,,,,none,0,1224,positive delta had no recent attributable attack packet
2026-07-25T18:08:07Z,515,P2,14445,14868,423,0.0423,gain,victim,P1-C1,12,Ryu,260,2B,0,P2-C1,1,Ken the Eagle,0,,,1.0,False,0x40400010,0x00000000,0x00000000,0,0,,,,,,none,0,1224,positive delta had no recent attributable attack packet
2026-07-25T18:08:08Z,530,P1,17740,18110,370,0.037,gain,attacker,P1-C1,12,Ryu,256,5A,0,P2-C1,1,Ken the Eagle,0,,,1.0,False,0x40400001,0x00000000,0x00000000,0,0,,,,,,none,0,800,positive delta had no recent attributable attack packet
2026-07-25T18:08:08Z,530,P2,14868,15144,276,0.0276,gain,victim,P1-C1,12,Ryu,256,5A,0,P2-C1,1,Ken the Eagle,0,,,1.0,False,0x40400001,0x00000000,0x00000000,0,0,,,,,,none,0,800,positive delta had no recent attributable attack packet
2026-07-25T18:08:08Z,531,P1,18110,18873,763,0.0763,gain,unknown,P1-C1,12,Ryu,257,5B,0,,0,,0,,,1.0,False,0x40400001,0x00000000,0x00000000,0,0,,,,,,none,0,0,positive delta had no recent attributable attack packet
2026-07-25T18:08:08Z,531,P2,15144,15618,474,0.0474,gain,unknown,P2-C1,1,Ken the Eagle,64,Standing Hitstun,0,,0,,0,,,1.0,False,0x00001001,0x00000000,0x00000000,0,0,,,,,,none,0,0,positive delta had no recent attributable attack packet
2026-07-25T18:08:08Z,533,P1,18873,19568,695,0.0695,gain,unknown,P1-C1,12,Ryu,260,2B,0,,0,,0,,,1.0,False,0x40400010,0x00000000,0x00000000,0,0,,,,,,none,0,0,positive delta had no recent attributable attack packet
2026-07-25T18:08:08Z,533,P2,15618,16041,423,0.0423,gain,unknown,P2-C1,1,Ken the Eagle,64,Standing Hitstun,0,,0,,0,,,1.0,False,0x00001001,0x00000000,0x00000000,0,0,,,,,,none,0,0,positive delta had no recent attributable attack packet
2026-07-25T18:08:09Z,535,P1,19568,19763,195,0.0195,gain,unknown,P1-C1,12,Ryu,258,5C,0,,0,,0,,,1.0,False,0x40400001,0x00000000,0x00000000,0,0,,,,,,none,0,0,positive delta had no recent attributable attack packet
2026-07-25T18:08:09Z,536,P1,19763,20737,974,0.0974,gain,attacker,P1-C1,12,Ryu,258,5C,0,P2-C1,1,Ken the Eagle,0,,,1.0,False,0x40400001,0x00000000,0x00000000,0,0,,,,,,none,0,2108,positive delta had no recent attributable attack packet
2026-07-25T18:08:09Z,536,P2,16041,16771,730,0.073,gain,victim,P1-C1,12,Ryu,258,5C,0,P2-C1,1,Ken the Eagle,0,,,1.0,False,0x40400001,0x00000000,0x00000000,0,0,,,,,,none,0,2108,positive delta had no recent attributable attack packet
2026-07-25T18:08:09Z,538,P1,20737,20932,195,0.0195,gain,unknown,P1-C1,12,Ryu,261,2C,0,,0,,0,,,1.0,False,0x40400010,0x00000000,0x00000000,0,0,,,,,,none,0,0,positive delta had no recent attributable attack packet
2026-07-25T18:08:09Z,540,P1,20932,21819,887,0.0887,gain,attacker,P1-C1,12,Ryu,261,2C,0,P2-C1,1,Ken the Eagle,0,,,1.0,False,0x40400010,0x00000000,0x00000000,0,0,,,,,,none,0,1919,positive delta had no recent attributable attack packet
2026-07-25T18:08:09Z,540,P2,16771,17436,665,0.0665,gain,victim,P1-C1,12,Ryu,261,2C,0,P2-C1,1,Ken the Eagle,0,,,1.0,False,0x40400010,0x00000000,0x00000000,0,0,,,,,,none,0,1919,positive delta had no recent attributable attack packet
2026-07-25T18:08:10Z,542,P1,21819,22014,195,0.0195,gain,unknown,P1-C1,12,Ryu,262,6C,0,,0,,0,,,1.0,False,0x40400001,0x00000000,0x00000000,0,0,,,,,,none,0,0,positive delta had no recent attributable attack packet
2026-07-25T18:08:10Z,544,P1,22014,22782,768,0.0768,gain,attacker,P1-C1,12,Ryu,262,6C,0,P2-C1,1,Ken the Eagle,0,,,1.0,False,0x40400001,0x00000000,0x00000000,0,0,,,,,,none,0,1663,positive delta had no recent attributable attack packet
2026-07-25T18:08:10Z,544,P2,17436,18011,575,0.0575,gain,victim,P1-C1,12,Ryu,262,6C,0,P2-C1,1,Ken the Eagle,0,,,1.0,False,0x40400001,0x00000000,0x00000000,0,0,,,,,,none,0,1663,positive delta had no recent attributable attack packet
2026-07-25T18:08:10Z,546,P1,22782,23042,260,0.026,gain,unknown,P1-C1,12,Ryu,315,Donkey H,0,,0,,0,,,1.0,False,0x41400001,0x00000000,0x00000000,0,0,,,,,,none,0,0,positive delta had no recent attributable attack packet
2026-07-25T18:08:10Z,549,P1,23042,23953,911,0.0911,gain,attacker,P1-C1,12,Ryu,315,Donkey H,0,P2-C1,1,Ken the Eagle,0,,,1.0,False,0x41400001,0x00000000,0x00000000,0,0,,,,,,none,0,1971,positive delta had no recent attributable attack packet
2026-07-25T18:08:10Z,549,P2,18011,18693,682,0.0682,gain,victim,P1-C1,12,Ryu,315,Donkey H,0,P2-C1,1,Ken the Eagle,0,,,1.0,False,0x41400001,0x00000000,0x00000000,0,0,,,,,,none,0,1971,positive delta had no recent attributable attack packet
2026-07-25T18:08:11Z,559,P1,23953,24203,250,0.025,gain,unknown,P1-C1,12,Ryu,256,5A,0,,0,,0,,,1.0,False,0x40400001,0x00000000,0x00000000,0,0,,,,,,none,0,0,positive delta had no recent attributable attack packet
2026-07-25T18:08:11Z,559,P2,18693,18880,187,0.0187,gain,unknown,P2-C1,1,Ken the Eagle,82,Bounce Bounce off,0,,0,,0,,,1.0,False,0x00005200,0x00000000,0x00000000,0,0,,,,,,none,0,0,positive delta had no recent attributable attack packet
2026-07-25T18:08:11Z,560,P1,24203,24755,552,0.0552,gain,attacker,P1-C1,12,Ryu,257,5B,0,P2-C1,1,Ken the Eagle,0,,,1.0,False,0x40400001,0x00000000,0x00000000,0,0,,,,,,none,0,544,positive delta had no recent attributable attack packet
2026-07-25T18:08:11Z,560,P2,18880,19195,315,0.0315,gain,victim,P1-C1,12,Ryu,257,5B,0,P2-C1,1,Ken the Eagle,0,,,1.0,False,0x40400001,0x00000000,0x00000000,0,0,,,,,,none,0,544,positive delta had no recent attributable attack packet
2026-07-25T18:08:12Z,562,P1,24755,24885,130,0.013,gain,unknown,P1-C1,12,Ryu,260,2B,0,,0,,0,,,1.0,False,0x40400010,0x00000000,0x00000000,0,0,,,,,,none,0,0,positive delta had no recent attributable attack packet
2026-07-25T18:08:12Z,563,P1,24885,25249,364,0.0364,gain,attacker,P1-C1,12,Ryu,260,2B,0,P2-C1,1,Ken the Eagle,0,,,1.0,False,0x40400010,0x00000000,0x00000000,0,0,,,,,,none,0,788,positive delta had no recent attributable attack packet
2026-07-25T18:08:12Z,563,P2,19195,19468,273,0.0273,gain,victim,P1-C1,12,Ryu,260,2B,0,P2-C1,1,Ken the Eagle,0,,,1.0,False,0x40400010,0x00000000,0x00000000,0,0,,,,,,none,0,788,positive delta had no recent attributable attack packet
2026-07-25T18:08:12Z,565,P1,25249,25444,195,0.0195,gain,unknown,P1-C1,12,Ryu,258,5C,0,,0,,0,,,1.0,False,0x40400001,0x00000000,0x00000000,0,0,,,,,,none,0,0,positive delta had no recent attributable attack packet
2026-07-25T18:08:12Z,566,P1,25444,26049,605,0.0605,gain,attacker,P1-C1,12,Ryu,258,5C,0,P2-C1,1,Ken the Eagle,0,,,1.0,False,0x40400001,0x00000000,0x00000000,0,0,,,,,,none,0,1309,positive delta had no recent attributable attack packet
2026-07-25T18:08:12Z,566,P2,19468,19921,453,0.0453,gain,victim,P1-C1,12,Ryu,258,5C,0,P2-C1,1,Ken the Eagle,0,,,1.0,False,0x40400001,0x00000000,0x00000000,0,0,,,,,,none,0,1309,positive delta had no recent attributable attack packet
2026-07-25T18:08:13Z,569,P1,26049,26244,195,0.0195,gain,unknown,P1-C1,12,Ryu,261,2C,0,,0,,0,,,1.0,False,0x40400010,0x00000000,0x00000000,0,0,,,,,,none,0,0,positive delta had no recent attributable attack packet
2026-07-25T18:08:13Z,570,P1,26244,26778,534,0.0534,gain,attacker,P1-C1,12,Ryu,261,2C,0,P2-C1,1,Ken the Eagle,0,,,1.0,False,0x40400010,0x00000000,0x00000000,0,0,,,,,,none,0,1155,positive delta had no recent attributable attack packet
2026-07-25T18:08:13Z,570,P2,19921,20321,400,0.04,gain,victim,P1-C1,12,Ryu,261,2C,0,P2-C1,1,Ken the Eagle,0,,,1.0,False,0x40400010,0x00000000,0x00000000,0,0,,,,,,none,0,1155,positive delta had no recent attributable attack packet
2026-07-25T18:08:13Z,572,P1,26778,26973,195,0.0195,gain,unknown,P1-C1,12,Ryu,262,6C,0,,0,,0,,,1.0,False,0x40400001,0x00000000,0x00000000,0,0,,,,,,none,0,0,positive delta had no recent attributable attack packet
2026-07-25T18:08:13Z,573,P1,26973,27400,427,0.0427,gain,attacker,P1-C1,12,Ryu,262,6C,0,P2-C1,1,Ken the Eagle,0,,,1.0,False,0x40400001,0x00000000,0x00000000,0,0,,,,,,none,0,926,positive delta had no recent attributable attack packet
2026-07-25T18:08:13Z,573,P2,20321,20640,319,0.0319,gain,victim,P1-C1,12,Ryu,262,6C,0,P2-C1,1,Ken the Eagle,0,,,1.0,False,0x40400001,0x00000000,0x00000000,0,0,,,,,,none,0,926,positive delta had no recent attributable attack packet
2026-07-25T18:08:13Z,576,P1,27400,27660,260,0.026,gain,unknown,P1-C1,12,Ryu,309,Tatsu H,0,,0,,0,,,1.0,False,0x01400001,0x00000000,0x00000000,0,0,,,,,,none,0,0,positive delta had no recent attributable attack packet
2026-07-25T18:08:14Z,579,P1,27660,27939,279,0.0279,gain,attacker,P1-C1,12,Ryu,309,Tatsu H,0,P2-C1,1,Ken the Eagle,0,,,1.0,False,0x01C00200,0x00000000,0x00000000,0,0,,,,,,none,0,606,positive delta had no recent attributable attack packet
2026-07-25T18:08:14Z,579,P2,20640,20849,209,0.0209,gain,victim,P1-C1,12,Ryu,309,Tatsu H,0,P2-C1,1,Ken the Eagle,0,,,1.0,False,0x01C00200,0x00000000,0x00000000,0,0,,,,,,none,0,606,positive delta had no recent attributable attack packet
2026-07-25T18:08:14Z,582,P1,27939,28218,279,0.0279,gain,attacker,P1-C1,12,Ryu,309,Tatsu H,0,P2-C1,1,Ken the Eagle,0,,,1.0,False,0x01C00200,0x00000000,0x00000000,0,0,,,,,,none,0,607,positive delta had no recent attributable attack packet
2026-07-25T18:08:14Z,582,P2,20849,21058,209,0.0209,gain,victim,P1-C1,12,Ryu,309,Tatsu H,0,P2-C1,1,Ken the Eagle,0,,,1.0,False,0x01C00200,0x00000000,0x00000000,0,0,,,,,,none,0,607,positive delta had no recent attributable attack packet
2026-07-25T18:08:14Z,585,P1,28218,28498,280,0.028,gain,attacker,P1-C1,12,Ryu,309,Tatsu H,0,P2-C1,1,Ken the Eagle,0,,,1.0,False,0x01C00200,0x00000000,0x00000000,0,0,,,,,,none,0,608,positive delta had no recent attributable attack packet
2026-07-25T18:08:14Z,585,P2,21058,21268,210,0.021,gain,victim,P1-C1,12,Ryu,309,Tatsu H,0,P2-C1,1,Ken the Eagle,0,,,1.0,False,0x01C00200,0x00000000,0x00000000,0,0,,,,,,none,0,608,positive delta had no recent attributable attack packet
2026-07-25T18:08:15Z,588,P1,28498,28778,280,0.028,gain,attacker,P1-C1,12,Ryu,309,Tatsu H,0,P2-C1,1,Ken the Eagle,0,,,1.0,False,0x01400001,0x00000000,0x00000000,0,0,,,,,,none,0,609,positive delta had no recent attributable attack packet
2026-07-25T18:08:15Z,588,P2,21268,21478,210,0.021,gain,victim,P1-C1,12,Ryu,309,Tatsu H,0,P2-C1,1,Ken the Eagle,0,,,1.0,False,0x01400001,0x00000000,0x00000000,0,0,,,,,,none,0,609,positive delta had no recent attributable attack packet
2026-07-25T18:08:19Z,631,P1,28778,29148,370,0.037,gain,attacker,P1-C1,12,Ryu,256,5A,0,P2-C1,1,Ken the Eagle,0,,,1.0,False,0x40400001,0x00000000,0x00000000,0,0,,,,,,none,0,800,positive delta had no recent attributable attack packet
2026-07-25T18:08:19Z,631,P2,21478,21754,276,0.0276,gain,victim,P1-C1,12,Ryu,256,5A,0,P2-C1,1,Ken the Eagle,0,,,1.0,False,0x40400001,0x00000000,0x00000000,0,0,,,,,,none,0,800,positive delta had no recent attributable attack packet
2026-07-25T18:08:19Z,632,P1,29148,29564,416,0.0416,gain,unknown,P1-C1,12,Ryu,256,5A,0,,0,,0,,,1.0,False,0x40400001,0x00000000,0x00000000,0,0,,,,,,none,0,0,positive delta had no recent attributable attack packet
2026-07-25T18:08:19Z,632,P2,21754,22016,262,0.0262,gain,unknown,P2-C1,1,Ken the Eagle,64,Standing Hitstun,0,,0,,0,,,1.0,False,0x00001001,0x00000000,0x00000000,0,0,,,,,,none,0,0,positive delta had no recent attributable attack packet
2026-07-25T18:08:19Z,633,P1,29564,29694,130,0.013,gain,attacker,P1-C1,12,Ryu,257,5B,0,P2-C1,1,Ken the Eagle,0,,,1.0,False,0x40400001,0x00000000,0x00000000,0,0,,,,,,none,0,760,positive delta had no recent attributable attack packet
2026-07-25T18:08:19Z,634,P1,29694,30293,599,0.0599,gain,attacker,P1-C1,12,Ryu,257,5B,0,P2-C1,1,Ken the Eagle,0,,,1.0,False,0x40400001,0x00000000,0x00000000,0,0,,,,,,none,0,1296,positive delta had no recent attributable attack packet
2026-07-25T18:08:19Z,634,P2,22016,22464,448,0.0448,gain,victim,P1-C1,12,Ryu,257,5B,0,P2-C1,1,Ken the Eagle,0,,,1.0,False,0x40400001,0x00000000,0x00000000,0,0,,,,,,none,0,1296,positive delta had no recent attributable attack packet
2026-07-25T18:08:19Z,635,P1,30293,30423,130,0.013,gain,unknown,P1-C1,12,Ryu,260,2B,0,,0,,0,,,1.0,False,0x40400010,0x00000000,0x00000000,0,0,,,,,,none,0,0,positive delta had no recent attributable attack packet
2026-07-25T18:08:19Z,636,P1,30423,30957,534,0.0534,gain,attacker,P1-C1,12,Ryu,260,2B,0,P2-C1,1,Ken the Eagle,0,,,1.0,False,0x40400010,0x00000000,0x00000000,0,0,,,,,,none,0,1156,positive delta had no recent attributable attack packet
2026-07-25T18:08:19Z,636,P2,22464,22864,400,0.04,gain,victim,P1-C1,12,Ryu,260,2B,0,P2-C1,1,Ken the Eagle,0,,,1.0,False,0x40400010,0x00000000,0x00000000,0,0,,,,,,none,0,1156,positive delta had no recent attributable attack packet
2026-07-25T18:08:20Z,638,P1,30957,31152,195,0.0195,gain,unknown,P1-C1,12,Ryu,258,5C,0,,0,,0,,,1.0,False,0x40400001,0x00000000,0x00000000,0,0,,,,,,none,0,0,positive delta had no recent attributable attack packet
2026-07-25T18:08:20Z,639,P1,31152,32069,917,0.0917,gain,attacker,P1-C1,12,Ryu,258,5C,0,P2-C1,1,Ken the Eagle,0,,,1.0,False,0x40400001,0x00000000,0x00000000,0,0,,,,,,none,0,1983,positive delta had no recent attributable attack packet
2026-07-25T18:08:20Z,639,P2,22864,23551,687,0.0687,gain,victim,P1-C1,12,Ryu,258,5C,0,P2-C1,1,Ken the Eagle,0,,,1.0,False,0x40400001,0x00000000,0x00000000,0,0,,,,,,none,0,1983,positive delta had no recent attributable attack packet
2026-07-25T18:08:24Z,688,P1,32069,32439,370,0.037,gain,attacker,P1-C1,12,Ryu,256,5A,0,P2-C1,1,Ken the Eagle,0,,,1.0,False,0x40400001,0x00000000,0x00000000,0,0,,,,,,none,0,800,positive delta had no recent attributable attack packet
2026-07-25T18:08:24Z,688,P2,23551,23827,276,0.0276,gain,victim,P1-C1,12,Ryu,256,5A,0,P2-C1,1,Ken the Eagle,0,,,1.0,False,0x40400001,0x00000000,0x00000000,0,0,,,,,,none,0,800,positive delta had no recent attributable attack packet
2026-07-25T18:08:24Z,689,P1,32439,33202,763,0.0763,gain,unknown,P1-C1,12,Ryu,257,5B,0,,0,,0,,,1.0,False,0x40400001,0x00000000,0x00000000,0,0,,,,,,none,0,0,positive delta had no recent attributable attack packet
2026-07-25T18:08:24Z,689,P2,23827,24301,474,0.0474,gain,unknown,P2-C1,1,Ken the Eagle,64,Standing Hitstun,0,,0,,0,,,1.0,False,0x00001001,0x00000000,0x00000000,0,0,,,,,,none,0,0,positive delta had no recent attributable attack packet
2026-07-25T18:08:25Z,691,P1,33202,33332,130,0.013,gain,unknown,P1-C1,12,Ryu,260,2B,0,,0,,0,,,1.0,False,0x40400010,0x00000000,0x00000000,0,0,,,,,,none,0,0,positive delta had no recent attributable attack packet
2026-07-25T18:08:25Z,692,P1,33332,33897,565,0.0565,gain,attacker,P1-C1,12,Ryu,260,2B,0,P2-C1,1,Ken the Eagle,0,,,1.0,False,0x40400010,0x00000000,0x00000000,0,0,,,,,,none,0,1224,positive delta had no recent attributable attack packet
2026-07-25T18:08:25Z,692,P2,24301,24724,423,0.0423,gain,victim,P1-C1,12,Ryu,260,2B,0,P2-C1,1,Ken the Eagle,0,,,1.0,False,0x40400010,0x00000000,0x00000000,0,0,,,,,,none,0,1224,positive delta had no recent attributable attack packet
2026-07-25T18:08:25Z,694,P1,33897,34092,195,0.0195,gain,unknown,P1-C1,12,Ryu,258,5C,0,,0,,0,,,1.0,False,0x40400001,0x00000000,0x00000000,0,0,,,,,,none,0,0,positive delta had no recent attributable attack packet
2026-07-25T18:08:25Z,695,P1,34092,35066,974,0.0974,gain,attacker,P1-C1,12,Ryu,258,5C,0,P2-C1,1,Ken the Eagle,0,,,1.0,False,0x40400001,0x00000000,0x00000000,0,0,,,,,,none,0,2108,positive delta had no recent attributable attack packet
2026-07-25T18:08:25Z,695,P2,24724,25454,730,0.073,gain,victim,P1-C1,12,Ryu,258,5C,0,P2-C1,1,Ken the Eagle,0,,,1.0,False,0x40400001,0x00000000,0x00000000,0,0,,,,,,none,0,2108,positive delta had no recent attributable attack packet
2026-07-25T18:08:26Z,697,P1,35066,35261,195,0.0195,gain,unknown,P1-C1,12,Ryu,261,2C,0,,0,,0,,,1.0,False,0x40400010,0x00000000,0x00000000,0,0,,,,,,none,0,0,positive delta had no recent attributable attack packet
2026-07-25T18:08:26Z,698,P1,35261,36148,887,0.0887,gain,attacker,P1-C1,12,Ryu,261,2C,0,P2-C1,1,Ken the Eagle,0,,,1.0,False,0x40400010,0x00000000,0x00000000,0,0,,,,,,none,0,1919,positive delta had no recent attributable attack packet
2026-07-25T18:08:26Z,698,P2,25454,26119,665,0.0665,gain,victim,P1-C1,12,Ryu,261,2C,0,P2-C1,1,Ken the Eagle,0,,,1.0,False,0x40400010,0x00000000,0x00000000,0,0,,,,,,none,0,1919,positive delta had no recent attributable attack packet
2026-07-25T18:08:26Z,701,P1,36148,36343,195,0.0195,gain,unknown,P1-C1,12,Ryu,262,6C,0,,0,,0,,,1.0,False,0x40400001,0x00000000,0x00000000,0,0,,,,,,none,0,0,positive delta had no recent attributable attack packet
2026-07-25T18:08:26Z,702,P1,36343,37111,768,0.0768,gain,attacker,P1-C1,12,Ryu,262,6C,0,P2-C1,1,Ken the Eagle,0,,,1.0,False,0x40400001,0x00000000,0x00000000,0,0,,,,,,none,0,1663,positive delta had no recent attributable attack packet
2026-07-25T18:08:26Z,702,P2,26119,26694,575,0.0575,gain,victim,P1-C1,12,Ryu,262,6C,0,P2-C1,1,Ken the Eagle,0,,,1.0,False,0x40400001,0x00000000,0x00000000,0,0,,,,,,none,0,1663,positive delta had no recent attributable attack packet
2026-07-25T18:08:30Z,741,P1,37111,37481,370,0.037,gain,unknown,P1-C1,12,Ryu,256,5A,0,,0,,0,,,1.0,False,0x40400001,0x00000000,0x00000000,0,0,,,,,,none,0,0,positive delta had no recent attributable attack packet
2026-07-25T18:08:30Z,741,P2,26694,26970,276,0.0276,gain,unknown,P2-C1,1,Ken the Eagle,1,idle,0,,0,,0,,,1.0,False,0x00000001,0x00000000,0x00000000,0,0,,,,,,none,0,0,positive delta had no recent attributable attack packet
2026-07-25T18:08:30Z,742,P1,37481,37546,65,0.0065,gain,attacker,P1-C1,12,Ryu,256,5A,0,P2-C1,1,Ken the Eagle,0,,,1.0,False,0x40400001,0x00000000,0x00000000,0,0,,,,,,none,0,800,positive delta had no recent attributable attack packet
2026-07-25T18:08:30Z,743,P1,37546,37897,351,0.0351,gain,attacker,P1-C1,12,Ryu,256,5A,0,P2-C1,1,Ken the Eagle,0,,,1.0,False,0x40400001,0x00000000,0x00000000,0,0,,,,,,none,0,760,positive delta had no recent attributable attack packet
2026-07-25T18:08:30Z,743,P2,26970,27232,262,0.0262,gain,victim,P1-C1,12,Ryu,256,5A,0,P2-C1,1,Ken the Eagle,0,,,1.0,False,0x40400001,0x00000000,0x00000000,0,0,,,,,,none,0,760,positive delta had no recent attributable attack packet
2026-07-25T18:08:30Z,744,P1,37897,37962,65,0.0065,gain,unknown,P1-C1,12,Ryu,256,5A,0,,0,,0,,,1.0,False,0x40400001,0x00000000,0x00000000,0,0,,,,,,none,0,0,positive delta had no recent attributable attack packet
2026-07-25T18:08:31Z,748,P1,37962,38332,370,0.037,gain,attacker,P1-C1,12,Ryu,256,5A,0,P2-C1,1,Ken the Eagle,0,,,1.0,False,0x40400001,0x00000000,0x00000000,0,0,,,,,,none,0,800,positive delta had no recent attributable attack packet
2026-07-25T18:08:31Z,748,P2,27232,27508,276,0.0276,gain,victim,P1-C1,12,Ryu,256,5A,0,P2-C1,1,Ken the Eagle,0,,,1.0,False,0x40400001,0x00000000,0x00000000,0,0,,,,,,none,0,800,positive delta had no recent attributable attack packet
2026-07-25T18:08:31Z,749,P1,38332,39095,763,0.0763,gain,unknown,P1-C1,12,Ryu,257,5B,0,,0,,0,,,1.0,False,0x40400001,0x00000000,0x00000000,0,0,,,,,,none,0,0,positive delta had no recent attributable attack packet
2026-07-25T18:08:31Z,749,P2,27508,27982,474,0.0474,gain,unknown,P2-C1,1,Ken the Eagle,64,Standing Hitstun,0,,0,,0,,,1.0,False,0x00001001,0x00000000,0x00000000,0,0,,,,,,none,0,0,positive delta had no recent attributable attack packet
2026-07-25T18:08:31Z,752,P1,39095,40354,1259,0.1259,gain,unknown,P1-C1,12,Ryu,310,Shoryu L,0,,0,,0,,,1.0,False,0x01400001,0x00000000,0x00000000,0,0,,,,,,none,0,0,positive delta had no recent attributable attack packet
2026-07-25T18:08:31Z,752,P2,27982,28730,748,0.0748,gain,unknown,P2-C1,1,Ken the Eagle,64,Standing Hitstun,0,,0,,0,,,1.0,False,0x00001000,0x00000000,0x00000000,0,0,,,,,,none,0,0,positive delta had no recent attributable attack packet
2026-07-25T18:08:33Z,766,P1,40354,40724,370,0.037,gain,attacker,P1-C1,12,Ryu,257,5B,0,P2-C1,1,Ken the Eagle,0,,,1.0,False,0x40400001,0x00000000,0x00000000,0,0,,,,,,none,0,800,positive delta had no recent attributable attack packet
2026-07-25T18:08:33Z,766,P2,28730,29006,276,0.0276,gain,victim,P1-C1,12,Ryu,257,5B,0,P2-C1,1,Ken the Eagle,0,,,1.0,False,0x40400001,0x00000000,0x00000000,0,0,,,,,,none,0,800,positive delta had no recent attributable attack packet
2026-07-25T18:08:33Z,767,P1,40724,41487,763,0.0763,gain,attacker,P1-C1,12,Ryu,260,2B,0,P2-C1,1,Ken the Eagle,0,,,1.0,False,0x40400010,0x00000000,0x00000000,0,0,,,,,,none,0,1368,positive delta had no recent attributable attack packet
2026-07-25T18:08:33Z,767,P2,29006,29480,474,0.0474,gain,victim,P1-C1,12,Ryu,260,2B,0,P2-C1,1,Ken the Eagle,0,,,1.0,False,0x40400010,0x00000000,0x00000000,0,0,,,,,,none,0,1368,positive delta had no recent attributable attack packet
2026-07-25T18:08:33Z,768,P1,41487,42182,695,0.0695,gain,unknown,P1-C1,12,Ryu,260,2B,0,,0,,0,,,1.0,False,0x40400010,0x00000000,0x00000000,0,0,,,,,,none,0,0,positive delta had no recent attributable attack packet
2026-07-25T18:08:33Z,768,P2,29480,29903,423,0.0423,gain,unknown,P2-C1,1,Ken the Eagle,64,Standing Hitstun,0,,0,,0,,,1.0,False,0x00001001,0x00000000,0x00000000,0,0,,,,,,none,0,0,positive delta had no recent attributable attack packet
2026-07-25T18:08:33Z,770,P1,42182,42377,195,0.0195,gain,unknown,P1-C1,12,Ryu,258,5C,0,,0,,0,,,1.0,False,0x40400001,0x00000000,0x00000000,0,0,,,,,,none,0,0,positive delta had no recent attributable attack packet
2026-07-25T18:08:34Z,772,P1,42377,43351,974,0.0974,gain,attacker,P1-C1,12,Ryu,258,5C,0,P2-C1,1,Ken the Eagle,0,,,1.0,False,0x40400001,0x00000000,0x00000000,0,0,,,,,,none,0,2108,positive delta had no recent attributable attack packet
2026-07-25T18:08:34Z,772,P2,29903,30633,730,0.073,gain,victim,P1-C1,12,Ryu,258,5C,0,P2-C1,1,Ken the Eagle,0,,,1.0,False,0x40400001,0x00000000,0x00000000,0,0,,,,,,none,0,2108,positive delta had no recent attributable attack packet
2026-07-25T18:08:34Z,774,P1,43351,43546,195,0.0195,gain,unknown,P1-C1,12,Ryu,261,2C,0,,0,,0,,,1.0,False,0x40400010,0x00000000,0x00000000,0,0,,,,,,none,0,0,positive delta had no recent attributable attack packet
2026-07-25T18:08:34Z,775,P1,43546,44433,887,0.0887,gain,attacker,P1-C1,12,Ryu,261,2C,0,P2-C1,1,Ken the Eagle,0,,,1.0,False,0x40400010,0x00000000,0x00000000,0,0,,,,,,none,0,1919,positive delta had no recent attributable attack packet
2026-07-25T18:08:34Z,775,P2,30633,31298,665,0.0665,gain,victim,P1-C1,12,Ryu,261,2C,0,P2-C1,1,Ken the Eagle,0,,,1.0,False,0x40400010,0x00000000,0x00000000,0,0,,,,,,none,0,1919,positive delta had no recent attributable attack packet
2026-07-25T18:08:34Z,777,P1,44433,44628,195,0.0195,gain,unknown,P1-C1,12,Ryu,262,6C,0,,0,,0,,,1.0,False,0x40400001,0x00000000,0x00000000,0,0,,,,,,none,0,0,positive delta had no recent attributable attack packet
2026-07-25T18:08:34Z,778,P1,44628,45396,768,0.0768,gain,unknown,P1-C1,12,Ryu,262,6C,0,,0,,0,,,1.0,False,0x40400001,0x00000000,0x00000000,0,0,,,,,,none,0,0,positive delta had no recent attributable attack packet
2026-07-25T18:08:34Z,778,P2,31298,31873,575,0.0575,gain,unknown,P2-C1,1,Ken the Eagle,96,Soft Knockdown,0,,0,,0,,,1.0,False,0x00005200,0x00000000,0x00000000,0,0,,,,,,none,0,0,positive delta had no recent attributable attack packet
2026-07-25T18:08:35Z,781,P1,45396,45656,260,0.026,gain,unknown,P1-C1,12,Ryu,309,Tatsu H,0,,0,,0,,,1.0,False,0x01400001,0x00000000,0x00000000,0,0,,,,,,none,0,0,positive delta had no recent attributable attack packet
2026-07-25T18:08:35Z,784,P1,45656,46207,551,0.0551,gain,attacker,P1-C1,12,Ryu,309,Tatsu H,0,P2-C1,1,Ken the Eagle,0,,,1.0,False,0x01C00200,0x00000000,0x00000000,0,0,,,,,,none,0,1194,positive delta had no recent attributable attack packet
2026-07-25T18:08:35Z,784,P2,31873,32286,413,0.0413,gain,victim,P1-C1,12,Ryu,309,Tatsu H,0,P2-C1,1,Ken the Eagle,0,,,1.0,False,0x01C00200,0x00000000,0x00000000,0,0,,,,,,none,0,1194,positive delta had no recent attributable attack packet
2026-07-25T18:08:35Z,786,P1,46207,46720,513,0.0513,gain,unknown,P1-C1,12,Ryu,309,Tatsu H,0,,0,,0,,,1.0,False,0x01C00200,0x00000000,0x00000000,0,0,,,,,,none,0,0,positive delta had no recent attributable attack packet
2026-07-25T18:08:35Z,786,P2,32286,32670,384,0.0384,gain,unknown,P2-C1,1,Ken the Eagle,80,Hard Knockdown,0,,0,,0,,,1.0,False,0x00005200,0x00000000,0x00000000,0,0,,,,,,none,0,0,positive delta had no recent attributable attack packet
2026-07-25T18:08:36Z,790,P1,46720,47194,474,0.0474,gain,attacker,P1-C1,12,Ryu,309,Tatsu H,0,P2-C1,1,Ken the Eagle,0,,,1.0,False,0x01C00200,0x00000000,0x00000000,0,0,,,,,,none,0,1026,positive delta had no recent attributable attack packet
2026-07-25T18:08:36Z,790,P2,32670,33024,354,0.0354,gain,victim,P1-C1,12,Ryu,309,Tatsu H,0,P2-C1,1,Ken the Eagle,0,,,1.0,False,0x01C00200,0x00000000,0x00000000,0,0,,,,,,none,0,1026,positive delta had no recent attributable attack packet
2026-07-25T18:08:36Z,793,P1,47194,47629,435,0.0435,gain,attacker,P1-C1,12,Ryu,309,Tatsu H,0,P2-C1,1,Ken the Eagle,0,,,1.0,False,0x01400001,0x00000000,0x00000000,0,0,,,,,,none,0,942,positive delta had no recent attributable attack packet
2026-07-25T18:08:36Z,793,P2,33024,33350,326,0.0326,gain,victim,P1-C1,12,Ryu,309,Tatsu H,0,P2-C1,1,Ken the Eagle,0,,,1.0,False,0x01400001,0x00000000,0x00000000,0,0,,,,,,none,0,942,positive delta had no recent attributable attack packet
2026-07-25T18:08:45Z,868,P1,47629,48425,796,0.0796,gain,attacker,P1-C1,12,Ryu,257,5B,0,P2-C1,1,Ken the Eagle,0,,,1.0,False,0x40400001,0x00000000,0x00000000,0,0,,,,,,none,0,1440,positive delta had no recent attributable attack packet
2026-07-25T18:08:45Z,868,P2,33350,33849,499,0.0499,gain,victim,P1-C1,12,Ryu,257,5B,0,P2-C1,1,Ken the Eagle,0,,,1.0,False,0x40400001,0x00000000,0x00000000,0,0,,,,,,none,0,1440,positive delta had no recent attributable attack packet
2026-07-25T18:08:47Z,883,P1,48425,48555,130,0.013,gain,unknown,P1-C1,12,Ryu,266,j.B,0,,0,,0,,,1.0,False,0x00400E00,0x00000000,0x00000000,0,0,,,,,,none,0,0,positive delta had no recent attributable attack packet
2026-07-25T18:08:48Z,896,P1,48555,48685,130,0.013,gain,unknown,P1-C1,12,Ryu,266,j.B,0,,0,,0,,,1.0,False,0x00400600,0x00000000,0x00000000,0,0,,,,,,none,0,0,positive delta had no recent attributable attack packet
2026-07-25T18:08:49Z,902,P1,48685,48880,195,0.0195,gain,unknown,P1-C1,12,Ryu,267,j.C,0,,0,,0,,,1.0,False,0x00000001,0x00000000,0x00000000,0,0,,,,,,none,0,0,positive delta had no recent attributable attack packet
2026-07-25T18:08:49Z,904,P1,48880,49075,195,0.0195,gain,unknown,P1-C1,12,Ryu,267,j.C,0,,0,,0,,,1.0,False,0x00400600,0x00000000,0x00000000,0,0,,,,,,none,0,0,positive delta had no recent attributable attack packet
2026-07-25T18:08:50Z,912,P1,49075,49270,195,0.0195,gain,unknown,P1-C1,12,Ryu,267,j.C,0,,0,,0,,,1.0,False,0x00400600,0x00000000,0x00000000,0,0,,,,,,none,0,0,positive delta had no recent attributable attack packet
2026-07-25T18:08:51Z,920,P1,49270,49465,195,0.0195,gain,unknown,P1-C1,12,Ryu,258,5C,0,,0,,0,,,1.0,False,0x40400001,0x00000000,0x00000000,0,0,,,,,,none,0,0,positive delta had no recent attributable attack packet
2026-07-25T18:09:05Z,1044,P1,49465,49835,370,0.037,gain,unknown,P1-C1,12,Ryu,256,5A,0,,0,,0,,,1.0,False,0x40400001,0x00000000,0x00000000,0,0,,,,,,none,0,0,positive delta had no recent attributable attack packet
2026-07-25T18:09:05Z,1044,P2,33849,34125,276,0.0276,gain,unknown,P2-C1,1,Ken the Eagle,1,idle,0,,0,,0,,,1.0,False,0x00000001,0x00000000,0x00000000,0,0,,,,,,none,0,0,positive delta had no recent attributable attack packet
2026-07-25T18:09:05Z,1045,P1,49835,50000,165,0.0165,gain,attacker,P1-C1,12,Ryu,257,5B,0,P2-C1,1,Ken the Eagle,0,,,1.0,False,0x40400001,0x00000000,0x00000000,0,0,,,,,,none,0,800,positive delta had no recent attributable attack packet
2026-07-25T18:09:05Z,1045,P2,34125,34599,474,0.0474,gain,victim,P1-C1,12,Ryu,257,5B,0,P2-C1,1,Ken the Eagle,0,,,1.0,False,0x40400001,0x00000000,0x00000000,0,0,,,,,,none,0,800,positive delta had no recent attributable attack packet
2026-07-25T18:09:06Z,1047,P2,34599,35022,423,0.0423,gain,victim,P1-C1,12,Ryu,258,5C,0,P2-C1,1,Ken the Eagle,0,,,1.0,False,0x40400001,0x00000000,0x00000000,0,0,,,,,,none,0,1224,positive delta had no recent attributable attack packet
2026-07-25T18:09:06Z,1049,P2,35022,35752,730,0.073,gain,victim,P1-C1,12,Ryu,258,5C,0,P2-C1,1,Ken the Eagle,0,,,1.0,False,0x40400001,0x00000000,0x00000000,0,0,,,,,,none,0,2108,positive delta had no recent attributable attack packet
2026-07-25T18:09:07Z,1052,P2,35752,36351,599,0.0599,gain,victim,P1-C1,12,Ryu,262,6C,0,P2-C1,1,Ken the Eagle,0,,,1.0,False,0x40400001,0x00000000,0x00000000,0,0,,,,,,none,0,1727,positive delta had no recent attributable attack packet
2026-07-25T18:09:07Z,1056,P2,36351,37079,728,0.0728,gain,victim,P1-C1,12,Ryu,305,Hado M,0,P2-C1,1,Ken the Eagle,100,0x00000009,0x00000040,1.0,False,0x41400001,0x00000000,0x00000000,0,0,8,0,0,728,False,high,0,2099,property A bit 0 suppresses hit meter
2026-07-25T18:09:08Z,1064,P2,37079,37355,276,0.0276,gain,unknown,P2-C1,1,Ken the Eagle,1,idle,0,,0,,0,,,1.0,False,0x00001001,0x00000000,0x00000000,0,0,,,,,,none,0,0,positive delta had no recent attributable attack packet
2026-07-25T18:09:08Z,1065,P2,37355,37829,474,0.0474,gain,victim,P1-C1,12,Ryu,257,5B,0,P2-C1,1,Ken the Eagle,0,,,1.0,False,0x40400001,0x00000000,0x00000000,0,0,,,,,,none,0,800,positive delta had no recent attributable attack packet
2026-07-25T18:09:08Z,1067,P2,37829,38252,423,0.0423,gain,victim,P1-C1,12,Ryu,260,2B,0,P2-C1,1,Ken the Eagle,0,,,1.0,False,0x40400001,0x00000000,0x00000000,0,0,,,,,,none,0,1224,positive delta had no recent attributable attack packet
2026-07-25T18:09:09Z,1069,P2,38252,38982,730,0.073,gain,victim,P1-C1,12,Ryu,258,5C,0,P2-C1,1,Ken the Eagle,0,,,1.0,False,0x40400001,0x00000000,0x00000000,0,0,,,,,,none,0,2108,positive delta had no recent attributable attack packet
2026-07-25T18:09:09Z,1073,P2,38982,39581,599,0.0599,gain,victim,P1-C1,12,Ryu,305,Hado M,0,P2-C1,1,Ken the Eagle,0,,,1.0,False,0x41400001,0x00000000,0x00000000,0,0,,,,,,none,0,1727,positive delta had no recent attributable attack packet
2026-07-25T18:09:10Z,1077,P2,39581,40309,728,0.0728,gain,victim,P1-C1,12,Ryu,305,Hado M,0,P2-C1,1,Ken the Eagle,100,0x00000009,0x00000040,1.0,False,0x41400001,0x00000000,0x00000000,0,0,8,0,0,728,False,high,0,2099,property A bit 0 suppresses hit meter
2026-07-25T18:09:11Z,1082,P2,40309,40502,193,0.0193,gain,victim,P1-C1,12,Ryu,10,crouching,0,P2-C1,1,Ken the Eagle,100,0x00000009,0x00000040,1.0,False,0x01C00200,0x00000000,0x00000000,0,0,8,0,0,193,False,high,0,1087,attack packet retained from 4 frame(s) earlier; property A bit 0 suppresses hit meter
2026-07-25T18:09:11Z,1086,P2,40502,40693,191,0.0191,gain,victim,P1-C1,12,Ryu,10,crouching,0,P2-C1,1,Ken the Eagle,100,0x00000009,0x00000040,1.0,False,0x01C00200,0x00000000,0x00000000,0,0,8,0,0,191,False,high,0,1069,attack packet retained from 8 frame(s) earlier; property A bit 0 suppresses hit meter
2026-07-25T18:09:11Z,1089,P2,40693,40868,175,0.0175,gain,victim,P1-C1,12,Ryu,309,Tatsu H,0,P2-C1,1,Ken the Eagle,0,,,1.0,False,0x01C00200,0x00000000,0x00000000,0,0,,,,,,none,0,988,positive delta had no recent attributable attack packet
2026-07-25T18:09:12Z,1093,P2,40868,41027,159,0.0159,gain,victim,P1-C1,12,Ryu,309,Tatsu H,0,P2-C1,1,Ken the Eagle,0,,,1.0,False,0x01400001,0x00000000,0x00000000,0,0,,,,,,none,0,907,positive delta had no recent attributable attack packet
2026-07-25T18:09:13Z,1107,P2,41027,41609,582,0.0582,gain,victim,P1-C1,12,Ryu,325,Air Tatsu H,0,P2-C1,1,Ken the Eagle,0,,,1.0,False,0x01C00200,0x00000000,0x00000000,0,0,,,,,,none,0,1680,positive delta had no recent attributable attack packet
2026-07-25T18:09:13Z,1111,P2,41609,42162,553,0.0553,gain,victim,P1-C1,12,Ryu,325,Air Tatsu H,0,P2-C1,1,Ken the Eagle,0,,,1.0,False,0x01400200,0x00000000,0x00000000,0,0,,,,,,none,0,1596,positive delta had no recent attributable attack packet
2026-07-25T18:09:14Z,1115,P2,42162,42411,249,0.0249,gain,unknown,P2-C1,1,Ken the Eagle,64,Standing Hitstun,0,,0,,0,,,1.0,False,0x00001001,0x00000000,0x00000000,0,0,,,,,,none,0,0,positive delta had no recent attributable attack packet
2026-07-25T18:09:14Z,1116,P2,42411,42836,425,0.0425,gain,victim,P1-C1,12,Ryu,257,5B,0,P2-C1,1,Ken the Eagle,0,,,1.0,False,0x40400001,0x00000000,0x00000000,0,0,,,,,,none,0,720,positive delta had no recent attributable attack packet
2026-07-25T18:09:14Z,1119,P2,42836,43213,377,0.0377,gain,victim,P1-C1,12,Ryu,258,5C,0,P2-C1,1,Ken the Eagle,0,,,1.0,False,0x40400001,0x00000000,0x00000000,0,0,,,,,,none,0,1087,positive delta had no recent attributable attack packet
2026-07-25T18:09:15Z,1121,P2,43213,43857,644,0.0644,gain,victim,P1-C1,12,Ryu,258,5C,0,P2-C1,1,Ken the Eagle,0,,,1.0,False,0x40400001,0x00000000,0x00000000,0,0,,,,,,none,0,1859,positive delta had no recent attributable attack packet
2026-07-25T18:09:15Z,1125,P2,43857,44380,523,0.0523,gain,victim,P1-C1,12,Ryu,262,6C,0,P2-C1,1,Ken the Eagle,0,,,1.0,False,0x40400001,0x00000000,0x00000000,0,0,,,,,,none,0,1511,positive delta had no recent attributable attack packet
2026-07-25T18:09:16Z,1130,P2,44380,45011,631,0.0631,gain,victim,P1-C1,12,Ryu,305,Hado M,0,P2-C1,1,Ken the Eagle,0,,,1.0,False,0x41400001,0x00000000,0x00000000,0,0,,,,,,none,0,1819,positive delta had no recent attributable attack packet
2026-07-25T18:09:16Z,1134,P2,45011,45217,206,0.0206,gain,victim,P1-C1,12,Ryu,305,Hado M,0,P2-C1,1,Ken the Eagle,0,,,1.0,False,0x41400001,0x00000000,0x00000000,0,0,,,,,,none,0,479,positive delta had no recent attributable attack packet
2026-07-25T18:09:16Z,1136,P2,45217,45419,202,0.0202,gain,victim,P1-C1,12,Ryu,305,Hado M,0,P2-C1,1,Ken the Eagle,0,,,1.0,False,0x41400001,0x00000000,0x00000000,0,0,,,,,,none,0,471,positive delta had no recent attributable attack packet
2026-07-25T18:09:17Z,1137,P2,45419,45606,187,0.0187,gain,unknown,P2-C1,1,Ken the Eagle,91,Soft Knockdown,0,,0,,0,,,1.0,False,0x00005200,0x00000000,0x00000000,0,0,,,,,,none,0,0,positive delta had no recent attributable attack packet
2026-07-25T18:09:21Z,1179,P2,45606,45882,276,0.0276,gain,unknown,P2-C1,1,Ken the Eagle,1,idle,0,,0,,0,,,1.0,False,0x00000001,0x00000000,0x00000000,0,0,,,,,,none,0,0,positive delta had no recent attributable attack packet
2026-07-25T18:09:22Z,1181,P2,45882,46356,474,0.0474,gain,victim,P1-C1,12,Ryu,260,2B,0,P2-C1,1,Ken the Eagle,0,,,1.0,False,0x40400010,0x00000000,0x00000000,0,0,,,,,,none,0,1368,positive delta had no recent attributable attack packet
2026-07-25T18:09:22Z,1183,P2,46356,46779,423,0.0423,gain,victim,P1-C1,12,Ryu,260,2B,0,P2-C1,1,Ken the Eagle,0,,,1.0,False,0x40400010,0x00000000,0x00000000,0,0,,,,,,none,0,1224,positive delta had no recent attributable attack packet
2026-07-25T18:09:22Z,1186,P2,46779,47509,730,0.073,gain,victim,P1-C1,12,Ryu,262,6C,0,P2-C1,1,Ken the Eagle,0,,,1.0,False,0x40400001,0x00000000,0x00000000,0,0,,,,,,none,0,2108,positive delta had no recent attributable attack packet
2026-07-25T18:09:23Z,1190,P2,47509,48108,599,0.0599,gain,victim,P1-C1,12,Ryu,262,6C,0,P2-C1,1,Ken the Eagle,0,,,1.0,False,0x40400001,0x00000000,0x00000000,0,0,,,,,,none,0,1727,positive delta had no recent attributable attack packet
2026-07-25T18:09:23Z,1194,P2,48108,48836,728,0.0728,gain,unknown,P2-C1,1,Ken the Eagle,64,Standing Hitstun,0,,0,,0,,,1.0,False,0x00001001,0x00000000,0x00000000,0,0,,,,,,none,0,0,positive delta had no recent attributable attack packet
2026-07-25T18:09:24Z,1200,P2,48836,49029,193,0.0193,gain,victim,P1-C1,12,Ryu,1,idle 2,0,P2-C1,1,Ken the Eagle,100,0x00000009,0x00000040,1.0,False,0x01C00200,0x00000000,0x00000000,0,0,8,0,0,193,False,high,0,1087,attack packet retained from 5 frame(s) earlier; property A bit 0 suppresses hit meter
2026-07-25T18:09:24Z,1203,P2,49029,49220,191,0.0191,gain,victim,P1-C1,12,Ryu,1,idle 2,0,P2-C1,1,Ken the Eagle,100,0x00000009,0x00000040,1.0,False,0x01C00200,0x00000000,0x00000000,0,0,8,0,0,191,False,high,0,1069,attack packet retained from 8 frame(s) earlier; property A bit 0 suppresses hit meter
2026-07-25T18:09:25Z,1207,P2,49220,49395,175,0.0175,gain,victim,P1-C1,12,Ryu,309,Tatsu H,0,P2-C1,1,Ken the Eagle,0,,,1.0,False,0x01C00200,0x00000000,0x00000000,0,0,,,,,,none,0,988,positive delta had no recent attributable attack packet
2026-07-25T18:09:25Z,1209,P2,49395,49554,159,0.0159,gain,unknown,P2-C1,1,Ken the Eagle,80,Hard Knockdown,0,,0,,0,,,1.0,False,0x00005200,0x00000000,0x00000000,0,0,,,,,,none,0,0,positive delta had no recent attributable attack packet
2026-07-25T18:09:27Z,1226,P2,49554,49830,276,0.0276,gain,victim,P1-C1,12,Ryu,257,5B,0,P2-C1,1,Ken the Eagle,0,,,1.0,False,0x40400001,0x00000000,0x00000000,0,0,,,,,,none,0,800,positive delta had no recent attributable attack packet
2026-07-25T18:09:27Z,1227,P2,49830,50000,170,0.017,gain,victim,P1-C1,12,Ryu,260,2B,0,P2-C1,1,Ken the Eagle,0,,,1.0,False,0x40400010,0x00000000,0x00000000,0,0,,,,,,none,0,1368,positive delta had no recent attributable attack packet
2026-07-25T18:10:00Z,1538,P1,50000,40260,-9740,-0.974,spend_or_drain,spend_or_drain,P1-C1,12,Ryu,354,Air Shinkuu,0,,0,,0,,,1.0,False,0x42C00200,0x00000000,0x00000000,0,0,,,,,,none,0,717,negative delta is a meter spend or scripted drain
2026-07-25T18:35:01Z,152,P1,20950,21015,65,0.0065,gain,unknown,P1-C1,12,Ryu,256,5A,0,,0,,0,,,1.0,False,0x40400001,0x00000000,0x00000000,0,0,,,,,,none,0,0,positive delta had no recent attributable attack packet
2026-07-25T18:35:02Z,158,P1,21015,21385,370,0.037,gain,attacker,P1-C1,12,Ryu,257,5B,0,P2-C1,1,Ken the Eagle,0,,,1.0,False,0x40400001,0x00000000,0x00000000,0,0,,,,,,none,0,800,positive delta had no recent attributable attack packet
2026-07-25T18:35:02Z,158,P2,14115,14391,276,0.0276,gain,victim,P1-C1,12,Ryu,257,5B,0,P2-C1,1,Ken the Eagle,0,,,1.0,False,0x40400001,0x00000000,0x00000000,0,0,,,,,,none,0,800,positive delta had no recent attributable attack packet
2026-07-25T18:35:02Z,159,P1,21385,22843,1458,0.1458,gain,attacker,P1-C1,12,Ryu,260,2B,0,P2-C1,1,Ken the Eagle,0,,,1.0,False,0x40400010,0x00000000,0x00000000,0,0,,,,,,none,0,1368,positive delta had no recent attributable attack packet
2026-07-25T18:35:02Z,159,P2,14391,15288,897,0.0897,gain,victim,P1-C1,12,Ryu,260,2B,0,P2-C1,1,Ken the Eagle,0,,,1.0,False,0x40400010,0x00000000,0x00000000,0,0,,,,,,none,0,1368,positive delta had no recent attributable attack packet
2026-07-25T18:35:02Z,160,P1,22843,23038,195,0.0195,gain,attacker,P1-C1,12,Ryu,258,5C,0,P2-C1,1,Ken the Eagle,0,,,1.0,False,0x40400001,0x00000000,0x00000000,0,0,,,,,,none,0,1224,positive delta had no recent attributable attack packet
2026-07-25T18:35:03Z,161,P1,23038,24012,974,0.0974,gain,unknown,P1-C1,12,Ryu,258,5C,0,,0,,0,,,1.0,False,0x40400001,0x00000000,0x00000000,0,0,,,,,,none,0,0,positive delta had no recent attributable attack packet
2026-07-25T18:35:03Z,161,P2,15288,16018,730,0.073,gain,unknown,P2-C1,1,Ken the Eagle,66,Hit Low,0,,0,,0,,,1.0,False,0x00001001,0x00000000,0x00000000,0,0,,,,,,none,0,0,positive delta had no recent attributable attack packet
2026-07-25T18:35:03Z,163,P1,24012,24207,195,0.0195,gain,unknown,P1-C1,12,Ryu,261,2C,0,,0,,0,,,1.0,False,0x40400010,0x00000000,0x00000000,0,0,,,,,,none,0,0,positive delta had no recent attributable attack packet
2026-07-25T18:35:03Z,164,P1,24207,25094,887,0.0887,gain,attacker,P1-C1,12,Ryu,262,6C,0,P2-C1,1,Ken the Eagle,0,,,1.0,False,0x40400001,0x00000000,0x00000000,0,0,,,,,,none,0,1919,positive delta had no recent attributable attack packet
2026-07-25T18:35:03Z,164,P2,16018,16683,665,0.0665,gain,victim,P1-C1,12,Ryu,262,6C,0,P2-C1,1,Ken the Eagle,0,,,1.0,False,0x40400001,0x00000000,0x00000000,0,0,,,,,,none,0,1919,positive delta had no recent attributable attack packet
2026-07-25T18:35:03Z,165,P1,25094,25289,195,0.0195,gain,unknown,P1-C1,12,Ryu,262,6C,0,,0,,0,,,1.0,False,0x40400001,0x00000000,0x00000000,0,0,,,,,,none,0,0,positive delta had no recent attributable attack packet
2026-07-25T18:35:04Z,167,P1,25289,26317,1028,0.1028,gain,attacker,P1-C1,12,Ryu,315,Donkey H,0,P2-C1,1,Ken the Eagle,0,,,1.0,False,0x41400001,0x00000000,0x00000000,0,0,,,,,,none,0,1663,positive delta had no recent attributable attack packet
2026-07-25T18:35:04Z,167,P2,16683,17258,575,0.0575,gain,victim,P1-C1,12,Ryu,315,Donkey H,0,P2-C1,1,Ken the Eagle,0,,,1.0,False,0x41400001,0x00000000,0x00000000,0,0,,,,,,none,0,1663,positive delta had no recent attributable attack packet
2026-07-25T18:35:04Z,169,P1,26317,27228,911,0.0911,gain,attacker,P1-C1,12,Ryu,315,Donkey H,0,P2-C1,1,Ken the Eagle,0,,,1.0,False,0x41400001,0x00000000,0x00000000,0,0,,,,,,none,0,1971,positive delta had no recent attributable attack packet
2026-07-25T18:35:04Z,169,P2,17258,17940,682,0.0682,gain,victim,P1-C1,12,Ryu,315,Donkey H,0,P2-C1,1,Ken the Eagle,0,,,1.0,False,0x41400001,0x00000000,0x00000000,0,0,,,,,,none,0,1971,positive delta had no recent attributable attack packet
2026-07-25T18:35:24Z,388,P1,27228,27293,65,0.0065,gain,unknown,P1-C1,12,Ryu,265,j.A,0,,0,,0,,,1.0,False,0x00400600,0x00000000,0x00000000,0,0,,,,,,none,0,0,positive delta had no recent attributable attack packet
2026-07-25T18:35:25Z,391,P1,27293,27755,462,0.0462,gain,unknown,P1-C1,12,Ryu,265,j.A,0,,0,,0,,,1.0,False,0x00400600,0x00000000,0x00000000,0,0,,,,,,none,0,0,positive delta had no recent attributable attack packet
2026-07-25T18:35:25Z,391,P2,17940,18287,347,0.0347,gain,unknown,P2-C1,1,Ken the Eagle,1,idle,0,,0,,0,,,1.0,False,0x00000001,0x00000000,0x00000000,0,0,,,,,,none,0,0,positive delta had no recent attributable attack packet
2026-07-25T18:35:25Z,394,P1,27755,28225,470,0.047,gain,unknown,P1-C1,12,Ryu,30,landing,0,,0,,0,,,1.0,False,0x00000001,0x00000000,0x00000000,0,0,,,,,,none,0,0,positive delta had no recent attributable attack packet
2026-07-25T18:35:25Z,394,P2,18287,18639,352,0.0352,gain,unknown,P2-C1,1,Ken the Eagle,91,Soft Knockdown,0,,0,,0,,,1.0,False,0x00005200,0x00000000,0x00000000,0,0,,,,,,none,0,0,positive delta had no recent attributable attack packet
2026-07-25T18:35:25Z,397,P1,28225,28679,454,0.0454,gain,attacker,P1-C1,12,Ryu,1,idle,0,P2-C1,1,Ken the Eagle,0,,,1.0,False,0x00000001,0x00000000,0x00000000,0,0,,,,,,none,0,985,positive delta had no recent attributable attack packet
2026-07-25T18:35:25Z,397,P2,18639,18979,340,0.034,gain,victim,P1-C1,12,Ryu,1,idle,0,P2-C1,1,Ken the Eagle,0,,,1.0,False,0x00000001,0x00000000,0x00000000,0,0,,,,,,none,0,985,positive delta had no recent attributable attack packet
2026-07-25T18:35:26Z,409,P1,28679,28744,65,0.0065,gain,unknown,P1-C1,12,Ryu,256,5A,0,,0,,0,,,1.0,False,0x40400001,0x00000000,0x00000000,0,0,,,,,,none,0,0,positive delta had no recent attributable attack packet
2026-07-25T18:35:27Z,418,P1,28744,28874,130,0.013,gain,unknown,P1-C1,12,Ryu,266,j.B,0,,0,,0,,,1.0,False,0x00400E00,0x00000000,0x00000000,0,0,,,,,,none,0,0,positive delta had no recent attributable attack packet
2026-07-25T18:35:27Z,419,P1,28874,29004,130,0.013,gain,unknown,P1-C1,12,Ryu,257,5B,0,,0,,0,,,1.0,False,0x40400001,0x00000000,0x00000000,0,0,,,,,,none,0,0,positive delta had no recent attributable attack packet
2026-07-25T18:35:30Z,460,P1,29004,29069,65,0.0065,gain,unknown,P1-C1,12,Ryu,265,j.A,0,,0,,0,,,1.0,False,0x00400E00,0x00000000,0x00000000,0,0,,,,,,none,0,0,positive delta had no recent attributable attack packet
2026-07-25T18:35:40Z,584,P1,29069,29439,370,0.037,gain,unknown,P1-C1,12,Ryu,256,5A,0,,0,,0,,,1.0,False,0x40400001,0x00000000,0x00000000,0,0,,,,,,none,0,0,positive delta had no recent attributable attack packet
2026-07-25T18:35:40Z,584,P2,18979,19255,276,0.0276,gain,unknown,P2-C1,1,Ken the Eagle,1,idle,0,,0,,0,,,1.0,False,0x00000001,0x00000000,0x00000000,0,0,,,,,,none,0,0,positive delta had no recent attributable attack packet
2026-07-25T18:35:40Z,585,P1,29439,30202,763,0.0763,gain,attacker,P1-C1,12,Ryu,257,5B,0,P2-C1,1,Ken the Eagle,0,,,1.0,False,0x40400001,0x00000000,0x00000000,0,0,,,,,,none,0,800,positive delta had no recent attributable attack packet
2026-07-25T18:35:40Z,585,P2,19255,19729,474,0.0474,gain,victim,P1-C1,12,Ryu,257,5B,0,P2-C1,1,Ken the Eagle,0,,,1.0,False,0x40400001,0x00000000,0x00000000,0,0,,,,,,none,0,800,positive delta had no recent attributable attack packet
2026-07-25T18:35:40Z,586,P1,30202,30332,130,0.013,gain,attacker,P1-C1,12,Ryu,260,2B,0,P2-C1,1,Ken the Eagle,0,,,1.0,False,0x40400010,0x00000000,0x00000000,0,0,,,,,,none,0,1368,positive delta had no recent attributable attack packet
2026-07-25T18:35:41Z,587,P1,30332,30897,565,0.0565,gain,attacker,P1-C1,12,Ryu,258,5C,0,P2-C1,1,Ken the Eagle,0,,,1.0,False,0x40400001,0x00000000,0x00000000,0,0,,,,,,none,0,1224,positive delta had no recent attributable attack packet
2026-07-25T18:35:41Z,587,P2,19729,20152,423,0.0423,gain,victim,P1-C1,12,Ryu,258,5C,0,P2-C1,1,Ken the Eagle,0,,,1.0,False,0x40400001,0x00000000,0x00000000,0,0,,,,,,none,0,1224,positive delta had no recent attributable attack packet
2026-07-25T18:35:41Z,588,P1,30897,31092,195,0.0195,gain,unknown,P1-C1,12,Ryu,258,5C,0,,0,,0,,,1.0,False,0x40400001,0x00000000,0x00000000,0,0,,,,,,none,0,0,positive delta had no recent attributable attack packet
2026-07-25T18:35:41Z,590,P1,31092,32066,974,0.0974,gain,attacker,P1-C1,12,Ryu,261,2C,0,P2-C1,1,Ken the Eagle,0,,,1.0,False,0x40400010,0x00000000,0x00000000,0,0,,,,,,none,0,2108,positive delta had no recent attributable attack packet
2026-07-25T18:35:41Z,590,P2,20152,20882,730,0.073,gain,victim,P1-C1,12,Ryu,261,2C,0,P2-C1,1,Ken the Eagle,0,,,1.0,False,0x40400010,0x00000000,0x00000000,0,0,,,,,,none,0,2108,positive delta had no recent attributable attack packet
2026-07-25T18:35:41Z,591,P1,32066,32261,195,0.0195,gain,unknown,P1-C1,12,Ryu,261,2C,0,,0,,0,,,1.0,False,0x40400010,0x00000000,0x00000000,0,0,,,,,,none,0,0,positive delta had no recent attributable attack packet
2026-07-25T18:35:41Z,592,P1,32261,33148,887,0.0887,gain,unknown,P1-C1,12,Ryu,261,2C,0,,0,,0,,,1.0,False,0x40400010,0x00000000,0x00000000,0,0,,,,,,none,0,0,positive delta had no recent attributable attack packet
2026-07-25T18:35:41Z,592,P2,20882,21547,665,0.0665,gain,unknown,P2-C1,1,Ken the Eagle,64,Standing Hitstun,0,,0,,0,,,1.0,False,0x00001001,0x00000000,0x00000000,0,0,,,,,,none,0,0,positive delta had no recent attributable attack packet
2026-07-25T18:35:42Z,595,P1,33148,33343,195,0.0195,gain,unknown,P1-C1,12,Ryu,262,6C,0,,0,,0,,,1.0,False,0x40400001,0x00000000,0x00000000,0,0,,,,,,none,0,0,positive delta had no recent attributable attack packet
2026-07-25T18:35:42Z,596,P1,33343,34111,768,0.0768,gain,attacker,P1-C1,12,Ryu,262,6C,0,P2-C1,1,Ken the Eagle,0,,,1.0,False,0x40400001,0x00000000,0x00000000,0,0,,,,,,none,0,1663,positive delta had no recent attributable attack packet
2026-07-25T18:35:42Z,596,P2,21547,22122,575,0.0575,gain,victim,P1-C1,12,Ryu,262,6C,0,P2-C1,1,Ken the Eagle,0,,,1.0,False,0x40400001,0x00000000,0x00000000,0,0,,,,,,none,0,1663,positive delta had no recent attributable attack packet
2026-07-25T18:35:42Z,598,P1,34111,34371,260,0.026,gain,unknown,P1-C1,12,Ryu,315,Donkey H,0,,0,,0,,,1.0,False,0x41400001,0x00000000,0x00000000,0,0,,,,,,none,0,0,positive delta had no recent attributable attack packet
2026-07-25T18:35:42Z,601,P1,34371,35282,911,0.0911,gain,attacker,P1-C1,12,Ryu,315,Donkey H,0,P2-C1,1,Ken the Eagle,0,,,1.0,False,0x41400001,0x00000000,0x00000000,0,0,,,,,,none,0,1971,positive delta had no recent attributable attack packet
2026-07-25T18:35:42Z,601,P2,22122,22804,682,0.0682,gain,victim,P1-C1,12,Ryu,315,Donkey H,0,P2-C1,1,Ken the Eagle,0,,,1.0,False,0x41400001,0x00000000,0x00000000,0,0,,,,,,none,0,1971,positive delta had no recent attributable attack packet
2026-07-25T18:35:50Z,674,P1,35282,35477,195,0.0195,gain,unknown,P1-C1,12,Ryu,267,j.C,0,,0,,0,,,1.0,False,0x00400600,0x00000000,0x00000000,0,0,,,,,,none,0,0,positive delta had no recent attributable attack packet
2026-07-25T18:35:52Z,692,P1,35477,35607,130,0.013,gain,unknown,P1-C1,12,Ryu,1,idle,0,,0,,0,,,1.0,False,0x00000600,0x00000000,0x00000000,0,0,,,,,,none,0,0,positive delta had no recent attributable attack packet
2026-07-25T18:35:52Z,694,P1,35607,35737,130,0.013,gain,unknown,P1-C1,12,Ryu,266,j.B,0,,0,,0,,,1.0,False,0x00400600,0x00000000,0x00000000,0,0,,,,,,none,0,0,positive delta had no recent attributable attack packet
2026-07-25T18:35:53Z,705,P1,35737,35802,65,0.0065,gain,unknown,P1-C1,12,Ryu,265,j.A,0,,0,,0,,,1.0,False,0x00400600,0x00000000,0x00000000,0,0,,,,,,none,0,0,positive delta had no recent attributable attack packet
2026-07-25T18:35:54Z,713,P1,35802,35997,195,0.0195,gain,unknown,P1-C1,12,Ryu,258,5C,0,,0,,0,,,1.0,False,0x40400001,0x00000000,0x00000000,0,0,,,,,,none,0,0,positive delta had no recent attributable attack packet
2026-07-25T18:35:54Z,714,P1,35997,37144,1147,0.1147,gain,attacker,P1-C1,12,Ryu,258,5C,0,P2-C1,1,Ken the Eagle,0,,,1.0,False,0x40400001,0x00000000,0x00000000,0,0,,,,,,none,0,2480,positive delta had no recent attributable attack packet
2026-07-25T18:35:54Z,714,P2,22804,23664,860,0.086,gain,victim,P1-C1,12,Ryu,258,5C,0,P2-C1,1,Ken the Eagle,0,,,1.0,False,0x40400001,0x00000000,0x00000000,0,0,,,,,,none,0,2480,positive delta had no recent attributable attack packet
2026-07-25T18:35:55Z,720,P1,37144,37209,65,0.0065,gain,unknown,P1-C1,12,Ryu,265,j.A,0,,0,,0,,,1.0,False,0x00400600,0x00000000,0x00000000,0,0,,,,,,none,0,0,positive delta had no recent attributable attack packet
2026-07-25T18:35:57Z,733,P1,37209,37404,195,0.0195,gain,unknown,P1-C1,12,Ryu,267,j.C,0,,0,,0,,,1.0,False,0x00400600,0x00000000,0x00000000,0,0,,,,,,none,0,0,positive delta had no recent attributable attack packet
2026-07-25T18:35:58Z,747,P1,37404,37599,195,0.0195,gain,unknown,P1-C1,12,Ryu,267,j.C,0,,0,,0,,,1.0,False,0x00400600,0x00000000,0x00000000,0,0,,,,,,none,0,0,positive delta had no recent attributable attack packet
2026-07-25T18:36:01Z,775,P1,37599,37794,195,0.0195,gain,unknown,P1-C1,12,Ryu,258,5C,0,,0,,0,,,1.0,False,0x40400001,0x00000000,0x00000000,0,0,,,,,,none,0,0,positive delta had no recent attributable attack packet
2026-07-25T18:36:01Z,776,P1,37794,38941,1147,0.1147,gain,attacker,P1-C1,12,Ryu,258,5C,0,P2-C1,1,Ken the Eagle,0,,,1.0,False,0x40400001,0x00000000,0x00000000,0,0,,,,,,none,0,2480,positive delta had no recent attributable attack packet
2026-07-25T18:36:01Z,776,P2,23664,24524,860,0.086,gain,victim,P1-C1,12,Ryu,258,5C,0,P2-C1,1,Ken the Eagle,0,,,1.0,False,0x40400001,0x00000000,0x00000000,0,0,,,,,,none,0,2480,positive delta had no recent attributable attack packet
2026-07-25T18:36:02Z,788,P1,38941,39071,130,0.013,gain,unknown,P1-C1,12,Ryu,266,j.B,0,,0,,0,,,1.0,False,0x00400E00,0x00000000,0x00000000,0,0,,,,,,none,0,0,positive delta had no recent attributable attack packet
2026-07-25T18:36:03Z,790,P1,39071,39867,796,0.0796,gain,unknown,P1-C1,12,Ryu,257,5B,0,,0,,0,,,1.0,False,0x40400001,0x00000000,0x00000000,0,0,,,,,,none,0,0,positive delta had no recent attributable attack packet
2026-07-25T18:36:03Z,790,P2,24524,25023,499,0.0499,gain,unknown,P2-C1,1,Ken the Eagle,64,Standing Hitstun,0,,0,,0,,,1.0,False,0x00001001,0x00000000,0x00000000,0,0,,,,,,none,0,0,positive delta had no recent attributable attack packet
2026-07-25T18:36:05Z,808,P1,39867,40062,195,0.0195,gain,unknown,P1-C1,12,Ryu,267,j.C,0,,0,,0,,,1.0,False,0x00400600,0x00000000,0x00000000,0,0,,,,,,none,0,0,positive delta had no recent attributable attack packet
2026-07-25T18:49:57Z,22,P1,10000,10370,370,0.037,gain,attacker,P1-C1,12,Ryu,256,5A,0,P2-C1,1,Ken the Eagle,0,,,1.0,False,0x40400001,0x00000000,0x00000000,0,0,,,,,,none,0,800,positive delta had no recent attributable attack packet
2026-07-25T18:49:57Z,22,P2,10000,10276,276,0.0276,gain,victim,P1-C1,12,Ryu,256,5A,0,P2-C1,1,Ken the Eagle,0,,,1.0,False,0x40400001,0x00000000,0x00000000,0,0,,,,,,none,0,800,positive delta had no recent attributable attack packet
2026-07-25T18:49:57Z,23,P1,10370,11133,763,0.0763,gain,attacker,P1-C1,12,Ryu,257,5B,0,P2-C1,1,Ken the Eagle,0,,,1.0,False,0x40400010,0x00000000,0x00000000,0,0,,,,,,none,0,1368,positive delta had no recent attributable attack packet
2026-07-25T18:49:57Z,23,P2,10276,10750,474,0.0474,gain,victim,P1-C1,12,Ryu,257,5B,0,P2-C1,1,Ken the Eagle,0,,,1.0,False,0x40400010,0x00000000,0x00000000,0,0,,,,,,none,0,1368,positive delta had no recent attributable attack packet
2026-07-25T18:49:57Z,24,P1,11133,11828,695,0.0695,gain,unknown,P1-C1,12,Ryu,260,2B,0,,0,,0,,,1.0,False,0x40400001,0x00000000,0x00000000,0,0,,,,,,none,0,0,positive delta had no recent attributable attack packet
2026-07-25T18:49:57Z,24,P2,10750,11173,423,0.0423,gain,unknown,P2-C1,1,Ken the Eagle,64,Standing Hitstun,0,,0,,0,,,1.0,False,0x00001001,0x00000000,0x00000000,0,0,,,,,,none,0,0,positive delta had no recent attributable attack packet
2026-07-25T18:49:58Z,25,P1,11828,12023,195,0.0195,gain,attacker,P1-C1,12,Ryu,258,5C,0,P2-C1,1,Ken the Eagle,0,,,1.0,False,0x40400001,0x00000000,0x00000000,0,0,,,,,,none,0,1224,positive delta had no recent attributable attack packet
2026-07-25T18:49:58Z,27,P1,12023,12997,974,0.0974,gain,attacker,P1-C1,12,Ryu,261,2C,0,P2-C1,1,Ken the Eagle,0,,,1.0,False,0x40400010,0x00000000,0x00000000,0,0,,,,,,none,0,2108,positive delta had no recent attributable attack packet
2026-07-25T18:49:58Z,27,P2,11173,11903,730,0.073,gain,victim,P1-C1,12,Ryu,261,2C,0,P2-C1,1,Ken the Eagle,0,,,1.0,False,0x40400010,0x00000000,0x00000000,0,0,,,,,,none,0,2108,positive delta had no recent attributable attack packet
2026-07-25T18:49:58Z,28,P1,12997,13192,195,0.0195,gain,unknown,P1-C1,12,Ryu,261,2C,0,,0,,0,,,1.0,False,0x40400010,0x00000000,0x00000000,0,0,,,,,,none,0,0,positive delta had no recent attributable attack packet
2026-07-25T18:49:58Z,29,P1,13192,14079,887,0.0887,gain,attacker,P1-C1,12,Ryu,261,2C,0,P2-C1,1,Ken the Eagle,0,,,1.0,False,0x40400010,0x00000000,0x00000000,0,0,,,,,,none,0,1919,positive delta had no recent attributable attack packet
2026-07-25T18:49:58Z,29,P2,11903,12568,665,0.0665,gain,victim,P1-C1,12,Ryu,261,2C,0,P2-C1,1,Ken the Eagle,0,,,1.0,False,0x40400010,0x00000000,0x00000000,0,0,,,,,,none,0,1919,positive delta had no recent attributable attack packet
2026-07-25T18:49:58Z,31,P1,14079,14274,195,0.0195,gain,unknown,P1-C1,12,Ryu,262,6C,0,,0,,0,,,1.0,False,0x40400001,0x00000000,0x00000000,0,0,,,,,,none,0,0,positive delta had no recent attributable attack packet
2026-07-25T18:49:59Z,33,P1,14274,15042,768,0.0768,gain,attacker,P1-C1,12,Ryu,262,6C,0,P2-C1,1,Ken the Eagle,0,,,1.0,False,0x40400001,0x00000000,0x00000000,0,0,,,,,,none,0,1663,positive delta had no recent attributable attack packet
2026-07-25T18:49:59Z,33,P2,12568,13143,575,0.0575,gain,victim,P1-C1,12,Ryu,262,6C,0,P2-C1,1,Ken the Eagle,0,,,1.0,False,0x41400001,0x00000000,0x00000000,0,0,,,,,,none,0,1663,positive delta had no recent attributable attack packet
2026-07-25T18:49:59Z,34,P1,15042,15302,260,0.026,gain,unknown,P1-C1,12,Ryu,315,Donkey H,0,,0,,0,,,1.0,False,0x41400001,0x00000000,0x00000000,0,0,,,,,,none,0,0,positive delta had no recent attributable attack packet
2026-07-25T18:49:59Z,37,P1,15302,16213,911,0.0911,gain,attacker,P1-C1,12,Ryu,315,Donkey H,0,P2-C1,1,Ken the Eagle,0,,,1.0,False,0x41400001,0x00000000,0x00000000,0,0,,,,,,none,0,1971,positive delta had no recent attributable attack packet
2026-07-25T18:49:59Z,37,P2,13143,13825,682,0.0682,gain,victim,P1-C1,12,Ryu,315,Donkey H,0,P2-C1,1,Ken the Eagle,0,,,1.0,False,0x41400001,0x00000000,0x00000000,0,0,,,,,,none,0,1971,positive delta had no recent attributable attack packet
2026-07-25T18:50:00Z,46,P1,16213,16343,130,0.013,gain,unknown,P1-C1,12,Ryu,260,2B,0,,0,,0,,,1.0,False,0x40400010,0x00000000,0x00000000,0,0,,,,,,none,0,0,positive delta had no recent attributable attack packet
2026-07-25T18:50:00Z,47,P1,16343,16759,416,0.0416,gain,attacker,P1-C1,12,Ryu,260,2B,0,P2-C1,1,Ken the Eagle,0,,,1.0,False,0x40400010,0x00000000,0x00000000,0,0,,,,,,none,0,902,positive delta had no recent attributable attack packet
2026-07-25T18:50:00Z,47,P2,13825,14137,312,0.0312,gain,victim,P1-C1,12,Ryu,260,2B,0,P2-C1,1,Ken the Eagle,0,,,1.0,False,0x40400010,0x00000000,0x00000000,0,0,,,,,,none,0,902,positive delta had no recent attributable attack packet
2026-07-25T18:50:00Z,48,P1,16759,16954,195,0.0195,gain,unknown,P1-C1,12,Ryu,262,6C,0,,0,,0,,,1.0,False,0x40400001,0x00000000,0x00000000,0,0,,,,,,none,0,0,positive delta had no recent attributable attack packet
2026-07-25T18:50:01Z,49,P1,16954,17584,630,0.063,gain,unknown,P1-C1,12,Ryu,262,6C,0,,0,,0,,,1.0,False,0x40400001,0x00000000,0x00000000,0,0,,,,,,none,0,0,positive delta had no recent attributable attack packet
2026-07-25T18:50:01Z,49,P2,14137,14608,471,0.0471,gain,unknown,P2-C1,1,Ken the Eagle,91,Soft Knockdown,0,,0,,0,,,1.0,False,0x00005200,0x00000000,0x00000000,0,0,,,,,,none,0,0,positive delta had no recent attributable attack packet
2026-07-25T18:50:01Z,52,P1,17584,17844,260,0.026,gain,unknown,P1-C1,12,Ryu,309,Tatsu H,0,,0,,0,,,1.0,False,0x01400001,0x00000000,0x00000000,0,0,,,,,,none,0,0,positive delta had no recent attributable attack packet
2026-07-25T18:50:01Z,54,P1,17844,18278,434,0.0434,gain,attacker,P1-C1,12,Ryu,309,Tatsu H,0,P2-C1,1,Ken the Eagle,0,,,1.0,False,0x01C00200,0x00000000,0x00000000,0,0,,,,,,none,0,938,positive delta had no recent attributable attack packet
2026-07-25T18:50:01Z,54,P2,14608,14933,325,0.0325,gain,victim,P1-C1,12,Ryu,309,Tatsu H,0,P2-C1,1,Ken the Eagle,0,,,1.0,False,0x01C00200,0x00000000,0x00000000,0,0,,,,,,none,0,938,positive delta had no recent attributable attack packet
2026-07-25T18:50:01Z,57,P1,18278,18671,393,0.0393,gain,attacker,P1-C1,12,Ryu,309,Tatsu H,0,P2-C1,1,Ken the Eagle,0,,,1.0,False,0x01C00200,0x00000000,0x00000000,0,0,,,,,,none,0,854,positive delta had no recent attributable attack packet
2026-07-25T18:50:01Z,57,P2,14933,15228,295,0.0295,gain,victim,P1-C1,12,Ryu,309,Tatsu H,0,P2-C1,1,Ken the Eagle,0,,,1.0,False,0x01C00200,0x00000000,0x00000000,0,0,,,,,,none,0,854,positive delta had no recent attributable attack packet
2026-07-25T18:50:02Z,61,P1,18671,19027,356,0.0356,gain,attacker,P1-C1,12,Ryu,309,Tatsu H,0,P2-C1,1,Ken the Eagle,0,,,1.0,False,0x01C00200,0x00000000,0x00000000,0,0,,,,,,none,0,769,positive delta had no recent attributable attack packet
2026-07-25T18:50:02Z,61,P2,15228,15494,266,0.0266,gain,victim,P1-C1,12,Ryu,309,Tatsu H,0,P2-C1,1,Ken the Eagle,0,,,1.0,False,0x01C00200,0x00000000,0x00000000,0,0,,,,,,none,0,769,positive delta had no recent attributable attack packet
2026-07-25T18:50:02Z,64,P1,19027,19342,315,0.0315,gain,attacker,P1-C1,12,Ryu,309,Tatsu H,0,P2-C1,1,Ken the Eagle,0,,,1.0,False,0x01400001,0x00000000,0x00000000,0,0,,,,,,none,0,685,positive delta had no recent attributable attack packet
2026-07-25T18:50:02Z,64,P2,15494,15730,236,0.0236,gain,victim,P1-C1,12,Ryu,309,Tatsu H,0,P2-C1,1,Ken the Eagle,0,,,1.0,False,0x01400001,0x00000000,0x00000000,0,0,,,,,,none,0,685,positive delta had no recent attributable attack packet
2026-07-25T18:50:03Z,67,P1,19342,19409,67,0.0067,gain,attacker,P1-C1,12,Ryu,256,5A,0,P2-C1,1,Ken the Eagle,0,,,1.0,False,0x40400001,0x00000000,0x00000000,0,0,,,,,,none,0,290,positive delta had no recent attributable attack packet
2026-07-25T18:50:03Z,67,P2,15730,15780,50,0.005,gain,victim,P1-C1,12,Ryu,256,5A,0,P2-C1,1,Ken the Eagle,0,,,1.0,False,0x40400001,0x00000000,0x00000000,0,0,,,,,,none,0,290,positive delta had no recent attributable attack packet
2026-07-25T18:50:03Z,68,P1,19409,19474,65,0.0065,gain,unknown,P1-C1,12,Ryu,256,5A,0,,0,,0,,,1.0,False,0x40400001,0x00000000,0x00000000,0,0,,,,,,none,0,0,positive delta had no recent attributable attack packet
2026-07-25T18:50:03Z,69,P1,19474,19606,132,0.0132,gain,attacker,P1-C1,12,Ryu,256,5A,0,P2-C1,1,Ken the Eagle,0,,,1.0,False,0x40400001,0x00000000,0x00000000,0,0,,,,,,none,0,289,positive delta had no recent attributable attack packet
2026-07-25T18:50:03Z,69,P2,15780,15830,50,0.005,gain,victim,P1-C1,12,Ryu,256,5A,0,P2-C1,1,Ken the Eagle,0,,,1.0,False,0x40400001,0x00000000,0x00000000,0,0,,,,,,none,0,289,positive delta had no recent attributable attack packet
2026-07-25T18:50:03Z,70,P1,19606,19859,253,0.0253,gain,unknown,P1-C1,12,Ryu,257,5B,0,,0,,0,,,1.0,False,0x40400001,0x00000000,0x00000000,0,0,,,,,,none,0,0,positive delta had no recent attributable attack packet
2026-07-25T18:50:03Z,70,P2,15830,15922,92,0.0092,gain,unknown,P2-C1,1,Ken the Eagle,91,Soft Knockdown,0,,0,,0,,,1.0,False,0x00005200,0x00000000,0x00000000,0,0,,,,,,none,0,0,positive delta had no recent attributable attack packet
2026-07-25T18:50:03Z,73,P1,19859,19989,130,0.013,gain,unknown,P1-C1,12,Ryu,260,2B,0,,0,,0,,,1.0,False,0x40400010,0x00000000,0x00000000,0,0,,,,,,none,0,0,positive delta had no recent attributable attack packet
2026-07-25T18:50:03Z,74,P1,19989,20103,114,0.0114,gain,attacker,P1-C1,12,Ryu,258,5C,0,P2-C1,1,Ken the Eagle,0,,,1.0,False,0x40400001,0x00000000,0x00000000,0,0,,,,,,none,0,489,positive delta had no recent attributable attack packet
2026-07-25T18:50:03Z,74,P2,15922,16007,85,0.0085,gain,victim,P1-C1,12,Ryu,258,5C,0,P2-C1,1,Ken the Eagle,0,,,1.0,False,0x40400001,0x00000000,0x00000000,0,0,,,,,,none,0,489,positive delta had no recent attributable attack packet
2026-07-25T18:50:04Z,75,P1,20103,20298,195,0.0195,gain,unknown,P1-C1,12,Ryu,258,5C,0,,0,,0,,,1.0,False,0x40400001,0x00000000,0x00000000,0,0,,,,,,none,0,0,positive delta had no recent attributable attack packet
2026-07-25T18:50:04Z,76,P1,20298,20508,210,0.021,gain,unknown,P1-C1,12,Ryu,258,5C,0,,0,,0,,,1.0,False,0x40400001,0x00000000,0x00000000,0,0,,,,,,none,0,0,positive delta had no recent attributable attack packet
2026-07-25T18:50:04Z,76,P2,16007,16164,157,0.0157,gain,unknown,P2-C1,1,Ken the Eagle,91,Soft Knockdown,0,,0,,0,,,1.0,False,0x00005200,0x00000000,0x00000000,0,0,,,,,,none,0,0,positive delta had no recent attributable attack packet
2026-07-25T18:50:04Z,79,P1,20508,20703,195,0.0195,gain,unknown,P1-C1,12,Ryu,261,2C,0,,0,,0,,,1.0,False,0x40400010,0x00000000,0x00000000,0,0,,,,,,none,0,0,positive delta had no recent attributable attack packet
2026-07-25T18:50:04Z,80,P1,20703,20909,206,0.0206,gain,attacker,P1-C1,12,Ryu,261,2C,0,P2-C1,1,Ken the Eagle,0,,,1.0,False,0x40400010,0x00000000,0x00000000,0,0,,,,,,none,0,873,positive delta had no recent attributable attack packet
2026-07-25T18:50:04Z,80,P2,16164,16318,154,0.0154,gain,victim,P1-C1,12,Ryu,261,2C,0,P2-C1,1,Ken the Eagle,0,,,1.0,False,0x40400010,0x00000000,0x00000000,0,0,,,,,,none,0,873,positive delta had no recent attributable attack packet
2026-07-25T18:50:05Z,82,P1,20909,21104,195,0.0195,gain,unknown,P1-C1,12,Ryu,262,6C,0,,0,,0,,,1.0,False,0x40400001,0x00000000,0x00000000,0,0,,,,,,none,0,0,positive delta had no recent attributable attack packet
2026-07-25T18:50:05Z,84,P1,21104,21291,187,0.0187,gain,attacker,P1-C1,12,Ryu,262,6C,0,P2-C1,1,Ken the Eagle,0,,,1.0,False,0x40400001,0x00000000,0x00000000,0,0,,,,,,none,0,788,positive delta had no recent attributable attack packet
2026-07-25T18:50:05Z,84,P2,16318,16458,140,0.014,gain,victim,P1-C1,12,Ryu,262,6C,0,P2-C1,1,Ken the Eagle,0,,,1.0,False,0x40400001,0x00000000,0x00000000,0,0,,,,,,none,0,788,positive delta had no recent attributable attack packet
2026-07-25T18:50:05Z,86,P1,21291,21551,260,0.026,gain,unknown,P1-C1,12,Ryu,309,Tatsu H,0,,0,,0,,,1.0,False,0x01400001,0x00000000,0x00000000,0,0,,,,,,none,0,0,positive delta had no recent attributable attack packet
2026-07-25T18:50:05Z,88,P1,21551,21690,139,0.0139,gain,attacker,P1-C1,12,Ryu,309,Tatsu H,0,P2-C1,1,Ken the Eagle,0,,,1.0,False,0x01C00200,0x00000000,0x00000000,0,0,,,,,,none,0,589,positive delta had no recent attributable attack packet
2026-07-25T18:50:05Z,88,P2,16458,16562,104,0.0104,gain,victim,P1-C1,12,Ryu,309,Tatsu H,0,P2-C1,1,Ken the Eagle,0,,,1.0,False,0x01C00200,0x00000000,0x00000000,0,0,,,,,,none,0,589,positive delta had no recent attributable attack packet
2026-07-25T18:50:06Z,92,P1,21690,21829,139,0.0139,gain,attacker,P1-C1,12,Ryu,309,Tatsu H,0,P2-C1,1,Ken the Eagle,0,,,1.0,False,0x01C00200,0x00000000,0x00000000,0,0,,,,,,none,0,590,positive delta had no recent attributable attack packet
2026-07-25T18:50:06Z,92,P2,16562,16666,104,0.0104,gain,victim,P1-C1,12,Ryu,309,Tatsu H,0,P2-C1,1,Ken the Eagle,0,,,1.0,False,0x01C00200,0x00000000,0x00000000,0,0,,,,,,none,0,590,positive delta had no recent attributable attack packet
2026-07-25T18:50:06Z,95,P1,21829,21968,139,0.0139,gain,attacker,P1-C1,12,Ryu,309,Tatsu H,0,P2-C1,1,Ken the Eagle,0,,,1.0,False,0x01C00200,0x00000000,0x00000000,0,0,,,,,,none,0,591,positive delta had no recent attributable attack packet
2026-07-25T18:50:06Z,95,P2,16666,16770,104,0.0104,gain,victim,P1-C1,12,Ryu,309,Tatsu H,0,P2-C1,1,Ken the Eagle,0,,,1.0,False,0x01C00200,0x00000000,0x00000000,0,0,,,,,,none,0,591,positive delta had no recent attributable attack packet
2026-07-25T18:50:06Z,98,P1,21968,22107,139,0.0139,gain,attacker,P1-C1,12,Ryu,309,Tatsu H,0,P2-C1,1,Ken the Eagle,0,,,1.0,False,0x01400001,0x00000000,0x00000000,0,0,,,,,,none,0,592,positive delta had no recent attributable attack packet
2026-07-25T18:50:06Z,98,P2,16770,16874,104,0.0104,gain,victim,P1-C1,12,Ryu,309,Tatsu H,0,P2-C1,1,Ken the Eagle,0,,,1.0,False,0x01400001,0x00000000,0x00000000,0,0,,,,,,none,0,592,positive delta had no recent attributable attack packet
2026-07-25T18:50:16Z,198,P1,22107,22903,796,0.0796,gain,attacker,P1-C1,12,Ryu,257,5B,0,P2-C1,1,Ken the Eagle,0,,,1.0,False,0x40400001,0x00000000,0x00000000,0,0,,,,,,none,0,1440,positive delta had no recent attributable attack packet
2026-07-25T18:50:16Z,198,P2,16874,17373,499,0.0499,gain,victim,P1-C1,12,Ryu,257,5B,0,P2-C1,1,Ken the Eagle,0,,,1.0,False,0x40400001,0x00000000,0x00000000,0,0,,,,,,none,0,1440,positive delta had no recent attributable attack packet
2026-07-25T18:50:17Z,206,P1,22903,23098,195,0.0195,gain,unknown,P1-C1,12,Ryu,267,j.C,0,,0,,0,,,1.0,False,0x00400600,0x00000000,0x00000000,0,0,,,,,,none,0,0,positive delta had no recent attributable attack packet
2026-07-25T18:50:27Z,334,P1,23098,23468,370,0.037,gain,attacker,P1-C1,12,Ryu,257,5B,0,P2-C1,1,Ken the Eagle,0,,,1.0,False,0x40400001,0x00000000,0x00000000,0,0,,,,,,none,0,800,positive delta had no recent attributable attack packet
2026-07-25T18:50:27Z,334,P2,17373,17649,276,0.0276,gain,victim,P1-C1,12,Ryu,257,5B,0,P2-C1,1,Ken the Eagle,0,,,1.0,False,0x40400001,0x00000000,0x00000000,0,0,,,,,,none,0,800,positive delta had no recent attributable attack packet
2026-07-25T18:50:27Z,335,P1,23468,24231,763,0.0763,gain,attacker,P1-C1,12,Ryu,260,2B,0,P2-C1,1,Ken the Eagle,0,,,1.0,False,0x40400010,0x00000000,0x00000000,0,0,,,,,,none,0,1368,positive delta had no recent attributable attack packet
2026-07-25T18:50:27Z,335,P2,17649,18123,474,0.0474,gain,victim,P1-C1,12,Ryu,260,2B,0,P2-C1,1,Ken the Eagle,0,,,1.0,False,0x40400010,0x00000000,0x00000000,0,0,,,,,,none,0,1368,positive delta had no recent attributable attack packet
2026-07-25T18:50:27Z,336,P1,24231,24926,695,0.0695,gain,attacker,P1-C1,12,Ryu,258,5C,0,P2-C1,1,Ken the Eagle,0,,,1.0,False,0x40400001,0x00000000,0x00000000,0,0,,,,,,none,0,1224,positive delta had no recent attributable attack packet
2026-07-25T18:50:27Z,336,P2,18123,18546,423,0.0423,gain,victim,P1-C1,12,Ryu,258,5C,0,P2-C1,1,Ken the Eagle,0,,,1.0,False,0x40400001,0x00000000,0x00000000,0,0,,,,,,none,0,1224,positive delta had no recent attributable attack packet
2026-07-25T18:50:27Z,338,P1,24926,25121,195,0.0195,gain,unknown,P1-C1,12,Ryu,258,5C,0,,0,,0,,,1.0,False,0x40400001,0x00000000,0x00000000,0,0,,,,,,none,0,0,positive delta had no recent attributable attack packet
2026-07-25T18:50:28Z,339,P1,25121,26095,974,0.0974,gain,attacker,P1-C1,12,Ryu,261,2C,0,P2-C1,1,Ken the Eagle,0,,,1.0,False,0x40400010,0x00000000,0x00000000,0,0,,,,,,none,0,2108,positive delta had no recent attributable attack packet
2026-07-25T18:50:28Z,339,P2,18546,19276,730,0.073,gain,victim,P1-C1,12,Ryu,261,2C,0,P2-C1,1,Ken the Eagle,0,,,1.0,False,0x40400010,0x00000000,0x00000000,0,0,,,,,,none,0,2108,positive delta had no recent attributable attack packet
2026-07-25T18:50:28Z,340,P1,26095,26290,195,0.0195,gain,unknown,P1-C1,12,Ryu,261,2C,0,,0,,0,,,1.0,False,0x40400010,0x00000000,0x00000000,0,0,,,,,,none,0,0,positive delta had no recent attributable attack packet
2026-07-25T18:50:28Z,341,P1,26290,27177,887,0.0887,gain,unknown,P1-C1,12,Ryu,261,2C,0,,0,,0,,,1.0,False,0x40400010,0x00000000,0x00000000,0,0,,,,,,none,0,0,positive delta had no recent attributable attack packet
2026-07-25T18:50:28Z,341,P2,19276,19941,665,0.0665,gain,unknown,P2-C1,1,Ken the Eagle,64,Standing Hitstun,0,,0,,0,,,1.0,False,0x00003200,0x00000000,0x00000000,0,0,,,,,,none,0,0,positive delta had no recent attributable attack packet
2026-07-25T18:50:28Z,344,P1,27177,27372,195,0.0195,gain,unknown,P1-C1,12,Ryu,262,6C,0,,0,,0,,,1.0,False,0x40400001,0x00000000,0x00000000,0,0,,,,,,none,0,0,positive delta had no recent attributable attack packet
2026-07-25T18:50:28Z,345,P1,27372,28140,768,0.0768,gain,attacker,P1-C1,12,Ryu,262,6C,0,P2-C1,1,Ken the Eagle,0,,,1.0,False,0x40400001,0x00000000,0x00000000,0,0,,,,,,none,0,1663,positive delta had no recent attributable attack packet
2026-07-25T18:50:28Z,345,P2,19941,20516,575,0.0575,gain,victim,P1-C1,12,Ryu,262,6C,0,P2-C1,1,Ken the Eagle,0,,,1.0,False,0x40400001,0x00000000,0x00000000,0,0,,,,,,none,0,1663,positive delta had no recent attributable attack packet
2026-07-25T18:50:29Z,347,P1,28140,28400,260,0.026,gain,unknown,P1-C1,12,Ryu,315,Donkey H,0,,0,,0,,,1.0,False,0x41400001,0x00000000,0x00000000,0,0,,,,,,none,0,0,positive delta had no recent attributable attack packet
2026-07-25T18:50:29Z,350,P1,28400,29311,911,0.0911,gain,attacker,P1-C1,12,Ryu,315,Donkey H,0,P2-C1,1,Ken the Eagle,0,,,1.0,False,0x41400001,0x00000000,0x00000000,0,0,,,,,,none,0,1971,positive delta had no recent attributable attack packet
2026-07-25T18:50:29Z,350,P2,20516,21198,682,0.0682,gain,victim,P1-C1,12,Ryu,315,Donkey H,0,P2-C1,1,Ken the Eagle,0,,,1.0,False,0x41400001,0x00000000,0x00000000,0,0,,,,,,none,0,1971,positive delta had no recent attributable attack packet
2026-07-25T18:50:30Z,359,P1,29311,29561,250,0.025,gain,unknown,P1-C1,12,Ryu,256,5A,0,,0,,0,,,1.0,False,0x40400001,0x00000000,0x00000000,0,0,,,,,,none,0,0,positive delta had no recent attributable attack packet
2026-07-25T18:50:30Z,359,P2,21198,21385,187,0.0187,gain,unknown,P2-C1,1,Ken the Eagle,82,Bounce Bounce off,0,,0,,0,,,1.0,False,0x00005200,0x00000000,0x00000000,0,0,,,,,,none,0,0,positive delta had no recent attributable attack packet
2026-07-25T18:50:30Z,360,P1,29561,30113,552,0.0552,gain,attacker,P1-C1,12,Ryu,257,5B,0,P2-C1,1,Ken the Eagle,0,,,1.0,False,0x40400001,0x00000000,0x00000000,0,0,,,,,,none,0,544,positive delta had no recent attributable attack packet
2026-07-25T18:50:30Z,360,P2,21385,21700,315,0.0315,gain,victim,P1-C1,12,Ryu,257,5B,0,P2-C1,1,Ken the Eagle,0,,,1.0,False,0x40400001,0x00000000,0x00000000,0,0,,,,,,none,0,544,positive delta had no recent attributable attack packet
2026-07-25T18:50:30Z,362,P1,30113,30243,130,0.013,gain,unknown,P1-C1,12,Ryu,260,2B,0,,0,,0,,,1.0,False,0x40400010,0x00000000,0x00000000,0,0,,,,,,none,0,0,positive delta had no recent attributable attack packet
2026-07-25T18:50:31Z,363,P1,30243,30609,366,0.0366,gain,attacker,P1-C1,12,Ryu,260,2B,0,P2-C1,1,Ken the Eagle,0,,,1.0,False,0x40400010,0x00000000,0x00000000,0,0,,,,,,none,0,793,positive delta had no recent attributable attack packet
2026-07-25T18:50:31Z,363,P2,21700,21974,274,0.0274,gain,victim,P1-C1,12,Ryu,260,2B,0,P2-C1,1,Ken the Eagle,0,,,1.0,False,0x40400010,0x00000000,0x00000000,0,0,,,,,,none,0,793,positive delta had no recent attributable attack packet
2026-07-25T18:50:31Z,365,P1,30609,30804,195,0.0195,gain,unknown,P1-C1,12,Ryu,258,5C,0,,0,,0,,,1.0,False,0x40400001,0x00000000,0x00000000,0,0,,,,,,none,0,0,positive delta had no recent attributable attack packet
2026-07-25T18:50:31Z,366,P1,30804,31411,607,0.0607,gain,attacker,P1-C1,12,Ryu,258,5C,0,P2-C1,1,Ken the Eagle,0,,,1.0,False,0x40400001,0x00000000,0x00000000,0,0,,,,,,none,0,1314,positive delta had no recent attributable attack packet
2026-07-25T18:50:31Z,366,P2,21974,22428,454,0.0454,gain,victim,P1-C1,12,Ryu,258,5C,0,P2-C1,1,Ken the Eagle,0,,,1.0,False,0x40400001,0x00000000,0x00000000,0,0,,,,,,none,0,1314,positive delta had no recent attributable attack packet
2026-07-25T18:50:31Z,368,P1,31411,31606,195,0.0195,gain,unknown,P1-C1,12,Ryu,261,2C,0,,0,,0,,,1.0,False,0x40400010,0x00000000,0x00000000,0,0,,,,,,none,0,0,positive delta had no recent attributable attack packet
2026-07-25T18:50:31Z,369,P1,31606,32141,535,0.0535,gain,attacker,P1-C1,12,Ryu,261,2C,0,P2-C1,1,Ken the Eagle,0,,,1.0,False,0x40400010,0x00000000,0x00000000,0,0,,,,,,none,0,1158,positive delta had no recent attributable attack packet
2026-07-25T18:50:31Z,369,P2,22428,22829,401,0.0401,gain,victim,P1-C1,12,Ryu,261,2C,0,P2-C1,1,Ken the Eagle,0,,,1.0,False,0x40400010,0x00000000,0x00000000,0,0,,,,,,none,0,1158,positive delta had no recent attributable attack packet
2026-07-25T18:50:32Z,371,P1,32141,32336,195,0.0195,gain,unknown,P1-C1,12,Ryu,262,6C,0,,0,,0,,,1.0,False,0x40400001,0x00000000,0x00000000,0,0,,,,,,none,0,0,positive delta had no recent attributable attack packet
2026-07-25T18:50:32Z,372,P1,32336,32764,428,0.0428,gain,unknown,P1-C1,12,Ryu,262,6C,0,,0,,0,,,1.0,False,0x40400001,0x00000000,0x00000000,0,0,,,,,,none,0,0,positive delta had no recent attributable attack packet
2026-07-25T18:50:32Z,372,P2,22829,23150,321,0.0321,gain,unknown,P2-C1,1,Ken the Eagle,91,Soft Knockdown,0,,0,,0,,,1.0,False,0x00005200,0x00000000,0x00000000,0,0,,,,,,none,0,0,positive delta had no recent attributable attack packet
2026-07-25T18:50:32Z,375,P1,32764,33024,260,0.026,gain,unknown,P1-C1,12,Ryu,309,Tatsu H,0,,0,,0,,,1.0,False,0x01400001,0x00000000,0x00000000,0,0,,,,,,none,0,0,positive delta had no recent attributable attack packet
2026-07-25T18:50:32Z,377,P1,33024,33304,280,0.028,gain,attacker,P1-C1,12,Ryu,309,Tatsu H,0,P2-C1,1,Ken the Eagle,0,,,1.0,False,0x01C00200,0x00000000,0x00000000,0,0,,,,,,none,0,608,positive delta had no recent attributable attack packet
2026-07-25T18:50:32Z,377,P2,23150,23360,210,0.021,gain,victim,P1-C1,12,Ryu,309,Tatsu H,0,P2-C1,1,Ken the Eagle,0,,,1.0,False,0x01C00200,0x00000000,0x00000000,0,0,,,,,,none,0,608,positive delta had no recent attributable attack packet
2026-07-25T18:50:33Z,380,P1,33304,33584,280,0.028,gain,attacker,P1-C1,12,Ryu,309,Tatsu H,0,P2-C1,1,Ken the Eagle,0,,,1.0,False,0x01C00200,0x00000000,0x00000000,0,0,,,,,,none,0,609,positive delta had no recent attributable attack packet
2026-07-25T18:50:33Z,380,P2,23360,23570,210,0.021,gain,victim,P1-C1,12,Ryu,309,Tatsu H,0,P2-C1,1,Ken the Eagle,0,,,1.0,False,0x01C00200,0x00000000,0x00000000,0,0,,,,,,none,0,609,positive delta had no recent attributable attack packet
2026-07-25T18:50:33Z,384,P1,33584,33864,280,0.028,gain,attacker,P1-C1,12,Ryu,309,Tatsu H,0,P2-C1,1,Ken the Eagle,0,,,1.0,False,0x01C00200,0x00000000,0x00000000,0,0,,,,,,none,0,610,positive delta had no recent attributable attack packet
2026-07-25T18:50:33Z,384,P2,23570,23780,210,0.021,gain,victim,P1-C1,12,Ryu,309,Tatsu H,0,P2-C1,1,Ken the Eagle,0,,,1.0,False,0x01C00200,0x00000000,0x00000000,0,0,,,,,,none,0,610,positive delta had no recent attributable attack packet
2026-07-25T18:50:41Z,469,P1,33864,34234,370,0.037,gain,unknown,P1-C1,12,Ryu,256,5A,0,,0,,0,,,1.0,False,0x40400001,0x00000000,0x00000000,0,0,,,,,,none,0,0,positive delta had no recent attributable attack packet
2026-07-25T18:50:41Z,469,P2,23780,24056,276,0.0276,gain,unknown,P2-C1,1,Ken the Eagle,1,idle,0,,0,,0,,,1.0,False,0x00000001,0x00000000,0x00000000,0,0,,,,,,none,0,0,positive delta had no recent attributable attack packet
2026-07-25T18:50:42Z,470,P1,34234,34364,130,0.013,gain,attacker,P1-C1,12,Ryu,257,5B,0,P2-C1,1,Ken the Eagle,0,,,1.0,False,0x40400001,0x00000000,0x00000000,0,0,,,,,,none,0,800,positive delta had no recent attributable attack packet
2026-07-25T18:50:42Z,471,P1,34364,35127,763,0.0763,gain,attacker,P1-C1,12,Ryu,260,2B,0,P2-C1,1,Ken the Eagle,0,,,1.0,False,0x40400010,0x00000000,0x00000000,0,0,,,,,,none,0,1368,positive delta had no recent attributable attack packet
2026-07-25T18:50:42Z,471,P2,24056,24530,474,0.0474,gain,victim,P1-C1,12,Ryu,260,2B,0,P2-C1,1,Ken the Eagle,0,,,1.0,False,0x40400010,0x00000000,0x00000000,0,0,,,,,,none,0,1368,positive delta had no recent attributable attack packet
2026-07-25T18:50:42Z,472,P1,35127,35692,565,0.0565,gain,attacker,P1-C1,12,Ryu,258,5C,0,P2-C1,1,Ken the Eagle,0,,,1.0,False,0x40400001,0x00000000,0x00000000,0,0,,,,,,none,0,1224,positive delta had no recent attributable attack packet
2026-07-25T18:50:42Z,472,P2,24530,24953,423,0.0423,gain,victim,P1-C1,12,Ryu,258,5C,0,P2-C1,1,Ken the Eagle,0,,,1.0,False,0x40400001,0x00000000,0x00000000,0,0,,,,,,none,0,1224,positive delta had no recent attributable attack packet
2026-07-25T18:50:42Z,474,P1,35692,35887,195,0.0195,gain,unknown,P1-C1,12,Ryu,258,5C,0,,0,,0,,,1.0,False,0x40400001,0x00000000,0x00000000,0,0,,,,,,none,0,0,positive delta had no recent attributable attack packet
2026-07-25T18:50:42Z,475,P1,35887,36861,974,0.0974,gain,attacker,P1-C1,12,Ryu,258,5C,0,P2-C1,1,Ken the Eagle,0,,,1.0,False,0x40400001,0x00000000,0x00000000,0,0,,,,,,none,0,2108,positive delta had no recent attributable attack packet
2026-07-25T18:50:42Z,475,P2,24953,25683,730,0.073,gain,victim,P1-C1,12,Ryu,258,5C,0,P2-C1,1,Ken the Eagle,0,,,1.0,False,0x40400001,0x00000000,0x00000000,0,0,,,,,,none,0,2108,positive delta had no recent attributable attack packet
2026-07-25T18:50:46Z,511,P1,36861,37231,370,0.037,gain,attacker,P1-C1,12,Ryu,256,5A,0,P2-C1,1,Ken the Eagle,0,,,1.0,False,0x40400001,0x00000000,0x00000000,0,0,,,,,,none,0,800,positive delta had no recent attributable attack packet
2026-07-25T18:50:46Z,511,P2,25683,25959,276,0.0276,gain,victim,P1-C1,12,Ryu,256,5A,0,P2-C1,1,Ken the Eagle,0,,,1.0,False,0x40400001,0x00000000,0x00000000,0,0,,,,,,none,0,800,positive delta had no recent attributable attack packet
2026-07-25T18:50:46Z,512,P1,37231,37647,416,0.0416,gain,unknown,P1-C1,12,Ryu,256,5A,0,,0,,0,,,1.0,False,0x40400001,0x00000000,0x00000000,0,0,,,,,,none,0,0,positive delta had no recent attributable attack packet
2026-07-25T18:50:46Z,512,P2,25959,26221,262,0.0262,gain,unknown,P2-C1,1,Ken the Eagle,64,Standing Hitstun,0,,0,,0,,,1.0,False,0x00001001,0x00000000,0x00000000,0,0,,,,,,none,0,0,positive delta had no recent attributable attack packet
2026-07-25T18:50:46Z,513,P1,37647,38376,729,0.0729,gain,attacker,P1-C1,12,Ryu,257,5B,0,P2-C1,1,Ken the Eagle,0,,,1.0,False,0x40400001,0x00000000,0x00000000,0,0,,,,,,none,0,760,positive delta had no recent attributable attack packet
2026-07-25T18:50:46Z,513,P2,26221,26669,448,0.0448,gain,victim,P1-C1,12,Ryu,257,5B,0,P2-C1,1,Ken the Eagle,0,,,1.0,False,0x40400001,0x00000000,0x00000000,0,0,,,,,,none,0,760,positive delta had no recent attributable attack packet
2026-07-25T18:50:47Z,515,P1,38376,39040,664,0.0664,gain,unknown,P1-C1,12,Ryu,260,2B,0,,0,,0,,,1.0,False,0x40400010,0x00000000,0x00000000,0,0,,,,,,none,0,0,positive delta had no recent attributable attack packet
2026-07-25T18:50:47Z,515,P2,26669,27069,400,0.04,gain,unknown,P2-C1,1,Ken the Eagle,64,Standing Hitstun,0,,0,,0,,,1.0,False,0x00001001,0x00000000,0x00000000,0,0,,,,,,none,0,0,positive delta had no recent attributable attack packet
2026-07-25T18:50:47Z,517,P1,39040,39235,195,0.0195,gain,unknown,P1-C1,12,Ryu,258,5C,0,,0,,0,,,1.0,False,0x40400001,0x00000000,0x00000000,0,0,,,,,,none,0,0,positive delta had no recent attributable attack packet
2026-07-25T18:50:47Z,518,P1,39235,40152,917,0.0917,gain,attacker,P1-C1,12,Ryu,261,2C,0,P2-C1,1,Ken the Eagle,0,,,1.0,False,0x40400010,0x00000000,0x00000000,0,0,,,,,,none,0,1983,positive delta had no recent attributable attack packet
2026-07-25T18:50:47Z,518,P2,27069,27756,687,0.0687,gain,victim,P1-C1,12,Ryu,261,2C,0,P2-C1,1,Ken the Eagle,0,,,1.0,False,0x40400010,0x00000000,0x00000000,0,0,,,,,,none,0,1983,positive delta had no recent attributable attack packet
2026-07-25T18:50:47Z,520,P1,40152,40347,195,0.0195,gain,unknown,P1-C1,12,Ryu,261,2C,0,,0,,0,,,1.0,False,0x40400010,0x00000000,0x00000000,0,0,,,,,,none,0,0,positive delta had no recent attributable attack packet
2026-07-25T18:50:47Z,521,P1,40347,41180,833,0.0833,gain,unknown,P1-C1,12,Ryu,261,2C,0,,0,,0,,,1.0,False,0x40400010,0x00000000,0x00000000,0,0,,,,,,none,0,0,positive delta had no recent attributable attack packet
2026-07-25T18:50:47Z,521,P2,27756,28380,624,0.0624,gain,unknown,P2-C1,1,Ken the Eagle,64,Standing Hitstun,0,,0,,0,,,1.0,False,0x00001001,0x00000000,0x00000000,0,0,,,,,,none,0,0,positive delta had no recent attributable attack packet
2026-07-25T18:50:48Z,523,P1,41180,41375,195,0.0195,gain,unknown,P1-C1,12,Ryu,262,6C,0,,0,,0,,,1.0,False,0x40400001,0x00000000,0x00000000,0,0,,,,,,none,0,0,positive delta had no recent attributable attack packet
2026-07-25T18:50:48Z,524,P2,28380,28918,538,0.0538,gain,unknown,P2-C1,1,Ken the Eagle,96,Soft Knockdown,0,,0,,0,,,1.0,False,0x00003200,0x00000000,0x00000000,0,0,,,,,,none,0,0,positive delta had no recent attributable attack packet
2026-07-25T18:50:48Z,525,P1,41375,42092,717,0.0717,gain,attacker,P1-C1,12,Ryu,262,6C,0,P2-C1,1,Ken the Eagle,0,,,1.0,False,0x40400001,0x00000000,0x00000000,0,0,,,,,,none,0,1552,positive delta had no recent attributable attack packet
2026-07-25T18:50:56Z,606,P1,42092,42287,195,0.0195,gain,unknown,P1-C1,12,Ryu,267,j.C,0,,0,,0,,,1.0,False,0x00400600,0x00000000,0x00000000,0,0,,,,,,none,0,0,positive delta had no recent attributable attack packet
2026-07-25T18:50:57Z,613,P1,42287,42482,195,0.0195,gain,unknown,P1-C1,12,Ryu,267,j.C,0,,0,,0,,,1.0,False,0x00400602,0x00000000,0x00000000,0,0,,,,,,none,0,0,positive delta had no recent attributable attack packet
2026-07-25T18:51:04Z,684,P1,42482,42926,444,0.0444,gain,attacker,P1-C1,12,Ryu,265,j.A,0,P2-C1,1,Ken the Eagle,0,,,1.0,False,0x00400E00,0x00000000,0x00000000,0,0,,,,,,none,0,960,positive delta had no recent attributable attack packet
2026-07-25T18:51:04Z,684,P2,28918,29250,332,0.0332,gain,victim,P1-C1,12,Ryu,265,j.A,0,P2-C1,1,Ken the Eagle,0,,,1.0,False,0x00400E00,0x00000000,0x00000000,0,0,,,,,,none,0,960,positive delta had no recent attributable attack packet
2026-07-25T18:51:04Z,685,P1,42926,42991,65,0.0065,gain,unknown,P1-C1,12,Ryu,20,jump,0,,0,,0,,,1.0,False,0x00400600,0x00000000,0x00000000,0,0,,,,,,none,0,0,positive delta had no recent attributable attack packet
2026-07-25T18:51:04Z,686,P1,42991,43186,195,0.0195,gain,unknown,P1-C1,12,Ryu,267,j.C,0,,0,,0,,,1.0,False,0x00400600,0x00000000,0x00000000,0,0,,,,,,none,0,0,positive delta had no recent attributable attack packet
2026-07-25T18:51:12Z,765,P1,43186,44566,1380,0.138,gain,attacker,P1-C1,12,Ryu,267,j.C,0,P2-C1,1,Ken the Eagle,0,,,1.0,False,0x00400E00,0x00000000,0x00000000,0,0,,,,,,none,0,2560,positive delta had no recent attributable attack packet
2026-07-25T18:51:12Z,765,P2,29250,30139,889,0.0889,gain,victim,P1-C1,12,Ryu,267,j.C,0,P2-C1,1,Ken the Eagle,0,,,1.0,False,0x00400E00,0x00000000,0x00000000,0,0,,,,,,none,0,2560,positive delta had no recent attributable attack packet
2026-07-25T18:51:13Z,777,P1,44566,44696,130,0.013,gain,unknown,P1-C1,12,Ryu,30,landing,0,,0,,0,,,1.0,False,0x00000401,0x00000000,0x00000000,0,0,,,,,,none,0,0,positive delta had no recent attributable attack packet
2026-07-25T18:51:13Z,778,P1,44696,44826,130,0.013,gain,unknown,P1-C1,12,Ryu,266,j.B,0,,0,,0,,,1.0,False,0x00400600,0x00000000,0x00000000,0,0,,,,,,none,0,0,positive delta had no recent attributable attack packet
2026-07-25T18:51:14Z,784,P1,44826,45021,195,0.0195,gain,unknown,P1-C1,12,Ryu,267,j.C,0,,0,,0,,,1.0,False,0x00400600,0x00000000,0x00000000,0,0,,,,,,none,0,0,positive delta had no recent attributable attack packet
2026-07-25T18:51:15Z,791,P1,45021,45151,130,0.013,gain,unknown,P1-C1,12,Ryu,266,j.B,0,,0,,0,,,1.0,False,0x00400600,0x00000000,0x00000000,0,0,,,,,,none,0,0,positive delta had no recent attributable attack packet
2026-07-25T18:51:15Z,796,P1,45151,45613,462,0.0462,gain,unknown,P1-C1,12,Ryu,30,landing,0,,0,,0,,,1.0,False,0x00000001,0x00000000,0x00000000,0,0,,,,,,none,0,0,positive delta had no recent attributable attack packet
2026-07-25T18:51:15Z,796,P2,30139,30486,347,0.0347,gain,unknown,P2-C1,1,Ken the Eagle,1,idle,0,,0,,0,,,1.0,False,0x00001000,0x00000000,0x00000000,0,0,,,,,,none,0,0,positive delta had no recent attributable attack packet
2026-07-25T18:51:16Z,797,P1,45613,45808,195,0.0195,gain,attacker,P1-C1,12,Ryu,258,5C,0,P2-C1,1,Ken the Eagle,0,,,1.0,False,0x40400001,0x00000000,0x00000000,0,0,,,,,,none,0,1000,positive delta had no recent attributable attack packet
2026-07-25T18:51:16Z,798,P1,45808,46278,470,0.047,gain,attacker,P1-C1,12,Ryu,258,5C,0,P2-C1,1,Ken the Eagle,0,,,1.0,False,0x40400001,0x00000000,0x00000000,0,0,,,,,,none,0,1019,positive delta had no recent attributable attack packet
2026-07-25T18:51:16Z,798,P2,30486,30838,352,0.0352,gain,victim,P1-C1,12,Ryu,258,5C,0,P2-C1,1,Ken the Eagle,0,,,1.0,False,0x40400001,0x00000000,0x00000000,0,0,,,,,,none,0,1019,positive delta had no recent attributable attack packet
2026-07-25T18:51:16Z,799,P1,46278,47383,1105,0.1105,gain,attacker,P1-C1,12,Ryu,258,5C,0,P2-C1,1,Ken the Eagle,0,,,1.0,False,0x40400001,0x00000000,0x00000000,0,0,,,,,,none,0,2391,positive delta had no recent attributable attack packet
2026-07-25T18:51:16Z,799,P2,30838,31666,828,0.0828,gain,victim,P1-C1,12,Ryu,258,5C,0,P2-C1,1,Ken the Eagle,0,,,1.0,False,0x40400001,0x00000000,0x00000000,0,0,,,,,,none,0,2391,positive delta had no recent attributable attack packet
2026-07-25T18:51:16Z,800,P1,47383,47800,417,0.0417,gain,attacker,P1-C1,12,Ryu,258,5C,0,P2-C1,1,Ken the Eagle,0,,,1.0,False,0x40400001,0x00000000,0x00000000,0,0,,,,,,none,0,903,positive delta had no recent attributable attack packet
2026-07-25T18:51:16Z,800,P2,31666,31978,312,0.0312,gain,victim,P1-C1,12,Ryu,258,5C,0,P2-C1,1,Ken the Eagle,0,,,1.0,False,0x40400001,0x00000000,0x00000000,0,0,,,,,,none,0,903,positive delta had no recent attributable attack packet
2026-07-25T18:51:20Z,836,P1,47800,47995,195,0.0195,gain,unknown,P1-C1,12,Ryu,267,j.C,0,,0,,0,,,1.0,False,0x00400600,0x00000000,0x00000000,0,0,,,,,,none,0,0,positive delta had no recent attributable attack packet
2026-07-25T18:51:21Z,846,P1,47995,48190,195,0.0195,gain,unknown,P1-C1,12,Ryu,267,j.C,0,,0,,0,,,1.0,False,0x04400600,0x00000000,0x00000000,0,0,,,,,,none,0,0,positive delta had no recent attributable attack packet
2026-07-25T18:51:22Z,852,P1,48190,48320,130,0.013,gain,unknown,P1-C1,12,Ryu,266,j.B,0,,0,,0,,,1.0,False,0x00400600,0x00000000,0x00000000,0,0,,,,,,none,0,0,positive delta had no recent attributable attack packet
2026-07-25T19:00:45Z,27,P1,48320,48690,370,0.037,gain,unknown,P1-C1,12,Ryu,256,5A,0,,0,,0,,,1.0,False,0x40400001,0x00000000,0x00000000,0,0,,,,,,none,0,0,positive delta had no recent attributable attack packet
2026-07-25T19:00:45Z,27,P2,31978,32254,276,0.0276,gain,unknown,P2-C1,1,Ken the Eagle,1,idle,0,,0,,0,,,1.0,False,0x00001001,0x00000000,0x00000000,0,0,,,,,,none,0,0,positive delta had no recent attributable attack packet
2026-07-25T19:00:45Z,28,P1,48690,49453,763,0.0763,gain,attacker,P1-C1,12,Ryu,257,5B,0,P2-C1,1,Ken the Eagle,0,,,1.0,False,0x40400001,0x00000000,0x00000000,0,0,,,,,,none,0,800,positive delta had no recent attributable attack packet
2026-07-25T19:00:45Z,28,P2,32254,32728,474,0.0474,gain,victim,P1-C1,12,Ryu,257,5B,0,P2-C1,1,Ken the Eagle,0,,,1.0,False,0x40400001,0x00000000,0x00000000,0,0,,,,,,none,0,800,positive delta had no recent attributable attack packet
2026-07-25T19:00:46Z,30,P1,49453,50000,547,0.0547,gain,unknown,P1-C1,12,Ryu,260,2B,0,,0,,0,,,1.0,False,0x40400010,0x00000000,0x00000000,0,0,,,,,,none,0,0,positive delta had no recent attributable attack packet
2026-07-25T19:00:46Z,30,P2,32728,33151,423,0.0423,gain,unknown,P2-C1,1,Ken the Eagle,64,Standing Hitstun,0,,0,,0,,,1.0,False,0x00001001,0x00000000,0x00000000,0,0,,,,,,none,0,0,positive delta had no recent attributable attack packet
2026-07-25T19:00:46Z,34,P2,33151,33881,730,0.073,gain,victim,P1-C1,12,Ryu,258,5C,0,P2-C1,1,Ken the Eagle,0,,,1.0,False,0x40400001,0x00000000,0x00000000,0,0,,,,,,none,0,2108,positive delta had no recent attributable attack packet
2026-07-25T19:00:46Z,37,P2,33881,34546,665,0.0665,gain,victim,P1-C1,12,Ryu,261,2C,0,P2-C1,1,Ken the Eagle,0,,,1.0,False,0x40400010,0x00000000,0x00000000,0,0,,,,,,none,0,1919,positive delta had no recent attributable attack packet
2026-07-25T19:00:47Z,41,P2,34546,35121,575,0.0575,gain,victim,P1-C1,12,Ryu,262,6C,0,P2-C1,1,Ken the Eagle,0,,,1.0,False,0x40400001,0x00000000,0x00000000,0,0,,,,,,none,0,1663,positive delta had no recent attributable attack packet
2026-07-25T19:00:47Z,46,P2,35121,35803,682,0.0682,gain,victim,P1-C1,12,Ryu,315,Donkey H,0,P2-C1,1,Ken the Eagle,0,,,1.0,False,0x41400001,0x00000000,0x00000000,0,0,,,,,,none,0,1971,positive delta had no recent attributable attack packet
2026-07-25T19:00:48Z,54,P2,35803,35990,187,0.0187,gain,unknown,P2-C1,1,Ken the Eagle,82,Bounce Bounce off,0,,0,,0,,,1.0,False,0x00005200,0x00000000,0x00000000,0,0,,,,,,none,0,0,positive delta had no recent attributable attack packet
2026-07-25T19:00:49Z,56,P2,35990,36165,175,0.0175,gain,unknown,P2-C1,1,Ken the Eagle,91,Soft Knockdown,0,,0,,0,,,1.0,False,0x00005200,0x00000000,0x00000000,0,0,,,,,,none,0,0,positive delta had no recent attributable attack packet
2026-07-25T19:00:49Z,57,P2,36165,36456,291,0.0291,gain,victim,P1-C1,12,Ryu,257,5B,0,P2-C1,1,Ken the Eagle,0,,,1.0,False,0x40400001,0x00000000,0x00000000,0,0,,,,,,none,0,507,positive delta had no recent attributable attack packet
2026-07-25T19:00:49Z,61,P2,36456,36702,246,0.0246,gain,victim,P1-C1,12,Ryu,260,2B,0,P2-C1,1,Ken the Eagle,0,,,1.0,False,0x40400010,0x00000000,0x00000000,0,0,,,,,,none,0,717,positive delta had no recent attributable attack packet
2026-07-25T19:00:50Z,63,P2,36702,37110,408,0.0408,gain,victim,P1-C1,12,Ryu,258,5C,0,P2-C1,1,Ken the Eagle,0,,,1.0,False,0x40400001,0x00000000,0x00000000,0,0,,,,,,none,0,1178,positive delta had no recent attributable attack packet
2026-07-25T19:00:50Z,67,P2,37110,37464,354,0.0354,gain,victim,P1-C1,12,Ryu,261,2C,0,P2-C1,1,Ken the Eagle,0,,,1.0,False,0x40400010,0x00000000,0x00000000,0,0,,,,,,none,0,1026,positive delta had no recent attributable attack packet
2026-07-25T19:00:51Z,71,P2,37464,37744,280,0.028,gain,victim,P1-C1,12,Ryu,262,6C,0,P2-C1,1,Ken the Eagle,0,,,1.0,False,0x40400001,0x00000000,0x00000000,0,0,,,,,,none,0,812,positive delta had no recent attributable attack packet
2026-07-25T19:00:51Z,75,P2,37744,37953,209,0.0209,gain,victim,P1-C1,12,Ryu,309,Tatsu H,0,P2-C1,1,Ken the Eagle,0,,,1.0,False,0x01C00200,0x00000000,0x00000000,0,0,,,,,,none,0,606,positive delta had no recent attributable attack packet
2026-07-25T19:00:51Z,79,P2,37953,38162,209,0.0209,gain,victim,P1-C1,12,Ryu,309,Tatsu H,0,P2-C1,1,Ken the Eagle,0,,,1.0,False,0x01C00200,0x00000000,0x00000000,0,0,,,,,,none,0,607,positive delta had no recent attributable attack packet
2026-07-25T19:00:52Z,83,P2,38162,38372,210,0.021,gain,victim,P1-C1,12,Ryu,309,Tatsu H,0,P2-C1,1,Ken the Eagle,0,,,1.0,False,0x01C00200,0x00000000,0x00000000,0,0,,,,,,none,0,608,positive delta had no recent attributable attack packet
2026-07-25T19:00:52Z,86,P2,38372,38582,210,0.021,gain,unknown,P2-C1,1,Ken the Eagle,80,Hard Knockdown,0,,0,,0,,,1.0,False,0x00005200,0x00000000,0x00000000,0,0,,,,,,none,0,0,positive delta had no recent attributable attack packet
2026-07-25T19:00:52Z,90,P2,38582,38632,50,0.005,gain,victim,P1-C1,12,Ryu,256,5A,0,P2-C1,1,Ken the Eagle,0,,,1.0,False,0x40400001,0x00000000,0x00000000,0,0,,,,,,none,0,296,positive delta had no recent attributable attack packet
2026-07-25T19:00:53Z,92,P2,38632,38682,50,0.005,gain,unknown,P2-C1,1,Ken the Eagle,91,Soft Knockdown,0,,0,,0,,,1.0,False,0x00005200,0x00000000,0x00000000,0,0,,,,,,none,0,0,positive delta had no recent attributable attack packet
2026-07-25T19:00:53Z,94,P2,38682,38775,93,0.0093,gain,victim,P1-C1,12,Ryu,257,5B,0,P2-C1,1,Ken the Eagle,0,,,1.0,False,0x40400001,0x00000000,0x00000000,0,0,,,,,,none,0,532,positive delta had no recent attributable attack packet
2026-07-25T19:00:56Z,124,P2,38775,39051,276,0.0276,gain,victim,P1-C1,12,Ryu,256,5A,0,P2-C1,1,Ken the Eagle,0,,,1.0,False,0x40400001,0x00000000,0x00000000,0,0,,,,,,none,0,800,positive delta had no recent attributable attack packet
2026-07-25T19:00:56Z,126,P2,39051,39525,474,0.0474,gain,victim,P1-C1,12,Ryu,257,5B,0,P2-C1,1,Ken the Eagle,0,,,1.0,False,0x40400001,0x00000000,0x00000000,0,0,,,,,,none,0,1368,positive delta had no recent attributable attack packet
2026-07-25T19:00:56Z,128,P2,39525,39948,423,0.0423,gain,victim,P1-C1,12,Ryu,260,2B,0,P2-C1,1,Ken the Eagle,0,,,1.0,False,0x40400001,0x00000000,0x00000000,0,0,,,,,,none,0,1224,positive delta had no recent attributable attack packet
2026-07-25T19:00:57Z,131,P2,39948,40678,730,0.073,gain,victim,P1-C1,12,Ryu,262,6C,0,P2-C1,1,Ken the Eagle,0,,,1.0,False,0x40400001,0x00000000,0x00000000,0,0,,,,,,none,0,2108,positive delta had no recent attributable attack packet
2026-07-25T19:00:57Z,135,P2,40678,41277,599,0.0599,gain,victim,P1-C1,12,Ryu,262,6C,0,P2-C1,1,Ken the Eagle,0,,,1.0,False,0x40400001,0x00000000,0x00000000,0,0,,,,,,none,0,1727,positive delta had no recent attributable attack packet
2026-07-25T19:00:58Z,140,P2,41277,42005,728,0.0728,gain,victim,P1-C1,12,Ryu,1,idle,0,P2-C1,1,Ken the Eagle,2800,0x0000000C,0x00040102,1.0,False,0x00000010,0x00000000,0x00000000,0,0,249,186,241,487,False,high,0,2099,
2026-07-25T19:00:58Z,145,P2,42005,42296,291,0.0291,gain,victim,P1-C1,12,Ryu,1,idle,0,P2-C1,1,Ken the Eagle,2800,0x0000000C,0x00040102,1.0,False,0x01C00200,0x00000000,0x00000000,0,0,249,186,241,50,False,high,0,1632,attack packet retained from 5 frame(s) earlier
2026-07-25T19:00:59Z,148,P2,42296,42572,276,0.0276,gain,unknown,P2-C1,1,Ken the Eagle,64,Standing Hitstun,0,,0,,0,,,1.0,False,0x00001001,0x00000000,0x00000000,0,0,,,,,,none,0,0,positive delta had no recent attributable attack packet
2026-07-25T19:00:59Z,152,P2,42572,42833,261,0.0261,gain,victim,P1-C1,12,Ryu,325,Air Tatsu H,0,P2-C1,1,Ken the Eagle,0,,,1.0,False,0x01C00200,0x00000000,0x00000000,0,0,,,,,,none,0,1469,positive delta had no recent attributable attack packet
2026-07-25T19:01:00Z,156,P2,42833,43079,246,0.0246,gain,victim,P1-C1,12,Ryu,325,Air Tatsu H,0,P2-C1,1,Ken the Eagle,0,,,1.0,False,0x01400200,0x00000000,0x00000000,0,0,,,,,,none,0,1388,positive delta had no recent attributable attack packet
2026-07-25T19:01:00Z,159,P2,43079,43188,109,0.0109,gain,victim,P1-C1,12,Ryu,256,5A,0,P2-C1,1,Ken the Eagle,0,,,1.0,False,0x40400001,0x00000000,0x00000000,0,0,,,,,,none,0,621,positive delta had no recent attributable attack packet
2026-07-25T19:01:00Z,160,P2,43188,43290,102,0.0102,gain,unknown,P2-C1,1,Ken the Eagle,64,Standing Hitstun,0,,0,,0,,,1.0,False,0x00001001,0x00000000,0x00000000,0,0,,,,,,none,0,0,positive delta had no recent attributable attack packet
2026-07-25T19:01:00Z,162,P2,43290,43464,174,0.0174,gain,victim,P1-C1,12,Ryu,257,5B,0,P2-C1,1,Ken the Eagle,0,,,1.0,False,0x40400001,0x00000000,0x00000000,0,0,,,,,,none,0,978,positive delta had no recent attributable attack packet
2026-07-25T19:01:01Z,164,P2,43464,43616,152,0.0152,gain,victim,P1-C1,12,Ryu,260,2B,0,P2-C1,1,Ken the Eagle,0,,,1.0,False,0x40400010,0x00000000,0x00000000,0,0,,,,,,none,0,858,positive delta had no recent attributable attack packet
2026-07-25T19:01:01Z,167,P2,43616,43873,257,0.0257,gain,victim,P1-C1,12,Ryu,258,5C,0,P2-C1,1,Ken the Eagle,0,,,1.0,False,0x40400001,0x00000000,0x00000000,0,0,,,,,,none,0,1445,positive delta had no recent attributable attack packet
2026-07-25T19:01:01Z,170,P2,43873,44100,227,0.0227,gain,unknown,P2-C1,1,Ken the Eagle,64,Standing Hitstun,0,,0,,0,,,1.0,False,0x00001001,0x00000000,0x00000000,0,0,,,,,,none,0,0,positive delta had no recent attributable attack packet
2026-07-25T19:01:02Z,174,P2,44100,44291,191,0.0191,gain,victim,P1-C1,12,Ryu,262,6C,0,P2-C1,1,Ken the Eagle,0,,,1.0,False,0x40400001,0x00000000,0x00000000,0,0,,,,,,none,0,1076,positive delta had no recent attributable attack packet
2026-07-25T19:01:04Z,199,P2,44291,45180,889,0.0889,gain,victim,P1-C1,12,Ryu,267,j.C,0,P2-C1,1,Ken the Eagle,0,,,1.0,False,0x00400702,0x00000000,0x00000000,0,0,,,,,,none,0,2560,positive delta had no recent attributable attack packet
2026-07-25T19:01:05Z,205,P2,45180,45762,582,0.0582,gain,victim,P1-C1,12,Ryu,325,Air Tatsu H,0,P2-C1,1,Ken the Eagle,0,,,1.0,False,0x01C00200,0x00000000,0x00000000,0,0,,,,,,none,0,1680,positive delta had no recent attributable attack packet
2026-07-25T19:01:05Z,207,P2,45762,46315,553,0.0553,gain,victim,P1-C1,12,Ryu,325,Air Tatsu H,0,P2-C1,1,Ken the Eagle,0,,,1.0,False,0x01400200,0x00000000,0x00000000,0,0,,,,,,none,0,1596,positive delta had no recent attributable attack packet
2026-07-25T19:01:12Z,282,P2,46315,46814,499,0.0499,gain,victim,P1-C1,12,Ryu,257,5B,0,P2-C1,1,Ken the Eagle,0,,,1.0,False,0x40400001,0x00000000,0x00000000,0,0,,,,,,none,0,1440,positive delta had no recent attributable attack packet
2026-07-25T19:01:13Z,283,P2,46814,47630,816,0.0816,gain,unknown,P2-C1,1,Ken the Eagle,64,Standing Hitstun,0,,0,,0,,,1.0,False,0x00001001,0x00000000,0x00000000,0,0,,,,,,none,0,0,positive delta had no recent attributable attack packet
2026-07-25T19:01:32Z,461,P2,47630,48490,860,0.086,gain,unknown,P2-C1,1,Ken the Eagle,1,idle,0,,0,,0,,,1.0,False,0x00000001,0x00000000,0x00000000,0,0,,,,,,none,0,0,positive delta had no recent attributable attack packet
2026-07-25T19:01:38Z,523,P2,48490,48989,499,0.0499,gain,victim,P1-C1,12,Ryu,257,5B,0,P2-C1,1,Ken the Eagle,0,,,1.0,False,0x40400001,0x00000000,0x00000000,0,0,,,,,,none,0,1440,positive delta had no recent attributable attack packet
2026-07-25T19:01:45Z,583,P2,48989,49737,748,0.0748,gain,victim,P1-C1,12,Ryu,262,6C,0,P2-C1,1,Ken the Eagle,0,,,1.0,False,0x40400001,0x00000000,0x00000000,0,0,,,,,,none,0,2160,positive delta had no recent attributable attack packet
2026-07-25T19:07:49Z,53,P2,49737,50000,263,0.0263,gain,unknown,P2-C1,1,Ken the Eagle,1,idle,0,,0,,0,,,1.0,False,0x00000001,0x00000000,0x00000000,0,0,,,,,,none,0,0,positive delta had no recent attributable attack packet
2026-07-25T19:07:57Z,119,P1,50000,40000,-10000,-1.0,spend_or_drain,spend_or_drain,P1-C1,12,Ryu,352,Shinkuu,0,,0,,0,,,1.0,False,0x42400001,0x00000000,0x00000000,0,0,,,,,,none,0,0,negative delta is a meter spend or scripted drain
2026-07-25T19:08:04Z,187,P1,40000,41380,1380,0.138,gain,attacker,P1-C1,12,Ryu,267,j.C,0,P2-C1,1,Ken the Eagle,0,,,1.0,False,0x80400702,0x00000000,0x00000000,0,0,,,,,,none,0,2560,positive delta had no recent attributable attack packet
2026-07-25T19:08:04Z,188,P1,41380,41731,351,0.0351,gain,unknown,P1-C1,12,Ryu,256,5A,0,,0,,0,,,1.0,False,0x40400001,0x00000000,0x00000000,0,0,,,,,,none,0,0,positive delta had no recent attributable attack packet
2026-07-25T19:08:04Z,190,P1,41731,42460,729,0.0729,gain,attacker,P1-C1,12,Ryu,257,5B,0,P2-C1,1,Ken the Eagle,0,,,1.0,False,0x40400001,0x00000000,0x00000000,0,0,,,,,,none,0,1296,positive delta had no recent attributable attack packet
2026-07-25T19:08:05Z,192,P1,42460,43124,664,0.0664,gain,attacker,P1-C1,12,Ryu,258,5C,0,P2-C1,1,Ken the Eagle,0,,,1.0,False,0x40400001,0x00000000,0x00000000,0,0,,,,,,none,0,1156,positive delta had no recent attributable attack packet
2026-07-25T19:08:05Z,193,P1,43124,43319,195,0.0195,gain,unknown,P1-C1,12,Ryu,258,5C,0,,0,,0,,,1.0,False,0x40400001,0x00000000,0x00000000,0,0,,,,,,none,0,0,positive delta had no recent attributable attack packet
2026-07-25T19:08:05Z,194,P1,43319,44236,917,0.0917,gain,attacker,P1-C1,12,Ryu,258,5C,0,P2-C1,1,Ken the Eagle,0,,,1.0,False,0x40400001,0x00000000,0x00000000,0,0,,,,,,none,0,1983,positive delta had no recent attributable attack packet
2026-07-25T19:08:05Z,196,P1,44236,44431,195,0.0195,gain,unknown,P1-C1,12,Ryu,262,6C,0,,0,,0,,,1.0,False,0x40400001,0x00000000,0x00000000,0,0,,,,,,none,0,0,positive delta had no recent attributable attack packet
2026-07-25T19:08:06Z,197,P1,44431,45179,748,0.0748,gain,attacker,P1-C1,12,Ryu,305,Hado M,0,P2-C1,1,Ken the Eagle,0,,,1.0,False,0x41400001,0x00000000,0x00000000,0,0,,,,,,none,0,1619,positive delta had no recent attributable attack packet
2026-07-25T19:08:06Z,198,P1,45179,45439,260,0.026,gain,unknown,P1-C1,12,Ryu,305,Hado M,0,,0,,0,,,1.0,False,0x41400001,0x00000000,0x00000000,0,0,,,,,,none,0,0,positive delta had no recent attributable attack packet
2026-07-25T19:08:06Z,201,P1,45439,46345,906,0.0906,gain,attacker,P1-C1,12,Ryu,1,idle,0,P2-C1,1,Ken the Eagle,2800,0x0000000C,0x00040102,1.0,False,0x00000010,0x00000000,0x00000000,0,0,249,249,323,583,False,high,0,1959,
2026-07-25T19:08:07Z,204,P1,46345,46605,260,0.026,gain,unknown,P1-C1,12,Ryu,1,idle,0,P2-C1,1,Ken the Eagle,2800,0x0000000C,0x00040102,1.0,False,0x01C00200,0x00000000,0x00000000,0,0,,,,,,none,0,0,positive delta had no recent attributable attack packet
2026-07-25T19:08:07Z,205,P1,46605,46993,388,0.0388,gain,attacker,P1-C1,12,Ryu,1,idle,0,P2-C1,1,Ken the Eagle,2800,0x0000000C,0x00040102,1.0,False,0x01C00200,0x00000000,0x00000000,0,0,249,249,323,65,False,high,0,1632,attack packet retained from 4 frame(s) earlier
2026-07-25T19:08:07Z,208,P1,46993,47362,369,0.0369,gain,unknown,P1-C1,12,Ryu,1,idle,0,P2-C1,1,Ken the Eagle,2800,0x0000000C,0x00040102,1.0,False,0x01C00200,0x00000000,0x00000000,0,0,,,,,,none,0,0,positive delta had no recent attributable attack packet
2026-07-25T19:08:07Z,211,P1,47362,47711,349,0.0349,gain,attacker,P1-C1,12,Ryu,325,Air Tatsu H,0,P2-C1,1,Ken the Eagle,0,,,1.0,False,0x01C00200,0x00000000,0x00000000,0,0,,,,,,none,0,1469,positive delta had no recent attributable attack packet
2026-07-25T19:08:08Z,214,P1,47711,48041,330,0.033,gain,attacker,P1-C1,12,Ryu,325,Air Tatsu H,0,P2-C1,1,Ken the Eagle,0,,,1.0,False,0x01400200,0x00000000,0x00000000,0,0,,,,,,none,0,1388,positive delta had no recent attributable attack packet
2026-07-25T19:08:08Z,216,P1,48041,48187,146,0.0146,gain,unknown,P1-C1,12,Ryu,256,5A,0,,0,,0,,,1.0,False,0x40400001,0x00000000,0x00000000,0,0,,,,,,none,0,0,positive delta had no recent attributable attack packet
2026-07-25T19:08:08Z,217,P1,48187,48389,202,0.0202,gain,attacker,P1-C1,12,Ryu,256,5A,0,P2-C1,1,Ken the Eagle,0,,,1.0,False,0x40400001,0x00000000,0x00000000,0,0,,,,,,none,0,621,positive delta had no recent attributable attack packet
2026-07-25T19:08:09Z,219,P1,48389,48519,130,0.013,gain,unknown,P1-C1,12,Ryu,257,5B,0,,0,,0,,,1.0,False,0x40400001,0x00000000,0x00000000,0,0,,,,,,none,0,0,positive delta had no recent attributable attack packet
2026-07-25T19:08:09Z,220,P1,48519,48751,232,0.0232,gain,attacker,P1-C1,12,Ryu,257,5B,0,P2-C1,1,Ken the Eagle,0,,,1.0,False,0x40400001,0x00000000,0x00000000,0,0,,,,,,none,0,978,positive delta had no recent attributable attack packet
2026-07-25T19:08:09Z,221,P1,48751,49085,334,0.0334,gain,unknown,P1-C1,12,Ryu,260,2B,0,,0,,0,,,1.0,False,0x40400010,0x00000000,0x00000000,0,0,,,,,,none,0,0,positive delta had no recent attributable attack packet
2026-07-25T19:08:09Z,222,P1,49085,49280,195,0.0195,gain,attacker,P1-C1,12,Ryu,258,5C,0,P2-C1,1,Ken the Eagle,0,,,1.0,False,0x40400001,0x00000000,0x00000000,0,0,,,,,,none,0,858,positive delta had no recent attributable attack packet
2026-07-25T19:08:09Z,224,P1,49280,49623,343,0.0343,gain,attacker,P1-C1,12,Ryu,258,5C,0,P2-C1,1,Ken the Eagle,0,,,1.0,False,0x40400001,0x00000000,0x00000000,0,0,,,,,,none,0,1445,positive delta had no recent attributable attack packet
2026-07-25T19:08:10Z,226,P1,49623,50000,377,0.0377,gain,attacker,P1-C1,12,Ryu,261,2C,0,P2-C1,1,Ken the Eagle,0,,,1.0,False,0x40400010,0x00000000,0x00000000,0,0,,,,,,none,0,1282,positive delta had no recent attributable attack packet
2026-07-25T19:08:22Z,331,P1,50000,40000,-10000,-1.0,spend_or_drain,spend_or_drain,P1-C1,12,Ryu,353,Tatsu Super,0,,0,,0,,,1.0,False,0x02400001,0x00000000,0x00000000,0,0,,,,,,none,0,0,negative delta is a meter spend or scripted drain
2026-07-25T19:08:22Z,332,P1,40000,30000,-10000,-1.0,spend_or_drain,spend_or_drain,P1-C1,12,Ryu,353,Tatsu Super,0,,0,,0,,,1.0,False,0x02400001,0x00000000,0x00000000,0,0,,,,,,none,0,0,negative delta is a meter spend or scripted drain
2026-07-25T19:08:22Z,333,P1,30000,20000,-10000,-1.0,spend_or_drain,spend_or_drain,P1-C1,12,Ryu,353,Tatsu Super,0,,0,,0,,,1.0,False,0x02400001,0x00000000,0x00000000,0,0,,,,,,none,0,0,negative delta is a meter spend or scripted drain
2026-07-25T19:08:30Z,403,P1,20000,20370,370,0.037,gain,attacker,P1-C1,12,Ryu,256,5A,0,P2-C1,1,Ken the Eagle,0,,,1.0,False,0x40400001,0x00000000,0x00000000,0,0,,,,,,none,0,800,positive delta had no recent attributable attack packet
2026-07-25T19:08:30Z,404,P1,20370,21198,828,0.0828,gain,attacker,P1-C1,12,Ryu,257,5B,0,P2-C1,1,Ken the Eagle,0,,,1.0,False,0x40400001,0x00000000,0x00000000,0,0,,,,,,none,0,1368,positive delta had no recent attributable attack packet
2026-07-25T19:08:30Z,405,P1,21198,21893,695,0.0695,gain,unknown,P1-C1,12,Ryu,260,2B,0,,0,,0,,,1.0,False,0x40400010,0x00000000,0x00000000,0,0,,,,,,none,0,0,positive delta had no recent attributable attack packet
2026-07-25T19:08:31Z,407,P1,21893,22088,195,0.0195,gain,unknown,P1-C1,12,Ryu,258,5C,0,,0,,0,,,1.0,False,0x40400001,0x00000000,0x00000000,0,0,,,,,,none,0,0,positive delta had no recent attributable attack packet
2026-07-25T19:08:31Z,408,P1,22088,23062,974,0.0974,gain,attacker,P1-C1,12,Ryu,258,5C,0,P2-C1,1,Ken the Eagle,0,,,1.0,False,0x40400001,0x00000000,0x00000000,0,0,,,,,,none,0,2108,positive delta had no recent attributable attack packet
2026-07-25T19:08:31Z,409,P1,23062,23257,195,0.0195,gain,unknown,P1-C1,12,Ryu,261,2C,0,,0,,0,,,1.0,False,0x40400010,0x00000000,0x00000000,0,0,,,,,,none,0,0,positive delta had no recent attributable attack packet
2026-07-25T19:08:31Z,410,P1,23257,24144,887,0.0887,gain,attacker,P1-C1,12,Ryu,261,2C,0,P2-C1,1,Ken the Eagle,0,,,1.0,False,0x40400010,0x00000000,0x00000000,0,0,,,,,,none,0,1919,positive delta had no recent attributable attack packet
2026-07-25T19:08:31Z,412,P1,24144,24339,195,0.0195,gain,unknown,P1-C1,12,Ryu,262,6C,0,,0,,0,,,1.0,False,0x40400001,0x00000000,0x00000000,0,0,,,,,,none,0,0,positive delta had no recent attributable attack packet
2026-07-25T19:08:32Z,414,P1,24339,25107,768,0.0768,gain,attacker,P1-C1,12,Ryu,262,6C,0,P2-C1,1,Ken the Eagle,0,,,1.0,False,0x40400001,0x00000000,0x00000000,0,0,,,,,,none,0,1663,positive delta had no recent attributable attack packet
2026-07-25T19:08:32Z,415,P1,25107,25367,260,0.026,gain,unknown,P1-C1,12,Ryu,315,Donkey H,0,,0,,0,,,1.0,False,0x41400001,0x00000000,0x00000000,0,0,,,,,,none,0,0,positive delta had no recent attributable attack packet
2026-07-25T19:08:32Z,417,P1,25367,26278,911,0.0911,gain,unknown,P1-C1,12,Ryu,315,Donkey H,0,,0,,0,,,1.0,False,0x41400001,0x00000000,0x00000000,0,0,,,,,,none,0,0,positive delta had no recent attributable attack packet
2026-07-25T19:08:33Z,425,P1,26278,26528,250,0.025,gain,unknown,P1-C1,12,Ryu,256,5A,0,,0,,0,,,1.0,False,0x40400001,0x00000000,0x00000000,0,0,,,,,,none,0,0,positive delta had no recent attributable attack packet
2026-07-25T19:08:33Z,426,P1,26528,26593,65,0.0065,gain,attacker,P1-C1,12,Ryu,256,5A,0,P2-C1,1,Ken the Eagle,0,,,1.0,False,0x40400001,0x00000000,0x00000000,0,0,,,,,,none,0,544,positive delta had no recent attributable attack packet
2026-07-25T19:08:33Z,427,P1,26593,26956,363,0.0363,gain,attacker,P1-C1,12,Ryu,257,5B,0,P2-C1,1,Ken the Eagle,0,,,1.0,False,0x40400001,0x00000000,0x00000000,0,0,,,,,,none,0,507,positive delta had no recent attributable attack packet
2026-07-25T19:08:34Z,428,P1,26956,27344,388,0.0388,gain,attacker,P1-C1,12,Ryu,257,5B,0,P2-C1,1,Ken the Eagle,0,,,1.0,False,0x40400001,0x00000000,0x00000000,0,0,,,,,,none,0,839,positive delta had no recent attributable attack packet
2026-07-25T19:08:34Z,431,P1,27344,27804,460,0.046,gain,unknown,P1-C1,12,Ryu,260,2B,0,,0,,0,,,1.0,False,0x40400010,0x00000000,0x00000000,0,0,,,,,,none,0,0,positive delta had no recent attributable attack packet
2026-07-25T19:08:34Z,433,P1,27804,28543,739,0.0739,gain,unknown,P1-C1,12,Ryu,258,5C,0,,0,,0,,,1.0,False,0x40400001,0x00000000,0x00000000,0,0,,,,,,none,0,0,positive delta had no recent attributable attack packet
2026-07-25T19:08:35Z,436,P1,28543,28738,195,0.0195,gain,unknown,P1-C1,12,Ryu,261,2C,0,,0,,0,,,1.0,False,0x40400010,0x00000000,0x00000000,0,0,,,,,,none,0,0,positive delta had no recent attributable attack packet
2026-07-25T19:08:35Z,437,P1,28738,29212,474,0.0474,gain,attacker,P1-C1,12,Ryu,261,2C,0,P2-C1,1,Ken the Eagle,0,,,1.0,False,0x40400010,0x00000000,0x00000000,0,0,,,,,,none,0,1026,positive delta had no recent attributable attack packet
2026-07-25T19:08:35Z,439,P1,29212,29407,195,0.0195,gain,unknown,P1-C1,12,Ryu,262,6C,0,,0,,0,,,1.0,False,0x40400001,0x00000000,0x00000000,0,0,,,,,,none,0,0,positive delta had no recent attributable attack packet
2026-07-25T19:08:35Z,440,P1,29407,29781,374,0.0374,gain,attacker,P1-C1,12,Ryu,262,6C,0,P2-C1,1,Ken the Eagle,0,,,1.0,False,0x01400001,0x00000000,0x00000000,0,0,,,,,,none,0,812,positive delta had no recent attributable attack packet
2026-07-25T19:08:36Z,441,P1,29781,30041,260,0.026,gain,unknown,P1-C1,12,Ryu,309,Tatsu H,0,,0,,0,,,1.0,False,0x01400001,0x00000000,0x00000000,0,0,,,,,,none,0,0,positive delta had no recent attributable attack packet
2026-07-25T19:08:36Z,443,P1,30041,30320,279,0.0279,gain,attacker,P1-C1,12,Ryu,309,Tatsu H,0,P2-C1,1,Ken the Eagle,0,,,1.0,False,0x01C00200,0x00000000,0x00000000,0,0,,,,,,none,0,606,positive delta had no recent attributable attack packet
2026-07-25T19:08:36Z,446,P1,30320,30599,279,0.0279,gain,attacker,P1-C1,12,Ryu,309,Tatsu H,0,P2-C1,1,Ken the Eagle,0,,,1.0,False,0x01C00200,0x00000000,0x00000000,0,0,,,,,,none,0,607,positive delta had no recent attributable attack packet
2026-07-25T19:08:37Z,450,P1,30599,30879,280,0.028,gain,attacker,P1-C1,12,Ryu,309,Tatsu H,0,P2-C1,1,Ken the Eagle,0,,,1.0,False,0x01C00200,0x00000000,0x00000000,0,0,,,,,,none,0,608,positive delta had no recent attributable attack packet
2026-07-25T19:08:37Z,452,P1,30879,31159,280,0.028,gain,attacker,P1-C1,12,Ryu,162,Baroque cancel,0,P2-C1,1,Ken the Eagle,0,,,1.0,False,0x00000001,0x00000000,0x00000000,0,0,,,,,,none,0,609,positive delta had no recent attributable attack packet
2026-07-25T19:08:37Z,455,P1,31159,31227,68,0.0068,gain,unknown,P1-C1,12,Ryu,256,5A,0,,0,,0,,,1.0,False,0x40400001,0x00000000,0x00000000,0,0,,,,,,none,0,0,positive delta had no recent attributable attack packet
2026-07-25T19:08:38Z,457,P1,31227,31425,198,0.0198,gain,attacker,P1-C1,12,Ryu,256,5A,0,P2-C1,1,Ken the Eagle,0,,,1.0,False,0x40400001,0x00000000,0x00000000,0,0,,,,,,none,0,295,positive delta had no recent attributable attack packet
2026-07-25T19:08:38Z,458,P1,31425,31679,254,0.0254,gain,attacker,P1-C1,12,Ryu,257,5B,0,P2-C1,1,Ken the Eagle,0,,,1.0,False,0x40400001,0x00000000,0x00000000,0,0,,,,,,none,0,532,positive delta had no recent attributable attack packet
2026-07-25T19:08:38Z,461,P1,31679,31924,245,0.0245,gain,unknown,P1-C1,12,Ryu,260,2B,0,,0,,0,,,1.0,False,0x40400010,0x00000000,0x00000000,0,0,,,,,,none,0,0,positive delta had no recent attributable attack packet
2026-07-25T19:08:38Z,462,P1,31924,32119,195,0.0195,gain,attacker,P1-C1,12,Ryu,258,5C,0,P2-C1,1,Ken the Eagle,0,,,1.0,False,0x40400001,0x00000000,0x00000000,0,0,,,,,,none,0,492,positive delta had no recent attributable attack packet
2026-07-25T19:08:39Z,463,P1,32119,32330,211,0.0211,gain,attacker,P1-C1,12,Ryu,258,5C,0,P2-C1,1,Ken the Eagle,0,,,1.0,False,0x40400001,0x00000000,0x00000000,0,0,,,,,,none,0,897,positive delta had no recent attributable attack packet
2026-07-25T19:08:39Z,466,P1,32330,32525,195,0.0195,gain,unknown,P1-C1,12,Ryu,261,2C,0,,0,,0,,,1.0,False,0x40400010,0x00000000,0x00000000,0,0,,,,,,none,0,0,positive delta had no recent attributable attack packet
2026-07-25T19:08:42Z,493,P1,32525,32720,195,0.0195,gain,unknown,P1-C1,12,Ryu,267,j.C,0,,0,,0,,,1.0,False,0x80400702,0x00000000,0x00000000,0,0,,,,,,none,0,0,positive delta had no recent attributable attack packet
2026-07-25T19:08:42Z,494,P1,32720,33905,1185,0.1185,gain,attacker,P1-C1,12,Ryu,267,j.C,0,P2-C1,1,Ken the Eagle,0,,,1.0,False,0x80400702,0x00000000,0x00000000,0,0,,,,,,none,0,2560,positive delta had no recent attributable attack packet
2026-07-25T19:08:42Z,496,P1,33905,34256,351,0.0351,gain,unknown,P1-C1,12,Ryu,30,landing,0,,0,,0,,,1.0,False,0x40400001,0x00000000,0x00000000,0,0,,,,,,none,0,0,positive delta had no recent attributable attack packet
2026-07-25T19:08:43Z,498,P1,34256,34985,729,0.0729,gain,attacker,P1-C1,12,Ryu,257,5B,0,P2-C1,1,Ken the Eagle,0,,,1.0,False,0x40400001,0x00000000,0x00000000,0,0,,,,,,none,0,1296,positive delta had no recent attributable attack packet
2026-07-25T19:08:43Z,499,P1,34985,35115,130,0.013,gain,unknown,P1-C1,12,Ryu,260,2B,0,,0,,0,,,1.0,False,0x40400010,0x00000000,0x00000000,0,0,,,,,,none,0,0,positive delta had no recent attributable attack packet
2026-07-25T19:08:43Z,500,P1,35115,35649,534,0.0534,gain,attacker,P1-C1,12,Ryu,258,5C,0,P2-C1,1,Ken the Eagle,0,,,1.0,False,0x40400001,0x00000000,0x00000000,0,0,,,,,,none,0,1156,positive delta had no recent attributable attack packet
2026-07-25T19:08:43Z,501,P1,35649,35844,195,0.0195,gain,unknown,P1-C1,12,Ryu,258,5C,0,,0,,0,,,1.0,False,0x40400001,0x00000000,0x00000000,0,0,,,,,,none,0,0,positive delta had no recent attributable attack packet
2026-07-25T19:08:43Z,502,P1,35844,36761,917,0.0917,gain,unknown,P1-C1,12,Ryu,258,5C,0,,0,,0,,,1.0,False,0x40400001,0x00000000,0x00000000,0,0,,,,,,none,0,0,positive delta had no recent attributable attack packet
2026-07-25T19:08:44Z,504,P1,36761,36956,195,0.0195,gain,unknown,P1-C1,12,Ryu,261,2C,0,,0,,0,,,1.0,False,0x40400010,0x00000000,0x00000000,0,0,,,,,,none,0,0,positive delta had no recent attributable attack packet
2026-07-25T19:08:44Z,505,P1,36956,37789,833,0.0833,gain,attacker,P1-C1,12,Ryu,262,6C,0,P2-C1,1,Ken the Eagle,0,,,1.0,False,0x40400001,0x00000000,0x00000000,0,0,,,,,,none,0,1799,positive delta had no recent attributable attack packet
2026-07-25T19:08:44Z,507,P1,37789,37984,195,0.0195,gain,unknown,P1-C1,12,Ryu,262,6C,0,,0,,0,,,1.0,False,0x40400001,0x00000000,0x00000000,0,0,,,,,,none,0,0,positive delta had no recent attributable attack packet
2026-07-25T19:08:44Z,508,P1,37984,38701,717,0.0717,gain,unknown,P1-C1,12,Ryu,262,6C,0,,0,,0,,,1.0,False,0x40400001,0x00000000,0x00000000,0,0,,,,,,none,0,0,positive delta had no recent attributable attack packet
2026-07-25T19:08:45Z,510,P1,38701,38961,260,0.026,gain,unknown,P1-C1,12,Ryu,315,Donkey H,0,,0,,0,,,1.0,False,0x41400001,0x00000000,0x00000000,0,0,,,,,,none,0,0,positive delta had no recent attributable attack packet
2026-07-25T19:08:45Z,511,P1,38961,39807,846,0.0846,gain,attacker,P1-C1,12,Ryu,315,Donkey H,0,P2-C1,1,Ken the Eagle,0,,,1.0,False,0x41400001,0x00000000,0x00000000,0,0,,,,,,none,0,1831,positive delta had no recent attributable attack packet
2026-07-25T19:08:46Z,518,P1,39807,40038,231,0.0231,gain,unknown,P1-C1,12,Ryu,256,5A,0,,0,,0,,,1.0,False,0x40400001,0x00000000,0x00000000,0,0,,,,,,none,0,0,positive delta had no recent attributable attack packet
2026-07-25T19:08:46Z,520,P1,40038,40317,279,0.0279,gain,attacker,P1-C1,12,Ryu,256,5A,0,P2-C1,1,Ken the Eagle,0,,,1.0,False,0x40400001,0x00000000,0x00000000,0,0,,,,,,none,0,465,positive delta had no recent attributable attack packet
2026-07-25T19:08:46Z,521,P1,40317,40799,482,0.0482,gain,unknown,P1-C1,12,Ryu,257,5B,0,,0,,0,,,1.0,False,0x40400001,0x00000000,0x00000000,0,0,,,,,,none,0,0,positive delta had no recent attributable attack packet
2026-07-25T19:08:46Z,523,P1,40799,41228,429,0.0429,gain,unknown,P1-C1,12,Ryu,260,2B,0,,0,,0,,,1.0,False,0x40400010,0x00000000,0x00000000,0,0,,,,,,none,0,0,positive delta had no recent attributable attack packet
2026-07-25T19:08:47Z,525,P1,41228,41423,195,0.0195,gain,unknown,P1-C1,12,Ryu,258,5C,0,,0,,0,,,1.0,False,0x40400001,0x00000000,0x00000000,0,0,,,,,,none,0,0,positive delta had no recent attributable attack packet
2026-07-25T19:08:47Z,526,P1,41423,41910,487,0.0487,gain,attacker,P1-C1,12,Ryu,258,5C,0,P2-C1,1,Ken the Eagle,0,,,1.0,False,0x40400001,0x00000000,0x00000000,0,0,,,,,,none,0,1052,positive delta had no recent attributable attack packet
2026-07-25T19:08:47Z,527,P1,41910,42105,195,0.0195,gain,unknown,P1-C1,12,Ryu,261,2C,0,,0,,0,,,1.0,False,0x40400010,0x00000000,0x00000000,0,0,,,,,,none,0,0,positive delta had no recent attributable attack packet
2026-07-25T19:08:47Z,528,P1,42105,42522,417,0.0417,gain,attacker,P1-C1,12,Ryu,261,2C,0,P2-C1,1,Ken the Eagle,0,,,1.0,False,0x40400010,0x00000000,0x00000000,0,0,,,,,,none,0,902,positive delta had no recent attributable attack packet
2026-07-25T19:08:48Z,530,P1,42522,42717,195,0.0195,gain,unknown,P1-C1,12,Ryu,262,6C,0,,0,,0,,,1.0,False,0x40400001,0x00000000,0x00000000,0,0,,,,,,none,0,0,positive delta had no recent attributable attack packet
2026-07-25T19:08:48Z,531,P1,42717,43094,377,0.0377,gain,attacker,P1-C1,12,Ryu,262,6C,0,P2-C1,1,Ken the Eagle,0,,,1.0,False,0x40400001,0x00000000,0x00000000,0,0,,,,,,none,0,815,positive delta had no recent attributable attack packet
2026-07-25T19:08:48Z,533,P1,43094,43354,260,0.026,gain,unknown,P1-C1,12,Ryu,309,Tatsu H,0,,0,,0,,,1.0,False,0x01400001,0x00000000,0x00000000,0,0,,,,,,none,0,0,positive delta had no recent attributable attack packet
2026-07-25T19:08:48Z,535,P1,43354,43634,280,0.028,gain,attacker,P1-C1,12,Ryu,309,Tatsu H,0,P2-C1,1,Ken the Eagle,0,,,1.0,False,0x01C00200,0x00000000,0x00000000,0,0,,,,,,none,0,609,positive delta had no recent attributable attack packet
2026-07-25T19:08:49Z,537,P1,43634,43914,280,0.028,gain,unknown,P1-C1,12,Ryu,309,Tatsu H,0,,0,,0,,,1.0,False,0x01C00200,0x00000000,0x00000000,0,0,,,,,,none,0,0,positive delta had no recent attributable attack packet
2026-07-25T19:08:49Z,541,P1,43914,44196,282,0.0282,gain,attacker,P1-C1,12,Ryu,309,Tatsu H,0,P2-C1,1,Ken the Eagle,0,,,1.0,False,0x01C00200,0x00000000,0x00000000,0,0,,,,,,none,0,611,positive delta had no recent attributable attack packet
2026-07-25T19:08:49Z,544,P1,44196,44478,282,0.0282,gain,attacker,P1-C1,12,Ryu,309,Tatsu H,0,P2-C1,1,Ken the Eagle,0,,,1.0,False,0x01400001,0x00000000,0x00000000,0,0,,,,,,none,0,612,positive delta had no recent attributable attack packet
2026-07-25T19:08:50Z,548,P1,44478,44611,133,0.0133,gain,attacker,P1-C1,12,Ryu,256,5A,0,P2-C1,1,Ken the Eagle,0,,,1.0,False,0x40400001,0x00000000,0x00000000,0,0,,,,,,none,0,297,positive delta had no recent attributable attack packet
2026-07-25T19:08:50Z,549,P1,44611,44679,68,0.0068,gain,unknown,P1-C1,12,Ryu,256,5A,0,,0,,0,,,1.0,False,0x40400001,0x00000000,0x00000000,0,0,,,,,,none,0,0,positive delta had no recent attributable attack packet
2026-07-25T19:08:50Z,550,P1,44679,45000,321,0.0321,gain,attacker,P1-C1,12,Ryu,257,5B,0,P2-C1,1,Ken the Eagle,0,,,1.0,False,0x40400001,0x00000000,0x00000000,0,0,,,,,,none,0,297,positive delta had no recent attributable attack packet
2026-07-25T19:08:51Z,553,P1,45000,45130,130,0.013,gain,unknown,P1-C1,12,Ryu,260,2B,0,,0,,0,,,1.0,False,0x40400010,0x00000000,0x00000000,0,0,,,,,,none,0,0,positive delta had no recent attributable attack packet
2026-07-25T19:08:52Z,565,P1,45130,45325,195,0.0195,gain,unknown,P1-C1,12,Ryu,30,landing,0,,0,,0,,,1.0,False,0x00000003,0x00000000,0x00000000,0,0,,,,,,none,0,0,positive delta had no recent attributable attack packet
2026-07-25T19:08:53Z,572,P1,45325,45585,260,0.026,gain,unknown,P1-C1,12,Ryu,309,Tatsu H,0,,0,,0,,,1.0,False,0x01400001,0x00000000,0x00000000,0,0,,,,,,none,0,0,positive delta had no recent attributable attack packet
2026-07-25T19:08:53Z,574,P1,45585,46326,741,0.0741,gain,attacker,P1-C1,12,Ryu,309,Tatsu H,0,P2-C1,1,Ken the Eagle,0,,,1.0,False,0x01C00200,0x00000000,0x00000000,0,0,,,,,,none,0,1600,positive delta had no recent attributable attack packet
2026-07-25T19:08:54Z,577,P1,46326,47070,744,0.0744,gain,attacker,P1-C1,12,Ryu,309,Tatsu H,0,P2-C1,1,Ken the Eagle,0,,,1.0,False,0x01C00200,0x00000000,0x00000000,0,0,,,,,,none,0,1610,positive delta had no recent attributable attack packet
2026-07-25T19:08:54Z,580,P1,47070,47777,707,0.0707,gain,attacker,P1-C1,12,Ryu,309,Tatsu H,0,P2-C1,1,Ken the Eagle,0,,,1.0,False,0x01C00200,0x00000000,0x00000000,0,0,,,,,,none,0,1528,positive delta had no recent attributable attack packet
2026-07-25T19:08:54Z,583,P1,47777,48445,668,0.0668,gain,unknown,P1-C1,12,Ryu,309,Tatsu H,0,,0,,0,,,1.0,False,0x01C00200,0x00000000,0x00000000,0,0,,,,,,none,0,0,positive delta had no recent attributable attack packet
2026-07-25T19:08:58Z,620,P1,48445,103648,55203,5.5203,gain,unknown,,0,,0,,0,,0,,0,,,1.0,False,0x00000000,0x00000000,0x00000000,1,0,,,,,,none,0,0,positive delta had no recent attributable attack packet
2026-07-25T19:09:19Z,1287,P1,103648,0,-103648,-10.3648,spend_or_drain,spend_or_drain,,0,,0,,0,,0,,0,,,1.0,False,0x00000000,0x00000000,0x00000000,1,0,,,,,,none,0,0,negative delta is a meter spend or scripted drain
2026-07-25T19:09:19Z,1289,P1,0,10000,10000,1.0,gain,unknown,P1-C1,16,Alex,4294967295,Loading,0,,0,,0,,,1.0,False,0x00000000,0x00000000,0x00000000,0,0,,,,,,none,0,0,positive delta had no recent attributable attack packet
2026-07-25T19:09:19Z,1297,P2,50000,10000,-40000,-4.0,spend_or_drain,spend_or_drain,P2-C1,19,Roll,4294967295,Loading,0,,0,,0,,,1.0,False,0x00000000,0x00000000,0x00000000,0,0,,,,,,none,0,0,negative delta is a meter spend or scripted drain
2026-07-25T19:09:30Z,1329,P1,10000,11731,1731,0.1731,gain,unknown,P1-C1,16,Alex,2,Forward,0,,0,,0,,,1.0,False,0x40400010,0x00000000,0x00000000,0,0,,,,,,none,0,0,positive delta had no recent attributable attack packet
2026-07-25T19:09:30Z,1329,P2,10000,11151,1151,0.1151,gain,unknown,P2-C1,19,Roll,2,Forward,0,,0,,0,,,1.0,False,0x00001081,0x00000000,0x00000000,0,0,,,,,,none,0,0,positive delta had no recent attributable attack packet
2026-07-25T19:09:31Z,1330,P1,11731,12826,1095,0.1095,gain,attacker,P1-C1,16,Alex,260,2B,0,P2-C1,19,Roll,0,,,1.0,False,0x40400010,0x00000000,0x00000000,0,0,,,,,,none,0,5410,positive delta had no recent attributable attack packet
2026-07-25T19:09:31Z,1330,P2,11151,11875,724,0.0724,gain,victim,P1-C1,16,Alex,260,2B,0,P2-C1,19,Roll,0,,,1.0,False,0x40400010,0x00000000,0x00000000,0,0,,,,,,none,0,5410,positive delta had no recent attributable attack packet
2026-07-25T19:09:32Z,1331,P1,12826,13281,455,0.0455,gain,unknown,P1-C1,16,Alex,261,2C,0,,0,,0,,,1.0,False,0x01400001,0x00000000,0x00000000,0,0,,,,,,none,0,0,positive delta had no recent attributable attack packet
2026-07-25T19:09:32Z,1332,P1,13281,14825,1544,0.1544,gain,unknown,P1-C1,16,Alex,312,Slash Elbow H,0,,0,,0,,,1.0,False,0x01400001,0x00000000,0x00000000,0,0,,,,,,none,0,0,positive delta had no recent attributable attack packet
2026-07-25T19:09:32Z,1332,P2,11875,13228,1353,0.1353,gain,unknown,P2-C1,19,Roll,267,j.C,0,,0,,0,,,1.0,False,0x00001200,0x00000000,0x00000000,0,0,,,,,,none,0,0,positive delta had no recent attributable attack packet
2026-07-25T19:09:33Z,1333,P1,14825,17849,3024,0.3024,gain,attacker,P1-C1,16,Alex,260,2B,0,P2-C1,19,Roll,0,,,1.0,False,0x01400001,0x00000000,0x00000000,0,0,,,,,,none,0,3335,positive delta had no recent attributable attack packet
2026-07-25T19:09:33Z,1333,P2,13228,15057,1829,0.1829,gain,victim,P1-C1,16,Alex,260,2B,0,P2-C1,19,Roll,0,,,1.0,False,0x01400001,0x00000000,0x00000000,0,0,,,,,,none,0,3335,positive delta had no recent attributable attack packet
2026-07-25T19:09:37Z,1334,P1,17849,20898,3049,0.3049,gain,attacker,P1-C1,16,Alex,4562,forward throw,0,P2-C1,19,Roll,0,,,1.0,False,0x0000A000,0x00000000,0x00000000,0,0,,,,,,none,4800,7990,positive delta had no recent attributable attack packet
2026-07-25T19:09:37Z,1334,P2,15057,18219,3162,0.3162,gain,attacker,P2-C1,19,Roll,465,Forward Throw,0,P1-C1,16,Alex,0,,,1.0,False,0x80000103,0x00000000,0x00000000,0,0,,,,,,none,4800,7990,positive delta had no recent attributable attack packet
2026-07-25T19:09:40Z,1339,P2,18219,18284,65,0.0065,gain,unknown,P2-C1,19,Roll,259,2A,0,,0,,0,,,1.0,False,0x40400010,0x00000000,0x00000000,0,0,,,,,,none,0,0,positive delta had no recent attributable attack packet
2026-07-25T19:09:42Z,1340,P1,20898,26128,5230,0.523,gain,unknown,P1-C1,16,Alex,11,crouched,0,,0,,0,,,1.0,False,0x01400001,0x00000000,0x00000000,0,0,,,,,,none,0,0,positive delta had no recent attributable attack packet
2026-07-25T19:09:42Z,1340,P2,18284,22009,3725,0.3725,gain,unknown,P2-C1,19,Roll,1,idle,0,,0,,0,,,1.0,False,0x00005200,0x00000000,0x00000000,0,0,,,,,,none,0,0,positive delta had no recent attributable attack packet
2026-07-25T19:09:45Z,1341,P1,26128,27504,1376,0.1376,gain,attacker,P1-C1,16,Alex,311,Slash Elbow M,0,P2-C1,19,Roll,0,,,1.0,False,0x00000103,0x00000000,0x00000000,0,0,,,,,,none,0,12040,positive delta had no recent attributable attack packet
2026-07-25T19:09:45Z,1341,P2,22009,22846,837,0.0837,gain,victim,P1-C1,16,Alex,311,Slash Elbow M,0,P2-C1,19,Roll,0,,,1.0,False,0x00000103,0x00000000,0x00000000,0,0,,,,,,none,0,12040,positive delta had no recent attributable attack packet
2026-07-25T19:09:47Z,1344,P1,27504,27634,130,0.013,gain,unknown,P1-C1,16,Alex,22,jump back,0,,0,,0,,,1.0,False,0x00000604,0x00000000,0x00000000,0,0,,,,,,none,0,0,positive delta had no recent attributable attack packet
2026-07-25T19:09:47Z,1345,P1,27634,27702,68,0.0068,gain,unknown,P1-C1,16,Alex,22,jump back,0,,0,,0,,,1.0,False,0x00100001,0x00000000,0x00000000,0,0,,,,,,none,0,0,positive delta had no recent attributable attack packet
2026-07-25T19:09:47Z,1345,P2,22846,22938,92,0.0092,gain,unknown,P2-C2,1,Ken the Eagle,418,Tag In,0,,0,,0,,,1.0,False,0x00400200,0x00000022,0x00000000,0,0,,,,,,none,0,0,positive delta had no recent attributable attack packet
2026-07-25T19:09:50Z,1346,P1,27702,34675,6973,0.6973,gain,attacker,P1-C1,16,Alex,3,backward,0,P2-C2,1,Ken the Eagle,0,,,1.0,False,0x00000005,0x00000000,0x00000000,0,0,,,,,,none,0,9084,positive delta had no recent attributable attack packet
2026-07-25T19:09:50Z,1346,P2,22938,27289,4351,0.4351,gain,victim,P1-C1,16,Alex,3,backward,0,P2-C2,1,Ken the Eagle,0,,,1.0,False,0x00000005,0x00000000,0x00000000,0,0,,,,,,none,0,9084,positive delta had no recent attributable attack packet
2026-07-25T19:09:56Z,1347,P1,34675,44514,9839,0.9839,gain,attacker,P1-C1,16,Alex,311,Slash Elbow M,0,P2-C2,1,Ken the Eagle,0,,,1.0,False,0x00000001,0x00000000,0x00000000,0,0,,,,,,none,0,20013,positive delta had no recent attributable attack packet
2026-07-25T19:09:56Z,1347,P2,27289,33590,6301,0.6301,gain,victim,P1-C1,16,Alex,311,Slash Elbow M,0,P2-C2,1,Ken the Eagle,0,,,1.0,False,0x00000001,0x00000000,0x00000000,0,0,,,,,,none,0,20013,positive delta had no recent attributable attack packet
2026-07-25T19:10:00Z,1348,P2,33590,33850,260,0.026,gain,victim,P1-C1,16,Alex,3,backward,0,P2-C2,1,Ken the Eagle,0,,,1.0,False,0x00000010,0x00000000,0x00000000,0,0,,,,,,none,0,2074,positive delta had no recent attributable attack packet
2026-07-25T19:10:02Z,1351,P1,44514,48207,3693,0.3693,gain,attacker,P1-C1,16,Alex,261,2C,0,P2-C2,1,Ken the Eagle,0,,,1.0,False,0x40400010,0x00000000,0x00000000,0,0,,,,,,none,0,6039,positive delta had no recent attributable attack packet
2026-07-25T19:10:02Z,1351,P2,33850,36407,2557,0.2557,gain,victim,P1-C1,16,Alex,261,2C,0,P2-C2,1,Ken the Eagle,0,,,1.0,False,0x01400001,0x00000000,0x00000000,0,0,,,,,,none,0,6039,positive delta had no recent attributable attack packet
2026-07-25T19:10:04Z,1352,P1,48207,50000,1793,0.1793,gain,attacker,P1-C1,16,Alex,272,Drop Kick,0,P2-C1,19,Roll,0,,,1.0,False,0x00000010,0x00000000,0x00000000,0,0,,,,,,none,0,4823,positive delta had no recent attributable attack packet
2026-07-25T19:10:04Z,1352,P2,36407,38795,2388,0.2388,gain,victim,P1-C1,16,Alex,272,Drop Kick,0,P2-C1,19,Roll,0,,,1.0,False,0x00000001,0x00000000,0x00000000,0,0,,,,,,none,0,4823,positive delta had no recent attributable attack packet
2026-07-25T19:10:08Z,1353,P2,38795,40852,2057,0.2057,gain,victim,P1-C1,16,Alex,261,2C,0,P2-C1,19,Roll,0,,,1.0,False,0x40400010,0x00000000,0x00000000,0,0,,,,,,none,0,2012,positive delta had no recent attributable attack packet
2026-07-25T19:10:09Z,1354,P2,40852,41876,1024,0.1024,gain,victim,P1-C1,16,Alex,272,Drop Kick,0,P2-C1,19,Roll,0,,,1.0,False,0x0000A000,0x00000000,0x00000000,0,0,,,,,,none,0,5534,positive delta had no recent attributable attack packet
2026-07-25T19:10:13Z,1355,P2,41876,45873,3997,0.3997,gain,victim,P1-C1,16,Alex,312,Slash Elbow H,0,P2-C1,19,Roll,0,,,1.0,False,0x00800704,0x00000000,0x00000000,0,0,,,,,,none,0,7547,positive delta had no recent attributable attack packet
2026-07-25T19:10:15Z,1357,P2,45873,45938,65,0.0065,gain,unknown,P2-C2,1,Ken the Eagle,430,assist standby,0,,0,,0,,,1.0,False,0x00400604,0x00000002,0x00000000,0,0,,,,,,none,0,0,positive delta had no recent attributable attack packet
2026-07-25T19:10:16Z,1358,P2,45938,46003,65,0.0065,gain,unknown,P2-C2,1,Ken the Eagle,20,jump,0,,0,,0,,,1.0,False,0x00000401,0x00000002,0x00000000,0,0,,,,,,none,0,0,positive delta had no recent attributable attack packet
2026-07-25T19:10:17Z,1359,P2,46003,47821,1818,0.1818,gain,unknown,P2-C2,1,Ken the Eagle,265,j.A,0,,0,,0,,,1.0,False,0x00001001,0x00000002,0x00000000,0,0,,,,,,none,0,0,positive delta had no recent attributable attack packet
2026-07-25T19:10:20Z,1360,P2,47821,48747,926,0.0926,gain,victim,P1-C1,16,Alex,261,2C,0,P2-C2,1,Ken the Eagle,0,,,1.0,False,0x00000001,0x00000000,0x00000000,0,0,,,,,,none,0,4139,positive delta had no recent attributable attack packet
2026-07-25T19:10:50Z,1847,P1,50000,0,-50000,-5.0,spend_or_drain,spend_or_drain,,0,,0,,0,,0,,0,,,1.0,False,0x00000000,0x00000000,0x00000000,1,0,,,,,,none,0,0,negative delta is a meter spend or scripted drain
2026-07-25T19:10:50Z,1848,P1,0,10000,10000,1.0,gain,unknown,P1-C1,16,Alex,4294967295,Loading,0,,0,,0,,,1.0,False,0x00000000,0x00000000,0x00000000,0,0,,,,,,none,0,0,positive delta had no recent attributable attack packet
2026-07-25T19:10:50Z,1855,P2,48747,10000,-38747,-3.8747,spend_or_drain,spend_or_drain,P2-C1,18,Volnutt,4294967295,Loading,0,,0,,0,,,1.0,False,0x00000000,0x00000000,0x00000000,0,0,,,,,,none,0,0,negative delta is a meter spend or scripted drain
2026-07-25T19:11:01Z,1890,P1,10000,10065,65,0.0065,gain,unknown,P1-C1,16,Alex,11,crouched,0,,0,,0,,,1.0,False,0x40400010,0x00000000,0x00000000,0,0,,,,,,none,0,0,positive delta had no recent attributable attack packet
2026-07-25T19:11:02Z,1891,P1,10065,15702,5637,0.5637,gain,victim,P2-C1,18,Volnutt,6,forward dash,0,P1-C1,16,Alex,0,,,1.0,False,0x00003200,0x00000000,0x00000000,0,0,,,,,,none,5600,0,positive delta had no recent attributable attack packet
2026-07-25T19:11:02Z,1891,P2,10000,15021,5021,0.5021,gain,attacker,P2-C1,18,Volnutt,6,forward dash,0,P1-C1,16,Alex,0,,,1.0,False,0x00003200,0x00000000,0x00000000,0,0,,,,,,none,5600,0,positive delta had no recent attributable attack packet
2026-07-25T19:11:07Z,1892,P1,15702,22247,6545,0.6545,gain,attacker,P1-C1,16,Alex,260,2B,0,P2-C1,18,Volnutt,0,,,1.0,False,0x01400001,0x00000000,0x00000000,0,0,,,,,,none,0,10745,positive delta had no recent attributable attack packet
2026-07-25T19:11:07Z,1892,P2,15021,19050,4029,0.4029,gain,victim,P1-C1,16,Alex,260,2B,0,P2-C1,18,Volnutt,0,,,1.0,False,0x01400001,0x00000000,0x00000000,0,0,,,,,,none,0,10745,positive delta had no recent attributable attack packet
2026-07-25T19:11:09Z,1893,P1,22247,23225,978,0.0978,gain,attacker,P1-C1,16,Alex,257,5B,0,P2-C1,18,Volnutt,0,,,1.0,False,0x40400010,0x00000000,0x00000000,0,0,,,,,,none,0,9721,positive delta had no recent attributable attack packet
2026-07-25T19:11:09Z,1893,P2,19050,19685,635,0.0635,gain,victim,P1-C1,16,Alex,257,5B,0,P2-C1,18,Volnutt,0,,,1.0,False,0x40400010,0x00000000,0x00000000,0,0,,,,,,none,0,9721,positive delta had no recent attributable attack packet
2026-07-25T19:11:11Z,1894,P1,23225,27364,4139,0.4139,gain,attacker,P1-C1,16,Alex,3,backward,0,P2-C2,10,Karas,0,,,1.0,False,0x40400010,0x00000000,0x00000000,0,0,,,,,,none,0,6427,positive delta had no recent attributable attack packet
2026-07-25T19:11:11Z,1894,P2,19685,22300,2615,0.2615,gain,victim,P1-C1,16,Alex,3,backward,0,P2-C2,10,Karas,0,,,1.0,False,0x40400010,0x00000000,0x00000000,0,0,,,,,,none,0,6427,positive delta had no recent attributable attack packet
2026-07-25T19:11:16Z,1895,P1,27364,30377,3013,0.3013,gain,attacker,P1-C1,16,Alex,102,knocked down (face up),0,P2-C2,10,Karas,0,,,1.0,False,0x40400010,0x00000000,0x00000000,0,0,,,,,,none,4800,3192,positive delta had no recent attributable attack packet
2026-07-25T19:11:16Z,1895,P2,22300,25306,3006,0.3006,gain,attacker,P2-C2,10,Karas,6,forward dash,0,P1-C1,16,Alex,0,,,1.0,False,0x00100200,0x00000002,0x00000000,0,0,,,,,,none,4800,3192,positive delta had no recent attributable attack packet
2026-07-25T19:11:18Z,1897,P1,30377,34733,4356,0.4356,gain,attacker,P1-C1,16,Alex,259,2A,0,P2-C2,10,Karas,0,,,1.0,False,0x01400001,0x00000000,0x00000000,0,0,,,,,,none,0,1120,positive delta had no recent attributable attack packet
2026-07-25T19:11:18Z,1897,P2,25306,27985,2679,0.2679,gain,victim,P1-C1,16,Alex,259,2A,0,P2-C2,10,Karas,0,,,1.0,False,0x01400001,0x00000000,0x00000000,0,0,,,,,,none,0,1120,positive delta had no recent attributable attack packet
2026-07-25T19:11:21Z,1898,P1,34733,39893,5160,0.516,gain,attacker,P1-C1,16,Alex,260,2B,0,P2-C2,10,Karas,0,,,1.0,False,0x00000010,0x00000000,0x00000000,0,0,,,,,,none,0,12218,positive delta had no recent attributable attack packet
2026-07-25T19:11:21Z,1898,P2,27985,31318,3333,0.3333,gain,victim,P1-C1,16,Alex,260,2B,0,P2-C2,10,Karas,0,,,1.0,False,0x00000010,0x00000000,0x00000000,0,0,,,,,,none,0,12218,positive delta had no recent attributable attack packet
2026-07-25T19:11:25Z,1899,P1,39893,43157,3264,0.3264,gain,attacker,P1-C1,16,Alex,261,2C,0,P2-C2,10,Karas,0,,,1.0,False,0x41400001,0x00000000,0x00000000,0,0,,,,,,none,0,10226,positive delta had no recent attributable attack packet
2026-07-25T19:11:25Z,1899,P2,31318,33472,2154,0.2154,gain,victim,P1-C1,16,Alex,261,2C,0,P2-C2,10,Karas,0,,,1.0,False,0x41400001,0x00000000,0x00000000,0,0,,,,,,none,0,10226,positive delta had no recent attributable attack packet
2026-07-25T19:11:26Z,1900,P1,43157,44624,1467,0.1467,gain,attacker,P1-C1,16,Alex,311,Slash Elbow M,0,P2-C2,10,Karas,0,,,1.0,False,0x00000001,0x00000000,0x00000000,0,0,,,,,,none,0,2613,positive delta had no recent attributable attack packet
2026-07-25T19:11:26Z,1900,P2,33472,34376,904,0.0904,gain,victim,P1-C1,16,Alex,311,Slash Elbow M,0,P2-C2,10,Karas,0,,,1.0,False,0x00800704,0x00000000,0x00000000,0,0,,,,,,none,0,2613,positive delta had no recent attributable attack packet
2026-07-25T19:11:28Z,1901,P1,44624,46106,1482,0.1482,gain,unknown,P1-C1,16,Alex,36,Air Dash Back,0,,0,,0,,,1.0,False,0x00000600,0x00000000,0x00000000,0,0,,,,,,none,0,0,positive delta had no recent attributable attack packet
2026-07-25T19:11:28Z,1901,P2,34376,35487,1111,0.1111,gain,unknown,P2-C2,10,Karas,1,idle,0,,0,,0,,,1.0,False,0x00001000,0x00000002,0x00000000,0,0,,,,,,none,0,0,positive delta had no recent attributable attack packet
2026-07-25T19:11:28Z,1903,P1,46106,47837,1731,0.1731,gain,unknown,P1-C1,16,Alex,2,Forward,0,,0,,0,,,1.0,False,0x40400C01,0x00000000,0x00000000,0,0,,,,,,none,0,0,positive delta had no recent attributable attack packet
2026-07-25T19:11:28Z,1903,P2,35487,36638,1151,0.1151,gain,unknown,P2-C1,18,Volnutt,430,assist standby,0,,0,,0,,,1.0,False,0x00001081,0x00000020,0x00000000,0,0,,,,,,none,0,0,positive delta had no recent attributable attack packet
2026-07-25T19:11:34Z,1904,P1,47837,50000,2163,0.2163,gain,attacker,P1-C1,16,Alex,312,Slash Elbow H,0,P2-C1,18,Volnutt,0,,,1.0,False,0x01400001,0x00000000,0x00000000,0,0,,,,,,none,0,12288,positive delta had no recent attributable attack packet
2026-07-25T19:11:34Z,1904,P2,36638,39926,3288,0.3288,gain,victim,P1-C1,16,Alex,312,Slash Elbow H,0,P2-C1,18,Volnutt,0,,,1.0,False,0x01400001,0x00000000,0x00000000,0,0,,,,,,none,0,12288,positive delta had no recent attributable attack packet
2026-07-25T19:11:36Z,1906,P2,39926,44016,4090,0.409,gain,attacker,P2-C1,18,Volnutt,21,jump forward,0,P1-C1,16,Alex,1280,0x0000000A,0x00000042,1.0,False,0x00001200,0x00000000,0x00000000,0,0,114,114,148,3942,False,high,1892,3981,attack packet retained from 1 frame(s) earlier
2026-07-25T19:11:41Z,1907,P2,44016,45914,1898,0.1898,gain,attacker,P2-C1,18,Volnutt,21,jump forward,0,P1-C1,16,Alex,1280,0x0000000A,0x00000042,1.0,False,0x80001200,0x00000000,0x00000000,0,0,114,114,148,1750,False,high,1440,2714,attack packet retained from 2 frame(s) earlier
2026-07-25T19:11:44Z,1910,P2,45914,47357,1443,0.1443,gain,victim,P1-C1,16,Alex,260,2B,0,P2-C2,10,Karas,0,,,1.0,False,0x40400010,0x00000000,0x00000000,0,0,,,,,,none,0,1651,positive delta had no recent attributable attack packet
2026-07-25T19:11:45Z,1911,P2,47357,48341,984,0.0984,gain,victim,P1-C1,16,Alex,261,2C,0,P2-C2,10,Karas,0,,,1.0,False,0x01400001,0x00000000,0x00000000,0,0,,,,,,none,0,3855,positive delta had no recent attributable attack packet
2026-07-25T19:11:45Z,1912,P2,48341,49249,908,0.0908,gain,unknown,P2-C1,18,Volnutt,21,jump forward,0,,0,,1280,0x0000000A,0x00000042,1.0,False,0x80004000,0x00000000,0x00000000,0,0,,,,,,none,0,0,positive delta had no recent attributable attack packet
2026-07-25T19:11:46Z,1918,P2,49249,49845,596,0.0596,gain,victim,P1-C1,16,Alex,257,5B,0,P2-C2,10,Karas,0,,,1.0,False,0x40400001,0x00000000,0x00000000,0,0,,,,,,none,0,1205,positive delta had no recent attributable attack packet
2026-07-25T19:11:46Z,1919,P2,49845,50000,155,0.0155,gain,victim,P1-C1,16,Alex,260,2B,0,P2-C2,10,Karas,0,,,1.0,False,0x40400010,0x00000000,0x00000000,0,0,,,,,,none,0,385,positive delta had no recent attributable attack packet
2026-07-25T19:12:00Z,2110,P1,50000,10000,-40000,-4.0,spend_or_drain,spend_or_drain,P1-C1,12,Ryu,1,idle,0,,0,,0,,,1.0,False,0x00000001,0x00000000,0x00000000,0,0,,,,,,none,6000,0,negative delta is a meter spend or scripted drain
2026-07-25T19:12:00Z,2110,P2,50000,10000,-40000,-4.0,spend_or_drain,spend_or_drain,P2-C1,1,Ken the Eagle,1,idle,0,,0,,0,,,1.0,False,0x00000001,0x00000000,0x00000000,0,0,,,,,,none,6000,0,negative delta is a meter spend or scripted drain
2026-07-25T19:12:09Z,2189,P1,10000,10195,195,0.0195,gain,unknown,P1-C1,12,Ryu,258,5C,0,,0,,0,,,1.0,False,0x40400001,0x00000000,0x00000000,0,0,,,,,,none,0,0,positive delta had no recent attributable attack packet
2026-07-25T19:12:13Z,2225,P1,10195,10390,195,0.0195,gain,unknown,P1-C1,12,Ryu,267,j.C,0,,0,,0,,,1.0,False,0x00400600,0x00000000,0x00000000,0,0,,,,,,none,0,0,positive delta had no recent attributable attack packet
2026-07-25T19:12:14Z,2232,P1,10390,10585,195,0.0195,gain,unknown,P1-C1,12,Ryu,29,Super Jump,0,,0,,0,,,1.0,False,0x04000600,0x00000000,0x00000000,0,0,,,,,,none,0,0,positive delta had no recent attributable attack packet
2026-07-25T19:12:14Z,2235,P1,10585,10780,195,0.0195,gain,unknown,P1-C1,12,Ryu,267,j.C,0,,0,,0,,,1.0,False,0x04400600,0x00000000,0x00000000,0,0,,,,,,none,0,0,positive delta had no recent attributable attack packet
2026-07-25T19:12:15Z,2241,P1,10780,10975,195,0.0195,gain,unknown,P1-C1,12,Ryu,267,j.C,0,,0,,0,,,1.0,False,0x00000C01,0x00000000,0x00000000,0,0,,,,,,none,0,0,positive delta had no recent attributable attack packet
2026-07-25T19:12:16Z,2245,P1,10975,11170,195,0.0195,gain,unknown,P1-C1,12,Ryu,267,j.C,0,,0,,0,,,1.0,False,0x00400600,0x00000000,0x00000000,0,0,,,,,,none,0,0,positive delta had no recent attributable attack packet
2026-07-25T19:12:16Z,2248,P1,11170,11300,130,0.013,gain,unknown,P1-C1,12,Ryu,266,j.B,0,,0,,0,,,1.0,False,0x00400600,0x00000000,0x00000000,0,0,,,,,,none,0,0,positive delta had no recent attributable attack packet
2026-07-25T19:12:18Z,2270,P1,11300,11495,195,0.0195,gain,unknown,P1-C1,12,Ryu,258,5C,0,,0,,0,,,1.0,False,0x40400001,0x00000000,0x00000000,0,0,,,,,,none,0,0,positive delta had no recent attributable attack packet
2026-07-25T19:12:19Z,2271,P1,11495,12642,1147,0.1147,gain,attacker,P1-C1,12,Ryu,258,5C,0,P2-C1,1,Ken the Eagle,0,,,1.0,False,0x40400001,0x00000000,0x00000000,0,0,,,,,,none,0,2480,positive delta had no recent attributable attack packet
2026-07-25T19:12:19Z,2271,P2,10000,10860,860,0.086,gain,victim,P1-C1,12,Ryu,258,5C,0,P2-C1,1,Ken the Eagle,0,,,1.0,False,0x40400001,0x00000000,0x00000000,0,0,,,,,,none,0,2480,positive delta had no recent attributable attack packet
2026-07-25T19:12:21Z,2290,P1,12642,12837,195,0.0195,gain,unknown,P1-C1,12,Ryu,267,j.C,0,,0,,0,,,1.0,False,0x00400600,0x00000000,0x00000000,0,0,,,,,,none,0,0,positive delta had no recent attributable attack packet
2026-07-25T19:12:21Z,2293,P1,12837,13032,195,0.0195,gain,unknown,P1-C1,12,Ryu,258,5C,0,,0,,0,,,1.0,False,0x40400001,0x00000000,0x00000000,0,0,,,,,,none,0,0,positive delta had no recent attributable attack packet
2026-07-25T19:12:24Z,2319,P1,13032,13227,195,0.0195,gain,unknown,P1-C1,12,Ryu,267,j.C,0,,0,,0,,,1.0,False,0x00400600,0x00000000,0x00000000,0,0,,,,,,none,0,0,positive delta had no recent attributable attack packet
2026-07-25T19:12:25Z,2323,P1,13227,13422,195,0.0195,gain,unknown,P1-C1,12,Ryu,267,j.C,0,,0,,0,,,1.0,False,0x00400600,0x00000000,0x00000000,0,0,,,,,,none,0,0,positive delta had no recent attributable attack packet
2026-07-25T19:12:27Z,2343,P1,13422,13617,195,0.0195,gain,unknown,P1-C1,12,Ryu,30,landing,0,,0,,0,,,1.0,False,0x00000010,0x00000000,0x00000000,0,0,,,,,,none,0,0,positive delta had no recent attributable attack packet
2026-07-25T19:12:28Z,2346,P1,13617,13812,195,0.0195,gain,unknown,P1-C1,12,Ryu,267,j.C,0,,0,,0,,,1.0,False,0x04400600,0x00000000,0x00000000,0,0,,,,,,none,0,0,positive delta had no recent attributable attack packet
2026-07-25T19:12:28Z,2351,P1,13812,13942,130,0.013,gain,unknown,P1-C1,12,Ryu,20,jump,0,,0,,0,,,1.0,False,0x00400600,0x00000000,0x00000000,0,0,,,,,,none,0,0,positive delta had no recent attributable attack packet
2026-07-25T19:12:30Z,2365,P1,13942,14137,195,0.0195,gain,unknown,P1-C1,12,Ryu,258,5C,0,,0,,0,,,1.0,False,0x40400001,0x00000000,0x00000000,0,0,,,,,,none,0,0,positive delta had no recent attributable attack packet
2026-07-25T19:12:31Z,2370,P1,14137,14267,130,0.013,gain,unknown,P1-C1,12,Ryu,266,j.B,0,,0,,0,,,1.0,False,0x04400600,0x00000000,0x00000000,0,0,,,,,,none,0,0,positive delta had no recent attributable attack packet
2026-07-25T19:12:32Z,2377,P1,14267,14397,130,0.013,gain,unknown,P1-C1,12,Ryu,266,j.B,0,,0,,0,,,1.0,False,0x00400600,0x00000000,0x00000000,0,0,,,,,,none,0,0,positive delta had no recent attributable attack packet
2026-07-25T19:12:32Z,2381,P1,14397,14462,65,0.0065,gain,unknown,P1-C1,12,Ryu,20,jump,0,,0,,0,,,1.0,False,0x00400600,0x00000000,0x00000000,0,0,,,,,,none,0,0,positive delta had no recent attributable attack packet
2026-07-25T19:12:33Z,2384,P1,14462,14592,130,0.013,gain,unknown,P1-C1,12,Ryu,266,j.B,0,,0,,0,,,1.0,False,0x00400600,0x00000000,0x00000000,0,0,,,,,,none,0,0,positive delta had no recent attributable attack packet
2026-07-25T19:12:34Z,2389,P1,14592,14787,195,0.0195,gain,unknown,P1-C1,12,Ryu,1,idle,0,,0,,0,,,1.0,False,0x40400001,0x00000000,0x00000000,0,0,,,,,,none,0,0,positive delta had no recent attributable attack packet
2026-07-25T19:12:34Z,2390,P1,14787,15934,1147,0.1147,gain,attacker,P1-C1,12,Ryu,258,5C,0,P2-C1,1,Ken the Eagle,0,,,1.0,False,0x40400001,0x00000000,0x00000000,0,0,,,,,,none,0,2480,positive delta had no recent attributable attack packet
2026-07-25T19:12:34Z,2390,P2,10860,11720,860,0.086,gain,victim,P1-C1,12,Ryu,258,5C,0,P2-C1,1,Ken the Eagle,0,,,1.0,False,0x40400001,0x00000000,0x00000000,0,0,,,,,,none,0,2480,positive delta had no recent attributable attack packet
2026-07-25T19:12:34Z,2392,P1,15934,16129,195,0.0195,gain,unknown,P1-C1,12,Ryu,258,5C,0,,0,,0,,,1.0,False,0x40400001,0x00000000,0x00000000,0,0,,,,,,none,0,0,positive delta had no recent attributable attack packet
2026-07-25T19:12:35Z,2393,P1,16129,17276,1147,0.1147,gain,unknown,P1-C1,12,Ryu,258,5C,0,,0,,0,,,1.0,False,0x40400001,0x00000000,0x00000000,0,0,,,,,,none,0,0,positive delta had no recent attributable attack packet
2026-07-25T19:12:35Z,2393,P2,11720,12580,860,0.086,gain,unknown,P2-C1,1,Ken the Eagle,1,idle,0,,0,,0,,,1.0,False,0x00001001,0x00000000,0x00000000,0,0,,,,,,none,0,0,positive delta had no recent attributable attack packet
2026-07-25T19:12:36Z,2398,P1,17276,17471,195,0.0195,gain,unknown,P1-C1,12,Ryu,267,j.C,0,,0,,0,,,1.0,False,0x04400600,0x00000000,0x00000000,0,0,,,,,,none,0,0,positive delta had no recent attributable attack packet
2026-07-25T19:12:37Z,2405,P1,17471,17666,195,0.0195,gain,unknown,P1-C1,12,Ryu,1,idle,0,,0,,0,,,1.0,False,0x00000001,0x00000000,0x00000000,0,0,,,,,,none,0,0,positive delta had no recent attributable attack packet
2026-07-25T19:12:41Z,2451,P1,17666,17796,130,0.013,gain,unknown,P1-C1,12,Ryu,266,j.B,0,,0,,0,,,1.0,False,0x00000001,0x00000000,0x00000000,0,0,,,,,,none,0,0,positive delta had no recent attributable attack packet
2026-07-25T19:12:42Z,2459,P1,17796,17926,130,0.013,gain,unknown,P1-C1,12,Ryu,257,5B,0,,0,,0,,,1.0,False,0x40400001,0x00000000,0x00000000,0,0,,,,,,none,0,0,positive delta had no recent attributable attack packet
2026-07-25T19:12:44Z,2470,P1,17926,17991,65,0.0065,gain,unknown,P1-C1,12,Ryu,265,j.A,0,,0,,0,,,1.0,False,0x00400600,0x00000000,0x00000000,0,0,,,,,,none,0,0,positive delta had no recent attributable attack packet
2026-07-25T19:12:44Z,2471,P1,17991,18453,462,0.0462,gain,attacker,P1-C1,12,Ryu,265,j.A,0,P2-C1,1,Ken the Eagle,0,,,1.0,False,0x00400600,0x00000000,0x00000000,0,0,,,,,,none,0,1000,positive delta had no recent attributable attack packet
2026-07-25T19:12:44Z,2471,P2,12580,12927,347,0.0347,gain,victim,P1-C1,12,Ryu,265,j.A,0,P2-C1,1,Ken the Eagle,0,,,1.0,False,0x00400600,0x00000000,0x00000000,0,0,,,,,,none,0,1000,positive delta had no recent attributable attack packet
2026-07-25T19:12:45Z,2472,P1,18453,18922,469,0.0469,gain,attacker,P1-C1,12,Ryu,30,landing,0,P2-C1,1,Ken the Eagle,0,,,1.0,False,0x00000001,0x00000000,0x00000000,0,0,,,,,,none,0,1016,positive delta had no recent attributable attack packet
2026-07-25T19:12:45Z,2472,P2,12927,13278,351,0.0351,gain,victim,P1-C1,12,Ryu,30,landing,0,P2-C1,1,Ken the Eagle,0,,,1.0,False,0x00000001,0x00000000,0x00000000,0,0,,,,,,none,0,1016,positive delta had no recent attributable attack packet
2026-07-25T19:12:45Z,2473,P1,18922,19375,453,0.0453,gain,attacker,P1-C1,12,Ryu,1,idle,0,P2-C1,1,Ken the Eagle,0,,,1.0,False,0x00000001,0x00000000,0x00000000,0,0,,,,,,none,0,982,positive delta had no recent attributable attack packet
2026-07-25T19:12:45Z,2473,P2,13278,13617,339,0.0339,gain,victim,P1-C1,12,Ryu,1,idle,0,P2-C1,1,Ken the Eagle,0,,,1.0,False,0x00000001,0x00000000,0x00000000,0,0,,,,,,none,0,982,positive delta had no recent attributable attack packet
2026-07-25T19:12:50Z,2507,P1,19375,19505,130,0.013,gain,unknown,P1-C1,12,Ryu,266,j.B,0,,0,,0,,,1.0,False,0x00400600,0x00000000,0x00000000,0,0,,,,,,none,0,0,positive delta had no recent attributable attack packet
2026-07-25T19:12:51Z,2510,P1,19505,19700,195,0.0195,gain,unknown,P1-C1,12,Ryu,267,j.C,0,,0,,0,,,1.0,False,0x04400600,0x00000000,0x00000000,0,0,,,,,,none,0,0,positive delta had no recent attributable attack packet
2026-07-25T19:12:55Z,2546,P1,19700,19830,130,0.013,gain,unknown,P1-C1,12,Ryu,30,landing,0,,0,,0,,,1.0,False,0x00000010,0x00000000,0x00000000,0,0,,,,,,none,0,0,positive delta had no recent attributable attack packet
2026-07-25T19:12:56Z,2548,P1,19830,19895,65,0.0065,gain,unknown,P1-C1,12,Ryu,265,j.A,0,,0,,0,,,1.0,False,0x04400600,0x00000000,0x00000000,0,0,,,,,,none,0,0,positive delta had no recent attributable attack packet
2026-07-25T19:12:58Z,2566,P1,19895,20025,130,0.013,gain,unknown,P1-C1,12,Ryu,257,5B,0,,0,,0,,,1.0,False,0x40400001,0x00000000,0x00000000,0,0,,,,,,none,0,0,positive delta had no recent attributable attack packet
2026-07-25T19:13:01Z,2600,P1,20025,20090,65,0.0065,gain,unknown,P1-C1,12,Ryu,265,j.A,0,,0,,0,,,1.0,False,0x00400600,0x00000000,0x00000000,0,0,,,,,,none,0,0,positive delta had no recent attributable attack packet
2026-07-25T19:13:02Z,2605,P1,20090,20155,65,0.0065,gain,unknown,P1-C1,12,Ryu,265,j.A,0,,0,,0,,,1.0,False,0x00400600,0x00000000,0x00000000,0,0,,,,,,none,0,0,positive delta had no recent attributable attack packet
2026-07-25T19:13:03Z,2610,P1,20155,20350,195,0.0195,gain,unknown,P1-C1,12,Ryu,258,5C,0,,0,,0,,,1.0,False,0x40400001,0x00000000,0x00000000,0,0,,,,,,none,0,0,positive delta had no recent attributable attack packet
2026-07-25T19:13:04Z,2614,P1,20350,20545,195,0.0195,gain,unknown,P1-C1,12,Ryu,20,jump,0,,0,,0,,,1.0,False,0x00400600,0x00000000,0x00000000,0,0,,,,,,none,0,0,positive delta had no recent attributable attack packet
2026-07-25T19:13:05Z,2620,P1,20545,20675,130,0.013,gain,unknown,P1-C1,12,Ryu,257,5B,0,,0,,0,,,1.0,False,0x40400001,0x00000000,0x00000000,0,0,,,,,,none,0,0,positive delta had no recent attributable attack packet
2026-07-25T19:13:06Z,2625,P1,20675,20805,130,0.013,gain,unknown,P1-C1,12,Ryu,266,j.B,0,,0,,0,,,1.0,False,0x00400600,0x00000000,0x00000000,0,0,,,,,,none,0,0,positive delta had no recent attributable attack packet
2026-07-25T19:23:50Z,303,P1,20805,21175,370,0.037,gain,attacker,P1-C1,12,Ryu,256,5A,0,P2-C1,1,Ken the Eagle,0,,,1.0,False,0x40400001,0x00000000,0x00000000,0,0,,,,,,none,0,800,positive delta had no recent attributable attack packet
2026-07-25T19:23:50Z,303,P2,13617,13893,276,0.0276,gain,victim,P1-C1,12,Ryu,256,5A,0,P2-C1,1,Ken the Eagle,0,,,1.0,False,0x40400001,0x00000000,0x00000000,0,0,,,,,,none,0,800,positive delta had no recent attributable attack packet
2026-07-25T19:23:50Z,304,P1,21175,22068,893,0.0893,gain,attacker,P1-C1,12,Ryu,260,2B,0,P2-C1,1,Ken the Eagle,0,,,1.0,False,0x40400010,0x00000000,0x00000000,0,0,,,,,,none,0,1368,positive delta had no recent attributable attack packet
2026-07-25T19:23:50Z,304,P2,13893,14367,474,0.0474,gain,victim,P1-C1,12,Ryu,260,2B,0,P2-C1,1,Ken the Eagle,0,,,1.0,False,0x40400010,0x00000000,0x00000000,0,0,,,,,,none,0,1368,positive delta had no recent attributable attack packet
2026-07-25T19:23:50Z,305,P1,22068,22633,565,0.0565,gain,attacker,P1-C1,12,Ryu,260,2B,0,P2-C1,1,Ken the Eagle,0,,,1.0,False,0x40400010,0x00000000,0x00000000,0,0,,,,,,none,0,1224,positive delta had no recent attributable attack packet
2026-07-25T19:23:50Z,305,P2,14367,14790,423,0.0423,gain,victim,P1-C1,12,Ryu,260,2B,0,P2-C1,1,Ken the Eagle,0,,,1.0,False,0x40400010,0x00000000,0x00000000,0,0,,,,,,none,0,1224,positive delta had no recent attributable attack packet
2026-07-25T19:23:50Z,306,P1,22633,22828,195,0.0195,gain,unknown,P1-C1,12,Ryu,258,5C,0,,0,,0,,,1.0,False,0x40400001,0x00000000,0x00000000,0,0,,,,,,none,0,0,positive delta had no recent attributable attack packet
2026-07-25T19:23:51Z,308,P1,22828,23997,1169,0.1169,gain,attacker,P1-C1,12,Ryu,262,6C,0,P2-C1,1,Ken the Eagle,0,,,1.0,False,0x40400001,0x00000000,0x00000000,0,0,,,,,,none,0,2108,positive delta had no recent attributable attack packet
2026-07-25T19:23:51Z,308,P2,14790,15520,730,0.073,gain,victim,P1-C1,12,Ryu,262,6C,0,P2-C1,1,Ken the Eagle,0,,,1.0,False,0x40400001,0x00000000,0x00000000,0,0,,,,,,none,0,2108,positive delta had no recent attributable attack packet
2026-07-25T19:23:51Z,310,P1,23997,24796,799,0.0799,gain,attacker,P1-C1,12,Ryu,262,6C,0,P2-C1,1,Ken the Eagle,0,,,1.0,False,0x40400001,0x00000000,0x00000000,0,0,,,,,,none,0,1727,positive delta had no recent attributable attack packet
2026-07-25T19:23:51Z,310,P2,15520,16119,599,0.0599,gain,victim,P1-C1,12,Ryu,262,6C,0,P2-C1,1,Ken the Eagle,0,,,1.0,False,0x41400001,0x00000000,0x00000000,0,0,,,,,,none,0,1727,positive delta had no recent attributable attack packet
2026-07-25T19:23:51Z,312,P1,24796,25056,260,0.026,gain,unknown,P1-C1,12,Ryu,305,Hado M,0,,0,,0,,,1.0,False,0x41400001,0x00000000,0x00000000,0,0,,,,,,none,0,0,positive delta had no recent attributable attack packet
2026-07-25T19:23:52Z,313,P1,25056,26027,971,0.0971,gain,attacker,P1-C1,12,Ryu,1,idle,0,P2-C1,1,Ken the Eagle,100,0x00000009,0x00000040,1.0,False,0x00000001,0x00000000,0x00000000,0,0,8,0,0,971,False,high,0,2099,property A bit 0 suppresses hit meter
2026-07-25T19:23:52Z,313,P2,16119,16847,728,0.0728,gain,victim,P1-C1,12,Ryu,1,idle,0,P2-C1,1,Ken the Eagle,100,0x00000009,0x00000040,1.0,False,0x00000001,0x00000000,0x00000000,0,0,8,0,0,728,False,high,0,2099,property A bit 0 suppresses hit meter
2026-07-25T19:23:54Z,336,P1,26027,26222,195,0.0195,gain,unknown,P1-C1,12,Ryu,267,j.C,0,,0,,0,,,1.0,False,0x00400E00,0x00000000,0x00000000,0,0,,,,,,none,0,0,positive delta had no recent attributable attack packet
2026-07-25T19:23:55Z,340,P1,26222,26592,370,0.037,gain,attacker,P1-C1,12,Ryu,256,5A,0,P2-C1,1,Ken the Eagle,0,,,1.0,False,0x40400001,0x00000000,0x00000000,0,0,,,,,,none,0,800,positive delta had no recent attributable attack packet
2026-07-25T19:23:55Z,340,P2,16847,17123,276,0.0276,gain,victim,P1-C1,12,Ryu,256,5A,0,P2-C1,1,Ken the Eagle,0,,,1.0,False,0x40400001,0x00000000,0x00000000,0,0,,,,,,none,0,800,positive delta had no recent attributable attack packet
2026-07-25T19:23:55Z,341,P1,26592,27355,763,0.0763,gain,attacker,P1-C1,12,Ryu,260,2B,0,P2-C1,1,Ken the Eagle,0,,,1.0,False,0x40400010,0x00000000,0x00000000,0,0,,,,,,none,0,1368,positive delta had no recent attributable attack packet
2026-07-25T19:23:55Z,341,P2,17123,17597,474,0.0474,gain,victim,P1-C1,12,Ryu,260,2B,0,P2-C1,1,Ken the Eagle,0,,,1.0,False,0x40400010,0x00000000,0x00000000,0,0,,,,,,none,0,1368,positive delta had no recent attributable attack packet
2026-07-25T19:23:56Z,342,P1,27355,28050,695,0.0695,gain,attacker,P1-C1,12,Ryu,258,5C,0,P2-C1,1,Ken the Eagle,0,,,1.0,False,0x40400001,0x00000000,0x00000000,0,0,,,,,,none,0,1224,positive delta had no recent attributable attack packet
2026-07-25T19:23:56Z,342,P2,17597,18020,423,0.0423,gain,victim,P1-C1,12,Ryu,258,5C,0,P2-C1,1,Ken the Eagle,0,,,1.0,False,0x40400001,0x00000000,0x00000000,0,0,,,,,,none,0,1224,positive delta had no recent attributable attack packet
2026-07-25T19:23:56Z,343,P1,28050,28245,195,0.0195,gain,unknown,P1-C1,12,Ryu,258,5C,0,,0,,0,,,1.0,False,0x40400001,0x00000000,0x00000000,0,0,,,,,,none,0,0,positive delta had no recent attributable attack packet
2026-07-25T19:23:56Z,344,P1,28245,29219,974,0.0974,gain,attacker,P1-C1,12,Ryu,262,6C,0,P2-C1,1,Ken the Eagle,0,,,1.0,False,0x40400001,0x00000000,0x00000000,0,0,,,,,,none,0,2108,positive delta had no recent attributable attack packet
2026-07-25T19:23:56Z,344,P2,18020,18750,730,0.073,gain,victim,P1-C1,12,Ryu,262,6C,0,P2-C1,1,Ken the Eagle,0,,,1.0,False,0x40400001,0x00000000,0x00000000,0,0,,,,,,none,0,2108,positive delta had no recent attributable attack packet
2026-07-25T19:23:56Z,345,P1,29219,29414,195,0.0195,gain,unknown,P1-C1,12,Ryu,262,6C,0,,0,,0,,,1.0,False,0x40400001,0x00000000,0x00000000,0,0,,,,,,none,0,0,positive delta had no recent attributable attack packet
2026-07-25T19:23:56Z,346,P1,29414,30213,799,0.0799,gain,attacker,P1-C1,12,Ryu,262,6C,0,P2-C1,1,Ken the Eagle,0,,,1.0,False,0x40400001,0x00000000,0x00000000,0,0,,,,,,none,0,1727,positive delta had no recent attributable attack packet
2026-07-25T19:23:56Z,346,P2,18750,19349,599,0.0599,gain,victim,P1-C1,12,Ryu,262,6C,0,P2-C1,1,Ken the Eagle,0,,,1.0,False,0x40400001,0x00000000,0x00000000,0,0,,,,,,none,0,1727,positive delta had no recent attributable attack packet
2026-07-25T19:24:14Z,516,P1,30213,30408,195,0.0195,gain,unknown,P1-C1,12,Ryu,258,5C,0,,0,,0,,,1.0,False,0x40400001,0x00000000,0x00000000,0,0,,,,,,none,0,0,positive delta had no recent attributable attack packet
2026-07-25T19:24:18Z,553,P1,30408,30603,195,0.0195,gain,unknown,P1-C1,12,Ryu,258,5C,0,,0,,0,,,1.0,False,0x40400001,0x00000000,0x00000000,0,0,,,,,,none,0,0,positive delta had no recent attributable attack packet
2026-07-25T19:24:18Z,554,P1,30603,31750,1147,0.1147,gain,attacker,P1-C1,12,Ryu,258,5C,0,P2-C1,1,Ken the Eagle,0,,,1.0,False,0x40400001,0x00000000,0x00000000,0,0,,,,,,none,0,2480,positive delta had no recent attributable attack packet
2026-07-25T19:24:18Z,554,P2,19349,20209,860,0.086,gain,victim,P1-C1,12,Ryu,258,5C,0,P2-C1,1,Ken the Eagle,0,,,1.0,False,0x40400001,0x00000000,0x00000000,0,0,,,,,,none,0,2480,positive delta had no recent attributable attack packet
2026-07-25T19:24:19Z,558,P1,31750,31945,195,0.0195,gain,unknown,P1-C1,12,Ryu,258,5C,0,,0,,0,,,1.0,False,0x40400001,0x00000000,0x00000000,0,0,,,,,,none,0,0,positive delta had no recent attributable attack packet
2026-07-25T19:24:19Z,559,P1,31945,33092,1147,0.1147,gain,attacker,P1-C1,12,Ryu,258,5C,0,P2-C1,1,Ken the Eagle,0,,,1.0,False,0x40400001,0x00000000,0x00000000,0,0,,,,,,none,0,2480,positive delta had no recent attributable attack packet
2026-07-25T19:24:19Z,559,P2,20209,21069,860,0.086,gain,victim,P1-C1,12,Ryu,258,5C,0,P2-C1,1,Ken the Eagle,0,,,1.0,False,0x40400001,0x00000000,0x00000000,0,0,,,,,,none,0,2480,positive delta had no recent attributable attack packet
2026-07-25T19:25:38Z,1314,P1,33092,33287,195,0.0195,gain,unknown,P1-C1,12,Ryu,261,2C,0,,0,,0,,,1.0,False,0x40400010,0x00000000,0x00000000,0,0,,,,,,none,0,0,positive delta had no recent attributable attack packet
2026-07-25T19:25:41Z,1340,P1,33287,33482,195,0.0195,gain,unknown,P1-C1,12,Ryu,267,j.C,0,,0,,0,,,1.0,False,0x00400E00,0x00000000,0x00000000,0,0,,,,,,none,0,0,positive delta had no recent attributable attack packet
2026-07-25T19:25:42Z,1346,P1,33482,33677,195,0.0195,gain,unknown,P1-C1,12,Ryu,267,j.C,0,,0,,0,,,1.0,False,0x00400600,0x00000000,0x00000000,0,0,,,,,,none,0,0,positive delta had no recent attributable attack packet
2026-07-25T19:25:43Z,1351,P1,33677,33872,195,0.0195,gain,unknown,P1-C1,12,Ryu,267,j.C,0,,0,,0,,,1.0,False,0x00400600,0x00000000,0x00000000,0,0,,,,,,none,0,0,positive delta had no recent attributable attack packet
2026-07-25T19:25:57Z,1485,P1,33872,34242,370,0.037,gain,attacker,P1-C1,12,Ryu,256,5A,0,P2-C1,1,Ken the Eagle,0,,,1.0,False,0x40400001,0x00000000,0x00000000,0,0,,,,,,none,0,800,positive delta had no recent attributable attack packet
2026-07-25T19:25:57Z,1485,P2,21069,21345,276,0.0276,gain,victim,P1-C1,12,Ryu,256,5A,0,P2-C1,1,Ken the Eagle,0,,,1.0,False,0x40400001,0x00000000,0x00000000,0,0,,,,,,none,0,800,positive delta had no recent attributable attack packet
2026-07-25T19:25:57Z,1486,P1,34242,34307,65,0.0065,gain,unknown,P1-C1,12,Ryu,1,idle,0,,0,,0,,,1.0,False,0x00000001,0x00000000,0x00000000,0,0,,,,,,none,0,0,positive delta had no recent attributable attack packet
2026-07-25T19:25:58Z,1489,P1,34307,34677,370,0.037,gain,attacker,P1-C1,12,Ryu,257,5B,0,P2-C1,1,Ken the Eagle,0,,,1.0,False,0x40400001,0x00000000,0x00000000,0,0,,,,,,none,0,800,positive delta had no recent attributable attack packet
2026-07-25T19:25:58Z,1489,P2,21345,21621,276,0.0276,gain,victim,P1-C1,12,Ryu,257,5B,0,P2-C1,1,Ken the Eagle,0,,,1.0,False,0x40400001,0x00000000,0x00000000,0,0,,,,,,none,0,800,positive delta had no recent attributable attack packet
2026-07-25T19:25:58Z,1490,P1,34677,36135,1458,0.1458,gain,attacker,P1-C1,12,Ryu,260,2B,0,P2-C1,1,Ken the Eagle,0,,,1.0,False,0x40400001,0x00000000,0x00000000,0,0,,,,,,none,0,1368,positive delta had no recent attributable attack packet
2026-07-25T19:25:58Z,1490,P2,21621,22518,897,0.0897,gain,victim,P1-C1,12,Ryu,260,2B,0,P2-C1,1,Ken the Eagle,0,,,1.0,False,0x40400001,0x00000000,0x00000000,0,0,,,,,,none,0,1368,positive delta had no recent attributable attack packet
2026-07-25T19:25:58Z,1491,P1,36135,36330,195,0.0195,gain,attacker,P1-C1,12,Ryu,258,5C,0,P2-C1,1,Ken the Eagle,0,,,1.0,False,0x40400001,0x00000000,0x00000000,0,0,,,,,,none,0,1224,positive delta had no recent attributable attack packet
2026-07-25T19:25:59Z,1492,P1,36330,37304,974,0.0974,gain,unknown,P1-C1,12,Ryu,258,5C,0,,0,,0,,,1.0,False,0x40400001,0x00000000,0x00000000,0,0,,,,,,none,0,0,positive delta had no recent attributable attack packet
2026-07-25T19:25:59Z,1492,P2,22518,23248,730,0.073,gain,unknown,P2-C1,1,Ken the Eagle,66,Hit Low,0,,0,,0,,,1.0,False,0x00001001,0x00000000,0x00000000,0,0,,,,,,none,0,0,positive delta had no recent attributable attack packet
2026-07-25T19:25:59Z,1493,P1,37304,38386,1082,0.1082,gain,attacker,P1-C1,12,Ryu,261,2C,0,P2-C1,1,Ken the Eagle,0,,,1.0,False,0x40400010,0x00000000,0x00000000,0,0,,,,,,none,0,2108,positive delta had no recent attributable attack packet
2026-07-25T19:25:59Z,1493,P2,23248,23913,665,0.0665,gain,victim,P1-C1,12,Ryu,261,2C,0,P2-C1,1,Ken the Eagle,0,,,1.0,False,0x40400010,0x00000000,0x00000000,0,0,,,,,,none,0,2108,positive delta had no recent attributable attack packet
2026-07-25T19:25:59Z,1495,P1,38386,38581,195,0.0195,gain,unknown,P1-C1,12,Ryu,262,6C,0,,0,,0,,,1.0,False,0x40400001,0x00000000,0x00000000,0,0,,,,,,none,0,0,positive delta had no recent attributable attack packet
2026-07-25T19:26:00Z,1497,P1,38581,39609,1028,0.1028,gain,attacker,P1-C1,12,Ryu,315,Donkey H,0,P2-C1,1,Ken the Eagle,0,,,1.0,False,0x41400001,0x00000000,0x00000000,0,0,,,,,,none,0,1663,positive delta had no recent attributable attack packet
2026-07-25T19:26:00Z,1497,P2,23913,24488,575,0.0575,gain,victim,P1-C1,12,Ryu,315,Donkey H,0,P2-C1,1,Ken the Eagle,0,,,1.0,False,0x41400001,0x00000000,0x00000000,0,0,,,,,,none,0,1663,positive delta had no recent attributable attack packet
2026-07-25T19:26:00Z,1499,P1,39609,40520,911,0.0911,gain,attacker,P1-C1,12,Ryu,315,Donkey H,0,P2-C1,1,Ken the Eagle,0,,,1.0,False,0x41400001,0x00000000,0x00000000,0,0,,,,,,none,0,1971,positive delta had no recent attributable attack packet
2026-07-25T19:26:00Z,1499,P2,24488,25170,682,0.0682,gain,victim,P1-C1,12,Ryu,315,Donkey H,0,P2-C1,1,Ken the Eagle,0,,,1.0,False,0x41400001,0x00000000,0x00000000,0,0,,,,,,none,0,1971,positive delta had no recent attributable attack packet
2026-07-25T19:26:01Z,1505,P1,40520,40770,250,0.025,gain,unknown,P1-C1,12,Ryu,256,5A,0,,0,,0,,,1.0,False,0x40400001,0x00000000,0x00000000,0,0,,,,,,none,0,0,positive delta had no recent attributable attack packet
2026-07-25T19:26:01Z,1505,P2,25170,25357,187,0.0187,gain,unknown,P2-C1,1,Ken the Eagle,82,Bounce Bounce off,0,,0,,0,,,1.0,False,0x00005200,0x00000000,0x00000000,0,0,,,,,,none,0,0,positive delta had no recent attributable attack packet
2026-07-25T19:26:01Z,1506,P1,40770,41322,552,0.0552,gain,attacker,P1-C1,12,Ryu,257,5B,0,P2-C1,1,Ken the Eagle,0,,,1.0,False,0x40400001,0x00000000,0x00000000,0,0,,,,,,none,0,544,positive delta had no recent attributable attack packet
2026-07-25T19:26:01Z,1506,P2,25357,25672,315,0.0315,gain,victim,P1-C1,12,Ryu,257,5B,0,P2-C1,1,Ken the Eagle,0,,,1.0,False,0x40400001,0x00000000,0x00000000,0,0,,,,,,none,0,544,positive delta had no recent attributable attack packet
2026-07-25T19:26:02Z,1507,P1,41322,41819,497,0.0497,gain,attacker,P1-C1,12,Ryu,260,2B,0,P2-C1,1,Ken the Eagle,0,,,1.0,False,0x40400001,0x00000000,0x00000000,0,0,,,,,,none,0,914,positive delta had no recent attributable attack packet
2026-07-25T19:26:02Z,1507,P2,25672,25947,275,0.0275,gain,victim,P1-C1,12,Ryu,260,2B,0,P2-C1,1,Ken the Eagle,0,,,1.0,False,0x40400001,0x00000000,0x00000000,0,0,,,,,,none,0,914,positive delta had no recent attributable attack packet
2026-07-25T19:26:02Z,1508,P1,41819,42014,195,0.0195,gain,attacker,P1-C1,12,Ryu,258,5C,0,P2-C1,1,Ken the Eagle,0,,,1.0,False,0x40400001,0x00000000,0x00000000,0,0,,,,,,none,0,794,positive delta had no recent attributable attack packet
2026-07-25T19:26:02Z,1509,P1,42014,42622,608,0.0608,gain,attacker,P1-C1,12,Ryu,258,5C,0,P2-C1,1,Ken the Eagle,0,,,1.0,False,0x40400001,0x00000000,0x00000000,0,0,,,,,,none,0,1317,positive delta had no recent attributable attack packet
2026-07-25T19:26:02Z,1509,P2,25947,26403,456,0.0456,gain,victim,P1-C1,12,Ryu,258,5C,0,P2-C1,1,Ken the Eagle,0,,,1.0,False,0x40400001,0x00000000,0x00000000,0,0,,,,,,none,0,1317,positive delta had no recent attributable attack packet
2026-07-25T19:26:03Z,1516,P1,42622,42817,195,0.0195,gain,unknown,P1-C1,12,Ryu,258,5C,0,,0,,0,,,1.0,False,0x40400001,0x00000000,0x00000000,0,0,,,,,,none,0,0,positive delta had no recent attributable attack packet
2026-07-25T19:26:03Z,1517,P1,42817,43964,1147,0.1147,gain,attacker,P1-C1,12,Ryu,258,5C,0,P2-C1,1,Ken the Eagle,0,,,1.0,False,0x40400001,0x00000000,0x00000000,0,0,,,,,,none,0,2480,positive delta had no recent attributable attack packet
2026-07-25T19:26:03Z,1517,P2,26403,27263,860,0.086,gain,victim,P1-C1,12,Ryu,258,5C,0,P2-C1,1,Ken the Eagle,0,,,1.0,False,0x40400001,0x00000000,0x00000000,0,0,,,,,,none,0,2480,positive delta had no recent attributable attack packet
2026-07-25T19:26:05Z,1528,P1,43964,44159,195,0.0195,gain,unknown,P1-C1,12,Ryu,267,j.C,0,,0,,0,,,1.0,False,0x00400704,0x00000000,0x00000000,0,0,,,,,,none,0,0,positive delta had no recent attributable attack packet
2026-07-25T19:26:07Z,1542,P1,44159,45539,1380,0.138,gain,unknown,P1-C1,12,Ryu,267,j.C,0,,0,,0,,,1.0,False,0x80400702,0x00000000,0x00000000,0,0,,,,,,none,0,0,positive delta had no recent attributable attack packet
2026-07-25T19:26:07Z,1542,P2,27263,28152,889,0.0889,gain,unknown,P2-C1,1,Ken the Eagle,1,idle,0,,0,,0,,,1.0,False,0x00000001,0x00000000,0x00000000,0,0,,,,,,none,0,0,positive delta had no recent attributable attack packet
2026-07-25T19:26:07Z,1544,P1,45539,45890,351,0.0351,gain,unknown,P1-C1,12,Ryu,256,5A,0,,0,,0,,,1.0,False,0x40400001,0x00000000,0x00000000,0,0,,,,,,none,0,0,positive delta had no recent attributable attack packet
2026-07-25T19:26:07Z,1544,P2,28152,28414,262,0.0262,gain,unknown,P2-C1,1,Ken the Eagle,65,Overhead Hitstun,0,,0,,0,,,1.0,False,0x00001001,0x00000000,0x00000000,0,0,,,,,,none,0,0,positive delta had no recent attributable attack packet
2026-07-25T19:26:07Z,1545,P1,45890,46619,729,0.0729,gain,attacker,P1-C1,12,Ryu,257,5B,0,P2-C1,1,Ken the Eagle,0,,,1.0,False,0x40400010,0x00000000,0x00000000,0,0,,,,,,none,0,760,positive delta had no recent attributable attack packet
2026-07-25T19:26:07Z,1545,P2,28414,28862,448,0.0448,gain,victim,P1-C1,12,Ryu,257,5B,0,P2-C1,1,Ken the Eagle,0,,,1.0,False,0x40400010,0x00000000,0x00000000,0,0,,,,,,none,0,760,positive delta had no recent attributable attack packet
2026-07-25T19:26:07Z,1546,P1,46619,47283,664,0.0664,gain,attacker,P1-C1,12,Ryu,260,2B,0,P2-C1,1,Ken the Eagle,0,,,1.0,False,0x40400010,0x00000000,0x00000000,0,0,,,,,,none,0,1296,positive delta had no recent attributable attack packet
2026-07-25T19:26:07Z,1546,P2,28862,29262,400,0.04,gain,victim,P1-C1,12,Ryu,260,2B,0,P2-C1,1,Ken the Eagle,0,,,1.0,False,0x40400010,0x00000000,0x00000000,0,0,,,,,,none,0,1296,positive delta had no recent attributable attack packet
2026-07-25T19:26:08Z,1547,P1,47283,47478,195,0.0195,gain,attacker,P1-C1,12,Ryu,258,5C,0,P2-C1,1,Ken the Eagle,0,,,1.0,False,0x40400001,0x00000000,0x00000000,0,0,,,,,,none,0,1156,positive delta had no recent attributable attack packet
2026-07-25T19:26:08Z,1548,P1,47478,48590,1112,0.1112,gain,attacker,P1-C1,12,Ryu,261,2C,0,P2-C1,1,Ken the Eagle,0,,,1.0,False,0x40400010,0x00000000,0x00000000,0,0,,,,,,none,0,1983,positive delta had no recent attributable attack packet
2026-07-25T19:26:08Z,1548,P2,29262,29949,687,0.0687,gain,victim,P1-C1,12,Ryu,261,2C,0,P2-C1,1,Ken the Eagle,0,,,1.0,False,0x40400010,0x00000000,0x00000000,0,0,,,,,,none,0,1983,positive delta had no recent attributable attack packet
2026-07-25T19:26:08Z,1549,P1,48590,49423,833,0.0833,gain,attacker,P1-C1,12,Ryu,261,2C,0,P2-C1,1,Ken the Eagle,0,,,1.0,False,0x40400010,0x00000000,0x00000000,0,0,,,,,,none,0,1799,positive delta had no recent attributable attack packet
2026-07-25T19:26:08Z,1549,P2,29949,30573,624,0.0624,gain,victim,P1-C1,12,Ryu,261,2C,0,P2-C1,1,Ken the Eagle,0,,,1.0,False,0x40400010,0x00000000,0x00000000,0,0,,,,,,none,0,1799,positive delta had no recent attributable attack packet
2026-07-25T19:26:09Z,1550,P1,49423,49618,195,0.0195,gain,unknown,P1-C1,12,Ryu,262,6C,0,,0,,0,,,1.0,False,0x40400001,0x00000000,0x00000000,0,0,,,,,,none,0,0,positive delta had no recent attributable attack packet
2026-07-25T19:26:09Z,1551,P1,49618,50000,382,0.0382,gain,attacker,P1-C1,12,Ryu,262,6C,0,P2-C1,1,Ken the Eagle,0,,,1.0,False,0x40400001,0x00000000,0x00000000,0,0,,,,,,none,0,1552,positive delta had no recent attributable attack packet
2026-07-25T19:26:09Z,1551,P2,30573,31111,538,0.0538,gain,victim,P1-C1,12,Ryu,262,6C,0,P2-C1,1,Ken the Eagle,0,,,1.0,False,0x40400001,0x00000000,0x00000000,0,0,,,,,,none,0,1552,positive delta had no recent attributable attack packet
2026-07-25T19:26:09Z,1554,P2,31111,31745,634,0.0634,gain,victim,P1-C1,12,Ryu,315,Donkey H,0,P2-C1,1,Ken the Eagle,0,,,1.0,False,0x41400001,0x00000000,0x00000000,0,0,,,,,,none,0,1831,positive delta had no recent attributable attack packet
2026-07-25T19:26:10Z,1559,P2,31745,31917,172,0.0172,gain,unknown,P2-C1,1,Ken the Eagle,82,Bounce Bounce off,0,,0,,0,,,1.0,False,0x00005200,0x00000000,0x00000000,0,0,,,,,,none,0,0,positive delta had no recent attributable attack packet
2026-07-25T19:26:10Z,1560,P2,31917,32076,159,0.0159,gain,victim,P1-C1,12,Ryu,256,5A,0,P2-C1,1,Ken the Eagle,0,,,1.0,False,0x40400001,0x00000000,0x00000000,0,0,,,,,,none,0,502,positive delta had no recent attributable attack packet
2026-07-25T19:26:11Z,1561,P2,32076,32339,263,0.0263,gain,victim,P1-C1,12,Ryu,257,5B,0,P2-C1,1,Ken the Eagle,0,,,1.0,False,0x40400001,0x00000000,0x00000000,0,0,,,,,,none,0,1226,positive delta had no recent attributable attack packet
2026-07-25T19:26:11Z,1562,P2,32339,32561,222,0.0222,gain,unknown,P2-C1,1,Ken the Eagle,91,Soft Knockdown,0,,0,,0,,,1.0,False,0x00005200,0x00000000,0x00000000,0,0,,,,,,none,0,0,positive delta had no recent attributable attack packet
2026-07-25T19:26:12Z,1564,P2,32561,32923,362,0.0362,gain,victim,P1-C1,12,Ryu,258,5C,0,P2-C1,1,Ken the Eagle,0,,,1.0,False,0x40400001,0x00000000,0x00000000,0,0,,,,,,none,0,1047,positive delta had no recent attributable attack packet
2026-07-25T19:26:12Z,1566,P2,32923,33235,312,0.0312,gain,victim,P1-C1,12,Ryu,261,2C,0,P2-C1,1,Ken the Eagle,0,,,1.0,False,0x40400010,0x00000000,0x00000000,0,0,,,,,,none,0,899,positive delta had no recent attributable attack packet
2026-07-25T19:26:12Z,1568,P2,33235,33515,280,0.028,gain,victim,P1-C1,12,Ryu,262,6C,0,P2-C1,1,Ken the Eagle,0,,,1.0,False,0x40400001,0x00000000,0x00000000,0,0,,,,,,none,0,812,positive delta had no recent attributable attack packet
2026-07-25T19:26:13Z,1572,P2,33515,33724,209,0.0209,gain,victim,P1-C1,12,Ryu,309,Tatsu H,0,P2-C1,1,Ken the Eagle,0,,,1.0,False,0x01C00200,0x00000000,0x00000000,0,0,,,,,,none,0,606,positive delta had no recent attributable attack packet
2026-07-25T19:26:13Z,1574,P2,33724,33933,209,0.0209,gain,victim,P1-C1,12,Ryu,309,Tatsu H,0,P2-C1,1,Ken the Eagle,0,,,1.0,False,0x01C00200,0x00000000,0x00000000,0,0,,,,,,none,0,607,positive delta had no recent attributable attack packet
2026-07-25T19:26:14Z,1577,P2,33933,34143,210,0.021,gain,victim,P1-C1,12,Ryu,309,Tatsu H,0,P2-C1,1,Ken the Eagle,0,,,1.0,False,0x01C00200,0x00000000,0x00000000,0,0,,,,,,none,0,608,positive delta had no recent attributable attack packet
2026-07-25T19:26:14Z,1579,P2,34143,34353,210,0.021,gain,victim,P1-C1,12,Ryu,309,Tatsu H,0,P2-C1,1,Ken the Eagle,0,,,1.0,False,0x01400001,0x00000000,0x00000000,0,0,,,,,,none,0,609,positive delta had no recent attributable attack packet
2026-07-25T19:26:15Z,1582,P2,34353,34403,50,0.005,gain,unknown,P2-C1,1,Ken the Eagle,80,Hard Knockdown,0,,0,,0,,,1.0,False,0x00005200,0x00000000,0x00000000,0,0,,,,,,none,0,0,positive delta had no recent attributable attack packet
2026-07-25T19:26:15Z,1583,P2,34403,34453,50,0.005,gain,victim,P1-C1,12,Ryu,256,5A,0,P2-C1,1,Ken the Eagle,0,,,1.0,False,0x40400001,0x00000000,0x00000000,0,0,,,,,,none,0,296,positive delta had no recent attributable attack packet
2026-07-25T19:26:15Z,1584,P2,34453,34546,93,0.0093,gain,victim,P1-C1,12,Ryu,257,5B,0,P2-C1,1,Ken the Eagle,0,,,1.0,False,0x40400001,0x00000000,0x00000000,0,0,,,,,,none,0,294,positive delta had no recent attributable attack packet
2026-07-25T19:26:16Z,1587,P2,34546,34705,159,0.0159,gain,victim,P1-C1,12,Ryu,258,5C,0,P2-C1,1,Ken the Eagle,0,,,1.0,False,0x40400001,0x00000000,0x00000000,0,0,,,,,,none,0,899,positive delta had no recent attributable attack packet
2026-07-25T19:26:16Z,1589,P2,34705,34859,154,0.0154,gain,unknown,P2-C1,1,Ken the Eagle,91,Soft Knockdown,0,,0,,0,,,1.0,False,0x00005200,0x00000000,0x00000000,0,0,,,,,,none,0,0,positive delta had no recent attributable attack packet
2026-07-25T19:26:17Z,1591,P2,34859,34998,139,0.0139,gain,victim,P1-C1,12,Ryu,262,6C,0,P2-C1,1,Ken the Eagle,0,,,1.0,False,0x40400001,0x00000000,0x00000000,0,0,,,,,,none,0,786,positive delta had no recent attributable attack packet
2026-07-25T19:26:17Z,1594,P2,34998,35098,100,0.01,gain,unknown,P2-C1,1,Ken the Eagle,91,Soft Knockdown,0,,0,,0,,,1.0,False,0x00005200,0x00000000,0x00000000,0,0,,,,,,none,0,0,positive delta had no recent attributable attack packet
2026-07-25T19:26:18Z,1596,P2,35098,35199,101,0.0101,gain,victim,P1-C1,12,Ryu,309,Tatsu H,0,P2-C1,1,Ken the Eagle,0,,,1.0,False,0x01C00200,0x00000000,0x00000000,0,0,,,,,,none,0,576,positive delta had no recent attributable attack packet
2026-07-25T19:26:18Z,1598,P2,35199,35300,101,0.0101,gain,unknown,P2-C1,1,Ken the Eagle,80,Hard Knockdown,0,,0,,0,,,1.0,False,0x00005200,0x00000000,0x00000000,0,0,,,,,,none,0,0,positive delta had no recent attributable attack packet
2026-07-25T19:26:18Z,1600,P2,35300,35401,101,0.0101,gain,victim,P1-C1,12,Ryu,309,Tatsu H,0,P2-C1,1,Ken the Eagle,0,,,1.0,False,0x01400001,0x00000000,0x00000000,0,0,,,,,,none,0,578,positive delta had no recent attributable attack packet
2026-07-25T19:26:18Z,1601,P2,35401,35528,127,0.0127,gain,unknown,P2-C1,1,Ken the Eagle,80,Hard Knockdown,0,,0,,0,,,1.0,False,0x00005200,0x00000000,0x00000000,0,0,,,,,,none,0,0,positive delta had no recent attributable attack packet
2026-07-25T19:26:19Z,1603,P2,35528,35656,128,0.0128,gain,unknown,P2-C1,1,Ken the Eagle,91,Soft Knockdown,0,,0,,0,,,1.0,False,0x00005200,0x00000000,0x00000000,0,0,,,,,,none,0,0,positive delta had no recent attributable attack packet
2026-07-25T19:26:19Z,1605,P2,35656,35788,132,0.0132,gain,victim,P1-C1,12,Ryu,1,idle,0,P2-C1,1,Ken the Eagle,0,,,1.0,False,0x40400001,0x00000000,0x00000000,0,0,,,,,,none,0,384,positive delta had no recent attributable attack packet
2026-07-25T19:26:19Z,1606,P2,35788,35953,165,0.0165,gain,victim,P1-C1,12,Ryu,258,5C,0,P2-C1,1,Ken the Eagle,0,,,1.0,False,0x40400001,0x00000000,0x00000000,0,0,,,,,,none,0,935,positive delta had no recent attributable attack packet
2026-07-25T19:26:20Z,1608,P2,35953,36003,50,0.005,gain,unknown,P2-C1,1,Ken the Eagle,91,Soft Knockdown,0,,0,,0,,,1.0,False,0x00005200,0x00000000,0x00000000,0,0,,,,,,none,0,0,positive delta had no recent attributable attack packet
2026-07-25T19:26:20Z,1609,P2,36003,36094,91,0.0091,gain,victim,P1-C1,12,Ryu,257,5B,0,P2-C1,1,Ken the Eagle,0,,,1.0,False,0x40400001,0x00000000,0x00000000,0,0,,,,,,none,0,810,positive delta had no recent attributable attack packet
2026-07-25T19:26:23Z,1631,P2,36094,36676,582,0.0582,gain,victim,P1-C1,12,Ryu,325,Air Tatsu H,0,P2-C1,1,Ken the Eagle,0,,,1.0,False,0x01C00200,0x00000000,0x00000000,0,0,,,,,,none,0,1680,positive delta had no recent attributable attack packet
2026-07-25T19:26:24Z,1632,P2,36676,37229,553,0.0553,gain,victim,P1-C1,12,Ryu,325,Air Tatsu H,0,P2-C1,1,Ken the Eagle,0,,,1.0,False,0x01C00200,0x00000000,0x00000000,0,0,,,,,,none,0,1596,positive delta had no recent attributable attack packet
2026-07-25T19:26:24Z,1635,P2,37229,37752,523,0.0523,gain,victim,P1-C1,12,Ryu,325,Air Tatsu H,0,P2-C1,1,Ken the Eagle,0,,,1.0,False,0x01C00200,0x00000000,0x00000000,0,0,,,,,,none,0,1512,positive delta had no recent attributable attack packet
2026-07-25T19:26:25Z,1637,P2,37752,38247,495,0.0495,gain,victim,P1-C1,12,Ryu,325,Air Tatsu H,0,P2-C1,1,Ken the Eagle,0,,,1.0,False,0x01400200,0x00000000,0x00000000,0,0,,,,,,none,0,1428,positive delta had no recent attributable attack packet
2026-07-25T19:26:27Z,1651,P2,38247,38523,276,0.0276,gain,victim,P1-C1,12,Ryu,256,5A,0,P2-C1,1,Ken the Eagle,0,,,1.0,False,0x40400001,0x00000000,0x00000000,0,0,,,,,,none,0,800,positive delta had no recent attributable attack packet
2026-07-25T19:26:27Z,1652,P2,38523,38997,474,0.0474,gain,victim,P1-C1,12,Ryu,257,5B,0,P2-C1,1,Ken the Eagle,0,,,1.0,False,0x40400010,0x00000000,0x00000000,0,0,,,,,,none,0,1368,positive delta had no recent attributable attack packet
2026-07-25T19:26:27Z,1653,P2,38997,39420,423,0.0423,gain,unknown,P2-C1,1,Ken the Eagle,64,Standing Hitstun,0,,0,,0,,,1.0,False,0x00001001,0x00000000,0x00000000,0,0,,,,,,none,0,0,positive delta had no recent attributable attack packet
2026-07-25T19:26:27Z,1654,P2,39420,40150,730,0.073,gain,victim,P1-C1,12,Ryu,258,5C,0,P2-C1,1,Ken the Eagle,0,,,1.0,False,0x40400001,0x00000000,0x00000000,0,0,,,,,,none,0,1224,positive delta had no recent attributable attack packet
2026-07-25T19:26:28Z,1656,P2,40150,40815,665,0.0665,gain,victim,P1-C1,12,Ryu,261,2C,0,P2-C1,1,Ken the Eagle,0,,,1.0,False,0x40400010,0x00000000,0x00000000,0,0,,,,,,none,0,1919,positive delta had no recent attributable attack packet
2026-07-25T19:26:29Z,1658,P2,40815,41390,575,0.0575,gain,victim,P1-C1,12,Ryu,262,6C,0,P2-C1,1,Ken the Eagle,0,,,1.0,False,0x40400001,0x00000000,0x00000000,0,0,,,,,,none,0,1663,positive delta had no recent attributable attack packet
2026-07-25T19:26:29Z,1661,P2,41390,42072,682,0.0682,gain,victim,P1-C1,12,Ryu,315,Donkey H,0,P2-C1,1,Ken the Eagle,0,,,1.0,False,0x41400001,0x00000000,0x00000000,0,0,,,,,,none,0,1971,positive delta had no recent attributable attack packet
2026-07-25T19:26:30Z,1667,P2,42072,42259,187,0.0187,gain,victim,P1-C1,12,Ryu,256,5A,0,P2-C1,1,Ken the Eagle,0,,,1.0,False,0x40400001,0x00000000,0x00000000,0,0,,,,,,none,0,544,positive delta had no recent attributable attack packet
2026-07-25T19:26:30Z,1668,P2,42259,42725,466,0.0466,gain,victim,P1-C1,12,Ryu,257,5B,0,P2-C1,1,Ken the Eagle,0,,,1.0,False,0x40400001,0x00000000,0x00000000,0,0,,,,,,none,0,507,positive delta had no recent attributable attack packet
2026-07-25T19:26:31Z,1670,P2,42725,42974,249,0.0249,gain,unknown,P2-C1,1,Ken the Eagle,91,Soft Knockdown,0,,0,,0,,,1.0,False,0x00005200,0x00000000,0x00000000,0,0,,,,,,none,0,0,positive delta had no recent attributable attack packet
2026-07-25T19:26:31Z,1671,P2,42974,43384,410,0.041,gain,victim,P1-C1,12,Ryu,258,5C,0,P2-C1,1,Ken the Eagle,0,,,1.0,False,0x40400001,0x00000000,0x00000000,0,0,,,,,,none,0,723,positive delta had no recent attributable attack packet
2026-07-25T19:26:32Z,1674,P2,43384,43740,356,0.0356,gain,victim,P1-C1,12,Ryu,262,6C,0,P2-C1,1,Ken the Eagle,0,,,1.0,False,0x40400001,0x00000000,0x00000000,0,0,,,,,,none,0,1031,positive delta had no recent attributable attack packet
2026-07-25T19:26:32Z,1675,P2,43740,44022,282,0.0282,gain,victim,P1-C1,12,Ryu,262,6C,0,P2-C1,1,Ken the Eagle,0,,,1.0,False,0x40400001,0x00000000,0x00000000,0,0,,,,,,none,0,816,positive delta had no recent attributable attack packet
2026-07-25T19:26:33Z,1678,P2,44022,44232,210,0.021,gain,victim,P1-C1,12,Ryu,309,Tatsu H,0,P2-C1,1,Ken the Eagle,0,,,1.0,False,0x01C00200,0x00000000,0x00000000,0,0,,,,,,none,0,609,positive delta had no recent attributable attack packet
2026-07-25T19:26:33Z,1680,P2,44232,44442,210,0.021,gain,victim,P1-C1,12,Ryu,309,Tatsu H,0,P2-C1,1,Ken the Eagle,0,,,1.0,False,0x01C00200,0x00000000,0x00000000,0,0,,,,,,none,0,610,positive delta had no recent attributable attack packet
2026-07-25T19:26:33Z,1682,P2,44442,44652,210,0.021,gain,victim,P1-C1,12,Ryu,309,Tatsu H,0,P2-C1,1,Ken the Eagle,0,,,1.0,False,0x01C00200,0x00000000,0x00000000,0,0,,,,,,none,0,611,positive delta had no recent attributable attack packet
2026-07-25T19:26:34Z,1683,P2,44652,44862,210,0.021,gain,victim,P1-C1,12,Ryu,1,idle,0,P2-C1,1,Ken the Eagle,0,,,1.0,False,0x00000005,0x00000000,0x00000000,0,0,,,,,,none,0,612,positive delta had no recent attributable attack packet
2026-07-25T19:26:34Z,1685,P2,44862,44912,50,0.005,gain,victim,P1-C1,12,Ryu,256,5A,0,P2-C1,1,Ken the Eagle,0,,,1.0,False,0x40400001,0x00000000,0x00000000,0,0,,,,,,none,0,297,positive delta had no recent attributable attack packet
2026-07-25T19:26:34Z,1686,P2,44912,44962,50,0.005,gain,victim,P1-C1,12,Ryu,256,5A,0,P2-C1,1,Ken the Eagle,0,,,1.0,False,0x40400001,0x00000000,0x00000000,0,0,,,,,,none,0,296,positive delta had no recent attributable attack packet
2026-07-25T19:26:35Z,1687,P2,44962,45055,93,0.0093,gain,victim,P1-C1,12,Ryu,257,5B,0,P2-C1,1,Ken the Eagle,0,,,1.0,False,0x40400001,0x00000000,0x00000000,0,0,,,,,,none,0,532,positive delta had no recent attributable attack packet
2026-07-25T19:26:38Z,1711,P2,45055,45331,276,0.0276,gain,victim,P1-C1,12,Ryu,256,5A,0,P2-C1,1,Ken the Eagle,0,,,1.0,False,0x40400001,0x00000000,0x00000000,0,0,,,,,,none,0,800,positive delta had no recent attributable attack packet
2026-07-25T19:26:38Z,1712,P2,45331,45805,474,0.0474,gain,victim,P1-C1,12,Ryu,260,2B,0,P2-C1,1,Ken the Eagle,0,,,1.0,False,0x40400010,0x00000000,0x00000000,0,0,,,,,,none,0,1368,positive delta had no recent attributable attack packet
2026-07-25T19:26:39Z,1713,P2,45805,46228,423,0.0423,gain,victim,P1-C1,12,Ryu,260,2B,0,P2-C1,1,Ken the Eagle,0,,,1.0,False,0x40400010,0x00000000,0x00000000,0,0,,,,,,none,0,1224,positive delta had no recent attributable attack packet
2026-07-25T19:26:39Z,1715,P2,46228,46958,730,0.073,gain,victim,P1-C1,12,Ryu,258,5C,0,P2-C1,1,Ken the Eagle,0,,,1.0,False,0x40400001,0x00000000,0x00000000,0,0,,,,,,none,0,2108,positive delta had no recent attributable attack packet
2026-07-25T19:26:39Z,1717,P2,46958,47557,599,0.0599,gain,victim,P1-C1,12,Ryu,262,6C,0,P2-C1,1,Ken the Eagle,0,,,1.0,False,0x40400001,0x00000000,0x00000000,0,0,,,,,,none,0,1727,positive delta had no recent attributable attack packet
2026-07-25T19:26:40Z,1720,P2,47557,48285,728,0.0728,gain,victim,P1-C1,12,Ryu,11,crouched,0,P2-C1,1,Ken the Eagle,0,,,1.0,False,0x00000401,0x00000000,0x00000000,0,0,,,,,,none,0,2099,positive delta had no recent attributable attack packet
2026-07-25T19:26:41Z,1724,P2,48285,48840,555,0.0555,gain,victim,P1-C1,12,Ryu,309,Tatsu H,0,P2-C1,1,Ken the Eagle,0,,,1.0,False,0x01C00200,0x00000000,0x00000000,0,0,,,,,,none,0,1600,positive delta had no recent attributable attack packet
2026-07-25T19:26:41Z,1725,P2,48840,49397,557,0.0557,gain,unknown,P2-C1,1,Ken the Eagle,80,Hard Knockdown,0,,0,,0,,,1.0,False,0x00005200,0x00000000,0x00000000,0,0,,,,,,none,0,0,positive delta had no recent attributable attack packet
2026-07-25T19:26:41Z,1729,P2,49397,49927,530,0.053,gain,victim,P1-C1,12,Ryu,309,Tatsu H,0,P2-C1,1,Ken the Eagle,0,,,1.0,False,0x01C00200,0x00000000,0x00000000,0,0,,,,,,none,0,1528,positive delta had no recent attributable attack packet
2026-07-25T19:26:42Z,1730,P2,49927,50000,73,0.0073,gain,victim,P1-C1,12,Ryu,309,Tatsu H,0,P2-C1,1,Ken the Eagle,0,,,1.0,False,0x01400001,0x00000000,0x00000000,0,0,,,,,,none,0,1445,positive delta had no recent attributable attack packet
2026-07-25T19:26:45Z,1752,P1,50000,20000,-30000,-3.0,spend_or_drain,spend_or_drain,P1-C1,12,Ryu,368,Shin Sho,0,P2-C1,1,Ken the Eagle,100,0x00000009,0x00000040,1.0,False,0x02400001,0x00000000,0x00000000,0,0,,,,,,none,0,2099,negative delta is a meter spend or scripted drain
2026-07-25T19:26:51Z,1795,P1,20000,20260,260,0.026,gain,unknown,P1-C1,12,Ryu,1,idle,0,,0,,0,,,1.0,False,0x01400001,0x00000000,0x00000000,0,0,,,,,,none,0,0,positive delta had no recent attributable attack packet
2026-07-25T19:26:52Z,1804,P1,20260,20425,165,0.0165,gain,unknown,P1-C1,12,Ryu,1,idle,0,,0,,0,,,1.0,False,0x40400010,0x00000000,0x00000000,0,0,,,,,,none,0,0,positive delta had no recent attributable attack packet
2026-07-25T19:26:52Z,1805,P1,20425,20852,427,0.0427,gain,attacker,P1-C1,12,Ryu,260,2B,0,P2-C1,1,Ken the Eagle,0,,,1.0,False,0x40400010,0x00000000,0x00000000,0,0,,,,,,none,0,287,positive delta had no recent attributable attack packet
2026-07-25T19:26:53Z,1806,P1,20852,21531,679,0.0679,gain,attacker,P1-C1,12,Ryu,258,5C,0,P2-C1,1,Ken the Eagle,0,,,1.0,False,0x40400001,0x00000000,0x00000000,0,0,,,,,,none,0,516,positive delta had no recent attributable attack packet
2026-07-25T19:26:53Z,1808,P1,21531,22140,609,0.0609,gain,unknown,P1-C1,12,Ryu,261,2C,0,,0,,0,,,1.0,False,0x40400010,0x00000000,0x00000000,0,0,,,,,,none,0,0,positive delta had no recent attributable attack packet
2026-07-25T19:26:53Z,1809,P1,22140,22335,195,0.0195,gain,attacker,P1-C1,12,Ryu,262,6C,0,P2-C1,1,Ken the Eagle,0,,,1.0,False,0x40400001,0x00000000,0x00000000,0,0,,,,,,none,0,716,positive delta had no recent attributable attack packet
2026-07-25T19:26:54Z,1810,P1,22335,22708,373,0.0373,gain,attacker,P1-C1,12,Ryu,262,6C,0,P2-C1,1,Ken the Eagle,0,,,1.0,False,0x40400001,0x00000000,0x00000000,0,0,,,,,,none,0,647,positive delta had no recent attributable attack packet
2026-07-25T19:26:54Z,1811,P1,22708,22968,260,0.026,gain,unknown,P1-C1,12,Ryu,309,Tatsu H,0,,0,,0,,,1.0,False,0x01400001,0x00000000,0x00000000,0,0,,,,,,none,0,0,positive delta had no recent attributable attack packet
2026-07-25T19:26:54Z,1812,P1,22968,23246,278,0.0278,gain,attacker,P1-C1,12,Ryu,309,Tatsu H,0,P2-C1,1,Ken the Eagle,0,,,1.0,False,0x01C00200,0x00000000,0x00000000,0,0,,,,,,none,0,483,positive delta had no recent attributable attack packet
2026-07-25T19:26:55Z,1815,P1,23246,23525,279,0.0279,gain,attacker,P1-C1,12,Ryu,309,Tatsu H,0,P2-C1,1,Ken the Eagle,0,,,1.0,False,0x01C00200,0x00000000,0x00000000,0,0,,,,,,none,0,484,positive delta had no recent attributable attack packet
2026-07-25T19:26:55Z,1816,P1,23525,23804,279,0.0279,gain,attacker,P1-C1,12,Ryu,309,Tatsu H,0,P2-C1,1,Ken the Eagle,0,,,1.0,False,0x01C00200,0x00000000,0x00000000,0,0,,,,,,none,0,424,positive delta had no recent attributable attack packet
2026-07-25T19:26:55Z,1819,P1,23804,24083,279,0.0279,gain,unknown,P1-C1,12,Ryu,309,Tatsu H,0,,0,,0,,,1.0,False,0x01C00200,0x00000000,0x00000000,0,0,,,,,,none,0,0,positive delta had no recent attributable attack packet
2026-07-25T19:26:56Z,1822,P1,24083,24216,133,0.0133,gain,attacker,P1-C1,12,Ryu,256,5A,0,P2-C1,1,Ken the Eagle,0,,,1.0,False,0x40400001,0x00000000,0x00000000,0,0,,,,,,none,0,206,positive delta had no recent attributable attack packet
2026-07-25T19:26:56Z,1823,P1,24216,24283,67,0.0067,gain,unknown,P1-C1,12,Ryu,256,5A,0,,0,,0,,,1.0,False,0x40400001,0x00000000,0x00000000,0,0,,,,,,none,0,0,positive delta had no recent attributable attack packet
2026-07-25T19:26:56Z,1824,P1,24283,24601,318,0.0318,gain,attacker,P1-C1,12,Ryu,257,5B,0,P2-C1,1,Ken the Eagle,0,,,1.0,False,0x40400001,0x00000000,0x00000000,0,0,,,,,,none,0,205,positive delta had no recent attributable attack packet
2026-07-25T19:26:57Z,1826,P1,24601,24846,245,0.0245,gain,unknown,P1-C1,12,Ryu,260,2B,0,,0,,0,,,1.0,False,0x40400010,0x00000000,0x00000000,0,0,,,,,,none,0,0,positive delta had no recent attributable attack packet
2026-07-25T19:26:57Z,1827,P1,24846,25041,195,0.0195,gain,attacker,P1-C1,12,Ryu,258,5C,0,P2-C1,1,Ken the Eagle,0,,,1.0,False,0x40400001,0x00000000,0x00000000,0,0,,,,,,none,0,342,positive delta had no recent attributable attack packet
2026-07-25T19:26:57Z,1828,P1,25041,25252,211,0.0211,gain,unknown,P1-C1,12,Ryu,258,5C,0,,0,,0,,,1.0,False,0x40400001,0x00000000,0x00000000,0,0,,,,,,none,0,0,positive delta had no recent attributable attack packet
2026-07-25T19:26:57Z,1830,P1,25252,25653,401,0.0401,gain,attacker,P1-C1,12,Ryu,261,2C,0,P2-C1,1,Ken the Eagle,0,,,1.0,False,0x40400010,0x00000000,0x00000000,0,0,,,,,,none,0,609,positive delta had no recent attributable attack packet
2026-07-25T19:26:58Z,1831,P1,25653,25848,195,0.0195,gain,unknown,P1-C1,12,Ryu,262,6C,0,,0,,0,,,1.0,False,0x40400001,0x00000000,0x00000000,0,0,,,,,,none,0,0,positive delta had no recent attributable attack packet
2026-07-25T19:26:58Z,1833,P1,25848,26033,185,0.0185,gain,attacker,P1-C1,12,Ryu,262,6C,0,P2-C1,1,Ken the Eagle,0,,,1.0,False,0x40400001,0x00000000,0x00000000,0,0,,,,,,none,0,550,positive delta had no recent attributable attack packet
2026-07-25T19:26:58Z,1834,P1,26033,26432,399,0.0399,gain,unknown,P1-C1,12,Ryu,309,Tatsu H,0,,0,,0,,,1.0,False,0x01400001,0x00000000,0x00000000,0,0,,,,,,none,0,0,positive delta had no recent attributable attack packet
2026-07-25T19:26:59Z,1837,P1,26432,26571,139,0.0139,gain,attacker,P1-C1,12,Ryu,309,Tatsu H,0,P2-C1,1,Ken the Eagle,0,,,1.0,False,0x01C00200,0x00000000,0x00000000,0,0,,,,,,none,0,412,positive delta had no recent attributable attack packet
2026-07-25T19:26:59Z,1838,P1,26571,26710,139,0.0139,gain,unknown,P1-C1,12,Ryu,309,Tatsu H,0,,0,,0,,,1.0,False,0x01C00200,0x00000000,0x00000000,0,0,,,,,,none,0,0,positive delta had no recent attributable attack packet
2026-07-25T19:26:59Z,1841,P1,26710,26849,139,0.0139,gain,unknown,P1-C1,12,Ryu,309,Tatsu H,0,,0,,0,,,1.0,False,0x01C00200,0x00000000,0x00000000,0,0,,,,,,none,0,0,positive delta had no recent attributable attack packet
2026-07-25T19:27:00Z,1843,P1,26849,27020,171,0.0171,gain,unknown,P1-C1,12,Ryu,309,Tatsu H,0,,0,,0,,,1.0,False,0x01400001,0x00000000,0x00000000,0,0,,,,,,none,0,0,positive delta had no recent attributable attack packet
2026-07-25T19:27:00Z,1845,P1,27020,27194,174,0.0174,gain,unknown,P1-C1,12,Ryu,3,backward,0,,0,,0,,,1.0,False,0x00000005,0x00000000,0x00000000,0,0,,,,,,none,0,0,positive delta had no recent attributable attack packet
2026-07-25T19:27:00Z,1846,P1,27194,27372,178,0.0178,gain,unknown,P1-C1,12,Ryu,1,idle,0,,0,,0,,,1.0,False,0x00000001,0x00000000,0x00000000,0,0,,,,,,none,0,0,positive delta had no recent attributable attack packet
2026-07-25T19:27:01Z,1847,P1,27372,27567,195,0.0195,gain,unknown,P1-C1,12,Ryu,258,5C,0,,0,,0,,,1.0,False,0x40400001,0x00000000,0x00000000,0,0,,,,,,none,0,0,positive delta had no recent attributable attack packet
2026-07-25T19:27:06Z,1881,P1,27567,27937,370,0.037,gain,attacker,P1-C1,12,Ryu,256,5A,0,P2-C1,1,Ken the Eagle,0,,,1.0,False,0x40400001,0x00000000,0x00000000,0,0,,,,,,none,0,800,positive delta had no recent attributable attack packet
2026-07-25T19:27:06Z,1882,P1,27937,28700,763,0.0763,gain,attacker,P1-C1,12,Ryu,260,2B,0,P2-C1,1,Ken the Eagle,0,,,1.0,False,0x40400010,0x00000000,0x00000000,0,0,,,,,,none,0,1368,positive delta had no recent attributable attack packet
2026-07-25T19:27:06Z,1883,P1,28700,29395,695,0.0695,gain,attacker,P1-C1,12,Ryu,260,2B,0,P2-C1,1,Ken the Eagle,0,,,1.0,False,0x40400010,0x00000000,0x00000000,0,0,,,,,,none,0,1224,positive delta had no recent attributable attack packet
2026-07-25T19:27:06Z,1885,P1,29395,29590,195,0.0195,gain,unknown,P1-C1,12,Ryu,258,5C,0,,0,,0,,,1.0,False,0x40400001,0x00000000,0x00000000,0,0,,,,,,none,0,0,positive delta had no recent attributable attack packet
2026-07-25T19:27:07Z,1886,P1,29590,30759,1169,0.1169,gain,attacker,P1-C1,12,Ryu,262,6C,0,P2-C1,1,Ken the Eagle,0,,,1.0,False,0x40400001,0x00000000,0x00000000,0,0,,,,,,none,0,2108,positive delta had no recent attributable attack packet
2026-07-25T19:27:07Z,1887,P1,30759,31558,799,0.0799,gain,unknown,P1-C1,12,Ryu,262,6C,0,,0,,0,,,1.0,False,0x40400001,0x00000000,0x00000000,0,0,,,,,,none,0,0,positive delta had no recent attributable attack packet
2026-07-25T19:27:08Z,1893,P1,31558,31928,370,0.037,gain,unknown,P1-C1,12,Ryu,256,5A,0,,0,,0,,,1.0,False,0x40400001,0x00000000,0x00000000,0,0,,,,,,none,0,0,positive delta had no recent attributable attack packet
2026-07-25T19:27:08Z,1894,P1,31928,32058,130,0.013,gain,attacker,P1-C1,12,Ryu,257,5B,0,P2-C1,1,Ken the Eagle,0,,,1.0,False,0x40400001,0x00000000,0x00000000,0,0,,,,,,none,0,800,positive delta had no recent attributable attack packet
2026-07-25T19:27:08Z,1895,P1,32058,32691,633,0.0633,gain,attacker,P1-C1,12,Ryu,257,5B,0,P2-C1,1,Ken the Eagle,0,,,1.0,False,0x40400001,0x00000000,0x00000000,0,0,,,,,,none,0,1368,positive delta had no recent attributable attack packet
2026-07-25T19:27:08Z,1896,P1,32691,33386,695,0.0695,gain,attacker,P1-C1,12,Ryu,260,2B,0,P2-C1,1,Ken the Eagle,0,,,1.0,False,0x40400001,0x00000000,0x00000000,0,0,,,,,,none,0,1224,positive delta had no recent attributable attack packet
2026-07-25T19:27:09Z,1897,P1,33386,33581,195,0.0195,gain,unknown,P1-C1,12,Ryu,258,5C,0,,0,,0,,,1.0,False,0x40400001,0x00000000,0x00000000,0,0,,,,,,none,0,0,positive delta had no recent attributable attack packet
2026-07-25T19:27:09Z,1898,P1,33581,34555,974,0.0974,gain,attacker,P1-C1,12,Ryu,258,5C,0,P2-C1,1,Ken the Eagle,0,,,1.0,False,0x40400001,0x00000000,0x00000000,0,0,,,,,,none,0,2108,positive delta had no recent attributable attack packet
2026-07-25T19:27:09Z,1900,P1,34555,35549,994,0.0994,gain,attacker,P1-C1,12,Ryu,305,Hado M,0,P2-C1,1,Ken the Eagle,0,,,1.0,False,0x41400001,0x00000000,0x00000000,0,0,,,,,,none,0,1727,positive delta had no recent attributable attack packet
2026-07-25T19:27:10Z,1901,P1,35549,35809,260,0.026,gain,unknown,P1-C1,12,Ryu,305,Hado M,0,,0,,0,,,1.0,False,0x41400001,0x00000000,0x00000000,0,0,,,,,,none,0,0,positive delta had no recent attributable attack packet
2026-07-25T19:27:10Z,1903,P1,35809,36780,971,0.0971,gain,attacker,P1-C1,12,Ryu,10,crouching,0,P2-C1,1,Ken the Eagle,0,,,1.0,False,0x00000005,0x00000000,0x00000000,0,0,,,,,,none,0,2099,positive delta had no recent attributable attack packet
2026-07-25T19:27:10Z,1906,P1,36780,37040,260,0.026,gain,unknown,P1-C1,12,Ryu,309,Tatsu H,0,,0,,0,,,1.0,False,0x01400001,0x00000000,0x00000000,0,0,,,,,,none,0,0,positive delta had no recent attributable attack packet
2026-07-25T19:27:11Z,1907,P1,37040,37410,370,0.037,gain,unknown,P1-C1,12,Ryu,309,Tatsu H,0,,0,,0,,,1.0,False,0x01400001,0x00000000,0x00000000,0,0,,,,,,none,0,0,positive delta had no recent attributable attack packet
2026-07-25T19:27:11Z,1908,P1,37410,37781,371,0.0371,gain,attacker,P1-C1,12,Ryu,309,Tatsu H,0,P2-C1,1,Ken the Eagle,0,,,1.0,False,0x01C00200,0x00000000,0x00000000,0,0,,,,,,none,0,3119,positive delta had no recent attributable attack packet
2026-07-25T19:27:11Z,1911,P1,37781,38133,352,0.0352,gain,unknown,P1-C1,12,Ryu,309,Tatsu H,0,,0,,0,,,1.0,False,0x01C00200,0x00000000,0x00000000,0,0,,,,,,none,0,0,positive delta had no recent attributable attack packet
2026-07-25T19:27:12Z,1913,P1,38133,38467,334,0.0334,gain,attacker,P1-C1,12,Ryu,309,Tatsu H,0,P2-C1,1,Ken the Eagle,0,,,1.0,False,0x01400001,0x00000000,0x00000000,0,0,,,,,,none,0,1403,positive delta had no recent attributable attack packet
2026-07-25T19:27:13Z,1923,P1,38467,39600,1133,0.1133,gain,attacker,P1-C1,12,Ryu,257,5B,0,P2-C1,1,Ken the Eagle,0,,,1.0,False,0x40400010,0x00000000,0x00000000,0,0,,,,,,none,0,800,positive delta had no recent attributable attack packet
2026-07-25T19:27:14Z,1924,P1,39600,40295,695,0.0695,gain,attacker,P1-C1,12,Ryu,260,2B,0,P2-C1,1,Ken the Eagle,0,,,1.0,False,0x40400001,0x00000000,0x00000000,0,0,,,,,,none,0,1368,positive delta had no recent attributable attack packet
2026-07-25T19:27:14Z,1925,P1,40295,40490,195,0.0195,gain,attacker,P1-C1,12,Ryu,258,5C,0,P2-C1,1,Ken the Eagle,0,,,1.0,False,0x40400001,0x00000000,0x00000000,0,0,,,,,,none,0,1224,positive delta had no recent attributable attack packet
2026-07-25T19:27:14Z,1926,P1,40490,41464,974,0.0974,gain,attacker,P1-C1,12,Ryu,262,6C,0,P2-C1,1,Ken the Eagle,0,,,1.0,False,0x40400001,0x00000000,0x00000000,0,0,,,,,,none,0,2108,positive delta had no recent attributable attack packet
2026-07-25T19:27:14Z,1927,P1,41464,41659,195,0.0195,gain,unknown,P1-C1,12,Ryu,262,6C,0,,0,,0,,,1.0,False,0x40400001,0x00000000,0x00000000,0,0,,,,,,none,0,0,positive delta had no recent attributable attack packet
2026-07-25T19:27:15Z,1928,P1,41659,42458,799,0.0799,gain,attacker,P1-C1,12,Ryu,305,Hado M,0,P2-C1,1,Ken the Eagle,0,,,1.0,False,0x41400001,0x00000000,0x00000000,0,0,,,,,,none,0,1727,positive delta had no recent attributable attack packet
2026-07-25T19:27:15Z,1930,P1,42458,42718,260,0.026,gain,unknown,P1-C1,12,Ryu,305,Hado M,0,,0,,0,,,1.0,False,0x41400001,0x00000000,0x00000000,0,0,,,,,,none,0,0,positive delta had no recent attributable attack packet
2026-07-25T19:27:15Z,1931,P1,42718,43689,971,0.0971,gain,attacker,P1-C1,12,Ryu,11,crouched,0,P2-C1,1,Ken the Eagle,0,,,1.0,False,0x00000005,0x00000000,0x00000000,0,0,,,,,,none,0,2099,positive delta had no recent attributable attack packet
2026-07-25T19:27:16Z,1934,P1,43689,43884,195,0.0195,gain,unknown,P1-C1,12,Ryu,267,j.C,0,,0,,0,,,1.0,False,0x00400600,0x00000000,0x00000000,0,0,,,,,,none,0,0,positive delta had no recent attributable attack packet
2026-07-25T19:27:17Z,1940,P1,43884,44144,260,0.026,gain,unknown,P1-C1,12,Ryu,309,Tatsu H,0,,0,,0,,,1.0,False,0x01400001,0x00000000,0x00000000,0,0,,,,,,none,0,0,positive delta had no recent attributable attack packet
2026-07-25T19:27:17Z,1941,P1,44144,44885,741,0.0741,gain,unknown,P1-C1,12,Ryu,309,Tatsu H,0,,0,,0,,,1.0,False,0x01C00200,0x00000000,0x00000000,0,0,,,,,,none,0,0,positive delta had no recent attributable attack packet
2026-07-25T19:27:17Z,1943,P1,44885,45629,744,0.0744,gain,unknown,P1-C1,12,Ryu,309,Tatsu H,0,,0,,0,,,1.0,False,0x01C00200,0x00000000,0x00000000,0,0,,,,,,none,0,0,positive delta had no recent attributable attack packet
2026-07-25T19:27:18Z,1949,P1,45629,45824,195,0.0195,gain,unknown,P1-C1,12,Ryu,267,j.C,0,,0,,0,,,1.0,False,0x00400604,0x00000000,0x00000000,0,0,,,,,,none,0,0,positive delta had no recent attributable attack packet
2026-07-25T19:27:19Z,1958,P1,45824,46084,260,0.026,gain,unknown,P1-C1,12,Ryu,325,Air Tatsu H,0,,0,,0,,,1.0,False,0x01C00200,0x00000000,0x00000000,0,0,,,,,,none,0,0,positive delta had no recent attributable attack packet
2026-07-25T19:27:19Z,1959,P1,46084,46861,777,0.0777,gain,attacker,P1-C1,12,Ryu,325,Air Tatsu H,0,P2-C1,1,Ken the Eagle,0,,,1.0,False,0x01C00200,0x00000000,0x00000000,0,0,,,,,,none,0,1680,positive delta had no recent attributable attack packet
2026-07-25T19:27:20Z,1960,P1,46861,47599,738,0.0738,gain,attacker,P1-C1,12,Ryu,325,Air Tatsu H,0,P2-C1,1,Ken the Eagle,0,,,1.0,False,0x01C00200,0x00000000,0x00000000,0,0,,,,,,none,0,1276,positive delta had no recent attributable attack packet
2026-07-25T19:27:20Z,1964,P1,47599,48298,699,0.0699,gain,attacker,P1-C1,12,Ryu,325,Air Tatsu H,0,P2-C1,1,Ken the Eagle,0,,,1.0,False,0x01C00200,0x00000000,0x00000000,0,0,,,,,,none,0,1209,positive delta had no recent attributable attack packet
2026-07-25T19:27:20Z,1966,P1,48298,48958,660,0.066,gain,attacker,P1-C1,12,Ryu,325,Air Tatsu H,0,P2-C1,1,Ken the Eagle,0,,,1.0,False,0x01400200,0x00000000,0x00000000,0,0,,,,,,none,0,1142,positive delta had no recent attributable attack packet
2026-07-25T19:27:21Z,1971,P1,48958,49218,260,0.026,gain,unknown,P1-C1,12,Ryu,309,Tatsu H,0,,0,,0,,,1.0,False,0x01400001,0x00000000,0x00000000,0,0,,,,,,none,0,0,positive delta had no recent attributable attack packet
2026-07-25T19:27:21Z,1972,P1,49218,49959,741,0.0741,gain,attacker,P1-C1,12,Ryu,309,Tatsu H,0,P2-C1,1,Ken the Eagle,0,,,1.0,False,0x01C00200,0x00000000,0x00000000,0,0,,,,,,none,0,1280,positive delta had no recent attributable attack packet
2026-07-25T19:27:22Z,1975,P1,49959,50000,41,0.0041,gain,unknown,P1-C1,12,Ryu,309,Tatsu H,0,,0,,0,,,1.0,False,0x01C00200,0x00000000,0x00000000,0,0,,,,,,none,0,0,positive delta had no recent attributable attack packet
2026-07-25T19:30:25Z,686,P1,50000,40000,-10000,-1.0,spend_or_drain,spend_or_drain,P1-C1,12,Ryu,353,Tatsu Super,0,,0,,0,,,1.0,False,0x02400001,0x00000000,0x00000000,0,0,,,,,,none,0,0,negative delta is a meter spend or scripted drain
2026-07-25T19:30:25Z,687,P1,40000,20000,-20000,-2.0,spend_or_drain,spend_or_drain,P1-C1,12,Ryu,353,Tatsu Super,0,,0,,0,,,1.0,False,0x02400001,0x00000000,0x00000000,0,0,,,,,,none,0,0,negative delta is a meter spend or scripted drain
2026-07-25T19:30:30Z,724,P1,20000,20786,786,0.0786,gain,attacker,P1-C1,12,Ryu,256,5A,0,P2-C1,1,Ken the Eagle,0,,,1.0,False,0x40400001,0x00000000,0x00000000,0,0,,,,,,none,0,640,positive delta had no recent attributable attack packet
2026-07-25T19:30:31Z,725,P1,20786,21515,729,0.0729,gain,attacker,P1-C1,12,Ryu,257,5B,0,P2-C1,1,Ken the Eagle,0,,,1.0,False,0x40400010,0x00000000,0x00000000,0,0,,,,,,none,0,1644,positive delta had no recent attributable attack packet
2026-07-25T19:30:31Z,726,P1,21515,22179,664,0.0664,gain,unknown,P1-C1,12,Ryu,260,2B,0,,0,,0,,,1.0,False,0x40400010,0x00000000,0x00000000,0,0,,,,,,none,0,0,positive delta had no recent attributable attack packet
2026-07-25T19:30:32Z,730,P1,22179,22374,195,0.0195,gain,unknown,P1-C1,12,Ryu,1,idle,0,,0,,0,,,1.0,False,0x40400001,0x00000000,0x00000000,0,0,,,,,,none,0,0,positive delta had no recent attributable attack packet
2026-07-25T19:30:36Z,758,P1,22374,22569,195,0.0195,gain,unknown,P1-C1,12,Ryu,267,j.C,0,,0,,0,,,1.0,False,0x80400702,0x00000000,0x00000000,0,0,,,,,,none,0,0,positive delta had no recent attributable attack packet
2026-07-25T19:30:36Z,759,P1,22569,23754,1185,0.1185,gain,attacker,P1-C1,12,Ryu,267,j.C,0,P2-C1,1,Ken the Eagle,0,,,1.0,False,0x80400702,0x00000000,0x00000000,0,0,,,,,,none,0,2560,positive delta had no recent attributable attack packet
2026-07-25T19:30:37Z,760,P1,23754,24105,351,0.0351,gain,unknown,P1-C1,12,Ryu,6,forward dash,0,,0,,0,,,1.0,False,0x40400001,0x00000000,0x00000000,0,0,,,,,,none,0,0,positive delta had no recent attributable attack packet
2026-07-25T19:30:37Z,761,P1,24105,24235,130,0.013,gain,attacker,P1-C1,12,Ryu,257,5B,0,P2-C1,1,Ken the Eagle,0,,,1.0,False,0x40400001,0x00000000,0x00000000,0,0,,,,,,none,0,760,positive delta had no recent attributable attack packet
2026-07-25T19:30:37Z,762,P1,24235,24834,599,0.0599,gain,attacker,P1-C1,12,Ryu,257,5B,0,P2-C1,1,Ken the Eagle,0,,,1.0,False,0x40400001,0x00000000,0x00000000,0,0,,,,,,none,0,1296,positive delta had no recent attributable attack packet
2026-07-25T19:30:37Z,763,P1,24834,25498,664,0.0664,gain,unknown,P1-C1,12,Ryu,260,2B,0,,0,,0,,,1.0,False,0x40400001,0x00000000,0x00000000,0,0,,,,,,none,0,0,positive delta had no recent attributable attack packet
2026-07-25T19:30:38Z,764,P1,25498,26610,1112,0.1112,gain,attacker,P1-C1,12,Ryu,258,5C,0,P2-C1,1,Ken the Eagle,0,,,1.0,False,0x40400001,0x00000000,0x00000000,0,0,,,,,,none,0,1156,positive delta had no recent attributable attack packet
2026-07-25T19:30:38Z,766,P1,26610,27638,1028,0.1028,gain,attacker,P1-C1,12,Ryu,261,2C,0,P2-C1,1,Ken the Eagle,0,,,1.0,False,0x40400010,0x00000000,0x00000000,0,0,,,,,,none,0,1799,positive delta had no recent attributable attack packet
2026-07-25T19:30:38Z,767,P1,27638,28550,912,0.0912,gain,unknown,P1-C1,12,Ryu,262,6C,0,,0,,0,,,1.0,False,0x40400001,0x00000000,0x00000000,0,0,,,,,,none,0,0,positive delta had no recent attributable attack packet
2026-07-25T19:30:39Z,769,P1,28550,28810,260,0.026,gain,unknown,P1-C1,12,Ryu,315,Donkey H,0,,0,,0,,,1.0,False,0x41400001,0x00000000,0x00000000,0,0,,,,,,none,0,0,positive delta had no recent attributable attack packet
2026-07-25T19:30:39Z,770,P1,28810,29656,846,0.0846,gain,attacker,P1-C1,12,Ryu,315,Donkey H,0,P2-C1,1,Ken the Eagle,0,,,1.0,False,0x41400001,0x00000000,0x00000000,0,0,,,,,,none,0,1831,positive delta had no recent attributable attack packet
2026-07-25T19:30:40Z,776,P1,29656,29884,228,0.0228,gain,unknown,P1-C1,12,Ryu,256,5A,0,,0,,0,,,1.0,False,0x40400001,0x00000000,0x00000000,0,0,,,,,,none,0,0,positive delta had no recent attributable attack packet
2026-07-25T19:30:40Z,777,P1,29884,30401,517,0.0517,gain,attacker,P1-C1,12,Ryu,257,5B,0,P2-C1,1,Ken the Eagle,0,,,1.0,False,0x40400001,0x00000000,0x00000000,0,0,,,,,,none,0,498,positive delta had no recent attributable attack packet
2026-07-25T19:30:40Z,778,P1,30401,30859,458,0.0458,gain,attacker,P1-C1,12,Ryu,260,2B,0,P2-C1,1,Ken the Eagle,0,,,1.0,False,0x40400010,0x00000000,0x00000000,0,0,,,,,,none,0,838,positive delta had no recent attributable attack packet
2026-07-25T19:30:41Z,779,P1,30859,31054,195,0.0195,gain,attacker,P1-C1,12,Ryu,258,5C,0,P2-C1,1,Ken the Eagle,0,,,1.0,False,0x40400001,0x00000000,0x00000000,0,0,,,,,,none,0,713,positive delta had no recent attributable attack packet
2026-07-25T19:30:41Z,780,P1,31054,31598,544,0.0544,gain,attacker,P1-C1,12,Ryu,258,5C,0,P2-C1,1,Ken the Eagle,0,,,1.0,False,0x40400001,0x00000000,0x00000000,0,0,,,,,,none,0,1178,positive delta had no recent attributable attack packet
2026-07-25T19:30:41Z,781,P1,31598,31793,195,0.0195,gain,unknown,P1-C1,12,Ryu,261,2C,0,,0,,0,,,1.0,False,0x40400010,0x00000000,0x00000000,0,0,,,,,,none,0,0,positive delta had no recent attributable attack packet
2026-07-25T19:30:42Z,782,P1,31793,32459,666,0.0666,gain,attacker,P1-C1,12,Ryu,262,6C,0,P2-C1,1,Ken the Eagle,0,,,1.0,False,0x40400001,0x00000000,0x00000000,0,0,,,,,,none,0,1023,positive delta had no recent attributable attack packet
2026-07-25T19:30:42Z,784,P1,32459,32832,373,0.0373,gain,attacker,P1-C1,12,Ryu,262,6C,0,P2-C1,1,Ken the Eagle,0,,,1.0,False,0x40400001,0x00000000,0x00000000,0,0,,,,,,none,0,809,positive delta had no recent attributable attack packet
2026-07-25T19:30:42Z,785,P1,32832,33092,260,0.026,gain,unknown,P1-C1,12,Ryu,309,Tatsu H,0,,0,,0,,,1.0,False,0x01400001,0x00000000,0x00000000,0,0,,,,,,none,0,0,positive delta had no recent attributable attack packet
2026-07-25T19:30:42Z,786,P1,33092,33368,276,0.0276,gain,attacker,P1-C1,12,Ryu,309,Tatsu H,0,P2-C1,1,Ken the Eagle,0,,,1.0,False,0x01C00200,0x00000000,0x00000000,0,0,,,,,,none,0,601,positive delta had no recent attributable attack packet
2026-07-25T19:30:43Z,788,P1,33368,33646,278,0.0278,gain,attacker,P1-C1,12,Ryu,309,Tatsu H,0,P2-C1,1,Ken the Eagle,0,,,1.0,False,0x01C00200,0x00000000,0x00000000,0,0,,,,,,none,0,602,positive delta had no recent attributable attack packet
2026-07-25T19:30:43Z,790,P1,33646,33924,278,0.0278,gain,attacker,P1-C1,12,Ryu,309,Tatsu H,0,P2-C1,1,Ken the Eagle,0,,,1.0,False,0x01C00200,0x00000000,0x00000000,0,0,,,,,,none,0,603,positive delta had no recent attributable attack packet
2026-07-25T19:30:44Z,793,P1,33924,34374,450,0.045,gain,attacker,P1-C1,12,Ryu,309,Tatsu H,0,P2-C1,1,Ken the Eagle,0,,,1.0,False,0x01400001,0x00000000,0x00000000,0,0,,,,,,none,0,980,positive delta had no recent attributable attack packet
2026-07-25T19:30:44Z,794,P1,34374,34549,175,0.0175,gain,unknown,P1-C1,12,Ryu,309,Tatsu H,0,,0,,0,,,1.0,False,0x01400001,0x00000000,0x00000000,0,0,,,,,,none,0,0,positive delta had no recent attributable attack packet
2026-07-25T19:30:44Z,797,P1,34549,34727,178,0.0178,gain,attacker,P1-C1,12,Ryu,3,backward,0,P2-C1,1,Ken the Eagle,0,,,1.0,False,0x00000001,0x00000000,0x00000000,0,0,,,,,,none,0,389,positive delta had no recent attributable attack packet
2026-07-25T19:30:45Z,798,P1,34727,35358,631,0.0631,gain,unknown,P1-C1,12,Ryu,258,5C,0,,0,,0,,,1.0,False,0x40400001,0x00000000,0x00000000,0,0,,,,,,none,0,0,positive delta had no recent attributable attack packet
2026-07-25T19:30:45Z,801,P1,35358,35868,510,0.051,gain,attacker,P1-C1,12,Ryu,257,5B,0,P2-C1,1,Ken the Eagle,0,,,1.0,False,0x40400001,0x00000000,0x00000000,0,0,,,,,,none,0,294,positive delta had no recent attributable attack packet
2026-07-25T19:30:46Z,802,P1,35868,36230,362,0.0362,gain,attacker,P1-C1,12,Ryu,260,2B,0,P2-C1,1,Ken the Eagle,0,,,1.0,False,0x40400010,0x00000000,0x00000000,0,0,,,,,,none,0,533,positive delta had no recent attributable attack packet
2026-07-25T19:30:46Z,803,P1,36230,36425,195,0.0195,gain,attacker,P1-C1,12,Ryu,258,5C,0,P2-C1,1,Ken the Eagle,0,,,1.0,False,0x40400001,0x00000000,0x00000000,0,0,,,,,,none,0,506,positive delta had no recent attributable attack packet
2026-07-25T19:30:46Z,804,P1,36425,36851,426,0.0426,gain,attacker,P1-C1,12,Ryu,258,5C,0,P2-C1,1,Ken the Eagle,0,,,1.0,False,0x40400001,0x00000000,0x00000000,0,0,,,,,,none,0,922,positive delta had no recent attributable attack packet
2026-07-25T19:30:47Z,805,P1,36851,37462,611,0.0611,gain,unknown,P1-C1,12,Ryu,261,2C,0,,0,,0,,,1.0,False,0x40400001,0x00000000,0x00000000,0,0,,,,,,none,0,0,positive delta had no recent attributable attack packet
2026-07-25T19:30:47Z,806,P1,37462,37657,195,0.0195,gain,attacker,P1-C1,12,Ryu,262,6C,0,P2-C1,1,Ken the Eagle,0,,,1.0,False,0x40400001,0x00000000,0x00000000,0,0,,,,,,none,0,900,positive delta had no recent attributable attack packet
2026-07-25T19:30:47Z,807,P1,37657,38032,375,0.0375,gain,attacker,P1-C1,12,Ryu,262,6C,0,P2-C1,1,Ken the Eagle,0,,,1.0,False,0x40400001,0x00000000,0x00000000,0,0,,,,,,none,0,813,positive delta had no recent attributable attack packet
2026-07-25T19:30:47Z,808,P1,38032,38292,260,0.026,gain,unknown,P1-C1,12,Ryu,309,Tatsu H,0,,0,,0,,,1.0,False,0x01400001,0x00000000,0x00000000,0,0,,,,,,none,0,0,positive delta had no recent attributable attack packet
2026-07-25T19:30:48Z,809,P1,38292,38572,280,0.028,gain,attacker,P1-C1,12,Ryu,309,Tatsu H,0,P2-C1,1,Ken the Eagle,0,,,1.0,False,0x01C00200,0x00000000,0x00000000,0,0,,,,,,none,0,607,positive delta had no recent attributable attack packet
2026-07-25T19:30:48Z,810,P1,38572,38852,280,0.028,gain,attacker,P1-C1,12,Ryu,309,Tatsu H,0,P2-C1,1,Ken the Eagle,0,,,1.0,False,0x01C00200,0x00000000,0x00000000,0,0,,,,,,none,0,608,positive delta had no recent attributable attack packet
2026-07-25T19:30:48Z,812,P1,38852,39132,280,0.028,gain,unknown,P1-C1,12,Ryu,309,Tatsu H,0,,0,,0,,,1.0,False,0x01C00200,0x00000000,0x00000000,0,0,,,,,,none,0,0,positive delta had no recent attributable attack packet
2026-07-25T19:30:49Z,815,P1,39132,39412,280,0.028,gain,attacker,P1-C1,12,Ryu,309,Tatsu H,0,P2-C1,1,Ken the Eagle,0,,,1.0,False,0x01400001,0x00000000,0x00000000,0,0,,,,,,none,0,610,positive delta had no recent attributable attack packet
2026-07-25T19:30:49Z,818,P1,39412,39480,68,0.0068,gain,attacker,P1-C1,12,Ryu,256,5A,0,P2-C1,1,Ken the Eagle,0,,,1.0,False,0x40400001,0x00000000,0x00000000,0,0,,,,,,none,0,296,positive delta had no recent attributable attack packet
2026-07-25T19:30:49Z,819,P1,39480,39613,133,0.0133,gain,unknown,P1-C1,12,Ryu,256,5A,0,,0,,0,,,1.0,False,0x40400001,0x00000000,0x00000000,0,0,,,,,,none,0,0,positive delta had no recent attributable attack packet
2026-07-25T19:30:50Z,820,P1,39613,39934,321,0.0321,gain,attacker,P1-C1,12,Ryu,257,5B,0,P2-C1,1,Ken the Eagle,0,,,1.0,False,0x40400001,0x00000000,0x00000000,0,0,,,,,,none,0,830,positive delta had no recent attributable attack packet
2026-07-25T19:30:50Z,821,P1,39934,40064,130,0.013,gain,unknown,P1-C1,12,Ryu,257,5B,0,,0,,0,,,1.0,False,0x40400010,0x00000000,0x00000000,0,0,,,,,,none,0,0,positive delta had no recent attributable attack packet
2026-07-25T19:30:50Z,822,P1,40064,40693,629,0.0629,gain,attacker,P1-C1,12,Ryu,260,2B,0,P2-C1,1,Ken the Eagle,0,,,1.0,False,0x40400010,0x00000000,0x00000000,0,0,,,,,,none,0,1360,positive delta had no recent attributable attack packet
2026-07-25T19:30:50Z,823,P1,40693,40888,195,0.0195,gain,unknown,P1-C1,12,Ryu,258,5C,0,,0,,0,,,1.0,False,0x40400001,0x00000000,0x00000000,0,0,,,,,,none,0,0,positive delta had no recent attributable attack packet
2026-07-25T19:30:51Z,824,P1,40888,42233,1345,0.1345,gain,attacker,P1-C1,12,Ryu,261,2C,0,P2-C1,1,Ken the Eagle,0,,,1.0,False,0x40400010,0x00000000,0x00000000,0,0,,,,,,none,0,2490,positive delta had no recent attributable attack packet
2026-07-25T19:30:51Z,825,P1,42233,43302,1069,0.1069,gain,attacker,P1-C1,12,Ryu,261,2C,0,P2-C1,1,Ken the Eagle,0,,,1.0,False,0x40400010,0x00000000,0x00000000,0,0,,,,,,none,0,1849,positive delta had no recent attributable attack packet
2026-07-25T19:30:51Z,826,P1,43302,43497,195,0.0195,gain,unknown,P1-C1,12,Ryu,262,6C,0,,0,,0,,,1.0,False,0x40400001,0x00000000,0x00000000,0,0,,,,,,none,0,0,positive delta had no recent attributable attack packet
2026-07-25T19:30:52Z,827,P1,43497,44408,911,0.0911,gain,attacker,P1-C1,12,Ryu,262,6C,0,P2-C1,1,Ken the Eagle,0,,,1.0,False,0x40400001,0x00000000,0x00000000,0,0,,,,,,none,0,1576,positive delta had no recent attributable attack packet
2026-07-25T19:30:52Z,828,P1,44408,44668,260,0.026,gain,unknown,P1-C1,12,Ryu,309,Tatsu H,0,,0,,0,,,1.0,False,0x01400001,0x00000000,0x00000000,0,0,,,,,,none,0,0,positive delta had no recent attributable attack packet
2026-07-25T19:30:52Z,830,P1,44668,45308,640,0.064,gain,attacker,P1-C1,12,Ryu,309,Tatsu H,0,P2-C1,1,Ken the Eagle,0,,,1.0,False,0x01C00200,0x00000000,0x00000000,0,0,,,,,,none,0,1108,positive delta had no recent attributable attack packet
2026-07-25T19:30:52Z,831,P1,45308,45909,601,0.0601,gain,attacker,P1-C1,12,Ryu,309,Tatsu H,0,P2-C1,1,Ken the Eagle,0,,,1.0,False,0x01C00200,0x00000000,0x00000000,0,0,,,,,,none,0,1040,positive delta had no recent attributable attack packet
2026-07-25T19:30:53Z,834,P1,45909,46470,561,0.0561,gain,attacker,P1-C1,12,Ryu,309,Tatsu H,0,P2-C1,1,Ken the Eagle,0,,,1.0,False,0x01C00200,0x00000000,0x00000000,0,0,,,,,,none,0,851,positive delta had no recent attributable attack packet
2026-07-25T19:30:53Z,835,P1,46470,46992,522,0.0522,gain,attacker,P1-C1,12,Ryu,309,Tatsu H,0,P2-C1,1,Ken the Eagle,0,,,1.0,False,0x01400001,0x00000000,0x00000000,0,0,,,,,,none,0,791,positive delta had no recent attributable attack packet
2026-07-25T19:30:53Z,836,P1,46992,47292,300,0.03,gain,attacker,P1-C1,12,Ryu,309,Tatsu H,0,P2-C1,1,Ken the Eagle,0,,,1.0,False,0x01400001,0x00000000,0x00000000,0,0,,,,,,none,0,455,positive delta had no recent attributable attack packet
2026-07-25T19:30:53Z,837,P1,47292,47571,279,0.0279,gain,attacker,P1-C1,12,Ryu,309,Tatsu H,0,P2-C1,1,Ken the Eagle,0,,,1.0,False,0x01400001,0x00000000,0x00000000,0,0,,,,,,none,0,424,positive delta had no recent attributable attack packet
2026-07-25T19:30:54Z,839,P1,47571,47829,258,0.0258,gain,attacker,P1-C1,12,Ryu,3,backward,0,P2-C1,1,Ken the Eagle,0,,,1.0,False,0x00000604,0x00000000,0x00000000,0,0,,,,,,none,0,392,positive delta had no recent attributable attack packet
2026-07-25T19:30:54Z,841,P1,47829,48024,195,0.0195,gain,unknown,P1-C1,12,Ryu,267,j.C,0,,0,,0,,,1.0,False,0x00400704,0x00000000,0x00000000,0,0,,,,,,none,0,0,positive delta had no recent attributable attack packet
2026-07-25T19:30:59Z,878,P1,48024,48284,260,0.026,gain,unknown,P1-C1,12,Ryu,312,Shoryu H,0,,0,,0,,,1.0,False,0x01400001,0x00000000,0x00000000,0,0,,,,,,none,0,0,positive delta had no recent attributable attack packet
2026-07-25T19:31:01Z,893,P1,48284,48414,130,0.013,gain,unknown,P1-C1,12,Ryu,266,j.B,0,,0,,0,,,1.0,False,0x00400704,0x00000000,0x00000000,0,0,,,,,,none,0,0,positive delta had no recent attributable attack packet
2026-07-25T19:31:02Z,896,P1,48414,48479,65,0.0065,gain,unknown,P1-C1,12,Ryu,256,5A,0,,0,,0,,,1.0,False,0x40400001,0x00000000,0x00000000,0,0,,,,,,none,0,0,positive delta had no recent attributable attack packet
2026-07-25T19:31:02Z,901,P1,48479,48609,130,0.013,gain,unknown,P1-C1,12,Ryu,266,j.B,0,,0,,0,,,1.0,False,0x00400702,0x00000000,0x00000000,0,0,,,,,,none,0,0,positive delta had no recent attributable attack packet
2026-07-25T19:31:03Z,905,P1,48609,48804,195,0.0195,gain,unknown,P1-C1,12,Ryu,267,j.C,0,,0,,0,,,1.0,False,0x00400704,0x00000000,0x00000000,0,0,,,,,,none,0,0,positive delta had no recent attributable attack packet
2026-07-25T19:31:03Z,908,P1,48804,49064,260,0.026,gain,unknown,P1-C1,12,Ryu,325,Air Tatsu H,0,,0,,0,,,1.0,False,0x01C00200,0x00000000,0x00000000,0,0,,,,,,none,0,0,positive delta had no recent attributable attack packet
2026-07-25T19:31:05Z,918,P1,49064,49434,370,0.037,gain,attacker,P1-C1,12,Ryu,256,5A,0,P2-C1,1,Ken the Eagle,0,,,1.0,False,0x40400001,0x00000000,0x00000000,0,0,,,,,,none,0,800,positive delta had no recent attributable attack packet
2026-07-25T19:31:05Z,919,P1,49434,50000,566,0.0566,gain,attacker,P1-C1,12,Ryu,257,5B,0,P2-C1,1,Ken the Eagle,0,,,1.0,False,0x40400001,0x00000000,0x00000000,0,0,,,,,,none,0,760,positive delta had no recent attributable attack packet
2026-07-25T19:31:34Z,1089,P1,50000,20000,-30000,-3.0,spend_or_drain,spend_or_drain,P1-C1,12,Ryu,368,Shin Sho,0,P2-C1,1,Ken the Eagle,100,0x00000009,0x00000040,1.0,False,0x02400001,0x00000000,0x00000000,0,0,,,,,,none,0,2099,negative delta is a meter spend or scripted drain
2026-07-25T19:31:40Z,1126,P1,20000,20260,260,0.026,gain,unknown,P1-C1,12,Ryu,308,Tatsu M,0,,0,,0,,,1.0,False,0x01400001,0x00000000,0x00000000,0,0,,,,,,none,0,0,positive delta had no recent attributable attack packet
2026-07-25T19:31:41Z,1132,P1,20260,20425,165,0.0165,gain,unknown,P1-C1,12,Ryu,1,idle,0,,0,,0,,,1.0,False,0x40400010,0x00000000,0x00000000,0,0,,,,,,none,0,0,positive delta had no recent attributable attack packet
2026-07-25T19:31:41Z,1133,P1,20425,20852,427,0.0427,gain,attacker,P1-C1,12,Ryu,260,2B,0,P2-C1,1,Ken the Eagle,0,,,1.0,False,0x40400001,0x00000000,0x00000000,0,0,,,,,,none,0,359,positive delta had no recent attributable attack packet
2026-07-25T19:31:42Z,1134,P1,20852,21531,679,0.0679,gain,attacker,P1-C1,12,Ryu,258,5C,0,P2-C1,1,Ken the Eagle,0,,,1.0,False,0x40400001,0x00000000,0x00000000,0,0,,,,,,none,0,1694,positive delta had no recent attributable attack packet
2026-07-25T19:31:42Z,1135,P1,21531,22142,611,0.0611,gain,unknown,P1-C1,12,Ryu,261,2C,0,,0,,0,,,1.0,False,0x40400010,0x00000000,0x00000000,0,0,,,,,,none,0,0,positive delta had no recent attributable attack packet
2026-07-25T19:31:43Z,1136,P1,22142,22711,569,0.0569,gain,attacker,P1-C1,12,Ryu,262,6C,0,P2-C1,1,Ken the Eagle,0,,,1.0,False,0x40400001,0x00000000,0x00000000,0,0,,,,,,none,0,899,positive delta had no recent attributable attack packet
2026-07-25T19:31:43Z,1137,P1,22711,22971,260,0.026,gain,attacker,P1-C1,12,Ryu,309,Tatsu H,0,P2-C1,1,Ken the Eagle,0,,,1.0,False,0x01400001,0x00000000,0x00000000,0,0,,,,,,none,0,812,positive delta had no recent attributable attack packet
2026-07-25T19:31:43Z,1138,P1,22971,23250,279,0.0279,gain,attacker,P1-C1,12,Ryu,309,Tatsu H,0,P2-C1,1,Ken the Eagle,0,,,1.0,False,0x01C00200,0x00000000,0x00000000,0,0,,,,,,none,0,606,positive delta had no recent attributable attack packet
2026-07-25T19:31:44Z,1139,P1,23250,23529,279,0.0279,gain,attacker,P1-C1,12,Ryu,309,Tatsu H,0,P2-C1,1,Ken the Eagle,0,,,1.0,False,0x01C00200,0x00000000,0x00000000,0,0,,,,,,none,0,607,positive delta had no recent attributable attack packet
2026-07-25T19:31:44Z,1141,P1,23529,23809,280,0.028,gain,attacker,P1-C1,12,Ryu,309,Tatsu H,0,P2-C1,1,Ken the Eagle,0,,,1.0,False,0x01C00200,0x00000000,0x00000000,0,0,,,,,,none,0,608,positive delta had no recent attributable attack packet
2026-07-25T19:31:44Z,1142,P1,23809,24089,280,0.028,gain,attacker,P1-C1,12,Ryu,309,Tatsu H,0,P2-C1,1,Ken the Eagle,0,,,1.0,False,0x01400001,0x00000000,0x00000000,0,0,,,,,,none,0,609,positive delta had no recent attributable attack packet
2026-07-25T19:31:45Z,1145,P1,24089,24441,352,0.0352,gain,attacker,P1-C1,12,Ryu,309,Tatsu H,0,P2-C1,1,Ken the Eagle,0,,,1.0,False,0x01400001,0x00000000,0x00000000,0,0,,,,,,none,0,767,positive delta had no recent attributable attack packet
2026-07-25T19:31:45Z,1146,P1,24441,24621,180,0.018,gain,unknown,P1-C1,12,Ryu,3,backward,0,,0,,0,,,1.0,False,0x00000005,0x00000000,0x00000000,0,0,,,,,,none,0,0,positive delta had no recent attributable attack packet
2026-07-25T19:31:45Z,1148,P1,24621,25264,643,0.0643,gain,unknown,P1-C1,12,Ryu,258,5C,0,,0,,0,,,1.0,False,0x40400001,0x00000000,0x00000000,0,0,,,,,,none,0,0,positive delta had no recent attributable attack packet
2026-07-25T19:31:46Z,1150,P1,25264,25403,139,0.0139,gain,unknown,P1-C1,12,Ryu,258,5C,0,,0,,0,,,1.0,False,0x40400001,0x00000000,0x00000000,0,0,,,,,,none,0,0,positive delta had no recent attributable attack packet
2026-07-25T19:31:46Z,1151,P1,25403,25783,380,0.038,gain,attacker,P1-C1,12,Ryu,257,5B,0,P2-C1,1,Ken the Eagle,0,,,1.0,False,0x40400001,0x00000000,0x00000000,0,0,,,,,,none,0,847,positive delta had no recent attributable attack packet
2026-07-25T19:31:47Z,1152,P1,25783,26146,363,0.0363,gain,unknown,P1-C1,12,Ryu,260,2B,0,,0,,0,,,1.0,False,0x40400010,0x00000000,0x00000000,0,0,,,,,,none,0,0,positive delta had no recent attributable attack packet
2026-07-25T19:31:47Z,1153,P1,26146,26769,623,0.0623,gain,attacker,P1-C1,12,Ryu,258,5C,0,P2-C1,1,Ken the Eagle,0,,,1.0,False,0x40400001,0x00000000,0x00000000,0,0,,,,,,none,0,509,positive delta had no recent attributable attack packet
2026-07-25T19:31:47Z,1154,P1,26769,27378,609,0.0609,gain,attacker,P1-C1,12,Ryu,261,2C,0,P2-C1,1,Ken the Eagle,0,,,1.0,False,0x40400010,0x00000000,0x00000000,0,0,,,,,,none,0,927,positive delta had no recent attributable attack packet
2026-07-25T19:31:48Z,1155,P1,27378,27573,195,0.0195,gain,attacker,P1-C1,12,Ryu,262,6C,0,P2-C1,1,Ken the Eagle,0,,,1.0,False,0x40400001,0x00000000,0x00000000,0,0,,,,,,none,0,898,positive delta had no recent attributable attack packet
2026-07-25T19:31:48Z,1156,P1,27573,28204,631,0.0631,gain,attacker,P1-C1,12,Ryu,315,Donkey H,0,P2-C1,1,Ken the Eagle,0,,,1.0,False,0x41400001,0x00000000,0x00000000,0,0,,,,,,none,0,805,positive delta had no recent attributable attack packet
2026-07-25T19:31:49Z,1157,P1,28204,28662,458,0.0458,gain,attacker,P1-C1,12,Ryu,315,Donkey H,0,P2-C1,1,Ken the Eagle,0,,,1.0,False,0x41400001,0x00000000,0x00000000,0,0,,,,,,none,0,993,positive delta had no recent attributable attack packet
2026-07-25T19:31:50Z,1162,P1,28662,28797,135,0.0135,gain,unknown,P1-C1,12,Ryu,256,5A,0,,0,,0,,,1.0,False,0x40400001,0x00000000,0x00000000,0,0,,,,,,none,0,0,positive delta had no recent attributable attack packet
2026-07-25T19:31:50Z,1163,P1,28797,29172,375,0.0375,gain,attacker,P1-C1,12,Ryu,257,5B,0,P2-C1,1,Ken the Eagle,0,,,1.0,False,0x40400001,0x00000000,0x00000000,0,0,,,,,,none,0,295,positive delta had no recent attributable attack packet
2026-07-25T19:31:50Z,1164,P1,29172,29792,620,0.062,gain,attacker,P1-C1,12,Ryu,258,5C,0,P2-C1,1,Ken the Eagle,0,,,1.0,False,0x40400001,0x00000000,0x00000000,0,0,,,,,,none,0,1160,positive delta had no recent attributable attack packet
2026-07-25T19:31:51Z,1165,P1,29792,30357,565,0.0565,gain,unknown,P1-C1,12,Ryu,262,6C,0,,0,,0,,,1.0,False,0x40400001,0x00000000,0x00000000,0,0,,,,,,none,0,0,positive delta had no recent attributable attack packet
2026-07-25T19:31:51Z,1166,P1,30357,31038,681,0.0681,gain,attacker,P1-C1,12,Ryu,304,Hado L,0,P2-C1,1,Ken the Eagle,100,0x00000009,0x00000040,1.0,False,0x02400001,0x00000000,0x00000000,0,0,8,0,0,681,False,high,0,642,property A bit 0 suppresses hit meter; fighter +0x58 suppresses attacker meter
2026-07-25T19:31:51Z,1167,P1,31038,1038,-30000,-3.0,spend_or_drain,spend_or_drain,P1-C1,12,Ryu,304,Hado L,0,P2-C1,1,Ken the Eagle,100,0x00000009,0x00000040,1.0,False,0x02400001,0x00000000,0x00000000,0,0,,,,,,none,0,728,negative delta is a meter spend or scripted drain
2026-07-25T19:31:57Z,1201,P1,1038,1298,260,0.026,gain,unknown,P1-C1,12,Ryu,304,Hado L,0,,0,,0,,,1.0,False,0x41400001,0x00000000,0x00000000,0,0,,,,,,none,0,0,positive delta had no recent attributable attack packet
2026-07-25T19:31:58Z,1208,P1,1298,1728,430,0.043,gain,unknown,P1-C1,12,Ryu,6,forward dash,0,P2-C1,1,Ken the Eagle,100,0x00000009,0x00000040,1.0,False,0x00000103,0x00000000,0x00000000,0,0,,,,,,none,0,0,positive delta had no recent attributable attack packet
2026-07-25T19:31:59Z,1210,P1,1728,2305,577,0.0577,gain,attacker,P1-C1,12,Ryu,6,forward dash,0,P2-C1,1,Ken the Eagle,100,0x00000009,0x00000040,1.0,False,0x40400001,0x00000000,0x00000000,0,0,8,0,0,577,False,high,0,383,attack packet retained from 2 frame(s) earlier; property A bit 0 suppresses hit meter
2026-07-25T19:31:59Z,1211,P1,2305,2935,630,0.063,gain,attacker,P1-C1,12,Ryu,6,forward dash,0,P2-C1,1,Ken the Eagle,100,0x00000009,0x00000040,1.0,False,0x40400001,0x00000000,0x00000000,0,0,8,0,0,630,False,high,0,660,attack packet retained from 3 frame(s) earlier; property A bit 0 suppresses hit meter
2026-07-25T19:32:00Z,1212,P1,2935,3575,640,0.064,gain,attacker,P1-C1,12,Ryu,6,forward dash,0,P2-C1,1,Ken the Eagle,100,0x00000009,0x00000040,1.0,False,0x01400001,0x00000000,0x00000000,0,0,8,0,0,640,False,high,0,576,attack packet retained from 4 frame(s) earlier; property A bit 0 suppresses hit meter
2026-07-25T19:32:00Z,1213,P1,3575,3858,283,0.0283,gain,attacker,P1-C1,12,Ryu,6,forward dash,0,P2-C1,1,Ken the Eagle,100,0x00000009,0x00000040,1.0,False,0x01C00200,0x00000000,0x00000000,0,0,8,0,0,283,False,high,0,430,attack packet retained from 5 frame(s) earlier; property A bit 0 suppresses hit meter
2026-07-25T19:32:01Z,1214,P1,3858,4136,278,0.0278,gain,attacker,P1-C1,12,Ryu,6,forward dash,0,P2-C1,1,Ken the Eagle,100,0x00000009,0x00000040,1.0,False,0x01C00200,0x00000000,0x00000000,0,0,8,0,0,278,False,high,0,422,attack packet retained from 6 frame(s) earlier; property A bit 0 suppresses hit meter
2026-07-25T19:32:01Z,1215,P1,4136,4415,279,0.0279,gain,attacker,P1-C1,12,Ryu,6,forward dash,0,P2-C1,1,Ken the Eagle,100,0x00000009,0x00000040,1.0,False,0x01400001,0x00000000,0x00000000,0,0,8,0,0,279,False,high,0,423,attack packet retained from 7 frame(s) earlier; property A bit 0 suppresses hit meter
2026-07-25T19:36:40Z,4,P1,4415,5613,1198,0.1198,gain,attacker,P1-C1,12,Ryu,257,5B,0,P2-C1,1,Ken the Eagle,0,,,1.0,False,0x40400001,0x00000000,0x00000000,0,0,,,,,,none,0,800,positive delta had no recent attributable attack packet
2026-07-25T19:36:42Z,5,P1,5613,9522,3909,0.3909,gain,attacker,P1-C1,12,Ryu,262,6C,0,P2-C1,1,Ken the Eagle,0,,,1.0,False,0x00000005,0x00000000,0x00000000,0,0,,,,,,none,0,8282,positive delta had no recent attributable attack packet
2026-07-25T19:36:45Z,7,P1,9522,11939,2417,0.2417,gain,attacker,P1-C1,12,Ryu,325,Air Tatsu H,0,P2-C1,1,Ken the Eagle,0,,,1.0,False,0x00000001,0x00000000,0x00000000,0,0,,,,,,none,0,4240,positive delta had no recent attributable attack packet
2026-07-25T19:36:47Z,8,P1,11939,12134,195,0.0195,gain,unknown,P1-C1,12,Ryu,267,j.C,0,,0,,0,,,1.0,False,0x00400702,0x00000000,0x00000000,0,0,,,,,,none,0,0,positive delta had no recent attributable attack packet
2026-07-25T19:36:47Z,9,P1,12134,13319,1185,0.1185,gain,attacker,P1-C1,12,Ryu,267,j.C,0,P2-C1,1,Ken the Eagle,0,,,1.0,False,0x00400702,0x00000000,0x00000000,0,0,,,,,,none,0,2560,positive delta had no recent attributable attack packet
2026-07-25T19:36:48Z,10,P1,13319,14399,1080,0.108,gain,attacker,P1-C1,12,Ryu,257,5B,0,P2-C1,1,Ken the Eagle,0,,,1.0,False,0x40400001,0x00000000,0x00000000,0,0,,,,,,none,0,760,positive delta had no recent attributable attack packet
2026-07-25T19:36:48Z,11,P1,14399,14529,130,0.013,gain,attacker,P1-C1,12,Ryu,260,2B,0,P2-C1,1,Ken the Eagle,0,,,1.0,False,0x40400010,0x00000000,0x00000000,0,0,,,,,,none,0,1296,positive delta had no recent attributable attack packet
2026-07-25T19:36:48Z,12,P1,14529,15063,534,0.0534,gain,attacker,P1-C1,12,Ryu,258,5C,0,P2-C1,1,Ken the Eagle,0,,,1.0,False,0x40400001,0x00000000,0x00000000,0,0,,,,,,none,0,1156,positive delta had no recent attributable attack packet
2026-07-25T19:36:48Z,13,P1,15063,16175,1112,0.1112,gain,attacker,P1-C1,12,Ryu,258,5C,0,P2-C1,1,Ken the Eagle,0,,,1.0,False,0x40400001,0x00000000,0x00000000,0,0,,,,,,none,0,1983,positive delta had no recent attributable attack packet
2026-07-25T19:36:49Z,14,P1,16175,16370,195,0.0195,gain,unknown,P1-C1,12,Ryu,261,2C,0,,0,,0,,,1.0,False,0x40400010,0x00000000,0x00000000,0,0,,,,,,none,0,0,positive delta had no recent attributable attack packet
2026-07-25T19:36:49Z,15,P1,16370,17203,833,0.0833,gain,attacker,P1-C1,12,Ryu,261,2C,0,P2-C1,1,Ken the Eagle,0,,,1.0,False,0x40400001,0x00000000,0x00000000,0,0,,,,,,none,0,1799,positive delta had no recent attributable attack packet
2026-07-25T19:36:49Z,16,P1,17203,17398,195,0.0195,gain,unknown,P1-C1,12,Ryu,262,6C,0,,0,,0,,,1.0,False,0x40400001,0x00000000,0x00000000,0,0,,,,,,none,0,0,positive delta had no recent attributable attack packet
2026-07-25T19:36:49Z,17,P1,17398,18115,717,0.0717,gain,attacker,P1-C1,12,Ryu,262,6C,0,P2-C1,1,Ken the Eagle,0,,,1.0,False,0x40400001,0x00000000,0x00000000,0,0,,,,,,none,0,1552,positive delta had no recent attributable attack packet
2026-07-25T19:36:49Z,18,P1,18115,18375,260,0.026,gain,unknown,P1-C1,12,Ryu,315,Donkey H,0,,0,,0,,,1.0,False,0x41400001,0x00000000,0x00000000,0,0,,,,,,none,0,0,positive delta had no recent attributable attack packet
2026-07-25T19:36:50Z,20,P1,18375,19221,846,0.0846,gain,attacker,P1-C1,12,Ryu,315,Donkey H,0,P2-C1,1,Ken the Eagle,0,,,1.0,False,0x41400001,0x00000000,0x00000000,0,0,,,,,,none,0,1831,positive delta had no recent attributable attack packet
2026-07-25T19:36:51Z,26,P1,19221,19735,514,0.0514,gain,attacker,P1-C1,12,Ryu,260,2B,0,P2-C1,1,Ken the Eagle,0,,,1.0,False,0x40400001,0x00000000,0x00000000,0,0,,,,,,none,0,832,positive delta had no recent attributable attack packet
2026-07-25T19:36:51Z,27,P1,19735,19930,195,0.0195,gain,unknown,P1-C1,12,Ryu,262,6C,0,,0,,0,,,1.0,False,0x40400001,0x00000000,0x00000000,0,0,,,,,,none,0,0,positive delta had no recent attributable attack packet
2026-07-25T19:36:51Z,28,P1,19930,20507,577,0.0577,gain,attacker,P1-C1,12,Ryu,262,6C,0,P2-C1,1,Ken the Eagle,0,,,1.0,False,0x40400001,0x00000000,0x00000000,0,0,,,,,,none,0,1250,positive delta had no recent attributable attack packet
2026-07-25T19:36:52Z,29,P1,20507,21160,653,0.0653,gain,unknown,P1-C1,12,Ryu,309,Tatsu H,0,,0,,0,,,1.0,False,0x01C00200,0x00000000,0x00000000,0,0,,,,,,none,0,0,positive delta had no recent attributable attack packet
2026-07-25T19:36:52Z,32,P1,21160,21514,354,0.0354,gain,attacker,P1-C1,12,Ryu,309,Tatsu H,0,P2-C1,1,Ken the Eagle,0,,,1.0,False,0x01C00200,0x00000000,0x00000000,0,0,,,,,,none,0,768,positive delta had no recent attributable attack packet
2026-07-25T19:36:52Z,33,P1,21514,21829,315,0.0315,gain,unknown,P1-C1,12,Ryu,309,Tatsu H,0,,0,,0,,,1.0,False,0x01C00200,0x00000000,0x00000000,0,0,,,,,,none,0,0,positive delta had no recent attributable attack packet
2026-07-25T19:36:53Z,36,P1,21829,22105,276,0.0276,gain,attacker,P1-C1,12,Ryu,309,Tatsu H,0,P2-C1,1,Ken the Eagle,0,,,1.0,False,0x01400001,0x00000000,0x00000000,0,0,,,,,,none,0,600,positive delta had no recent attributable attack packet
2026-07-25T19:36:53Z,38,P1,22105,22277,172,0.0172,gain,attacker,P1-C1,12,Ryu,309,Tatsu H,0,P2-C1,1,Ken the Eagle,0,,,1.0,False,0x01400001,0x00000000,0x00000000,0,0,,,,,,none,0,375,positive delta had no recent attributable attack packet
2026-07-25T19:36:53Z,39,P1,22277,22452,175,0.0175,gain,unknown,P1-C1,12,Ryu,309,Tatsu H,0,,0,,0,,,1.0,False,0x01400001,0x00000000,0x00000000,0,0,,,,,,none,0,0,positive delta had no recent attributable attack packet
2026-07-25T19:36:53Z,41,P1,22452,22631,179,0.0179,gain,attacker,P1-C1,12,Ryu,1,idle,0,P2-C1,1,Ken the Eagle,0,,,1.0,False,0x00000001,0x00000000,0x00000000,0,0,,,,,,none,0,389,positive delta had no recent attributable attack packet
2026-07-25T19:36:54Z,43,P1,22631,23274,643,0.0643,gain,attacker,P1-C1,12,Ryu,258,5C,0,P2-C1,1,Ken the Eagle,0,,,1.0,False,0x40400001,0x00000000,0x00000000,0,0,,,,,,none,0,969,positive delta had no recent attributable attack packet
2026-07-25T19:36:54Z,45,P1,23274,23411,137,0.0137,gain,unknown,P1-C1,12,Ryu,256,5A,0,,0,,0,,,1.0,False,0x40400001,0x00000000,0x00000000,0,0,,,,,,none,0,0,positive delta had no recent attributable attack packet
2026-07-25T19:36:55Z,47,P1,23411,23790,379,0.0379,gain,attacker,P1-C1,12,Ryu,257,5B,0,P2-C1,1,Ken the Eagle,0,,,1.0,False,0x40400001,0x00000000,0x00000000,0,0,,,,,,none,0,540,positive delta had no recent attributable attack packet
2026-07-25T19:36:55Z,48,P1,23790,24152,362,0.0362,gain,unknown,P1-C1,12,Ryu,260,2B,0,,0,,0,,,1.0,False,0x40400010,0x00000000,0x00000000,0,0,,,,,,none,0,0,positive delta had no recent attributable attack packet
2026-07-25T19:36:55Z,49,P1,24152,24347,195,0.0195,gain,attacker,P1-C1,12,Ryu,258,5C,0,P2-C1,1,Ken the Eagle,0,,,1.0,False,0x40400001,0x00000000,0x00000000,0,0,,,,,,none,0,506,positive delta had no recent attributable attack packet
2026-07-25T19:36:56Z,50,P1,24347,24773,426,0.0426,gain,attacker,P1-C1,12,Ryu,258,5C,0,P2-C1,1,Ken the Eagle,0,,,1.0,False,0x40400001,0x00000000,0x00000000,0,0,,,,,,none,0,923,positive delta had no recent attributable attack packet
2026-07-25T19:36:56Z,52,P1,24773,25378,605,0.0605,gain,attacker,P1-C1,12,Ryu,261,2C,0,P2-C1,1,Ken the Eagle,0,,,1.0,False,0x40400010,0x00000000,0x00000000,0,0,,,,,,none,0,890,positive delta had no recent attributable attack packet
2026-07-25T19:36:56Z,53,P1,25378,25573,195,0.0195,gain,unknown,P1-C1,12,Ryu,262,6C,0,,0,,0,,,1.0,False,0x40400001,0x00000000,0x00000000,0,0,,,,,,none,0,0,positive delta had no recent attributable attack packet
2026-07-25T19:36:57Z,54,P1,25573,25944,371,0.0371,gain,attacker,P1-C1,12,Ryu,262,6C,0,P2-C1,1,Ken the Eagle,0,,,1.0,False,0x40400001,0x00000000,0x00000000,0,0,,,,,,none,0,803,positive delta had no recent attributable attack packet
2026-07-25T19:36:57Z,55,P1,25944,26204,260,0.026,gain,unknown,P1-C1,12,Ryu,309,Tatsu H,0,,0,,0,,,1.0,False,0x01400001,0x00000000,0x00000000,0,0,,,,,,none,0,0,positive delta had no recent attributable attack packet
2026-07-25T19:36:57Z,56,P1,26204,26478,274,0.0274,gain,attacker,P1-C1,12,Ryu,309,Tatsu H,0,P2-C1,1,Ken the Eagle,0,,,1.0,False,0x01C00200,0x00000000,0x00000000,0,0,,,,,,none,0,594,positive delta had no recent attributable attack packet
2026-07-25T19:36:57Z,58,P1,26478,26752,274,0.0274,gain,attacker,P1-C1,12,Ryu,309,Tatsu H,0,P2-C1,1,Ken the Eagle,0,,,1.0,False,0x01C00200,0x00000000,0x00000000,0,0,,,,,,none,0,595,positive delta had no recent attributable attack packet
2026-07-25T19:36:58Z,60,P1,26752,27026,274,0.0274,gain,attacker,P1-C1,12,Ryu,309,Tatsu H,0,P2-C1,1,Ken the Eagle,0,,,1.0,False,0x01C00200,0x00000000,0x00000000,0,0,,,,,,none,0,596,positive delta had no recent attributable attack packet
2026-07-25T19:36:58Z,62,P1,27026,27301,275,0.0275,gain,attacker,P1-C1,12,Ryu,309,Tatsu H,0,P2-C1,1,Ken the Eagle,0,,,1.0,False,0x01400001,0x00000000,0x00000000,0,0,,,,,,none,0,597,positive delta had no recent attributable attack packet
2026-07-25T19:36:59Z,65,P1,27301,27368,67,0.0067,gain,attacker,P1-C1,12,Ryu,256,5A,0,P2-C1,1,Ken the Eagle,0,,,1.0,False,0x40400001,0x00000000,0x00000000,0,0,,,,,,none,0,290,positive delta had no recent attributable attack packet
2026-07-25T19:36:59Z,66,P1,27368,27685,317,0.0317,gain,attacker,P1-C1,12,Ryu,257,5B,0,P2-C1,1,Ken the Eagle,0,,,1.0,False,0x40400001,0x00000000,0x00000000,0,0,,,,,,none,0,521,positive delta had no recent attributable attack packet
2026-07-25T19:36:59Z,68,P1,27685,27929,244,0.0244,gain,unknown,P1-C1,12,Ryu,260,2B,0,,0,,0,,,1.0,False,0x40400010,0x00000000,0x00000000,0,0,,,,,,none,0,0,positive delta had no recent attributable attack packet
2026-07-25T19:37:00Z,69,P1,27929,28059,130,0.013,gain,attacker,P1-C1,12,Ryu,270,6B,0,P2-C1,1,Ken the Eagle,0,,,1.0,False,0x40400001,0x00000000,0x00000000,0,0,,,,,,none,0,486,positive delta had no recent attributable attack packet
2026-07-25T19:37:00Z,70,P1,28059,28577,518,0.0518,gain,attacker,P1-C1,12,Ryu,270,6B,0,P2-C1,1,Ken the Eagle,0,,,1.0,False,0x40400001,0x00000000,0x00000000,0,0,,,,,,none,0,1120,positive delta had no recent attributable attack packet
2026-07-25T19:37:00Z,71,P1,28577,29069,492,0.0492,gain,attacker,P1-C1,12,Ryu,270,6B,0,P2-C1,1,Ken the Eagle,0,,,1.0,False,0x40400001,0x00000000,0x00000000,0,0,,,,,,none,0,851,positive delta had no recent attributable attack packet
2026-07-25T19:37:00Z,72,P1,29069,29329,260,0.026,gain,unknown,P1-C1,12,Ryu,313,Donkey L,0,,0,,0,,,1.0,False,0x41400001,0x00000000,0x00000000,0,0,,,,,,none,0,0,positive delta had no recent attributable attack packet
2026-07-25T19:37:01Z,74,P1,29329,30294,965,0.0965,gain,attacker,P1-C1,12,Ryu,313,Donkey L,0,P2-C1,1,Ken the Eagle,0,,,1.0,False,0x41400001,0x00000000,0x00000000,0,0,,,,,,none,0,1670,positive delta had no recent attributable attack packet
2026-07-25T19:37:01Z,79,P1,30294,30752,458,0.0458,gain,attacker,P1-C1,12,Ryu,257,5B,0,P2-C1,1,Ken the Eagle,0,,,1.0,False,0x40400001,0x00000000,0x00000000,0,0,,,,,,none,0,568,positive delta had no recent attributable attack packet
2026-07-25T19:37:02Z,80,P1,30752,31943,1191,0.1191,gain,attacker,P1-C1,12,Ryu,260,2B,0,P2-C1,1,Ken the Eagle,0,,,1.0,False,0x40400001,0x00000000,0x00000000,0,0,,,,,,none,0,975,positive delta had no recent attributable attack packet
2026-07-25T19:37:02Z,81,P1,31943,32138,195,0.0195,gain,attacker,P1-C1,12,Ryu,258,5C,0,P2-C1,1,Ken the Eagle,0,,,1.0,False,0x40400001,0x00000000,0x00000000,0,0,,,,,,none,0,862,positive delta had no recent attributable attack packet
2026-07-25T19:37:03Z,82,P1,32138,32986,848,0.0848,gain,attacker,P1-C1,12,Ryu,258,5C,0,P2-C1,1,Ken the Eagle,0,,,1.0,False,0x40400001,0x00000000,0x00000000,0,0,,,,,,none,0,1468,positive delta had no recent attributable attack packet
2026-07-25T19:37:03Z,83,P1,32986,33948,962,0.0962,gain,unknown,P1-C1,12,Ryu,261,2C,0,,0,,0,,,1.0,False,0x40400010,0x00000000,0x00000000,0,0,,,,,,none,0,0,positive delta had no recent attributable attack packet
2026-07-25T19:37:03Z,85,P1,33948,34782,834,0.0834,gain,unknown,P1-C1,12,Ryu,262,6C,0,,0,,0,,,1.0,False,0x40400001,0x00000000,0x00000000,0,0,,,,,,none,0,0,positive delta had no recent attributable attack packet
2026-07-25T19:37:04Z,87,P1,34782,35042,260,0.026,gain,unknown,P1-C1,12,Ryu,309,Tatsu H,0,,0,,0,,,1.0,False,0x01400001,0x00000000,0x00000000,0,0,,,,,,none,0,0,positive delta had no recent attributable attack packet
2026-07-25T19:37:04Z,89,P1,35042,35474,432,0.0432,gain,attacker,P1-C1,12,Ryu,309,Tatsu H,0,P2-C1,1,Ken the Eagle,0,,,1.0,False,0x01C00200,0x00000000,0x00000000,0,0,,,,,,none,0,655,positive delta had no recent attributable attack packet
2026-07-25T19:37:04Z,90,P1,35474,35867,393,0.0393,gain,attacker,P1-C1,12,Ryu,309,Tatsu H,0,P2-C1,1,Ken the Eagle,0,,,1.0,False,0x01C00200,0x00000000,0x00000000,0,0,,,,,,none,0,597,positive delta had no recent attributable attack packet
2026-07-25T19:37:05Z,92,P1,35867,36221,354,0.0354,gain,unknown,P1-C1,12,Ryu,309,Tatsu H,0,,0,,0,,,1.0,False,0x01C00200,0x00000000,0x00000000,0,0,,,,,,none,0,0,positive delta had no recent attributable attack packet
2026-07-25T19:37:05Z,94,P1,36221,36707,486,0.0486,gain,attacker,P1-C1,12,Ryu,309,Tatsu H,0,P2-C1,1,Ken the Eagle,0,,,1.0,False,0x01400001,0x00000000,0x00000000,0,0,,,,,,none,0,648,positive delta had no recent attributable attack packet
2026-07-25T19:37:05Z,95,P1,36707,36881,174,0.0174,gain,unknown,P1-C1,12,Ryu,309,Tatsu H,0,,0,,0,,,1.0,False,0x01400001,0x00000000,0x00000000,0,0,,,,,,none,0,0,positive delta had no recent attributable attack packet
2026-07-25T19:37:05Z,97,P1,36881,37057,176,0.0176,gain,unknown,P1-C1,12,Ryu,309,Tatsu H,0,,0,,0,,,1.0,False,0x01400001,0x00000000,0x00000000,0,0,,,,,,none,0,0,positive delta had no recent attributable attack packet
2026-07-25T19:37:06Z,98,P1,37057,37252,195,0.0195,gain,unknown,P1-C1,12,Ryu,258,5C,0,,0,,0,,,1.0,False,0x40400001,0x00000000,0x00000000,0,0,,,,,,none,0,0,positive delta had no recent attributable attack packet
2026-07-25T19:37:06Z,99,P1,37252,37697,445,0.0445,gain,unknown,P1-C1,12,Ryu,258,5C,0,,0,,0,,,1.0,False,0x40400001,0x00000000,0x00000000,0,0,,,,,,none,0,0,positive delta had no recent attributable attack packet
2026-07-25T19:37:06Z,101,P1,37697,37834,137,0.0137,gain,unknown,P1-C1,12,Ryu,256,5A,0,,0,,0,,,1.0,False,0x40400001,0x00000000,0x00000000,0,0,,,,,,none,0,0,positive delta had no recent attributable attack packet
2026-07-25T19:37:07Z,102,P1,37834,38415,581,0.0581,gain,unknown,P1-C1,12,Ryu,257,5B,0,,0,,0,,,1.0,False,0x40400001,0x00000000,0x00000000,0,0,,,,,,none,0,0,positive delta had no recent attributable attack packet
2026-07-25T19:37:07Z,104,P1,38415,38971,556,0.0556,gain,unknown,P1-C1,12,Ryu,260,2B,0,,0,,0,,,1.0,False,0x40400001,0x00000000,0x00000000,0,0,,,,,,none,0,0,positive delta had no recent attributable attack packet
2026-07-25T19:37:08Z,106,P1,38971,39394,423,0.0423,gain,unknown,P1-C1,12,Ryu,258,5C,0,,0,,0,,,1.0,False,0x40400001,0x00000000,0x00000000,0,0,,,,,,none,0,0,positive delta had no recent attributable attack packet
2026-07-25T19:37:08Z,107,P1,39394,40002,608,0.0608,gain,unknown,P1-C1,12,Ryu,261,2C,0,,0,,0,,,1.0,False,0x40400010,0x00000000,0x00000000,0,0,,,,,,none,0,0,positive delta had no recent attributable attack packet
2026-07-25T19:37:08Z,108,P1,40002,40197,195,0.0195,gain,unknown,P1-C1,12,Ryu,262,6C,0,,0,,0,,,1.0,False,0x40400001,0x00000000,0x00000000,0,0,,,,,,none,0,0,positive delta had no recent attributable attack packet
2026-07-25T19:37:09Z,110,P1,40197,40570,373,0.0373,gain,unknown,P1-C1,12,Ryu,262,6C,0,,0,,0,,,1.0,False,0x40400001,0x00000000,0x00000000,0,0,,,,,,none,0,0,positive delta had no recent attributable attack packet
2026-07-25T19:37:09Z,111,P1,40570,40830,260,0.026,gain,unknown,P1-C1,12,Ryu,315,Donkey H,0,,0,,0,,,1.0,False,0x41400001,0x00000000,0x00000000,0,0,,,,,,none,0,0,positive delta had no recent attributable attack packet
2026-07-25T19:37:09Z,112,P1,40830,41284,454,0.0454,gain,unknown,P1-C1,12,Ryu,315,Donkey H,0,,0,,0,,,1.0,False,0x41400001,0x00000000,0x00000000,0,0,,,,,,none,0,0,positive delta had no recent attributable attack packet
2026-07-25T19:37:13Z,139,P1,41284,41414,130,0.013,gain,unknown,P1-C1,12,Ryu,266,j.B,0,,0,,0,,,1.0,False,0x00400704,0x00000000,0x00000000,0,0,,,,,,none,0,0,positive delta had no recent attributable attack packet
2026-07-25T19:37:14Z,149,P1,41414,42794,1380,0.138,gain,unknown,P1-C1,12,Ryu,267,j.C,0,,0,,0,,,1.0,False,0x00400702,0x00000000,0x00000000,0,0,,,,,,none,0,0,positive delta had no recent attributable attack packet
2026-07-25T19:37:14Z,151,P1,42794,43145,351,0.0351,gain,unknown,P1-C1,12,Ryu,256,5A,0,,0,,0,,,1.0,False,0x40400001,0x00000000,0x00000000,0,0,,,,,,none,0,0,positive delta had no recent attributable attack packet
2026-07-25T19:37:15Z,152,P1,43145,43874,729,0.0729,gain,attacker,P1-C1,12,Ryu,257,5B,0,P2-C1,1,Ken the Eagle,0,,,1.0,False,0x40400001,0x00000000,0x00000000,0,0,,,,,,none,0,760,positive delta had no recent attributable attack packet
2026-07-25T19:37:15Z,153,P1,43874,44004,130,0.013,gain,attacker,P1-C1,12,Ryu,260,2B,0,P2-C1,1,Ken the Eagle,0,,,1.0,False,0x40400010,0x00000000,0x00000000,0,0,,,,,,none,0,1296,positive delta had no recent attributable attack packet
2026-07-25T19:37:15Z,154,P1,44004,44733,729,0.0729,gain,attacker,P1-C1,12,Ryu,258,5C,0,P2-C1,1,Ken the Eagle,0,,,1.0,False,0x40400001,0x00000000,0x00000000,0,0,,,,,,none,0,1156,positive delta had no recent attributable attack packet
2026-07-25T19:37:16Z,155,P1,44733,45845,1112,0.1112,gain,attacker,P1-C1,12,Ryu,261,2C,0,P2-C1,1,Ken the Eagle,0,,,1.0,False,0x40400010,0x00000000,0x00000000,0,0,,,,,,none,0,1983,positive delta had no recent attributable attack packet
2026-07-25T19:37:16Z,156,P1,45845,46678,833,0.0833,gain,attacker,P1-C1,12,Ryu,261,2C,0,P2-C1,1,Ken the Eagle,0,,,1.0,False,0x40400010,0x00000000,0x00000000,0,0,,,,,,none,0,1799,positive delta had no recent attributable attack packet
2026-07-25T19:37:16Z,157,P1,46678,46873,195,0.0195,gain,unknown,P1-C1,12,Ryu,262,6C,0,,0,,0,,,1.0,False,0x40400001,0x00000000,0x00000000,0,0,,,,,,none,0,0,positive delta had no recent attributable attack packet
2026-07-25T19:37:16Z,158,P1,46873,47590,717,0.0717,gain,attacker,P1-C1,12,Ryu,262,6C,0,P2-C1,1,Ken the Eagle,0,,,1.0,False,0x40400001,0x00000000,0x00000000,0,0,,,,,,none,0,1552,positive delta had no recent attributable attack packet
2026-07-25T19:37:16Z,159,P1,47590,47850,260,0.026,gain,unknown,P1-C1,12,Ryu,315,Donkey H,0,,0,,0,,,1.0,False,0x41400001,0x00000000,0x00000000,0,0,,,,,,none,0,0,positive delta had no recent attributable attack packet
2026-07-25T19:37:17Z,161,P1,47850,48696,846,0.0846,gain,attacker,P1-C1,12,Ryu,315,Donkey H,0,P2-C1,1,Ken the Eagle,0,,,1.0,False,0x41400001,0x00000000,0x00000000,0,0,,,,,,none,0,1831,positive delta had no recent attributable attack packet
2026-07-25T19:37:18Z,165,P1,48696,48923,227,0.0227,gain,unknown,P1-C1,12,Ryu,256,5A,0,,0,,0,,,1.0,False,0x40400001,0x00000000,0x00000000,0,0,,,,,,none,0,0,positive delta had no recent attributable attack packet
2026-07-25T19:37:18Z,166,P1,48923,49202,279,0.0279,gain,attacker,P1-C1,12,Ryu,256,5A,0,P2-C1,1,Ken the Eagle,0,,,1.0,False,0x40400001,0x00000000,0x00000000,0,0,,,,,,none,0,493,positive delta had no recent attributable attack packet
2026-07-25T19:37:18Z,167,P1,49202,49527,325,0.0325,gain,attacker,P1-C1,12,Ryu,256,5A,0,P2-C1,1,Ken the Eagle,0,,,1.0,False,0x40400001,0x00000000,0x00000000,0,0,,,,,,none,0,887,positive delta had no recent attributable attack packet
2026-07-25T19:37:19Z,168,P1,49527,49832,305,0.0305,gain,attacker,P1-C1,12,Ryu,256,5A,0,P2-C1,1,Ken the Eagle,0,,,1.0,False,0x40400001,0x00000000,0x00000000,0,0,,,,,,none,0,381,positive delta had no recent attributable attack packet
2026-07-25T19:37:19Z,169,P1,49832,49897,65,0.0065,gain,unknown,P1-C1,12,Ryu,256,5A,0,,0,,0,,,1.0,False,0x40400001,0x00000000,0x00000000,0,0,,,,,,none,0,0,positive delta had no recent attributable attack packet
2026-07-25T19:37:24Z,210,P1,49897,50000,103,0.0103,gain,unknown,P1-C1,12,Ryu,267,j.C,0,,0,,0,,,1.0,False,0x00400704,0x00000000,0x00000000,0,0,,,,,,none,0,0,positive delta had no recent attributable attack packet
2026-07-25T19:37:43Z,333,P1,50000,40000,-10000,-1.0,spend_or_drain,spend_or_drain,P1-C1,12,Ryu,352,Shinkuu,0,,0,,0,,,1.0,False,0x42400001,0x00000000,0x00000000,0,0,,,,,,none,0,464,negative delta is a meter spend or scripted drain
2026-07-25T19:37:51Z,385,P1,40000,40786,786,0.0786,gain,attacker,P1-C1,12,Ryu,256,5A,0,P2-C1,1,Ken the Eagle,0,,,1.0,False,0x40400001,0x00000000,0x00000000,0,0,,,,,,none,0,800,positive delta had no recent attributable attack packet
2026-07-25T19:37:51Z,386,P1,40786,41515,729,0.0729,gain,attacker,P1-C1,12,Ryu,257,5B,0,P2-C1,1,Ken the Eagle,0,,,1.0,False,0x40400001,0x00000000,0x00000000,0,0,,,,,,none,0,760,positive delta had no recent attributable attack packet
2026-07-25T19:37:51Z,387,P1,41515,42179,664,0.0664,gain,attacker,P1-C1,12,Ryu,260,2B,0,P2-C1,1,Ken the Eagle,0,,,1.0,False,0x40400010,0x00000000,0x00000000,0,0,,,,,,none,0,1296,positive delta had no recent attributable attack packet
2026-07-25T19:37:51Z,388,P1,42179,42374,195,0.0195,gain,attacker,P1-C1,12,Ryu,258,5C,0,P2-C1,1,Ken the Eagle,0,,,1.0,False,0x40400001,0x00000000,0x00000000,0,0,,,,,,none,0,1156,positive delta had no recent attributable attack packet
2026-07-25T19:37:52Z,389,P1,42374,43486,1112,0.1112,gain,attacker,P1-C1,12,Ryu,262,6C,0,P2-C1,1,Ken the Eagle,0,,,1.0,False,0x40400001,0x00000000,0x00000000,0,0,,,,,,none,0,1983,positive delta had no recent attributable attack packet
2026-07-25T19:37:52Z,391,P1,43486,44494,1008,0.1008,gain,attacker,P1-C1,12,Ryu,305,Hado M,0,P2-C1,1,Ken the Eagle,0,,,1.0,False,0x41400001,0x00000000,0x00000000,0,0,,,,,,none,0,1619,positive delta had no recent attributable attack packet
2026-07-25T19:37:53Z,392,P1,44494,45400,906,0.0906,gain,unknown,P1-C1,12,Ryu,305,Hado M,0,P2-C1,1,Ken the Eagle,2800,0x0000000C,0x00040102,1.0,False,0x41400001,0x00000000,0x00000000,0,0,,,,,,none,0,0,positive delta had no recent attributable attack packet
2026-07-25T19:37:53Z,395,P1,45400,45912,512,0.0512,gain,unknown,P1-C1,12,Ryu,1,idle 2,0,P2-C1,1,Ken the Eagle,100,0x00000009,0x00000040,1.0,False,0x01C00200,0x00000000,0x00000000,0,0,,,,,,none,0,0,positive delta had no recent attributable attack packet
2026-07-25T19:37:54Z,398,P1,45912,46144,232,0.0232,gain,attacker,P1-C1,12,Ryu,1,idle 2,0,P2-C1,1,Ken the Eagle,100,0x00000009,0x00000040,1.0,False,0x01C00200,0x00000000,0x00000000,0,0,8,0,0,232,False,high,0,978,attack packet retained from 5 frame(s) earlier; property A bit 0 suppresses hit meter
2026-07-25T19:37:54Z,400,P1,46144,46357,213,0.0213,gain,attacker,P1-C1,12,Ryu,1,idle 2,0,P2-C1,1,Ken the Eagle,100,0x00000009,0x00000040,1.0,False,0x01C00200,0x00000000,0x00000000,0,0,8,0,0,213,False,high,0,897,attack packet retained from 7 frame(s) earlier; property A bit 0 suppresses hit meter
2026-07-25T19:37:54Z,402,P1,46357,46550,193,0.0193,gain,attacker,P1-C1,12,Ryu,325,Air Tatsu H,0,P2-C1,1,Ken the Eagle,0,,,1.0,False,0x01400200,0x00000000,0x00000000,0,0,,,,,,none,0,815,positive delta had no recent attributable attack packet
2026-07-25T19:37:55Z,405,P1,46550,46696,146,0.0146,gain,attacker,P1-C1,12,Ryu,256,5A,0,P2-C1,1,Ken the Eagle,0,,,1.0,False,0x40400001,0x00000000,0x00000000,0,0,,,,,,none,0,348,positive delta had no recent attributable attack packet
2026-07-25T19:37:55Z,406,P1,46696,46898,202,0.0202,gain,attacker,P1-C1,12,Ryu,257,5B,0,P2-C1,1,Ken the Eagle,0,,,1.0,False,0x40400001,0x00000000,0x00000000,0,0,,,,,,none,0,310,positive delta had no recent attributable attack packet
2026-07-25T19:37:55Z,407,P1,46898,47013,115,0.0115,gain,attacker,P1-C1,12,Ryu,257,5B,0,P2-C1,1,Ken the Eagle,0,,,1.0,False,0x40400001,0x00000000,0x00000000,0,0,,,,,,none,0,489,positive delta had no recent attributable attack packet
2026-07-25T19:37:55Z,408,P1,47013,47252,239,0.0239,gain,attacker,P1-C1,12,Ryu,260,2B,0,P2-C1,1,Ken the Eagle,0,,,1.0,False,0x40400001,0x00000000,0x00000000,0,0,,,,,,none,0,462,positive delta had no recent attributable attack packet
2026-07-25T19:37:56Z,409,P1,47252,47647,395,0.0395,gain,unknown,P1-C1,12,Ryu,258,5C,0,,0,,0,,,1.0,False,0x40400001,0x00000000,0x00000000,0,0,,,,,,none,0,0,positive delta had no recent attributable attack packet
2026-07-25T19:37:56Z,411,P1,47647,48035,388,0.0388,gain,attacker,P1-C1,12,Ryu,261,2C,0,P2-C1,1,Ken the Eagle,0,,,1.0,False,0x40400001,0x00000000,0x00000000,0,0,,,,,,none,0,816,positive delta had no recent attributable attack packet
2026-07-25T19:37:57Z,412,P1,48035,48408,373,0.0373,gain,unknown,P1-C1,12,Ryu,262,6C,0,,0,,0,,,1.0,False,0x40400001,0x00000000,0x00000000,0,0,,,,,,none,0,0,positive delta had no recent attributable attack packet
2026-07-25T19:37:57Z,413,P1,48408,48668,260,0.026,gain,attacker,P1-C1,12,Ryu,315,Donkey H,0,P2-C1,1,Ken the Eagle,0,,,1.0,False,0x41400001,0x00000000,0x00000000,0,0,,,,,,none,0,754,positive delta had no recent attributable attack packet
2026-07-25T19:37:57Z,414,P1,48668,48895,227,0.0227,gain,attacker,P1-C1,12,Ryu,315,Donkey H,0,P2-C1,1,Ken the Eagle,0,,,1.0,False,0x41400001,0x00000000,0x00000000,0,0,,,,,,none,0,958,positive delta had no recent attributable attack packet
2026-07-25T19:37:58Z,419,P1,48895,48961,66,0.0066,gain,unknown,P1-C1,12,Ryu,315,Donkey H,0,,0,,0,,,1.0,False,0x40400001,0x00000000,0x00000000,0,0,,,,,,none,0,0,positive delta had no recent attributable attack packet
2026-07-25T19:37:58Z,420,P1,48961,49026,65,0.0065,gain,attacker,P1-C1,12,Ryu,256,5A,0,P2-C1,1,Ken the Eagle,0,,,1.0,False,0x40400001,0x00000000,0x00000000,0,0,,,,,,none,0,285,positive delta had no recent attributable attack packet
2026-07-25T19:37:59Z,421,P1,49026,49344,318,0.0318,gain,attacker,P1-C1,12,Ryu,257,5B,0,P2-C1,1,Ken the Eagle,0,,,1.0,False,0x40400001,0x00000000,0x00000000,0,0,,,,,,none,0,288,positive delta had no recent attributable attack packet
2026-07-25T19:37:59Z,422,P1,49344,49588,244,0.0244,gain,attacker,P1-C1,12,Ryu,260,2B,0,P2-C1,1,Ken the Eagle,0,,,1.0,False,0x40400010,0x00000000,0x00000000,0,0,,,,,,none,0,518,positive delta had no recent attributable attack packet
2026-07-25T19:37:59Z,423,P1,49588,49783,195,0.0195,gain,attacker,P1-C1,12,Ryu,258,5C,0,P2-C1,1,Ken the Eagle,0,,,1.0,False,0x40400001,0x00000000,0x00000000,0,0,,,,,,none,0,488,positive delta had no recent attributable attack packet
2026-07-25T19:38:00Z,424,P1,49783,49993,210,0.021,gain,attacker,P1-C1,12,Ryu,258,5C,0,P2-C1,1,Ken the Eagle,0,,,1.0,False,0x40400001,0x00000000,0x00000000,0,0,,,,,,none,0,891,positive delta had no recent attributable attack packet
2026-07-25T19:38:00Z,425,P1,49993,50000,7,0.0007,gain,unknown,P1-C1,12,Ryu,261,2C,0,,0,,0,,,1.0,False,0x40400010,0x00000000,0x00000000,0,0,,,,,,none,0,0,positive delta had no recent attributable attack packet
2026-07-25T19:38:23Z,567,P1,50000,20000,-30000,-3.0,spend_or_drain,spend_or_drain,P1-C1,12,Ryu,368,Shin Sho,0,,0,,0,,,1.0,False,0x02400001,0x00000000,0x00000000,0,0,,,,,,none,0,0,negative delta is a meter spend or scripted drain
2026-07-25T19:38:29Z,611,P1,20000,20260,260,0.026,gain,unknown,P1-C1,12,Ryu,308,Tatsu M,0,,0,,0,,,1.0,False,0x01400001,0x00000000,0x00000000,0,0,,,,,,none,0,0,positive delta had no recent attributable attack packet
2026-07-25T19:38:30Z,619,P1,20260,20317,57,0.0057,gain,unknown,P1-C1,12,Ryu,1,idle,0,,0,,0,,,1.0,False,0x40400010,0x00000000,0x00000000,0,0,,,,,,none,0,0,positive delta had no recent attributable attack packet
2026-07-25T19:38:30Z,620,P1,20317,20561,244,0.0244,gain,attacker,P1-C1,12,Ryu,260,2B,0,P2-C1,1,Ken the Eagle,0,,,1.0,False,0x40400010,0x00000000,0x00000000,0,0,,,,,,none,0,586,positive delta had no recent attributable attack packet
2026-07-25T19:38:31Z,621,P1,20561,20966,405,0.0405,gain,unknown,P1-C1,12,Ryu,258,5C,0,,0,,0,,,1.0,False,0x40400001,0x00000000,0x00000000,0,0,,,,,,none,0,0,positive delta had no recent attributable attack packet
2026-07-25T19:38:31Z,623,P1,20966,21366,400,0.04,gain,unknown,P1-C1,12,Ryu,261,2C,0,,0,,0,,,1.0,False,0x40400010,0x00000000,0x00000000,0,0,,,,,,none,0,0,positive delta had no recent attributable attack packet
2026-07-25T19:38:31Z,624,P1,21366,21746,380,0.038,gain,attacker,P1-C1,12,Ryu,262,6C,0,P2-C1,1,Ken the Eagle,0,,,1.0,False,0x40400001,0x00000000,0x00000000,0,0,,,,,,none,0,607,positive delta had no recent attributable attack packet
2026-07-25T19:38:32Z,626,P1,21746,22006,260,0.026,gain,unknown,P1-C1,12,Ryu,309,Tatsu H,0,,0,,0,,,1.0,False,0x01400001,0x00000000,0x00000000,0,0,,,,,,none,0,0,positive delta had no recent attributable attack packet
2026-07-25T19:38:32Z,627,P1,22006,22141,135,0.0135,gain,attacker,P1-C1,12,Ryu,309,Tatsu H,0,P2-C1,1,Ken the Eagle,0,,,1.0,False,0x01C00200,0x00000000,0x00000000,0,0,,,,,,none,0,403,positive delta had no recent attributable attack packet
2026-07-25T19:38:32Z,629,P1,22141,22277,136,0.0136,gain,unknown,P1-C1,12,Ryu,309,Tatsu H,0,,0,,0,,,1.0,False,0x01C00200,0x00000000,0x00000000,0,0,,,,,,none,0,0,positive delta had no recent attributable attack packet
2026-07-25T19:38:33Z,631,P1,22277,22413,136,0.0136,gain,attacker,P1-C1,12,Ryu,309,Tatsu H,0,P2-C1,1,Ken the Eagle,0,,,1.0,False,0x01C00200,0x00000000,0x00000000,0,0,,,,,,none,0,404,positive delta had no recent attributable attack packet
2026-07-25T19:38:33Z,633,P1,22413,22549,136,0.0136,gain,attacker,P1-C1,12,Ryu,309,Tatsu H,0,P2-C1,1,Ken the Eagle,0,,,1.0,False,0x01400001,0x00000000,0x00000000,0,0,,,,,,none,0,405,positive delta had no recent attributable attack packet
2026-07-25T19:38:33Z,635,P1,22549,12549,-10000,-1.0,spend_or_drain,spend_or_drain,P1-C1,12,Ryu,352,Shinkuu,0,,0,,0,,,1.0,False,0x42400001,0x00000000,0x00000000,0,0,,,,,,none,0,0,negative delta is a meter spend or scripted drain
2026-07-25T19:43:04Z,23,P1,12549,10925,-1624,-0.1624,spend_or_drain,spend_or_drain,P1-C1,19,Roll,1,idle,0,,0,,0,,,1.0,False,0x00000001,0x00000000,0x00000000,0,0,,,,,,none,5200,0,negative delta is a meter spend or scripted drain
2026-07-25T19:43:04Z,3915,P1,12549,10925,-1624,-0.1624,spend_or_drain,spend_or_drain,P1-C1,19,Roll,1,idle,0,,0,,0,,,1.0,False,0x00000001,0x00000000,0x00000000,0,0,,,,,,none,5200,0,negative delta is a meter spend or scripted drain
2026-07-25T19:43:04Z,3915,P2,50000,10303,-39697,-3.9697,spend_or_drain,spend_or_drain,P2-C1,12,Ryu,1,idle,0,,0,,0,,,1.0,False,0x00000001,0x00000000,0x00000000,0,0,,,,,,none,5200,0,negative delta is a meter spend or scripted drain
2026-07-25T19:43:04Z,23,P2,50000,10303,-39697,-3.9697,spend_or_drain,spend_or_drain,P2-C1,12,Ryu,1,idle,0,,0,,0,,,1.0,False,0x00000001,0x00000000,0x00000000,0,0,,,,,,none,5200,0,negative delta is a meter spend or scripted drain
2026-07-25T19:43:08Z,51,P1,10925,11773,848,0.0848,gain,attacker,P1-C1,19,Roll,257,5B,0,P2-C1,12,Ryu,0,,,1.0,False,0x40400010,0x00000000,0x00000000,0,0,,,,,,none,0,792,positive delta had no recent attributable attack packet
2026-07-25T19:43:08Z,51,P2,10303,10840,537,0.0537,gain,victim,P1-C1,19,Roll,257,5B,0,P2-C1,12,Ryu,0,,,1.0,False,0x40400010,0x00000000,0x00000000,0,0,,,,,,none,0,792,positive delta had no recent attributable attack packet
2026-07-25T19:43:09Z,52,P1,11773,13764,1991,0.1991,gain,attacker,P1-C1,19,Roll,258,5C,0,P2-C1,12,Ryu,0,,,1.0,False,0x40400001,0x00000000,0x00000000,0,0,,,,,,none,0,4883,positive delta had no recent attributable attack packet
2026-07-25T19:43:09Z,52,P2,10840,12088,1248,0.1248,gain,victim,P1-C1,19,Roll,258,5C,0,P2-C1,12,Ryu,0,,,1.0,False,0x40400001,0x00000000,0x00000000,0,0,,,,,,none,0,4883,positive delta had no recent attributable attack packet
2026-07-25T19:43:24Z,77,P1,13764,17356,3592,0.3592,gain,attacker,P1-C1,19,Roll,310,Bucket A,0,P2-C1,12,Ryu,0,,,1.0,False,0x41400001,0x00000000,0x00000000,0,0,,,,,,none,0,2024,positive delta had no recent attributable attack packet
2026-07-25T19:43:24Z,77,P2,12088,14196,2108,0.2108,gain,victim,P1-C1,19,Roll,310,Bucket A,0,P2-C1,12,Ryu,0,,,1.0,False,0x41400001,0x00000000,0x00000000,0,0,,,,,,none,0,2024,positive delta had no recent attributable attack packet
2026-07-25T19:43:29Z,78,P1,17356,19828,2472,0.2472,gain,attacker,P1-C1,19,Roll,304,Swing A,0,P2-C1,12,Ryu,0,,,1.0,False,0x41400001,0x00000000,0x00000000,0,0,,,,,,none,0,9614,positive delta had no recent attributable attack packet
2026-07-25T19:43:29Z,78,P2,14196,15756,1560,0.156,gain,victim,P1-C1,19,Roll,304,Swing A,0,P2-C1,12,Ryu,0,,,1.0,False,0x41400001,0x00000000,0x00000000,0,0,,,,,,none,0,9614,positive delta had no recent attributable attack packet
2026-07-25T19:43:30Z,79,P1,19828,23908,4080,0.408,gain,attacker,P1-C1,19,Roll,260,2B,0,P2-C1,12,Ryu,0,,,1.0,False,0x41400001,0x00000000,0x00000000,0,0,,,,,,none,0,3057,positive delta had no recent attributable attack packet
2026-07-25T19:43:30Z,79,P2,15756,18276,2520,0.252,gain,victim,P1-C1,19,Roll,260,2B,0,P2-C1,12,Ryu,0,,,1.0,False,0x41400001,0x00000000,0x00000000,0,0,,,,,,none,0,3057,positive delta had no recent attributable attack packet
2026-07-25T19:43:36Z,80,P1,23908,26777,2869,0.2869,gain,attacker,P1-C1,19,Roll,1,idle,0,P2-C1,12,Ryu,0,,,1.0,False,0x00000001,0x00000000,0x00000000,0,0,,,,,,none,0,7192,positive delta had no recent attributable attack packet
2026-07-25T19:43:36Z,80,P2,18276,20085,1809,0.1809,gain,victim,P1-C1,19,Roll,1,idle,0,P2-C1,12,Ryu,0,,,1.0,False,0x00000001,0x00000000,0x00000000,0,0,,,,,,none,0,7192,positive delta had no recent attributable attack packet
2026-07-25T19:43:37Z,81,P1,26777,28869,2092,0.2092,gain,attacker,P1-C1,19,Roll,270,6B,0,P2-C1,12,Ryu,0,,,1.0,False,0x40400001,0x00000000,0x00000000,0,0,,,,,,none,0,4048,positive delta had no recent attributable attack packet
2026-07-25T19:43:37Z,81,P2,20085,21361,1276,0.1276,gain,victim,P1-C1,19,Roll,270,6B,0,P2-C1,12,Ryu,0,,,1.0,False,0x40400001,0x00000000,0x00000000,0,0,,,,,,none,0,4048,positive delta had no recent attributable attack packet
2026-07-25T19:43:42Z,82,P1,28869,31127,2258,0.2258,gain,unknown,P1-C1,19,Roll,2,Forward,0,,0,,0,,,1.0,False,0x00000003,0x00000000,0x00000000,0,0,,,,,,none,0,0,positive delta had no recent attributable attack packet
2026-07-25T19:43:42Z,82,P2,21361,22859,1498,0.1498,gain,unknown,P2-C1,12,Ryu,1,idle,0,,0,,0,,,1.0,False,0x00000001,0x00000000,0x00000000,0,0,,,,,,none,0,0,positive delta had no recent attributable attack packet
2026-07-25T19:43:44Z,84,P1,31127,33599,2472,0.2472,gain,attacker,P1-C1,19,Roll,304,Swing A,0,P2-C1,12,Ryu,0,,,1.0,False,0x40400001,0x00000000,0x00000000,0,0,,,,,,none,0,1763,positive delta had no recent attributable attack packet
2026-07-25T19:43:44Z,84,P2,22859,24419,1560,0.156,gain,victim,P1-C1,19,Roll,304,Swing A,0,P2-C1,12,Ryu,0,,,1.0,False,0x40400001,0x00000000,0x00000000,0,0,,,,,,none,0,1763,positive delta had no recent attributable attack packet
2026-07-25T19:43:50Z,85,P1,33599,38755,5156,0.5156,gain,attacker,P1-C1,19,Roll,270,6B,0,P2-C1,12,Ryu,0,,,1.0,False,0x40400001,0x00000000,0x00000000,0,0,,,,,,none,0,8382,positive delta had no recent attributable attack packet
2026-07-25T19:43:50Z,85,P2,24419,27699,3280,0.328,gain,victim,P1-C1,19,Roll,270,6B,0,P2-C1,12,Ryu,0,,,1.0,False,0x40400001,0x00000000,0x00000000,0,0,,,,,,none,0,8382,positive delta had no recent attributable attack packet
2026-07-25T19:43:53Z,88,P1,38755,39736,981,0.0981,gain,attacker,P1-C1,19,Roll,270,6B,0,P2-C1,12,Ryu,0,,,1.0,False,0x40400001,0x00000000,0x00000000,0,0,,,,,,none,0,1168,positive delta had no recent attributable attack packet
2026-07-25T19:43:53Z,88,P2,27699,28337,638,0.0638,gain,victim,P1-C1,19,Roll,270,6B,0,P2-C1,12,Ryu,0,,,1.0,False,0x40400001,0x00000000,0x00000000,0,0,,,,,,none,0,1168,positive delta had no recent attributable attack packet
2026-07-25T19:43:56Z,89,P1,39736,40717,981,0.0981,gain,unknown,P1-C1,19,Roll,10,crouching,0,,0,,0,,,1.0,False,0x00000010,0x00000000,0x00000000,0,0,,,,,,none,0,0,positive delta had no recent attributable attack packet
2026-07-25T19:43:56Z,89,P2,28337,28975,638,0.0638,gain,unknown,P2-C1,12,Ryu,1,idle,0,,0,,0,,,1.0,False,0x00000001,0x00000000,0x00000000,0,0,,,,,,none,0,0,positive delta had no recent attributable attack packet
2026-07-25T19:44:06Z,102,P1,40717,45028,4311,0.4311,gain,attacker,P1-C1,19,Roll,256,5A,0,P2-C1,12,Ryu,0,,,1.0,False,0x04400600,0x00000000,0x00000000,0,0,,,,,,none,0,792,positive delta had no recent attributable attack packet
2026-07-25T19:44:06Z,102,P2,28975,31620,2645,0.2645,gain,victim,P1-C1,19,Roll,256,5A,0,P2-C1,12,Ryu,0,,,1.0,False,0x04400600,0x00000000,0x00000000,0,0,,,,,,none,0,792,positive delta had no recent attributable attack packet
2026-07-25T19:44:11Z,103,P1,45028,48553,3525,0.3525,gain,attacker,P1-C1,19,Roll,21,jump forward,0,P2-C1,12,Ryu,0,,,1.0,False,0x00000E02,0x00000000,0x00000000,0,0,,,,,,none,0,14460,positive delta had no recent attributable attack packet
2026-07-25T19:44:11Z,103,P2,31620,33774,2154,0.2154,gain,victim,P1-C1,19,Roll,21,jump forward,0,P2-C1,12,Ryu,0,,,1.0,False,0x00000E02,0x00000000,0x00000000,0,0,,,,,,none,0,14460,positive delta had no recent attributable attack packet
2026-07-25T19:44:14Z,107,P1,48553,48885,332,0.0332,gain,attacker,P1-C1,19,Roll,256,5A,0,P2-C1,12,Ryu,0,,,1.0,False,0x40400001,0x00000000,0x00000000,0,0,,,,,,none,0,792,positive delta had no recent attributable attack packet
2026-07-25T19:44:14Z,107,P2,33774,34023,249,0.0249,gain,victim,P1-C1,19,Roll,256,5A,0,P2-C1,12,Ryu,0,,,1.0,False,0x40400001,0x00000000,0x00000000,0,0,,,,,,none,0,792,positive delta had no recent attributable attack packet
2026-07-25T19:44:14Z,108,P1,48885,48950,65,0.0065,gain,unknown,P1-C1,19,Roll,256,5A,0,,0,,0,,,1.0,False,0x40400001,0x00000000,0x00000000,0,0,,,,,,none,0,0,positive delta had no recent attributable attack packet
2026-07-25T19:44:15Z,112,P1,48950,49486,536,0.0536,gain,attacker,P1-C1,19,Roll,257,5B,0,P2-C1,12,Ryu,0,,,1.0,False,0x40400001,0x00000000,0x00000000,0,0,,,,,,none,0,968,positive delta had no recent attributable attack packet
2026-07-25T19:44:15Z,112,P2,34023,34327,304,0.0304,gain,victim,P1-C1,19,Roll,257,5B,0,P2-C1,12,Ryu,0,,,1.0,False,0x40400001,0x00000000,0x00000000,0,0,,,,,,none,0,968,positive delta had no recent attributable attack packet
2026-07-25T19:44:15Z,113,P1,49486,50000,514,0.0514,gain,attacker,P1-C1,19,Roll,260,2B,0,P2-C1,12,Ryu,0,,,1.0,False,0x40400010,0x00000000,0x00000000,0,0,,,,,,none,0,1421,positive delta had no recent attributable attack packet
2026-07-25T19:44:15Z,113,P2,34327,34774,447,0.0447,gain,victim,P1-C1,19,Roll,260,2B,0,P2-C1,12,Ryu,0,,,1.0,False,0x40400010,0x00000000,0x00000000,0,0,,,,,,none,0,1421,positive delta had no recent attributable attack packet
2026-07-25T19:44:16Z,119,P2,34774,35412,638,0.0638,gain,victim,P1-C1,19,Roll,270,6B,0,P2-C1,12,Ryu,0,,,1.0,False,0x40400001,0x00000000,0x00000000,0,0,,,,,,none,0,2024,positive delta had no recent attributable attack packet
2026-07-25T19:44:18Z,131,P2,35412,36050,638,0.0638,gain,unknown,P2-C1,12,Ryu,65,Overhead Hitstun,0,,0,,0,,,1.0,False,0x00001001,0x00000000,0x00000000,0,0,,,,,,none,0,0,positive delta had no recent attributable attack packet
2026-07-25T19:44:20Z,149,P2,36050,36272,222,0.0222,gain,victim,P1-C1,19,Roll,259,2A,0,P2-C1,12,Ryu,0,,,1.0,False,0x40400010,0x00000000,0x00000000,0,0,,,,,,none,0,704,positive delta had no recent attributable attack packet
2026-07-25T19:44:21Z,151,P2,36272,36910,638,0.0638,gain,victim,P1-C1,19,Roll,270,6B,0,P2-C1,12,Ryu,0,,,1.0,False,0x40400001,0x00000000,0x00000000,0,0,,,,,,none,0,2024,positive delta had no recent attributable attack packet
2026-07-25T19:44:22Z,159,P2,36910,37132,222,0.0222,gain,victim,P1-C1,19,Roll,259,2A,0,P2-C1,12,Ryu,0,,,1.0,False,0x40400010,0x00000000,0x00000000,0,0,,,,,,none,0,704,positive delta had no recent attributable attack packet
2026-07-25T19:44:23Z,160,P2,37132,37770,638,0.0638,gain,victim,P1-C1,19,Roll,270,6B,0,P2-C1,12,Ryu,0,,,1.0,False,0x40400001,0x00000000,0x00000000,0,0,,,,,,none,0,2024,positive delta had no recent attributable attack packet
2026-07-25T19:44:24Z,170,P2,37770,39330,1560,0.156,gain,unknown,P2-C1,12,Ryu,65,Overhead Hitstun,0,,0,,0,,,1.0,False,0x00005200,0x00000000,0x00000000,0,0,,,,,,none,0,0,positive delta had no recent attributable attack packet
2026-07-25T19:44:25Z,173,P1,50000,40000,-10000,-1.0,spend_or_drain,spend_or_drain,P1-C1,19,Roll,353,Mop up Turbo,0,,0,,0,,,1.0,False,0x02400001,0x00000000,0x00000000,0,0,,,,,,none,0,0,negative delta is a meter spend or scripted drain
2026-07-25T19:44:30Z,210,P1,40000,40130,130,0.013,gain,unknown,P1-C1,19,Roll,270,6B,0,,0,,0,,,1.0,False,0x40400001,0x00000000,0x00000000,0,0,,,,,,none,0,0,positive delta had no recent attributable attack packet
2026-07-25T19:44:30Z,211,P1,40130,40981,851,0.0851,gain,attacker,P1-C1,19,Roll,270,6B,0,P2-C1,12,Ryu,0,,,1.0,False,0x40400001,0x00000000,0x00000000,0,0,,,,,,none,0,2024,positive delta had no recent attributable attack packet
2026-07-25T19:44:30Z,211,P2,39330,39968,638,0.0638,gain,victim,P1-C1,19,Roll,270,6B,0,P2-C1,12,Ryu,0,,,1.0,False,0x40400001,0x00000000,0x00000000,0,0,,,,,,none,0,2024,positive delta had no recent attributable attack packet
2026-07-25T19:44:31Z,215,P1,40981,41111,130,0.013,gain,unknown,P1-C1,19,Roll,270,6B,0,,0,,0,,,1.0,False,0x40400001,0x00000000,0x00000000,0,0,,,,,,none,0,0,positive delta had no recent attributable attack packet
2026-07-25T19:44:32Z,216,P1,41111,41962,851,0.0851,gain,attacker,P1-C1,19,Roll,270,6B,0,P2-C1,12,Ryu,0,,,1.0,False,0x40400001,0x00000000,0x00000000,0,0,,,,,,none,0,2024,positive delta had no recent attributable attack packet
2026-07-25T19:44:32Z,216,P2,39968,40606,638,0.0638,gain,victim,P1-C1,19,Roll,270,6B,0,P2-C1,12,Ryu,0,,,1.0,False,0x40400001,0x00000000,0x00000000,0,0,,,,,,none,0,2024,positive delta had no recent attributable attack packet
2026-07-25T19:44:32Z,219,P1,41962,42092,130,0.013,gain,unknown,P1-C1,19,Roll,270,6B,0,,0,,0,,,1.0,False,0x40400001,0x00000000,0x00000000,0,0,,,,,,none,0,0,positive delta had no recent attributable attack packet
2026-07-25T19:44:32Z,221,P1,42092,42943,851,0.0851,gain,attacker,P1-C1,19,Roll,270,6B,0,P2-C1,12,Ryu,0,,,1.0,False,0x40400001,0x00000000,0x00000000,0,0,,,,,,none,0,2024,positive delta had no recent attributable attack packet
2026-07-25T19:44:32Z,221,P2,40606,41244,638,0.0638,gain,victim,P1-C1,19,Roll,270,6B,0,P2-C1,12,Ryu,0,,,1.0,False,0x40400001,0x00000000,0x00000000,0,0,,,,,,none,0,2024,positive delta had no recent attributable attack packet
2026-07-25T19:44:33Z,223,P1,42943,43073,130,0.013,gain,unknown,P1-C1,19,Roll,270,6B,0,,0,,0,,,1.0,False,0x40400001,0x00000000,0x00000000,0,0,,,,,,none,0,0,positive delta had no recent attributable attack packet
2026-07-25T19:44:34Z,224,P1,43073,43924,851,0.0851,gain,attacker,P1-C1,19,Roll,270,6B,0,P2-C1,12,Ryu,0,,,1.0,False,0x40400001,0x00000000,0x00000000,0,0,,,,,,none,0,2024,positive delta had no recent attributable attack packet
2026-07-25T19:44:34Z,224,P2,41244,41882,638,0.0638,gain,victim,P1-C1,19,Roll,270,6B,0,P2-C1,12,Ryu,0,,,1.0,False,0x40400001,0x00000000,0x00000000,0,0,,,,,,none,0,2024,positive delta had no recent attributable attack packet
2026-07-25T19:44:34Z,225,P1,43924,45415,1491,0.1491,gain,attacker,P1-C1,19,Roll,304,Swing A,0,P2-C1,12,Ryu,0,,,1.0,False,0x41400001,0x00000000,0x00000000,0,0,,,,,,none,0,2926,positive delta had no recent attributable attack packet
2026-07-25T19:44:34Z,225,P2,41882,42804,922,0.0922,gain,victim,P1-C1,19,Roll,304,Swing A,0,P2-C1,12,Ryu,0,,,1.0,False,0x41400001,0x00000000,0x00000000,0,0,,,,,,none,0,2926,positive delta had no recent attributable attack packet
2026-07-25T19:44:36Z,236,P1,45415,45545,130,0.013,gain,unknown,P1-C1,19,Roll,270,6B,0,,0,,0,,,1.0,False,0x40400001,0x00000000,0x00000000,0,0,,,,,,none,0,0,positive delta had no recent attributable attack packet
2026-07-25T19:44:36Z,237,P1,45545,46396,851,0.0851,gain,unknown,P1-C1,19,Roll,270,6B,0,,0,,0,,,1.0,False,0x40400001,0x00000000,0x00000000,0,0,,,,,,none,0,0,positive delta had no recent attributable attack packet
2026-07-25T19:44:36Z,237,P2,42804,43442,638,0.0638,gain,unknown,P2-C1,12,Ryu,1,idle,0,,0,,0,,,1.0,False,0x00001001,0x00000000,0x00000000,0,0,,,,,,none,0,0,positive delta had no recent attributable attack packet
2026-07-25T19:44:36Z,239,P1,46396,47887,1491,0.1491,gain,attacker,P1-C1,19,Roll,304,Swing A,0,P2-C1,12,Ryu,0,,,1.0,False,0x41400001,0x00000000,0x00000000,0,0,,,,,,none,0,2926,positive delta had no recent attributable attack packet
2026-07-25T19:44:36Z,239,P2,43442,44364,922,0.0922,gain,victim,P1-C1,19,Roll,304,Swing A,0,P2-C1,12,Ryu,0,,,1.0,False,0x41400001,0x00000000,0x00000000,0,0,,,,,,none,0,2926,positive delta had no recent attributable attack packet
2026-07-25T19:44:37Z,241,P1,47887,37887,-10000,-1.0,spend_or_drain,spend_or_drain,P1-C1,19,Roll,353,Mop up Turbo,0,,0,,0,,,1.0,False,0x02400001,0x00000000,0x00000000,0,0,,,,,,none,0,0,negative delta is a meter spend or scripted drain
2026-07-25T19:44:48Z,334,P1,37887,38219,332,0.0332,gain,unknown,P1-C1,19,Roll,256,5A,0,,0,,0,,,1.0,False,0x40400001,0x00000000,0x00000000,0,0,,,,,,none,0,0,positive delta had no recent attributable attack packet
2026-07-25T19:44:48Z,334,P2,44364,44613,249,0.0249,gain,unknown,P2-C1,12,Ryu,1,idle,0,,0,,0,,,1.0,False,0x00001001,0x00000000,0x00000000,0,0,,,,,,none,0,0,positive delta had no recent attributable attack packet
2026-07-25T19:44:48Z,335,P1,38219,38800,581,0.0581,gain,attacker,P1-C1,19,Roll,257,5B,0,P2-C1,12,Ryu,0,,,1.0,False,0x40400001,0x00000000,0x00000000,0,0,,,,,,none,0,1711,positive delta had no recent attributable attack packet
2026-07-25T19:44:48Z,335,P2,44613,44901,288,0.0288,gain,victim,P1-C1,19,Roll,257,5B,0,P2-C1,12,Ryu,0,,,1.0,False,0x40400001,0x00000000,0x00000000,0,0,,,,,,none,0,1711,positive delta had no recent attributable attack packet
2026-07-25T19:44:48Z,336,P1,38800,39165,365,0.0365,gain,attacker,P1-C1,19,Roll,257,5B,0,P2-C1,12,Ryu,0,,,1.0,False,0x40400001,0x00000000,0x00000000,0,0,,,,,,none,0,871,positive delta had no recent attributable attack packet
2026-07-25T19:44:48Z,336,P2,44901,45174,273,0.0273,gain,victim,P1-C1,19,Roll,257,5B,0,P2-C1,12,Ryu,0,,,1.0,False,0x40000001,0x00000000,0x00000000,0,0,,,,,,none,0,871,positive delta had no recent attributable attack packet
2026-07-25T19:44:49Z,341,P1,39165,39461,296,0.0296,gain,attacker,P1-C1,19,Roll,259,2A,0,P2-C1,12,Ryu,0,,,1.0,False,0x40400010,0x00000000,0x00000000,0,0,,,,,,none,0,704,positive delta had no recent attributable attack packet
2026-07-25T19:44:49Z,341,P2,45174,45396,222,0.0222,gain,victim,P1-C1,19,Roll,259,2A,0,P2-C1,12,Ryu,0,,,1.0,False,0x40400010,0x00000000,0x00000000,0,0,,,,,,none,0,704,positive delta had no recent attributable attack packet
2026-07-25T19:44:50Z,342,P1,39461,40252,791,0.0791,gain,attacker,P1-C1,19,Roll,264,3C,0,P2-C1,12,Ryu,0,,,1.0,False,0x20400001,0x00000000,0x00000000,0,0,,,,,,none,0,1421,positive delta had no recent attributable attack packet
2026-07-25T19:44:50Z,342,P2,45396,45843,447,0.0447,gain,victim,P1-C1,19,Roll,264,3C,0,P2-C1,12,Ryu,0,,,1.0,False,0x20400001,0x00000000,0x00000000,0,0,,,,,,none,0,1421,positive delta had no recent attributable attack packet
2026-07-25T19:44:50Z,343,P1,40252,41446,1194,0.1194,gain,attacker,P1-C1,19,Roll,264,3C,0,P2-C1,12,Ryu,0,,,1.0,False,0x20400001,0x00000000,0x00000000,0,0,,,,,,none,0,2376,positive delta had no recent attributable attack packet
2026-07-25T19:44:50Z,343,P2,45843,46591,748,0.0748,gain,victim,P1-C1,19,Roll,264,3C,0,P2-C1,12,Ryu,0,,,1.0,False,0x20400001,0x00000000,0x00000000,0,0,,,,,,none,0,2376,positive delta had no recent attributable attack packet
2026-07-25T19:44:50Z,344,P1,41446,41738,292,0.0292,gain,unknown,P1-C1,19,Roll,29,Super Jump,0,,0,,0,,,1.0,False,0x04400600,0x00000000,0x00000000,0,0,,,,,,none,0,0,positive delta had no recent attributable attack packet
2026-07-25T19:44:50Z,344,P2,46591,46809,218,0.0218,gain,unknown,P2-C1,12,Ryu,97,Launched,0,,0,,0,,,1.0,False,0x00005200,0x00000000,0x00000000,0,0,,,,,,none,0,0,positive delta had no recent attributable attack packet
2026-07-25T19:44:51Z,345,P1,41738,42202,464,0.0464,gain,attacker,P1-C1,19,Roll,288,j.A (second hit),0,P2-C1,12,Ryu,0,,,1.0,False,0x04400600,0x00000000,0x00000000,0,0,,,,,,none,0,1495,positive delta had no recent attributable attack packet
2026-07-25T19:44:51Z,345,P2,46809,47058,249,0.0249,gain,victim,P1-C1,19,Roll,288,j.A (second hit),0,P2-C1,12,Ryu,0,,,1.0,False,0x04400600,0x00000000,0x00000000,0,0,,,,,,none,0,1495,positive delta had no recent attributable attack packet
2026-07-25T19:44:51Z,346,P1,42202,42841,639,0.0639,gain,attacker,P1-C1,19,Roll,266,j.B,0,P2-C1,12,Ryu,0,,,1.0,False,0x04400600,0x00000000,0x00000000,0,0,,,,,,none,0,1210,positive delta had no recent attributable attack packet
2026-07-25T19:44:51Z,346,P2,47058,47440,382,0.0382,gain,victim,P1-C1,19,Roll,266,j.B,0,P2-C1,12,Ryu,0,,,1.0,False,0x04400600,0x00000000,0x00000000,0,0,,,,,,none,0,1210,positive delta had no recent attributable attack packet
2026-07-25T19:44:55Z,371,P1,42841,43101,260,0.026,gain,unknown,P1-C1,19,Roll,310,Bucket A,0,,0,,0,,,1.0,False,0x41400001,0x00000000,0x00000000,0,0,,,,,,none,0,0,positive delta had no recent attributable attack packet
2026-07-25T19:44:57Z,391,P1,43101,33101,-10000,-1.0,spend_or_drain,spend_or_drain,P1-C1,19,Roll,353,Mop up Turbo,0,,0,,640,0x00000424,0x00000102,1.0,False,0x02400001,0x00000000,0x00000000,0,0,,,,,,none,0,0,negative delta is a meter spend or scripted drain
2026-07-25T19:45:12Z,523,P1,33101,33296,195,0.0195,gain,unknown,P1-C1,19,Roll,267,j.C,0,,0,,0,,,1.0,False,0x04400E00,0x00000000,0x00000000,0,0,,,,,,none,0,0,positive delta had no recent attributable attack packet
2026-07-25T19:45:12Z,524,P1,33296,34558,1262,0.1262,gain,attacker,P1-C1,19,Roll,161,Hard Knockdown,0,P2-C1,12,Ryu,0,,,1.0,False,0x00400200,0x00000000,0x00000000,0,0,,,,,,none,0,4500,positive delta had no recent attributable attack packet
2026-07-25T19:45:12Z,524,P2,47440,48386,946,0.0946,gain,victim,P1-C1,19,Roll,161,Hard Knockdown,0,P2-C1,12,Ryu,0,,,1.0,False,0x00400200,0x00000000,0x00000000,0,0,,,,,,none,0,4500,positive delta had no recent attributable attack packet
2026-07-25T19:45:15Z,548,P1,34558,34559,1,0.0001,gain,unknown,P1-C1,19,Roll,474,Air Back Throw,0,,0,,0,,,1.0,False,0x00A00200,0x00000000,0x00000000,0,0,,,,,,none,0,0,positive delta had no recent attributable attack packet
2026-07-25T19:45:15Z,549,P1,34559,35892,1333,0.1333,gain,unknown,P1-C1,19,Roll,474,Air Back Throw,0,,0,,0,,,1.0,False,0x00A00200,0x00000000,0x00000000,0,0,,,,,,none,0,0,positive delta had no recent attributable attack packet
2026-07-25T19:45:15Z,549,P2,48386,49385,999,0.0999,gain,unknown,P2-C1,12,Ryu,4571,Air back throw,0,,0,,0,,,1.0,False,0x00021000,0x00000000,0x00000000,0,0,,,,,,none,0,0,positive delta had no recent attributable attack packet
2026-07-25T19:45:16Z,553,P1,35892,37892,2000,0.2,gain,attacker,P1-C1,19,Roll,474,Air Back Throw,0,P2-C1,12,Ryu,0,,,1.0,False,0x00A00200,0x00000000,0x00000000,0,0,,,,,,none,0,7131,positive delta had no recent attributable attack packet
2026-07-25T19:45:16Z,553,P2,49385,50000,615,0.0615,gain,victim,P1-C1,19,Roll,474,Air Back Throw,0,P2-C1,12,Ryu,0,,,1.0,False,0x00A00200,0x00000000,0x00000000,0,0,,,,,,none,0,7131,positive delta had no recent attributable attack packet
2026-07-25T19:45:24Z,618,P1,37892,37893,1,0.0001,gain,unknown,P1-C1,19,Roll,269,j.C (Second),0,,0,,0,,,1.0,False,0x00A00200,0x00000000,0x00000000,0,0,,,,,,none,0,0,positive delta had no recent attributable attack packet
2026-07-25T19:45:24Z,619,P1,37893,39246,1353,0.1353,gain,attacker,P1-C1,19,Roll,474,Air Back Throw,0,P2-C1,12,Ryu,0,,,1.0,False,0x00A00200,0x00000000,0x00000000,0,0,,,,,,none,0,4824,positive delta had no recent attributable attack packet
2026-07-25T19:45:25Z,623,P1,39246,41276,2030,0.203,gain,attacker,P1-C1,19,Roll,474,Air Back Throw,0,P2-C1,12,Ryu,0,,,1.0,False,0x00A00200,0x00000000,0x00000000,0,0,,,,,,none,0,7236,positive delta had no recent attributable attack packet
2026-07-25T19:45:29Z,655,P1,41276,41277,1,0.0001,gain,unknown,P1-C1,19,Roll,474,Air Back Throw,0,,0,,0,,,1.0,False,0x00A00200,0x00000000,0x00000000,0,0,,,,,,none,0,0,positive delta had no recent attributable attack packet
2026-07-25T19:45:30Z,657,P1,41277,42630,1353,0.1353,gain,attacker,P1-C1,19,Roll,474,Air Back Throw,0,P2-C1,12,Ryu,0,,,1.0,False,0x00A00200,0x00000000,0x00000000,0,0,,,,,,none,0,4824,positive delta had no recent attributable attack packet
2026-07-25T19:45:30Z,661,P1,42630,44660,2030,0.203,gain,attacker,P1-C1,19,Roll,474,Air Back Throw,0,P2-C1,12,Ryu,0,,,1.0,False,0x00A00200,0x00000000,0x00000000,0,0,,,,,,none,0,7236,positive delta had no recent attributable attack packet
2026-07-25T19:45:34Z,687,P1,44660,45005,345,0.0345,gain,attacker,P1-C1,19,Roll,256,5A,0,P2-C1,12,Ryu,0,,,1.0,False,0x40400001,0x00000000,0x00000000,0,0,,,,,,none,0,1238,positive delta had no recent attributable attack packet
2026-07-25T19:45:35Z,688,P1,45005,45619,614,0.0614,gain,attacker,P1-C1,19,Roll,257,5B,0,P2-C1,12,Ryu,0,,,1.0,False,0x40000001,0x00000000,0x00000000,0,0,,,,,,none,0,1500,positive delta had no recent attributable attack packet
2026-07-25T19:45:37Z,704,P1,45619,45620,1,0.0001,gain,unknown,P1-C1,19,Roll,474,Air Back Throw,0,,0,,0,,,1.0,False,0x00A00200,0x00000000,0x00000000,0,0,,,,,,none,0,0,positive delta had no recent attributable attack packet
2026-07-25T19:45:38Z,705,P1,45620,46969,1349,0.1349,gain,attacker,P1-C1,19,Roll,474,Air Back Throw,0,P2-C1,12,Ryu,0,,,1.0,False,0x00A00200,0x00000000,0x00000000,0,0,,,,,,none,0,4809,positive delta had no recent attributable attack packet
2026-07-25T19:45:38Z,708,P1,46969,48993,2024,0.2024,gain,attacker,P1-C1,19,Roll,474,Air Back Throw,0,P2-C1,12,Ryu,0,,,1.0,False,0x00A00200,0x00000000,0x00000000,0,0,,,,,,none,0,7215,positive delta had no recent attributable attack packet
2026-07-25T19:45:43Z,747,P1,48993,48994,1,0.0001,gain,unknown,P1-C1,19,Roll,269,j.C (Second),0,,0,,0,,,1.0,False,0x00A00200,0x00000000,0x00000000,0,0,,,,,,none,0,0,positive delta had no recent attributable attack packet
2026-07-25T19:45:43Z,748,P1,48994,50000,1006,0.1006,gain,unknown,P1-C1,19,Roll,474,Air Back Throw,0,,0,,0,,,1.0,False,0x00A00200,0x00000000,0x00000000,0,0,,,,,,none,0,0,positive delta had no recent attributable attack packet
2026-07-25T19:46:12Z,1000,P1,50000,10000,-40000,-4.0,spend_or_drain,spend_or_drain,P1-C1,19,Roll,1,idle,0,,0,,0,,,1.0,False,0x00000001,0x00000000,0x00000000,0,0,,,,,,none,0,0,negative delta is a meter spend or scripted drain
2026-07-25T19:46:12Z,1000,P2,50000,10000,-40000,-4.0,spend_or_drain,spend_or_drain,P2-C1,12,Ryu,1,idle,0,,0,,0,,,1.0,False,0x00000001,0x00000000,0x00000000,0,0,,,,,,none,0,0,negative delta is a meter spend or scripted drain
2026-07-25T19:46:18Z,1052,P1,10000,10001,1,0.0001,gain,unknown,P1-C1,19,Roll,465,Forward Throw,0,,0,,0,,,1.0,False,0x00200001,0x00000000,0x00000000,0,0,,,,,,none,0,0,positive delta had no recent attributable attack packet
2026-07-25T19:46:18Z,1055,P1,10001,10890,889,0.0889,gain,attacker,P1-C1,19,Roll,465,Forward Throw,0,P2-C1,12,Ryu,0,,,1.0,False,0x00200001,0x00000000,0x00000000,0,0,,,,,,none,0,1920,positive delta had no recent attributable attack packet
2026-07-25T19:46:18Z,1055,P2,10000,10666,666,0.0666,gain,victim,P1-C1,19,Roll,465,Forward Throw,0,P2-C1,12,Ryu,0,,,1.0,False,0x00200001,0x00000000,0x00000000,0,0,,,,,,none,0,1920,positive delta had no recent attributable attack packet
2026-07-25T19:46:19Z,1060,P1,10890,12223,1333,0.1333,gain,attacker,P1-C1,19,Roll,465,Forward Throw,0,P2-C1,12,Ryu,0,,,1.0,False,0x00200001,0x00000000,0x00000000,0,0,,,,,,none,0,2880,positive delta had no recent attributable attack packet
2026-07-25T19:46:19Z,1060,P2,10666,11665,999,0.0999,gain,victim,P1-C1,19,Roll,465,Forward Throw,0,P2-C1,12,Ryu,0,,,1.0,False,0x00200001,0x00000000,0x00000000,0,0,,,,,,none,0,2880,positive delta had no recent attributable attack packet
2026-07-25T19:46:21Z,1070,P1,12223,12418,195,0.0195,gain,unknown,P1-C1,19,Roll,264,3C,0,,0,,0,,,1.0,False,0x20400001,0x00000000,0x00000000,0,0,,,,,,none,0,0,positive delta had no recent attributable attack packet
2026-07-25T19:46:21Z,1071,P1,12418,13529,1111,0.1111,gain,attacker,P1-C1,19,Roll,264,3C,0,P2-C1,12,Ryu,0,,,1.0,False,0x20400001,0x00000000,0x00000000,0,0,,,,,,none,0,2400,positive delta had no recent attributable attack packet
2026-07-25T19:46:21Z,1071,P2,11665,12498,833,0.0833,gain,victim,P1-C1,19,Roll,264,3C,0,P2-C1,12,Ryu,0,,,1.0,False,0x20400001,0x00000000,0x00000000,0,0,,,,,,none,0,2400,positive delta had no recent attributable attack packet
2026-07-25T19:46:25Z,1112,P1,13529,13530,1,0.0001,gain,unknown,P1-C1,19,Roll,269,j.C (Second),0,,0,,0,,,1.0,False,0x00200200,0x00000000,0x00000000,0,0,,,,,,none,0,0,positive delta had no recent attributable attack packet
2026-07-25T19:46:26Z,1113,P1,13530,14879,1349,0.1349,gain,attacker,P1-C1,19,Roll,474,Air Back Throw,0,P2-C1,12,Ryu,0,,,1.0,False,0x00A00200,0x00000000,0x00000000,0,0,,,,,,none,0,2414,positive delta had no recent attributable attack packet
2026-07-25T19:46:26Z,1113,P2,12498,13509,1011,0.1011,gain,victim,P1-C1,19,Roll,474,Air Back Throw,0,P2-C1,12,Ryu,0,,,1.0,False,0x00A00200,0x00000000,0x00000000,0,0,,,,,,none,0,2414,positive delta had no recent attributable attack packet
2026-07-25T19:46:27Z,1116,P1,14879,16903,2024,0.2024,gain,attacker,P1-C1,19,Roll,474,Air Back Throw,0,P2-C1,12,Ryu,0,,,1.0,False,0x00A00200,0x00000000,0x00000000,0,0,,,,,,none,0,4372,positive delta had no recent attributable attack packet
2026-07-25T19:46:27Z,1116,P2,13509,15026,1517,0.1517,gain,victim,P1-C1,19,Roll,474,Air Back Throw,0,P2-C1,12,Ryu,0,,,1.0,False,0x00A00200,0x00000000,0x00000000,0,0,,,,,,none,0,4372,positive delta had no recent attributable attack packet
2026-07-25T19:46:32Z,1152,P1,16903,17163,260,0.026,gain,unknown,P1-C1,19,Roll,1,idle,0,,0,,1200,0x0000080C,0x00040102,1.0,False,0x41400001,0x00000000,0x00000000,0,0,,,,,,none,0,0,positive delta had no recent attributable attack packet
2026-07-25T19:46:34Z,1156,P1,17163,7163,-10000,-1.0,spend_or_drain,spend_or_drain,P1-C1,19,Roll,353,Mop up Turbo,0,,0,,640,0x00000424,0x00000102,1.0,False,0x02400001,0x00000000,0x00000000,0,0,,,,,,none,0,0,negative delta is a meter spend or scripted drain
2026-07-25T19:46:39Z,1183,P1,7163,7423,260,0.026,gain,unknown,P1-C1,19,Roll,310,Bucket A,0,,0,,640,0x00000424,0x00000102,1.0,False,0x41400001,0x00000000,0x00000000,0,0,,,,,,none,0,0,positive delta had no recent attributable attack packet
2026-07-25T19:46:42Z,1201,P1,7423,12085,4662,0.4662,gain,unknown,P1-C1,19,Roll,10,crouching,0,,0,,640,0x00000424,0x00000102,1.0,False,0x00000010,0x00000000,0x00000000,0,0,,,,,,none,0,0,positive delta had no recent attributable attack packet
2026-07-25T19:46:43Z,1202,P1,12085,22741,10656,1.0656,gain,unknown,P1-C1,19,Roll,11,crouched,0,,0,,640,0x00000424,0x00000102,1.0,False,0x00000010,0x00000000,0x00000000,0,0,,,,,,none,0,0,positive delta had no recent attributable attack packet
2026-07-25T19:46:43Z,1203,P1,22741,26737,3996,0.3996,gain,unknown,P1-C1,19,Roll,11,crouched,0,,0,,640,0x00000424,0x00000102,1.0,False,0x00000010,0x00000000,0x00000000,0,0,,,,,,none,0,0,positive delta had no recent attributable attack packet
2026-07-25T19:46:43Z,1204,P1,26737,31399,4662,0.4662,gain,unknown,P1-C1,19,Roll,11,crouched,0,,0,,640,0x00000424,0x00000102,1.0,False,0x00000010,0x00000000,0x00000000,0,0,,,,,,none,0,0,positive delta had no recent attributable attack packet
2026-07-25T19:46:43Z,1205,P1,31399,35395,3996,0.3996,gain,unknown,P1-C1,19,Roll,11,crouched,0,,0,,640,0x00000424,0x00000102,1.0,False,0x00000010,0x00000000,0x00000000,0,0,,,,,,none,0,0,positive delta had no recent attributable attack packet
2026-07-25T19:46:43Z,1206,P1,35395,42721,7326,0.7326,gain,unknown,P1-C1,19,Roll,11,crouched,0,,0,,640,0x00000424,0x00000102,1.0,False,0x00000010,0x00000000,0x00000000,0,0,,,,,,none,0,0,positive delta had no recent attributable attack packet
2026-07-25T19:46:44Z,1207,P1,42721,41046,-1675,-0.1675,spend_or_drain,spend_or_drain,P1-C1,19,Roll,353,Mop up Turbo,0,,0,,640,0x00000424,0x00000102,1.0,False,0x02400001,0x00000000,0x00000000,0,0,,,,,,none,0,0,negative delta is a meter spend or scripted drain
2026-07-25T19:46:44Z,1208,P1,41046,43710,2664,0.2664,gain,unknown,P1-C1,19,Roll,353,Mop up Turbo,0,,0,,640,0x00000424,0x00000102,1.0,False,0x02400001,0x00000000,0x00000000,0,0,,,,,,none,0,0,positive delta had no recent attributable attack packet
2026-07-25T19:46:44Z,1209,P1,43710,46041,2331,0.2331,gain,unknown,P1-C1,19,Roll,353,Mop up Turbo,0,,0,,640,0x00000424,0x00000102,1.0,False,0x02400001,0x00000000,0x00000000,0,0,,,,,,none,0,0,positive delta had no recent attributable attack packet
2026-07-25T19:46:44Z,1210,P1,46041,48705,2664,0.2664,gain,unknown,P1-C1,19,Roll,353,Mop up Turbo,0,,0,,640,0x00000424,0x00000102,1.0,False,0x02400001,0x00000000,0x00000000,0,0,,,,,,none,0,0,positive delta had no recent attributable attack packet
2026-07-25T19:46:44Z,1211,P1,48705,50000,1295,0.1295,gain,unknown,P1-C1,19,Roll,353,Mop up Turbo,0,,0,,640,0x00000424,0x00000102,1.0,False,0x02400001,0x00000000,0x00000000,0,0,,,,,,none,0,0,positive delta had no recent attributable attack packet
2026-07-25T19:46:53Z,1283,P2,15026,15958,932,0.0932,gain,victim,P1-C1,19,Roll,161,Hard Knockdown,0,P2-C1,12,Ryu,0,,,1.0,False,0x00400200,0x00000000,0x00000000,0,0,,,,,,none,0,1530,positive delta had no recent attributable attack packet
2026-07-25T19:46:56Z,1305,P2,15958,16969,1011,0.1011,gain,victim,P1-C1,19,Roll,474,Air Back Throw,0,P2-C1,12,Ryu,0,,,1.0,False,0x00A00200,0x00000000,0x00000000,0,0,,,,,,none,0,4371,positive delta had no recent attributable attack packet
2026-07-25T19:46:57Z,1307,P2,16969,18486,1517,0.1517,gain,victim,P1-C1,19,Roll,474,Air Back Throw,0,P2-C1,12,Ryu,0,,,1.0,False,0x00000E00,0x00000000,0x00000000,0,0,,,,,,none,0,6558,positive delta had no recent attributable attack packet
2026-07-25T19:47:02Z,1334,P2,18486,19496,1010,0.101,gain,unknown,P2-C1,12,Ryu,4571,Air back throw,0,,0,,0,,,1.0,False,0x00021000,0x00000000,0x00000000,0,0,,,,,,none,0,0,positive delta had no recent attributable attack packet
2026-07-25T19:47:02Z,1336,P2,19496,21011,1515,0.1515,gain,victim,P1-C1,19,Roll,474,Air Back Throw,0,P2-C1,12,Ryu,0,,,1.0,False,0x00A00200,0x00000000,0x00000000,0,0,,,,,,none,0,6549,positive delta had no recent attributable attack packet
2026-07-25T19:47:06Z,1358,P2,21011,22024,1013,0.1013,gain,victim,P1-C1,19,Roll,474,Air Back Throw,0,P2-C1,12,Ryu,0,,,1.0,False,0x00A00200,0x00000000,0x00000000,0,0,,,,,,none,0,4384,positive delta had no recent attributable attack packet
2026-07-25T19:47:07Z,1359,P2,22024,23546,1522,0.1522,gain,victim,P1-C1,19,Roll,474,Air Back Throw,0,P2-C1,12,Ryu,0,,,1.0,False,0x00A00200,0x00000000,0x00000000,0,0,,,,,,none,0,6577,positive delta had no recent attributable attack packet
2026-07-25T19:47:10Z,1377,P2,23546,24559,1013,0.1013,gain,victim,P1-C1,19,Roll,474,Air Back Throw,0,P2-C1,12,Ryu,0,,,1.0,False,0x00A00200,0x00000000,0x00000000,0,0,,,,,,none,0,4381,positive delta had no recent attributable attack packet
2026-07-25T19:47:11Z,1379,P2,24559,26080,1521,0.1521,gain,victim,P1-C1,19,Roll,474,Air Back Throw,0,P2-C1,12,Ryu,0,,,1.0,False,0x00A00200,0x00000000,0x00000000,0,0,,,,,,none,0,6573,positive delta had no recent attributable attack packet
2026-07-25T19:47:16Z,1418,P2,26080,27093,1013,0.1013,gain,victim,P1-C1,19,Roll,474,Air Back Throw,0,P2-C1,12,Ryu,0,,,1.0,False,0x00A00200,0x00000000,0x00000000,0,0,,,,,,none,0,4824,positive delta had no recent attributable attack packet
2026-07-25T19:47:17Z,1419,P2,27093,28615,1522,0.1522,gain,unknown,P2-C1,12,Ryu,4571,Air back throw,0,,0,,0,,,1.0,False,0x00021000,0x00000000,0x00000000,0,0,,,,,,none,0,0,positive delta had no recent attributable attack packet
2026-07-25T19:47:35Z,1626,P2,28615,28864,249,0.0249,gain,victim,P1-C1,19,Roll,256,5A,0,P2-C1,12,Ryu,0,,,1.0,False,0x40400001,0x00000000,0x00000000,0,0,,,,,,none,0,1188,positive delta had no recent attributable attack packet
2026-07-25T19:47:35Z,1627,P2,28864,29575,711,0.0711,gain,victim,P1-C1,19,Roll,260,2B,0,P2-C1,12,Ryu,0,,,1.0,False,0x40400010,0x00000000,0x00000000,0,0,,,,,,none,0,1378,positive delta had no recent attributable attack packet
2026-07-25T19:47:36Z,1629,P2,29575,30400,825,0.0825,gain,victim,P1-C1,19,Roll,258,5C,0,P2-C1,12,Ryu,0,,,1.0,False,0x40400001,0x00000000,0x00000000,0,0,,,,,,none,0,3927,positive delta had no recent attributable attack packet
2026-07-25T19:47:36Z,1630,P2,30400,31065,665,0.0665,gain,victim,P1-C1,19,Roll,264,3C,0,P2-C1,12,Ryu,0,,,1.0,False,0x20400001,0x00000000,0x00000000,0,0,,,,,,none,0,3165,positive delta had no recent attributable attack packet
2026-07-25T19:47:36Z,1632,P2,31065,31262,197,0.0197,gain,victim,P1-C1,19,Roll,265,j.A,0,P2-C1,12,Ryu,0,,,1.0,False,0x04400600,0x00000000,0x00000000,0,0,,,,,,none,0,942,positive delta had no recent attributable attack packet
2026-07-25T19:47:37Z,1633,P2,31262,31482,220,0.022,gain,victim,P1-C1,19,Roll,288,j.A (second hit),0,P2-C1,12,Ryu,0,,,1.0,False,0x04400600,0x00000000,0x00000000,0,0,,,,,,none,0,1052,positive delta had no recent attributable attack packet
2026-07-25T19:47:37Z,1634,P2,31482,31813,331,0.0331,gain,victim,P1-C1,19,Roll,266,j.B,0,P2-C1,12,Ryu,0,,,1.0,False,0x41C00200,0x00000000,0x00000000,0,0,,,,,,none,0,1581,positive delta had no recent attributable attack packet
2026-07-25T19:47:37Z,1636,P2,31813,33072,1259,0.1259,gain,victim,P1-C1,19,Roll,335,FLAG_335,0,P2-C1,12,Ryu,0,,,1.0,False,0x41C00200,0x00000000,0x00000000,0,0,,,,,,none,0,5444,positive delta had no recent attributable attack packet
2026-07-25T19:47:39Z,1647,P1,50000,40333,-9667,-0.9667,spend_or_drain,spend_or_drain,P1-C1,19,Roll,353,Mop up Turbo,0,,0,,0,,,1.0,False,0x02400001,0x00000000,0x00000000,0,0,,,,,,none,0,0,negative delta is a meter spend or scripted drain
2026-07-25T19:47:39Z,1648,P1,40333,44329,3996,0.3996,gain,unknown,P1-C1,19,Roll,353,Mop up Turbo,0,,0,,0,,,1.0,False,0x02400001,0x00000000,0x00000000,0,0,,,,,,none,0,0,positive delta had no recent attributable attack packet
2026-07-25T19:47:39Z,1649,P1,44329,45994,1665,0.1665,gain,unknown,P1-C1,19,Roll,353,Mop up Turbo,0,,0,,0,,,1.0,False,0x02400001,0x00000000,0x00000000,0,0,,,,,,none,0,0,positive delta had no recent attributable attack packet
2026-07-25T19:47:39Z,1650,P1,45994,47659,1665,0.1665,gain,unknown,P1-C1,19,Roll,353,Mop up Turbo,0,,0,,0,,,1.0,False,0x02400001,0x00000000,0x00000000,0,0,,,,,,none,0,0,positive delta had no recent attributable attack packet
2026-07-25T19:47:39Z,1651,P1,47659,49324,1665,0.1665,gain,unknown,P1-C1,19,Roll,353,Mop up Turbo,0,,0,,0,,,1.0,False,0x02400001,0x00000000,0x00000000,0,0,,,,,,none,0,0,positive delta had no recent attributable attack packet
2026-07-25T19:47:39Z,1652,P1,49324,50000,676,0.0676,gain,unknown,P1-C1,19,Roll,353,Mop up Turbo,0,,0,,0,,,1.0,False,0x02400001,0x00000000,0x00000000,0,0,,,,,,none,0,0,positive delta had no recent attributable attack packet
2026-07-25T19:47:46Z,1724,P2,33072,33321,249,0.0249,gain,unknown,P2-C1,12,Ryu,64,Standing Hitstun,0,,0,,0,,,1.0,False,0x00001001,0x00000000,0x00000000,0,0,,,,,,none,0,0,positive delta had no recent attributable attack packet
2026-07-25T19:47:46Z,1725,P2,33321,33609,288,0.0288,gain,victim,P1-C1,19,Roll,257,5B,0,P2-C1,12,Ryu,0,,,1.0,False,0x40400010,0x00000000,0x00000000,0,0,,,,,,none,0,1378,positive delta had no recent attributable attack packet
2026-07-25T19:47:46Z,1726,P2,33609,34032,423,0.0423,gain,unknown,P2-C1,12,Ryu,64,Standing Hitstun,0,,0,,0,,,1.0,False,0x00001001,0x00000000,0x00000000,0,0,,,,,,none,0,0,positive delta had no recent attributable attack packet
2026-07-25T19:47:47Z,1728,P2,34032,34857,825,0.0825,gain,victim,P1-C1,19,Roll,264,3C,0,P2-C1,12,Ryu,0,,,1.0,False,0x20400001,0x00000000,0x00000000,0,0,,,,,,none,0,3927,positive delta had no recent attributable attack packet
2026-07-25T19:47:47Z,1729,P2,34857,35522,665,0.0665,gain,victim,P1-C1,19,Roll,264,3C,0,P2-C1,12,Ryu,0,,,1.0,False,0x20400001,0x00000000,0x00000000,0,0,,,,,,none,0,3165,positive delta had no recent attributable attack packet
2026-07-25T19:47:47Z,1732,P2,35522,35720,198,0.0198,gain,victim,P1-C1,19,Roll,265,j.A,0,P2-C1,12,Ryu,0,,,1.0,False,0x04400600,0x00000000,0x00000000,0,0,,,,,,none,0,952,positive delta had no recent attributable attack packet
2026-07-25T19:47:48Z,1733,P2,35720,35942,222,0.0222,gain,victim,P1-C1,19,Roll,288,j.A (second hit),0,P2-C1,12,Ryu,0,,,1.0,False,0x04400600,0x00000000,0x00000000,0,0,,,,,,none,0,1058,positive delta had no recent attributable attack packet
2026-07-25T19:47:48Z,1734,P2,35942,36276,334,0.0334,gain,unknown,P2-C1,12,Ryu,91,Soft Knockdown,0,,0,,0,,,1.0,False,0x00005200,0x00000000,0x00000000,0,0,,,,,,none,0,0,positive delta had no recent attributable attack packet
2026-07-25T19:47:48Z,1736,P2,36276,37426,1150,0.115,gain,victim,P1-C1,19,Roll,334,FLAG_334,0,P2-C1,12,Ryu,0,,,1.0,False,0x41C00200,0x00000000,0x00000000,0,0,,,,,,none,0,4974,positive delta had no recent attributable attack packet
2026-07-25T19:47:51Z,1770,P2,37426,38064,638,0.0638,gain,unknown,P2-C1,12,Ryu,1,idle,0,,0,,0,,,1.0,False,0x00000001,0x00000000,0x00000000,0,0,,,,,,none,0,0,positive delta had no recent attributable attack packet
2026-07-25T19:47:52Z,1771,P2,38064,38986,922,0.0922,gain,victim,P1-C1,19,Roll,305,Swing B,0,P2-C1,12,Ryu,0,,,1.0,False,0x41400001,0x00000000,0x00000000,0,0,,,,,,none,0,6250,positive delta had no recent attributable attack packet
2026-07-25T19:57:55Z,189,P2,38986,39235,249,0.0249,gain,victim,P1-C1,19,Roll,256,5A,0,P2-C1,12,Ryu,0,,,1.0,False,0x40400001,0x00000000,0x00000000,0,0,,,,,,none,0,1080,positive delta had no recent attributable attack packet
2026-07-25T19:57:57Z,195,P2,39235,39484,249,0.0249,gain,victim,P1-C1,19,Roll,256,5A,0,P2-C1,12,Ryu,0,,,1.0,False,0x40400001,0x00000000,0x00000000,0,0,,,,,,none,0,1080,positive delta had no recent attributable attack packet
2026-07-25T19:57:59Z,209,P2,39484,40021,537,0.0537,gain,victim,P1-C1,19,Roll,257,5B,0,P2-C1,12,Ryu,0,,,1.0,False,0x40400001,0x00000000,0x00000000,0,0,,,,,,none,0,1080,positive delta had no recent attributable attack packet
2026-07-25T19:58:00Z,210,P2,40021,40444,423,0.0423,gain,victim,P1-C1,19,Roll,260,2B,0,P2-C1,12,Ryu,0,,,1.0,False,0x40400010,0x00000000,0x00000000,0,0,,,,,,none,0,3090,positive delta had no recent attributable attack packet
2026-07-25T19:58:00Z,212,P2,40444,40693,249,0.0249,gain,victim,P1-C1,19,Roll,256,5A,0,P2-C1,12,Ryu,0,,,1.0,False,0x40400001,0x00000000,0x00000000,0,0,,,,,,none,0,1080,positive delta had no recent attributable attack packet
2026-07-25T19:58:01Z,215,P2,40693,41230,537,0.0537,gain,victim,P1-C1,19,Roll,257,5B,0,P2-C1,12,Ryu,0,,,1.0,False,0x40400001,0x00000000,0x00000000,0,0,,,,,,none,0,1080,positive delta had no recent attributable attack packet
2026-07-25T19:58:02Z,216,P2,41230,41653,423,0.0423,gain,victim,P1-C1,19,Roll,260,2B,0,P2-C1,12,Ryu,0,,,1.0,False,0x40400010,0x00000000,0x00000000,0,0,,,,,,none,0,1254,positive delta had no recent attributable attack packet
2026-07-25T19:58:03Z,226,P2,41653,41902,249,0.0249,gain,unknown,P2-C1,12,Ryu,1,idle,0,,0,,0,,,1.0,False,0x00001001,0x00000000,0x00000000,0,0,,,,,,none,0,0,positive delta had no recent attributable attack packet
2026-07-25T19:58:04Z,228,P2,41902,42151,249,0.0249,gain,unknown,P2-C1,12,Ryu,1,idle,0,,0,,0,,,1.0,False,0x00000001,0x00000000,0x00000000,0,0,,,,,,none,0,0,positive delta had no recent attributable attack packet
2026-07-25T19:58:05Z,236,P2,42151,42400,249,0.0249,gain,victim,P1-C1,19,Roll,256,5A,0,P2-C1,12,Ryu,0,,,1.0,False,0x40400001,0x00000000,0x00000000,0,0,,,,,,none,0,1080,positive delta had no recent attributable attack packet
2026-07-25T19:58:06Z,237,P2,42400,42649,249,0.0249,gain,unknown,P2-C1,12,Ryu,1,idle,0,,0,,0,,,1.0,False,0x00001001,0x00000000,0x00000000,0,0,,,,,,none,0,0,positive delta had no recent attributable attack packet
2026-07-25T19:58:07Z,246,P2,42649,43186,537,0.0537,gain,unknown,P2-C1,12,Ryu,64,Standing Hitstun,0,,0,,0,,,1.0,False,0x00001001,0x00000000,0x00000000,0,0,,,,,,none,0,0,positive delta had no recent attributable attack packet
2026-07-25T19:58:08Z,247,P2,43186,43609,423,0.0423,gain,victim,P1-C1,19,Roll,260,2B,0,P2-C1,12,Ryu,0,,,1.0,False,0x40400010,0x00000000,0x00000000,0,0,,,,,,none,0,1836,positive delta had no recent attributable attack packet
2026-07-25T19:58:08Z,249,P2,43609,43858,249,0.0249,gain,unknown,P2-C1,12,Ryu,1,idle,0,,0,,0,,,1.0,False,0x00001001,0x00000000,0x00000000,0,0,,,,,,none,0,0,positive delta had no recent attributable attack packet
2026-07-25T19:58:09Z,251,P2,43858,44107,249,0.0249,gain,victim,P1-C1,19,Roll,256,5A,0,P2-C1,12,Ryu,0,,,1.0,False,0x40400001,0x00000000,0x00000000,0,0,,,,,,none,0,1080,positive delta had no recent attributable attack packet
2026-07-25T19:58:11Z,257,P2,44107,44356,249,0.0249,gain,unknown,P2-C1,12,Ryu,64,Standing Hitstun,0,,0,,0,,,1.0,False,0x00001001,0x00000000,0x00000000,0,0,,,,,,none,0,0,positive delta had no recent attributable attack packet
2026-07-25T19:58:12Z,262,P2,44356,44605,249,0.0249,gain,victim,P1-C1,19,Roll,256,5A,0,P2-C1,12,Ryu,0,,,1.0,False,0x40400001,0x00000000,0x00000000,0,0,,,,,,none,0,1080,positive delta had no recent attributable attack packet
2026-07-25T19:58:13Z,267,P2,44605,44854,249,0.0249,gain,unknown,P2-C1,12,Ryu,1,idle,0,,0,,0,,,1.0,False,0x00000001,0x00000000,0x00000000,0,0,,,,,,none,0,0,positive delta had no recent attributable attack packet
2026-07-25T19:58:14Z,269,P2,44854,45103,249,0.0249,gain,unknown,P2-C1,12,Ryu,1,idle,0,,0,,0,,,1.0,False,0x00001001,0x00000000,0x00000000,0,0,,,,,,none,0,0,positive delta had no recent attributable attack packet
2026-07-25T20:00:40Z,1321,P2,45103,45352,249,0.0249,gain,unknown,P2-C1,12,Ryu,1,idle,0,,0,,0,,,1.0,False,0x00000001,0x00000000,0x00000000,0,0,,,,,,none,0,0,positive delta had no recent attributable attack packet
2026-07-25T20:00:41Z,1322,P2,45352,45588,236,0.0236,gain,victim,P1-C1,19,Roll,256,5A,0,P2-C1,12,Ryu,0,,,1.0,False,0x40400001,0x00000000,0x00000000,0,0,,,,,,none,0,2106,positive delta had no recent attributable attack packet
2026-07-25T20:00:42Z,1326,P2,45588,45837,249,0.0249,gain,victim,P1-C1,19,Roll,256,5A,0,P2-C1,12,Ryu,0,,,1.0,False,0x40400001,0x00000000,0x00000000,0,0,,,,,,none,0,974,positive delta had no recent attributable attack packet
2026-07-25T20:00:43Z,1327,P2,45837,46073,236,0.0236,gain,victim,P1-C1,19,Roll,256,5A,0,P2-C1,12,Ryu,0,,,1.0,False,0x40000001,0x00000000,0x00000000,0,0,,,,,,none,0,1026,positive delta had no recent attributable attack packet
2026-07-25T20:00:44Z,1332,P2,46073,46544,471,0.0471,gain,victim,P1-C1,19,Roll,260,2B,0,P2-C1,12,Ryu,0,,,1.0,False,0x40400010,0x00000000,0x00000000,0,0,,,,,,none,0,2040,positive delta had no recent attributable attack packet
2026-07-25T20:00:45Z,1335,P2,46544,47793,1249,0.1249,gain,victim,P1-C1,19,Roll,1,idle,0,P2-C1,12,Ryu,0,,,1.0,False,0x00000001,0x00000000,0x00000000,0,0,,,,,,none,0,3600,positive delta had no recent attributable attack packet
2026-07-25T20:00:47Z,1344,P2,47793,48042,249,0.0249,gain,unknown,P2-C1,12,Ryu,1,idle,0,,0,,0,,,1.0,False,0x00001001,0x00000000,0x00000000,0,0,,,,,,none,0,0,positive delta had no recent attributable attack packet
2026-07-25T20:00:48Z,1345,P2,48042,48278,236,0.0236,gain,victim,P1-C1,19,Roll,256,5A,0,P2-C1,12,Ryu,0,,,1.0,False,0x40400001,0x00000000,0x00000000,0,0,,,,,,none,0,2106,positive delta had no recent attributable attack packet
2026-07-25T20:00:49Z,1349,P2,48278,48527,249,0.0249,gain,victim,P1-C1,19,Roll,256,5A,0,P2-C1,12,Ryu,0,,,1.0,False,0x40400001,0x00000000,0x00000000,0,0,,,,,,none,0,1080,positive delta had no recent attributable attack packet
2026-07-25T20:00:49Z,1350,P2,48527,48763,236,0.0236,gain,victim,P1-C1,19,Roll,256,5A,0,P2-C1,12,Ryu,0,,,1.0,False,0x00000001,0x00000000,0x00000000,0,0,,,,,,none,0,1026,positive delta had no recent attributable attack packet
2026-07-25T20:10:48Z,121,P2,48763,48985,222,0.0222,gain,victim,P1-C1,19,Roll,265,j.A,0,P2-C1,12,Ryu,0,,,1.0,False,0x00400602,0x00000000,0x00000000,0,0,,,,,,none,0,960,positive delta had no recent attributable attack packet
2026-07-25T20:10:54Z,122,P2,48985,50000,1015,0.1015,gain,unknown,P2-C1,12,Ryu,1,idle,0,,0,,0,,,1.0,False,0x00005220,0x00000000,0x00000000,0,0,,,,,,none,0,0,positive delta had no recent attributable attack packet
2026-07-25T20:50:31Z,93,P1,50000,41332,-8668,-0.8668,spend_or_drain,spend_or_drain,P1-C1,19,Roll,353,Mop up Turbo,0,,0,,0,,,1.0,False,0x02400001,0x00000000,0x00000000,0,0,,,,,,none,0,0,negative delta is a meter spend or scripted drain
2026-07-25T20:50:31Z,94,P1,41332,47659,6327,0.6327,gain,unknown,P1-C1,19,Roll,353,Mop up Turbo,0,,0,,0,,,1.0,False,0x02400001,0x00000000,0x00000000,0,0,,,,,,none,0,0,positive delta had no recent attributable attack packet
2026-07-25T20:50:31Z,95,P1,47659,49990,2331,0.2331,gain,unknown,P1-C1,19,Roll,353,Mop up Turbo,0,,0,,0,,,1.0,False,0x02400001,0x00000000,0x00000000,0,0,,,,,,none,0,0,positive delta had no recent attributable attack packet
2026-07-25T20:50:31Z,96,P1,49990,50000,10,0.001,gain,unknown,P1-C1,19,Roll,353,Mop up Turbo,0,,0,,0,,,1.0,False,0x02400001,0x00000000,0x00000000,0,0,,,,,,none,0,0,positive delta had no recent attributable attack packet
2026-07-25T20:50:39Z,137,P1,50000,41998,-8002,-0.8002,spend_or_drain,spend_or_drain,P1-C1,19,Roll,353,Mop up Turbo,0,,0,,0,,,1.0,False,0x02400001,0x00000000,0x00000000,0,0,,,,,,none,0,0,negative delta is a meter spend or scripted drain
2026-07-25T20:50:39Z,138,P1,41998,47992,5994,0.5994,gain,unknown,P1-C1,19,Roll,353,Mop up Turbo,0,,0,,0,,,1.0,False,0x02400001,0x00000000,0x00000000,0,0,,,,,,none,0,0,positive delta had no recent attributable attack packet
2026-07-25T20:50:39Z,139,P1,47992,49990,1998,0.1998,gain,unknown,P1-C1,19,Roll,353,Mop up Turbo,0,,0,,0,,,1.0,False,0x02400001,0x00000000,0x00000000,0,0,,,,,,none,0,0,positive delta had no recent attributable attack packet
2026-07-25T20:50:39Z,140,P1,49990,50000,10,0.001,gain,unknown,P1-C1,19,Roll,353,Mop up Turbo,0,,0,,0,,,1.0,False,0x02400001,0x00000000,0x00000000,0,0,,,,,,none,0,0,positive delta had no recent attributable attack packet
2026-07-25T21:09:26Z,912,P1,50000,41665,-8335,-0.8335,spend_or_drain,spend_or_drain,P1-C1,19,Roll,304,Swing A,0,,0,,0,,,1.0,False,0x02400001,0x00000000,0x00000000,0,0,,,,,,none,0,0,negative delta is a meter spend or scripted drain
2026-07-25T21:09:27Z,913,P1,41665,50000,8335,0.8335,gain,unknown,P1-C1,19,Roll,353,Mop up Turbo,0,,0,,0,,,1.0,False,0x02400001,0x00000000,0x00000000,0,0,,,,,,none,0,0,positive delta had no recent attributable attack packet
2026-07-25T21:09:36Z,976,P1,50000,10000,-40000,-4.0,spend_or_drain,spend_or_drain,P1-C1,12,Ryu,1,idle,0,,0,,0,,,1.0,False,0x00000001,0x00000000,0x00000000,0,0,,,,,,none,0,0,negative delta is a meter spend or scripted drain
2026-07-25T21:09:36Z,976,P2,50000,10000,-40000,-4.0,spend_or_drain,spend_or_drain,P2-C1,1,Ken the Eagle,1,idle,0,,0,,0,,,1.0,False,0x00000001,0x00000000,0x00000000,0,0,,,,,,none,0,0,negative delta is a meter spend or scripted drain
2026-07-25T21:09:40Z,989,P1,10000,10435,435,0.0435,gain,attacker,P1-C1,12,Ryu,256,5A,0,P2-C1,1,Ken the Eagle,0,,,1.0,False,0x40400001,0x00000000,0x00000000,0,0,,,,,,none,0,800,positive delta had no recent attributable attack packet
2026-07-25T21:09:40Z,989,P2,10000,10276,276,0.0276,gain,victim,P1-C1,12,Ryu,256,5A,0,P2-C1,1,Ken the Eagle,0,,,1.0,False,0x40400001,0x00000000,0x00000000,0,0,,,,,,none,0,800,positive delta had no recent attributable attack packet
2026-07-25T21:09:40Z,990,P1,10435,12208,1773,0.1773,gain,attacker,P1-C1,12,Ryu,260,2B,0,P2-C1,1,Ken the Eagle,0,,,1.0,False,0x40400010,0x00000000,0x00000000,0,0,,,,,,none,0,1980,positive delta had no recent attributable attack packet
2026-07-25T21:09:40Z,990,P2,10276,11360,1084,0.1084,gain,victim,P1-C1,12,Ryu,260,2B,0,P2-C1,1,Ken the Eagle,0,,,1.0,False,0x40400010,0x00000000,0x00000000,0,0,,,,,,none,0,1980,positive delta had no recent attributable attack packet
2026-07-25T21:09:41Z,991,P1,12208,12403,195,0.0195,gain,attacker,P1-C1,12,Ryu,258,5C,0,P2-C1,1,Ken the Eagle,0,,,1.0,False,0x40400001,0x00000000,0x00000000,0,0,,,,,,none,0,1156,positive delta had no recent attributable attack packet
2026-07-25T21:09:41Z,992,P1,12403,14348,1945,0.1945,gain,attacker,P1-C1,12,Ryu,262,6C,0,P2-C1,1,Ken the Eagle,0,,,1.0,False,0x40400001,0x00000000,0x00000000,0,0,,,,,,none,0,3782,positive delta had no recent attributable attack packet
2026-07-25T21:09:41Z,992,P2,11360,12671,1311,0.1311,gain,victim,P1-C1,12,Ryu,262,6C,0,P2-C1,1,Ken the Eagle,0,,,1.0,False,0x40400001,0x00000000,0x00000000,0,0,,,,,,none,0,3782,positive delta had no recent attributable attack packet
2026-07-25T21:09:42Z,993,P1,14348,14543,195,0.0195,gain,unknown,P1-C1,12,Ryu,262,6C,0,,0,,0,,,1.0,False,0x40400001,0x00000000,0x00000000,0,0,,,,,,none,0,0,positive delta had no recent attributable attack packet
2026-07-25T21:09:42Z,994,P1,14543,15260,717,0.0717,gain,attacker,P1-C1,12,Ryu,262,6C,0,P2-C1,1,Ken the Eagle,0,,,1.0,False,0x40400001,0x00000000,0x00000000,0,0,,,,,,none,0,1552,positive delta had no recent attributable attack packet
2026-07-25T21:09:42Z,994,P2,12671,13209,538,0.0538,gain,victim,P1-C1,12,Ryu,262,6C,0,P2-C1,1,Ken the Eagle,0,,,1.0,False,0x40400001,0x00000000,0x00000000,0,0,,,,,,none,0,1552,positive delta had no recent attributable attack packet
2026-07-25T21:09:43Z,997,P1,15260,15630,370,0.037,gain,unknown,P1-C1,12,Ryu,6,forward dash,0,,0,,0,,,1.0,False,0x40400001,0x00000000,0x00000000,0,0,,,,,,none,0,0,positive delta had no recent attributable attack packet
2026-07-25T21:09:43Z,997,P2,13209,13485,276,0.0276,gain,unknown,P2-C1,1,Ken the Eagle,1,idle,0,,0,,0,,,1.0,False,0x00001001,0x00000000,0x00000000,0,0,,,,,,none,0,0,positive delta had no recent attributable attack packet
2026-07-25T21:09:43Z,998,P1,15630,16010,380,0.038,gain,attacker,P1-C1,12,Ryu,256,5A,0,P2-C1,1,Ken the Eagle,0,,,1.0,False,0x40400010,0x00000000,0x00000000,0,0,,,,,,none,0,800,positive delta had no recent attributable attack packet
2026-07-25T21:09:43Z,998,P2,13485,13721,236,0.0236,gain,victim,P1-C1,12,Ryu,256,5A,0,P2-C1,1,Ken the Eagle,0,,,1.0,False,0x40400010,0x00000000,0x00000000,0,0,,,,,,none,0,800,positive delta had no recent attributable attack packet
2026-07-25T21:09:44Z,999,P1,16010,17663,1653,0.1653,gain,attacker,P1-C1,12,Ryu,258,5C,0,P2-C1,1,Ken the Eagle,0,,,1.0,False,0x40400001,0x00000000,0x00000000,0,0,,,,,,none,0,3136,positive delta had no recent attributable attack packet
2026-07-25T21:09:44Z,999,P2,13721,14569,848,0.0848,gain,victim,P1-C1,12,Ryu,258,5C,0,P2-C1,1,Ken the Eagle,0,,,1.0,False,0x40400001,0x00000000,0x00000000,0,0,,,,,,none,0,3136,positive delta had no recent attributable attack packet
2026-07-25T21:09:45Z,1000,P1,17663,18580,917,0.0917,gain,attacker,P1-C1,12,Ryu,258,5C,0,P2-C1,1,Ken the Eagle,0,,,1.0,False,0x40000001,0x00000000,0x00000000,0,0,,,,,,none,0,1983,positive delta had no recent attributable attack packet
2026-07-25T21:09:45Z,1000,P2,14569,15256,687,0.0687,gain,victim,P1-C1,12,Ryu,258,5C,0,P2-C1,1,Ken the Eagle,0,,,1.0,False,0x40000001,0x00000000,0x00000000,0,0,,,,,,none,0,1983,positive delta had no recent attributable attack packet
2026-07-25T21:09:46Z,1001,P1,18580,18950,370,0.037,gain,unknown,P1-C1,12,Ryu,6,forward dash,0,,0,,0,,,1.0,False,0x40400001,0x00000000,0x00000000,0,0,,,,,,none,0,0,positive delta had no recent attributable attack packet
2026-07-25T21:09:46Z,1001,P2,15256,15532,276,0.0276,gain,unknown,P2-C1,1,Ken the Eagle,1,idle,0,,0,,0,,,1.0,False,0x00001001,0x00000000,0x00000000,0,0,,,,,,none,0,0,positive delta had no recent attributable attack packet
2026-07-25T21:09:46Z,1002,P1,18950,19395,445,0.0445,gain,attacker,P1-C1,12,Ryu,259,2A,0,P2-C1,1,Ken the Eagle,0,,,1.0,False,0x40400010,0x00000000,0x00000000,0,0,,,,,,none,0,800,positive delta had no recent attributable attack packet
2026-07-25T21:09:46Z,1002,P2,15532,15768,236,0.0236,gain,victim,P1-C1,12,Ryu,259,2A,0,P2-C1,1,Ken the Eagle,0,,,1.0,False,0x40400010,0x00000000,0x00000000,0,0,,,,,,none,0,800,positive delta had no recent attributable attack packet
2026-07-25T21:09:47Z,1003,P1,19395,20983,1588,0.1588,gain,attacker,P1-C1,12,Ryu,258,5C,0,P2-C1,1,Ken the Eagle,0,,,1.0,False,0x40400001,0x00000000,0x00000000,0,0,,,,,,none,0,3136,positive delta had no recent attributable attack packet
2026-07-25T21:09:47Z,1003,P2,15768,16616,848,0.0848,gain,victim,P1-C1,12,Ryu,258,5C,0,P2-C1,1,Ken the Eagle,0,,,1.0,False,0x40400001,0x00000000,0x00000000,0,0,,,,,,none,0,3136,positive delta had no recent attributable attack packet
2026-07-25T21:09:48Z,1004,P1,20983,22843,1860,0.186,gain,attacker,P1-C1,12,Ryu,262,6C,0,P2-C1,1,Ken the Eagle,0,,,1.0,False,0x41400001,0x00000000,0x00000000,0,0,,,,,,none,0,3602,positive delta had no recent attributable attack packet
2026-07-25T21:09:48Z,1004,P2,16616,17864,1248,0.1248,gain,victim,P1-C1,12,Ryu,262,6C,0,P2-C1,1,Ken the Eagle,0,,,1.0,False,0x41400001,0x00000000,0x00000000,0,0,,,,,,none,0,3602,positive delta had no recent attributable attack packet
2026-07-25T21:09:48Z,1005,P1,22843,24269,1426,0.1426,gain,attacker,P1-C1,12,Ryu,325,Air Tatsu H,0,P2-C1,1,Ken the Eagle,0,,,1.0,False,0x01C00200,0x00000000,0x00000000,0,0,,,,,,none,0,1959,positive delta had no recent attributable attack packet
2026-07-25T21:09:48Z,1005,P2,17864,18542,678,0.0678,gain,victim,P1-C1,12,Ryu,325,Air Tatsu H,0,P2-C1,1,Ken the Eagle,0,,,1.0,False,0x01C00200,0x00000000,0x00000000,0,0,,,,,,none,0,1959,positive delta had no recent attributable attack packet
2026-07-25T21:09:49Z,1006,P1,24269,24753,484,0.0484,gain,attacker,P1-C1,12,Ryu,325,Air Tatsu H,0,P2-C1,1,Ken the Eagle,0,,,1.0,False,0x01C00200,0x00000000,0x00000000,0,0,,,,,,none,0,2038,positive delta had no recent attributable attack packet
2026-07-25T21:09:49Z,1006,P2,18542,18904,362,0.0362,gain,victim,P1-C1,12,Ryu,325,Air Tatsu H,0,P2-C1,1,Ken the Eagle,0,,,1.0,False,0x01C00200,0x00000000,0x00000000,0,0,,,,,,none,0,2038,positive delta had no recent attributable attack packet
2026-07-25T21:09:50Z,1007,P1,24753,25159,406,0.0406,gain,attacker,P1-C1,12,Ryu,325,Air Tatsu H,0,P2-C1,1,Ken the Eagle,0,,,1.0,False,0x01400200,0x00000000,0x00000000,0,0,,,,,,none,0,1712,positive delta had no recent attributable attack packet
2026-07-25T21:09:50Z,1007,P2,18904,19207,303,0.0303,gain,victim,P1-C1,12,Ryu,325,Air Tatsu H,0,P2-C1,1,Ken the Eagle,0,,,1.0,False,0x01400200,0x00000000,0x00000000,0,0,,,,,,none,0,1712,positive delta had no recent attributable attack packet
2026-07-25T21:10:12Z,1221,P1,25159,25594,435,0.0435,gain,attacker,P1-C1,12,Ryu,256,5A,0,P2-C1,1,Ken the Eagle,0,,,1.0,False,0x40400001,0x00000000,0x00000000,0,0,,,,,,none,0,800,positive delta had no recent attributable attack packet
2026-07-25T21:10:12Z,1221,P2,19207,19483,276,0.0276,gain,victim,P1-C1,12,Ryu,256,5A,0,P2-C1,1,Ken the Eagle,0,,,1.0,False,0x40400001,0x00000000,0x00000000,0,0,,,,,,none,0,800,positive delta had no recent attributable attack packet
2026-07-25T21:10:13Z,1222,P1,25594,27562,1968,0.1968,gain,attacker,P1-C1,12,Ryu,260,2B,0,P2-C1,1,Ken the Eagle,0,,,1.0,False,0x40400001,0x00000000,0x00000000,0,0,,,,,,none,0,3136,positive delta had no recent attributable attack packet
2026-07-25T21:10:13Z,1222,P2,19483,20567,1084,0.1084,gain,victim,P1-C1,12,Ryu,260,2B,0,P2-C1,1,Ken the Eagle,0,,,1.0,False,0x40400001,0x00000000,0x00000000,0,0,,,,,,none,0,3136,positive delta had no recent attributable attack packet
2026-07-25T21:10:13Z,1223,P1,27562,28479,917,0.0917,gain,attacker,P1-C1,12,Ryu,258,5C,0,P2-C1,1,Ken the Eagle,0,,,1.0,False,0x40400001,0x00000000,0x00000000,0,0,,,,,,none,0,1983,positive delta had no recent attributable attack packet
2026-07-25T21:10:13Z,1223,P2,20567,21254,687,0.0687,gain,victim,P1-C1,12,Ryu,258,5C,0,P2-C1,1,Ken the Eagle,0,,,1.0,False,0x40400001,0x00000000,0x00000000,0,0,,,,,,none,0,1983,positive delta had no recent attributable attack packet
2026-07-25T21:10:14Z,1226,P1,28479,28849,370,0.037,gain,unknown,P1-C1,12,Ryu,256,5A,0,,0,,0,,,1.0,False,0x40400001,0x00000000,0x00000000,0,0,,,,,,none,0,0,positive delta had no recent attributable attack packet
2026-07-25T21:10:14Z,1226,P2,21254,21530,276,0.0276,gain,unknown,P2-C1,1,Ken the Eagle,1,idle,0,,0,,0,,,1.0,False,0x00000001,0x00000000,0x00000000,0,0,,,,,,none,0,0,positive delta had no recent attributable attack packet
2026-07-25T21:10:15Z,1227,P1,28849,30023,1174,0.1174,gain,attacker,P1-C1,12,Ryu,259,2A,0,P2-C1,1,Ken the Eagle,0,,,1.0,False,0x40400001,0x00000000,0x00000000,0,0,,,,,,none,0,1484,positive delta had no recent attributable attack packet
2026-07-25T21:10:15Z,1227,P2,21530,22214,684,0.0684,gain,victim,P1-C1,12,Ryu,259,2A,0,P2-C1,1,Ken the Eagle,0,,,1.0,False,0x40400001,0x00000000,0x00000000,0,0,,,,,,none,0,1484,positive delta had no recent attributable attack packet
2026-07-25T21:10:16Z,1229,P1,30023,31502,1479,0.1479,gain,attacker,P1-C1,12,Ryu,259,2A,0,P2-C1,1,Ken the Eagle,0,,,1.0,False,0x40400001,0x00000000,0x00000000,0,0,,,,,,none,0,1484,positive delta had no recent attributable attack packet
2026-07-25T21:10:16Z,1229,P2,22214,23174,960,0.096,gain,victim,P1-C1,12,Ryu,259,2A,0,P2-C1,1,Ken the Eagle,0,,,1.0,False,0x40400001,0x00000000,0x00000000,0,0,,,,,,none,0,1484,positive delta had no recent attributable attack packet
2026-07-25T21:10:18Z,1231,P1,31502,31937,435,0.0435,gain,attacker,P1-C1,12,Ryu,256,5A,0,P2-C1,1,Ken the Eagle,0,,,1.0,False,0x40400001,0x00000000,0x00000000,0,0,,,,,,none,0,800,positive delta had no recent attributable attack packet
2026-07-25T21:10:18Z,1231,P2,23174,23450,276,0.0276,gain,victim,P1-C1,12,Ryu,256,5A,0,P2-C1,1,Ken the Eagle,0,,,1.0,False,0x40400001,0x00000000,0x00000000,0,0,,,,,,none,0,800,positive delta had no recent attributable attack packet
2026-07-25T21:10:19Z,1233,P1,31937,32687,750,0.075,gain,attacker,P1-C1,12,Ryu,259,2A,0,P2-C1,1,Ken the Eagle,0,,,1.0,False,0x40400010,0x00000000,0x00000000,0,0,,,,,,none,0,800,positive delta had no recent attributable attack packet
2026-07-25T21:10:19Z,1233,P2,23450,23962,512,0.0512,gain,victim,P1-C1,12,Ryu,259,2A,0,P2-C1,1,Ken the Eagle,0,,,1.0,False,0x40400010,0x00000000,0x00000000,0,0,,,,,,none,0,800,positive delta had no recent attributable attack packet
2026-07-25T21:10:20Z,1235,P1,32687,33502,815,0.0815,gain,attacker,P1-C1,12,Ryu,259,2A,0,P2-C1,1,Ken the Eagle,0,,,1.0,False,0x40400010,0x00000000,0x00000000,0,0,,,,,,none,0,800,positive delta had no recent attributable attack packet
2026-07-25T21:10:20Z,1235,P2,23962,24474,512,0.0512,gain,victim,P1-C1,12,Ryu,259,2A,0,P2-C1,1,Ken the Eagle,0,,,1.0,False,0x40400010,0x00000000,0x00000000,0,0,,,,,,none,0,800,positive delta had no recent attributable attack packet
2026-07-25T21:10:21Z,1236,P1,33502,33937,435,0.0435,gain,attacker,P1-C1,12,Ryu,256,5A,0,P2-C1,1,Ken the Eagle,0,,,1.0,False,0x40400010,0x00000000,0x00000000,0,0,,,,,,none,0,684,positive delta had no recent attributable attack packet
2026-07-25T21:10:21Z,1236,P2,24474,24750,276,0.0276,gain,victim,P1-C1,12,Ryu,256,5A,0,P2-C1,1,Ken the Eagle,0,,,1.0,False,0x40400010,0x00000000,0x00000000,0,0,,,,,,none,0,684,positive delta had no recent attributable attack packet
2026-07-25T21:10:22Z,1237,P1,33937,34317,380,0.038,gain,attacker,P1-C1,12,Ryu,1,idle,0,P2-C1,1,Ken the Eagle,0,,,1.0,False,0x00000001,0x00000000,0x00000000,0,0,,,,,,none,0,1484,positive delta had no recent attributable attack packet
2026-07-25T21:10:22Z,1237,P2,24750,24986,236,0.0236,gain,victim,P1-C1,12,Ryu,1,idle,0,P2-C1,1,Ken the Eagle,0,,,1.0,False,0x00000001,0x00000000,0x00000000,0,0,,,,,,none,0,1484,positive delta had no recent attributable attack packet
2026-07-25T21:10:23Z,1238,P1,34317,35132,815,0.0815,gain,attacker,P1-C1,12,Ryu,259,2A,0,P2-C1,1,Ken the Eagle,0,,,1.0,False,0x40400010,0x00000000,0x00000000,0,0,,,,,,none,0,1484,positive delta had no recent attributable attack packet
2026-07-25T21:10:23Z,1238,P2,24986,25498,512,0.0512,gain,victim,P1-C1,12,Ryu,259,2A,0,P2-C1,1,Ken the Eagle,0,,,1.0,False,0x40400010,0x00000000,0x00000000,0,0,,,,,,none,0,1484,positive delta had no recent attributable attack packet
2026-07-25T21:10:25Z,1242,P1,35132,36676,1544,0.1544,gain,attacker,P1-C1,12,Ryu,257,5B,0,P2-C1,1,Ken the Eagle,0,,,1.0,False,0x40400010,0x00000000,0x00000000,0,0,,,,,,none,0,1780,positive delta had no recent attributable attack packet
2026-07-25T21:10:25Z,1242,P2,25498,26458,960,0.096,gain,victim,P1-C1,12,Ryu,257,5B,0,P2-C1,1,Ken the Eagle,0,,,1.0,False,0x40400010,0x00000000,0x00000000,0,0,,,,,,none,0,1780,positive delta had no recent attributable attack packet
2026-07-25T21:10:25Z,1243,P1,36676,38452,1776,0.1776,gain,attacker,P1-C1,12,Ryu,258,5C,0,P2-C1,1,Ken the Eagle,0,,,1.0,False,0x40400001,0x00000000,0x00000000,0,0,,,,,,none,0,1156,positive delta had no recent attributable attack packet
2026-07-25T21:10:25Z,1243,P2,26458,27545,1087,0.1087,gain,victim,P1-C1,12,Ryu,258,5C,0,P2-C1,1,Ken the Eagle,0,,,1.0,False,0x40400001,0x00000000,0x00000000,0,0,,,,,,none,0,1156,positive delta had no recent attributable attack packet
2026-07-25T21:10:26Z,1244,P1,38452,39395,943,0.0943,gain,attacker,P1-C1,12,Ryu,262,6C,0,P2-C1,1,Ken the Eagle,0,,,1.0,False,0x41400001,0x00000000,0x00000000,0,0,,,,,,none,0,3602,positive delta had no recent attributable attack packet
2026-07-25T21:10:26Z,1244,P2,27545,28106,561,0.0561,gain,victim,P1-C1,12,Ryu,262,6C,0,P2-C1,1,Ken the Eagle,0,,,1.0,False,0x41400001,0x00000000,0x00000000,0,0,,,,,,none,0,3602,positive delta had no recent attributable attack packet
2026-07-25T21:10:27Z,1245,P1,39395,40561,1166,0.1166,gain,attacker,P1-C1,12,Ryu,10,crouching,0,P2-C1,1,Ken the Eagle,0,,,1.0,False,0x01400001,0x00000000,0x00000000,0,0,,,,,,none,0,1959,positive delta had no recent attributable attack packet
2026-07-25T21:10:27Z,1245,P2,28106,28784,678,0.0678,gain,victim,P1-C1,12,Ryu,10,crouching,0,P2-C1,1,Ken the Eagle,0,,,1.0,False,0x01400001,0x00000000,0x00000000,0,0,,,,,,none,0,1959,positive delta had no recent attributable attack packet
2026-07-25T21:10:27Z,1246,P1,40561,41562,1001,0.1001,gain,attacker,P1-C1,12,Ryu,309,Tatsu H,0,P2-C1,1,Ken the Eagle,0,,,1.0,False,0x01C00200,0x00000000,0x00000000,0,0,,,,,,none,0,1555,positive delta had no recent attributable attack packet
2026-07-25T21:10:27Z,1246,P2,28784,29338,554,0.0554,gain,victim,P1-C1,12,Ryu,309,Tatsu H,0,P2-C1,1,Ken the Eagle,0,,,1.0,False,0x01C00200,0x00000000,0x00000000,0,0,,,,,,none,0,1555,positive delta had no recent attributable attack packet
2026-07-25T21:10:28Z,1247,P1,41562,42248,686,0.0686,gain,attacker,P1-C1,12,Ryu,309,Tatsu H,0,P2-C1,1,Ken the Eagle,0,,,1.0,False,0x01400001,0x00000000,0x00000000,0,0,,,,,,none,0,4451,positive delta had no recent attributable attack packet
2026-07-25T21:10:28Z,1247,P2,29338,29850,512,0.0512,gain,victim,P1-C1,12,Ryu,309,Tatsu H,0,P2-C1,1,Ken the Eagle,0,,,1.0,False,0x01400001,0x00000000,0x00000000,0,0,,,,,,none,0,4451,positive delta had no recent attributable attack packet
2026-07-25T21:16:51Z,4396,P1,42248,43063,815,0.0815,gain,attacker,P1-C1,12,Ryu,256,5A,0,P2-C1,1,Ken the Eagle,0,,,1.0,False,0x40400010,0x00000000,0x00000000,0,0,,,,,,none,0,800,positive delta had no recent attributable attack packet
2026-07-25T21:16:51Z,4396,P2,29850,30362,512,0.0512,gain,victim,P1-C1,12,Ryu,256,5A,0,P2-C1,1,Ken the Eagle,0,,,1.0,False,0x40400010,0x00000000,0x00000000,0,0,,,,,,none,0,800,positive delta had no recent attributable attack packet
2026-07-25T21:16:53Z,4397,P1,43063,44729,1666,0.1666,gain,attacker,P1-C1,12,Ryu,6,forward dash,0,P2-C1,1,Ken the Eagle,0,,,1.0,False,0x40400010,0x00000000,0x00000000,0,0,,,,,,none,0,2244,positive delta had no recent attributable attack packet
2026-07-25T21:16:53Z,4397,P2,30362,31412,1050,0.105,gain,victim,P1-C1,12,Ryu,6,forward dash,0,P2-C1,1,Ken the Eagle,0,,,1.0,False,0x40400010,0x00000000,0x00000000,0,0,,,,,,none,0,2244,positive delta had no recent attributable attack packet
2026-07-25T21:16:55Z,4398,P1,44729,45544,815,0.0815,gain,attacker,P1-C1,12,Ryu,259,2A,0,P2-C1,1,Ken the Eagle,0,,,1.0,False,0x00000001,0x00000000,0x00000000,0,0,,,,,,none,0,2968,positive delta had no recent attributable attack packet
2026-07-25T21:16:55Z,4398,P2,31412,31924,512,0.0512,gain,victim,P1-C1,12,Ryu,259,2A,0,P2-C1,1,Ken the Eagle,0,,,1.0,False,0x00000001,0x00000000,0x00000000,0,0,,,,,,none,0,2968,positive delta had no recent attributable attack packet
2026-07-25T21:16:57Z,4400,P1,45544,46359,815,0.0815,gain,attacker,P1-C1,12,Ryu,259,2A,0,P2-C1,1,Ken the Eagle,0,,,1.0,False,0x40400010,0x00000000,0x00000000,0,0,,,,,,none,0,1472,positive delta had no recent attributable attack packet
2026-07-25T21:16:57Z,4400,P2,31924,32436,512,0.0512,gain,victim,P1-C1,12,Ryu,259,2A,0,P2-C1,1,Ken the Eagle,0,,,1.0,False,0x40400010,0x00000000,0x00000000,0,0,,,,,,none,0,1472,positive delta had no recent attributable attack packet
2026-07-25T21:16:58Z,4401,P1,46359,47174,815,0.0815,gain,attacker,P1-C1,12,Ryu,259,2A,0,P2-C1,1,Ken the Eagle,0,,,1.0,False,0x40400010,0x00000000,0x00000000,0,0,,,,,,none,0,1484,positive delta had no recent attributable attack packet
2026-07-25T21:16:58Z,4401,P2,32436,32948,512,0.0512,gain,victim,P1-C1,12,Ryu,259,2A,0,P2-C1,1,Ken the Eagle,0,,,1.0,False,0x40400010,0x00000000,0x00000000,0,0,,,,,,none,0,1484,positive delta had no recent attributable attack packet
2026-07-25T21:17:00Z,4404,P1,47174,47989,815,0.0815,gain,attacker,P1-C1,12,Ryu,259,2A,0,P2-C1,1,Ken the Eagle,0,,,1.0,False,0x40400010,0x00000000,0x00000000,0,0,,,,,,none,0,1016,positive delta had no recent attributable attack packet
2026-07-25T21:17:00Z,4404,P2,32948,33460,512,0.0512,gain,victim,P1-C1,12,Ryu,259,2A,0,P2-C1,1,Ken the Eagle,0,,,1.0,False,0x40400010,0x00000000,0x00000000,0,0,,,,,,none,0,1016,positive delta had no recent attributable attack packet
2026-07-25T21:17:01Z,4406,P1,47989,48804,815,0.0815,gain,attacker,P1-C1,12,Ryu,259,2A,0,P2-C1,1,Ken the Eagle,0,,,1.0,False,0x40400010,0x00000000,0x00000000,0,0,,,,,,none,0,800,positive delta had no recent attributable attack packet
2026-07-25T21:17:01Z,4406,P2,33460,33972,512,0.0512,gain,victim,P1-C1,12,Ryu,259,2A,0,P2-C1,1,Ken the Eagle,0,,,1.0,False,0x40400010,0x00000000,0x00000000,0,0,,,,,,none,0,800,positive delta had no recent attributable attack packet
2026-07-25T21:17:02Z,4408,P1,48804,49239,435,0.0435,gain,attacker,P1-C1,12,Ryu,256,5A,0,P2-C1,1,Ken the Eagle,0,,,1.0,False,0x40400001,0x00000000,0x00000000,0,0,,,,,,none,0,800,positive delta had no recent attributable attack packet
2026-07-25T21:17:02Z,4408,P2,33972,34248,276,0.0276,gain,victim,P1-C1,12,Ryu,256,5A,0,P2-C1,1,Ken the Eagle,0,,,1.0,False,0x40400001,0x00000000,0x00000000,0,0,,,,,,none,0,800,positive delta had no recent attributable attack packet
2026-07-25T21:17:03Z,4409,P1,49239,49619,380,0.038,gain,attacker,P1-C1,12,Ryu,1,idle,0,P2-C1,1,Ken the Eagle,0,,,1.0,False,0x00000001,0x00000000,0x00000000,0,0,,,,,,none,0,684,positive delta had no recent attributable attack packet
2026-07-25T21:17:03Z,4409,P2,34248,34484,236,0.0236,gain,victim,P1-C1,12,Ryu,1,idle,0,P2-C1,1,Ken the Eagle,0,,,1.0,False,0x00000001,0x00000000,0x00000000,0,0,,,,,,none,0,684,positive delta had no recent attributable attack packet
2026-07-25T21:17:04Z,4411,P1,49619,50000,381,0.0381,gain,attacker,P1-C1,12,Ryu,259,2A,0,P2-C1,1,Ken the Eagle,0,,,1.0,False,0x40400001,0x00000000,0x00000000,0,0,,,,,,none,0,1484,positive delta had no recent attributable attack packet
2026-07-25T21:17:04Z,4411,P2,34484,34996,512,0.0512,gain,victim,P1-C1,12,Ryu,259,2A,0,P2-C1,1,Ken the Eagle,0,,,1.0,False,0x40400001,0x00000000,0x00000000,0,0,,,,,,none,0,1484,positive delta had no recent attributable attack packet
2026-07-25T21:17:04Z,4412,P2,34996,35444,448,0.0448,gain,victim,P1-C1,12,Ryu,257,5B,0,P2-C1,1,Ken the Eagle,0,,,1.0,False,0x40400001,0x00000000,0x00000000,0,0,,,,,,none,0,1296,positive delta had no recent attributable attack packet
2026-07-25T21:17:06Z,4414,P2,35444,35720,276,0.0276,gain,victim,P1-C1,12,Ryu,256,5A,0,P2-C1,1,Ken the Eagle,0,,,1.0,False,0x40400001,0x00000000,0x00000000,0,0,,,,,,none,0,800,positive delta had no recent attributable attack packet
2026-07-25T21:17:06Z,4415,P2,35720,36404,684,0.0684,gain,victim,P1-C1,12,Ryu,257,5B,0,P2-C1,1,Ken the Eagle,0,,,1.0,False,0x40400001,0x00000000,0x00000000,0,0,,,,,,none,0,1980,positive delta had no recent attributable attack packet
2026-07-25T21:17:07Z,4417,P2,36404,36916,512,0.0512,gain,victim,P1-C1,12,Ryu,259,2A,0,P2-C1,1,Ken the Eagle,0,,,1.0,False,0x40400001,0x00000000,0x00000000,0,0,,,,,,none,0,800,positive delta had no recent attributable attack packet
2026-07-25T21:17:08Z,4418,P2,36916,37764,848,0.0848,gain,victim,P1-C1,12,Ryu,258,5C,0,P2-C1,1,Ken the Eagle,0,,,1.0,False,0x40400001,0x00000000,0x00000000,0,0,,,,,,none,0,3136,positive delta had no recent attributable attack packet
2026-07-25T21:17:09Z,4419,P2,37764,38451,687,0.0687,gain,victim,P1-C1,12,Ryu,258,5C,0,P2-C1,1,Ken the Eagle,0,,,1.0,False,0x40000001,0x00000000,0x00000000,0,0,,,,,,none,0,1983,positive delta had no recent attributable attack packet
2026-07-25T21:17:10Z,4420,P2,38451,38963,512,0.0512,gain,victim,P1-C1,12,Ryu,259,2A,0,P2-C1,1,Ken the Eagle,0,,,1.0,False,0x40400001,0x00000000,0x00000000,0,0,,,,,,none,0,1484,positive delta had no recent attributable attack packet
2026-07-25T21:17:11Z,4421,P2,38963,40498,1535,0.1535,gain,victim,P1-C1,12,Ryu,258,5C,0,P2-C1,1,Ken the Eagle,0,,,1.0,False,0x40400001,0x00000000,0x00000000,0,0,,,,,,none,0,2452,positive delta had no recent attributable attack packet
2026-07-25T21:17:12Z,4422,P2,40498,41059,561,0.0561,gain,victim,P1-C1,12,Ryu,262,6C,0,P2-C1,1,Ken the Eagle,0,,,1.0,False,0x40400001,0x00000000,0x00000000,0,0,,,,,,none,0,3602,positive delta had no recent attributable attack packet
2026-07-25T21:17:20Z,4477,P2,41059,41335,276,0.0276,gain,unknown,P2-C1,1,Ken the Eagle,1,idle,0,,0,,0,,,1.0,False,0x00000001,0x00000000,0x00000000,0,0,,,,,,none,0,0,positive delta had no recent attributable attack packet
2026-07-25T21:17:21Z,4478,P2,41335,41571,236,0.0236,gain,victim,P1-C1,12,Ryu,259,2A,0,P2-C1,1,Ken the Eagle,0,,,1.0,False,0x40400001,0x00000000,0x00000000,0,0,,,,,,none,0,1484,positive delta had no recent attributable attack packet
2026-07-25T21:17:21Z,4479,P2,41571,42749,1178,0.1178,gain,victim,P1-C1,12,Ryu,258,5C,0,P2-C1,1,Ken the Eagle,0,,,1.0,False,0x40400001,0x00000000,0x00000000,0,0,,,,,,none,0,1296,positive delta had no recent attributable attack packet
2026-07-25T21:17:22Z,4483,P2,42749,43025,276,0.0276,gain,victim,P1-C1,12,Ryu,256,5A,0,P2-C1,1,Ken the Eagle,0,,,1.0,False,0x40400001,0x00000000,0x00000000,0,0,,,,,,none,0,800,positive delta had no recent attributable attack packet
2026-07-25T21:17:23Z,4484,P2,43025,43709,684,0.0684,gain,victim,P1-C1,12,Ryu,259,2A,0,P2-C1,1,Ken the Eagle,0,,,1.0,False,0x40400001,0x00000000,0x00000000,0,0,,,,,,none,0,684,positive delta had no recent attributable attack packet
2026-07-25T21:17:23Z,4485,P2,43709,44109,400,0.04,gain,victim,P1-C1,12,Ryu,260,2B,0,P2-C1,1,Ken the Eagle,0,,,1.0,False,0x40400001,0x00000000,0x00000000,0,0,,,,,,none,0,2452,positive delta had no recent attributable attack packet
2026-07-25T21:17:24Z,4486,P2,44109,44796,687,0.0687,gain,victim,P1-C1,12,Ryu,258,5C,0,P2-C1,1,Ken the Eagle,0,,,1.0,False,0x40400001,0x00000000,0x00000000,0,0,,,,,,none,0,1983,positive delta had no recent attributable attack packet
2026-07-25T21:17:25Z,4489,P2,44796,45072,276,0.0276,gain,victim,P1-C1,12,Ryu,256,5A,0,P2-C1,1,Ken the Eagle,0,,,1.0,False,0x40400001,0x00000000,0x00000000,0,0,,,,,,none,0,800,positive delta had no recent attributable attack packet
2026-07-25T21:17:25Z,4490,P2,45072,45756,684,0.0684,gain,victim,P1-C1,12,Ryu,257,5B,0,P2-C1,1,Ken the Eagle,0,,,1.0,False,0x40400001,0x00000000,0x00000000,0,0,,,,,,none,0,1980,positive delta had no recent attributable attack packet
2026-07-25T21:17:26Z,4491,P2,45756,46156,400,0.04,gain,victim,P1-C1,12,Ryu,258,5C,0,P2-C1,1,Ken the Eagle,0,,,1.0,False,0x40400001,0x00000000,0x00000000,0,0,,,,,,none,0,1156,positive delta had no recent attributable attack packet
2026-07-25T21:17:26Z,4492,P2,46156,47404,1248,0.1248,gain,victim,P1-C1,12,Ryu,262,6C,0,P2-C1,1,Ken the Eagle,0,,,1.0,False,0x41400001,0x00000000,0x00000000,0,0,,,,,,none,0,3602,positive delta had no recent attributable attack packet
2026-07-25T21:17:27Z,4493,P2,47404,48082,678,0.0678,gain,unknown,P2-C1,1,Ken the Eagle,64,Standing Hitstun,0,,0,,0,,,1.0,False,0x00001001,0x00000000,0x00000000,0,0,,,,,,none,0,0,positive delta had no recent attributable attack packet
2026-07-25T21:17:27Z,4494,P2,48082,48270,188,0.0188,gain,victim,P1-C1,12,Ryu,305,Hado M,0,P2-C1,1,Ken the Eagle,100,0x00000009,0x00000040,1.0,False,0x01C00200,0x00000000,0x00000000,0,0,8,0,0,188,False,high,0,1959,attack packet retained from 1 frame(s) earlier; property A bit 0 suppresses hit meter
2026-07-25T21:17:28Z,4495,P2,48270,48444,174,0.0174,gain,victim,P1-C1,12,Ryu,305,Hado M,0,P2-C1,1,Ken the Eagle,100,0x00000009,0x00000040,1.0,False,0x01C00200,0x00000000,0x00000000,0,0,8,0,0,174,False,high,0,2038,attack packet retained from 2 frame(s) earlier; property A bit 0 suppresses hit meter
2026-07-25T21:17:28Z,4496,P2,48444,48603,159,0.0159,gain,victim,P1-C1,12,Ryu,305,Hado M,0,P2-C1,1,Ken the Eagle,100,0x00000009,0x00000040,1.0,False,0x01C00200,0x00000000,0x00000000,0,0,8,0,0,159,False,high,0,897,attack packet retained from 3 frame(s) earlier; property A bit 0 suppresses hit meter
2026-07-25T21:17:29Z,4497,P2,48603,48747,144,0.0144,gain,victim,P1-C1,12,Ryu,305,Hado M,0,P2-C1,1,Ken the Eagle,100,0x00000009,0x00000040,1.0,False,0x01400200,0x00000000,0x00000000,0,0,8,0,0,144,False,high,0,815,attack packet retained from 4 frame(s) earlier; property A bit 0 suppresses hit meter
2026-07-25T21:17:29Z,4499,P2,48747,48906,159,0.0159,gain,victim,P1-C1,12,Ryu,305,Hado M,0,P2-C1,1,Ken the Eagle,100,0x00000009,0x00000040,1.0,False,0x40400001,0x00000000,0x00000000,0,0,8,0,0,159,False,high,0,348,attack packet retained from 6 frame(s) earlier; property A bit 0 suppresses hit meter
2026-07-25T21:17:30Z,4500,P2,48906,48987,81,0.0081,gain,victim,P1-C1,12,Ryu,305,Hado M,0,P2-C1,1,Ken the Eagle,100,0x00000009,0x00000040,1.0,False,0x40400001,0x00000000,0x00000000,0,0,8,0,0,81,False,high,0,1020,attack packet retained from 7 frame(s) earlier; property A bit 0 suppresses hit meter
2026-07-25T21:17:30Z,4501,P2,48987,49136,149,0.0149,gain,victim,P1-C1,12,Ryu,305,Hado M,0,P2-C1,1,Ken the Eagle,100,0x00000009,0x00000040,1.0,False,0x40400001,0x00000000,0x00000000,0,0,8,0,0,149,False,high,0,843,attack packet retained from 8 frame(s) earlier; property A bit 0 suppresses hit meter
2026-07-25T21:17:31Z,4502,P2,49136,49266,130,0.013,gain,victim,P1-C1,12,Ryu,315,Donkey H,0,P2-C1,1,Ken the Eagle,0,,,1.0,False,0x41400001,0x00000000,0x00000000,0,0,,,,,,none,0,734,positive delta had no recent attributable attack packet
2026-07-25T21:17:31Z,4503,P2,49266,49425,159,0.0159,gain,victim,P1-C1,12,Ryu,315,Donkey H,0,P2-C1,1,Ken the Eagle,0,,,1.0,False,0x41400001,0x00000000,0x00000000,0,0,,,,,,none,0,898,positive delta had no recent attributable attack packet
2026-07-25T21:17:32Z,4505,P2,49425,49473,48,0.0048,gain,unknown,P2-C1,1,Ken the Eagle,82,Bounce Bounce off,0,,0,,0,,,1.0,False,0x00005200,0x00000000,0x00000000,0,0,,,,,,none,0,0,positive delta had no recent attributable attack packet
2026-07-25T21:17:32Z,4506,P2,49473,49564,91,0.0091,gain,victim,P1-C1,12,Ryu,257,5B,0,P2-C1,1,Ken the Eagle,0,,,1.0,False,0x40400001,0x00000000,0x00000000,0,0,,,,,,none,0,800,positive delta had no recent attributable attack packet
2026-07-25T21:17:32Z,4507,P2,49564,49649,85,0.0085,gain,victim,P1-C1,12,Ryu,260,2B,0,P2-C1,1,Ken the Eagle,0,,,1.0,False,0x40400001,0x00000000,0x00000000,0,0,,,,,,none,0,491,positive delta had no recent attributable attack packet
2026-07-25T21:17:33Z,4508,P2,49649,49807,158,0.0158,gain,victim,P1-C1,12,Ryu,258,5C,0,P2-C1,1,Ken the Eagle,0,,,1.0,False,0x40400001,0x00000000,0x00000000,0,0,,,,,,none,0,896,positive delta had no recent attributable attack packet
2026-07-25T21:17:35Z,4519,P2,49807,50000,193,0.0193,gain,unknown,P2-C1,1,Ken the Eagle,64,Standing Hitstun,0,,0,,0,,,1.0,False,0x00001001,0x00000000,0x00000000,0,0,,,,,,none,0,0,positive delta had no recent attributable attack packet
2026-07-25T21:26:28Z,425,P1,50000,10000,-40000,-4.0,spend_or_drain,spend_or_drain,P1-C1,12,Ryu,1,idle,0,,0,,0,,,1.0,False,0x00000001,0x00000000,0x00000000,0,0,,,,,,none,0,6000,negative delta is a meter spend or scripted drain
2026-07-25T21:26:28Z,425,P2,50000,10000,-40000,-4.0,spend_or_drain,spend_or_drain,P2-C1,28,Yatterman-2,1,idle,0,,0,,0,,,1.0,False,0x00000001,0x00000000,0x00000000,0,0,,,,,,none,0,6000,negative delta is a meter spend or scripted drain
2026-07-25T21:26:30Z,432,P1,10000,50000,40000,4.0,gain,victim,P2-C1,17,Viewtiful Joe,1,idle,0,P1-C2,2,Casshan,0,,,1.0,False,0x00000001,0x00000000,0x00000000,0,0,,,,,,none,5000,0,positive delta had no recent attributable attack packet
2026-07-25T21:26:30Z,432,P2,10000,0,-10000,-1.0,spend_or_drain,spend_or_drain,P2-C1,17,Viewtiful Joe,1,idle,0,,0,,0,,,1.0,False,0x00000001,0x00000000,0x00000000,0,0,,,,,,none,5000,0,negative delta is a meter spend or scripted drain
2026-07-25T21:26:36Z,434,P2,0,360,360,0.036,gain,unknown,P2-C1,17,Viewtiful Joe,1,idle,0,,0,,0,,,1.0,False,0x00000001,0x00000000,0x00000000,0,0,,,,,,none,0,0,positive delta had no recent attributable attack packet
2026-07-25T21:26:40Z,435,P2,360,3815,3455,0.3455,gain,victim,P1-C2,2,Casshan,260,2B,0,P2-C1,17,Viewtiful Joe,0,,,1.0,False,0x00000001,0x00000002,0x00000000,0,0,,,,,,none,0,11019,positive delta had no recent attributable attack packet
2026-07-25T21:26:45Z,441,P2,3815,6040,2225,0.2225,gain,unknown,P2-C1,17,Viewtiful Joe,1,idle,0,,0,,0,,,1.0,False,0x00001001,0x00000000,0x00000000,0,0,,,,,,none,0,0,positive delta had no recent attributable attack packet
2026-07-25T21:27:13Z,478,P2,6040,7630,1590,0.159,gain,victim,P1-C2,2,Casshan,260,2B,0,P2-C1,17,Viewtiful Joe,0,,,1.0,False,0x00400704,0x00000002,0x00000000,0,0,,,,,,none,0,4592,positive delta had no recent attributable attack packet
2026-07-25T21:27:16Z,479,P2,7630,8741,1111,0.1111,gain,unknown,P2-C1,17,Viewtiful Joe,91,Soft Knockdown,0,,0,,0,,,1.0,False,0x00005200,0x00000000,0x00000000,0,0,,,,,,none,0,0,positive delta had no recent attributable attack packet
2026-07-25T21:27:18Z,480,P2,8741,10963,2222,0.2222,gain,victim,P1-C2,2,Casshan,21,jump forward,0,P2-C1,17,Viewtiful Joe,0,,,1.0,False,0x00000604,0x00000002,0x00000000,0,0,,,,,,none,0,3200,positive delta had no recent attributable attack packet
2026-07-25T21:27:23Z,481,P2,10963,13696,2733,0.2733,gain,unknown,P2-C1,17,Viewtiful Joe,91,Soft Knockdown,0,,0,,0,,,1.0,False,0x00005200,0x00000000,0x00000000,0,0,,,,,,none,0,0,positive delta had no recent attributable attack packet
2026-07-25T21:27:27Z,482,P2,13696,18297,4601,0.4601,gain,victim,P1-C2,2,Casshan,18,Jump Cancel,0,P2-C1,17,Viewtiful Joe,0,,,1.0,False,0x00000001,0x00000002,0x00000000,0,0,,,,,,none,0,8156,positive delta had no recent attributable attack packet
2026-07-25T21:27:31Z,483,P2,18297,19887,1590,0.159,gain,victim,P1-C2,2,Casshan,21,jump forward,0,P2-C1,17,Viewtiful Joe,0,,,1.0,False,0x00000602,0x00000002,0x00000000,0,0,,,,,,none,0,1441,positive delta had no recent attributable attack packet
2026-07-25T21:27:37Z,484,P2,19887,28818,8931,0.8931,gain,victim,P1-C2,2,Casshan,323,Shooting Star Kick C,0,P2-C1,17,Viewtiful Joe,0,,,1.0,False,0x01E00200,0x00000002,0x00000000,0,0,,,,,,none,0,6477,positive delta had no recent attributable attack packet
2026-07-25T21:27:45Z,486,P2,28818,32399,3581,0.3581,gain,unknown,P2-C1,17,Viewtiful Joe,160,Air Recovery,0,,0,,0,,,1.0,False,0x00000001,0x00000000,0x00000000,0,0,,,,,,none,0,0,positive delta had no recent attributable attack packet
2026-07-25T21:27:46Z,487,P2,32399,35470,3071,0.3071,gain,unknown,P2-C1,17,Viewtiful Joe,64,Standing Hitstun,0,,0,,0,,,1.0,False,0x00005200,0x00000000,0x00000000,0,0,,,,,,none,0,0,positive delta had no recent attributable attack packet
2026-07-25T21:27:49Z,488,P2,35470,37227,1757,0.1757,gain,victim,P1-C2,2,Casshan,260,2B,0,P2-C1,17,Viewtiful Joe,480,0x0000000C,0x00040102,1.0,False,0x40400010,0x00000002,0x00000000,0,0,42,31,40,1717,False,high,0,9837,attack packet retained from 1 frame(s) earlier
2026-07-25T21:27:54Z,489,P2,37227,40984,3757,0.3757,gain,victim,P1-C2,2,Casshan,260,2B,0,P2-C1,17,Viewtiful Joe,480,0x0000000C,0x00040102,1.0,False,0x00000C01,0x00000002,0x00000000,0,0,42,31,40,3717,False,high,0,12815,attack packet retained from 2 frame(s) earlier
2026-07-25T21:28:00Z,490,P2,40984,47758,6774,0.6774,gain,victim,P1-C2,2,Casshan,260,2B,0,P2-C1,17,Viewtiful Joe,480,0x0000000C,0x00040102,1.0,False,0x01400001,0x00000002,0x00000000,0,0,42,31,40,6734,False,high,0,15488,attack packet retained from 3 frame(s) earlier
2026-07-25T21:28:03Z,491,P2,47758,49508,1750,0.175,gain,victim,P1-C2,2,Casshan,260,2B,0,P2-C1,17,Viewtiful Joe,480,0x0000000C,0x00040102,1.0,False,0x41C00200,0x00000002,0x00000000,0,0,42,31,40,1710,False,high,0,2657,attack packet retained from 4 frame(s) earlier
2026-07-25T21:28:09Z,492,P2,49508,50000,492,0.0492,gain,unknown,P2-C1,17,Viewtiful Joe,1,idle,0,,0,,0,,,1.0,False,0x00000001,0x00000000,0x00000000,0,0,,,,,,none,0,0,positive delta had no recent attributable attack packet
2026-07-25T21:28:24Z,511,P2,50000,30001,-19999,-1.9999,spend_or_drain,spend_or_drain,P2-C1,17,Viewtiful Joe,448,Megacrash,0,,0,,0,,,1.0,False,0x01400001,0x00000000,0x00000000,0,0,,,,,,none,0,4600,negative delta is a meter spend or scripted drain
2026-07-25T21:28:27Z,526,P2,30001,30361,360,0.036,gain,victim,P1-C2,2,Casshan,257,5B,0,P2-C1,17,Viewtiful Joe,0,,,1.0,False,0x40400001,0x00000002,0x00000000,0,0,,,,,,none,0,1040,positive delta had no recent attributable attack packet
2026-07-25T21:28:28Z,527,P2,30361,31591,1230,0.123,gain,victim,P1-C2,2,Casshan,258,5C,0,P2-C1,17,Viewtiful Joe,0,,,1.0,False,0x40400001,0x00000002,0x00000000,0,0,,,,,,none,0,3552,positive delta had no recent attributable attack packet
2026-07-25T21:28:29Z,528,P2,31591,32647,1056,0.1056,gain,victim,P1-C2,2,Casshan,310,Knee A,0,P2-C1,17,Viewtiful Joe,480,0x0000000C,0x00040102,1.0,False,0x41400001,0x00000002,0x00000000,0,0,42,31,40,1016,False,high,0,1835,
2026-07-25T21:28:30Z,530,P2,32647,33072,425,0.0425,gain,victim,P1-C2,2,Casshan,310,Knee A,0,P2-C1,17,Viewtiful Joe,480,0x0000000C,0x00040102,1.0,False,0x41400001,0x00000002,0x00000000,0,0,42,31,40,385,False,high,0,1228,attack packet retained from 1 frame(s) earlier
2026-07-25T21:28:31Z,537,P2,33072,33432,360,0.036,gain,victim,P1-C2,2,Casshan,310,Knee A,0,P2-C1,17,Viewtiful Joe,480,0x0000000C,0x00040102,1.0,False,0x40400001,0x00000002,0x00000000,0,0,42,31,40,320,False,high,0,1040,attack packet retained from 8 frame(s) earlier
2026-07-25T21:28:32Z,538,P2,33432,35297,1865,0.1865,gain,victim,P1-C2,2,Casshan,258,5C,0,P2-C1,17,Viewtiful Joe,0,,,1.0,False,0x40400001,0x00000002,0x00000000,0,0,,,,,,none,0,3552,positive delta had no recent attributable attack packet
2026-07-25T21:28:33Z,539,P2,35297,36361,1064,0.1064,gain,victim,P1-C2,2,Casshan,310,Knee A,0,P2-C1,17,Viewtiful Joe,480,0x0000000C,0x00040102,1.0,False,0x41400200,0x00000002,0x00000000,0,0,42,31,40,1024,False,high,0,3355,
2026-07-25T21:28:35Z,542,P2,36361,37352,991,0.0991,gain,victim,P1-C2,2,Casshan,310,Knee A,0,P2-C1,17,Viewtiful Joe,480,0x0000000C,0x00040102,1.0,False,0x40400010,0x00000002,0x00000000,0,0,42,31,40,951,False,high,0,1040,attack packet retained from 3 frame(s) earlier
2026-07-25T21:28:36Z,543,P2,37352,38586,1234,0.1234,gain,victim,P1-C2,2,Casshan,310,Knee A,0,P2-C1,17,Viewtiful Joe,480,0x0000000C,0x00040102,1.0,False,0x41500001,0x00000002,0x00000000,0,0,42,31,40,1194,False,high,0,5387,attack packet retained from 4 frame(s) earlier
2026-07-25T21:28:37Z,544,P2,38586,39432,846,0.0846,gain,victim,P1-C2,2,Casshan,310,Knee A,0,P2-C1,17,Viewtiful Joe,480,0x0000000C,0x00040102,1.0,False,0x41400200,0x00000002,0x00000000,0,0,42,31,40,806,False,high,0,2443,
2026-07-25T21:55:08Z,59,P2,39432,39792,360,0.036,gain,victim,P1-C2,2,Casshan,256,5A,0,P2-C1,17,Viewtiful Joe,0,,,1.0,False,0x40400001,0x00000002,0x00000000,0,0,,,,,,none,0,1040,positive delta had no recent attributable attack packet
2026-07-25T21:55:08Z,63,P2,39792,40625,833,0.0833,gain,victim,P1-C2,2,Casshan,270,6B,0,P2-C1,17,Viewtiful Joe,0,,,1.0,False,0x40400001,0x00000002,0x00000000,0,0,,,,,,none,0,2400,positive delta had no recent attributable attack packet
2026-07-25T21:55:13Z,108,P2,40625,40985,360,0.036,gain,victim,P1-C2,2,Casshan,256,5A,0,P2-C1,17,Viewtiful Joe,0,,,1.0,False,0x40400001,0x00000002,0x00000000,0,0,,,,,,none,0,1040,positive delta had no recent attributable attack packet
2026-07-25T21:55:13Z,110,P2,40985,41616,631,0.0631,gain,victim,P1-C2,2,Casshan,260,2B,0,P2-C1,17,Viewtiful Joe,0,,,1.0,False,0x40400010,0x00000002,0x00000000,0,0,,,,,,none,0,1824,positive delta had no recent attributable attack packet
2026-07-25T21:55:14Z,111,P2,41616,42215,599,0.0599,gain,victim,P1-C2,2,Casshan,258,5C,0,P2-C1,17,Viewtiful Joe,0,,,1.0,False,0x40400001,0x00000002,0x00000000,0,0,,,,,,none,0,1728,positive delta had no recent attributable attack packet
2026-07-25T21:55:14Z,112,P2,42215,42850,635,0.0635,gain,victim,P1-C2,2,Casshan,258,5C,0,P2-C1,17,Viewtiful Joe,0,,,1.0,False,0x40400001,0x00000002,0x00000000,0,0,,,,,,none,0,1835,positive delta had no recent attributable attack packet
2026-07-25T21:55:15Z,113,P2,42850,43271,421,0.0421,gain,unknown,P2-C1,17,Viewtiful Joe,64,Standing Hitstun,0,,0,,0,,,1.0,False,0x00005200,0x00000000,0x00000000,0,0,,,,,,none,0,0,positive delta had no recent attributable attack packet
2026-07-25T21:55:15Z,114,P2,43271,43696,425,0.0425,gain,victim,P1-C2,2,Casshan,310,Knee A,0,P2-C1,17,Viewtiful Joe,480,0x0000000C,0x00040102,1.0,False,0x41400200,0x00000002,0x00000000,0,0,42,31,40,385,False,high,0,2443,
2026-07-25T21:55:16Z,117,P2,43696,23696,-20000,-2.0,spend_or_drain,spend_or_drain,P2-C1,17,Viewtiful Joe,448,Megacrash,0,,0,,0,,,1.0,False,0x01400001,0x00000000,0x00000000,0,0,,,,,,none,0,4600,negative delta is a meter spend or scripted drain
2026-07-25T21:55:16Z,118,P2,23696,23697,1,0.0001,gain,unknown,P2-C1,17,Viewtiful Joe,448,Megacrash,0,,0,,0,,,1.0,False,0x01400001,0x00000000,0x00000000,0,0,,,,,,none,0,0,positive delta had no recent attributable attack packet
2026-07-25T21:55:18Z,128,P2,23697,24057,360,0.036,gain,victim,P1-C2,2,Casshan,257,5B,0,P2-C1,17,Viewtiful Joe,0,,,1.0,False,0x40400001,0x00000002,0x00000000,0,0,,,,,,none,0,1040,positive delta had no recent attributable attack packet
2026-07-25T21:55:19Z,129,P2,24057,24688,631,0.0631,gain,unknown,P2-C1,17,Viewtiful Joe,64,Standing Hitstun,0,,0,,0,,,1.0,False,0x00001001,0x00000000,0x00000000,0,0,,,,,,none,0,0,positive delta had no recent attributable attack packet
2026-07-25T21:55:19Z,131,P2,24688,25287,599,0.0599,gain,victim,P1-C2,2,Casshan,258,5C,0,P2-C1,17,Viewtiful Joe,0,,,1.0,False,0x40400001,0x00000002,0x00000000,0,0,,,,,,none,0,1728,positive delta had no recent attributable attack packet
2026-07-25T21:55:20Z,132,P2,25287,25922,635,0.0635,gain,victim,P1-C2,2,Casshan,258,5C,0,P2-C1,17,Viewtiful Joe,0,,,1.0,False,0x40400001,0x00000002,0x00000000,0,0,,,,,,none,0,1835,positive delta had no recent attributable attack packet
2026-07-25T21:55:21Z,140,P2,25922,26282,360,0.036,gain,unknown,P2-C1,17,Viewtiful Joe,64,Standing Hitstun,0,,0,,0,,,1.0,False,0x00001001,0x00000000,0x00000000,0,0,,,,,,none,0,0,positive delta had no recent attributable attack packet
2026-07-25T21:55:22Z,141,P2,26282,26913,631,0.0631,gain,unknown,P2-C1,17,Viewtiful Joe,64,Standing Hitstun,0,,0,,0,,,1.0,False,0x00001001,0x00000000,0x00000000,0,0,,,,,,none,0,0,positive delta had no recent attributable attack packet
2026-07-25T21:55:22Z,142,P2,26913,27512,599,0.0599,gain,victim,P1-C2,2,Casshan,260,2B,0,P2-C1,17,Viewtiful Joe,0,,,1.0,False,0x40400010,0x00000002,0x00000000,0,0,,,,,,none,0,1824,positive delta had no recent attributable attack packet
2026-07-25T21:55:23Z,144,P2,27512,28147,635,0.0635,gain,victim,P1-C2,2,Casshan,258,5C,0,P2-C1,17,Viewtiful Joe,0,,,1.0,False,0x40400001,0x00000002,0x00000000,0,0,,,,,,none,0,1835,positive delta had no recent attributable attack packet
2026-07-25T21:55:23Z,145,P2,28147,28568,421,0.0421,gain,victim,P1-C2,2,Casshan,310,Knee A,0,P2-C1,17,Viewtiful Joe,480,0x0000000C,0x00040102,1.0,False,0x41400001,0x00000002,0x00000000,0,0,42,31,40,381,False,high,0,1215,
2026-07-25T21:55:23Z,146,P2,28568,28993,425,0.0425,gain,victim,P1-C2,2,Casshan,310,Knee A,0,P2-C1,17,Viewtiful Joe,480,0x0000000C,0x00040102,1.0,False,0x41400200,0x00000002,0x00000000,0,0,42,31,40,385,False,high,0,1228,attack packet retained from 1 frame(s) earlier
2026-07-25T21:55:24Z,150,P2,28993,8994,-19999,-1.9999,spend_or_drain,spend_or_drain,P2-C1,17,Viewtiful Joe,448,Megacrash,0,,0,,0,,,1.0,False,0x01400001,0x00000000,0x00000000,0,0,,,,,,none,0,4600,negative delta is a meter spend or scripted drain
2026-07-25T21:55:34Z,188,P2,8994,9354,360,0.036,gain,victim,P1-C2,2,Casshan,256,5A,0,P2-C1,17,Viewtiful Joe,0,,,1.0,False,0x00000001,0x00000002,0x00000000,0,0,,,,,,none,0,1040,positive delta had no recent attributable attack packet
2026-07-25T21:55:35Z,190,P2,9354,9714,360,0.036,gain,unknown,P2-C1,17,Viewtiful Joe,1,idle,0,,0,,0,,,1.0,False,0x00001001,0x00000000,0x00000000,0,0,,,,,,none,0,0,positive delta had no recent attributable attack packet
2026-07-25T21:55:36Z,191,P2,9714,10345,631,0.0631,gain,victim,P1-C2,2,Casshan,260,2B,0,P2-C1,17,Viewtiful Joe,0,,,1.0,False,0x40400010,0x00000002,0x00000000,0,0,,,,,,none,0,2864,positive delta had no recent attributable attack packet
2026-07-25T21:55:36Z,192,P2,10345,10944,599,0.0599,gain,victim,P1-C2,2,Casshan,258,5C,0,P2-C1,17,Viewtiful Joe,0,,,1.0,False,0x40400001,0x00000002,0x00000000,0,0,,,,,,none,0,1728,positive delta had no recent attributable attack packet
2026-07-25T21:55:36Z,193,P2,10944,11579,635,0.0635,gain,victim,P1-C2,2,Casshan,264,3C,0,P2-C1,17,Viewtiful Joe,0,,,1.0,False,0x60400001,0x00000002,0x00000000,0,0,,,,,,none,0,1835,positive delta had no recent attributable attack packet
2026-07-25T21:55:38Z,197,P2,11579,12570,991,0.0991,gain,victim,P1-C2,2,Casshan,257,5B,0,P2-C1,17,Viewtiful Joe,0,,,1.0,False,0x40400010,0x00000002,0x00000000,0,0,,,,,,none,0,2864,positive delta had no recent attributable attack packet
2026-07-25T21:55:38Z,198,P2,12570,13169,599,0.0599,gain,victim,P1-C2,2,Casshan,260,2B,0,P2-C1,17,Viewtiful Joe,0,,,1.0,False,0x40400001,0x00000002,0x00000000,0,0,,,,,,none,0,1728,positive delta had no recent attributable attack packet
2026-07-25T21:55:39Z,199,P2,13169,13917,748,0.0748,gain,victim,P1-C2,2,Casshan,258,5C,0,P2-C1,17,Viewtiful Joe,0,,,1.0,False,0x60400001,0x00000002,0x00000000,0,0,,,,,,none,0,2160,positive delta had no recent attributable attack packet
2026-07-25T21:55:39Z,200,P2,13917,14813,896,0.0896,gain,victim,P1-C2,2,Casshan,264,3C,0,P2-C1,17,Viewtiful Joe,0,,,1.0,False,0x60400001,0x00000002,0x00000000,0,0,,,,,,none,0,2584,positive delta had no recent attributable attack packet
2026-07-25T21:55:40Z,202,P2,14813,15839,1026,0.1026,gain,victim,P1-C2,2,Casshan,266,j.B,0,P2-C1,17,Viewtiful Joe,0,,,1.0,False,0x04400600,0x00000002,0x00000000,0,0,,,,,,none,0,2966,positive delta had no recent attributable attack packet
2026-07-25T21:55:40Z,203,P2,15839,17059,1220,0.122,gain,unknown,P2-C1,17,Viewtiful Joe,91,Soft Knockdown,0,,0,,0,,,1.0,False,0x00005200,0x00000000,0x00000000,0,0,,,,,,none,0,0,positive delta had no recent attributable attack packet
2026-07-25T21:55:42Z,210,P2,17059,17419,360,0.036,gain,unknown,P2-C1,17,Viewtiful Joe,1,idle,0,,0,,0,,,1.0,False,0x00001001,0x00000000,0x00000000,0,0,,,,,,none,0,0,positive delta had no recent attributable attack packet
2026-07-25T21:55:42Z,212,P2,17419,18050,631,0.0631,gain,victim,P1-C2,2,Casshan,260,2B,0,P2-C1,17,Viewtiful Joe,0,,,1.0,False,0x40400010,0x00000002,0x00000000,0,0,,,,,,none,0,1824,positive delta had no recent attributable attack packet
2026-07-25T21:55:43Z,213,P2,18050,18649,599,0.0599,gain,victim,P1-C2,2,Casshan,258,5C,0,P2-C1,17,Viewtiful Joe,0,,,1.0,False,0x40400001,0x00000002,0x00000000,0,0,,,,,,none,0,1728,positive delta had no recent attributable attack packet
2026-07-25T21:55:43Z,214,P2,18649,19284,635,0.0635,gain,victim,P1-C2,2,Casshan,264,3C,0,P2-C1,17,Viewtiful Joe,0,,,1.0,False,0x60400001,0x00000002,0x00000000,0,0,,,,,,none,0,1835,positive delta had no recent attributable attack packet
2026-07-25T21:55:49Z,245,P2,19284,19644,360,0.036,gain,victim,P1-C2,2,Casshan,257,5B,0,P2-C1,17,Viewtiful Joe,0,,,1.0,False,0x40400001,0x00000002,0x00000000,0,0,,,,,,none,0,1040,positive delta had no recent attributable attack packet
2026-07-25T21:55:50Z,246,P2,19644,20275,631,0.0631,gain,victim,P1-C2,2,Casshan,260,2B,0,P2-C1,17,Viewtiful Joe,0,,,1.0,False,0x40400010,0x00000002,0x00000000,0,0,,,,,,none,0,1824,positive delta had no recent attributable attack packet
2026-07-25T21:55:50Z,247,P2,20275,20874,599,0.0599,gain,victim,P1-C2,2,Casshan,258,5C,0,P2-C1,17,Viewtiful Joe,0,,,1.0,False,0x40400001,0x00000002,0x00000000,0,0,,,,,,none,0,1728,positive delta had no recent attributable attack packet
2026-07-25T21:55:50Z,248,P2,20874,21509,635,0.0635,gain,victim,P1-C2,2,Casshan,310,Knee A,0,P2-C1,17,Viewtiful Joe,0,,,1.0,False,0x41500001,0x00000002,0x00000000,0,0,,,,,,none,0,1835,positive delta had no recent attributable attack packet
2026-07-25T21:55:51Z,249,P2,21509,21930,421,0.0421,gain,unknown,P2-C1,17,Viewtiful Joe,64,Standing Hitstun,0,,0,,0,,,1.0,False,0x00005200,0x00000000,0x00000000,0,0,,,,,,none,0,0,positive delta had no recent attributable attack packet
2026-07-25T21:55:51Z,250,P2,21930,22355,425,0.0425,gain,victim,P1-C2,2,Casshan,310,Knee A,0,P2-C1,17,Viewtiful Joe,480,0x0000000C,0x00040102,1.0,False,0x41400200,0x00000002,0x00000000,0,0,42,31,40,385,False,high,0,2443,
2026-07-25T21:55:52Z,253,P2,22355,2356,-19999,-1.9999,spend_or_drain,spend_or_drain,P2-C1,17,Viewtiful Joe,448,Megacrash,0,,0,,0,,,1.0,False,0x01400001,0x00000000,0x00000000,0,0,,,,,,none,0,4600,negative delta is a meter spend or scripted drain
2026-07-25T21:56:37Z,605,P1,50000,10000,-40000,-4.0,spend_or_drain,spend_or_drain,P1-C1,27,Joe the Condor,430,assist standby,0,,0,,0,,,1.0,False,0x00000001,0x00000000,0x00000000,0,0,,,,,,none,0,0,negative delta is a meter spend or scripted drain
2026-07-25T21:56:38Z,606,P2,2356,10000,7644,0.7644,gain,attacker,P2-C1,1,Ken the Eagle,1,idle,0,P1-C1,12,Ryu,0,,,1.0,False,0x00000001,0x00000000,0x00000000,0,0,,,,,,none,800,2000,positive delta had no recent attributable attack packet
2026-07-25T21:56:40Z,610,P1,10000,10435,435,0.0435,gain,attacker,P1-C1,12,Ryu,256,5A,0,P2-C1,1,Ken the Eagle,0,,,1.0,False,0x40400001,0x00000000,0x00000000,0,0,,,,,,none,0,800,positive delta had no recent attributable attack packet
2026-07-25T21:56:40Z,610,P2,10000,10276,276,0.0276,gain,victim,P1-C1,12,Ryu,256,5A,0,P2-C1,1,Ken the Eagle,0,,,1.0,False,0x40400001,0x00000000,0x00000000,0,0,,,,,,none,0,800,positive delta had no recent attributable attack packet
2026-07-25T21:56:42Z,613,P1,10435,10805,370,0.037,gain,unknown,P1-C1,12,Ryu,256,5A,0,,0,,0,,,1.0,False,0x40400001,0x00000000,0x00000000,0,0,,,,,,none,0,0,positive delta had no recent attributable attack packet
2026-07-25T21:56:42Z,613,P2,10276,10552,276,0.0276,gain,unknown,P2-C1,1,Ken the Eagle,1,idle,0,,0,,0,,,1.0,False,0x00001001,0x00000000,0x00000000,0,0,,,,,,none,0,0,positive delta had no recent attributable attack packet
2026-07-25T21:56:42Z,614,P1,10805,11568,763,0.0763,gain,attacker,P1-C1,12,Ryu,257,5B,0,P2-C1,1,Ken the Eagle,0,,,1.0,False,0x40400001,0x00000000,0x00000000,0,0,,,,,,none,0,800,positive delta had no recent attributable attack packet
2026-07-25T21:56:42Z,614,P2,10552,11026,474,0.0474,gain,victim,P1-C1,12,Ryu,257,5B,0,P2-C1,1,Ken the Eagle,0,,,1.0,False,0x40400001,0x00000000,0x00000000,0,0,,,,,,none,0,800,positive delta had no recent attributable attack packet
2026-07-25T21:56:42Z,615,P1,11568,12263,695,0.0695,gain,attacker,P1-C1,12,Ryu,258,5C,0,P2-C1,1,Ken the Eagle,0,,,1.0,False,0x40400001,0x00000000,0x00000000,0,0,,,,,,none,0,2592,positive delta had no recent attributable attack packet
2026-07-25T21:56:42Z,615,P2,11026,11449,423,0.0423,gain,victim,P1-C1,12,Ryu,258,5C,0,P2-C1,1,Ken the Eagle,0,,,1.0,False,0x40400001,0x00000000,0x00000000,0,0,,,,,,none,0,2592,positive delta had no recent attributable attack packet
2026-07-25T21:56:43Z,616,P1,12263,13432,1169,0.1169,gain,attacker,P1-C1,12,Ryu,258,5C,0,P2-C1,1,Ken the Eagle,0,,,1.0,False,0x40400001,0x00000000,0x00000000,0,0,,,,,,none,0,2108,positive delta had no recent attributable attack packet
2026-07-25T21:56:43Z,616,P2,11449,12179,730,0.073,gain,victim,P1-C1,12,Ryu,258,5C,0,P2-C1,1,Ken the Eagle,0,,,1.0,False,0x40400001,0x00000000,0x00000000,0,0,,,,,,none,0,2108,positive delta had no recent attributable attack packet
2026-07-25T21:56:43Z,617,P1,13432,14426,994,0.0994,gain,attacker,P1-C1,12,Ryu,262,6C,0,P2-C1,1,Ken the Eagle,0,,,1.0,False,0x40400001,0x00000000,0x00000000,0,0,,,,,,none,0,1727,positive delta had no recent attributable attack packet
2026-07-25T21:56:43Z,617,P2,12179,12778,599,0.0599,gain,victim,P1-C1,12,Ryu,262,6C,0,P2-C1,1,Ken the Eagle,0,,,1.0,False,0x40400001,0x00000000,0x00000000,0,0,,,,,,none,0,1727,positive delta had no recent attributable attack packet
2026-07-25T21:56:43Z,618,P1,14426,15657,1231,0.1231,gain,unknown,P1-C1,12,Ryu,305,Hado M,0,,0,,0,,,1.0,False,0x41400001,0x00000000,0x00000000,0,0,,,,,,none,0,0,positive delta had no recent attributable attack packet
2026-07-25T21:56:43Z,618,P2,12778,13506,728,0.0728,gain,unknown,P2-C1,1,Ken the Eagle,64,Standing Hitstun,0,,0,,0,,,1.0,False,0x00001001,0x00000000,0x00000000,0,0,,,,,,none,0,0,positive delta had no recent attributable attack packet
2026-07-25T21:56:47Z,633,P1,15657,16027,370,0.037,gain,attacker,P1-C1,12,Ryu,256,5A,0,P2-C1,1,Ken the Eagle,0,,,1.0,False,0x40400001,0x00000000,0x00000000,0,0,,,,,,none,0,800,positive delta had no recent attributable attack packet
2026-07-25T21:56:47Z,633,P2,13506,13782,276,0.0276,gain,victim,P1-C1,12,Ryu,256,5A,0,P2-C1,1,Ken the Eagle,0,,,1.0,False,0x40400001,0x00000000,0x00000000,0,0,,,,,,none,0,800,positive delta had no recent attributable attack packet
2026-07-25T21:56:48Z,634,P1,16027,16790,763,0.0763,gain,attacker,P1-C1,12,Ryu,257,5B,0,P2-C1,1,Ken the Eagle,0,,,1.0,False,0x40400001,0x00000000,0x00000000,0,0,,,,,,none,0,1368,positive delta had no recent attributable attack packet
2026-07-25T21:56:48Z,634,P2,13782,14256,474,0.0474,gain,victim,P1-C1,12,Ryu,257,5B,0,P2-C1,1,Ken the Eagle,0,,,1.0,False,0x40400001,0x00000000,0x00000000,0,0,,,,,,none,0,1368,positive delta had no recent attributable attack packet
2026-07-25T21:56:48Z,635,P1,16790,18017,1227,0.1227,gain,attacker,P1-C1,12,Ryu,258,5C,0,P2-C1,1,Ken the Eagle,0,,,1.0,False,0x60400001,0x00000000,0x00000000,0,0,,,,,,none,0,2232,positive delta had no recent attributable attack packet
2026-07-25T21:56:48Z,635,P2,14256,15029,773,0.0773,gain,victim,P1-C1,12,Ryu,258,5C,0,P2-C1,1,Ken the Eagle,0,,,1.0,False,0x60400001,0x00000000,0x00000000,0,0,,,,,,none,0,2232,positive delta had no recent attributable attack packet
2026-07-25T21:56:48Z,636,P1,18017,19155,1138,0.1138,gain,attacker,P1-C1,12,Ryu,264,3C,0,P2-C1,1,Ken the Eagle,0,,,1.0,False,0x00000401,0x00000000,0x00000000,0,0,,,,,,none,0,2039,positive delta had no recent attributable attack packet
2026-07-25T21:56:48Z,636,P2,15029,15736,707,0.0707,gain,victim,P1-C1,12,Ryu,264,3C,0,P2-C1,1,Ken the Eagle,0,,,1.0,False,0x00000401,0x00000000,0x00000000,0,0,,,,,,none,0,2039,positive delta had no recent attributable attack packet
2026-07-25T21:56:49Z,637,P1,19155,19578,423,0.0423,gain,attacker,P1-C1,12,Ryu,265,j.A,0,P2-C1,1,Ken the Eagle,0,,,1.0,False,0x04400600,0x00000000,0x00000000,0,0,,,,,,none,0,916,positive delta had no recent attributable attack packet
2026-07-25T21:56:49Z,637,P2,15736,16053,317,0.0317,gain,victim,P1-C1,12,Ryu,265,j.A,0,P2-C1,1,Ken the Eagle,0,,,1.0,False,0x04400600,0x00000000,0x00000000,0,0,,,,,,none,0,916,positive delta had no recent attributable attack packet
2026-07-25T21:56:49Z,638,P1,19578,20679,1101,0.1101,gain,attacker,P1-C1,12,Ryu,266,j.B,0,P2-C1,1,Ken the Eagle,0,,,1.0,False,0x04400600,0x00000000,0x00000000,0,0,,,,,,none,0,1965,positive delta had no recent attributable attack packet
2026-07-25T21:56:49Z,638,P2,16053,16732,679,0.0679,gain,victim,P1-C1,12,Ryu,266,j.B,0,P2-C1,1,Ken the Eagle,0,,,1.0,False,0x04400600,0x00000000,0x00000000,0,0,,,,,,none,0,1965,positive delta had no recent attributable attack packet
2026-07-25T21:56:51Z,642,P1,20679,21429,750,0.075,gain,attacker,P1-C1,12,Ryu,256,5A,0,P2-C1,1,Ken the Eagle,0,,,1.0,False,0x40400010,0x00000000,0x00000000,0,0,,,,,,none,0,800,positive delta had no recent attributable attack packet
2026-07-25T21:56:51Z,642,P2,16732,17244,512,0.0512,gain,victim,P1-C1,12,Ryu,256,5A,0,P2-C1,1,Ken the Eagle,0,,,1.0,False,0x40400010,0x00000000,0x00000000,0,0,,,,,,none,0,800,positive delta had no recent attributable attack packet
2026-07-25T21:56:51Z,643,P1,21429,22223,794,0.0794,gain,attacker,P1-C1,12,Ryu,257,5B,0,P2-C1,1,Ken the Eagle,0,,,1.0,False,0x40400001,0x00000000,0x00000000,0,0,,,,,,none,0,1980,positive delta had no recent attributable attack packet
2026-07-25T21:56:51Z,643,P2,17244,17692,448,0.0448,gain,victim,P1-C1,12,Ryu,257,5B,0,P2-C1,1,Ken the Eagle,0,,,1.0,False,0x40400001,0x00000000,0x00000000,0,0,,,,,,none,0,1980,positive delta had no recent attributable attack packet
2026-07-25T21:56:51Z,644,P1,22223,23361,1138,0.1138,gain,attacker,P1-C1,12,Ryu,261,2C,0,P2-C1,1,Ken the Eagle,0,,,1.0,False,0x40400010,0x00000000,0x00000000,0,0,,,,,,none,0,2039,positive delta had no recent attributable attack packet
2026-07-25T21:56:51Z,644,P2,17692,18399,707,0.0707,gain,victim,P1-C1,12,Ryu,261,2C,0,P2-C1,1,Ken the Eagle,0,,,1.0,False,0x40400010,0x00000000,0x00000000,0,0,,,,,,none,0,2039,positive delta had no recent attributable attack packet
2026-07-25T21:56:53Z,650,P1,23361,23731,370,0.037,gain,attacker,P1-C1,12,Ryu,256,5A,0,P2-C1,1,Ken the Eagle,0,,,1.0,False,0x40400001,0x00000000,0x00000000,0,0,,,,,,none,0,800,positive delta had no recent attributable attack packet
2026-07-25T21:56:53Z,650,P2,18399,18675,276,0.0276,gain,victim,P1-C1,12,Ryu,256,5A,0,P2-C1,1,Ken the Eagle,0,,,1.0,False,0x40400001,0x00000000,0x00000000,0,0,,,,,,none,0,800,positive delta had no recent attributable attack packet
2026-07-25T21:56:53Z,651,P1,23731,24494,763,0.0763,gain,attacker,P1-C1,12,Ryu,257,5B,0,P2-C1,1,Ken the Eagle,0,,,1.0,False,0x40400010,0x00000000,0x00000000,0,0,,,,,,none,0,1368,positive delta had no recent attributable attack packet
2026-07-25T21:56:53Z,651,P2,18675,19149,474,0.0474,gain,victim,P1-C1,12,Ryu,257,5B,0,P2-C1,1,Ken the Eagle,0,,,1.0,False,0x40400010,0x00000000,0x00000000,0,0,,,,,,none,0,1368,positive delta had no recent attributable attack packet
2026-07-25T21:56:54Z,652,P1,24494,25189,695,0.0695,gain,attacker,P1-C1,12,Ryu,258,5C,0,P2-C1,1,Ken the Eagle,0,,,1.0,False,0x40400001,0x00000000,0x00000000,0,0,,,,,,none,0,1224,positive delta had no recent attributable attack packet
2026-07-25T21:56:54Z,652,P2,19149,19572,423,0.0423,gain,victim,P1-C1,12,Ryu,258,5C,0,P2-C1,1,Ken the Eagle,0,,,1.0,False,0x40400001,0x00000000,0x00000000,0,0,,,,,,none,0,1224,positive delta had no recent attributable attack packet
2026-07-25T21:56:54Z,653,P1,25189,26358,1169,0.1169,gain,attacker,P1-C1,12,Ryu,258,5C,0,P2-C1,1,Ken the Eagle,0,,,1.0,False,0x60400001,0x00000000,0x00000000,0,0,,,,,,none,0,2108,positive delta had no recent attributable attack packet
2026-07-25T21:56:54Z,653,P2,19572,20302,730,0.073,gain,victim,P1-C1,12,Ryu,258,5C,0,P2-C1,1,Ken the Eagle,0,,,1.0,False,0x60400001,0x00000000,0x00000000,0,0,,,,,,none,0,2108,positive delta had no recent attributable attack packet
2026-07-25T21:56:54Z,654,P1,26358,27440,1082,0.1082,gain,unknown,P1-C1,12,Ryu,264,3C,0,,0,,0,,,1.0,False,0x60400001,0x00000000,0x00000000,0,0,,,,,,none,0,0,positive delta had no recent attributable attack packet
2026-07-25T21:56:54Z,654,P2,20302,20967,665,0.0665,gain,unknown,P2-C1,1,Ken the Eagle,64,Standing Hitstun,0,,0,,0,,,1.0,False,0x00001000,0x00000000,0x00000000,0,0,,,,,,none,0,0,positive delta had no recent attributable attack packet
2026-07-25T21:56:55Z,655,P1,27440,27827,387,0.0387,gain,attacker,P1-C1,12,Ryu,265,j.A,0,P2-C1,1,Ken the Eagle,0,,,1.0,False,0x04400600,0x00000000,0x00000000,0,0,,,,,,none,0,2758,positive delta had no recent attributable attack packet
2026-07-25T21:56:55Z,655,P2,20967,21256,289,0.0289,gain,victim,P1-C1,12,Ryu,265,j.A,0,P2-C1,1,Ken the Eagle,0,,,1.0,False,0x04400600,0x00000000,0x00000000,0,0,,,,,,none,0,2758,positive delta had no recent attributable attack packet
2026-07-25T21:56:55Z,656,P1,27827,28846,1019,0.1019,gain,attacker,P1-C1,12,Ryu,266,j.B,0,P2-C1,1,Ken the Eagle,0,,,1.0,False,0x04400600,0x00000000,0x00000000,0,0,,,,,,none,0,910,positive delta had no recent attributable attack packet
2026-07-25T21:56:55Z,656,P2,21256,21874,618,0.0618,gain,victim,P1-C1,12,Ryu,266,j.B,0,P2-C1,1,Ken the Eagle,0,,,1.0,False,0x04400600,0x00000000,0x00000000,0,0,,,,,,none,0,910,positive delta had no recent attributable attack packet
2026-07-25T21:56:55Z,657,P1,28846,29419,573,0.0573,gain,attacker,P1-C1,12,Ryu,266,j.B,0,P2-C1,1,Ken the Eagle,0,,,1.0,False,0x04400600,0x00000000,0x00000000,0,0,,,,,,none,0,1697,positive delta had no recent attributable attack packet
2026-07-25T21:56:55Z,657,P2,21874,22157,283,0.0283,gain,victim,P1-C1,12,Ryu,266,j.B,0,P2-C1,1,Ken the Eagle,0,,,1.0,False,0x04400600,0x00000000,0x00000000,0,0,,,,,,none,0,1697,positive delta had no recent attributable attack packet
2026-07-25T21:56:56Z,658,P1,29419,30312,893,0.0893,gain,attacker,P1-C1,12,Ryu,161,Hard Knockdown,0,P2-C1,1,Ken the Eagle,0,,,1.0,False,0x00400200,0x00000000,0x00000000,0,0,,,,,,none,0,1929,positive delta had no recent attributable attack packet
2026-07-25T21:56:56Z,658,P2,22157,22826,669,0.0669,gain,victim,P1-C1,12,Ryu,161,Hard Knockdown,0,P2-C1,1,Ken the Eagle,0,,,1.0,False,0x00400200,0x00000000,0x00000000,0,0,,,,,,none,0,1929,positive delta had no recent attributable attack packet
2026-07-25T21:57:00Z,674,P1,30312,31445,1133,0.1133,gain,attacker,P1-C1,12,Ryu,257,5B,0,P2-C1,1,Ken the Eagle,0,,,1.0,False,0x40400001,0x00000000,0x00000000,0,0,,,,,,none,0,800,positive delta had no recent attributable attack packet
2026-07-25T21:57:00Z,674,P2,22826,23576,750,0.075,gain,victim,P1-C1,12,Ryu,257,5B,0,P2-C1,1,Ken the Eagle,0,,,1.0,False,0x40400001,0x00000000,0x00000000,0,0,,,,,,none,0,800,positive delta had no recent attributable attack packet
2026-07-25T21:57:00Z,675,P1,31445,32140,695,0.0695,gain,attacker,P1-C1,12,Ryu,260,2B,0,P2-C1,1,Ken the Eagle,0,,,1.0,False,0x40400001,0x00000000,0x00000000,0,0,,,,,,none,0,2592,positive delta had no recent attributable attack packet
2026-07-25T21:57:00Z,675,P2,23576,23999,423,0.0423,gain,victim,P1-C1,12,Ryu,260,2B,0,P2-C1,1,Ken the Eagle,0,,,1.0,False,0x40400001,0x00000000,0x00000000,0,0,,,,,,none,0,2592,positive delta had no recent attributable attack packet
2026-07-25T21:57:00Z,676,P1,32140,33309,1169,0.1169,gain,attacker,P1-C1,12,Ryu,258,5C,0,P2-C1,1,Ken the Eagle,0,,,1.0,False,0x40400001,0x00000000,0x00000000,0,0,,,,,,none,0,2108,positive delta had no recent attributable attack packet
2026-07-25T21:57:00Z,676,P2,23999,24729,730,0.073,gain,victim,P1-C1,12,Ryu,258,5C,0,P2-C1,1,Ken the Eagle,0,,,1.0,False,0x40400001,0x00000000,0x00000000,0,0,,,,,,none,0,2108,positive delta had no recent attributable attack packet
2026-07-25T21:57:01Z,677,P1,33309,33504,195,0.0195,gain,unknown,P1-C1,12,Ryu,262,6C,0,,0,,0,,,1.0,False,0x40400001,0x00000000,0x00000000,0,0,,,,,,none,0,0,positive delta had no recent attributable attack packet
2026-07-25T21:57:01Z,678,P1,33504,34563,1059,0.1059,gain,attacker,P1-C1,12,Ryu,315,Donkey H,0,P2-C1,1,Ken the Eagle,0,,,1.0,False,0x41400001,0x00000000,0x00000000,0,0,,,,,,none,0,1727,positive delta had no recent attributable attack packet
2026-07-25T21:57:01Z,678,P2,24729,25328,599,0.0599,gain,victim,P1-C1,12,Ryu,315,Donkey H,0,P2-C1,1,Ken the Eagle,0,,,1.0,False,0x41400001,0x00000000,0x00000000,0,0,,,,,,none,0,1727,positive delta had no recent attributable attack packet
2026-07-25T21:57:01Z,679,P1,34563,35478,915,0.0915,gain,attacker,P1-C1,12,Ryu,315,Donkey H,0,P2-C1,1,Ken the Eagle,0,,,1.0,False,0x41400001,0x00000000,0x00000000,0,0,,,,,,none,0,1979,positive delta had no recent attributable attack packet
2026-07-25T21:57:01Z,679,P2,25328,26014,686,0.0686,gain,victim,P1-C1,12,Ryu,315,Donkey H,0,P2-C1,1,Ken the Eagle,0,,,1.0,False,0x41400001,0x00000000,0x00000000,0,0,,,,,,none,0,1979,positive delta had no recent attributable attack packet
2026-07-25T21:57:02Z,683,P1,35478,35745,267,0.0267,gain,attacker,P1-C1,12,Ryu,256,5A,0,P2-C1,1,Ken the Eagle,0,,,1.0,False,0x40400001,0x00000000,0x00000000,0,0,,,,,,none,0,580,positive delta had no recent attributable attack packet
2026-07-25T21:57:02Z,683,P2,26014,26214,200,0.02,gain,victim,P1-C1,12,Ryu,256,5A,0,P2-C1,1,Ken the Eagle,0,,,1.0,False,0x40400001,0x00000000,0x00000000,0,0,,,,,,none,0,580,positive delta had no recent attributable attack packet
2026-07-25T21:57:03Z,684,P1,35745,37255,1510,0.151,gain,attacker,P1-C1,12,Ryu,258,5C,0,P2-C1,1,Ken the Eagle,0,,,1.0,False,0x40400001,0x00000000,0x00000000,0,0,,,,,,none,0,990,positive delta had no recent attributable attack packet
2026-07-25T21:57:03Z,684,P2,26214,27103,889,0.0889,gain,victim,P1-C1,12,Ryu,258,5C,0,P2-C1,1,Ken the Eagle,0,,,1.0,False,0x40400001,0x00000000,0x00000000,0,0,,,,,,none,0,990,positive delta had no recent attributable attack packet
2026-07-25T21:57:03Z,685,P1,37255,37450,195,0.0195,gain,attacker,P1-C1,12,Ryu,262,6C,0,P2-C1,1,Ken the Eagle,0,,,1.0,False,0x40400001,0x00000000,0x00000000,0,0,,,,,,none,0,1574,positive delta had no recent attributable attack packet
2026-07-25T21:57:04Z,686,P1,37450,38032,582,0.0582,gain,attacker,P1-C1,12,Ryu,309,Tatsu H,0,P2-C1,1,Ken the Eagle,0,,,1.0,False,0x01400001,0x00000000,0x00000000,0,0,,,,,,none,0,1260,positive delta had no recent attributable attack packet
2026-07-25T21:57:04Z,686,P2,27103,27539,436,0.0436,gain,victim,P1-C1,12,Ryu,309,Tatsu H,0,P2-C1,1,Ken the Eagle,0,,,1.0,False,0x01400001,0x00000000,0x00000000,0,0,,,,,,none,0,1260,positive delta had no recent attributable attack packet
2026-07-25T21:57:04Z,687,P1,38032,38687,655,0.0655,gain,attacker,P1-C1,12,Ryu,309,Tatsu H,0,P2-C1,1,Ken the Eagle,0,,,1.0,False,0x01C00200,0x00000000,0x00000000,0,0,,,,,,none,0,856,positive delta had no recent attributable attack packet
2026-07-25T21:57:04Z,687,P2,27539,27835,296,0.0296,gain,victim,P1-C1,12,Ryu,309,Tatsu H,0,P2-C1,1,Ken the Eagle,0,,,1.0,False,0x01C00200,0x00000000,0x00000000,0,0,,,,,,none,0,856,positive delta had no recent attributable attack packet
2026-07-25T21:57:04Z,688,P1,38687,39043,356,0.0356,gain,attacker,P1-C1,12,Ryu,309,Tatsu H,0,P2-C1,1,Ken the Eagle,0,,,1.0,False,0x01C00200,0x00000000,0x00000000,0,0,,,,,,none,0,771,positive delta had no recent attributable attack packet
2026-07-25T21:57:04Z,688,P2,27835,28101,266,0.0266,gain,victim,P1-C1,12,Ryu,309,Tatsu H,0,P2-C1,1,Ken the Eagle,0,,,1.0,False,0x01C00200,0x00000000,0x00000000,0,0,,,,,,none,0,771,positive delta had no recent attributable attack packet
2026-07-25T21:57:05Z,689,P1,39043,39360,317,0.0317,gain,attacker,P1-C1,12,Ryu,309,Tatsu H,0,P2-C1,1,Ken the Eagle,0,,,1.0,False,0x01C00200,0x00000000,0x00000000,0,0,,,,,,none,0,686,positive delta had no recent attributable attack packet
2026-07-25T21:57:05Z,689,P2,28101,28338,237,0.0237,gain,victim,P1-C1,12,Ryu,309,Tatsu H,0,P2-C1,1,Ken the Eagle,0,,,1.0,False,0x01C00200,0x00000000,0x00000000,0,0,,,,,,none,0,686,positive delta had no recent attributable attack packet
2026-07-25T21:57:05Z,690,P1,39360,39638,278,0.0278,gain,attacker,P1-C1,12,Ryu,309,Tatsu H,0,P2-C1,1,Ken the Eagle,0,,,1.0,False,0x01400001,0x00000000,0x00000000,0,0,,,,,,none,0,602,positive delta had no recent attributable attack packet
2026-07-25T21:57:05Z,690,P2,28338,28546,208,0.0208,gain,victim,P1-C1,12,Ryu,309,Tatsu H,0,P2-C1,1,Ken the Eagle,0,,,1.0,False,0x01400001,0x00000000,0x00000000,0,0,,,,,,none,0,602,positive delta had no recent attributable attack packet
2026-07-25T21:57:25Z,852,P1,39638,40008,370,0.037,gain,attacker,P1-C1,12,Ryu,256,5A,0,P2-C1,1,Ken the Eagle,0,,,1.0,False,0x40400001,0x00000000,0x00000000,0,0,,,,,,none,0,800,positive delta had no recent attributable attack packet
2026-07-25T21:57:25Z,852,P2,28546,28822,276,0.0276,gain,victim,P1-C1,12,Ryu,256,5A,0,P2-C1,1,Ken the Eagle,0,,,1.0,False,0x40400001,0x00000000,0x00000000,0,0,,,,,,none,0,800,positive delta had no recent attributable attack packet
2026-07-25T21:57:25Z,853,P1,40008,40771,763,0.0763,gain,attacker,P1-C1,12,Ryu,257,5B,0,P2-C1,1,Ken the Eagle,0,,,1.0,False,0x40400010,0x00000000,0x00000000,0,0,,,,,,none,0,1368,positive delta had no recent attributable attack packet
2026-07-25T21:57:25Z,853,P2,28822,29296,474,0.0474,gain,victim,P1-C1,12,Ryu,257,5B,0,P2-C1,1,Ken the Eagle,0,,,1.0,False,0x40400010,0x00000000,0x00000000,0,0,,,,,,none,0,1368,positive delta had no recent attributable attack packet
2026-07-25T21:57:26Z,854,P1,40771,41466,695,0.0695,gain,attacker,P1-C1,12,Ryu,258,5C,0,P2-C1,1,Ken the Eagle,0,,,1.0,False,0x40400001,0x00000000,0x00000000,0,0,,,,,,none,0,1224,positive delta had no recent attributable attack packet
2026-07-25T21:57:26Z,854,P2,29296,29719,423,0.0423,gain,victim,P1-C1,12,Ryu,258,5C,0,P2-C1,1,Ken the Eagle,0,,,1.0,False,0x40400001,0x00000000,0x00000000,0,0,,,,,,none,0,1224,positive delta had no recent attributable attack packet
2026-07-25T21:57:26Z,855,P1,41466,42830,1364,0.1364,gain,attacker,P1-C1,12,Ryu,262,6C,0,P2-C1,1,Ken the Eagle,0,,,1.0,False,0x40400001,0x00000000,0x00000000,0,0,,,,,,none,0,2108,positive delta had no recent attributable attack packet
2026-07-25T21:57:26Z,855,P2,29719,30449,730,0.073,gain,victim,P1-C1,12,Ryu,262,6C,0,P2-C1,1,Ken the Eagle,0,,,1.0,False,0x40400001,0x00000000,0x00000000,0,0,,,,,,none,0,2108,positive delta had no recent attributable attack packet
2026-07-25T21:57:27Z,856,P1,42830,43629,799,0.0799,gain,attacker,P1-C1,12,Ryu,315,Donkey H,0,P2-C1,1,Ken the Eagle,0,,,1.0,False,0x41400001,0x00000000,0x00000000,0,0,,,,,,none,0,1727,positive delta had no recent attributable attack packet
2026-07-25T21:57:27Z,856,P2,30449,31048,599,0.0599,gain,victim,P1-C1,12,Ryu,315,Donkey H,0,P2-C1,1,Ken the Eagle,0,,,1.0,False,0x41400001,0x00000000,0x00000000,0,0,,,,,,none,0,1727,positive delta had no recent attributable attack packet
2026-07-25T21:57:27Z,857,P1,43629,44804,1175,0.1175,gain,unknown,P1-C1,12,Ryu,315,Donkey H,0,,0,,0,,,1.0,False,0x41400001,0x00000000,0x00000000,0,0,,,,,,none,0,0,positive delta had no recent attributable attack packet
2026-07-25T21:57:27Z,857,P2,31048,31734,686,0.0686,gain,unknown,P2-C1,1,Ken the Eagle,64,Standing Hitstun,0,,0,,0,,,1.0,False,0x00005200,0x00000000,0x00000000,0,0,,,,,,none,0,0,positive delta had no recent attributable attack packet
2026-07-25T21:57:28Z,860,P1,44804,45071,267,0.0267,gain,attacker,P1-C1,12,Ryu,256,5A,0,P2-C1,1,Ken the Eagle,0,,,1.0,False,0x40400001,0x00000000,0x00000000,0,0,,,,,,none,0,580,positive delta had no recent attributable attack packet
2026-07-25T21:57:28Z,860,P2,31734,31934,200,0.02,gain,victim,P1-C1,12,Ryu,256,5A,0,P2-C1,1,Ken the Eagle,0,,,1.0,False,0x40400001,0x00000000,0x00000000,0,0,,,,,,none,0,580,positive delta had no recent attributable attack packet
2026-07-25T21:57:28Z,861,P1,45071,45853,782,0.0782,gain,attacker,P1-C1,12,Ryu,258,5C,0,P2-C1,1,Ken the Eagle,0,,,1.0,False,0x40400001,0x00000000,0x00000000,0,0,,,,,,none,0,990,positive delta had no recent attributable attack packet
2026-07-25T21:57:28Z,861,P2,31934,32277,343,0.0343,gain,victim,P1-C1,12,Ryu,258,5C,0,P2-C1,1,Ken the Eagle,0,,,1.0,False,0x40400001,0x00000000,0x00000000,0,0,,,,,,none,0,990,positive delta had no recent attributable attack packet
2026-07-25T21:57:29Z,862,P1,45853,46581,728,0.0728,gain,attacker,P1-C1,12,Ryu,262,6C,0,P2-C1,1,Ken the Eagle,0,,,1.0,False,0x40400001,0x00000000,0x00000000,0,0,,,,,,none,0,1574,positive delta had no recent attributable attack packet
2026-07-25T21:57:29Z,862,P2,32277,32823,546,0.0546,gain,victim,P1-C1,12,Ryu,262,6C,0,P2-C1,1,Ken the Eagle,0,,,1.0,False,0x40400001,0x00000000,0x00000000,0,0,,,,,,none,0,1574,positive delta had no recent attributable attack packet
2026-07-25T21:57:29Z,863,P1,46581,47358,777,0.0777,gain,unknown,P1-C1,12,Ryu,262,6C,0,,0,,0,,,1.0,False,0x40400001,0x00000000,0x00000000,0,0,,,,,,none,0,0,positive delta had no recent attributable attack packet
2026-07-25T21:57:29Z,863,P2,32823,33259,436,0.0436,gain,unknown,P2-C1,1,Ken the Eagle,91,Soft Knockdown,0,,0,,0,,,1.0,False,0x00005200,0x00000000,0x00000000,0,0,,,,,,none,0,0,positive delta had no recent attributable attack packet
2026-07-25T21:57:32Z,872,P1,47358,47858,500,0.05,gain,attacker,P1-C1,12,Ryu,256,5A,0,P2-C1,1,Ken the Eagle,0,,,1.0,False,0x40400001,0x00000000,0x00000000,0,0,,,,,,none,0,800,positive delta had no recent attributable attack packet
2026-07-25T21:57:32Z,872,P2,33259,33535,276,0.0276,gain,victim,P1-C1,12,Ryu,256,5A,0,P2-C1,1,Ken the Eagle,0,,,1.0,False,0x40400001,0x00000000,0x00000000,0,0,,,,,,none,0,800,positive delta had no recent attributable attack packet
2026-07-25T21:57:32Z,873,P1,47858,49186,1328,0.1328,gain,attacker,P1-C1,12,Ryu,260,2B,0,P2-C1,1,Ken the Eagle,0,,,1.0,False,0x40400001,0x00000000,0x00000000,0,0,,,,,,none,0,2592,positive delta had no recent attributable attack packet
2026-07-25T21:57:32Z,873,P2,33535,34432,897,0.0897,gain,victim,P1-C1,12,Ryu,260,2B,0,P2-C1,1,Ken the Eagle,0,,,1.0,False,0x40400001,0x00000000,0x00000000,0,0,,,,,,none,0,2592,positive delta had no recent attributable attack packet
2026-07-25T21:57:33Z,874,P1,49186,50000,814,0.0814,gain,unknown,P1-C1,12,Ryu,258,5C,0,,0,,0,,,1.0,False,0x40400001,0x00000000,0x00000000,0,0,,,,,,none,0,0,positive delta had no recent attributable attack packet
2026-07-25T21:57:33Z,874,P2,34432,35162,730,0.073,gain,unknown,P2-C1,1,Ken the Eagle,66,Hit Low,0,,0,,0,,,1.0,False,0x00001001,0x00000000,0x00000000,0,0,,,,,,none,0,0,positive delta had no recent attributable attack packet
2026-07-25T21:57:33Z,876,P2,35162,35761,599,0.0599,gain,victim,P1-C1,12,Ryu,262,6C,0,P2-C1,1,Ken the Eagle,0,,,1.0,False,0x41400001,0x00000000,0x00000000,0,0,,,,,,none,0,1727,positive delta had no recent attributable attack packet
2026-07-25T21:57:34Z,877,P2,35761,36447,686,0.0686,gain,unknown,P2-C1,1,Ken the Eagle,64,Standing Hitstun,0,,0,,0,,,1.0,False,0x00005200,0x00000000,0x00000000,0,0,,,,,,none,0,0,positive delta had no recent attributable attack packet
2026-07-25T21:57:35Z,882,P2,36447,36647,200,0.02,gain,victim,P1-C1,12,Ryu,257,5B,0,P2-C1,1,Ken the Eagle,0,,,1.0,False,0x40400001,0x00000000,0x00000000,0,0,,,,,,none,0,580,positive delta had no recent attributable attack packet
2026-07-25T21:57:35Z,883,P2,36647,36990,343,0.0343,gain,victim,P1-C1,12,Ryu,258,5C,0,P2-C1,1,Ken the Eagle,0,,,1.0,False,0x40400001,0x00000000,0x00000000,0,0,,,,,,none,0,990,positive delta had no recent attributable attack packet
2026-07-25T21:57:35Z,884,P2,36990,37536,546,0.0546,gain,victim,P1-C1,12,Ryu,262,6C,0,P2-C1,1,Ken the Eagle,0,,,1.0,False,0x40400001,0x00000000,0x00000000,0,0,,,,,,none,0,1574,positive delta had no recent attributable attack packet
2026-07-25T21:57:36Z,885,P2,37536,37972,436,0.0436,gain,victim,P1-C1,12,Ryu,262,6C,0,P2-C1,1,Ken the Eagle,0,,,1.0,False,0x01400001,0x00000000,0x00000000,0,0,,,,,,none,0,1260,positive delta had no recent attributable attack packet
2026-07-25T21:57:36Z,886,P2,37972,38268,296,0.0296,gain,unknown,P2-C1,1,Ken the Eagle,91,Soft Knockdown,0,,0,,0,,,1.0,False,0x00005200,0x00000000,0x00000000,0,0,,,,,,none,0,0,positive delta had no recent attributable attack packet
2026-07-25T21:57:37Z,887,P2,38268,38534,266,0.0266,gain,victim,P1-C1,12,Ryu,309,Tatsu H,0,P2-C1,1,Ken the Eagle,0,,,1.0,False,0x01C00200,0x00000000,0x00000000,0,0,,,,,,none,0,856,positive delta had no recent attributable attack packet
2026-07-25T21:57:37Z,889,P2,38534,38771,237,0.0237,gain,victim,P1-C1,12,Ryu,309,Tatsu H,0,P2-C1,1,Ken the Eagle,0,,,1.0,False,0x01C00200,0x00000000,0x00000000,0,0,,,,,,none,0,686,positive delta had no recent attributable attack packet
2026-07-25T21:57:37Z,890,P2,38771,38979,208,0.0208,gain,victim,P1-C1,12,Ryu,309,Tatsu H,0,P2-C1,1,Ken the Eagle,0,,,1.0,False,0x00000001,0x00000000,0x00000000,0,0,,,,,,none,0,602,positive delta had no recent attributable attack packet
2026-07-25T21:57:38Z,892,P2,38979,39029,50,0.005,gain,victim,P1-C1,12,Ryu,256,5A,0,P2-C1,1,Ken the Eagle,0,,,1.0,False,0x40400001,0x00000000,0x00000000,0,0,,,,,,none,0,293,positive delta had no recent attributable attack packet
2026-07-25T21:57:38Z,893,P2,39029,39172,143,0.0143,gain,victim,P1-C1,12,Ryu,257,5B,0,P2-C1,1,Ken the Eagle,0,,,1.0,False,0x40400001,0x00000000,0x00000000,0,0,,,,,,none,0,293,positive delta had no recent attributable attack packet
2026-07-25T21:57:39Z,894,P2,39172,39333,161,0.0161,gain,victim,P1-C1,12,Ryu,258,5C,0,P2-C1,1,Ken the Eagle,0,,,1.0,False,0x40400001,0x00000000,0x00000000,0,0,,,,,,none,0,1436,positive delta had no recent attributable attack packet
2026-07-25T21:57:39Z,896,P2,39333,39473,140,0.014,gain,victim,P1-C1,12,Ryu,262,6C,0,P2-C1,1,Ken the Eagle,0,,,1.0,False,0x40400001,0x00000000,0x00000000,0,0,,,,,,none,0,794,positive delta had no recent attributable attack packet
2026-07-25T21:57:42Z,906,P2,39473,39861,388,0.0388,gain,victim,P1-C1,12,Ryu,270,6B,0,P2-C1,1,Ken the Eagle,0,,,1.0,False,0x40400001,0x00000000,0x00000000,0,0,,,,,,none,0,1120,positive delta had no recent attributable attack packet
2026-07-25T21:57:42Z,907,P2,39861,40230,369,0.0369,gain,victim,P1-C1,12,Ryu,313,Donkey L,0,P2-C1,1,Ken the Eagle,0,,,1.0,False,0x41400001,0x00000000,0x00000000,0,0,,,,,,none,0,1064,positive delta had no recent attributable attack packet
2026-07-25T21:57:42Z,908,P2,40230,40954,724,0.0724,gain,victim,P1-C1,12,Ryu,313,Donkey L,0,P2-C1,1,Ken the Eagle,0,,,1.0,False,0x00000001,0x00000000,0x00000000,0,0,,,,,,none,0,2088,positive delta had no recent attributable attack packet
2026-07-25T21:57:44Z,911,P2,40954,41292,338,0.0338,gain,victim,P1-C1,12,Ryu,257,5B,0,P2-C1,1,Ken the Eagle,0,,,1.0,False,0x40400001,0x00000000,0x00000000,0,0,,,,,,none,0,713,positive delta had no recent attributable attack packet
2026-07-25T21:57:44Z,912,P2,41292,41639,347,0.0347,gain,victim,P1-C1,12,Ryu,258,5C,0,P2-C1,1,Ken the Eagle,0,,,1.0,False,0x40400001,0x00000000,0x00000000,0,0,,,,,,none,0,1210,positive delta had no recent attributable attack packet
2026-07-25T21:57:45Z,914,P2,41639,41921,282,0.0282,gain,victim,P1-C1,12,Ryu,309,Tatsu H,0,P2-C1,1,Ken the Eagle,0,,,1.0,False,0x01400001,0x00000000,0x00000000,0,0,,,,,,none,0,1593,positive delta had no recent attributable attack packet
2026-07-25T21:57:45Z,915,P2,41921,42117,196,0.0196,gain,victim,P1-C1,12,Ryu,309,Tatsu H,0,P2-C1,1,Ken the Eagle,0,,,1.0,False,0x01C00200,0x00000000,0x00000000,0,0,,,,,,none,0,1105,positive delta had no recent attributable attack packet
2026-07-25T21:57:46Z,916,P2,42117,42463,346,0.0346,gain,victim,P1-C1,12,Ryu,309,Tatsu H,0,P2-C1,1,Ken the Eagle,0,,,1.0,False,0x01C00200,0x00000000,0x00000000,0,0,,,,,,none,0,1022,positive delta had no recent attributable attack packet
2026-07-25T21:57:46Z,919,P1,50000,40000,-10000,-1.0,spend_or_drain,spend_or_drain,P1-C1,12,Ryu,352,Shinkuu,0,,0,,0,,,1.0,False,0x42400001,0x00000000,0x00000000,0,0,,,,,,none,0,0,negative delta is a meter spend or scripted drain
2026-07-25T21:57:51Z,942,P1,40000,40001,1,0.0001,gain,unknown,P1-C1,12,Ryu,352,Shinkuu,0,P2-C1,1,Ken the Eagle,100,0x00000009,0x00000040,1.0,False,0x00200001,0x00000000,0x00000000,0,0,,,,,,none,0,0,positive delta had no recent attributable attack packet
2026-07-25T21:57:51Z,944,P1,40001,42408,2407,0.2407,gain,attacker,P1-C1,12,Ryu,352,Shinkuu,0,P2-C1,1,Ken the Eagle,100,0x00000009,0x00000040,1.0,False,0x00200001,0x00000000,0x00000000,0,0,8,0,0,2407,False,high,0,5200,attack packet retained from 8 frame(s) earlier; property A bit 0 suppresses hit meter
2026-07-25T21:57:51Z,944,P2,42463,44268,1805,0.1805,gain,victim,P1-C1,12,Ryu,352,Shinkuu,0,P2-C1,1,Ken the Eagle,100,0x00000009,0x00000040,1.0,False,0x00200001,0x00000000,0x00000000,0,0,8,0,0,1805,False,high,0,5200,attack packet retained from 8 frame(s) earlier; property A bit 0 suppresses hit meter
2026-07-25T21:57:53Z,949,P1,42408,43788,1380,0.138,gain,unknown,P1-C1,12,Ryu,267,j.C,0,,0,,0,,,1.0,False,0x80400702,0x00000000,0x00000000,0,0,,,,,,none,0,0,positive delta had no recent attributable attack packet
2026-07-25T21:57:53Z,949,P2,44268,45157,889,0.0889,gain,unknown,P2-C1,1,Ken the Eagle,1,idle,0,,0,,0,,,1.0,False,0x00001001,0x00000000,0x00000000,0,0,,,,,,none,0,0,positive delta had no recent attributable attack packet
2026-07-25T21:57:54Z,951,P1,43788,44503,715,0.0715,gain,attacker,P1-C1,12,Ryu,259,2A,0,P2-C1,1,Ken the Eagle,0,,,1.0,False,0x40400001,0x00000000,0x00000000,0,0,,,,,,none,0,760,positive delta had no recent attributable attack packet
2026-07-25T21:57:54Z,951,P2,45157,45642,485,0.0485,gain,victim,P1-C1,12,Ryu,259,2A,0,P2-C1,1,Ken the Eagle,0,,,1.0,False,0x40400001,0x00000000,0x00000000,0,0,,,,,,none,0,760,positive delta had no recent attributable attack packet
2026-07-25T21:57:54Z,952,P1,44503,45329,826,0.0826,gain,attacker,P1-C1,12,Ryu,257,5B,0,P2-C1,1,Ken the Eagle,0,,,1.0,False,0x40400010,0x00000000,0x00000000,0,0,,,,,,none,0,1872,positive delta had no recent attributable attack packet
2026-07-25T21:57:54Z,952,P2,45642,46067,425,0.0425,gain,victim,P1-C1,12,Ryu,257,5B,0,P2-C1,1,Ken the Eagle,0,,,1.0,False,0x40400010,0x00000000,0x00000000,0,0,,,,,,none,0,1872,positive delta had no recent attributable attack packet
2026-07-25T21:57:54Z,953,P1,45329,46027,698,0.0698,gain,attacker,P1-C1,12,Ryu,258,5C,0,P2-C1,1,Ken the Eagle,0,,,1.0,False,0x40400001,0x00000000,0x00000000,0,0,,,,,,none,0,1087,positive delta had no recent attributable attack packet
2026-07-25T21:57:54Z,953,P2,46067,46444,377,0.0377,gain,victim,P1-C1,12,Ryu,258,5C,0,P2-C1,1,Ken the Eagle,0,,,1.0,False,0x40400001,0x00000000,0x00000000,0,0,,,,,,none,0,1087,positive delta had no recent attributable attack packet
2026-07-25T21:57:55Z,954,P1,46027,47082,1055,0.1055,gain,attacker,P1-C1,12,Ryu,262,6C,0,P2-C1,1,Ken the Eagle,0,,,1.0,False,0x40400001,0x00000000,0x00000000,0,0,,,,,,none,0,1859,positive delta had no recent attributable attack packet
2026-07-25T21:57:55Z,954,P2,46444,47088,644,0.0644,gain,victim,P1-C1,12,Ryu,262,6C,0,P2-C1,1,Ken the Eagle,0,,,1.0,False,0x40400001,0x00000000,0x00000000,0,0,,,,,,none,0,1859,positive delta had no recent attributable attack packet
2026-07-25T21:57:55Z,955,P1,47082,47781,699,0.0699,gain,attacker,P1-C1,12,Ryu,305,Hado M,0,P2-C1,1,Ken the Eagle,0,,,1.0,False,0x41400001,0x00000000,0x00000000,0,0,,,,,,none,0,1511,positive delta had no recent attributable attack packet
2026-07-25T21:57:55Z,955,P2,47088,47611,523,0.0523,gain,victim,P1-C1,12,Ryu,305,Hado M,0,P2-C1,1,Ken the Eagle,0,,,1.0,False,0x41400001,0x00000000,0x00000000,0,0,,,,,,none,0,1511,positive delta had no recent attributable attack packet
2026-07-25T21:57:55Z,956,P1,47781,48041,260,0.026,gain,unknown,P1-C1,12,Ryu,305,Hado M,0,,0,,0,,,1.0,False,0x41400001,0x00000000,0x00000000,0,0,,,,,,none,0,0,positive delta had no recent attributable attack packet
2026-07-25T21:57:55Z,956,P2,47611,48242,631,0.0631,gain,unknown,P2-C1,1,Ken the Eagle,64,Standing Hitstun,0,,0,,0,,,1.0,False,0x00001001,0x00000000,0x00000000,0,0,,,,,,none,0,0,positive delta had no recent attributable attack packet
2026-07-25T21:57:56Z,957,P1,48041,48883,842,0.0842,gain,attacker,P1-C1,12,Ryu,11,crouched,0,P2-C1,1,Ken the Eagle,0,,,1.0,False,0x04400600,0x00000000,0x00000000,0,0,,,,,,none,0,1455,positive delta had no recent attributable attack packet
2026-07-25T21:57:56Z,958,P1,48883,49078,195,0.0195,gain,unknown,P1-C1,12,Ryu,267,j.C,0,,0,,0,,,1.0,False,0x04400600,0x00000000,0x00000000,0,0,,,,,,none,0,0,positive delta had no recent attributable attack packet
2026-07-25T21:57:59Z,969,P1,49078,49448,370,0.037,gain,attacker,P1-C1,12,Ryu,256,5A,0,P2-C1,1,Ken the Eagle,0,,,1.0,False,0x40400001,0x00000000,0x00000000,0,0,,,,,,none,0,800,positive delta had no recent attributable attack packet
2026-07-25T21:57:59Z,969,P2,48242,48518,276,0.0276,gain,victim,P1-C1,12,Ryu,256,5A,0,P2-C1,1,Ken the Eagle,0,,,1.0,False,0x40400001,0x00000000,0x00000000,0,0,,,,,,none,0,800,positive delta had no recent attributable attack packet
2026-07-25T21:57:59Z,970,P1,49448,50000,552,0.0552,gain,attacker,P1-C1,12,Ryu,257,5B,0,P2-C1,1,Ken the Eagle,0,,,1.0,False,0x40400001,0x00000000,0x00000000,0,0,,,,,,none,0,1980,positive delta had no recent attributable attack packet
2026-07-25T21:57:59Z,970,P2,48518,49202,684,0.0684,gain,victim,P1-C1,12,Ryu,257,5B,0,P2-C1,1,Ken the Eagle,0,,,1.0,False,0x40400001,0x00000000,0x00000000,0,0,,,,,,none,0,1980,positive delta had no recent attributable attack packet
2026-07-25T21:58:00Z,971,P2,49202,49602,400,0.04,gain,victim,P1-C1,12,Ryu,258,5C,0,P2-C1,1,Ken the Eagle,0,,,1.0,False,0x40400001,0x00000000,0x00000000,0,0,,,,,,none,0,1156,positive delta had no recent attributable attack packet
2026-07-25T21:58:00Z,972,P2,49602,50000,398,0.0398,gain,victim,P1-C1,12,Ryu,258,5C,0,P2-C1,1,Ken the Eagle,0,,,1.0,False,0x40400001,0x00000000,0x00000000,0,0,,,,,,none,0,1983,positive delta had no recent attributable attack packet
2026-07-25T21:58:20Z,1046,P1,50000,40000,-10000,-1.0,spend_or_drain,spend_or_drain,P1-C1,12,Ryu,352,Shinkuu,0,,0,,0,,,1.0,False,0x42400001,0x00000000,0x00000000,0,0,,,,,,none,0,0,negative delta is a meter spend or scripted drain
2026-07-25T21:58:26Z,1077,P1,40000,40370,370,0.037,gain,unknown,P1-C2,13,Chun-Li,418,Tag In,0,,0,,0,,,1.0,False,0x00400200,0x00000022,0x00000000,0,0,,,,,,none,0,0,positive delta had no recent attributable attack packet
2026-07-25T21:58:31Z,1099,P1,40370,40610,240,0.024,gain,attacker,P1-C2,13,Chun-Li,256,5A,0,P2-C1,1,Ken the Eagle,0,,,1.0,False,0x40400001,0x00000002,0x00000000,0,0,,,,,,none,0,520,positive delta had no recent attributable attack packet
2026-07-25T21:58:31Z,1100,P1,40610,41672,1062,0.1062,gain,attacker,P1-C2,13,Chun-Li,260,2B,0,P2-C1,1,Ken the Eagle,0,,,1.0,False,0x40400001,0x00000002,0x00000000,0,0,,,,,,none,0,893,positive delta had no recent attributable attack packet
2026-07-25T21:58:32Z,1101,P1,41672,42684,1012,0.1012,gain,attacker,P1-C2,13,Chun-Li,258,5C,0,P2-C1,1,Ken the Eagle,0,,,1.0,False,0x60400001,0x00000002,0x00000000,0,0,,,,,,none,0,846,positive delta had no recent attributable attack packet
2026-07-25T21:58:32Z,1102,P1,42684,43708,1024,0.1024,gain,attacker,P1-C2,13,Chun-Li,264,3C,0,P2-C1,1,Ken the Eagle,0,,,1.0,False,0x60400001,0x00000002,0x00000000,0,0,,,,,,none,0,1767,positive delta had no recent attributable attack packet
2026-07-25T21:58:33Z,1103,P1,43708,43961,253,0.0253,gain,attacker,P1-C2,13,Chun-Li,265,j.A,0,P2-C1,1,Ken the Eagle,0,,,1.0,False,0x04400600,0x00000002,0x00000000,0,0,,,,,,none,0,2199,positive delta had no recent attributable attack packet
2026-07-25T21:58:33Z,1104,P1,43961,44252,291,0.0291,gain,attacker,P1-C2,13,Chun-Li,288,j.A (second hit),0,P2-C1,1,Ken the Eagle,0,,,1.0,False,0x04400600,0x00000002,0x00000000,0,0,,,,,,none,0,489,positive delta had no recent attributable attack packet
2026-07-25T21:58:33Z,1105,P1,44252,45430,1178,0.1178,gain,attacker,P1-C2,13,Chun-Li,267,j.C,0,P2-C1,1,Ken the Eagle,0,,,1.0,False,0x04400600,0x00000002,0x00000000,0,0,,,,,,none,0,729,positive delta had no recent attributable attack packet
2026-07-25T21:58:34Z,1107,P1,45430,45861,431,0.0431,gain,attacker,P1-C2,13,Chun-Li,266,j.B,0,P2-C1,1,Ken the Eagle,0,,,1.0,False,0x00400602,0x00000002,0x00000000,0,0,,,,,,none,0,653,positive delta had no recent attributable attack packet
2026-07-25T21:58:34Z,1108,P1,45861,46512,651,0.0651,gain,attacker,P1-C2,13,Chun-Li,266,j.B,0,P2-C1,1,Ken the Eagle,0,,,1.0,False,0x00400600,0x00000002,0x00000000,0,0,,,,,,none,0,989,positive delta had no recent attributable attack packet
2026-07-25T21:58:35Z,1109,P1,46512,47097,585,0.0585,gain,attacker,P1-C2,13,Chun-Li,267,j.C,0,P2-C1,1,Ken the Eagle,0,,,1.0,False,0x00400600,0x00000002,0x00000000,0,0,,,,,,none,0,563,positive delta had no recent attributable attack packet
2026-07-25T21:58:36Z,1113,P1,47097,47337,240,0.024,gain,unknown,P1-C2,13,Chun-Li,256,5A,0,,0,,0,,,1.0,False,0x40400001,0x00000002,0x00000000,0,0,,,,,,none,0,0,positive delta had no recent attributable attack packet
2026-07-25T21:58:36Z,1114,P1,47337,48399,1062,0.1062,gain,attacker,P1-C2,13,Chun-Li,260,2B,0,P2-C1,1,Ken the Eagle,0,,,1.0,False,0x40400010,0x00000002,0x00000000,0,0,,,,,,none,0,1413,positive delta had no recent attributable attack packet
2026-07-25T21:58:37Z,1115,P1,48399,49411,1012,0.1012,gain,attacker,P1-C2,13,Chun-Li,258,5C,0,P2-C1,1,Ken the Eagle,0,,,1.0,False,0x40400001,0x00000002,0x00000000,0,0,,,,,,none,0,846,positive delta had no recent attributable attack packet
2026-07-25T21:58:37Z,1117,P1,49411,50000,589,0.0589,gain,attacker,P1-C2,13,Chun-Li,264,3C,0,P2-C1,1,Ken the Eagle,0,,,1.0,False,0x00000401,0x00000002,0x00000000,0,0,,,,,,none,0,1791,positive delta had no recent attributable attack packet
2026-07-25T21:58:58Z,1220,P2,50000,0,-50000,-5.0,spend_or_drain,spend_or_drain,P2-C1,17,Viewtiful Joe,1,idle,0,,0,,0,,,1.0,False,0x00000001,0x00000000,0x00000000,0,0,,,,,,none,4000,0,negative delta is a meter spend or scripted drain
2026-07-25T21:59:00Z,1224,P2,0,30910,30910,3.091,gain,unknown,P2-C1,17,Viewtiful Joe,1,idle,0,,0,,0,,,1.0,False,0x00000001,0x00000000,0x00000000,0,0,,,,,,none,0,0,positive delta had no recent attributable attack packet
2026-07-25T21:59:00Z,1225,P2,30910,0,-30910,-3.091,spend_or_drain,spend_or_drain,P2-C1,17,Viewtiful Joe,1,idle,0,,0,,0,,,1.0,False,0x00000001,0x00000000,0x00000000,0,0,,,,,,none,0,0,negative delta is a meter spend or scripted drain
2026-07-25T21:59:02Z,1231,P2,0,276,276,0.0276,gain,victim,P1-C1,27,Joe the Condor,418,Tag In,0,P2-C1,17,Viewtiful Joe,0,,,1.0,False,0x00000009,0x00000020,0x00000000,0,0,,,,,,none,0,800,positive delta had no recent attributable attack packet
2026-07-25T21:59:05Z,1242,P2,276,1081,805,0.0805,gain,victim,P1-C1,27,Joe the Condor,257,5B,0,P2-C1,17,Viewtiful Joe,0,,,1.0,False,0x40400001,0x00000000,0x00000000,0,0,,,,,,none,0,920,positive delta had no recent attributable attack packet
2026-07-25T21:59:06Z,1243,P2,1081,1299,218,0.0218,gain,victim,P1-C1,27,Joe the Condor,260,2B,0,P2-C1,17,Viewtiful Joe,0,,,1.0,False,0x00400001,0x00000000,0x00000000,0,0,,,,,,none,0,1406,positive delta had no recent attributable attack packet
2026-07-25T21:59:06Z,1244,P2,1299,2036,737,0.0737,gain,victim,P1-C1,27,Joe the Condor,258,5C,0,P2-C1,17,Viewtiful Joe,0,,,1.0,False,0x00400001,0x00000000,0x00000000,0,0,,,,,,none,0,630,positive delta had no recent attributable attack packet
2026-07-25T21:59:06Z,1245,P2,2036,2818,782,0.0782,gain,victim,P1-C1,27,Joe the Condor,264,3C,0,P2-C1,17,Viewtiful Joe,0,,,1.0,False,0x20400010,0x00000000,0x00000000,0,0,,,,,,none,0,2125,positive delta had no recent attributable attack packet
2026-07-25T21:59:07Z,1246,P2,2818,3048,230,0.023,gain,victim,P1-C1,27,Joe the Condor,265,j.A,0,P2-C1,17,Viewtiful Joe,0,,,1.0,False,0x04400600,0x00000000,0x00000000,0,0,,,,,,none,0,2255,positive delta had no recent attributable attack packet
2026-07-25T21:59:07Z,1247,P2,3048,3681,633,0.0633,gain,victim,P1-C1,27,Joe the Condor,288,j.A (second hit),0,P2-C1,17,Viewtiful Joe,0,,,1.0,False,0x04400600,0x00000000,0x00000000,0,0,,,,,,none,0,1326,positive delta had no recent attributable attack packet
2026-07-25T21:59:08Z,1248,P2,3681,4071,390,0.039,gain,victim,P1-C1,27,Joe the Condor,289,j.B (second hit),0,P2-C1,17,Viewtiful Joe,0,,,1.0,False,0x04400600,0x00000000,0x00000000,0,0,,,,,,none,0,2302,positive delta had no recent attributable attack packet
2026-07-25T21:59:10Z,1254,P2,4071,4389,318,0.0318,gain,unknown,P2-C1,17,Viewtiful Joe,1,idle,0,,0,,0,,,1.0,False,0x00001001,0x00000000,0x00000000,0,0,,,,,,none,0,0,positive delta had no recent attributable attack packet
2026-07-25T21:59:10Z,1255,P2,4389,4876,487,0.0487,gain,unknown,P2-C1,17,Viewtiful Joe,64,Standing Hitstun,0,,0,,0,,,1.0,False,0x00001001,0x00000000,0x00000000,0,0,,,,,,none,0,0,positive delta had no recent attributable attack packet
2026-07-25T21:59:10Z,1256,P2,4876,5094,218,0.0218,gain,victim,P1-C1,27,Joe the Condor,260,2B,0,P2-C1,17,Viewtiful Joe,0,,,1.0,False,0x40400010,0x00000000,0x00000000,0,0,,,,,,none,0,630,positive delta had no recent attributable attack packet
2026-07-25T21:59:11Z,1257,P2,5094,5831,737,0.0737,gain,unknown,P2-C1,17,Viewtiful Joe,64,Standing Hitstun,0,,0,,0,,,1.0,False,0x00001001,0x00000000,0x00000000,0,0,,,,,,none,0,0,positive delta had no recent attributable attack packet
2026-07-25T21:59:11Z,1258,P2,5831,6613,782,0.0782,gain,victim,P1-C1,27,Joe the Condor,264,3C,0,P2-C1,17,Viewtiful Joe,0,,,1.0,False,0x20400010,0x00000000,0x00000000,0,0,,,,,,none,0,2125,positive delta had no recent attributable attack packet
2026-07-25T21:59:11Z,1259,P2,6613,6831,218,0.0218,gain,victim,P1-C1,27,Joe the Condor,265,j.A,0,P2-C1,17,Viewtiful Joe,0,,,1.0,False,0x04400600,0x00000000,0x00000000,0,0,,,,,,none,0,2884,positive delta had no recent attributable attack packet
2026-07-25T21:59:12Z,1260,P2,6831,7447,616,0.0616,gain,victim,P1-C1,27,Joe the Condor,266,j.B,0,P2-C1,17,Viewtiful Joe,0,,,1.0,False,0x04400600,0x00000000,0x00000000,0,0,,,,,,none,0,639,positive delta had no recent attributable attack packet
2026-07-25T21:59:12Z,1261,P2,7447,7827,380,0.038,gain,victim,P1-C1,27,Joe the Condor,289,j.B (second hit),0,P2-C1,17,Viewtiful Joe,0,,,1.0,False,0x04400600,0x00000000,0x00000000,0,0,,,,,,none,0,2246,positive delta had no recent attributable attack packet
2026-07-25T21:59:13Z,1262,P2,7827,8549,722,0.0722,gain,victim,P1-C1,27,Joe the Condor,161,Hard Knockdown,0,P2-C1,17,Viewtiful Joe,0,,,1.0,False,0x00400200,0x00000000,0x00000000,0,0,,,,,,none,0,2087,positive delta had no recent attributable attack packet
2026-07-25T21:59:15Z,1271,P2,8549,8867,318,0.0318,gain,unknown,P2-C1,17,Viewtiful Joe,1,idle,0,,0,,0,,,1.0,False,0x00000001,0x00000000,0x00000000,0,0,,,,,,none,0,0,positive delta had no recent attributable attack packet
2026-07-25T21:59:15Z,1272,P2,8867,9354,487,0.0487,gain,victim,P1-C1,27,Joe the Condor,316,Wild Lasso A,0,P2-C1,17,Viewtiful Joe,1300,0x00304009,0x00180086,1.0,False,0x40400010,0x00000000,0x00000000,0,0,115,0,0,487,False,high,0,920,attack packet retained from 4 frame(s) earlier; property A bit 0 suppresses hit meter
2026-07-25T21:59:16Z,1273,P2,9354,9572,218,0.0218,gain,victim,P1-C1,27,Joe the Condor,316,Wild Lasso A,0,P2-C1,17,Viewtiful Joe,1300,0x00304009,0x00180086,1.0,False,0x00400001,0x00000000,0x00000000,0,0,115,0,0,218,False,high,0,2036,attack packet retained from 5 frame(s) earlier; property A bit 0 suppresses hit meter
2026-07-25T21:59:16Z,1274,P2,9572,10309,737,0.0737,gain,victim,P1-C1,27,Joe the Condor,316,Wild Lasso A,0,P2-C1,17,Viewtiful Joe,1300,0x00304009,0x00180086,1.0,False,0x20400010,0x00000000,0x00000000,0,0,115,0,0,737,False,high,0,2125,attack packet retained from 6 frame(s) earlier; property A bit 0 suppresses hit meter
2026-07-25T21:59:16Z,1275,P2,10309,11091,782,0.0782,gain,victim,P1-C1,27,Joe the Condor,316,Wild Lasso A,0,P2-C1,17,Viewtiful Joe,1300,0x00304009,0x00180086,1.0,False,0x20400010,0x00000000,0x00000000,0,0,115,0,0,782,False,high,0,2255,attack packet retained from 7 frame(s) earlier; property A bit 0 suppresses hit meter
2026-07-25T21:59:17Z,1276,P2,11091,11527,436,0.0436,gain,victim,P1-C1,27,Joe the Condor,316,Wild Lasso A,0,P2-C1,17,Viewtiful Joe,1300,0x00304009,0x00180086,1.0,False,0x04400600,0x00000000,0x00000000,0,0,115,0,0,436,False,high,0,629,attack packet retained from 8 frame(s) earlier; property A bit 0 suppresses hit meter
2026-07-25T21:59:17Z,1277,P2,11527,11922,395,0.0395,gain,victim,P1-C1,27,Joe the Condor,266,j.B,0,P2-C1,17,Viewtiful Joe,0,,,1.0,False,0x04400600,0x00000000,0x00000000,0,0,,,,,,none,0,1776,positive delta had no recent attributable attack packet
2026-07-25T21:59:18Z,1278,P2,11922,12301,379,0.0379,gain,victim,P1-C1,27,Joe the Condor,267,j.C,0,P2-C1,17,Viewtiful Joe,0,,,1.0,False,0x04400600,0x00000000,0x00000000,0,0,,,,,,none,0,1096,positive delta had no recent attributable attack packet
2026-07-25T21:59:18Z,1279,P2,12301,13022,721,0.0721,gain,victim,P1-C1,27,Joe the Condor,161,Hard Knockdown,0,P2-C1,17,Viewtiful Joe,0,,,1.0,False,0x00400200,0x00000000,0x00000000,0,0,,,,,,none,0,2080,positive delta had no recent attributable attack packet
2026-07-25T21:59:19Z,1281,P2,13022,13246,224,0.0224,gain,unknown,P2-C1,17,Viewtiful Joe,95,Forced Roll,0,,0,,0,,,1.0,False,0x00801200,0x00000000,0x00000000,0,0,,,,,,none,0,0,positive delta had no recent attributable attack packet
2026-07-25T21:59:19Z,1282,P2,13246,13292,46,0.0046,gain,victim,P1-C1,27,Joe the Condor,316,Wild Lasso A,0,P2-C1,17,Viewtiful Joe,100,0x00000009,0x00000040,1.0,False,0x01600001,0x00000000,0x00000000,0,0,8,0,0,46,False,high,0,649,attack packet retained from 1 frame(s) earlier; property A bit 0 suppresses hit meter
2026-07-25T21:59:20Z,1283,P2,13292,13669,377,0.0377,gain,victim,P1-C1,27,Joe the Condor,514,Wild Lasso,0,P2-C1,17,Viewtiful Joe,100,0x00000009,0x00000040,1.0,False,0x01600001,0x00000000,0x00000000,0,0,8,0,0,377,False,high,0,888,property A bit 0 suppresses hit meter
2026-07-25T21:59:23Z,1291,P2,13669,13987,318,0.0318,gain,unknown,P2-C1,17,Viewtiful Joe,1,idle,0,,0,,0,,,1.0,False,0x00001001,0x00000000,0x00000000,0,0,,,,,,none,0,0,positive delta had no recent attributable attack packet
2026-07-25T21:59:23Z,1292,P2,13987,14474,487,0.0487,gain,victim,P1-C1,27,Joe the Condor,514,Wild Lasso,0,P2-C1,17,Viewtiful Joe,100,0x00000009,0x00000040,1.0,False,0x40400010,0x00000000,0x00000000,0,0,8,0,0,487,False,high,0,1326,attack packet retained from 8 frame(s) earlier; property A bit 0 suppresses hit meter
2026-07-25T21:59:23Z,1293,P2,14474,14692,218,0.0218,gain,victim,P1-C1,27,Joe the Condor,258,5C,0,P2-C1,17,Viewtiful Joe,0,,,1.0,False,0x00400001,0x00000000,0x00000000,0,0,,,,,,none,0,630,positive delta had no recent attributable attack packet
2026-07-25T21:59:24Z,1294,P2,14692,15429,737,0.0737,gain,victim,P1-C1,27,Joe the Condor,258,5C,0,P2-C1,17,Viewtiful Joe,0,,,1.0,False,0x20400010,0x00000000,0x00000000,0,0,,,,,,none,0,2125,positive delta had no recent attributable attack packet
2026-07-25T21:59:24Z,1295,P2,15429,16211,782,0.0782,gain,victim,P1-C1,27,Joe the Condor,264,3C,0,P2-C1,17,Viewtiful Joe,0,,,1.0,False,0x04000600,0x00000000,0x00000000,0,0,,,,,,none,0,2255,positive delta had no recent attributable attack packet
2026-07-25T21:59:25Z,1296,P2,16211,16632,421,0.0421,gain,victim,P1-C1,27,Joe the Condor,266,j.B,0,P2-C1,17,Viewtiful Joe,0,,,1.0,False,0x04400600,0x00000000,0x00000000,0,0,,,,,,none,0,1217,positive delta had no recent attributable attack packet
2026-07-25T21:59:26Z,1300,P2,16632,16950,318,0.0318,gain,unknown,P2-C1,17,Viewtiful Joe,1,idle,0,,0,,0,,,1.0,False,0x00001001,0x00000000,0x00000000,0,0,,,,,,none,0,0,positive delta had no recent attributable attack packet
2026-07-25T21:59:27Z,1301,P2,16950,17437,487,0.0487,gain,victim,P1-C1,27,Joe the Condor,20,jump,0,P2-C1,17,Viewtiful Joe,1500,0x0000010C,0x00000082,1.0,False,0x40400001,0x00000000,0x00000000,0,0,133,99,128,359,False,high,0,826,attack packet retained from 2 frame(s) earlier
2026-07-25T21:59:28Z,1304,P2,17437,17957,520,0.052,gain,unknown,P2-C1,17,Viewtiful Joe,1,idle,0,,0,,0,,,1.0,False,0x00000001,0x00000000,0x00000000,0,0,,,,,,none,0,0,positive delta had no recent attributable attack packet
2026-07-25T21:59:28Z,1306,P2,17957,18762,805,0.0805,gain,victim,P1-C1,27,Joe the Condor,257,5B,0,P2-C1,17,Viewtiful Joe,100,0x00000009,0x00000040,1.0,False,0x40400001,0x00000000,0x00000000,0,0,8,0,0,805,False,high,0,920,property A bit 0 suppresses hit meter
2026-07-25T21:59:29Z,1307,P2,18762,18980,218,0.0218,gain,victim,P1-C1,27,Joe the Condor,257,5B,0,P2-C1,17,Viewtiful Joe,100,0x00000009,0x00000040,1.0,False,0x40400010,0x00000000,0x00000000,0,0,8,0,0,218,False,high,0,1406,attack packet retained from 1 frame(s) earlier; property A bit 0 suppresses hit meter
2026-07-25T21:59:29Z,1308,P2,18980,19877,897,0.0897,gain,victim,P1-C1,27,Joe the Condor,257,5B,0,P2-C1,17,Viewtiful Joe,100,0x00000009,0x00000040,1.0,False,0x00400001,0x00000000,0x00000000,0,0,8,0,0,897,False,high,0,1225,attack packet retained from 2 frame(s) earlier; property A bit 0 suppresses hit meter
2026-07-25T21:59:30Z,1309,P2,19877,20610,733,0.0733,gain,victim,P1-C1,27,Joe the Condor,257,5B,0,P2-C1,17,Viewtiful Joe,100,0x00000009,0x00000040,1.0,False,0x20400010,0x00000000,0x00000000,0,0,8,0,0,733,False,high,0,1999,attack packet retained from 3 frame(s) earlier; property A bit 0 suppresses hit meter
2026-07-25T21:59:30Z,1310,P2,20610,20993,383,0.0383,gain,victim,P1-C1,27,Joe the Condor,257,5B,0,P2-C1,17,Viewtiful Joe,100,0x00000009,0x00000040,1.0,False,0x04400600,0x00000000,0x00000000,0,0,8,0,0,383,False,high,0,2114,attack packet retained from 4 frame(s) earlier; property A bit 0 suppresses hit meter
2026-07-25T21:59:31Z,1311,P2,20993,21379,386,0.0386,gain,victim,P1-C1,27,Joe the Condor,257,5B,0,P2-C1,17,Viewtiful Joe,100,0x00000009,0x00000040,1.0,False,0x41C00200,0x00000000,0x00000000,0,0,8,0,0,386,False,high,0,2227,attack packet retained from 5 frame(s) earlier; property A bit 0 suppresses hit meter
2026-07-25T21:59:31Z,1312,P2,21379,21789,410,0.041,gain,victim,P1-C1,27,Joe the Condor,323,Air Shuriken A,0,P2-C1,17,Viewtiful Joe,100,0x00000009,0x00000040,1.0,False,0x41C00200,0x00000000,0x00000000,0,0,8,0,0,410,False,high,0,1185,property A bit 0 suppresses hit meter
2026-07-25T21:59:32Z,1313,P2,21789,22244,455,0.0455,gain,victim,P1-C1,27,Joe the Condor,321,Air Savage Shot B,0,P2-C1,17,Viewtiful Joe,100,0x00000009,0x00000040,1.0,False,0x41C00200,0x00000000,0x00000000,0,0,8,0,0,455,False,high,0,692,property A bit 0 suppresses hit meter
2026-07-25T21:59:32Z,1314,P2,22244,22623,379,0.0379,gain,victim,P1-C1,27,Joe the Condor,321,Air Savage Shot B,0,P2-C1,17,Viewtiful Joe,100,0x00000009,0x00000040,1.0,False,0x00400E00,0x00000000,0x00000000,0,0,8,0,0,379,False,high,0,1734,property A bit 0 suppresses hit meter
2026-07-25T21:59:33Z,1315,P2,22623,23070,447,0.0447,gain,victim,P1-C1,27,Joe the Condor,323,Air Shuriken A,0,P2-C1,17,Viewtiful Joe,100,0x00000009,0x00000040,1.0,False,0x41C00200,0x00000000,0x00000000,0,0,8,0,0,447,False,high,0,603,property A bit 0 suppresses hit meter
2026-07-25T21:59:33Z,1317,P2,23070,23375,305,0.0305,gain,victim,P1-C1,27,Joe the Condor,353,Air Condor Magnum,0,P2-C1,17,Viewtiful Joe,100,0x00000009,0x00000040,1.0,False,0x42C00200,0x00000000,0x00000000,0,0,8,0,0,305,False,high,0,889,property A bit 0 suppresses hit meter
2026-07-25T21:59:40Z,1347,P2,23375,23693,318,0.0318,gain,unknown,P2-C1,17,Viewtiful Joe,66,Hit Low,0,,0,,0,,,1.0,False,0x00001001,0x00000000,0x00000000,0,0,,,,,,none,0,0,positive delta had no recent attributable attack packet
2026-07-25T21:59:41Z,1348,P2,23693,24180,487,0.0487,gain,victim,P1-C1,27,Joe the Condor,260,2B,0,P2-C1,17,Viewtiful Joe,0,,,1.0,False,0x40400010,0x00000000,0x00000000,0,0,,,,,,none,0,1406,positive delta had no recent attributable attack packet
2026-07-25T21:59:41Z,1349,P2,24180,24398,218,0.0218,gain,victim,P1-C1,27,Joe the Condor,258,5C,0,P2-C1,17,Viewtiful Joe,0,,,1.0,False,0x00400001,0x00000000,0x00000000,0,0,,,,,,none,0,630,positive delta had no recent attributable attack packet
2026-07-25T21:59:42Z,1350,P2,24398,25135,737,0.0737,gain,victim,P1-C1,27,Joe the Condor,258,5C,0,P2-C1,17,Viewtiful Joe,0,,,1.0,False,0x41400001,0x00000000,0x00000000,0,0,,,,,,none,0,2125,positive delta had no recent attributable attack packet
2026-07-25T21:59:45Z,1361,P2,25135,25453,318,0.0318,gain,unknown,P2-C1,17,Viewtiful Joe,1,idle,0,,0,,0,,,1.0,False,0x00001001,0x00000000,0x00000000,0,0,,,,,,none,0,0,positive delta had no recent attributable attack packet
2026-07-25T21:59:46Z,1364,P2,25453,25771,318,0.0318,gain,unknown,P2-C1,17,Viewtiful Joe,1,idle,0,,0,,0,,,1.0,False,0x00001001,0x00000000,0x00000000,0,0,,,,,,none,0,0,positive delta had no recent attributable attack packet
2026-07-25T21:59:46Z,1365,P2,25771,26258,487,0.0487,gain,victim,P1-C1,27,Joe the Condor,257,5B,0,P2-C1,17,Viewtiful Joe,0,,,1.0,False,0x40400010,0x00000000,0x00000000,0,0,,,,,,none,0,920,positive delta had no recent attributable attack packet
2026-07-25T21:59:47Z,1366,P2,26258,26476,218,0.0218,gain,victim,P1-C1,27,Joe the Condor,260,2B,0,P2-C1,17,Viewtiful Joe,0,,,1.0,False,0x00400001,0x00000000,0x00000000,0,0,,,,,,none,0,2036,positive delta had no recent attributable attack packet
2026-07-25T21:59:47Z,1367,P2,26476,27213,737,0.0737,gain,victim,P1-C1,27,Joe the Condor,258,5C,0,P2-C1,17,Viewtiful Joe,0,,,1.0,False,0x00400001,0x00000000,0x00000000,0,0,,,,,,none,0,2125,positive delta had no recent attributable attack packet
2026-07-25T21:59:56Z,1413,P2,27213,27531,318,0.0318,gain,victim,P1-C1,27,Joe the Condor,257,5B,0,P2-C1,17,Viewtiful Joe,0,,,1.0,False,0x40400001,0x00000000,0x00000000,0,0,,,,,,none,0,920,positive delta had no recent attributable attack packet
2026-07-25T21:59:56Z,1414,P2,27531,28236,705,0.0705,gain,victim,P1-C1,27,Joe the Condor,260,2B,0,P2-C1,17,Viewtiful Joe,0,,,1.0,False,0x40400010,0x00000000,0x00000000,0,0,,,,,,none,0,1406,positive delta had no recent attributable attack packet
2026-07-25T21:59:57Z,1415,P2,28236,28973,737,0.0737,gain,victim,P1-C1,27,Joe the Condor,258,5C,0,P2-C1,17,Viewtiful Joe,0,,,1.0,False,0x00400001,0x00000000,0x00000000,0,0,,,,,,none,0,630,positive delta had no recent attributable attack packet
2026-07-25T21:59:57Z,1416,P2,28973,29755,782,0.0782,gain,victim,P1-C1,27,Joe the Condor,264,3C,0,P2-C1,17,Viewtiful Joe,0,,,1.0,False,0x20400010,0x00000000,0x00000000,0,0,,,,,,none,0,2125,positive delta had no recent attributable attack packet
2026-07-25T21:59:58Z,1418,P2,29755,30219,464,0.0464,gain,unknown,P2-C1,17,Viewtiful Joe,97,Launched,0,,0,,0,,,1.0,False,0x00005200,0x00000000,0x00000000,0,0,,,,,,none,0,0,positive delta had no recent attributable attack packet
2026-07-25T21:59:58Z,1419,P2,30219,30716,497,0.0497,gain,victim,P1-C1,27,Joe the Condor,323,Air Shuriken A,0,P2-C1,17,Viewtiful Joe,0,,,1.0,False,0x41C00200,0x00000000,0x00000000,0,0,,,,,,none,0,1342,positive delta had no recent attributable attack packet
2026-07-25T21:59:59Z,1420,P2,30716,31130,414,0.0414,gain,victim,P1-C1,27,Joe the Condor,35,Air Dash Forward,0,P2-C1,17,Viewtiful Joe,100,0x00000009,0x00000040,1.0,False,0x00400702,0x00000000,0x00000000,0,0,8,0,0,414,False,high,0,1438,property A bit 0 suppresses hit meter
2026-07-25T21:59:59Z,1422,P2,31130,31527,397,0.0397,gain,victim,P1-C1,27,Joe the Condor,22,jump back,0,P2-C1,17,Viewtiful Joe,100,0x00000009,0x00000040,1.0,False,0x41C00200,0x00000000,0x00000000,0,0,8,0,0,397,False,high,0,1149,attack packet retained from 1 frame(s) earlier; property A bit 0 suppresses hit meter
2026-07-25T22:00:02Z,1428,P2,31527,32332,805,0.0805,gain,victim,P1-C1,27,Joe the Condor,20,jump,0,P2-C1,17,Viewtiful Joe,1000,0x0000000C,0x00000102,1.0,False,0x40400010,0x00000000,0x00000000,0,0,89,66,85,720,False,high,0,920,attack packet retained from 2 frame(s) earlier
2026-07-25T22:00:02Z,1429,P2,32332,32550,218,0.0218,gain,victim,P1-C1,27,Joe the Condor,20,jump,0,P2-C1,17,Viewtiful Joe,1000,0x0000000C,0x00000102,1.0,False,0x40400010,0x00000000,0x00000000,0,0,89,66,85,133,False,high,0,1406,attack packet retained from 3 frame(s) earlier
2026-07-25T22:00:03Z,1430,P2,32550,33287,737,0.0737,gain,victim,P1-C1,27,Joe the Condor,20,jump,0,P2-C1,17,Viewtiful Joe,1000,0x0000000C,0x00000102,1.0,False,0x20400010,0x00000000,0x00000000,0,0,89,66,85,652,False,high,0,2755,attack packet retained from 4 frame(s) earlier
2026-07-25T22:00:03Z,1431,P2,33287,34069,782,0.0782,gain,unknown,P2-C1,17,Viewtiful Joe,64,Standing Hitstun,0,,0,,0,,,1.0,False,0x00001000,0x00000000,0x00000000,0,0,,,,,,none,0,0,positive delta had no recent attributable attack packet
2026-07-25T22:00:04Z,1433,P2,34069,34530,461,0.0461,gain,unknown,P2-C1,17,Viewtiful Joe,97,Launched,0,,0,,0,,,1.0,False,0x00005200,0x00000000,0x00000000,0,0,,,,,,none,0,0,positive delta had no recent attributable attack packet
2026-07-25T22:00:04Z,1434,P2,34530,35025,495,0.0495,gain,victim,P1-C1,27,Joe the Condor,323,Air Shuriken A,0,P2-C1,17,Viewtiful Joe,1500,0x0000010C,0x00000082,1.0,False,0x41C00200,0x00000000,0x00000000,0,0,133,99,128,367,False,high,0,1334,
2026-07-25T22:00:04Z,1435,P2,35025,35438,413,0.0413,gain,victim,P1-C1,27,Joe the Condor,20,jump,0,P2-C1,17,Viewtiful Joe,100,0x00000009,0x00000040,1.0,False,0x00400702,0x00000000,0x00000000,0,0,8,0,0,413,False,high,0,1430,property A bit 0 suppresses hit meter
2026-07-25T22:00:05Z,1436,P2,35438,35835,397,0.0397,gain,victim,P1-C1,27,Joe the Condor,20,jump,0,P2-C1,17,Viewtiful Joe,100,0x00000009,0x00000040,1.0,False,0x00400600,0x00000000,0x00000000,0,0,8,0,0,397,False,high,0,1192,property A bit 0 suppresses hit meter
2026-07-25T22:00:05Z,1437,P2,35835,36252,417,0.0417,gain,victim,P1-C1,27,Joe the Condor,323,Air Shuriken A,0,P2-C1,17,Viewtiful Joe,100,0x00000009,0x00000040,1.0,False,0x41C00200,0x00000000,0x00000000,0,0,8,0,0,417,False,high,0,1146,property A bit 0 suppresses hit meter
2026-07-25T22:00:06Z,1438,P2,36252,36493,241,0.0241,gain,victim,P1-C1,27,Joe the Condor,321,Air Savage Shot B,0,P2-C1,17,Viewtiful Joe,1000,0x0000000C,0x00000102,1.0,False,0x41C00200,0x00000000,0x00000000,0,0,89,66,85,156,False,high,0,1204,
2026-07-25T22:00:06Z,1439,P2,36493,36909,416,0.0416,gain,victim,P1-C1,27,Joe the Condor,321,Air Savage Shot B,0,P2-C1,17,Viewtiful Joe,1000,0x0000000C,0x00000102,1.0,False,0x41C00200,0x00000000,0x00000000,0,0,89,66,85,331,False,high,0,1906,
2026-07-25T22:00:08Z,1445,P2,36909,37227,318,0.0318,gain,unknown,P2-C1,17,Viewtiful Joe,1,idle,0,,0,,0,,,1.0,False,0x00001001,0x00000000,0x00000000,0,0,,,,,,none,0,0,positive delta had no recent attributable attack packet
2026-07-25T22:00:09Z,1446,P2,37227,37714,487,0.0487,gain,unknown,P2-C1,17,Viewtiful Joe,66,Hit Low,0,,0,,0,,,1.0,False,0x00001001,0x00000000,0x00000000,0,0,,,,,,none,0,0,positive delta had no recent attributable attack packet
2026-07-25T22:00:09Z,1447,P2,37714,38137,423,0.0423,gain,victim,P1-C1,27,Joe the Condor,30,landing,0,P2-C1,17,Viewtiful Joe,1500,0x0000010C,0x00000082,1.0,False,0x40400010,0x00000000,0x00000000,0,0,133,99,128,295,False,high,0,2036,attack packet retained from 4 frame(s) earlier
2026-07-25T22:00:10Z,1449,P2,38137,38829,692,0.0692,gain,victim,P1-C1,27,Joe the Condor,30,landing,0,P2-C1,17,Viewtiful Joe,1500,0x0000010C,0x00000082,1.0,False,0x20400010,0x00000000,0x00000000,0,0,133,99,128,564,False,high,0,1999,attack packet retained from 6 frame(s) earlier
2026-07-25T22:00:10Z,1450,P2,38829,39562,733,0.0733,gain,victim,P1-C1,27,Joe the Condor,30,landing,0,P2-C1,17,Viewtiful Joe,1500,0x0000010C,0x00000082,1.0,False,0x04400600,0x00000000,0x00000000,0,0,133,99,128,605,False,high,0,2114,attack packet retained from 7 frame(s) earlier
2026-07-25T22:00:11Z,1451,P2,39562,40367,805,0.0805,gain,victim,P1-C1,27,Joe the Condor,30,landing,0,P2-C1,17,Viewtiful Joe,1500,0x0000010C,0x00000082,1.0,False,0x04400600,0x00000000,0x00000000,0,0,133,99,128,677,False,high,0,1180,attack packet retained from 8 frame(s) earlier
2026-07-25T22:00:11Z,1453,P2,40367,40788,421,0.0421,gain,victim,P1-C1,27,Joe the Condor,323,Air Shuriken A,0,P2-C1,17,Viewtiful Joe,100,0x00000009,0x00000040,1.0,False,0x41C00200,0x00000000,0x00000000,0,0,8,0,0,421,False,high,0,1219,property A bit 0 suppresses hit meter
2026-07-25T22:00:12Z,1454,P2,40788,41132,344,0.0344,gain,victim,P1-C1,27,Joe the Condor,18,Jump Cancel,0,P2-C1,17,Viewtiful Joe,100,0x00000009,0x00000040,1.0,False,0x00400604,0x00000000,0x00000000,0,0,8,0,0,344,False,high,0,995,property A bit 0 suppresses hit meter
2026-07-25T22:00:12Z,1455,P2,41132,41457,325,0.0325,gain,victim,P1-C1,27,Joe the Condor,18,Jump Cancel,0,P2-C1,17,Viewtiful Joe,100,0x00000009,0x00000040,1.0,False,0x41C00200,0x00000000,0x00000000,0,0,8,0,0,325,False,high,0,941,attack packet retained from 1 frame(s) earlier; property A bit 0 suppresses hit meter
2026-07-25T22:00:13Z,1456,P2,41457,41792,335,0.0335,gain,victim,P1-C1,27,Joe the Condor,323,Air Shuriken A,0,P2-C1,17,Viewtiful Joe,100,0x00000009,0x00000040,1.0,False,0x41C00200,0x00000000,0x00000000,0,0,8,0,0,335,False,high,0,971,property A bit 0 suppresses hit meter
2026-07-25T22:00:13Z,1457,P2,41792,42150,358,0.0358,gain,victim,P1-C1,27,Joe the Condor,321,Air Savage Shot B,0,P2-C1,17,Viewtiful Joe,1000,0x0000000C,0x00000102,1.0,False,0x41C00200,0x00000000,0x00000000,0,0,89,66,85,273,False,high,0,551,
2026-07-25T22:00:16Z,1463,P2,42150,42955,805,0.0805,gain,victim,P1-C1,27,Joe the Condor,20,jump,0,P2-C1,17,Viewtiful Joe,1500,0x0000010C,0x00000082,1.0,False,0x40400001,0x00000000,0x00000000,0,0,133,99,128,677,False,high,0,920,attack packet retained from 2 frame(s) earlier
2026-07-25T22:00:16Z,1464,P2,42955,43173,218,0.0218,gain,victim,P1-C1,27,Joe the Condor,20,jump,0,P2-C1,17,Viewtiful Joe,1500,0x0000010C,0x00000082,1.0,False,0x00400001,0x00000000,0x00000000,0,0,133,99,128,90,False,high,0,2036,attack packet retained from 3 frame(s) earlier
2026-07-25T22:00:17Z,1465,P2,43173,43910,737,0.0737,gain,victim,P1-C1,27,Joe the Condor,20,jump,0,P2-C1,17,Viewtiful Joe,1500,0x0000010C,0x00000082,1.0,False,0x00400001,0x00000000,0x00000000,0,0,133,99,128,609,False,high,0,2125,attack packet retained from 4 frame(s) earlier
2026-07-25T22:00:17Z,1466,P2,43910,44692,782,0.0782,gain,victim,P1-C1,27,Joe the Condor,20,jump,0,P2-C1,17,Viewtiful Joe,1500,0x0000010C,0x00000082,1.0,False,0x20400010,0x00000000,0x00000000,0,0,133,99,128,654,False,high,0,2255,attack packet retained from 5 frame(s) earlier
2026-07-25T22:00:17Z,1467,P2,44692,45108,416,0.0416,gain,victim,P1-C1,27,Joe the Condor,20,jump,0,P2-C1,17,Viewtiful Joe,1500,0x0000010C,0x00000082,1.0,False,0x04400600,0x00000000,0x00000000,0,0,133,99,128,288,False,high,0,1203,attack packet retained from 6 frame(s) earlier
2026-07-25T22:00:18Z,1468,P2,45108,45526,418,0.0418,gain,victim,P1-C1,27,Joe the Condor,20,jump,0,P2-C1,17,Viewtiful Joe,1500,0x0000010C,0x00000082,1.0,False,0x41C00200,0x00000000,0x00000000,0,0,133,99,128,290,False,high,0,1210,attack packet retained from 7 frame(s) earlier
2026-07-25T22:00:18Z,1469,P2,45526,45974,448,0.0448,gain,victim,P1-C1,27,Joe the Condor,323,Air Shuriken A,0,P2-C1,17,Viewtiful Joe,100,0x00000009,0x00000040,1.0,False,0x41C00200,0x00000000,0x00000000,0,0,8,0,0,448,False,high,0,1292,property A bit 0 suppresses hit meter
2026-07-25T22:00:19Z,1470,P2,45974,46343,369,0.0369,gain,victim,P1-C1,27,Joe the Condor,266,j.B,0,P2-C1,17,Viewtiful Joe,100,0x00000009,0x00000040,1.0,False,0x00000604,0x00000000,0x00000000,0,0,8,0,0,369,False,high,0,1067,property A bit 0 suppresses hit meter
2026-07-25T22:00:19Z,1471,P2,46343,46692,349,0.0349,gain,victim,P1-C1,27,Joe the Condor,266,j.B,0,P2-C1,17,Viewtiful Joe,100,0x00000009,0x00000040,1.0,False,0x41C00200,0x00000000,0x00000000,0,0,8,0,0,349,False,high,0,1010,attack packet retained from 1 frame(s) earlier; property A bit 0 suppresses hit meter
2026-07-25T22:00:19Z,1472,P2,46692,47056,364,0.0364,gain,victim,P1-C1,27,Joe the Condor,323,Air Shuriken A,0,P2-C1,17,Viewtiful Joe,100,0x00000009,0x00000040,1.0,False,0x41C00200,0x00000000,0x00000000,0,0,8,0,0,364,False,high,0,1053,property A bit 0 suppresses hit meter
2026-07-25T22:00:20Z,1474,P2,47056,47452,396,0.0396,gain,victim,P1-C1,27,Joe the Condor,321,Air Savage Shot B,0,P2-C1,17,Viewtiful Joe,1000,0x0000000C,0x00000102,1.0,False,0x41C00200,0x00000000,0x00000000,0,0,89,66,85,311,False,high,0,1148,
2026-07-25T22:12:51Z,180,P2,47452,47770,318,0.0318,gain,victim,P1-C1,27,Joe the Condor,256,5A,0,P2-C1,17,Viewtiful Joe,0,,,1.0,False,0x40400001,0x00000000,0x00000000,0,0,,,,,,none,0,920,positive delta had no recent attributable attack packet
2026-07-25T22:12:51Z,182,P2,47770,48257,487,0.0487,gain,victim,P1-C1,27,Joe the Condor,257,5B,0,P2-C1,17,Viewtiful Joe,0,,,1.0,False,0x40400010,0x00000000,0x00000000,0,0,,,,,,none,0,1406,positive delta had no recent attributable attack packet
2026-07-25T22:12:52Z,183,P2,48257,48475,218,0.0218,gain,victim,P1-C1,27,Joe the Condor,260,2B,0,P2-C1,17,Viewtiful Joe,0,,,1.0,False,0x00400001,0x00000000,0x00000000,0,0,,,,,,none,0,630,positive delta had no recent attributable attack packet
2026-07-25T22:12:52Z,184,P2,48475,49212,737,0.0737,gain,unknown,P2-C1,17,Viewtiful Joe,64,Standing Hitstun,0,,0,,0,,,1.0,False,0x00001001,0x00000000,0x00000000,0,0,,,,,,none,0,0,positive delta had no recent attributable attack packet
2026-07-25T22:12:52Z,186,P2,49212,49994,782,0.0782,gain,unknown,P2-C1,17,Viewtiful Joe,64,Standing Hitstun,0,,0,,0,,,1.0,False,0x00001000,0x00000000,0x00000000,0,0,,,,,,none,0,0,positive delta had no recent attributable attack packet
2026-07-25T22:13:00Z,223,P2,49994,50000,6,0.0006,gain,unknown,P2-C1,17,Viewtiful Joe,1,idle,0,,0,,0,,,1.0,False,0x00001001,0x00000000,0x00000000,0,0,,,,,,none,0,0,positive delta had no recent attributable attack packet
2026-07-25T22:13:02Z,228,P2,50000,30000,-20000,-2.0,spend_or_drain,spend_or_drain,P2-C1,17,Viewtiful Joe,448,Megacrash,0,,0,,0,,,1.0,False,0x01400001,0x00000000,0x00000000,0,0,,,,,,none,0,4600,negative delta is a meter spend or scripted drain
2026-07-25T22:13:02Z,230,P2,30000,30832,832,0.0832,gain,unknown,P2-C1,17,Viewtiful Joe,448,Megacrash,0,,0,,0,,,1.0,False,0x00005200,0x00000000,0x00000000,0,0,,,,,,none,0,0,positive delta had no recent attributable attack packet
2026-07-25T22:13:04Z,235,P2,30832,31150,318,0.0318,gain,unknown,P2-C1,17,Viewtiful Joe,1,idle,0,,0,,0,,,1.0,False,0x00001001,0x00000000,0x00000000,0,0,,,,,,none,0,0,positive delta had no recent attributable attack packet
2026-07-25T22:13:04Z,236,P2,31150,31637,487,0.0487,gain,victim,P1-C1,27,Joe the Condor,313,Cactus Bunker A,0,P2-C1,17,Viewtiful Joe,3000,0x0000030C,0x0000011A,1.0,False,0x40400010,0x00000000,0x00000000,0,0,267,200,260,227,False,high,0,2326,attack packet retained from 7 frame(s) earlier
2026-07-25T22:13:05Z,237,P2,31637,31855,218,0.0218,gain,victim,P1-C1,27,Joe the Condor,313,Cactus Bunker A,0,P2-C1,17,Viewtiful Joe,3000,0x0000030C,0x0000011A,1.0,False,0x00400001,0x00000000,0x00000000,0,0,267,200,260,-42,False,high,0,630,attack packet retained from 8 frame(s) earlier
2026-07-25T22:13:05Z,238,P2,31855,32592,737,0.0737,gain,victim,P1-C1,27,Joe the Condor,258,5C,0,P2-C1,17,Viewtiful Joe,0,,,1.0,False,0x00400001,0x00000000,0x00000000,0,0,,,,,,none,0,2125,positive delta had no recent attributable attack packet
2026-07-25T22:13:07Z,245,P2,32592,32910,318,0.0318,gain,unknown,P2-C1,17,Viewtiful Joe,66,Hit Low,0,,0,,0,,,1.0,False,0x00001001,0x00000000,0x00000000,0,0,,,,,,none,0,0,positive delta had no recent attributable attack packet
2026-07-25T22:13:08Z,248,P2,32910,33228,318,0.0318,gain,victim,P1-C1,27,Joe the Condor,257,5B,0,P2-C1,17,Viewtiful Joe,0,,,1.0,False,0x40400001,0x00000000,0x00000000,0,0,,,,,,none,0,920,positive delta had no recent attributable attack packet
2026-07-25T22:13:08Z,249,P2,33228,33715,487,0.0487,gain,victim,P1-C1,27,Joe the Condor,260,2B,0,P2-C1,17,Viewtiful Joe,0,,,1.0,False,0x40400010,0x00000000,0x00000000,0,0,,,,,,none,0,1406,positive delta had no recent attributable attack packet
2026-07-25T22:13:08Z,250,P2,33715,33933,218,0.0218,gain,victim,P1-C1,27,Joe the Condor,258,5C,0,P2-C1,17,Viewtiful Joe,0,,,1.0,False,0x00400001,0x00000000,0x00000000,0,0,,,,,,none,0,630,positive delta had no recent attributable attack packet
2026-07-25T22:13:09Z,251,P2,33933,34670,737,0.0737,gain,victim,P1-C1,27,Joe the Condor,313,Cactus Bunker A,0,P2-C1,17,Viewtiful Joe,0,,,1.0,False,0x41400001,0x00000000,0x00000000,0,0,,,,,,none,0,2125,positive delta had no recent attributable attack packet
2026-07-25T22:13:09Z,252,P2,34670,14670,-20000,-2.0,spend_or_drain,spend_or_drain,P2-C1,17,Viewtiful Joe,448,Megacrash,0,,0,,0,,,1.0,False,0x01400001,0x00000000,0x00000000,0,0,,,,,,none,0,4600,negative delta is a meter spend or scripted drain
2026-07-25T22:13:10Z,254,P2,14670,15502,832,0.0832,gain,unknown,P2-C1,17,Viewtiful Joe,448,Megacrash,0,,0,,0,,,1.0,False,0x00005200,0x00000000,0x00000000,0,0,,,,,,none,0,0,positive delta had no recent attributable attack packet
2026-07-25T22:13:12Z,260,P2,15502,15820,318,0.0318,gain,victim,P1-C1,27,Joe the Condor,313,Cactus Bunker A,0,P2-C1,17,Viewtiful Joe,100,0x00000009,0x00000040,1.0,False,0x40400001,0x00000000,0x00000000,0,0,8,0,0,318,False,high,0,920,attack packet retained from 6 frame(s) earlier; property A bit 0 suppresses hit meter
2026-07-25T22:13:12Z,261,P2,15820,16307,487,0.0487,gain,victim,P1-C1,27,Joe the Condor,313,Cactus Bunker A,0,P2-C1,17,Viewtiful Joe,100,0x00000009,0x00000040,1.0,False,0x40400010,0x00000000,0x00000000,0,0,8,0,0,487,False,high,0,1406,attack packet retained from 7 frame(s) earlier; property A bit 0 suppresses hit meter
2026-07-25T22:13:12Z,262,P2,16307,16525,218,0.0218,gain,victim,P1-C1,27,Joe the Condor,313,Cactus Bunker A,0,P2-C1,17,Viewtiful Joe,100,0x00000009,0x00000040,1.0,False,0x00400001,0x00000000,0x00000000,0,0,8,0,0,218,False,high,0,630,attack packet retained from 8 frame(s) earlier; property A bit 0 suppresses hit meter
2026-07-25T22:13:13Z,263,P2,16525,17262,737,0.0737,gain,victim,P1-C1,27,Joe the Condor,313,Cactus Bunker A,0,P2-C1,17,Viewtiful Joe,0,,,1.0,False,0x41400001,0x00000000,0x00000000,0,0,,,,,,none,0,2125,positive delta had no recent attributable attack packet
2026-07-25T22:13:14Z,267,P2,17262,17580,318,0.0318,gain,unknown,P2-C1,17,Viewtiful Joe,1,idle,0,,0,,0,,,1.0,False,0x00001001,0x00000000,0x00000000,0,0,,,,,,none,0,0,positive delta had no recent attributable attack packet
2026-07-25T22:13:14Z,268,P2,17580,18067,487,0.0487,gain,victim,P1-C1,27,Joe the Condor,257,5B,0,P2-C1,17,Viewtiful Joe,0,,,1.0,False,0x40400010,0x00000000,0x00000000,0,0,,,,,,none,0,2326,positive delta had no recent attributable attack packet
2026-07-25T22:13:14Z,269,P2,18067,18285,218,0.0218,gain,victim,P1-C1,27,Joe the Condor,258,5C,0,P2-C1,17,Viewtiful Joe,0,,,1.0,False,0x00400001,0x00000000,0x00000000,0,0,,,,,,none,0,630,positive delta had no recent attributable attack packet
2026-07-25T22:13:15Z,270,P2,18285,19022,737,0.0737,gain,victim,P1-C1,27,Joe the Condor,258,5C,0,P2-C1,17,Viewtiful Joe,0,,,1.0,False,0x41400001,0x00000000,0x00000000,0,0,,,,,,none,0,2125,positive delta had no recent attributable attack packet
2026-07-25T22:13:15Z,271,P2,19022,0,-19022,-1.9022,spend_or_drain,spend_or_drain,P2-C1,17,Viewtiful Joe,448,Megacrash,0,,0,,0,,,1.0,False,0x01400001,0x00000000,0x00000000,0,0,,,,,,none,0,4600,negative delta is a meter spend or scripted drain
2026-07-25T22:13:16Z,273,P2,0,832,832,0.0832,gain,victim,P1-C1,27,Joe the Condor,313,Cactus Bunker A,0,P2-C1,17,Viewtiful Joe,3000,0x0000030C,0x0000011A,1.0,False,0x01400001,0x00000000,0x00000000,0,0,267,200,260,572,False,high,0,1919,attack packet retained from 1 frame(s) earlier
2026-07-25T22:13:19Z,283,P2,832,1150,318,0.0318,gain,unknown,P2-C1,17,Viewtiful Joe,66,Hit Low,0,,0,,0,,,1.0,False,0x00001001,0x00000000,0x00000000,0,0,,,,,,none,0,0,positive delta had no recent attributable attack packet
2026-07-25T22:13:19Z,284,P2,1150,1637,487,0.0487,gain,victim,P1-C1,27,Joe the Condor,316,Wild Lasso A,0,P2-C1,17,Viewtiful Joe,1300,0x00304009,0x00180086,1.0,False,0x40400010,0x00000000,0x00000000,0,0,115,0,0,487,False,high,0,1124,attack packet retained from 8 frame(s) earlier; property A bit 0 suppresses hit meter
2026-07-25T22:13:19Z,285,P2,1637,1855,218,0.0218,gain,victim,P1-C1,27,Joe the Condor,258,5C,0,P2-C1,17,Viewtiful Joe,0,,,1.0,False,0x00400001,0x00000000,0x00000000,0,0,,,,,,none,0,504,positive delta had no recent attributable attack packet
2026-07-25T22:13:20Z,286,P2,1855,0,-1855,-0.1855,spend_or_drain,spend_or_drain,P2-C1,17,Viewtiful Joe,448,Megacrash,0,,0,,0,,,1.0,False,0x01400001,0x00000000,0x00000000,0,0,,,,,,none,0,1700,negative delta is a meter spend or scripted drain
2026-07-25T22:13:21Z,289,P2,0,832,832,0.0832,gain,victim,P1-C1,27,Joe the Condor,313,Cactus Bunker A,0,P2-C1,17,Viewtiful Joe,3000,0x0000030C,0x0000011A,1.0,False,0x01400001,0x00000000,0x00000000,0,0,267,200,260,572,False,high,0,1493,attack packet retained from 1 frame(s) earlier
2026-07-25T22:13:22Z,292,P2,832,1170,338,0.0338,gain,unknown,P2-C1,17,Viewtiful Joe,4611,Captured,0,,0,,0,,,1.0,False,0x00801200,0x00000000,0x00000000,0,0,,,,,,none,0,0,positive delta had no recent attributable attack packet
2026-07-25T22:13:22Z,293,P2,1170,1244,74,0.0074,gain,unknown,P2-C1,17,Viewtiful Joe,4611,Captured,0,,0,,0,,,1.0,False,0x00003000,0x00000000,0x00000000,0,0,,,,,,none,0,0,positive delta had no recent attributable attack packet
2026-07-25T22:13:23Z,294,P2,1244,1674,430,0.043,gain,unknown,P2-C1,17,Viewtiful Joe,106,OTG Hit (Face Down),0,,0,,0,,,1.0,False,0x00003000,0x00000000,0x00000000,0,0,,,,,,none,0,0,positive delta had no recent attributable attack packet
2026-07-25T22:13:23Z,295,P2,1674,1863,189,0.0189,gain,unknown,P2-C1,17,Viewtiful Joe,104,knocked down (face down),0,,0,,0,,,1.0,False,0x0000A000,0x00000000,0x00000000,0,0,,,,,,none,0,0,positive delta had no recent attributable attack packet
2026-07-25T22:14:49Z,84,P2,1863,2181,318,0.0318,gain,victim,P1-C1,27,Joe the Condor,256,5A,0,P2-C1,17,Viewtiful Joe,0,,,1.0,False,0x40400001,0x00000000,0x00000000,0,0,,,,,,none,0,920,positive delta had no recent attributable attack packet
2026-07-25T22:14:49Z,86,P2,2181,2668,487,0.0487,gain,victim,P1-C1,27,Joe the Condor,257,5B,0,P2-C1,17,Viewtiful Joe,0,,,1.0,False,0x40400010,0x00000000,0x00000000,0,0,,,,,,none,0,1406,positive delta had no recent attributable attack packet
2026-07-25T22:14:49Z,87,P2,2668,2886,218,0.0218,gain,victim,P1-C1,27,Joe the Condor,258,5C,0,P2-C1,17,Viewtiful Joe,0,,,1.0,False,0x00400001,0x00000000,0x00000000,0,0,,,,,,none,0,630,positive delta had no recent attributable attack packet
2026-07-25T22:14:50Z,88,P2,2886,3623,737,0.0737,gain,unknown,P2-C1,17,Viewtiful Joe,64,Standing Hitstun,0,,0,,0,,,1.0,False,0x00001001,0x00000000,0x00000000,0,0,,,,,,none,0,0,positive delta had no recent attributable attack packet
2026-07-25T22:14:50Z,90,P2,3623,4405,782,0.0782,gain,victim,P1-C1,27,Joe the Condor,31,Pre Super Jump,0,P2-C1,17,Viewtiful Joe,0,,,1.0,False,0x04000600,0x00000000,0x00000000,0,0,,,,,,none,0,2255,positive delta had no recent attributable attack packet
2026-07-25T22:14:51Z,91,P2,4405,4837,432,0.0432,gain,victim,P1-C1,27,Joe the Condor,266,j.B,0,P2-C1,17,Viewtiful Joe,0,,,1.0,False,0x04400600,0x00000000,0x00000000,0,0,,,,,,none,0,1253,positive delta had no recent attributable attack packet
2026-07-25T22:14:51Z,92,P2,4837,5263,426,0.0426,gain,victim,P1-C1,27,Joe the Condor,323,Air Shuriken A,0,P2-C1,17,Viewtiful Joe,0,,,1.0,False,0x41C00200,0x00000000,0x00000000,0,0,,,,,,none,0,1233,positive delta had no recent attributable attack packet
2026-07-25T22:14:51Z,93,P2,5263,5719,456,0.0456,gain,victim,P1-C1,27,Joe the Condor,323,Air Shuriken A,0,P2-C1,17,Viewtiful Joe,100,0x00000009,0x00000040,1.0,False,0x41C00200,0x00000000,0x00000000,0,0,8,0,0,456,False,high,0,1316,property A bit 0 suppresses hit meter
2026-07-25T22:14:52Z,94,P2,5719,6094,375,0.0375,gain,unknown,P2-C1,17,Viewtiful Joe,91,Soft Knockdown,0,,0,,0,,,1.0,False,0x00005200,0x00000000,0x00000000,0,0,,,,,,none,0,0,positive delta had no recent attributable attack packet
2026-07-25T22:14:52Z,95,P2,6094,6451,357,0.0357,gain,victim,P1-C1,27,Joe the Condor,266,j.B,0,P2-C1,17,Viewtiful Joe,100,0x00000009,0x00000040,1.0,False,0x00400604,0x00000000,0x00000000,0,0,8,0,0,357,False,high,0,1087,property A bit 0 suppresses hit meter
2026-07-25T22:14:53Z,97,P2,6451,6821,370,0.037,gain,victim,P1-C1,27,Joe the Condor,323,Air Shuriken A,0,P2-C1,17,Viewtiful Joe,100,0x00000009,0x00000040,1.0,False,0x41C00200,0x00000000,0x00000000,0,0,8,0,0,370,False,high,0,1075,property A bit 0 suppresses hit meter
2026-07-25T22:14:53Z,98,P2,6821,7035,214,0.0214,gain,unknown,P2-C1,17,Viewtiful Joe,91,Soft Knockdown,0,,0,,0,,,1.0,False,0x00005200,0x00000000,0x00000000,0,0,,,,,,none,0,0,positive delta had no recent attributable attack packet
2026-07-25T22:14:53Z,99,P2,7035,7226,191,0.0191,gain,victim,P1-C1,27,Joe the Condor,321,Air Savage Shot B,0,P2-C1,17,Viewtiful Joe,1000,0x0000000C,0x00000102,1.0,False,0x41C00200,0x00000000,0x00000000,0,0,89,66,85,106,False,high,0,1172,
2026-07-25T22:14:56Z,106,P2,7226,7502,276,0.0276,gain,victim,P1-C1,27,Joe the Condor,20,jump,0,P2-C1,17,Viewtiful Joe,1500,0x0000010C,0x00000082,1.0,False,0x00040208,0x00000000,0x00000000,0,0,133,99,128,148,False,high,0,800,attack packet retained from 2 frame(s) earlier
2026-07-25T22:15:01Z,133,P2,7502,7862,360,0.036,gain,unknown,P2-C1,17,Viewtiful Joe,1,idle,0,,0,,0,,,1.0,False,0x00000001,0x00000000,0x00000000,0,0,,,,,,none,0,0,positive delta had no recent attributable attack packet
2026-07-25T22:15:01Z,134,P2,7862,8493,631,0.0631,gain,victim,P1-C2,2,Casshan,257,5B,0,P2-C1,17,Viewtiful Joe,0,,,1.0,False,0x40400001,0x00000002,0x00000000,0,0,,,,,,none,0,1040,positive delta had no recent attributable attack packet
2026-07-25T22:15:01Z,135,P2,8493,9092,599,0.0599,gain,victim,P1-C2,2,Casshan,260,2B,0,P2-C1,17,Viewtiful Joe,0,,,1.0,False,0x40400010,0x00000002,0x00000000,0,0,,,,,,none,0,1824,positive delta had no recent attributable attack packet
2026-07-25T22:15:02Z,137,P2,9092,9727,635,0.0635,gain,victim,P1-C2,2,Casshan,305,Denko B,0,P2-C1,17,Viewtiful Joe,0,,,1.0,False,0x41400001,0x00000002,0x00000000,0,0,,,,,,none,0,1835,positive delta had no recent attributable attack packet
2026-07-25T22:15:02Z,139,P2,9727,10837,1110,0.111,gain,victim,P1-C2,2,Casshan,305,Denko B,0,P2-C1,17,Viewtiful Joe,0,,,1.0,False,0x01400001,0x00000002,0x00000000,0,0,,,,,,none,0,3199,positive delta had no recent attributable attack packet
2026-07-25T22:15:03Z,142,P2,10837,11336,499,0.0499,gain,victim,P1-C2,2,Casshan,270,6B,0,P2-C1,17,Viewtiful Joe,0,,,1.0,False,0x40400001,0x00000002,0x00000000,0,0,,,,,,none,0,1439,positive delta had no recent attributable attack packet
2026-07-25T22:15:04Z,143,P2,11336,11956,620,0.062,gain,victim,P1-C2,2,Casshan,270,6B,0,P2-C1,17,Viewtiful Joe,0,,,1.0,False,0x40400001,0x00000002,0x00000000,0,0,,,,,,none,0,1787,positive delta had no recent attributable attack packet
2026-07-25T22:15:04Z,145,P2,11956,12907,951,0.0951,gain,victim,P1-C2,2,Casshan,22,jump back,0,P2-C1,17,Viewtiful Joe,0,,,1.0,False,0x00000604,0x00000002,0x00000000,0,0,,,,,,none,0,2742,positive delta had no recent attributable attack packet
2026-07-25T22:15:05Z,146,P2,12907,13098,191,0.0191,gain,unknown,P2-C1,17,Viewtiful Joe,91,Soft Knockdown,0,,0,,0,,,1.0,False,0x00005200,0x00000000,0x00000000,0,0,,,,,,none,0,0,positive delta had no recent attributable attack packet
2026-07-25T22:15:06Z,150,P2,13098,13458,360,0.036,gain,victim,P1-C2,2,Casshan,257,5B,0,P2-C1,17,Viewtiful Joe,0,,,1.0,False,0x40400001,0x00000002,0x00000000,0,0,,,,,,none,0,1040,positive delta had no recent attributable attack packet
2026-07-25T22:15:06Z,151,P2,13458,14089,631,0.0631,gain,victim,P1-C2,2,Casshan,260,2B,0,P2-C1,17,Viewtiful Joe,0,,,1.0,False,0x40400010,0x00000002,0x00000000,0,0,,,,,,none,0,1824,positive delta had no recent attributable attack packet
2026-07-25T22:15:07Z,152,P2,14089,14688,599,0.0599,gain,victim,P1-C2,2,Casshan,258,5C,0,P2-C1,17,Viewtiful Joe,0,,,1.0,False,0x40400001,0x00000002,0x00000000,0,0,,,,,,none,0,1728,positive delta had no recent attributable attack packet
2026-07-25T22:15:07Z,153,P2,14688,15323,635,0.0635,gain,victim,P1-C2,2,Casshan,305,Denko B,0,P2-C1,17,Viewtiful Joe,0,,,1.0,False,0x41400001,0x00000002,0x00000000,0,0,,,,,,none,0,1835,positive delta had no recent attributable attack packet
2026-07-25T22:15:08Z,154,P2,15323,16433,1110,0.111,gain,victim,P1-C2,2,Casshan,305,Denko B,0,P2-C1,17,Viewtiful Joe,0,,,1.0,False,0x01400001,0x00000002,0x00000000,0,0,,,,,,none,0,3199,positive delta had no recent attributable attack packet
2026-07-25T22:15:09Z,159,P2,16433,16932,499,0.0499,gain,victim,P1-C2,2,Casshan,270,6B,0,P2-C1,17,Viewtiful Joe,0,,,1.0,False,0x40400001,0x00000002,0x00000000,0,0,,,,,,none,0,1151,positive delta had no recent attributable attack packet
2026-07-25T22:15:09Z,160,P2,16932,17552,620,0.062,gain,victim,P1-C2,2,Casshan,270,6B,0,P2-C1,17,Viewtiful Joe,0,,,1.0,False,0x00000401,0x00000002,0x00000000,0,0,,,,,,none,0,1429,positive delta had no recent attributable attack packet
2026-07-25T22:15:10Z,162,P2,17552,17757,205,0.0205,gain,unknown,P2-C1,17,Viewtiful Joe,91,Soft Knockdown,0,,0,,0,,,1.0,False,0x00005200,0x00000000,0x00000000,0,0,,,,,,none,0,0,positive delta had no recent attributable attack packet
2026-07-25T22:15:10Z,164,P2,17757,17977,220,0.022,gain,victim,P1-C2,2,Casshan,256,5A,0,P2-C1,17,Viewtiful Joe,0,,,1.0,False,0x40400001,0x00000002,0x00000000,0,0,,,,,,none,0,540,positive delta had no recent attributable attack packet
2026-07-25T22:15:11Z,165,P2,17977,18071,94,0.0094,gain,victim,P1-C2,2,Casshan,256,5A,0,P2-C1,17,Viewtiful Joe,0,,,1.0,False,0x40400001,0x00000002,0x00000000,0,0,,,,,,none,0,818,positive delta had no recent attributable attack packet
2026-07-25T22:15:11Z,166,P2,18071,18229,158,0.0158,gain,victim,P1-C2,2,Casshan,257,5B,0,P2-C1,17,Viewtiful Joe,0,,,1.0,False,0x40400001,0x00000002,0x00000000,0,0,,,,,,none,0,643,positive delta had no recent attributable attack packet
2026-07-25T22:15:12Z,167,P2,18229,18365,136,0.0136,gain,victim,P1-C2,2,Casshan,260,2B,0,P2-C1,17,Viewtiful Joe,0,,,1.0,False,0x40400001,0x00000002,0x00000000,0,0,,,,,,none,0,558,positive delta had no recent attributable attack packet
2026-07-25T22:15:12Z,168,P2,18365,18501,136,0.0136,gain,unknown,P2-C1,17,Viewtiful Joe,91,Soft Knockdown,0,,0,,0,,,1.0,False,0x00005200,0x00000000,0x00000000,0,0,,,,,,none,0,0,positive delta had no recent attributable attack packet
2026-07-25T22:15:13Z,170,P2,18501,18676,175,0.0175,gain,victim,P1-C2,2,Casshan,264,3C,0,P2-C1,17,Viewtiful Joe,0,,,1.0,False,0x00000401,0x00000002,0x00000000,0,0,,,,,,none,0,710,positive delta had no recent attributable attack packet
2026-07-25T22:15:13Z,171,P2,18676,18806,130,0.013,gain,unknown,P2-C1,17,Viewtiful Joe,97,Launched,0,,0,,0,,,1.0,False,0x00005200,0x00000000,0x00000000,0,0,,,,,,none,0,0,positive delta had no recent attributable attack packet
2026-07-25T22:15:13Z,172,P2,18806,18942,136,0.0136,gain,victim,P1-C2,2,Casshan,289,j.B (second hit),0,P2-C1,17,Viewtiful Joe,0,,,1.0,False,0x04400600,0x00000002,0x00000000,0,0,,,,,,none,0,1090,positive delta had no recent attributable attack packet
2026-07-25T22:15:14Z,173,P2,18942,19203,261,0.0261,gain,victim,P1-C2,2,Casshan,161,Hard Knockdown,0,P2-C1,17,Viewtiful Joe,0,,,1.0,False,0x00400200,0x00000002,0x00000000,0,0,,,,,,none,0,916,positive delta had no recent attributable attack packet
2026-07-25T22:15:20Z,205,P2,19203,19867,664,0.0664,gain,unknown,P2-C1,17,Viewtiful Joe,64,Standing Hitstun,0,,0,,0,,,1.0,False,0x00001001,0x00000000,0x00000000,0,0,,,,,,none,0,0,positive delta had no recent attributable attack packet
2026-07-25T22:15:21Z,206,P2,19867,21424,1557,0.1557,gain,victim,P1-C2,2,Casshan,267,j.C,0,P2-C1,17,Viewtiful Joe,0,0x00000000,0x00040082,1.0,False,0x80400702,0x00000002,0x00000000,0,0,0,0,0,1557,False,high,0,1776,
2026-07-25T22:15:24Z,217,P2,21424,21784,360,0.036,gain,unknown,P2-C1,17,Viewtiful Joe,1,idle,0,,0,,0,,,1.0,False,0x00000001,0x00000000,0x00000000,0,0,,,,,,none,0,0,positive delta had no recent attributable attack packet
2026-07-25T22:15:24Z,219,P2,21784,23014,1230,0.123,gain,victim,P1-C2,2,Casshan,260,2B,0,P2-C1,17,Viewtiful Joe,0,,,1.0,False,0x40400010,0x00000002,0x00000000,0,0,,,,,,none,0,1824,positive delta had no recent attributable attack packet
2026-07-25T22:15:25Z,221,P2,23014,23649,635,0.0635,gain,victim,P1-C2,2,Casshan,305,Denko B,0,P2-C1,17,Viewtiful Joe,0,,,1.0,False,0x41400001,0x00000002,0x00000000,0,0,,,,,,none,0,1835,positive delta had no recent attributable attack packet
2026-07-25T22:15:25Z,222,P2,23649,24759,1110,0.111,gain,victim,P1-C2,2,Casshan,305,Denko B,0,P2-C1,17,Viewtiful Joe,0,,,1.0,False,0x01400001,0x00000002,0x00000000,0,0,,,,,,none,0,3199,positive delta had no recent attributable attack packet
2026-07-25T22:15:27Z,226,P2,24759,25878,1119,0.1119,gain,victim,P1-C2,2,Casshan,270,6B,0,P2-C1,17,Viewtiful Joe,0,,,1.0,False,0x40400001,0x00000002,0x00000000,0,0,,,,,,none,0,1439,positive delta had no recent attributable attack packet
2026-07-25T22:15:31Z,246,P2,25878,26989,1111,0.1111,gain,victim,P1-C2,2,Casshan,267,j.C,0,P2-C1,17,Viewtiful Joe,0,,,1.0,False,0x00000C01,0x00000002,0x00000000,0,0,,,,,,none,0,3200,positive delta had no recent attributable attack packet
2026-07-25T22:15:31Z,247,P2,26989,27330,341,0.0341,gain,victim,P1-C2,2,Casshan,260,2B,0,P2-C1,17,Viewtiful Joe,0,,,1.0,False,0x40400010,0x00000002,0x00000000,0,0,,,,,,none,0,988,positive delta had no recent attributable attack packet
2026-07-25T22:15:31Z,248,P2,27330,27929,599,0.0599,gain,victim,P1-C2,2,Casshan,258,5C,0,P2-C1,17,Viewtiful Joe,0,,,1.0,False,0x40400001,0x00000002,0x00000000,0,0,,,,,,none,0,1728,positive delta had no recent attributable attack packet
2026-07-25T22:15:32Z,249,P2,27929,28564,635,0.0635,gain,victim,P1-C2,2,Casshan,305,Denko B,0,P2-C1,17,Viewtiful Joe,0,,,1.0,False,0x41400001,0x00000002,0x00000000,0,0,,,,,,none,0,1835,positive delta had no recent attributable attack packet
2026-07-25T22:15:32Z,250,P2,28564,29674,1110,0.111,gain,unknown,P2-C1,17,Viewtiful Joe,64,Standing Hitstun,0,,0,,0,,,1.0,False,0x00001081,0x00000000,0x00000000,0,0,,,,,,none,0,0,positive delta had no recent attributable attack packet
2026-07-25T22:15:33Z,252,P2,29674,30173,499,0.0499,gain,unknown,P2-C1,17,Viewtiful Joe,79,Stagger,0,,0,,0,,,1.0,False,0x00001000,0x00000000,0x00000000,0,0,,,,,,none,0,0,positive delta had no recent attributable attack packet
2026-07-25T22:15:34Z,254,P2,30173,30793,620,0.062,gain,victim,P1-C2,2,Casshan,22,jump back,0,P2-C1,17,Viewtiful Joe,0,,,1.0,False,0x00000604,0x00000002,0x00000000,0,0,,,,,,none,0,1787,positive delta had no recent attributable attack packet
2026-07-25T22:15:34Z,255,P2,30793,31004,211,0.0211,gain,victim,P1-C2,2,Casshan,266,j.B,0,P2-C1,17,Viewtiful Joe,0,,,1.0,False,0x00400702,0x00000002,0x00000000,0,0,,,,,,none,0,1229,positive delta had no recent attributable attack packet
2026-07-25T22:15:35Z,258,P2,31004,31670,666,0.0666,gain,unknown,P2-C1,17,Viewtiful Joe,1,idle,0,,0,,0,,,1.0,False,0x00001001,0x00000000,0x00000000,0,0,,,,,,none,0,0,positive delta had no recent attributable attack packet
2026-07-25T22:15:38Z,267,P1,50000,10925,-39075,-3.9075,spend_or_drain,spend_or_drain,P1-C1,19,Roll,430,assist standby,0,,0,,0,,,1.0,False,0x00000001,0x00000000,0x00000000,0,0,,,,,,none,0,0,negative delta is a meter spend or scripted drain
2026-07-25T22:15:38Z,267,P2,31670,10303,-21367,-2.1367,spend_or_drain,spend_or_drain,P2-C1,12,Ryu,1,idle,0,,0,,0,,,1.0,False,0x00000001,0x00000000,0x00000000,0,0,,,,,,none,0,0,negative delta is a meter spend or scripted drain
2026-07-25T22:15:42Z,287,P1,10925,11257,332,0.0332,gain,attacker,P1-C1,19,Roll,257,5B,0,P2-C1,12,Ryu,0,,,1.0,False,0x40400001,0x00000000,0x00000000,0,0,,,,,,none,0,792,positive delta had no recent attributable attack packet
2026-07-25T22:15:42Z,287,P2,10303,10552,249,0.0249,gain,victim,P1-C1,19,Roll,257,5B,0,P2-C1,12,Ryu,0,,,1.0,False,0x40400001,0x00000000,0x00000000,0,0,,,,,,none,0,792,positive delta had no recent attributable attack packet
2026-07-25T22:15:42Z,288,P1,11257,12468,1211,0.1211,gain,attacker,P1-C1,19,Roll,260,2B,0,P2-C1,12,Ryu,0,,,1.0,False,0x40400010,0x00000000,0x00000000,0,0,,,,,,none,0,919,positive delta had no recent attributable attack packet
2026-07-25T22:15:42Z,288,P2,10552,11263,711,0.0711,gain,victim,P1-C1,19,Roll,260,2B,0,P2-C1,12,Ryu,0,,,1.0,False,0x40400010,0x00000000,0x00000000,0,0,,,,,,none,0,919,positive delta had no recent attributable attack packet
2026-07-25T22:15:42Z,289,P1,12468,13764,1296,0.1296,gain,attacker,P1-C1,19,Roll,258,5C,0,P2-C1,12,Ryu,0,,,1.0,False,0x20400001,0x00000000,0x00000000,0,0,,,,,,none,0,3964,positive delta had no recent attributable attack packet
2026-07-25T22:15:42Z,289,P2,11263,12088,825,0.0825,gain,victim,P1-C1,19,Roll,258,5C,0,P2-C1,12,Ryu,0,,,1.0,False,0x20400001,0x00000000,0x00000000,0,0,,,,,,none,0,3964,positive delta had no recent attributable attack packet
2026-07-25T22:15:43Z,290,P1,13764,14846,1082,0.1082,gain,unknown,P1-C1,19,Roll,264,3C,0,,0,,0,,,1.0,False,0x20400001,0x00000000,0x00000000,0,0,,,,,,none,0,0,positive delta had no recent attributable attack packet
2026-07-25T22:15:43Z,290,P2,12088,12753,665,0.0665,gain,unknown,P2-C1,12,Ryu,64,Standing Hitstun,0,,0,,0,,,1.0,False,0x00001000,0x00000000,0x00000000,0,0,,,,,,none,0,0,positive delta had no recent attributable attack packet
2026-07-25T22:15:43Z,291,P1,14846,15099,253,0.0253,gain,attacker,P1-C1,19,Roll,29,Super Jump,0,P2-C1,12,Ryu,0,,,1.0,False,0x04400600,0x00000000,0x00000000,0,0,,,,,,none,0,2110,positive delta had no recent attributable attack packet
2026-07-25T22:15:43Z,291,P2,12753,12942,189,0.0189,gain,victim,P1-C1,19,Roll,29,Super Jump,0,P2-C1,12,Ryu,0,,,1.0,False,0x04400600,0x00000000,0x00000000,0,0,,,,,,none,0,2110,positive delta had no recent attributable attack packet
2026-07-25T22:15:43Z,292,P1,15099,15452,353,0.0353,gain,attacker,P1-C1,19,Roll,288,j.A (second hit),0,P2-C1,12,Ryu,0,,,1.0,False,0x04400600,0x00000000,0x00000000,0,0,,,,,,none,0,1293,positive delta had no recent attributable attack packet
2026-07-25T22:15:43Z,292,P2,12942,13157,215,0.0215,gain,victim,P1-C1,19,Roll,288,j.A (second hit),0,P2-C1,12,Ryu,0,,,1.0,False,0x04400600,0x00000000,0x00000000,0,0,,,,,,none,0,1293,positive delta had no recent attributable attack packet
2026-07-25T22:15:44Z,293,P1,15452,16083,631,0.0631,gain,attacker,P1-C1,19,Roll,266,j.B,0,P2-C1,12,Ryu,0,,,1.0,False,0x41C00200,0x00000000,0x00000000,0,0,,,,,,none,0,1038,positive delta had no recent attributable attack packet
2026-07-25T22:15:44Z,293,P2,13157,13484,327,0.0327,gain,victim,P1-C1,19,Roll,266,j.B,0,P2-C1,12,Ryu,0,,,1.0,False,0x41C00200,0x00000000,0x00000000,0,0,,,,,,none,0,1038,positive delta had no recent attributable attack packet
2026-07-25T22:15:44Z,294,P1,16083,17241,1158,0.1158,gain,attacker,P1-C1,19,Roll,331,Roll Swing B,0,P2-C1,12,Ryu,0,,,1.0,False,0x41C00200,0x00000000,0x00000000,0,0,,,,,,none,0,2137,positive delta had no recent attributable attack packet
2026-07-25T22:15:44Z,294,P2,13484,14157,673,0.0673,gain,victim,P1-C1,19,Roll,331,Roll Swing B,0,P2-C1,12,Ryu,0,,,1.0,False,0x41C00200,0x00000000,0x00000000,0,0,,,,,,none,0,2137,positive delta had no recent attributable attack packet
2026-07-25T22:15:53Z,329,P1,17241,17371,130,0.013,gain,unknown,P1-C1,19,Roll,270,6B,0,,0,,0,,,1.0,False,0x40400001,0x00000000,0x00000000,0,0,,,,,,none,0,0,positive delta had no recent attributable attack packet
2026-07-25T22:15:54Z,330,P1,17371,18222,851,0.0851,gain,attacker,P1-C1,19,Roll,304,Swing A,0,P2-C1,12,Ryu,0,,,1.0,False,0x41400001,0x00000000,0x00000000,0,0,,,,,,none,0,2024,positive delta had no recent attributable attack packet
2026-07-25T22:15:54Z,330,P2,14157,14795,638,0.0638,gain,victim,P1-C1,19,Roll,304,Swing A,0,P2-C1,12,Ryu,0,,,1.0,False,0x41400001,0x00000000,0x00000000,0,0,,,,,,none,0,2024,positive delta had no recent attributable attack packet
2026-07-25T22:15:54Z,331,P1,18222,19713,1491,0.1491,gain,attacker,P1-C1,19,Roll,304,Swing A,0,P2-C1,12,Ryu,0,,,1.0,False,0x41400001,0x00000000,0x00000000,0,0,,,,,,none,0,2926,positive delta had no recent attributable attack packet
2026-07-25T22:15:54Z,331,P2,14795,15717,922,0.0922,gain,victim,P1-C1,19,Roll,304,Swing A,0,P2-C1,12,Ryu,0,,,1.0,False,0x41400001,0x00000000,0x00000000,0,0,,,,,,none,0,2926,positive delta had no recent attributable attack packet
2026-07-25T22:15:54Z,332,P1,19713,9713,-10000,-1.0,spend_or_drain,spend_or_drain,P1-C1,19,Roll,353,Mop up Turbo,0,,0,,0,,,1.0,False,0x02400001,0x00000000,0x00000000,0,0,,,,,,none,0,0,negative delta is a meter spend or scripted drain
2026-07-25T22:16:02Z,354,P1,9713,10045,332,0.0332,gain,attacker,P1-C1,19,Roll,257,5B,0,P2-C1,12,Ryu,0,,,1.0,False,0x40400001,0x00000000,0x00000000,0,0,,,,,,none,0,792,positive delta had no recent attributable attack packet
2026-07-25T22:16:02Z,354,P2,15717,15966,249,0.0249,gain,victim,P1-C1,19,Roll,257,5B,0,P2-C1,12,Ryu,0,,,1.0,False,0x40400001,0x00000000,0x00000000,0,0,,,,,,none,0,792,positive delta had no recent attributable attack packet
2026-07-25T22:16:03Z,355,P1,10045,12552,2507,0.2507,gain,attacker,P1-C1,19,Roll,258,5C,0,P2-C1,12,Ryu,0,,,1.0,False,0x40400001,0x00000000,0x00000000,0,0,,,,,,none,0,2265,positive delta had no recent attributable attack packet
2026-07-25T22:16:03Z,355,P2,15966,17502,1536,0.1536,gain,victim,P1-C1,19,Roll,258,5C,0,P2-C1,12,Ryu,0,,,1.0,False,0x40400001,0x00000000,0x00000000,0,0,,,,,,none,0,2265,positive delta had no recent attributable attack packet
2026-07-25T22:16:03Z,356,P1,12552,13634,1082,0.1082,gain,attacker,P1-C1,19,Roll,264,3C,0,P2-C1,12,Ryu,0,,,1.0,False,0x20400001,0x00000000,0x00000000,0,0,,,,,,none,0,2618,positive delta had no recent attributable attack packet
2026-07-25T22:16:03Z,356,P2,17502,18167,665,0.0665,gain,victim,P1-C1,19,Roll,264,3C,0,P2-C1,12,Ryu,0,,,1.0,False,0x20400001,0x00000000,0x00000000,0,0,,,,,,none,0,2618,positive delta had no recent attributable attack packet
2026-07-25T22:16:04Z,357,P1,13634,13894,260,0.026,gain,attacker,P1-C1,19,Roll,265,j.A,0,P2-C1,12,Ryu,0,,,1.0,False,0x04400600,0x00000000,0x00000000,0,0,,,,,,none,0,2110,positive delta had no recent attributable attack packet
2026-07-25T22:16:04Z,357,P2,18167,18362,195,0.0195,gain,victim,P1-C1,19,Roll,265,j.A,0,P2-C1,12,Ryu,0,,,1.0,False,0x04400600,0x00000000,0x00000000,0,0,,,,,,none,0,2110,positive delta had no recent attributable attack packet
2026-07-25T22:16:04Z,358,P1,13894,14886,992,0.0992,gain,attacker,P1-C1,19,Roll,266,j.B,0,P2-C1,12,Ryu,0,,,1.0,False,0x04400600,0x00000000,0x00000000,0,0,,,,,,none,0,2366,positive delta had no recent attributable attack packet
2026-07-25T22:16:04Z,358,P2,18362,18910,548,0.0548,gain,victim,P1-C1,19,Roll,266,j.B,0,P2-C1,12,Ryu,0,,,1.0,False,0x04400600,0x00000000,0x00000000,0,0,,,,,,none,0,2366,positive delta had no recent attributable attack packet
2026-07-25T22:16:05Z,359,P1,14886,15928,1042,0.1042,gain,attacker,P1-C1,19,Roll,161,Hard Knockdown,0,P2-C1,12,Ryu,0,,,1.0,False,0x00400200,0x00000000,0x00000000,0,0,,,,,,none,0,2017,positive delta had no recent attributable attack packet
2026-07-25T22:16:05Z,359,P2,18910,19545,635,0.0635,gain,victim,P1-C1,19,Roll,161,Hard Knockdown,0,P2-C1,12,Ryu,0,,,1.0,False,0x00400200,0x00000000,0x00000000,0,0,,,,,,none,0,2017,positive delta had no recent attributable attack packet
2026-07-25T22:16:05Z,361,P1,15928,16188,260,0.026,gain,unknown,P1-C1,19,Roll,318,Mop up C,0,,0,,0,,,1.0,False,0x01400001,0x00000000,0x00000000,0,0,,,,,,none,0,0,positive delta had no recent attributable attack packet
2026-07-25T22:16:06Z,364,P1,16188,16402,214,0.0214,gain,attacker,P1-C1,19,Roll,318,Mop up C,0,P2-C1,12,Ryu,0,,,1.0,False,0x01400001,0x00000000,0x00000000,0,0,,,,,,none,0,264,positive delta had no recent attributable attack packet
2026-07-25T22:16:06Z,364,P2,19545,19704,159,0.0159,gain,victim,P1-C1,19,Roll,318,Mop up C,0,P2-C1,12,Ryu,0,,,1.0,False,0x01400001,0x00000000,0x00000000,0,0,,,,,,none,0,264,positive delta had no recent attributable attack packet
2026-07-25T22:16:07Z,365,P1,16402,16593,191,0.0191,gain,attacker,P1-C1,19,Roll,318,Mop up C,0,P2-C1,12,Ryu,0,,,1.0,False,0x01400001,0x00000000,0x00000000,0,0,,,,,,none,0,487,positive delta had no recent attributable attack packet
2026-07-25T22:16:07Z,365,P2,19704,19848,144,0.0144,gain,victim,P1-C1,19,Roll,318,Mop up C,0,P2-C1,12,Ryu,0,,,1.0,False,0x01400001,0x00000000,0x00000000,0,0,,,,,,none,0,487,positive delta had no recent attributable attack packet
2026-07-25T22:16:07Z,366,P1,16593,16761,168,0.0168,gain,attacker,P1-C1,19,Roll,318,Mop up C,0,P2-C1,12,Ryu,0,,,1.0,False,0x01400001,0x00000000,0x00000000,0,0,,,,,,none,0,433,positive delta had no recent attributable attack packet
2026-07-25T22:16:07Z,366,P2,19848,19974,126,0.0126,gain,victim,P1-C1,19,Roll,318,Mop up C,0,P2-C1,12,Ryu,0,,,1.0,False,0x01400001,0x00000000,0x00000000,0,0,,,,,,none,0,433,positive delta had no recent attributable attack packet
2026-07-25T22:16:10Z,374,P1,16761,17093,332,0.0332,gain,attacker,P1-C1,19,Roll,256,5A,0,P2-C1,12,Ryu,0,,,1.0,False,0x40400001,0x00000000,0x00000000,0,0,,,,,,none,0,792,positive delta had no recent attributable attack packet
2026-07-25T22:16:10Z,374,P2,19974,20223,249,0.0249,gain,victim,P1-C1,19,Roll,256,5A,0,P2-C1,12,Ryu,0,,,1.0,False,0x40400001,0x00000000,0x00000000,0,0,,,,,,none,0,792,positive delta had no recent attributable attack packet
2026-07-25T22:16:10Z,375,P1,17093,18369,1276,0.1276,gain,attacker,P1-C1,19,Roll,260,2B,0,P2-C1,12,Ryu,0,,,1.0,False,0x40400001,0x00000000,0x00000000,0,0,,,,,,none,0,2265,positive delta had no recent attributable attack packet
2026-07-25T22:16:10Z,375,P2,20223,20934,711,0.0711,gain,victim,P1-C1,19,Roll,260,2B,0,P2-C1,12,Ryu,0,,,1.0,False,0x40400001,0x00000000,0x00000000,0,0,,,,,,none,0,2265,positive delta had no recent attributable attack packet
2026-07-25T22:16:10Z,376,P1,18369,19665,1296,0.1296,gain,attacker,P1-C1,19,Roll,264,3C,0,P2-C1,12,Ryu,0,,,1.0,False,0x20400001,0x00000000,0x00000000,0,0,,,,,,none,0,2618,positive delta had no recent attributable attack packet
2026-07-25T22:16:10Z,376,P2,20934,21759,825,0.0825,gain,victim,P1-C1,19,Roll,264,3C,0,P2-C1,12,Ryu,0,,,1.0,False,0x20400001,0x00000000,0x00000000,0,0,,,,,,none,0,2618,positive delta had no recent attributable attack packet
2026-07-25T22:16:11Z,377,P1,19665,20747,1082,0.1082,gain,attacker,P1-C1,19,Roll,264,3C,0,P2-C1,12,Ryu,0,,,1.0,False,0x04400600,0x00000000,0x00000000,0,0,,,,,,none,0,2110,positive delta had no recent attributable attack packet
2026-07-25T22:16:11Z,377,P2,21759,22424,665,0.0665,gain,victim,P1-C1,19,Roll,264,3C,0,P2-C1,12,Ryu,0,,,1.0,False,0x04400600,0x00000000,0x00000000,0,0,,,,,,none,0,2110,positive delta had no recent attributable attack packet
2026-07-25T22:16:11Z,378,P1,20747,21418,671,0.0671,gain,attacker,P1-C1,19,Roll,288,j.A (second hit),0,P2-C1,12,Ryu,0,,,1.0,False,0x04400600,0x00000000,0x00000000,0,0,,,,,,none,0,1290,positive delta had no recent attributable attack packet
2026-07-25T22:16:11Z,378,P2,22424,22829,405,0.0405,gain,victim,P1-C1,19,Roll,288,j.A (second hit),0,P2-C1,12,Ryu,0,,,1.0,False,0x04400600,0x00000000,0x00000000,0,0,,,,,,none,0,1290,positive delta had no recent attributable attack packet
2026-07-25T22:16:12Z,379,P1,21418,23023,1605,0.1605,gain,attacker,P1-C1,19,Roll,267,j.C,0,P2-C1,12,Ryu,0,,,1.0,False,0x00400200,0x00000000,0x00000000,0,0,,,,,,none,0,1041,positive delta had no recent attributable attack packet
2026-07-25T22:16:12Z,379,P2,22829,23787,958,0.0958,gain,victim,P1-C1,19,Roll,267,j.C,0,P2-C1,12,Ryu,0,,,1.0,False,0x00400200,0x00000000,0x00000000,0,0,,,,,,none,0,1041,positive delta had no recent attributable attack packet
2026-07-25T22:16:13Z,382,P1,23023,13023,-10000,-1.0,spend_or_drain,spend_or_drain,P1-C1,19,Roll,353,Mop up Turbo,0,,0,,0,,,1.0,False,0x02400001,0x00000000,0x00000000,0,0,,,,,,none,0,0,negative delta is a meter spend or scripted drain
2026-07-25T22:16:19Z,407,P1,13023,103648,90625,9.0625,gain,unknown,,0,,0,,0,,0,,0,,,1.0,False,0x00000000,0x00000000,0x00000000,1,0,,,,,,none,0,0,positive delta had no recent attributable attack packet
2026-07-25T22:16:19Z,407,P2,23787,28178,4391,0.4391,gain,unknown,,0,,0,,0,,0,,0,,,1.0,False,0x00000000,0x00000000,0x00000000,1,0,,,,,,none,0,0,positive delta had no recent attributable attack packet
2026-07-25T22:16:19Z,410,P1,103648,10000,-93648,-9.3648,spend_or_drain,spend_or_drain,P1-C1,12,Ryu,1,idle,0,,0,,0,,,1.0,False,0x00000001,0x00000000,0x00000000,0,0,,,,,,none,0,4000,negative delta is a meter spend or scripted drain
2026-07-25T22:16:19Z,410,P2,28178,10000,-18178,-1.8178,spend_or_drain,spend_or_drain,P2-C1,28,Yatterman-2,1,idle,0,,0,,0,,,1.0,False,0x00000001,0x00000000,0x00000000,0,0,,,,,,none,0,4000,negative delta is a meter spend or scripted drain
2026-07-25T22:16:20Z,411,P1,10000,103648,93648,9.3648,gain,unknown,,0,,0,,0,,0,,0,,,1.0,False,0x00000000,0x00000000,0x00000000,1,0,,,,,,none,0,0,positive delta had no recent attributable attack packet
2026-07-25T22:16:20Z,411,P2,10000,28178,18178,1.8178,gain,unknown,,0,,0,,0,,0,,0,,,1.0,False,0x00000000,0x00000000,0x00000000,1,0,,,,,,none,0,0,positive delta had no recent attributable attack packet
2026-07-25T22:17:33Z,39,P1,10000,10370,370,0.037,gain,attacker,P1-C1,5,Yatterman-1,256,5A,0,P2-C1,12,Ryu,0,,,1.0,False,0x40400001,0x00000000,0x00000000,0,0,,,,,,none,0,800,positive delta had no recent attributable attack packet
2026-07-25T22:17:33Z,39,P2,10000,10276,276,0.0276,gain,victim,P1-C1,5,Yatterman-1,256,5A,0,P2-C1,12,Ryu,0,,,1.0,False,0x40400001,0x00000000,0x00000000,0,0,,,,,,none,0,800,positive delta had no recent attributable attack packet
2026-07-25T22:17:34Z,41,P1,10370,10784,414,0.0414,gain,attacker,P1-C1,5,Yatterman-1,264,3C,0,P2-C1,12,Ryu,0,,,1.0,False,0x60400001,0x00000000,0x00000000,0,0,,,,,,none,0,617,positive delta had no recent attributable attack packet
2026-07-25T22:17:34Z,41,P2,10276,10489,213,0.0213,gain,victim,P1-C1,5,Yatterman-1,264,3C,0,P2-C1,12,Ryu,0,,,1.0,False,0x60400001,0x00000000,0x00000000,0,0,,,,,,none,0,617,positive delta had no recent attributable attack packet
2026-07-25T22:17:34Z,42,P1,10784,12269,1485,0.1485,gain,attacker,P1-C1,5,Yatterman-1,265,j.A,0,P2-C1,12,Ryu,0,,,1.0,False,0x04400600,0x00000000,0x00000000,0,0,,,,,,none,0,2789,positive delta had no recent attributable attack packet
2026-07-25T22:17:34Z,42,P2,10489,11455,966,0.0966,gain,victim,P1-C1,5,Yatterman-1,265,j.A,0,P2-C1,12,Ryu,0,,,1.0,False,0x04400600,0x00000000,0x00000000,0,0,,,,,,none,0,2789,positive delta had no recent attributable attack packet
2026-07-25T22:17:35Z,43,P1,12269,13511,1242,0.1242,gain,attacker,P1-C1,5,Yatterman-1,266,j.B,0,P2-C1,12,Ryu,0,,,1.0,False,0x04400600,0x00000000,0x00000000,0,0,,,,,,none,0,781,positive delta had no recent attributable attack packet
2026-07-25T22:17:35Z,43,P2,11455,12190,735,0.0735,gain,victim,P1-C1,5,Yatterman-1,266,j.B,0,P2-C1,12,Ryu,0,,,1.0,False,0x04400600,0x00000000,0x00000000,0,0,,,,,,none,0,781,positive delta had no recent attributable attack packet
2026-07-25T22:17:35Z,44,P1,13511,14391,880,0.088,gain,attacker,P1-C1,5,Yatterman-1,324,air yatter Medium Attack B,0,P2-C1,12,Ryu,0,,,1.0,False,0x01C00200,0x00000000,0x00000000,0,0,,,,,,none,0,1349,positive delta had no recent attributable attack packet
2026-07-25T22:17:35Z,44,P2,12190,12654,464,0.0464,gain,victim,P1-C1,5,Yatterman-1,324,air yatter Medium Attack B,0,P2-C1,12,Ryu,0,,,1.0,False,0x01C00200,0x00000000,0x00000000,0,0,,,,,,none,0,1349,positive delta had no recent attributable attack packet
2026-07-25T22:17:35Z,45,P1,14391,15770,1379,0.1379,gain,attacker,P1-C1,5,Yatterman-1,267,j.C,0,P2-C1,12,Ryu,0,,,1.0,False,0x00400200,0x00000000,0x00000000,0,0,,,,,,none,0,3926,positive delta had no recent attributable attack packet
2026-07-25T22:17:35Z,45,P2,12654,13538,884,0.0884,gain,victim,P1-C1,5,Yatterman-1,267,j.C,0,P2-C1,12,Ryu,0,,,1.0,False,0x00400200,0x00000000,0x00000000,0,0,,,,,,none,0,3926,positive delta had no recent attributable attack packet
2026-07-25T22:17:37Z,49,P1,15770,15900,130,0.013,gain,unknown,P1-C1,5,Yatterman-1,270,6B,0,,0,,0,,,1.0,False,0x40400001,0x00000000,0x00000000,0,0,,,,,,none,0,0,positive delta had no recent attributable attack packet
2026-07-25T22:17:37Z,51,P1,15900,16095,195,0.0195,gain,unknown,P1-C1,5,Yatterman-1,2,Forward,0,,0,,0,,,1.0,False,0x00400001,0x00000000,0x00000000,0,0,,,,,,none,0,0,positive delta had no recent attributable attack packet
2026-07-25T22:17:43Z,81,P1,16095,16465,370,0.037,gain,attacker,P1-C1,5,Yatterman-1,259,2A,0,P2-C1,12,Ryu,0,,,1.0,False,0x40400010,0x00000000,0x00000000,0,0,,,,,,none,0,800,positive delta had no recent attributable attack packet
2026-07-25T22:17:43Z,81,P2,13538,13814,276,0.0276,gain,victim,P1-C1,5,Yatterman-1,259,2A,0,P2-C1,12,Ryu,0,,,1.0,False,0x40400010,0x00000000,0x00000000,0,0,,,,,,none,0,800,positive delta had no recent attributable attack packet
2026-07-25T22:17:43Z,82,P1,16465,17298,833,0.0833,gain,unknown,P1-C1,5,Yatterman-1,260,2B,0,,0,,0,,,1.0,False,0x40400010,0x00000000,0x00000000,0,0,,,,,,none,0,0,positive delta had no recent attributable attack packet
2026-07-25T22:17:43Z,82,P2,13814,14340,526,0.0526,gain,unknown,P2-C1,12,Ryu,64,Standing Hitstun,0,,0,,0,,,1.0,False,0x00001000,0x00000000,0x00000000,0,0,,,,,,none,0,0,positive delta had no recent attributable attack packet
2026-07-25T22:17:43Z,83,P1,17298,18487,1189,0.1189,gain,attacker,P1-C1,5,Yatterman-1,264,3C,0,P2-C1,12,Ryu,0,,,1.0,False,0x60400001,0x00000000,0x00000000,0,0,,,,,,none,0,1520,positive delta had no recent attributable attack packet
2026-07-25T22:17:43Z,83,P2,14340,15084,744,0.0744,gain,victim,P1-C1,5,Yatterman-1,264,3C,0,P2-C1,12,Ryu,0,,,1.0,False,0x60400001,0x00000000,0x00000000,0,0,,,,,,none,0,1520,positive delta had no recent attributable attack packet
2026-07-25T22:17:44Z,85,P1,18487,19296,809,0.0809,gain,attacker,P1-C1,5,Yatterman-1,266,j.B,0,P2-C1,12,Ryu,0,,,1.0,False,0x01C00200,0x00000000,0x00000000,0,0,,,,,,none,0,1471,positive delta had no recent attributable attack packet
2026-07-25T22:17:44Z,85,P2,15084,15593,509,0.0509,gain,victim,P1-C1,5,Yatterman-1,266,j.B,0,P2-C1,12,Ryu,0,,,1.0,False,0x01C00200,0x00000000,0x00000000,0,0,,,,,,none,0,1471,positive delta had no recent attributable attack packet
2026-07-25T22:17:44Z,86,P1,19296,20625,1329,0.1329,gain,attacker,P1-C1,5,Yatterman-1,323,air yatter Medium Attack A,0,P2-C1,12,Ryu,0,,,1.0,False,0x01C00200,0x00000000,0x00000000,0,0,,,,,,none,0,1501,positive delta had no recent attributable attack packet
2026-07-25T22:17:44Z,86,P2,15593,16390,797,0.0797,gain,victim,P1-C1,5,Yatterman-1,323,air yatter Medium Attack A,0,P2-C1,12,Ryu,0,,,1.0,False,0x01C00200,0x00000000,0x00000000,0,0,,,,,,none,0,1501,positive delta had no recent attributable attack packet
2026-07-25T22:17:45Z,87,P1,20625,20885,260,0.026,gain,attacker,P1-C1,5,Yatterman-1,320,air Kendamagic A,0,P2-C1,12,Ryu,0,,,1.0,False,0x01C00200,0x00000000,0x00000000,0,0,,,,,,none,0,828,positive delta had no recent attributable attack packet
2026-07-25T22:17:46Z,92,P1,20885,21385,500,0.05,gain,attacker,P1-C1,5,Yatterman-1,259,2A,0,P2-C1,12,Ryu,0,,,1.0,False,0x40400010,0x00000000,0x00000000,0,0,,,,,,none,0,800,positive delta had no recent attributable attack packet
2026-07-25T22:17:46Z,92,P2,16390,16666,276,0.0276,gain,victim,P1-C1,5,Yatterman-1,259,2A,0,P2-C1,12,Ryu,0,,,1.0,False,0x40400010,0x00000000,0x00000000,0,0,,,,,,none,0,800,positive delta had no recent attributable attack packet
2026-07-25T22:17:47Z,93,P1,21385,22088,703,0.0703,gain,attacker,P1-C1,5,Yatterman-1,264,3C,0,P2-C1,12,Ryu,0,,,1.0,False,0x60400001,0x00000000,0x00000000,0,0,,,,,,none,0,1520,positive delta had no recent attributable attack packet
2026-07-25T22:17:47Z,93,P2,16666,17192,526,0.0526,gain,victim,P1-C1,5,Yatterman-1,264,3C,0,P2-C1,12,Ryu,0,,,1.0,False,0x60400001,0x00000000,0x00000000,0,0,,,,,,none,0,1520,positive delta had no recent attributable attack packet
2026-07-25T22:17:47Z,94,P1,22088,23277,1189,0.1189,gain,attacker,P1-C1,5,Yatterman-1,31,Pre Super Jump,0,P2-C1,12,Ryu,0,,,1.0,False,0x04000600,0x00000000,0x00000000,0,0,,,,,,none,0,2149,positive delta had no recent attributable attack packet
2026-07-25T22:17:47Z,94,P2,17192,17936,744,0.0744,gain,victim,P1-C1,5,Yatterman-1,31,Pre Super Jump,0,P2-C1,12,Ryu,0,,,1.0,False,0x04000600,0x00000000,0x00000000,0,0,,,,,,none,0,2149,positive delta had no recent attributable attack packet
2026-07-25T22:17:47Z,95,P1,23277,24093,816,0.0816,gain,unknown,P1-C1,5,Yatterman-1,266,j.B,0,,0,,0,,,1.0,False,0x04400600,0x00000000,0x00000000,0,0,,,,,,none,0,0,positive delta had no recent attributable attack packet
2026-07-25T22:17:47Z,95,P2,17936,18450,514,0.0514,gain,unknown,P2-C1,12,Ryu,97,Launched,0,,0,,0,,,1.0,False,0x00005200,0x00000000,0x00000000,0,0,,,,,,none,0,0,positive delta had no recent attributable attack packet
2026-07-25T22:17:47Z,96,P1,24093,24601,508,0.0508,gain,attacker,P1-C1,5,Yatterman-1,323,air yatter Medium Attack A,0,P2-C1,12,Ryu,0,,,1.0,False,0x01C00200,0x00000000,0x00000000,0,0,,,,,,none,0,1485,positive delta had no recent attributable attack packet
2026-07-25T22:17:47Z,96,P2,18450,18635,185,0.0185,gain,victim,P1-C1,5,Yatterman-1,323,air yatter Medium Attack A,0,P2-C1,12,Ryu,0,,,1.0,False,0x01C00200,0x00000000,0x00000000,0,0,,,,,,none,0,1485,positive delta had no recent attributable attack packet
2026-07-25T22:17:48Z,97,P1,24601,25435,834,0.0834,gain,attacker,P1-C1,5,Yatterman-1,323,air yatter Medium Attack A,0,P2-C1,12,Ryu,0,,,1.0,False,0x00400E00,0x00000000,0x00000000,0,0,,,,,,none,0,2354,positive delta had no recent attributable attack packet
2026-07-25T22:17:48Z,97,P2,18635,19258,623,0.0623,gain,victim,P1-C1,5,Yatterman-1,323,air yatter Medium Attack A,0,P2-C1,12,Ryu,0,,,1.0,False,0x00400E00,0x00000000,0x00000000,0,0,,,,,,none,0,2354,positive delta had no recent attributable attack packet
2026-07-25T22:17:48Z,98,P1,25435,25500,65,0.0065,gain,unknown,P1-C1,5,Yatterman-1,1,idle,0,,0,,0,,,1.0,False,0x00000001,0x00000000,0x00000000,0,0,,,,,,none,0,0,positive delta had no recent attributable attack packet
2026-07-25T22:17:53Z,118,P1,25500,25760,260,0.026,gain,unknown,P1-C1,5,Yatterman-1,309,yatter shock C,0,,0,,0,,,1.0,False,0x41400001,0x00000000,0x00000000,0,0,,,,,,none,0,0,positive delta had no recent attributable attack packet
2026-07-25T22:17:53Z,119,P1,25760,26501,741,0.0741,gain,attacker,P1-C1,5,Yatterman-1,309,yatter shock C,0,P2-C1,12,Ryu,0,,,1.0,False,0x41400001,0x00000000,0x00000000,0,0,,,,,,none,0,1600,positive delta had no recent attributable attack packet
2026-07-25T22:17:53Z,119,P2,19258,19813,555,0.0555,gain,victim,P1-C1,5,Yatterman-1,309,yatter shock C,0,P2-C1,12,Ryu,0,,,1.0,False,0x41400001,0x00000000,0x00000000,0,0,,,,,,none,0,1600,positive delta had no recent attributable attack packet
2026-07-25T22:17:53Z,122,P1,26501,27412,911,0.0911,gain,attacker,P1-C1,5,Yatterman-1,512,yatter shock C,0,P2-C1,12,Ryu,0,,,1.0,False,0x01200001,0x00000000,0x00000000,0,0,,,,,,none,0,1520,positive delta had no recent attributable attack packet
2026-07-25T22:17:53Z,122,P2,19813,20495,682,0.0682,gain,victim,P1-C1,5,Yatterman-1,512,yatter shock C,0,P2-C1,12,Ryu,0,,,1.0,False,0x01200001,0x00000000,0x00000000,0,0,,,,,,none,0,1520,positive delta had no recent attributable attack packet
2026-07-25T22:17:54Z,123,P1,27412,27430,18,0.0018,gain,attacker,P1-C1,5,Yatterman-1,512,yatter shock C,0,P2-C1,12,Ryu,0,,,1.0,False,0x01200001,0x00000000,0x00000000,0,0,,,,,,none,0,492,positive delta had no recent attributable attack packet
2026-07-25T22:17:54Z,123,P2,20495,20508,13,0.0013,gain,victim,P1-C1,5,Yatterman-1,512,yatter shock C,0,P2-C1,12,Ryu,0,,,1.0,False,0x01200001,0x00000000,0x00000000,0,0,,,,,,none,0,492,positive delta had no recent attributable attack packet
2026-07-25T22:17:54Z,124,P1,27430,27461,31,0.0031,gain,attacker,P1-C1,5,Yatterman-1,512,yatter shock C,0,P2-C1,12,Ryu,0,,,1.0,False,0x01200001,0x00000000,0x00000000,0,0,,,,,,none,0,76,positive delta had no recent attributable attack packet
2026-07-25T22:17:54Z,124,P2,20508,20530,22,0.0022,gain,victim,P1-C1,5,Yatterman-1,512,yatter shock C,0,P2-C1,12,Ryu,0,,,1.0,False,0x01200001,0x00000000,0x00000000,0,0,,,,,,none,0,76,positive delta had no recent attributable attack packet
2026-07-25T22:17:54Z,125,P1,27461,27489,28,0.0028,gain,attacker,P1-C1,5,Yatterman-1,512,yatter shock C,0,P2-C1,12,Ryu,0,,,1.0,False,0x01200001,0x00000000,0x00000000,0,0,,,,,,none,0,66,positive delta had no recent attributable attack packet
2026-07-25T22:17:54Z,125,P2,20530,20550,20,0.002,gain,victim,P1-C1,5,Yatterman-1,512,yatter shock C,0,P2-C1,12,Ryu,0,,,1.0,False,0x01200001,0x00000000,0x00000000,0,0,,,,,,none,0,66,positive delta had no recent attributable attack packet
2026-07-25T22:17:55Z,126,P1,27489,27513,24,0.0024,gain,attacker,P1-C1,5,Yatterman-1,512,yatter shock C,0,P2-C1,12,Ryu,0,,,1.0,False,0x01200001,0x00000000,0x00000000,0,0,,,,,,none,0,29,positive delta had no recent attributable attack packet
2026-07-25T22:17:55Z,126,P2,20550,20566,16,0.0016,gain,victim,P1-C1,5,Yatterman-1,512,yatter shock C,0,P2-C1,12,Ryu,0,,,1.0,False,0x01200001,0x00000000,0x00000000,0,0,,,,,,none,0,29,positive delta had no recent attributable attack packet
2026-07-25T22:17:55Z,127,P1,27513,27532,19,0.0019,gain,attacker,P1-C1,5,Yatterman-1,512,yatter shock C,0,P2-C1,12,Ryu,0,,,1.0,False,0x01200001,0x00000000,0x00000000,0,0,,,,,,none,0,51,positive delta had no recent attributable attack packet
2026-07-25T22:17:55Z,127,P2,20566,20579,13,0.0013,gain,victim,P1-C1,5,Yatterman-1,512,yatter shock C,0,P2-C1,12,Ryu,0,,,1.0,False,0x01200001,0x00000000,0x00000000,0,0,,,,,,none,0,51,positive delta had no recent attributable attack packet
2026-07-25T22:17:55Z,128,P1,27532,27533,1,0.0001,gain,attacker,P1-C1,5,Yatterman-1,1,idle,0,P2-C1,12,Ryu,0,,,1.0,False,0x00000103,0x00000000,0x00000000,0,0,,,,,,none,0,23,positive delta had no recent attributable attack packet
2026-07-25T22:17:56Z,130,P1,27533,28090,557,0.0557,gain,attacker,P1-C1,5,Yatterman-1,31,Pre Super Jump,0,P2-C1,12,Ryu,0,,,1.0,False,0x00000401,0x00000000,0x00000000,0,0,,,,,,none,0,784,positive delta had no recent attributable attack packet
2026-07-25T22:17:56Z,130,P2,20579,20850,271,0.0271,gain,victim,P1-C1,5,Yatterman-1,31,Pre Super Jump,0,P2-C1,12,Ryu,0,,,1.0,False,0x04000600,0x00000000,0x00000000,0,0,,,,,,none,0,784,positive delta had no recent attributable attack packet
2026-07-25T22:17:56Z,131,P1,28090,28466,376,0.0376,gain,attacker,P1-C1,5,Yatterman-1,288,j.A (second hit),0,P2-C1,12,Ryu,0,,,1.0,False,0x04400600,0x00000000,0x00000000,0,0,,,,,,none,0,330,positive delta had no recent attributable attack packet
2026-07-25T22:17:56Z,131,P2,20850,21083,233,0.0233,gain,victim,P1-C1,5,Yatterman-1,288,j.A (second hit),0,P2-C1,12,Ryu,0,,,1.0,False,0x04400600,0x00000000,0x00000000,0,0,,,,,,none,0,330,positive delta had no recent attributable attack packet
2026-07-25T22:17:56Z,132,P1,28466,28954,488,0.0488,gain,attacker,P1-C1,5,Yatterman-1,266,j.B,0,P2-C1,12,Ryu,0,,,1.0,False,0x04400600,0x00000000,0x00000000,0,0,,,,,,none,0,988,positive delta had no recent attributable attack packet
2026-07-25T22:17:56Z,132,P2,21083,21302,219,0.0219,gain,victim,P1-C1,5,Yatterman-1,266,j.B,0,P2-C1,12,Ryu,0,,,1.0,False,0x04400600,0x00000000,0x00000000,0,0,,,,,,none,0,988,positive delta had no recent attributable attack packet
2026-07-25T22:17:57Z,133,P1,28954,29658,704,0.0704,gain,unknown,P1-C1,5,Yatterman-1,324,air yatter Medium Attack B,0,,0,,0,,,1.0,False,0x01C00200,0x00000000,0x00000000,0,0,,,,,,none,0,0,positive delta had no recent attributable attack packet
2026-07-25T22:17:57Z,133,P2,21302,21634,332,0.0332,gain,unknown,P2-C1,12,Ryu,91,Soft Knockdown,0,,0,,0,,,1.0,False,0x00005200,0x00000000,0x00000000,0,0,,,,,,none,0,0,positive delta had no recent attributable attack packet
2026-07-25T22:17:57Z,134,P1,29658,30783,1125,0.1125,gain,attacker,P1-C1,5,Yatterman-1,267,j.C,0,P2-C1,12,Ryu,0,,,1.0,False,0x00400200,0x00000000,0x00000000,0,0,,,,,,none,0,1716,positive delta had no recent attributable attack packet
2026-07-25T22:17:57Z,134,P2,21634,22327,693,0.0693,gain,victim,P1-C1,5,Yatterman-1,267,j.C,0,P2-C1,12,Ryu,0,,,1.0,False,0x00400200,0x00000000,0x00000000,0,0,,,,,,none,0,1716,positive delta had no recent attributable attack packet
2026-07-25T22:18:04Z,168,P1,30783,31153,370,0.037,gain,attacker,P1-C1,5,Yatterman-1,256,5A,0,P2-C1,12,Ryu,0,,,1.0,False,0x40400001,0x00000000,0x00000000,0,0,,,,,,none,0,800,positive delta had no recent attributable attack packet
2026-07-25T22:18:04Z,168,P2,22327,22603,276,0.0276,gain,victim,P1-C1,5,Yatterman-1,256,5A,0,P2-C1,12,Ryu,0,,,1.0,False,0x40400001,0x00000000,0x00000000,0,0,,,,,,none,0,800,positive delta had no recent attributable attack packet
2026-07-25T22:18:04Z,169,P1,31153,31567,414,0.0414,gain,attacker,P1-C1,5,Yatterman-1,257,5B,0,P2-C1,12,Ryu,0,,,1.0,False,0x40400010,0x00000000,0x00000000,0,0,,,,,,none,0,617,positive delta had no recent attributable attack packet
2026-07-25T22:18:04Z,169,P2,22603,22816,213,0.0213,gain,victim,P1-C1,5,Yatterman-1,257,5B,0,P2-C1,12,Ryu,0,,,1.0,False,0x40400010,0x00000000,0x00000000,0,0,,,,,,none,0,617,positive delta had no recent attributable attack packet
2026-07-25T22:18:04Z,170,P1,31567,32761,1194,0.1194,gain,attacker,P1-C1,5,Yatterman-1,262,6C,0,P2-C1,12,Ryu,0,,,1.0,False,0x00400001,0x00000000,0x00000000,0,0,,,,,,none,0,2160,positive delta had no recent attributable attack packet
2026-07-25T22:18:04Z,170,P2,22816,23564,748,0.0748,gain,victim,P1-C1,5,Yatterman-1,262,6C,0,P2-C1,12,Ryu,0,,,1.0,False,0x00400001,0x00000000,0x00000000,0,0,,,,,,none,0,2160,positive delta had no recent attributable attack packet
2026-07-25T22:18:05Z,171,P1,32761,34031,1270,0.127,gain,unknown,P1-C1,5,Yatterman-1,262,6C,0,,0,,0,,,1.0,False,0x01400001,0x00000000,0x00000000,0,0,,,,,,none,0,0,positive delta had no recent attributable attack packet
2026-07-25T22:18:05Z,171,P2,23564,24370,806,0.0806,gain,unknown,P2-C1,12,Ryu,96,Soft Knockdown,0,,0,,0,,,1.0,False,0x00005200,0x00000000,0x00000000,0,0,,,,,,none,0,0,positive delta had no recent attributable attack packet
2026-07-25T22:18:05Z,172,P1,34031,34291,260,0.026,gain,attacker,P1-C1,5,Yatterman-1,313,yatter run,0,P2-C1,12,Ryu,0,,,1.0,False,0x00400E00,0x00000000,0x00000000,0,0,,,,,,none,0,2328,positive delta had no recent attributable attack packet
2026-07-25T22:18:05Z,173,P1,34291,34974,683,0.0683,gain,attacker,P1-C1,5,Yatterman-1,315,yatter hop B,0,P2-C1,12,Ryu,0,,,1.0,False,0x00000C01,0x00000000,0x00000000,0,0,,,,,,none,0,1198,positive delta had no recent attributable attack packet
2026-07-25T22:18:05Z,173,P2,24370,24784,414,0.0414,gain,victim,P1-C1,5,Yatterman-1,315,yatter hop B,0,P2-C1,12,Ryu,0,,,1.0,False,0x00000C01,0x00000000,0x00000000,0,0,,,,,,none,0,1198,positive delta had no recent attributable attack packet
2026-07-25T22:18:06Z,174,P1,34974,35637,663,0.0663,gain,unknown,P1-C1,5,Yatterman-1,266,j.B,0,,0,,0,,,1.0,False,0x00400600,0x00000000,0x00000000,0,0,,,,,,none,0,0,positive delta had no recent attributable attack packet
2026-07-25T22:18:06Z,174,P2,24784,25183,399,0.0399,gain,unknown,P2-C1,12,Ryu,91,Soft Knockdown,0,,0,,0,,,1.0,False,0x00005200,0x00000000,0x00000000,0,0,,,,,,none,0,0,positive delta had no recent attributable attack packet
2026-07-25T22:18:06Z,176,P1,35637,36578,941,0.0941,gain,attacker,P1-C1,5,Yatterman-1,323,air yatter Medium Attack A,0,P2-C1,12,Ryu,0,,,1.0,False,0x01C00200,0x00000000,0x00000000,0,0,,,,,,none,0,802,positive delta had no recent attributable attack packet
2026-07-25T22:18:06Z,176,P2,25183,25690,507,0.0507,gain,victim,P1-C1,5,Yatterman-1,323,air yatter Medium Attack A,0,P2-C1,12,Ryu,0,,,1.0,False,0x01C00200,0x00000000,0x00000000,0,0,,,,,,none,0,802,positive delta had no recent attributable attack packet
2026-07-25T22:18:07Z,177,P1,36578,36833,255,0.0255,gain,attacker,P1-C1,5,Yatterman-1,1,idle,0,P2-C1,12,Ryu,0,,,1.0,False,0x00000001,0x00000000,0x00000000,0,0,,,,,,none,0,1236,positive delta had no recent attributable attack packet
2026-07-25T22:18:07Z,177,P2,25690,25880,190,0.019,gain,victim,P1-C1,5,Yatterman-1,1,idle,0,P2-C1,12,Ryu,0,,,1.0,False,0x00000001,0x00000000,0x00000000,0,0,,,,,,none,0,1236,positive delta had no recent attributable attack packet
2026-07-25T22:18:07Z,179,P1,36833,37203,370,0.037,gain,unknown,P1-C1,5,Yatterman-1,2,Forward,0,,0,,0,,,1.0,False,0x40400001,0x00000000,0x00000000,0,0,,,,,,none,0,0,positive delta had no recent attributable attack packet
2026-07-25T22:18:07Z,179,P2,25880,26156,276,0.0276,gain,unknown,P2-C1,12,Ryu,1,idle,0,,0,,0,,,1.0,False,0x00001001,0x00000000,0x00000000,0,0,,,,,,none,0,0,positive delta had no recent attributable attack packet
2026-07-25T22:18:08Z,180,P1,37203,37617,414,0.0414,gain,attacker,P1-C1,5,Yatterman-1,257,5B,0,P2-C1,12,Ryu,0,,,1.0,False,0x40400010,0x00000000,0x00000000,0,0,,,,,,none,0,800,positive delta had no recent attributable attack packet
2026-07-25T22:18:08Z,180,P2,26156,26369,213,0.0213,gain,victim,P1-C1,5,Yatterman-1,257,5B,0,P2-C1,12,Ryu,0,,,1.0,False,0x40400010,0x00000000,0x00000000,0,0,,,,,,none,0,800,positive delta had no recent attributable attack packet
2026-07-25T22:18:08Z,181,P1,37617,38811,1194,0.1194,gain,attacker,P1-C1,5,Yatterman-1,261,2C,0,P2-C1,12,Ryu,0,,,1.0,False,0x00400001,0x00000000,0x00000000,0,0,,,,,,none,0,2777,positive delta had no recent attributable attack packet
2026-07-25T22:18:08Z,181,P2,26369,27117,748,0.0748,gain,victim,P1-C1,5,Yatterman-1,261,2C,0,P2-C1,12,Ryu,0,,,1.0,False,0x00400001,0x00000000,0x00000000,0,0,,,,,,none,0,2777,positive delta had no recent attributable attack packet
2026-07-25T22:18:08Z,182,P1,38811,39006,195,0.0195,gain,unknown,P1-C1,5,Yatterman-1,262,6C,0,,0,,0,,,1.0,False,0x00400001,0x00000000,0x00000000,0,0,,,,,,none,0,0,positive delta had no recent attributable attack packet
2026-07-25T22:18:09Z,183,P1,39006,40341,1335,0.1335,gain,attacker,P1-C1,5,Yatterman-1,313,yatter run,0,P2-C1,12,Ryu,0,,,1.0,False,0x01400001,0x00000000,0x00000000,0,0,,,,,,none,0,2328,positive delta had no recent attributable attack packet
2026-07-25T22:18:09Z,183,P2,27117,27923,806,0.0806,gain,victim,P1-C1,5,Yatterman-1,313,yatter run,0,P2-C1,12,Ryu,0,,,1.0,False,0x01400001,0x00000000,0x00000000,0,0,,,,,,none,0,2328,positive delta had no recent attributable attack packet
2026-07-25T22:18:09Z,184,P1,40341,41452,1111,0.1111,gain,unknown,P1-C1,5,Yatterman-1,313,yatter run,0,,0,,0,,,1.0,False,0x01400001,0x00000000,0x00000000,0,0,,,,,,none,0,0,positive delta had no recent attributable attack packet
2026-07-25T22:18:09Z,184,P2,27923,28756,833,0.0833,gain,unknown,P2-C1,12,Ryu,91,Soft Knockdown,0,,0,,0,,,1.0,False,0x00005200,0x00000000,0x00000000,0,0,,,,,,none,0,0,positive delta had no recent attributable attack packet
2026-07-25T22:18:10Z,187,P1,41452,41952,500,0.05,gain,attacker,P1-C1,5,Yatterman-1,257,5B,0,P2-C1,12,Ryu,0,,,1.0,False,0x40400001,0x00000000,0x00000000,0,0,,,,,,none,0,800,positive delta had no recent attributable attack packet
2026-07-25T22:18:10Z,187,P2,28756,29032,276,0.0276,gain,victim,P1-C1,5,Yatterman-1,257,5B,0,P2-C1,12,Ryu,0,,,1.0,False,0x40400001,0x00000000,0x00000000,0,0,,,,,,none,0,800,positive delta had no recent attributable attack packet
2026-07-25T22:18:11Z,188,P1,41952,43430,1478,0.1478,gain,attacker,P1-C1,5,Yatterman-1,261,2C,0,P2-C1,12,Ryu,0,,,1.0,False,0x40400010,0x00000000,0x00000000,0,0,,,,,,none,0,617,positive delta had no recent attributable attack packet
2026-07-25T22:18:11Z,188,P2,29032,29993,961,0.0961,gain,victim,P1-C1,5,Yatterman-1,261,2C,0,P2-C1,12,Ryu,0,,,1.0,False,0x00400001,0x00000000,0x00000000,0,0,,,,,,none,0,617,positive delta had no recent attributable attack packet
2026-07-25T22:18:11Z,189,P1,43430,43625,195,0.0195,gain,attacker,P1-C1,5,Yatterman-1,262,6C,0,P2-C1,12,Ryu,0,,,1.0,False,0x00400001,0x00000000,0x00000000,0,0,,,,,,none,0,2160,positive delta had no recent attributable attack packet
2026-07-25T22:18:11Z,190,P1,43625,44700,1075,0.1075,gain,attacker,P1-C1,5,Yatterman-1,262,6C,0,P2-C1,12,Ryu,0,,,1.0,False,0x01400001,0x00000000,0x00000000,0,0,,,,,,none,0,2328,positive delta had no recent attributable attack packet
2026-07-25T22:18:11Z,190,P2,29993,30799,806,0.0806,gain,victim,P1-C1,5,Yatterman-1,262,6C,0,P2-C1,12,Ryu,0,,,1.0,False,0x01400001,0x00000000,0x00000000,0,0,,,,,,none,0,2328,positive delta had no recent attributable attack packet
2026-07-25T22:18:12Z,191,P1,44700,44960,260,0.026,gain,unknown,P1-C1,5,Yatterman-1,313,yatter run,0,,0,,0,,,1.0,False,0x00400E00,0x00000000,0x00000000,0,0,,,,,,none,0,0,positive delta had no recent attributable attack packet
2026-07-25T22:18:12Z,192,P1,44960,45643,683,0.0683,gain,attacker,P1-C1,5,Yatterman-1,315,yatter hop B,0,P2-C1,12,Ryu,0,,,1.0,False,0x00000401,0x00000000,0x00000000,0,0,,,,,,none,0,1198,positive delta had no recent attributable attack packet
2026-07-25T22:18:12Z,192,P2,30799,31213,414,0.0414,gain,victim,P1-C1,5,Yatterman-1,315,yatter hop B,0,P2-C1,12,Ryu,0,,,1.0,False,0x00000401,0x00000000,0x00000000,0,0,,,,,,none,0,1198,positive delta had no recent attributable attack packet
2026-07-25T22:18:12Z,193,P1,45643,46306,663,0.0663,gain,attacker,P1-C1,5,Yatterman-1,266,j.B,0,P2-C1,12,Ryu,0,,,1.0,False,0x01C00200,0x00000000,0x00000000,0,0,,,,,,none,0,1153,positive delta had no recent attributable attack packet
2026-07-25T22:18:12Z,193,P2,31213,31612,399,0.0399,gain,victim,P1-C1,5,Yatterman-1,266,j.B,0,P2-C1,12,Ryu,0,,,1.0,False,0x01C00200,0x00000000,0x00000000,0,0,,,,,,none,0,1153,positive delta had no recent attributable attack packet
2026-07-25T22:18:13Z,194,P1,46306,47249,943,0.0943,gain,attacker,P1-C1,5,Yatterman-1,323,air yatter Medium Attack A,0,P2-C1,12,Ryu,0,,,1.0,False,0x01C00200,0x00000000,0x00000000,0,0,,,,,,none,0,418,positive delta had no recent attributable attack packet
2026-07-25T22:18:13Z,194,P2,31612,32122,510,0.051,gain,victim,P1-C1,5,Yatterman-1,323,air yatter Medium Attack A,0,P2-C1,12,Ryu,0,,,1.0,False,0x01C00200,0x00000000,0x00000000,0,0,,,,,,none,0,418,positive delta had no recent attributable attack packet
2026-07-25T22:18:13Z,195,P1,47249,47567,318,0.0318,gain,attacker,P1-C1,5,Yatterman-1,256,5A,0,P2-C1,12,Ryu,0,,,1.0,False,0x40400001,0x00000000,0x00000000,0,0,,,,,,none,0,1364,positive delta had no recent attributable attack packet
2026-07-25T22:18:13Z,195,P2,32122,32359,237,0.0237,gain,victim,P1-C1,5,Yatterman-1,256,5A,0,P2-C1,12,Ryu,0,,,1.0,False,0x40400001,0x00000000,0x00000000,0,0,,,,,,none,0,1364,positive delta had no recent attributable attack packet
2026-07-25T22:18:14Z,196,P1,47567,48083,516,0.0516,gain,attacker,P1-C1,5,Yatterman-1,260,2B,0,P2-C1,12,Ryu,0,,,1.0,False,0x40400010,0x00000000,0x00000000,0,0,,,,,,none,0,397,positive delta had no recent attributable attack packet
2026-07-25T22:18:14Z,196,P2,32359,32599,240,0.024,gain,victim,P1-C1,5,Yatterman-1,260,2B,0,P2-C1,12,Ryu,0,,,1.0,False,0x40400010,0x00000000,0x00000000,0,0,,,,,,none,0,397,positive delta had no recent attributable attack packet
2026-07-25T22:18:14Z,197,P1,48083,48278,195,0.0195,gain,attacker,P1-C1,5,Yatterman-1,262,6C,0,P2-C1,12,Ryu,0,,,1.0,False,0x00400001,0x00000000,0x00000000,0,0,,,,,,none,0,697,positive delta had no recent attributable attack packet
2026-07-25T22:18:14Z,198,P1,48278,49002,724,0.0724,gain,attacker,P1-C1,5,Yatterman-1,313,yatter run,0,P2-C1,12,Ryu,0,,,1.0,False,0x00400001,0x00000000,0x00000000,0,0,,,,,,none,0,1004,positive delta had no recent attributable attack packet
2026-07-25T22:18:14Z,198,P2,32599,32946,347,0.0347,gain,victim,P1-C1,5,Yatterman-1,313,yatter run,0,P2-C1,12,Ryu,0,,,1.0,False,0x00400001,0x00000000,0x00000000,0,0,,,,,,none,0,1004,positive delta had no recent attributable attack packet
2026-07-25T22:18:15Z,199,P1,49002,49375,373,0.0373,gain,attacker,P1-C1,5,Yatterman-1,315,yatter hop B,0,P2-C1,12,Ryu,0,,,1.0,False,0x00400E00,0x00000000,0x00000000,0,0,,,,,,none,0,527,positive delta had no recent attributable attack packet
2026-07-25T22:18:15Z,199,P2,32946,33128,182,0.0182,gain,victim,P1-C1,5,Yatterman-1,315,yatter hop B,0,P2-C1,12,Ryu,0,,,1.0,False,0x00400E00,0x00000000,0x00000000,0,0,,,,,,none,0,527,positive delta had no recent attributable attack packet
2026-07-25T22:18:15Z,200,P1,49375,49755,380,0.038,gain,attacker,P1-C1,5,Yatterman-1,266,j.B,0,P2-C1,12,Ryu,0,,,1.0,False,0x00400602,0x00000000,0x00000000,0,0,,,,,,none,0,544,positive delta had no recent attributable attack packet
2026-07-25T22:18:15Z,200,P2,33128,33315,187,0.0187,gain,victim,P1-C1,5,Yatterman-1,266,j.B,0,P2-C1,12,Ryu,0,,,1.0,False,0x00400602,0x00000000,0x00000000,0,0,,,,,,none,0,544,positive delta had no recent attributable attack packet
2026-07-25T22:18:16Z,201,P1,49755,50000,245,0.0245,gain,attacker,P1-C1,5,Yatterman-1,323,air yatter Medium Attack A,0,P2-C1,12,Ryu,0,,,1.0,False,0x01C00200,0x00000000,0x00000000,0,0,,,,,,none,0,210,positive delta had no recent attributable attack packet
2026-07-25T22:18:16Z,201,P2,33315,33527,212,0.0212,gain,victim,P1-C1,5,Yatterman-1,323,air yatter Medium Attack A,0,P2-C1,12,Ryu,0,,,1.0,False,0x01C00200,0x00000000,0x00000000,0,0,,,,,,none,0,210,positive delta had no recent attributable attack packet
2026-07-25T22:18:16Z,202,P2,33527,33702,175,0.0175,gain,victim,P1-C1,5,Yatterman-1,1,idle,0,P2-C1,12,Ryu,0,,,1.0,False,0x40400001,0x00000000,0x00000000,0,0,,,,,,none,0,628,positive delta had no recent attributable attack packet
2026-07-25T22:18:18Z,208,P2,33702,33978,276,0.0276,gain,unknown,P2-C1,12,Ryu,1,idle,0,,0,,0,,,1.0,False,0x00000001,0x00000000,0x00000000,0,0,,,,,,none,0,0,positive delta had no recent attributable attack packet
2026-07-25T22:18:18Z,209,P2,33978,34191,213,0.0213,gain,unknown,P2-C1,12,Ryu,64,Standing Hitstun,0,,0,,0,,,1.0,False,0x00001001,0x00000000,0x00000000,0,0,,,,,,none,0,0,positive delta had no recent attributable attack packet
2026-07-25T22:18:19Z,210,P2,34191,34939,748,0.0748,gain,victim,P1-C1,5,Yatterman-1,261,2C,0,P2-C1,12,Ryu,0,,,1.0,False,0x00400001,0x00000000,0x00000000,0,0,,,,,,none,0,2777,positive delta had no recent attributable attack packet
2026-07-25T22:18:19Z,212,P2,34939,35745,806,0.0806,gain,victim,P1-C1,5,Yatterman-1,313,yatter run,0,P2-C1,12,Ryu,0,,,1.0,False,0x01400001,0x00000000,0x00000000,0,0,,,,,,none,0,2328,positive delta had no recent attributable attack packet
2026-07-25T22:18:20Z,214,P2,35745,36154,409,0.0409,gain,victim,P1-C1,5,Yatterman-1,30,landing,0,P2-C1,12,Ryu,0,,,1.0,False,0x00000005,0x00000000,0x00000000,0,0,,,,,,none,0,1183,positive delta had no recent attributable attack packet
2026-07-25T22:18:20Z,215,P2,36154,36380,226,0.0226,gain,victim,P1-C1,5,Yatterman-1,256,5A,0,P2-C1,12,Ryu,0,,,1.0,False,0x40400010,0x00000000,0x00000000,0,0,,,,,,none,0,654,positive delta had no recent attributable attack packet
2026-07-25T22:18:21Z,216,P2,36380,36793,413,0.0413,gain,victim,P1-C1,5,Yatterman-1,270,6B,0,P2-C1,12,Ryu,0,,,1.0,False,0x40400001,0x00000000,0x00000000,0,0,,,,,,none,0,1194,positive delta had no recent attributable attack packet
2026-07-25T22:18:21Z,217,P2,36793,37198,405,0.0405,gain,victim,P1-C1,5,Yatterman-1,270,6B,0,P2-C1,12,Ryu,0,,,1.0,False,0x40400001,0x00000000,0x00000000,0,0,,,,,,none,0,1173,positive delta had no recent attributable attack packet
2026-07-25T22:18:22Z,221,P2,37198,37474,276,0.0276,gain,victim,P1-C1,5,Yatterman-1,257,5B,0,P2-C1,12,Ryu,0,,,1.0,False,0x40400001,0x00000000,0x00000000,0,0,,,,,,none,0,800,positive delta had no recent attributable attack packet
2026-07-25T22:18:22Z,222,P2,37474,37687,213,0.0213,gain,victim,P1-C1,5,Yatterman-1,261,2C,0,P2-C1,12,Ryu,0,,,1.0,False,0x40400010,0x00000000,0x00000000,0,0,,,,,,none,0,617,positive delta had no recent attributable attack packet
2026-07-25T22:18:23Z,223,P2,37687,38435,748,0.0748,gain,victim,P1-C1,5,Yatterman-1,262,6C,0,P2-C1,12,Ryu,0,,,1.0,False,0x00400001,0x00000000,0x00000000,0,0,,,,,,none,0,2160,positive delta had no recent attributable attack packet
2026-07-25T22:18:23Z,224,P2,38435,39241,806,0.0806,gain,unknown,P2-C1,12,Ryu,96,Soft Knockdown,0,,0,,0,,,1.0,False,0x00005200,0x00000000,0x00000000,0,0,,,,,,none,0,0,positive delta had no recent attributable attack packet
2026-07-25T22:18:24Z,226,P2,39241,39650,409,0.0409,gain,victim,P1-C1,5,Yatterman-1,315,yatter hop B,0,P2-C1,12,Ryu,0,,,1.0,False,0x00400E00,0x00000000,0x00000000,0,0,,,,,,none,0,1183,positive delta had no recent attributable attack packet
2026-07-25T22:18:24Z,228,P2,39650,40285,635,0.0635,gain,victim,P1-C1,5,Yatterman-1,260,2B,0,P2-C1,12,Ryu,0,,,1.0,False,0x40400010,0x00000000,0x00000000,0,0,,,,,,none,0,516,positive delta had no recent attributable attack packet
2026-07-25T22:18:25Z,230,P2,40285,41220,935,0.0935,gain,victim,P1-C1,5,Yatterman-1,262,6C,0,P2-C1,12,Ryu,0,,,1.0,False,0x01400001,0x00000000,0x00000000,0,0,,,,,,none,0,2160,positive delta had no recent attributable attack packet
2026-07-25T22:18:26Z,232,P2,41220,41712,492,0.0492,gain,victim,P1-C1,5,Yatterman-1,315,yatter hop B,0,P2-C1,12,Ryu,0,,,1.0,False,0x00400E00,0x00000000,0x00000000,0,0,,,,,,none,0,1139,positive delta had no recent attributable attack packet
2026-07-25T22:18:26Z,233,P2,41712,41983,271,0.0271,gain,unknown,P2-C1,12,Ryu,91,Soft Knockdown,0,,0,,0,,,1.0,False,0x00005200,0x00000000,0x00000000,0,0,,,,,,none,0,0,positive delta had no recent attributable attack packet
2026-07-25T22:18:26Z,234,P2,41983,42930,947,0.0947,gain,victim,P1-C1,5,Yatterman-1,267,j.C,0,P2-C1,12,Ryu,0,,,1.0,False,0x00400200,0x00000000,0x00000000,0,0,,,,,,none,0,2814,positive delta had no recent attributable attack packet
2026-07-25T22:18:28Z,238,P2,42930,43206,276,0.0276,gain,victim,P1-C1,5,Yatterman-1,256,5A,0,P2-C1,12,Ryu,0,,,1.0,False,0x40400001,0x00000000,0x00000000,0,0,,,,,,none,0,560,positive delta had no recent attributable attack packet
2026-07-25T22:18:28Z,239,P2,43206,43419,213,0.0213,gain,victim,P1-C1,5,Yatterman-1,261,2C,0,P2-C1,12,Ryu,0,,,1.0,False,0x40400010,0x00000000,0x00000000,0,0,,,,,,none,0,431,positive delta had no recent attributable attack packet
2026-07-25T22:18:28Z,240,P2,43419,44167,748,0.0748,gain,victim,P1-C1,5,Yatterman-1,262,6C,0,P2-C1,12,Ryu,0,,,1.0,False,0x00400001,0x00000000,0x00000000,0,0,,,,,,none,0,1512,positive delta had no recent attributable attack packet
2026-07-25T22:18:29Z,241,P2,44167,44973,806,0.0806,gain,unknown,P2-C1,12,Ryu,96,Soft Knockdown,0,,0,,0,,,1.0,False,0x00005200,0x00000000,0x00000000,0,0,,,,,,none,0,0,positive delta had no recent attributable attack packet
2026-07-25T22:18:29Z,243,P2,44973,45387,414,0.0414,gain,unknown,P2-C1,12,Ryu,91,Soft Knockdown,0,,0,,0,,,1.0,False,0x00005200,0x00000000,0x00000000,0,0,,,,,,none,0,0,positive delta had no recent attributable attack packet
2026-07-25T22:18:30Z,245,P2,45387,45617,230,0.023,gain,unknown,P2-C1,12,Ryu,91,Soft Knockdown,0,,0,,0,,,1.0,False,0x00005200,0x00000000,0x00000000,0,0,,,,,,none,0,0,positive delta had no recent attributable attack packet
2026-07-25T22:18:30Z,246,P2,45617,45827,210,0.021,gain,unknown,P2-C1,12,Ryu,91,Soft Knockdown,0,,0,,0,,,1.0,False,0x00005200,0x00000000,0x00000000,0,0,,,,,,none,0,0,positive delta had no recent attributable attack packet
2026-07-25T22:18:31Z,248,P2,45827,46103,276,0.0276,gain,unknown,P2-C1,12,Ryu,1,idle,0,,0,,0,,,1.0,False,0x00001001,0x00000000,0x00000000,0,0,,,,,,none,0,0,positive delta had no recent attributable attack packet
2026-07-25T22:18:31Z,249,P2,46103,46316,213,0.0213,gain,unknown,P2-C1,12,Ryu,64,Standing Hitstun,0,,0,,0,,,1.0,False,0x00001001,0x00000000,0x00000000,0,0,,,,,,none,0,0,positive delta had no recent attributable attack packet
2026-07-25T22:18:32Z,250,P2,46316,47064,748,0.0748,gain,unknown,P2-C1,12,Ryu,96,Soft Knockdown,0,,0,,0,,,1.0,False,0x00003200,0x00000000,0x00000000,0,0,,,,,,none,0,0,positive delta had no recent attributable attack packet
2026-07-25T22:18:32Z,251,P2,47064,47870,806,0.0806,gain,unknown,P2-C1,12,Ryu,96,Soft Knockdown,0,,0,,0,,,1.0,False,0x00005200,0x00000000,0x00000000,0,0,,,,,,none,0,0,positive delta had no recent attributable attack packet
2026-07-25T22:18:33Z,254,P2,47870,48279,409,0.0409,gain,unknown,P2-C1,12,Ryu,91,Soft Knockdown,0,,0,,0,,,1.0,False,0x00005200,0x00000000,0x00000000,0,0,,,,,,none,0,0,positive delta had no recent attributable attack packet
2026-07-25T22:18:33Z,255,P2,48279,48505,226,0.0226,gain,unknown,P2-C1,12,Ryu,91,Soft Knockdown,0,,0,,0,,,1.0,False,0x00005200,0x00000000,0x00000000,0,0,,,,,,none,0,0,positive delta had no recent attributable attack packet
2026-07-25T22:18:34Z,257,P2,48505,48923,418,0.0418,gain,unknown,P2-C1,12,Ryu,91,Soft Knockdown,0,,0,,0,,,1.0,False,0x00005200,0x00000000,0x00000000,0,0,,,,,,none,0,0,positive delta had no recent attributable attack packet
2026-07-25T22:18:34Z,258,P2,48923,49566,643,0.0643,gain,unknown,P2-C1,12,Ryu,91,Soft Knockdown,0,,0,,0,,,1.0,False,0x00005200,0x00000000,0x00000000,0,0,,,,,,none,0,0,positive delta had no recent attributable attack packet
2026-07-25T22:18:35Z,260,P2,49566,49872,306,0.0306,gain,unknown,P2-C1,12,Ryu,91,Soft Knockdown,0,,0,,0,,,1.0,False,0x00005200,0x00000000,0x00000000,0,0,,,,,,none,0,0,positive delta had no recent attributable attack packet
2026-07-25T22:18:35Z,261,P2,49872,50000,128,0.0128,gain,unknown,P2-C1,12,Ryu,91,Soft Knockdown,0,,0,,0,,,1.0,False,0x00005200,0x00000000,0x00000000,0,0,,,,,,none,0,0,positive delta had no recent attributable attack packet
2026-07-25T22:18:53Z,342,P1,50000,40000,-10000,-1.0,spend_or_drain,spend_or_drain,P1-C1,5,Yatterman-1,353,yatter wan flame,0,,0,,0,,,1.0,False,0x02400001,0x00000000,0x00000000,0,0,,,,,,none,0,0,negative delta is a meter spend or scripted drain
2026-07-25T23:13:18Z,822,P1,40000,0,-40000,-4.0,spend_or_drain,spend_or_drain,,0,,0,,0,,0,,0,,,1.0,False,0x00000000,0x00000000,0x00000000,1,0,,,,,,none,0,0,negative delta is a meter spend or scripted drain
2026-07-25T23:13:18Z,825,P1,0,10000,10000,1.0,gain,unknown,P1-C1,1,Ken the Eagle,4294967295,Loading,0,,0,,0,,,1.0,False,0x00000000,0x00000000,0x00000000,0,0,,,,,,none,0,0,positive delta had no recent attributable attack packet
2026-07-25T23:13:19Z,831,P2,50000,0,-50000,-5.0,spend_or_drain,spend_or_drain,,0,,0,,0,,0,,0,,,1.0,False,0x00000000,0x00000000,0x00000000,1,0,,,,,,none,0,0,negative delta is a meter spend or scripted drain
2026-07-25T23:13:19Z,832,P2,0,10000,10000,1.0,gain,unknown,P2-C1,12,Ryu,4294967295,Loading,0,,0,,0,,,1.0,False,0x00000000,0x00000000,0x00000000,0,0,,,,,,none,0,0,positive delta had no recent attributable attack packet
2026-07-25T23:13:29Z,913,P1,10000,14662,4662,0.4662,gain,victim,P2-C1,12,Ryu,1,idle,0,P1-C1,1,Ken the Eagle,0,,,1.0,False,0x00000001,0x00000000,0x00000000,0,0,,,,,,none,4400,0,positive delta had no recent attributable attack packet
2026-07-25T23:13:29Z,914,P1,14662,25651,10989,1.0989,gain,unknown,P1-C1,1,Ken the Eagle,1,idle,0,,0,,0,,,1.0,False,0x00000001,0x00000000,0x00000000,0,0,,,,,,none,0,0,positive delta had no recent attributable attack packet
2026-07-25T23:13:29Z,915,P1,25651,34642,8991,0.8991,gain,unknown,P1-C1,1,Ken the Eagle,1,idle,0,,0,,0,,,1.0,False,0x00000003,0x00000000,0x00000000,0,0,,,,,,none,0,0,positive delta had no recent attributable attack packet
2026-07-25T23:13:29Z,916,P1,34642,42634,7992,0.7992,gain,unknown,P1-C1,1,Ken the Eagle,2,Forward,0,,0,,0,,,1.0,False,0x00000003,0x00000000,0x00000000,0,0,,,,,,none,0,0,positive delta had no recent attributable attack packet
2026-07-25T23:13:29Z,917,P1,42634,50000,7366,0.7366,gain,unknown,P1-C1,1,Ken the Eagle,1,idle,0,,0,,0,,,1.0,False,0x00000001,0x00000000,0x00000000,0,0,,,,,,none,0,0,positive delta had no recent attributable attack packet
2026-07-25T23:13:30Z,922,P2,10000,10860,860,0.086,gain,victim,P1-C1,1,Ken the Eagle,270,6B,0,P2-C1,12,Ryu,0,,,1.0,False,0x01C00200,0x00000000,0x00000000,0,0,,,,,,none,0,2480,positive delta had no recent attributable attack packet
2026-07-25T23:13:31Z,924,P2,10860,11782,922,0.0922,gain,victim,P1-C1,1,Ken the Eagle,326,Air Bird Shoot A,0,P2-C1,12,Ryu,0,,,1.0,False,0x01C00200,0x00000000,0x00000000,0,0,,,,,,none,0,2660,positive delta had no recent attributable attack packet
2026-07-25T23:13:31Z,925,P2,11782,12030,248,0.0248,gain,unknown,P2-C1,12,Ryu,91,Soft Knockdown,0,,0,,0,,,1.0,False,0x00005200,0x00000000,0x00000000,0,0,,,,,,none,0,0,positive delta had no recent attributable attack packet
2026-07-25T23:13:32Z,927,P2,12030,12936,906,0.0906,gain,victim,P1-C1,1,Ken the Eagle,368,Phoenix,0,P2-C1,12,Ryu,0,,,1.0,False,0x02400001,0x00000000,0x00000000,0,0,,,,,,none,0,2614,positive delta had no recent attributable attack packet
2026-07-25T23:13:32Z,929,P1,50000,20000,-30000,-3.0,spend_or_drain,spend_or_drain,P1-C1,1,Ken the Eagle,368,Phoenix,0,,0,,0,,,1.0,False,0x02C00200,0x00000000,0x00000000,0,0,,,,,,none,0,0,negative delta is a meter spend or scripted drain
2026-07-25T23:13:34Z,939,P1,20000,25661,5661,0.5661,gain,unknown,P1-C1,1,Ken the Eagle,368,Phoenix,0,,0,,0,,,1.0,False,0x02400001,0x00000000,0x00000000,0,0,,,,,,none,0,0,positive delta had no recent attributable attack packet
2026-07-25T23:13:35Z,940,P1,25661,29990,4329,0.4329,gain,unknown,P1-C1,1,Ken the Eagle,368,Phoenix,0,,0,,0,,,1.0,False,0x02400001,0x00000000,0x00000000,0,0,,,,,,none,0,0,positive delta had no recent attributable attack packet
2026-07-25T23:13:35Z,941,P1,29990,37316,7326,0.7326,gain,unknown,P1-C1,1,Ken the Eagle,2,Forward,0,,0,,0,,,1.0,False,0x00000003,0x00000000,0x00000000,0,0,,,,,,none,0,0,positive delta had no recent attributable attack packet
2026-07-25T23:13:35Z,942,P1,37316,50000,12684,1.2684,gain,unknown,P1-C1,1,Ken the Eagle,6,forward dash,0,,0,,0,,,1.0,False,0x00000103,0x00000000,0x00000000,0,0,,,,,,none,0,0,positive delta had no recent attributable attack packet
2026-07-25T23:13:39Z,965,P2,12936,13796,860,0.086,gain,unknown,P2-C1,12,Ryu,1,idle,0,,0,,0,,,1.0,False,0x00000001,0x00000000,0x00000000,0,0,,,,,,none,0,0,positive delta had no recent attributable attack packet
2026-07-25T23:13:42Z,977,P2,13796,14656,860,0.086,gain,victim,P1-C1,1,Ken the Eagle,270,6B,0,P2-C1,12,Ryu,0,,,1.0,False,0x00400200,0x00000000,0x00000000,0,0,,,,,,none,0,2480,positive delta had no recent attributable attack packet
2026-07-25T23:13:43Z,982,P2,14656,15516,860,0.086,gain,unknown,P2-C1,12,Ryu,1,idle,0,,0,,0,,,1.0,False,0x00001001,0x00000000,0x00000000,0,0,,,,,,none,0,0,positive delta had no recent attributable attack packet
2026-07-25T23:13:43Z,984,P2,15516,16438,922,0.0922,gain,victim,P1-C1,1,Ken the Eagle,326,Air Bird Shoot A,0,P2-C1,12,Ryu,0,,,1.0,False,0x01C00200,0x00000000,0x00000000,0,0,,,,,,none,0,2660,positive delta had no recent attributable attack packet
2026-07-25T23:13:44Z,987,P2,16438,17409,971,0.0971,gain,victim,P1-C1,1,Ken the Eagle,258,5C,0,P2-C1,12,Ryu,0,,,1.0,False,0x40400001,0x00000000,0x00000000,0,0,,,,,,none,0,2800,positive delta had no recent attributable attack packet
2026-07-25T23:13:47Z,1000,P2,17409,17685,276,0.0276,gain,victim,P1-C2,2,Casshan,418,Tag In,0,P2-C1,12,Ryu,0,,,1.0,False,0x00400200,0x00000022,0x00000000,0,0,,,,,,none,0,800,positive delta had no recent attributable attack packet
2026-07-25T23:13:52Z,1028,P2,17685,18211,526,0.0526,gain,victim,P1-C2,2,Casshan,310,Knee A,0,P2-C1,12,Ryu,480,0x0000000C,0x00040102,1.0,False,0x41400001,0x00000002,0x00000000,0,0,42,31,40,486,False,high,0,1520,
2026-07-25T23:13:52Z,1029,P2,18211,18749,538,0.0538,gain,unknown,P2-C1,12,Ryu,80,Hard Knockdown,0,,0,,0,,,1.0,False,0x00005200,0x00000000,0x00000000,0,0,,,,,,none,0,0,positive delta had no recent attributable attack packet
2026-07-25T23:13:59Z,1061,P2,18749,19275,526,0.0526,gain,unknown,P2-C1,12,Ryu,1,idle,0,,0,,0,,,1.0,False,0x00005200,0x00000000,0x00000000,0,0,,,,,,none,0,0,positive delta had no recent attributable attack packet
2026-07-25T23:13:59Z,1064,P2,19275,19813,538,0.0538,gain,victim,P1-C2,2,Casshan,162,Baroque cancel,0,P2-C1,12,Ryu,480,0x0000000C,0x00040102,1.0,False,0x00000001,0x00000002,0x00000000,0,0,42,31,40,498,False,high,0,1558,
2026-07-25T23:14:00Z,1066,P1,50000,20000,-30000,-3.0,spend_or_drain,spend_or_drain,P1-C2,2,Casshan,162,Baroque cancel,0,,0,,480,0x0000000C,0x00040102,1.0,False,0x42400001,0x00000002,0x00000000,0,0,,,,,,none,0,0,negative delta is a meter spend or scripted drain
2026-07-25T23:33:36Z,115,P1,10195,11527,1332,0.1332,gain,victim,P2-C1,12,Ryu,1,idle,0,P1-C1,1,Ken the Eagle,0,,,1.0,False,0x00000001,0x00000000,0x00000000,0,0,,,,,,none,4400,0,positive delta had no recent attributable attack packet
2026-07-25T23:33:36Z,116,P1,11527,12859,1332,0.1332,gain,unknown,P1-C1,1,Ken the Eagle,575,Taunt,0,,0,,0,,,1.0,False,0x40400001,0x00000000,0x00000000,0,0,,,,,,none,0,0,positive delta had no recent attributable attack packet
2026-07-25T23:33:36Z,117,P1,12859,17521,4662,0.4662,gain,unknown,P1-C1,1,Ken the Eagle,575,Taunt,0,,0,,0,,,1.0,False,0x40400001,0x00000000,0x00000000,0,0,,,,,,none,0,0,positive delta had no recent attributable attack packet
2026-07-25T23:33:36Z,118,P1,17521,30175,12654,1.2654,gain,unknown,P1-C1,1,Ken the Eagle,1,idle,0,,0,,0,,,1.0,False,0x00000001,0x00000000,0x00000000,0,0,,,,,,none,0,0,positive delta had no recent attributable attack packet
2026-07-25T23:33:37Z,119,P1,30175,45493,15318,1.5318,gain,unknown,P1-C1,1,Ken the Eagle,1,idle,0,,0,,0,,,1.0,False,0x00000001,0x00000000,0x00000000,0,0,,,,,,none,0,0,positive delta had no recent attributable attack packet
2026-07-25T23:33:37Z,120,P1,45493,50000,4507,0.4507,gain,unknown,P1-C1,1,Ken the Eagle,1,idle,0,,0,,0,,,1.0,False,0x00000001,0x00000000,0x00000000,0,0,,,,,,none,0,0,positive delta had no recent attributable attack packet
2026-07-25T23:33:41Z,138,P2,10000,10860,860,0.086,gain,victim,P1-C1,1,Ken the Eagle,270,6B,0,P2-C1,12,Ryu,0,,,1.0,False,0x00400200,0x00000000,0x00000000,0,0,,,,,,none,0,2480,positive delta had no recent attributable attack packet
2026-07-25T23:33:42Z,142,P2,10860,11720,860,0.086,gain,victim,P1-C1,1,Ken the Eagle,326,Air Bird Shoot A,0,P2-C1,12,Ryu,0,,,1.0,False,0x01C00200,0x00000000,0x00000000,0,0,,,,,,none,0,2480,positive delta had no recent attributable attack packet
2026-07-25T23:33:42Z,143,P2,11720,12642,922,0.0922,gain,victim,P1-C1,1,Ken the Eagle,326,Air Bird Shoot A,0,P2-C1,12,Ryu,0,,,1.0,False,0x01C00200,0x00000000,0x00000000,0,0,,,,,,none,0,2660,positive delta had no recent attributable attack packet
2026-07-25T23:33:43Z,146,P2,12642,12891,249,0.0249,gain,victim,P1-C1,1,Ken the Eagle,258,5C,0,P2-C1,12,Ryu,0,,,1.0,False,0x40400001,0x00000000,0x00000000,0,0,,,,,,none,0,722,positive delta had no recent attributable attack packet
2026-07-25T23:33:43Z,147,P2,12891,13803,912,0.0912,gain,victim,P1-C1,1,Ken the Eagle,368,Phoenix,0,P2-C1,12,Ryu,0,,,1.0,False,0x02400001,0x00000000,0x00000000,0,0,,,,,,none,0,2635,positive delta had no recent attributable attack packet
2026-07-25T23:33:44Z,150,P1,50000,20000,-30000,-3.0,spend_or_drain,spend_or_drain,P1-C1,1,Ken the Eagle,368,Phoenix,0,,0,,0,,,1.0,False,0x02C00200,0x00000000,0x00000000,0,0,,,,,,none,0,0,negative delta is a meter spend or scripted drain
2026-07-25T23:33:54Z,191,P1,20000,20333,333,0.0333,gain,unknown,P1-C1,1,Ken the Eagle,512,Phoenix,0,P2-C1,12,Ryu,3320,0x0000020C,0x40000023,1.0,False,0x50000009,0x00000000,0x00000000,0,0,,,,,,none,0,0,positive delta had no recent attributable attack packet
2026-07-25T23:33:55Z,192,P1,20333,38019,17686,1.7686,gain,attacker,P1-C1,1,Ken the Eagle,512,Phoenix,0,P2-C1,12,Ryu,3320,0x0000020C,0x40000023,1.0,False,0x00040208,0x00000000,0x00000000,0,0,295,295,383,17303,False,high,5000,800,attack packet retained from 4 frame(s) earlier
2026-07-25T23:33:55Z,192,P2,13803,14079,276,0.0276,gain,attacker,P2-C1,12,Ryu,89,Spiral Knockdown,0,P1-C2,2,Casshan,0,,,1.0,False,0x00005200,0x00000000,0x00000000,0,0,,,,,,none,5000,800,positive delta had no recent attributable attack packet
2026-07-25T23:33:57Z,196,P1,38019,50000,11981,1.1981,gain,unknown,P1-C1,1,Ken the Eagle,512,Phoenix,0,P2-C1,12,Ryu,3320,0x0000020C,0x40000023,1.0,False,0x00040208,0x00000000,0x00000000,0,0,,,,,,none,0,0,positive delta had no recent attributable attack packet
2026-07-25T23:34:16Z,341,P2,14079,14605,526,0.0526,gain,victim,P1-C2,2,Casshan,310,Knee A,0,P2-C1,12,Ryu,480,0x0000000C,0x00040102,1.0,False,0x41400001,0x00000002,0x00000000,0,0,42,31,40,486,False,high,0,1520,
2026-07-25T23:34:17Z,342,P2,14605,15143,538,0.0538,gain,victim,P1-C2,2,Casshan,310,Knee A,0,P2-C1,12,Ryu,480,0x0000000C,0x00040102,1.0,False,0x42400001,0x00000002,0x00000000,0,0,42,31,40,498,False,high,0,1558,attack packet retained from 1 frame(s) earlier
2026-07-25T23:34:17Z,343,P1,50000,40000,-10000,-1.0,spend_or_drain,spend_or_drain,P1-C2,2,Casshan,310,Knee A,0,,0,,480,0x0000000C,0x00040102,1.0,False,0x42400001,0x00000002,0x00000000,0,0,,,,,,none,0,0,negative delta is a meter spend or scripted drain
2026-07-25T23:34:17Z,344,P1,40000,20000,-20000,-2.0,spend_or_drain,spend_or_drain,P1-C2,2,Casshan,310,Knee A,0,,0,,480,0x0000000C,0x00040102,1.0,False,0x42400001,0x00000002,0x00000000,0,0,,,,,,none,0,0,negative delta is a meter spend or scripted drain
2026-07-25T23:34:21Z,357,P1,20000,26660,6660,0.666,gain,unknown,P1-C2,2,Casshan,1,idle,0,,0,,0,,,1.0,False,0x00000001,0x00000002,0x00000000,0,0,,,,,,none,0,0,positive delta had no recent attributable attack packet
2026-07-25T23:34:21Z,358,P1,26660,38648,11988,1.1988,gain,unknown,P1-C2,2,Casshan,1,idle,0,,0,,0,,,1.0,False,0x00000103,0x00000002,0x00000000,0,0,,,,,,none,0,0,positive delta had no recent attributable attack packet
2026-07-25T23:34:22Z,359,P1,38648,47972,9324,0.9324,gain,unknown,P1-C2,2,Casshan,6,forward dash,0,,0,,0,,,1.0,False,0x80000103,0x00000002,0x00000000,0,0,,,,,,none,0,0,positive delta had no recent attributable attack packet
2026-07-25T23:34:22Z,360,P1,47972,50000,2028,0.2028,gain,unknown,P1-C2,2,Casshan,6,forward dash,0,,0,,0,,,1.0,False,0x00000103,0x00000002,0x00000000,0,0,,,,,,none,0,0,positive delta had no recent attributable attack packet
2026-07-25T23:34:23Z,368,P2,15143,15669,526,0.0526,gain,unknown,P2-C1,12,Ryu,1,idle,0,,0,,0,,,1.0,False,0x00005200,0x00000000,0x00000000,0,0,,,,,,none,0,0,positive delta had no recent attributable attack packet
2026-07-25T23:34:23Z,370,P2,15669,16207,538,0.0538,gain,victim,P1-C2,2,Casshan,162,Baroque cancel,0,P2-C1,12,Ryu,480,0x0000000C,0x00040102,1.0,False,0x00000001,0x00000002,0x00000000,0,0,42,31,40,498,False,high,0,1558,
2026-07-25T23:34:24Z,374,P1,50000,40000,-10000,-1.0,spend_or_drain,spend_or_drain,P1-C2,2,Casshan,162,Baroque cancel,0,,0,,480,0x0000000C,0x00040102,1.0,False,0x42400001,0x00000002,0x00000000,0,0,,,,,,none,0,0,negative delta is a meter spend or scripted drain
2026-07-25T23:34:25Z,375,P1,40000,20000,-20000,-2.0,spend_or_drain,spend_or_drain,P1-C2,2,Casshan,162,Baroque cancel,0,,0,,480,0x0000000C,0x00040102,1.0,False,0x42400001,0x00000002,0x00000000,0,0,,,,,,none,0,0,negative delta is a meter spend or scripted drain
2026-07-25T23:34:31Z,413,P1,20000,20666,666,0.0666,gain,unknown,P1-C2,2,Casshan,520,Scrap Android,0,,0,,1,0x0020000C,0x00080087,1.0,False,0x00000001,0x00000002,0x00000000,0,0,,,,,,none,0,0,positive delta had no recent attributable attack packet
2026-07-25T23:34:31Z,414,P1,20666,29324,8658,0.8658,gain,unknown,P1-C2,2,Casshan,520,Scrap Android,0,,0,,1,0x0020000C,0x00080087,1.0,False,0x00000001,0x00000002,0x00000000,0,0,,,,,,none,0,0,positive delta had no recent attributable attack packet
2026-07-25T23:34:32Z,415,P1,29324,36650,7326,0.7326,gain,unknown,P1-C2,2,Casshan,1,idle,0,,0,,0,,,1.0,False,0x00000001,0x00000002,0x00000000,0,0,,,,,,none,0,0,positive delta had no recent attributable attack packet
2026-07-25T23:34:32Z,416,P1,36650,41978,5328,0.5328,gain,unknown,P1-C2,2,Casshan,1,idle,0,,0,,0,,,1.0,False,0x00000001,0x00000002,0x00000000,0,0,,,,,,none,0,0,positive delta had no recent attributable attack packet
2026-07-25T23:34:32Z,417,P1,41978,46640,4662,0.4662,gain,unknown,P1-C2,2,Casshan,1,idle,0,,0,,0,,,1.0,False,0x00000001,0x00000002,0x00000000,0,0,,,,,,none,0,0,positive delta had no recent attributable attack packet
2026-07-25T23:34:32Z,418,P1,46640,49304,2664,0.2664,gain,unknown,P1-C2,2,Casshan,1,idle,0,,0,,0,,,1.0,False,0x00000001,0x00000002,0x00000000,0,0,,,,,,none,0,0,positive delta had no recent attributable attack packet
2026-07-25T23:34:32Z,419,P1,49304,50000,696,0.0696,gain,unknown,P1-C2,2,Casshan,1,idle,0,,0,,0,,,1.0,False,0x00000001,0x00000002,0x00000000,0,0,,,,,,none,0,0,positive delta had no recent attributable attack packet
2026-07-25T23:36:28Z,3,P1,50000,103648,53648,5.3648,gain,unknown,P1-C1,2,Casshan,430,assist standby,0,,0,,0,,,1.0,False,0x0001C1E0,0x000822C0,0x00001E00,0,0,,,,,,none,0,0,positive delta had no recent attributable attack packet
2026-07-25T23:36:28Z,3,P2,30910,28178,-2732,-0.2732,spend_or_drain,spend_or_drain,P2-C1,7,Ippatsuman,1,idle,0,,0,,0,,,1.0,False,0x00000401,0x00000000,0x00000000,0,0,,,,,,none,0,0,negative delta is a meter spend or scripted drain
2026-07-25T23:37:20Z,1937,P1,103648,0,-103648,-10.3648,spend_or_drain,spend_or_drain,,0,,0,,0,,0,,0,,,1.0,False,0x00000000,0x00000000,0x00000000,1,0,,,,,,none,0,0,negative delta is a meter spend or scripted drain
2026-07-25T23:37:21Z,1941,P1,0,10000,10000,1.0,gain,unknown,P1-C1,2,Casshan,4294967295,Loading,0,,0,,0,,,1.0,False,0x00000000,0x00000000,0x00000000,0,0,,,,,,none,0,0,positive delta had no recent attributable attack packet
2026-07-25T23:37:21Z,1947,P2,28178,0,-28178,-2.8178,spend_or_drain,spend_or_drain,,0,,0,,0,,0,,0,,,1.0,False,0x00000000,0x00000000,0x00000000,1,0,,,,,,none,0,0,negative delta is a meter spend or scripted drain
2026-07-25T23:37:21Z,1948,P2,0,10000,10000,1.0,gain,unknown,P2-C1,12,Ryu,4294967295,Loading,0,,0,,0,,,1.0,False,0x00000000,0x00000000,0x00000000,0,0,,,,,,none,0,0,positive delta had no recent attributable attack packet
2026-07-25T23:37:29Z,2040,P1,10000,10666,666,0.0666,gain,unknown,P1-C1,2,Casshan,1,idle,0,,0,,0,,,1.0,False,0x00000001,0x00000000,0x00000000,0,0,,,,,,none,0,0,positive delta had no recent attributable attack packet
2026-07-25T23:37:30Z,2041,P1,10666,15328,4662,0.4662,gain,unknown,P1-C1,2,Casshan,444,Match Start Point,0,,0,,0,,,1.0,False,0x10000009,0x00000000,0x00000000,0,0,,,,,,none,0,0,positive delta had no recent attributable attack packet
2026-07-25T23:37:30Z,2042,P1,15328,22654,7326,0.7326,gain,unknown,P1-C1,2,Casshan,444,Match Start Point,0,,0,,0,,,1.0,False,0x10000009,0x00000000,0x00000000,0,0,,,,,,none,0,0,positive delta had no recent attributable attack packet
2026-07-25T23:37:30Z,2043,P1,22654,27316,4662,0.4662,gain,unknown,P1-C1,2,Casshan,444,Match Start Point,0,,0,,0,,,1.0,False,0x10000009,0x00000000,0x00000000,0,0,,,,,,none,0,0,positive delta had no recent attributable attack packet
2026-07-25T23:37:30Z,2044,P1,27316,33310,5994,0.5994,gain,unknown,P1-C1,2,Casshan,444,Match Start Point,0,,0,,0,,,1.0,False,0x10000009,0x00000000,0x00000000,0,0,,,,,,none,0,0,positive delta had no recent attributable attack packet
2026-07-25T23:37:30Z,2045,P1,33310,37306,3996,0.3996,gain,unknown,P1-C1,2,Casshan,444,Match Start Point,0,,0,,0,,,1.0,False,0x10000009,0x00000000,0x00000000,0,0,,,,,,none,0,0,positive delta had no recent attributable attack packet
2026-07-25T23:37:30Z,2046,P1,37306,41302,3996,0.3996,gain,unknown,P1-C1,2,Casshan,444,Match Start Point,0,,0,,0,,,1.0,False,0x10000009,0x00000000,0x00000000,0,0,,,,,,none,0,0,positive delta had no recent attributable attack packet
2026-07-25T23:37:30Z,2047,P1,41302,49960,8658,0.8658,gain,unknown,P1-C1,2,Casshan,1,idle,0,,0,,0,,,1.0,False,0x00000001,0x00000000,0x00000000,0,0,,,,,,none,0,0,positive delta had no recent attributable attack packet
2026-07-25T23:37:31Z,2048,P1,49960,50000,40,0.004,gain,unknown,P1-C1,2,Casshan,1,idle,0,,0,,0,,,1.0,False,0x00000001,0x00000000,0x00000000,0,0,,,,,,none,0,0,positive delta had no recent attributable attack packet
2026-07-25T23:37:42Z,2128,P2,10000,10526,526,0.0526,gain,victim,P1-C1,2,Casshan,310,Knee A,0,P2-C1,12,Ryu,480,0x0000000C,0x00040102,1.0,False,0x41400001,0x00000000,0x00000000,0,0,42,31,40,486,False,high,0,1520,
2026-07-25T23:37:42Z,2129,P2,10526,11064,538,0.0538,gain,victim,P1-C1,2,Casshan,310,Knee A,0,P2-C1,12,Ryu,480,0x0000000C,0x00040102,1.0,False,0x00000003,0x00000000,0x00000000,0,0,42,31,40,498,False,high,0,1558,attack packet retained from 1 frame(s) earlier
2026-07-25T23:37:43Z,2130,P1,50000,30000,-20000,-2.0,spend_or_drain,spend_or_drain,P1-C1,2,Casshan,310,Knee A,0,,0,,480,0x0000000C,0x00040102,1.0,False,0x42400001,0x00000000,0x00000000,0,0,,,,,,none,0,0,negative delta is a meter spend or scripted drain
2026-07-25T23:37:43Z,2131,P1,30000,20000,-10000,-1.0,spend_or_drain,spend_or_drain,P1-C1,2,Casshan,310,Knee A,0,,0,,480,0x0000000C,0x00040102,1.0,False,0x42400001,0x00000000,0x00000000,0,0,,,,,,none,0,0,negative delta is a meter spend or scripted drain
2026-07-25T23:37:48Z,2153,P1,20000,20666,666,0.0666,gain,unknown,P1-C2,30,Frank West,352,Real Megabuster,0,P2-C1,12,Ryu,100,0x00000009,0x00000040,1.0,False,0x00040208,0x00000002,0x00000000,0,0,,,,,,none,0,0,positive delta had no recent attributable attack packet
2026-07-25T23:37:49Z,2154,P1,20666,35318,14652,1.4652,gain,unknown,P1-C2,30,Frank West,352,Real Megabuster,0,P2-C1,12,Ryu,100,0x00000009,0x00000040,1.0,False,0x00040208,0x00000002,0x00000000,0,0,,,,,,none,0,0,positive delta had no recent attributable attack packet
2026-07-25T23:37:49Z,2155,P1,35318,47972,12654,1.2654,gain,unknown,P1-C2,30,Frank West,352,Real Megabuster,0,P2-C1,12,Ryu,100,0x00000009,0x00000040,1.0,False,0x00040208,0x00000002,0x00000000,0,0,,,,,,none,0,0,positive delta had no recent attributable attack packet
2026-07-25T23:37:49Z,2156,P1,47972,50000,2028,0.2028,gain,unknown,P1-C2,30,Frank West,352,Real Megabuster,0,P2-C1,12,Ryu,100,0x00000009,0x00000040,1.0,False,0x00040208,0x00000002,0x00000000,0,0,,,,,,none,0,0,positive delta had no recent attributable attack packet
2026-07-25T23:38:00Z,2205,P2,11064,11590,526,0.0526,gain,victim,P1-C1,2,Casshan,310,Knee A,0,P2-C1,12,Ryu,480,0x0000000C,0x00040102,1.0,False,0x41400001,0x00000000,0x00000000,0,0,42,31,40,486,False,high,0,1520,
2026-07-25T23:38:00Z,2206,P2,11590,12128,538,0.0538,gain,victim,P1-C1,2,Casshan,310,Knee A,0,P2-C1,12,Ryu,480,0x0000000C,0x00040102,1.0,False,0x00000001,0x00000000,0x00000000,0,0,42,31,40,498,False,high,0,1558,
2026-07-25T23:38:01Z,2208,P1,50000,40000,-10000,-1.0,spend_or_drain,spend_or_drain,P1-C1,2,Casshan,310,Knee A,0,,0,,480,0x0000000C,0x00040102,1.0,False,0x42400001,0x00000000,0x00000000,0,0,,,,,,none,0,0,negative delta is a meter spend or scripted drain
2026-07-25T23:38:01Z,2209,P1,40000,30000,-10000,-1.0,spend_or_drain,spend_or_drain,P1-C1,2,Casshan,310,Knee A,0,,0,,480,0x0000000C,0x00040102,1.0,False,0x42400001,0x00000000,0x00000000,0,0,,,,,,none,0,0,negative delta is a meter spend or scripted drain
2026-07-25T23:38:02Z,2210,P1,30000,20000,-10000,-1.0,spend_or_drain,spend_or_drain,P1-C1,2,Casshan,310,Knee A,0,,0,,480,0x0000000C,0x00040102,1.0,False,0x42400001,0x00000000,0x00000000,0,0,,,,,,none,0,0,negative delta is a meter spend or scripted drain
2026-07-25T23:38:09Z,2253,P1,20000,10000,-10000,-1.0,spend_or_drain,spend_or_drain,P1-C1,2,Casshan,520,Scrap Android,0,,0,,1,0x0020000C,0x00080087,1.0,False,0x42400001,0x00000000,0x00000000,0,0,,,,,,none,0,0,negative delta is a meter spend or scripted drain
2026-07-25T23:38:11Z,2264,P1,10000,11998,1998,0.1998,gain,unknown,P1-C1,2,Casshan,352,Brutal Axe,0,,0,,1440,0x0000410C,0x00100123,1.0,False,0x42400001,0x00000000,0x00000000,0,0,,,,,,none,0,0,positive delta had no recent attributable attack packet
2026-07-25T23:38:11Z,2265,P1,11998,16660,4662,0.4662,gain,unknown,P1-C1,2,Casshan,352,Brutal Axe,0,,0,,1440,0x0000410C,0x00100123,1.0,False,0x42400001,0x00000000,0x00000000,0,0,,,,,,none,0,0,positive delta had no recent attributable attack packet
2026-07-25T23:38:11Z,2266,P1,16660,23320,6660,0.666,gain,attacker,P1-C1,2,Casshan,352,Brutal Axe,0,P2-C1,12,Ryu,1440,0x0000410C,0x00100123,1.0,False,0x42400001,0x00000000,0x00000000,0,0,128,0,0,6660,False,high,0,2880,fighter +0x58 suppresses attacker meter
2026-07-25T23:38:12Z,2267,P1,23320,24319,999,0.0999,gain,attacker,P1-C1,2,Casshan,352,Brutal Axe,0,P2-C1,12,Ryu,1440,0x0000410C,0x00100123,1.0,False,0x40400001,0x00000000,0x00000000,0,0,128,128,166,833,False,high,0,2664,attack packet retained from 1 frame(s) earlier
2026-07-25T23:38:13Z,2268,P1,24319,41302,16983,1.6983,gain,unknown,P1-C1,2,Casshan,352,Brutal Axe,0,P2-C1,12,Ryu,1440,0x0000410C,0x00100123,1.0,False,0x00000001,0x00000000,0x00000000,0,0,,,,,,none,0,0,positive delta had no recent attributable attack packet
2026-07-25T23:38:14Z,2269,P1,41302,50000,8698,0.8698,gain,unknown,P1-C1,2,Casshan,352,Brutal Axe,0,P2-C1,12,Ryu,1440,0x0000410C,0x00100123,1.0,False,0x00000001,0x00000000,0x00000000,0,0,,,,,,none,0,0,positive delta had no recent attributable attack packet
2026-07-25T23:49:50Z,74,P2,12128,12654,526,0.0526,gain,unknown,P2-C1,12,Ryu,1,idle,0,,0,,0,,,1.0,False,0x00005200,0x00000000,0x00000000,0,0,,,,,,none,0,0,positive delta had no recent attributable attack packet
2026-07-25T23:49:51Z,76,P2,12654,13192,538,0.0538,gain,victim,P1-C1,2,Casshan,1,idle,0,P2-C1,12,Ryu,480,0x0000000C,0x00040102,1.0,False,0x00000005,0x00000000,0x00000000,0,0,42,31,40,498,False,high,0,1558,
2026-07-25T23:49:51Z,77,P1,50000,40000,-10000,-1.0,spend_or_drain,spend_or_drain,P1-C1,2,Casshan,1,idle,0,,0,,480,0x0000000C,0x00040102,1.0,False,0x42400001,0x00000000,0x00000000,0,0,,,,,,none,0,0,negative delta is a meter spend or scripted drain
2026-07-25T23:49:52Z,78,P1,40000,30000,-10000,-1.0,spend_or_drain,spend_or_drain,P1-C1,2,Casshan,1,idle,0,,0,,480,0x0000000C,0x00040102,1.0,False,0x42400001,0x00000000,0x00000000,0,0,,,,,,none,0,0,negative delta is a meter spend or scripted drain
2026-07-25T23:49:52Z,79,P1,30000,20000,-10000,-1.0,spend_or_drain,spend_or_drain,P1-C1,2,Casshan,1,idle,0,,0,,480,0x0000000C,0x00040102,1.0,False,0x42400001,0x00000000,0x00000000,0,0,,,,,,none,0,0,negative delta is a meter spend or scripted drain
2026-07-25T23:49:59Z,122,P1,20000,10000,-10000,-1.0,spend_or_drain,spend_or_drain,P1-C1,2,Casshan,520,Scrap Android,0,,0,,1,0x0020000C,0x00080087,1.0,False,0x42400001,0x00000000,0x00000000,0,0,,,,,,none,0,0,negative delta is a meter spend or scripted drain
2026-07-25T23:50:01Z,137,P1,10000,11998,1998,0.1998,gain,unknown,P1-C1,2,Casshan,352,Brutal Axe,0,,0,,1440,0x0000410C,0x00100123,1.0,False,0x42400001,0x00000000,0x00000000,0,0,,,,,,none,0,0,positive delta had no recent attributable attack packet
2026-07-25T23:50:01Z,138,P1,11998,13663,1665,0.1665,gain,unknown,P1-C1,2,Casshan,352,Brutal Axe,0,,0,,1440,0x0000410C,0x00100123,1.0,False,0x42400001,0x00000000,0x00000000,0,0,,,,,,none,0,0,positive delta had no recent attributable attack packet
2026-07-25T23:50:01Z,139,P1,13663,16993,3330,0.333,gain,unknown,P1-C1,2,Casshan,352,Brutal Axe,0,,0,,1440,0x0000410C,0x00100123,1.0,False,0x42400001,0x00000000,0x00000000,0,0,,,,,,none,0,0,positive delta had no recent attributable attack packet
2026-07-25T23:50:02Z,140,P1,16993,19657,2664,0.2664,gain,attacker,P1-C1,2,Casshan,352,Brutal Axe,0,P2-C1,12,Ryu,1440,0x0000410C,0x00100123,1.0,False,0x42400001,0x00000000,0x00000000,0,0,128,0,0,2664,False,high,0,1440,fighter +0x58 suppresses attacker meter
2026-07-25T23:50:02Z,145,P1,19657,19990,333,0.0333,gain,unknown,P1-C1,2,Casshan,352,Brutal Axe,0,P2-C1,12,Ryu,1440,0x0000410C,0x00100123,1.0,False,0x40400001,0x00000000,0x00000000,0,0,,,,,,none,0,0,positive delta had no recent attributable attack packet
2026-07-25T23:50:03Z,146,P1,19990,23653,3663,0.3663,gain,unknown,P1-C1,2,Casshan,352,Brutal Axe,0,P2-C1,12,Ryu,1440,0x0000410C,0x00100123,1.0,False,0x40400001,0x00000000,0x00000000,0,0,,,,,,none,0,0,positive delta had no recent attributable attack packet
2026-07-25T23:50:03Z,147,P1,23653,25984,2331,0.2331,gain,unknown,P1-C1,2,Casshan,352,Brutal Axe,0,P2-C1,12,Ryu,1440,0x0000410C,0x00100123,1.0,False,0x40400001,0x00000000,0x00000000,0,0,,,,,,none,0,0,positive delta had no recent attributable attack packet
2026-07-25T23:50:03Z,148,P1,25984,29314,3330,0.333,gain,unknown,P1-C1,2,Casshan,352,Brutal Axe,0,P2-C1,12,Ryu,1440,0x0000410C,0x00100123,1.0,False,0x00000001,0x00000000,0x00000000,0,0,,,,,,none,0,0,positive delta had no recent attributable attack packet
2026-07-25T23:50:03Z,149,P1,29314,36640,7326,0.7326,gain,unknown,P1-C1,2,Casshan,352,Brutal Axe,0,P2-C1,12,Ryu,1440,0x0000410C,0x00100123,1.0,False,0x00000001,0x00000000,0x00000000,0,0,,,,,,none,0,0,positive delta had no recent attributable attack packet
2026-07-25T23:50:03Z,150,P1,36640,41302,4662,0.4662,gain,unknown,P1-C1,2,Casshan,1,idle,0,,0,,0,,,1.0,False,0x00000001,0x00000000,0x00000000,0,0,,,,,,none,0,0,positive delta had no recent attributable attack packet
2026-07-25T23:50:03Z,151,P1,41302,43966,2664,0.2664,gain,unknown,P1-C1,2,Casshan,1,idle,0,,0,,0,,,1.0,False,0x00000001,0x00000000,0x00000000,0,0,,,,,,none,0,0,positive delta had no recent attributable attack packet
2026-07-25T23:50:03Z,152,P1,43966,50000,6034,0.6034,gain,unknown,P1-C1,2,Casshan,1,idle,0,,0,,0,,,1.0,False,0x00000001,0x00000000,0x00000000,0,0,,,,,,none,0,0,positive delta had no recent attributable attack packet
2026-07-25T23:50:26Z,796,P1,50000,0,-50000,-5.0,spend_or_drain,spend_or_drain,,0,,0,,0,,0,,0,,,1.0,False,0x00000000,0x00000000,0x00000000,1,0,,,,,,none,0,0,negative delta is a meter spend or scripted drain
2026-07-25T23:50:26Z,798,P1,0,10000,10000,1.0,gain,victim,,0,,0,,0,P1-C1,1,Ken the Eagle,0,,,1.0,False,0x00000000,0x00000000,0x00000000,1,0,,,,,,none,1000,0,positive delta had no recent attributable attack packet
2026-07-25T23:50:27Z,804,P2,13192,0,-13192,-1.3192,spend_or_drain,spend_or_drain,,0,,0,,0,,0,,0,,,1.0,False,0x00000000,0x00000000,0x00000000,1,0,,,,,,none,0,0,negative delta is a meter spend or scripted drain
2026-07-25T23:50:27Z,805,P2,0,10000,10000,1.0,gain,unknown,P2-C1,12,Ryu,4294967295,Loading,0,,0,,0,,,1.0,False,0x00000000,0x00000000,0x00000000,0,0,,,,,,none,0,0,positive delta had no recent attributable attack packet
2026-07-25T23:50:32Z,859,P1,10000,11998,1998,0.1998,gain,unknown,P1-C1,1,Ken the Eagle,444,Match Start Point,0,,0,,0,,,1.0,False,0x10000009,0x00000000,0x00000000,0,0,,,,,,none,0,0,positive delta had no recent attributable attack packet
2026-07-25T23:50:32Z,860,P1,11998,17326,5328,0.5328,gain,unknown,P1-C1,1,Ken the Eagle,444,Match Start Point,0,,0,,0,,,1.0,False,0x10000009,0x00000000,0x00000000,0,0,,,,,,none,0,0,positive delta had no recent attributable attack packet
2026-07-25T23:50:32Z,861,P1,17326,23320,5994,0.5994,gain,unknown,P1-C1,1,Ken the Eagle,444,Match Start Point,0,,0,,0,,,1.0,False,0x10000009,0x00000000,0x00000000,0,0,,,,,,none,0,0,positive delta had no recent attributable attack packet
2026-07-25T23:50:32Z,862,P1,23320,29314,5994,0.5994,gain,unknown,P1-C1,1,Ken the Eagle,444,Match Start Point,0,,0,,0,,,1.0,False,0x10000009,0x00000000,0x00000000,0,0,,,,,,none,0,0,positive delta had no recent attributable attack packet
2026-07-25T23:50:32Z,863,P1,29314,32644,3330,0.333,gain,unknown,P1-C1,1,Ken the Eagle,444,Match Start Point,0,,0,,0,,,1.0,False,0x10000009,0x00000000,0x00000000,0,0,,,,,,none,0,0,positive delta had no recent attributable attack packet
2026-07-25T23:50:32Z,864,P1,32644,35974,3330,0.333,gain,unknown,P1-C1,1,Ken the Eagle,444,Match Start Point,0,,0,,0,,,1.0,False,0x10000009,0x00000000,0x00000000,0,0,,,,,,none,0,0,positive delta had no recent attributable attack packet
2026-07-25T23:50:32Z,865,P1,35974,38638,2664,0.2664,gain,unknown,P1-C1,1,Ken the Eagle,444,Match Start Point,0,,0,,0,,,1.0,False,0x10000009,0x00000000,0x00000000,0,0,,,,,,none,0,0,positive delta had no recent attributable attack packet
2026-07-25T23:50:33Z,866,P1,38638,41968,3330,0.333,gain,unknown,P1-C1,1,Ken the Eagle,444,Match Start Point,0,,0,,0,,,1.0,False,0x10000009,0x00000000,0x00000000,0,0,,,,,,none,0,0,positive delta had no recent attributable attack packet
2026-07-25T23:50:33Z,867,P1,41968,47296,5328,0.5328,gain,unknown,P1-C1,1,Ken the Eagle,1,idle,0,,0,,0,,,1.0,False,0x00000001,0x00000000,0x00000000,0,0,,,,,,none,0,0,positive delta had no recent attributable attack packet
2026-07-25T23:50:33Z,868,P1,47296,50000,2704,0.2704,gain,unknown,P1-C1,1,Ken the Eagle,1,idle,0,,0,,0,,,1.0,False,0x00000001,0x00000000,0x00000000,0,0,,,,,,none,0,0,positive delta had no recent attributable attack packet
2026-07-25T23:50:38Z,928,P2,10000,10860,860,0.086,gain,victim,P1-C1,1,Ken the Eagle,270,6B,0,P2-C1,12,Ryu,0,,,1.0,False,0x00400200,0x00000000,0x00000000,0,0,,,,,,none,0,2480,positive delta had no recent attributable attack packet
2026-07-25T23:50:38Z,931,P2,10860,11782,922,0.0922,gain,victim,P1-C1,1,Ken the Eagle,326,Air Bird Shoot A,0,P2-C1,12,Ryu,0,,,1.0,False,0x01C00200,0x00000000,0x00000000,0,0,,,,,,none,0,2660,positive delta had no recent attributable attack packet
2026-07-25T23:50:39Z,934,P2,11782,12027,245,0.0245,gain,victim,P1-C1,1,Ken the Eagle,256,5A,0,P2-C1,12,Ryu,0,,,1.0,False,0x40400001,0x00000000,0x00000000,0,0,,,,,,none,0,714,positive delta had no recent attributable attack packet
2026-07-25T23:50:39Z,935,P2,12027,12927,900,0.09,gain,unknown,P2-C1,12,Ryu,91,Soft Knockdown,0,,0,,0,,,1.0,False,0x00001000,0x00000000,0x00000000,0,0,,,,,,none,0,0,positive delta had no recent attributable attack packet
2026-07-25T23:50:40Z,940,P1,50000,20000,-30000,-3.0,spend_or_drain,spend_or_drain,P1-C1,1,Ken the Eagle,368,Phoenix,0,,0,,0,,,1.0,False,0x02C00200,0x00000000,0x00000000,0,0,,,,,,none,0,0,negative delta is a meter spend or scripted drain
2026-07-25T23:50:42Z,954,P1,20000,21665,1665,0.1665,gain,unknown,P1-C1,1,Ken the Eagle,368,Phoenix,0,,0,,0,,,1.0,False,0x02400200,0x00000000,0x00000000,0,0,,,,,,none,0,0,positive delta had no recent attributable attack packet
2026-07-25T23:50:42Z,955,P1,21665,23330,1665,0.1665,gain,unknown,P1-C1,1,Ken the Eagle,368,Phoenix,0,,0,,0,,,1.0,False,0x02400200,0x00000000,0x00000000,0,0,,,,,,none,0,0,positive delta had no recent attributable attack packet
2026-07-25T23:50:42Z,956,P1,23330,26660,3330,0.333,gain,unknown,P1-C1,1,Ken the Eagle,368,Phoenix,0,,0,,0,,,1.0,False,0x02400001,0x00000000,0x00000000,0,0,,,,,,none,0,0,positive delta had no recent attributable attack packet
2026-07-25T23:50:42Z,957,P1,26660,29657,2997,0.2997,gain,unknown,P1-C1,1,Ken the Eagle,368,Phoenix,0,,0,,0,,,1.0,False,0x02400001,0x00000000,0x00000000,0,0,,,,,,none,0,0,positive delta had no recent attributable attack packet
2026-07-25T23:50:42Z,958,P1,29657,31988,2331,0.2331,gain,unknown,P1-C1,1,Ken the Eagle,368,Phoenix,0,,0,,0,,,1.0,False,0x02400001,0x00000000,0x00000000,0,0,,,,,,none,0,0,positive delta had no recent attributable attack packet
2026-07-25T23:50:42Z,959,P1,31988,33653,1665,0.1665,gain,unknown,P1-C1,1,Ken the Eagle,368,Phoenix,0,,0,,0,,,1.0,False,0x02400001,0x00000000,0x00000000,0,0,,,,,,none,0,0,positive delta had no recent attributable attack packet
2026-07-25T23:50:42Z,960,P1,33653,34985,1332,0.1332,gain,unknown,P1-C1,1,Ken the Eagle,368,Phoenix,0,,0,,0,,,1.0,False,0x02400001,0x00000000,0x00000000,0,0,,,,,,none,0,0,positive delta had no recent attributable attack packet
2026-07-25T23:50:43Z,961,P1,34985,38648,3663,0.3663,gain,unknown,P1-C1,1,Ken the Eagle,32,Turn Around,0,,0,,0,,,1.0,False,0x00000001,0x00000000,0x00000000,0,0,,,,,,none,0,0,positive delta had no recent attributable attack packet
2026-07-25T23:50:43Z,962,P1,38648,45308,6660,0.666,gain,unknown,P1-C1,1,Ken the Eagle,1,idle,0,,0,,0,,,1.0,False,0x00000001,0x00000000,0x00000000,0,0,,,,,,none,0,0,positive delta had no recent attributable attack packet
2026-07-25T23:50:43Z,963,P1,45308,50000,4692,0.4692,gain,unknown,P1-C1,1,Ken the Eagle,1,idle,0,,0,,0,,,1.0,False,0x00000001,0x00000000,0x00000000,0,0,,,,,,none,0,0,positive delta had no recent attributable attack packet
2026-07-25T23:50:45Z,977,P2,12927,13176,249,0.0249,gain,victim,P1-C1,1,Ken the Eagle,256,5A,0,P2-C1,12,Ryu,0,,,1.0,False,0x40400001,0x00000000,0x00000000,0,0,,,,,,none,0,720,positive delta had no recent attributable attack packet
2026-07-25T23:50:46Z,978,P2,13176,13597,421,0.0421,gain,victim,P1-C1,1,Ken the Eagle,257,5B,0,P2-C1,12,Ryu,0,,,1.0,False,0x40400010,0x00000000,0x00000000,0,0,,,,,,none,0,1216,positive delta had no recent attributable attack packet
2026-07-25T23:50:46Z,979,P2,13597,13996,399,0.0399,gain,victim,P1-C1,1,Ken the Eagle,260,2B,0,P2-C1,12,Ryu,0,,,1.0,False,0x40400010,0x00000000,0x00000000,0,0,,,,,,none,0,1152,positive delta had no recent attributable attack packet
2026-07-25T23:50:47Z,984,P2,13996,14245,249,0.0249,gain,victim,P1-C1,1,Ken the Eagle,257,5B,0,P2-C1,12,Ryu,0,,,1.0,False,0x40400001,0x00000000,0x00000000,0,0,,,,,,none,0,720,positive delta had no recent attributable attack packet
2026-07-25T23:50:47Z,985,P2,14245,14666,421,0.0421,gain,victim,P1-C1,1,Ken the Eagle,257,5B,0,P2-C1,12,Ryu,0,,,1.0,False,0x40400010,0x00000000,0x00000000,0,0,,,,,,none,0,1216,positive delta had no recent attributable attack packet
2026-07-25T23:50:47Z,986,P2,14666,15065,399,0.0399,gain,victim,P1-C1,1,Ken the Eagle,260,2B,0,P2-C1,12,Ryu,0,,,1.0,False,0x40400010,0x00000000,0x00000000,0,0,,,,,,none,0,1152,positive delta had no recent attributable attack packet
2026-07-25T23:50:48Z,990,P2,15065,15314,249,0.0249,gain,victim,P1-C1,1,Ken the Eagle,256,5A,0,P2-C1,12,Ryu,0,,,1.0,False,0x40400001,0x00000000,0x00000000,0,0,,,,,,none,0,720,positive delta had no recent attributable attack packet
2026-07-25T23:50:48Z,991,P2,15314,15735,421,0.0421,gain,victim,P1-C1,1,Ken the Eagle,257,5B,0,P2-C1,12,Ryu,0,,,1.0,False,0x40400001,0x00000000,0x00000000,0,0,,,,,,none,0,1216,positive delta had no recent attributable attack packet
2026-07-25T23:50:49Z,992,P2,15735,16134,399,0.0399,gain,unknown,P2-C1,12,Ryu,64,Standing Hitstun,0,,0,,0,,,1.0,False,0x00001001,0x00000000,0x00000000,0,0,,,,,,none,0,0,positive delta had no recent attributable attack packet
2026-07-25T23:50:49Z,995,P2,16134,17105,971,0.0971,gain,victim,P1-C1,1,Ken the Eagle,258,5C,0,P2-C1,12,Ryu,0,,,1.0,False,0x40400001,0x00000000,0x00000000,0,0,,,,,,none,0,2800,positive delta had no recent attributable attack packet
